2001-01-01T03:41:55.807Z| vmx| I125: Log for VMware ESX pid=2106026 version=6.7.0 build=build-19195723 option=Release
2001-01-01T03:41:55.807Z| vmx| I125: The process is 64-bit.
2001-01-01T03:41:55.807Z| vmx| I125: Host codepage=UTF-8 encoding=UTF-8
2001-01-01T03:41:55.807Z| vmx| I125: Host is unknown
2001-01-01T03:41:55.788Z| vmx| I125: VTHREAD 154500732928 "vmx" wid 2106026
2001-01-01T03:41:55.788Z| vmx| I125: Msg_SetLocaleEx: HostLocale=UTF-8 UserLocale=NULL
2001-01-01T03:41:55.788Z| vmx| I125: DictionaryLoad: Cannot open file "/usr/lib/vmware/config": No such file or directory.
2001-01-01T03:41:55.788Z| vmx| I125: ConfigDB: Failed to load /usr/lib/vmware/config
2001-01-01T03:41:55.788Z| vmx| I125: DictionaryLoad: Cannot open file "//.vmware/config": No such file or directory.
2001-01-01T03:41:55.788Z| vmx| I125: ConfigDB: Failed to load ~/.vmware/config
2001-01-01T03:41:55.792Z| vmx| I125: OBJLIB-LIB: ObjLibPlugins_Load: Loading plugin directory '/usr/lib64/vmware/plugin/objLib'
2001-01-01T03:41:55.792Z| vmx| I125: OBJLIB-LIB: ObjLibLoadPlugin: Loading plugin 'objLib/upitObjBE.so'
2001-01-01T03:41:55.795Z| vmx| I125: PluginLdr_Load: Loaded plugin 'objLib/upitObjBE.so' from '/usr/lib64/vmware/plugin/objLib/upitObjBE.so'
2001-01-01T03:41:55.795Z| vmx| I125: ObjLibPluginInit: Initialized plugin
2001-01-01T03:41:55.795Z| vmx| I125: UpitBackend_GetAPI: Received request for API com.vmware.plugin.objlib.backend.api@1.0
2001-01-01T03:41:55.795Z| vmx| I125: OBJLIB-LIB: ObjLib_RegisterDynamicBE: Back-end 'upit' found and registered as type 5
2001-01-01T03:41:55.795Z| vmx| I125: OBJLIB-LIB: ObjLibLoadPlugin: Loading plugin 'objLib/vsanObjBE.so'
2001-01-01T03:41:55.798Z| vmx| I125: PluginLdr_Load: Loaded plugin 'objLib/vsanObjBE.so' from '/usr/lib64/vmware/plugin/objLib/vsanObjBE.so'
2001-01-01T03:41:55.798Z| vmx| I125: ObjLibPluginInit: Initialized plugin
2001-01-01T03:41:55.798Z| vmx| I125: VsanBackend_GetAPI: Received request for API com.vmware.plugin.objlib.backend.api@1.0
2001-01-01T03:41:55.798Z| vmx| I125: OBJLIB-LIB: ObjLib_RegisterDynamicBE: Back-end 'vsan' found and registered as type 3
2001-01-01T03:41:55.798Z| vmx| I125: 2106026:VVOLLIB : VVolLib_IpcInit:208: IPC timeouts set to: connect = 30 sec, send = 30 sec, receive = 200 sec
2001-01-01T03:41:55.798Z| vmx| I125: 2106026:VVOLLIB : VVolLib_GetSoapContext:379: Using 30 secs for soap connect timeout.
2001-01-01T03:41:55.798Z| vmx| I125: 2106026:VVOLLIB : VVolLib_GetSoapContext:380: Using 200 secs for soap receive timeout.
2001-01-01T03:41:55.800Z| vmx| I125: OBJLIB-LIB: Objlib initialized.
2001-01-01T03:41:55.800Z| vmx| I125: DictionaryLoad: Cannot open file "/usr/lib/vmware/config": No such file or directory.
2001-01-01T03:41:55.800Z| vmx| I125: DictionaryLoad: Cannot open file "//.vmware/config": No such file or directory.
2001-01-01T03:41:55.800Z| vmx| I125: DictionaryLoad: Cannot open file "//.vmware/preferences": No such file or directory.
2001-01-01T03:41:55.806Z| vmx| I125: lib/ssl: OpenSSL using FIPS_drbg for RAND
2001-01-01T03:41:55.806Z| vmx| I125: lib/ssl: protocol list tls1.2
2001-01-01T03:41:55.806Z| vmx| I125: lib/ssl: protocol list tls1.2 (openssl flags 0x17000000)
2001-01-01T03:41:55.806Z| vmx| I125: lib/ssl: cipher list ECDHE+AESGCM:RSA+AESGCM:ECDHE+AES:RSA+AES
2001-01-01T03:41:55.806Z| vmx| I125: lib/ssl: curves list prime256v1:secp384r1:secp521r1
2001-01-01T03:41:55.807Z| vmx| I125: FILE: FileCreateDirectoryEx: Failed to create /tmp. Error = 17
2001-01-01T03:41:55.807Z| vmx| I125: FILE: FileCreateDirectoryEx: Failed to create /tmp/vmware-root. Error = 17
2001-01-01T03:41:55.807Z| vmx| I125: Hostname=SGRL-ESX01
2001-01-01T03:41:55.807Z| vmx| I125: IP=127.0.0.1 (lo0)
2001-01-01T03:41:55.807Z| vmx| I125: IP=192.168.1.100 (vmk0)
2001-01-01T03:41:55.807Z| vmx| I125: vmkernel build type: release
2001-01-01T03:41:55.807Z| vmx| I125: System uptime 13215142173 us
2001-01-01T03:41:55.807Z| vmx| I125: Command line: "/bin/vmx" "-s" "sched.group=host/user" "-#" "product=2;name=VMware ESX;version=6.7.0;buildnumber=19195723;licensename=VMware ESX Server;licenseversion=6.0;" "-@" "transport=3;msgs=ui" "/vmfs/volumes/3a4fd8ce-fc4375c4-effb-5cf3fce846f8/SGRL-WSU001/SGRL-WSU001.vmx"
2001-01-01T03:41:55.807Z| vmx| I125: Environment: "USER=root" "HOME=/" "SHELL=/bin/sh" "LANG=C"
2001-01-01T03:41:55.807Z| vmx| I125: Msg_SetLocaleEx: HostLocale=UTF-8 UserLocale=NULL
2001-01-01T03:41:55.808Z| vmx| I125: Transport socket: 3
2001-01-01T03:41:55.808Z| vmx| I125: VigorTransport listening on fd 7
2001-01-01T03:41:55.808Z| vmx| I125: Vigor_Init 0
2001-01-01T03:41:55.809Z| vmx| I125: /vmfs/volumes/3a4fd8ce-fc4375c4-effb-5cf3fce846f8/SGRL-WSU001/SGRL-WSU001.vmx: Setup symlink /var/run/vmware/d8a3682659f5b1580e8f58da79dcd153 -> /var/run/vmware/0/13215142916_2106026
2001-01-01T03:41:55.809Z| vmx| I125: Vix: [mainDispatch.c:488]: VMAutomation: Initializing VMAutomation.
2001-01-01T03:41:55.809Z| vmx| I125: Vix: [mainDispatch.c:744]: VMAutomationOpenListenerSocket() listening
2001-01-01T03:41:55.813Z| vmx| I125: Vix: [mainDispatch.c:4239]: VMAutomation_ReportPowerOpFinished: statevar=0, newAppState=1870, success=1 additionalError=0
2001-01-01T03:41:55.813Z| vmx| I125: Transitioned vmx/execState/val to poweredOff
2001-01-01T03:41:55.813Z| vmx| I125: Vix: [mainDispatch.c:4239]: VMAutomation_ReportPowerOpFinished: statevar=1, newAppState=1873, success=1 additionalError=0
2001-01-01T03:41:55.813Z| vmx| I125: Vix: [mainDispatch.c:4239]: VMAutomation_ReportPowerOpFinished: statevar=2, newAppState=1877, success=1 additionalError=0
2001-01-01T03:41:55.813Z| vmx| I125: Vix: [mainDispatch.c:4239]: VMAutomation_ReportPowerOpFinished: statevar=3, newAppState=1881, success=1 additionalError=0
2001-01-01T03:41:55.813Z| vmx| I125: FeatureCompat: No EVC masks.
2001-01-01T03:41:55.814Z| vmx| I125: hostCPUID vendor: GenuineIntel
2001-01-01T03:41:55.814Z| vmx| I125: hostCPUID family: 0x6 model: 0x2c stepping: 0x2
2001-01-01T03:41:55.814Z| vmx| I125: hostCPUID codename: Westmere EP
2001-01-01T03:41:55.814Z| vmx| I125: hostCPUID name: Intel(R) Xeon(R) CPU           X5650  @ 2.67GHz
2001-01-01T03:41:55.814Z| vmx| I125: hostCPUID level 00000000, 0: 0x0000000b 0x756e6547 0x6c65746e 0x49656e69
2001-01-01T03:41:55.814Z| vmx| I125: hostCPUID level 00000001, 0: 0x000206c2 0x00200800 0x029ee3ff 0xbfebfbff
2001-01-01T03:41:55.814Z| vmx| I125: hostCPUID level 00000002, 0: 0x55035a01 0x00f0b2ff 0x00000000 0x00ca0000
2001-01-01T03:41:55.814Z| vmx| I125: hostCPUID level 00000003, 0: 0x00000000 0x00000000 0x00000000 0x00000000
2001-01-01T03:41:55.814Z| vmx| I125: hostCPUID level 00000004, 0: 0x3c004121 0x01c0003f 0x0000003f 0x00000000
2001-01-01T03:41:55.814Z| vmx| I125: hostCPUID level 00000004, 1: 0x3c004122 0x00c0003f 0x0000007f 0x00000000
2001-01-01T03:41:55.814Z| vmx| I125: hostCPUID level 00000004, 2: 0x3c004143 0x01c0003f 0x000001ff 0x00000000
2001-01-01T03:41:55.814Z| vmx| I125: hostCPUID level 00000004, 3: 0x3c07c163 0x03c0003f 0x00002fff 0x00000002
2001-01-01T03:41:55.814Z| vmx| I125: hostCPUID level 00000004, 4: 0x00000000 0x00000000 0x00000000 0x00000000
2001-01-01T03:41:55.814Z| vmx| I125: hostCPUID level 00000005, 0: 0x00000040 0x00000040 0x00000003 0x00001120
2001-01-01T03:41:55.814Z| vmx| I125: hostCPUID level 00000006, 0: 0x00000005 0x00000002 0x00000009 0x00000000
2001-01-01T03:41:55.814Z| vmx| I125: hostCPUID level 00000007, 0: 0x00000000 0x00000000 0x00000000 0x9c000000
2001-01-01T03:41:55.814Z| vmx| I125: hostCPUID level 00000008, 0: 0x00000000 0x00000000 0x00000000 0x00000000
2001-01-01T03:41:55.814Z| vmx| I125: hostCPUID level 00000009, 0: 0x00000000 0x00000000 0x00000000 0x00000000
2001-01-01T03:41:55.814Z| vmx| I125: hostCPUID level 0000000a, 0: 0x07300403 0x00000004 0x00000000 0x00000603
2001-01-01T03:41:55.814Z| vmx| I125: hostCPUID level 0000000b, 0: 0x00000001 0x00000002 0x00000100 0x00000000
2001-01-01T03:41:55.814Z| vmx| I125: hostCPUID level 0000000b, 1: 0x00000005 0x0000000c 0x00000201 0x00000000
2001-01-01T03:41:55.814Z| vmx| I125: hostCPUID level 0000000b, 2: 0x00000000 0x00000000 0x00000002 0x00000000
2001-01-01T03:41:55.814Z| vmx| I125: hostCPUID level 80000000, 0: 0x80000008 0x00000000 0x00000000 0x00000000
2001-01-01T03:41:55.814Z| vmx| I125: hostCPUID level 80000001, 0: 0x00000000 0x00000000 0x00000001 0x2c100800
2001-01-01T03:41:55.814Z| vmx| I125: hostCPUID level 80000002, 0: 0x65746e49 0x2952286c 0x6f655820 0x2952286e
2001-01-01T03:41:55.814Z| vmx| I125: hostCPUID level 80000003, 0: 0x55504320 0x20202020 0x20202020 0x58202020
2001-01-01T03:41:55.814Z| vmx| I125: hostCPUID level 80000004, 0: 0x30353635 0x20402020 0x37362e32 0x007a4847
2001-01-01T03:41:55.814Z| vmx| I125: hostCPUID level 80000005, 0: 0x00000000 0x00000000 0x00000000 0x00000000
2001-01-01T03:41:55.814Z| vmx| I125: hostCPUID level 80000006, 0: 0x00000000 0x00000000 0x01006040 0x00000000
2001-01-01T03:41:55.814Z| vmx| I125: hostCPUID level 80000007, 0: 0x00000000 0x00000000 0x00000000 0x00000100
2001-01-01T03:41:55.814Z| vmx| I125: hostCPUID level 80000008, 0: 0x00003028 0x00000000 0x00000000 0x00000000
2001-01-01T03:41:55.814Z| vmx| I125: CPUID differences from hostCPUID.
2001-01-01T03:41:55.814Z| vmx| I125: CPUID[1] level 00000001, 0: 0x000206c2 0x01200800 0x029ee3ff 0xbfebfbff
2001-01-01T03:41:55.814Z| vmx| I125: CPUID[1] level 0000000b, 0: 0x00000001 0x00000002 0x00000100 0x00000001
2001-01-01T03:41:55.814Z| vmx| I125: CPUID[1] level 0000000b, 1: 0x00000005 0x0000000c 0x00000201 0x00000001
2001-01-01T03:41:55.814Z| vmx| I125: CPUID[1] level 0000000b, 2: 0x00000000 0x00000000 0x00000002 0x00000001
2001-01-01T03:41:55.814Z| vmx| I125: CPUID[2] level 00000001, 0: 0x000206c2 0x02200800 0x029ee3ff 0xbfebfbff
2001-01-01T03:41:55.814Z| vmx| I125: CPUID[2] level 0000000b, 0: 0x00000001 0x00000002 0x00000100 0x00000002
2001-01-01T03:41:55.814Z| vmx| I125: CPUID[2] level 0000000b, 1: 0x00000005 0x0000000c 0x00000201 0x00000002
2001-01-01T03:41:55.814Z| vmx| I125: CPUID[2] level 0000000b, 2: 0x00000000 0x00000000 0x00000002 0x00000002
2001-01-01T03:41:55.814Z| vmx| I125: CPUID[3] level 00000001, 0: 0x000206c2 0x03200800 0x029ee3ff 0xbfebfbff
2001-01-01T03:41:55.814Z| vmx| I125: CPUID[3] level 0000000b, 0: 0x00000001 0x00000002 0x00000100 0x00000003
2001-01-01T03:41:55.814Z| vmx| I125: CPUID[3] level 0000000b, 1: 0x00000005 0x0000000c 0x00000201 0x00000003
2001-01-01T03:41:55.814Z| vmx| I125: CPUID[3] level 0000000b, 2: 0x00000000 0x00000000 0x00000002 0x00000003
2001-01-01T03:41:55.814Z| vmx| I125: CPUID[4] level 00000001, 0: 0x000206c2 0x04200800 0x029ee3ff 0xbfebfbff
2001-01-01T03:41:55.814Z| vmx| I125: CPUID[4] level 0000000b, 0: 0x00000001 0x00000002 0x00000100 0x00000004
2001-01-01T03:41:55.814Z| vmx| I125: CPUID[4] level 0000000b, 1: 0x00000005 0x0000000c 0x00000201 0x00000004
2001-01-01T03:41:55.814Z| vmx| I125: CPUID[4] level 0000000b, 2: 0x00000000 0x00000000 0x00000002 0x00000004
2001-01-01T03:41:55.814Z| vmx| I125: CPUID[5] level 00000001, 0: 0x000206c2 0x05200800 0x029ee3ff 0xbfebfbff
2001-01-01T03:41:55.814Z| vmx| I125: CPUID[5] level 0000000b, 0: 0x00000001 0x00000002 0x00000100 0x00000005
2001-01-01T03:41:55.814Z| vmx| I125: CPUID[5] level 0000000b, 1: 0x00000005 0x0000000c 0x00000201 0x00000005
2001-01-01T03:41:55.814Z| vmx| I125: CPUID[5] level 0000000b, 2: 0x00000000 0x00000000 0x00000002 0x00000005
2001-01-01T03:41:55.814Z| vmx| I125: CPUID[6] level 00000001, 0: 0x000206c2 0x10200800 0x029ee3ff 0xbfebfbff
2001-01-01T03:41:55.814Z| vmx| I125: CPUID[6] level 0000000b, 0: 0x00000001 0x00000002 0x00000100 0x00000010
2001-01-01T03:41:55.814Z| vmx| I125: CPUID[6] level 0000000b, 1: 0x00000005 0x0000000c 0x00000201 0x00000010
2001-01-01T03:41:55.814Z| vmx| I125: CPUID[6] level 0000000b, 2: 0x00000000 0x00000000 0x00000002 0x00000010
2001-01-01T03:41:55.814Z| vmx| I125: CPUID[7] level 00000001, 0: 0x000206c2 0x11200800 0x029ee3ff 0xbfebfbff
2001-01-01T03:41:55.814Z| vmx| I125: CPUID[7] level 0000000b, 0: 0x00000001 0x00000002 0x00000100 0x00000011
2001-01-01T03:41:55.814Z| vmx| I125: CPUID[7] level 0000000b, 1: 0x00000005 0x0000000c 0x00000201 0x00000011
2001-01-01T03:41:55.814Z| vmx| I125: CPUID[7] level 0000000b, 2: 0x00000000 0x00000000 0x00000002 0x00000011
2001-01-01T03:41:55.814Z| vmx| I125: CPUID[8] level 00000001, 0: 0x000206c2 0x12200800 0x029ee3ff 0xbfebfbff
2001-01-01T03:41:55.814Z| vmx| I125: CPUID[8] level 0000000b, 0: 0x00000001 0x00000002 0x00000100 0x00000012
2001-01-01T03:41:55.814Z| vmx| I125: CPUID[8] level 0000000b, 1: 0x00000005 0x0000000c 0x00000201 0x00000012
2001-01-01T03:41:55.814Z| vmx| I125: CPUID[8] level 0000000b, 2: 0x00000000 0x00000000 0x00000002 0x00000012
2001-01-01T03:41:55.814Z| vmx| I125: CPUID[9] level 00000001, 0: 0x000206c2 0x13200800 0x029ee3ff 0xbfebfbff
2001-01-01T03:41:55.814Z| vmx| I125: CPUID[9] level 0000000b, 0: 0x00000001 0x00000002 0x00000100 0x00000013
2001-01-01T03:41:55.814Z| vmx| I125: CPUID[9] level 0000000b, 1: 0x00000005 0x0000000c 0x00000201 0x00000013
2001-01-01T03:41:55.814Z| vmx| I125: CPUID[9] level 0000000b, 2: 0x00000000 0x00000000 0x00000002 0x00000013
2001-01-01T03:41:55.814Z| vmx| I125: CPUID[10] level 00000001, 0: 0x000206c2 0x14200800 0x029ee3ff 0xbfebfbff
2001-01-01T03:41:55.814Z| vmx| I125: CPUID[10] level 0000000b, 0: 0x00000001 0x00000002 0x00000100 0x00000014
2001-01-01T03:41:55.814Z| vmx| I125: CPUID[10] level 0000000b, 1: 0x00000005 0x0000000c 0x00000201 0x00000014
2001-01-01T03:41:55.814Z| vmx| I125: CPUID[10] level 0000000b, 2: 0x00000000 0x00000000 0x00000002 0x00000014
2001-01-01T03:41:55.814Z| vmx| I125: CPUID[11] level 00000001, 0: 0x000206c2 0x15200800 0x029ee3ff 0xbfebfbff
2001-01-01T03:41:55.814Z| vmx| I125: CPUID[11] level 0000000b, 0: 0x00000001 0x00000002 0x00000100 0x00000015
2001-01-01T03:41:55.814Z| vmx| I125: CPUID[11] level 0000000b, 1: 0x00000005 0x0000000c 0x00000201 0x00000015
2001-01-01T03:41:55.814Z| vmx| I125: CPUID[11] level 0000000b, 2: 0x00000000 0x00000000 0x00000002 0x00000015
2001-01-01T03:41:55.814Z| vmx| I125: CPUID[12] level 00000001, 0: 0x000206c2 0x20200800 0x029ee3ff 0xbfebfbff
2001-01-01T03:41:55.814Z| vmx| I125: CPUID[12] level 0000000b, 0: 0x00000001 0x00000002 0x00000100 0x00000020
2001-01-01T03:41:55.814Z| vmx| I125: CPUID[12] level 0000000b, 1: 0x00000005 0x0000000c 0x00000201 0x00000020
2001-01-01T03:41:55.814Z| vmx| I125: CPUID[12] level 0000000b, 2: 0x00000000 0x00000000 0x00000002 0x00000020
2001-01-01T03:41:55.814Z| vmx| I125: CPUID[13] level 00000001, 0: 0x000206c2 0x21200800 0x029ee3ff 0xbfebfbff
2001-01-01T03:41:55.814Z| vmx| I125: CPUID[13] level 0000000b, 0: 0x00000001 0x00000002 0x00000100 0x00000021
2001-01-01T03:41:55.814Z| vmx| I125: CPUID[13] level 0000000b, 1: 0x00000005 0x0000000c 0x00000201 0x00000021
2001-01-01T03:41:55.814Z| vmx| I125: CPUID[13] level 0000000b, 2: 0x00000000 0x00000000 0x00000002 0x00000021
2001-01-01T03:41:55.814Z| vmx| I125: CPUID[14] level 00000001, 0: 0x000206c2 0x22200800 0x029ee3ff 0xbfebfbff
2001-01-01T03:41:55.814Z| vmx| I125: CPUID[14] level 0000000b, 0: 0x00000001 0x00000002 0x00000100 0x00000022
2001-01-01T03:41:55.814Z| vmx| I125: CPUID[14] level 0000000b, 1: 0x00000005 0x0000000c 0x00000201 0x00000022
2001-01-01T03:41:55.814Z| vmx| I125: CPUID[14] level 0000000b, 2: 0x00000000 0x00000000 0x00000002 0x00000022
2001-01-01T03:41:55.814Z| vmx| I125: CPUID[15] level 00000001, 0: 0x000206c2 0x23200800 0x029ee3ff 0xbfebfbff
2001-01-01T03:41:55.814Z| vmx| I125: CPUID[15] level 0000000b, 0: 0x00000001 0x00000002 0x00000100 0x00000023
2001-01-01T03:41:55.814Z| vmx| I125: CPUID[15] level 0000000b, 1: 0x00000005 0x0000000c 0x00000201 0x00000023
2001-01-01T03:41:55.814Z| vmx| I125: CPUID[15] level 0000000b, 2: 0x00000000 0x00000000 0x00000002 0x00000023
2001-01-01T03:41:55.814Z| vmx| I125: CPUID[16] level 00000001, 0: 0x000206c2 0x24200800 0x029ee3ff 0xbfebfbff
2001-01-01T03:41:55.814Z| vmx| I125: CPUID[16] level 0000000b, 0: 0x00000001 0x00000002 0x00000100 0x00000024
2001-01-01T03:41:55.814Z| vmx| I125: CPUID[16] level 0000000b, 1: 0x00000005 0x0000000c 0x00000201 0x00000024
2001-01-01T03:41:55.814Z| vmx| I125: CPUID[16] level 0000000b, 2: 0x00000000 0x00000000 0x00000002 0x00000024
2001-01-01T03:41:55.814Z| vmx| I125: CPUID[17] level 00000001, 0: 0x000206c2 0x25200800 0x029ee3ff 0xbfebfbff
2001-01-01T03:41:55.814Z| vmx| I125: CPUID[17] level 0000000b, 0: 0x00000001 0x00000002 0x00000100 0x00000025
2001-01-01T03:41:55.814Z| vmx| I125: CPUID[17] level 0000000b, 1: 0x00000005 0x0000000c 0x00000201 0x00000025
2001-01-01T03:41:55.814Z| vmx| I125: CPUID[17] level 0000000b, 2: 0x00000000 0x00000000 0x00000002 0x00000025
2001-01-01T03:41:55.814Z| vmx| I125: CPUID[18] level 00000001, 0: 0x000206c2 0x30200800 0x029ee3ff 0xbfebfbff
2001-01-01T03:41:55.814Z| vmx| I125: CPUID[18] level 0000000b, 0: 0x00000001 0x00000002 0x00000100 0x00000030
2001-01-01T03:41:55.814Z| vmx| I125: CPUID[18] level 0000000b, 1: 0x00000005 0x0000000c 0x00000201 0x00000030
2001-01-01T03:41:55.814Z| vmx| I125: CPUID[18] level 0000000b, 2: 0x00000000 0x00000000 0x00000002 0x00000030
2001-01-01T03:41:55.814Z| vmx| I125: CPUID[19] level 00000001, 0: 0x000206c2 0x31200800 0x029ee3ff 0xbfebfbff
2001-01-01T03:41:55.814Z| vmx| I125: CPUID[19] level 0000000b, 0: 0x00000001 0x00000002 0x00000100 0x00000031
2001-01-01T03:41:55.814Z| vmx| I125: CPUID[19] level 0000000b, 1: 0x00000005 0x0000000c 0x00000201 0x00000031
2001-01-01T03:41:55.814Z| vmx| I125: CPUID[19] level 0000000b, 2: 0x00000000 0x00000000 0x00000002 0x00000031
2001-01-01T03:41:55.814Z| vmx| I125: CPUID[20] level 00000001, 0: 0x000206c2 0x32200800 0x029ee3ff 0xbfebfbff
2001-01-01T03:41:55.814Z| vmx| I125: CPUID[20] level 0000000b, 0: 0x00000001 0x00000002 0x00000100 0x00000032
2001-01-01T03:41:55.814Z| vmx| I125: CPUID[20] level 0000000b, 1: 0x00000005 0x0000000c 0x00000201 0x00000032
2001-01-01T03:41:55.814Z| vmx| I125: CPUID[20] level 0000000b, 2: 0x00000000 0x00000000 0x00000002 0x00000032
2001-01-01T03:41:55.814Z| vmx| I125: CPUID[21] level 00000001, 0: 0x000206c2 0x33200800 0x029ee3ff 0xbfebfbff
2001-01-01T03:41:55.814Z| vmx| I125: CPUID[21] level 0000000b, 0: 0x00000001 0x00000002 0x00000100 0x00000033
2001-01-01T03:41:55.814Z| vmx| I125: CPUID[21] level 0000000b, 1: 0x00000005 0x0000000c 0x00000201 0x00000033
2001-01-01T03:41:55.814Z| vmx| I125: CPUID[21] level 0000000b, 2: 0x00000000 0x00000000 0x00000002 0x00000033
2001-01-01T03:41:55.814Z| vmx| I125: CPUID[22] level 00000001, 0: 0x000206c2 0x34200800 0x029ee3ff 0xbfebfbff
2001-01-01T03:41:55.814Z| vmx| I125: CPUID[22] level 0000000b, 0: 0x00000001 0x00000002 0x00000100 0x00000034
2001-01-01T03:41:55.814Z| vmx| I125: CPUID[22] level 0000000b, 1: 0x00000005 0x0000000c 0x00000201 0x00000034
2001-01-01T03:41:55.814Z| vmx| I125: CPUID[22] level 0000000b, 2: 0x00000000 0x00000000 0x00000002 0x00000034
2001-01-01T03:41:55.814Z| vmx| I125: CPUID[23] level 00000001, 0: 0x000206c2 0x35200800 0x029ee3ff 0xbfebfbff
2001-01-01T03:41:55.814Z| vmx| I125: CPUID[23] level 0000000b, 0: 0x00000001 0x00000002 0x00000100 0x00000035
2001-01-01T03:41:55.814Z| vmx| I125: CPUID[23] level 0000000b, 1: 0x00000005 0x0000000c 0x00000201 0x00000035
2001-01-01T03:41:55.814Z| vmx| I125: CPUID[23] level 0000000b, 2: 0x00000000 0x00000000 0x00000002 0x00000035
2001-01-01T03:41:55.814Z| vmx| I125: Common: MSR       0x3a =                0x5
2001-01-01T03:41:55.814Z| vmx| I125: Common: MSR      0x480 =   0xda04000000000f
2001-01-01T03:41:55.814Z| vmx| I125: Common: MSR      0x481 =       0x7f00000016
2001-01-01T03:41:55.814Z| vmx| I125: Common: MSR      0x482 = 0xfff9fffe0401e172
2001-01-01T03:41:55.814Z| vmx| I125: Common: MSR      0x483 =   0x7fffff00036dff
2001-01-01T03:41:55.814Z| vmx| I125: Common: MSR      0x484 =     0xffff000011ff
2001-01-01T03:41:55.814Z| vmx| I125: Common: MSR      0x485 =            0x401e7
2001-01-01T03:41:55.814Z| vmx| I125: Common: MSR      0x486 =         0x80000021
2001-01-01T03:41:55.814Z| vmx| I125: Common: MSR      0x487 =         0xffffffff
2001-01-01T03:41:55.814Z| vmx| I125: Common: MSR      0x488 =             0x2000
2001-01-01T03:41:55.814Z| vmx| I125: Common: MSR      0x489 =            0x267ff
2001-01-01T03:41:55.814Z| vmx| I125: Common: MSR      0x48a =               0x2a
2001-01-01T03:41:55.814Z| vmx| I125: Common: MSR      0x48b =      0x4ff00000000
2001-01-01T03:41:55.815Z| vmx| I125: Common: MSR      0x48c =      0xf0106134141
2001-01-01T03:41:55.815Z| vmx| I125: Common: MSR      0x48d =       0x7f00000016
2001-01-01T03:41:55.815Z| vmx| I125: Common: MSR      0x48e = 0xfff9fffe04006172
2001-01-01T03:41:55.815Z| vmx| I125: Common: MSR      0x48f =   0x7fffff00036dfb
2001-01-01T03:41:55.815Z| vmx| I125: Common: MSR      0x490 =     0xffff000011fb
2001-01-01T03:41:55.815Z| vmx| I125: Common: MSR      0x491 =                  0
2001-01-01T03:41:55.815Z| vmx| I125: Common: MSR 0xc0010114 =                  0
2001-01-01T03:41:55.815Z| vmx| I125: Common: MSR       0xce =      0xc0004011403
2001-01-01T03:41:55.815Z| vmx| I125: Common: MSR      0x10a =                  0
2001-01-01T03:41:55.815Z| vmx| I125: UTIL: Change file descriptor limit from soft 3840,hard 3840 to soft 4096,hard 4096.
2001-01-01T03:41:55.815Z| vmx| I125: PTSC: using TSC + offset (-497594665956)
2001-01-01T03:41:55.815Z| vmx| I125: PTSC: hardware TSCs are synchronized.
2001-01-01T03:41:55.815Z| vmx| I125: PTSC: current PTSC=35241644582176
2001-01-01T03:41:55.815Z| vmx| I125: MKSXlib: Initialized thread-safe Xlib
2001-01-01T03:41:55.815Z| vmx| I125: MKSXlib: Failed to open libXi.so.6
2001-01-01T03:41:55.815Z| vmx| I125: [0x23B54F7000-0x23B66A0EA4): /bin/vmx
2001-01-01T03:41:55.823Z| vmx| I125: changing directory to /vmfs/volumes/3a4fd8ce-fc4375c4-effb-5cf3fce846f8/SGRL-WSU001/.
2001-01-01T03:41:55.823Z| vmx| I125: Config file: /vmfs/volumes/3a4fd8ce-fc4375c4-effb-5cf3fce846f8/SGRL-WSU001/SGRL-WSU001.vmx
2001-01-01T03:41:55.824Z| vmx| I125: Vix: [mainDispatch.c:4239]: VMAutomation_ReportPowerOpFinished: statevar=1, newAppState=1873, success=1 additionalError=0
2001-01-01T03:41:55.824Z| vmx| I125: Vix: [mainDispatch.c:4239]: VMAutomation_ReportPowerOpFinished: statevar=2, newAppState=1878, success=1 additionalError=0
2001-01-01T03:41:55.824Z| vmx| I125: FILE: FileCreateDirectoryEx: Failed to create /tmp. Error = 17
2001-01-01T03:41:55.824Z| vmx| I125: FILE: FileCreateDirectoryEx: Failed to create /tmp/vmware-root. Error = 17
2001-01-01T03:41:55.841Z| vmx| W115: PowerOn
2001-01-01T03:41:55.841Z| vmx| I125: Vix: [mainDispatch.c:4239]: VMAutomation_ReportPowerOpFinished: statevar=0, newAppState=1871, success=1 additionalError=0
2001-01-01T03:41:55.841Z| vmx| I125: UNAME VMkernel SGRL-ESX01 6.7.0 #1 SMP Release build-19195723 Jan 11 2022 23:34:04 x86_64 (uwglibc release: vmware, version: 2.17)
2001-01-01T03:41:55.841Z| vmx| I125: DICT --- GLOBAL SETTINGS /usr/lib/vmware/settings
2001-01-01T03:41:55.841Z| vmx| I125: DICT --- NON PERSISTENT (null)
2001-01-01T03:41:55.841Z| vmx| I125: DICT --- USER PREFERENCES //.vmware/preferences
2001-01-01T03:41:55.841Z| vmx| I125: DICT --- USER DEFAULTS //.vmware/config
2001-01-01T03:41:55.841Z| vmx| I125: DICT --- HOST DEFAULTS /etc/vmware/config
2001-01-01T03:41:55.841Z| vmx| I125: DICT                    libdir = "/usr/lib/vmware"
2001-01-01T03:41:55.841Z| vmx| I125: DICT           authd.proxy.nfc = "vmware-hostd:ha-nfc"
2001-01-01T03:41:55.841Z| vmx| I125: DICT        authd.proxy.nfcssl = "vmware-hostd:ha-nfcssl"
2001-01-01T03:41:55.841Z| vmx| I125: DICT   authd.proxy.vpxa-nfcssl = "vmware-vpxa:vpxa-nfcssl"
2001-01-01T03:41:55.841Z| vmx| I125: DICT      authd.proxy.vpxa-nfc = "vmware-vpxa:vpxa-nfc"
2001-01-01T03:41:55.841Z| vmx| I125: DICT            authd.fullpath = "/sbin/authd"
2001-01-01T03:41:55.841Z| vmx| I125: DICT --- SITE DEFAULTS /usr/lib/vmware/config
2001-01-01T03:41:55.841Z| vmx| I125: DICT --- NONPERSISTENT
2001-01-01T03:41:55.841Z| vmx| I125: DICT               sched.group = "host/user"
2001-01-01T03:41:55.841Z| vmx| I125: DICT --- COMMAND LINE
2001-01-01T03:41:55.841Z| vmx| I125: DICT               sched.group = "host/user"
2001-01-01T03:41:55.841Z| vmx| I125: DICT --- RECORDING
2001-01-01T03:41:55.841Z| vmx| I125: DICT               sched.group = "host/user"
2001-01-01T03:41:55.841Z| vmx| I125: DICT --- CONFIGURATION /vmfs/volumes/3a4fd8ce-fc4375c4-effb-5cf3fce846f8/SGRL-WSU001/SGRL-WSU001.vmx 
2001-01-01T03:41:55.841Z| vmx| I125: DICT            config.version = "8"
2001-01-01T03:41:55.841Z| vmx| I125: DICT         virtualHW.version = "14"
2001-01-01T03:41:55.841Z| vmx| I125: DICT             vmci0.present = "TRUE"
2001-01-01T03:41:55.841Z| vmx| I125: DICT           floppy0.present = "FALSE"
2001-01-01T03:41:55.841Z| vmx| I125: DICT                  numvcpus = "2"
2001-01-01T03:41:55.841Z| vmx| I125: DICT                   memSize = "8192"
2001-01-01T03:41:55.841Z| vmx| I125: DICT      bios.bootRetry.delay = "10"
2001-01-01T03:41:55.841Z| vmx| I125: DICT                  firmware = "efi"
2001-01-01T03:41:55.841Z| vmx| I125: DICT         powerType.suspend = "soft"
2001-01-01T03:41:55.841Z| vmx| I125: DICT      tools.upgrade.policy = "manual"
2001-01-01T03:41:55.841Z| vmx| I125: DICT           sched.cpu.units = "mhz"
2001-01-01T03:41:55.841Z| vmx| I125: DICT        sched.cpu.affinity = "all"
2001-01-01T03:41:55.841Z| vmx| I125: DICT             vm.createDate = "978320068241091"
2001-01-01T03:41:55.841Z| vmx| I125: DICT          usb_xhci.present = "TRUE"
2001-01-01T03:41:55.841Z| vmx| I125: DICT          scsi0.virtualDev = "pvscsi"
2001-01-01T03:41:55.841Z| vmx| I125: DICT             scsi0.present = "TRUE"
2001-01-01T03:41:55.841Z| vmx| I125: DICT             sata0.present = "TRUE"
2001-01-01T03:41:55.841Z| vmx| I125: DICT    sata0:0.startConnected = "FALSE"
2001-01-01T03:41:55.841Z| vmx| I125: DICT        sata0:0.deviceType = "atapi-cdrom"
2001-01-01T03:41:55.841Z| vmx| I125: DICT          sata0:0.fileName = "auto detect"
2001-01-01T03:41:55.841Z| vmx| I125: DICT           sata0:0.present = "TRUE"
2001-01-01T03:41:55.841Z| vmx| I125: DICT        scsi0:0.deviceType = "scsi-hardDisk"
2001-01-01T03:41:55.841Z| vmx| I125: DICT          scsi0:0.fileName = "SGRL-WSU001.vmdk"
2001-01-01T03:41:55.841Z| vmx| I125: DICT      sched.scsi0:0.shares = "normal"
2001-01-01T03:41:55.841Z| vmx| I125: DICT sched.scsi0:0.throughputCap = "off"
2001-01-01T03:41:55.841Z| vmx| I125: DICT           scsi0:0.present = "TRUE"
2001-01-01T03:41:55.841Z| vmx| I125: DICT      ethernet0.virtualDev = "e1000e"
2001-01-01T03:41:55.841Z| vmx| I125: DICT     ethernet0.networkName = "172.10.0.0/24_MGMT"
2001-01-01T03:41:55.841Z| vmx| I125: DICT     ethernet0.addressType = "vpx"
2001-01-01T03:41:55.841Z| vmx| I125: DICT ethernet0.generatedAddress = "00:50:56:87:5a:14"
2001-01-01T03:41:55.841Z| vmx| I125: DICT   ethernet0.wakeOnPcktRcv = "FALSE"
2001-01-01T03:41:55.841Z| vmx| I125: DICT         ethernet0.present = "TRUE"
2001-01-01T03:41:55.841Z| vmx| I125: DICT               displayName = "SGRL-WSU001"
2001-01-01T03:41:55.841Z| vmx| I125: DICT                   guestOS = "windows9srv-64"
2001-01-01T03:41:55.841Z| vmx| I125: DICT   uefi.secureBoot.enabled = "TRUE"
2001-01-01T03:41:55.841Z| vmx| I125: DICT  toolScripts.afterPowerOn = "TRUE"
2001-01-01T03:41:55.841Z| vmx| I125: DICT   toolScripts.afterResume = "TRUE"
2001-01-01T03:41:55.841Z| vmx| I125: DICT toolScripts.beforeSuspend = "TRUE"
2001-01-01T03:41:55.841Z| vmx| I125: DICT toolScripts.beforePowerOff = "TRUE"
2001-01-01T03:41:55.841Z| vmx| I125: DICT            tools.syncTime = "FALSE"
2001-01-01T03:41:55.841Z| vmx| I125: DICT                 uuid.bios = "42 07 f9 cb 6d 1c 1e fb-d7 18 11 b4 5e ba 05 c1"
2001-01-01T03:41:55.841Z| vmx| I125: DICT                   vc.uuid = "50 07 82 45 20 70 09 eb-24 99 b1 74 23 e5 38 57"
2001-01-01T03:41:55.841Z| vmx| I125: DICT        sata0:0.autodetect = "TRUE"
2001-01-01T03:41:55.841Z| vmx| I125: DICT tools.guest.desktop.autolock = "FALSE"
2001-01-01T03:41:55.841Z| vmx| I125: DICT                     nvram = "SGRL-WSU001.nvram"
2001-01-01T03:41:55.841Z| vmx| I125: DICT        pciBridge0.present = "TRUE"
2001-01-01T03:41:55.841Z| vmx| I125: DICT              svga.present = "TRUE"
2001-01-01T03:41:55.841Z| vmx| I125: DICT        pciBridge4.present = "TRUE"
2001-01-01T03:41:55.841Z| vmx| I125: DICT     pciBridge4.virtualDev = "pcieRootPort"
2001-01-01T03:41:55.841Z| vmx| I125: DICT      pciBridge4.functions = "8"
2001-01-01T03:41:55.841Z| vmx| I125: DICT        pciBridge5.present = "TRUE"
2001-01-01T03:41:55.841Z| vmx| I125: DICT     pciBridge5.virtualDev = "pcieRootPort"
2001-01-01T03:41:55.841Z| vmx| I125: DICT      pciBridge5.functions = "8"
2001-01-01T03:41:55.841Z| vmx| I125: DICT        pciBridge6.present = "TRUE"
2001-01-01T03:41:55.841Z| vmx| I125: DICT     pciBridge6.virtualDev = "pcieRootPort"
2001-01-01T03:41:55.841Z| vmx| I125: DICT      pciBridge6.functions = "8"
2001-01-01T03:41:55.841Z| vmx| I125: DICT        pciBridge7.present = "TRUE"
2001-01-01T03:41:55.841Z| vmx| I125: DICT     pciBridge7.virtualDev = "pcieRootPort"
2001-01-01T03:41:55.841Z| vmx| I125: DICT      pciBridge7.functions = "8"
2001-01-01T03:41:55.841Z| vmx| I125: DICT             hpet0.present = "TRUE"
2001-01-01T03:41:55.841Z| vmx| I125: DICT sched.cpu.latencySensitivity = "normal"
2001-01-01T03:41:55.841Z| vmx| I125: DICT           svga.autodetect = "TRUE"
2001-01-01T03:41:55.841Z| vmx| I125: DICT           disk.EnableUUID = "TRUE"
2001-01-01T03:41:55.841Z| vmx| I125: DICT      numa.autosize.cookie = "20001"
2001-01-01T03:41:55.841Z| vmx| I125: DICT numa.autosize.vcpu.maxPerVirtualNode = "2"
2001-01-01T03:41:55.841Z| vmx| I125: DICT  pciBridge0.pciSlotNumber = "17"
2001-01-01T03:41:55.841Z| vmx| I125: DICT  pciBridge4.pciSlotNumber = "21"
2001-01-01T03:41:55.841Z| vmx| I125: DICT  pciBridge5.pciSlotNumber = "22"
2001-01-01T03:41:55.841Z| vmx| I125: DICT  pciBridge6.pciSlotNumber = "23"
2001-01-01T03:41:55.841Z| vmx| I125: DICT  pciBridge7.pciSlotNumber = "24"
2001-01-01T03:41:55.841Z| vmx| I125: DICT       scsi0.pciSlotNumber = "160"
2001-01-01T03:41:55.841Z| vmx| I125: DICT   ethernet0.pciSlotNumber = "192"
2001-01-01T03:41:55.841Z| vmx| I125: DICT    usb_xhci.pciSlotNumber = "224"
2001-01-01T03:41:55.841Z| vmx| I125: DICT       vmci0.pciSlotNumber = "32"
2001-01-01T03:41:55.841Z| vmx| I125: DICT       sata0.pciSlotNumber = "33"
2001-01-01T03:41:55.841Z| vmx| I125: DICT             scsi0.sasWWID = "50 05 05 64 08 7c e8 00"
2001-01-01T03:41:55.841Z| vmx| I125: DICT ethernet0.generatedAddressOffset = "0"
2001-01-01T03:41:55.841Z| vmx| I125: DICT                 vm.genidX = "-8005596680088580714"
2001-01-01T03:41:55.841Z| vmx| I125: DICT    monitor.phys_bits_used = "43"
2001-01-01T03:41:55.841Z| vmx| I125: DICT  vmotion.checkpointFBSize = "4194304"
2001-01-01T03:41:55.841Z| vmx| I125: DICT vmotion.checkpointSVGAPrimarySize = "16777216"
2001-01-01T03:41:55.841Z| vmx| I125: DICT              softPowerOff = "TRUE"
2001-01-01T03:41:55.841Z| vmx| I125: DICT toolsInstallManager.lastInstallError = "0"
2001-01-01T03:41:55.841Z| vmx| I125: DICT svga.guestBackedPrimaryAware = "TRUE"
2001-01-01T03:41:55.841Z| vmx| I125: DICT       tools.remindInstall = "FALSE"
2001-01-01T03:41:55.841Z| vmx| I125: DICT toolsInstallManager.updateCounter = "1"
2001-01-01T03:41:55.841Z| vmx| I125: DICT     guestOS.detailed.data = "architecture='X86' bitness='64' buildNumber='20348' distroName='Windows' distroVersion='10.0' familyName='Windows' kernelVersion='20348.4052' prettyName='Windows Server 2022, 64-bit (Build 20348.4052)'"
2001-01-01T03:41:55.841Z| vmx| I125: DICT        usb_xhci:4.present = "TRUE"
2001-01-01T03:41:55.841Z| vmx| I125: DICT     usb_xhci:4.deviceType = "hid"
2001-01-01T03:41:55.841Z| vmx| I125: DICT           usb_xhci:4.port = "4"
2001-01-01T03:41:55.841Z| vmx| I125: DICT         usb_xhci:4.parent = "-1"
2001-01-01T03:41:55.841Z| vmx| I125: DICT           migrate.hostLog = "SGRL-WSU001-31c1de07.hlog"
2001-01-01T03:41:55.841Z| vmx| I125: DICT             sched.cpu.min = "0"
2001-01-01T03:41:55.841Z| vmx| I125: DICT          sched.cpu.shares = "normal"
2001-01-01T03:41:55.841Z| vmx| I125: DICT             sched.mem.min = "0"
2001-01-01T03:41:55.841Z| vmx| I125: DICT         sched.mem.minSize = "0"
2001-01-01T03:41:55.841Z| vmx| I125: DICT          sched.mem.shares = "normal"
2001-01-01T03:41:55.841Z| vmx| I125: DICT    migrate.encryptionMode = "opportunistic"
2001-01-01T03:41:55.841Z| vmx| I125: DICT        scsi0:1.deviceType = "scsi-hardDisk"
2001-01-01T03:41:55.841Z| vmx| I125: DICT          scsi0:1.fileName = "SGRL-WSU001_1.vmdk"
2001-01-01T03:41:55.841Z| vmx| I125: DICT      sched.scsi0:1.shares = "normal"
2001-01-01T03:41:55.841Z| vmx| I125: DICT sched.scsi0:1.throughputCap = "off"
2001-01-01T03:41:55.841Z| vmx| I125: DICT           scsi0:1.present = "TRUE"
2001-01-01T03:41:55.841Z| vmx| I125: DICT --- USER DEFAULTS ~/.vmware/config 
2001-01-01T03:41:55.841Z| vmx| I125: DICT --- HOST DEFAULTS /etc/vmware/config 
2001-01-01T03:41:55.841Z| vmx| I125: DICT                    libdir = "/usr/lib/vmware"
2001-01-01T03:41:55.841Z| vmx| I125: DICT           authd.proxy.nfc = "vmware-hostd:ha-nfc"
2001-01-01T03:41:55.841Z| vmx| I125: DICT        authd.proxy.nfcssl = "vmware-hostd:ha-nfcssl"
2001-01-01T03:41:55.841Z| vmx| I125: DICT   authd.proxy.vpxa-nfcssl = "vmware-vpxa:vpxa-nfcssl"
2001-01-01T03:41:55.841Z| vmx| I125: DICT      authd.proxy.vpxa-nfc = "vmware-vpxa:vpxa-nfc"
2001-01-01T03:41:55.841Z| vmx| I125: DICT            authd.fullpath = "/sbin/authd"
2001-01-01T03:41:55.841Z| vmx| I125: DICT --- SITE DEFAULTS /usr/lib/vmware/config 
2001-01-01T03:41:55.841Z| vmx| I125: DICT --- GLOBAL SETTINGS /usr/lib/vmware/settings 
2001-01-01T03:41:55.842Z| vmx| I125: Vix: [mainDispatch.c:4239]: VMAutomation_ReportPowerOpFinished: statevar=1, newAppState=1873, success=1 additionalError=0
2001-01-01T03:41:55.852Z| vmx| I125: DISKLIB-VMFS  : "/vmfs/volumes/3a4fd8ce-fc4375c4-effb-5cf3fce846f8/SGRL-WSU001/SGRL-WSU001-flat.vmdk" : open successful (524293) size = 161061273600, hd = 0. Type 3
2001-01-01T03:41:55.852Z| vmx| I125: DISKLIB-VMFS  : "/vmfs/volumes/3a4fd8ce-fc4375c4-effb-5cf3fce846f8/SGRL-WSU001/SGRL-WSU001-flat.vmdk" : closed.
2001-01-01T03:41:55.852Z| vmx| I125: DISKLIB-VMFS  : "/vmfs/volumes/3a4fd8ce-fc4375c4-effb-5cf3fce846f8/SGRL-WSU001/SGRL-WSU001_1-flat.vmdk" : open successful (524293) size = 536870912000, hd = 0. Type 3
2001-01-01T03:41:55.852Z| vmx| I125: DISKLIB-VMFS  : "/vmfs/volumes/3a4fd8ce-fc4375c4-effb-5cf3fce846f8/SGRL-WSU001/SGRL-WSU001_1-flat.vmdk" : closed.
2001-01-01T03:41:55.853Z| vmx| I125: OvhdMem_PowerOn: initial admission: paged    62903 nonpaged     2780 anonymous     9275
2001-01-01T03:41:55.853Z| vmx| I125: VMMEM: Initial Reservation: 292MB (MainMem=8192MB)
2001-01-01T03:41:55.853Z| vmx| I125: MemSched_PowerOn: balloon minGuestSize 209715 (80% of min required size 262144)
2001-01-01T03:41:55.853Z| vmx| I125: VMMonParseSchedConfig: Initial Vmx Memory Configuration
2001-01-01T03:41:55.853Z| vmx| I125: MemSched (MB): min: 11 sizeLimit: 1024 swapInitialFileSize: 82 prealloc: FALSE.
2001-01-01T03:41:55.854Z| vmx| I125: MemSched: properties ovhd: 0 guestmem: 0 pinned: 0 fpt: 0 ftCpt: 0 ls: -3 prealloc: 0 preallocPMem: 0
2001-01-01T03:41:55.854Z| vmx| I125: numaHost: NUMA config: consolidation= 1 preferHT= 0
2001-01-01T03:41:55.854Z| vmx| I125: numaHost: 2 VCPUs 1 VPDs 1 PPDs
2001-01-01T03:41:55.854Z| vmx| I125: numaHost: VCPU 0 VPD 0 PPD 0
2001-01-01T03:41:55.854Z| vmx| I125: numaHost: VCPU 1 VPD 0 PPD 0
2001-01-01T03:41:55.854Z| vmx| I125: CreateVM: Swap: generating normal swap file name.
2001-01-01T03:41:55.854Z| vmx| I125: FTCpt: (0 unk) vmk overheads: 0 pages (0 MB)
2001-01-01T03:41:55.854Z| vmx| I125: Swap file path: '/vmfs/volumes/3a4fd8ce-fc4375c4-effb-5cf3fce846f8/SGRL-WSU001/SGRL-WSU001-883cec1b.vswp'
2001-01-01T03:41:55.854Z| vmx| I125: Disk_GetDigestDiskCount: numDigestDisks = 0
2001-01-01T03:41:56.334Z| vmx| A100: ConfigDB: Setting sched.swap.derivedName = "/vmfs/volumes/3a4fd8ce-fc4375c4-effb-5cf3fce846f8/SGRL-WSU001/SGRL-WSU001-883cec1b.vswp"
2001-01-01T03:41:56.336Z| vthread-2106032| I125: VTHREAD 154529679104 "vthread-2106032" wid 2106032
2001-01-01T03:41:56.336Z| vmx| I125: WORKER: setting thread limit to 16 (was 4)
2001-01-01T03:41:56.336Z| vmx| W115: VProbes facility is disabled.
2001-01-01T03:41:56.336Z| vmx| W115: VProbes facility is disabled.
2001-01-01T03:41:56.337Z| vmx| I125: Host VT-x Capabilities:
2001-01-01T03:41:56.337Z| vmx| I125: Basic VMX Information (0x00da04000000000f)
2001-01-01T03:41:56.337Z| vmx| I125:   VMCS revision ID                  15
2001-01-01T03:41:56.337Z| vmx| I125:   VMCS region length              1024
2001-01-01T03:41:56.337Z| vmx| I125:   VMX physical-address width   natural
2001-01-01T03:41:56.337Z| vmx| I125:   SMM dual-monitor mode            yes
2001-01-01T03:41:56.337Z| vmx| I125:   Advanced INS/OUTS info           yes
2001-01-01T03:41:56.337Z| vmx| I125:   True VMX MSRs                    yes
2001-01-01T03:41:56.337Z| vmx| I125:   VMCS memory type                  WB
2001-01-01T03:41:56.337Z| vmx| I125: True Pin-Based VM-Execution Controls (0x0000007f00000016)
2001-01-01T03:41:56.337Z| vmx| I125:   External-interrupt exiting               {0,1}
2001-01-01T03:41:56.337Z| vmx| I125:   NMI exiting                              {0,1}
2001-01-01T03:41:56.337Z| vmx| I125:   Virtual NMIs                             {0,1}
2001-01-01T03:41:56.337Z| vmx| I125:   Activate VMX-preemption timer            {0,1}
2001-01-01T03:41:56.337Z| vmx| I125:   Process posted interrupts                { 0 }
2001-01-01T03:41:56.337Z| vmx| I125: True Primary Processor-Based VM-Execution Controls (0xfff9fffe04006172)
2001-01-01T03:41:56.337Z| vmx| I125:   Interrupt-window exiting                 {0,1}
2001-01-01T03:41:56.337Z| vmx| I125:   Use TSC offsetting                       {0,1}
2001-01-01T03:41:56.337Z| vmx| I125:   HLT exiting                              {0,1}
2001-01-01T03:41:56.337Z| vmx| I125:   INVLPG exiting                           {0,1}
2001-01-01T03:41:56.337Z| vmx| I125:   MWAIT exiting                            {0,1}
2001-01-01T03:41:56.337Z| vmx| I125:   RDPMC exiting                            {0,1}
2001-01-01T03:41:56.337Z| vmx| I125:   RDTSC exiting                            {0,1}
2001-01-01T03:41:56.337Z| vmx| I125:   CR3-load exiting                         {0,1}
2001-01-01T03:41:56.337Z| vmx| I125:   CR3-store exiting                        {0,1}
2001-01-01T03:41:56.337Z| vmx| I125:   CR8-load exiting                         {0,1}
2001-01-01T03:41:56.337Z| vmx| I125:   CR8-store exiting                        {0,1}
2001-01-01T03:41:56.337Z| vmx| I125:   Use TPR shadow                           {0,1}
2001-01-01T03:41:56.337Z| vmx| I125:   NMI-window exiting                       {0,1}
2001-01-01T03:41:56.337Z| vmx| I125:   MOV-DR exiting                           {0,1}
2001-01-01T03:41:56.337Z| vmx| I125:   Unconditional I/O exiting                {0,1}
2001-01-01T03:41:56.337Z| vmx| I125:   Use I/O bitmaps                          {0,1}
2001-01-01T03:41:56.337Z| vmx| I125:   Monitor trap flag                        {0,1}
2001-01-01T03:41:56.337Z| vmx| I125:   Use MSR bitmaps                          {0,1}
2001-01-01T03:41:56.337Z| vmx| I125:   MONITOR exiting                          {0,1}
2001-01-01T03:41:56.337Z| vmx| I125:   PAUSE exiting                            {0,1}
2001-01-01T03:41:56.337Z| vmx| I125:   Activate secondary controls              {0,1}
2001-01-01T03:41:56.337Z| vmx| I125: Secondary Processor-Based VM-Execution Controls (0x000004ff00000000)
2001-01-01T03:41:56.337Z| vmx| I125:   Virtualize APIC accesses                 {0,1}
2001-01-01T03:41:56.337Z| vmx| I125:   Enable EPT                               {0,1}
2001-01-01T03:41:56.337Z| vmx| I125:   Descriptor-table exiting                 {0,1}
2001-01-01T03:41:56.337Z| vmx| I125:   Enable RDTSCP                            {0,1}
2001-01-01T03:41:56.337Z| vmx| I125:   Virtualize x2APIC mode                   {0,1}
2001-01-01T03:41:56.337Z| vmx| I125:   Enable VPID                              {0,1}
2001-01-01T03:41:56.337Z| vmx| I125:   WBINVD exiting                           {0,1}
2001-01-01T03:41:56.337Z| vmx| I125:   Unrestricted guest                       {0,1}
2001-01-01T03:41:56.337Z| vmx| I125:   APIC-register virtualization             { 0 }
2001-01-01T03:41:56.337Z| vmx| I125:   Virtual-interrupt delivery               { 0 }
2001-01-01T03:41:56.337Z| vmx| I125:   PAUSE-loop exiting                       {0,1}
2001-01-01T03:41:56.337Z| vmx| I125:   RDRAND exiting                           { 0 }
2001-01-01T03:41:56.337Z| vmx| I125:   Enable INVPCID                           { 0 }
2001-01-01T03:41:56.337Z| vmx| I125:   Enable VM Functions                      { 0 }
2001-01-01T03:41:56.337Z| vmx| I125:   Use VMCS shadowing                       { 0 }
2001-01-01T03:41:56.337Z| vmx| I125:   Enable ENCLS/ENCLU                       { 0 }
2001-01-01T03:41:56.337Z| vmx| I125:   RDSEED exiting                           { 0 }
2001-01-01T03:41:56.337Z| vmx| I125:   Enable PML                               { 0 }
2001-01-01T03:41:56.337Z| vmx| I125:   EPT-violation #VE                        { 0 }
2001-01-01T03:41:56.337Z| vmx| I125:   Enable XSAVES/XRSTORS                    { 0 }
2001-01-01T03:41:56.337Z| vmx| I125:   Mode-based execute control for EPT       { 0 }
2001-01-01T03:41:56.337Z| vmx| I125:   Use TSC scaling                          { 0 }
2001-01-01T03:41:56.337Z| vmx| I125: True VM-Exit Controls (0x007fffff00036dfb)
2001-01-01T03:41:56.337Z| vmx| I125:   Save debug controls                      {0,1}
2001-01-01T03:41:56.337Z| vmx| I125:   Host address-space size                  {0,1}
2001-01-01T03:41:56.337Z| vmx| I125:   Load IA32_PERF_GLOBAL_CTRL               {0,1}
2001-01-01T03:41:56.337Z| vmx| I125:   Acknowledge interrupt on exit            {0,1}
2001-01-01T03:41:56.337Z| vmx| I125:   Save IA32_PAT                            {0,1}
2001-01-01T03:41:56.337Z| vmx| I125:   Load IA32_PAT                            {0,1}
2001-01-01T03:41:56.337Z| vmx| I125:   Save IA32_EFER                           {0,1}
2001-01-01T03:41:56.337Z| vmx| I125:   Load IA32_EFER                           {0,1}
2001-01-01T03:41:56.337Z| vmx| I125:   Save VMX-preemption timer                {0,1}
2001-01-01T03:41:56.337Z| vmx| I125: True VM-Entry Controls (0x0000ffff000011fb)
2001-01-01T03:41:56.337Z| vmx| I125:   Load debug controls                      {0,1}
2001-01-01T03:41:56.337Z| vmx| I125:   IA-32e mode guest                        {0,1}
2001-01-01T03:41:56.337Z| vmx| I125:   Entry to SMM                             {0,1}
2001-01-01T03:41:56.337Z| vmx| I125:   Deactivate dual-monitor mode             {0,1}
2001-01-01T03:41:56.337Z| vmx| I125:   Load IA32_PERF_GLOBAL_CTRL               {0,1}
2001-01-01T03:41:56.337Z| vmx| I125:   Load IA32_PAT                            {0,1}
2001-01-01T03:41:56.337Z| vmx| I125:   Load IA32_EFER                           {0,1}
2001-01-01T03:41:56.337Z| vmx| I125: VPID and EPT Capabilities (0x00000f0106134141)
2001-01-01T03:41:56.337Z| vmx| I125:   R=0/W=0/X=1                      yes
2001-01-01T03:41:56.337Z| vmx| I125:   Page-walk length 3               yes
2001-01-01T03:41:56.337Z| vmx| I125:   EPT memory type WB               yes
2001-01-01T03:41:56.337Z| vmx| I125:   2MB super-page                   yes
2001-01-01T03:41:56.337Z| vmx| I125:   1GB super-page                   yes
2001-01-01T03:41:56.337Z| vmx| I125:   INVEPT support                   yes
2001-01-01T03:41:56.337Z| vmx| I125:   Access & Dirty Bits               no
2001-01-01T03:41:56.337Z| vmx| I125:   Advanced VM exit information for EPT violations    no
2001-01-01T03:41:56.338Z| vmx| I125:   Type 1 INVEPT                    yes
2001-01-01T03:41:56.338Z| vmx| I125:   Type 2 INVEPT                    yes
2001-01-01T03:41:56.338Z| vmx| I125:   INVVPID support                  yes
2001-01-01T03:41:56.338Z| vmx| I125:   Type 0 INVVPID                   yes
2001-01-01T03:41:56.338Z| vmx| I125:   Type 1 INVVPID                   yes
2001-01-01T03:41:56.338Z| vmx| I125:   Type 2 INVVPID                   yes
2001-01-01T03:41:56.338Z| vmx| I125:   Type 3 INVVPID                   yes
2001-01-01T03:41:56.338Z| vmx| I125: Miscellaneous VMX Data (0x00000000000401e7)
2001-01-01T03:41:56.338Z| vmx| I125:   TSC to preemption timer ratio      7
2001-01-01T03:41:56.338Z| vmx| I125:   VM-Exit saves EFER.LMA           yes
2001-01-01T03:41:56.338Z| vmx| I125:   Activity State HLT               yes
2001-01-01T03:41:56.338Z| vmx| I125:   Activity State shutdown          yes
2001-01-01T03:41:56.338Z| vmx| I125:   Activity State wait-for-SIPI     yes
2001-01-01T03:41:56.338Z| vmx| I125:   CR3 targets supported              4
2001-01-01T03:41:56.338Z| vmx| I125:   Maximum MSR list size            512
2001-01-01T03:41:56.338Z| vmx| I125:   Allow all VMWRITEs                no
2001-01-01T03:41:56.338Z| vmx| I125:   Allow zero instruction length     no
2001-01-01T03:41:56.338Z| vmx| I125:   MSEG revision ID                   0
2001-01-01T03:41:56.338Z| vmx| I125:   Processor trace in VMX            no
2001-01-01T03:41:56.338Z| vmx| I125: VMX-Fixed Bits in CR0 (0x0000000080000021/0x00000000ffffffff)
2001-01-01T03:41:56.338Z| vmx| I125:   Fixed to 0        0xffffffff00000000
2001-01-01T03:41:56.338Z| vmx| I125:   Fixed to 1        0x0000000080000021
2001-01-01T03:41:56.338Z| vmx| I125:   Variable          0x000000007fffffde
2001-01-01T03:41:56.338Z| vmx| I125: VMX-Fixed Bits in CR4 (0x0000000000002000/0x00000000000267ff)
2001-01-01T03:41:56.338Z| vmx| I125:   Fixed to 0        0xfffffffffffd9800
2001-01-01T03:41:56.338Z| vmx| I125:   Fixed to 1        0x0000000000002000
2001-01-01T03:41:56.338Z| vmx| I125:   Variable          0x00000000000247ff
2001-01-01T03:41:56.338Z| vmx| I125: VMCS Enumeration (0x000000000000002a)
2001-01-01T03:41:56.338Z| vmx| I125:   Highest index                   0x15
2001-01-01T03:41:56.338Z| vmx| I125: VM Functions (0x0000000000000000)
2001-01-01T03:41:56.338Z| vmx| I125: Monitor64_PowerOn()
2001-01-01T03:41:56.338Z| vmx| I125: vmm64-modules: [vmm.vmm64, vprobe-none.vmm64, hv-vt.vmm64, gphys-ept.vmm64, callstack-none.vmm64, vmce-vmce.vmm64, viommu-none.vmm64, gi-none.vmm64, pvscsi-pvscsi.vmm64, videio-none.vmm64, ahci-ahci.vmm64, ahciRegs=0x0, pvscsiIntrStatus=0x1000, ahciShared=0x2000, e1000Shared=0x4480, pvscsiShared=0x4dc0, {UseUnwind}=0x0, numVCPUsAsAddr=0x2, {SharedAreaReservations}=0x59c0, {rodataSize}=0x21085, {textAddr}=0xfffffffffc000000, {textSize}=0x88045, <MonSrcFile>]
2001-01-01T03:41:56.338Z| vmx| I125: vmm64-vcpus:   2
2001-01-01T03:41:56.347Z| vmx| I125: KHZEstimate 2666761
2001-01-01T03:41:56.347Z| vmx| I125: MHZEstimate 2667
2001-01-01T03:41:56.347Z| vmx| I125: NumVCPUs 2
2001-01-01T03:41:56.347Z| vmx| I125: UUID: location-UUID is 56 4d 50 4e 78 f4 2f 7f-97 2b ea 70 c9 cc 09 d7
2001-01-01T03:41:56.347Z| vmx| I125: UUID: location-UUID is 56 4d 50 4e 78 f4 2f 7f-97 2b ea 70 c9 cc 09 d7
2001-01-01T03:41:56.347Z| vmx| I125: UUID: Writing uuid.location value: '56 4d 50 4e 78 f4 2f 7f-97 2b ea 70 c9 cc 09 d7'
2001-01-01T03:41:56.347Z| vmx| A100: ConfigDB: Setting uuid.location = "56 4d 50 4e 78 f4 2f 7f-97 2b ea 70 c9 cc 09 d7"
2001-01-01T03:41:56.355Z| vmx| I125: AIOGNRC: numThreads=1 ide=0, scsi=0, passthru=0
2001-01-01T03:41:56.355Z| vmx| I125: WORKER: Creating new group with numThreads=1 (1)
2001-01-01T03:41:56.355Z| vmx| I125: WORKER: Creating new group with numThreads=2 (3)
2001-01-01T03:41:56.355Z| vmx| I125: WORKER: Creating new group with numThreads=1 (4)
2001-01-01T03:41:56.355Z| vmx| I125: MainMem: CPT PLS=1 PLR=0 BS=0 BlkP=64 Mult=2 W=25
2001-01-01T03:41:56.355Z| vmx| I125: MStat: Creating Stat vm.uptime
2001-01-01T03:41:56.355Z| vmx| I125: MStat: Creating Stat vm.suspendTime
2001-01-01T03:41:56.355Z| vmx| I125: MStat: Creating Stat vm.powerOnTimeStamp
2001-01-01T03:41:56.355Z| vmx| I125: VMXAIOMGR: Using: simple=Generic
2001-01-01T03:41:56.355Z| vmx| I125: WORKER: Creating new group with numThreads=1 (5)
2001-01-01T03:41:56.355Z| vmx| I125: FTCpt: (0 unk) State transition FTCPT_UNSET -> FTCPT_NOT_CONFIGURED (0:1)
2001-01-01T03:41:56.355Z| vmx| I125: WORKER: Creating new group with numThreads=16 (16)
2001-01-01T03:41:56.356Z| filtPoll| I125: VTHREAD 154532824832 "filtPoll" wid 2106033
2001-01-01T03:41:56.356Z| vmx| I125: WORKER: Creating new group with numThreads=1 (16)
2001-01-01T03:41:56.356Z| vmx| I125: MigrateBusMemPrealloc: BusMem preallocation begins.
2001-01-01T03:41:56.357Z| vmx| I125: MigrateBusMemPrealloc: BusMem preallocation completes.
2001-01-01T03:41:56.357Z| vmx| I125: TimeTracker host to guest rate conversion 35243090165904 @ 2666761000Hz -> 0 @ 2666761000Hz
2001-01-01T03:41:56.357Z| vmx| I125: TimeTracker host to guest rate conversion ((x * 2147483648) >> 31) + -35243090165904
2001-01-01T03:41:56.357Z| vmx| I125: Disabling TSC scaling since host does not support it.
2001-01-01T03:41:56.357Z| vmx| I125: TSC offsetting enabled.
2001-01-01T03:41:56.357Z| vmx| I125: timeTracker.globalProgressMaxAllowanceMS: 2000
2001-01-01T03:41:56.357Z| vmx| I125: timeTracker.globalProgressToAllowanceNS: 1000
2001-01-01T03:41:56.357Z| vthread-2106034| I125: VTHREAD 154534926080 "vthread-2106034" wid 2106034
2001-01-01T03:41:56.357Z| vmx| A100: ConfigDB: Setting scsi0:1.redo = ""
2001-01-01T03:41:56.357Z| worker-2106032| A100: ConfigDB: Setting scsi0:0.redo = ""
2001-01-01T03:41:56.357Z| vmx| I125: DISK: OPEN scsi0:1 '/vmfs/volumes/3a4fd8ce-fc4375c4-effb-5cf3fce846f8/SGRL-WSU001/SGRL-WSU001_1.vmdk' persistent R[]
2001-01-01T03:41:56.357Z| worker-2106032| I125: DISK: OPEN scsi0:0 '/vmfs/volumes/3a4fd8ce-fc4375c4-effb-5cf3fce846f8/SGRL-WSU001/SGRL-WSU001.vmdk' persistent R[]
2001-01-01T03:41:56.358Z| vmx| I125: DISK: failed to create nomad vob context.
2001-01-01T03:41:56.358Z| vmx| I125: DISKLIB-VMFS  : "/vmfs/volumes/3a4fd8ce-fc4375c4-effb-5cf3fce846f8/SGRL-WSU001/SGRL-WSU001_1-flat.vmdk" : open successful (10) size = 536870912000, hd = 1967432. Type 3
2001-01-01T03:41:56.358Z| worker-2106032| I125: DISKLIB-VMFS  : "/vmfs/volumes/3a4fd8ce-fc4375c4-effb-5cf3fce846f8/SGRL-WSU001/SGRL-WSU001-flat.vmdk" : open successful (10) size = 161061273600, hd = 4064585. Type 3
2001-01-01T03:41:56.358Z| vmx| I125: DISKLIB-DSCPTR: Opened [0]: "SGRL-WSU001_1-flat.vmdk" (0xa)
2001-01-01T03:41:56.358Z| worker-2106032| I125: DISKLIB-DSCPTR: Opened [0]: "SGRL-WSU001-flat.vmdk" (0xa)
2001-01-01T03:41:56.358Z| worker-2106032| I125: DISKLIB-LINK  : Opened '/vmfs/volumes/3a4fd8ce-fc4375c4-effb-5cf3fce846f8/SGRL-WSU001/SGRL-WSU001.vmdk' (0xa): vmfs, 314572800 sectors / 150 GB.
2001-01-01T03:41:56.358Z| vmx| I125: DISKLIB-LINK  : Opened '/vmfs/volumes/3a4fd8ce-fc4375c4-effb-5cf3fce846f8/SGRL-WSU001/SGRL-WSU001_1.vmdk' (0xa): vmfs, 1048576000 sectors / 500 GB.
2001-01-01T03:41:56.358Z| worker-2106032| I125: DISKLIB-LIB   : Opened "/vmfs/volumes/3a4fd8ce-fc4375c4-effb-5cf3fce846f8/SGRL-WSU001/SGRL-WSU001.vmdk" (flags 0xa, type vmfs).
2001-01-01T03:41:56.358Z| vmx| I125: DISKLIB-LIB   : Opened "/vmfs/volumes/3a4fd8ce-fc4375c4-effb-5cf3fce846f8/SGRL-WSU001/SGRL-WSU001_1.vmdk" (flags 0xa, type vmfs).
2001-01-01T03:41:56.359Z| vmx| I125: DISK: Disk '/vmfs/volumes/3a4fd8ce-fc4375c4-effb-5cf3fce846f8/SGRL-WSU001/SGRL-WSU001_1.vmdk' has UUID '60 00 c2 9e 5f 9a 09 df-64 f8 e9 0c 85 44 1f ad'
2001-01-01T03:41:56.359Z| worker-2106032| I125: DISK: Disk '/vmfs/volumes/3a4fd8ce-fc4375c4-effb-5cf3fce846f8/SGRL-WSU001/SGRL-WSU001.vmdk' has UUID '60 00 c2 9a c9 9f f9 f8-72 0b a4 ca b0 2b 53 55'
2001-01-01T03:41:56.359Z| vmx| I125: DISK: OPEN '/vmfs/volumes/3a4fd8ce-fc4375c4-effb-5cf3fce846f8/SGRL-WSU001/SGRL-WSU001_1.vmdk' Geo (65270/255/63) BIOS Geo (0/0/0)
2001-01-01T03:41:56.359Z| worker-2106032| I125: DISK: OPEN '/vmfs/volumes/3a4fd8ce-fc4375c4-effb-5cf3fce846f8/SGRL-WSU001/SGRL-WSU001.vmdk' Geo (19581/255/63) BIOS Geo (0/0/0)
2001-01-01T03:41:56.359Z| vmx| I125: UTIL: Change file descriptor limit from soft 4096,hard 4096 to soft 4211,hard 4211.
2001-01-01T03:41:56.359Z| worker-2106032| I125: UTIL: Change file descriptor limit from soft 4211,hard 4211 to soft 4326,hard 4326.
2001-01-01T03:41:56.360Z| vmx| I125: DISK: Opening disks took 3 ms.
2001-01-01T03:41:56.360Z| vmx| I125: SOCKET creating new socket, connecting to /var/run/vmware/usbarbitrator-socket
2001-01-01T03:41:56.361Z| vmx| I125: USB: Initializing 'Virtual Hub' backend
2001-01-01T03:41:56.361Z| vmx| I125: USB: Initializing 'Generic' backend
2001-01-01T03:41:56.361Z| vmx| I125: USB: Initializing 'Virtual HID' backend
2001-01-01T03:41:56.361Z| vmx| I125: USB: Initializing 'Remote Device' backend
2001-01-01T03:41:56.361Z| vmx| I125: RemoteUSBVMX: Retrieved hostId [41 56 99 a2 2d 26 11 e1-83 cb 5c f3 fc e8 46 f8]
2001-01-01T03:41:56.361Z| vmx| I125: RemoteUSBVMX: Protocol version min:15 current:17
2001-01-01T03:41:56.361Z| vmx| I125: RemoteUSBVMX: no delay setting is TRUE.
2001-01-01T03:41:56.361Z| vmx| I125: USB: Initializing 'Virtual Mass Storage' backend
2001-01-01T03:41:56.361Z| vmx| I125: USB: Initializing 'Virtual RNG' backend
2001-01-01T03:41:56.361Z| vmx| I125: MKS PowerOn
2001-01-01T03:41:56.362Z| mks| I125: VTHREAD 154537027328 "mks" wid 2106035
2001-01-01T03:41:56.362Z| mks| I125: MKS thread is alive
2001-01-01T03:41:56.363Z| mks| I125: MKS-RenderMain: PowerOn allowed MKSBasicOps SWRenderer 
2001-01-01T03:41:56.363Z| mks| I125: MKS-RenderMain: Started MKSBasicOps
2001-01-01T03:41:56.363Z| mks| I125: MKS-RenderMain: Stopping MKSBasicOps
2001-01-01T03:41:56.363Z| mks| I125: MKS-RenderMain: Collecting RenderOps caps from MKSBasicOps
2001-01-01T03:41:56.363Z| mks| I125: MKS-RenderMain: Started MKSBasicOps
2001-01-01T03:41:56.363Z| mks| I125: MKS-RenderMain: Found Full Renderer: MKSBasicOps
2001-01-01T03:41:56.363Z| mks| I125: MKS-RenderMain: MinimalCaps: maxTextureSize=32768
2001-01-01T03:41:56.363Z| mks| I125: MKSRemoteMgr: Set default display name: SGRL-WSU001
2001-01-01T03:41:56.363Z| mks| I125: MKSRemoteMgr: Loading VNC Configuration from VM config file
2001-01-01T03:41:56.364Z| vmx| I125: VLANCE: send cluster threshold is 80, size = 2 recalcInterval is 20000 us
2001-01-01T03:41:56.364Z| vmx| I125: Chipset version: 0x13
2001-01-01T03:41:56.366Z| vmx| A100: ConfigDB: Setting pciBridge4.pciSlotNumber = "-1"
2001-01-01T03:41:56.366Z| vmx| A100: ConfigDB: Setting pciBridge5.pciSlotNumber = "-1"
2001-01-01T03:41:56.366Z| vmx| A100: ConfigDB: Setting pciBridge6.pciSlotNumber = "-1"
2001-01-01T03:41:56.366Z| vmx| A100: ConfigDB: Setting pciBridge7.pciSlotNumber = "-1"
2001-01-01T03:41:56.366Z| vmx| A100: ConfigDB: Setting pciBridge4.pciSlotNumber = "21"
2001-01-01T03:41:56.366Z| vmx| A100: ConfigDB: Setting pciBridge5.pciSlotNumber = "22"
2001-01-01T03:41:56.366Z| vmx| A100: ConfigDB: Setting pciBridge6.pciSlotNumber = "23"
2001-01-01T03:41:56.366Z| vmx| A100: ConfigDB: Setting pciBridge7.pciSlotNumber = "24"
2001-01-01T03:41:56.368Z| vmx| I125: PVSCSI: scsi0: reqCallThreshold 0
2001-01-01T03:41:56.368Z| vmx| I125: SCSI0: UNTAGGED commands will be converted to ORDER tags.
2001-01-01T03:41:56.368Z| vmx| I125: PVSCSI: scsi0: h/w rev #2
2001-01-01T03:41:56.368Z| vmx| A100: ConfigDB: Setting scsi0.sasWWID = "50 05 05 6b 6d 1c 1e f0"
2001-01-01T03:41:56.369Z| vmx| I125: SCSI: scsi0: intr coalescing: on period=50msec cifTh=4 iopsTh=2000 hlt=0
2001-01-01T03:41:56.369Z| vmx| I125: SCSI DEVICE (scsi0:0): Computed value of scsi0:0.useBounceBuffers: default
2001-01-01T03:41:56.369Z| vmx| I125: Creating virtual dev for 'scsi0:0'.
2001-01-01T03:41:56.369Z| vmx| I125: DumpDiskInfo: scsi0:0 createType=11, capacity = 314572800, numLinks = 1, allocationType = 2
2001-01-01T03:41:56.369Z| vmx| I125: SCSIDiskESXPopulateVDevDesc: Using FS backend
2001-01-01T03:41:56.369Z| vmx| I125: DISKUTIL: scsi0:0 : geometry=19581/255/63
2001-01-01T03:41:56.369Z| vmx| I125: SCSIFilterESXAttachCBRCInt: CBRC not enabled or opened without filters,skipping CBRC           filter attach.
2001-01-01T03:41:56.369Z| vmx| I125: SCSI DEVICE (scsi0:1): Computed value of scsi0:1.useBounceBuffers: default
2001-01-01T03:41:56.369Z| vmx| I125: Creating virtual dev for 'scsi0:1'.
2001-01-01T03:41:56.369Z| vmx| I125: DumpDiskInfo: scsi0:1 createType=11, capacity = 1048576000, numLinks = 1, allocationType = 2
2001-01-01T03:41:56.369Z| vmx| I125: SCSIDiskESXPopulateVDevDesc: Using FS backend
2001-01-01T03:41:56.369Z| vmx| I125: DISKUTIL: scsi0:1 : geometry=65270/255/63
2001-01-01T03:41:56.369Z| vmx| I125: SCSIFilterESXAttachCBRCInt: CBRC not enabled or opened without filters,skipping CBRC           filter attach.
2001-01-01T03:41:56.369Z| vmx| I125: SVGA-GFB: Config settings: autodetect=1, numDisplays=1, maxWidth=2560, maxHeight=1600
2001-01-01T03:41:56.369Z| vmx| I125: SVGA-GFB: MKS auto-detected resolution target: numDisplays=1, wh(2560, 1600)
2001-01-01T03:41:56.369Z| vmx| I125: SVGA-GFB: Desired maximum display topology: wh(2560, 1600)
2001-01-01T03:41:56.369Z| vmx| I125: SVGA-GFB: Autodetected target gfbSize = 16777216
2001-01-01T03:41:56.369Z| vmx| I125: SVGA-GFB: Using Initial       gfbSize = 4194304
2001-01-01T03:41:56.369Z| vmx| I125: SVGA-GFB: MaxPrimaryMem      register = 16777216
2001-01-01T03:41:56.369Z| vmx| I125: SVGA: Number of displays 2
2001-01-01T03:41:56.369Z| vmx| I125: SVGA: Truncated maximum resolution for register modes to VRAM size: (VRAM=4194304 bytes, max wh(1176, 885)
2001-01-01T03:41:56.370Z| vmx| I125: SVGA: FIFO capabilities 0x0000077f
2001-01-01T03:41:56.370Z| vmx| I125: SVGACaps: Device       caps : 0xfdff83e2
2001-01-01T03:41:56.370Z| vmx| I125: SVGACaps: Device       caps2: 0x00000003
2001-01-01T03:41:56.370Z| vmx| I125: SVGA3dCaps: host, at power on: 3d disabled
2001-01-01T03:41:56.370Z| vmx| I125:   cap[  0]: 0x00000000 (3D)
2001-01-01T03:41:56.370Z| vmx| I125:   cap[  1]: 0x00000000 (MAX_LIGHTS)
2001-01-01T03:41:56.370Z| vmx| I125:   cap[  2]: 0x00000000 (MAX_TEXTURES)
2001-01-01T03:41:56.370Z| vmx| I125:   cap[  3]: 0x00000000 (MAX_CLIP_PLANES)
2001-01-01T03:41:56.370Z| vmx| I125:   cap[  4]: 0x00000000 (VERTEX_SHADER_VERSION)
2001-01-01T03:41:56.370Z| vmx| I125:   cap[  5]: 0x00000000 (VERTEX_SHADER)
2001-01-01T03:41:56.370Z| vmx| I125:   cap[  6]: 0x00000000 (FRAGMENT_SHADER_VERSION)
2001-01-01T03:41:56.370Z| vmx| I125:   cap[  7]: 0x00000000 (FRAGMENT_SHADER)
2001-01-01T03:41:56.370Z| vmx| I125:   cap[  8]: 0x00000000 (MAX_RENDER_TARGETS)
2001-01-01T03:41:56.370Z| vmx| I125:   cap[  9]: 0x00000000 (S23E8_TEXTURES)
2001-01-01T03:41:56.370Z| vmx| I125:   cap[ 10]: 0x00000000 (S10E5_TEXTURES)
2001-01-01T03:41:56.370Z| vmx| I125:   cap[ 11]: 0x00000000 (MAX_FIXED_VERTEXBLEND)
2001-01-01T03:41:56.370Z| vmx| I125:   cap[ 12]: 0x00000000 (D16_BUFFER_FORMAT)
2001-01-01T03:41:56.370Z| vmx| I125:   cap[ 13]: 0x00000000 (D24S8_BUFFER_FORMAT)
2001-01-01T03:41:56.370Z| vmx| I125:   cap[ 14]: 0x00000000 (D24X8_BUFFER_FORMAT)
2001-01-01T03:41:56.370Z| vmx| I125:   cap[ 15]: 0x00000000 (QUERY_TYPES)
2001-01-01T03:41:56.370Z| vmx| I125:   cap[ 16]: 0x00000000 (TEXTURE_GRADIENT_SAMPLING)
2001-01-01T03:41:56.370Z| vmx| I125:   cap[ 17]:   0.000000 (MAX_POINT_SIZE)
2001-01-01T03:41:56.370Z| vmx| I125:   cap[ 18]: 0x00000000 (MAX_SHADER_TEXTURES)
2001-01-01T03:41:56.370Z| vmx| I125:   cap[ 19]: 0x00002000 (MAX_TEXTURE_WIDTH)
2001-01-01T03:41:56.370Z| vmx| I125:   cap[ 20]: 0x00002000 (MAX_TEXTURE_HEIGHT)
2001-01-01T03:41:56.370Z| vmx| I125:   cap[ 21]: 0x00000000 (MAX_VOLUME_EXTENT)
2001-01-01T03:41:56.370Z| vmx| I125:   cap[ 22]: 0x00000000 (MAX_TEXTURE_REPEAT)
2001-01-01T03:41:56.370Z| vmx| I125:   cap[ 23]: 0x00000000 (MAX_TEXTURE_ASPECT_RATIO)
2001-01-01T03:41:56.370Z| vmx| I125:   cap[ 24]: 0x00000000 (MAX_TEXTURE_ANISOTROPY)
2001-01-01T03:41:56.370Z| vmx| I125:   cap[ 25]: 0x00000000 (MAX_PRIMITIVE_COUNT)
2001-01-01T03:41:56.370Z| vmx| I125:   cap[ 26]: 0x00000000 (MAX_VERTEX_INDEX)
2001-01-01T03:41:56.370Z| vmx| I125:   cap[ 27]: 0x00000000 (MAX_VERTEX_SHADER_INSTRUCTIONS)
2001-01-01T03:41:56.370Z| vmx| I125:   cap[ 28]: 0x00000000 (MAX_FRAGMENT_SHADER_INSTRUCTIONS)
2001-01-01T03:41:56.370Z| vmx| I125:   cap[ 29]: 0x00000000 (MAX_VERTEX_SHADER_TEMPS)
2001-01-01T03:41:56.370Z| vmx| I125:   cap[ 30]: 0x00000000 (MAX_FRAGMENT_SHADER_TEMPS)
2001-01-01T03:41:56.370Z| vmx| I125:   cap[ 31]: 0x00000000 (TEXTURE_OPS)
2001-01-01T03:41:56.370Z| vmx| I125:   cap[ 32]: 0x00000000 (SURFACEFMT_X8R8G8B8)
2001-01-01T03:41:56.370Z| vmx| I125:   cap[ 33]: 0x00000000 (SURFACEFMT_A8R8G8B8)
2001-01-01T03:41:56.370Z| vmx| I125:   cap[ 34]: 0x00000000 (SURFACEFMT_A2R10G10B10)
2001-01-01T03:41:56.370Z| vmx| I125:   cap[ 35]: 0x00000000 (SURFACEFMT_X1R5G5B5)
2001-01-01T03:41:56.370Z| vmx| I125:   cap[ 36]: 0x00000000 (SURFACEFMT_A1R5G5B5)
2001-01-01T03:41:56.370Z| vmx| I125:   cap[ 37]: 0x00000000 (SURFACEFMT_A4R4G4B4)
2001-01-01T03:41:56.370Z| vmx| I125:   cap[ 38]: 0x00000000 (SURFACEFMT_R5G6B5)
2001-01-01T03:41:56.370Z| vmx| I125:   cap[ 39]: 0x00000000 (SURFACEFMT_LUMINANCE16)
2001-01-01T03:41:56.370Z| vmx| I125:   cap[ 40]: 0x00000000 (SURFACEFMT_LUMINANCE8_ALPHA8)
2001-01-01T03:41:56.370Z| vmx| I125:   cap[ 41]: 0x00000000 (SURFACEFMT_ALPHA8)
2001-01-01T03:41:56.370Z| vmx| I125:   cap[ 42]: 0x00000000 (SURFACEFMT_LUMINANCE8)
2001-01-01T03:41:56.370Z| vmx| I125:   cap[ 43]: 0x00000000 (SURFACEFMT_Z_D16)
2001-01-01T03:41:56.370Z| vmx| I125:   cap[ 44]: 0x00000000 (SURFACEFMT_Z_D24S8)
2001-01-01T03:41:56.370Z| vmx| I125:   cap[ 45]: 0x00000000 (SURFACEFMT_Z_D24X8)
2001-01-01T03:41:56.370Z| vmx| I125:   cap[ 46]: 0x00000000 (SURFACEFMT_DXT1)
2001-01-01T03:41:56.370Z| vmx| I125:   cap[ 47]: 0x00000000 (SURFACEFMT_DXT2)
2001-01-01T03:41:56.370Z| vmx| I125:   cap[ 48]: 0x00000000 (SURFACEFMT_DXT3)
2001-01-01T03:41:56.370Z| vmx| I125:   cap[ 49]: 0x00000000 (SURFACEFMT_DXT4)
2001-01-01T03:41:56.370Z| vmx| I125:   cap[ 50]: 0x00000000 (SURFACEFMT_DXT5)
2001-01-01T03:41:56.370Z| vmx| I125:   cap[ 51]: 0x00000000 (SURFACEFMT_BUMPX8L8V8U8)
2001-01-01T03:41:56.371Z| vmx| I125:   cap[ 52]: 0x00000000 (SURFACEFMT_A2W10V10U10)
2001-01-01T03:41:56.371Z| vmx| I125:   cap[ 53]: 0x00000000 (SURFACEFMT_BUMPU8V8)
2001-01-01T03:41:56.371Z| vmx| I125:   cap[ 54]: 0x00000000 (SURFACEFMT_Q8W8V8U8)
2001-01-01T03:41:56.371Z| vmx| I125:   cap[ 55]: 0x00000000 (SURFACEFMT_CxV8U8)
2001-01-01T03:41:56.371Z| vmx| I125:   cap[ 56]: 0x00000000 (SURFACEFMT_R_S10E5)
2001-01-01T03:41:56.371Z| vmx| I125:   cap[ 57]: 0x00000000 (SURFACEFMT_R_S23E8)
2001-01-01T03:41:56.371Z| vmx| I125:   cap[ 58]: 0x00000000 (SURFACEFMT_RG_S10E5)
2001-01-01T03:41:56.371Z| vmx| I125:   cap[ 59]: 0x00000000 (SURFACEFMT_RG_S23E8)
2001-01-01T03:41:56.371Z| vmx| I125:   cap[ 60]: 0x00000000 (SURFACEFMT_ARGB_S10E5)
2001-01-01T03:41:56.371Z| vmx| I125:   cap[ 61]: 0x00000000 (SURFACEFMT_ARGB_S23E8)
2001-01-01T03:41:56.371Z| vmx| I125:   cap[ 62]: 0x00000000 (MISSING62)
2001-01-01T03:41:56.371Z| vmx| I125:   cap[ 63]: 0x00000000 (MAX_VERTEX_SHADER_TEXTURES)
2001-01-01T03:41:56.371Z| vmx| I125:   cap[ 64]: 0x00000000 (MAX_SIMULTANEOUS_RENDER_TARGETS)
2001-01-01T03:41:56.371Z| vmx| I125:   cap[ 65]: 0x00000000 (SURFACEFMT_V16U16)
2001-01-01T03:41:56.371Z| vmx| I125:   cap[ 66]: 0x00000000 (SURFACEFMT_G16R16)
2001-01-01T03:41:56.371Z| vmx| I125:   cap[ 67]: 0x00000000 (SURFACEFMT_A16B16G16R16)
2001-01-01T03:41:56.371Z| vmx| I125:   cap[ 68]: 0x00000000 (SURFACEFMT_UYVY)
2001-01-01T03:41:56.371Z| vmx| I125:   cap[ 69]: 0x00000000 (SURFACEFMT_YUY2)
2001-01-01T03:41:56.371Z| vmx| I125:   cap[ 70]: 0x00000000 (MULTISAMPLE_NONMASKABLESAMPLES)
2001-01-01T03:41:56.371Z| vmx| I125:   cap[ 71]: 0x00000000 (MULTISAMPLE_MASKABLESAMPLES)
2001-01-01T03:41:56.371Z| vmx| I125:   cap[ 72]: 0x00000000 (ALPHATOCOVERAGE)
2001-01-01T03:41:56.371Z| vmx| I125:   cap[ 73]: 0x00000000 (SUPERSAMPLE)
2001-01-01T03:41:56.371Z| vmx| I125:   cap[ 74]: 0x00000000 (AUTOGENMIPMAPS)
2001-01-01T03:41:56.371Z| vmx| I125:   cap[ 75]: 0x00000000 (SURFACEFMT_NV12)
2001-01-01T03:41:56.371Z| vmx| I125:   cap[ 76]: 0x00000000 (SURFACEFMT_AYUV)
2001-01-01T03:41:56.371Z| vmx| I125:   cap[ 77]: 0x00000000 (MAX_CONTEXT_IDS)
2001-01-01T03:41:56.371Z| vmx| I125:   cap[ 78]: 0x00000000 (MAX_SURFACE_IDS)
2001-01-01T03:41:56.371Z| vmx| I125:   cap[ 79]: 0x00000000 (SURFACEFMT_Z_DF16)
2001-01-01T03:41:56.371Z| vmx| I125:   cap[ 80]: 0x00000000 (SURFACEFMT_Z_DF24)
2001-01-01T03:41:56.371Z| vmx| I125:   cap[ 81]: 0x00000000 (SURFACEFMT_Z_D24S8_INT)
2001-01-01T03:41:56.371Z| vmx| I125:   cap[ 82]: 0x00000000 (SURFACEFMT_ATI1)
2001-01-01T03:41:56.371Z| vmx| I125:   cap[ 83]: 0x00000000 (SURFACEFMT_ATI2)
2001-01-01T03:41:56.371Z| vmx| I125:   cap[ 84]: 0x00000000 (DEAD1)
2001-01-01T03:41:56.371Z| vmx| I125:   cap[ 85]: 0x00000000 (VIDEO_DECODE)
2001-01-01T03:41:56.371Z| vmx| I125:   cap[ 86]: 0x00000000 (VIDEO_PROCESS)
2001-01-01T03:41:56.371Z| vmx| I125:   cap[ 87]: 0x00000000 (LINE_AA)
2001-01-01T03:41:56.371Z| vmx| I125:   cap[ 88]: 0x00000000 (LINE_STIPPLE)
2001-01-01T03:41:56.371Z| vmx| I125:   cap[ 89]:   0.000000 (MAX_LINE_WIDTH)
2001-01-01T03:41:56.371Z| vmx| I125:   cap[ 90]:   0.000000 (MAX_AA_LINE_WIDTH)
2001-01-01T03:41:56.371Z| vmx| I125:   cap[ 91]: 0x00000000 (SURFACEFMT_YV12)
2001-01-01T03:41:56.371Z| vmx| I125:   cap[ 92]: 0x00000000 (DEAD3)
2001-01-01T03:41:56.371Z| vmx| I125:   cap[ 93]: 0x00000001 (TS_COLOR_KEY)
2001-01-01T03:41:56.371Z| vmx| I125:   cap[ 94]: 0x00000000 (DEAD2)
2001-01-01T03:41:56.371Z| vmx| I125:   cap[ 95]: 0x00000000 (DXCONTEXT)
2001-01-01T03:41:56.371Z| vmx| I125:   cap[ 96]: 0x00000000 (MAX_TEXTURE_ARRAY_SIZE)
2001-01-01T03:41:56.371Z| vmx| I125:   cap[ 97]: 0x00000000 (DX_MAX_VERTEXBUFFERS)
2001-01-01T03:41:56.371Z| vmx| I125:   cap[ 98]: 0x00000000 (DX_MAX_CONSTANT_BUFFERS)
2001-01-01T03:41:56.371Z| vmx| I125:   cap[ 99]: 0x00000000 (DX_PROVOKING_VERTEX)
2001-01-01T03:41:56.371Z| vmx| I125:   cap[100]: 0x00000000 (DXFMT_X8R8G8B8)
2001-01-01T03:41:56.371Z| vmx| I125:   cap[101]: 0x00000000 (DXFMT_A8R8G8B8)
2001-01-01T03:41:56.371Z| vmx| I125:   cap[102]: 0x00000000 (DXFMT_R5G6B5)
2001-01-01T03:41:56.371Z| vmx| I125:   cap[103]: 0x00000000 (DXFMT_X1R5G5B5)
2001-01-01T03:41:56.371Z| vmx| I125:   cap[104]: 0x00000000 (DXFMT_A1R5G5B5)
2001-01-01T03:41:56.371Z| vmx| I125:   cap[105]: 0x00000000 (DXFMT_A4R4G4B4)
2001-01-01T03:41:56.371Z| vmx| I125:   cap[106]: 0x00000000 (DXFMT_Z_D32)
2001-01-01T03:41:56.371Z| vmx| I125:   cap[107]: 0x00000000 (DXFMT_Z_D16)
2001-01-01T03:41:56.371Z| vmx| I125:   cap[108]: 0x00000000 (DXFMT_Z_D24S8)
2001-01-01T03:41:56.371Z| vmx| I125:   cap[109]: 0x00000000 (DXFMT_Z_D15S1)
2001-01-01T03:41:56.371Z| vmx| I125:   cap[110]: 0x00000000 (DXFMT_LUMINANCE8)
2001-01-01T03:41:56.371Z| vmx| I125:   cap[111]: 0x00000000 (DXFMT_LUMINANCE4_ALPHA4)
2001-01-01T03:41:56.371Z| vmx| I125:   cap[112]: 0x00000000 (DXFMT_LUMINANCE16)
2001-01-01T03:41:56.371Z| vmx| I125:   cap[113]: 0x00000000 (DXFMT_LUMINANCE8_ALPHA8)
2001-01-01T03:41:56.371Z| vmx| I125:   cap[114]: 0x00000000 (DXFMT_DXT1)
2001-01-01T03:41:56.371Z| vmx| I125:   cap[115]: 0x00000000 (DXFMT_DXT2)
2001-01-01T03:41:56.371Z| vmx| I125:   cap[116]: 0x00000000 (DXFMT_DXT3)
2001-01-01T03:41:56.371Z| vmx| I125:   cap[117]: 0x00000000 (DXFMT_DXT4)
2001-01-01T03:41:56.371Z| vmx| I125:   cap[118]: 0x00000000 (DXFMT_DXT5)
2001-01-01T03:41:56.371Z| vmx| I125:   cap[119]: 0x00000000 (DXFMT_BUMPU8V8)
2001-01-01T03:41:56.371Z| vmx| I125:   cap[120]: 0x00000000 (DXFMT_BUMPL6V5U5)
2001-01-01T03:41:56.371Z| vmx| I125:   cap[121]: 0x00000000 (DXFMT_BUMPX8L8V8U8)
2001-01-01T03:41:56.371Z| vmx| I125:   cap[122]: 0x00000000 (DXFMT_FORMAT_DEAD1)
2001-01-01T03:41:56.371Z| vmx| I125:   cap[123]: 0x00000000 (DXFMT_ARGB_S10E5)
2001-01-01T03:41:56.371Z| vmx| I125:   cap[124]: 0x00000000 (DXFMT_ARGB_S23E8)
2001-01-01T03:41:56.371Z| vmx| I125:   cap[125]: 0x00000000 (DXFMT_A2R10G10B10)
2001-01-01T03:41:56.371Z| vmx| I125:   cap[126]: 0x00000000 (DXFMT_V8U8)
2001-01-01T03:41:56.371Z| vmx| I125:   cap[127]: 0x00000000 (DXFMT_Q8W8V8U8)
2001-01-01T03:41:56.371Z| vmx| I125:   cap[128]: 0x00000000 (DXFMT_CxV8U8)
2001-01-01T03:41:56.371Z| vmx| I125:   cap[129]: 0x00000000 (DXFMT_X8L8V8U8)
2001-01-01T03:41:56.371Z| vmx| I125:   cap[130]: 0x00000000 (DXFMT_A2W10V10U10)
2001-01-01T03:41:56.371Z| vmx| I125:   cap[131]: 0x00000000 (DXFMT_ALPHA8)
2001-01-01T03:41:56.371Z| vmx| I125:   cap[132]: 0x00000000 (DXFMT_R_S10E5)
2001-01-01T03:41:56.371Z| vmx| I125:   cap[133]: 0x00000000 (DXFMT_R_S23E8)
2001-01-01T03:41:56.371Z| vmx| I125:   cap[134]: 0x00000000 (DXFMT_RG_S10E5)
2001-01-01T03:41:56.371Z| vmx| I125:   cap[135]: 0x00000000 (DXFMT_RG_S23E8)
2001-01-01T03:41:56.371Z| vmx| I125:   cap[136]: 0x00000000 (DXFMT_BUFFER)
2001-01-01T03:41:56.371Z| vmx| I125:   cap[137]: 0x00000000 (DXFMT_Z_D24X8)
2001-01-01T03:41:56.371Z| vmx| I125:   cap[138]: 0x00000000 (DXFMT_V16U16)
2001-01-01T03:41:56.371Z| vmx| I125:   cap[139]: 0x00000000 (DXFMT_G16R16)
2001-01-01T03:41:56.371Z| vmx| I125:   cap[140]: 0x00000000 (DXFMT_A16B16G16R16)
2001-01-01T03:41:56.371Z| vmx| I125:   cap[141]: 0x00000000 (DXFMT_UYVY)
2001-01-01T03:41:56.371Z| vmx| I125:   cap[142]: 0x00000000 (DXFMT_YUY2)
2001-01-01T03:41:56.371Z| vmx| I125:   cap[143]: 0x00000000 (DXFMT_NV12)
2001-01-01T03:41:56.371Z| vmx| I125:   cap[144]: 0x00000000 (DXFMT_AYUV)
2001-01-01T03:41:56.371Z| vmx| I125:   cap[145]: 0x00000000 (DXFMT_R32G32B32A32_TYPELESS)
2001-01-01T03:41:56.372Z| vmx| I125:   cap[146]: 0x00000000 (DXFMT_R32G32B32A32_UINT)
2001-01-01T03:41:56.372Z| vmx| I125:   cap[147]: 0x00000000 (DXFMT_R32G32B32A32_SINT)
2001-01-01T03:41:56.372Z| vmx| I125:   cap[148]: 0x00000000 (DXFMT_R32G32B32_TYPELESS)
2001-01-01T03:41:56.372Z| vmx| I125:   cap[149]: 0x00000000 (DXFMT_R32G32B32_FLOAT)
2001-01-01T03:41:56.372Z| vmx| I125:   cap[150]: 0x00000000 (DXFMT_R32G32B32_UINT)
2001-01-01T03:41:56.372Z| vmx| I125:   cap[151]: 0x00000000 (DXFMT_R32G32B32_SINT)
2001-01-01T03:41:56.372Z| vmx| I125:   cap[152]: 0x00000000 (DXFMT_R16G16B16A16_TYPELESS)
2001-01-01T03:41:56.372Z| vmx| I125:   cap[153]: 0x00000000 (DXFMT_R16G16B16A16_UINT)
2001-01-01T03:41:56.372Z| vmx| I125:   cap[154]: 0x00000000 (DXFMT_R16G16B16A16_SNORM)
2001-01-01T03:41:56.372Z| vmx| I125:   cap[155]: 0x00000000 (DXFMT_R16G16B16A16_SINT)
2001-01-01T03:41:56.372Z| vmx| I125:   cap[156]: 0x00000000 (DXFMT_R32G32_TYPELESS)
2001-01-01T03:41:56.372Z| vmx| I125:   cap[157]: 0x00000000 (DXFMT_R32G32_UINT)
2001-01-01T03:41:56.372Z| vmx| I125:   cap[158]: 0x00000000 (DXFMT_R32G32_SINT)
2001-01-01T03:41:56.372Z| vmx| I125:   cap[159]: 0x00000000 (DXFMT_R32G8X24_TYPELESS)
2001-01-01T03:41:56.372Z| vmx| I125:   cap[160]: 0x00000000 (DXFMT_D32_FLOAT_S8X24_UINT)
2001-01-01T03:41:56.372Z| vmx| I125:   cap[161]: 0x00000000 (DXFMT_R32_FLOAT_X8X24_TYPELESS)
2001-01-01T03:41:56.372Z| vmx| I125:   cap[162]: 0x00000000 (DXFMT_X32_TYPELESS_G8X24_UINT)
2001-01-01T03:41:56.372Z| vmx| I125:   cap[163]: 0x00000000 (DXFMT_R10G10B10A2_TYPELESS)
2001-01-01T03:41:56.372Z| vmx| I125:   cap[164]: 0x00000000 (DXFMT_R10G10B10A2_UINT)
2001-01-01T03:41:56.372Z| vmx| I125:   cap[165]: 0x00000000 (DXFMT_R11G11B10_FLOAT)
2001-01-01T03:41:56.372Z| vmx| I125:   cap[166]: 0x00000000 (DXFMT_R8G8B8A8_TYPELESS)
2001-01-01T03:41:56.372Z| vmx| I125:   cap[167]: 0x00000000 (DXFMT_R8G8B8A8_UNORM)
2001-01-01T03:41:56.372Z| vmx| I125:   cap[168]: 0x00000000 (DXFMT_R8G8B8A8_UNORM_SRGB)
2001-01-01T03:41:56.372Z| vmx| I125:   cap[169]: 0x00000000 (DXFMT_R8G8B8A8_UINT)
2001-01-01T03:41:56.372Z| vmx| I125:   cap[170]: 0x00000000 (DXFMT_R8G8B8A8_SINT)
2001-01-01T03:41:56.372Z| vmx| I125:   cap[171]: 0x00000000 (DXFMT_R16G16_TYPELESS)
2001-01-01T03:41:56.372Z| vmx| I125:   cap[172]: 0x00000000 (DXFMT_R16G16_UINT)
2001-01-01T03:41:56.372Z| vmx| I125:   cap[173]: 0x00000000 (DXFMT_R16G16_SINT)
2001-01-01T03:41:56.372Z| vmx| I125:   cap[174]: 0x00000000 (DXFMT_R32_TYPELESS)
2001-01-01T03:41:56.372Z| vmx| I125:   cap[175]: 0x00000000 (DXFMT_D32_FLOAT)
2001-01-01T03:41:56.372Z| vmx| I125:   cap[176]: 0x00000000 (DXFMT_R32_UINT)
2001-01-01T03:41:56.372Z| vmx| I125:   cap[177]: 0x00000000 (DXFMT_R32_SINT)
2001-01-01T03:41:56.372Z| vmx| I125:   cap[178]: 0x00000000 (DXFMT_R24G8_TYPELESS)
2001-01-01T03:41:56.372Z| vmx| I125:   cap[179]: 0x00000000 (DXFMT_D24_UNORM_S8_UINT)
2001-01-01T03:41:56.372Z| vmx| I125:   cap[180]: 0x00000000 (DXFMT_R24_UNORM_X8_TYPELESS)
2001-01-01T03:41:56.372Z| vmx| I125:   cap[181]: 0x00000000 (DXFMT_X24_TYPELESS_G8_UINT)
2001-01-01T03:41:56.372Z| vmx| I125:   cap[182]: 0x00000000 (DXFMT_R8G8_TYPELESS)
2001-01-01T03:41:56.372Z| vmx| I125:   cap[183]: 0x00000000 (DXFMT_R8G8_UNORM)
2001-01-01T03:41:56.372Z| vmx| I125:   cap[184]: 0x00000000 (DXFMT_R8G8_UINT)
2001-01-01T03:41:56.372Z| vmx| I125:   cap[185]: 0x00000000 (DXFMT_R8G8_SINT)
2001-01-01T03:41:56.372Z| vmx| I125:   cap[186]: 0x00000000 (DXFMT_R16_TYPELESS)
2001-01-01T03:41:56.372Z| vmx| I125:   cap[187]: 0x00000000 (DXFMT_R16_UNORM)
2001-01-01T03:41:56.372Z| vmx| I125:   cap[188]: 0x00000000 (DXFMT_R16_UINT)
2001-01-01T03:41:56.372Z| vmx| I125:   cap[189]: 0x00000000 (DXFMT_R16_SNORM)
2001-01-01T03:41:56.372Z| vmx| I125:   cap[190]: 0x00000000 (DXFMT_R16_SINT)
2001-01-01T03:41:56.372Z| vmx| I125:   cap[191]: 0x00000000 (DXFMT_R8_TYPELESS)
2001-01-01T03:41:56.372Z| vmx| I125:   cap[192]: 0x00000000 (DXFMT_R8_UNORM)
2001-01-01T03:41:56.372Z| vmx| I125:   cap[193]: 0x00000000 (DXFMT_R8_UINT)
2001-01-01T03:41:56.372Z| vmx| I125:   cap[194]: 0x00000000 (DXFMT_R8_SNORM)
2001-01-01T03:41:56.372Z| vmx| I125:   cap[195]: 0x00000000 (DXFMT_R8_SINT)
2001-01-01T03:41:56.372Z| vmx| I125:   cap[196]: 0x00000000 (DXFMT_P8)
2001-01-01T03:41:56.372Z| vmx| I125:   cap[197]: 0x00000000 (DXFMT_R9G9B9E5_SHAREDEXP)
2001-01-01T03:41:56.372Z| vmx| I125:   cap[198]: 0x00000000 (DXFMT_R8G8_B8G8_UNORM)
2001-01-01T03:41:56.372Z| vmx| I125:   cap[199]: 0x00000000 (DXFMT_G8R8_G8B8_UNORM)
2001-01-01T03:41:56.372Z| vmx| I125:   cap[200]: 0x00000000 (DXFMT_BC1_TYPELESS)
2001-01-01T03:41:56.372Z| vmx| I125:   cap[201]: 0x00000000 (DXFMT_BC1_UNORM_SRGB)
2001-01-01T03:41:56.372Z| vmx| I125:   cap[202]: 0x00000000 (DXFMT_BC2_TYPELESS)
2001-01-01T03:41:56.372Z| vmx| I125:   cap[203]: 0x00000000 (DXFMT_BC2_UNORM_SRGB)
2001-01-01T03:41:56.372Z| vmx| I125:   cap[204]: 0x00000000 (DXFMT_BC3_TYPELESS)
2001-01-01T03:41:56.372Z| vmx| I125:   cap[205]: 0x00000000 (DXFMT_BC3_UNORM_SRGB)
2001-01-01T03:41:56.372Z| vmx| I125:   cap[206]: 0x00000000 (DXFMT_BC4_TYPELESS)
2001-01-01T03:41:56.372Z| vmx| I125:   cap[207]: 0x00000000 (DXFMT_ATI1)
2001-01-01T03:41:56.372Z| vmx| I125:   cap[208]: 0x00000000 (DXFMT_BC4_SNORM)
2001-01-01T03:41:56.372Z| vmx| I125:   cap[209]: 0x00000000 (DXFMT_BC5_TYPELESS)
2001-01-01T03:41:56.372Z| vmx| I125:   cap[210]: 0x00000000 (DXFMT_ATI2)
2001-01-01T03:41:56.372Z| vmx| I125:   cap[211]: 0x00000000 (DXFMT_BC5_SNORM)
2001-01-01T03:41:56.372Z| vmx| I125:   cap[212]: 0x00000000 (DXFMT_R10G10B10_XR_BIAS_A2_UNORM)
2001-01-01T03:41:56.372Z| vmx| I125:   cap[213]: 0x00000000 (DXFMT_B8G8R8A8_TYPELESS)
2001-01-01T03:41:56.372Z| vmx| I125:   cap[214]: 0x00000000 (DXFMT_B8G8R8A8_UNORM_SRGB)
2001-01-01T03:41:56.372Z| vmx| I125:   cap[215]: 0x00000000 (DXFMT_B8G8R8X8_TYPELESS)
2001-01-01T03:41:56.372Z| vmx| I125:   cap[216]: 0x00000000 (DXFMT_B8G8R8X8_UNORM_SRGB)
2001-01-01T03:41:56.372Z| vmx| I125:   cap[217]: 0x00000000 (DXFMT_Z_DF16)
2001-01-01T03:41:56.372Z| vmx| I125:   cap[218]: 0x00000000 (DXFMT_Z_DF24)
2001-01-01T03:41:56.372Z| vmx| I125:   cap[219]: 0x00000000 (DXFMT_Z_D24S8_INT)
2001-01-01T03:41:56.372Z| vmx| I125:   cap[220]: 0x00000000 (DXFMT_YV12)
2001-01-01T03:41:56.372Z| vmx| I125:   cap[221]: 0x00000000 (DXFMT_R32G32B32A32_FLOAT)
2001-01-01T03:41:56.372Z| vmx| I125:   cap[222]: 0x00000000 (DXFMT_R16G16B16A16_FLOAT)
2001-01-01T03:41:56.372Z| vmx| I125:   cap[223]: 0x00000000 (DXFMT_R16G16B16A16_UNORM)
2001-01-01T03:41:56.372Z| vmx| I125:   cap[224]: 0x00000000 (DXFMT_R32G32_FLOAT)
2001-01-01T03:41:56.372Z| vmx| I125:   cap[225]: 0x00000000 (DXFMT_R10G10B10A2_UNORM)
2001-01-01T03:41:56.372Z| vmx| I125:   cap[226]: 0x00000000 (DXFMT_R8G8B8A8_SNORM)
2001-01-01T03:41:56.372Z| vmx| I125:   cap[227]: 0x00000000 (DXFMT_R16G16_FLOAT)
2001-01-01T03:41:56.372Z| vmx| I125:   cap[228]: 0x00000000 (DXFMT_R16G16_UNORM)
2001-01-01T03:41:56.372Z| vmx| I125:   cap[229]: 0x00000000 (DXFMT_R16G16_SNORM)
2001-01-01T03:41:56.372Z| vmx| I125:   cap[230]: 0x00000000 (DXFMT_R32_FLOAT)
2001-01-01T03:41:56.372Z| vmx| I125:   cap[231]: 0x00000000 (DXFMT_R8G8_SNORM)
2001-01-01T03:41:56.372Z| vmx| I125:   cap[232]: 0x00000000 (DXFMT_R16_FLOAT)
2001-01-01T03:41:56.372Z| vmx| I125:   cap[233]: 0x00000000 (DXFMT_D16_UNORM)
2001-01-01T03:41:56.372Z| vmx| I125:   cap[234]: 0x00000000 (DXFMT_A8_UNORM)
2001-01-01T03:41:56.372Z| vmx| I125:   cap[235]: 0x00000000 (DXFMT_BC1_UNORM)
2001-01-01T03:41:56.372Z| vmx| I125:   cap[236]: 0x00000000 (DXFMT_BC2_UNORM)
2001-01-01T03:41:56.372Z| vmx| I125:   cap[237]: 0x00000000 (DXFMT_BC3_UNORM)
2001-01-01T03:41:56.372Z| vmx| I125:   cap[238]: 0x00000000 (DXFMT_B5G6R5_UNORM)
2001-01-01T03:41:56.372Z| vmx| I125:   cap[239]: 0x00000000 (DXFMT_B5G5R5A1_UNORM)
2001-01-01T03:41:56.372Z| vmx| I125:   cap[240]: 0x00000000 (DXFMT_B8G8R8A8_UNORM)
2001-01-01T03:41:56.373Z| vmx| I125:   cap[241]: 0x00000000 (DXFMT_B8G8R8X8_UNORM)
2001-01-01T03:41:56.373Z| vmx| I125:   cap[242]: 0x00000000 (DXFMT_BC4_UNORM)
2001-01-01T03:41:56.373Z| vmx| I125:   cap[243]: 0x00000000 (DXFMT_BC5_UNORM)
2001-01-01T03:41:56.373Z| vmx| I125:   cap[244]: 0x00000000 (ALLOW_D16_L16_COPY)
2001-01-01T03:41:56.373Z| vmx| I125:   cap[245]: 0x00000000 (LOGICOPS)
2001-01-01T03:41:56.373Z| vmx| I125:   cap[246]: 0x00000000 (SM4_1)
2001-01-01T03:41:56.373Z| vmx| I125: SVGA3dCaps: guest, compatibility level: 5
2001-01-01T03:41:56.373Z| vmx| I125:   cap[  0]: 0x00000000 (3D)
2001-01-01T03:41:56.373Z| vmx| I125:   cap[  1]: 0x00000000 (MAX_LIGHTS)
2001-01-01T03:41:56.373Z| vmx| I125:   cap[  2]: 0x00000000 (MAX_TEXTURES)
2001-01-01T03:41:56.373Z| vmx| I125:   cap[  3]: 0x00000000 (MAX_CLIP_PLANES)
2001-01-01T03:41:56.373Z| vmx| I125:   cap[  4]: 0x00000000 (VERTEX_SHADER_VERSION)
2001-01-01T03:41:56.373Z| vmx| I125:   cap[  5]: 0x00000000 (VERTEX_SHADER)
2001-01-01T03:41:56.373Z| vmx| I125:   cap[  6]: 0x00000000 (FRAGMENT_SHADER_VERSION)
2001-01-01T03:41:56.373Z| vmx| I125:   cap[  7]: 0x00000000 (FRAGMENT_SHADER)
2001-01-01T03:41:56.373Z| vmx| I125:   cap[  8]: 0x00000000 (MAX_RENDER_TARGETS)
2001-01-01T03:41:56.373Z| vmx| I125:   cap[  9]: 0x00000000 (S23E8_TEXTURES)
2001-01-01T03:41:56.373Z| vmx| I125:   cap[ 10]: 0x00000000 (S10E5_TEXTURES)
2001-01-01T03:41:56.373Z| vmx| I125:   cap[ 11]: 0x00000000 (MAX_FIXED_VERTEXBLEND)
2001-01-01T03:41:56.373Z| vmx| I125:   cap[ 12]: 0x00000000 (D16_BUFFER_FORMAT)
2001-01-01T03:41:56.373Z| vmx| I125:   cap[ 13]: 0x00000000 (D24S8_BUFFER_FORMAT)
2001-01-01T03:41:56.373Z| vmx| I125:   cap[ 14]: 0x00000000 (D24X8_BUFFER_FORMAT)
2001-01-01T03:41:56.373Z| vmx| I125:   cap[ 15]: 0x00000000 (QUERY_TYPES)
2001-01-01T03:41:56.373Z| vmx| I125:   cap[ 16]: 0x00000000 (TEXTURE_GRADIENT_SAMPLING)
2001-01-01T03:41:56.373Z| vmx| I125:   cap[ 17]:   0.000000 (MAX_POINT_SIZE)
2001-01-01T03:41:56.373Z| vmx| I125:   cap[ 18]: 0x00000000 (MAX_SHADER_TEXTURES)
2001-01-01T03:41:56.373Z| vmx| I125:   cap[ 19]: 0x00002000 (MAX_TEXTURE_WIDTH)
2001-01-01T03:41:56.373Z| vmx| I125:   cap[ 20]: 0x00002000 (MAX_TEXTURE_HEIGHT)
2001-01-01T03:41:56.373Z| vmx| I125:   cap[ 21]: 0x00000000 (MAX_VOLUME_EXTENT)
2001-01-01T03:41:56.373Z| vmx| I125:   cap[ 22]: 0x00000000 (MAX_TEXTURE_REPEAT)
2001-01-01T03:41:56.373Z| vmx| I125:   cap[ 23]: 0x00000000 (MAX_TEXTURE_ASPECT_RATIO)
2001-01-01T03:41:56.373Z| vmx| I125:   cap[ 24]: 0x00000000 (MAX_TEXTURE_ANISOTROPY)
2001-01-01T03:41:56.373Z| vmx| I125:   cap[ 25]: 0x00000000 (MAX_PRIMITIVE_COUNT)
2001-01-01T03:41:56.373Z| vmx| I125:   cap[ 26]: 0x00000000 (MAX_VERTEX_INDEX)
2001-01-01T03:41:56.373Z| vmx| I125:   cap[ 27]: 0x00000000 (MAX_VERTEX_SHADER_INSTRUCTIONS)
2001-01-01T03:41:56.373Z| vmx| I125:   cap[ 28]: 0x00000000 (MAX_FRAGMENT_SHADER_INSTRUCTIONS)
2001-01-01T03:41:56.373Z| vmx| I125:   cap[ 29]: 0x00000000 (MAX_VERTEX_SHADER_TEMPS)
2001-01-01T03:41:56.373Z| vmx| I125:   cap[ 30]: 0x00000000 (MAX_FRAGMENT_SHADER_TEMPS)
2001-01-01T03:41:56.373Z| vmx| I125:   cap[ 31]: 0x00000000 (TEXTURE_OPS)
2001-01-01T03:41:56.373Z| vmx| I125:   cap[ 32]: 0x00000000 (SURFACEFMT_X8R8G8B8)
2001-01-01T03:41:56.373Z| vmx| I125:   cap[ 33]: 0x00000000 (SURFACEFMT_A8R8G8B8)
2001-01-01T03:41:56.373Z| vmx| I125:   cap[ 34]: 0x00000000 (SURFACEFMT_A2R10G10B10)
2001-01-01T03:41:56.373Z| vmx| I125:   cap[ 35]: 0x00000000 (SURFACEFMT_X1R5G5B5)
2001-01-01T03:41:56.373Z| vmx| I125:   cap[ 36]: 0x00000000 (SURFACEFMT_A1R5G5B5)
2001-01-01T03:41:56.373Z| vmx| I125:   cap[ 37]: 0x00000000 (SURFACEFMT_A4R4G4B4)
2001-01-01T03:41:56.373Z| vmx| I125:   cap[ 38]: 0x00000000 (SURFACEFMT_R5G6B5)
2001-01-01T03:41:56.373Z| vmx| I125:   cap[ 39]: 0x00000000 (SURFACEFMT_LUMINANCE16)
2001-01-01T03:41:56.373Z| vmx| I125:   cap[ 40]: 0x00000000 (SURFACEFMT_LUMINANCE8_ALPHA8)
2001-01-01T03:41:56.373Z| vmx| I125:   cap[ 41]: 0x00000000 (SURFACEFMT_ALPHA8)
2001-01-01T03:41:56.373Z| vmx| I125:   cap[ 42]: 0x00000000 (SURFACEFMT_LUMINANCE8)
2001-01-01T03:41:56.373Z| vmx| I125:   cap[ 43]: 0x00000000 (SURFACEFMT_Z_D16)
2001-01-01T03:41:56.373Z| vmx| I125:   cap[ 44]: 0x00000000 (SURFACEFMT_Z_D24S8)
2001-01-01T03:41:56.373Z| vmx| I125:   cap[ 45]: 0x00000000 (SURFACEFMT_Z_D24X8)
2001-01-01T03:41:56.373Z| vmx| I125:   cap[ 46]: 0x00000000 (SURFACEFMT_DXT1)
2001-01-01T03:41:56.373Z| vmx| I125:   cap[ 47]: 0x00000000 (SURFACEFMT_DXT2)
2001-01-01T03:41:56.373Z| vmx| I125:   cap[ 48]: 0x00000000 (SURFACEFMT_DXT3)
2001-01-01T03:41:56.373Z| vmx| I125:   cap[ 49]: 0x00000000 (SURFACEFMT_DXT4)
2001-01-01T03:41:56.373Z| vmx| I125:   cap[ 50]: 0x00000000 (SURFACEFMT_DXT5)
2001-01-01T03:41:56.373Z| vmx| I125:   cap[ 51]: 0x00000000 (SURFACEFMT_BUMPX8L8V8U8)
2001-01-01T03:41:56.373Z| vmx| I125:   cap[ 52]: 0x00000000 (SURFACEFMT_A2W10V10U10)
2001-01-01T03:41:56.373Z| vmx| I125:   cap[ 53]: 0x00000000 (SURFACEFMT_BUMPU8V8)
2001-01-01T03:41:56.373Z| vmx| I125:   cap[ 54]: 0x00000000 (SURFACEFMT_Q8W8V8U8)
2001-01-01T03:41:56.373Z| vmx| I125:   cap[ 55]: 0x00000000 (SURFACEFMT_CxV8U8)
2001-01-01T03:41:56.373Z| vmx| I125:   cap[ 56]: 0x00000000 (SURFACEFMT_R_S10E5)
2001-01-01T03:41:56.373Z| vmx| I125:   cap[ 57]: 0x00000000 (SURFACEFMT_R_S23E8)
2001-01-01T03:41:56.373Z| vmx| I125:   cap[ 58]: 0x00000000 (SURFACEFMT_RG_S10E5)
2001-01-01T03:41:56.373Z| vmx| I125:   cap[ 59]: 0x00000000 (SURFACEFMT_RG_S23E8)
2001-01-01T03:41:56.373Z| vmx| I125:   cap[ 60]: 0x00000000 (SURFACEFMT_ARGB_S10E5)
2001-01-01T03:41:56.373Z| vmx| I125:   cap[ 61]: 0x00000000 (SURFACEFMT_ARGB_S23E8)
2001-01-01T03:41:56.373Z| vmx| I125:   cap[ 62]: 0x00000000 (MISSING62)
2001-01-01T03:41:56.373Z| vmx| I125:   cap[ 63]: 0x00000000 (MAX_VERTEX_SHADER_TEXTURES)
2001-01-01T03:41:56.373Z| vmx| I125:   cap[ 64]: 0x00000000 (MAX_SIMULTANEOUS_RENDER_TARGETS)
2001-01-01T03:41:56.373Z| vmx| I125:   cap[ 65]: 0x00000000 (SURFACEFMT_V16U16)
2001-01-01T03:41:56.373Z| vmx| I125:   cap[ 66]: 0x00000000 (SURFACEFMT_G16R16)
2001-01-01T03:41:56.373Z| vmx| I125:   cap[ 67]: 0x00000000 (SURFACEFMT_A16B16G16R16)
2001-01-01T03:41:56.373Z| vmx| I125:   cap[ 68]: 0x00000000 (SURFACEFMT_UYVY)
2001-01-01T03:41:56.373Z| vmx| I125:   cap[ 69]: 0x00000000 (SURFACEFMT_YUY2)
2001-01-01T03:41:56.373Z| vmx| I125:   cap[ 70]: 0x00000000 (MULTISAMPLE_NONMASKABLESAMPLES)
2001-01-01T03:41:56.373Z| vmx| I125:   cap[ 71]: 0x00000000 (MULTISAMPLE_MASKABLESAMPLES)
2001-01-01T03:41:56.373Z| vmx| I125:   cap[ 72]: 0x00000000 (ALPHATOCOVERAGE)
2001-01-01T03:41:56.373Z| vmx| I125:   cap[ 73]: 0x00000000 (SUPERSAMPLE)
2001-01-01T03:41:56.373Z| vmx| I125:   cap[ 74]: 0x00000000 (AUTOGENMIPMAPS)
2001-01-01T03:41:56.373Z| vmx| I125:   cap[ 75]: 0x00000000 (SURFACEFMT_NV12)
2001-01-01T03:41:56.373Z| vmx| I125:   cap[ 76]: 0x00000000 (SURFACEFMT_AYUV)
2001-01-01T03:41:56.373Z| vmx| I125:   cap[ 77]: 0x00000000 (MAX_CONTEXT_IDS)
2001-01-01T03:41:56.373Z| vmx| I125:   cap[ 78]: 0x00000000 (MAX_SURFACE_IDS)
2001-01-01T03:41:56.373Z| vmx| I125:   cap[ 79]: 0x00000000 (SURFACEFMT_Z_DF16)
2001-01-01T03:41:56.373Z| vmx| I125:   cap[ 80]: 0x00000000 (SURFACEFMT_Z_DF24)
2001-01-01T03:41:56.373Z| vmx| I125:   cap[ 81]: 0x00000000 (SURFACEFMT_Z_D24S8_INT)
2001-01-01T03:41:56.373Z| vmx| I125:   cap[ 82]: 0x00000000 (SURFACEFMT_ATI1)
2001-01-01T03:41:56.373Z| vmx| I125:   cap[ 83]: 0x00000000 (SURFACEFMT_ATI2)
2001-01-01T03:41:56.373Z| vmx| I125:   cap[ 84]: 0x00000000 (DEAD1)
2001-01-01T03:41:56.373Z| vmx| I125:   cap[ 85]: 0x00000000 (VIDEO_DECODE)
2001-01-01T03:41:56.374Z| vmx| I125:   cap[ 86]: 0x00000000 (VIDEO_PROCESS)
2001-01-01T03:41:56.374Z| vmx| I125:   cap[ 87]: 0x00000000 (LINE_AA)
2001-01-01T03:41:56.374Z| vmx| I125:   cap[ 88]: 0x00000000 (LINE_STIPPLE)
2001-01-01T03:41:56.374Z| vmx| I125:   cap[ 89]:   0.000000 (MAX_LINE_WIDTH)
2001-01-01T03:41:56.374Z| vmx| I125:   cap[ 90]:   0.000000 (MAX_AA_LINE_WIDTH)
2001-01-01T03:41:56.374Z| vmx| I125:   cap[ 91]: 0x00000000 (SURFACEFMT_YV12)
2001-01-01T03:41:56.374Z| vmx| I125:   cap[ 92]: 0x00000000 (DEAD3)
2001-01-01T03:41:56.374Z| vmx| I125:   cap[ 93]: 0x00000000 (TS_COLOR_KEY)
2001-01-01T03:41:56.374Z| vmx| I125:   cap[ 94]: 0x00000000 (DEAD2)
2001-01-01T03:41:56.374Z| vmx| I125:   cap[ 95]: 0x00000000 (DXCONTEXT)
2001-01-01T03:41:56.374Z| vmx| I125:   cap[ 96]: 0x00000000 (MAX_TEXTURE_ARRAY_SIZE)
2001-01-01T03:41:56.374Z| vmx| I125:   cap[ 97]: 0x00000000 (DX_MAX_VERTEXBUFFERS)
2001-01-01T03:41:56.374Z| vmx| I125:   cap[ 98]: 0x00000000 (DX_MAX_CONSTANT_BUFFERS)
2001-01-01T03:41:56.374Z| vmx| I125:   cap[ 99]: 0x00000000 (DX_PROVOKING_VERTEX)
2001-01-01T03:41:56.374Z| vmx| I125:   cap[100]: 0x00000000 (DXFMT_X8R8G8B8)
2001-01-01T03:41:56.374Z| vmx| I125:   cap[101]: 0x00000000 (DXFMT_A8R8G8B8)
2001-01-01T03:41:56.374Z| vmx| I125:   cap[102]: 0x00000000 (DXFMT_R5G6B5)
2001-01-01T03:41:56.374Z| vmx| I125:   cap[103]: 0x00000000 (DXFMT_X1R5G5B5)
2001-01-01T03:41:56.374Z| vmx| I125:   cap[104]: 0x00000000 (DXFMT_A1R5G5B5)
2001-01-01T03:41:56.374Z| vmx| I125:   cap[105]: 0x00000000 (DXFMT_A4R4G4B4)
2001-01-01T03:41:56.374Z| vmx| I125:   cap[106]: 0x00000000 (DXFMT_Z_D32)
2001-01-01T03:41:56.374Z| vmx| I125:   cap[107]: 0x00000000 (DXFMT_Z_D16)
2001-01-01T03:41:56.374Z| vmx| I125:   cap[108]: 0x00000000 (DXFMT_Z_D24S8)
2001-01-01T03:41:56.374Z| vmx| I125:   cap[109]: 0x00000000 (DXFMT_Z_D15S1)
2001-01-01T03:41:56.374Z| vmx| I125:   cap[110]: 0x00000000 (DXFMT_LUMINANCE8)
2001-01-01T03:41:56.374Z| vmx| I125:   cap[111]: 0x00000000 (DXFMT_LUMINANCE4_ALPHA4)
2001-01-01T03:41:56.374Z| vmx| I125:   cap[112]: 0x00000000 (DXFMT_LUMINANCE16)
2001-01-01T03:41:56.374Z| vmx| I125:   cap[113]: 0x00000000 (DXFMT_LUMINANCE8_ALPHA8)
2001-01-01T03:41:56.374Z| vmx| I125:   cap[114]: 0x00000000 (DXFMT_DXT1)
2001-01-01T03:41:56.374Z| vmx| I125:   cap[115]: 0x00000000 (DXFMT_DXT2)
2001-01-01T03:41:56.374Z| vmx| I125:   cap[116]: 0x00000000 (DXFMT_DXT3)
2001-01-01T03:41:56.374Z| vmx| I125:   cap[117]: 0x00000000 (DXFMT_DXT4)
2001-01-01T03:41:56.374Z| vmx| I125:   cap[118]: 0x00000000 (DXFMT_DXT5)
2001-01-01T03:41:56.374Z| vmx| I125:   cap[119]: 0x00000000 (DXFMT_BUMPU8V8)
2001-01-01T03:41:56.374Z| vmx| I125:   cap[120]: 0x00000000 (DXFMT_BUMPL6V5U5)
2001-01-01T03:41:56.374Z| vmx| I125:   cap[121]: 0x00000000 (DXFMT_BUMPX8L8V8U8)
2001-01-01T03:41:56.374Z| vmx| I125:   cap[122]: 0x00000000 (DXFMT_FORMAT_DEAD1)
2001-01-01T03:41:56.374Z| vmx| I125:   cap[123]: 0x00000000 (DXFMT_ARGB_S10E5)
2001-01-01T03:41:56.374Z| vmx| I125:   cap[124]: 0x00000000 (DXFMT_ARGB_S23E8)
2001-01-01T03:41:56.374Z| vmx| I125:   cap[125]: 0x00000000 (DXFMT_A2R10G10B10)
2001-01-01T03:41:56.374Z| vmx| I125:   cap[126]: 0x00000000 (DXFMT_V8U8)
2001-01-01T03:41:56.374Z| vmx| I125:   cap[127]: 0x00000000 (DXFMT_Q8W8V8U8)
2001-01-01T03:41:56.374Z| vmx| I125:   cap[128]: 0x00000000 (DXFMT_CxV8U8)
2001-01-01T03:41:56.374Z| vmx| I125:   cap[129]: 0x00000000 (DXFMT_X8L8V8U8)
2001-01-01T03:41:56.374Z| vmx| I125:   cap[130]: 0x00000000 (DXFMT_A2W10V10U10)
2001-01-01T03:41:56.374Z| vmx| I125:   cap[131]: 0x00000000 (DXFMT_ALPHA8)
2001-01-01T03:41:56.374Z| vmx| I125:   cap[132]: 0x00000000 (DXFMT_R_S10E5)
2001-01-01T03:41:56.374Z| vmx| I125:   cap[133]: 0x00000000 (DXFMT_R_S23E8)
2001-01-01T03:41:56.374Z| vmx| I125:   cap[134]: 0x00000000 (DXFMT_RG_S10E5)
2001-01-01T03:41:56.374Z| vmx| I125:   cap[135]: 0x00000000 (DXFMT_RG_S23E8)
2001-01-01T03:41:56.374Z| vmx| I125:   cap[136]: 0x00000000 (DXFMT_BUFFER)
2001-01-01T03:41:56.374Z| vmx| I125:   cap[137]: 0x00000000 (DXFMT_Z_D24X8)
2001-01-01T03:41:56.374Z| vmx| I125:   cap[138]: 0x00000000 (DXFMT_V16U16)
2001-01-01T03:41:56.374Z| vmx| I125:   cap[139]: 0x00000000 (DXFMT_G16R16)
2001-01-01T03:41:56.374Z| vmx| I125:   cap[140]: 0x00000000 (DXFMT_A16B16G16R16)
2001-01-01T03:41:56.374Z| vmx| I125:   cap[141]: 0x00000000 (DXFMT_UYVY)
2001-01-01T03:41:56.374Z| vmx| I125:   cap[142]: 0x00000000 (DXFMT_YUY2)
2001-01-01T03:41:56.374Z| vmx| I125:   cap[143]: 0x00000000 (DXFMT_NV12)
2001-01-01T03:41:56.374Z| vmx| I125:   cap[144]: 0x00000000 (DXFMT_AYUV)
2001-01-01T03:41:56.374Z| vmx| I125:   cap[145]: 0x00000000 (DXFMT_R32G32B32A32_TYPELESS)
2001-01-01T03:41:56.374Z| vmx| I125:   cap[146]: 0x00000000 (DXFMT_R32G32B32A32_UINT)
2001-01-01T03:41:56.374Z| vmx| I125:   cap[147]: 0x00000000 (DXFMT_R32G32B32A32_SINT)
2001-01-01T03:41:56.374Z| vmx| I125:   cap[148]: 0x00000000 (DXFMT_R32G32B32_TYPELESS)
2001-01-01T03:41:56.374Z| vmx| I125:   cap[149]: 0x00000000 (DXFMT_R32G32B32_FLOAT)
2001-01-01T03:41:56.374Z| vmx| I125:   cap[150]: 0x00000000 (DXFMT_R32G32B32_UINT)
2001-01-01T03:41:56.374Z| vmx| I125:   cap[151]: 0x00000000 (DXFMT_R32G32B32_SINT)
2001-01-01T03:41:56.374Z| vmx| I125:   cap[152]: 0x00000000 (DXFMT_R16G16B16A16_TYPELESS)
2001-01-01T03:41:56.374Z| vmx| I125:   cap[153]: 0x00000000 (DXFMT_R16G16B16A16_UINT)
2001-01-01T03:41:56.374Z| vmx| I125:   cap[154]: 0x00000000 (DXFMT_R16G16B16A16_SNORM)
2001-01-01T03:41:56.374Z| vmx| I125:   cap[155]: 0x00000000 (DXFMT_R16G16B16A16_SINT)
2001-01-01T03:41:56.374Z| vmx| I125:   cap[156]: 0x00000000 (DXFMT_R32G32_TYPELESS)
2001-01-01T03:41:56.374Z| vmx| I125:   cap[157]: 0x00000000 (DXFMT_R32G32_UINT)
2001-01-01T03:41:56.374Z| vmx| I125:   cap[158]: 0x00000000 (DXFMT_R32G32_SINT)
2001-01-01T03:41:56.374Z| vmx| I125:   cap[159]: 0x00000000 (DXFMT_R32G8X24_TYPELESS)
2001-01-01T03:41:56.374Z| vmx| I125:   cap[160]: 0x00000000 (DXFMT_D32_FLOAT_S8X24_UINT)
2001-01-01T03:41:56.374Z| vmx| I125:   cap[161]: 0x00000000 (DXFMT_R32_FLOAT_X8X24_TYPELESS)
2001-01-01T03:41:56.374Z| vmx| I125:   cap[162]: 0x00000000 (DXFMT_X32_TYPELESS_G8X24_UINT)
2001-01-01T03:41:56.374Z| vmx| I125:   cap[163]: 0x00000000 (DXFMT_R10G10B10A2_TYPELESS)
2001-01-01T03:41:56.374Z| vmx| I125:   cap[164]: 0x00000000 (DXFMT_R10G10B10A2_UINT)
2001-01-01T03:41:56.374Z| vmx| I125:   cap[165]: 0x00000000 (DXFMT_R11G11B10_FLOAT)
2001-01-01T03:41:56.374Z| vmx| I125:   cap[166]: 0x00000000 (DXFMT_R8G8B8A8_TYPELESS)
2001-01-01T03:41:56.374Z| vmx| I125:   cap[167]: 0x00000000 (DXFMT_R8G8B8A8_UNORM)
2001-01-01T03:41:56.374Z| vmx| I125:   cap[168]: 0x00000000 (DXFMT_R8G8B8A8_UNORM_SRGB)
2001-01-01T03:41:56.374Z| vmx| I125:   cap[169]: 0x00000000 (DXFMT_R8G8B8A8_UINT)
2001-01-01T03:41:56.374Z| vmx| I125:   cap[170]: 0x00000000 (DXFMT_R8G8B8A8_SINT)
2001-01-01T03:41:56.374Z| vmx| I125:   cap[171]: 0x00000000 (DXFMT_R16G16_TYPELESS)
2001-01-01T03:41:56.374Z| vmx| I125:   cap[172]: 0x00000000 (DXFMT_R16G16_UINT)
2001-01-01T03:41:56.374Z| vmx| I125:   cap[173]: 0x00000000 (DXFMT_R16G16_SINT)
2001-01-01T03:41:56.374Z| vmx| I125:   cap[174]: 0x00000000 (DXFMT_R32_TYPELESS)
2001-01-01T03:41:56.374Z| vmx| I125:   cap[175]: 0x00000000 (DXFMT_D32_FLOAT)
2001-01-01T03:41:56.374Z| vmx| I125:   cap[176]: 0x00000000 (DXFMT_R32_UINT)
2001-01-01T03:41:56.374Z| vmx| I125:   cap[177]: 0x00000000 (DXFMT_R32_SINT)
2001-01-01T03:41:56.374Z| vmx| I125:   cap[178]: 0x00000000 (DXFMT_R24G8_TYPELESS)
2001-01-01T03:41:56.374Z| vmx| I125:   cap[179]: 0x00000000 (DXFMT_D24_UNORM_S8_UINT)
2001-01-01T03:41:56.375Z| vmx| I125:   cap[180]: 0x00000000 (DXFMT_R24_UNORM_X8_TYPELESS)
2001-01-01T03:41:56.375Z| vmx| I125:   cap[181]: 0x00000000 (DXFMT_X24_TYPELESS_G8_UINT)
2001-01-01T03:41:56.375Z| vmx| I125:   cap[182]: 0x00000000 (DXFMT_R8G8_TYPELESS)
2001-01-01T03:41:56.375Z| vmx| I125:   cap[183]: 0x00000000 (DXFMT_R8G8_UNORM)
2001-01-01T03:41:56.375Z| vmx| I125:   cap[184]: 0x00000000 (DXFMT_R8G8_UINT)
2001-01-01T03:41:56.375Z| vmx| I125:   cap[185]: 0x00000000 (DXFMT_R8G8_SINT)
2001-01-01T03:41:56.375Z| vmx| I125:   cap[186]: 0x00000000 (DXFMT_R16_TYPELESS)
2001-01-01T03:41:56.375Z| vmx| I125:   cap[187]: 0x00000000 (DXFMT_R16_UNORM)
2001-01-01T03:41:56.375Z| vmx| I125:   cap[188]: 0x00000000 (DXFMT_R16_UINT)
2001-01-01T03:41:56.375Z| vmx| I125:   cap[189]: 0x00000000 (DXFMT_R16_SNORM)
2001-01-01T03:41:56.375Z| vmx| I125:   cap[190]: 0x00000000 (DXFMT_R16_SINT)
2001-01-01T03:41:56.375Z| vmx| I125:   cap[191]: 0x00000000 (DXFMT_R8_TYPELESS)
2001-01-01T03:41:56.375Z| vmx| I125:   cap[192]: 0x00000000 (DXFMT_R8_UNORM)
2001-01-01T03:41:56.375Z| vmx| I125:   cap[193]: 0x00000000 (DXFMT_R8_UINT)
2001-01-01T03:41:56.375Z| vmx| I125:   cap[194]: 0x00000000 (DXFMT_R8_SNORM)
2001-01-01T03:41:56.375Z| vmx| I125:   cap[195]: 0x00000000 (DXFMT_R8_SINT)
2001-01-01T03:41:56.375Z| vmx| I125:   cap[196]: 0x00000000 (DXFMT_P8)
2001-01-01T03:41:56.375Z| vmx| I125:   cap[197]: 0x00000000 (DXFMT_R9G9B9E5_SHAREDEXP)
2001-01-01T03:41:56.375Z| vmx| I125:   cap[198]: 0x00000000 (DXFMT_R8G8_B8G8_UNORM)
2001-01-01T03:41:56.375Z| vmx| I125:   cap[199]: 0x00000000 (DXFMT_G8R8_G8B8_UNORM)
2001-01-01T03:41:56.375Z| vmx| I125:   cap[200]: 0x00000000 (DXFMT_BC1_TYPELESS)
2001-01-01T03:41:56.375Z| vmx| I125:   cap[201]: 0x00000000 (DXFMT_BC1_UNORM_SRGB)
2001-01-01T03:41:56.375Z| vmx| I125:   cap[202]: 0x00000000 (DXFMT_BC2_TYPELESS)
2001-01-01T03:41:56.375Z| vmx| I125:   cap[203]: 0x00000000 (DXFMT_BC2_UNORM_SRGB)
2001-01-01T03:41:56.375Z| vmx| I125:   cap[204]: 0x00000000 (DXFMT_BC3_TYPELESS)
2001-01-01T03:41:56.375Z| vmx| I125:   cap[205]: 0x00000000 (DXFMT_BC3_UNORM_SRGB)
2001-01-01T03:41:56.375Z| vmx| I125:   cap[206]: 0x00000000 (DXFMT_BC4_TYPELESS)
2001-01-01T03:41:56.375Z| vmx| I125:   cap[207]: 0x00000000 (DXFMT_ATI1)
2001-01-01T03:41:56.375Z| vmx| I125:   cap[208]: 0x00000000 (DXFMT_BC4_SNORM)
2001-01-01T03:41:56.375Z| vmx| I125:   cap[209]: 0x00000000 (DXFMT_BC5_TYPELESS)
2001-01-01T03:41:56.375Z| vmx| I125:   cap[210]: 0x00000000 (DXFMT_ATI2)
2001-01-01T03:41:56.375Z| vmx| I125:   cap[211]: 0x00000000 (DXFMT_BC5_SNORM)
2001-01-01T03:41:56.375Z| vmx| I125:   cap[212]: 0x00000000 (DXFMT_R10G10B10_XR_BIAS_A2_UNORM)
2001-01-01T03:41:56.375Z| vmx| I125:   cap[213]: 0x00000000 (DXFMT_B8G8R8A8_TYPELESS)
2001-01-01T03:41:56.375Z| vmx| I125:   cap[214]: 0x00000000 (DXFMT_B8G8R8A8_UNORM_SRGB)
2001-01-01T03:41:56.375Z| vmx| I125:   cap[215]: 0x00000000 (DXFMT_B8G8R8X8_TYPELESS)
2001-01-01T03:41:56.375Z| vmx| I125:   cap[216]: 0x00000000 (DXFMT_B8G8R8X8_UNORM_SRGB)
2001-01-01T03:41:56.375Z| vmx| I125:   cap[217]: 0x00000000 (DXFMT_Z_DF16)
2001-01-01T03:41:56.375Z| vmx| I125:   cap[218]: 0x00000000 (DXFMT_Z_DF24)
2001-01-01T03:41:56.375Z| vmx| I125:   cap[219]: 0x00000000 (DXFMT_Z_D24S8_INT)
2001-01-01T03:41:56.375Z| vmx| I125:   cap[220]: 0x00000000 (DXFMT_YV12)
2001-01-01T03:41:56.375Z| vmx| I125:   cap[221]: 0x00000000 (DXFMT_R32G32B32A32_FLOAT)
2001-01-01T03:41:56.375Z| vmx| I125:   cap[222]: 0x00000000 (DXFMT_R16G16B16A16_FLOAT)
2001-01-01T03:41:56.375Z| vmx| I125:   cap[223]: 0x00000000 (DXFMT_R16G16B16A16_UNORM)
2001-01-01T03:41:56.375Z| vmx| I125:   cap[224]: 0x00000000 (DXFMT_R32G32_FLOAT)
2001-01-01T03:41:56.375Z| vmx| I125:   cap[225]: 0x00000000 (DXFMT_R10G10B10A2_UNORM)
2001-01-01T03:41:56.375Z| vmx| I125:   cap[226]: 0x00000000 (DXFMT_R8G8B8A8_SNORM)
2001-01-01T03:41:56.375Z| vmx| I125:   cap[227]: 0x00000000 (DXFMT_R16G16_FLOAT)
2001-01-01T03:41:56.375Z| vmx| I125:   cap[228]: 0x00000000 (DXFMT_R16G16_UNORM)
2001-01-01T03:41:56.375Z| vmx| I125:   cap[229]: 0x00000000 (DXFMT_R16G16_SNORM)
2001-01-01T03:41:56.375Z| vmx| I125:   cap[230]: 0x00000000 (DXFMT_R32_FLOAT)
2001-01-01T03:41:56.375Z| vmx| I125:   cap[231]: 0x00000000 (DXFMT_R8G8_SNORM)
2001-01-01T03:41:56.375Z| vmx| I125:   cap[232]: 0x00000000 (DXFMT_R16_FLOAT)
2001-01-01T03:41:56.375Z| vmx| I125:   cap[233]: 0x00000000 (DXFMT_D16_UNORM)
2001-01-01T03:41:56.375Z| vmx| I125:   cap[234]: 0x00000000 (DXFMT_A8_UNORM)
2001-01-01T03:41:56.375Z| vmx| I125:   cap[235]: 0x00000000 (DXFMT_BC1_UNORM)
2001-01-01T03:41:56.375Z| vmx| I125:   cap[236]: 0x00000000 (DXFMT_BC2_UNORM)
2001-01-01T03:41:56.375Z| vmx| I125:   cap[237]: 0x00000000 (DXFMT_BC3_UNORM)
2001-01-01T03:41:56.375Z| vmx| I125:   cap[238]: 0x00000000 (DXFMT_B5G6R5_UNORM)
2001-01-01T03:41:56.375Z| vmx| I125:   cap[239]: 0x00000000 (DXFMT_B5G5R5A1_UNORM)
2001-01-01T03:41:56.375Z| vmx| I125:   cap[240]: 0x00000000 (DXFMT_B8G8R8A8_UNORM)
2001-01-01T03:41:56.375Z| vmx| I125:   cap[241]: 0x00000000 (DXFMT_B8G8R8X8_UNORM)
2001-01-01T03:41:56.375Z| vmx| I125:   cap[242]: 0x00000000 (DXFMT_BC4_UNORM)
2001-01-01T03:41:56.375Z| vmx| I125:   cap[243]: 0x00000000 (DXFMT_BC5_UNORM)
2001-01-01T03:41:56.375Z| svga| I125: VTHREAD 154541573888 "svga" wid 2106036
2001-01-01T03:41:56.376Z| vmx| A100: ConfigDB: Unsetting "ethernet0.generatedAddressOffset"
2001-01-01T03:41:56.376Z| vmx| I125: Ethernet0 MAC Address: 00:50:56:87:5a:14
2001-01-01T03:41:56.377Z| vmx| I125: USB: Initializing 'xHCI' host controller
2001-01-01T03:41:56.378Z| vmx| A100: ConfigDB: Setting usb_xhci:4.present = "TRUE"
2001-01-01T03:41:56.378Z| vmx| A100: ConfigDB: Setting usb_xhci:4.deviceType = "hid"
2001-01-01T03:41:56.378Z| vmx| A100: ConfigDB: Setting usb_xhci:4.port = "4"
2001-01-01T03:41:56.378Z| vmx| A100: ConfigDB: Setting usb_xhci:4.parent = "-1"
2001-01-01T03:41:56.378Z| vmx| A100: ConfigDB: Setting vmci0.id = "1589249473"
2001-01-01T03:41:56.379Z| vmx| I125: AHCI:Successfully created adapter 'sata0' as num 0
2001-01-01T03:41:56.379Z| vmx| I125: SCSI DEVICE (sata0:0): Computed value of sata0:0.useBounceBuffers: default
2001-01-01T03:41:56.379Z| vmx| I125: DISKUTIL: sata0:0 : capacity=0 logical sector size=2048
2001-01-01T03:41:56.379Z| vmx| I125: DISKUTIL: sata0:0 : geometry=0/0/0
2001-01-01T03:41:56.379Z| vmx| I125: AHCI:Creating ATAPI CDROM on SATA adapter.
2001-01-01T03:41:56.379Z| vmx| I125: AHCI:Successfully created device: sata0:0
2001-01-01T03:41:56.379Z| vmx| A100: ConfigDB: Setting vm.genid = "1360037751935463572"
2001-01-01T03:41:56.379Z| vmx| A100: ConfigDB: Setting vm.genidX = "4583068662853244244"
2001-01-01T03:41:56.381Z| vmx| I125: GuestLib Generated SessionId 1862978121218462604
2001-01-01T03:41:56.381Z| vmx| I125: WORKER: Creating new group with numThreads=1 (16)
2001-01-01T03:41:56.381Z| vmx| I125: DISKUTIL: scsi0:0 : max toolsVersion = 11365, type = 1
2001-01-01T03:41:56.381Z| vmx| I125: TOOLS setting legacy tools version to '11365' type 1, manifest status is 9
2001-01-01T03:41:56.381Z| vmx| I125: Tools: sending 'OS_PowerOn' (state = 3) state change request
2001-01-01T03:41:56.381Z| vmx| I125: Tools: Delaying state change request to state 3.
2001-01-01T03:41:56.381Z| vmx| I125: TOOLS INSTALL initializing state to IDLE on power on.
2001-01-01T03:41:56.382Z| vmx| I125: DEPLOYPKG: ToolsDeployPkgPublishState: state=0, code=0, message=(null)
2001-01-01T03:41:56.382Z| vmx| I125: The EFI ROM is 64-bit.
2001-01-01T03:41:56.386Z| vmx| I125: FeatureCompat: No VM masks.
2001-01-01T03:41:56.386Z| vmx| I125: MonPmc: ctrBase 0xc1 selBase 0x186/1 PGC 1/1 SMM 1 drain 1 AMD 0
2001-01-01T03:41:56.386Z| vmx| I125+ MonPmc:   gen counters num: 4 width 48 write width 32
2001-01-01T03:41:56.386Z| vmx| I125+ MonPmc:   fix counters num: 3 width 48; version 3
2001-01-01T03:41:56.386Z| vmx| I125+ MonPmc:   unavailable counters: 0x200000000
2001-01-01T03:41:56.387Z| vmx| I125: CPUID Maximum Physical Address Bits supported across all CPUs: 40
2001-01-01T03:41:56.389Z| vmx| A100: ConfigDB: Setting monitor.phys_bits_used = "43"
2001-01-01T03:41:56.389Z| worker-2106034| I125: ToolsISO: Updated cached value for imageName to 'windows.iso'.
2001-01-01T03:41:56.389Z| worker-2106034| I125: ToolsISO: Selected Tools ISO 'windows.iso' for 'windows9srv-64' guest.
2001-01-01T03:41:56.389Z| vmx| I125: Full guest CPUID with differences from hostCPUID highlighted.
2001-01-01T03:41:56.389Z| vmx| I125: guest vs. host CPUID guest vendor: GenuineIntel
2001-01-01T03:41:56.390Z| vmx| I125: guest vs. host CPUID guest family: 0x6 model: 0x2c stepping: 0x2
2001-01-01T03:41:56.390Z| vmx| I125: guest vs. host CPUID guest codename: Westmere EP
2001-01-01T03:41:56.390Z| vmx| I125: guest vs. host CPUID guest name: Intel(R) Xeon(R) CPU           X5650  @ 2.67GHz
2001-01-01T03:41:56.390Z| vmx| I125: guest vs. host CPUID       level eaxIn, ecxIn:        eax        ebx        ecx        edx
2001-01-01T03:41:56.390Z| vmx| I125: guest vs. host CPUID guest level 00000000,  0: 0x0000000b 0x756e6547 0x6c65746e 0x49656e69
2001-01-01T03:41:56.390Z| vmx| I125: guest vs. host CPUID guest level 00000001,  0: 0x000206c2 0x00010800 0x83b82203 0x0f8bfbff
2001-01-01T03:41:56.390Z| vmx| I125: guest vs. host CPUID *host level 00000001,  0: 0x000206c2 0x00200800 0x029ee3ff 0xbfebfbff
2001-01-01T03:41:56.390Z| vmx| I125: guest vs. host CPUID guest level 00000002,  0: 0x55035a01 0x00f0b2ff 0x00000000 0x00ca0000
2001-01-01T03:41:56.390Z| vmx| I125: guest vs. host CPUID guest level 00000003,  0: 0x00000000 0x00000000 0x00000000 0x00000000
2001-01-01T03:41:56.390Z| vmx| I125: guest vs. host CPUID guest level 00000004,  0: 0x00000121 0x01c0003f 0x0000003f 0x00000000
2001-01-01T03:41:56.390Z| vmx| I125: guest vs. host CPUID *host level 00000004,  0: 0x3c004121 0x01c0003f 0x0000003f 0x00000000
2001-01-01T03:41:56.390Z| vmx| I125: guest vs. host CPUID guest level 00000004,  1: 0x00000122 0x00c0003f 0x0000007f 0x00000000
2001-01-01T03:41:56.390Z| vmx| I125: guest vs. host CPUID *host level 00000004,  1: 0x3c004122 0x00c0003f 0x0000007f 0x00000000
2001-01-01T03:41:56.390Z| vmx| I125: guest vs. host CPUID guest level 00000004,  2: 0x00000143 0x01c0003f 0x000001ff 0x00000000
2001-01-01T03:41:56.390Z| vmx| I125: guest vs. host CPUID *host level 00000004,  2: 0x3c004143 0x01c0003f 0x000001ff 0x00000000
2001-01-01T03:41:56.390Z| vmx| I125: guest vs. host CPUID guest level 00000004,  3: 0x00000163 0x03c0003f 0x00002fff 0x00000002
2001-01-01T03:41:56.390Z| vmx| I125: guest vs. host CPUID *host level 00000004,  3: 0x3c07c163 0x03c0003f 0x00002fff 0x00000002
2001-01-01T03:41:56.390Z| vmx| I125: guest vs. host CPUID guest level 00000004,  4: 0x00000000 0x00000000 0x00000000 0x00000000
2001-01-01T03:41:56.390Z| vmx| I125: guest vs. host CPUID guest level 00000004,  5: 0x00000000 0x00000000 0x00000000 0x00000000
2001-01-01T03:41:56.390Z| vmx| I125: guest vs. host CPUID guest level 00000004,  6: 0x00000000 0x00000000 0x00000000 0x00000000
2001-01-01T03:41:56.390Z| vmx| I125: guest vs. host CPUID guest level 00000006,  0: 0x00000004 0x00000000 0x00000000 0x00000000
2001-01-01T03:41:56.390Z| vmx| I125: guest vs. host CPUID *host level 00000006,  0: 0x00000005 0x00000002 0x00000009 0x00000000
2001-01-01T03:41:56.390Z| vmx| I125: guest vs. host CPUID guest level 00000007,  0: 0x00000000 0x00000002 0x00000000 0xbc000000
2001-01-01T03:41:56.390Z| vmx| I125: guest vs. host CPUID *host level 00000007,  0: 0x00000000 0x00000000 0x00000000 0x9c000000
2001-01-01T03:41:56.390Z| vmx| I125: guest vs. host CPUID guest level 00000008,  0: 0x00000000 0x00000000 0x00000000 0x00000000
2001-01-01T03:41:56.390Z| vmx| I125: guest vs. host CPUID guest level 00000009,  0: 0x00000000 0x00000000 0x00000000 0x00000000
2001-01-01T03:41:56.390Z| vmx| I125: guest vs. host CPUID guest level 0000000a,  0: 0x07300401 0x000000ff 0x00000000 0x00000000
2001-01-01T03:41:56.390Z| vmx| I125: guest vs. host CPUID *host level 0000000a,  0: 0x07300403 0x00000004 0x00000000 0x00000603
2001-01-01T03:41:56.390Z| vmx| I125: guest vs. host CPUID guest level 0000000b,  0: 0x00000000 0x00000001 0x00000100 0x00000000
2001-01-01T03:41:56.390Z| vmx| I125: guest vs. host CPUID *host level 0000000b,  0: 0x00000001 0x00000002 0x00000100 0x00000000
2001-01-01T03:41:56.390Z| vmx| I125: guest vs. host CPUID guest level 0000000b,  1: 0x00000000 0x00000001 0x00000201 0x00000000
2001-01-01T03:41:56.390Z| vmx| I125: guest vs. host CPUID *host level 0000000b,  1: 0x00000005 0x0000000c 0x00000201 0x00000000
2001-01-01T03:41:56.390Z| vmx| I125: guest vs. host CPUID guest level 0000000c,  0: 0x00000000 0x00000000 0x00000000 0x00000000
2001-01-01T03:41:56.390Z| vmx| I125: guest vs. host CPUID guest level 0000000d,  0: 0x00000000 0x00000000 0x00000000 0x00000000
2001-01-01T03:41:56.390Z| vmx| I125: guest vs. host CPUID guest level 0000000d,  1: 0x00000000 0x00000000 0x00000000 0x00000000
2001-01-01T03:41:56.390Z| vmx| I125: guest vs. host CPUID guest level 0000000d,  2: 0x00000000 0x00000000 0x00000000 0x00000000
2001-01-01T03:41:56.390Z| vmx| I125: guest vs. host CPUID guest level 0000000d,  3: 0x00000000 0x00000000 0x00000000 0x00000000
2001-01-01T03:41:56.390Z| vmx| I125: guest vs. host CPUID guest level 0000000d,  4: 0x00000000 0x00000000 0x00000000 0x00000000
2001-01-01T03:41:56.390Z| vmx| I125: guest vs. host CPUID guest level 0000000d,  5: 0x00000000 0x00000000 0x00000000 0x00000000
2001-01-01T03:41:56.390Z| vmx| I125: guest vs. host CPUID guest level 0000000d,  6: 0x00000000 0x00000000 0x00000000 0x00000000
2001-01-01T03:41:56.390Z| vmx| I125: guest vs. host CPUID guest level 0000000d,  7: 0x00000000 0x00000000 0x00000000 0x00000000
2001-01-01T03:41:56.390Z| vmx| I125: guest vs. host CPUID guest level 0000000d,  8: 0x00000000 0x00000000 0x00000000 0x00000000
2001-01-01T03:41:56.390Z| vmx| I125: guest vs. host CPUID guest level 0000000d,  9: 0x00000000 0x00000000 0x00000000 0x00000000
2001-01-01T03:41:56.390Z| vmx| I125: guest vs. host CPUID guest level 0000000d,  a: 0x00000000 0x00000000 0x00000000 0x00000000
2001-01-01T03:41:56.390Z| vmx| I125: guest vs. host CPUID guest level 0000000d,  b: 0x00000000 0x00000000 0x00000000 0x00000000
2001-01-01T03:41:56.390Z| vmx| I125: guest vs. host CPUID guest level 0000000d,  c: 0x00000000 0x00000000 0x00000000 0x00000000
2001-01-01T03:41:56.390Z| vmx| I125: guest vs. host CPUID guest level 0000000d,  d: 0x00000000 0x00000000 0x00000000 0x00000000
2001-01-01T03:41:56.390Z| vmx| I125: guest vs. host CPUID guest level 0000000d,  e: 0x00000000 0x00000000 0x00000000 0x00000000
2001-01-01T03:41:56.390Z| vmx| I125: guest vs. host CPUID guest level 0000000d,  f: 0x00000000 0x00000000 0x00000000 0x00000000
2001-01-01T03:41:56.390Z| vmx| I125: guest vs. host CPUID guest level 0000000d, 10: 0x00000000 0x00000000 0x00000000 0x00000000
2001-01-01T03:41:56.390Z| vmx| I125: guest vs. host CPUID guest level 0000000d, 11: 0x00000000 0x00000000 0x00000000 0x00000000
2001-01-01T03:41:56.390Z| vmx| I125: guest vs. host CPUID guest level 0000000d, 12: 0x00000000 0x00000000 0x00000000 0x00000000
2001-01-01T03:41:56.390Z| vmx| I125: guest vs. host CPUID guest level 0000000d, 13: 0x00000000 0x00000000 0x00000000 0x00000000
2001-01-01T03:41:56.390Z| vmx| I125: guest vs. host CPUID guest level 0000000d, 14: 0x00000000 0x00000000 0x00000000 0x00000000
2001-01-01T03:41:56.390Z| vmx| I125: guest vs. host CPUID guest level 0000000d, 15: 0x00000000 0x00000000 0x00000000 0x00000000
2001-01-01T03:41:56.390Z| vmx| I125: guest vs. host CPUID guest level 0000000d, 16: 0x00000000 0x00000000 0x00000000 0x00000000
2001-01-01T03:41:56.390Z| vmx| I125: guest vs. host CPUID guest level 0000000d, 17: 0x00000000 0x00000000 0x00000000 0x00000000
2001-01-01T03:41:56.390Z| vmx| I125: guest vs. host CPUID guest level 0000000d, 18: 0x00000000 0x00000000 0x00000000 0x00000000
2001-01-01T03:41:56.390Z| vmx| I125: guest vs. host CPUID guest level 0000000d, 19: 0x00000000 0x00000000 0x00000000 0x00000000
2001-01-01T03:41:56.390Z| vmx| I125: guest vs. host CPUID guest level 0000000d, 1a: 0x00000000 0x00000000 0x00000000 0x00000000
2001-01-01T03:41:56.390Z| vmx| I125: guest vs. host CPUID guest level 0000000d, 1b: 0x00000000 0x00000000 0x00000000 0x00000000
2001-01-01T03:41:56.390Z| vmx| I125: guest vs. host CPUID guest level 0000000d, 1c: 0x00000000 0x00000000 0x00000000 0x00000000
2001-01-01T03:41:56.390Z| vmx| I125: guest vs. host CPUID guest level 0000000d, 1d: 0x00000000 0x00000000 0x00000000 0x00000000
2001-01-01T03:41:56.390Z| vmx| I125: guest vs. host CPUID guest level 0000000d, 1e: 0x00000000 0x00000000 0x00000000 0x00000000
2001-01-01T03:41:56.390Z| vmx| I125: guest vs. host CPUID guest level 0000000d, 1f: 0x00000000 0x00000000 0x00000000 0x00000000
2001-01-01T03:41:56.390Z| vmx| I125: guest vs. host CPUID guest level 0000000d, 20: 0x00000000 0x00000000 0x00000000 0x00000000
2001-01-01T03:41:56.390Z| vmx| I125: guest vs. host CPUID guest level 0000000d, 21: 0x00000000 0x00000000 0x00000000 0x00000000
2001-01-01T03:41:56.390Z| vmx| I125: guest vs. host CPUID guest level 0000000d, 22: 0x00000000 0x00000000 0x00000000 0x00000000
2001-01-01T03:41:56.390Z| vmx| I125: guest vs. host CPUID guest level 0000000d, 23: 0x00000000 0x00000000 0x00000000 0x00000000
2001-01-01T03:41:56.390Z| vmx| I125: guest vs. host CPUID guest level 0000000d, 24: 0x00000000 0x00000000 0x00000000 0x00000000
2001-01-01T03:41:56.390Z| vmx| I125: guest vs. host CPUID guest level 0000000d, 25: 0x00000000 0x00000000 0x00000000 0x00000000
2001-01-01T03:41:56.390Z| vmx| I125: guest vs. host CPUID guest level 0000000d, 26: 0x00000000 0x00000000 0x00000000 0x00000000
2001-01-01T03:41:56.390Z| vmx| I125: guest vs. host CPUID guest level 0000000d, 27: 0x00000000 0x00000000 0x00000000 0x00000000
2001-01-01T03:41:56.390Z| vmx| I125: guest vs. host CPUID guest level 0000000d, 28: 0x00000000 0x00000000 0x00000000 0x00000000
2001-01-01T03:41:56.390Z| vmx| I125: guest vs. host CPUID guest level 0000000d, 29: 0x00000000 0x00000000 0x00000000 0x00000000
2001-01-01T03:41:56.390Z| vmx| I125: guest vs. host CPUID guest level 0000000d, 2a: 0x00000000 0x00000000 0x00000000 0x00000000
2001-01-01T03:41:56.390Z| vmx| I125: guest vs. host CPUID guest level 0000000d, 2b: 0x00000000 0x00000000 0x00000000 0x00000000
2001-01-01T03:41:56.390Z| vmx| I125: guest vs. host CPUID guest level 0000000d, 2c: 0x00000000 0x00000000 0x00000000 0x00000000
2001-01-01T03:41:56.390Z| vmx| I125: guest vs. host CPUID guest level 0000000d, 2d: 0x00000000 0x00000000 0x00000000 0x00000000
2001-01-01T03:41:56.390Z| vmx| I125: guest vs. host CPUID guest level 0000000d, 2e: 0x00000000 0x00000000 0x00000000 0x00000000
2001-01-01T03:41:56.390Z| vmx| I125: guest vs. host CPUID guest level 0000000d, 2f: 0x00000000 0x00000000 0x00000000 0x00000000
2001-01-01T03:41:56.390Z| vmx| I125: guest vs. host CPUID guest level 0000000d, 30: 0x00000000 0x00000000 0x00000000 0x00000000
2001-01-01T03:41:56.390Z| vmx| I125: guest vs. host CPUID guest level 0000000d, 31: 0x00000000 0x00000000 0x00000000 0x00000000
2001-01-01T03:41:56.390Z| vmx| I125: guest vs. host CPUID guest level 0000000d, 32: 0x00000000 0x00000000 0x00000000 0x00000000
2001-01-01T03:41:56.390Z| vmx| I125: guest vs. host CPUID guest level 0000000d, 33: 0x00000000 0x00000000 0x00000000 0x00000000
2001-01-01T03:41:56.390Z| vmx| I125: guest vs. host CPUID guest level 0000000d, 34: 0x00000000 0x00000000 0x00000000 0x00000000
2001-01-01T03:41:56.390Z| vmx| I125: guest vs. host CPUID guest level 0000000d, 35: 0x00000000 0x00000000 0x00000000 0x00000000
2001-01-01T03:41:56.390Z| vmx| I125: guest vs. host CPUID guest level 0000000d, 36: 0x00000000 0x00000000 0x00000000 0x00000000
2001-01-01T03:41:56.390Z| vmx| I125: guest vs. host CPUID guest level 0000000d, 37: 0x00000000 0x00000000 0x00000000 0x00000000
2001-01-01T03:41:56.390Z| vmx| I125: guest vs. host CPUID guest level 0000000d, 38: 0x00000000 0x00000000 0x00000000 0x00000000
2001-01-01T03:41:56.390Z| vmx| I125: guest vs. host CPUID guest level 0000000d, 39: 0x00000000 0x00000000 0x00000000 0x00000000
2001-01-01T03:41:56.390Z| vmx| I125: guest vs. host CPUID guest level 0000000d, 3a: 0x00000000 0x00000000 0x00000000 0x00000000
2001-01-01T03:41:56.390Z| vmx| I125: guest vs. host CPUID guest level 0000000d, 3b: 0x00000000 0x00000000 0x00000000 0x00000000
2001-01-01T03:41:56.390Z| vmx| I125: guest vs. host CPUID guest level 0000000d, 3c: 0x00000000 0x00000000 0x00000000 0x00000000
2001-01-01T03:41:56.390Z| vmx| I125: guest vs. host CPUID guest level 0000000d, 3d: 0x00000000 0x00000000 0x00000000 0x00000000
2001-01-01T03:41:56.390Z| vmx| I125: guest vs. host CPUID guest level 0000000d, 3e: 0x00000000 0x00000000 0x00000000 0x00000000
2001-01-01T03:41:56.390Z| vmx| I125: guest vs. host CPUID guest level 0000000e,  0: 0x00000000 0x00000000 0x00000000 0x00000000
2001-01-01T03:41:56.390Z| vmx| I125: guest vs. host CPUID guest level 0000000f,  0: 0x00000000 0x00000000 0x00000000 0x00000000
2001-01-01T03:41:56.390Z| vmx| I125: guest vs. host CPUID guest level 0000000f,  1: 0x00000000 0x00000000 0x00000000 0x00000000
2001-01-01T03:41:56.390Z| vmx| I125: guest vs. host CPUID guest level 00000010,  0: 0x00000000 0x00000000 0x00000000 0x00000000
2001-01-01T03:41:56.390Z| vmx| I125: guest vs. host CPUID guest level 00000010,  1: 0x00000000 0x00000000 0x00000000 0x00000000
2001-01-01T03:41:56.390Z| vmx| I125: guest vs. host CPUID guest level 00000011,  0: 0x00000000 0x00000000 0x00000000 0x00000000
2001-01-01T03:41:56.390Z| vmx| I125: guest vs. host CPUID guest level 00000013,  0: 0x00000000 0x00000000 0x00000000 0x00000000
2001-01-01T03:41:56.390Z| vmx| I125: guest vs. host CPUID guest level 00000015,  0: 0x00000000 0x00000000 0x00000000 0x00000000
2001-01-01T03:41:56.390Z| vmx| I125: guest vs. host CPUID guest level 00000016,  0: 0x00000000 0x00000000 0x00000000 0x00000000
2001-01-01T03:41:56.390Z| vmx| I125: guest vs. host CPUID guest level 00000017,  0: 0x00000000 0x00000000 0x00000000 0x00000000
2001-01-01T03:41:56.390Z| vmx| I125: guest vs. host CPUID guest level 00000017,  1: 0x00000000 0x00000000 0x00000000 0x00000000
2001-01-01T03:41:56.390Z| vmx| I125: guest vs. host CPUID guest level 00000017,  2: 0x00000000 0x00000000 0x00000000 0x00000000
2001-01-01T03:41:56.390Z| vmx| I125: guest vs. host CPUID guest level 00000017,  3: 0x00000000 0x00000000 0x00000000 0x00000000
2001-01-01T03:41:56.390Z| vmx| I125: guest vs. host CPUID guest level 40000000,  0: 0x40000010 0x61774d56 0x4d566572 0x65726177
2001-01-01T03:41:56.390Z| vmx| I125: guest vs. host CPUID guest level 40000001,  0: 0x31237648 0x00000000 0x00000000 0x00000000
2001-01-01T03:41:56.390Z| vmx| I125: guest vs. host CPUID guest level 40000002,  0: 0x00000000 0x00000000 0x00000000 0x00000000
2001-01-01T03:41:56.390Z| vmx| I125: guest vs. host CPUID guest level 40000003,  0: 0x00000a72 0x00000000 0x00000000 0x00000508
2001-01-01T03:41:56.390Z| vmx| I125: guest vs. host CPUID guest level 40000004,  0: 0x00000020 0x00000000 0x00000000 0x00000000
2001-01-01T03:41:56.390Z| vmx| I125: guest vs. host CPUID guest level 40000005,  0: 0xffffffff 0x00000000 0x00000000 0x00000000
2001-01-01T03:41:56.390Z| vmx| I125: guest vs. host CPUID guest level 40000006,  0: 0x00000000 0x00000000 0x00000000 0x00000000
2001-01-01T03:41:56.390Z| vmx| I125: guest vs. host CPUID guest level 40000007,  0: 0x00000000 0x00000000 0x00000000 0x00000000
2001-01-01T03:41:56.390Z| vmx| I125: guest vs. host CPUID guest level 40000008,  0: 0x00000000 0x00000000 0x00000000 0x00000000
2001-01-01T03:41:56.390Z| vmx| I125: guest vs. host CPUID guest level 40000009,  0: 0x00000000 0x00000000 0x00000000 0x00000000
2001-01-01T03:41:56.390Z| vmx| I125: guest vs. host CPUID guest level 4000000a,  0: 0x00000000 0x00000000 0x00000000 0x00000000
2001-01-01T03:41:56.390Z| vmx| I125: guest vs. host CPUID guest level 4000000b,  0: 0x00000000 0x00000000 0x00000000 0x00000000
2001-01-01T03:41:56.390Z| vmx| I125: guest vs. host CPUID guest level 4000000c,  0: 0x00000000 0x00000000 0x00000000 0x00000000
2001-01-01T03:41:56.390Z| vmx| I125: guest vs. host CPUID guest level 4000000d,  0: 0x00000000 0x00000000 0x00000000 0x00000000
2001-01-01T03:41:56.390Z| vmx| I125: guest vs. host CPUID guest level 4000000e,  0: 0x00000000 0x00000000 0x00000000 0x00000000
2001-01-01T03:41:56.390Z| vmx| I125: guest vs. host CPUID guest level 4000000f,  0: 0x00000000 0x00000000 0x00000000 0x00000000
2001-01-01T03:41:56.390Z| vmx| I125: guest vs. host CPUID guest level 40000010,  0: 0x0028b109 0x000101d0 0x00000000 0x00000000
2001-01-01T03:41:56.390Z| vmx| I125: guest vs. host CPUID guest level 80000000,  0: 0x80000008 0x00000000 0x00000000 0x00000000
2001-01-01T03:41:56.390Z| vmx| I125: guest vs. host CPUID guest level 80000001,  0: 0x00000000 0x00000000 0x00000001 0x28100800
2001-01-01T03:41:56.390Z| vmx| I125: guest vs. host CPUID *host level 80000001,  0: 0x00000000 0x00000000 0x00000001 0x2c100800
2001-01-01T03:41:56.390Z| vmx| I125: guest vs. host CPUID guest level 80000002,  0: 0x65746e49 0x2952286c 0x6f655820 0x2952286e
2001-01-01T03:41:56.390Z| vmx| I125: guest vs. host CPUID guest level 80000003,  0: 0x55504320 0x20202020 0x20202020 0x58202020
2001-01-01T03:41:56.390Z| vmx| I125: guest vs. host CPUID guest level 80000004,  0: 0x30353635 0x20402020 0x37362e32 0x007a4847
2001-01-01T03:41:56.390Z| vmx| I125: guest vs. host CPUID guest level 80000005,  0: 0x00000000 0x00000000 0x00000000 0x00000000
2001-01-01T03:41:56.390Z| vmx| I125: guest vs. host CPUID guest level 80000006,  0: 0x00000000 0x00000000 0x01006040 0x00000000
2001-01-01T03:41:56.390Z| vmx| I125: guest vs. host CPUID guest level 80000007,  0: 0x00000000 0x00000000 0x00000000 0x00000100
2001-01-01T03:41:56.390Z| vmx| I125: guest vs. host CPUID guest level 80000008,  0: 0x0000302b 0x00000000 0x00000000 0x00000000
2001-01-01T03:41:56.390Z| vmx| I125: guest vs. host CPUID *host level 80000008,  0: 0x00003028 0x00000000 0x00000000 0x00000000
2001-01-01T03:41:56.390Z| vmx| I125: guest vs. host CPUID guest level 80000009,  0: 0x00000000 0x00000000 0x00000000 0x00000000
2001-01-01T03:41:56.390Z| vmx| I125: guest vs. host CPUID guest level 8000000b,  0: 0x00000000 0x00000000 0x00000000 0x00000000
2001-01-01T03:41:56.390Z| vmx| I125: guest vs. host CPUID guest level 8000000c,  0: 0x00000000 0x00000000 0x00000000 0x00000000
2001-01-01T03:41:56.390Z| vmx| I125: guest vs. host CPUID guest level 8000000d,  0: 0x00000000 0x00000000 0x00000000 0x00000000
2001-01-01T03:41:56.390Z| vmx| I125: guest vs. host CPUID guest level 8000000e,  0: 0x00000000 0x00000000 0x00000000 0x00000000
2001-01-01T03:41:56.390Z| vmx| I125: guest vs. host CPUID guest level 8000000f,  0: 0x00000000 0x00000000 0x00000000 0x00000000
2001-01-01T03:41:56.390Z| vmx| I125: guest vs. host CPUID guest level 80000010,  0: 0x00000000 0x00000000 0x00000000 0x00000000
2001-01-01T03:41:56.390Z| vmx| I125: guest vs. host CPUID guest level 80000011,  0: 0x00000000 0x00000000 0x00000000 0x00000000
2001-01-01T03:41:56.390Z| vmx| I125: guest vs. host CPUID guest level 80000012,  0: 0x00000000 0x00000000 0x00000000 0x00000000
2001-01-01T03:41:56.390Z| vmx| I125: guest vs. host CPUID guest level 80000013,  0: 0x00000000 0x00000000 0x00000000 0x00000000
2001-01-01T03:41:56.390Z| vmx| I125: guest vs. host CPUID guest level 80000014,  0: 0x00000000 0x00000000 0x00000000 0x00000000
2001-01-01T03:41:56.390Z| vmx| I125: guest vs. host CPUID guest level 80000015,  0: 0x00000000 0x00000000 0x00000000 0x00000000
2001-01-01T03:41:56.390Z| vmx| I125: guest vs. host CPUID guest level 80000016,  0: 0x00000000 0x00000000 0x00000000 0x00000000
2001-01-01T03:41:56.390Z| vmx| I125: guest vs. host CPUID guest level 80000017,  0: 0x00000000 0x00000000 0x00000000 0x00000000
2001-01-01T03:41:56.390Z| vmx| I125: guest vs. host CPUID guest level 80000018,  0: 0x00000000 0x00000000 0x00000000 0x00000000
2001-01-01T03:41:56.390Z| vmx| I125: guest vs. host CPUID guest level 80000019,  0: 0x00000000 0x00000000 0x00000000 0x00000000
2001-01-01T03:41:56.390Z| vmx| I125: guest vs. host CPUID guest level 8000001a,  0: 0x00000000 0x00000000 0x00000000 0x00000000
2001-01-01T03:41:56.390Z| vmx| I125: guest vs. host CPUID guest level 8000001b,  0: 0x00000000 0x00000000 0x00000000 0x00000000
2001-01-01T03:41:56.390Z| vmx| I125: guest vs. host CPUID guest level 8000001c,  0: 0x00000000 0x00000000 0x00000000 0x00000000
2001-01-01T03:41:56.390Z| vmx| I125: guest vs. host CPUID guest level 8000001d,  0: 0x00000000 0x00000000 0x00000000 0x00000000
2001-01-01T03:41:56.390Z| vmx| I125: guest vs. host CPUID guest level 8000001d,  1: 0x00000000 0x00000000 0x00000000 0x00000000
2001-01-01T03:41:56.390Z| vmx| I125: guest vs. host CPUID guest level 8000001d,  2: 0x00000000 0x00000000 0x00000000 0x00000000
2001-01-01T03:41:56.390Z| vmx| I125: guest vs. host CPUID guest level 8000001d,  3: 0x00000000 0x00000000 0x00000000 0x00000000
2001-01-01T03:41:56.390Z| vmx| I125: guest vs. host CPUID guest level 8000001d,  4: 0x00000000 0x00000000 0x00000000 0x00000000
2001-01-01T03:41:56.390Z| vmx| I125: guest vs. host CPUID guest level 8000001e,  0: 0x00000000 0x00000000 0x00000000 0x00000000
2001-01-01T03:41:56.390Z| vmx| I125: guest vs. host CPUID guest level 8000001f,  0: 0x00000000 0x00000000 0x00000000 0x00000000
2001-01-01T03:41:56.391Z| vmx| I125: Minimum ucode level: 0x0000001f
2001-01-01T03:41:56.391Z| vmx| I125: VPMC: events will use hybrid freeze.
2001-01-01T03:41:56.391Z| vmx| I125: VPMC: gen counters: num 4 mask 0xffffffffffff
2001-01-01T03:41:56.391Z| vmx| I125: VPMC: fix counters: num 0 mask 0; version 1
2001-01-01T03:41:56.391Z| vmx| I125: VPMC: hardware counters: 0
2001-01-01T03:41:56.391Z| vmx| I125: VPMC: perf capabilities: 0x2000
2001-01-01T03:41:56.391Z| vmx| I125: MemSched (MB): min: 10 sizeLimit: 1024 swapInitialFileSize: 82 prealloc: FALSE.
2001-01-01T03:41:56.391Z| vmx| I125: SVGA-GFB: Allocated gfbSize=4194304
2001-01-01T03:41:56.391Z| vmx| A100: ConfigDB: Setting vmotion.checkpointFBSize = "4194304"
2001-01-01T03:41:56.391Z| vmx| A100: ConfigDB: Setting vmotion.checkpointSVGAPrimarySize = "16777216"
2001-01-01T03:41:56.391Z| vmx| I125: SVGA-PCI: BAR gfbSize=134217728, fifoSize=8388608
2001-01-01T03:41:56.391Z| vmx| I125: SVGA: SVGA_REG_MEMORY_SIZE=4194304
2001-01-01T03:41:56.391Z| vmx| I125: SVGA: SVGA_REG_VRAM_SIZE=4194304
2001-01-01T03:41:56.391Z| vmx| I125: BusMemSampleSetUpStats: touched: initPct 75 pages 1572864 : dirtied: initPct 75 pages 1572864
2001-01-01T03:41:56.392Z| worker-2106034| I125: GetHostManifests: Extracting the manifest file.
2001-01-01T03:41:56.392Z| vmx| I125: FeatureCompat: Capabilities:
2001-01-01T03:41:56.392Z| vmx| I125: Capability Found: cpuid.Intel = 0x1
2001-01-01T03:41:56.392Z| vmx| I125: Capability Found: cpuid.FCMD = 0x1
2001-01-01T03:41:56.392Z| vmx| I125: Capability Found: cpuid.PDPE1GB = 0x1
2001-01-01T03:41:56.392Z| vmx| I125: Capability Found: vpmc.fixctr.0 = 0x1
2001-01-01T03:41:56.392Z| vmx| I125: Capability Found: cpuid.LM = 0x1
2001-01-01T03:41:56.392Z| vmx| I125: Capability Found: cpuid.XCR0_MASTER_BNDCSR = 0x1
2001-01-01T03:41:56.392Z| vmx| I125: Capability Found: cpuid.MWAIT = 0x1
2001-01-01T03:41:56.392Z| vmx| I125: Capability Found: vpmc.numGenCtrs = 0x4
2001-01-01T03:41:56.392Z| vmx| I125: Capability Found: vpmc.fixedWidth = 0x30
2001-01-01T03:41:56.392Z| vmx| I125: Capability Found: cpuid.VMX = 0x1
2001-01-01T03:41:56.392Z| vmx| I125: Capability Found: vpmc.genWidth = 0x30
2001-01-01T03:41:56.392Z| vmx| I125: Capability Found: vpmc.version = 0x3
2001-01-01T03:41:56.392Z| vmx| I125: Capability Found: vpmc.fixctr.2 = 0x1
2001-01-01T03:41:56.392Z| vmx| I125: Capability Found: cpuid.PCID = 0x1
2001-01-01T03:41:56.392Z| vmx| I125: Capability Found: cpuid.SSBD = 0x1
2001-01-01T03:41:56.392Z| vmx| I125: Capability Found: vpmc.genctr.2 = 0x1
2001-01-01T03:41:56.392Z| vmx| I125: Capability Found: cpuid.SSSE3 = 0x1
2001-01-01T03:41:56.392Z| vmx| I125: Capability Found: cpuid.SSE3 = 0x1
2001-01-01T03:41:56.392Z| vmx| I125: Capability Found: cpuid.NX = 0x1
2001-01-01T03:41:56.392Z| vmx| I125: Capability Found: cpuid.SSE41 = 0x1
2001-01-01T03:41:56.392Z| vmx| I125: Capability Found: cpuid.AES = 0x1
2001-01-01T03:41:56.392Z| vmx| I125: Capability Found: cpuid.STIBP = 0x1
2001-01-01T03:41:56.392Z| vmx| I125: Capability Found: cpuid.PCLMULQDQ = 0x1
2001-01-01T03:41:56.392Z| vmx| I125: Capability Found: cpuid.SS = 0x1
2001-01-01T03:41:56.392Z| vmx| I125: Capability Found: cpuid.POPCNT = 0x1
2001-01-01T03:41:56.392Z| vmx| I125: Capability Found: vpmc.genctr.3 = 0x1
2001-01-01T03:41:56.392Z| vmx| I125: Capability Found: vt.realmode = 0x1
2001-01-01T03:41:56.392Z| vmx| I125: Capability Found: vt.ple = 0x1
2001-01-01T03:41:56.392Z| vmx| I125: Capability Found: cpuid.DS = 0x1
2001-01-01T03:41:56.392Z| vmx| I125: Capability Found: vpmc.genctr.0 = 0x1
2001-01-01T03:41:56.392Z| vmx| I125: Capability Found: cpuid.XCR0_MASTER_BNDREGS = 0x1
2001-01-01T03:41:56.392Z| vmx| I125: Capability Found: cpuid.RDTSCP = 0x1
2001-01-01T03:41:56.392Z| vmx| I125: Capability Found: cpuid.LAHF64 = 0x1
2001-01-01T03:41:56.392Z| vmx| I125: Capability Found: cpuid.IBPB = 0x1
2001-01-01T03:41:56.392Z| vmx| I125: Capability Found: hv.capable = 0x1
2001-01-01T03:41:56.392Z| vmx| I125: Capability Found: cpuid.CMPXCHG16B = 0x1
2001-01-01T03:41:56.392Z| vmx| I125: Capability Found: vpmc.numFixedCtrs = 0x3
2001-01-01T03:41:56.392Z| vmx| I125: Capability Found: vpmc.genctr.1 = 0x1
2001-01-01T03:41:56.392Z| vmx| I125: Capability Found: cpuid.SSE42 = 0x1
2001-01-01T03:41:56.392Z| vmx| I125: Capability Found: vpmc.microarchitecture.nehalem-0 = 0x1
2001-01-01T03:41:56.392Z| vmx| I125: Capability Found: cpuid.IBRS = 0x1
2001-01-01T03:41:56.392Z| vmx| I125: FeatureCompat: Requirements:
2001-01-01T03:41:56.392Z| vmx| I125: VM Features Required: cpuid.SSE3 - Bool:Min:1
2001-01-01T03:41:56.392Z| vmx| I125: VM Features Required: cpuid.PCLMULQDQ - Bool:Min:1
2001-01-01T03:41:56.392Z| vmx| I125: VM Features Required: cpuid.SSSE3 - Bool:Min:1
2001-01-01T03:41:56.392Z| vmx| I125: VM Features Required: cpuid.CMPXCHG16B - Bool:Min:1
2001-01-01T03:41:56.392Z| vmx| I125: VM Features Required: cpuid.SSE41 - Bool:Min:1
2001-01-01T03:41:56.392Z| vmx| I125: VM Features Required: cpuid.SSE42 - Bool:Min:1
2001-01-01T03:41:56.392Z| vmx| I125: VM Features Required: cpuid.POPCNT - Bool:Min:1
2001-01-01T03:41:56.392Z| vmx| I125: VM Features Required: cpuid.AES - Bool:Min:1
2001-01-01T03:41:56.392Z| vmx| I125: VM Features Required: cpuid.SS - Bool:Min:1
2001-01-01T03:41:56.392Z| vmx| I125: VM Features Required: cpuid.STIBP - Bool:Min:1
2001-01-01T03:41:56.392Z| vmx| I125: VM Features Required: cpuid.FCMD - Bool:Min:1
2001-01-01T03:41:56.392Z| vmx| I125: VM Features Required: cpuid.SSBD - Bool:Min:1
2001-01-01T03:41:56.392Z| vmx| I125: VM Features Required: cpuid.LAHF64 - Bool:Min:1
2001-01-01T03:41:56.392Z| vmx| I125: VM Features Required: cpuid.NX - Bool:Min:1
2001-01-01T03:41:56.392Z| vmx| I125: VM Features Required: cpuid.RDTSCP - Bool:Min:1
2001-01-01T03:41:56.392Z| vmx| I125: VM Features Required: cpuid.LM - Bool:Min:1
2001-01-01T03:41:56.392Z| vmx| I125: VM Features Required: cpuid.Intel - Bool:Min:1
2001-01-01T03:41:56.392Z| vmx| I125: VM Features Required: cpuid.IBRS - Bool:Min:1
2001-01-01T03:41:56.392Z| vmx| I125: VM Features Required: cpuid.IBPB - Bool:Min:1
2001-01-01T03:41:56.392Z| vmx| I125: Active HV capabilities
2001-01-01T03:41:56.392Z| vmx| I125:    Address space identifiers
2001-01-01T03:41:56.392Z| vmx| I125:    Effective PAT
2001-01-01T03:41:56.392Z| vmx| I125:    Flush by ASID
2001-01-01T03:41:56.392Z| vmx| I125:    Full decode
2001-01-01T03:41:56.392Z| vmx| I125:    MSR permission bitmap
2001-01-01T03:41:56.392Z| vmx| I125:    Next RIP
2001-01-01T03:41:56.392Z| vmx| I125:    Real-address mode
2001-01-01T03:41:56.392Z| vmx| I125:    Skip debug state
2001-01-01T03:41:56.392Z| vmx| I125:    Virtual NMI
2001-01-01T03:41:56.392Z| vmx| I125:    X2APIC virtualization
2001-01-01T03:41:56.392Z| vmx| I125:    INVEPT single-context
2001-01-01T03:41:56.392Z| vmx| I125:    PAUSE-loop exiting
2001-01-01T03:41:56.392Z| vmx| I125: 
2001-01-01T03:41:56.392Z| vmx| I125+ OvhdMem: Static (Power On) Overheads
2001-01-01T03:41:56.392Z| vmx| I125:                                                       reserved      |          used
2001-01-01T03:41:56.392Z| vmx| I125: OvhdMem excluded                                  cur    max    avg |    cur    max    avg
2001-01-01T03:41:56.392Z| vmx| I125: OvhdMem OvhdUser_MainMem                    :  2097152 2097152      - | 2097152 2097152      -
2001-01-01T03:41:56.392Z| vmx| I125: OvhdMem OvhdUser_VmxText                    :    7168   7168      - |      0      0      -
2001-01-01T03:41:56.392Z| vmx| I125: OvhdMem OvhdUser_VmxTextLibs                :   15360  15360      - |      0      0      -
2001-01-01T03:41:56.392Z| vmx| I125: OvhdMem Total excluded                      :  2119680 2119680      - |      -      -      -
2001-01-01T03:41:56.392Z| vmx| I125: OvhdMem Actual maximum                      :         2119680        |             -
2001-01-01T03:41:56.392Z| vmx| I125+ 
2001-01-01T03:41:56.392Z| vmx| I125:                                                       reserved      |          used
2001-01-01T03:41:56.392Z| vmx| I125: OvhdMem paged                                     cur    max    avg |    cur    max    avg
2001-01-01T03:41:56.392Z| vmx| I125: OvhdMem OvhdUser_KSTATS_vmm                 :       0      0      - |      0      0      -
2001-01-01T03:41:56.392Z| vmx| I125: OvhdMem OvhdUser_STATS_vmm                  :       4      4      - |      0      0      -
2001-01-01T03:41:56.392Z| vmx| I125: OvhdMem OvhdUser_KSTATS_device              :       0      0      - |      0      0      -
2001-01-01T03:41:56.392Z| vmx| I125: OvhdMem OvhdUser_STATS_device               :       2      2      - |      0      0      -
2001-01-01T03:41:56.392Z| vmx| I125: OvhdMem OvhdUser_KSTATS_migrate             :       0      0      - |      0      0      -
2001-01-01T03:41:56.392Z| vmx| I125: OvhdMem OvhdUser_IOFiltersMalloc            :       0      0      - |      0      0      -
2001-01-01T03:41:56.392Z| vmx| I125: OvhdMem OvhdUser_DiskLibMemUsed             :    3075   3075      - |      0      0      -
2001-01-01T03:41:56.392Z| vmx| I125: OvhdMem OvhdUser_SvgaSurfaceTable           :       5      5      - |      1      1      -
2001-01-01T03:41:56.392Z| vmx| I125: OvhdMem OvhdUser_SvgaBESurfaceTable         :       6      6      - |      2      2      -
2001-01-01T03:41:56.392Z| vmx| I125: OvhdMem OvhdUser_SvgaHBTables               :       0      0      - |      0      0      -
2001-01-01T03:41:56.392Z| vmx| I125: OvhdMem OvhdUser_SvgaHBMobListTable         :       0      0      - |      0      0      -
2001-01-01T03:41:56.392Z| vmx| I125: OvhdMem OvhdUser_SvgaHBShaderTable          :       0      0      - |      0      0      -
2001-01-01T03:41:56.392Z| vmx| I125: OvhdMem OvhdUser_SvgaRestoreBufferArray     :       0      0      - |      0      0      -
2001-01-01T03:41:56.392Z| vmx| I125: OvhdMem OvhdUser_SvgaSDirtyCache            :      48     48      - |      0      0      -
2001-01-01T03:41:56.392Z| vmx| I125: OvhdMem OvhdUser_SvgaShaderTable            :       0      0      - |      0      0      -
2001-01-01T03:41:56.392Z| vmx| I125: OvhdMem OvhdUser_SvgaShaderText             :       0      0      - |      0      0      -
2001-01-01T03:41:56.392Z| vmx| I125: OvhdMem OvhdUser_SvgaContextCache           :       0      0      - |      0      0      -
2001-01-01T03:41:56.393Z| vmx| I125: OvhdMem OvhdUser_SvgaMobCache               :     264    264      - |     24     24      -
2001-01-01T03:41:56.393Z| vmx| I125: OvhdMem OvhdUser_SvgaDXRTViewTable          :       0      0      - |      0      0      -
2001-01-01T03:41:56.393Z| vmx| I125: OvhdMem OvhdUser_SvgaDXDSViewTable          :       0      0      - |      0      0      -
2001-01-01T03:41:56.393Z| vmx| I125: OvhdMem OvhdUser_SvgaDXSRViewTable          :       0      0      - |      0      0      -
2001-01-01T03:41:56.393Z| vmx| I125: OvhdMem OvhdUser_SvgaDXBlendStateTable      :       0      0      - |      0      0      -
2001-01-01T03:41:56.393Z| vmx| I125: OvhdMem OvhdUser_SvgaDXElementLayoutTable   :       0      0      - |      0      0      -
2001-01-01T03:41:56.393Z| vmx| I125: OvhdMem OvhdUser_SvgaDXDepthStencilTable    :       0      0      - |      0      0      -
2001-01-01T03:41:56.393Z| vmx| I125: OvhdMem OvhdUser_SvgaDXRasterizerStateTable :       0      0      - |      0      0      -
2001-01-01T03:41:56.393Z| vmx| I125: OvhdMem OvhdUser_SvgaDXSamplerTable         :       0      0      - |      0      0      -
2001-01-01T03:41:56.393Z| vmx| I125: OvhdMem OvhdUser_SvgaDXContextTable         :       0      0      - |      0      0      -
2001-01-01T03:41:56.393Z| vmx| I125: OvhdMem OvhdUser_SvgaDXShaderTable          :       0      0      - |      0      0      -
2001-01-01T03:41:56.393Z| vmx| I125: OvhdMem OvhdUser_SvgaDXShaderText           :       0      0      - |      0      0      -
2001-01-01T03:41:56.393Z| vmx| I125: OvhdMem OvhdUser_SvgaDXStreamOutTable       :       0      0      - |      0      0      -
2001-01-01T03:41:56.393Z| vmx| I125: OvhdMem OvhdUser_SvgaDXQueryTable           :       0      0      - |      0      0      -
2001-01-01T03:41:56.393Z| vmx| I125: OvhdMem OvhdUser_SvgaVAProcessorTable       :       0      0      - |      0      0      -
2001-01-01T03:41:56.393Z| vmx| I125: OvhdMem OvhdUser_SvgaVADecoderTable         :       0      0      - |      0      0      -
2001-01-01T03:41:56.393Z| vmx| I125: OvhdMem OvhdUser_VmxAllocTrack              :       0      0      - |      0      0      -
2001-01-01T03:41:56.393Z| vmx| I125: OvhdMem OvhdUser_VmxASAN                    :       0      0      - |      0      0      -
2001-01-01T03:41:56.393Z| vmx| I125: OvhdMem OvhdUser_VmxCallStackProf           :       0      0      - |      0      0      -
2001-01-01T03:41:56.393Z| vmx| I125: OvhdMem OvhdUser_VmxGlobals                 :    1216   1216      - |      0      0      -
2001-01-01T03:41:56.393Z| vmx| I125: OvhdMem OvhdUser_VmxGlobalsLibs             :    3584   3584      - |      0      0      -
2001-01-01T03:41:56.393Z| vmx| I125: OvhdMem OvhdUser_VmxHeap                    :    8704   8704      - |      0      0      -
2001-01-01T03:41:56.393Z| vmx| I125: OvhdMem OvhdUser_VmxHeapFreeList            :       0      0      - |      0      0      -
2001-01-01T03:41:56.393Z| vmx| I125: OvhdMem OvhdUser_VmxMks                     :      33     33      - |      0      0      -
2001-01-01T03:41:56.393Z| vmx| I125: OvhdMem OvhdUser_VmxMksRenderOps            :      16     16      - |      0      0      -
2001-01-01T03:41:56.393Z| vmx| I125: OvhdMem OvhdUser_VmxMks3d                   :       0      0      - |      0      0      -
2001-01-01T03:41:56.393Z| vmx| I125: OvhdMem OvhdUser_VmxMksHBMobs               :       0      0      - |      0      0      -
2001-01-01T03:41:56.393Z| vmx| I125: OvhdMem OvhdUser_VmxMksGLRenderer           :       0      0      - |      0      0      -
2001-01-01T03:41:56.393Z| vmx| I125: OvhdMem OvhdUser_VmxMksGLTransient          :       0      0      - |      0      0      -
2001-01-01T03:41:56.393Z| vmx| I125: OvhdMem OvhdUser_VmxMksLLVM                 :       0      0      - |      0      0      -
2001-01-01T03:41:56.393Z| vmx| I125: OvhdMem OvhdUser_VmxMksScreenTemp           :    8450   8450      - |      0      0      -
2001-01-01T03:41:56.393Z| vmx| I125: OvhdMem OvhdUser_VmxMksVnc                  :    6123   6123      - |      0      0      -
2001-01-01T03:41:56.393Z| vmx| I125: OvhdMem OvhdUser_VmxMksScreen               :    8195   8195      - |      0      0      -
2001-01-01T03:41:56.393Z| vmx| I125: OvhdMem OvhdUser_VmxMksSVGAVO               :    4096   4096      - |      0      0      -
2001-01-01T03:41:56.393Z| vmx| I125: OvhdMem OvhdUser_VmxMksVMVA                 :       0      0      - |      0      0      -
2001-01-01T03:41:56.393Z| vmx| I125: OvhdMem OvhdUser_VmxPhysMemRingBuf          :       0      0      - |      0      0      -
2001-01-01T03:41:56.393Z| vmx| I125: OvhdMem OvhdUser_VmxPhysMemErrPages         :      10     10      - |      0      0      -
2001-01-01T03:41:56.393Z| vmx| I125: OvhdMem OvhdUser_VmxFTCptOutputBuf          :       0      0      - |      0      0      -
2001-01-01T03:41:56.393Z| vmx| I125: OvhdMem OvhdUser_VmxSLEntryBuf              :     128    128      - |      0      0      -
2001-01-01T03:41:56.393Z| vmx| I125: OvhdMem OvhdUser_VmxThreads                 :   18944  18944      - |      0      0      -
2001-01-01T03:41:56.393Z| vmx| I125: OvhdMem Total paged                         :   62903  62903      - |     27     27      -
2001-01-01T03:41:56.393Z| vmx| I125: OvhdMem Actual maximum                      :          62903        |            27
2001-01-01T03:41:56.393Z| vmx| I125+ 
2001-01-01T03:41:56.393Z| vmx| I125:                                                       reserved      |          used
2001-01-01T03:41:56.393Z| vmx| I125: OvhdMem nonpaged                                  cur    max    avg |    cur    max    avg
2001-01-01T03:41:56.393Z| vmx| I125: OvhdMem OvhdUser_SharedArea                 :     102    102      - |     63     63      -
2001-01-01T03:41:56.393Z| vmx| I125: OvhdMem OvhdUser_BusMemTraceBitmap          :      67     67      - |      0      0      -
2001-01-01T03:41:56.393Z| vmx| I125: OvhdMem OvhdUser_PFrame                     :       0      0      - |      0      0      -
2001-01-01T03:41:56.393Z| vmx| I125: OvhdMem OvhdUser_VProbe                     :       0      0      - |      0      0      -
2001-01-01T03:41:56.393Z| vmx| I125: OvhdMem OvhdUser_VIDE_KSEG                  :      16     16      - |     16     16      -
2001-01-01T03:41:56.393Z| vmx| I125: OvhdMem OvhdUser_VGA                        :      64     64      - |     64     64      -
2001-01-01T03:41:56.393Z| vmx| I125: OvhdMem OvhdUser_BalloonMPN                 :       1      1      - |      1      1      -
2001-01-01T03:41:56.393Z| vmx| I125: OvhdMem OvhdUser_P2MUpdateBuffer            :       0      0      - |      0      0      -
2001-01-01T03:41:56.393Z| vmx| I125: OvhdMem OvhdUser_ServicesMPN                :       0      0      - |      0      0      -
2001-01-01T03:41:56.393Z| vmx| I125: OvhdMem OvhdUser_LocalApic                  :       2      2      - |      2      2      -
2001-01-01T03:41:56.393Z| vmx| I125: OvhdMem OvhdUser_BusError                   :       1      1      - |      1      1      -
2001-01-01T03:41:56.393Z| vmx| I125: OvhdMem OvhdUser_VBIOS                      :       8      8      - |      8      8      -
2001-01-01T03:41:56.393Z| vmx| I125: OvhdMem OvhdUser_VnicGuest                  :       0      0      - |      0      0      -
2001-01-01T03:41:56.393Z| vmx| I125: OvhdMem OvhdUser_VnicMmap                   :       1      1      - |      1      1      -
2001-01-01T03:41:56.393Z| vmx| I125: OvhdMem OvhdUser_TestDev                    :       0      0      - |      0      0      -
2001-01-01T03:41:56.393Z| vmx| I125: OvhdMem OvhdUser_LSIBIOS                    :       0      0      - |      0      0      -
2001-01-01T03:41:56.393Z| vmx| I125: OvhdMem OvhdUser_LSIRings                   :       0      0      - |      0      0      -
2001-01-01T03:41:56.393Z| vmx| I125: OvhdMem OvhdUser_PCIPBIOS                   :       0      0      - |      0      0      -
2001-01-01T03:41:56.393Z| vmx| I125: OvhdMem OvhdUser_PVSCSIBIOS                 :      16     16      - |     16     16      -
2001-01-01T03:41:56.393Z| vmx| I125: OvhdMem OvhdUser_PVSCSIKickReg              :       4      4      - |      2      2      -
2001-01-01T03:41:56.393Z| vmx| I125: OvhdMem OvhdUser_SAS1068BIOS                :       0      0      - |      0      0      -
2001-01-01T03:41:56.393Z| vmx| I125: OvhdMem OvhdUser_SBIOS                      :      16     16      - |      0      0      -
2001-01-01T03:41:56.393Z| vmx| I125: OvhdMem OvhdUser_AHCIBIOS                   :      16     16      - |     16     16      -
2001-01-01T03:41:56.393Z| vmx| I125: OvhdMem OvhdUser_NVMEBIOS                   :       0      0      - |      0      0      -
2001-01-01T03:41:56.393Z| vmx| I125: OvhdMem OvhdUser_FlashRam                   :     512    512      - |    512    512      -
2001-01-01T03:41:56.393Z| vmx| I125: OvhdMem OvhdUser_IOFiltersMMap              :       0      0      - |      0      0      -
2001-01-01T03:41:56.393Z| vmx| I125: OvhdMem OvhdUser_IOFiltersGlobal            :       0      0      - |      0      0      -
2001-01-01T03:41:56.393Z| vmx| I125: OvhdMem OvhdUser_SMM                        :       0      0      - |      0      0      -
2001-01-01T03:41:56.393Z| vmx| I125: OvhdMem OvhdUser_SVGAFB                     :    1024   1024      - |   1024   1024      -
2001-01-01T03:41:56.393Z| vmx| I125: OvhdMem OvhdUser_SVGAMEM                    :      64    512      - |     64     64      -
2001-01-01T03:41:56.393Z| vmx| I125: OvhdMem OvhdUser_HDAudioReg                 :       3      3      - |      0      0      -
2001-01-01T03:41:56.393Z| vmx| I125: OvhdMem OvhdUser_EHCIRegister               :       1      1      - |      0      0      -
2001-01-01T03:41:56.393Z| vmx| I125: OvhdMem OvhdUser_XhciRegister               :       1      1      - |      0      0      -
2001-01-01T03:41:56.393Z| vmx| I125: OvhdMem OvhdUser_PhysMemDebug               :       0      0      - |      0      0      -
2001-01-01T03:41:56.393Z| vmx| I125: OvhdMem OvhdUser_HyperV                     :       2      2      - |      2      2      -
2001-01-01T03:41:56.393Z| vmx| I125: OvhdMem OvhdUser_ExtCfg                     :       3      3      - |      3      3      -
2001-01-01T03:41:56.393Z| vmx| I125: OvhdMem OvhdUser_HV                         :       8      8      - |      0      0      -
2001-01-01T03:41:56.393Z| vmx| I125: OvhdMem OvhdUser_HVIOBitmap                 :       3      3      - |      0      0      -
2001-01-01T03:41:56.393Z| vmx| I125: OvhdMem OvhdUser_HVMSRBitmap                :       2      2      - |      1      1      -
2001-01-01T03:41:56.393Z| vmx| I125: OvhdMem OvhdUser_VHVGuestMSRBitmap          :       2      2      - |      0      0      -
2001-01-01T03:41:56.393Z| vmx| I125: OvhdMem OvhdUser_vhvCachedVMCS              :       2      2      - |      0      0      -
2001-01-01T03:41:56.393Z| vmx| I125: OvhdMem OvhdUser_vhvNestedAPIC              :       2      2      - |      0      0      -
2001-01-01T03:41:56.393Z| vmx| I125: OvhdMem OvhdUser_PCIP                       :       0      0      - |      0      0      -
2001-01-01T03:41:56.393Z| vmx| I125: OvhdMem OvhdUser_MigrateCpt                 :       0      0      - |      0      0      -
2001-01-01T03:41:56.393Z| vmx| I125: OvhdMem OvhdUser_MonBootstrap               :       0      0      - |      0      0      -
2001-01-01T03:41:56.393Z| vmx| I125: OvhdMem OvhdUser_MonWired                   :       0      0      - |      0      0      -
2001-01-01T03:41:56.393Z| vmx| I125: OvhdMem OvhdUser_MonLow                     :       0      0      - |      0      0      -
2001-01-01T03:41:56.393Z| vmx| I125: OvhdMem OvhdUser_MonWiredNuma               :      34     34      - |      2      2      -
2001-01-01T03:41:56.393Z| vmx| I125: OvhdMem OvhdUser_MonNuma                    :     276    276      - |    249    249      -
2001-01-01T03:41:56.393Z| vmx| I125: OvhdMem OvhdUser_MonOther                   :      78     78      - |      0      0      -
2001-01-01T03:41:56.393Z| vmx| I125: OvhdMem OvhdUser_FTCpt                      :       0      0      - |      0      0      -
2001-01-01T03:41:56.393Z| vmx| I125: OvhdMem OvhdUser_NVDC                       :       1      1      - |      0      0      -
2001-01-01T03:41:56.393Z| vmx| I125: OvhdMem OvhdUser_NVDIMM                     :       0      0      - |      0      0      -
2001-01-01T03:41:56.393Z| vmx| I125: OvhdMem OvhdUser_EPC                        :       0      0      - |      0      0      -
2001-01-01T03:41:56.393Z| vmx| I125: OvhdMem Total nonpaged                      :    2332   2780      - |   2047   2047      -
2001-01-01T03:41:56.393Z| vmx| I125: OvhdMem Actual maximum                      :           2780        |          2047
2001-01-01T03:41:56.393Z| vmx| I125+ 
2001-01-01T03:41:56.393Z| vmx| I125:                                                       reserved      |          used
2001-01-01T03:41:56.393Z| vmx| I125: OvhdMem anonymous                                 cur    max    avg |    cur    max    avg
2001-01-01T03:41:56.393Z| vmx| I125: OvhdMem OvhdMon_Alloc                       :     158    158      - |      0      0      -
2001-01-01T03:41:56.393Z| vmx| I125: OvhdMem OvhdMon_BusMemFrame                 :    2114   2122      - |      0      0      -
2001-01-01T03:41:56.393Z| vmx| I125: OvhdMem OvhdMon_BusMem2MInfo                :      32     32      - |      0      0      -
2001-01-01T03:41:56.393Z| vmx| I125: OvhdMem OvhdMon_BusMem1GInfo                :       1      1      - |      0      0      -
2001-01-01T03:41:56.393Z| vmx| I125: OvhdMem OvhdMon_BusMemZapListMPN            :       1      1      - |      0      0      -
2001-01-01T03:41:56.393Z| vmx| I125: OvhdMem OvhdMon_MonAS                       :       4      4      - |      0      0      -
2001-01-01T03:41:56.393Z| vmx| I125: OvhdMem OvhdMon_GuestMem                    :      48     48      - |      0      0      -
2001-01-01T03:41:56.393Z| vmx| I125: OvhdMem OvhdMon_TC                          :    1026   1026      - |      0      0      -
2001-01-01T03:41:56.393Z| vmx| I125: OvhdMem OvhdMon_Island                      :       8      8      - |      0      0      -
2001-01-01T03:41:56.393Z| vmx| I125: OvhdMem OvhdMon_BusMemMonAS                 :       6      6      - |      0      0      -
2001-01-01T03:41:56.393Z| vmx| I125: OvhdMem OvhdMon_PlatformMonAS               :       0      0      - |      0      0      -
2001-01-01T03:41:56.393Z| vmx| I125: OvhdMem OvhdMon_HVNuma                      :       6      6      - |      0      0      -
2001-01-01T03:41:56.393Z| vmx| I125: OvhdMem OvhdMon_HV                          :       2      2      - |      0      0      -
2001-01-01T03:41:56.393Z| vmx| I125: OvhdMem OvhdMon_VHV                         :       6      6      - |      0      0      -
2001-01-01T03:41:56.393Z| vmx| I125: OvhdMem OvhdMon_VNPTShadow                  :       0      0      - |      0      0      -
2001-01-01T03:41:56.393Z| vmx| I125: OvhdMem OvhdMon_VNPTShadowCache             :       0      0      - |      0      0      -
2001-01-01T03:41:56.393Z| vmx| I125: OvhdMem OvhdMon_VNPTBackmap                 :       0      0      - |      0      0      -
2001-01-01T03:41:56.393Z| vmx| I125: OvhdMem OvhdMon_SVMIDT                      :       2      2      - |      0      0      -
2001-01-01T03:41:56.393Z| vmx| I125: OvhdMem OvhdMon_CallStackProfAnon           :       0      0      - |      0      0      -
2001-01-01T03:41:56.393Z| vmx| I125: OvhdMem OvhdMon_Numa                        :      32     32      - |      0      0      -
2001-01-01T03:41:56.393Z| vmx| I125: OvhdMem OvhdMon_NumaTextRodata              :     196    196      - |      0      0      -
2001-01-01T03:41:56.393Z| vmx| I125: OvhdMem OvhdMon_NumaDataBss                 :      80     80      - |      0      0      -
2001-01-01T03:41:56.393Z| vmx| I125: OvhdMem OvhdMon_NumaLargeData               :       0      0      - |      0      0      -
2001-01-01T03:41:56.393Z| vmx| I125: OvhdMem OvhdMon_WiredNuma                   :      34     34      - |      0      0      -
2001-01-01T03:41:56.393Z| vmx| I125: OvhdMem OvhdMon_Bootstrap                   :       3      3      - |      0      0      -
2001-01-01T03:41:56.393Z| vmx| I125: OvhdMem OvhdMon_GPhysTraced                 :     852    852      - |      0      0      -
2001-01-01T03:41:56.393Z| vmx| I125: OvhdMem OvhdMon_GPhysHWMMU                  :    4273   4273      - |      0      0      -
2001-01-01T03:41:56.393Z| vmx| I125: OvhdMem OvhdMon_GPhysGIM                    :       0      0      - |      0      0      -
2001-01-01T03:41:56.393Z| vmx| I125: OvhdMem OvhdMon_GPhysNoTrace                :     213    213      - |      0      0      -
2001-01-01T03:41:56.393Z| vmx| I125: OvhdMem OvhdMon_PhysMemGart                 :      88     88      - |      0      0      -
2001-01-01T03:41:56.393Z| vmx| I125: OvhdMem OvhdMon_PhysMemErr                  :       7      7      - |      0      0      -
2001-01-01T03:41:56.393Z| vmx| I125: OvhdMem OvhdMon_TraceALot                   :       0      0      - |      0      0      -
2001-01-01T03:41:56.393Z| vmx| I125: OvhdMem OvhdMon_VIDE                        :       4      4      - |      0      0      -
2001-01-01T03:41:56.393Z| vmx| I125: OvhdMem OvhdMon_VMXNETWake                  :       0      0      - |      0      0      -
2001-01-01T03:41:56.393Z| vmx| I125: OvhdMem OvhdMon_BusLogic                    :       4      4      - |      0      0      -
2001-01-01T03:41:56.393Z| vmx| I125: OvhdMem OvhdMon_Ahci                        :      32     32      - |      0      0      -
2001-01-01T03:41:56.393Z| vmx| I125: OvhdMem OvhdMon_Nvme                        :       0      0      - |      0      0      -
2001-01-01T03:41:56.393Z| vmx| I125: OvhdMem OvhdMon_NVMERings                   :       0      0      - |      0      0      -
2001-01-01T03:41:56.393Z| vmx| I125: OvhdMem OvhdMon_PVSCSIShadowRing            :      32     32      - |      0      0      -
2001-01-01T03:41:56.393Z| vmx| I125: OvhdMem OvhdMon_LSIRings                    :       0      0      - |      0      0      -
2001-01-01T03:41:56.393Z| vmx| I125: OvhdMem OvhdMon_FTCptMonAS                  :       0      0      - |      0      0      -
2001-01-01T03:41:56.393Z| vmx| I125: OvhdMem OvhdMon_Hba                         :       2      2      - |      0      0      -
2001-01-01T03:41:56.393Z| vmx| I125: OvhdMem OvhdMon_VProbe                      :       1      1      - |      0      0      -
2001-01-01T03:41:56.393Z| vmx| I125: OvhdMem OvhdMon_PT                          :       0      0      - |      0      0      -
2001-01-01T03:41:56.393Z| vmx| I125: OvhdMem Total anonymous                     :    9267   9275      - |      0      0      -
2001-01-01T03:41:56.393Z| vmx| I125: OvhdMem Actual maximum                      :           9275        |             0
2001-01-01T03:41:56.393Z| vmx| I125+ 
2001-01-01T03:41:56.393Z| vmx| I125: OvhdMem: memsize 8192 MB VMK fixed 3462 pages var(mem) 529 pages var(cpu) 8 cbrcOverhead 0 pages total 7713 pages
2001-01-01T03:41:56.393Z| vmx| I125: VMMEM: Precise Reservation: 291MB (MainMem=8192MB) VMK=30MB
2001-01-01T03:41:56.393Z| vmx| I125: Vix: [mainDispatch.c:1067]: VMAutomation_PowerOn. Powering on.
2001-01-01T03:41:56.394Z| vmx| I125: VMX_PowerOn: ModuleTable_PowerOn = 1
2001-01-01T03:41:56.394Z| vmx| A100: ConfigDB: Setting cleanShutdown = "FALSE"
2001-01-01T03:41:56.394Z| vmx| A100: ConfigDB: Setting softPowerOff = "FALSE"
2001-01-01T03:41:56.395Z| vcpu-0| I125: VTHREAD 154549085952 "vcpu-0" wid 2106037
2001-01-01T03:41:56.395Z| vcpu-0| I125: VMMon_Start: vcpu-0: worldID=2106027
2001-01-01T03:41:56.395Z| vcpu-0| I125: MonTimer APIC:1/0 vec: 239
2001-01-01T03:41:56.395Z| vcpu-0| I125: APIC: version = 0x15, max LVT = 6, LDR = 0x10000000, DFR = 0xffffffff
2001-01-01T03:41:56.396Z| svga| I125: SVGA thread is alive
2001-01-01T03:41:56.396Z| vcpu-0| I125: CPU reset: hard (mode 0)
2001-01-01T03:41:56.397Z| vcpu-1| I125: VTHREAD 154553493248 "vcpu-1" wid 2106039
2001-01-01T03:41:56.397Z| vcpu-1| I125: VMMon_Start: vcpu-1: worldID=2106031
2001-01-01T03:41:56.397Z| vcpu-1| I125: MonTimer APIC:1/0 vec: 239
2001-01-01T03:41:56.397Z| vcpu-1| I125: APIC: version = 0x15, max LVT = 6, LDR = 0x80000000, DFR = 0xffffffff
2001-01-01T03:41:56.397Z| vcpu-1| I125: CPU reset: hard (mode 0)
2001-01-01T03:41:56.397Z| vcpu-1| I125: Intel VT: FlexPriority disabled.
2001-01-01T03:41:56.397Z| vcpu-1| I125: Intel VT: VPID enabled.
2001-01-01T03:41:56.397Z| vcpu-0| I125: GuestRpc: Successfully created RPCI listening socket.
2001-01-01T03:41:56.397Z| vcpu-0| I125: GuestRpc: Using vsocket for TCLO messaging is disabled.
2001-01-01T03:41:56.397Z| vcpu-0| I125: memoryHotplug: Node 0: Present: 8191 MB (100 %) Size:8191 MB (100 %)
2001-01-01T03:41:56.397Z| vcpu-0| I125: PIIX4: PM Resuming from suspend type 0x0, chipset.onlineStandby 1
2001-01-01T03:41:56.398Z| vcpu-0| A100: ConfigDB: Unsetting all entries with prefix "usb_xhci:4."
2001-01-01T03:41:56.399Z| vcpu-0| I125: USB: Disconnecting device 0x2000000400000000
2001-01-01T03:41:56.399Z| vcpu-0| I125: USB: Connecting device desc:name:VMware\ Virtual\ USB\ Mouse vid:0e0f pid:0003 speed:full family:hid deviceType:virtual-hid info:0000005 version:3 id:0x200000050e0f0003
2001-01-01T03:41:56.399Z| vcpu-0| A100: ConfigDB: Setting usb_xhci:4.present = "TRUE"
2001-01-01T03:41:56.399Z| vcpu-0| A100: ConfigDB: Setting usb_xhci:4.deviceType = "hid"
2001-01-01T03:41:56.399Z| vcpu-0| A100: ConfigDB: Setting usb_xhci:4.port = "4"
2001-01-01T03:41:56.399Z| vcpu-0| A100: ConfigDB: Setting usb_xhci:4.parent = "-1"
2001-01-01T03:41:56.399Z| vcpu-1| I125: Intel VT enabled.
2001-01-01T03:41:56.401Z| vcpu-0| I125: Vix: [mainDispatch.c:4239]: VMAutomation_ReportPowerOpFinished: statevar=0, newAppState=1872, success=1 additionalError=0
2001-01-01T03:41:56.401Z| vcpu-0| I125: Vix: [mainDispatch.c:4156]: VMAutomationReportPowerStateChange: Reporting power state change (opcode=0, err=0).
2001-01-01T03:41:56.401Z| vcpu-0| I125: Vix: [mainDispatch.c:4156]: VMAutomationReportPowerStateChange: Reporting power state change (opcode=2, err=0).
2001-01-01T03:41:56.401Z| vcpu-0| I125: Transitioned vmx/execState/val to poweredOn
2001-01-01T03:41:56.401Z| vcpu-0| I125: SCSIFilterSBDAttachCBRC: device scsi0:1 is not SBD. Skipping CBRC attach SBD way.
2001-01-01T03:41:56.401Z| vcpu-0| I125: SCSIFilterSBDAttachCBRC: device scsi0:0 is not SBD. Skipping CBRC attach SBD way.
2001-01-01T03:41:56.401Z| vcpu-0| I125: Tools: Adding Tools inactivity timer.
2001-01-01T03:41:56.401Z| vmx| I125: VUsbUpdateVigorFieldsAndAutoconnect: New set of 1 USB devices
2001-01-01T03:41:56.401Z| vmx| I125: USB: Found device [name:Smart\ Modular\ USB-IBM vid:0e39 pid:f101 path:0/7/3 speed:high family:wireless,bluetooth serialnum:2002012643120492 arbRuntimeKey:1 quirks:bluetooth version:3]
2001-01-01T03:41:56.401Z| vcpu-0| I125: Intel VT: FlexPriority disabled.
2001-01-01T03:41:56.401Z| vcpu-0| I125: Intel VT: VPID enabled.
2001-01-01T03:41:56.403Z| vcpu-0| I125: Intel VT enabled.
2001-01-01T03:41:56.409Z| vcpu-0| I125: MemSched (MB): min: 9 sizeLimit: 1024 swapInitialFileSize: 82 prealloc: FALSE.
2001-01-01T03:41:56.409Z| vcpu-0| I125: MemSched (MB): min: 8 sizeLimit: 1024 swapInitialFileSize: 82 prealloc: FALSE.
2001-01-01T03:41:56.417Z| vcpu-0| I125: Guest: EFI ROM version: VMW71.00V.16707776.B64.2008070230 (64-bit RELEASE)
2001-01-01T03:41:56.479Z| worker-2106034| I125: GetHostManifests: Done extracting the manifest file.
2001-01-01T03:41:56.483Z| worker-2106034| I125: ToolsVersionGetStatusWorkerThread: Tools status 3 derived from environment
2001-01-01T03:41:56.483Z| vmx| I125: TOOLS refreshing value for isoImageExists (refreshCount=1, lastCount=0).
2001-01-01T03:41:56.483Z| vmx| I125: ToolsISO: Refreshing imageName for 'windows9srv-64' (refreshCount=1, lastCount=1).
2001-01-01T03:41:56.487Z| vmx| I125: ToolsISO: Updated cached value for imageName to 'windows.iso'.
2001-01-01T03:41:56.487Z| vmx| I125: ToolsISO: Selected Tools ISO 'windows.iso' for 'windows9srv-64' guest.
2001-01-01T03:41:56.487Z| vmx| I125: TOOLS updated cached value for isoImageExists to 1.
2001-01-01T03:41:56.487Z| vmx| I125: VMXVmdb_SetToolsVersionStatus: status value set to 'ok', 'current', install possible
2001-01-01T03:41:56.548Z| vcpu-0| I125: BIOS-UUID is 42 07 f9 cb 6d 1c 1e fb-d7 18 11 b4 5e ba 05 c1
2001-01-01T03:41:56.666Z| vcpu-0| I125: Tools: Running status rpc handler: 0 => 1.
2001-01-01T03:41:56.666Z| vcpu-0| I125: Tools: Changing running status: 0 => 1.
2001-01-01T03:41:56.666Z| vcpu-0| I125: Tools: Removing Tools inactivity timer.
2001-01-01T03:41:56.699Z| vcpu-0| I125: SVGA: Registering MemSpace at 0xf0000000(0x0) and 0xfb800000(0x0)
2001-01-01T03:41:56.701Z| vcpu-0| I125: SVGA: Unregistering MemSpace at 0xf0000000(0xf0000000) and 0xfb800000(0xfb800000)
2001-01-01T03:41:56.763Z| vcpu-0| I125: SVGA: Registering IOSpace at 0x1040
2001-01-01T03:41:56.763Z| vcpu-0| I125: SVGA: Unregistering IOSpace at 0x1040
2001-01-01T03:41:56.763Z| vcpu-0| I125: AHCI: Tried to enable/disable IO space.
2001-01-01T03:41:56.764Z| vcpu-0| I125: PCIBridge4: ISA/VGA decoding enabled (ctrl 001C)
2001-01-01T03:41:56.764Z| vcpu-0| I125: pciBridge4:1: ISA/VGA decoding enabled (ctrl 001C)
2001-01-01T03:41:56.764Z| vcpu-0| I125: pciBridge4:2: ISA/VGA decoding enabled (ctrl 001C)
2001-01-01T03:41:56.764Z| vcpu-0| I125: pciBridge4:3: ISA/VGA decoding enabled (ctrl 001C)
2001-01-01T03:41:56.764Z| vcpu-0| I125: pciBridge4:4: ISA/VGA decoding enabled (ctrl 001C)
2001-01-01T03:41:56.764Z| vcpu-0| I125: pciBridge4:5: ISA/VGA decoding enabled (ctrl 001C)
2001-01-01T03:41:56.764Z| vcpu-0| I125: pciBridge4:6: ISA/VGA decoding enabled (ctrl 001C)
2001-01-01T03:41:56.765Z| vcpu-0| I125: pciBridge4:7: ISA/VGA decoding enabled (ctrl 001C)
2001-01-01T03:41:56.765Z| vcpu-0| I125: PCIBridge5: ISA/VGA decoding enabled (ctrl 001C)
2001-01-01T03:41:56.765Z| vcpu-0| I125: pciBridge5:1: ISA/VGA decoding enabled (ctrl 001C)
2001-01-01T03:41:56.765Z| vcpu-0| I125: pciBridge5:2: ISA/VGA decoding enabled (ctrl 001C)
2001-01-01T03:41:56.765Z| vcpu-0| I125: pciBridge5:3: ISA/VGA decoding enabled (ctrl 001C)
2001-01-01T03:41:56.765Z| vcpu-0| I125: pciBridge5:4: ISA/VGA decoding enabled (ctrl 001C)
2001-01-01T03:41:56.765Z| vcpu-0| I125: pciBridge5:5: ISA/VGA decoding enabled (ctrl 001C)
2001-01-01T03:41:56.765Z| vcpu-0| I125: pciBridge5:6: ISA/VGA decoding enabled (ctrl 001C)
2001-01-01T03:41:56.766Z| vcpu-0| I125: pciBridge5:7: ISA/VGA decoding enabled (ctrl 001C)
2001-01-01T03:41:56.766Z| vcpu-0| I125: PCIBridge6: ISA/VGA decoding enabled (ctrl 001C)
2001-01-01T03:41:56.766Z| vcpu-0| I125: pciBridge6:1: ISA/VGA decoding enabled (ctrl 001C)
2001-01-01T03:41:56.766Z| vcpu-0| I125: pciBridge6:2: ISA/VGA decoding enabled (ctrl 001C)
2001-01-01T03:41:56.766Z| vcpu-0| I125: pciBridge6:3: ISA/VGA decoding enabled (ctrl 001C)
2001-01-01T03:41:56.766Z| vcpu-0| I125: pciBridge6:4: ISA/VGA decoding enabled (ctrl 001C)
2001-01-01T03:41:56.766Z| vcpu-0| I125: pciBridge6:5: ISA/VGA decoding enabled (ctrl 001C)
2001-01-01T03:41:56.767Z| vcpu-0| I125: pciBridge6:6: ISA/VGA decoding enabled (ctrl 001C)
2001-01-01T03:41:56.767Z| vcpu-0| I125: pciBridge6:7: ISA/VGA decoding enabled (ctrl 001C)
2001-01-01T03:41:56.767Z| vcpu-0| I125: PCIBridge7: ISA/VGA decoding enabled (ctrl 001C)
2001-01-01T03:41:56.767Z| vcpu-0| I125: pciBridge7:1: ISA/VGA decoding enabled (ctrl 001C)
2001-01-01T03:41:56.767Z| vcpu-0| I125: pciBridge7:2: ISA/VGA decoding enabled (ctrl 001C)
2001-01-01T03:41:56.767Z| vcpu-0| I125: pciBridge7:3: ISA/VGA decoding enabled (ctrl 001C)
2001-01-01T03:41:56.767Z| vcpu-0| I125: pciBridge7:4: ISA/VGA decoding enabled (ctrl 001C)
2001-01-01T03:41:56.767Z| vcpu-0| I125: pciBridge7:5: ISA/VGA decoding enabled (ctrl 001C)
2001-01-01T03:41:56.767Z| vcpu-0| I125: pciBridge7:6: ISA/VGA decoding enabled (ctrl 001C)
2001-01-01T03:41:56.767Z| vcpu-0| I125: pciBridge7:7: ISA/VGA decoding enabled (ctrl 001C)
2001-01-01T03:41:56.776Z| vcpu-0| I125: SVGA: Registering IOSpace at 0x1040
2001-01-01T03:41:56.776Z| vcpu-0| I125: SVGA: Registering MemSpace at 0xf0000000(0xf0000000) and 0xfb800000(0xfb800000)
2001-01-01T03:41:56.783Z| svga| I125: SVGA enabling SVGA
2001-01-01T03:41:56.785Z| svga| I125: SVGA-ScreenMgr: Screen type changed to RegisterMode
2001-01-01T03:41:57.319Z| vcpu-0| I125: AHCI-VMM:HBA reset issued on sata0.
2001-01-01T03:41:57.319Z| vcpu-0| I125: AHCI-VMM: sata0:0: PxSCTL.DET already 0. Ignoring write 0.
2001-01-01T03:41:57.319Z| vcpu-0| I125: AHCI-VMM: sata0:1: PxSCTL.DET already 0. Ignoring write 0.
2001-01-01T03:41:57.330Z| vcpu-0| I125: AHCI-VMM: sata0:2: PxSCTL.DET already 0. Ignoring write 0.
2001-01-01T03:41:57.340Z| vcpu-0| I125: AHCI-VMM: sata0:3: PxSCTL.DET already 0. Ignoring write 0.
2001-01-01T03:41:57.351Z| vcpu-0| I125: AHCI-VMM: sata0:4: PxSCTL.DET already 0. Ignoring write 0.
2001-01-01T03:41:57.361Z| vcpu-0| I125: AHCI-VMM: sata0:5: PxSCTL.DET already 0. Ignoring write 0.
2001-01-01T03:41:57.371Z| vcpu-0| I125: AHCI-VMM: sata0:6: PxSCTL.DET already 0. Ignoring write 0.
2001-01-01T03:41:57.382Z| vcpu-0| I125: AHCI-VMM: sata0:7: PxSCTL.DET already 0. Ignoring write 0.
2001-01-01T03:41:57.392Z| vcpu-0| I125: AHCI-VMM: sata0:8: PxSCTL.DET already 0. Ignoring write 0.
2001-01-01T03:41:57.403Z| vcpu-0| I125: AHCI-VMM: sata0:9: PxSCTL.DET already 0. Ignoring write 0.
2001-01-01T03:41:57.413Z| vcpu-0| I125: AHCI-VMM: sata0:10: PxSCTL.DET already 0. Ignoring write 0.
2001-01-01T03:41:57.424Z| vcpu-0| I125: AHCI-VMM: sata0:11: PxSCTL.DET already 0. Ignoring write 0.
2001-01-01T03:41:57.434Z| vcpu-0| I125: AHCI-VMM: sata0:12: PxSCTL.DET already 0. Ignoring write 0.
2001-01-01T03:41:57.444Z| vcpu-0| I125: AHCI-VMM: sata0:13: PxSCTL.DET already 0. Ignoring write 0.
2001-01-01T03:41:57.455Z| vcpu-0| I125: AHCI-VMM: sata0:14: PxSCTL.DET already 0. Ignoring write 0.
2001-01-01T03:41:57.465Z| vcpu-0| I125: AHCI-VMM: sata0:15: PxSCTL.DET already 0. Ignoring write 0.
2001-01-01T03:41:57.476Z| vcpu-0| I125: AHCI-VMM: sata0:16: PxSCTL.DET already 0. Ignoring write 0.
2001-01-01T03:41:57.486Z| vcpu-0| I125: AHCI-VMM: sata0:17: PxSCTL.DET already 0. Ignoring write 0.
2001-01-01T03:41:57.497Z| vcpu-0| I125: AHCI-VMM: sata0:18: PxSCTL.DET already 0. Ignoring write 0.
2001-01-01T03:41:57.507Z| vcpu-0| I125: AHCI-VMM: sata0:19: PxSCTL.DET already 0. Ignoring write 0.
2001-01-01T03:41:57.517Z| vcpu-0| I125: AHCI-VMM: sata0:20: PxSCTL.DET already 0. Ignoring write 0.
2001-01-01T03:41:57.528Z| vcpu-0| I125: AHCI-VMM: sata0:21: PxSCTL.DET already 0. Ignoring write 0.
2001-01-01T03:41:57.538Z| vcpu-0| I125: AHCI-VMM: sata0:22: PxSCTL.DET already 0. Ignoring write 0.
2001-01-01T03:41:57.549Z| vcpu-0| I125: AHCI-VMM: sata0:23: PxSCTL.DET already 0. Ignoring write 0.
2001-01-01T03:41:57.559Z| vcpu-0| I125: AHCI-VMM: sata0:24: PxSCTL.DET already 0. Ignoring write 0.
2001-01-01T03:41:57.570Z| vcpu-0| I125: AHCI-VMM: sata0:25: PxSCTL.DET already 0. Ignoring write 0.
2001-01-01T03:41:57.580Z| vcpu-0| I125: AHCI-VMM: sata0:26: PxSCTL.DET already 0. Ignoring write 0.
2001-01-01T03:41:57.590Z| vcpu-0| I125: AHCI-VMM: sata0:27: PxSCTL.DET already 0. Ignoring write 0.
2001-01-01T03:41:57.601Z| vcpu-0| I125: AHCI-VMM: sata0:28: PxSCTL.DET already 0. Ignoring write 0.
2001-01-01T03:41:57.611Z| vcpu-0| I125: AHCI-VMM: sata0:29: PxSCTL.DET already 0. Ignoring write 0.
2001-01-01T03:41:57.635Z| vcpu-0| I125: PVSCSI: scsi0: switching to async
2001-01-01T03:41:57.939Z| svga| I125: MKSScreenShotMgr: Taking a screenshot
2001-01-01T03:42:00.542Z| vcpu-0| I125: Guest: DSDT: CNOT method is 52 bytes long.
2001-01-01T03:42:00.621Z| vcpu-0| I125: SECUREBOOT: Image APPROVED.
2001-01-01T03:42:00.643Z| vcpu-0| I125: Guest: About to do EFI boot: Windows Boot Manager
2001-01-01T03:42:00.653Z| vcpu-0| I125: PVSCSI: Failed to issue sync/bios cmd: 0xbad0004
2001-01-01T03:42:00.653Z| vcpu-0| I125: HBACommon: First write on scsi0:0.fileName='/vmfs/volumes/3a4fd8ce-fc4375c4-effb-5cf3fce846f8/SGRL-WSU001/SGRL-WSU001.vmdk'
2001-01-01T03:42:00.653Z| vcpu-0| I125: DDB: "longContentID" = "cfaca059dfafa9af7b58f20131b150c8" (was "6de2b672c454f46eeb492939655e154e")
2001-01-01T03:42:00.658Z| vcpu-0| I125: DISKLIB-CHAIN : DiskChainUpdateContentID: old=0x655e154e, new=0x31b150c8 (cfaca059dfafa9af7b58f20131b150c8)
2001-01-01T03:42:02.940Z| svga| I125: MKSScreenShotMgr: Taking a screenshot
2001-01-01T03:42:03.447Z| vcpu-1| I125: CPU reset: soft (mode 0)
2001-01-01T03:42:03.447Z| vcpu-0| I125: Guest: Firmware has transitioned to runtime.
2001-01-01T03:42:03.602Z| vcpu-0| I125: APIC CMCI LVT write: 0x100d8
2001-01-01T03:42:03.983Z| vcpu-1| I125: APIC CMCI LVT write: 0x100d8
2001-01-01T03:42:05.090Z| vcpu-1| I125: SVGA: Unregistering IOSpace at 0x1040
2001-01-01T03:42:05.090Z| vcpu-1| I125: SVGA: Unregistering MemSpace at 0xf0000000(0xf0000000) and 0xfb800000(0xfb800000)
2001-01-01T03:42:05.092Z| vcpu-1| I125: SVGA: Registering IOSpace at 0x1040
2001-01-01T03:42:05.092Z| vcpu-1| I125: SVGA: Registering MemSpace at 0xf0000000(0xf0000000) and 0xfb800000(0xfb800000)
2001-01-01T03:42:06.730Z| vcpu-1| I125: Guest: Driver=vsock, Version=9.8.17.0
2001-01-01T03:42:06.732Z| vcpu-1| I125: Guest: Driver=vmci, Version=9.8.30.0
2001-01-01T03:42:06.874Z| vcpu-1| I125: AHCI-VMM:HBA reset issued on sata0.
2001-01-01T03:42:08.696Z| vcpu-1| I125: Guest: PVSCSI: driver StorPort v1.3.17.0 starts. obj=FFFF80092CFD58A0 reg=FFFFF80404CA3EA0
2001-01-01T03:42:08.697Z| vcpu-1| I125: Guest: Driver=pvscsi, Version=1.3.17.0
2001-01-01T03:42:08.737Z| vcpu-0| I125: Guest: PVSCSI: FindAdapter starts (arg='')
2001-01-01T03:42:08.737Z| vcpu-0| I125: Guest: PVSCSI: range[0]: mmio=1 len=32768 s=0xfe900000
2001-01-01T03:42:08.737Z| vcpu-0| I125: Guest: PVSCSI: range[1]: mmio=0 len=0 s=0x0
2001-01-01T03:42:08.738Z| vcpu-0| I125: Guest: PVSCSI: PVSCSIGetDeviceBase returns 0xffffe5817a10b000
2001-01-01T03:42:08.738Z| vcpu-0| I125: Guest: PVSCSI: FindAdapter: Device returned, max targets: 65, Driver max: 255
2001-01-01T03:42:08.738Z| vcpu-0| I125: Guest: PVSCSI: CONFIG: useMsg=1 MaxQueueDepth=64 ringPages=32 useReqCallThreshold=1
2001-01-01T03:42:08.739Z| vcpu-1| I125: PVSCSI: ReqRing: 1024 entries, eSz=128, 32 pages
2001-01-01T03:42:08.739Z| vcpu-1| I125: PVSCSI: CmpRing: 4096 entries, eSz=32, 32 pages
2001-01-01T03:42:08.739Z| vcpu-1| I125: PVSCSI: MsgRing: 32 entries, eSz=128, 1 pages
2001-01-01T03:42:08.739Z| vcpu-1| I125: PVSCSI: scsi0: switching to sync
2001-01-01T03:42:08.739Z| vcpu-1| I125: PVSCSI: scsi0: init reqCallThresholdCapable 1
2001-01-01T03:42:08.890Z| vcpu-1| I125: PCIXHCI: Interrupt type changed from INTX to MSIX
2001-01-01T03:42:10.505Z| vcpu-0| I125: CDROM: Emulate GET CONFIGURATION RT 0 starting feature 0
2001-01-01T03:42:10.506Z| vcpu-0| I125: CDROM: Emulate GET CONFIGURATION RT 2 starting feature 0
2001-01-01T03:42:10.506Z| vcpu-0| I125: CDROM: Emulate GET CONFIGURATION RT 0 starting feature 0
2001-01-01T03:42:10.506Z| vcpu-0| I125: CDROM: Emulate GET CONFIGURATION RT 0 starting feature 0
2001-01-01T03:42:10.506Z| vcpu-0| I125: CDROM: Unknown command 0xA4.
2001-01-01T03:42:10.506Z| vcpu-0| I125: CDROM sata0:0: CMD 0xa4 (*UNKNOWN (0xa4)*) FAILED (key 0x5 asc 0x20 ascq 0)
2001-01-01T03:42:10.515Z| vcpu-0| I125: CDROM: Emulate GET CONFIGURATION RT 1 starting feature 0
2001-01-01T03:42:21.109Z| vcpu-1| I125: PCIXHCI: Interrupt type changed from MSIX to INTX
2001-01-01T03:42:21.172Z| vcpu-0| I125: PCIXHCI: Interrupt type changed from INTX to MSIX
2001-01-01T03:42:27.969Z| vcpu-1| I125: PCIXHCI: Interrupt type changed from MSIX to INTX
2001-01-01T03:42:28.032Z| vcpu-1| I125: PCIXHCI: Interrupt type changed from INTX to MSIX
2001-01-01T03:42:30.666Z| vcpu-0| I125: Tools: Tools heartbeat timeout.
2001-01-01T03:42:30.666Z| vcpu-0| I125: Tools: Running status rpc handler: 1 => 0.
2001-01-01T03:42:30.666Z| vcpu-0| I125: Tools: Changing running status: 1 => 0.
2001-01-01T03:42:32.054Z| vcpu-0| I125: E1000: e1000e-- tx queue 1 is enabled.
2001-01-01T03:42:32.054Z| vcpu-0| I125: E1000: e1000e-- tx queue 1 is enabled.
2001-01-01T03:42:32.054Z| vcpu-0| I125: E1000: e1000e-- tx queue 1 is enabled.
2001-01-01T03:42:32.054Z| vcpu-0| I125: E1000: e1000e-- tx queue 1 is enabled.
2001-01-01T03:42:32.054Z| vcpu-0| I125: E1000: e1000e-- tx queue 1 is enabled.
2001-01-01T03:42:32.055Z| vcpu-0| I125: E1000: e1000e-- tx queue 1 is enabled.
2001-01-01T03:42:32.055Z| vcpu-0| I125: E1000: e1000e-- tx queue 1 is enabled.
2001-01-01T03:42:32.055Z| vcpu-0| I125: E1000: e1000e-- tx queue 1 is enabled.
2001-01-01T03:42:32.055Z| vcpu-0| I125: E1000: e1000e-- tx queue 1 is enabled.
2001-01-01T03:42:32.055Z| vcpu-0| I125: E1000: e1000e-- tx queue 1 is enabled.
2001-01-01T03:42:32.055Z| vcpu-0| I125: E1000: e1000e-- tx queue 1 is enabled.
2001-01-01T03:42:32.055Z| vcpu-0| I125: E1000: e1000e-- tx queue 1 is enabled.
2001-01-01T03:42:32.056Z| vcpu-0| I125: E1000: e1000e-- tx queue 1 is enabled.
2001-01-01T03:42:32.056Z| vcpu-0| I125: E1000: e1000e-- tx queue 1 is enabled.
2001-01-01T03:42:32.056Z| vcpu-0| I125: E1000: e1000e-- tx queue 1 is enabled.
2001-01-01T03:42:32.057Z| vcpu-0| I125: E1000: e1000e-- tx queue 1 is enabled.
2001-01-01T03:42:32.061Z| vcpu-1| I125: E1000: e1000e-- tx queue 1 is enabled.
2001-01-01T03:42:32.062Z| vcpu-1| I125: E1000: e1000e-- tx queue 1 is enabled.
2001-01-01T03:42:32.063Z| vcpu-1| I125: E1000: e1000e-- tx queue 1 is enabled.
2001-01-01T03:42:32.063Z| vcpu-1| I125: E1000: e1000e-- tx queue 1 is enabled.
2001-01-01T03:42:32.063Z| vcpu-1| I125: E1000: e1000e-- tx queue 1 is enabled.
2001-01-01T03:42:32.065Z| vcpu-1| I125: E1000: e1000e-- tx queue 1 is enabled.
2001-01-01T03:42:32.067Z| vcpu-0| I125: E1000: e1000e-- tx queue 1 is enabled.
2001-01-01T03:42:40.821Z| vcpu-0| I125: E1000: e1000e-- tx queue 1 is enabled.
2001-01-01T03:42:40.824Z| vcpu-0| I125: E1000: e1000e-- tx queue 1 is enabled.
2001-01-01T03:42:40.825Z| vcpu-0| I125: E1000: e1000e-- tx queue 1 is enabled.
2001-01-01T03:42:41.247Z| vcpu-0| I125: CDROM: Emulate GET CONFIGURATION RT 2 starting feature 0
2001-01-01T03:42:41.247Z| vcpu-0| I125: CDROM: Emulate GET CONFIGURATION RT 2 starting feature 30
2001-01-01T03:42:41.248Z| vcpu-0| I125: CDROM: Emulate GET CONFIGURATION RT 2 starting feature 31
2001-01-01T03:42:41.248Z| vcpu-0| I125: CDROM: Emulate GET CONFIGURATION RT 2 starting feature 32
2001-01-01T03:42:41.248Z| vcpu-0| I125: CDROM: Emulate GET CONFIGURATION RT 2 starting feature 33
2001-01-01T03:42:41.248Z| vcpu-0| I125: CDROM: Emulate GET CONFIGURATION RT 2 starting feature 35
2001-01-01T03:42:41.248Z| vcpu-0| I125: CDROM: Emulate GET CONFIGURATION RT 2 starting feature 36
2001-01-01T03:42:41.248Z| vcpu-0| I125: CDROM: Emulate GET CONFIGURATION RT 2 starting feature 38
2001-01-01T03:42:41.248Z| vcpu-0| I125: CDROM: Emulate GET CONFIGURATION RT 2 starting feature 42
2001-01-01T03:42:41.248Z| vcpu-0| I125: CDROM: Emulate GET CONFIGURATION RT 2 starting feature 43
2001-01-01T03:42:41.248Z| vcpu-0| I125: CDROM: Emulate GET CONFIGURATION RT 2 starting feature 45
2001-01-01T03:42:41.248Z| vcpu-0| I125: CDROM: Emulate GET CONFIGURATION RT 2 starting feature 46
2001-01-01T03:42:41.248Z| vcpu-0| I125: CDROM: Emulate GET CONFIGURATION RT 2 starting feature 47
2001-01-01T03:42:41.249Z| vcpu-0| I125: CDROM: Emulate GET CONFIGURATION RT 2 starting feature 64
2001-01-01T03:42:41.249Z| vcpu-0| I125: CDROM: Emulate GET CONFIGURATION RT 2 starting feature 65
2001-01-01T03:42:41.249Z| vcpu-0| I125: CDROM: Emulate GET CONFIGURATION RT 2 starting feature 259
2001-01-01T03:42:42.547Z| vmx| I125: GuestRpc: Got RPCI vsocket connection 4, assigned to channel 0.
2001-01-01T03:42:42.549Z| vmx| I125: GuestRpc: Got error for channel 0 connection 4: Remote disconnected
2001-01-01T03:42:42.549Z| vmx| I125: GuestRpc: Closing channel 0 connection 4
2001-01-01T03:42:42.890Z| vmx| I125: GuestRpc: Got RPCI vsocket connection 5, assigned to channel 0.
2001-01-01T03:42:43.276Z| vmx| I125: GuestRpc: Got RPCI vsocket connection 6, assigned to channel 1.
2001-01-01T03:42:43.277Z| vmx| I125: GuestRpc: Got error for channel 1 connection 6: Remote disconnected
2001-01-01T03:42:43.277Z| vmx| I125: GuestRpc: Closing channel 1 connection 6
2001-01-01T03:42:44.091Z| vmx| I125: Guest: toolbox: Version: 11.3.5.31214 (build-18557794)
2001-01-01T03:42:44.096Z| vcpu-1| W115: GuestRpc: application toolbox, changing channel 65535 -> 0
2001-01-01T03:42:44.096Z| vcpu-1| I125: GuestRpc: Channel 0, guest application toolbox.
2001-01-01T03:42:44.097Z| vcpu-1| I125: DEPLOYPKG: ToolsDeployPkg_Begin: state=0 err=0, msg=null
2001-01-01T03:42:44.114Z| vmx| I125: TOOLS autoupgrade protocol version 2
2001-01-01T03:42:44.114Z| vmx| I125: Tools: Changing running status: 0 => 2.
2001-01-01T03:42:44.115Z| vmx| I125: TOOLS Received tools.set.versiontype rpc call, version = 11365, type = 1
2001-01-01T03:42:44.115Z| vmx| I125: Tools_SetVersionAndType did nothing; new tools version (11365) and type (1) match old Tools version and type
2001-01-01T03:42:44.115Z| vmx| I125: TOOLS using cached value 1 for isoImageExists (refreshCount=1, lastCount=1).
2001-01-01T03:42:44.115Z| vmx| I125: Starting copy guest manifest.
2001-01-01T03:42:44.120Z| vmx| I125: Guest: Executing script for state change 'OS_PowerOn'.
2001-01-01T03:42:44.167Z| vcpu-1| I125: HGFileCopyCreateSessionCB: Successfully created the session.
2001-01-01T03:42:44.188Z| vcpu-1| I125: ToolsLoadManifestFileCB: Queuing a request to update the manifest information.
2001-01-01T03:42:44.188Z| worker-2106032| I125: ToolsISO: Refreshing imageName for 'windows9srv-64' (refreshCount=1, lastCount=1).
2001-01-01T03:42:44.264Z| worker-2106032| I125: ToolsISO: Updated cached value for imageName to 'windows.iso'.
2001-01-01T03:42:44.264Z| worker-2106032| I125: ToolsISO: Selected Tools ISO 'windows.iso' for 'windows9srv-64' guest.
2001-01-01T03:42:44.269Z| worker-2106032| I125: GetHostManifests: Extracting the manifest file.
2001-01-01T03:42:44.355Z| vcpu-1| I125: Guest: CBLAUNCHER: AUDIT: main : CB launcher starting up. Version: 1.1.0 build-18323979
2001-01-01T03:42:44.408Z| vcpu-0| I125: Guest: CBLAUNCHER: AUDIT: InitCbLauncher : Launcher INIT completed
2001-01-01T03:42:44.408Z| vcpu-0| I125: Guest: CBLAUNCHER: AUDIT: main : CB launcher exiting now. Version: 1.1.0 build-18323979
2001-01-01T03:42:44.529Z| worker-2106032| I125: GetHostManifests: Done extracting the manifest file.
2001-01-01T03:42:44.541Z| worker-2106032| I125: ToolsVersionGetStatusWorkerThread: Tools status 3 derived from environment
2001-01-01T03:42:44.541Z| vmx| I125: ToolsUpdateManifestInfoWorkerThreadDone: Compared tools manifest from host and from the guest. Status = 3.
2001-01-01T03:42:44.541Z| vmx| I125: ToolsUpdateManifestInfoWorkerThreadDone: Updating the manifest info.
2001-01-01T03:42:44.575Z| vmx| A100: ConfigDB: Setting extendedConfigFile = "SGRL-WSU001.vmxf"
2001-01-01T03:42:44.586Z| vmx| I125: TOOLS using cached value 1 for isoImageExists (refreshCount=1, lastCount=1).
2001-01-01T03:42:44.586Z| vmx| I125: VMXVmdb_SetToolsVersionStatus: status value set to 'ok', 'current', install possible
2001-01-01T03:42:44.586Z| vmx| I125: TOOLS installed legacy version 11365, available legacy version 11365
2001-01-01T03:42:44.586Z| vmx| I125: TOOLS manifest update status is 3
2001-01-01T03:42:44.586Z| vmx| I125: TOOLS can be autoupgraded.
2001-01-01T03:42:44.586Z| vmx| I125: TOOLS Setting autoupgrade-checked TRUE.
2001-01-01T03:42:44.586Z| vmx| I125: Guest: Script exit code: 0, success = 1
2001-01-01T03:42:44.586Z| vmx| I125: TOOLS state change 3 returned status 1
2001-01-01T03:42:44.586Z| vmx| I125: Vix: [mainDispatch.c:4156]: VMAutomationReportPowerStateChange: Reporting power state change (opcode=2, err=0).
2001-01-01T03:42:44.586Z| vmx| I125: Tools: Changing running status: 2 => 1.
2001-01-01T03:42:48.912Z| vcpu-1| I125: Guest: vm3d: WDDM Miniport Loading the release build type
2001-01-01T03:42:48.925Z| vcpu-0| I125: Guest: vm3d: Driver=wddm, Version=8.17.03.0005
2001-01-01T03:42:48.930Z| vcpu-1| I125: SVGA: Unregistering IOSpace at 0x1040
2001-01-01T03:42:48.930Z| vcpu-1| I125: SVGA: Unregistering MemSpace at 0xf0000000(0xf0000000) and 0xfb800000(0xfb800000)
2001-01-01T03:42:48.931Z| vcpu-1| I125: SVGA: Registering IOSpace at 0x1040
2001-01-01T03:42:48.931Z| vcpu-1| I125: SVGA: Registering MemSpace at 0xf0000000(0xf0000000) and 0xfb800000(0xfb800000)
2001-01-01T03:42:48.964Z| vcpu-1| I125: Guest: vm3d: SVGA WDDM Display Only driver, Version: 8.17.03.0005, Build Number: 18379147
2001-01-01T03:42:48.965Z| vcpu-1| I125: Guest: vm3d: WDDM OS version: 10.0, build number: 20348, service pack version: 0.0, platform Id: 2, product type: 3, suite mask: 0x110
2001-01-01T03:42:48.981Z| vcpu-1| I125: Guest: vm3d: WDDM SVGA Grow OTable command enabled.
2001-01-01T03:42:48.981Z| vcpu-1| I125: Guest: vm3d: WDDM SVGA IntraSurfaceCopy command enabled.
2001-01-01T03:42:48.981Z| vcpu-1| I125: Guest: vm3d: WDDM Guest backed surface is enabled.
2001-01-01T03:42:48.981Z| vcpu-1| I125: Guest: vm3d: WDDM Large cursor support is disabled.
2001-01-01T03:42:48.982Z| vcpu-1| I125: Guest: vm3d: WDDM Frame Type is disabled.
2001-01-01T03:42:48.986Z| vcpu-0| I125: Guest: vm3d: WDDM SVGA DX11.0 (SM5) support is disabled.
2001-01-01T03:42:48.986Z| vcpu-1| I125: Guest: vm3d: WDDM 3D is disabled.
2001-01-01T03:42:48.987Z| vcpu-1| I125: Guest: vm3d: WDDM DX10 context is disabled.
2001-01-01T03:42:48.987Z| vcpu-1| I125: Guest: vm3d: WDDM GL3 is disabled.
2001-01-01T03:42:48.987Z| vcpu-1| I125: Guest: vm3d: WDDM DX cap is enabled.
2001-01-01T03:42:48.987Z| vcpu-1| I125: Guest: vm3d: WDDM HP Queue is enabled.
2001-01-01T03:42:48.987Z| vcpu-1| I125: Guest: vm3d: WDDM GDI HW acceleration is disabled.
2001-01-01T03:42:48.987Z| vcpu-1| I125: Guest: vm3d: WDDM Guest backed primary in aperture is enabled.
2001-01-01T03:42:48.989Z| vcpu-1| I125: Guest: vm3d: WDDM Preemption Aware is enabled.
2001-01-01T03:42:48.990Z| vcpu-1| I125: Guest: vm3d: WDDM EDID is disabled.
2001-01-01T03:42:48.998Z| vcpu-0| I125: Guest: vm3d: Modeset enabled, types available: TR CCD Multi
2001-01-01T03:42:48.998Z| vcpu-0| I125: Guest: vm3d: WDDM DirectFlip is disabled.
2001-01-01T03:42:48.999Z| vcpu-0| I125: Guest: vm3d: WDDM VSync is disabled.
2001-01-01T03:42:49.000Z| vcpu-0| I125: Guest: vm3d: WDDM DevApi using ScreenDMA
2001-01-01T03:42:49.000Z| vcpu-0| I125: Guest: vm3d: WDDM DevApi cannot determine ScreenDMA support, output may be black
2001-01-01T03:42:49.000Z| vcpu-0| I125: Guest: vm3d: WDDM v1.2 enabled.
2001-01-01T03:42:49.000Z| vcpu-0| I125: Guest: vm3d: WDDM primary mem 16384KB.
2001-01-01T03:42:49.000Z| vcpu-0| I125: Guest: vm3d: WDDM VRAM 4096KB.
2001-01-01T03:42:49.001Z| vcpu-0| I125: Guest: vm3d: WDDM using 12KB memory for OTable.
2001-01-01T03:42:49.002Z| vcpu-0| I125: Guest: vm3d: WDDM Aperture memory 16384KB.
2001-01-01T03:42:49.005Z| vcpu-0| I125: Guest: vm3d: 1 monitors active
2001-01-01T03:42:49.018Z| svga| I125: SVGA-ScreenMgr: Screen type changed to ScreenTarget
2001-01-01T03:43:14.094Z| vmx| I125: GuestInfo: HostinfoDetailedDataHeader version: 1
2001-01-01T03:43:14.094Z| vmx| A100: ConfigDB: Setting guestOS.detailed.data = "architecture='X86' bitness='64' buildNumber='20348' distroName='Windows' distroVersion='10.0' familyName='Windows' kernelVersion='20348.4052' prettyName='Windows Server 2022, 64-bit (Build 20348.4052)'"
2001-01-01T03:43:17.372Z| vmx| I125: GuestRpc: Got RPCI vsocket connection 7, assigned to channel 1.
2001-01-01T03:43:17.372Z| vmx| I125: GuestRpc: Got error for channel 1 connection 7: Remote disconnected
2001-01-01T03:43:17.372Z| vmx| I125: GuestRpc: Closing channel 1 connection 7
2001-01-01T03:43:17.457Z| vmx| I125: GuestRpc: Got RPCI vsocket connection 8, assigned to channel 1.
2001-01-01T03:43:17.458Z| vmx| I125: GuestRpc: Got error for channel 1 connection 8: Remote disconnected
2001-01-01T03:43:17.458Z| vmx| I125: GuestRpc: Closing channel 1 connection 8
2001-01-01T03:43:18.469Z| vmx| I125: GuestRpc: Got RPCI vsocket connection 9, assigned to channel 1.
2001-01-01T03:43:18.469Z| vmx| I125: GuestRpc: Got error for channel 1 connection 9: Remote disconnected
2001-01-01T03:43:18.469Z| vmx| I125: GuestRpc: Closing channel 1 connection 9
2001-01-01T03:43:19.485Z| vmx| I125: GuestRpc: Got RPCI vsocket connection 10, assigned to channel 1.
2001-01-01T03:43:19.485Z| vmx| I125: GuestRpc: Got error for channel 1 connection 10: Remote disconnected
2001-01-01T03:43:19.485Z| vmx| I125: GuestRpc: Closing channel 1 connection 10
2001-01-01T03:43:20.501Z| vmx| I125: GuestRpc: Got RPCI vsocket connection 11, assigned to channel 1.
2001-01-01T03:43:20.501Z| vmx| I125: GuestRpc: Got error for channel 1 connection 11: Remote disconnected
2001-01-01T03:43:20.501Z| vmx| I125: GuestRpc: Closing channel 1 connection 11
2001-01-01T03:43:21.516Z| vmx| I125: GuestRpc: Got RPCI vsocket connection 12, assigned to channel 1.
2001-01-01T03:43:21.516Z| vmx| I125: GuestRpc: Got error for channel 1 connection 12: Remote disconnected
2001-01-01T03:43:21.516Z| vmx| I125: GuestRpc: Closing channel 1 connection 12
2001-01-01T03:43:21.703Z| vmx| I125: TOOLS installed legacy version 11365, available legacy version 11365
2001-01-01T03:43:21.703Z| vmx| I125: TOOLS manifest update status is 3
2001-01-01T03:43:21.703Z| vmx| I125: TOOLS can be autoupgraded.
2001-01-01T03:43:21.705Z| vmx| I125: TOOLS autoupgrade protocol version 0
2001-01-01T03:43:21.710Z| vmx| I125: GuestRpc: Got error for channel 0 connection 5: Remote disconnected
2001-01-01T03:43:21.710Z| vmx| I125: GuestRpc: Closing channel 0 connection 5
2001-01-01T03:43:21.710Z| vcpu-0| I125: GuestRpc: Reinitializing Channel 0(toolbox)
2001-01-01T03:43:22.516Z| vmx| I125: GuestRpc: Got RPCI vsocket connection 13, assigned to channel 0.
2001-01-01T03:43:22.516Z| vmx| I125: GuestRpc: Got error for channel 0 connection 13: Remote disconnected
2001-01-01T03:43:22.516Z| vmx| I125: GuestRpc: Closing channel 0 connection 13
2001-01-01T03:43:23.370Z| vcpu-1| I125: E1000: e1000e-- tx queue 1 is enabled.
2001-01-01T03:43:25.376Z| vcpu-1| I125: PCIXHCI: Interrupt type changed from MSIX to INTX
2001-01-01T03:43:27.554Z| vcpu-0| I125: PVSCSI: scsi0: switching to async
2001-01-01T03:43:27.554Z| vcpu-0| I125: Destroying virtual dev for scsi0:0 vscsi=8223
2001-01-01T03:43:27.554Z| vcpu-0| I125: VMMon_VSCSIStopVports: No such target on adapter
2001-01-01T03:43:27.555Z| vcpu-0| I125: Destroying virtual dev for scsi0:1 vscsi=8224
2001-01-01T03:43:27.555Z| vcpu-0| I125: VMMon_VSCSIStopVports: No such target on adapter
2001-01-01T03:43:27.562Z| vcpu-0| I125: DEVICE: Resetting device 'ALL'.
2001-01-01T03:43:27.562Z| vcpu-0| I125: USB: Per-Device Resetting device 0x200000050e0f0003
2001-01-01T03:43:27.562Z| vcpu-0| I125: Tools: ToolsRunningStatus_Reset, delayedRequest is 0x0
2001-01-01T03:43:27.562Z| vcpu-0| I125: Tools: Changing running status: 1 => 0.
2001-01-01T03:43:27.562Z| vcpu-0| I125: GuestLib Generated SessionId 119216754244065359
2001-01-01T03:43:27.563Z| vcpu-0| I125: Closing disk 'scsi0:1'
2001-01-01T03:43:27.563Z| vcpu-0| I125: DISKLIB-VMFS  : "/vmfs/volumes/3a4fd8ce-fc4375c4-effb-5cf3fce846f8/SGRL-WSU001/SGRL-WSU001_1-flat.vmdk" : closed.
2001-01-01T03:43:27.563Z| vcpu-0| I125: Closing disk 'scsi0:0'
2001-01-01T03:43:27.563Z| vcpu-0| I125: DISKLIB-VMFS  : "/vmfs/volumes/3a4fd8ce-fc4375c4-effb-5cf3fce846f8/SGRL-WSU001/SGRL-WSU001-flat.vmdk" : closed.
2001-01-01T03:43:27.563Z| vcpu-0| I125: Checkpoint_Unstun: vm stopped for 9422 us
2001-01-01T03:43:27.563Z| vcpu-0| I125: CPU reset: hard (mode 0)
2001-01-01T03:43:27.563Z| vcpu-1| I125: CPU reset: hard (mode 0)
2001-01-01T03:43:27.566Z| svga| I125: SVGA-ScreenMgr: Screen type changed to RegisterMode
2001-01-01T03:43:27.613Z| vcpu-0| I125: SVGA: Unregistering IOSpace at 0x1040
2001-01-01T03:43:27.617Z| vcpu-0| I125: SVGA: Unregistering MemSpace at 0xf0000000(0xf0000000) and 0xfb800000(0xfb800000)
2001-01-01T03:43:27.619Z| vcpu-0| A100: ConfigDB: Setting scsi0:0.redo = ""
2001-01-01T03:43:27.619Z| vcpu-0| I125: DISK: OPEN scsi0:0 '/vmfs/volumes/3a4fd8ce-fc4375c4-effb-5cf3fce846f8/SGRL-WSU001/SGRL-WSU001.vmdk' persistent R[]
2001-01-01T03:43:27.620Z| vcpu-0| I125: DISKLIB-VMFS  : "/vmfs/volumes/3a4fd8ce-fc4375c4-effb-5cf3fce846f8/SGRL-WSU001/SGRL-WSU001-flat.vmdk" : open successful (10) size = 161061273600, hd = 4457801. Type 3
2001-01-01T03:43:27.620Z| vcpu-0| I125: DISKLIB-DSCPTR: Opened [0]: "SGRL-WSU001-flat.vmdk" (0xa)
2001-01-01T03:43:27.620Z| vcpu-0| I125: DISKLIB-LINK  : Opened '/vmfs/volumes/3a4fd8ce-fc4375c4-effb-5cf3fce846f8/SGRL-WSU001/SGRL-WSU001.vmdk' (0xa): vmfs, 314572800 sectors / 150 GB.
2001-01-01T03:43:27.620Z| vcpu-0| I125: DISKLIB-LIB   : Opened "/vmfs/volumes/3a4fd8ce-fc4375c4-effb-5cf3fce846f8/SGRL-WSU001/SGRL-WSU001.vmdk" (flags 0xa, type vmfs).
2001-01-01T03:43:27.620Z| vcpu-0| I125: DISK: Disk '/vmfs/volumes/3a4fd8ce-fc4375c4-effb-5cf3fce846f8/SGRL-WSU001/SGRL-WSU001.vmdk' has UUID '60 00 c2 9a c9 9f f9 f8-72 0b a4 ca b0 2b 53 55'
2001-01-01T03:43:27.620Z| vcpu-0| I125: DISK: OPEN '/vmfs/volumes/3a4fd8ce-fc4375c4-effb-5cf3fce846f8/SGRL-WSU001/SGRL-WSU001.vmdk' Geo (19581/255/63) BIOS Geo (0/0/0)
2001-01-01T03:43:27.620Z| vcpu-0| I125: Creating virtual dev for 'scsi0:0'.
2001-01-01T03:43:27.620Z| vcpu-0| I125: DumpDiskInfo: scsi0:0 createType=11, capacity = 314572800, numLinks = 1, allocationType = 2
2001-01-01T03:43:27.620Z| vcpu-0| I125: SCSIDiskESXPopulateVDevDesc: Using FS backend
2001-01-01T03:43:27.620Z| vcpu-0| I125: DISKUTIL: scsi0:0 : geometry=19581/255/63
2001-01-01T03:43:27.620Z| vcpu-0| I125: SCSIFilterESXAttachCBRCInt: CBRC not enabled or opened without filters,skipping CBRC           filter attach.
2001-01-01T03:43:27.620Z| vcpu-0| I125: SCSIFilterSBDAttachCBRC: device scsi0:0 is not SBD. Skipping CBRC attach SBD way.
2001-01-01T03:43:27.620Z| vcpu-0| A100: ConfigDB: Setting scsi0:1.redo = ""
2001-01-01T03:43:27.620Z| vcpu-0| I125: DISK: OPEN scsi0:1 '/vmfs/volumes/3a4fd8ce-fc4375c4-effb-5cf3fce846f8/SGRL-WSU001/SGRL-WSU001_1.vmdk' persistent R[]
2001-01-01T03:43:27.628Z| vcpu-0| I125: DISKLIB-VMFS  : "/vmfs/volumes/3a4fd8ce-fc4375c4-effb-5cf3fce846f8/SGRL-WSU001/SGRL-WSU001_1-flat.vmdk" : open successful (10) size = 536870912000, hd = 4392266. Type 3
2001-01-01T03:43:27.628Z| vcpu-0| I125: DISKLIB-DSCPTR: Opened [0]: "SGRL-WSU001_1-flat.vmdk" (0xa)
2001-01-01T03:43:27.628Z| vcpu-0| I125: DISKLIB-LINK  : Opened '/vmfs/volumes/3a4fd8ce-fc4375c4-effb-5cf3fce846f8/SGRL-WSU001/SGRL-WSU001_1.vmdk' (0xa): vmfs, 1048576000 sectors / 500 GB.
2001-01-01T03:43:27.628Z| vcpu-0| I125: DISKLIB-LIB   : Opened "/vmfs/volumes/3a4fd8ce-fc4375c4-effb-5cf3fce846f8/SGRL-WSU001/SGRL-WSU001_1.vmdk" (flags 0xa, type vmfs).
2001-01-01T03:43:27.628Z| vcpu-0| I125: DISK: Disk '/vmfs/volumes/3a4fd8ce-fc4375c4-effb-5cf3fce846f8/SGRL-WSU001/SGRL-WSU001_1.vmdk' has UUID '60 00 c2 9e 5f 9a 09 df-64 f8 e9 0c 85 44 1f ad'
2001-01-01T03:43:27.628Z| vcpu-0| I125: DISK: OPEN '/vmfs/volumes/3a4fd8ce-fc4375c4-effb-5cf3fce846f8/SGRL-WSU001/SGRL-WSU001_1.vmdk' Geo (65270/255/63) BIOS Geo (0/0/0)
2001-01-01T03:43:27.628Z| vcpu-0| I125: Creating virtual dev for 'scsi0:1'.
2001-01-01T03:43:27.628Z| vcpu-0| I125: DumpDiskInfo: scsi0:1 createType=11, capacity = 1048576000, numLinks = 1, allocationType = 2
2001-01-01T03:43:27.629Z| vcpu-0| I125: SCSIDiskESXPopulateVDevDesc: Using FS backend
2001-01-01T03:43:27.629Z| vcpu-0| I125: DISKUTIL: scsi0:1 : geometry=65270/255/63
2001-01-01T03:43:27.629Z| vcpu-0| I125: SCSIFilterESXAttachCBRCInt: CBRC not enabled or opened without filters,skipping CBRC           filter attach.
2001-01-01T03:43:27.629Z| vcpu-0| I125: SCSIFilterSBDAttachCBRC: device scsi0:1 is not SBD. Skipping CBRC attach SBD way.
2001-01-01T03:43:27.631Z| vcpu-0| I125: CDROM: Reset guest state on 'sata0:0'. Invalidating last poll command time.
2001-01-01T03:43:27.631Z| vcpu-0| I125: Guest: EFI ROM version: VMW71.00V.16707776.B64.2008070230 (64-bit RELEASE)
2001-01-01T03:43:27.666Z| vcpu-0| I125: Tools: Running status rpc handler: 0 => 1.
2001-01-01T03:43:27.666Z| vcpu-0| I125: Tools: Changing running status: 0 => 1.
2001-01-01T03:43:27.715Z| svga| I125: SVGA disabling SVGA
2001-01-01T03:43:27.758Z| vcpu-0| I125: BIOS-UUID is 42 07 f9 cb 6d 1c 1e fb-d7 18 11 b4 5e ba 05 c1
2001-01-01T03:43:27.920Z| vcpu-0| I125: SVGA: Registering MemSpace at 0xf0000000(0xf0000000) and 0xfb800000(0xfb800000)
2001-01-01T03:43:27.921Z| vcpu-0| I125: SVGA: Unregistering MemSpace at 0xf0000000(0xf0000000) and 0xfb800000(0xfb800000)
2001-01-01T03:43:27.984Z| vcpu-0| I125: SVGA: Registering IOSpace at 0x1040
2001-01-01T03:43:27.984Z| vcpu-0| I125: SVGA: Unregistering IOSpace at 0x1040
2001-01-01T03:43:27.984Z| vcpu-0| I125: AHCI: Tried to enable/disable IO space.
2001-01-01T03:43:27.984Z| vcpu-0| I125: PCIBridge4: ISA/VGA decoding enabled (ctrl 001C)
2001-01-01T03:43:27.985Z| vcpu-0| I125: pciBridge4:1: ISA/VGA decoding enabled (ctrl 001C)
2001-01-01T03:43:27.985Z| vcpu-0| I125: pciBridge4:2: ISA/VGA decoding enabled (ctrl 001C)
2001-01-01T03:43:27.985Z| vcpu-0| I125: pciBridge4:3: ISA/VGA decoding enabled (ctrl 001C)
2001-01-01T03:43:27.985Z| vcpu-0| I125: pciBridge4:4: ISA/VGA decoding enabled (ctrl 001C)
2001-01-01T03:43:27.985Z| vcpu-0| I125: pciBridge4:5: ISA/VGA decoding enabled (ctrl 001C)
2001-01-01T03:43:27.985Z| vcpu-0| I125: pciBridge4:6: ISA/VGA decoding enabled (ctrl 001C)
2001-01-01T03:43:27.985Z| vcpu-0| I125: pciBridge4:7: ISA/VGA decoding enabled (ctrl 001C)
2001-01-01T03:43:27.985Z| vcpu-0| I125: PCIBridge5: ISA/VGA decoding enabled (ctrl 001C)
2001-01-01T03:43:27.986Z| vcpu-0| I125: pciBridge5:1: ISA/VGA decoding enabled (ctrl 001C)
2001-01-01T03:43:27.986Z| vcpu-0| I125: pciBridge5:2: ISA/VGA decoding enabled (ctrl 001C)
2001-01-01T03:43:27.986Z| vcpu-0| I125: pciBridge5:3: ISA/VGA decoding enabled (ctrl 001C)
2001-01-01T03:43:27.986Z| vcpu-0| I125: pciBridge5:4: ISA/VGA decoding enabled (ctrl 001C)
2001-01-01T03:43:27.986Z| vcpu-0| I125: pciBridge5:5: ISA/VGA decoding enabled (ctrl 001C)
2001-01-01T03:43:27.986Z| vcpu-0| I125: pciBridge5:6: ISA/VGA decoding enabled (ctrl 001C)
2001-01-01T03:43:27.986Z| vcpu-0| I125: pciBridge5:7: ISA/VGA decoding enabled (ctrl 001C)
2001-01-01T03:43:27.986Z| vcpu-0| I125: PCIBridge6: ISA/VGA decoding enabled (ctrl 001C)
2001-01-01T03:43:27.987Z| vcpu-0| I125: pciBridge6:1: ISA/VGA decoding enabled (ctrl 001C)
2001-01-01T03:43:27.987Z| vcpu-0| I125: pciBridge6:2: ISA/VGA decoding enabled (ctrl 001C)
2001-01-01T03:43:27.987Z| vcpu-0| I125: pciBridge6:3: ISA/VGA decoding enabled (ctrl 001C)
2001-01-01T03:43:27.987Z| vcpu-0| I125: pciBridge6:4: ISA/VGA decoding enabled (ctrl 001C)
2001-01-01T03:43:27.987Z| vcpu-0| I125: pciBridge6:5: ISA/VGA decoding enabled (ctrl 001C)
2001-01-01T03:43:27.987Z| vcpu-0| I125: pciBridge6:6: ISA/VGA decoding enabled (ctrl 001C)
2001-01-01T03:43:27.987Z| vcpu-0| I125: pciBridge6:7: ISA/VGA decoding enabled (ctrl 001C)
2001-01-01T03:43:27.987Z| vcpu-0| I125: PCIBridge7: ISA/VGA decoding enabled (ctrl 001C)
2001-01-01T03:43:27.988Z| vcpu-0| I125: pciBridge7:1: ISA/VGA decoding enabled (ctrl 001C)
2001-01-01T03:43:27.988Z| vcpu-0| I125: pciBridge7:2: ISA/VGA decoding enabled (ctrl 001C)
2001-01-01T03:43:27.988Z| vcpu-0| I125: pciBridge7:3: ISA/VGA decoding enabled (ctrl 001C)
2001-01-01T03:43:27.988Z| vcpu-0| I125: pciBridge7:4: ISA/VGA decoding enabled (ctrl 001C)
2001-01-01T03:43:27.988Z| vcpu-0| I125: pciBridge7:5: ISA/VGA decoding enabled (ctrl 001C)
2001-01-01T03:43:27.988Z| vcpu-0| I125: pciBridge7:6: ISA/VGA decoding enabled (ctrl 001C)
2001-01-01T03:43:27.988Z| vcpu-0| I125: pciBridge7:7: ISA/VGA decoding enabled (ctrl 001C)
2001-01-01T03:43:27.997Z| vcpu-0| I125: SVGA: Registering IOSpace at 0x1040
2001-01-01T03:43:27.997Z| vcpu-0| I125: SVGA: Registering MemSpace at 0xf0000000(0xf0000000) and 0xfb800000(0xfb800000)
2001-01-01T03:43:28.003Z| svga| I125: SVGA enabling SVGA
2001-01-01T03:43:28.537Z| vcpu-0| I125: AHCI-VMM:HBA reset issued on sata0.
2001-01-01T03:43:28.538Z| vcpu-0| I125: AHCI-VMM: sata0:0: PxSCTL.DET already 0. Ignoring write 0.
2001-01-01T03:43:28.538Z| vcpu-0| I125: AHCI-VMM: sata0:1: PxSCTL.DET already 0. Ignoring write 0.
2001-01-01T03:43:28.548Z| vcpu-0| I125: AHCI-VMM: sata0:2: PxSCTL.DET already 0. Ignoring write 0.
2001-01-01T03:43:28.559Z| vcpu-0| I125: AHCI-VMM: sata0:3: PxSCTL.DET already 0. Ignoring write 0.
2001-01-01T03:43:28.569Z| vcpu-0| I125: AHCI-VMM: sata0:4: PxSCTL.DET already 0. Ignoring write 0.
2001-01-01T03:43:28.580Z| vcpu-0| I125: AHCI-VMM: sata0:5: PxSCTL.DET already 0. Ignoring write 0.
2001-01-01T03:43:28.590Z| vcpu-0| I125: AHCI-VMM: sata0:6: PxSCTL.DET already 0. Ignoring write 0.
2001-01-01T03:43:28.600Z| vcpu-0| I125: AHCI-VMM: sata0:7: PxSCTL.DET already 0. Ignoring write 0.
2001-01-01T03:43:28.611Z| vcpu-0| I125: AHCI-VMM: sata0:8: PxSCTL.DET already 0. Ignoring write 0.
2001-01-01T03:43:28.621Z| vcpu-0| I125: AHCI-VMM: sata0:9: PxSCTL.DET already 0. Ignoring write 0.
2001-01-01T03:43:28.632Z| vcpu-0| I125: AHCI-VMM: sata0:10: PxSCTL.DET already 0. Ignoring write 0.
2001-01-01T03:43:28.642Z| vcpu-0| I125: AHCI-VMM: sata0:11: PxSCTL.DET already 0. Ignoring write 0.
2001-01-01T03:43:28.653Z| vcpu-0| I125: AHCI-VMM: sata0:12: PxSCTL.DET already 0. Ignoring write 0.
2001-01-01T03:43:28.663Z| vcpu-0| I125: AHCI-VMM: sata0:13: PxSCTL.DET already 0. Ignoring write 0.
2001-01-01T03:43:28.674Z| vcpu-0| I125: AHCI-VMM: sata0:14: PxSCTL.DET already 0. Ignoring write 0.
2001-01-01T03:43:28.684Z| vcpu-0| I125: AHCI-VMM: sata0:15: PxSCTL.DET already 0. Ignoring write 0.
2001-01-01T03:43:28.694Z| vcpu-0| I125: AHCI-VMM: sata0:16: PxSCTL.DET already 0. Ignoring write 0.
2001-01-01T03:43:28.705Z| vcpu-0| I125: AHCI-VMM: sata0:17: PxSCTL.DET already 0. Ignoring write 0.
2001-01-01T03:43:28.715Z| vcpu-0| I125: AHCI-VMM: sata0:18: PxSCTL.DET already 0. Ignoring write 0.
2001-01-01T03:43:28.726Z| vcpu-0| I125: AHCI-VMM: sata0:19: PxSCTL.DET already 0. Ignoring write 0.
2001-01-01T03:43:28.737Z| vcpu-0| I125: AHCI-VMM: sata0:20: PxSCTL.DET already 0. Ignoring write 0.
2001-01-01T03:43:28.747Z| vcpu-0| I125: AHCI-VMM: sata0:21: PxSCTL.DET already 0. Ignoring write 0.
2001-01-01T03:43:28.758Z| vcpu-0| I125: AHCI-VMM: sata0:22: PxSCTL.DET already 0. Ignoring write 0.
2001-01-01T03:43:28.768Z| vcpu-0| I125: AHCI-VMM: sata0:23: PxSCTL.DET already 0. Ignoring write 0.
2001-01-01T03:43:28.778Z| vcpu-0| I125: AHCI-VMM: sata0:24: PxSCTL.DET already 0. Ignoring write 0.
2001-01-01T03:43:28.789Z| vcpu-0| I125: AHCI-VMM: sata0:25: PxSCTL.DET already 0. Ignoring write 0.
2001-01-01T03:43:28.799Z| vcpu-0| I125: AHCI-VMM: sata0:26: PxSCTL.DET already 0. Ignoring write 0.
2001-01-01T03:43:28.810Z| vcpu-0| I125: AHCI-VMM: sata0:27: PxSCTL.DET already 0. Ignoring write 0.
2001-01-01T03:43:28.820Z| vcpu-0| I125: AHCI-VMM: sata0:28: PxSCTL.DET already 0. Ignoring write 0.
2001-01-01T03:43:28.831Z| vcpu-0| I125: AHCI-VMM: sata0:29: PxSCTL.DET already 0. Ignoring write 0.
2001-01-01T03:43:31.786Z| vcpu-0| I125: Guest: DSDT: CNOT method is 52 bytes long.
2001-01-01T03:43:31.868Z| vcpu-0| I125: SECUREBOOT: Image APPROVED.
2001-01-01T03:43:31.886Z| vcpu-0| I125: Guest: About to do EFI boot: Windows Boot Manager
2001-01-01T03:43:31.901Z| vcpu-0| I125: PVSCSI: Failed to issue sync/bios cmd: 0xbad0004
2001-01-01T03:43:31.901Z| vcpu-0| I125: HBACommon: First write on scsi0:0.fileName='/vmfs/volumes/3a4fd8ce-fc4375c4-effb-5cf3fce846f8/SGRL-WSU001/SGRL-WSU001.vmdk'
2001-01-01T03:43:31.901Z| vcpu-0| I125: DDB: "longContentID" = "f07ce21f99f00060852fea02d9ab82e4" (was "cfaca059dfafa9af7b58f20131b150c8")
2001-01-01T03:43:31.910Z| vcpu-0| I125: DISKLIB-CHAIN : DiskChainUpdateContentID: old=0x31b150c8, new=0xd9ab82e4 (f07ce21f99f00060852fea02d9ab82e4)
2001-01-01T03:43:33.821Z| vcpu-1| I125: CPU reset: soft (mode 0)
2001-01-01T03:43:33.821Z| vcpu-0| I125: Guest: Firmware has transitioned to runtime.
2001-01-01T03:43:35.061Z| vcpu-1| I125: SVGA: Unregistering IOSpace at 0x1040
2001-01-01T03:43:35.061Z| vcpu-1| I125: SVGA: Unregistering MemSpace at 0xf0000000(0xf0000000) and 0xfb800000(0xfb800000)
2001-01-01T03:43:35.062Z| vcpu-1| I125: SVGA: Registering IOSpace at 0x1040
2001-01-01T03:43:35.062Z| vcpu-1| I125: SVGA: Registering MemSpace at 0xf0000000(0xf0000000) and 0xfb800000(0xfb800000)
2001-01-01T03:43:36.483Z| vcpu-1| I125: Guest: Driver=vsock, Version=9.8.17.0
2001-01-01T03:43:36.485Z| vcpu-1| I125: Guest: Driver=vmci, Version=9.8.30.0
2001-01-01T03:43:36.597Z| vcpu-1| I125: AHCI-VMM:HBA reset issued on sata0.
2001-01-01T03:43:38.410Z| vcpu-1| I125: Guest: PVSCSI: driver StorPort v1.3.17.0 starts. obj=FFFF800B102ABDD0 reg=FFFFF8003A4D5660
2001-01-01T03:43:38.410Z| vcpu-1| I125: Guest: Driver=pvscsi, Version=1.3.17.0
2001-01-01T03:43:38.460Z| vcpu-1| I125: Guest: PVSCSI: FindAdapter starts (arg='')
2001-01-01T03:43:38.460Z| vcpu-1| I125: Guest: PVSCSI: range[0]: mmio=1 len=32768 s=0xfe900000
2001-01-01T03:43:38.460Z| vcpu-1| I125: Guest: PVSCSI: range[1]: mmio=0 len=0 s=0x0
2001-01-01T03:43:38.461Z| vcpu-1| I125: Guest: PVSCSI: PVSCSIGetDeviceBase returns 0xffffdc80bb63f000
2001-01-01T03:43:38.461Z| vcpu-1| I125: Guest: PVSCSI: FindAdapter: Device returned, max targets: 65, Driver max: 255
2001-01-01T03:43:38.461Z| vcpu-1| I125: Guest: PVSCSI: CONFIG: useMsg=1 MaxQueueDepth=64 ringPages=32 useReqCallThreshold=1
2001-01-01T03:43:38.461Z| vcpu-1| I125: PVSCSI: ReqRing: 1024 entries, eSz=128, 32 pages
2001-01-01T03:43:38.461Z| vcpu-1| I125: PVSCSI: CmpRing: 4096 entries, eSz=32, 32 pages
2001-01-01T03:43:38.462Z| vcpu-1| I125: PVSCSI: MsgRing: 32 entries, eSz=128, 1 pages
2001-01-01T03:43:38.462Z| vcpu-1| I125: PVSCSI: scsi0: switching to sync
2001-01-01T03:43:38.462Z| vcpu-1| I125: PVSCSI: scsi0: init reqCallThresholdCapable 1
2001-01-01T03:43:39.892Z| vcpu-1| I125: Guest: vm3d: WDDM Miniport Loading the release build type
2001-01-01T03:43:39.911Z| vcpu-1| I125: Guest: vm3d: Driver=wddm, Version=8.17.03.0005
2001-01-01T03:43:40.193Z| vcpu-0| I125: SVGA: Unregistering IOSpace at 0x1040
2001-01-01T03:43:40.194Z| vcpu-0| I125: SVGA: Unregistering MemSpace at 0xf0000000(0xf0000000) and 0xfb800000(0xfb800000)
2001-01-01T03:43:40.195Z| vcpu-0| I125: SVGA: Registering IOSpace at 0x1040
2001-01-01T03:43:40.195Z| vcpu-0| I125: SVGA: Registering MemSpace at 0xf0000000(0xf0000000) and 0xfb800000(0xfb800000)
2001-01-01T03:43:40.199Z| vcpu-0| I125: CDROM: Emulate GET CONFIGURATION RT 0 starting feature 0
2001-01-01T03:43:40.199Z| vcpu-0| I125: CDROM: Emulate GET CONFIGURATION RT 2 starting feature 0
2001-01-01T03:43:40.199Z| vcpu-0| I125: CDROM: Emulate GET CONFIGURATION RT 0 starting feature 0
2001-01-01T03:43:40.199Z| vcpu-0| I125: CDROM: Emulate GET CONFIGURATION RT 0 starting feature 0
2001-01-01T03:43:40.200Z| vcpu-0| I125: CDROM: Unknown command 0xA4.
2001-01-01T03:43:40.200Z| vcpu-0| I125: CDROM sata0:0: CMD 0xa4 (*UNKNOWN (0xa4)*) FAILED (key 0x5 asc 0x20 ascq 0)
2001-01-01T03:43:40.250Z| vcpu-0| I125: CDROM: Emulate GET CONFIGURATION RT 1 starting feature 0
2001-01-01T03:43:40.285Z| vcpu-1| I125: PCIXHCI: Interrupt type changed from INTX to MSIX
2001-01-01T03:43:40.353Z| vcpu-0| I125: E1000: e1000e-- tx queue 1 is enabled.
2001-01-01T03:43:40.353Z| vcpu-0| I125: E1000: e1000e-- tx queue 1 is enabled.
2001-01-01T03:43:40.353Z| vcpu-0| I125: E1000: e1000e-- tx queue 1 is enabled.
2001-01-01T03:43:40.353Z| vcpu-0| I125: E1000: e1000e-- tx queue 1 is enabled.
2001-01-01T03:43:40.353Z| vcpu-0| I125: E1000: e1000e-- tx queue 1 is enabled.
2001-01-01T03:43:40.353Z| vcpu-0| I125: E1000: e1000e-- tx queue 1 is enabled.
2001-01-01T03:43:40.353Z| vcpu-0| I125: E1000: e1000e-- tx queue 1 is enabled.
2001-01-01T03:43:40.353Z| vcpu-0| I125: E1000: e1000e-- tx queue 1 is enabled.
2001-01-01T03:43:40.353Z| vcpu-0| I125: E1000: e1000e-- tx queue 1 is enabled.
2001-01-01T03:43:40.353Z| vcpu-0| I125: E1000: e1000e-- tx queue 1 is enabled.
2001-01-01T03:43:40.353Z| vcpu-0| I125: E1000: e1000e-- tx queue 1 is enabled.
2001-01-01T03:43:40.353Z| vcpu-0| I125: E1000: e1000e-- tx queue 1 is enabled.
2001-01-01T03:43:40.355Z| vcpu-0| I125: E1000: e1000e-- tx queue 1 is enabled.
2001-01-01T03:43:40.355Z| vcpu-0| I125: E1000: e1000e-- tx queue 1 is enabled.
2001-01-01T03:43:40.355Z| vcpu-0| I125: E1000: e1000e-- tx queue 1 is enabled.
2001-01-01T03:43:40.355Z| vcpu-0| I125: E1000: e1000e-- tx queue 1 is enabled.
2001-01-01T03:43:40.372Z| vcpu-0| I125: E1000: e1000e-- tx queue 1 is enabled.
2001-01-01T03:43:40.373Z| vcpu-0| I125: E1000: e1000e-- tx queue 1 is enabled.
2001-01-01T03:43:40.374Z| vcpu-0| I125: E1000: e1000e-- tx queue 1 is enabled.
2001-01-01T03:43:40.374Z| vcpu-0| I125: E1000: e1000e-- tx queue 1 is enabled.
2001-01-01T03:43:40.374Z| vcpu-0| I125: E1000: e1000e-- tx queue 1 is enabled.
2001-01-01T03:43:40.376Z| vcpu-0| I125: E1000: e1000e-- tx queue 1 is enabled.
2001-01-01T03:43:40.378Z| vcpu-0| I125: E1000: e1000e-- tx queue 1 is enabled.
2001-01-01T03:43:42.959Z| vcpu-1| I125: Guest: vm3d: SVGA WDDM Display Only driver, Version: 8.17.03.0005, Build Number: 18379147
2001-01-01T03:43:42.959Z| vcpu-1| I125: Guest: vm3d: WDDM OS version: 10.0, build number: 20348, service pack version: 0.0, platform Id: 2, product type: 3, suite mask: 0x110
2001-01-01T03:43:42.967Z| vcpu-1| I125: Guest: vm3d: WDDM SVGA Grow OTable command enabled.
2001-01-01T03:43:42.967Z| vcpu-1| I125: Guest: vm3d: WDDM SVGA IntraSurfaceCopy command enabled.
2001-01-01T03:43:42.967Z| vcpu-1| I125: Guest: vm3d: WDDM Guest backed surface is enabled.
2001-01-01T03:43:42.967Z| vcpu-1| I125: Guest: vm3d: WDDM Large cursor support is disabled.
2001-01-01T03:43:42.967Z| vcpu-1| I125: Guest: vm3d: WDDM Frame Type is disabled.
2001-01-01T03:43:42.971Z| vcpu-1| I125: Guest: vm3d: WDDM SVGA DX11.0 (SM5) support is disabled.
2001-01-01T03:43:42.971Z| vcpu-1| I125: Guest: vm3d: WDDM 3D is disabled.
2001-01-01T03:43:42.971Z| vcpu-1| I125: Guest: vm3d: WDDM DX10 context is disabled.
2001-01-01T03:43:42.971Z| vcpu-1| I125: Guest: vm3d: WDDM GL3 is disabled.
2001-01-01T03:43:42.972Z| vcpu-1| I125: Guest: vm3d: WDDM DX cap is enabled.
2001-01-01T03:43:42.972Z| vcpu-1| I125: Guest: vm3d: WDDM HP Queue is enabled.
2001-01-01T03:43:42.972Z| vcpu-1| I125: Guest: vm3d: WDDM GDI HW acceleration is disabled.
2001-01-01T03:43:42.972Z| vcpu-1| I125: Guest: vm3d: WDDM Guest backed primary in aperture is enabled.
2001-01-01T03:43:42.974Z| vcpu-1| I125: Guest: vm3d: WDDM Preemption Aware is enabled.
2001-01-01T03:43:42.974Z| vcpu-1| I125: Guest: vm3d: WDDM EDID is disabled.
2001-01-01T03:43:42.982Z| vcpu-1| I125: Guest: vm3d: Modeset enabled, types available: TR CCD Multi
2001-01-01T03:43:42.982Z| vcpu-1| I125: Guest: vm3d: WDDM DirectFlip is disabled.
2001-01-01T03:43:42.983Z| vcpu-1| I125: Guest: vm3d: WDDM VSync is disabled.
2001-01-01T03:43:42.984Z| vcpu-1| I125: Guest: vm3d: WDDM DevApi using ScreenDMA
2001-01-01T03:43:42.984Z| vcpu-1| I125: Guest: vm3d: WDDM DevApi cannot determine ScreenDMA support, output may be black
2001-01-01T03:43:42.984Z| vcpu-1| I125: Guest: vm3d: WDDM v1.2 enabled.
2001-01-01T03:43:42.984Z| vcpu-1| I125: Guest: vm3d: WDDM primary mem 16384KB.
2001-01-01T03:43:42.984Z| vcpu-1| I125: Guest: vm3d: WDDM VRAM 4096KB.
2001-01-01T03:43:42.985Z| vcpu-1| I125: Guest: vm3d: WDDM using 12KB memory for OTable.
2001-01-01T03:43:42.985Z| vcpu-1| I125: Guest: vm3d: WDDM Aperture memory 16384KB.
2001-01-01T03:43:42.988Z| vcpu-1| I125: Guest: vm3d: 1 monitors active
2001-01-01T03:43:43.118Z| svga| I125: SVGA-ScreenMgr: Screen type changed to ScreenTarget
2001-01-01T03:43:52.233Z| vcpu-0| I125: E1000: e1000e-- tx queue 1 is enabled.
2001-01-01T03:43:52.240Z| vcpu-1| I125: E1000: e1000e-- tx queue 1 is enabled.
2001-01-01T03:43:52.240Z| vcpu-0| I125: E1000: e1000e-- tx queue 1 is enabled.
2001-01-01T03:43:53.134Z| vcpu-1| I125: CDROM: Emulate GET CONFIGURATION RT 2 starting feature 0
2001-01-01T03:43:53.134Z| vcpu-0| I125: CDROM: Emulate GET CONFIGURATION RT 2 starting feature 30
2001-01-01T03:43:53.134Z| vcpu-0| I125: CDROM: Emulate GET CONFIGURATION RT 2 starting feature 31
2001-01-01T03:43:53.134Z| vcpu-0| I125: CDROM: Emulate GET CONFIGURATION RT 2 starting feature 32
2001-01-01T03:43:53.134Z| vcpu-0| I125: CDROM: Emulate GET CONFIGURATION RT 2 starting feature 33
2001-01-01T03:43:53.134Z| vcpu-0| I125: CDROM: Emulate GET CONFIGURATION RT 2 starting feature 35
2001-01-01T03:43:53.135Z| vcpu-0| I125: CDROM: Emulate GET CONFIGURATION RT 2 starting feature 36
2001-01-01T03:43:53.135Z| vcpu-0| I125: CDROM: Emulate GET CONFIGURATION RT 2 starting feature 38
2001-01-01T03:43:53.135Z| vcpu-0| I125: CDROM: Emulate GET CONFIGURATION RT 2 starting feature 42
2001-01-01T03:43:53.135Z| vcpu-0| I125: CDROM: Emulate GET CONFIGURATION RT 2 starting feature 43
2001-01-01T03:43:53.135Z| vcpu-0| I125: CDROM: Emulate GET CONFIGURATION RT 2 starting feature 45
2001-01-01T03:43:53.135Z| vcpu-0| I125: CDROM: Emulate GET CONFIGURATION RT 2 starting feature 46
2001-01-01T03:43:53.135Z| vcpu-0| I125: CDROM: Emulate GET CONFIGURATION RT 2 starting feature 47
2001-01-01T03:43:53.135Z| vcpu-0| I125: CDROM: Emulate GET CONFIGURATION RT 2 starting feature 64
2001-01-01T03:43:53.135Z| vcpu-0| I125: CDROM: Emulate GET CONFIGURATION RT 2 starting feature 65
2001-01-01T03:43:53.135Z| vcpu-1| I125: CDROM: Emulate GET CONFIGURATION RT 2 starting feature 259
2001-01-01T03:43:53.647Z| vcpu-0| W115: Balloon: Start: vmmemctl reset balloon
2001-01-01T03:43:53.647Z| vcpu-0| I125: Balloon: Reset (n 1 pages 0)
2001-01-01T03:43:53.647Z| vcpu-0| I125: Balloon: Reset: nUnlocked 0 size 0
2001-01-01T03:43:54.700Z| vmx| I125: GuestRpc: Got RPCI vsocket connection 14, assigned to channel 0.
2001-01-01T03:43:54.700Z| vmx| I125: GuestRpc: Got RPCI vsocket connection 15, assigned to channel 1.
2001-01-01T03:43:54.701Z| vmx| I125: GuestRpc: Got error for channel 0 connection 14: Remote disconnected
2001-01-01T03:43:54.701Z| vmx| I125: GuestRpc: Closing channel 0 connection 14
2001-01-01T03:43:55.341Z| vmx| I125: GuestRpc: Got RPCI vsocket connection 16, assigned to channel 0.
2001-01-01T03:43:55.341Z| vmx| I125: GuestRpc: Got error for channel 0 connection 16: Remote disconnected
2001-01-01T03:43:55.341Z| vmx| I125: GuestRpc: Closing channel 0 connection 16
2001-01-01T03:43:55.458Z| vmx| I125: Guest: toolbox: Version: 11.3.5.31214 (build-18557794)
2001-01-01T03:43:55.463Z| vcpu-1| W115: GuestRpc: application toolbox, changing channel 65535 -> 0
2001-01-01T03:43:55.463Z| vcpu-1| I125: GuestRpc: Channel 0, guest application toolbox.
2001-01-01T03:43:55.463Z| vcpu-1| I125: DEPLOYPKG: ToolsDeployPkg_Begin: state=0 err=0, msg=null
2001-01-01T03:43:55.530Z| vmx| I125: TOOLS soft reset detected.
2001-01-01T03:43:55.532Z| vmx| I125: TOOLS autoupgrade protocol version 2
2001-01-01T03:43:55.532Z| vmx| I125: Vix: [mainDispatch.c:4156]: VMAutomationReportPowerStateChange: Reporting power state change (opcode=2, err=0).
2001-01-01T03:43:55.537Z| vmx| I125: TOOLS Received tools.set.versiontype rpc call, version = 11365, type = 1
2001-01-01T03:43:55.537Z| vmx| I125: Tools_SetVersionAndType did nothing; new tools version (11365) and type (1) match old Tools version and type
2001-01-01T03:43:55.537Z| vmx| I125: TOOLS Setting autoupgrade-checked FALSE.
2001-01-01T03:43:55.537Z| vmx| I125: TOOLS using cached value 1 for isoImageExists (refreshCount=1, lastCount=1).
2001-01-01T03:43:55.537Z| vmx| I125: Starting copy guest manifest.
2001-01-01T03:43:55.547Z| vcpu-0| I125: HGFileCopyCreateSessionCB: Successfully created the session.
2001-01-01T03:43:55.560Z| vcpu-0| I125: ToolsLoadManifestFileCB: Queuing a request to update the manifest information.
2001-01-01T03:43:55.560Z| worker-2106034| I125: ToolsISO: Refreshing imageName for 'windows9srv-64' (refreshCount=1, lastCount=1).
2001-01-01T03:43:55.612Z| worker-2106034| I125: ToolsISO: Updated cached value for imageName to 'windows.iso'.
2001-01-01T03:43:55.612Z| worker-2106034| I125: ToolsISO: Selected Tools ISO 'windows.iso' for 'windows9srv-64' guest.
2001-01-01T03:43:55.615Z| worker-2106034| I125: GetHostManifests: Extracting the manifest file.
2001-01-01T03:43:55.839Z| vcpu-0| I125: Guest: CBLAUNCHER: AUDIT: main : CB launcher starting up. Version: 1.1.0 build-18323979
2001-01-01T03:43:55.901Z| worker-2106034| I125: GetHostManifests: Done extracting the manifest file.
2001-01-01T03:43:55.905Z| worker-2106034| I125: ToolsVersionGetStatusWorkerThread: Tools status 3 derived from environment
2001-01-01T03:43:55.905Z| vmx| I125: ToolsUpdateManifestInfoWorkerThreadDone: Compared tools manifest from host and from the guest. Status = 3.
2001-01-01T03:43:55.905Z| vmx| I125: ToolsUpdateManifestInfoWorkerThreadDone: Updating the manifest info.
2001-01-01T03:43:55.910Z| vmx| A100: ConfigDB: Setting extendedConfigFile = "SGRL-WSU001.vmxf"
2001-01-01T03:43:55.964Z| vmx| I125: TOOLS using cached value 1 for isoImageExists (refreshCount=1, lastCount=1).
2001-01-01T03:43:55.964Z| vmx| I125: VMXVmdb_SetToolsVersionStatus: status value set to 'ok', 'current', install possible
2001-01-01T03:43:55.964Z| vmx| I125: TOOLS installed legacy version 11365, available legacy version 11365
2001-01-01T03:43:55.964Z| vmx| I125: TOOLS manifest update status is 3
2001-01-01T03:43:55.964Z| vmx| I125: TOOLS can be autoupgraded.
2001-01-01T03:43:55.964Z| vmx| I125: TOOLS Setting autoupgrade-checked TRUE.
2001-01-01T03:43:55.971Z| vcpu-0| I125: Guest: CBLAUNCHER: AUDIT: InitCbLauncher : Launcher INIT completed
2001-01-01T03:43:55.971Z| vcpu-0| I125: Guest: CBLAUNCHER: AUDIT: main : CB launcher exiting now. Version: 1.1.0 build-18323979
2001-01-01T03:44:21.923Z| vmx| I125: GuestRpc: Got RPCI vsocket connection 17, assigned to channel 0.
2001-01-01T03:44:21.923Z| vmx| I125: GuestRpc: Got error for channel 0 connection 17: Remote disconnected
2001-01-01T03:44:21.923Z| vmx| I125: GuestRpc: Closing channel 0 connection 17
2001-01-01T03:44:21.954Z| vmx| I125: GuestRpc: Got RPCI vsocket connection 18, assigned to channel 0.
2001-01-01T03:44:21.954Z| vmx| I125: GuestRpc: Got error for channel 0 connection 18: Remote disconnected
2001-01-01T03:44:21.954Z| vmx| I125: GuestRpc: Closing channel 0 connection 18
2001-01-01T03:44:22.941Z| vmx| I125: GuestRpc: Got RPCI vsocket connection 19, assigned to channel 0.
2001-01-01T03:44:22.941Z| vmx| I125: GuestRpc: Got error for channel 0 connection 19: Remote disconnected
2001-01-01T03:44:22.941Z| vmx| I125: GuestRpc: Closing channel 0 connection 19
2001-01-01T03:44:23.956Z| vmx| I125: GuestRpc: Got RPCI vsocket connection 20, assigned to channel 0.
2001-01-01T03:44:23.957Z| vmx| I125: GuestRpc: Got error for channel 0 connection 20: Remote disconnected
2001-01-01T03:44:23.957Z| vmx| I125: GuestRpc: Closing channel 0 connection 20
2001-01-01T03:44:24.956Z| vmx| I125: GuestRpc: Got RPCI vsocket connection 21, assigned to channel 0.
2001-01-01T03:44:24.956Z| vmx| I125: GuestRpc: Got error for channel 0 connection 21: Remote disconnected
2001-01-01T03:44:24.956Z| vmx| I125: GuestRpc: Closing channel 0 connection 21
2001-01-01T03:44:25.456Z| vmx| I125: GuestInfo: HostinfoDetailedDataHeader version: 1
2001-01-01T03:44:25.456Z| vmx| A100: ConfigDB: Setting guestOS.detailed.data = "architecture='X86' bitness='64' buildNumber='20348' distroName='Windows' distroVersion='10.0' familyName='Windows' kernelVersion='20348.4052' prettyName='Windows Server 2022, 64-bit (Build 20348.4052)'"
2001-01-01T03:44:25.958Z| vmx| I125: GuestRpc: Got RPCI vsocket connection 22, assigned to channel 0.
2001-01-01T03:44:25.959Z| vmx| I125: GuestRpc: Got error for channel 0 connection 22: Remote disconnected
2001-01-01T03:44:25.959Z| vmx| I125: GuestRpc: Closing channel 0 connection 22
2001-01-01T03:44:26.972Z| vmx| I125: GuestRpc: Got RPCI vsocket connection 23, assigned to channel 0.
2001-01-01T03:44:26.973Z| vmx| I125: GuestRpc: Got error for channel 0 connection 23: Remote disconnected
2001-01-01T03:44:26.973Z| vmx| I125: GuestRpc: Closing channel 0 connection 23
2001-01-01T03:44:27.972Z| vmx| I125: GuestRpc: Got RPCI vsocket connection 24, assigned to channel 0.
2001-01-01T03:44:27.972Z| vmx| I125: GuestRpc: Got error for channel 0 connection 24: Remote disconnected
2001-01-01T03:44:27.972Z| vmx| I125: GuestRpc: Closing channel 0 connection 24
2001-01-01T03:44:28.988Z| vmx| I125: GuestRpc: Got RPCI vsocket connection 25, assigned to channel 0.
2001-01-01T03:44:28.988Z| vmx| I125: GuestRpc: Got error for channel 0 connection 25: Remote disconnected
2001-01-01T03:44:28.988Z| vmx| I125: GuestRpc: Closing channel 0 connection 25
2001-01-01T03:44:29.988Z| vmx| I125: GuestRpc: Got RPCI vsocket connection 26, assigned to channel 0.
2001-01-01T03:44:29.988Z| vmx| I125: GuestRpc: Got error for channel 0 connection 26: Remote disconnected
2001-01-01T03:44:29.988Z| vmx| I125: GuestRpc: Closing channel 0 connection 26
2001-01-01T03:44:31.003Z| vmx| I125: GuestRpc: Got RPCI vsocket connection 27, assigned to channel 0.
2001-01-01T03:44:31.003Z| vmx| I125: GuestRpc: Got error for channel 0 connection 27: Remote disconnected
2001-01-01T03:44:31.003Z| vmx| I125: GuestRpc: Closing channel 0 connection 27
2001-01-01T03:44:32.019Z| vmx| I125: GuestRpc: Got RPCI vsocket connection 28, assigned to channel 0.
2001-01-01T03:44:32.019Z| vmx| I125: GuestRpc: Got error for channel 0 connection 28: Remote disconnected
2001-01-01T03:44:32.019Z| vmx| I125: GuestRpc: Closing channel 0 connection 28
2001-01-01T03:44:33.035Z| vmx| I125: GuestRpc: Got RPCI vsocket connection 29, assigned to channel 0.
2001-01-01T03:44:33.035Z| vmx| I125: GuestRpc: Got error for channel 0 connection 29: Remote disconnected
2001-01-01T03:44:33.035Z| vmx| I125: GuestRpc: Closing channel 0 connection 29
2001-01-01T03:44:34.035Z| vmx| I125: GuestRpc: Got RPCI vsocket connection 30, assigned to channel 0.
2001-01-01T03:44:34.035Z| vmx| I125: GuestRpc: Got error for channel 0 connection 30: Remote disconnected
2001-01-01T03:44:34.035Z| vmx| I125: GuestRpc: Closing channel 0 connection 30
2001-01-01T03:44:35.050Z| vmx| I125: GuestRpc: Got RPCI vsocket connection 31, assigned to channel 0.
2001-01-01T03:44:35.050Z| vmx| I125: GuestRpc: Got error for channel 0 connection 31: Remote disconnected
2001-01-01T03:44:35.050Z| vmx| I125: GuestRpc: Closing channel 0 connection 31
2001-01-01T03:44:36.066Z| vmx| I125: GuestRpc: Got RPCI vsocket connection 32, assigned to channel 0.
2001-01-01T03:44:36.066Z| vmx| I125: GuestRpc: Got error for channel 0 connection 32: Remote disconnected
2001-01-01T03:44:36.066Z| vmx| I125: GuestRpc: Closing channel 0 connection 32
2001-01-01T03:44:37.081Z| vmx| I125: GuestRpc: Got RPCI vsocket connection 33, assigned to channel 0.
2001-01-01T03:44:37.082Z| vmx| I125: GuestRpc: Got error for channel 0 connection 33: Remote disconnected
2001-01-01T03:44:37.082Z| vmx| I125: GuestRpc: Closing channel 0 connection 33
2001-01-01T03:44:38.081Z| vmx| I125: GuestRpc: Got RPCI vsocket connection 34, assigned to channel 0.
2001-01-01T03:44:38.082Z| vmx| I125: GuestRpc: Got error for channel 0 connection 34: Remote disconnected
2001-01-01T03:44:38.082Z| vmx| I125: GuestRpc: Closing channel 0 connection 34
2001-01-01T03:44:39.084Z| vmx| I125: GuestRpc: Got RPCI vsocket connection 35, assigned to channel 0.
2001-01-01T03:44:39.084Z| vmx| I125: GuestRpc: Got error for channel 0 connection 35: Remote disconnected
2001-01-01T03:44:39.084Z| vmx| I125: GuestRpc: Closing channel 0 connection 35
2001-01-01T03:44:40.097Z| vmx| I125: GuestRpc: Got RPCI vsocket connection 36, assigned to channel 0.
2001-01-01T03:44:40.097Z| vmx| I125: GuestRpc: Got error for channel 0 connection 36: Remote disconnected
2001-01-01T03:44:40.097Z| vmx| I125: GuestRpc: Closing channel 0 connection 36
2001-01-01T03:44:41.097Z| vmx| I125: GuestRpc: Got RPCI vsocket connection 37, assigned to channel 0.
2001-01-01T03:44:41.097Z| vmx| I125: GuestRpc: Got error for channel 0 connection 37: Remote disconnected
2001-01-01T03:44:41.097Z| vmx| I125: GuestRpc: Closing channel 0 connection 37
2001-01-01T03:44:42.113Z| vmx| I125: GuestRpc: Got RPCI vsocket connection 38, assigned to channel 0.
2001-01-01T03:44:42.113Z| vmx| I125: GuestRpc: Got error for channel 0 connection 38: Remote disconnected
2001-01-01T03:44:42.113Z| vmx| I125: GuestRpc: Closing channel 0 connection 38
2001-01-01T03:44:43.113Z| vmx| I125: GuestRpc: Got RPCI vsocket connection 39, assigned to channel 0.
2001-01-01T03:44:43.113Z| vmx| I125: GuestRpc: Got error for channel 0 connection 39: Remote disconnected
2001-01-01T03:44:43.113Z| vmx| I125: GuestRpc: Closing channel 0 connection 39
2001-01-01T03:44:44.115Z| vmx| I125: GuestRpc: Got RPCI vsocket connection 40, assigned to channel 0.
2001-01-01T03:44:44.115Z| vmx| I125: GuestRpc: Got error for channel 0 connection 40: Remote disconnected
2001-01-01T03:44:44.115Z| vmx| I125: GuestRpc: Closing channel 0 connection 40
2001-01-01T03:44:45.128Z| vmx| I125: GuestRpc: Got RPCI vsocket connection 41, assigned to channel 0.
2001-01-01T03:44:45.129Z| vmx| I125: GuestRpc: Got error for channel 0 connection 41: Remote disconnected
2001-01-01T03:44:45.129Z| vmx| I125: GuestRpc: Closing channel 0 connection 41
2001-01-01T03:44:46.144Z| vmx| I125: GuestRpc: Got RPCI vsocket connection 42, assigned to channel 0.
2001-01-01T03:44:46.144Z| vmx| I125: GuestRpc: Got error for channel 0 connection 42: Remote disconnected
2001-01-01T03:44:46.144Z| vmx| I125: GuestRpc: Closing channel 0 connection 42
2001-01-01T03:44:47.160Z| vmx| I125: GuestRpc: Got RPCI vsocket connection 43, assigned to channel 0.
2001-01-01T03:44:47.160Z| vmx| I125: GuestRpc: Got error for channel 0 connection 43: Remote disconnected
2001-01-01T03:44:47.160Z| vmx| I125: GuestRpc: Closing channel 0 connection 43
2001-01-01T03:44:48.175Z| vmx| I125: GuestRpc: Got RPCI vsocket connection 44, assigned to channel 0.
2001-01-01T03:44:48.175Z| vmx| I125: GuestRpc: Got error for channel 0 connection 44: Remote disconnected
2001-01-01T03:44:48.175Z| vmx| I125: GuestRpc: Closing channel 0 connection 44
2001-01-01T03:44:49.191Z| vmx| I125: GuestRpc: Got RPCI vsocket connection 45, assigned to channel 0.
2001-01-01T03:44:49.191Z| vmx| I125: GuestRpc: Got error for channel 0 connection 45: Remote disconnected
2001-01-01T03:44:49.191Z| vmx| I125: GuestRpc: Closing channel 0 connection 45
2001-01-01T03:44:50.206Z| vmx| I125: GuestRpc: Got RPCI vsocket connection 46, assigned to channel 0.
2001-01-01T03:44:50.207Z| vmx| I125: GuestRpc: Got error for channel 0 connection 46: Remote disconnected
2001-01-01T03:44:50.207Z| vmx| I125: GuestRpc: Closing channel 0 connection 46
2001-01-01T03:44:51.222Z| vmx| I125: GuestRpc: Got RPCI vsocket connection 47, assigned to channel 0.
2001-01-01T03:44:51.222Z| vmx| I125: GuestRpc: Got error for channel 0 connection 47: Remote disconnected
2001-01-01T03:44:51.222Z| vmx| I125: GuestRpc: Closing channel 0 connection 47
2001-01-01T03:44:52.222Z| vmx| I125: GuestRpc: Got RPCI vsocket connection 48, assigned to channel 0.
2001-01-01T03:44:52.222Z| vmx| I125: GuestRpc: Got error for channel 0 connection 48: Remote disconnected
2001-01-01T03:44:52.222Z| vmx| I125: GuestRpc: Closing channel 0 connection 48
2001-01-01T03:44:53.223Z| vmx| I125: GuestRpc: Got RPCI vsocket connection 49, assigned to channel 0.
2001-01-01T03:44:53.223Z| vmx| I125: GuestRpc: Got error for channel 0 connection 49: Remote disconnected
2001-01-01T03:44:53.223Z| vmx| I125: GuestRpc: Closing channel 0 connection 49
2001-01-01T03:44:54.224Z| vmx| I125: GuestRpc: Got RPCI vsocket connection 50, assigned to channel 0.
2001-01-01T03:44:54.224Z| vmx| I125: GuestRpc: Got error for channel 0 connection 50: Remote disconnected
2001-01-01T03:44:54.224Z| vmx| I125: GuestRpc: Closing channel 0 connection 50
2001-01-01T03:44:55.238Z| vmx| I125: GuestRpc: Got RPCI vsocket connection 51, assigned to channel 0.
2001-01-01T03:44:55.238Z| vmx| I125: GuestRpc: Got error for channel 0 connection 51: Remote disconnected
2001-01-01T03:44:55.238Z| vmx| I125: GuestRpc: Closing channel 0 connection 51
2001-01-01T03:44:56.238Z| vmx| I125: GuestRpc: Got RPCI vsocket connection 52, assigned to channel 0.
2001-01-01T03:44:56.238Z| vmx| I125: GuestRpc: Got error for channel 0 connection 52: Remote disconnected
2001-01-01T03:44:56.238Z| vmx| I125: GuestRpc: Closing channel 0 connection 52
2001-01-01T03:44:57.240Z| vmx| I125: GuestRpc: Got RPCI vsocket connection 53, assigned to channel 0.
2001-01-01T03:44:57.240Z| vmx| I125: GuestRpc: Got error for channel 0 connection 53: Remote disconnected
2001-01-01T03:44:57.240Z| vmx| I125: GuestRpc: Closing channel 0 connection 53
2001-01-01T03:44:58.240Z| vmx| I125: GuestRpc: Got RPCI vsocket connection 54, assigned to channel 0.
2001-01-01T03:44:58.241Z| vmx| I125: GuestRpc: Got error for channel 0 connection 54: Remote disconnected
2001-01-01T03:44:58.241Z| vmx| I125: GuestRpc: Closing channel 0 connection 54
2001-01-01T03:44:59.254Z| vmx| I125: GuestRpc: Got RPCI vsocket connection 55, assigned to channel 0.
2001-01-01T03:44:59.254Z| vmx| I125: GuestRpc: Got error for channel 0 connection 55: Remote disconnected
2001-01-01T03:44:59.254Z| vmx| I125: GuestRpc: Closing channel 0 connection 55
2001-01-01T03:45:00.254Z| vmx| I125: GuestRpc: Got RPCI vsocket connection 56, assigned to channel 0.
2001-01-01T03:45:00.254Z| vmx| I125: GuestRpc: Got error for channel 0 connection 56: Remote disconnected
2001-01-01T03:45:00.254Z| vmx| I125: GuestRpc: Closing channel 0 connection 56
2001-01-01T03:45:01.269Z| vmx| I125: GuestRpc: Got RPCI vsocket connection 57, assigned to channel 0.
2001-01-01T03:45:01.269Z| vmx| I125: GuestRpc: Got error for channel 0 connection 57: Remote disconnected
2001-01-01T03:45:01.269Z| vmx| I125: GuestRpc: Closing channel 0 connection 57
2001-01-01T03:45:02.269Z| vmx| I125: GuestRpc: Got RPCI vsocket connection 58, assigned to channel 0.
2001-01-01T03:45:02.269Z| vmx| I125: GuestRpc: Got error for channel 0 connection 58: Remote disconnected
2001-01-01T03:45:02.269Z| vmx| I125: GuestRpc: Closing channel 0 connection 58
2001-01-01T03:45:03.285Z| vmx| I125: GuestRpc: Got RPCI vsocket connection 59, assigned to channel 0.
2001-01-01T03:45:03.285Z| vmx| I125: GuestRpc: Got error for channel 0 connection 59: Remote disconnected
2001-01-01T03:45:03.285Z| vmx| I125: GuestRpc: Closing channel 0 connection 59
2001-01-01T03:45:04.300Z| vmx| I125: GuestRpc: Got RPCI vsocket connection 60, assigned to channel 0.
2001-01-01T03:45:04.300Z| vmx| I125: GuestRpc: Got error for channel 0 connection 60: Remote disconnected
2001-01-01T03:45:04.300Z| vmx| I125: GuestRpc: Closing channel 0 connection 60
2001-01-01T03:45:05.300Z| vmx| I125: GuestRpc: Got RPCI vsocket connection 61, assigned to channel 0.
2001-01-01T03:45:05.300Z| vmx| I125: GuestRpc: Got error for channel 0 connection 61: Remote disconnected
2001-01-01T03:45:05.300Z| vmx| I125: GuestRpc: Closing channel 0 connection 61
2001-01-01T03:45:06.316Z| vmx| I125: GuestRpc: Got RPCI vsocket connection 62, assigned to channel 0.
2001-01-01T03:45:06.316Z| vmx| I125: GuestRpc: Got error for channel 0 connection 62: Remote disconnected
2001-01-01T03:45:06.316Z| vmx| I125: GuestRpc: Closing channel 0 connection 62
2001-01-01T03:45:07.316Z| vmx| I125: GuestRpc: Got RPCI vsocket connection 63, assigned to channel 0.
2001-01-01T03:45:07.316Z| vmx| I125: GuestRpc: Got error for channel 0 connection 63: Remote disconnected
2001-01-01T03:45:07.316Z| vmx| I125: GuestRpc: Closing channel 0 connection 63
2001-01-01T03:45:08.331Z| vmx| I125: GuestRpc: Got RPCI vsocket connection 64, assigned to channel 0.
2001-01-01T03:45:08.332Z| vmx| I125: GuestRpc: Got error for channel 0 connection 64: Remote disconnected
2001-01-01T03:45:08.332Z| vmx| I125: GuestRpc: Closing channel 0 connection 64
2001-01-01T03:45:09.331Z| vmx| I125: GuestRpc: Got RPCI vsocket connection 65, assigned to channel 0.
2001-01-01T03:45:09.331Z| vmx| I125: GuestRpc: Got error for channel 0 connection 65: Remote disconnected
2001-01-01T03:45:09.331Z| vmx| I125: GuestRpc: Closing channel 0 connection 65
2001-01-01T03:45:10.334Z| vmx| I125: GuestRpc: Got RPCI vsocket connection 66, assigned to channel 0.
2001-01-01T03:45:10.334Z| vmx| I125: GuestRpc: Got error for channel 0 connection 66: Remote disconnected
2001-01-01T03:45:10.334Z| vmx| I125: GuestRpc: Closing channel 0 connection 66
2001-01-01T03:45:11.334Z| vmx| I125: GuestRpc: Got RPCI vsocket connection 67, assigned to channel 0.
2001-01-01T03:45:11.334Z| vmx| I125: GuestRpc: Got error for channel 0 connection 67: Remote disconnected
2001-01-01T03:45:11.334Z| vmx| I125: GuestRpc: Closing channel 0 connection 67
2001-01-01T03:45:12.334Z| vmx| I125: GuestRpc: Got RPCI vsocket connection 68, assigned to channel 0.
2001-01-01T03:45:12.334Z| vmx| I125: GuestRpc: Got error for channel 0 connection 68: Remote disconnected
2001-01-01T03:45:12.334Z| vmx| I125: GuestRpc: Closing channel 0 connection 68
2001-01-01T03:45:13.349Z| vmx| I125: GuestRpc: Got RPCI vsocket connection 69, assigned to channel 0.
2001-01-01T03:45:13.352Z| vmx| I125: GuestRpc: Got error for channel 0 connection 69: Remote disconnected
2001-01-01T03:45:13.352Z| vmx| I125: GuestRpc: Closing channel 0 connection 69
2001-01-01T03:45:14.348Z| vmx| I125: GuestRpc: Got RPCI vsocket connection 70, assigned to channel 0.
2001-01-01T03:45:14.348Z| vmx| I125: GuestRpc: Got error for channel 0 connection 70: Remote disconnected
2001-01-01T03:45:14.348Z| vmx| I125: GuestRpc: Closing channel 0 connection 70
2001-01-01T03:45:15.363Z| vmx| I125: GuestRpc: Got RPCI vsocket connection 71, assigned to channel 0.
2001-01-01T03:45:15.363Z| vmx| I125: GuestRpc: Got error for channel 0 connection 71: Remote disconnected
2001-01-01T03:45:15.363Z| vmx| I125: GuestRpc: Closing channel 0 connection 71
2001-01-01T03:45:16.363Z| vmx| I125: GuestRpc: Got RPCI vsocket connection 72, assigned to channel 0.
2001-01-01T03:45:16.363Z| vmx| I125: GuestRpc: Got error for channel 0 connection 72: Remote disconnected
2001-01-01T03:45:16.363Z| vmx| I125: GuestRpc: Closing channel 0 connection 72
2001-01-01T03:45:17.379Z| vmx| I125: GuestRpc: Got RPCI vsocket connection 73, assigned to channel 0.
2001-01-01T03:45:17.379Z| vmx| I125: GuestRpc: Got error for channel 0 connection 73: Remote disconnected
2001-01-01T03:45:17.379Z| vmx| I125: GuestRpc: Closing channel 0 connection 73
2001-01-01T03:45:18.379Z| vmx| I125: GuestRpc: Got RPCI vsocket connection 74, assigned to channel 0.
2001-01-01T03:45:18.379Z| vmx| I125: GuestRpc: Got error for channel 0 connection 74: Remote disconnected
2001-01-01T03:45:18.379Z| vmx| I125: GuestRpc: Closing channel 0 connection 74
2001-01-01T03:45:19.380Z| vmx| I125: GuestRpc: Got RPCI vsocket connection 75, assigned to channel 0.
2001-01-01T03:45:19.380Z| vmx| I125: GuestRpc: Got error for channel 0 connection 75: Remote disconnected
2001-01-01T03:45:19.380Z| vmx| I125: GuestRpc: Closing channel 0 connection 75
2001-01-01T03:45:20.380Z| vmx| I125: GuestRpc: Got RPCI vsocket connection 76, assigned to channel 0.
2001-01-01T03:45:20.380Z| vmx| I125: GuestRpc: Got error for channel 0 connection 76: Remote disconnected
2001-01-01T03:45:20.380Z| vmx| I125: GuestRpc: Closing channel 0 connection 76
2001-01-01T03:45:21.394Z| vmx| I125: GuestRpc: Got RPCI vsocket connection 77, assigned to channel 0.
2001-01-01T03:45:21.395Z| vmx| I125: GuestRpc: Got error for channel 0 connection 77: Remote disconnected
2001-01-01T03:45:21.395Z| vmx| I125: GuestRpc: Closing channel 0 connection 77
2001-01-01T03:45:22.394Z| vmx| I125: GuestRpc: Got RPCI vsocket connection 78, assigned to channel 0.
2001-01-01T03:45:22.394Z| vmx| I125: GuestRpc: Got error for channel 0 connection 78: Remote disconnected
2001-01-01T03:45:22.394Z| vmx| I125: GuestRpc: Closing channel 0 connection 78
2001-01-01T03:45:23.396Z| vmx| I125: GuestRpc: Got RPCI vsocket connection 79, assigned to channel 0.
2001-01-01T03:45:23.396Z| vmx| I125: GuestRpc: Got error for channel 0 connection 79: Remote disconnected
2001-01-01T03:45:23.396Z| vmx| I125: GuestRpc: Closing channel 0 connection 79
2001-01-01T03:45:24.396Z| vmx| I125: GuestRpc: Got RPCI vsocket connection 80, assigned to channel 0.
2001-01-01T03:45:24.396Z| vmx| I125: GuestRpc: Got error for channel 0 connection 80: Remote disconnected
2001-01-01T03:45:24.396Z| vmx| I125: GuestRpc: Closing channel 0 connection 80
2001-01-01T03:45:25.410Z| vmx| I125: GuestRpc: Got RPCI vsocket connection 81, assigned to channel 0.
2001-01-01T03:45:25.410Z| vmx| I125: GuestRpc: Got error for channel 0 connection 81: Remote disconnected
2001-01-01T03:45:25.410Z| vmx| I125: GuestRpc: Closing channel 0 connection 81
2001-01-01T03:45:26.426Z| vmx| I125: GuestRpc: Got RPCI vsocket connection 82, assigned to channel 0.
2001-01-01T03:45:26.426Z| vmx| I125: GuestRpc: Got error for channel 0 connection 82: Remote disconnected
2001-01-01T03:45:26.426Z| vmx| I125: GuestRpc: Closing channel 0 connection 82
2001-01-01T03:45:27.426Z| vmx| I125: GuestRpc: Got RPCI vsocket connection 83, assigned to channel 0.
2001-01-01T03:45:27.426Z| vmx| I125: GuestRpc: Got error for channel 0 connection 83: Remote disconnected
2001-01-01T03:45:27.426Z| vmx| I125: GuestRpc: Closing channel 0 connection 83
2001-01-01T03:45:28.441Z| vmx| I125: GuestRpc: Got RPCI vsocket connection 84, assigned to channel 0.
2001-01-01T03:45:28.442Z| vmx| I125: GuestRpc: Got error for channel 0 connection 84: Remote disconnected
2001-01-01T03:45:28.442Z| vmx| I125: GuestRpc: Closing channel 0 connection 84
2001-01-01T03:45:29.457Z| vmx| I125: GuestRpc: Got RPCI vsocket connection 85, assigned to channel 0.
2001-01-01T03:45:29.457Z| vmx| I125: GuestRpc: Got error for channel 0 connection 85: Remote disconnected
2001-01-01T03:45:29.457Z| vmx| I125: GuestRpc: Closing channel 0 connection 85
2001-01-01T03:45:30.473Z| vmx| I125: GuestRpc: Got RPCI vsocket connection 86, assigned to channel 0.
2001-01-01T03:45:30.473Z| vmx| I125: GuestRpc: Got error for channel 0 connection 86: Remote disconnected
2001-01-01T03:45:30.473Z| vmx| I125: GuestRpc: Closing channel 0 connection 86
2001-01-01T03:45:31.488Z| vmx| I125: GuestRpc: Got RPCI vsocket connection 87, assigned to channel 0.
2001-01-01T03:45:31.488Z| vmx| I125: GuestRpc: Got error for channel 0 connection 87: Remote disconnected
2001-01-01T03:45:31.488Z| vmx| I125: GuestRpc: Closing channel 0 connection 87
2001-01-01T03:45:32.504Z| vmx| I125: GuestRpc: Got RPCI vsocket connection 88, assigned to channel 0.
2001-01-01T03:45:32.504Z| vmx| I125: GuestRpc: Got error for channel 0 connection 88: Remote disconnected
2001-01-01T03:45:32.504Z| vmx| I125: GuestRpc: Closing channel 0 connection 88
2001-01-01T03:45:33.519Z| vmx| I125: GuestRpc: Got RPCI vsocket connection 89, assigned to channel 0.
2001-01-01T03:45:33.519Z| vmx| I125: GuestRpc: Got error for channel 0 connection 89: Remote disconnected
2001-01-01T03:45:33.519Z| vmx| I125: GuestRpc: Closing channel 0 connection 89
2001-01-01T03:45:34.535Z| vmx| I125: GuestRpc: Got RPCI vsocket connection 90, assigned to channel 0.
2001-01-01T03:45:34.535Z| vmx| I125: GuestRpc: Got error for channel 0 connection 90: Remote disconnected
2001-01-01T03:45:34.535Z| vmx| I125: GuestRpc: Closing channel 0 connection 90
2001-01-01T03:45:35.551Z| vmx| I125: GuestRpc: Got RPCI vsocket connection 91, assigned to channel 0.
2001-01-01T03:45:35.551Z| vmx| I125: GuestRpc: Got error for channel 0 connection 91: Remote disconnected
2001-01-01T03:45:35.551Z| vmx| I125: GuestRpc: Closing channel 0 connection 91
2001-01-01T03:45:36.566Z| vmx| I125: GuestRpc: Got RPCI vsocket connection 92, assigned to channel 0.
2001-01-01T03:45:36.567Z| vmx| I125: GuestRpc: Got error for channel 0 connection 92: Remote disconnected
2001-01-01T03:45:36.567Z| vmx| I125: GuestRpc: Closing channel 0 connection 92
2001-01-01T03:45:37.581Z| vmx| I125: GuestRpc: Got RPCI vsocket connection 93, assigned to channel 0.
2001-01-01T03:45:37.582Z| vmx| I125: GuestRpc: Got error for channel 0 connection 93: Remote disconnected
2001-01-01T03:45:37.582Z| vmx| I125: GuestRpc: Closing channel 0 connection 93
2001-01-01T03:45:38.597Z| vmx| I125: GuestRpc: Got RPCI vsocket connection 94, assigned to channel 0.
2001-01-01T03:45:38.598Z| vmx| I125: GuestRpc: Got error for channel 0 connection 94: Remote disconnected
2001-01-01T03:45:38.598Z| vmx| I125: GuestRpc: Closing channel 0 connection 94
2001-01-01T03:45:39.598Z| vmx| I125: GuestRpc: Got RPCI vsocket connection 95, assigned to channel 0.
2001-01-01T03:45:39.598Z| vmx| I125: GuestRpc: Got error for channel 0 connection 95: Remote disconnected
2001-01-01T03:45:39.598Z| vmx| I125: GuestRpc: Closing channel 0 connection 95
2001-01-01T03:45:40.613Z| vmx| I125: GuestRpc: Got RPCI vsocket connection 96, assigned to channel 0.
2001-01-01T03:45:40.613Z| vmx| I125: GuestRpc: Got error for channel 0 connection 96: Remote disconnected
2001-01-01T03:45:40.613Z| vmx| I125: GuestRpc: Closing channel 0 connection 96
2001-01-01T03:45:41.613Z| vmx| I125: GuestRpc: Got RPCI vsocket connection 97, assigned to channel 0.
2001-01-01T03:45:41.613Z| vmx| I125: GuestRpc: Got error for channel 0 connection 97: Remote disconnected
2001-01-01T03:45:41.613Z| vmx| I125: GuestRpc: Closing channel 0 connection 97
2001-01-01T03:45:42.629Z| vmx| I125: GuestRpc: Got RPCI vsocket connection 98, assigned to channel 0.
2001-01-01T03:45:42.629Z| vmx| I125: GuestRpc: Got error for channel 0 connection 98: Remote disconnected
2001-01-01T03:45:42.629Z| vmx| I125: GuestRpc: Closing channel 0 connection 98
2001-01-01T03:45:43.644Z| vmx| I125: GuestRpc: Got RPCI vsocket connection 99, assigned to channel 0.
2001-01-01T03:45:43.644Z| vmx| I125: GuestRpc: Got error for channel 0 connection 99: Remote disconnected
2001-01-01T03:45:43.645Z| vmx| I125: GuestRpc: Closing channel 0 connection 99
2001-01-01T03:45:44.660Z| vmx| I125: GuestRpc: Got RPCI vsocket connection 100, assigned to channel 0.
2001-01-01T03:45:44.661Z| vmx| I125: GuestRpc: Got error for channel 0 connection 100: Remote disconnected
2001-01-01T03:45:44.661Z| vmx| I125: GuestRpc: Closing channel 0 connection 100
2001-01-01T03:45:45.660Z| vmx| I125: GuestRpc: Got RPCI vsocket connection 101, assigned to channel 0.
2001-01-01T03:45:45.661Z| vmx| I125: GuestRpc: Got error for channel 0 connection 101: Remote disconnected
2001-01-01T03:45:45.661Z| vmx| I125: GuestRpc: Closing channel 0 connection 101
2001-01-01T03:45:46.663Z| vmx| I125: GuestRpc: Got RPCI vsocket connection 102, assigned to channel 0.
2001-01-01T03:45:46.663Z| vmx| I125: GuestRpc: Got error for channel 0 connection 102: Remote disconnected
2001-01-01T03:45:46.663Z| vmx| I125: GuestRpc: Closing channel 0 connection 102
2001-01-01T03:45:47.675Z| vmx| I125: GuestRpc: Got RPCI vsocket connection 103, assigned to channel 0.
2001-01-01T03:45:47.676Z| vmx| I125: GuestRpc: Got error for channel 0 connection 103: Remote disconnected
2001-01-01T03:45:47.676Z| vmx| I125: GuestRpc: Closing channel 0 connection 103
2001-01-01T03:45:48.676Z| vmx| I125: GuestRpc: Got error for channel 0 connection 104: Remote disconnected
2001-01-01T03:45:48.676Z| vmx| I125: GuestRpc: Closing channel 0 connection 104
2001-01-01T04:03:30.038Z| mks| I125: SOCKET 138 (77) AsyncTCPSocketSetOption: Option layer/level [6], option/name [1]: successfully set OS option for TCP socket.
2001-01-01T04:03:30.147Z| mks| I125: SOCKET 138 (77) AsyncTCPSocketSetOption: sendLowLatencyMode set to [1].
2001-01-01T04:03:30.147Z| mks| I125: SOCKET 138 (77) Creating VNC remote connection.
2001-01-01T04:03:30.148Z| mks| I125: MKSControlMgr: New VNC connection 0
2001-01-01T04:03:30.148Z| svga| I125: VNCENCODE 138 VNCEncode: VNCEncode_ServerSetTopology - original root: (0, 0) size: (1024, 768)
2001-01-01T04:03:30.148Z| svga| I125: VNCENCODE 138 VNCEncode: Number of screens changed from 0 to 1
2001-01-01T04:03:30.148Z| svga| I125: VNCENCODE 138 VNCEncode: screen: 0 BoundingBox: (1024x768) Screen (1024x768) @ (0,0) bytesPerLine: 4096
2001-01-01T04:03:30.544Z| mks| W115: VNCENCODE 138 JPEG quality levels (min, mid, max). Input: (25, 35, 90) Clamped: (25, 35, 90)
2001-01-01T04:03:30.544Z| mks| I125: VNCENCODE 138 VNCEncodeChooseRegionEncoder: region encoder adaptive. Screen 1/1 @ Resolution: 1024 x 768
2001-01-01T04:03:30.676Z| vmx| I125: Tools_SetGuestResolution: Sending rpcMsg = Resolution_Set 3440 1221
2001-01-01T04:03:30.951Z| vcpu-1| I125: Guest: DXUM_devapi: 2025-09-05T12:43:31.0126| Thread ID: 3084 |Application requested VM3DDevApi_Version3 (0x2)
2001-01-01T04:03:30.960Z| vcpu-0| I125: Guest: vm3d: Memory required for all screens exceeds maximum (required=16800960 max=16777216)
2001-01-01T04:03:30.960Z| vcpu-0| I125: Guest: DXUM_devapi: 2025-09-05T12:43:31.0141| Thread ID: 3084 |Topology validation failed, screen memory limits exceeded.
2001-01-01T04:03:30.966Z| vcpu-1| I125: TOOLS call to Resolution_Set failed.
2001-01-01T04:03:49.639Z| vmx| I125: TOOLS installed legacy version 11365, available legacy version 11365
2001-01-01T04:03:49.639Z| vmx| I125: TOOLS manifest update status is 3
2001-01-01T04:03:49.639Z| vmx| I125: TOOLS can be autoupgraded.
2001-01-01T04:03:49.680Z| vmx| I125: TOOLS autoupgrade protocol version 0
2001-01-01T04:03:49.692Z| vcpu-0| I125: GuestRpc: Reinitializing Channel 0(toolbox)
2001-01-01T04:03:53.283Z| vcpu-0| I125: E1000: e1000e-- tx queue 1 is enabled.
2001-01-01T04:03:53.366Z| svga| I125: MKSScreenShotMgr: Taking a screenshot
2001-01-01T04:03:55.296Z| vcpu-1| I125: PCIXHCI: Interrupt type changed from MSIX to INTX
2001-01-01T04:03:57.581Z| vcpu-0| I125: PVSCSI: scsi0: switching to async
2001-01-01T04:03:57.581Z| vcpu-0| I125: Destroying virtual dev for scsi0:0 vscsi=8225
2001-01-01T04:03:57.581Z| vcpu-0| I125: VMMon_VSCSIStopVports: No such target on adapter
2001-01-01T04:03:57.581Z| vcpu-0| I125: Destroying virtual dev for scsi0:1 vscsi=8226
2001-01-01T04:03:57.581Z| vcpu-0| I125: VMMon_VSCSIStopVports: No such target on adapter
2001-01-01T04:03:57.582Z| vcpu-0| I125: DEVICE: Resetting device 'ALL'.
2001-01-01T04:03:57.582Z| vcpu-0| I125: USB: Per-Device Resetting device 0x200000050e0f0003
2001-01-01T04:03:57.583Z| vcpu-0| I125: Tools: ToolsRunningStatus_Reset, delayedRequest is 0x0
2001-01-01T04:03:57.583Z| vcpu-0| I125: Tools: Changing running status: 1 => 0.
2001-01-01T04:03:57.583Z| vcpu-0| I125: GuestLib Generated SessionId 6676638132919265251
2001-01-01T04:03:57.583Z| vcpu-0| I125: Closing disk 'scsi0:1'
2001-01-01T04:03:57.584Z| vcpu-0| I125: DISKLIB-VMFS  : "/vmfs/volumes/3a4fd8ce-fc4375c4-effb-5cf3fce846f8/SGRL-WSU001/SGRL-WSU001_1-flat.vmdk" : closed.
2001-01-01T04:03:57.584Z| vcpu-0| I125: Closing disk 'scsi0:0'
2001-01-01T04:03:57.584Z| vcpu-0| I125: DISKLIB-VMFS  : "/vmfs/volumes/3a4fd8ce-fc4375c4-effb-5cf3fce846f8/SGRL-WSU001/SGRL-WSU001-flat.vmdk" : closed.
2001-01-01T04:03:57.584Z| vcpu-0| I125: Checkpoint_Unstun: vm stopped for 31417 us
2001-01-01T04:03:57.584Z| vcpu-0| I125: CPU reset: hard (mode 0)
2001-01-01T04:03:57.584Z| vcpu-1| I125: CPU reset: hard (mode 0)
2001-01-01T04:03:57.587Z| svga| I125: SVGA-ScreenMgr: Screen type changed to RegisterMode
2001-01-01T04:03:57.595Z| svga| I125: VNCENCODE 138 VNCEncode: VNCEncode_ServerSetTopology - original root: (0, 0) size: (1024, 768)
2001-01-01T04:03:57.595Z| svga| I125: VNCENCODE 138 VNCEncode: screen: 0 BoundingBox: (1024x768) Screen (1024x768) @ (0,0) bytesPerLine: 4096
2001-01-01T04:03:57.626Z| mks| W115: VNCENCODE 138 JPEG quality levels (min, mid, max). Input: (25, 35, 90) Clamped: (25, 35, 90)
2001-01-01T04:03:57.626Z| mks| I125: VNCENCODE 138 VNCEncodeChooseRegionEncoder: region encoder adaptive. Screen 1/1 @ Resolution: 1024 x 768
2001-01-01T04:03:57.637Z| vcpu-0| I125: SVGA: Unregistering IOSpace at 0x1040
2001-01-01T04:03:57.641Z| vcpu-0| I125: SVGA: Unregistering MemSpace at 0xf0000000(0xf0000000) and 0xfb800000(0xfb800000)
2001-01-01T04:03:57.643Z| vcpu-0| A100: ConfigDB: Setting scsi0:0.redo = ""
2001-01-01T04:03:57.643Z| vcpu-0| I125: DISK: OPEN scsi0:0 '/vmfs/volumes/3a4fd8ce-fc4375c4-effb-5cf3fce846f8/SGRL-WSU001/SGRL-WSU001.vmdk' persistent R[]
2001-01-01T04:03:57.644Z| vcpu-0| I125: DISKLIB-VMFS  : "/vmfs/volumes/3a4fd8ce-fc4375c4-effb-5cf3fce846f8/SGRL-WSU001/SGRL-WSU001-flat.vmdk" : open successful (10) size = 161061273600, hd = 4851017. Type 3
2001-01-01T04:03:57.644Z| vcpu-0| I125: DISKLIB-DSCPTR: Opened [0]: "SGRL-WSU001-flat.vmdk" (0xa)
2001-01-01T04:03:57.644Z| vcpu-0| I125: DISKLIB-LINK  : Opened '/vmfs/volumes/3a4fd8ce-fc4375c4-effb-5cf3fce846f8/SGRL-WSU001/SGRL-WSU001.vmdk' (0xa): vmfs, 314572800 sectors / 150 GB.
2001-01-01T04:03:57.644Z| vcpu-0| I125: DISKLIB-LIB   : Opened "/vmfs/volumes/3a4fd8ce-fc4375c4-effb-5cf3fce846f8/SGRL-WSU001/SGRL-WSU001.vmdk" (flags 0xa, type vmfs).
2001-01-01T04:03:57.644Z| vcpu-0| I125: DISK: Disk '/vmfs/volumes/3a4fd8ce-fc4375c4-effb-5cf3fce846f8/SGRL-WSU001/SGRL-WSU001.vmdk' has UUID '60 00 c2 9a c9 9f f9 f8-72 0b a4 ca b0 2b 53 55'
2001-01-01T04:03:57.644Z| vcpu-0| I125: DISK: OPEN '/vmfs/volumes/3a4fd8ce-fc4375c4-effb-5cf3fce846f8/SGRL-WSU001/SGRL-WSU001.vmdk' Geo (19581/255/63) BIOS Geo (0/0/0)
2001-01-01T04:03:57.644Z| vcpu-0| I125: Creating virtual dev for 'scsi0:0'.
2001-01-01T04:03:57.644Z| vcpu-0| I125: DumpDiskInfo: scsi0:0 createType=11, capacity = 314572800, numLinks = 1, allocationType = 2
2001-01-01T04:03:57.644Z| vcpu-0| I125: SCSIDiskESXPopulateVDevDesc: Using FS backend
2001-01-01T04:03:57.644Z| vcpu-0| I125: DISKUTIL: scsi0:0 : geometry=19581/255/63
2001-01-01T04:03:57.644Z| vcpu-0| I125: SCSIFilterESXAttachCBRCInt: CBRC not enabled or opened without filters,skipping CBRC           filter attach.
2001-01-01T04:03:57.644Z| vcpu-0| I125: SCSIFilterSBDAttachCBRC: device scsi0:0 is not SBD. Skipping CBRC attach SBD way.
2001-01-01T04:03:57.645Z| vcpu-0| A100: ConfigDB: Setting scsi0:1.redo = ""
2001-01-01T04:03:57.645Z| vcpu-0| I125: DISK: OPEN scsi0:1 '/vmfs/volumes/3a4fd8ce-fc4375c4-effb-5cf3fce846f8/SGRL-WSU001/SGRL-WSU001_1.vmdk' persistent R[]
2001-01-01T04:03:57.645Z| vcpu-0| I125: DISKLIB-VMFS  : "/vmfs/volumes/3a4fd8ce-fc4375c4-effb-5cf3fce846f8/SGRL-WSU001/SGRL-WSU001_1-flat.vmdk" : open successful (10) size = 536870912000, hd = 4654410. Type 3
2001-01-01T04:03:57.645Z| vcpu-0| I125: DISKLIB-DSCPTR: Opened [0]: "SGRL-WSU001_1-flat.vmdk" (0xa)
2001-01-01T04:03:57.645Z| vcpu-0| I125: DISKLIB-LINK  : Opened '/vmfs/volumes/3a4fd8ce-fc4375c4-effb-5cf3fce846f8/SGRL-WSU001/SGRL-WSU001_1.vmdk' (0xa): vmfs, 1048576000 sectors / 500 GB.
2001-01-01T04:03:57.645Z| vcpu-0| I125: DISKLIB-LIB   : Opened "/vmfs/volumes/3a4fd8ce-fc4375c4-effb-5cf3fce846f8/SGRL-WSU001/SGRL-WSU001_1.vmdk" (flags 0xa, type vmfs).
2001-01-01T04:03:57.645Z| vcpu-0| I125: DISK: Disk '/vmfs/volumes/3a4fd8ce-fc4375c4-effb-5cf3fce846f8/SGRL-WSU001/SGRL-WSU001_1.vmdk' has UUID '60 00 c2 9e 5f 9a 09 df-64 f8 e9 0c 85 44 1f ad'
2001-01-01T04:03:57.645Z| vcpu-0| I125: DISK: OPEN '/vmfs/volumes/3a4fd8ce-fc4375c4-effb-5cf3fce846f8/SGRL-WSU001/SGRL-WSU001_1.vmdk' Geo (65270/255/63) BIOS Geo (0/0/0)
2001-01-01T04:03:57.645Z| vcpu-0| I125: Creating virtual dev for 'scsi0:1'.
2001-01-01T04:03:57.645Z| vcpu-0| I125: DumpDiskInfo: scsi0:1 createType=11, capacity = 1048576000, numLinks = 1, allocationType = 2
2001-01-01T04:03:57.645Z| vcpu-0| I125: SCSIDiskESXPopulateVDevDesc: Using FS backend
2001-01-01T04:03:57.645Z| vcpu-0| I125: DISKUTIL: scsi0:1 : geometry=65270/255/63
2001-01-01T04:03:57.645Z| vcpu-0| I125: SCSIFilterESXAttachCBRCInt: CBRC not enabled or opened without filters,skipping CBRC           filter attach.
2001-01-01T04:03:57.645Z| vcpu-0| I125: SCSIFilterSBDAttachCBRC: device scsi0:1 is not SBD. Skipping CBRC attach SBD way.
2001-01-01T04:03:57.648Z| vcpu-0| I125: CDROM: Reset guest state on 'sata0:0'. Invalidating last poll command time.
2001-01-01T04:03:57.649Z| vcpu-0| I125: Guest: EFI ROM version: VMW71.00V.16707776.B64.2008070230 (64-bit RELEASE)
2001-01-01T04:03:57.666Z| vcpu-0| I125: Tools: Running status rpc handler: 0 => 1.
2001-01-01T04:03:57.666Z| vcpu-0| I125: Tools: Changing running status: 0 => 1.
2001-01-01T04:03:57.740Z| svga| I125: SVGA disabling SVGA
2001-01-01T04:03:57.760Z| svga| I125: VNCENCODE 138 VNCEncode: VNCEncode_ServerSetTopology - original root: (0, 0) size: (640, 480)
2001-01-01T04:03:57.760Z| svga| I125: VNCENCODE 138 VNCEncode: screen: 0 BoundingBox: (640x480) Screen (640x480) @ (0,0) bytesPerLine: 2560
2001-01-01T04:03:57.777Z| vcpu-0| I125: BIOS-UUID is 42 07 f9 cb 6d 1c 1e fb-d7 18 11 b4 5e ba 05 c1
2001-01-01T04:03:57.820Z| mks| I125: VNCENCODE 138 encoding desktop size: (640x480x24depth,32bpp)
2001-01-01T04:03:57.864Z| mks| W115: VNCENCODE 138 JPEG quality levels (min, mid, max). Input: (25, 35, 90) Clamped: (25, 35, 90)
2001-01-01T04:03:57.864Z| mks| I125: VNCENCODE 138 VNCEncodeChooseRegionEncoder: region encoder adaptive. Screen 1/1 @ Resolution: 640 x 480
2001-01-01T04:03:57.940Z| vcpu-0| I125: SVGA: Registering MemSpace at 0xf0000000(0xf0000000) and 0xfb800000(0xfb800000)
2001-01-01T04:03:57.942Z| vcpu-0| I125: SVGA: Unregistering MemSpace at 0xf0000000(0xf0000000) and 0xfb800000(0xfb800000)
2001-01-01T04:03:58.004Z| vcpu-0| I125: SVGA: Registering IOSpace at 0x1040
2001-01-01T04:03:58.004Z| vcpu-0| I125: SVGA: Unregistering IOSpace at 0x1040
2001-01-01T04:03:58.005Z| vcpu-0| I125: AHCI: Tried to enable/disable IO space.
2001-01-01T04:03:58.005Z| vcpu-0| I125: PCIBridge4: ISA/VGA decoding enabled (ctrl 001C)
2001-01-01T04:03:58.005Z| vcpu-0| I125: pciBridge4:1: ISA/VGA decoding enabled (ctrl 001C)
2001-01-01T04:03:58.005Z| vcpu-0| I125: pciBridge4:2: ISA/VGA decoding enabled (ctrl 001C)
2001-01-01T04:03:58.005Z| vcpu-0| I125: pciBridge4:3: ISA/VGA decoding enabled (ctrl 001C)
2001-01-01T04:03:58.005Z| vcpu-0| I125: pciBridge4:4: ISA/VGA decoding enabled (ctrl 001C)
2001-01-01T04:03:58.005Z| vcpu-0| I125: pciBridge4:5: ISA/VGA decoding enabled (ctrl 001C)
2001-01-01T04:03:58.006Z| vcpu-0| I125: pciBridge4:6: ISA/VGA decoding enabled (ctrl 001C)
2001-01-01T04:03:58.006Z| vcpu-0| I125: pciBridge4:7: ISA/VGA decoding enabled (ctrl 001C)
2001-01-01T04:03:58.006Z| vcpu-0| I125: PCIBridge5: ISA/VGA decoding enabled (ctrl 001C)
2001-01-01T04:03:58.006Z| vcpu-0| I125: pciBridge5:1: ISA/VGA decoding enabled (ctrl 001C)
2001-01-01T04:03:58.006Z| vcpu-0| I125: pciBridge5:2: ISA/VGA decoding enabled (ctrl 001C)
2001-01-01T04:03:58.006Z| vcpu-0| I125: pciBridge5:3: ISA/VGA decoding enabled (ctrl 001C)
2001-01-01T04:03:58.006Z| vcpu-0| I125: pciBridge5:4: ISA/VGA decoding enabled (ctrl 001C)
2001-01-01T04:03:58.007Z| vcpu-0| I125: pciBridge5:5: ISA/VGA decoding enabled (ctrl 001C)
2001-01-01T04:03:58.007Z| vcpu-0| I125: pciBridge5:6: ISA/VGA decoding enabled (ctrl 001C)
2001-01-01T04:03:58.007Z| vcpu-0| I125: pciBridge5:7: ISA/VGA decoding enabled (ctrl 001C)
2001-01-01T04:03:58.007Z| vcpu-0| I125: PCIBridge6: ISA/VGA decoding enabled (ctrl 001C)
2001-01-01T04:03:58.007Z| vcpu-0| I125: pciBridge6:1: ISA/VGA decoding enabled (ctrl 001C)
2001-01-01T04:03:58.007Z| vcpu-0| I125: pciBridge6:2: ISA/VGA decoding enabled (ctrl 001C)
2001-01-01T04:03:58.007Z| vcpu-0| I125: pciBridge6:3: ISA/VGA decoding enabled (ctrl 001C)
2001-01-01T04:03:58.007Z| vcpu-0| I125: pciBridge6:4: ISA/VGA decoding enabled (ctrl 001C)
2001-01-01T04:03:58.008Z| vcpu-0| I125: pciBridge6:5: ISA/VGA decoding enabled (ctrl 001C)
2001-01-01T04:03:58.008Z| vcpu-0| I125: pciBridge6:6: ISA/VGA decoding enabled (ctrl 001C)
2001-01-01T04:03:58.008Z| vcpu-0| I125: pciBridge6:7: ISA/VGA decoding enabled (ctrl 001C)
2001-01-01T04:03:58.008Z| vcpu-0| I125: PCIBridge7: ISA/VGA decoding enabled (ctrl 001C)
2001-01-01T04:03:58.008Z| vcpu-0| I125: pciBridge7:1: ISA/VGA decoding enabled (ctrl 001C)
2001-01-01T04:03:58.008Z| vcpu-0| I125: pciBridge7:2: ISA/VGA decoding enabled (ctrl 001C)
2001-01-01T04:03:58.008Z| vcpu-0| I125: pciBridge7:3: ISA/VGA decoding enabled (ctrl 001C)
2001-01-01T04:03:58.008Z| vcpu-0| I125: pciBridge7:4: ISA/VGA decoding enabled (ctrl 001C)
2001-01-01T04:03:58.008Z| vcpu-0| I125: pciBridge7:5: ISA/VGA decoding enabled (ctrl 001C)
2001-01-01T04:03:58.009Z| vcpu-0| I125: pciBridge7:6: ISA/VGA decoding enabled (ctrl 001C)
2001-01-01T04:03:58.009Z| vcpu-0| I125: pciBridge7:7: ISA/VGA decoding enabled (ctrl 001C)
2001-01-01T04:03:58.017Z| vcpu-0| I125: SVGA: Registering IOSpace at 0x1040
2001-01-01T04:03:58.017Z| vcpu-0| I125: SVGA: Registering MemSpace at 0xf0000000(0xf0000000) and 0xfb800000(0xfb800000)
2001-01-01T04:03:58.023Z| svga| I125: SVGA enabling SVGA
2001-01-01T04:03:58.044Z| svga| I125: VNCENCODE 138 VNCEncode: VNCEncode_ServerSetTopology - original root: (0, 0) size: (1024, 768)
2001-01-01T04:03:58.044Z| svga| I125: VNCENCODE 138 VNCEncode: screen: 0 BoundingBox: (1024x768) Screen (1024x768) @ (0,0) bytesPerLine: 4096
2001-01-01T04:03:58.060Z| mks| I125: VNCENCODE 138 encoding desktop size: (1024x768x24depth,32bpp)
2001-01-01T04:03:58.100Z| mks| W115: VNCENCODE 138 JPEG quality levels (min, mid, max). Input: (25, 35, 90) Clamped: (25, 35, 90)
2001-01-01T04:03:58.100Z| mks| I125: VNCENCODE 138 VNCEncodeChooseRegionEncoder: region encoder adaptive. Screen 1/1 @ Resolution: 1024 x 768
2001-01-01T04:03:58.571Z| vcpu-0| I125: AHCI-VMM:HBA reset issued on sata0.
2001-01-01T04:03:58.571Z| vcpu-0| I125: AHCI-VMM: sata0:0: PxSCTL.DET already 0. Ignoring write 0.
2001-01-01T04:03:58.572Z| vcpu-0| I125: AHCI-VMM: sata0:1: PxSCTL.DET already 0. Ignoring write 0.
2001-01-01T04:03:58.582Z| vcpu-0| I125: AHCI-VMM: sata0:2: PxSCTL.DET already 0. Ignoring write 0.
2001-01-01T04:03:58.592Z| vcpu-0| I125: AHCI-VMM: sata0:3: PxSCTL.DET already 0. Ignoring write 0.
2001-01-01T04:03:58.603Z| vcpu-0| I125: AHCI-VMM: sata0:4: PxSCTL.DET already 0. Ignoring write 0.
2001-01-01T04:03:58.613Z| vcpu-0| I125: AHCI-VMM: sata0:5: PxSCTL.DET already 0. Ignoring write 0.
2001-01-01T04:03:58.624Z| vcpu-0| I125: AHCI-VMM: sata0:6: PxSCTL.DET already 0. Ignoring write 0.
2001-01-01T04:03:58.634Z| vcpu-0| I125: AHCI-VMM: sata0:7: PxSCTL.DET already 0. Ignoring write 0.
2001-01-01T04:03:58.645Z| vcpu-0| I125: AHCI-VMM: sata0:8: PxSCTL.DET already 0. Ignoring write 0.
2001-01-01T04:03:58.655Z| vcpu-0| I125: AHCI-VMM: sata0:9: PxSCTL.DET already 0. Ignoring write 0.
2001-01-01T04:03:58.665Z| vcpu-0| I125: AHCI-VMM: sata0:10: PxSCTL.DET already 0. Ignoring write 0.
2001-01-01T04:03:58.676Z| vcpu-0| I125: AHCI-VMM: sata0:11: PxSCTL.DET already 0. Ignoring write 0.
2001-01-01T04:03:58.686Z| vcpu-0| I125: AHCI-VMM: sata0:12: PxSCTL.DET already 0. Ignoring write 0.
2001-01-01T04:03:58.697Z| vcpu-0| I125: AHCI-VMM: sata0:13: PxSCTL.DET already 0. Ignoring write 0.
2001-01-01T04:03:58.707Z| vcpu-0| I125: AHCI-VMM: sata0:14: PxSCTL.DET already 0. Ignoring write 0.
2001-01-01T04:03:58.718Z| vcpu-0| I125: AHCI-VMM: sata0:15: PxSCTL.DET already 0. Ignoring write 0.
2001-01-01T04:03:58.728Z| vcpu-0| I125: AHCI-VMM: sata0:16: PxSCTL.DET already 0. Ignoring write 0.
2001-01-01T04:03:58.739Z| vcpu-0| I125: AHCI-VMM: sata0:17: PxSCTL.DET already 0. Ignoring write 0.
2001-01-01T04:03:58.749Z| vcpu-0| I125: AHCI-VMM: sata0:18: PxSCTL.DET already 0. Ignoring write 0.
2001-01-01T04:03:58.759Z| vcpu-0| I125: AHCI-VMM: sata0:19: PxSCTL.DET already 0. Ignoring write 0.
2001-01-01T04:03:58.770Z| vcpu-0| I125: AHCI-VMM: sata0:20: PxSCTL.DET already 0. Ignoring write 0.
2001-01-01T04:03:58.780Z| vcpu-0| I125: AHCI-VMM: sata0:21: PxSCTL.DET already 0. Ignoring write 0.
2001-01-01T04:03:58.791Z| vcpu-0| I125: AHCI-VMM: sata0:22: PxSCTL.DET already 0. Ignoring write 0.
2001-01-01T04:03:58.802Z| vcpu-0| I125: AHCI-VMM: sata0:23: PxSCTL.DET already 0. Ignoring write 0.
2001-01-01T04:03:58.812Z| vcpu-0| I125: AHCI-VMM: sata0:24: PxSCTL.DET already 0. Ignoring write 0.
2001-01-01T04:03:58.823Z| vcpu-0| I125: AHCI-VMM: sata0:25: PxSCTL.DET already 0. Ignoring write 0.
2001-01-01T04:03:58.833Z| vcpu-0| I125: AHCI-VMM: sata0:26: PxSCTL.DET already 0. Ignoring write 0.
2001-01-01T04:03:58.844Z| vcpu-0| I125: AHCI-VMM: sata0:27: PxSCTL.DET already 0. Ignoring write 0.
2001-01-01T04:03:58.854Z| vcpu-0| I125: AHCI-VMM: sata0:28: PxSCTL.DET already 0. Ignoring write 0.
2001-01-01T04:03:58.865Z| vcpu-0| I125: AHCI-VMM: sata0:29: PxSCTL.DET already 0. Ignoring write 0.
2001-01-01T04:04:01.836Z| vcpu-0| I125: Guest: DSDT: CNOT method is 52 bytes long.
2001-01-01T04:04:01.916Z| vcpu-0| I125: SECUREBOOT: Image APPROVED.
2001-01-01T04:04:01.941Z| vcpu-0| I125: Guest: About to do EFI boot: Windows Boot Manager
2001-01-01T04:04:01.956Z| vcpu-0| I125: PVSCSI: Failed to issue sync/bios cmd: 0xbad0004
2001-01-01T04:04:01.956Z| vcpu-0| I125: HBACommon: First write on scsi0:0.fileName='/vmfs/volumes/3a4fd8ce-fc4375c4-effb-5cf3fce846f8/SGRL-WSU001/SGRL-WSU001.vmdk'
2001-01-01T04:04:01.956Z| vcpu-0| I125: DDB: "longContentID" = "0d10ff9cbf8e0d607c4baab2988c7254" (was "f07ce21f99f00060852fea02d9ab82e4")
2001-01-01T04:04:01.963Z| vcpu-0| I125: DISKLIB-CHAIN : DiskChainUpdateContentID: old=0xd9ab82e4, new=0x988c7254 (0d10ff9cbf8e0d607c4baab2988c7254)
2001-01-01T04:04:03.858Z| vcpu-1| I125: CPU reset: soft (mode 0)
2001-01-01T04:04:03.858Z| vcpu-0| I125: Guest: Firmware has transitioned to runtime.
2001-01-01T04:04:05.101Z| vcpu-1| I125: SVGA: Unregistering IOSpace at 0x1040
2001-01-01T04:04:05.101Z| vcpu-1| I125: SVGA: Unregistering MemSpace at 0xf0000000(0xf0000000) and 0xfb800000(0xfb800000)
2001-01-01T04:04:05.102Z| vcpu-1| I125: SVGA: Registering IOSpace at 0x1040
2001-01-01T04:04:05.102Z| vcpu-1| I125: SVGA: Registering MemSpace at 0xf0000000(0xf0000000) and 0xfb800000(0xfb800000)
2001-01-01T04:04:06.510Z| vcpu-0| I125: Guest: Driver=vsock, Version=9.8.17.0
2001-01-01T04:04:06.512Z| vcpu-0| I125: Guest: Driver=vmci, Version=9.8.30.0
2001-01-01T04:04:06.592Z| vcpu-1| I125: AHCI-VMM:HBA reset issued on sata0.
2001-01-01T04:04:08.405Z| vcpu-1| I125: Guest: PVSCSI: driver StorPort v1.3.17.0 starts. obj=FFFFBE8692C52D20 reg=FFFFF8001F5B56C0
2001-01-01T04:04:08.406Z| vcpu-1| I125: Guest: Driver=pvscsi, Version=1.3.17.0
2001-01-01T04:04:08.456Z| vcpu-1| I125: Guest: PVSCSI: FindAdapter starts (arg='')
2001-01-01T04:04:08.456Z| vcpu-1| I125: Guest: PVSCSI: range[0]: mmio=1 len=32768 s=0xfe900000
2001-01-01T04:04:08.456Z| vcpu-1| I125: Guest: PVSCSI: range[1]: mmio=0 len=0 s=0x0
2001-01-01T04:04:08.456Z| vcpu-1| I125: Guest: PVSCSI: PVSCSIGetDeviceBase returns 0xffffe500e2f26000
2001-01-01T04:04:08.456Z| vcpu-1| I125: Guest: PVSCSI: FindAdapter: Device returned, max targets: 65, Driver max: 255
2001-01-01T04:04:08.457Z| vcpu-1| I125: Guest: PVSCSI: CONFIG: useMsg=1 MaxQueueDepth=64 ringPages=32 useReqCallThreshold=1
2001-01-01T04:04:08.457Z| vcpu-1| I125: PVSCSI: ReqRing: 1024 entries, eSz=128, 32 pages
2001-01-01T04:04:08.457Z| vcpu-1| I125: PVSCSI: CmpRing: 4096 entries, eSz=32, 32 pages
2001-01-01T04:04:08.457Z| vcpu-1| I125: PVSCSI: MsgRing: 32 entries, eSz=128, 1 pages
2001-01-01T04:04:08.457Z| vcpu-1| I125: PVSCSI: scsi0: switching to sync
2001-01-01T04:04:08.457Z| vcpu-1| I125: PVSCSI: scsi0: init reqCallThresholdCapable 1
2001-01-01T04:04:09.957Z| vcpu-0| I125: Guest: vm3d: WDDM Miniport Loading the release build type
2001-01-01T04:04:09.979Z| vcpu-0| I125: Guest: vm3d: Driver=wddm, Version=8.17.03.0005
2001-01-01T04:04:10.269Z| vcpu-1| I125: SVGA: Unregistering IOSpace at 0x1040
2001-01-01T04:04:10.269Z| vcpu-1| I125: SVGA: Unregistering MemSpace at 0xf0000000(0xf0000000) and 0xfb800000(0xfb800000)
2001-01-01T04:04:10.271Z| vcpu-1| I125: SVGA: Registering IOSpace at 0x1040
2001-01-01T04:04:10.271Z| vcpu-1| I125: SVGA: Registering MemSpace at 0xf0000000(0xf0000000) and 0xfb800000(0xfb800000)
2001-01-01T04:04:10.275Z| vcpu-0| I125: CDROM: Emulate GET CONFIGURATION RT 0 starting feature 0
2001-01-01T04:04:10.275Z| vcpu-0| I125: CDROM: Emulate GET CONFIGURATION RT 2 starting feature 0
2001-01-01T04:04:10.275Z| vcpu-0| I125: CDROM: Emulate GET CONFIGURATION RT 0 starting feature 0
2001-01-01T04:04:10.275Z| vcpu-0| I125: CDROM: Emulate GET CONFIGURATION RT 0 starting feature 0
2001-01-01T04:04:10.275Z| vcpu-0| I125: CDROM: Unknown command 0xA4.
2001-01-01T04:04:10.276Z| vcpu-0| I125: CDROM sata0:0: CMD 0xa4 (*UNKNOWN (0xa4)*) FAILED (key 0x5 asc 0x20 ascq 0)
2001-01-01T04:04:10.323Z| vcpu-1| I125: CDROM: Emulate GET CONFIGURATION RT 1 starting feature 0
2001-01-01T04:04:10.359Z| vcpu-0| I125: PCIXHCI: Interrupt type changed from INTX to MSIX
2001-01-01T04:04:10.426Z| vcpu-1| I125: E1000: e1000e-- tx queue 1 is enabled.
2001-01-01T04:04:10.427Z| vcpu-1| I125: E1000: e1000e-- tx queue 1 is enabled.
2001-01-01T04:04:10.427Z| vcpu-1| I125: E1000: e1000e-- tx queue 1 is enabled.
2001-01-01T04:04:10.427Z| vcpu-1| I125: E1000: e1000e-- tx queue 1 is enabled.
2001-01-01T04:04:10.427Z| vcpu-1| I125: E1000: e1000e-- tx queue 1 is enabled.
2001-01-01T04:04:10.427Z| vcpu-1| I125: E1000: e1000e-- tx queue 1 is enabled.
2001-01-01T04:04:10.427Z| vcpu-1| I125: E1000: e1000e-- tx queue 1 is enabled.
2001-01-01T04:04:10.427Z| vcpu-1| I125: E1000: e1000e-- tx queue 1 is enabled.
2001-01-01T04:04:10.427Z| vcpu-1| I125: E1000: e1000e-- tx queue 1 is enabled.
2001-01-01T04:04:10.427Z| vcpu-1| I125: E1000: e1000e-- tx queue 1 is enabled.
2001-01-01T04:04:10.427Z| vcpu-1| I125: E1000: e1000e-- tx queue 1 is enabled.
2001-01-01T04:04:10.427Z| vcpu-1| I125: E1000: e1000e-- tx queue 1 is enabled.
2001-01-01T04:04:10.429Z| vcpu-1| I125: E1000: e1000e-- tx queue 1 is enabled.
2001-01-01T04:04:10.429Z| vcpu-1| I125: E1000: e1000e-- tx queue 1 is enabled.
2001-01-01T04:04:10.429Z| vcpu-1| I125: E1000: e1000e-- tx queue 1 is enabled.
2001-01-01T04:04:10.429Z| vcpu-1| I125: E1000: e1000e-- tx queue 1 is enabled.
2001-01-01T04:04:10.444Z| vcpu-1| I125: E1000: e1000e-- tx queue 1 is enabled.
2001-01-01T04:04:10.445Z| vcpu-1| I125: E1000: e1000e-- tx queue 1 is enabled.
2001-01-01T04:04:10.445Z| vcpu-1| I125: E1000: e1000e-- tx queue 1 is enabled.
2001-01-01T04:04:10.445Z| vcpu-1| I125: E1000: e1000e-- tx queue 1 is enabled.
2001-01-01T04:04:10.447Z| vcpu-1| I125: E1000: e1000e-- tx queue 1 is enabled.
2001-01-01T04:04:10.447Z| vcpu-1| I125: E1000: e1000e-- tx queue 1 is enabled.
2001-01-01T04:04:10.449Z| vcpu-1| I125: E1000: e1000e-- tx queue 1 is enabled.
2001-01-01T04:04:13.111Z| vcpu-1| I125: Guest: vm3d: SVGA WDDM Display Only driver, Version: 8.17.03.0005, Build Number: 18379147
2001-01-01T04:04:13.111Z| vcpu-1| I125: Guest: vm3d: WDDM OS version: 10.0, build number: 20348, service pack version: 0.0, platform Id: 2, product type: 3, suite mask: 0x110
2001-01-01T04:04:13.116Z| svga| I125: VNCENCODE 138 VNCEncode: VNCEncode_ServerSetTopology - original root: (0, 0) size: (1024, 768)
2001-01-01T04:04:13.116Z| svga| I125: VNCENCODE 138 VNCEncode: screen: 0 BoundingBox: (1024x768) Screen (1024x768) @ (0,0) bytesPerLine: 4096
2001-01-01T04:04:13.120Z| vcpu-1| I125: Guest: vm3d: WDDM SVGA Grow OTable command enabled.
2001-01-01T04:04:13.120Z| vcpu-1| I125: Guest: vm3d: WDDM SVGA IntraSurfaceCopy command enabled.
2001-01-01T04:04:13.120Z| vcpu-1| I125: Guest: vm3d: WDDM Guest backed surface is enabled.
2001-01-01T04:04:13.121Z| vcpu-1| I125: Guest: vm3d: WDDM Large cursor support is disabled.
2001-01-01T04:04:13.121Z| vcpu-1| I125: Guest: vm3d: WDDM Frame Type is disabled.
2001-01-01T04:04:13.124Z| vcpu-1| I125: Guest: vm3d: WDDM SVGA DX11.0 (SM5) support is disabled.
2001-01-01T04:04:13.124Z| vcpu-1| I125: Guest: vm3d: WDDM 3D is disabled.
2001-01-01T04:04:13.125Z| vcpu-1| I125: Guest: vm3d: WDDM DX10 context is disabled.
2001-01-01T04:04:13.125Z| vcpu-1| I125: Guest: vm3d: WDDM GL3 is disabled.
2001-01-01T04:04:13.125Z| vcpu-1| I125: Guest: vm3d: WDDM DX cap is enabled.
2001-01-01T04:04:13.125Z| vcpu-1| I125: Guest: vm3d: WDDM HP Queue is enabled.
2001-01-01T04:04:13.125Z| vcpu-1| I125: Guest: vm3d: WDDM GDI HW acceleration is disabled.
2001-01-01T04:04:13.125Z| vcpu-1| I125: Guest: vm3d: WDDM Guest backed primary in aperture is enabled.
2001-01-01T04:04:13.126Z| mks| W115: VNCENCODE 138 JPEG quality levels (min, mid, max). Input: (25, 35, 90) Clamped: (25, 35, 90)
2001-01-01T04:04:13.126Z| mks| I125: VNCENCODE 138 VNCEncodeChooseRegionEncoder: region encoder adaptive. Screen 1/1 @ Resolution: 1024 x 768
2001-01-01T04:04:13.127Z| vcpu-1| I125: Guest: vm3d: WDDM Preemption Aware is enabled.
2001-01-01T04:04:13.128Z| vcpu-1| I125: Guest: vm3d: WDDM EDID is disabled.
2001-01-01T04:04:13.135Z| vcpu-1| I125: Guest: vm3d: Modeset enabled, types available: TR CCD Multi
2001-01-01T04:04:13.136Z| vcpu-1| I125: Guest: vm3d: WDDM DirectFlip is disabled.
2001-01-01T04:04:13.136Z| vcpu-1| I125: Guest: vm3d: WDDM VSync is disabled.
2001-01-01T04:04:13.137Z| vcpu-1| I125: Guest: vm3d: WDDM DevApi using ScreenDMA
2001-01-01T04:04:13.137Z| vcpu-1| I125: Guest: vm3d: WDDM DevApi cannot determine ScreenDMA support, output may be black
2001-01-01T04:04:13.137Z| vcpu-1| I125: Guest: vm3d: WDDM v1.2 enabled.
2001-01-01T04:04:13.137Z| vcpu-1| I125: Guest: vm3d: WDDM primary mem 16384KB.
2001-01-01T04:04:13.137Z| vcpu-1| I125: Guest: vm3d: WDDM VRAM 4096KB.
2001-01-01T04:04:13.138Z| vcpu-1| I125: Guest: vm3d: WDDM using 12KB memory for OTable.
2001-01-01T04:04:13.138Z| vcpu-1| I125: Guest: vm3d: WDDM Aperture memory 16384KB.
2001-01-01T04:04:13.142Z| vcpu-1| I125: Guest: vm3d: 1 monitors active
2001-01-01T04:04:13.259Z| svga| I125: SVGA-ScreenMgr: Screen type changed to ScreenTarget
2001-01-01T04:04:13.260Z| svga| I125: VNCENCODE 138 VNCEncode: VNCEncode_ServerSetTopology - original root: (0, 0) size: (1024, 768)
2001-01-01T04:04:13.260Z| svga| I125: VNCENCODE 138 VNCEncode: screen: 0 BoundingBox: (1024x768) Screen (1024x768) @ (0,0) bytesPerLine: 4096
2001-01-01T04:04:13.261Z| mks| W115: VNCENCODE 138 JPEG quality levels (min, mid, max). Input: (25, 35, 90) Clamped: (25, 35, 90)
2001-01-01T04:04:13.261Z| mks| I125: VNCENCODE 138 VNCEncodeChooseRegionEncoder: region encoder adaptive. Screen 1/1 @ Resolution: 1024 x 768
2001-01-01T04:04:21.263Z| vcpu-0| I125: E1000: e1000e-- tx queue 1 is enabled.
2001-01-01T04:04:21.265Z| vcpu-0| I125: E1000: e1000e-- tx queue 1 is enabled.
2001-01-01T04:04:21.267Z| vcpu-1| I125: E1000: e1000e-- tx queue 1 is enabled.
2001-01-01T04:04:21.457Z| vcpu-0| I125: CDROM: Emulate GET CONFIGURATION RT 2 starting feature 0
2001-01-01T04:04:21.457Z| vcpu-0| I125: CDROM: Emulate GET CONFIGURATION RT 2 starting feature 30
2001-01-01T04:04:21.457Z| vcpu-0| I125: CDROM: Emulate GET CONFIGURATION RT 2 starting feature 31
2001-01-01T04:04:21.457Z| vcpu-0| I125: CDROM: Emulate GET CONFIGURATION RT 2 starting feature 32
2001-01-01T04:04:21.458Z| vcpu-0| I125: CDROM: Emulate GET CONFIGURATION RT 2 starting feature 33
2001-01-01T04:04:21.458Z| vcpu-0| I125: CDROM: Emulate GET CONFIGURATION RT 2 starting feature 35
2001-01-01T04:04:21.458Z| vcpu-0| I125: CDROM: Emulate GET CONFIGURATION RT 2 starting feature 36
2001-01-01T04:04:21.458Z| vcpu-0| I125: CDROM: Emulate GET CONFIGURATION RT 2 starting feature 38
2001-01-01T04:04:21.458Z| vcpu-0| I125: CDROM: Emulate GET CONFIGURATION RT 2 starting feature 42
2001-01-01T04:04:21.458Z| vcpu-0| I125: CDROM: Emulate GET CONFIGURATION RT 2 starting feature 43
2001-01-01T04:04:21.458Z| vcpu-0| I125: CDROM: Emulate GET CONFIGURATION RT 2 starting feature 45
2001-01-01T04:04:21.458Z| vcpu-0| I125: CDROM: Emulate GET CONFIGURATION RT 2 starting feature 46
2001-01-01T04:04:21.458Z| vcpu-1| I125: CDROM: Emulate GET CONFIGURATION RT 2 starting feature 47
2001-01-01T04:04:21.458Z| vcpu-0| I125: CDROM: Emulate GET CONFIGURATION RT 2 starting feature 64
2001-01-01T04:04:21.459Z| vcpu-0| I125: CDROM: Emulate GET CONFIGURATION RT 2 starting feature 65
2001-01-01T04:04:21.459Z| vcpu-0| I125: CDROM: Emulate GET CONFIGURATION RT 2 starting feature 259
2001-01-01T04:04:21.825Z| vcpu-0| W115: Balloon: Start: vmmemctl reset balloon
2001-01-01T04:04:21.825Z| vcpu-0| I125: Balloon: Reset (n 2 pages 0)
2001-01-01T04:04:21.825Z| vcpu-0| I125: Balloon: Reset: nUnlocked 0 size 0
2001-01-01T04:04:23.967Z| vmx| I125: Guest: toolbox: Version: 11.3.5.31214 (build-18557794)
2001-01-01T04:04:24.015Z| vcpu-0| W115: GuestRpc: application toolbox, changing channel 65535 -> 0
2001-01-01T04:04:24.015Z| vcpu-0| I125: GuestRpc: Channel 0, guest application toolbox.
2001-01-01T04:04:24.015Z| vcpu-0| I125: DEPLOYPKG: ToolsDeployPkg_Begin: state=0 err=0, msg=null
2001-01-01T04:04:24.051Z| vmx| I125: TOOLS soft reset detected.
2001-01-01T04:04:24.052Z| vmx| I125: TOOLS autoupgrade protocol version 2
2001-01-01T04:04:24.053Z| vmx| I125: Vix: [mainDispatch.c:4156]: VMAutomationReportPowerStateChange: Reporting power state change (opcode=2, err=0).
2001-01-01T04:04:24.056Z| vmx| I125: TOOLS Received tools.set.versiontype rpc call, version = 11365, type = 1
2001-01-01T04:04:24.056Z| vmx| I125: Tools_SetVersionAndType did nothing; new tools version (11365) and type (1) match old Tools version and type
2001-01-01T04:04:24.056Z| vmx| I125: TOOLS Setting autoupgrade-checked FALSE.
2001-01-01T04:04:24.056Z| vmx| I125: TOOLS using cached value 1 for isoImageExists (refreshCount=1, lastCount=1).
2001-01-01T04:04:24.056Z| vmx| I125: Starting copy guest manifest.
2001-01-01T04:04:24.060Z| vcpu-1| I125: HGFileCopyCreateSessionCB: Successfully created the session.
2001-01-01T04:04:24.070Z| vcpu-1| I125: ToolsLoadManifestFileCB: Queuing a request to update the manifest information.
2001-01-01T04:04:24.071Z| worker-2106032| I125: ToolsISO: Refreshing imageName for 'windows9srv-64' (refreshCount=1, lastCount=1).
2001-01-01T04:04:24.159Z| worker-2106032| I125: ToolsISO: Updated cached value for imageName to 'windows.iso'.
2001-01-01T04:04:24.159Z| worker-2106032| I125: ToolsISO: Selected Tools ISO 'windows.iso' for 'windows9srv-64' guest.
2001-01-01T04:04:24.161Z| worker-2106032| I125: GetHostManifests: Extracting the manifest file.
2001-01-01T04:04:24.223Z| vcpu-1| I125: Guest: CBLAUNCHER: AUDIT: main : CB launcher starting up. Version: 1.1.0 build-18323979
2001-01-01T04:04:24.282Z| vcpu-0| I125: Guest: CBLAUNCHER: AUDIT: InitCbLauncher : Launcher INIT completed
2001-01-01T04:04:24.282Z| vcpu-0| I125: Guest: CBLAUNCHER: AUDIT: main : CB launcher exiting now. Version: 1.1.0 build-18323979
2001-01-01T04:04:24.398Z| worker-2106032| I125: GetHostManifests: Done extracting the manifest file.
2001-01-01T04:04:24.403Z| worker-2106032| I125: ToolsVersionGetStatusWorkerThread: Tools status 3 derived from environment
2001-01-01T04:04:24.403Z| vmx| I125: ToolsUpdateManifestInfoWorkerThreadDone: Compared tools manifest from host and from the guest. Status = 3.
2001-01-01T04:04:24.403Z| vmx| I125: ToolsUpdateManifestInfoWorkerThreadDone: Updating the manifest info.
2001-01-01T04:04:24.407Z| vmx| A100: ConfigDB: Setting extendedConfigFile = "SGRL-WSU001.vmxf"
2001-01-01T04:04:24.437Z| vmx| I125: TOOLS using cached value 1 for isoImageExists (refreshCount=1, lastCount=1).
2001-01-01T04:04:24.437Z| vmx| I125: VMXVmdb_SetToolsVersionStatus: status value set to 'ok', 'current', install possible
2001-01-01T04:04:24.437Z| vmx| I125: TOOLS installed legacy version 11365, available legacy version 11365
2001-01-01T04:04:24.437Z| vmx| I125: TOOLS manifest update status is 3
2001-01-01T04:04:24.437Z| vmx| I125: TOOLS can be autoupgraded.
2001-01-01T04:04:24.437Z| vmx| I125: TOOLS Setting autoupgrade-checked TRUE.
2001-01-01T04:04:53.952Z| vmx| I125: GuestInfo: HostinfoDetailedDataHeader version: 1
2001-01-01T04:04:53.952Z| vmx| A100: ConfigDB: Setting guestOS.detailed.data = "architecture='X86' bitness='64' buildNumber='20348' distroName='Windows' distroVersion='10.0' familyName='Windows' kernelVersion='20348.4052' prettyName='Windows Server 2022, 64-bit (Build 20348.4052)'"
2001-01-01T04:05:35.406Z| vcpu-1| I125: CDROM: Emulate GET CONFIGURATION RT 2 starting feature 0
2001-01-01T04:05:35.406Z| vcpu-1| I125: CDROM: Emulate GET CONFIGURATION RT 2 starting feature 0
2001-01-01T04:05:35.411Z| vcpu-1| I125: CDROM: Emulate GET CONFIGURATION RT 2 starting feature 0
2001-01-01T04:05:35.411Z| vcpu-1| I125: CDROM: Emulate GET CONFIGURATION RT 2 starting feature 0
2001-01-01T04:05:35.414Z| vcpu-0| I125: CDROM: Emulate GET CONFIGURATION RT 2 starting feature 45
2001-01-01T04:05:35.414Z| vcpu-0| I125: CDROM: Emulate GET CONFIGURATION RT 2 starting feature 45
2001-01-01T04:05:35.415Z| vcpu-0| I125: CDROM: Emulate GET CONFIGURATION RT 2 starting feature 47
2001-01-01T04:05:35.437Z| vcpu-0| I125: CDROM: Emulate GET CONFIGURATION RT 2 starting feature 47
2001-01-01T04:05:35.437Z| vcpu-0| I125: CDROM: Emulate GET CONFIGURATION RT 2 starting feature 43
2001-01-01T04:05:35.438Z| vcpu-0| I125: CDROM: Emulate GET CONFIGURATION RT 2 starting feature 43
2001-01-01T04:05:35.438Z| vcpu-0| I125: CDROM: Emulate GET CONFIGURATION RT 2 starting feature 42
2001-01-01T04:05:35.438Z| vcpu-0| I125: CDROM: Emulate GET CONFIGURATION RT 2 starting feature 42
2001-01-01T04:05:35.438Z| vcpu-0| I125: CDROM: Emulate GET CONFIGURATION RT 2 starting feature 59
2001-01-01T04:05:35.438Z| vcpu-0| I125: CDROM: Emulate GET CONFIGURATION RT 2 starting feature 59
2001-01-01T04:05:35.438Z| vcpu-0| I125: CDROM: Emulate GET CONFIGURATION RT 2 starting feature 65
2001-01-01T04:05:35.438Z| vcpu-0| I125: CDROM: Emulate GET CONFIGURATION RT 2 starting feature 65
2001-01-01T04:05:35.438Z| vcpu-0| I125: CDROM: Emulate GET CONFIGURATION RT 2 starting feature 0
2001-01-01T04:05:35.438Z| vcpu-0| I125: CDROM: Emulate GET CONFIGURATION RT 2 starting feature 0
2001-01-01T04:05:35.448Z| vcpu-0| I125: CDROM: Emulate GET CONFIGURATION RT 2 starting feature 0
2001-01-01T04:05:35.448Z| vcpu-0| I125: CDROM: Emulate GET CONFIGURATION RT 2 starting feature 0
2001-01-01T04:05:35.448Z| vcpu-0| I125: CDROM: Emulate GET CONFIGURATION RT 2 starting feature 45
2001-01-01T04:05:35.449Z| vcpu-0| I125: CDROM: Emulate GET CONFIGURATION RT 2 starting feature 45
2001-01-01T04:05:35.449Z| vcpu-0| I125: CDROM: Emulate GET CONFIGURATION RT 2 starting feature 47
2001-01-01T04:05:35.449Z| vcpu-0| I125: CDROM: Emulate GET CONFIGURATION RT 2 starting feature 47
2001-01-01T04:05:35.449Z| vcpu-0| I125: CDROM: Emulate GET CONFIGURATION RT 2 starting feature 43
2001-01-01T04:05:35.449Z| vcpu-0| I125: CDROM: Emulate GET CONFIGURATION RT 2 starting feature 43
2001-01-01T04:05:35.449Z| vcpu-0| I125: CDROM: Emulate GET CONFIGURATION RT 2 starting feature 42
2001-01-01T04:05:35.449Z| vcpu-0| I125: CDROM: Emulate GET CONFIGURATION RT 2 starting feature 42
2001-01-01T04:05:35.449Z| vcpu-0| I125: CDROM: Emulate GET CONFIGURATION RT 2 starting feature 59
2001-01-01T04:05:35.449Z| vcpu-0| I125: CDROM: Emulate GET CONFIGURATION RT 2 starting feature 59
2001-01-01T04:05:35.449Z| vcpu-0| I125: CDROM: Emulate GET CONFIGURATION RT 2 starting feature 65
2001-01-01T04:05:35.449Z| vcpu-0| I125: CDROM: Emulate GET CONFIGURATION RT 2 starting feature 65
2001-01-01T04:05:35.450Z| vcpu-0| I125: CDROM: Emulate GET CONFIGURATION RT 2 starting feature 0
2001-01-01T04:05:35.450Z| vcpu-0| I125: CDROM: Emulate GET CONFIGURATION RT 2 starting feature 0
2001-01-01T04:05:46.689Z| vmx| I125: Guest: toolbox-dnd: Version: 11.3.5.31214 (build-18557794)
2001-01-01T04:05:46.693Z| vcpu-0| W115: GuestRpc: application toolbox-dnd, changing channel 65535 -> 1
2001-01-01T04:05:46.693Z| vcpu-0| I125: GuestRpc: Channel 1, guest application toolbox-dnd.
2001-01-01T04:05:50.759Z| vmx| I125: GuestRpc: Got RPCI vsocket connection 204, assigned to channel 2.
2001-01-01T04:05:52.765Z| vmx| I125: GuestRpc: Got error for channel 2 connection 206: Remote disconnected
2001-01-01T04:05:52.765Z| vmx| I125: GuestRpc: Closing channel 2 connection 206
2001-01-01T04:06:24.303Z| vcpu-0| I125: E1000: e1000e-- tx queue 1 is enabled.
2001-01-01T04:06:24.305Z| vcpu-0| I125: E1000: e1000e-- tx queue 1 is enabled.
2001-01-01T04:06:31.356Z| vcpu-0| I125: E1000: e1000e-- tx queue 1 is enabled.
2001-01-01T04:11:30.176Z| vcpu-0| I125: GuestRpc: Reinitializing Channel 1(toolbox-dnd)
2001-01-01T04:11:31.421Z| vmx| I125: TOOLS installed legacy version 11365, available legacy version 11365
2001-01-01T04:11:31.421Z| vmx| I125: TOOLS manifest update status is 3
2001-01-01T04:11:31.421Z| vmx| I125: TOOLS can be autoupgraded.
2001-01-01T04:11:31.441Z| vmx| I125: TOOLS autoupgrade protocol version 0
2001-01-01T04:11:31.531Z| vcpu-1| I125: GuestRpc: Reinitializing Channel 0(toolbox)
2001-01-01T04:11:34.082Z| vcpu-1| I125: E1000: e1000e-- tx queue 1 is enabled.
2001-01-01T04:11:36.094Z| vcpu-1| I125: PCIXHCI: Interrupt type changed from MSIX to INTX
2001-01-01T04:11:38.212Z| vcpu-0| I125: PVSCSI: scsi0: switching to async
2001-01-01T04:11:38.212Z| vcpu-0| I125: Destroying virtual dev for scsi0:0 vscsi=8227
2001-01-01T04:11:38.212Z| vcpu-0| I125: VMMon_VSCSIStopVports: No such target on adapter
2001-01-01T04:11:38.212Z| vcpu-0| I125: Destroying virtual dev for scsi0:1 vscsi=8228
2001-01-01T04:11:38.212Z| vcpu-0| I125: VMMon_VSCSIStopVports: No such target on adapter
2001-01-01T04:11:38.213Z| vcpu-0| I125: DEVICE: Resetting device 'ALL'.
2001-01-01T04:11:38.213Z| vcpu-0| I125: USB: Per-Device Resetting device 0x200000050e0f0003
2001-01-01T04:11:38.214Z| vcpu-0| I125: Tools: ToolsRunningStatus_Reset, delayedRequest is 0x0
2001-01-01T04:11:38.214Z| vcpu-0| I125: Tools: Changing running status: 1 => 0.
2001-01-01T04:11:38.214Z| vcpu-0| I125: GuestLib Generated SessionId 2545685432672670260
2001-01-01T04:11:38.214Z| vcpu-0| I125: Closing disk 'scsi0:1'
2001-01-01T04:11:38.215Z| vcpu-0| I125: DISKLIB-VMFS  : "/vmfs/volumes/3a4fd8ce-fc4375c4-effb-5cf3fce846f8/SGRL-WSU001/SGRL-WSU001_1-flat.vmdk" : closed.
2001-01-01T04:11:38.215Z| vcpu-0| I125: Closing disk 'scsi0:0'
2001-01-01T04:11:38.215Z| vcpu-0| I125: DISKLIB-VMFS  : "/vmfs/volumes/3a4fd8ce-fc4375c4-effb-5cf3fce846f8/SGRL-WSU001/SGRL-WSU001-flat.vmdk" : closed.
2001-01-01T04:11:38.215Z| vcpu-0| I125: Checkpoint_Unstun: vm stopped for 37134 us
2001-01-01T04:11:38.215Z| vcpu-0| I125: CPU reset: hard (mode 0)
2001-01-01T04:11:38.215Z| vcpu-1| I125: CPU reset: hard (mode 0)
2001-01-01T04:11:38.219Z| svga| I125: SVGA-ScreenMgr: Screen type changed to RegisterMode
2001-01-01T04:11:38.226Z| svga| I125: VNCENCODE 138 VNCEncode: VNCEncode_ServerSetTopology - original root: (0, 0) size: (1024, 768)
2001-01-01T04:11:38.226Z| svga| I125: VNCENCODE 138 VNCEncode: screen: 0 BoundingBox: (1024x768) Screen (1024x768) @ (0,0) bytesPerLine: 4096
2001-01-01T04:11:38.266Z| vcpu-0| I125: SVGA: Unregistering IOSpace at 0x1040
2001-01-01T04:11:38.271Z| vcpu-0| I125: SVGA: Unregistering MemSpace at 0xf0000000(0xf0000000) and 0xfb800000(0xfb800000)
2001-01-01T04:11:38.275Z| vcpu-0| A100: ConfigDB: Setting scsi0:0.redo = ""
2001-01-01T04:11:38.275Z| vcpu-0| I125: DISK: OPEN scsi0:0 '/vmfs/volumes/3a4fd8ce-fc4375c4-effb-5cf3fce846f8/SGRL-WSU001/SGRL-WSU001.vmdk' persistent R[]
2001-01-01T04:11:38.287Z| vcpu-0| I125: DISKLIB-VMFS  : "/vmfs/volumes/3a4fd8ce-fc4375c4-effb-5cf3fce846f8/SGRL-WSU001/SGRL-WSU001-flat.vmdk" : open successful (10) size = 161061273600, hd = 5244233. Type 3
2001-01-01T04:11:38.287Z| vcpu-0| I125: DISKLIB-DSCPTR: Opened [0]: "SGRL-WSU001-flat.vmdk" (0xa)
2001-01-01T04:11:38.287Z| vcpu-0| I125: DISKLIB-LINK  : Opened '/vmfs/volumes/3a4fd8ce-fc4375c4-effb-5cf3fce846f8/SGRL-WSU001/SGRL-WSU001.vmdk' (0xa): vmfs, 314572800 sectors / 150 GB.
2001-01-01T04:11:38.287Z| vcpu-0| I125: DISKLIB-LIB   : Opened "/vmfs/volumes/3a4fd8ce-fc4375c4-effb-5cf3fce846f8/SGRL-WSU001/SGRL-WSU001.vmdk" (flags 0xa, type vmfs).
2001-01-01T04:11:38.287Z| vcpu-0| I125: DISK: Disk '/vmfs/volumes/3a4fd8ce-fc4375c4-effb-5cf3fce846f8/SGRL-WSU001/SGRL-WSU001.vmdk' has UUID '60 00 c2 9a c9 9f f9 f8-72 0b a4 ca b0 2b 53 55'
2001-01-01T04:11:38.287Z| vcpu-0| I125: DISK: OPEN '/vmfs/volumes/3a4fd8ce-fc4375c4-effb-5cf3fce846f8/SGRL-WSU001/SGRL-WSU001.vmdk' Geo (19581/255/63) BIOS Geo (0/0/0)
2001-01-01T04:11:38.287Z| vcpu-0| I125: Creating virtual dev for 'scsi0:0'.
2001-01-01T04:11:38.287Z| vcpu-0| I125: DumpDiskInfo: scsi0:0 createType=11, capacity = 314572800, numLinks = 1, allocationType = 2
2001-01-01T04:11:38.287Z| vcpu-0| I125: SCSIDiskESXPopulateVDevDesc: Using FS backend
2001-01-01T04:11:38.287Z| vcpu-0| I125: DISKUTIL: scsi0:0 : geometry=19581/255/63
2001-01-01T04:11:38.287Z| vcpu-0| I125: SCSIFilterESXAttachCBRCInt: CBRC not enabled or opened without filters,skipping CBRC           filter attach.
2001-01-01T04:11:38.287Z| vcpu-0| I125: SCSIFilterSBDAttachCBRC: device scsi0:0 is not SBD. Skipping CBRC attach SBD way.
2001-01-01T04:11:38.288Z| vcpu-0| A100: ConfigDB: Setting scsi0:1.redo = ""
2001-01-01T04:11:38.288Z| vcpu-0| I125: DISK: OPEN scsi0:1 '/vmfs/volumes/3a4fd8ce-fc4375c4-effb-5cf3fce846f8/SGRL-WSU001/SGRL-WSU001_1.vmdk' persistent R[]
2001-01-01T04:11:38.293Z| vcpu-0| I125: DISKLIB-VMFS  : "/vmfs/volumes/3a4fd8ce-fc4375c4-effb-5cf3fce846f8/SGRL-WSU001/SGRL-WSU001_1-flat.vmdk" : open successful (10) size = 536870912000, hd = 4916554. Type 3
2001-01-01T04:11:38.293Z| vcpu-0| I125: DISKLIB-DSCPTR: Opened [0]: "SGRL-WSU001_1-flat.vmdk" (0xa)
2001-01-01T04:11:38.293Z| vcpu-0| I125: DISKLIB-LINK  : Opened '/vmfs/volumes/3a4fd8ce-fc4375c4-effb-5cf3fce846f8/SGRL-WSU001/SGRL-WSU001_1.vmdk' (0xa): vmfs, 1048576000 sectors / 500 GB.
2001-01-01T04:11:38.293Z| vcpu-0| I125: DISKLIB-LIB   : Opened "/vmfs/volumes/3a4fd8ce-fc4375c4-effb-5cf3fce846f8/SGRL-WSU001/SGRL-WSU001_1.vmdk" (flags 0xa, type vmfs).
2001-01-01T04:11:38.293Z| vcpu-0| I125: DISK: Disk '/vmfs/volumes/3a4fd8ce-fc4375c4-effb-5cf3fce846f8/SGRL-WSU001/SGRL-WSU001_1.vmdk' has UUID '60 00 c2 9e 5f 9a 09 df-64 f8 e9 0c 85 44 1f ad'
2001-01-01T04:11:38.293Z| vcpu-0| I125: DISK: OPEN '/vmfs/volumes/3a4fd8ce-fc4375c4-effb-5cf3fce846f8/SGRL-WSU001/SGRL-WSU001_1.vmdk' Geo (65270/255/63) BIOS Geo (0/0/0)
2001-01-01T04:11:38.293Z| vcpu-0| I125: Creating virtual dev for 'scsi0:1'.
2001-01-01T04:11:38.293Z| vcpu-0| I125: DumpDiskInfo: scsi0:1 createType=11, capacity = 1048576000, numLinks = 1, allocationType = 2
2001-01-01T04:11:38.294Z| vcpu-0| I125: SCSIDiskESXPopulateVDevDesc: Using FS backend
2001-01-01T04:11:38.294Z| vcpu-0| I125: DISKUTIL: scsi0:1 : geometry=65270/255/63
2001-01-01T04:11:38.294Z| vcpu-0| I125: SCSIFilterESXAttachCBRCInt: CBRC not enabled or opened without filters,skipping CBRC           filter attach.
2001-01-01T04:11:38.294Z| vcpu-0| I125: SCSIFilterSBDAttachCBRC: device scsi0:1 is not SBD. Skipping CBRC attach SBD way.
2001-01-01T04:11:38.297Z| vcpu-0| I125: CDROM: Reset guest state on 'sata0:0'. Invalidating last poll command time.
2001-01-01T04:11:38.297Z| vcpu-0| I125: Guest: EFI ROM version: VMW71.00V.16707776.B64.2008070230 (64-bit RELEASE)
2001-01-01T04:11:38.369Z| svga| I125: SVGA disabling SVGA
2001-01-01T04:11:38.388Z| mks| W115: VNCENCODE 138 JPEG quality levels (min, mid, max). Input: (25, 35, 90) Clamped: (25, 35, 90)
2001-01-01T04:11:38.388Z| mks| I125: VNCENCODE 138 VNCEncodeChooseRegionEncoder: region encoder adaptive. Screen 1/1 @ Resolution: 1024 x 768
2001-01-01T04:11:38.408Z| svga| I125: VNCENCODE 138 VNCEncode: VNCEncode_ServerSetTopology - original root: (0, 0) size: (640, 480)
2001-01-01T04:11:38.408Z| svga| I125: VNCENCODE 138 VNCEncode: screen: 0 BoundingBox: (640x480) Screen (640x480) @ (0,0) bytesPerLine: 2560
2001-01-01T04:11:38.428Z| vcpu-0| I125: BIOS-UUID is 42 07 f9 cb 6d 1c 1e fb-d7 18 11 b4 5e ba 05 c1
2001-01-01T04:11:38.498Z| mks| I125: VNCENCODE 138 encoding desktop size: (640x480x24depth,32bpp)
2001-01-01T04:11:38.542Z| mks| W115: VNCENCODE 138 JPEG quality levels (min, mid, max). Input: (25, 35, 90) Clamped: (25, 35, 90)
2001-01-01T04:11:38.542Z| mks| I125: VNCENCODE 138 VNCEncodeChooseRegionEncoder: region encoder adaptive. Screen 1/1 @ Resolution: 640 x 480
2001-01-01T04:11:38.590Z| vcpu-0| I125: SVGA: Registering MemSpace at 0xf0000000(0xf0000000) and 0xfb800000(0xfb800000)
2001-01-01T04:11:38.591Z| vcpu-0| I125: SVGA: Unregistering MemSpace at 0xf0000000(0xf0000000) and 0xfb800000(0xfb800000)
2001-01-01T04:11:38.654Z| vcpu-0| I125: SVGA: Registering IOSpace at 0x1040
2001-01-01T04:11:38.654Z| vcpu-0| I125: SVGA: Unregistering IOSpace at 0x1040
2001-01-01T04:11:38.654Z| vcpu-0| I125: AHCI: Tried to enable/disable IO space.
2001-01-01T04:11:38.654Z| vcpu-0| I125: PCIBridge4: ISA/VGA decoding enabled (ctrl 001C)
2001-01-01T04:11:38.654Z| vcpu-0| I125: pciBridge4:1: ISA/VGA decoding enabled (ctrl 001C)
2001-01-01T04:11:38.655Z| vcpu-0| I125: pciBridge4:2: ISA/VGA decoding enabled (ctrl 001C)
2001-01-01T04:11:38.655Z| vcpu-0| I125: pciBridge4:3: ISA/VGA decoding enabled (ctrl 001C)
2001-01-01T04:11:38.655Z| vcpu-0| I125: pciBridge4:4: ISA/VGA decoding enabled (ctrl 001C)
2001-01-01T04:11:38.655Z| vcpu-0| I125: pciBridge4:5: ISA/VGA decoding enabled (ctrl 001C)
2001-01-01T04:11:38.655Z| vcpu-0| I125: pciBridge4:6: ISA/VGA decoding enabled (ctrl 001C)
2001-01-01T04:11:38.655Z| vcpu-0| I125: pciBridge4:7: ISA/VGA decoding enabled (ctrl 001C)
2001-01-01T04:11:38.655Z| vcpu-0| I125: PCIBridge5: ISA/VGA decoding enabled (ctrl 001C)
2001-01-01T04:11:38.656Z| vcpu-0| I125: pciBridge5:1: ISA/VGA decoding enabled (ctrl 001C)
2001-01-01T04:11:38.656Z| vcpu-0| I125: pciBridge5:2: ISA/VGA decoding enabled (ctrl 001C)
2001-01-01T04:11:38.656Z| vcpu-0| I125: pciBridge5:3: ISA/VGA decoding enabled (ctrl 001C)
2001-01-01T04:11:38.656Z| vcpu-0| I125: pciBridge5:4: ISA/VGA decoding enabled (ctrl 001C)
2001-01-01T04:11:38.656Z| vcpu-0| I125: pciBridge5:5: ISA/VGA decoding enabled (ctrl 001C)
2001-01-01T04:11:38.656Z| vcpu-0| I125: pciBridge5:6: ISA/VGA decoding enabled (ctrl 001C)
2001-01-01T04:11:38.656Z| vcpu-0| I125: pciBridge5:7: ISA/VGA decoding enabled (ctrl 001C)
2001-01-01T04:11:38.656Z| vcpu-0| I125: PCIBridge6: ISA/VGA decoding enabled (ctrl 001C)
2001-01-01T04:11:38.657Z| vcpu-0| I125: pciBridge6:1: ISA/VGA decoding enabled (ctrl 001C)
2001-01-01T04:11:38.657Z| vcpu-0| I125: pciBridge6:2: ISA/VGA decoding enabled (ctrl 001C)
2001-01-01T04:11:38.657Z| vcpu-0| I125: pciBridge6:3: ISA/VGA decoding enabled (ctrl 001C)
2001-01-01T04:11:38.657Z| vcpu-0| I125: pciBridge6:4: ISA/VGA decoding enabled (ctrl 001C)
2001-01-01T04:11:38.657Z| vcpu-0| I125: pciBridge6:5: ISA/VGA decoding enabled (ctrl 001C)
2001-01-01T04:11:38.657Z| vcpu-0| I125: pciBridge6:6: ISA/VGA decoding enabled (ctrl 001C)
2001-01-01T04:11:38.657Z| vcpu-0| I125: pciBridge6:7: ISA/VGA decoding enabled (ctrl 001C)
2001-01-01T04:11:38.657Z| vcpu-0| I125: PCIBridge7: ISA/VGA decoding enabled (ctrl 001C)
2001-01-01T04:11:38.657Z| vcpu-0| I125: pciBridge7:1: ISA/VGA decoding enabled (ctrl 001C)
2001-01-01T04:11:38.657Z| vcpu-0| I125: pciBridge7:2: ISA/VGA decoding enabled (ctrl 001C)
2001-01-01T04:11:38.658Z| vcpu-0| I125: pciBridge7:3: ISA/VGA decoding enabled (ctrl 001C)
2001-01-01T04:11:38.658Z| vcpu-0| I125: pciBridge7:4: ISA/VGA decoding enabled (ctrl 001C)
2001-01-01T04:11:38.658Z| vcpu-0| I125: pciBridge7:5: ISA/VGA decoding enabled (ctrl 001C)
2001-01-01T04:11:38.658Z| vcpu-0| I125: pciBridge7:6: ISA/VGA decoding enabled (ctrl 001C)
2001-01-01T04:11:38.658Z| vcpu-0| I125: pciBridge7:7: ISA/VGA decoding enabled (ctrl 001C)
2001-01-01T04:11:38.666Z| vcpu-0| I125: Tools: Running status rpc handler: 0 => 1.
2001-01-01T04:11:38.666Z| vcpu-0| I125: Tools: Changing running status: 0 => 1.
2001-01-01T04:11:38.667Z| vcpu-0| I125: SVGA: Registering IOSpace at 0x1040
2001-01-01T04:11:38.667Z| vcpu-0| I125: SVGA: Registering MemSpace at 0xf0000000(0xf0000000) and 0xfb800000(0xfb800000)
2001-01-01T04:11:38.673Z| svga| I125: SVGA enabling SVGA
2001-01-01T04:11:38.693Z| svga| I125: VNCENCODE 138 VNCEncode: VNCEncode_ServerSetTopology - original root: (0, 0) size: (1024, 768)
2001-01-01T04:11:38.693Z| svga| I125: VNCENCODE 138 VNCEncode: screen: 0 BoundingBox: (1024x768) Screen (1024x768) @ (0,0) bytesPerLine: 4096
2001-01-01T04:11:38.758Z| mks| I125: VNCENCODE 138 encoding desktop size: (1024x768x24depth,32bpp)
2001-01-01T04:11:38.823Z| mks| W115: VNCENCODE 138 JPEG quality levels (min, mid, max). Input: (25, 35, 90) Clamped: (25, 35, 90)
2001-01-01T04:11:38.823Z| mks| I125: VNCENCODE 138 VNCEncodeChooseRegionEncoder: region encoder adaptive. Screen 1/1 @ Resolution: 1024 x 768
2001-01-01T04:11:39.221Z| vcpu-0| I125: AHCI-VMM:HBA reset issued on sata0.
2001-01-01T04:11:39.221Z| vcpu-0| I125: AHCI-VMM: sata0:0: PxSCTL.DET already 0. Ignoring write 0.
2001-01-01T04:11:39.221Z| vcpu-0| I125: AHCI-VMM: sata0:1: PxSCTL.DET already 0. Ignoring write 0.
2001-01-01T04:11:39.232Z| vcpu-0| I125: AHCI-VMM: sata0:2: PxSCTL.DET already 0. Ignoring write 0.
2001-01-01T04:11:39.242Z| vcpu-0| I125: AHCI-VMM: sata0:3: PxSCTL.DET already 0. Ignoring write 0.
2001-01-01T04:11:39.253Z| vcpu-0| I125: AHCI-VMM: sata0:4: PxSCTL.DET already 0. Ignoring write 0.
2001-01-01T04:11:39.263Z| vcpu-0| I125: AHCI-VMM: sata0:5: PxSCTL.DET already 0. Ignoring write 0.
2001-01-01T04:11:39.273Z| vcpu-0| I125: AHCI-VMM: sata0:6: PxSCTL.DET already 0. Ignoring write 0.
2001-01-01T04:11:39.284Z| vcpu-0| I125: AHCI-VMM: sata0:7: PxSCTL.DET already 0. Ignoring write 0.
2001-01-01T04:11:39.294Z| vcpu-0| I125: AHCI-VMM: sata0:8: PxSCTL.DET already 0. Ignoring write 0.
2001-01-01T04:11:39.305Z| vcpu-0| I125: AHCI-VMM: sata0:9: PxSCTL.DET already 0. Ignoring write 0.
2001-01-01T04:11:39.315Z| vcpu-0| I125: AHCI-VMM: sata0:10: PxSCTL.DET already 0. Ignoring write 0.
2001-01-01T04:11:39.326Z| vcpu-0| I125: AHCI-VMM: sata0:11: PxSCTL.DET already 0. Ignoring write 0.
2001-01-01T04:11:39.336Z| vcpu-0| I125: AHCI-VMM: sata0:12: PxSCTL.DET already 0. Ignoring write 0.
2001-01-01T04:11:39.346Z| vcpu-0| I125: AHCI-VMM: sata0:13: PxSCTL.DET already 0. Ignoring write 0.
2001-01-01T04:11:39.357Z| vcpu-0| I125: AHCI-VMM: sata0:14: PxSCTL.DET already 0. Ignoring write 0.
2001-01-01T04:11:39.367Z| vcpu-0| I125: AHCI-VMM: sata0:15: PxSCTL.DET already 0. Ignoring write 0.
2001-01-01T04:11:39.378Z| vcpu-0| I125: AHCI-VMM: sata0:16: PxSCTL.DET already 0. Ignoring write 0.
2001-01-01T04:11:39.388Z| vcpu-0| I125: AHCI-VMM: sata0:17: PxSCTL.DET already 0. Ignoring write 0.
2001-01-01T04:11:39.399Z| vcpu-0| I125: AHCI-VMM: sata0:18: PxSCTL.DET already 0. Ignoring write 0.
2001-01-01T04:11:39.409Z| vcpu-0| I125: AHCI-VMM: sata0:19: PxSCTL.DET already 0. Ignoring write 0.
2001-01-01T04:11:39.419Z| vcpu-0| I125: AHCI-VMM: sata0:20: PxSCTL.DET already 0. Ignoring write 0.
2001-01-01T04:11:39.430Z| vcpu-0| I125: AHCI-VMM: sata0:21: PxSCTL.DET already 0. Ignoring write 0.
2001-01-01T04:11:39.440Z| vcpu-0| I125: AHCI-VMM: sata0:22: PxSCTL.DET already 0. Ignoring write 0.
2001-01-01T04:11:39.451Z| vcpu-0| I125: AHCI-VMM: sata0:23: PxSCTL.DET already 0. Ignoring write 0.
2001-01-01T04:11:39.461Z| vcpu-0| I125: AHCI-VMM: sata0:24: PxSCTL.DET already 0. Ignoring write 0.
2001-01-01T04:11:39.472Z| vcpu-0| I125: AHCI-VMM: sata0:25: PxSCTL.DET already 0. Ignoring write 0.
2001-01-01T04:11:39.482Z| vcpu-0| I125: AHCI-VMM: sata0:26: PxSCTL.DET already 0. Ignoring write 0.
2001-01-01T04:11:39.492Z| vcpu-0| I125: AHCI-VMM: sata0:27: PxSCTL.DET already 0. Ignoring write 0.
2001-01-01T04:11:39.503Z| vcpu-0| I125: AHCI-VMM: sata0:28: PxSCTL.DET already 0. Ignoring write 0.
2001-01-01T04:11:39.513Z| vcpu-0| I125: AHCI-VMM: sata0:29: PxSCTL.DET already 0. Ignoring write 0.
2001-01-01T04:11:42.477Z| vcpu-0| I125: Guest: DSDT: CNOT method is 52 bytes long.
2001-01-01T04:11:42.557Z| vcpu-0| I125: SECUREBOOT: Image APPROVED.
2001-01-01T04:11:42.583Z| vcpu-0| I125: Guest: About to do EFI boot: Windows Boot Manager
2001-01-01T04:11:42.593Z| vcpu-0| I125: PVSCSI: Failed to issue sync/bios cmd: 0xbad0004
2001-01-01T04:11:42.593Z| vcpu-0| I125: HBACommon: First write on scsi0:0.fileName='/vmfs/volumes/3a4fd8ce-fc4375c4-effb-5cf3fce846f8/SGRL-WSU001/SGRL-WSU001.vmdk'
2001-01-01T04:11:42.593Z| vcpu-0| I125: DDB: "longContentID" = "ea4bd514b7927ff25ca7745f9b6eceee" (was "0d10ff9cbf8e0d607c4baab2988c7254")
2001-01-01T04:11:42.605Z| vcpu-0| I125: DISKLIB-CHAIN : DiskChainUpdateContentID: old=0x988c7254, new=0x9b6eceee (ea4bd514b7927ff25ca7745f9b6eceee)
2001-01-01T04:11:44.501Z| vcpu-1| I125: CPU reset: soft (mode 0)
2001-01-01T04:11:44.501Z| vcpu-0| I125: Guest: Firmware has transitioned to runtime.
2001-01-01T04:11:45.741Z| vcpu-1| I125: SVGA: Unregistering IOSpace at 0x1040
2001-01-01T04:11:45.741Z| vcpu-1| I125: SVGA: Unregistering MemSpace at 0xf0000000(0xf0000000) and 0xfb800000(0xfb800000)
2001-01-01T04:11:45.742Z| vcpu-1| I125: SVGA: Registering IOSpace at 0x1040
2001-01-01T04:11:45.742Z| vcpu-1| I125: SVGA: Registering MemSpace at 0xf0000000(0xf0000000) and 0xfb800000(0xfb800000)
2001-01-01T04:11:47.155Z| vcpu-0| I125: Guest: Driver=vsock, Version=9.8.17.0
2001-01-01T04:11:47.156Z| vcpu-0| I125: Guest: Driver=vmci, Version=9.8.30.0
2001-01-01T04:11:47.268Z| vcpu-1| I125: AHCI-VMM:HBA reset issued on sata0.
2001-01-01T04:11:49.081Z| vcpu-1| I125: Guest: PVSCSI: driver StorPort v1.3.17.0 starts. obj=FFFF808E5D75AD20 reg=FFFFF80451335AF0
2001-01-01T04:11:49.081Z| vcpu-1| I125: Guest: Driver=pvscsi, Version=1.3.17.0
2001-01-01T04:11:49.131Z| vcpu-1| I125: Guest: PVSCSI: FindAdapter starts (arg='')
2001-01-01T04:11:49.131Z| vcpu-1| I125: Guest: PVSCSI: range[0]: mmio=1 len=32768 s=0xfe900000
2001-01-01T04:11:49.131Z| vcpu-1| I125: Guest: PVSCSI: range[1]: mmio=0 len=0 s=0x0
2001-01-01T04:11:49.131Z| vcpu-1| I125: Guest: PVSCSI: PVSCSIGetDeviceBase returns 0xffffe58147140000
2001-01-01T04:11:49.132Z| vcpu-1| I125: Guest: PVSCSI: FindAdapter: Device returned, max targets: 65, Driver max: 255
2001-01-01T04:11:49.132Z| vcpu-1| I125: Guest: PVSCSI: CONFIG: useMsg=1 MaxQueueDepth=64 ringPages=32 useReqCallThreshold=1
2001-01-01T04:11:49.132Z| vcpu-1| I125: PVSCSI: ReqRing: 1024 entries, eSz=128, 32 pages
2001-01-01T04:11:49.132Z| vcpu-1| I125: PVSCSI: CmpRing: 4096 entries, eSz=32, 32 pages
2001-01-01T04:11:49.132Z| vcpu-1| I125: PVSCSI: MsgRing: 32 entries, eSz=128, 1 pages
2001-01-01T04:11:49.133Z| vcpu-1| I125: PVSCSI: scsi0: switching to sync
2001-01-01T04:11:49.133Z| vcpu-1| I125: PVSCSI: scsi0: init reqCallThresholdCapable 1
2001-01-01T04:11:50.653Z| vcpu-1| I125: Guest: vm3d: WDDM Miniport Loading the release build type
2001-01-01T04:11:50.679Z| vcpu-1| I125: Guest: vm3d: Driver=wddm, Version=8.17.03.0005
2001-01-01T04:11:50.983Z| vcpu-0| I125: SVGA: Unregistering IOSpace at 0x1040
2001-01-01T04:11:50.983Z| vcpu-0| I125: SVGA: Unregistering MemSpace at 0xf0000000(0xf0000000) and 0xfb800000(0xfb800000)
2001-01-01T04:11:50.985Z| vcpu-0| I125: SVGA: Registering IOSpace at 0x1040
2001-01-01T04:11:50.985Z| vcpu-0| I125: SVGA: Registering MemSpace at 0xf0000000(0xf0000000) and 0xfb800000(0xfb800000)
2001-01-01T04:11:50.989Z| vcpu-0| I125: CDROM: Emulate GET CONFIGURATION RT 0 starting feature 0
2001-01-01T04:11:50.989Z| vcpu-0| I125: CDROM: Emulate GET CONFIGURATION RT 2 starting feature 0
2001-01-01T04:11:50.989Z| vcpu-0| I125: CDROM: Emulate GET CONFIGURATION RT 0 starting feature 0
2001-01-01T04:11:50.989Z| vcpu-0| I125: CDROM: Emulate GET CONFIGURATION RT 0 starting feature 0
2001-01-01T04:11:50.990Z| vcpu-0| I125: CDROM: Unknown command 0xA4.
2001-01-01T04:11:50.990Z| vcpu-0| I125: CDROM sata0:0: CMD 0xa4 (*UNKNOWN (0xa4)*) FAILED (key 0x5 asc 0x20 ascq 0)
2001-01-01T04:11:51.046Z| vcpu-1| I125: CDROM: Emulate GET CONFIGURATION RT 1 starting feature 0
2001-01-01T04:11:51.081Z| vcpu-1| I125: PCIXHCI: Interrupt type changed from INTX to MSIX
2001-01-01T04:11:51.149Z| vcpu-0| I125: E1000: e1000e-- tx queue 1 is enabled.
2001-01-01T04:11:51.149Z| vcpu-0| I125: E1000: e1000e-- tx queue 1 is enabled.
2001-01-01T04:11:51.149Z| vcpu-0| I125: E1000: e1000e-- tx queue 1 is enabled.
2001-01-01T04:11:51.149Z| vcpu-0| I125: E1000: e1000e-- tx queue 1 is enabled.
2001-01-01T04:11:51.149Z| vcpu-0| I125: E1000: e1000e-- tx queue 1 is enabled.
2001-01-01T04:11:51.149Z| vcpu-0| I125: E1000: e1000e-- tx queue 1 is enabled.
2001-01-01T04:11:51.149Z| vcpu-0| I125: E1000: e1000e-- tx queue 1 is enabled.
2001-01-01T04:11:51.149Z| vcpu-0| I125: E1000: e1000e-- tx queue 1 is enabled.
2001-01-01T04:11:51.149Z| vcpu-0| I125: E1000: e1000e-- tx queue 1 is enabled.
2001-01-01T04:11:51.149Z| vcpu-0| I125: E1000: e1000e-- tx queue 1 is enabled.
2001-01-01T04:11:51.149Z| vcpu-0| I125: E1000: e1000e-- tx queue 1 is enabled.
2001-01-01T04:11:51.149Z| vcpu-0| I125: E1000: e1000e-- tx queue 1 is enabled.
2001-01-01T04:11:51.151Z| vcpu-0| I125: E1000: e1000e-- tx queue 1 is enabled.
2001-01-01T04:11:51.151Z| vcpu-0| I125: E1000: e1000e-- tx queue 1 is enabled.
2001-01-01T04:11:51.151Z| vcpu-0| I125: E1000: e1000e-- tx queue 1 is enabled.
2001-01-01T04:11:51.151Z| vcpu-0| I125: E1000: e1000e-- tx queue 1 is enabled.
2001-01-01T04:11:51.174Z| vcpu-0| I125: E1000: e1000e-- tx queue 1 is enabled.
2001-01-01T04:11:51.175Z| vcpu-0| I125: E1000: e1000e-- tx queue 1 is enabled.
2001-01-01T04:11:51.176Z| vcpu-0| I125: E1000: e1000e-- tx queue 1 is enabled.
2001-01-01T04:11:51.176Z| vcpu-0| I125: E1000: e1000e-- tx queue 1 is enabled.
2001-01-01T04:11:51.176Z| vcpu-0| I125: E1000: e1000e-- tx queue 1 is enabled.
2001-01-01T04:11:51.178Z| vcpu-0| I125: E1000: e1000e-- tx queue 1 is enabled.
2001-01-01T04:11:53.957Z| vcpu-1| I125: Guest: vm3d: SVGA WDDM Display Only driver, Version: 8.17.03.0005, Build Number: 18379147
2001-01-01T04:11:53.958Z| vcpu-1| I125: Guest: vm3d: WDDM OS version: 10.0, build number: 20348, service pack version: 0.0, platform Id: 2, product type: 3, suite mask: 0x110
2001-01-01T04:11:53.964Z| vcpu-1| I125: Guest: vm3d: WDDM SVGA Grow OTable command enabled.
2001-01-01T04:11:53.965Z| vcpu-1| I125: Guest: vm3d: WDDM SVGA IntraSurfaceCopy command enabled.
2001-01-01T04:11:53.965Z| vcpu-1| I125: Guest: vm3d: WDDM Guest backed surface is enabled.
2001-01-01T04:11:53.965Z| vcpu-1| I125: Guest: vm3d: WDDM Large cursor support is disabled.
2001-01-01T04:11:53.965Z| vcpu-1| I125: Guest: vm3d: WDDM Frame Type is disabled.
2001-01-01T04:11:53.969Z| vcpu-1| I125: Guest: vm3d: WDDM SVGA DX11.0 (SM5) support is disabled.
2001-01-01T04:11:53.969Z| vcpu-1| I125: Guest: vm3d: WDDM 3D is disabled.
2001-01-01T04:11:53.969Z| vcpu-1| I125: Guest: vm3d: WDDM DX10 context is disabled.
2001-01-01T04:11:53.969Z| vcpu-1| I125: Guest: vm3d: WDDM GL3 is disabled.
2001-01-01T04:11:53.969Z| vcpu-1| I125: Guest: vm3d: WDDM DX cap is enabled.
2001-01-01T04:11:53.969Z| vcpu-1| I125: Guest: vm3d: WDDM HP Queue is enabled.
2001-01-01T04:11:53.969Z| vcpu-1| I125: Guest: vm3d: WDDM GDI HW acceleration is disabled.
2001-01-01T04:11:53.969Z| vcpu-1| I125: Guest: vm3d: WDDM Guest backed primary in aperture is enabled.
2001-01-01T04:11:53.972Z| vcpu-1| I125: Guest: vm3d: WDDM Preemption Aware is enabled.
2001-01-01T04:11:53.972Z| vcpu-1| I125: Guest: vm3d: WDDM EDID is disabled.
2001-01-01T04:11:53.979Z| svga| I125: VNCENCODE 138 VNCEncode: VNCEncode_ServerSetTopology - original root: (0, 0) size: (1024, 768)
2001-01-01T04:11:53.979Z| svga| I125: VNCENCODE 138 VNCEncode: screen: 0 BoundingBox: (1024x768) Screen (1024x768) @ (0,0) bytesPerLine: 4096
2001-01-01T04:11:53.979Z| vcpu-1| I125: Guest: vm3d: Modeset enabled, types available: TR CCD Multi
2001-01-01T04:11:53.980Z| vcpu-1| I125: Guest: vm3d: WDDM DirectFlip is disabled.
2001-01-01T04:11:53.981Z| vcpu-1| I125: Guest: vm3d: WDDM VSync is disabled.
2001-01-01T04:11:53.981Z| vcpu-1| I125: Guest: vm3d: WDDM DevApi using ScreenDMA
2001-01-01T04:11:53.981Z| vcpu-1| I125: Guest: vm3d: WDDM DevApi cannot determine ScreenDMA support, output may be black
2001-01-01T04:11:53.982Z| vcpu-1| I125: Guest: vm3d: WDDM v1.2 enabled.
2001-01-01T04:11:53.982Z| vcpu-1| I125: Guest: vm3d: WDDM primary mem 16384KB.
2001-01-01T04:11:53.982Z| vcpu-1| I125: Guest: vm3d: WDDM VRAM 4096KB.
2001-01-01T04:11:53.983Z| vcpu-1| I125: Guest: vm3d: WDDM using 12KB memory for OTable.
2001-01-01T04:11:53.983Z| vcpu-1| I125: Guest: vm3d: WDDM Aperture memory 16384KB.
2001-01-01T04:11:53.986Z| vcpu-1| I125: Guest: vm3d: 1 monitors active
2001-01-01T04:11:54.110Z| svga| I125: SVGA-ScreenMgr: Screen type changed to ScreenTarget
2001-01-01T04:11:54.111Z| svga| I125: VNCENCODE 138 VNCEncode: VNCEncode_ServerSetTopology - original root: (0, 0) size: (1024, 768)
2001-01-01T04:11:54.111Z| svga| I125: VNCENCODE 138 VNCEncode: screen: 0 BoundingBox: (1024x768) Screen (1024x768) @ (0,0) bytesPerLine: 4096
2001-01-01T04:11:54.111Z| mks| W115: VNCENCODE 138 JPEG quality levels (min, mid, max). Input: (25, 35, 90) Clamped: (25, 35, 90)
2001-01-01T04:11:54.111Z| mks| I125: VNCENCODE 138 VNCEncodeChooseRegionEncoder: region encoder adaptive. Screen 1/1 @ Resolution: 1024 x 768
2001-01-01T04:11:58.787Z| vcpu-0| I125: E1000: e1000e-- tx queue 1 is enabled.
2001-01-01T04:11:58.791Z| vcpu-0| I125: E1000: e1000e-- tx queue 1 is enabled.
2001-01-01T04:11:58.864Z| vcpu-1| I125: CDROM: Emulate GET CONFIGURATION RT 2 starting feature 0
2001-01-01T04:11:58.864Z| vcpu-1| I125: CDROM: Emulate GET CONFIGURATION RT 2 starting feature 30
2001-01-01T04:11:58.865Z| vcpu-1| I125: CDROM: Emulate GET CONFIGURATION RT 2 starting feature 31
2001-01-01T04:11:58.865Z| vcpu-1| I125: CDROM: Emulate GET CONFIGURATION RT 2 starting feature 32
2001-01-01T04:11:58.865Z| vcpu-1| I125: CDROM: Emulate GET CONFIGURATION RT 2 starting feature 33
2001-01-01T04:11:58.865Z| vcpu-1| I125: CDROM: Emulate GET CONFIGURATION RT 2 starting feature 35
2001-01-01T04:11:58.865Z| vcpu-1| I125: CDROM: Emulate GET CONFIGURATION RT 2 starting feature 36
2001-01-01T04:11:58.865Z| vcpu-1| I125: CDROM: Emulate GET CONFIGURATION RT 2 starting feature 38
2001-01-01T04:11:58.865Z| vcpu-1| I125: CDROM: Emulate GET CONFIGURATION RT 2 starting feature 42
2001-01-01T04:11:58.865Z| vcpu-1| I125: CDROM: Emulate GET CONFIGURATION RT 2 starting feature 43
2001-01-01T04:11:58.865Z| vcpu-1| I125: CDROM: Emulate GET CONFIGURATION RT 2 starting feature 45
2001-01-01T04:11:58.865Z| vcpu-1| I125: CDROM: Emulate GET CONFIGURATION RT 2 starting feature 46
2001-01-01T04:11:58.865Z| vcpu-1| I125: CDROM: Emulate GET CONFIGURATION RT 2 starting feature 47
2001-01-01T04:11:58.866Z| vcpu-0| I125: CDROM: Emulate GET CONFIGURATION RT 2 starting feature 64
2001-01-01T04:11:58.866Z| vcpu-1| I125: CDROM: Emulate GET CONFIGURATION RT 2 starting feature 65
2001-01-01T04:11:58.866Z| vcpu-0| I125: CDROM: Emulate GET CONFIGURATION RT 2 starting feature 259
2001-01-01T04:11:59.629Z| vcpu-1| W115: Balloon: Start: vmmemctl reset balloon
2001-01-01T04:11:59.630Z| vcpu-1| I125: Balloon: Reset (n 3 pages 0)
2001-01-01T04:11:59.630Z| vcpu-1| I125: Balloon: Reset: nUnlocked 0 size 0
2001-01-01T04:12:01.844Z| vcpu-0| I125: E1000: e1000e-- tx queue 1 is enabled.
2001-01-01T04:12:02.568Z| vmx| I125: Guest: toolbox: Version: 11.3.5.31214 (build-18557794)
2001-01-01T04:12:02.572Z| vcpu-0| W115: GuestRpc: application toolbox, changing channel 65535 -> 0
2001-01-01T04:12:02.572Z| vcpu-0| I125: GuestRpc: Channel 0, guest application toolbox.
2001-01-01T04:12:02.572Z| vcpu-0| I125: DEPLOYPKG: ToolsDeployPkg_Begin: state=0 err=0, msg=null
2001-01-01T04:12:02.713Z| vmx| I125: TOOLS soft reset detected.
2001-01-01T04:12:02.723Z| vmx| I125: TOOLS autoupgrade protocol version 2
2001-01-01T04:12:02.726Z| vmx| I125: Vix: [mainDispatch.c:4156]: VMAutomationReportPowerStateChange: Reporting power state change (opcode=2, err=0).
2001-01-01T04:12:02.826Z| vmx| I125: TOOLS Received tools.set.versiontype rpc call, version = 11365, type = 1
2001-01-01T04:12:02.826Z| vmx| I125: Tools_SetVersionAndType did nothing; new tools version (11365) and type (1) match old Tools version and type
2001-01-01T04:12:02.826Z| vmx| I125: TOOLS Setting autoupgrade-checked FALSE.
2001-01-01T04:12:02.826Z| vmx| I125: TOOLS using cached value 1 for isoImageExists (refreshCount=1, lastCount=1).
2001-01-01T04:12:02.826Z| vmx| I125: Starting copy guest manifest.
2001-01-01T04:12:02.830Z| vcpu-1| I125: HGFileCopyCreateSessionCB: Successfully created the session.
2001-01-01T04:12:02.864Z| vcpu-1| I125: Guest: CBLAUNCHER: AUDIT: main : CB launcher starting up. Version: 1.1.0 build-18323979
2001-01-01T04:12:02.864Z| vcpu-0| I125: ToolsLoadManifestFileCB: Queuing a request to update the manifest information.
2001-01-01T04:12:02.865Z| worker-2106034| I125: ToolsISO: Refreshing imageName for 'windows9srv-64' (refreshCount=1, lastCount=1).
2001-01-01T04:12:02.953Z| worker-2106034| I125: ToolsISO: Updated cached value for imageName to 'windows.iso'.
2001-01-01T04:12:02.953Z| worker-2106034| I125: ToolsISO: Selected Tools ISO 'windows.iso' for 'windows9srv-64' guest.
2001-01-01T04:12:02.958Z| worker-2106034| I125: GetHostManifests: Extracting the manifest file.
2001-01-01T04:12:02.980Z| vcpu-0| I125: Guest: CBLAUNCHER: AUDIT: InitCbLauncher : Launcher INIT completed
2001-01-01T04:12:02.981Z| vcpu-0| I125: Guest: CBLAUNCHER: AUDIT: main : CB launcher exiting now. Version: 1.1.0 build-18323979
2001-01-01T04:12:03.144Z| worker-2106034| I125: GetHostManifests: Done extracting the manifest file.
2001-01-01T04:12:03.148Z| worker-2106034| I125: ToolsVersionGetStatusWorkerThread: Tools status 3 derived from environment
2001-01-01T04:12:03.148Z| vmx| I125: ToolsUpdateManifestInfoWorkerThreadDone: Compared tools manifest from host and from the guest. Status = 3.
2001-01-01T04:12:03.148Z| vmx| I125: ToolsUpdateManifestInfoWorkerThreadDone: Updating the manifest info.
2001-01-01T04:12:03.159Z| vmx| A100: ConfigDB: Setting extendedConfigFile = "SGRL-WSU001.vmxf"
2001-01-01T04:12:03.171Z| vmx| I125: TOOLS using cached value 1 for isoImageExists (refreshCount=1, lastCount=1).
2001-01-01T04:12:03.171Z| vmx| I125: VMXVmdb_SetToolsVersionStatus: status value set to 'ok', 'current', install possible
2001-01-01T04:12:03.171Z| vmx| I125: TOOLS installed legacy version 11365, available legacy version 11365
2001-01-01T04:12:03.171Z| vmx| I125: TOOLS manifest update status is 3
2001-01-01T04:12:03.171Z| vmx| I125: TOOLS can be autoupgraded.
2001-01-01T04:12:03.171Z| vmx| I125: TOOLS Setting autoupgrade-checked TRUE.
2001-01-01T04:12:32.565Z| vmx| I125: GuestInfo: HostinfoDetailedDataHeader version: 1
2001-01-01T04:12:32.565Z| vmx| A100: ConfigDB: Setting guestOS.detailed.data = "architecture='X86' bitness='64' buildNumber='20348' distroName='Windows' distroVersion='10.0' familyName='Windows' kernelVersion='20348.4052' prettyName='Windows Server 2022, 64-bit (Build 20348.4052)'"
2001-01-01T04:13:06.690Z| vmx| I125: GuestRpc: Got RPCI vsocket connection 304, assigned to channel 1.
2001-01-01T04:13:07.706Z| vmx| I125: GuestRpc: Got error for channel 1 connection 305: Remote disconnected
2001-01-01T04:13:07.706Z| vmx| I125: GuestRpc: Closing channel 1 connection 305
2001-01-01T04:22:13.291Z| vcpu-0| I125: CDROM: Emulate GET CONFIGURATION RT 2 starting feature 0
2001-01-01T04:22:13.291Z| vcpu-0| I125: CDROM: Emulate GET CONFIGURATION RT 2 starting feature 0
2001-01-01T04:22:13.294Z| vcpu-0| I125: CDROM: Emulate GET CONFIGURATION RT 2 starting feature 0
2001-01-01T04:22:13.294Z| vcpu-0| I125: CDROM: Emulate GET CONFIGURATION RT 2 starting feature 0
2001-01-01T04:22:13.294Z| vcpu-0| I125: CDROM: Emulate GET CONFIGURATION RT 2 starting feature 45
2001-01-01T04:22:13.294Z| vcpu-0| I125: CDROM: Emulate GET CONFIGURATION RT 2 starting feature 45
2001-01-01T04:22:13.294Z| vcpu-0| I125: CDROM: Emulate GET CONFIGURATION RT 2 starting feature 47
2001-01-01T04:22:13.294Z| vcpu-0| I125: CDROM: Emulate GET CONFIGURATION RT 2 starting feature 47
2001-01-01T04:22:13.294Z| vcpu-0| I125: CDROM: Emulate GET CONFIGURATION RT 2 starting feature 43
2001-01-01T04:22:13.294Z| vcpu-0| I125: CDROM: Emulate GET CONFIGURATION RT 2 starting feature 43
2001-01-01T04:22:13.294Z| vcpu-0| I125: CDROM: Emulate GET CONFIGURATION RT 2 starting feature 42
2001-01-01T04:22:13.294Z| vcpu-0| I125: CDROM: Emulate GET CONFIGURATION RT 2 starting feature 42
2001-01-01T04:22:13.295Z| vcpu-0| I125: CDROM: Emulate GET CONFIGURATION RT 2 starting feature 59
2001-01-01T04:22:13.295Z| vcpu-0| I125: CDROM: Emulate GET CONFIGURATION RT 2 starting feature 59
2001-01-01T04:22:13.295Z| vcpu-0| I125: CDROM: Emulate GET CONFIGURATION RT 2 starting feature 65
2001-01-01T04:22:13.295Z| vcpu-0| I125: CDROM: Emulate GET CONFIGURATION RT 2 starting feature 65
2001-01-01T04:22:13.295Z| vcpu-0| I125: CDROM: Emulate GET CONFIGURATION RT 2 starting feature 0
2001-01-01T04:22:13.295Z| vcpu-0| I125: CDROM: Emulate GET CONFIGURATION RT 2 starting feature 0
2001-01-01T04:22:13.299Z| vcpu-0| I125: CDROM: Emulate GET CONFIGURATION RT 2 starting feature 0
2001-01-01T04:22:13.299Z| vcpu-0| I125: CDROM: Emulate GET CONFIGURATION RT 2 starting feature 0
2001-01-01T04:22:13.299Z| vcpu-0| I125: CDROM: Emulate GET CONFIGURATION RT 2 starting feature 45
2001-01-01T04:22:13.299Z| vcpu-0| I125: CDROM: Emulate GET CONFIGURATION RT 2 starting feature 45
2001-01-01T04:22:13.299Z| vcpu-0| I125: CDROM: Emulate GET CONFIGURATION RT 2 starting feature 47
2001-01-01T04:22:13.300Z| vcpu-0| I125: CDROM: Emulate GET CONFIGURATION RT 2 starting feature 47
2001-01-01T04:22:13.300Z| vcpu-0| I125: CDROM: Emulate GET CONFIGURATION RT 2 starting feature 43
2001-01-01T04:22:13.300Z| vcpu-0| I125: CDROM: Emulate GET CONFIGURATION RT 2 starting feature 43
2001-01-01T04:22:13.300Z| vcpu-0| I125: CDROM: Emulate GET CONFIGURATION RT 2 starting feature 42
2001-01-01T04:22:13.300Z| vcpu-0| I125: CDROM: Emulate GET CONFIGURATION RT 2 starting feature 42
2001-01-01T04:22:13.300Z| vcpu-0| I125: CDROM: Emulate GET CONFIGURATION RT 2 starting feature 59
2001-01-01T04:22:13.300Z| vcpu-0| I125: CDROM: Emulate GET CONFIGURATION RT 2 starting feature 59
2001-01-01T04:22:13.300Z| vcpu-0| I125: CDROM: Emulate GET CONFIGURATION RT 2 starting feature 65
2001-01-01T04:22:13.300Z| vcpu-0| I125: CDROM: Emulate GET CONFIGURATION RT 2 starting feature 65
2001-01-01T04:22:13.300Z| vcpu-0| I125: CDROM: Emulate GET CONFIGURATION RT 2 starting feature 0
2001-01-01T04:22:13.300Z| vcpu-0| I125: CDROM: Emulate GET CONFIGURATION RT 2 starting feature 0
2001-01-01T04:22:24.386Z| vmx| I125: Guest: toolbox-dnd: Version: 11.3.5.31214 (build-18557794)
2001-01-01T04:22:24.387Z| vcpu-0| W115: GuestRpc: application toolbox-dnd, changing channel 65535 -> 1
2001-01-01T04:22:24.387Z| vcpu-0| I125: GuestRpc: Channel 1, guest application toolbox-dnd.
2001-01-01T04:27:43.016Z| vcpu-0| I125: CDROM: Unknown command 0xA4.
2001-01-01T04:27:43.019Z| vcpu-0| I125: CDROM sata0:0: CMD 0xa4 (*UNKNOWN (0xa4)*) FAILED (key 0x5 asc 0x20 ascq 0)
2001-01-01T04:27:54.264Z| vcpu-1| I125: CDROM: Emulate GET CONFIGURATION RT 2 starting feature 0
2001-01-01T04:27:54.264Z| vcpu-1| I125: CDROM: Emulate GET CONFIGURATION RT 2 starting feature 30
2001-01-01T04:27:54.264Z| vcpu-1| I125: CDROM: Emulate GET CONFIGURATION RT 2 starting feature 31
2001-01-01T04:27:54.264Z| vcpu-1| I125: CDROM: Emulate GET CONFIGURATION RT 2 starting feature 32
2001-01-01T04:27:54.264Z| vcpu-1| I125: CDROM: Emulate GET CONFIGURATION RT 2 starting feature 33
2001-01-01T04:27:54.264Z| vcpu-1| I125: CDROM: Emulate GET CONFIGURATION RT 2 starting feature 35
2001-01-01T04:27:54.264Z| vcpu-1| I125: CDROM: Emulate GET CONFIGURATION RT 2 starting feature 36
2001-01-01T04:27:54.264Z| vcpu-1| I125: CDROM: Emulate GET CONFIGURATION RT 2 starting feature 38
2001-01-01T04:27:54.265Z| vcpu-1| I125: CDROM: Emulate GET CONFIGURATION RT 2 starting feature 42
2001-01-01T04:27:54.265Z| vcpu-1| I125: CDROM: Emulate GET CONFIGURATION RT 2 starting feature 43
2001-01-01T04:27:54.265Z| vcpu-1| I125: CDROM: Emulate GET CONFIGURATION RT 2 starting feature 45
2001-01-01T04:27:54.265Z| vcpu-1| I125: CDROM: Emulate GET CONFIGURATION RT 2 starting feature 46
2001-01-01T04:27:54.265Z| vcpu-1| I125: CDROM: Emulate GET CONFIGURATION RT 2 starting feature 47
2001-01-01T04:27:54.265Z| vcpu-1| I125: CDROM: Emulate GET CONFIGURATION RT 2 starting feature 64
2001-01-01T04:27:54.265Z| vcpu-1| I125: CDROM: Emulate GET CONFIGURATION RT 2 starting feature 65
2001-01-01T04:27:54.265Z| vcpu-1| I125: CDROM: Emulate GET CONFIGURATION RT 2 starting feature 259
2001-01-01T04:27:54.278Z| vcpu-0| I125: CDROM: Emulate GET CONFIGURATION RT 2 starting feature 0
2001-01-01T04:27:54.278Z| vcpu-0| I125: CDROM: Emulate GET CONFIGURATION RT 2 starting feature 30
2001-01-01T04:27:54.279Z| vcpu-0| I125: CDROM: Emulate GET CONFIGURATION RT 2 starting feature 31
2001-01-01T04:27:54.279Z| vcpu-0| I125: CDROM: Emulate GET CONFIGURATION RT 2 starting feature 32
2001-01-01T04:27:54.279Z| vcpu-0| I125: CDROM: Emulate GET CONFIGURATION RT 2 starting feature 33
2001-01-01T04:27:54.279Z| vcpu-0| I125: CDROM: Emulate GET CONFIGURATION RT 2 starting feature 35
2001-01-01T04:27:54.280Z| vcpu-0| I125: CDROM: Emulate GET CONFIGURATION RT 2 starting feature 36
2001-01-01T04:27:54.280Z| vcpu-0| I125: CDROM: Emulate GET CONFIGURATION RT 2 starting feature 38
2001-01-01T04:27:54.280Z| vcpu-0| I125: CDROM: Emulate GET CONFIGURATION RT 2 starting feature 42
2001-01-01T04:27:54.280Z| vcpu-0| I125: CDROM: Emulate GET CONFIGURATION RT 2 starting feature 43
2001-01-01T04:27:54.280Z| vcpu-0| I125: CDROM: Emulate GET CONFIGURATION RT 2 starting feature 45
2001-01-01T04:27:54.280Z| vcpu-0| I125: CDROM: Emulate GET CONFIGURATION RT 2 starting feature 46
2001-01-01T04:27:54.280Z| vcpu-0| I125: CDROM: Emulate GET CONFIGURATION RT 2 starting feature 47
2001-01-01T04:27:54.280Z| vcpu-0| I125: CDROM: Emulate GET CONFIGURATION RT 2 starting feature 64
2001-01-01T04:27:54.280Z| vcpu-0| I125: CDROM: Emulate GET CONFIGURATION RT 2 starting feature 65
2001-01-01T04:27:54.280Z| vcpu-0| I125: CDROM: Emulate GET CONFIGURATION RT 2 starting feature 259
2001-01-01T04:27:54.298Z| vcpu-0| I125: CDROM: Emulate GET CONFIGURATION RT 2 starting feature 0
2001-01-01T04:27:54.298Z| vcpu-0| I125: CDROM: Emulate GET CONFIGURATION RT 2 starting feature 0
2001-01-01T04:27:54.299Z| vcpu-0| I125: CDROM: Emulate GET CONFIGURATION RT 2 starting feature 0
2001-01-01T04:27:54.299Z| vcpu-0| I125: CDROM: Emulate GET CONFIGURATION RT 2 starting feature 0
2001-01-01T04:27:54.299Z| vcpu-0| I125: CDROM: Emulate GET CONFIGURATION RT 2 starting feature 0
2001-01-01T04:27:54.299Z| vcpu-1| I125: CDROM: Emulate GET CONFIGURATION RT 2 starting feature 0
2001-01-01T04:27:54.299Z| vcpu-0| I125: CDROM: Emulate GET CONFIGURATION RT 2 starting feature 0
2001-01-01T04:27:54.299Z| vcpu-1| I125: CDROM: Emulate GET CONFIGURATION RT 2 starting feature 0
2001-01-01T04:27:54.300Z| vcpu-0| I125: CDROM: Emulate GET CONFIGURATION RT 2 starting feature 45
2001-01-01T04:27:54.300Z| vcpu-1| I125: CDROM: Emulate GET CONFIGURATION RT 2 starting feature 45
2001-01-01T04:27:54.300Z| vcpu-1| I125: CDROM: Emulate GET CONFIGURATION RT 2 starting feature 45
2001-01-01T04:27:54.300Z| vcpu-1| I125: CDROM: Emulate GET CONFIGURATION RT 2 starting feature 45
2001-01-01T04:27:54.300Z| vcpu-0| I125: CDROM: Emulate GET CONFIGURATION RT 2 starting feature 47
2001-01-01T04:27:54.300Z| vcpu-1| I125: CDROM: Emulate GET CONFIGURATION RT 2 starting feature 47
2001-01-01T04:27:54.300Z| vcpu-1| I125: CDROM: Emulate GET CONFIGURATION RT 2 starting feature 47
2001-01-01T04:27:54.300Z| vcpu-1| I125: CDROM: Emulate GET CONFIGURATION RT 2 starting feature 47
2001-01-01T04:27:54.300Z| vcpu-0| I125: CDROM: Emulate GET CONFIGURATION RT 2 starting feature 43
2001-01-01T04:27:54.300Z| vcpu-1| I125: CDROM: Emulate GET CONFIGURATION RT 2 starting feature 43
2001-01-01T04:27:54.300Z| vcpu-0| I125: CDROM: Emulate GET CONFIGURATION RT 2 starting feature 43
2001-01-01T04:27:54.300Z| vcpu-1| I125: CDROM: Emulate GET CONFIGURATION RT 2 starting feature 43
2001-01-01T04:27:54.301Z| vcpu-1| I125: CDROM: Emulate GET CONFIGURATION RT 2 starting feature 42
2001-01-01T04:27:54.301Z| vcpu-0| I125: CDROM: Emulate GET CONFIGURATION RT 2 starting feature 42
2001-01-01T04:27:54.301Z| vcpu-1| I125: CDROM: Emulate GET CONFIGURATION RT 2 starting feature 42
2001-01-01T04:27:54.301Z| vcpu-0| I125: CDROM: Emulate GET CONFIGURATION RT 2 starting feature 42
2001-01-01T04:27:54.301Z| vcpu-1| I125: CDROM: Emulate GET CONFIGURATION RT 2 starting feature 59
2001-01-01T04:27:54.301Z| vcpu-1| I125: CDROM: Emulate GET CONFIGURATION RT 2 starting feature 59
2001-01-01T04:27:54.301Z| vcpu-0| I125: CDROM: Emulate GET CONFIGURATION RT 2 starting feature 59
2001-01-01T04:27:54.301Z| vcpu-1| I125: CDROM: Emulate GET CONFIGURATION RT 2 starting feature 59
2001-01-01T04:27:54.301Z| vcpu-0| I125: CDROM: Emulate GET CONFIGURATION RT 2 starting feature 65
2001-01-01T04:27:54.301Z| vcpu-0| I125: CDROM: Emulate GET CONFIGURATION RT 2 starting feature 65
2001-01-01T04:27:54.301Z| vcpu-1| I125: CDROM: Emulate GET CONFIGURATION RT 2 starting feature 65
2001-01-01T04:27:54.302Z| vcpu-0| I125: CDROM: Emulate GET CONFIGURATION RT 2 starting feature 65
2001-01-01T04:27:54.302Z| vcpu-1| I125: CDROM: Emulate GET CONFIGURATION RT 2 starting feature 0
2001-01-01T04:27:54.302Z| vcpu-0| I125: CDROM: Emulate GET CONFIGURATION RT 2 starting feature 0
2001-01-01T04:27:54.302Z| vcpu-1| I125: CDROM: Emulate GET CONFIGURATION RT 2 starting feature 0
2001-01-01T04:27:54.302Z| vcpu-0| I125: CDROM: Emulate GET CONFIGURATION RT 2 starting feature 0
2001-01-01T04:27:54.306Z| vcpu-0| I125: CDROM: Emulate GET CONFIGURATION RT 2 starting feature 0
2001-01-01T04:27:54.306Z| vcpu-0| I125: CDROM: Emulate GET CONFIGURATION RT 2 starting feature 0
2001-01-01T04:27:54.306Z| vcpu-0| I125: CDROM: Emulate GET CONFIGURATION RT 2 starting feature 45
2001-01-01T04:27:54.306Z| vcpu-0| I125: CDROM: Emulate GET CONFIGURATION RT 2 starting feature 45
2001-01-01T04:27:54.306Z| vcpu-0| I125: CDROM: Emulate GET CONFIGURATION RT 2 starting feature 47
2001-01-01T04:27:54.306Z| vcpu-0| I125: CDROM: Emulate GET CONFIGURATION RT 2 starting feature 47
2001-01-01T04:27:54.306Z| vcpu-0| I125: CDROM: Emulate GET CONFIGURATION RT 2 starting feature 43
2001-01-01T04:27:54.307Z| vcpu-0| I125: CDROM: Emulate GET CONFIGURATION RT 2 starting feature 43
2001-01-01T04:27:54.307Z| vcpu-0| I125: CDROM: Emulate GET CONFIGURATION RT 2 starting feature 42
2001-01-01T04:27:54.307Z| vcpu-0| I125: CDROM: Emulate GET CONFIGURATION RT 2 starting feature 42
2001-01-01T04:27:54.307Z| vcpu-0| I125: CDROM: Emulate GET CONFIGURATION RT 2 starting feature 59
2001-01-01T04:27:54.307Z| vcpu-0| I125: CDROM: Emulate GET CONFIGURATION RT 2 starting feature 59
2001-01-01T04:27:54.307Z| vcpu-0| I125: CDROM: Emulate GET CONFIGURATION RT 2 starting feature 65
2001-01-01T04:27:54.307Z| vcpu-0| I125: CDROM: Emulate GET CONFIGURATION RT 2 starting feature 65
2001-01-01T04:27:54.307Z| vcpu-0| I125: CDROM: Emulate GET CONFIGURATION RT 2 starting feature 0
2001-01-01T04:27:54.307Z| vcpu-0| I125: CDROM: Emulate GET CONFIGURATION RT 2 starting feature 0
2001-01-01T04:28:00.404Z| vcpu-0| I125: HBACommon: First write on scsi0:1.fileName='/vmfs/volumes/3a4fd8ce-fc4375c4-effb-5cf3fce846f8/SGRL-WSU001/SGRL-WSU001_1.vmdk'
2001-01-01T04:28:00.404Z| vcpu-0| I125: DDB: "longContentID" = "09148e246eddcf8e4b268140bbc8ff3d" (was "ff31684b68b911ce71274da0fffffffe")
2001-01-01T04:28:00.445Z| vcpu-0| I125: DISKLIB-CHAIN : DiskChainUpdateContentID: old=0xfffffffe, new=0xbbc8ff3d (09148e246eddcf8e4b268140bbc8ff3d)
2001-01-01T04:28:20.809Z| vcpu-1| I125: CDROM: Emulate GET CONFIGURATION RT 2 starting feature 0
2001-01-01T04:28:20.809Z| vcpu-1| I125: CDROM: Emulate GET CONFIGURATION RT 2 starting feature 0
2001-01-01T04:28:20.809Z| vcpu-0| I125: CDROM: Emulate GET CONFIGURATION RT 2 starting feature 0
2001-01-01T04:28:20.809Z| vcpu-0| I125: CDROM: Emulate GET CONFIGURATION RT 2 starting feature 0
2001-01-01T04:28:20.809Z| vcpu-0| I125: CDROM: Emulate GET CONFIGURATION RT 2 starting feature 45
2001-01-01T04:28:20.810Z| vcpu-0| I125: CDROM: Emulate GET CONFIGURATION RT 2 starting feature 45
2001-01-01T04:28:20.810Z| vcpu-0| I125: CDROM: Emulate GET CONFIGURATION RT 2 starting feature 47
2001-01-01T04:28:20.810Z| vcpu-0| I125: CDROM: Emulate GET CONFIGURATION RT 2 starting feature 47
2001-01-01T04:28:20.810Z| vcpu-0| I125: CDROM: Emulate GET CONFIGURATION RT 2 starting feature 43
2001-01-01T04:28:20.810Z| vcpu-0| I125: CDROM: Emulate GET CONFIGURATION RT 2 starting feature 43
2001-01-01T04:28:20.810Z| vcpu-0| I125: CDROM: Emulate GET CONFIGURATION RT 2 starting feature 42
2001-01-01T04:28:20.810Z| vcpu-0| I125: CDROM: Emulate GET CONFIGURATION RT 2 starting feature 42
2001-01-01T04:28:20.810Z| vcpu-0| I125: CDROM: Emulate GET CONFIGURATION RT 2 starting feature 59
2001-01-01T04:28:20.810Z| vcpu-0| I125: CDROM: Emulate GET CONFIGURATION RT 2 starting feature 59
2001-01-01T04:28:20.810Z| vcpu-0| I125: CDROM: Emulate GET CONFIGURATION RT 2 starting feature 65
2001-01-01T04:28:20.810Z| vcpu-0| I125: CDROM: Emulate GET CONFIGURATION RT 2 starting feature 65
2001-01-01T04:28:20.810Z| vcpu-0| I125: CDROM: Emulate GET CONFIGURATION RT 2 starting feature 0
2001-01-01T04:28:20.811Z| vcpu-0| I125: CDROM: Emulate GET CONFIGURATION RT 2 starting feature 0
2001-01-01T04:55:29.607Z| vmx| I125: Tools_SetGuestResolution: Sending rpcMsg = Resolution_Set 1440 788
2001-01-01T04:55:29.725Z| vcpu-0| I125: Guest: DXUM_devapi: 2025-09-05T13:35:30.0223| Thread ID: 5788 |Application requested VM3DDevApi_Version3 (0x2)
2001-01-01T04:55:29.785Z| svga| I125: VNCENCODE 138 VNCEncode: VNCEncode_ServerSetTopology - original root: (0, 0) size: (1440, 788)
2001-01-01T04:55:29.785Z| svga| I125: VNCENCODE 138 VNCEncode: screen: 0 BoundingBox: (1440x788) Screen (1440x788) @ (0,0) bytesPerLine: 5760
2001-01-01T04:55:29.818Z| vcpu-1| I125: Guest: DXUM_devapi: 2025-09-05T13:35:30.0315| Thread ID: 5788 |ChangeTopology: Success (78 ms).
2001-01-01T04:55:29.826Z| mks| I125: VNCENCODE 138 encoding desktop size: (1440x788x24depth,32bpp)
2001-01-01T04:55:29.933Z| mks| W115: VNCENCODE 138 JPEG quality levels (min, mid, max). Input: (25, 35, 90) Clamped: (25, 35, 90)
2001-01-01T04:55:29.933Z| mks| I125: VNCENCODE 138 VNCEncodeChooseRegionEncoder: region encoder adaptive. Screen 1/1 @ Resolution: 1440 x 788
2001-01-01T04:55:30.176Z| vmx| I125: Tools_SetGuestResolution: Sending rpcMsg = Resolution_Set 1440 774
2001-01-01T04:55:30.289Z| vcpu-0| I125: Guest: DXUM_devapi: 2025-09-05T13:35:30.0787| Thread ID: 5852 |Application requested VM3DDevApi_Version3 (0x2)
2001-01-01T04:55:30.367Z| svga| I125: VNCENCODE 138 VNCEncode: VNCEncode_ServerSetTopology - original root: (0, 0) size: (1440, 774)
2001-01-01T04:55:30.367Z| svga| I125: VNCENCODE 138 VNCEncode: screen: 0 BoundingBox: (1440x774) Screen (1440x774) @ (0,0) bytesPerLine: 5760
2001-01-01T04:55:30.370Z| mks| I125: VNCENCODE 138 encoding desktop size: (1440x774x24depth,32bpp)
2001-01-01T04:55:30.403Z| vcpu-1| I125: Guest: DXUM_devapi: 2025-09-05T13:35:30.0901| Thread ID: 5852 |ChangeTopology: Success (109 ms).
2001-01-01T04:55:30.468Z| mks| W115: VNCENCODE 138 JPEG quality levels (min, mid, max). Input: (25, 35, 90) Clamped: (25, 35, 90)
2001-01-01T04:55:30.469Z| mks| I125: VNCENCODE 138 VNCEncodeChooseRegionEncoder: region encoder adaptive. Screen 1/1 @ Resolution: 1440 x 774
2001-01-01T04:55:30.582Z| vmx| I125: Tools_SetGuestResolution: Sending rpcMsg = Resolution_Set 1440 786
2001-01-01T04:55:30.625Z| vcpu-1| I125: Guest: DXUM_devapi: 2025-09-05T13:35:31.0123| Thread ID: 5696 |Application requested VM3DDevApi_Version3 (0x2)
2001-01-01T04:55:30.700Z| svga| I125: VNCENCODE 138 VNCEncode: VNCEncode_ServerSetTopology - original root: (0, 0) size: (1440, 786)
2001-01-01T04:55:30.700Z| svga| I125: VNCENCODE 138 VNCEncode: screen: 0 BoundingBox: (1440x786) Screen (1440x786) @ (0,0) bytesPerLine: 5760
2001-01-01T04:55:30.732Z| vcpu-1| I125: Guest: DXUM_devapi: 2025-09-05T13:35:31.0230| Thread ID: 5696 |ChangeTopology: Success (78 ms).
2001-01-01T04:55:30.798Z| mks| I125: VNCENCODE 138 encoding desktop size: (1440x786x24depth,32bpp)
2001-01-01T04:55:30.866Z| mks| W115: VNCENCODE 138 JPEG quality levels (min, mid, max). Input: (25, 35, 90) Clamped: (25, 35, 90)
2001-01-01T04:55:30.866Z| mks| I125: VNCENCODE 138 VNCEncodeChooseRegionEncoder: region encoder adaptive. Screen 1/1 @ Resolution: 1440 x 786
2001-01-01T04:55:30.924Z| vmx| I125: Tools_SetGuestResolution: Sending rpcMsg = Resolution_Set 1440 763
2001-01-01T04:55:31.023Z| vcpu-0| I125: Guest: DXUM_devapi: 2025-09-05T13:35:31.0521| Thread ID: 3816 |Application requested VM3DDevApi_Version3 (0x2)
2001-01-01T04:55:31.101Z| svga| I125: VNCENCODE 138 VNCEncode: VNCEncode_ServerSetTopology - original root: (0, 0) size: (1440, 763)
2001-01-01T04:55:31.101Z| svga| I125: VNCENCODE 138 VNCEncode: screen: 0 BoundingBox: (1440x763) Screen (1440x763) @ (0,0) bytesPerLine: 5760
2001-01-01T04:55:31.122Z| vcpu-0| I125: Guest: DXUM_devapi: 2025-09-05T13:35:31.0620| Thread ID: 3816 |ChangeTopology: Success (63 ms).
2001-01-01T04:55:31.148Z| mks| I125: VNCENCODE 138 encoding desktop size: (1440x763x24depth,32bpp)
2001-01-01T04:55:31.216Z| mks| W115: VNCENCODE 138 JPEG quality levels (min, mid, max). Input: (25, 35, 90) Clamped: (25, 35, 90)
2001-01-01T04:55:31.216Z| mks| I125: VNCENCODE 138 VNCEncodeChooseRegionEncoder: region encoder adaptive. Screen 1/1 @ Resolution: 1440 x 763
2001-01-01T04:55:41.792Z| vmx| I125: Tools_SetGuestResolution: Sending rpcMsg = Resolution_Set 1440 765
2001-01-01T04:55:41.852Z| vcpu-0| I125: Guest: DXUM_devapi: 2025-09-05T13:35:42.0350| Thread ID: 1132 |Application requested VM3DDevApi_Version3 (0x2)
2001-01-01T04:55:41.923Z| svga| I125: VNCENCODE 138 VNCEncode: VNCEncode_ServerSetTopology - original root: (0, 0) size: (1440, 765)
2001-01-01T04:55:41.923Z| svga| I125: VNCENCODE 138 VNCEncode: screen: 0 BoundingBox: (1440x765) Screen (1440x765) @ (0,0) bytesPerLine: 5760
2001-01-01T04:55:41.948Z| vcpu-1| I125: Guest: DXUM_devapi: 2025-09-05T13:35:42.0447| Thread ID: 1132 |ChangeTopology: Success (78 ms).
2001-01-01T04:55:42.001Z| mks| I125: VNCENCODE 138 encoding desktop size: (1440x765x24depth,32bpp)
2001-01-01T04:55:42.106Z| mks| W115: VNCENCODE 138 JPEG quality levels (min, mid, max). Input: (25, 35, 90) Clamped: (25, 35, 90)
2001-01-01T04:55:42.106Z| mks| I125: VNCENCODE 138 VNCEncodeChooseRegionEncoder: region encoder adaptive. Screen 1/1 @ Resolution: 1440 x 765
2001-01-01T04:55:42.615Z| vmx| I125: Tools_SetGuestResolution: Sending rpcMsg = Resolution_Set 1440 741
2001-01-01T04:55:42.654Z| vcpu-0| I125: Guest: DXUM_devapi: 2025-09-05T13:35:43.0152| Thread ID: 2292 |Application requested VM3DDevApi_Version3 (0x2)
2001-01-01T04:55:42.706Z| svga| I125: VNCENCODE 138 VNCEncode: VNCEncode_ServerSetTopology - original root: (0, 0) size: (1440, 741)
2001-01-01T04:55:42.706Z| svga| I125: VNCENCODE 138 VNCEncode: screen: 0 BoundingBox: (1440x741) Screen (1440x741) @ (0,0) bytesPerLine: 5760
2001-01-01T04:55:42.723Z| mks| I125: VNCENCODE 138 encoding desktop size: (1440x741x24depth,32bpp)
2001-01-01T04:55:42.738Z| vcpu-0| I125: Guest: DXUM_devapi: 2025-09-05T13:35:43.0229| Thread ID: 2292 |ChangeTopology: Success (62 ms).
2001-01-01T04:55:42.782Z| mks| W115: VNCENCODE 138 JPEG quality levels (min, mid, max). Input: (25, 35, 90) Clamped: (25, 35, 90)
2001-01-01T04:55:42.782Z| mks| I125: VNCENCODE 138 VNCEncodeChooseRegionEncoder: region encoder adaptive. Screen 1/1 @ Resolution: 1440 x 741
2001-01-01T06:22:52.531Z| mks| I125: SOCKET 138 (77) recv error 0: Success
2001-01-01T06:22:52.531Z| mks| I125: SOCKET 138 (77) VNC Remote Disconnect.
2001-01-01T06:22:52.531Z| mks| I125: MKSControlMgr: Remove VNC connection 0
2001-01-01T07:03:48.377Z| mks| I125: SOCKET 402 (77) AsyncTCPSocketSetOption: Option layer/level [6], option/name [1]: successfully set OS option for TCP socket.
2001-01-01T07:03:48.487Z| mks| I125: SOCKET 402 (77) AsyncTCPSocketSetOption: sendLowLatencyMode set to [1].
2001-01-01T07:03:48.487Z| mks| I125: SOCKET 402 (77) Creating VNC remote connection.
2001-01-01T07:03:48.487Z| mks| I125: MKSControlMgr: New VNC connection 1
2001-01-01T07:03:48.487Z| svga| I125: VNCENCODE 402 VNCEncode: VNCEncode_ServerSetTopology - original root: (0, 0) size: (1440, 741)
2001-01-01T07:03:48.487Z| svga| I125: VNCENCODE 402 VNCEncode: Number of screens changed from 0 to 1
2001-01-01T07:03:48.487Z| svga| I125: VNCENCODE 402 VNCEncode: screen: 0 BoundingBox: (1440x741) Screen (1440x741) @ (0,0) bytesPerLine: 5760
2001-01-01T07:03:48.816Z| mks| W115: VNCENCODE 402 JPEG quality levels (min, mid, max). Input: (25, 35, 90) Clamped: (25, 35, 90)
2001-01-01T07:03:48.816Z| mks| I125: VNCENCODE 402 VNCEncodeChooseRegionEncoder: region encoder adaptive. Screen 1/1 @ Resolution: 1440 x 741
2001-01-01T08:26:39.474Z| mks| I125: SOCKET 402 (77) recv error 0: Success
2001-01-01T08:26:39.474Z| mks| I125: SOCKET 402 (77) VNC Remote Disconnect.
2001-01-01T08:26:39.474Z| mks| I125: MKSControlMgr: Remove VNC connection 1
2001-01-01T09:33:41.527Z| svga| I125: MKSScreenShotMgr: Taking a screenshot
2001-01-01T09:47:41.876Z| svga| I125: MKSScreenShotMgr: Taking a screenshot
2001-01-01T09:47:48.651Z| mks| I125: SOCKET 403 (77) AsyncTCPSocketSetOption: Option layer/level [6], option/name [1]: successfully set OS option for TCP socket.
2001-01-01T09:47:48.767Z| mks| I125: SOCKET 403 (77) AsyncTCPSocketSetOption: sendLowLatencyMode set to [1].
2001-01-01T09:47:48.767Z| mks| I125: SOCKET 403 (77) Creating VNC remote connection.
2001-01-01T09:47:48.767Z| mks| I125: MKSControlMgr: New VNC connection 2
2001-01-01T09:47:48.768Z| svga| I125: VNCENCODE 403 VNCEncode: VNCEncode_ServerSetTopology - original root: (0, 0) size: (1440, 741)
2001-01-01T09:47:48.768Z| svga| I125: VNCENCODE 403 VNCEncode: Number of screens changed from 0 to 1
2001-01-01T09:47:48.768Z| svga| I125: VNCENCODE 403 VNCEncode: screen: 0 BoundingBox: (1440x741) Screen (1440x741) @ (0,0) bytesPerLine: 5760
2001-01-01T09:47:48.938Z| mks| W115: VNCENCODE 403 JPEG quality levels (min, mid, max). Input: (25, 35, 90) Clamped: (25, 35, 90)
2001-01-01T09:47:48.938Z| mks| I125: VNCENCODE 403 VNCEncodeChooseRegionEncoder: region encoder adaptive. Screen 1/1 @ Resolution: 1440 x 741
2001-01-01T09:47:49.119Z| vmx| I125: Tools_SetGuestResolution: Sending rpcMsg = Resolution_Set 1718 1220
2001-01-01T09:47:49.227Z| vcpu-0| I125: Guest: DXUM_devapi: 2025-09-05T18:27:49.0725| Thread ID: 4776 |Application requested VM3DDevApi_Version3 (0x2)
2001-01-01T09:47:49.303Z| svga| I125: VNCENCODE 403 VNCEncode: VNCEncode_ServerSetTopology - original root: (0, 0) size: (1718, 1220)
2001-01-01T09:47:49.303Z| svga| I125: VNCENCODE 403 VNCEncode: screen: 0 BoundingBox: (1718x1220) Screen (1718x1220) @ (0,0) bytesPerLine: 6872
2001-01-01T09:47:49.315Z| vcpu-0| I125: Guest: DXUM_devapi: 2025-09-05T18:27:49.0812| Thread ID: 4776 |ChangeTopology: Success (62 ms).
2001-01-01T09:47:49.386Z| mks| I125: VNCENCODE 403 encoding desktop size: (1718x1220x24depth,32bpp)
2001-01-01T09:47:49.431Z| mks| W115: VNCENCODE 403 JPEG quality levels (min, mid, max). Input: (25, 35, 90) Clamped: (25, 35, 90)
2001-01-01T09:47:49.431Z| mks| W115: VNCENCODE 403 failed to allocate VNCBlitDetect
2001-01-01T09:47:49.431Z| mks| I125: VNCENCODE 403 VNCEncodeChooseRegionEncoder: region encoder adaptive. Screen 1/1 @ Resolution: 1718 x 1220
2001-01-01T10:57:44.372Z| mks| I125: SOCKET 404 (115) AsyncTCPSocketSetOption: Option layer/level [6], option/name [1]: successfully set OS option for TCP socket.
2001-01-01T10:57:44.498Z| mks| I125: VNCENCODE 404 VNCEncode: VNCEncode_ServerSetTopology - original root: (0, 0) size: (1718, 1220)
2001-01-01T10:57:44.498Z| mks| I125: VNCENCODE 404 VNCEncode: Number of screens changed from 0 to 1
2001-01-01T10:57:44.498Z| mks| I125: VNCENCODE 404 VNCEncode: screen: 0 BoundingBox: (1718x1220) Screen (1718x1220) @ (0,0) bytesPerLine: 6872
2001-01-01T10:57:44.498Z| mks| I125: SOCKET 404 (115) AsyncTCPSocketSetOption: sendLowLatencyMode set to [1].
2001-01-01T10:57:44.498Z| mks| I125: SOCKET 404 (115) Creating VNC remote connection.
2001-01-01T10:57:44.498Z| mks| I125: MKSControlMgr: New VNC connection 3
2001-01-01T10:57:44.646Z| mks| W115: VNCENCODE 404 JPEG quality levels (min, mid, max). Input: (25, 35, 90) Clamped: (25, 35, 90)
2001-01-01T10:57:44.646Z| mks| W115: VNCENCODE 404 failed to allocate VNCBlitDetect
2001-01-01T10:57:44.647Z| mks| I125: VNCENCODE 404 VNCEncodeChooseRegionEncoder: region encoder adaptive. Screen 1/1 @ Resolution: 1718 x 1220
2001-01-01T10:57:59.798Z| mks| W115: VNCENCODE 403 JPEG quality levels (min, mid, max). Input: (25, 35, 90) Clamped: (25, 35, 90)
2001-01-01T10:57:59.799Z| mks| W115: VNCENCODE 403 failed to allocate VNCBlitDetect
2001-01-01T10:57:59.799Z| mks| I125: VNCENCODE 403 VNCEncodeChooseRegionEncoder: region encoder adaptive. Screen 1/1 @ Resolution: 1718 x 1220
2001-01-01T10:57:59.799Z| mks| W115: VNCENCODE 403 failed to allocate VNCUpdateCache
2001-01-01T12:06:45.251Z| mks| I125: SOCKET 404 (115) recv error 0: Success
2001-01-01T12:06:45.258Z| mks| I125: SOCKET 404 (115) VNC Remote Disconnect.
2001-01-01T12:06:45.258Z| mks| I125: MKSControlMgr: Remove VNC connection 3
2001-01-01T14:18:18.759Z| svga| I125: MKSScreenShotMgr: Taking a screenshot
2001-01-01T14:18:23.698Z| vmx| I125: VigorTransportProcessClientPayload: opID=mf66dcw6-57545-auto-18ej-h5:70005558-82-41-dd5f seq=32686: Receiving PowerState.InitiatePowerOff request.
2001-01-01T14:18:23.698Z| vmx| I125: Vix: [vmxCommands.c:557]: VMAutomation_InitiatePowerOff. Trying hard powerOff
2001-01-01T14:18:23.698Z| vmx| I125: VigorTransport_ServerSendResponse opID=mf66dcw6-57545-auto-18ej-h5:70005558-82-41-dd5f seq=32686: Completed PowerState request with messages.
2001-01-01T14:18:23.698Z| vmx| I125: Stopping VCPU threads...
2001-01-01T14:18:23.698Z| vcpu-0| I125: VMMon_WaitForExit: vcpu-0: worldID=2106027
2001-01-01T14:18:23.698Z| vcpu-1| I125: VMMon_WaitForExit: vcpu-1: worldID=2106031
2001-01-01T14:18:23.700Z| svga| I125: SVGA thread is exiting
2001-01-01T14:18:23.700Z| vmx| I125: MKS thread is stopped
2001-01-01T14:18:23.700Z| vmx| I125: USB: Disconnecting device 0x200000050e0f0003
2001-01-01T14:18:23.700Z| vmx| I125: 
2001-01-01T14:18:23.700Z| vmx| I125+ OvhdMem: Final (Power Off) Overheads
2001-01-01T14:18:23.700Z| vmx| I125:                                                       reserved      |          used
2001-01-01T14:18:23.700Z| vmx| I125: OvhdMem excluded                                  cur    max    avg |    cur    max    avg
2001-01-01T14:18:23.700Z| vmx| I125: OvhdMem OvhdUser_MainMem                    :  2097152 2097152      - | 2097152 2097152      -
2001-01-01T14:18:23.700Z| vmx| I125: OvhdMem OvhdUser_VmxText                    :    7168   7168      - |      0      0      -
2001-01-01T14:18:23.700Z| vmx| I125: OvhdMem OvhdUser_VmxTextLibs                :   15360  15360      - |      0      0      -
2001-01-01T14:18:23.700Z| vmx| I125: OvhdMem Total excluded                      :  2119680 2119680      - |      -      -      -
2001-01-01T14:18:23.700Z| vmx| I125: OvhdMem Actual maximum                      :         2119680        |             -
2001-01-01T14:18:23.700Z| vmx| I125+ 
2001-01-01T14:18:23.700Z| vmx| I125:                                                       reserved      |          used
2001-01-01T14:18:23.700Z| vmx| I125: OvhdMem paged                                     cur    max    avg |    cur    max    avg
2001-01-01T14:18:23.700Z| vmx| I125: OvhdMem OvhdUser_KSTATS_vmm                 :       0      0      - |      0      0      -
2001-01-01T14:18:23.701Z| vmx| I125: OvhdMem OvhdUser_STATS_vmm                  :       4      4      - |      0      0      -
2001-01-01T14:18:23.701Z| vmx| I125: OvhdMem OvhdUser_KSTATS_device              :       0      0      - |      0      0      -
2001-01-01T14:18:23.701Z| vmx| I125: OvhdMem OvhdUser_STATS_device               :       2      2      - |      0      0      -
2001-01-01T14:18:23.701Z| vmx| I125: OvhdMem OvhdUser_KSTATS_migrate             :       0      0      - |      0      0      -
2001-01-01T14:18:23.701Z| vmx| I125: OvhdMem OvhdUser_IOFiltersMalloc            :       0      0      - |      0      0      -
2001-01-01T14:18:23.701Z| vmx| I125: OvhdMem OvhdUser_DiskLibMemUsed             :    3075   3075      - |      0      0      -
2001-01-01T14:18:23.701Z| vmx| I125: OvhdMem OvhdUser_SvgaSurfaceTable           :       5      5      - |      1      1      -
2001-01-01T14:18:23.701Z| vmx| I125: OvhdMem OvhdUser_SvgaBESurfaceTable         :       6      6      - |      2      2      -
2001-01-01T14:18:23.701Z| vmx| I125: OvhdMem OvhdUser_SvgaHBTables               :       0      0      - |      0      0      -
2001-01-01T14:18:23.701Z| vmx| I125: OvhdMem OvhdUser_SvgaHBMobListTable         :       0      0      - |      0      0      -
2001-01-01T14:18:23.701Z| vmx| I125: OvhdMem OvhdUser_SvgaHBShaderTable          :       0      0      - |      0      0      -
2001-01-01T14:18:23.701Z| vmx| I125: OvhdMem OvhdUser_SvgaRestoreBufferArray     :       0      0      - |      0      0      -
2001-01-01T14:18:23.701Z| vmx| I125: OvhdMem OvhdUser_SvgaSDirtyCache            :      48     48      - |      0      0      -
2001-01-01T14:18:23.701Z| vmx| I125: OvhdMem OvhdUser_SvgaShaderTable            :       0      0      - |      0      0      -
2001-01-01T14:18:23.701Z| vmx| I125: OvhdMem OvhdUser_SvgaShaderText             :       0      0      - |      0      0      -
2001-01-01T14:18:23.701Z| vmx| I125: OvhdMem OvhdUser_SvgaContextCache           :       0      0      - |      0      0      -
2001-01-01T14:18:23.701Z| vmx| I125: OvhdMem OvhdUser_SvgaMobCache               :     264    264      - |     24     25      -
2001-01-01T14:18:23.701Z| vmx| I125: OvhdMem OvhdUser_SvgaDXRTViewTable          :       0      0      - |      0      0      -
2001-01-01T14:18:23.701Z| vmx| I125: OvhdMem OvhdUser_SvgaDXDSViewTable          :       0      0      - |      0      0      -
2001-01-01T14:18:23.701Z| vmx| I125: OvhdMem OvhdUser_SvgaDXSRViewTable          :       0      0      - |      0      0      -
2001-01-01T14:18:23.701Z| vmx| I125: OvhdMem OvhdUser_SvgaDXBlendStateTable      :       0      0      - |      0      0      -
2001-01-01T14:18:23.701Z| vmx| I125: OvhdMem OvhdUser_SvgaDXElementLayoutTable   :       0      0      - |      0      0      -
2001-01-01T14:18:23.701Z| vmx| I125: OvhdMem OvhdUser_SvgaDXDepthStencilTable    :       0      0      - |      0      0      -
2001-01-01T14:18:23.701Z| vmx| I125: OvhdMem OvhdUser_SvgaDXRasterizerStateTable :       0      0      - |      0      0      -
2001-01-01T14:18:23.701Z| vmx| I125: OvhdMem OvhdUser_SvgaDXSamplerTable         :       0      0      - |      0      0      -
2001-01-01T14:18:23.701Z| vmx| I125: OvhdMem OvhdUser_SvgaDXContextTable         :       0      0      - |      0      0      -
2001-01-01T14:18:23.701Z| vmx| I125: OvhdMem OvhdUser_SvgaDXShaderTable          :       0      0      - |      0      0      -
2001-01-01T14:18:23.701Z| vmx| I125: OvhdMem OvhdUser_SvgaDXShaderText           :       0      0      - |      0      0      -
2001-01-01T14:18:23.701Z| vmx| I125: OvhdMem OvhdUser_SvgaDXStreamOutTable       :       0      0      - |      0      0      -
2001-01-01T14:18:23.701Z| vmx| I125: OvhdMem OvhdUser_SvgaDXQueryTable           :       0      0      - |      0      0      -
2001-01-01T14:18:23.701Z| vmx| I125: OvhdMem OvhdUser_SvgaVAProcessorTable       :       0      0      - |      0      0      -
2001-01-01T14:18:23.701Z| vmx| I125: OvhdMem OvhdUser_SvgaVADecoderTable         :       0      0      - |      0      0      -
2001-01-01T14:18:23.701Z| vmx| I125: OvhdMem OvhdUser_VmxAllocTrack              :       0      0      - |      0      0      -
2001-01-01T14:18:23.701Z| vmx| I125: OvhdMem OvhdUser_VmxASAN                    :       0      0      - |      0      0      -
2001-01-01T14:18:23.701Z| vmx| I125: OvhdMem OvhdUser_VmxCallStackProf           :       0      0      - |      0      0      -
2001-01-01T14:18:23.701Z| vmx| I125: OvhdMem OvhdUser_VmxGlobals                 :    1216   1216      - |      0      0      -
2001-01-01T14:18:23.701Z| vmx| I125: OvhdMem OvhdUser_VmxGlobalsLibs             :    3584   3584      - |      0      0      -
2001-01-01T14:18:23.701Z| vmx| I125: OvhdMem OvhdUser_VmxHeap                    :    8704   8704      - |      0      0      -
2001-01-01T14:18:23.701Z| vmx| I125: OvhdMem OvhdUser_VmxHeapFreeList            :       0      0      - |      0      0      -
2001-01-01T14:18:23.701Z| vmx| I125: OvhdMem OvhdUser_VmxMks                     :      33     33      - |      1     10      -
2001-01-01T14:18:23.701Z| vmx| I125: OvhdMem OvhdUser_VmxMksRenderOps            :      16     16      - |      3      3      -
2001-01-01T14:18:23.701Z| vmx| I125: OvhdMem OvhdUser_VmxMks3d                   :       0      0      - |      0      0      -
2001-01-01T14:18:23.701Z| vmx| I125: OvhdMem OvhdUser_VmxMksHBMobs               :       0      0      - |      0      0      -
2001-01-01T14:18:23.701Z| vmx| I125: OvhdMem OvhdUser_VmxMksGLRenderer           :       0      0      - |      0      0      -
2001-01-01T14:18:23.701Z| vmx| I125: OvhdMem OvhdUser_VmxMksGLTransient          :       0      0      - |      0      0      -
2001-01-01T14:18:23.701Z| vmx| I125: OvhdMem OvhdUser_VmxMksLLVM                 :       0      0      - |      0      0      -
2001-01-01T14:18:23.701Z| vmx| I125: OvhdMem OvhdUser_VmxMksScreenTemp           :    8450   8450      - |      0      7      -
2001-01-01T14:18:23.701Z| vmx| I125: OvhdMem OvhdUser_VmxMksVnc                  :    6123   6123      - |   2058   5692      -
2001-01-01T14:18:23.701Z| vmx| I125: OvhdMem OvhdUser_VmxMksScreen               :    8195   8195      - |      0   4094      -
2001-01-01T14:18:23.701Z| vmx| I125: OvhdMem OvhdUser_VmxMksSVGAVO               :    4096   4096      - |      0      0      -
2001-01-01T14:18:23.701Z| vmx| I125: OvhdMem OvhdUser_VmxMksVMVA                 :       0      0      - |      0      0      -
2001-01-01T14:18:23.701Z| vmx| I125: OvhdMem OvhdUser_VmxPhysMemRingBuf          :       0      0      - |      0      0      -
2001-01-01T14:18:23.701Z| vmx| I125: OvhdMem OvhdUser_VmxPhysMemErrPages         :      10     10      - |      0      0      -
2001-01-01T14:18:23.701Z| vmx| I125: OvhdMem OvhdUser_VmxFTCptOutputBuf          :       0      0      - |      0      0      -
2001-01-01T14:18:23.701Z| vmx| I125: OvhdMem OvhdUser_VmxSLEntryBuf              :     128    128      - |      0      0      -
2001-01-01T14:18:23.701Z| vmx| I125: OvhdMem OvhdUser_VmxThreads                 :   18944  18944      - |      0      0      -
2001-01-01T14:18:23.701Z| vmx| I125: OvhdMem Total paged                         :   62903  62903      - |   2089   9834      -
2001-01-01T14:18:23.701Z| vmx| I125: OvhdMem Actual maximum                      :          62903        |          9818
2001-01-01T14:18:23.701Z| vmx| I125+ 
2001-01-01T14:18:23.701Z| vmx| I125:                                                       reserved      |          used
2001-01-01T14:18:23.701Z| vmx| I125: OvhdMem nonpaged                                  cur    max    avg |    cur    max    avg
2001-01-01T14:18:23.701Z| vmx| I125: OvhdMem OvhdUser_SharedArea                 :     102    102      - |     63     63      -
2001-01-01T14:18:23.701Z| vmx| I125: OvhdMem OvhdUser_BusMemTraceBitmap          :      67     67      - |      0      0      -
2001-01-01T14:18:23.701Z| vmx| I125: OvhdMem OvhdUser_PFrame                     :       0      0      - |      0      0      -
2001-01-01T14:18:23.701Z| vmx| I125: OvhdMem OvhdUser_VProbe                     :       0      0      - |      0      0      -
2001-01-01T14:18:23.701Z| vmx| I125: OvhdMem OvhdUser_VIDE_KSEG                  :      16     16      - |     16     16      -
2001-01-01T14:18:23.701Z| vmx| I125: OvhdMem OvhdUser_VGA                        :      64     64      - |     64     64      -
2001-01-01T14:18:23.701Z| vmx| I125: OvhdMem OvhdUser_BalloonMPN                 :       1      1      - |      1      1      -
2001-01-01T14:18:23.701Z| vmx| I125: OvhdMem OvhdUser_P2MUpdateBuffer            :       0      0      - |      0      0      -
2001-01-01T14:18:23.701Z| vmx| I125: OvhdMem OvhdUser_ServicesMPN                :       0      0      - |      0      0      -
2001-01-01T14:18:23.701Z| vmx| I125: OvhdMem OvhdUser_LocalApic                  :       2      2      - |      2      2      -
2001-01-01T14:18:23.701Z| vmx| I125: OvhdMem OvhdUser_BusError                   :       1      1      - |      1      1      -
2001-01-01T14:18:23.701Z| vmx| I125: OvhdMem OvhdUser_VBIOS                      :       8      8      - |      8      8      -
2001-01-01T14:18:23.701Z| vmx| I125: OvhdMem OvhdUser_VnicGuest                  :       0      0      - |      0      0      -
2001-01-01T14:18:23.701Z| vmx| I125: OvhdMem OvhdUser_VnicMmap                   :       1      1      - |      1      1      -
2001-01-01T14:18:23.701Z| vmx| I125: OvhdMem OvhdUser_TestDev                    :       0      0      - |      0      0      -
2001-01-01T14:18:23.701Z| vmx| I125: OvhdMem OvhdUser_LSIBIOS                    :       0      0      - |      0      0      -
2001-01-01T14:18:23.701Z| vmx| I125: OvhdMem OvhdUser_LSIRings                   :       0      0      - |      0      0      -
2001-01-01T14:18:23.701Z| vmx| I125: OvhdMem OvhdUser_PCIPBIOS                   :       0      0      - |      0      0      -
2001-01-01T14:18:23.701Z| vmx| I125: OvhdMem OvhdUser_PVSCSIBIOS                 :      16     16      - |     16     16      -
2001-01-01T14:18:23.701Z| vmx| I125: OvhdMem OvhdUser_PVSCSIKickReg              :       4      4      - |      2      2      -
2001-01-01T14:18:23.701Z| vmx| I125: OvhdMem OvhdUser_SAS1068BIOS                :       0      0      - |      0      0      -
2001-01-01T14:18:23.701Z| vmx| I125: OvhdMem OvhdUser_SBIOS                      :      16     16      - |      0      0      -
2001-01-01T14:18:23.701Z| vmx| I125: OvhdMem OvhdUser_AHCIBIOS                   :      16     16      - |     16     16      -
2001-01-01T14:18:23.701Z| vmx| I125: OvhdMem OvhdUser_NVMEBIOS                   :       0      0      - |      0      0      -
2001-01-01T14:18:23.701Z| vmx| I125: OvhdMem OvhdUser_FlashRam                   :     512    512      - |    512    512      -
2001-01-01T14:18:23.701Z| vmx| I125: OvhdMem OvhdUser_IOFiltersMMap              :       0      0      - |      0      0      -
2001-01-01T14:18:23.701Z| vmx| I125: OvhdMem OvhdUser_IOFiltersGlobal            :       0      0      - |      0      0      -
2001-01-01T14:18:23.701Z| vmx| I125: OvhdMem OvhdUser_SMM                        :       0      0      - |      0      0      -
2001-01-01T14:18:23.701Z| vmx| I125: OvhdMem OvhdUser_SVGAFB                     :    1024   1024      - |   1024   1024      -
2001-01-01T14:18:23.701Z| vmx| I125: OvhdMem OvhdUser_SVGAMEM                    :      64    512      - |     64     64      -
2001-01-01T14:18:23.701Z| vmx| I125: OvhdMem OvhdUser_HDAudioReg                 :       3      3      - |      0      0      -
2001-01-01T14:18:23.701Z| vmx| I125: OvhdMem OvhdUser_EHCIRegister               :       1      1      - |      0      0      -
2001-01-01T14:18:23.701Z| vmx| I125: OvhdMem OvhdUser_XhciRegister               :       1      1      - |      0      0      -
2001-01-01T14:18:23.701Z| vmx| I125: OvhdMem OvhdUser_PhysMemDebug               :       0      0      - |      0      0      -
2001-01-01T14:18:23.701Z| vmx| I125: OvhdMem OvhdUser_HyperV                     :       2      2      - |      2      2      -
2001-01-01T14:18:23.701Z| vmx| I125: OvhdMem OvhdUser_ExtCfg                     :       3      3      - |      3      3      -
2001-01-01T14:18:23.701Z| vmx| I125: OvhdMem OvhdUser_HV                         :       8      8      - |      0      0      -
2001-01-01T14:18:23.701Z| vmx| I125: OvhdMem OvhdUser_HVIOBitmap                 :       3      3      - |      0      0      -
2001-01-01T14:18:23.701Z| vmx| I125: OvhdMem OvhdUser_HVMSRBitmap                :       2      2      - |      1      1      -
2001-01-01T14:18:23.701Z| vmx| I125: OvhdMem OvhdUser_VHVGuestMSRBitmap          :       2      2      - |      0      0      -
2001-01-01T14:18:23.701Z| vmx| I125: OvhdMem OvhdUser_vhvCachedVMCS              :       2      2      - |      0      0      -
2001-01-01T14:18:23.701Z| vmx| I125: OvhdMem OvhdUser_vhvNestedAPIC              :       2      2      - |      0      0      -
2001-01-01T14:18:23.701Z| vmx| I125: OvhdMem OvhdUser_PCIP                       :       0      0      - |      0      0      -
2001-01-01T14:18:23.701Z| vmx| I125: OvhdMem OvhdUser_MigrateCpt                 :       0      0      - |      0      0      -
2001-01-01T14:18:23.701Z| vmx| I125: OvhdMem OvhdUser_MonBootstrap               :       0      0      - |      0      0      -
2001-01-01T14:18:23.701Z| vmx| I125: OvhdMem OvhdUser_MonWired                   :       0      0      - |      0      0      -
2001-01-01T14:18:23.701Z| vmx| I125: OvhdMem OvhdUser_MonLow                     :       0      0      - |      0      0      -
2001-01-01T14:18:23.701Z| vmx| I125: OvhdMem OvhdUser_MonWiredNuma               :       0     34      - |      1      2      -
2001-01-01T14:18:23.701Z| vmx| I125: OvhdMem OvhdUser_MonNuma                    :       0    276      - |      0    249      -
2001-01-01T14:18:23.701Z| vmx| I125: OvhdMem OvhdUser_MonOther                   :      78     78      - |      0      0      -
2001-01-01T14:18:23.701Z| vmx| I125: OvhdMem OvhdUser_FTCpt                      :       0      0      - |      0      0      -
2001-01-01T14:18:23.701Z| vmx| I125: OvhdMem OvhdUser_NVDC                       :       1      1      - |      0      0      -
2001-01-01T14:18:23.701Z| vmx| I125: OvhdMem OvhdUser_NVDIMM                     :       0      0      - |      0      0      -
2001-01-01T14:18:23.701Z| vmx| I125: OvhdMem OvhdUser_EPC                        :       0      0      - |      0      0      -
2001-01-01T14:18:23.701Z| vmx| I125: OvhdMem Total nonpaged                      :    2022   2780      - |   1797   2047      -
2001-01-01T14:18:23.701Z| vmx| I125: OvhdMem Actual maximum                      :           2780        |          2047
2001-01-01T14:18:23.701Z| vmx| I125+ 
2001-01-01T14:18:23.701Z| vmx| I125:                                                       reserved      |          used
2001-01-01T14:18:23.701Z| vmx| I125: OvhdMem anonymous                                 cur    max    avg |    cur    max    avg
2001-01-01T14:18:23.701Z| vmx| I125: OvhdMem OvhdMon_Alloc                       :     158    158      - |     50    132      -
2001-01-01T14:18:23.701Z| vmx| I125: OvhdMem OvhdMon_BusMemFrame                 :    2114   2122      - |   2114   2114      -
2001-01-01T14:18:23.701Z| vmx| I125: OvhdMem OvhdMon_BusMem2MInfo                :      32     32      - |     32     32      -
2001-01-01T14:18:23.701Z| vmx| I125: OvhdMem OvhdMon_BusMem1GInfo                :       1      1      - |      1      1      -
2001-01-01T14:18:23.701Z| vmx| I125: OvhdMem OvhdMon_BusMemZapListMPN            :       1      1      - |      1      1      -
2001-01-01T14:18:23.701Z| vmx| I125: OvhdMem OvhdMon_MonAS                       :       4      4      - |      2      2      -
2001-01-01T14:18:23.701Z| vmx| I125: OvhdMem OvhdMon_GuestMem                    :      48     48      - |     48     48      -
2001-01-01T14:18:23.701Z| vmx| I125: OvhdMem OvhdMon_TC                          :    1026   1950      - |    926   1852      -
2001-01-01T14:18:23.701Z| vmx| I125: OvhdMem OvhdMon_Island                      :       8      8      - |      0      0      -
2001-01-01T14:18:23.701Z| vmx| I125: OvhdMem OvhdMon_BusMemMonAS                 :       6      6      - |      6      6      -
2001-01-01T14:18:23.701Z| vmx| I125: OvhdMem OvhdMon_PlatformMonAS               :       0      0      - |      0      0      -
2001-01-01T14:18:23.701Z| vmx| I125: OvhdMem OvhdMon_HVNuma                      :       6      6      - |      0      0      -
2001-01-01T14:18:23.701Z| vmx| I125: OvhdMem OvhdMon_HV                          :       2      2      - |      2      2      -
2001-01-01T14:18:23.701Z| vmx| I125: OvhdMem OvhdMon_VHV                         :       6      6      - |      0      0      -
2001-01-01T14:18:23.701Z| vmx| I125: OvhdMem OvhdMon_VNPTShadow                  :       0      0      - |      0      0      -
2001-01-01T14:18:23.701Z| vmx| I125: OvhdMem OvhdMon_VNPTShadowCache             :       0      0      - |      0      0      -
2001-01-01T14:18:23.701Z| vmx| I125: OvhdMem OvhdMon_VNPTBackmap                 :       0      0      - |      0      0      -
2001-01-01T14:18:23.701Z| vmx| I125: OvhdMem OvhdMon_SVMIDT                      :       2      2      - |      0      0      -
2001-01-01T14:18:23.701Z| vmx| I125: OvhdMem OvhdMon_CallStackProfAnon           :       0      0      - |      0      0      -
2001-01-01T14:18:23.701Z| vmx| I125: OvhdMem OvhdMon_Numa                        :      32     32      - |     14     30      -
2001-01-01T14:18:23.701Z| vmx| I125: OvhdMem OvhdMon_NumaTextRodata              :     196    196      - |      0      0      -
2001-01-01T14:18:23.701Z| vmx| I125: OvhdMem OvhdMon_NumaDataBss                 :      80     80      - |     78     78      -
2001-01-01T14:18:23.701Z| vmx| I125: OvhdMem OvhdMon_NumaLargeData               :    1024   1024      - |      0    990      -
2001-01-01T14:18:23.701Z| vmx| I125: OvhdMem OvhdMon_WiredNuma                   :      34     34      - |     34     34      -
2001-01-01T14:18:23.701Z| vmx| I125: OvhdMem OvhdMon_Bootstrap                   :       0      3      - |      0      3      -
2001-01-01T14:18:23.701Z| vmx| I125: OvhdMem OvhdMon_GPhysTraced                 :     852    852      - |    259    344      -
2001-01-01T14:18:23.701Z| vmx| I125: OvhdMem OvhdMon_GPhysHWMMU                  :    4273   4273      - |    496    578      -
2001-01-01T14:18:23.701Z| vmx| I125: OvhdMem OvhdMon_GPhysGIM                    :       0      0      - |      0      0      -
2001-01-01T14:18:23.701Z| vmx| I125: OvhdMem OvhdMon_GPhysNoTrace                :     213    213      - |     30     31      -
2001-01-01T14:18:23.701Z| vmx| I125: OvhdMem OvhdMon_PhysMemGart                 :      88     88      - |     80     80      -
2001-01-01T14:18:23.701Z| vmx| I125: OvhdMem OvhdMon_PhysMemErr                  :       7      7      - |      0      0      -
2001-01-01T14:18:23.701Z| vmx| I125: OvhdMem OvhdMon_TraceALot                   :       0      0      - |      0      0      -
2001-01-01T14:18:23.701Z| vmx| I125: OvhdMem OvhdMon_VIDE                        :       4      4      - |      0      0      -
2001-01-01T14:18:23.701Z| vmx| I125: OvhdMem OvhdMon_VMXNETWake                  :       0      0      - |      0      0      -
2001-01-01T14:18:23.701Z| vmx| I125: OvhdMem OvhdMon_BusLogic                    :       4      4      - |      0      0      -
2001-01-01T14:18:23.701Z| vmx| I125: OvhdMem OvhdMon_Ahci                        :      32     32      - |      1      1      -
2001-01-01T14:18:23.701Z| vmx| I125: OvhdMem OvhdMon_Nvme                        :       0      0      - |      0      0      -
2001-01-01T14:18:23.701Z| vmx| I125: OvhdMem OvhdMon_NVMERings                   :       0      0      - |      0      0      -
2001-01-01T14:18:23.701Z| vmx| I125: OvhdMem OvhdMon_PVSCSIShadowRing            :      32     32      - |     32     32      -
2001-01-01T14:18:23.701Z| vmx| I125: OvhdMem OvhdMon_LSIRings                    :       0      0      - |      0      0      -
2001-01-01T14:18:23.701Z| vmx| I125: OvhdMem OvhdMon_FTCptMonAS                  :       0      0      - |      0      0      -
2001-01-01T14:18:23.701Z| vmx| I125: OvhdMem OvhdMon_Hba                         :       2      2      - |      2      2      -
2001-01-01T14:18:23.701Z| vmx| I125: OvhdMem OvhdMon_VProbe                      :       1      1      - |      0      0      -
2001-01-01T14:18:23.701Z| vmx| I125: OvhdMem OvhdMon_PT                          :       0      0      - |      0      0      -
2001-01-01T14:18:23.701Z| vmx| I125: OvhdMem Total anonymous                     :   10288  11223      - |   4208   6393      -
2001-01-01T14:18:23.701Z| vmx| I125: OvhdMem Actual maximum                      :          11212        |          4399
2001-01-01T14:18:23.701Z| vmx| I125+ 
2001-01-01T14:18:23.701Z| vmx| I125: OvhdMem: memsize 8192 MB VMK fixed 3462 pages var(mem) 529 pages var(cpu) 8 cbrcOverhead 0 pages total 7713 pages
2001-01-01T14:18:23.701Z| vmx| I125: VMMEM: Maximum Reservation: 300MB (MainMem=8192MB) VMK=30MB
2001-01-01T14:18:23.702Z| vmx| I125: Tools: ToolsRunningStatus_Exit, delayedRequest is 0x0
2001-01-01T14:18:23.702Z| vmx| I125: Tools: Changing running status: 1 => 0.
2001-01-01T14:18:23.702Z| vmx| I125: SVMotion_PowerOff: Not running Storage vMotion. Nothing to do
2001-01-01T14:18:23.702Z| vmx| I125: GuestRpc: Reinitializing Channel 0(toolbox)
2001-01-01T14:18:23.702Z| vmx| I125: GuestMsg: Channel 0, Cannot unpost because the previous post is already completed
2001-01-01T14:18:23.703Z| vmx| I125: GuestRpc: Reinitializing Channel 1(toolbox-dnd)
2001-01-01T14:18:23.703Z| vmx| I125: GuestMsg: Channel 1, Cannot unpost because the previous post is already completed
2001-01-01T14:18:23.706Z| vmx| I125: Destroying virtual dev for scsi0:0 vscsi=8230
2001-01-01T14:18:23.706Z| vmx| I125: VMMon_VSCSIStopVports: No such target on adapter
2001-01-01T14:18:23.706Z| vmx| I125: Destroying virtual dev for scsi0:1 vscsi=8231
2001-01-01T14:18:23.706Z| vmx| I125: VMMon_VSCSIStopVports: No such target on adapter
2001-01-01T14:18:23.707Z| vmx| I125: MKS thread was already stopped
2001-01-01T14:18:23.707Z| mks| I125: MKSControlMgr: Remove VNC connection 2
2001-01-01T14:18:23.708Z| mks| I125: MKS-RenderMain: Stopping MKSBasicOps
2001-01-01T14:18:23.708Z| mks| I125: MKS PowerOff
2001-01-01T14:18:23.708Z| mks| I125: MKS thread is exiting
2001-01-01T14:18:23.708Z| vmx| I125: SVMotion_PowerOff: Not running Storage vMotion. Nothing to do
2001-01-01T14:18:23.709Z| vmx| I125: scsi0:1: numIOs = 0 numMergedIOs = 0 numSplitIOs = 0 ( 0.0%)
2001-01-01T14:18:23.709Z| vmx| I125: Closing disk 'scsi0:1'
2001-01-01T14:18:23.709Z| vmx| I125: DISKLIB-VMFS  : "/vmfs/volumes/3a4fd8ce-fc4375c4-effb-5cf3fce846f8/SGRL-WSU001/SGRL-WSU001_1-flat.vmdk" : closed.
2001-01-01T14:18:23.709Z| vmx| I125: scsi0:0: numIOs = 0 numMergedIOs = 0 numSplitIOs = 0 ( 0.0%)
2001-01-01T14:18:23.709Z| vmx| I125: Closing disk 'scsi0:0'
2001-01-01T14:18:23.709Z| vmx| I125: DISKLIB-VMFS  : "/vmfs/volumes/3a4fd8ce-fc4375c4-effb-5cf3fce846f8/SGRL-WSU001/SGRL-WSU001-flat.vmdk" : closed.
2001-01-01T14:18:23.749Z| vmx| I125: Vix: [mainDispatch.c:1180]: VMAutomationPowerOff: Powering off.
2001-01-01T14:18:23.751Z| vmx| I125: WORKER: asyncOps=7 maxActiveOps=2 maxPending=1 maxCompleted=0
2001-01-01T14:18:24.456Z| vmx| I125: Vix: [mainDispatch.c:4239]: VMAutomation_ReportPowerOpFinished: statevar=1, newAppState=1873, success=1 additionalError=0
2001-01-01T14:18:24.456Z| vmx| I125: Vix: [mainDispatch.c:4258]: VMAutomation: Ignoring ReportPowerOpFinished because the VMX is shutting down.
2001-01-01T14:18:24.456Z| vmx| A100: ConfigDB: Setting cleanShutdown = "TRUE"
2001-01-01T14:18:24.465Z| vmx| I125: Vix: [mainDispatch.c:4239]: VMAutomation_ReportPowerOpFinished: statevar=0, newAppState=1870, success=1 additionalError=0
2001-01-01T14:18:24.465Z| vmx| I125: Vix: [mainDispatch.c:4258]: VMAutomation: Ignoring ReportPowerOpFinished because the VMX is shutting down.
2001-01-01T14:18:24.465Z| vmx| I125: Transitioned vmx/execState/val to poweredOff
2001-01-01T14:18:24.465Z| vmx| I125: Vigor_ClientRequestCb: failed to do op=5 on unregistered device 'PowerState' (cmd=(null))
2001-01-01T14:18:24.465Z| vmx| I125: VMX idle exit
2001-01-01T14:18:24.470Z| vmx| I125: Vix: [mainDispatch.c:832]: VMAutomation_LateShutdown()
2001-01-01T14:18:24.470Z| vmx| I125: Vix: [mainDispatch.c:781]: VMAutomationCloseListenerSocket. Closing listener socket.
2001-01-01T14:18:24.471Z| vmx| I125: Flushing VMX VMDB connections
2001-01-01T14:18:24.471Z| vmx| I125: VigorTransport_ServerCloseClient: Closing transport 23B6DB14E0 (err = 0)
2001-01-01T14:18:24.471Z| vmx| I125: VigorTransport_ServerDestroy: server destroyed.
2001-01-01T14:18:24.472Z| vmx| I125: VMX exit (0).
2001-01-01T14:18:24.472Z| vmx| I125: OBJLIB-LIB: ObjLib cleanup done.
2001-01-01T14:18:24.472Z| vmx| I125: AIOMGR-S : stat o=11 r=46 w=89 i=0 br=754172 bw=23068800
2001-01-01T14:18:24.472Z| vmx| W115: VMX has left the building: 0.
