2001-01-01T03:59:05Z vmauthd[2101672]: Msg_SetLocaleEx: HostLocale=UTF-8 UserLocale=NULL
2001-01-01T03:59:05Z vmauthd[2101672]: Could not expand environment variable HOME.
2001-01-01T03:59:05Z vmauthd[2101672]: Could not expand environment variable HOME.
2001-01-01T03:59:05Z vmauthd[2101672]: DictionaryLoad: Cannot open file "/usr/lib/vmware/config": No such file or directory.
2001-01-01T03:59:05Z vmauthd[2101672]: DictionaryLoad: Cannot open file "~/.vmware/config": No such file or directory.
2001-01-01T03:59:05Z vmauthd[2101672]: DictionaryLoad: Cannot open file "~/.vmware/preferences": No such file or directory.
2001-01-01T03:59:05Z vmauthd[2101672]: lib/ssl: OpenSSL using FIPS_drbg for RAND
2001-01-01T03:59:05Z vmauthd[2101672]: lib/ssl: protocol list tls1.2
2001-01-01T03:59:05Z vmauthd[2101672]: lib/ssl: protocol list tls1.2 (openssl flags 0x17000000)
2001-01-01T03:59:05Z vmauthd[2101672]: lib/ssl: cipher list ECDHE+AESGCM:RSA+AESGCM:ECDHE+AES:RSA+AES
2001-01-01T03:59:05Z vmauthd[2101672]: lib/ssl: curves list prime256v1:secp384r1:secp521r1
2001-01-01T03:59:05Z vmauthd[2101672]: Connect from (local) AF_UNIX socket.
2001-01-01T03:59:05Z vmauthd[2101672]: Connect from 127.0.0.1
2001-01-01T03:59:05Z vmauthd[2101672]: local verification as root
2001-01-01T03:59:05Z vmauthd[2101672]: received CONNECT_NOSTART command: /vmfs/volumes/3a4fd8ce-fc4375c4-effb-5cf3fce846f8/UBUNTU-TMPL/UBUNTU-TMPL.vmx vmx-vigor
2001-01-01T03:59:05Z vmauthd[2101672]: Acquired lock for /var/run/vmware/authd_855ff56531acaaea2c2efcefce6e340b
2001-01-01T03:59:05Z vmauthd[2101672]: No such VMware process: /vmfs/volumes/3a4fd8ce-fc4375c4-effb-5cf3fce846f8/UBUNTU-TMPL/UBUNTU-TMPL.vmx
2001-01-01T03:59:05Z vmauthd[2101672]: released lock for /var/run/vmware/authd_855ff56531acaaea2c2efcefce6e340b
2001-01-01T03:59:05Z vmauthd[2101672]: Local connection for vmx-vigor failed.
2001-01-01T03:59:05Z vmauthd[2101672]: Read failed.
2001-01-01T05:59:16Z vmauthd[2102777]: Msg_SetLocaleEx: HostLocale=UTF-8 UserLocale=NULL
2001-01-01T05:59:16Z vmauthd[2102777]: Could not expand environment variable HOME.
2001-01-01T05:59:16Z vmauthd[2102777]: Could not expand environment variable HOME.
2001-01-01T05:59:16Z vmauthd[2102777]: DictionaryLoad: Cannot open file "/usr/lib/vmware/config": No such file or directory.
2001-01-01T05:59:16Z vmauthd[2102777]: DictionaryLoad: Cannot open file "~/.vmware/config": No such file or directory.
2001-01-01T05:59:16Z vmauthd[2102777]: DictionaryLoad: Cannot open file "~/.vmware/preferences": No such file or directory.
2001-01-01T05:59:16Z vmauthd[2102777]: lib/ssl: OpenSSL using FIPS_drbg for RAND
2001-01-01T05:59:16Z vmauthd[2102777]: lib/ssl: protocol list tls1.2
2001-01-01T05:59:16Z vmauthd[2102777]: lib/ssl: protocol list tls1.2 (openssl flags 0x17000000)
2001-01-01T05:59:16Z vmauthd[2102777]: lib/ssl: cipher list ECDHE+AESGCM:RSA+AESGCM:ECDHE+AES:RSA+AES
2001-01-01T05:59:16Z vmauthd[2102777]: lib/ssl: curves list prime256v1:secp384r1:secp521r1
2001-01-01T05:59:16Z vmauthd[2102777]: Connect from (local) AF_UNIX socket.
2001-01-01T05:59:16Z vmauthd[2102777]: Connect from 127.0.0.1
2001-01-01T05:59:16Z vmauthd[2102777]: local verification as root
2001-01-01T05:59:16Z vmauthd[2102777]: received CONNECT_NOSTART command: /vmfs/volumes/3a4fd8ce-fc4375c4-effb-5cf3fce846f8/RHEL10-TMPL/RHEL10-TMPL.vmx vmx-vigor
2001-01-01T05:59:16Z vmauthd[2102777]: Acquired lock for /var/run/vmware/authd_d4aa485beb1bd69dac2dd7712435f2f7
2001-01-01T05:59:16Z vmauthd[2102777]: No such VMware process: /vmfs/volumes/3a4fd8ce-fc4375c4-effb-5cf3fce846f8/RHEL10-TMPL/RHEL10-TMPL.vmx
2001-01-01T05:59:16Z vmauthd[2102777]: released lock for /var/run/vmware/authd_d4aa485beb1bd69dac2dd7712435f2f7
2001-01-01T05:59:16Z vmauthd[2102777]: Local connection for vmx-vigor failed.
2001-01-01T05:59:16Z vmauthd[2102777]: Read failed.
2001-01-01T06:00:32Z vmauthd[2102939]: Msg_SetLocaleEx: HostLocale=UTF-8 UserLocale=NULL
2001-01-01T06:00:32Z vmauthd[2102939]: Could not expand environment variable HOME.
2001-01-01T06:00:32Z vmauthd[2102939]: Could not expand environment variable HOME.
2001-01-01T06:00:32Z vmauthd[2102939]: DictionaryLoad: Cannot open file "/usr/lib/vmware/config": No such file or directory.
2001-01-01T06:00:32Z vmauthd[2102939]: DictionaryLoad: Cannot open file "~/.vmware/config": No such file or directory.
2001-01-01T06:00:32Z vmauthd[2102939]: DictionaryLoad: Cannot open file "~/.vmware/preferences": No such file or directory.
2001-01-01T06:00:32Z vmauthd[2102939]: lib/ssl: OpenSSL using FIPS_drbg for RAND
2001-01-01T06:00:32Z vmauthd[2102939]: lib/ssl: protocol list tls1.2
2001-01-01T06:00:32Z vmauthd[2102939]: lib/ssl: protocol list tls1.2 (openssl flags 0x17000000)
2001-01-01T06:00:32Z vmauthd[2102939]: lib/ssl: cipher list ECDHE+AESGCM:RSA+AESGCM:ECDHE+AES:RSA+AES
2001-01-01T06:00:32Z vmauthd[2102939]: lib/ssl: curves list prime256v1:secp384r1:secp521r1
2001-01-01T06:00:32Z vmauthd[2102939]: Connect from (local) AF_UNIX socket.
2001-01-01T06:00:32Z vmauthd[2102939]: Connect from 127.0.0.1
2001-01-01T06:00:32Z vmauthd[2102939]: local verification as root
2001-01-01T06:00:32Z vmauthd[2102939]: received CONNECT_NOSTART command: /vmfs/volumes/3a4fd8ce-fc4375c4-effb-5cf3fce846f8/RHEL10-TMPL/RHEL10-TMPL.vmx vmx-vigor
2001-01-01T06:00:32Z vmauthd[2102939]: Acquired lock for /var/run/vmware/authd_d4aa485beb1bd69dac2dd7712435f2f7
2001-01-01T06:00:32Z vmauthd[2102939]: No such VMware process: /vmfs/volumes/3a4fd8ce-fc4375c4-effb-5cf3fce846f8/RHEL10-TMPL/RHEL10-TMPL.vmx
2001-01-01T06:00:32Z vmauthd[2102939]: released lock for /var/run/vmware/authd_d4aa485beb1bd69dac2dd7712435f2f7
2001-01-01T06:00:32Z vmauthd[2102939]: Local connection for vmx-vigor failed.
2001-01-01T06:00:32Z vmauthd[2102939]: Read failed.
2001-01-01T06:00:36Z vmauthd[2103063]: Msg_SetLocaleEx: HostLocale=UTF-8 UserLocale=NULL
2001-01-01T06:00:36Z vmauthd[2103063]: Could not expand environment variable HOME.
2001-01-01T06:00:36Z vmauthd[2103063]: Could not expand environment variable HOME.
2001-01-01T06:00:36Z vmauthd[2103063]: DictionaryLoad: Cannot open file "/usr/lib/vmware/config": No such file or directory.
2001-01-01T06:00:36Z vmauthd[2103063]: DictionaryLoad: Cannot open file "~/.vmware/config": No such file or directory.
2001-01-01T06:00:36Z vmauthd[2103063]: DictionaryLoad: Cannot open file "~/.vmware/preferences": No such file or directory.
2001-01-01T06:00:36Z vmauthd[2103063]: lib/ssl: OpenSSL using FIPS_drbg for RAND
2001-01-01T06:00:36Z vmauthd[2103063]: lib/ssl: protocol list tls1.2
2001-01-01T06:00:36Z vmauthd[2103063]: lib/ssl: protocol list tls1.2 (openssl flags 0x17000000)
2001-01-01T06:00:36Z vmauthd[2103063]: lib/ssl: cipher list ECDHE+AESGCM:RSA+AESGCM:ECDHE+AES:RSA+AES
2001-01-01T06:00:36Z vmauthd[2103063]: lib/ssl: curves list prime256v1:secp384r1:secp521r1
2001-01-01T06:00:36Z vmauthd[2103063]: Connect from (local) AF_UNIX socket.
2001-01-01T06:00:36Z vmauthd[2103063]: Connect from 127.0.0.1
2001-01-01T06:00:36Z vmauthd[2103063]: local verification as root
2001-01-01T06:00:36Z vmauthd[2103063]: received CONNECT_NOSTART command: /vmfs/volumes/3a4fd8ce-fc4375c4-effb-5cf3fce846f8/RHEL10-TMPL/RHEL10-TMPL.vmx vmx-vigor
2001-01-01T06:00:36Z vmauthd[2103063]: Acquired lock for /var/run/vmware/authd_d4aa485beb1bd69dac2dd7712435f2f7
2001-01-01T06:00:36Z vmauthd[2103063]: No such VMware process: /vmfs/volumes/3a4fd8ce-fc4375c4-effb-5cf3fce846f8/RHEL10-TMPL/RHEL10-TMPL.vmx
2001-01-01T06:00:36Z vmauthd[2103063]: released lock for /var/run/vmware/authd_d4aa485beb1bd69dac2dd7712435f2f7
2001-01-01T06:00:36Z vmauthd[2103063]: Local connection for vmx-vigor failed.
2001-01-01T06:00:36Z vmauthd[2103063]: Read failed.
2001-01-01T06:00:40Z vmauthd[2103077]: Msg_SetLocaleEx: HostLocale=UTF-8 UserLocale=NULL
2001-01-01T06:00:40Z vmauthd[2103077]: Could not expand environment variable HOME.
2001-01-01T06:00:40Z vmauthd[2103077]: Could not expand environment variable HOME.
2001-01-01T06:00:40Z vmauthd[2103077]: DictionaryLoad: Cannot open file "/usr/lib/vmware/config": No such file or directory.
2001-01-01T06:00:40Z vmauthd[2103077]: DictionaryLoad: Cannot open file "~/.vmware/config": No such file or directory.
2001-01-01T06:00:40Z vmauthd[2103077]: DictionaryLoad: Cannot open file "~/.vmware/preferences": No such file or directory.
2001-01-01T06:00:40Z vmauthd[2103077]: lib/ssl: OpenSSL using FIPS_drbg for RAND
2001-01-01T06:00:40Z vmauthd[2103077]: lib/ssl: protocol list tls1.2
2001-01-01T06:00:40Z vmauthd[2103077]: lib/ssl: protocol list tls1.2 (openssl flags 0x17000000)
2001-01-01T06:00:40Z vmauthd[2103077]: lib/ssl: cipher list ECDHE+AESGCM:RSA+AESGCM:ECDHE+AES:RSA+AES
2001-01-01T06:00:40Z vmauthd[2103077]: lib/ssl: curves list prime256v1:secp384r1:secp521r1
2001-01-01T06:00:40Z vmauthd[2103077]: Connect from (local) AF_UNIX socket.
2001-01-01T06:00:40Z vmauthd[2103077]: Connect from 127.0.0.1
2001-01-01T06:00:40Z vmauthd[2103077]: local verification as root
2001-01-01T06:00:40Z vmauthd[2103077]: received CONNECT_NOSTART command: /vmfs/volumes/3a4fd8ce-fc4375c4-effb-5cf3fce846f8/RHEL10-TMPL/RHEL10-TMPL.vmx vmx-vigor
2001-01-01T06:00:40Z vmauthd[2103077]: Acquired lock for /var/run/vmware/authd_d4aa485beb1bd69dac2dd7712435f2f7
2001-01-01T06:00:40Z vmauthd[2103077]: No such VMware process: /vmfs/volumes/3a4fd8ce-fc4375c4-effb-5cf3fce846f8/RHEL10-TMPL/RHEL10-TMPL.vmx
2001-01-01T06:00:40Z vmauthd[2103077]: released lock for /var/run/vmware/authd_d4aa485beb1bd69dac2dd7712435f2f7
2001-01-01T06:00:40Z vmauthd[2103077]: Local connection for vmx-vigor failed.
2001-01-01T06:00:40Z vmauthd[2103077]: Read failed.
2001-01-01T06:00:52Z vmauthd[2103222]: Msg_SetLocaleEx: HostLocale=UTF-8 UserLocale=NULL
2001-01-01T06:00:52Z vmauthd[2103222]: Could not expand environment variable HOME.
2001-01-01T06:00:52Z vmauthd[2103222]: Could not expand environment variable HOME.
2001-01-01T06:00:52Z vmauthd[2103222]: DictionaryLoad: Cannot open file "/usr/lib/vmware/config": No such file or directory.
2001-01-01T06:00:52Z vmauthd[2103222]: DictionaryLoad: Cannot open file "~/.vmware/config": No such file or directory.
2001-01-01T06:00:52Z vmauthd[2103222]: DictionaryLoad: Cannot open file "~/.vmware/preferences": No such file or directory.
2001-01-01T06:00:52Z vmauthd[2103222]: lib/ssl: OpenSSL using FIPS_drbg for RAND
2001-01-01T06:00:52Z vmauthd[2103222]: lib/ssl: protocol list tls1.2
2001-01-01T06:00:52Z vmauthd[2103222]: lib/ssl: protocol list tls1.2 (openssl flags 0x17000000)
2001-01-01T06:00:52Z vmauthd[2103222]: lib/ssl: cipher list ECDHE+AESGCM:RSA+AESGCM:ECDHE+AES:RSA+AES
2001-01-01T06:00:52Z vmauthd[2103222]: lib/ssl: curves list prime256v1:secp384r1:secp521r1
2001-01-01T06:00:52Z vmauthd[2103222]: Connect from (local) AF_UNIX socket.
2001-01-01T06:00:52Z vmauthd[2103222]: Connect from 127.0.0.1
2001-01-01T06:00:52Z vmauthd[2103222]: local verification as root
2001-01-01T06:00:52Z vmauthd[2103222]: received CONNECT_NOSTART command: /vmfs/volumes/3a4fd8ce-fc4375c4-effb-5cf3fce846f8/RHEL10-TMPL/RHEL10-TMPL.vmx vmx-vigor
2001-01-01T06:00:52Z vmauthd[2103222]: Acquired lock for /var/run/vmware/authd_d4aa485beb1bd69dac2dd7712435f2f7
2001-01-01T06:00:52Z vmauthd[2103222]: No such VMware process: /vmfs/volumes/3a4fd8ce-fc4375c4-effb-5cf3fce846f8/RHEL10-TMPL/RHEL10-TMPL.vmx
2001-01-01T06:00:52Z vmauthd[2103222]: released lock for /var/run/vmware/authd_d4aa485beb1bd69dac2dd7712435f2f7
2001-01-01T06:00:52Z vmauthd[2103222]: Local connection for vmx-vigor failed.
2001-01-01T06:00:52Z vmauthd[2103222]: Read failed.
2001-01-01T06:00:56Z vmauthd[2103236]: Msg_SetLocaleEx: HostLocale=UTF-8 UserLocale=NULL
2001-01-01T06:00:56Z vmauthd[2103236]: Could not expand environment variable HOME.
2001-01-01T06:00:56Z vmauthd[2103236]: Could not expand environment variable HOME.
2001-01-01T06:00:56Z vmauthd[2103236]: DictionaryLoad: Cannot open file "/usr/lib/vmware/config": No such file or directory.
2001-01-01T06:00:56Z vmauthd[2103236]: DictionaryLoad: Cannot open file "~/.vmware/config": No such file or directory.
2001-01-01T06:00:56Z vmauthd[2103236]: DictionaryLoad: Cannot open file "~/.vmware/preferences": No such file or directory.
2001-01-01T06:00:56Z vmauthd[2103236]: lib/ssl: OpenSSL using FIPS_drbg for RAND
2001-01-01T06:00:56Z vmauthd[2103236]: lib/ssl: protocol list tls1.2
2001-01-01T06:00:56Z vmauthd[2103236]: lib/ssl: protocol list tls1.2 (openssl flags 0x17000000)
2001-01-01T06:00:56Z vmauthd[2103236]: lib/ssl: cipher list ECDHE+AESGCM:RSA+AESGCM:ECDHE+AES:RSA+AES
2001-01-01T06:00:56Z vmauthd[2103236]: lib/ssl: curves list prime256v1:secp384r1:secp521r1
2001-01-01T06:00:56Z vmauthd[2103236]: Connect from (local) AF_UNIX socket.
2001-01-01T06:00:56Z vmauthd[2103236]: Connect from 127.0.0.1
2001-01-01T06:00:56Z vmauthd[2103236]: local verification as root
2001-01-01T06:00:56Z vmauthd[2103236]: received CONNECT_NOSTART command: /vmfs/volumes/3a4fd8ce-fc4375c4-effb-5cf3fce846f8/RHEL10-TMPL/RHEL10-TMPL.vmx vmx-vigor
2001-01-01T06:00:56Z vmauthd[2103236]: Acquired lock for /var/run/vmware/authd_d4aa485beb1bd69dac2dd7712435f2f7
2001-01-01T06:00:56Z vmauthd[2103236]: No such VMware process: /vmfs/volumes/3a4fd8ce-fc4375c4-effb-5cf3fce846f8/RHEL10-TMPL/RHEL10-TMPL.vmx
2001-01-01T06:00:56Z vmauthd[2103236]: released lock for /var/run/vmware/authd_d4aa485beb1bd69dac2dd7712435f2f7
2001-01-01T06:00:56Z vmauthd[2103236]: Local connection for vmx-vigor failed.
2001-01-01T06:00:56Z vmauthd[2103236]: Read failed.
2001-01-01T06:01:00Z vmauthd[2103250]: Msg_SetLocaleEx: HostLocale=UTF-8 UserLocale=NULL
2001-01-01T06:01:00Z vmauthd[2103250]: Could not expand environment variable HOME.
2001-01-01T06:01:00Z vmauthd[2103250]: Could not expand environment variable HOME.
2001-01-01T06:01:00Z vmauthd[2103250]: DictionaryLoad: Cannot open file "/usr/lib/vmware/config": No such file or directory.
2001-01-01T06:01:00Z vmauthd[2103250]: DictionaryLoad: Cannot open file "~/.vmware/config": No such file or directory.
2001-01-01T06:01:00Z vmauthd[2103250]: DictionaryLoad: Cannot open file "~/.vmware/preferences": No such file or directory.
2001-01-01T06:01:00Z vmauthd[2103250]: lib/ssl: OpenSSL using FIPS_drbg for RAND
2001-01-01T06:01:00Z vmauthd[2103250]: lib/ssl: protocol list tls1.2
2001-01-01T06:01:00Z vmauthd[2103250]: lib/ssl: protocol list tls1.2 (openssl flags 0x17000000)
2001-01-01T06:01:00Z vmauthd[2103250]: lib/ssl: cipher list ECDHE+AESGCM:RSA+AESGCM:ECDHE+AES:RSA+AES
2001-01-01T06:01:00Z vmauthd[2103250]: lib/ssl: curves list prime256v1:secp384r1:secp521r1
2001-01-01T06:01:00Z vmauthd[2103250]: Connect from (local) AF_UNIX socket.
2001-01-01T06:01:00Z vmauthd[2103250]: Connect from 127.0.0.1
2001-01-01T06:01:00Z vmauthd[2103250]: local verification as root
2001-01-01T06:01:00Z vmauthd[2103250]: received CONNECT_NOSTART command: /vmfs/volumes/3a4fd8ce-fc4375c4-effb-5cf3fce846f8/RHEL10-TMPL/RHEL10-TMPL.vmx vmx-vigor
2001-01-01T06:01:00Z vmauthd[2103250]: Acquired lock for /var/run/vmware/authd_d4aa485beb1bd69dac2dd7712435f2f7
2001-01-01T06:01:00Z vmauthd[2103250]: No such VMware process: /vmfs/volumes/3a4fd8ce-fc4375c4-effb-5cf3fce846f8/RHEL10-TMPL/RHEL10-TMPL.vmx
2001-01-01T06:01:00Z vmauthd[2103250]: released lock for /var/run/vmware/authd_d4aa485beb1bd69dac2dd7712435f2f7
2001-01-01T06:01:00Z vmauthd[2103250]: Local connection for vmx-vigor failed.
2001-01-01T06:01:00Z vmauthd[2103250]: Read failed.
2001-01-01T06:01:13Z vmauthd[2103509]: Msg_SetLocaleEx: HostLocale=UTF-8 UserLocale=NULL
2001-01-01T06:01:13Z vmauthd[2103509]: Could not expand environment variable HOME.
2001-01-01T06:01:13Z vmauthd[2103509]: Could not expand environment variable HOME.
2001-01-01T06:01:13Z vmauthd[2103509]: DictionaryLoad: Cannot open file "/usr/lib/vmware/config": No such file or directory.
2001-01-01T06:01:13Z vmauthd[2103509]: DictionaryLoad: Cannot open file "~/.vmware/config": No such file or directory.
2001-01-01T06:01:13Z vmauthd[2103509]: DictionaryLoad: Cannot open file "~/.vmware/preferences": No such file or directory.
2001-01-01T06:01:13Z vmauthd[2103509]: lib/ssl: OpenSSL using FIPS_drbg for RAND
2001-01-01T06:01:13Z vmauthd[2103509]: lib/ssl: protocol list tls1.2
2001-01-01T06:01:13Z vmauthd[2103509]: lib/ssl: protocol list tls1.2 (openssl flags 0x17000000)
2001-01-01T06:01:13Z vmauthd[2103509]: lib/ssl: cipher list ECDHE+AESGCM:RSA+AESGCM:ECDHE+AES:RSA+AES
2001-01-01T06:01:13Z vmauthd[2103509]: lib/ssl: curves list prime256v1:secp384r1:secp521r1
2001-01-01T06:01:13Z vmauthd[2103509]: Connect from (local) AF_UNIX socket.
2001-01-01T06:01:13Z vmauthd[2103509]: Connect from 127.0.0.1
2001-01-01T06:01:13Z vmauthd[2103509]: local verification as root
2001-01-01T06:01:13Z vmauthd[2103509]: received CONNECT_NOSTART command: /vmfs/volumes/3a4fd8ce-fc4375c4-effb-5cf3fce846f8/RHEL10-TMPL/RHEL10-TMPL.vmx vmx-vigor
2001-01-01T06:01:13Z vmauthd[2103509]: Acquired lock for /var/run/vmware/authd_d4aa485beb1bd69dac2dd7712435f2f7
2001-01-01T06:01:13Z vmauthd[2103509]: No such VMware process: /vmfs/volumes/3a4fd8ce-fc4375c4-effb-5cf3fce846f8/RHEL10-TMPL/RHEL10-TMPL.vmx
2001-01-01T06:01:13Z vmauthd[2103509]: released lock for /var/run/vmware/authd_d4aa485beb1bd69dac2dd7712435f2f7
2001-01-01T06:01:13Z vmauthd[2103509]: Local connection for vmx-vigor failed.
2001-01-01T06:01:13Z vmauthd[2103509]: Read failed.
2001-01-01T06:01:24Z vmauthd[2103633]: Msg_SetLocaleEx: HostLocale=UTF-8 UserLocale=NULL
2001-01-01T06:01:24Z vmauthd[2103633]: Could not expand environment variable HOME.
2001-01-01T06:01:24Z vmauthd[2103633]: Could not expand environment variable HOME.
2001-01-01T06:01:24Z vmauthd[2103633]: DictionaryLoad: Cannot open file "/usr/lib/vmware/config": No such file or directory.
2001-01-01T06:01:24Z vmauthd[2103633]: DictionaryLoad: Cannot open file "~/.vmware/config": No such file or directory.
2001-01-01T06:01:24Z vmauthd[2103633]: DictionaryLoad: Cannot open file "~/.vmware/preferences": No such file or directory.
2001-01-01T06:01:24Z vmauthd[2103633]: lib/ssl: OpenSSL using FIPS_drbg for RAND
2001-01-01T06:01:24Z vmauthd[2103633]: lib/ssl: protocol list tls1.2
2001-01-01T06:01:24Z vmauthd[2103633]: lib/ssl: protocol list tls1.2 (openssl flags 0x17000000)
2001-01-01T06:01:24Z vmauthd[2103633]: lib/ssl: cipher list ECDHE+AESGCM:RSA+AESGCM:ECDHE+AES:RSA+AES
2001-01-01T06:01:24Z vmauthd[2103633]: lib/ssl: curves list prime256v1:secp384r1:secp521r1
2001-01-01T06:01:24Z vmauthd[2103633]: Connect from (local) AF_UNIX socket.
2001-01-01T06:01:24Z vmauthd[2103633]: Connect from 127.0.0.1
2001-01-01T06:01:24Z vmauthd[2103633]: local verification as root
2001-01-01T06:01:24Z vmauthd[2103633]: received CONNECT_NOSTART command: /vmfs/volumes/3a4fd8ce-fc4375c4-effb-5cf3fce846f8/RHEL10-TMPL/RHEL10-TMPL.vmx vmx-vigor
2001-01-01T06:01:24Z vmauthd[2103633]: Acquired lock for /var/run/vmware/authd_d4aa485beb1bd69dac2dd7712435f2f7
2001-01-01T06:01:24Z vmauthd[2103633]: No such VMware process: /vmfs/volumes/3a4fd8ce-fc4375c4-effb-5cf3fce846f8/RHEL10-TMPL/RHEL10-TMPL.vmx
2001-01-01T06:01:24Z vmauthd[2103633]: released lock for /var/run/vmware/authd_d4aa485beb1bd69dac2dd7712435f2f7
2001-01-01T06:01:24Z vmauthd[2103633]: Local connection for vmx-vigor failed.
2001-01-01T06:01:24Z vmauthd[2103633]: Read failed.
2001-01-01T06:01:29Z vmauthd[2103647]: Msg_SetLocaleEx: HostLocale=UTF-8 UserLocale=NULL
2001-01-01T06:01:29Z vmauthd[2103647]: Could not expand environment variable HOME.
2001-01-01T06:01:29Z vmauthd[2103647]: Could not expand environment variable HOME.
2001-01-01T06:01:29Z vmauthd[2103647]: DictionaryLoad: Cannot open file "/usr/lib/vmware/config": No such file or directory.
2001-01-01T06:01:29Z vmauthd[2103647]: DictionaryLoad: Cannot open file "~/.vmware/config": No such file or directory.
2001-01-01T06:01:29Z vmauthd[2103647]: DictionaryLoad: Cannot open file "~/.vmware/preferences": No such file or directory.
2001-01-01T06:01:29Z vmauthd[2103647]: lib/ssl: OpenSSL using FIPS_drbg for RAND
2001-01-01T06:01:29Z vmauthd[2103647]: lib/ssl: protocol list tls1.2
2001-01-01T06:01:29Z vmauthd[2103647]: lib/ssl: protocol list tls1.2 (openssl flags 0x17000000)
2001-01-01T06:01:29Z vmauthd[2103647]: lib/ssl: cipher list ECDHE+AESGCM:RSA+AESGCM:ECDHE+AES:RSA+AES
2001-01-01T06:01:29Z vmauthd[2103647]: lib/ssl: curves list prime256v1:secp384r1:secp521r1
2001-01-01T06:01:29Z vmauthd[2103647]: Connect from (local) AF_UNIX socket.
2001-01-01T06:01:29Z vmauthd[2103647]: Connect from 127.0.0.1
2001-01-01T06:01:29Z vmauthd[2103647]: local verification as root
2001-01-01T06:01:29Z vmauthd[2103647]: received CONNECT_NOSTART command: /vmfs/volumes/3a4fd8ce-fc4375c4-effb-5cf3fce846f8/RHEL10-TMPL/RHEL10-TMPL.vmx vmx-vigor
2001-01-01T06:01:29Z vmauthd[2103647]: Acquired lock for /var/run/vmware/authd_d4aa485beb1bd69dac2dd7712435f2f7
2001-01-01T06:01:29Z vmauthd[2103647]: No such VMware process: /vmfs/volumes/3a4fd8ce-fc4375c4-effb-5cf3fce846f8/RHEL10-TMPL/RHEL10-TMPL.vmx
2001-01-01T06:01:29Z vmauthd[2103647]: released lock for /var/run/vmware/authd_d4aa485beb1bd69dac2dd7712435f2f7
2001-01-01T06:01:29Z vmauthd[2103647]: Local connection for vmx-vigor failed.
2001-01-01T06:01:29Z vmauthd[2103647]: Read failed.
2001-01-01T06:01:33Z vmauthd[2103661]: Msg_SetLocaleEx: HostLocale=UTF-8 UserLocale=NULL
2001-01-01T06:01:33Z vmauthd[2103661]: Could not expand environment variable HOME.
2001-01-01T06:01:33Z vmauthd[2103661]: Could not expand environment variable HOME.
2001-01-01T06:01:33Z vmauthd[2103661]: DictionaryLoad: Cannot open file "/usr/lib/vmware/config": No such file or directory.
2001-01-01T06:01:33Z vmauthd[2103661]: DictionaryLoad: Cannot open file "~/.vmware/config": No such file or directory.
2001-01-01T06:01:33Z vmauthd[2103661]: DictionaryLoad: Cannot open file "~/.vmware/preferences": No such file or directory.
2001-01-01T06:01:33Z vmauthd[2103661]: lib/ssl: OpenSSL using FIPS_drbg for RAND
2001-01-01T06:01:33Z vmauthd[2103661]: lib/ssl: protocol list tls1.2
2001-01-01T06:01:33Z vmauthd[2103661]: lib/ssl: protocol list tls1.2 (openssl flags 0x17000000)
2001-01-01T06:01:33Z vmauthd[2103661]: lib/ssl: cipher list ECDHE+AESGCM:RSA+AESGCM:ECDHE+AES:RSA+AES
2001-01-01T06:01:33Z vmauthd[2103661]: lib/ssl: curves list prime256v1:secp384r1:secp521r1
2001-01-01T06:01:33Z vmauthd[2103661]: Connect from (local) AF_UNIX socket.
2001-01-01T06:01:33Z vmauthd[2103661]: Connect from 127.0.0.1
2001-01-01T06:01:33Z vmauthd[2103661]: local verification as root
2001-01-01T06:01:33Z vmauthd[2103661]: received CONNECT_NOSTART command: /vmfs/volumes/3a4fd8ce-fc4375c4-effb-5cf3fce846f8/RHEL10-TMPL/RHEL10-TMPL.vmx vmx-vigor
2001-01-01T06:01:33Z vmauthd[2103661]: Acquired lock for /var/run/vmware/authd_d4aa485beb1bd69dac2dd7712435f2f7
2001-01-01T06:01:33Z vmauthd[2103661]: No such VMware process: /vmfs/volumes/3a4fd8ce-fc4375c4-effb-5cf3fce846f8/RHEL10-TMPL/RHEL10-TMPL.vmx
2001-01-01T06:01:33Z vmauthd[2103661]: released lock for /var/run/vmware/authd_d4aa485beb1bd69dac2dd7712435f2f7
2001-01-01T06:01:33Z vmauthd[2103661]: Local connection for vmx-vigor failed.
2001-01-01T06:01:33Z vmauthd[2103661]: Read failed.
2001-01-01T06:01:47Z vmauthd[2103793]: Msg_SetLocaleEx: HostLocale=UTF-8 UserLocale=NULL
2001-01-01T06:01:47Z vmauthd[2103793]: Could not expand environment variable HOME.
2001-01-01T06:01:47Z vmauthd[2103793]: Could not expand environment variable HOME.
2001-01-01T06:01:47Z vmauthd[2103793]: DictionaryLoad: Cannot open file "/usr/lib/vmware/config": No such file or directory.
2001-01-01T06:01:47Z vmauthd[2103793]: DictionaryLoad: Cannot open file "~/.vmware/config": No such file or directory.
2001-01-01T06:01:47Z vmauthd[2103793]: DictionaryLoad: Cannot open file "~/.vmware/preferences": No such file or directory.
2001-01-01T06:01:47Z vmauthd[2103793]: lib/ssl: OpenSSL using FIPS_drbg for RAND
2001-01-01T06:01:47Z vmauthd[2103793]: lib/ssl: protocol list tls1.2
2001-01-01T06:01:47Z vmauthd[2103793]: lib/ssl: protocol list tls1.2 (openssl flags 0x17000000)
2001-01-01T06:01:47Z vmauthd[2103793]: lib/ssl: cipher list ECDHE+AESGCM:RSA+AESGCM:ECDHE+AES:RSA+AES
2001-01-01T06:01:47Z vmauthd[2103793]: lib/ssl: curves list prime256v1:secp384r1:secp521r1
2001-01-01T06:01:47Z vmauthd[2103793]: Connect from (local) AF_UNIX socket.
2001-01-01T06:01:47Z vmauthd[2103793]: Connect from 127.0.0.1
2001-01-01T06:01:47Z vmauthd[2103793]: local verification as root
2001-01-01T06:01:47Z vmauthd[2103793]: received CONNECT_NOSTART command: /vmfs/volumes/3a4fd8ce-fc4375c4-effb-5cf3fce846f8/RHEL10-TMPL/RHEL10-TMPL.vmx vmx-vigor
2001-01-01T06:01:47Z vmauthd[2103793]: Acquired lock for /var/run/vmware/authd_d4aa485beb1bd69dac2dd7712435f2f7
2001-01-01T06:01:47Z vmauthd[2103793]: No such VMware process: /vmfs/volumes/3a4fd8ce-fc4375c4-effb-5cf3fce846f8/RHEL10-TMPL/RHEL10-TMPL.vmx
2001-01-01T06:01:47Z vmauthd[2103793]: released lock for /var/run/vmware/authd_d4aa485beb1bd69dac2dd7712435f2f7
2001-01-01T06:01:47Z vmauthd[2103793]: Local connection for vmx-vigor failed.
2001-01-01T06:01:47Z vmauthd[2103793]: Read failed.
2001-01-01T06:02:34Z vmauthd[2103959]: Msg_SetLocaleEx: HostLocale=UTF-8 UserLocale=NULL
2001-01-01T06:02:34Z vmauthd[2103959]: Could not expand environment variable HOME.
2001-01-01T06:02:34Z vmauthd[2103959]: Could not expand environment variable HOME.
2001-01-01T06:02:34Z vmauthd[2103959]: DictionaryLoad: Cannot open file "/usr/lib/vmware/config": No such file or directory.
2001-01-01T06:02:34Z vmauthd[2103959]: DictionaryLoad: Cannot open file "~/.vmware/config": No such file or directory.
2001-01-01T06:02:34Z vmauthd[2103959]: DictionaryLoad: Cannot open file "~/.vmware/preferences": No such file or directory.
2001-01-01T06:02:34Z vmauthd[2103959]: lib/ssl: OpenSSL using FIPS_drbg for RAND
2001-01-01T06:02:34Z vmauthd[2103959]: lib/ssl: protocol list tls1.2
2001-01-01T06:02:34Z vmauthd[2103959]: lib/ssl: protocol list tls1.2 (openssl flags 0x17000000)
2001-01-01T06:02:34Z vmauthd[2103959]: lib/ssl: cipher list ECDHE+AESGCM:RSA+AESGCM:ECDHE+AES:RSA+AES
2001-01-01T06:02:34Z vmauthd[2103959]: lib/ssl: curves list prime256v1:secp384r1:secp521r1
2001-01-01T06:02:34Z vmauthd[2103959]: Connect from (local) AF_UNIX socket.
2001-01-01T06:02:34Z vmauthd[2103959]: Connect from 127.0.0.1
2001-01-01T06:02:34Z vmauthd[2103959]: local verification as root
2001-01-01T06:02:34Z vmauthd[2103959]: received CONNECT_NOSTART command: /vmfs/volumes/3a4fd8ce-fc4375c4-effb-5cf3fce846f8/RHEL10-TMPL/RHEL10-TMPL.vmx vmx-vigor
2001-01-01T06:02:34Z vmauthd[2103959]: Acquired lock for /var/run/vmware/authd_d4aa485beb1bd69dac2dd7712435f2f7
2001-01-01T06:02:34Z vmauthd[2103959]: No such VMware process: /vmfs/volumes/3a4fd8ce-fc4375c4-effb-5cf3fce846f8/RHEL10-TMPL/RHEL10-TMPL.vmx
2001-01-01T06:02:34Z vmauthd[2103959]: released lock for /var/run/vmware/authd_d4aa485beb1bd69dac2dd7712435f2f7
2001-01-01T06:02:34Z vmauthd[2103959]: Local connection for vmx-vigor failed.
2001-01-01T06:02:34Z vmauthd[2103959]: Read failed.
2001-01-01T06:02:37Z vmauthd[2104083]: Msg_SetLocaleEx: HostLocale=UTF-8 UserLocale=NULL
2001-01-01T06:02:37Z vmauthd[2104083]: Could not expand environment variable HOME.
2001-01-01T06:02:37Z vmauthd[2104083]: Could not expand environment variable HOME.
2001-01-01T06:02:37Z vmauthd[2104083]: DictionaryLoad: Cannot open file "/usr/lib/vmware/config": No such file or directory.
2001-01-01T06:02:37Z vmauthd[2104083]: DictionaryLoad: Cannot open file "~/.vmware/config": No such file or directory.
2001-01-01T06:02:37Z vmauthd[2104083]: DictionaryLoad: Cannot open file "~/.vmware/preferences": No such file or directory.
2001-01-01T06:02:37Z vmauthd[2104083]: lib/ssl: OpenSSL using FIPS_drbg for RAND
2001-01-01T06:02:37Z vmauthd[2104083]: lib/ssl: protocol list tls1.2
2001-01-01T06:02:37Z vmauthd[2104083]: lib/ssl: protocol list tls1.2 (openssl flags 0x17000000)
2001-01-01T06:02:37Z vmauthd[2104083]: lib/ssl: cipher list ECDHE+AESGCM:RSA+AESGCM:ECDHE+AES:RSA+AES
2001-01-01T06:02:37Z vmauthd[2104083]: lib/ssl: curves list prime256v1:secp384r1:secp521r1
2001-01-01T06:02:37Z vmauthd[2104083]: Connect from (local) AF_UNIX socket.
2001-01-01T06:02:37Z vmauthd[2104083]: Connect from 127.0.0.1
2001-01-01T06:02:37Z vmauthd[2104083]: local verification as root
2001-01-01T06:02:37Z vmauthd[2104083]: received CONNECT_NOSTART command: /vmfs/volumes/3a4fd8ce-fc4375c4-effb-5cf3fce846f8/RHEL10-TMPL/RHEL10-TMPL.vmx vmx-vigor
2001-01-01T06:02:37Z vmauthd[2104083]: Acquired lock for /var/run/vmware/authd_d4aa485beb1bd69dac2dd7712435f2f7
2001-01-01T06:02:37Z vmauthd[2104083]: No such VMware process: /vmfs/volumes/3a4fd8ce-fc4375c4-effb-5cf3fce846f8/RHEL10-TMPL/RHEL10-TMPL.vmx
2001-01-01T06:02:37Z vmauthd[2104083]: released lock for /var/run/vmware/authd_d4aa485beb1bd69dac2dd7712435f2f7
2001-01-01T06:02:37Z vmauthd[2104083]: Local connection for vmx-vigor failed.
2001-01-01T06:02:37Z vmauthd[2104083]: Read failed.
2001-01-01T06:12:21Z vmauthd[2104621]: Msg_SetLocaleEx: HostLocale=UTF-8 UserLocale=NULL
2001-01-01T06:12:21Z vmauthd[2104621]: Could not expand environment variable HOME.
2001-01-01T06:12:21Z vmauthd[2104621]: Could not expand environment variable HOME.
2001-01-01T06:12:21Z vmauthd[2104621]: DictionaryLoad: Cannot open file "/usr/lib/vmware/config": No such file or directory.
2001-01-01T06:12:21Z vmauthd[2104621]: DictionaryLoad: Cannot open file "~/.vmware/config": No such file or directory.
2001-01-01T06:12:21Z vmauthd[2104621]: DictionaryLoad: Cannot open file "~/.vmware/preferences": No such file or directory.
2001-01-01T06:12:21Z vmauthd[2104621]: lib/ssl: OpenSSL using FIPS_drbg for RAND
2001-01-01T06:12:21Z vmauthd[2104621]: lib/ssl: protocol list tls1.2
2001-01-01T06:12:21Z vmauthd[2104621]: lib/ssl: protocol list tls1.2 (openssl flags 0x17000000)
2001-01-01T06:12:21Z vmauthd[2104621]: lib/ssl: cipher list ECDHE+AESGCM:RSA+AESGCM:ECDHE+AES:RSA+AES
2001-01-01T06:12:21Z vmauthd[2104621]: lib/ssl: curves list prime256v1:secp384r1:secp521r1
2001-01-01T06:12:21Z vmauthd[2104621]: Connect from (local) AF_UNIX socket.
2001-01-01T06:12:21Z vmauthd[2104621]: Connect from 127.0.0.1
2001-01-01T06:12:21Z vmauthd[2104621]: local verification as root
2001-01-01T06:12:21Z vmauthd[2104621]: received CONNECT_NOSTART command: /vmfs/volumes/3a4fd8ce-fc4375c4-effb-5cf3fce846f8/RHEL10-TMPL/RHEL10-TMPL.vmx vmx-vigor
2001-01-01T06:12:21Z vmauthd[2104621]: Acquired lock for /var/run/vmware/authd_d4aa485beb1bd69dac2dd7712435f2f7
2001-01-01T06:12:21Z vmauthd[2104621]: No such VMware process: /vmfs/volumes/3a4fd8ce-fc4375c4-effb-5cf3fce846f8/RHEL10-TMPL/RHEL10-TMPL.vmx
2001-01-01T06:12:21Z vmauthd[2104621]: released lock for /var/run/vmware/authd_d4aa485beb1bd69dac2dd7712435f2f7
2001-01-01T06:12:21Z vmauthd[2104621]: Local connection for vmx-vigor failed.
2001-01-01T06:12:21Z vmauthd[2104621]: Read failed.
2001-01-01T06:12:39Z vmauthd[2104774]: Msg_SetLocaleEx: HostLocale=UTF-8 UserLocale=NULL
2001-01-01T06:12:39Z vmauthd[2104774]: Could not expand environment variable HOME.
2001-01-01T06:12:39Z vmauthd[2104774]: Could not expand environment variable HOME.
2001-01-01T06:12:39Z vmauthd[2104774]: DictionaryLoad: Cannot open file "/usr/lib/vmware/config": No such file or directory.
2001-01-01T06:12:39Z vmauthd[2104774]: DictionaryLoad: Cannot open file "~/.vmware/config": No such file or directory.
2001-01-01T06:12:39Z vmauthd[2104774]: DictionaryLoad: Cannot open file "~/.vmware/preferences": No such file or directory.
2001-01-01T06:12:39Z vmauthd[2104774]: lib/ssl: OpenSSL using FIPS_drbg for RAND
2001-01-01T06:12:39Z vmauthd[2104774]: lib/ssl: protocol list tls1.2
2001-01-01T06:12:39Z vmauthd[2104774]: lib/ssl: protocol list tls1.2 (openssl flags 0x17000000)
2001-01-01T06:12:39Z vmauthd[2104774]: lib/ssl: cipher list ECDHE+AESGCM:RSA+AESGCM:ECDHE+AES:RSA+AES
2001-01-01T06:12:39Z vmauthd[2104774]: lib/ssl: curves list prime256v1:secp384r1:secp521r1
2001-01-01T06:12:39Z vmauthd[2104774]: Connect from (local) AF_UNIX socket.
2001-01-01T06:12:39Z vmauthd[2104774]: Connect from 127.0.0.1
2001-01-01T06:12:39Z vmauthd[2104774]: local verification as root
2001-01-01T06:12:39Z vmauthd[2104774]: received CONNECT_NOSTART command: /vmfs/volumes/3a4fd8ce-fc4375c4-effb-5cf3fce846f8/RHEL10-TMPL/RHEL10-TMPL.vmx vmx-vigor
2001-01-01T06:12:39Z vmauthd[2104774]: Acquired lock for /var/run/vmware/authd_d4aa485beb1bd69dac2dd7712435f2f7
2001-01-01T06:12:39Z vmauthd[2104774]: No such VMware process: /vmfs/volumes/3a4fd8ce-fc4375c4-effb-5cf3fce846f8/RHEL10-TMPL/RHEL10-TMPL.vmx
2001-01-01T06:12:39Z vmauthd[2104774]: released lock for /var/run/vmware/authd_d4aa485beb1bd69dac2dd7712435f2f7
2001-01-01T06:12:39Z vmauthd[2104774]: Local connection for vmx-vigor failed.
2001-01-01T06:12:39Z vmauthd[2104774]: Read failed.
2001-01-01T09:53:22Z vmauthd[2112879]: Msg_SetLocaleEx: HostLocale=UTF-8 UserLocale=NULL
2001-01-01T09:53:22Z vmauthd[2112879]: Could not expand environment variable HOME.
2001-01-01T09:53:22Z vmauthd[2112879]: Could not expand environment variable HOME.
2001-01-01T09:53:22Z vmauthd[2112879]: DictionaryLoad: Cannot open file "/usr/lib/vmware/config": No such file or directory.
2001-01-01T09:53:22Z vmauthd[2112879]: DictionaryLoad: Cannot open file "~/.vmware/config": No such file or directory.
2001-01-01T09:53:22Z vmauthd[2112879]: DictionaryLoad: Cannot open file "~/.vmware/preferences": No such file or directory.
2001-01-01T09:53:22Z vmauthd[2112879]: lib/ssl: OpenSSL using FIPS_drbg for RAND
2001-01-01T09:53:22Z vmauthd[2112879]: lib/ssl: protocol list tls1.2
2001-01-01T09:53:22Z vmauthd[2112879]: lib/ssl: protocol list tls1.2 (openssl flags 0x17000000)
2001-01-01T09:53:22Z vmauthd[2112879]: lib/ssl: cipher list ECDHE+AESGCM:RSA+AESGCM:ECDHE+AES:RSA+AES
2001-01-01T09:53:22Z vmauthd[2112879]: lib/ssl: curves list prime256v1:secp384r1:secp521r1
2001-01-01T09:53:22Z vmauthd[2112879]: Connect from (local) AF_UNIX socket.
2001-01-01T09:53:22Z vmauthd[2112879]: Connect from 127.0.0.1
2001-01-01T09:53:22Z vmauthd[2112879]: local verification as root
2001-01-01T09:53:22Z vmauthd[2112879]: received CONNECT_NOSTART command: /vmfs/volumes/3a4fd8ce-fc4375c4-effb-5cf3fce846f8/WIN2022-TMPL/WIN2022-TMPL.vmx vmx-vigor
2001-01-01T09:53:22Z vmauthd[2112879]: Acquired lock for /var/run/vmware/authd_858c4d205a024b0576bdd2ac046debc0
2001-01-01T09:53:22Z vmauthd[2112879]: No such VMware process: /vmfs/volumes/3a4fd8ce-fc4375c4-effb-5cf3fce846f8/WIN2022-TMPL/WIN2022-TMPL.vmx
2001-01-01T09:53:22Z vmauthd[2112879]: released lock for /var/run/vmware/authd_858c4d205a024b0576bdd2ac046debc0
2001-01-01T09:53:22Z vmauthd[2112879]: Local connection for vmx-vigor failed.
2001-01-01T09:53:22Z vmauthd[2112879]: Read failed.
2001-01-01T09:53:34Z vmauthd[2112997]: Msg_SetLocaleEx: HostLocale=UTF-8 UserLocale=NULL
2001-01-01T09:53:34Z vmauthd[2112997]: Could not expand environment variable HOME.
2001-01-01T09:53:34Z vmauthd[2112997]: Could not expand environment variable HOME.
2001-01-01T09:53:34Z vmauthd[2112997]: DictionaryLoad: Cannot open file "/usr/lib/vmware/config": No such file or directory.
2001-01-01T09:53:34Z vmauthd[2112997]: DictionaryLoad: Cannot open file "~/.vmware/config": No such file or directory.
2001-01-01T09:53:34Z vmauthd[2112997]: DictionaryLoad: Cannot open file "~/.vmware/preferences": No such file or directory.
2001-01-01T09:53:34Z vmauthd[2112997]: lib/ssl: OpenSSL using FIPS_drbg for RAND
2001-01-01T09:53:34Z vmauthd[2112997]: lib/ssl: protocol list tls1.2
2001-01-01T09:53:34Z vmauthd[2112997]: lib/ssl: protocol list tls1.2 (openssl flags 0x17000000)
2001-01-01T09:53:34Z vmauthd[2112997]: lib/ssl: cipher list ECDHE+AESGCM:RSA+AESGCM:ECDHE+AES:RSA+AES
2001-01-01T09:53:34Z vmauthd[2112997]: lib/ssl: curves list prime256v1:secp384r1:secp521r1
2001-01-01T09:53:34Z vmauthd[2112997]: Connect from (local) AF_UNIX socket.
2001-01-01T09:53:34Z vmauthd[2112997]: Connect from 127.0.0.1
2001-01-01T09:53:34Z vmauthd[2112997]: local verification as root
2001-01-01T09:53:34Z vmauthd[2112997]: received CONNECT_NOSTART command: /vmfs/volumes/3a4fd8ce-fc4375c4-effb-5cf3fce846f8/WIN2025-TMPL/WIN2025-TMPL.vmx vmx-vigor
2001-01-01T09:53:34Z vmauthd[2112997]: Acquired lock for /var/run/vmware/authd_55dbbc6a8a9ebad216d61b81f5ec7631
2001-01-01T09:53:34Z vmauthd[2112997]: No such VMware process: /vmfs/volumes/3a4fd8ce-fc4375c4-effb-5cf3fce846f8/WIN2025-TMPL/WIN2025-TMPL.vmx
2001-01-01T09:53:34Z vmauthd[2112997]: released lock for /var/run/vmware/authd_55dbbc6a8a9ebad216d61b81f5ec7631
2001-01-01T09:53:34Z vmauthd[2112997]: Local connection for vmx-vigor failed.
2001-01-01T09:53:34Z vmauthd[2112997]: Read failed.
2001-01-01T09:54:36Z vmauthd[2113116]: Msg_SetLocaleEx: HostLocale=UTF-8 UserLocale=NULL
2001-01-01T09:54:36Z vmauthd[2113116]: Could not expand environment variable HOME.
2001-01-01T09:54:36Z vmauthd[2113116]: Could not expand environment variable HOME.
2001-01-01T09:54:36Z vmauthd[2113116]: DictionaryLoad: Cannot open file "/usr/lib/vmware/config": No such file or directory.
2001-01-01T09:54:36Z vmauthd[2113116]: DictionaryLoad: Cannot open file "~/.vmware/config": No such file or directory.
2001-01-01T09:54:36Z vmauthd[2113116]: DictionaryLoad: Cannot open file "~/.vmware/preferences": No such file or directory.
2001-01-01T09:54:36Z vmauthd[2113116]: lib/ssl: OpenSSL using FIPS_drbg for RAND
2001-01-01T09:54:36Z vmauthd[2113116]: lib/ssl: protocol list tls1.2
2001-01-01T09:54:36Z vmauthd[2113116]: lib/ssl: protocol list tls1.2 (openssl flags 0x17000000)
2001-01-01T09:54:36Z vmauthd[2113116]: lib/ssl: cipher list ECDHE+AESGCM:RSA+AESGCM:ECDHE+AES:RSA+AES
2001-01-01T09:54:36Z vmauthd[2113116]: lib/ssl: curves list prime256v1:secp384r1:secp521r1
2001-01-01T09:54:36Z vmauthd[2113116]: Connect from (local) AF_UNIX socket.
2001-01-01T09:54:36Z vmauthd[2113116]: Connect from 127.0.0.1
2001-01-01T09:54:36Z vmauthd[2113116]: local verification as root
2001-01-01T09:54:36Z vmauthd[2113116]: received CONNECT_NOSTART command: /vmfs/volumes/3a4fd8ce-fc4375c4-effb-5cf3fce846f8/WIN2019-TMPL/WIN2019-TMPL.vmx vmx-vigor
2001-01-01T09:54:36Z vmauthd[2113116]: Acquired lock for /var/run/vmware/authd_78eb7154973c35f277c0684071d5ae55
2001-01-01T09:54:36Z vmauthd[2113116]: No such VMware process: /vmfs/volumes/3a4fd8ce-fc4375c4-effb-5cf3fce846f8/WIN2019-TMPL/WIN2019-TMPL.vmx
2001-01-01T09:54:36Z vmauthd[2113116]: released lock for /var/run/vmware/authd_78eb7154973c35f277c0684071d5ae55
2001-01-01T09:54:36Z vmauthd[2113116]: Local connection for vmx-vigor failed.
2001-01-01T09:54:36Z vmauthd[2113116]: Read failed.
2001-01-01T09:55:06Z vmauthd[2113247]: Msg_SetLocaleEx: HostLocale=UTF-8 UserLocale=NULL
2001-01-01T09:55:06Z vmauthd[2113247]: Could not expand environment variable HOME.
2001-01-01T09:55:06Z vmauthd[2113247]: Could not expand environment variable HOME.
2001-01-01T09:55:06Z vmauthd[2113247]: DictionaryLoad: Cannot open file "/usr/lib/vmware/config": No such file or directory.
2001-01-01T09:55:06Z vmauthd[2113247]: DictionaryLoad: Cannot open file "~/.vmware/config": No such file or directory.
2001-01-01T09:55:06Z vmauthd[2113247]: DictionaryLoad: Cannot open file "~/.vmware/preferences": No such file or directory.
2001-01-01T09:55:06Z vmauthd[2113247]: lib/ssl: OpenSSL using FIPS_drbg for RAND
2001-01-01T09:55:06Z vmauthd[2113247]: lib/ssl: protocol list tls1.2
2001-01-01T09:55:06Z vmauthd[2113247]: lib/ssl: protocol list tls1.2 (openssl flags 0x17000000)
2001-01-01T09:55:06Z vmauthd[2113247]: lib/ssl: cipher list ECDHE+AESGCM:RSA+AESGCM:ECDHE+AES:RSA+AES
2001-01-01T09:55:06Z vmauthd[2113247]: lib/ssl: curves list prime256v1:secp384r1:secp521r1
2001-01-01T09:55:06Z vmauthd[2113247]: Connect from (local) AF_UNIX socket.
2001-01-01T09:55:06Z vmauthd[2113247]: Connect from 127.0.0.1
2001-01-01T09:55:06Z vmauthd[2113247]: local verification as root
2001-01-01T09:55:06Z vmauthd[2113247]: received CONNECT_NOSTART command: /vmfs/volumes/3a4fd8ce-fc4375c4-effb-5cf3fce846f8/RHEL9-TMPL/RHEL9-TMPL.vmx vmx-vigor
2001-01-01T09:55:06Z vmauthd[2113247]: Acquired lock for /var/run/vmware/authd_812ce3ce92d223f7bbd42a2d1ed08787
2001-01-01T09:55:06Z vmauthd[2113247]: No such VMware process: /vmfs/volumes/3a4fd8ce-fc4375c4-effb-5cf3fce846f8/RHEL9-TMPL/RHEL9-TMPL.vmx
2001-01-01T09:55:06Z vmauthd[2113247]: released lock for /var/run/vmware/authd_812ce3ce92d223f7bbd42a2d1ed08787
2001-01-01T09:55:06Z vmauthd[2113247]: Local connection for vmx-vigor failed.
2001-01-01T09:55:06Z vmauthd[2113247]: Read failed.
2001-01-01T09:55:18Z vmauthd[2113363]: Msg_SetLocaleEx: HostLocale=UTF-8 UserLocale=NULL
2001-01-01T09:55:18Z vmauthd[2113363]: Could not expand environment variable HOME.
2001-01-01T09:55:18Z vmauthd[2113363]: Could not expand environment variable HOME.
2001-01-01T09:55:18Z vmauthd[2113363]: DictionaryLoad: Cannot open file "/usr/lib/vmware/config": No such file or directory.
2001-01-01T09:55:18Z vmauthd[2113363]: DictionaryLoad: Cannot open file "~/.vmware/config": No such file or directory.
2001-01-01T09:55:18Z vmauthd[2113363]: DictionaryLoad: Cannot open file "~/.vmware/preferences": No such file or directory.
2001-01-01T09:55:18Z vmauthd[2113363]: lib/ssl: OpenSSL using FIPS_drbg for RAND
2001-01-01T09:55:18Z vmauthd[2113363]: lib/ssl: protocol list tls1.2
2001-01-01T09:55:18Z vmauthd[2113363]: lib/ssl: protocol list tls1.2 (openssl flags 0x17000000)
2001-01-01T09:55:18Z vmauthd[2113363]: lib/ssl: cipher list ECDHE+AESGCM:RSA+AESGCM:ECDHE+AES:RSA+AES
2001-01-01T09:55:18Z vmauthd[2113363]: lib/ssl: curves list prime256v1:secp384r1:secp521r1
2001-01-01T09:55:18Z vmauthd[2113363]: Connect from (local) AF_UNIX socket.
2001-01-01T09:55:18Z vmauthd[2113363]: Connect from 127.0.0.1
2001-01-01T09:55:18Z vmauthd[2113363]: local verification as root
2001-01-01T09:55:18Z vmauthd[2113363]: received CONNECT_NOSTART command: /vmfs/volumes/3a4fd8ce-fc4375c4-effb-5cf3fce846f8/RHEL8-TMPL/RHEL8-TMPL.vmx vmx-vigor
2001-01-01T09:55:18Z vmauthd[2113363]: Acquired lock for /var/run/vmware/authd_94c3a7d3307903162a7295fe9cf74b01
2001-01-01T09:55:18Z vmauthd[2113363]: No such VMware process: /vmfs/volumes/3a4fd8ce-fc4375c4-effb-5cf3fce846f8/RHEL8-TMPL/RHEL8-TMPL.vmx
2001-01-01T09:55:18Z vmauthd[2113363]: released lock for /var/run/vmware/authd_94c3a7d3307903162a7295fe9cf74b01
2001-01-01T09:55:18Z vmauthd[2113363]: Local connection for vmx-vigor failed.
2001-01-01T09:55:18Z vmauthd[2113363]: Read failed.
2001-01-01T01:40:22Z vmauthd[2100759]: Msg_SetLocaleEx: HostLocale=UTF-8 UserLocale=NULL
2001-01-01T01:40:22Z vmauthd[2100759]: Could not expand environment variable HOME.
2001-01-01T01:40:22Z vmauthd[2100759]: Could not expand environment variable HOME.
2001-01-01T01:40:22Z vmauthd[2100759]: DictionaryLoad: Cannot open file "/usr/lib/vmware/config": No such file or directory.
2001-01-01T01:40:22Z vmauthd[2100759]: DictionaryLoad: Cannot open file "~/.vmware/config": No such file or directory.
2001-01-01T01:40:22Z vmauthd[2100759]: DictionaryLoad: Cannot open file "~/.vmware/preferences": No such file or directory.
2001-01-01T01:40:22Z vmauthd[2100759]: lib/ssl: OpenSSL using FIPS_drbg for RAND
2001-01-01T01:40:22Z vmauthd[2100759]: lib/ssl: protocol list tls1.2
2001-01-01T01:40:22Z vmauthd[2100759]: lib/ssl: protocol list tls1.2 (openssl flags 0x17000000)
2001-01-01T01:40:22Z vmauthd[2100759]: lib/ssl: cipher list ECDHE+AESGCM:RSA+AESGCM:ECDHE+AES:RSA+AES
2001-01-01T01:40:22Z vmauthd[2100759]: lib/ssl: curves list prime256v1:secp384r1:secp521r1
2001-01-01T01:40:22Z vmauthd[2100759]: Connect from (local) AF_UNIX socket.
2001-01-01T01:40:22Z vmauthd[2100759]: Connect from 127.0.0.1
2001-01-01T01:40:22Z vmauthd[2100759]: local verification as root
2001-01-01T01:40:22Z vmauthd[2100759]: received CONNECT_NOSTART command: /vmfs/volumes/3a4fd8ce-fc4375c4-effb-5cf3fce846f8/SGRL-VCSA001/SGRL-VCSA001.vmx vmx-vigor
2001-01-01T01:40:22Z vmauthd[2100759]: Acquired lock for /var/run/vmware/authd_e00270a941243db6ec681373dcb839da
2001-01-01T01:40:22Z vmauthd[2100759]: No such VMware process: /vmfs/volumes/3a4fd8ce-fc4375c4-effb-5cf3fce846f8/SGRL-VCSA001/SGRL-VCSA001.vmx
2001-01-01T01:40:22Z vmauthd[2100759]: released lock for /var/run/vmware/authd_e00270a941243db6ec681373dcb839da
2001-01-01T01:40:22Z vmauthd[2100759]: Local connection for vmx-vigor failed.
2001-01-01T01:40:22Z vmauthd[2100759]: Read failed.
2001-01-01T01:16:41Z vmauthd[2100468]: Msg_SetLocaleEx: HostLocale=UTF-8 UserLocale=NULL
2001-01-01T01:16:41Z vmauthd[2100468]: Could not expand environment variable HOME.
2001-01-01T01:16:41Z vmauthd[2100468]: Could not expand environment variable HOME.
2001-01-01T01:16:41Z vmauthd[2100468]: DictionaryLoad: Cannot open file "/usr/lib/vmware/config": No such file or directory.
2001-01-01T01:16:41Z vmauthd[2100468]: DictionaryLoad: Cannot open file "~/.vmware/config": No such file or directory.
2001-01-01T01:16:41Z vmauthd[2100468]: DictionaryLoad: Cannot open file "~/.vmware/preferences": No such file or directory.
2001-01-01T01:16:41Z vmauthd[2100468]: lib/ssl: OpenSSL using FIPS_drbg for RAND
2001-01-01T01:16:41Z vmauthd[2100468]: lib/ssl: protocol list tls1.2
2001-01-01T01:16:41Z vmauthd[2100468]: lib/ssl: protocol list tls1.2 (openssl flags 0x17000000)
2001-01-01T01:16:41Z vmauthd[2100468]: lib/ssl: cipher list ECDHE+AESGCM:RSA+AESGCM:ECDHE+AES:RSA+AES
2001-01-01T01:16:41Z vmauthd[2100468]: lib/ssl: curves list prime256v1:secp384r1:secp521r1
2001-01-01T01:16:41Z vmauthd[2100468]: Connect from remote socket (192.168.1.2:40034).
2001-01-01T01:16:41Z vmauthd[2100468]: Connect from 192.168.1.2
2001-01-01T01:16:41Z vmauthd[2100468]: recv() FAIL: 1.
2001-01-01T01:16:41Z vmauthd[2100468]: VMAuthdSocketRead: read failed.  Closing socket for reading.
2001-01-01T01:16:41Z vmauthd[2100468]: Read failed.
2001-01-01T01:18:54Z vmauthd[2100829]: Msg_SetLocaleEx: HostLocale=UTF-8 UserLocale=NULL
2001-01-01T01:18:54Z vmauthd[2100829]: Could not expand environment variable HOME.
2001-01-01T01:18:54Z vmauthd[2100829]: Could not expand environment variable HOME.
2001-01-01T01:18:54Z vmauthd[2100829]: DictionaryLoad: Cannot open file "/usr/lib/vmware/config": No such file or directory.
2001-01-01T01:18:54Z vmauthd[2100829]: DictionaryLoad: Cannot open file "~/.vmware/config": No such file or directory.
2001-01-01T01:18:54Z vmauthd[2100829]: DictionaryLoad: Cannot open file "~/.vmware/preferences": No such file or directory.
2001-01-01T01:18:54Z vmauthd[2100829]: lib/ssl: OpenSSL using FIPS_drbg for RAND
2001-01-01T01:18:54Z vmauthd[2100829]: lib/ssl: protocol list tls1.2
2001-01-01T01:18:54Z vmauthd[2100829]: lib/ssl: protocol list tls1.2 (openssl flags 0x17000000)
2001-01-01T01:18:54Z vmauthd[2100829]: lib/ssl: cipher list ECDHE+AESGCM:RSA+AESGCM:ECDHE+AES:RSA+AES
2001-01-01T01:18:54Z vmauthd[2100829]: lib/ssl: curves list prime256v1:secp384r1:secp521r1
2001-01-01T01:18:54Z vmauthd[2100829]: Connect from remote socket (192.168.1.2:40804).
2001-01-01T01:18:54Z vmauthd[2100829]: Connect from 192.168.1.2
2001-01-01T01:18:55Z vmauthd[2100829]: Received PROXY command for vpxa-nfcssl, session = 52 b0 1a 81 8d 86 2e 2d-e9 17 0f 9e c0 51 f4 1b
2001-01-01T01:18:55Z vmauthd[2100829]: vmware-vpxa: Connected to vpxa-nfcssl-fd, remote end sent pid: 2099323
2001-09-01T03:09:13Z vmauthd[2101565]: Msg_SetLocaleEx: HostLocale=UTF-8 UserLocale=NULL
2001-09-01T03:09:13Z vmauthd[2101565]: Could not expand environment variable HOME.
2001-09-01T03:09:13Z vmauthd[2101565]: Could not expand environment variable HOME.
2001-09-01T03:09:13Z vmauthd[2101565]: DictionaryLoad: Cannot open file "/usr/lib/vmware/config": No such file or directory.
2001-09-01T03:09:13Z vmauthd[2101565]: DictionaryLoad: Cannot open file "~/.vmware/config": No such file or directory.
2001-09-01T03:09:13Z vmauthd[2101565]: DictionaryLoad: Cannot open file "~/.vmware/preferences": No such file or directory.
2001-09-01T03:09:13Z vmauthd[2101565]: lib/ssl: OpenSSL using FIPS_drbg for RAND
2001-09-01T03:09:13Z vmauthd[2101565]: lib/ssl: protocol list tls1.2
2001-09-01T03:09:13Z vmauthd[2101565]: lib/ssl: protocol list tls1.2 (openssl flags 0x17000000)
2001-09-01T03:09:13Z vmauthd[2101565]: lib/ssl: cipher list ECDHE+AESGCM:RSA+AESGCM:ECDHE+AES:RSA+AES
2001-09-01T03:09:13Z vmauthd[2101565]: lib/ssl: curves list prime256v1:secp384r1:secp521r1
2001-09-01T03:09:13Z vmauthd[2101565]: Connect from (local) AF_UNIX socket.
2001-09-01T03:09:13Z vmauthd[2101565]: Connect from 127.0.0.1
2001-09-01T03:09:13Z vmauthd[2101565]: local verification as root
2001-09-01T03:09:13Z vmauthd[2101565]: received CONNECT_NOSTART command: /vmfs/volumes/3a4fd8ce-fc4375c4-effb-5cf3fce846f8/VyOS-Router/VyOS-Router.vmx vmx-vigor
2001-09-01T03:09:13Z vmauthd[2101565]: Acquired lock for /var/run/vmware/authd_91ecdaacce253e6bc5c93f9dde6fab90
2001-09-01T03:09:13Z vmauthd[2101565]: No such VMware process: /vmfs/volumes/3a4fd8ce-fc4375c4-effb-5cf3fce846f8/VyOS-Router/VyOS-Router.vmx
2001-09-01T03:09:13Z vmauthd[2101565]: released lock for /var/run/vmware/authd_91ecdaacce253e6bc5c93f9dde6fab90
2001-09-01T03:09:13Z vmauthd[2101565]: Local connection for vmx-vigor failed.
2001-09-01T03:09:13Z vmauthd[2101565]: Read failed.
2001-09-01T03:10:33Z vmauthd[2101716]: Msg_SetLocaleEx: HostLocale=UTF-8 UserLocale=NULL
2001-09-01T03:10:33Z vmauthd[2101716]: Could not expand environment variable HOME.
2001-09-01T03:10:33Z vmauthd[2101716]: Could not expand environment variable HOME.
2001-09-01T03:10:33Z vmauthd[2101716]: DictionaryLoad: Cannot open file "/usr/lib/vmware/config": No such file or directory.
2001-09-01T03:10:33Z vmauthd[2101716]: DictionaryLoad: Cannot open file "~/.vmware/config": No such file or directory.
2001-09-01T03:10:33Z vmauthd[2101716]: DictionaryLoad: Cannot open file "~/.vmware/preferences": No such file or directory.
2001-09-01T03:10:33Z vmauthd[2101716]: lib/ssl: OpenSSL using FIPS_drbg for RAND
2001-09-01T03:10:33Z vmauthd[2101716]: lib/ssl: protocol list tls1.2
2001-09-01T03:10:33Z vmauthd[2101716]: lib/ssl: protocol list tls1.2 (openssl flags 0x17000000)
2001-09-01T03:10:33Z vmauthd[2101716]: lib/ssl: cipher list ECDHE+AESGCM:RSA+AESGCM:ECDHE+AES:RSA+AES
2001-09-01T03:10:33Z vmauthd[2101716]: lib/ssl: curves list prime256v1:secp384r1:secp521r1
2001-09-01T03:10:33Z vmauthd[2101716]: Connect from (local) AF_UNIX socket.
2001-09-01T03:10:33Z vmauthd[2101716]: Connect from 127.0.0.1
2001-09-01T03:10:33Z vmauthd[2101716]: local verification as root
2001-09-01T03:10:33Z vmauthd[2101716]: received CONNECT_NOSTART command: /vmfs/volumes/3a4fd8ce-fc4375c4-effb-5cf3fce846f8/SGRL-VCSA01/SGRL-VCSA01.vmx vmx-vigor
2001-09-01T03:10:33Z vmauthd[2101716]: Acquired lock for /var/run/vmware/authd_84500fb122bfa30daf2e457a68fcb33e
2001-09-01T03:10:33Z vmauthd[2101716]: No such VMware process: /vmfs/volumes/3a4fd8ce-fc4375c4-effb-5cf3fce846f8/SGRL-VCSA01/SGRL-VCSA01.vmx
2001-09-01T03:10:33Z vmauthd[2101716]: released lock for /var/run/vmware/authd_84500fb122bfa30daf2e457a68fcb33e
2001-09-01T03:10:33Z vmauthd[2101716]: Local connection for vmx-vigor failed.
2001-09-01T03:10:33Z vmauthd[2101716]: Read failed.
2001-09-01T03:17:39Z vmauthd[2102014]: Msg_SetLocaleEx: HostLocale=UTF-8 UserLocale=NULL
2001-09-01T03:17:39Z vmauthd[2102014]: Could not expand environment variable HOME.
2001-09-01T03:17:39Z vmauthd[2102014]: Could not expand environment variable HOME.
2001-09-01T03:17:39Z vmauthd[2102014]: DictionaryLoad: Cannot open file "/usr/lib/vmware/config": No such file or directory.
2001-09-01T03:17:39Z vmauthd[2102014]: DictionaryLoad: Cannot open file "~/.vmware/config": No such file or directory.
2001-09-01T03:17:39Z vmauthd[2102014]: DictionaryLoad: Cannot open file "~/.vmware/preferences": No such file or directory.
2001-09-01T03:17:39Z vmauthd[2102014]: lib/ssl: OpenSSL using FIPS_drbg for RAND
2001-09-01T03:17:39Z vmauthd[2102014]: lib/ssl: protocol list tls1.2
2001-09-01T03:17:39Z vmauthd[2102014]: lib/ssl: protocol list tls1.2 (openssl flags 0x17000000)
2001-09-01T03:17:39Z vmauthd[2102014]: lib/ssl: cipher list ECDHE+AESGCM:RSA+AESGCM:ECDHE+AES:RSA+AES
2001-09-01T03:17:39Z vmauthd[2102014]: lib/ssl: curves list prime256v1:secp384r1:secp521r1
2001-09-01T03:17:39Z vmauthd[2102014]: Connect from (local) AF_UNIX socket.
2001-09-01T03:17:39Z vmauthd[2102014]: Connect from 127.0.0.1
2001-09-01T03:17:39Z vmauthd[2102014]: local verification as root
2001-09-01T03:17:39Z vmauthd[2102014]: received CONNECT_NOSTART command: /vmfs/volumes/3a4fd8ce-fc4375c4-effb-5cf3fce846f8/SGRL-VCSA01/SGRL-VCSA01.vmx vmx-vigor
2001-09-01T03:17:39Z vmauthd[2102014]: Acquired lock for /var/run/vmware/authd_84500fb122bfa30daf2e457a68fcb33e
2001-09-01T03:17:39Z vmauthd[2102014]: No such VMware process: /vmfs/volumes/3a4fd8ce-fc4375c4-effb-5cf3fce846f8/SGRL-VCSA01/SGRL-VCSA01.vmx
2001-09-01T03:17:39Z vmauthd[2102014]: released lock for /var/run/vmware/authd_84500fb122bfa30daf2e457a68fcb33e
2001-09-01T03:17:39Z vmauthd[2102014]: Local connection for vmx-vigor failed.
2001-09-01T03:17:39Z vmauthd[2102014]: Read failed.
2001-09-01T03:17:45Z vmauthd[2102137]: Msg_SetLocaleEx: HostLocale=UTF-8 UserLocale=NULL
2001-09-01T03:17:45Z vmauthd[2102137]: Could not expand environment variable HOME.
2001-09-01T03:17:45Z vmauthd[2102137]: Could not expand environment variable HOME.
2001-09-01T03:17:45Z vmauthd[2102137]: DictionaryLoad: Cannot open file "/usr/lib/vmware/config": No such file or directory.
2001-09-01T03:17:45Z vmauthd[2102137]: DictionaryLoad: Cannot open file "~/.vmware/config": No such file or directory.
2001-09-01T03:17:45Z vmauthd[2102137]: DictionaryLoad: Cannot open file "~/.vmware/preferences": No such file or directory.
2001-09-01T03:17:45Z vmauthd[2102137]: lib/ssl: OpenSSL using FIPS_drbg for RAND
2001-09-01T03:17:45Z vmauthd[2102137]: lib/ssl: protocol list tls1.2
2001-09-01T03:17:45Z vmauthd[2102137]: lib/ssl: protocol list tls1.2 (openssl flags 0x17000000)
2001-09-01T03:17:45Z vmauthd[2102137]: lib/ssl: cipher list ECDHE+AESGCM:RSA+AESGCM:ECDHE+AES:RSA+AES
2001-09-01T03:17:45Z vmauthd[2102137]: lib/ssl: curves list prime256v1:secp384r1:secp521r1
2001-09-01T03:17:45Z vmauthd[2102137]: Connect from (local) AF_UNIX socket.
2001-09-01T03:17:45Z vmauthd[2102137]: Connect from 127.0.0.1
2001-09-01T03:17:45Z vmauthd[2102137]: local verification as root
2001-09-01T03:17:45Z vmauthd[2102137]: received CONNECT_NOSTART command: /vmfs/volumes/3a4fd8ce-fc4375c4-effb-5cf3fce846f8/VyOS-Router/VyOS-Router.vmx vmx-vigor
2001-09-01T03:17:45Z vmauthd[2102137]: Acquired lock for /var/run/vmware/authd_91ecdaacce253e6bc5c93f9dde6fab90
2001-09-01T03:17:45Z vmauthd[2102137]: No such VMware process: /vmfs/volumes/3a4fd8ce-fc4375c4-effb-5cf3fce846f8/VyOS-Router/VyOS-Router.vmx
2001-09-01T03:17:45Z vmauthd[2102137]: released lock for /var/run/vmware/authd_91ecdaacce253e6bc5c93f9dde6fab90
2001-09-01T03:17:45Z vmauthd[2102137]: Local connection for vmx-vigor failed.
2001-09-01T03:17:45Z vmauthd[2102137]: Read failed.
2001-09-01T03:28:12Z vmauthd[2102618]: Msg_SetLocaleEx: HostLocale=UTF-8 UserLocale=NULL
2001-09-01T03:28:12Z vmauthd[2102618]: Could not expand environment variable HOME.
2001-09-01T03:28:12Z vmauthd[2102618]: Could not expand environment variable HOME.
2001-09-01T03:28:12Z vmauthd[2102618]: DictionaryLoad: Cannot open file "/usr/lib/vmware/config": No such file or directory.
2001-09-01T03:28:12Z vmauthd[2102618]: DictionaryLoad: Cannot open file "~/.vmware/config": No such file or directory.
2001-09-01T03:28:12Z vmauthd[2102618]: DictionaryLoad: Cannot open file "~/.vmware/preferences": No such file or directory.
2001-09-01T03:28:12Z vmauthd[2102618]: lib/ssl: OpenSSL using FIPS_drbg for RAND
2001-09-01T03:28:12Z vmauthd[2102618]: lib/ssl: protocol list tls1.2
2001-09-01T03:28:12Z vmauthd[2102618]: lib/ssl: protocol list tls1.2 (openssl flags 0x17000000)
2001-09-01T03:28:12Z vmauthd[2102618]: lib/ssl: cipher list ECDHE+AESGCM:RSA+AESGCM:ECDHE+AES:RSA+AES
2001-09-01T03:28:12Z vmauthd[2102618]: lib/ssl: curves list prime256v1:secp384r1:secp521r1
2001-09-01T03:28:12Z vmauthd[2102618]: Connect from (local) AF_UNIX socket.
2001-09-01T03:28:12Z vmauthd[2102618]: Connect from 127.0.0.1
2001-09-01T03:28:12Z vmauthd[2102618]: local verification as root
2001-09-01T03:28:12Z vmauthd[2102618]: received CONNECT_NOSTART command: /vmfs/volumes/3a4fd8ce-fc4375c4-effb-5cf3fce846f8/SGRL-VCSA01/SGRL-VCSA01.vmx vmx-vigor
2001-09-01T03:28:12Z vmauthd[2102618]: Acquired lock for /var/run/vmware/authd_84500fb122bfa30daf2e457a68fcb33e
2001-09-01T03:28:12Z vmauthd[2102618]: No such VMware process: /vmfs/volumes/3a4fd8ce-fc4375c4-effb-5cf3fce846f8/SGRL-VCSA01/SGRL-VCSA01.vmx
2001-09-01T03:28:12Z vmauthd[2102618]: released lock for /var/run/vmware/authd_84500fb122bfa30daf2e457a68fcb33e
2001-09-01T03:28:12Z vmauthd[2102618]: Local connection for vmx-vigor failed.
2001-09-01T03:28:12Z vmauthd[2102618]: Read failed.
2001-09-01T03:56:53Z vmauthd[2103524]: Msg_SetLocaleEx: HostLocale=UTF-8 UserLocale=NULL
2001-09-01T03:56:53Z vmauthd[2103524]: Could not expand environment variable HOME.
2001-09-01T03:56:53Z vmauthd[2103524]: Could not expand environment variable HOME.
2001-09-01T03:56:53Z vmauthd[2103524]: DictionaryLoad: Cannot open file "/usr/lib/vmware/config": No such file or directory.
2001-09-01T03:56:53Z vmauthd[2103524]: DictionaryLoad: Cannot open file "~/.vmware/config": No such file or directory.
2001-09-01T03:56:53Z vmauthd[2103524]: DictionaryLoad: Cannot open file "~/.vmware/preferences": No such file or directory.
2001-09-01T03:56:53Z vmauthd[2103524]: lib/ssl: OpenSSL using FIPS_drbg for RAND
2001-09-01T03:56:53Z vmauthd[2103524]: lib/ssl: protocol list tls1.2
2001-09-01T03:56:53Z vmauthd[2103524]: lib/ssl: protocol list tls1.2 (openssl flags 0x17000000)
2001-09-01T03:56:53Z vmauthd[2103524]: lib/ssl: cipher list ECDHE+AESGCM:RSA+AESGCM:ECDHE+AES:RSA+AES
2001-09-01T03:56:53Z vmauthd[2103524]: lib/ssl: curves list prime256v1:secp384r1:secp521r1
2001-09-01T03:56:53Z vmauthd[2103524]: Connect from (local) AF_UNIX socket.
2001-09-01T03:56:53Z vmauthd[2103524]: Connect from 127.0.0.1
2001-09-01T03:56:53Z vmauthd[2103524]: local verification as root
2001-09-01T03:56:53Z vmauthd[2103524]: received CONNECT_NOSTART command: /vmfs/volumes/3a4fd8ce-fc4375c4-effb-5cf3fce846f8/VyOS-Router/VyOS-Router.vmx vmx-vigor
2001-09-01T03:56:53Z vmauthd[2103524]: Acquired lock for /var/run/vmware/authd_91ecdaacce253e6bc5c93f9dde6fab90
2001-09-01T03:56:53Z vmauthd[2103524]: No such VMware process: /vmfs/volumes/3a4fd8ce-fc4375c4-effb-5cf3fce846f8/VyOS-Router/VyOS-Router.vmx
2001-09-01T03:56:53Z vmauthd[2103524]: released lock for /var/run/vmware/authd_91ecdaacce253e6bc5c93f9dde6fab90
2001-09-01T03:56:53Z vmauthd[2103524]: Local connection for vmx-vigor failed.
2001-09-01T03:56:53Z vmauthd[2103524]: Read failed.
2001-09-01T04:09:59Z vmauthd[2104293]: Msg_SetLocaleEx: HostLocale=UTF-8 UserLocale=NULL
2001-09-01T04:09:59Z vmauthd[2104293]: Could not expand environment variable HOME.
2001-09-01T04:09:59Z vmauthd[2104293]: Could not expand environment variable HOME.
2001-09-01T04:09:59Z vmauthd[2104293]: DictionaryLoad: Cannot open file "/usr/lib/vmware/config": No such file or directory.
2001-09-01T04:09:59Z vmauthd[2104293]: DictionaryLoad: Cannot open file "~/.vmware/config": No such file or directory.
2001-09-01T04:09:59Z vmauthd[2104293]: DictionaryLoad: Cannot open file "~/.vmware/preferences": No such file or directory.
2001-09-01T04:09:59Z vmauthd[2104293]: lib/ssl: OpenSSL using FIPS_drbg for RAND
2001-09-01T04:09:59Z vmauthd[2104293]: lib/ssl: protocol list tls1.2
2001-09-01T04:09:59Z vmauthd[2104293]: lib/ssl: protocol list tls1.2 (openssl flags 0x17000000)
2001-09-01T04:09:59Z vmauthd[2104293]: lib/ssl: cipher list ECDHE+AESGCM:RSA+AESGCM:ECDHE+AES:RSA+AES
2001-09-01T04:09:59Z vmauthd[2104293]: lib/ssl: curves list prime256v1:secp384r1:secp521r1
2001-09-01T04:09:59Z vmauthd[2104293]: Connect from remote socket (192.168.1.2:43842).
2001-09-01T04:09:59Z vmauthd[2104293]: Connect from 192.168.1.2
2001-09-01T04:09:59Z vmauthd[2104293]: recv() FAIL: 1.
2001-09-01T04:09:59Z vmauthd[2104293]: VMAuthdSocketRead: read failed.  Closing socket for reading.
2001-09-01T04:09:59Z vmauthd[2104293]: Read failed.
2001-09-01T04:14:11Z vmauthd[2104910]: Msg_SetLocaleEx: HostLocale=UTF-8 UserLocale=NULL
2001-09-01T04:14:11Z vmauthd[2104910]: Could not expand environment variable HOME.
2001-09-01T04:14:11Z vmauthd[2104910]: Could not expand environment variable HOME.
2001-09-01T04:14:11Z vmauthd[2104910]: DictionaryLoad: Cannot open file "/usr/lib/vmware/config": No such file or directory.
2001-09-01T04:14:11Z vmauthd[2104910]: DictionaryLoad: Cannot open file "~/.vmware/config": No such file or directory.
2001-09-01T04:14:11Z vmauthd[2104910]: DictionaryLoad: Cannot open file "~/.vmware/preferences": No such file or directory.
2001-09-01T04:14:11Z vmauthd[2104910]: lib/ssl: OpenSSL using FIPS_drbg for RAND
2001-09-01T04:14:11Z vmauthd[2104910]: lib/ssl: protocol list tls1.2
2001-09-01T04:14:11Z vmauthd[2104910]: lib/ssl: protocol list tls1.2 (openssl flags 0x17000000)
2001-09-01T04:14:11Z vmauthd[2104910]: lib/ssl: cipher list ECDHE+AESGCM:RSA+AESGCM:ECDHE+AES:RSA+AES
2001-09-01T04:14:11Z vmauthd[2104910]: lib/ssl: curves list prime256v1:secp384r1:secp521r1
2001-09-01T04:14:11Z vmauthd[2104910]: Connect from remote socket (192.168.1.2:45086).
2001-09-01T04:14:11Z vmauthd[2104910]: Connect from 192.168.1.2
2001-09-01T04:14:11Z vmauthd[2104910]: Received PROXY command for vpxa-nfcssl, session = 52 fa 17 40 c0 a8 e6 85-3b 42 d4 a1 d9 67 2d 78
2001-09-01T04:14:11Z vmauthd[2104910]: vmware-vpxa: Connected to vpxa-nfcssl-fd, remote end sent pid: 2104330
2001-09-01T04:27:04Z vmauthd[2104990]: Msg_SetLocaleEx: HostLocale=UTF-8 UserLocale=NULL
2001-09-01T04:27:04Z vmauthd[2104990]: Could not expand environment variable HOME.
2001-09-01T04:27:04Z vmauthd[2104990]: Could not expand environment variable HOME.
2001-09-01T04:27:04Z vmauthd[2104990]: DictionaryLoad: Cannot open file "/usr/lib/vmware/config": No such file or directory.
2001-09-01T04:27:04Z vmauthd[2104990]: DictionaryLoad: Cannot open file "~/.vmware/config": No such file or directory.
2001-09-01T04:27:04Z vmauthd[2104990]: DictionaryLoad: Cannot open file "~/.vmware/preferences": No such file or directory.
2001-09-01T04:27:04Z vmauthd[2104990]: lib/ssl: OpenSSL using FIPS_drbg for RAND
2001-09-01T04:27:04Z vmauthd[2104990]: lib/ssl: protocol list tls1.2
2001-09-01T04:27:04Z vmauthd[2104990]: lib/ssl: protocol list tls1.2 (openssl flags 0x17000000)
2001-09-01T04:27:04Z vmauthd[2104990]: lib/ssl: cipher list ECDHE+AESGCM:RSA+AESGCM:ECDHE+AES:RSA+AES
2001-09-01T04:27:04Z vmauthd[2104990]: lib/ssl: curves list prime256v1:secp384r1:secp521r1
2001-09-01T04:27:04Z vmauthd[2104990]: Connect from remote socket (192.168.1.2:47686).
2001-09-01T04:27:04Z vmauthd[2104990]: Connect from 192.168.1.2
2001-09-01T04:27:04Z vmauthd[2104990]: FILE: FileCreateDirectoryEx: Failed to create /var/run/vmware/tickets/. Error = 17
2001-09-01T04:27:04Z vmauthd[2104990]: FILE: FileCreateDirectoryEx: Failed to create /var/run/vmware/tickets/. Error = 17
2001-09-01T04:27:04Z vmauthd[2104990]: local verification as root
2001-09-01T04:27:04Z vmauthd[2104990]: login from 192.168.1.2 as 5285c317-f500-8ed7-f0d2-263c4b9ec6cc
2001-09-01T04:27:04Z vmauthd[2104990]: received CONNECT command: /vmfs/volumes/3a4fd8ce-fc4375c4-effb-5cf3fce846f8/VyOS-Router/VyOS-Router.vmx mks
2001-09-01T04:27:04Z vmauthd[2104990]: Acquired lock for /var/run/vmware/authd_91ecdaacce253e6bc5c93f9dde6fab90
2001-09-01T04:27:04Z vmauthd[2104990]: /vmfs/volumes/3a4fd8ce-fc4375c4-effb-5cf3fce846f8/VyOS-Router/VyOS-Router.vmx: Connected to mks-fd, remote end sent pid: 2103917
2001-09-01T04:27:04Z vmauthd[2104990]: released lock for /var/run/vmware/authd_91ecdaacce253e6bc5c93f9dde6fab90
2001-09-01T04:27:04Z vmauthd[2104990]: Local connection for mks established.
2001-09-01T05:41:33Z vmauthd[2106204]: Msg_SetLocaleEx: HostLocale=UTF-8 UserLocale=NULL
2001-09-01T05:41:33Z vmauthd[2106204]: Could not expand environment variable HOME.
2001-09-01T05:41:33Z vmauthd[2106204]: Could not expand environment variable HOME.
2001-09-01T05:41:33Z vmauthd[2106204]: DictionaryLoad: Cannot open file "/usr/lib/vmware/config": No such file or directory.
2001-09-01T05:41:33Z vmauthd[2106204]: DictionaryLoad: Cannot open file "~/.vmware/config": No such file or directory.
2001-09-01T05:41:33Z vmauthd[2106204]: DictionaryLoad: Cannot open file "~/.vmware/preferences": No such file or directory.
2001-09-01T05:41:33Z vmauthd[2106204]: lib/ssl: OpenSSL using FIPS_drbg for RAND
2001-09-01T05:41:33Z vmauthd[2106204]: lib/ssl: protocol list tls1.2
2001-09-01T05:41:33Z vmauthd[2106204]: lib/ssl: protocol list tls1.2 (openssl flags 0x17000000)
2001-09-01T05:41:33Z vmauthd[2106204]: lib/ssl: cipher list ECDHE+AESGCM:RSA+AESGCM:ECDHE+AES:RSA+AES
2001-09-01T05:41:33Z vmauthd[2106204]: lib/ssl: curves list prime256v1:secp384r1:secp521r1
2001-09-01T05:41:33Z vmauthd[2106204]: Connect from (local) AF_UNIX socket.
2001-09-01T05:41:33Z vmauthd[2106204]: Connect from 127.0.0.1
2001-09-01T05:41:33Z vmauthd[2106204]: local verification as root
2001-09-01T05:41:33Z vmauthd[2106204]: received CONNECT_NOSTART command: /vmfs/volumes/3a4fd8ce-fc4375c4-effb-5cf3fce846f8/SGRL-VCSA01/SGRL-VCSA01.vmx vmx-vigor
2001-09-01T05:41:33Z vmauthd[2106204]: Acquired lock for /var/run/vmware/authd_84500fb122bfa30daf2e457a68fcb33e
2001-09-01T05:41:33Z vmauthd[2106204]: No such VMware process: /vmfs/volumes/3a4fd8ce-fc4375c4-effb-5cf3fce846f8/SGRL-VCSA01/SGRL-VCSA01.vmx
2001-09-01T05:41:33Z vmauthd[2106204]: released lock for /var/run/vmware/authd_84500fb122bfa30daf2e457a68fcb33e
2001-09-01T05:41:33Z vmauthd[2106204]: Local connection for vmx-vigor failed.
2001-09-01T05:41:33Z vmauthd[2106204]: Read failed.
2001-09-01T05:41:54Z vmauthd[2106339]: Msg_SetLocaleEx: HostLocale=UTF-8 UserLocale=NULL
2001-09-01T05:41:54Z vmauthd[2106339]: Could not expand environment variable HOME.
2001-09-01T05:41:54Z vmauthd[2106339]: Could not expand environment variable HOME.
2001-09-01T05:41:54Z vmauthd[2106339]: DictionaryLoad: Cannot open file "/usr/lib/vmware/config": No such file or directory.
2001-09-01T05:41:54Z vmauthd[2106339]: DictionaryLoad: Cannot open file "~/.vmware/config": No such file or directory.
2001-09-01T05:41:54Z vmauthd[2106339]: DictionaryLoad: Cannot open file "~/.vmware/preferences": No such file or directory.
2001-09-01T05:41:54Z vmauthd[2106339]: lib/ssl: OpenSSL using FIPS_drbg for RAND
2001-09-01T05:41:54Z vmauthd[2106339]: lib/ssl: protocol list tls1.2
2001-09-01T05:41:54Z vmauthd[2106339]: lib/ssl: protocol list tls1.2 (openssl flags 0x17000000)
2001-09-01T05:41:54Z vmauthd[2106339]: lib/ssl: cipher list ECDHE+AESGCM:RSA+AESGCM:ECDHE+AES:RSA+AES
2001-09-01T05:41:54Z vmauthd[2106339]: lib/ssl: curves list prime256v1:secp384r1:secp521r1
2001-09-01T05:41:54Z vmauthd[2106339]: Connect from (local) AF_UNIX socket.
2001-09-01T05:41:54Z vmauthd[2106339]: Connect from 127.0.0.1
2001-09-01T05:41:54Z vmauthd[2106339]: local verification as root
2001-09-01T05:41:54Z vmauthd[2106339]: received CONNECT_NOSTART command: /vmfs/volumes/3a4fd8ce-fc4375c4-effb-5cf3fce846f8/VyOS-Router/VyOS-Router.vmx vmx-vigor
2001-09-01T05:41:54Z vmauthd[2106339]: Acquired lock for /var/run/vmware/authd_91ecdaacce253e6bc5c93f9dde6fab90
2001-09-01T05:41:54Z vmauthd[2106339]: No such VMware process: /vmfs/volumes/3a4fd8ce-fc4375c4-effb-5cf3fce846f8/VyOS-Router/VyOS-Router.vmx
2001-09-01T05:41:54Z vmauthd[2106339]: released lock for /var/run/vmware/authd_91ecdaacce253e6bc5c93f9dde6fab90
2001-09-01T05:41:54Z vmauthd[2106339]: Local connection for vmx-vigor failed.
2001-09-01T05:41:54Z vmauthd[2106339]: Read failed.
2001-09-01T05:42:06Z vmauthd[2106471]: Msg_SetLocaleEx: HostLocale=UTF-8 UserLocale=NULL
2001-09-01T05:42:06Z vmauthd[2106471]: Could not expand environment variable HOME.
2001-09-01T05:42:06Z vmauthd[2106471]: Could not expand environment variable HOME.
2001-09-01T05:42:06Z vmauthd[2106471]: DictionaryLoad: Cannot open file "/usr/lib/vmware/config": No such file or directory.
2001-09-01T05:42:06Z vmauthd[2106471]: DictionaryLoad: Cannot open file "~/.vmware/config": No such file or directory.
2001-09-01T05:42:06Z vmauthd[2106471]: DictionaryLoad: Cannot open file "~/.vmware/preferences": No such file or directory.
2001-09-01T05:42:06Z vmauthd[2106471]: lib/ssl: OpenSSL using FIPS_drbg for RAND
2001-09-01T05:42:06Z vmauthd[2106471]: lib/ssl: protocol list tls1.2
2001-09-01T05:42:06Z vmauthd[2106471]: lib/ssl: protocol list tls1.2 (openssl flags 0x17000000)
2001-09-01T05:42:06Z vmauthd[2106471]: lib/ssl: cipher list ECDHE+AESGCM:RSA+AESGCM:ECDHE+AES:RSA+AES
2001-09-01T05:42:06Z vmauthd[2106471]: lib/ssl: curves list prime256v1:secp384r1:secp521r1
2001-09-01T05:42:06Z vmauthd[2106471]: Connect from (local) AF_UNIX socket.
2001-09-01T05:42:06Z vmauthd[2106471]: Connect from 127.0.0.1
2001-09-01T05:42:06Z vmauthd[2106471]: local verification as root
2001-09-01T05:42:06Z vmauthd[2106471]: received CONNECT_NOSTART command: /vmfs/volumes/3a4fd8ce-fc4375c4-effb-5cf3fce846f8/WIN2022-TMPL/WIN2022-TMPL.vmx vmx-vigor
2001-09-01T05:42:06Z vmauthd[2106471]: Acquired lock for /var/run/vmware/authd_858c4d205a024b0576bdd2ac046debc0
2001-09-01T05:42:06Z vmauthd[2106471]: No such VMware process: /vmfs/volumes/3a4fd8ce-fc4375c4-effb-5cf3fce846f8/WIN2022-TMPL/WIN2022-TMPL.vmx
2001-09-01T05:42:06Z vmauthd[2106471]: released lock for /var/run/vmware/authd_858c4d205a024b0576bdd2ac046debc0
2001-09-01T05:42:06Z vmauthd[2106471]: Local connection for vmx-vigor failed.
2001-09-01T05:42:06Z vmauthd[2106471]: Read failed.
2001-09-01T05:42:10Z vmauthd[2106472]: Msg_SetLocaleEx: HostLocale=UTF-8 UserLocale=NULL
2001-09-01T05:42:10Z vmauthd[2106472]: Could not expand environment variable HOME.
2001-09-01T05:42:10Z vmauthd[2106472]: Could not expand environment variable HOME.
2001-09-01T05:42:10Z vmauthd[2106472]: DictionaryLoad: Cannot open file "/usr/lib/vmware/config": No such file or directory.
2001-09-01T05:42:10Z vmauthd[2106472]: DictionaryLoad: Cannot open file "~/.vmware/config": No such file or directory.
2001-09-01T05:42:10Z vmauthd[2106472]: DictionaryLoad: Cannot open file "~/.vmware/preferences": No such file or directory.
2001-09-01T05:42:10Z vmauthd[2106472]: lib/ssl: OpenSSL using FIPS_drbg for RAND
2001-09-01T05:42:10Z vmauthd[2106472]: lib/ssl: protocol list tls1.2
2001-09-01T05:42:10Z vmauthd[2106472]: lib/ssl: protocol list tls1.2 (openssl flags 0x17000000)
2001-09-01T05:42:10Z vmauthd[2106472]: lib/ssl: cipher list ECDHE+AESGCM:RSA+AESGCM:ECDHE+AES:RSA+AES
2001-09-01T05:42:10Z vmauthd[2106472]: lib/ssl: curves list prime256v1:secp384r1:secp521r1
2001-09-01T05:42:10Z vmauthd[2106472]: Connect from (local) AF_UNIX socket.
2001-09-01T05:42:10Z vmauthd[2106472]: Connect from 127.0.0.1
2001-09-01T05:42:10Z vmauthd[2106472]: local verification as root
2001-09-01T05:42:10Z vmauthd[2106472]: received CONNECT_NOSTART command: /vmfs/volumes/3a4fd8ce-fc4375c4-effb-5cf3fce846f8/WIN2019-TMPL/WIN2019-TMPL.vmx vmx-vigor
2001-09-01T05:42:10Z vmauthd[2106472]: Acquired lock for /var/run/vmware/authd_78eb7154973c35f277c0684071d5ae55
2001-09-01T05:42:10Z vmauthd[2106472]: No such VMware process: /vmfs/volumes/3a4fd8ce-fc4375c4-effb-5cf3fce846f8/WIN2019-TMPL/WIN2019-TMPL.vmx
2001-09-01T05:42:10Z vmauthd[2106472]: released lock for /var/run/vmware/authd_78eb7154973c35f277c0684071d5ae55
2001-09-01T05:42:10Z vmauthd[2106472]: Local connection for vmx-vigor failed.
2001-09-01T05:42:10Z vmauthd[2106472]: Read failed.
2001-01-01T00:47:27Z vmauthd[2100110]: Msg_SetLocaleEx: HostLocale=UTF-8 UserLocale=NULL
2001-01-01T00:47:27Z vmauthd[2100110]: Could not expand environment variable HOME.
2001-01-01T00:47:27Z vmauthd[2100110]: Could not expand environment variable HOME.
2001-01-01T00:47:27Z vmauthd[2100110]: DictionaryLoad: Cannot open file "/usr/lib/vmware/config": No such file or directory.
2001-01-01T00:47:27Z vmauthd[2100110]: DictionaryLoad: Cannot open file "~/.vmware/config": No such file or directory.
2001-01-01T00:47:27Z vmauthd[2100110]: DictionaryLoad: Cannot open file "~/.vmware/preferences": No such file or directory.
2001-01-01T00:47:27Z vmauthd[2100110]: lib/ssl: OpenSSL using FIPS_drbg for RAND
2001-01-01T00:47:27Z vmauthd[2100110]: lib/ssl: protocol list tls1.2
2001-01-01T00:47:27Z vmauthd[2100110]: lib/ssl: protocol list tls1.2 (openssl flags 0x17000000)
2001-01-01T00:47:27Z vmauthd[2100110]: lib/ssl: cipher list ECDHE+AESGCM:RSA+AESGCM:ECDHE+AES:RSA+AES
2001-01-01T00:47:27Z vmauthd[2100110]: lib/ssl: curves list prime256v1:secp384r1:secp521r1
2001-01-01T00:47:27Z vmauthd[2100110]: Connect from (local) AF_UNIX socket.
2001-01-01T00:47:27Z vmauthd[2100110]: Connect from 127.0.0.1
2001-01-01T00:47:27Z vmauthd[2100110]: local verification as root
2001-01-01T00:47:27Z vmauthd[2100110]: received CONNECT_NOSTART command: /vmfs/volumes/3a4fd8ce-fc4375c4-effb-5cf3fce846f8/VyOS-Router/VyOS-Router.vmx vmx-vigor
2001-01-01T00:47:27Z vmauthd[2100110]: Acquired lock for /var/run/vmware/authd_91ecdaacce253e6bc5c93f9dde6fab90
2001-01-01T00:47:27Z vmauthd[2100110]: No such VMware process: /vmfs/volumes/3a4fd8ce-fc4375c4-effb-5cf3fce846f8/VyOS-Router/VyOS-Router.vmx
2001-01-01T00:47:27Z vmauthd[2100110]: released lock for /var/run/vmware/authd_91ecdaacce253e6bc5c93f9dde6fab90
2001-01-01T00:47:27Z vmauthd[2100110]: Local connection for vmx-vigor failed.
2001-01-01T00:47:27Z vmauthd[2100110]: Read failed.
2001-01-01T00:50:52Z vmauthd[2100592]: Msg_SetLocaleEx: HostLocale=UTF-8 UserLocale=NULL
2001-01-01T00:50:52Z vmauthd[2100592]: Could not expand environment variable HOME.
2001-01-01T00:50:52Z vmauthd[2100592]: Could not expand environment variable HOME.
2001-01-01T00:50:52Z vmauthd[2100592]: DictionaryLoad: Cannot open file "/usr/lib/vmware/config": No such file or directory.
2001-01-01T00:50:52Z vmauthd[2100592]: DictionaryLoad: Cannot open file "~/.vmware/config": No such file or directory.
2001-01-01T00:50:52Z vmauthd[2100592]: DictionaryLoad: Cannot open file "~/.vmware/preferences": No such file or directory.
2001-01-01T00:50:52Z vmauthd[2100592]: lib/ssl: OpenSSL using FIPS_drbg for RAND
2001-01-01T00:50:52Z vmauthd[2100592]: lib/ssl: protocol list tls1.2
2001-01-01T00:50:52Z vmauthd[2100592]: lib/ssl: protocol list tls1.2 (openssl flags 0x17000000)
2001-01-01T00:50:52Z vmauthd[2100592]: lib/ssl: cipher list ECDHE+AESGCM:RSA+AESGCM:ECDHE+AES:RSA+AES
2001-01-01T00:50:52Z vmauthd[2100592]: lib/ssl: curves list prime256v1:secp384r1:secp521r1
2001-01-01T00:50:52Z vmauthd[2100592]: Connect from (local) AF_UNIX socket.
2001-01-01T00:50:52Z vmauthd[2100592]: Connect from 127.0.0.1
2001-01-01T00:50:52Z vmauthd[2100592]: local verification as root
2001-01-01T00:50:52Z vmauthd[2100592]: received CONNECT_NOSTART command: /vmfs/volumes/3a4fd8ce-fc4375c4-effb-5cf3fce846f8/WIN2019-TMPL/WIN2019-TMPL.vmx vmx-vigor
2001-01-01T00:50:52Z vmauthd[2100592]: Acquired lock for /var/run/vmware/authd_78eb7154973c35f277c0684071d5ae55
2001-01-01T00:50:52Z vmauthd[2100592]: No such VMware process: /vmfs/volumes/3a4fd8ce-fc4375c4-effb-5cf3fce846f8/WIN2019-TMPL/WIN2019-TMPL.vmx
2001-01-01T00:50:52Z vmauthd[2100592]: released lock for /var/run/vmware/authd_78eb7154973c35f277c0684071d5ae55
2001-01-01T00:50:52Z vmauthd[2100592]: Local connection for vmx-vigor failed.
2001-01-01T00:50:52Z vmauthd[2100592]: Read failed.
2001-01-01T00:51:41Z vmauthd[2100735]: Msg_SetLocaleEx: HostLocale=UTF-8 UserLocale=NULL
2001-01-01T00:51:41Z vmauthd[2100735]: Could not expand environment variable HOME.
2001-01-01T00:51:41Z vmauthd[2100735]: Could not expand environment variable HOME.
2001-01-01T00:51:41Z vmauthd[2100735]: DictionaryLoad: Cannot open file "/usr/lib/vmware/config": No such file or directory.
2001-01-01T00:51:41Z vmauthd[2100735]: DictionaryLoad: Cannot open file "~/.vmware/config": No such file or directory.
2001-01-01T00:51:41Z vmauthd[2100735]: DictionaryLoad: Cannot open file "~/.vmware/preferences": No such file or directory.
2001-01-01T00:51:41Z vmauthd[2100735]: lib/ssl: OpenSSL using FIPS_drbg for RAND
2001-01-01T00:51:41Z vmauthd[2100735]: lib/ssl: protocol list tls1.2
2001-01-01T00:51:41Z vmauthd[2100735]: lib/ssl: protocol list tls1.2 (openssl flags 0x17000000)
2001-01-01T00:51:41Z vmauthd[2100735]: lib/ssl: cipher list ECDHE+AESGCM:RSA+AESGCM:ECDHE+AES:RSA+AES
2001-01-01T00:51:41Z vmauthd[2100735]: lib/ssl: curves list prime256v1:secp384r1:secp521r1
2001-01-01T00:51:41Z vmauthd[2100735]: Connect from (local) AF_UNIX socket.
2001-01-01T00:51:41Z vmauthd[2100735]: Connect from 127.0.0.1
2001-01-01T00:51:41Z vmauthd[2100735]: local verification as root
2001-01-01T00:51:41Z vmauthd[2100735]: received CONNECT_NOSTART command: /vmfs/volumes/3a4fd8ce-fc4375c4-effb-5cf3fce846f8/VyOS-Router/VyOS-Router.vmx vmx-vigor
2001-01-01T00:51:41Z vmauthd[2100735]: Acquired lock for /var/run/vmware/authd_91ecdaacce253e6bc5c93f9dde6fab90
2001-01-01T00:51:41Z vmauthd[2100735]: No such VMware process: /vmfs/volumes/3a4fd8ce-fc4375c4-effb-5cf3fce846f8/VyOS-Router/VyOS-Router.vmx
2001-01-01T00:51:41Z vmauthd[2100735]: released lock for /var/run/vmware/authd_91ecdaacce253e6bc5c93f9dde6fab90
2001-01-01T00:51:41Z vmauthd[2100735]: Local connection for vmx-vigor failed.
2001-01-01T00:51:41Z vmauthd[2100735]: Read failed.
2001-01-01T00:51:58Z vmauthd[2100875]: Msg_SetLocaleEx: HostLocale=UTF-8 UserLocale=NULL
2001-01-01T00:51:58Z vmauthd[2100875]: Could not expand environment variable HOME.
2001-01-01T00:51:58Z vmauthd[2100875]: Could not expand environment variable HOME.
2001-01-01T00:51:58Z vmauthd[2100875]: DictionaryLoad: Cannot open file "/usr/lib/vmware/config": No such file or directory.
2001-01-01T00:51:58Z vmauthd[2100875]: DictionaryLoad: Cannot open file "~/.vmware/config": No such file or directory.
2001-01-01T00:51:58Z vmauthd[2100875]: DictionaryLoad: Cannot open file "~/.vmware/preferences": No such file or directory.
2001-01-01T00:51:58Z vmauthd[2100875]: lib/ssl: OpenSSL using FIPS_drbg for RAND
2001-01-01T00:51:58Z vmauthd[2100875]: lib/ssl: protocol list tls1.2
2001-01-01T00:51:58Z vmauthd[2100875]: lib/ssl: protocol list tls1.2 (openssl flags 0x17000000)
2001-01-01T00:51:58Z vmauthd[2100875]: lib/ssl: cipher list ECDHE+AESGCM:RSA+AESGCM:ECDHE+AES:RSA+AES
2001-01-01T00:51:58Z vmauthd[2100875]: lib/ssl: curves list prime256v1:secp384r1:secp521r1
2001-01-01T00:51:58Z vmauthd[2100875]: Connect from (local) AF_UNIX socket.
2001-01-01T00:51:58Z vmauthd[2100875]: Connect from 127.0.0.1
2001-01-01T00:51:58Z vmauthd[2100875]: local verification as root
2001-01-01T00:51:58Z vmauthd[2100875]: received CONNECT_NOSTART command: /vmfs/volumes/3a4fd8ce-fc4375c4-effb-5cf3fce846f8/SGRL-VCSA01/SGRL-VCSA01.vmx vmx-vigor
2001-01-01T00:51:58Z vmauthd[2100875]: Acquired lock for /var/run/vmware/authd_84500fb122bfa30daf2e457a68fcb33e
2001-01-01T00:51:58Z vmauthd[2100875]: No such VMware process: /vmfs/volumes/3a4fd8ce-fc4375c4-effb-5cf3fce846f8/SGRL-VCSA01/SGRL-VCSA01.vmx
2001-01-01T00:51:58Z vmauthd[2100875]: released lock for /var/run/vmware/authd_84500fb122bfa30daf2e457a68fcb33e
2001-01-01T00:51:58Z vmauthd[2100875]: Local connection for vmx-vigor failed.
2001-01-01T00:51:58Z vmauthd[2100875]: Read failed.
2025-09-02T11:21:25Z vmauthd[2100089]: Msg_SetLocaleEx: HostLocale=UTF-8 UserLocale=NULL
2025-09-02T11:21:25Z vmauthd[2100089]: Could not expand environment variable HOME.
2025-09-02T11:21:25Z vmauthd[2100089]: Could not expand environment variable HOME.
2025-09-02T11:21:25Z vmauthd[2100089]: DictionaryLoad: Cannot open file "/usr/lib/vmware/config": No such file or directory.
2025-09-02T11:21:25Z vmauthd[2100089]: DictionaryLoad: Cannot open file "~/.vmware/config": No such file or directory.
2025-09-02T11:21:25Z vmauthd[2100089]: DictionaryLoad: Cannot open file "~/.vmware/preferences": No such file or directory.
2025-09-02T11:21:25Z vmauthd[2100089]: lib/ssl: OpenSSL using FIPS_drbg for RAND
2025-09-02T11:21:25Z vmauthd[2100089]: lib/ssl: protocol list tls1.2
2025-09-02T11:21:25Z vmauthd[2100089]: lib/ssl: protocol list tls1.2 (openssl flags 0x17000000)
2025-09-02T11:21:25Z vmauthd[2100089]: lib/ssl: cipher list ECDHE+AESGCM:RSA+AESGCM:ECDHE+AES:RSA+AES
2025-09-02T11:21:25Z vmauthd[2100089]: lib/ssl: curves list prime256v1:secp384r1:secp521r1
2025-09-02T11:21:25Z vmauthd[2100089]: Connect from (local) AF_UNIX socket.
2025-09-02T11:21:25Z vmauthd[2100089]: Connect from 127.0.0.1
2025-09-02T11:21:25Z vmauthd[2100089]: local verification as root
2025-09-02T11:21:25Z vmauthd[2100089]: received CONNECT_NOSTART command: /vmfs/volumes/3a4fd8ce-fc4375c4-effb-5cf3fce846f8/SGRL-VCSA01/SGRL-VCSA01.vmx vmx-vigor
2025-09-02T11:21:25Z vmauthd[2100089]: Acquired lock for /var/run/vmware/authd_84500fb122bfa30daf2e457a68fcb33e
2025-09-02T11:21:25Z vmauthd[2100089]: No such VMware process: /vmfs/volumes/3a4fd8ce-fc4375c4-effb-5cf3fce846f8/SGRL-VCSA01/SGRL-VCSA01.vmx
2025-09-02T11:21:25Z vmauthd[2100089]: released lock for /var/run/vmware/authd_84500fb122bfa30daf2e457a68fcb33e
2025-09-02T11:21:25Z vmauthd[2100089]: Local connection for vmx-vigor failed.
2025-09-02T11:21:25Z vmauthd[2100089]: Read failed.
2025-09-02T11:46:08Z vmauthd[2100994]: Msg_SetLocaleEx: HostLocale=UTF-8 UserLocale=NULL
2025-09-02T11:46:08Z vmauthd[2100994]: Could not expand environment variable HOME.
2025-09-02T11:46:08Z vmauthd[2100994]: Could not expand environment variable HOME.
2025-09-02T11:46:08Z vmauthd[2100994]: DictionaryLoad: Cannot open file "/usr/lib/vmware/config": No such file or directory.
2025-09-02T11:46:08Z vmauthd[2100994]: DictionaryLoad: Cannot open file "~/.vmware/config": No such file or directory.
2025-09-02T11:46:08Z vmauthd[2100994]: DictionaryLoad: Cannot open file "~/.vmware/preferences": No such file or directory.
2025-09-02T11:46:08Z vmauthd[2100994]: lib/ssl: OpenSSL using FIPS_drbg for RAND
2025-09-02T11:46:08Z vmauthd[2100994]: lib/ssl: protocol list tls1.2
2025-09-02T11:46:08Z vmauthd[2100994]: lib/ssl: protocol list tls1.2 (openssl flags 0x17000000)
2025-09-02T11:46:08Z vmauthd[2100994]: lib/ssl: cipher list ECDHE+AESGCM:RSA+AESGCM:ECDHE+AES:RSA+AES
2025-09-02T11:46:08Z vmauthd[2100994]: lib/ssl: curves list prime256v1:secp384r1:secp521r1
2025-09-02T11:46:08Z vmauthd[2100994]: Connect from remote socket (192.168.1.2:34606).
2025-09-02T11:46:08Z vmauthd[2100994]: Connect from 192.168.1.2
2025-09-02T11:46:08Z vmauthd[2100994]: recv() FAIL: 1.
2025-09-02T11:46:08Z vmauthd[2100994]: VMAuthdSocketRead: read failed.  Closing socket for reading.
2025-09-02T11:46:08Z vmauthd[2100994]: Read failed.
2025-09-02T11:47:47Z vmauthd[2101701]: Msg_SetLocaleEx: HostLocale=UTF-8 UserLocale=NULL
2025-09-02T11:47:47Z vmauthd[2101701]: Could not expand environment variable HOME.
2025-09-02T11:47:47Z vmauthd[2101701]: Could not expand environment variable HOME.
2025-09-02T11:47:47Z vmauthd[2101701]: DictionaryLoad: Cannot open file "/usr/lib/vmware/config": No such file or directory.
2025-09-02T11:47:47Z vmauthd[2101701]: DictionaryLoad: Cannot open file "~/.vmware/config": No such file or directory.
2025-09-02T11:47:47Z vmauthd[2101701]: DictionaryLoad: Cannot open file "~/.vmware/preferences": No such file or directory.
2025-09-02T11:47:47Z vmauthd[2101701]: lib/ssl: OpenSSL using FIPS_drbg for RAND
2025-09-02T11:47:47Z vmauthd[2101701]: lib/ssl: protocol list tls1.2
2025-09-02T11:47:47Z vmauthd[2101701]: lib/ssl: protocol list tls1.2 (openssl flags 0x17000000)
2025-09-02T11:47:47Z vmauthd[2101701]: lib/ssl: cipher list ECDHE+AESGCM:RSA+AESGCM:ECDHE+AES:RSA+AES
2025-09-02T11:47:47Z vmauthd[2101701]: lib/ssl: curves list prime256v1:secp384r1:secp521r1
2025-09-02T11:47:47Z vmauthd[2101701]: Connect from remote socket (192.168.1.2:35246).
2025-09-02T11:47:47Z vmauthd[2101701]: Connect from 192.168.1.2
2025-09-02T11:47:48Z vmauthd[2101701]: Received PROXY command for vpxa-nfcssl, session = 52 bc a1 91 c6 65 3b 7e-6f da b8 87 79 2d 55 ca
2025-09-02T11:47:48Z vmauthd[2101701]: vmware-vpxa: Connected to vpxa-nfcssl-fd, remote end sent pid: 2101031
2025-09-02T12:24:50Z vmauthd[2102653]: Msg_SetLocaleEx: HostLocale=UTF-8 UserLocale=NULL
2025-09-02T12:24:50Z vmauthd[2102653]: Could not expand environment variable HOME.
2025-09-02T12:24:50Z vmauthd[2102653]: Could not expand environment variable HOME.
2025-09-02T12:24:50Z vmauthd[2102653]: DictionaryLoad: Cannot open file "/usr/lib/vmware/config": No such file or directory.
2025-09-02T12:24:50Z vmauthd[2102653]: DictionaryLoad: Cannot open file "~/.vmware/config": No such file or directory.
2025-09-02T12:24:50Z vmauthd[2102653]: DictionaryLoad: Cannot open file "~/.vmware/preferences": No such file or directory.
2025-09-02T12:24:50Z vmauthd[2102653]: lib/ssl: OpenSSL using FIPS_drbg for RAND
2025-09-02T12:24:50Z vmauthd[2102653]: lib/ssl: protocol list tls1.2
2025-09-02T12:24:50Z vmauthd[2102653]: lib/ssl: protocol list tls1.2 (openssl flags 0x17000000)
2025-09-02T12:24:50Z vmauthd[2102653]: lib/ssl: cipher list ECDHE+AESGCM:RSA+AESGCM:ECDHE+AES:RSA+AES
2025-09-02T12:24:50Z vmauthd[2102653]: lib/ssl: curves list prime256v1:secp384r1:secp521r1
2025-09-02T12:24:50Z vmauthd[2102653]: Connect from remote socket (192.168.1.2:42148).
2025-09-02T12:24:50Z vmauthd[2102653]: Connect from 192.168.1.2
2025-09-02T12:24:50Z vmauthd[2102653]: FILE: FileCreateDirectoryEx: Failed to create /var/run/vmware/tickets/. Error = 17
2025-09-02T12:24:50Z vmauthd[2102653]: FILE: FileCreateDirectoryEx: Failed to create /var/run/vmware/tickets/. Error = 17
2025-09-02T12:24:50Z vmauthd[2102653]: local verification as root
2025-09-02T12:24:50Z vmauthd[2102653]: login from 192.168.1.2 as 52cf1444-8d08-56a8-3820-ead26bc1741f
2025-09-02T12:24:50Z vmauthd[2102653]: received CONNECT command: /vmfs/volumes/3a4fd8ce-fc4375c4-effb-5cf3fce846f8/SGRL-ADC001/SGRL-ADC001.vmx mks
2025-09-02T12:24:50Z vmauthd[2102653]: Acquired lock for /var/run/vmware/authd_fa0e92f99f0bc0d4eb3b8d0ec4883621
2025-09-02T12:24:50Z vmauthd[2102653]: /vmfs/volumes/3a4fd8ce-fc4375c4-effb-5cf3fce846f8/SGRL-ADC001/SGRL-ADC001.vmx: Connected to mks-fd, remote end sent pid: 2102239
2025-09-02T12:24:50Z vmauthd[2102653]: released lock for /var/run/vmware/authd_fa0e92f99f0bc0d4eb3b8d0ec4883621
2025-09-02T12:24:50Z vmauthd[2102653]: Local connection for mks established.
2025-09-02T12:28:40Z vmauthd[2102705]: Msg_SetLocaleEx: HostLocale=UTF-8 UserLocale=NULL
2025-09-02T12:28:40Z vmauthd[2102705]: Could not expand environment variable HOME.
2025-09-02T12:28:40Z vmauthd[2102705]: Could not expand environment variable HOME.
2025-09-02T12:28:40Z vmauthd[2102705]: DictionaryLoad: Cannot open file "/usr/lib/vmware/config": No such file or directory.
2025-09-02T12:28:40Z vmauthd[2102705]: DictionaryLoad: Cannot open file "~/.vmware/config": No such file or directory.
2025-09-02T12:28:40Z vmauthd[2102705]: DictionaryLoad: Cannot open file "~/.vmware/preferences": No such file or directory.
2025-09-02T12:28:40Z vmauthd[2102705]: lib/ssl: OpenSSL using FIPS_drbg for RAND
2025-09-02T12:28:40Z vmauthd[2102705]: lib/ssl: protocol list tls1.2
2025-09-02T12:28:40Z vmauthd[2102705]: lib/ssl: protocol list tls1.2 (openssl flags 0x17000000)
2025-09-02T12:28:40Z vmauthd[2102705]: lib/ssl: cipher list ECDHE+AESGCM:RSA+AESGCM:ECDHE+AES:RSA+AES
2025-09-02T12:28:40Z vmauthd[2102705]: lib/ssl: curves list prime256v1:secp384r1:secp521r1
2025-09-02T12:28:40Z vmauthd[2102705]: Connect from (local) AF_UNIX socket.
2025-09-02T12:28:40Z vmauthd[2102705]: Connect from 127.0.0.1
2025-09-02T12:28:40Z vmauthd[2102705]: local verification as root
2025-09-02T12:28:40Z vmauthd[2102705]: received CONNECT_NOSTART command: /vmfs/volumes/3a4fd8ce-fc4375c4-effb-5cf3fce846f8/SGRL-ADC001/SGRL-ADC001.vmx vmx-vigor
2025-09-02T12:28:40Z vmauthd[2102705]: Acquired lock for /var/run/vmware/authd_fa0e92f99f0bc0d4eb3b8d0ec4883621
2025-09-02T12:28:40Z vmauthd[2102705]: /vmfs/volumes/3a4fd8ce-fc4375c4-effb-5cf3fce846f8/SGRL-ADC001/SGRL-ADC001.vmx: Connected to vmx-vigor-fd, remote end sent pid: 2102691
2025-09-02T12:28:40Z vmauthd[2102705]: released lock for /var/run/vmware/authd_fa0e92f99f0bc0d4eb3b8d0ec4883621
2025-09-02T12:28:40Z vmauthd[2102705]: Local connection for vmx-vigor established.
2025-09-02T12:28:52Z vmauthd[2102706]: Msg_SetLocaleEx: HostLocale=UTF-8 UserLocale=NULL
2025-09-02T12:28:52Z vmauthd[2102706]: Could not expand environment variable HOME.
2025-09-02T12:28:52Z vmauthd[2102706]: Could not expand environment variable HOME.
2025-09-02T12:28:52Z vmauthd[2102706]: DictionaryLoad: Cannot open file "/usr/lib/vmware/config": No such file or directory.
2025-09-02T12:28:52Z vmauthd[2102706]: DictionaryLoad: Cannot open file "~/.vmware/config": No such file or directory.
2025-09-02T12:28:52Z vmauthd[2102706]: DictionaryLoad: Cannot open file "~/.vmware/preferences": No such file or directory.
2025-09-02T12:28:52Z vmauthd[2102706]: lib/ssl: OpenSSL using FIPS_drbg for RAND
2025-09-02T12:28:52Z vmauthd[2102706]: lib/ssl: protocol list tls1.2
2025-09-02T12:28:52Z vmauthd[2102706]: lib/ssl: protocol list tls1.2 (openssl flags 0x17000000)
2025-09-02T12:28:52Z vmauthd[2102706]: lib/ssl: cipher list ECDHE+AESGCM:RSA+AESGCM:ECDHE+AES:RSA+AES
2025-09-02T12:28:52Z vmauthd[2102706]: lib/ssl: curves list prime256v1:secp384r1:secp521r1
2025-09-02T12:28:52Z vmauthd[2102706]: Connect from remote socket (192.168.1.2:42970).
2025-09-02T12:28:52Z vmauthd[2102706]: Connect from 192.168.1.2
2025-09-02T12:28:52Z vmauthd[2102706]: FILE: FileCreateDirectoryEx: Failed to create /var/run/vmware/tickets/. Error = 17
2025-09-02T12:28:52Z vmauthd[2102706]: FILE: FileCreateDirectoryEx: Failed to create /var/run/vmware/tickets/. Error = 17
2025-09-02T12:28:52Z vmauthd[2102706]: local verification as root
2025-09-02T12:28:52Z vmauthd[2102706]: login from 192.168.1.2 as 52b8e8c4-4897-bddf-9dc0-f44f0927c57e
2025-09-02T12:28:52Z vmauthd[2102706]: received CONNECT command: /vmfs/volumes/3a4fd8ce-fc4375c4-effb-5cf3fce846f8/SGRL-ADC001/SGRL-ADC001.vmx mks
2025-09-02T12:28:52Z vmauthd[2102706]: Acquired lock for /var/run/vmware/authd_fa0e92f99f0bc0d4eb3b8d0ec4883621
2025-09-02T12:28:52Z vmauthd[2102706]: /vmfs/volumes/3a4fd8ce-fc4375c4-effb-5cf3fce846f8/SGRL-ADC001/SGRL-ADC001.vmx: Connected to mks-fd, remote end sent pid: 2102691
2025-09-02T12:28:52Z vmauthd[2102706]: released lock for /var/run/vmware/authd_fa0e92f99f0bc0d4eb3b8d0ec4883621
2025-09-02T12:28:52Z vmauthd[2102706]: Local connection for mks established.
2025-09-02T12:35:21Z vmauthd[2102875]: Msg_SetLocaleEx: HostLocale=UTF-8 UserLocale=NULL
2025-09-02T12:35:21Z vmauthd[2102875]: Could not expand environment variable HOME.
2025-09-02T12:35:21Z vmauthd[2102875]: Could not expand environment variable HOME.
2025-09-02T12:35:21Z vmauthd[2102875]: DictionaryLoad: Cannot open file "/usr/lib/vmware/config": No such file or directory.
2025-09-02T12:35:21Z vmauthd[2102875]: DictionaryLoad: Cannot open file "~/.vmware/config": No such file or directory.
2025-09-02T12:35:21Z vmauthd[2102875]: DictionaryLoad: Cannot open file "~/.vmware/preferences": No such file or directory.
2025-09-02T12:35:21Z vmauthd[2102875]: lib/ssl: OpenSSL using FIPS_drbg for RAND
2025-09-02T12:35:21Z vmauthd[2102875]: lib/ssl: protocol list tls1.2
2025-09-02T12:35:21Z vmauthd[2102875]: lib/ssl: protocol list tls1.2 (openssl flags 0x17000000)
2025-09-02T12:35:21Z vmauthd[2102875]: lib/ssl: cipher list ECDHE+AESGCM:RSA+AESGCM:ECDHE+AES:RSA+AES
2025-09-02T12:35:21Z vmauthd[2102875]: lib/ssl: curves list prime256v1:secp384r1:secp521r1
2025-09-02T12:35:21Z vmauthd[2102875]: Connect from remote socket (192.168.1.2:44346).
2025-09-02T12:35:21Z vmauthd[2102875]: Connect from 192.168.1.2
2025-09-02T12:35:21Z vmauthd[2102875]: FILE: FileCreateDirectoryEx: Failed to create /var/run/vmware/tickets/. Error = 17
2025-09-02T12:35:21Z vmauthd[2102875]: FILE: FileCreateDirectoryEx: Failed to create /var/run/vmware/tickets/. Error = 17
2025-09-02T12:35:21Z vmauthd[2102875]: local verification as root
2025-09-02T12:35:21Z vmauthd[2102875]: login from 192.168.1.2 as 5238a6d0-b5fe-f341-139a-a2612fd83970
2025-09-02T12:35:21Z vmauthd[2102875]: received CONNECT command: /vmfs/volumes/3a4fd8ce-fc4375c4-effb-5cf3fce846f8/VyOS-Router/VyOS-Router.vmx mks
2025-09-02T12:35:21Z vmauthd[2102875]: Acquired lock for /var/run/vmware/authd_91ecdaacce253e6bc5c93f9dde6fab90
2025-09-02T12:35:21Z vmauthd[2102875]: /vmfs/volumes/3a4fd8ce-fc4375c4-effb-5cf3fce846f8/VyOS-Router/VyOS-Router.vmx: Connected to mks-fd, remote end sent pid: 2102721
2025-09-02T12:35:21Z vmauthd[2102875]: released lock for /var/run/vmware/authd_91ecdaacce253e6bc5c93f9dde6fab90
2025-09-02T12:35:21Z vmauthd[2102875]: Local connection for mks established.
2025-09-02T12:37:22Z vmauthd[2102893]: Msg_SetLocaleEx: HostLocale=UTF-8 UserLocale=NULL
2025-09-02T12:37:22Z vmauthd[2102893]: Could not expand environment variable HOME.
2025-09-02T12:37:22Z vmauthd[2102893]: Could not expand environment variable HOME.
2025-09-02T12:37:22Z vmauthd[2102893]: DictionaryLoad: Cannot open file "/usr/lib/vmware/config": No such file or directory.
2025-09-02T12:37:22Z vmauthd[2102893]: DictionaryLoad: Cannot open file "~/.vmware/config": No such file or directory.
2025-09-02T12:37:22Z vmauthd[2102893]: DictionaryLoad: Cannot open file "~/.vmware/preferences": No such file or directory.
2025-09-02T12:37:22Z vmauthd[2102893]: lib/ssl: OpenSSL using FIPS_drbg for RAND
2025-09-02T12:37:22Z vmauthd[2102893]: lib/ssl: protocol list tls1.2
2025-09-02T12:37:22Z vmauthd[2102893]: lib/ssl: protocol list tls1.2 (openssl flags 0x17000000)
2025-09-02T12:37:22Z vmauthd[2102893]: lib/ssl: cipher list ECDHE+AESGCM:RSA+AESGCM:ECDHE+AES:RSA+AES
2025-09-02T12:37:22Z vmauthd[2102893]: lib/ssl: curves list prime256v1:secp384r1:secp521r1
2025-09-02T12:37:22Z vmauthd[2102893]: Connect from (local) AF_UNIX socket.
2025-09-02T12:37:22Z vmauthd[2102893]: Connect from 127.0.0.1
2025-09-02T12:37:22Z vmauthd[2102893]: local verification as root
2025-09-02T12:37:22Z vmauthd[2102893]: received CONNECT_NOSTART command: /vmfs/volumes/3a4fd8ce-fc4375c4-effb-5cf3fce846f8/VyOS-Router/VyOS-Router.vmx vmx-vigor
2025-09-02T12:37:22Z vmauthd[2102893]: Acquired lock for /var/run/vmware/authd_91ecdaacce253e6bc5c93f9dde6fab90
2025-09-02T12:37:22Z vmauthd[2102893]: No such VMware process: /vmfs/volumes/3a4fd8ce-fc4375c4-effb-5cf3fce846f8/VyOS-Router/VyOS-Router.vmx
2025-09-02T12:37:22Z vmauthd[2102893]: released lock for /var/run/vmware/authd_91ecdaacce253e6bc5c93f9dde6fab90
2025-09-02T12:37:22Z vmauthd[2102893]: Local connection for vmx-vigor failed.
2025-09-02T12:37:22Z vmauthd[2102893]: Read failed.
2025-09-02T12:37:39Z vmauthd[2103032]: Msg_SetLocaleEx: HostLocale=UTF-8 UserLocale=NULL
2025-09-02T12:37:39Z vmauthd[2103032]: Could not expand environment variable HOME.
2025-09-02T12:37:39Z vmauthd[2103032]: Could not expand environment variable HOME.
2025-09-02T12:37:39Z vmauthd[2103032]: DictionaryLoad: Cannot open file "/usr/lib/vmware/config": No such file or directory.
2025-09-02T12:37:39Z vmauthd[2103032]: DictionaryLoad: Cannot open file "~/.vmware/config": No such file or directory.
2025-09-02T12:37:39Z vmauthd[2103032]: DictionaryLoad: Cannot open file "~/.vmware/preferences": No such file or directory.
2025-09-02T12:37:39Z vmauthd[2103032]: lib/ssl: OpenSSL using FIPS_drbg for RAND
2025-09-02T12:37:39Z vmauthd[2103032]: lib/ssl: protocol list tls1.2
2025-09-02T12:37:39Z vmauthd[2103032]: lib/ssl: protocol list tls1.2 (openssl flags 0x17000000)
2025-09-02T12:37:39Z vmauthd[2103032]: lib/ssl: cipher list ECDHE+AESGCM:RSA+AESGCM:ECDHE+AES:RSA+AES
2025-09-02T12:37:39Z vmauthd[2103032]: lib/ssl: curves list prime256v1:secp384r1:secp521r1
2025-09-02T12:37:39Z vmauthd[2103032]: Connect from (local) AF_UNIX socket.
2025-09-02T12:37:39Z vmauthd[2103032]: Connect from 127.0.0.1
2025-09-02T12:37:39Z vmauthd[2103032]: local verification as root
2025-09-02T12:37:39Z vmauthd[2103032]: received CONNECT_NOSTART command: /vmfs/volumes/3a4fd8ce-fc4375c4-effb-5cf3fce846f8/SGRL-ADC001/SGRL-ADC001.vmx vmx-vigor
2025-09-02T12:37:39Z vmauthd[2103032]: Acquired lock for /var/run/vmware/authd_fa0e92f99f0bc0d4eb3b8d0ec4883621
2025-09-02T12:37:39Z vmauthd[2103032]: No such VMware process: /vmfs/volumes/3a4fd8ce-fc4375c4-effb-5cf3fce846f8/SGRL-ADC001/SGRL-ADC001.vmx
2025-09-02T12:37:39Z vmauthd[2103032]: released lock for /var/run/vmware/authd_fa0e92f99f0bc0d4eb3b8d0ec4883621
2025-09-02T12:37:39Z vmauthd[2103032]: Local connection for vmx-vigor failed.
2025-09-02T12:37:39Z vmauthd[2103032]: Read failed.
2025-09-02T12:37:55Z vmauthd[2103163]: Msg_SetLocaleEx: HostLocale=UTF-8 UserLocale=NULL
2025-09-02T12:37:55Z vmauthd[2103163]: Could not expand environment variable HOME.
2025-09-02T12:37:55Z vmauthd[2103163]: Could not expand environment variable HOME.
2025-09-02T12:37:55Z vmauthd[2103163]: DictionaryLoad: Cannot open file "/usr/lib/vmware/config": No such file or directory.
2025-09-02T12:37:55Z vmauthd[2103163]: DictionaryLoad: Cannot open file "~/.vmware/config": No such file or directory.
2025-09-02T12:37:55Z vmauthd[2103163]: DictionaryLoad: Cannot open file "~/.vmware/preferences": No such file or directory.
2025-09-02T12:37:55Z vmauthd[2103163]: lib/ssl: OpenSSL using FIPS_drbg for RAND
2025-09-02T12:37:55Z vmauthd[2103163]: lib/ssl: protocol list tls1.2
2025-09-02T12:37:55Z vmauthd[2103163]: lib/ssl: protocol list tls1.2 (openssl flags 0x17000000)
2025-09-02T12:37:55Z vmauthd[2103163]: lib/ssl: cipher list ECDHE+AESGCM:RSA+AESGCM:ECDHE+AES:RSA+AES
2025-09-02T12:37:55Z vmauthd[2103163]: lib/ssl: curves list prime256v1:secp384r1:secp521r1
2025-09-02T12:37:55Z vmauthd[2103163]: Connect from (local) AF_UNIX socket.
2025-09-02T12:37:55Z vmauthd[2103163]: Connect from 127.0.0.1
2025-09-02T12:37:55Z vmauthd[2103163]: local verification as root
2025-09-02T12:37:55Z vmauthd[2103163]: received CONNECT_NOSTART command: /vmfs/volumes/3a4fd8ce-fc4375c4-effb-5cf3fce846f8/SGRL-VCSA01/SGRL-VCSA01.vmx vmx-vigor
2025-09-02T12:37:55Z vmauthd[2103163]: Acquired lock for /var/run/vmware/authd_84500fb122bfa30daf2e457a68fcb33e
2025-09-02T12:37:55Z vmauthd[2103163]: No such VMware process: /vmfs/volumes/3a4fd8ce-fc4375c4-effb-5cf3fce846f8/SGRL-VCSA01/SGRL-VCSA01.vmx
2025-09-02T12:37:55Z vmauthd[2103163]: released lock for /var/run/vmware/authd_84500fb122bfa30daf2e457a68fcb33e
2025-09-02T12:37:55Z vmauthd[2103163]: Local connection for vmx-vigor failed.
2025-09-02T12:37:55Z vmauthd[2103163]: Read failed.
2001-01-01T00:04:16Z vmauthd[2099989]: Msg_SetLocaleEx: HostLocale=UTF-8 UserLocale=NULL
2001-01-01T00:04:16Z vmauthd[2099989]: Could not expand environment variable HOME.
2001-01-01T00:04:16Z vmauthd[2099989]: Could not expand environment variable HOME.
2001-01-01T00:04:16Z vmauthd[2099989]: DictionaryLoad: Cannot open file "/usr/lib/vmware/config": No such file or directory.
2001-01-01T00:04:16Z vmauthd[2099989]: DictionaryLoad: Cannot open file "~/.vmware/config": No such file or directory.
2001-01-01T00:04:16Z vmauthd[2099989]: DictionaryLoad: Cannot open file "~/.vmware/preferences": No such file or directory.
2001-01-01T00:04:16Z vmauthd[2099989]: lib/ssl: OpenSSL using FIPS_drbg for RAND
2001-01-01T00:04:16Z vmauthd[2099989]: lib/ssl: protocol list tls1.2
2001-01-01T00:04:16Z vmauthd[2099989]: lib/ssl: protocol list tls1.2 (openssl flags 0x17000000)
2001-01-01T00:04:16Z vmauthd[2099989]: lib/ssl: cipher list ECDHE+AESGCM:RSA+AESGCM:ECDHE+AES:RSA+AES
2001-01-01T00:04:16Z vmauthd[2099989]: lib/ssl: curves list prime256v1:secp384r1:secp521r1
2001-01-01T00:04:16Z vmauthd[2099989]: Connect from (local) AF_UNIX socket.
2001-01-01T00:04:16Z vmauthd[2099989]: Connect from 127.0.0.1
2001-01-01T00:04:16Z vmauthd[2099989]: local verification as root
2001-01-01T00:04:16Z vmauthd[2099989]: received CONNECT_NOSTART command: /vmfs/volumes/3a4fd8ce-fc4375c4-effb-5cf3fce846f8/VyOS-Router/VyOS-Router.vmx vmx-vigor
2001-01-01T00:04:16Z vmauthd[2099989]: Acquired lock for /var/run/vmware/authd_91ecdaacce253e6bc5c93f9dde6fab90
2001-01-01T00:04:16Z vmauthd[2099989]: No such VMware process: /vmfs/volumes/3a4fd8ce-fc4375c4-effb-5cf3fce846f8/VyOS-Router/VyOS-Router.vmx
2001-01-01T00:04:16Z vmauthd[2099989]: released lock for /var/run/vmware/authd_91ecdaacce253e6bc5c93f9dde6fab90
2001-01-01T00:04:16Z vmauthd[2099989]: Local connection for vmx-vigor failed.
2001-01-01T00:04:16Z vmauthd[2099989]: Read failed.
2001-01-01T00:04:25Z vmauthd[2100124]: Msg_SetLocaleEx: HostLocale=UTF-8 UserLocale=NULL
2001-01-01T00:04:25Z vmauthd[2100124]: Could not expand environment variable HOME.
2001-01-01T00:04:25Z vmauthd[2100124]: Could not expand environment variable HOME.
2001-01-01T00:04:25Z vmauthd[2100124]: DictionaryLoad: Cannot open file "/usr/lib/vmware/config": No such file or directory.
2001-01-01T00:04:25Z vmauthd[2100124]: DictionaryLoad: Cannot open file "~/.vmware/config": No such file or directory.
2001-01-01T00:04:25Z vmauthd[2100124]: DictionaryLoad: Cannot open file "~/.vmware/preferences": No such file or directory.
2001-01-01T00:04:25Z vmauthd[2100124]: lib/ssl: OpenSSL using FIPS_drbg for RAND
2001-01-01T00:04:25Z vmauthd[2100124]: lib/ssl: protocol list tls1.2
2001-01-01T00:04:25Z vmauthd[2100124]: lib/ssl: protocol list tls1.2 (openssl flags 0x17000000)
2001-01-01T00:04:25Z vmauthd[2100124]: lib/ssl: cipher list ECDHE+AESGCM:RSA+AESGCM:ECDHE+AES:RSA+AES
2001-01-01T00:04:25Z vmauthd[2100124]: lib/ssl: curves list prime256v1:secp384r1:secp521r1
2001-01-01T00:04:25Z vmauthd[2100124]: Connect from (local) AF_UNIX socket.
2001-01-01T00:04:25Z vmauthd[2100124]: Connect from 127.0.0.1
2001-01-01T00:04:25Z vmauthd[2100124]: local verification as root
2001-01-01T00:04:25Z vmauthd[2100124]: received CONNECT_NOSTART command: /vmfs/volumes/3a4fd8ce-fc4375c4-effb-5cf3fce846f8/SGRL-VCSA01/SGRL-VCSA01.vmx vmx-vigor
2001-01-01T00:04:25Z vmauthd[2100124]: Acquired lock for /var/run/vmware/authd_84500fb122bfa30daf2e457a68fcb33e
2001-01-01T00:04:25Z vmauthd[2100124]: No such VMware process: /vmfs/volumes/3a4fd8ce-fc4375c4-effb-5cf3fce846f8/SGRL-VCSA01/SGRL-VCSA01.vmx
2001-01-01T00:04:25Z vmauthd[2100124]: released lock for /var/run/vmware/authd_84500fb122bfa30daf2e457a68fcb33e
2001-01-01T00:04:25Z vmauthd[2100124]: Local connection for vmx-vigor failed.
2001-01-01T00:04:25Z vmauthd[2100124]: Read failed.
2001-09-03T00:31:20Z vmauthd[2100915]: Msg_SetLocaleEx: HostLocale=UTF-8 UserLocale=NULL
2001-09-03T00:31:20Z vmauthd[2100915]: Could not expand environment variable HOME.
2001-09-03T00:31:20Z vmauthd[2100915]: Could not expand environment variable HOME.
2001-09-03T00:31:20Z vmauthd[2100915]: DictionaryLoad: Cannot open file "/usr/lib/vmware/config": No such file or directory.
2001-09-03T00:31:20Z vmauthd[2100915]: DictionaryLoad: Cannot open file "~/.vmware/config": No such file or directory.
2001-09-03T00:31:20Z vmauthd[2100915]: DictionaryLoad: Cannot open file "~/.vmware/preferences": No such file or directory.
2001-09-03T00:31:20Z vmauthd[2100915]: lib/ssl: OpenSSL using FIPS_drbg for RAND
2001-09-03T00:31:20Z vmauthd[2100915]: lib/ssl: protocol list tls1.2
2001-09-03T00:31:20Z vmauthd[2100915]: lib/ssl: protocol list tls1.2 (openssl flags 0x17000000)
2001-09-03T00:31:20Z vmauthd[2100915]: lib/ssl: cipher list ECDHE+AESGCM:RSA+AESGCM:ECDHE+AES:RSA+AES
2001-09-03T00:31:20Z vmauthd[2100915]: lib/ssl: curves list prime256v1:secp384r1:secp521r1
2001-09-03T00:31:20Z vmauthd[2100915]: Connect from (local) AF_UNIX socket.
2001-09-03T00:31:20Z vmauthd[2100915]: Connect from 127.0.0.1
2001-09-03T00:31:20Z vmauthd[2100915]: local verification as root
2001-09-03T00:31:20Z vmauthd[2100915]: received CONNECT_NOSTART command: /vmfs/volumes/3a4fd8ce-fc4375c4-effb-5cf3fce846f8/SGRL-VCSA01/SGRL-VCSA01.vmx vmx-vigor
2001-09-03T00:31:20Z vmauthd[2100915]: Acquired lock for /var/run/vmware/authd_84500fb122bfa30daf2e457a68fcb33e
2001-09-03T00:31:20Z vmauthd[2100915]: No such VMware process: /vmfs/volumes/3a4fd8ce-fc4375c4-effb-5cf3fce846f8/SGRL-VCSA01/SGRL-VCSA01.vmx
2001-09-03T00:31:20Z vmauthd[2100915]: released lock for /var/run/vmware/authd_84500fb122bfa30daf2e457a68fcb33e
2001-09-03T00:31:20Z vmauthd[2100915]: Local connection for vmx-vigor failed.
2001-09-03T00:31:20Z vmauthd[2100915]: Read failed.
2001-09-03T00:51:41Z vmauthd[2101438]: Msg_SetLocaleEx: HostLocale=UTF-8 UserLocale=NULL
2001-09-03T00:51:41Z vmauthd[2101438]: Could not expand environment variable HOME.
2001-09-03T00:51:41Z vmauthd[2101438]: Could not expand environment variable HOME.
2001-09-03T00:51:41Z vmauthd[2101438]: DictionaryLoad: Cannot open file "/usr/lib/vmware/config": No such file or directory.
2001-09-03T00:51:41Z vmauthd[2101438]: DictionaryLoad: Cannot open file "~/.vmware/config": No such file or directory.
2001-09-03T00:51:41Z vmauthd[2101438]: DictionaryLoad: Cannot open file "~/.vmware/preferences": No such file or directory.
2001-09-03T00:51:41Z vmauthd[2101438]: lib/ssl: OpenSSL using FIPS_drbg for RAND
2001-09-03T00:51:41Z vmauthd[2101438]: lib/ssl: protocol list tls1.2
2001-09-03T00:51:41Z vmauthd[2101438]: lib/ssl: protocol list tls1.2 (openssl flags 0x17000000)
2001-09-03T00:51:41Z vmauthd[2101438]: lib/ssl: cipher list ECDHE+AESGCM:RSA+AESGCM:ECDHE+AES:RSA+AES
2001-09-03T00:51:41Z vmauthd[2101438]: lib/ssl: curves list prime256v1:secp384r1:secp521r1
2001-09-03T00:51:41Z vmauthd[2101438]: Connect from remote socket (192.168.1.2:49064).
2001-09-03T00:51:41Z vmauthd[2101438]: Connect from 192.168.1.2
2001-09-03T00:51:41Z vmauthd[2101438]: Received PROXY command for vpxa-nfcssl, session = 52 3e 93 b7 cf b3 18 47-5c ec 8f 14 7f 1b bd d8
2001-09-03T00:51:41Z vmauthd[2101438]: vmware-vpxa: Connected to vpxa-nfcssl-fd, remote end sent pid: 2099359
2001-09-03T00:54:44Z vmauthd[2101442]: Msg_SetLocaleEx: HostLocale=UTF-8 UserLocale=NULL
2001-09-03T00:54:44Z vmauthd[2101442]: Could not expand environment variable HOME.
2001-09-03T00:54:44Z vmauthd[2101442]: Could not expand environment variable HOME.
2001-09-03T00:54:44Z vmauthd[2101442]: DictionaryLoad: Cannot open file "/usr/lib/vmware/config": No such file or directory.
2001-09-03T00:54:44Z vmauthd[2101442]: DictionaryLoad: Cannot open file "~/.vmware/config": No such file or directory.
2001-09-03T00:54:44Z vmauthd[2101442]: DictionaryLoad: Cannot open file "~/.vmware/preferences": No such file or directory.
2001-09-03T00:54:44Z vmauthd[2101442]: lib/ssl: OpenSSL using FIPS_drbg for RAND
2001-09-03T00:54:44Z vmauthd[2101442]: lib/ssl: protocol list tls1.2
2001-09-03T00:54:44Z vmauthd[2101442]: lib/ssl: protocol list tls1.2 (openssl flags 0x17000000)
2001-09-03T00:54:44Z vmauthd[2101442]: lib/ssl: cipher list ECDHE+AESGCM:RSA+AESGCM:ECDHE+AES:RSA+AES
2001-09-03T00:54:44Z vmauthd[2101442]: lib/ssl: curves list prime256v1:secp384r1:secp521r1
2001-09-03T00:54:44Z vmauthd[2101442]: Connect from remote socket (192.168.1.2:49706).
2001-09-03T00:54:44Z vmauthd[2101442]: Connect from 192.168.1.2
2001-09-03T00:54:44Z vmauthd[2101442]: FILE: FileCreateDirectoryEx: Failed to create /var/run/vmware/tickets/. Error = 17
2001-09-03T00:54:44Z vmauthd[2101442]: FILE: FileCreateDirectoryEx: Failed to create /var/run/vmware/tickets/. Error = 17
2001-09-03T00:54:44Z vmauthd[2101442]: local verification as root
2001-09-03T00:54:44Z vmauthd[2101442]: login from 192.168.1.2 as 52a95208-cebe-84b3-18eb-9be7267707d7
2001-09-03T00:54:44Z vmauthd[2101442]: received CONNECT command: /vmfs/volumes/3a4fd8ce-fc4375c4-effb-5cf3fce846f8/VyOS-Router/VyOS-Router.vmx mks
2001-09-03T00:54:44Z vmauthd[2101442]: Acquired lock for /var/run/vmware/authd_91ecdaacce253e6bc5c93f9dde6fab90
2001-09-03T00:54:44Z vmauthd[2101442]: /vmfs/volumes/3a4fd8ce-fc4375c4-effb-5cf3fce846f8/VyOS-Router/VyOS-Router.vmx: Connected to mks-fd, remote end sent pid: 2100499
2001-09-03T00:54:44Z vmauthd[2101442]: released lock for /var/run/vmware/authd_91ecdaacce253e6bc5c93f9dde6fab90
2001-09-03T00:54:44Z vmauthd[2101442]: Local connection for mks established.
2001-09-03T01:59:45Z vmauthd[2101837]: Msg_SetLocaleEx: HostLocale=UTF-8 UserLocale=NULL
2001-09-03T01:59:45Z vmauthd[2101837]: Could not expand environment variable HOME.
2001-09-03T01:59:45Z vmauthd[2101837]: Could not expand environment variable HOME.
2001-09-03T01:59:45Z vmauthd[2101837]: DictionaryLoad: Cannot open file "/usr/lib/vmware/config": No such file or directory.
2001-09-03T01:59:45Z vmauthd[2101837]: DictionaryLoad: Cannot open file "~/.vmware/config": No such file or directory.
2001-09-03T01:59:45Z vmauthd[2101837]: DictionaryLoad: Cannot open file "~/.vmware/preferences": No such file or directory.
2001-09-03T01:59:45Z vmauthd[2101837]: lib/ssl: OpenSSL using FIPS_drbg for RAND
2001-09-03T01:59:45Z vmauthd[2101837]: lib/ssl: protocol list tls1.2
2001-09-03T01:59:45Z vmauthd[2101837]: lib/ssl: protocol list tls1.2 (openssl flags 0x17000000)
2001-09-03T01:59:45Z vmauthd[2101837]: lib/ssl: cipher list ECDHE+AESGCM:RSA+AESGCM:ECDHE+AES:RSA+AES
2001-09-03T01:59:45Z vmauthd[2101837]: lib/ssl: curves list prime256v1:secp384r1:secp521r1
2001-09-03T01:59:45Z vmauthd[2101837]: Connect from remote socket (192.168.1.2:33012).
2001-09-03T01:59:45Z vmauthd[2101837]: Connect from 192.168.1.2
2001-09-03T01:59:45Z vmauthd[2101837]: FILE: FileCreateDirectoryEx: Failed to create /var/run/vmware/tickets/. Error = 17
2001-09-03T01:59:45Z vmauthd[2101837]: FILE: FileCreateDirectoryEx: Failed to create /var/run/vmware/tickets/. Error = 17
2001-09-03T01:59:45Z vmauthd[2101837]: local verification as root
2001-09-03T01:59:45Z vmauthd[2101837]: login from 192.168.1.2 as 529506b0-bc28-4d8d-740d-167a62cee4a5
2001-09-03T01:59:45Z vmauthd[2101837]: received CONNECT command: /vmfs/volumes/3a4fd8ce-fc4375c4-effb-5cf3fce846f8/VyOS-Router/VyOS-Router.vmx mks
2001-09-03T01:59:45Z vmauthd[2101837]: Acquired lock for /var/run/vmware/authd_91ecdaacce253e6bc5c93f9dde6fab90
2001-09-03T01:59:45Z vmauthd[2101837]: /vmfs/volumes/3a4fd8ce-fc4375c4-effb-5cf3fce846f8/VyOS-Router/VyOS-Router.vmx: Connected to mks-fd, remote end sent pid: 2100499
2001-09-03T01:59:45Z vmauthd[2101837]: released lock for /var/run/vmware/authd_91ecdaacce253e6bc5c93f9dde6fab90
2001-09-03T01:59:45Z vmauthd[2101837]: Local connection for mks established.
2001-09-03T06:51:41Z vmauthd[2103552]: Msg_SetLocaleEx: HostLocale=UTF-8 UserLocale=NULL
2001-09-03T06:51:41Z vmauthd[2103552]: Could not expand environment variable HOME.
2001-09-03T06:51:41Z vmauthd[2103552]: Could not expand environment variable HOME.
2001-09-03T06:51:41Z vmauthd[2103552]: DictionaryLoad: Cannot open file "/usr/lib/vmware/config": No such file or directory.
2001-09-03T06:51:41Z vmauthd[2103552]: DictionaryLoad: Cannot open file "~/.vmware/config": No such file or directory.
2001-09-03T06:51:41Z vmauthd[2103552]: DictionaryLoad: Cannot open file "~/.vmware/preferences": No such file or directory.
2001-09-03T06:51:41Z vmauthd[2103552]: lib/ssl: OpenSSL using FIPS_drbg for RAND
2001-09-03T06:51:41Z vmauthd[2103552]: lib/ssl: protocol list tls1.2
2001-09-03T06:51:41Z vmauthd[2103552]: lib/ssl: protocol list tls1.2 (openssl flags 0x17000000)
2001-09-03T06:51:41Z vmauthd[2103552]: lib/ssl: cipher list ECDHE+AESGCM:RSA+AESGCM:ECDHE+AES:RSA+AES
2001-09-03T06:51:41Z vmauthd[2103552]: lib/ssl: curves list prime256v1:secp384r1:secp521r1
2001-09-03T06:51:41Z vmauthd[2103552]: Connect from remote socket (192.168.1.2:55304).
2001-09-03T06:51:41Z vmauthd[2103552]: Connect from 192.168.1.2
2001-09-03T06:51:41Z vmauthd[2103552]: Received PROXY command for vpxa-nfcssl, session = 52 65 27 45 93 39 68 96-c9 4b 5e fc 38 07 36 d3
2001-09-03T06:51:41Z vmauthd[2103552]: vmware-vpxa: Connected to vpxa-nfcssl-fd, remote end sent pid: 2099359
2001-09-03T08:22:42Z vmauthd[2104569]: Msg_SetLocaleEx: HostLocale=UTF-8 UserLocale=NULL
2001-09-03T08:22:42Z vmauthd[2104569]: Could not expand environment variable HOME.
2001-09-03T08:22:42Z vmauthd[2104569]: Could not expand environment variable HOME.
2001-09-03T08:22:42Z vmauthd[2104569]: DictionaryLoad: Cannot open file "/usr/lib/vmware/config": No such file or directory.
2001-09-03T08:22:42Z vmauthd[2104569]: DictionaryLoad: Cannot open file "~/.vmware/config": No such file or directory.
2001-09-03T08:22:42Z vmauthd[2104569]: DictionaryLoad: Cannot open file "~/.vmware/preferences": No such file or directory.
2001-09-03T08:22:42Z vmauthd[2104569]: lib/ssl: OpenSSL using FIPS_drbg for RAND
2001-09-03T08:22:42Z vmauthd[2104569]: lib/ssl: protocol list tls1.2
2001-09-03T08:22:42Z vmauthd[2104569]: lib/ssl: protocol list tls1.2 (openssl flags 0x17000000)
2001-09-03T08:22:42Z vmauthd[2104569]: lib/ssl: cipher list ECDHE+AESGCM:RSA+AESGCM:ECDHE+AES:RSA+AES
2001-09-03T08:22:42Z vmauthd[2104569]: lib/ssl: curves list prime256v1:secp384r1:secp521r1
2001-09-03T08:22:42Z vmauthd[2104569]: Connect from remote socket (192.168.1.2:43386).
2001-09-03T08:22:42Z vmauthd[2104569]: Connect from 192.168.1.2
2001-09-03T08:22:42Z vmauthd[2104569]: FILE: FileCreateDirectoryEx: Failed to create /var/run/vmware/tickets/. Error = 17
2001-09-03T08:22:42Z vmauthd[2104569]: FILE: FileCreateDirectoryEx: Failed to create /var/run/vmware/tickets/. Error = 17
2001-09-03T08:22:42Z vmauthd[2104569]: local verification as root
2001-09-03T08:22:42Z vmauthd[2104569]: login from 192.168.1.2 as 526536aa-c211-0c85-0729-6e5854a8c06b
2001-09-03T08:22:42Z vmauthd[2104569]: received CONNECT command: /vmfs/volumes/3a4fd8ce-fc4375c4-effb-5cf3fce846f8/SGRL-ADC001/SGRL-ADC001.vmx mks
2001-09-03T08:22:42Z vmauthd[2104569]: Acquired lock for /var/run/vmware/authd_fa0e92f99f0bc0d4eb3b8d0ec4883621
2001-09-03T08:22:43Z vmauthd[2104569]: /vmfs/volumes/3a4fd8ce-fc4375c4-effb-5cf3fce846f8/SGRL-ADC001/SGRL-ADC001.vmx: Connected to mks-fd, remote end sent pid: 2100746
2001-09-03T08:22:43Z vmauthd[2104569]: released lock for /var/run/vmware/authd_fa0e92f99f0bc0d4eb3b8d0ec4883621
2001-09-03T08:22:43Z vmauthd[2104569]: Local connection for mks established.
2001-09-03T08:25:48Z vmauthd[2104583]: Msg_SetLocaleEx: HostLocale=UTF-8 UserLocale=NULL
2001-09-03T08:25:48Z vmauthd[2104583]: Could not expand environment variable HOME.
2001-09-03T08:25:48Z vmauthd[2104583]: Could not expand environment variable HOME.
2001-09-03T08:25:48Z vmauthd[2104583]: DictionaryLoad: Cannot open file "/usr/lib/vmware/config": No such file or directory.
2001-09-03T08:25:48Z vmauthd[2104583]: DictionaryLoad: Cannot open file "~/.vmware/config": No such file or directory.
2001-09-03T08:25:48Z vmauthd[2104583]: DictionaryLoad: Cannot open file "~/.vmware/preferences": No such file or directory.
2001-09-03T08:25:48Z vmauthd[2104583]: lib/ssl: OpenSSL using FIPS_drbg for RAND
2001-09-03T08:25:48Z vmauthd[2104583]: lib/ssl: protocol list tls1.2
2001-09-03T08:25:48Z vmauthd[2104583]: lib/ssl: protocol list tls1.2 (openssl flags 0x17000000)
2001-09-03T08:25:48Z vmauthd[2104583]: lib/ssl: cipher list ECDHE+AESGCM:RSA+AESGCM:ECDHE+AES:RSA+AES
2001-09-03T08:25:48Z vmauthd[2104583]: lib/ssl: curves list prime256v1:secp384r1:secp521r1
2001-09-03T08:25:48Z vmauthd[2104583]: Connect from remote socket (192.168.1.2:44052).
2001-09-03T08:25:48Z vmauthd[2104583]: Connect from 192.168.1.2
2001-09-03T08:25:48Z vmauthd[2104583]: FILE: FileCreateDirectoryEx: Failed to create /var/run/vmware/tickets/. Error = 17
2001-09-03T08:25:48Z vmauthd[2104583]: FILE: FileCreateDirectoryEx: Failed to create /var/run/vmware/tickets/. Error = 17
2001-09-03T08:25:48Z vmauthd[2104583]: local verification as root
2001-09-03T08:25:48Z vmauthd[2104583]: login from 192.168.1.2 as 52ed84c7-39b7-6dbb-cca1-9be34825a598
2001-09-03T08:25:48Z vmauthd[2104583]: received CONNECT command: /vmfs/volumes/3a4fd8ce-fc4375c4-effb-5cf3fce846f8/SGRL-ADC001/SGRL-ADC001.vmx mks
2001-09-03T08:25:49Z vmauthd[2104583]: Acquired lock for /var/run/vmware/authd_fa0e92f99f0bc0d4eb3b8d0ec4883621
2001-09-03T08:25:49Z vmauthd[2104583]: /vmfs/volumes/3a4fd8ce-fc4375c4-effb-5cf3fce846f8/SGRL-ADC001/SGRL-ADC001.vmx: Connected to mks-fd, remote end sent pid: 2100746
2001-09-03T08:25:49Z vmauthd[2104583]: released lock for /var/run/vmware/authd_fa0e92f99f0bc0d4eb3b8d0ec4883621
2001-09-03T08:25:49Z vmauthd[2104583]: Local connection for mks established.
2001-09-03T08:31:19Z vmauthd[2104599]: Msg_SetLocaleEx: HostLocale=UTF-8 UserLocale=NULL
2001-09-03T08:31:19Z vmauthd[2104599]: Could not expand environment variable HOME.
2001-09-03T08:31:19Z vmauthd[2104599]: Could not expand environment variable HOME.
2001-09-03T08:31:19Z vmauthd[2104599]: DictionaryLoad: Cannot open file "/usr/lib/vmware/config": No such file or directory.
2001-09-03T08:31:19Z vmauthd[2104599]: DictionaryLoad: Cannot open file "~/.vmware/config": No such file or directory.
2001-09-03T08:31:19Z vmauthd[2104599]: DictionaryLoad: Cannot open file "~/.vmware/preferences": No such file or directory.
2001-09-03T08:31:19Z vmauthd[2104599]: lib/ssl: OpenSSL using FIPS_drbg for RAND
2001-09-03T08:31:19Z vmauthd[2104599]: lib/ssl: protocol list tls1.2
2001-09-03T08:31:19Z vmauthd[2104599]: lib/ssl: protocol list tls1.2 (openssl flags 0x17000000)
2001-09-03T08:31:19Z vmauthd[2104599]: lib/ssl: cipher list ECDHE+AESGCM:RSA+AESGCM:ECDHE+AES:RSA+AES
2001-09-03T08:31:19Z vmauthd[2104599]: lib/ssl: curves list prime256v1:secp384r1:secp521r1
2001-09-03T08:31:19Z vmauthd[2104599]: Connect from (local) AF_UNIX socket.
2001-09-03T08:31:19Z vmauthd[2104599]: Connect from 127.0.0.1
2001-09-03T08:31:19Z vmauthd[2104599]: local verification as root
2001-09-03T08:31:19Z vmauthd[2104599]: received CONNECT_NOSTART command: /vmfs/volumes/3a4fd8ce-fc4375c4-effb-5cf3fce846f8/SGRL-ADC001/SGRL-ADC001.vmx vmx-vigor
2001-09-03T08:31:19Z vmauthd[2104599]: Acquired lock for /var/run/vmware/authd_fa0e92f99f0bc0d4eb3b8d0ec4883621
2001-09-03T08:31:19Z vmauthd[2104599]: No such VMware process: /vmfs/volumes/3a4fd8ce-fc4375c4-effb-5cf3fce846f8/SGRL-ADC001/SGRL-ADC001.vmx
2001-09-03T08:31:19Z vmauthd[2104599]: released lock for /var/run/vmware/authd_fa0e92f99f0bc0d4eb3b8d0ec4883621
2001-09-03T08:31:19Z vmauthd[2104599]: Local connection for vmx-vigor failed.
2001-09-03T08:31:19Z vmauthd[2104599]: Read failed.
2001-09-03T08:32:50Z vmauthd[2104862]: Msg_SetLocaleEx: HostLocale=UTF-8 UserLocale=NULL
2001-09-03T08:32:50Z vmauthd[2104862]: Could not expand environment variable HOME.
2001-09-03T08:32:50Z vmauthd[2104862]: Could not expand environment variable HOME.
2001-09-03T08:32:50Z vmauthd[2104862]: DictionaryLoad: Cannot open file "/usr/lib/vmware/config": No such file or directory.
2001-09-03T08:32:50Z vmauthd[2104862]: DictionaryLoad: Cannot open file "~/.vmware/config": No such file or directory.
2001-09-03T08:32:50Z vmauthd[2104862]: DictionaryLoad: Cannot open file "~/.vmware/preferences": No such file or directory.
2001-09-03T08:32:50Z vmauthd[2104862]: lib/ssl: OpenSSL using FIPS_drbg for RAND
2001-09-03T08:32:50Z vmauthd[2104862]: lib/ssl: protocol list tls1.2
2001-09-03T08:32:50Z vmauthd[2104862]: lib/ssl: protocol list tls1.2 (openssl flags 0x17000000)
2001-09-03T08:32:50Z vmauthd[2104862]: lib/ssl: cipher list ECDHE+AESGCM:RSA+AESGCM:ECDHE+AES:RSA+AES
2001-09-03T08:32:50Z vmauthd[2104862]: lib/ssl: curves list prime256v1:secp384r1:secp521r1
2001-09-03T08:32:50Z vmauthd[2104862]: Connect from remote socket (192.168.1.2:45384).
2001-09-03T08:32:50Z vmauthd[2104862]: Connect from 192.168.1.2
2001-09-03T08:32:50Z vmauthd[2104862]: FILE: FileCreateDirectoryEx: Failed to create /var/run/vmware/tickets/. Error = 17
2001-09-03T08:32:50Z vmauthd[2104862]: FILE: FileCreateDirectoryEx: Failed to create /var/run/vmware/tickets/. Error = 17
2001-09-03T08:32:50Z vmauthd[2104862]: local verification as root
2001-09-03T08:32:50Z vmauthd[2104862]: login from 192.168.1.2 as 528ba644-d549-45b1-448e-48bab69b1c79
2001-09-03T08:32:50Z vmauthd[2104862]: received CONNECT command: /vmfs/volumes/3a4fd8ce-fc4375c4-effb-5cf3fce846f8/SGRL-WSU001/SGRL-WSU001.vmx mks
2001-09-03T08:32:50Z vmauthd[2104862]: Acquired lock for /var/run/vmware/authd_d8a3682659f5b1580e8f58da79dcd153
2001-09-03T08:32:50Z vmauthd[2104862]: /vmfs/volumes/3a4fd8ce-fc4375c4-effb-5cf3fce846f8/SGRL-WSU001/SGRL-WSU001.vmx: Connected to mks-fd, remote end sent pid: 2104408
2001-09-03T08:32:50Z vmauthd[2104862]: released lock for /var/run/vmware/authd_d8a3682659f5b1580e8f58da79dcd153
2001-09-03T08:32:50Z vmauthd[2104862]: Local connection for mks established.
2001-09-03T08:38:19Z vmauthd[2105008]: Msg_SetLocaleEx: HostLocale=UTF-8 UserLocale=NULL
2001-09-03T08:38:19Z vmauthd[2105008]: Could not expand environment variable HOME.
2001-09-03T08:38:19Z vmauthd[2105008]: Could not expand environment variable HOME.
2001-09-03T08:38:19Z vmauthd[2105008]: DictionaryLoad: Cannot open file "/usr/lib/vmware/config": No such file or directory.
2001-09-03T08:38:19Z vmauthd[2105008]: DictionaryLoad: Cannot open file "~/.vmware/config": No such file or directory.
2001-09-03T08:38:19Z vmauthd[2105008]: DictionaryLoad: Cannot open file "~/.vmware/preferences": No such file or directory.
2001-09-03T08:38:19Z vmauthd[2105008]: lib/ssl: OpenSSL using FIPS_drbg for RAND
2001-09-03T08:38:19Z vmauthd[2105008]: lib/ssl: protocol list tls1.2
2001-09-03T08:38:19Z vmauthd[2105008]: lib/ssl: protocol list tls1.2 (openssl flags 0x17000000)
2001-09-03T08:38:19Z vmauthd[2105008]: lib/ssl: cipher list ECDHE+AESGCM:RSA+AESGCM:ECDHE+AES:RSA+AES
2001-09-03T08:38:19Z vmauthd[2105008]: lib/ssl: curves list prime256v1:secp384r1:secp521r1
2001-09-03T08:38:19Z vmauthd[2105008]: Connect from (local) AF_UNIX socket.
2001-09-03T08:38:19Z vmauthd[2105008]: Connect from 127.0.0.1
2001-09-03T08:38:19Z vmauthd[2105008]: local verification as root
2001-09-03T08:38:19Z vmauthd[2105008]: received CONNECT_NOSTART command: /vmfs/volumes/3a4fd8ce-fc4375c4-effb-5cf3fce846f8/SGRL-WSU001/SGRL-WSU001.vmx vmx-vigor
2001-09-03T08:38:19Z vmauthd[2105008]: Acquired lock for /var/run/vmware/authd_d8a3682659f5b1580e8f58da79dcd153
2001-09-03T08:38:19Z vmauthd[2105008]: No such VMware process: /vmfs/volumes/3a4fd8ce-fc4375c4-effb-5cf3fce846f8/SGRL-WSU001/SGRL-WSU001.vmx
2001-09-03T08:38:19Z vmauthd[2105008]: released lock for /var/run/vmware/authd_d8a3682659f5b1580e8f58da79dcd153
2001-09-03T08:38:19Z vmauthd[2105008]: Local connection for vmx-vigor failed.
2001-09-03T08:38:19Z vmauthd[2105008]: Read failed.
2001-09-03T08:41:39Z vmauthd[2105298]: Msg_SetLocaleEx: HostLocale=UTF-8 UserLocale=NULL
2001-09-03T08:41:39Z vmauthd[2105298]: Could not expand environment variable HOME.
2001-09-03T08:41:39Z vmauthd[2105298]: Could not expand environment variable HOME.
2001-09-03T08:41:39Z vmauthd[2105298]: DictionaryLoad: Cannot open file "/usr/lib/vmware/config": No such file or directory.
2001-09-03T08:41:39Z vmauthd[2105298]: DictionaryLoad: Cannot open file "~/.vmware/config": No such file or directory.
2001-09-03T08:41:39Z vmauthd[2105298]: DictionaryLoad: Cannot open file "~/.vmware/preferences": No such file or directory.
2001-09-03T08:41:39Z vmauthd[2105298]: lib/ssl: OpenSSL using FIPS_drbg for RAND
2001-09-03T08:41:39Z vmauthd[2105298]: lib/ssl: protocol list tls1.2
2001-09-03T08:41:39Z vmauthd[2105298]: lib/ssl: protocol list tls1.2 (openssl flags 0x17000000)
2001-09-03T08:41:39Z vmauthd[2105298]: lib/ssl: cipher list ECDHE+AESGCM:RSA+AESGCM:ECDHE+AES:RSA+AES
2001-09-03T08:41:39Z vmauthd[2105298]: lib/ssl: curves list prime256v1:secp384r1:secp521r1
2001-09-03T08:41:39Z vmauthd[2105298]: Connect from remote socket (192.168.1.2:47142).
2001-09-03T08:41:39Z vmauthd[2105298]: Connect from 192.168.1.2
2001-09-03T08:41:39Z vmauthd[2105298]: FILE: FileCreateDirectoryEx: Failed to create /var/run/vmware/tickets/. Error = 17
2001-09-03T08:41:39Z vmauthd[2105298]: FILE: FileCreateDirectoryEx: Failed to create /var/run/vmware/tickets/. Error = 17
2001-09-03T08:41:39Z vmauthd[2105298]: local verification as root
2001-09-03T08:41:39Z vmauthd[2105298]: login from 192.168.1.2 as 52356fe9-c0fc-4158-47bd-bf2ca2f1c40b
2001-09-03T08:41:39Z vmauthd[2105298]: received CONNECT command: /vmfs/volumes/3a4fd8ce-fc4375c4-effb-5cf3fce846f8/SGRL-WSU001/SGRL-WSU001.vmx mks
2001-09-03T08:41:39Z vmauthd[2105298]: Acquired lock for /var/run/vmware/authd_d8a3682659f5b1580e8f58da79dcd153
2001-09-03T08:41:39Z vmauthd[2105298]: /vmfs/volumes/3a4fd8ce-fc4375c4-effb-5cf3fce846f8/SGRL-WSU001/SGRL-WSU001.vmx: Connected to mks-fd, remote end sent pid: 2105152
2001-09-03T08:41:39Z vmauthd[2105298]: released lock for /var/run/vmware/authd_d8a3682659f5b1580e8f58da79dcd153
2001-09-03T08:41:39Z vmauthd[2105298]: Local connection for mks established.
2001-09-03T08:42:22Z vmauthd[2105442]: Msg_SetLocaleEx: HostLocale=UTF-8 UserLocale=NULL
2001-09-03T08:42:22Z vmauthd[2105442]: Could not expand environment variable HOME.
2001-09-03T08:42:22Z vmauthd[2105442]: Could not expand environment variable HOME.
2001-09-03T08:42:22Z vmauthd[2105442]: DictionaryLoad: Cannot open file "/usr/lib/vmware/config": No such file or directory.
2001-09-03T08:42:22Z vmauthd[2105442]: DictionaryLoad: Cannot open file "~/.vmware/config": No such file or directory.
2001-09-03T08:42:22Z vmauthd[2105442]: DictionaryLoad: Cannot open file "~/.vmware/preferences": No such file or directory.
2001-09-03T08:42:22Z vmauthd[2105442]: lib/ssl: OpenSSL using FIPS_drbg for RAND
2001-09-03T08:42:22Z vmauthd[2105442]: lib/ssl: protocol list tls1.2
2001-09-03T08:42:22Z vmauthd[2105442]: lib/ssl: protocol list tls1.2 (openssl flags 0x17000000)
2001-09-03T08:42:22Z vmauthd[2105442]: lib/ssl: cipher list ECDHE+AESGCM:RSA+AESGCM:ECDHE+AES:RSA+AES
2001-09-03T08:42:22Z vmauthd[2105442]: lib/ssl: curves list prime256v1:secp384r1:secp521r1
2001-09-03T08:42:22Z vmauthd[2105442]: Connect from remote socket (192.168.1.2:47250).
2001-09-03T08:42:22Z vmauthd[2105442]: Connect from 192.168.1.2
2001-09-03T08:42:22Z vmauthd[2105442]: FILE: FileCreateDirectoryEx: Failed to create /var/run/vmware/tickets/. Error = 17
2001-09-03T08:42:22Z vmauthd[2105442]: FILE: FileCreateDirectoryEx: Failed to create /var/run/vmware/tickets/. Error = 17
2001-09-03T08:42:22Z vmauthd[2105442]: local verification as root
2001-09-03T08:42:22Z vmauthd[2105442]: login from 192.168.1.2 as 522e43f5-c9a8-30a5-4fb7-46acbbcd211d
2001-09-03T08:42:22Z vmauthd[2105442]: received CONNECT command: /vmfs/volumes/3a4fd8ce-fc4375c4-effb-5cf3fce846f8/SGRL-ADC001/SGRL-ADC001.vmx mks
2001-09-03T08:42:22Z vmauthd[2105442]: Acquired lock for /var/run/vmware/authd_fa0e92f99f0bc0d4eb3b8d0ec4883621
2001-09-03T08:42:22Z vmauthd[2105442]: /vmfs/volumes/3a4fd8ce-fc4375c4-effb-5cf3fce846f8/SGRL-ADC001/SGRL-ADC001.vmx: Connected to mks-fd, remote end sent pid: 2105299
2001-09-03T08:42:22Z vmauthd[2105442]: released lock for /var/run/vmware/authd_fa0e92f99f0bc0d4eb3b8d0ec4883621
2001-09-03T08:42:22Z vmauthd[2105442]: Local connection for mks established.
2001-09-03T09:19:11Z vmauthd[2105758]: Msg_SetLocaleEx: HostLocale=UTF-8 UserLocale=NULL
2001-09-03T09:19:11Z vmauthd[2105758]: Could not expand environment variable HOME.
2001-09-03T09:19:11Z vmauthd[2105758]: Could not expand environment variable HOME.
2001-09-03T09:19:11Z vmauthd[2105758]: DictionaryLoad: Cannot open file "/usr/lib/vmware/config": No such file or directory.
2001-09-03T09:19:11Z vmauthd[2105758]: DictionaryLoad: Cannot open file "~/.vmware/config": No such file or directory.
2001-09-03T09:19:11Z vmauthd[2105758]: DictionaryLoad: Cannot open file "~/.vmware/preferences": No such file or directory.
2001-09-03T09:19:11Z vmauthd[2105758]: lib/ssl: OpenSSL using FIPS_drbg for RAND
2001-09-03T09:19:11Z vmauthd[2105758]: lib/ssl: protocol list tls1.2
2001-09-03T09:19:11Z vmauthd[2105758]: lib/ssl: protocol list tls1.2 (openssl flags 0x17000000)
2001-09-03T09:19:11Z vmauthd[2105758]: lib/ssl: cipher list ECDHE+AESGCM:RSA+AESGCM:ECDHE+AES:RSA+AES
2001-09-03T09:19:11Z vmauthd[2105758]: lib/ssl: curves list prime256v1:secp384r1:secp521r1
2001-09-03T09:19:11Z vmauthd[2105758]: Connect from remote socket (192.168.1.2:53880).
2001-09-03T09:19:11Z vmauthd[2105758]: Connect from 192.168.1.2
2001-09-03T09:19:12Z vmauthd[2105758]: FILE: FileCreateDirectoryEx: Failed to create /var/run/vmware/tickets/. Error = 17
2001-09-03T09:19:12Z vmauthd[2105758]: FILE: FileCreateDirectoryEx: Failed to create /var/run/vmware/tickets/. Error = 17
2001-09-03T09:19:12Z vmauthd[2105758]: local verification as root
2001-09-03T09:19:12Z vmauthd[2105758]: login from 192.168.1.2 as 5204b077-d99f-0306-968f-5f0bb50dccd8
2001-09-03T09:19:12Z vmauthd[2105758]: received CONNECT command: /vmfs/volumes/3a4fd8ce-fc4375c4-effb-5cf3fce846f8/SGRL-ADC001/SGRL-ADC001.vmx mks
2001-09-03T09:19:12Z vmauthd[2105758]: Acquired lock for /var/run/vmware/authd_fa0e92f99f0bc0d4eb3b8d0ec4883621
2001-09-03T09:19:12Z vmauthd[2105758]: /vmfs/volumes/3a4fd8ce-fc4375c4-effb-5cf3fce846f8/SGRL-ADC001/SGRL-ADC001.vmx: Connected to mks-fd, remote end sent pid: 2105299
2001-09-03T09:19:12Z vmauthd[2105758]: released lock for /var/run/vmware/authd_fa0e92f99f0bc0d4eb3b8d0ec4883621
2001-09-03T09:19:12Z vmauthd[2105758]: Local connection for mks established.
2001-09-03T09:21:45Z vmauthd[2105772]: Msg_SetLocaleEx: HostLocale=UTF-8 UserLocale=NULL
2001-09-03T09:21:45Z vmauthd[2105772]: Could not expand environment variable HOME.
2001-09-03T09:21:45Z vmauthd[2105772]: Could not expand environment variable HOME.
2001-09-03T09:21:45Z vmauthd[2105772]: DictionaryLoad: Cannot open file "/usr/lib/vmware/config": No such file or directory.
2001-09-03T09:21:45Z vmauthd[2105772]: DictionaryLoad: Cannot open file "~/.vmware/config": No such file or directory.
2001-09-03T09:21:45Z vmauthd[2105772]: DictionaryLoad: Cannot open file "~/.vmware/preferences": No such file or directory.
2001-09-03T09:21:45Z vmauthd[2105772]: lib/ssl: OpenSSL using FIPS_drbg for RAND
2001-09-03T09:21:45Z vmauthd[2105772]: lib/ssl: protocol list tls1.2
2001-09-03T09:21:45Z vmauthd[2105772]: lib/ssl: protocol list tls1.2 (openssl flags 0x17000000)
2001-09-03T09:21:45Z vmauthd[2105772]: lib/ssl: cipher list ECDHE+AESGCM:RSA+AESGCM:ECDHE+AES:RSA+AES
2001-09-03T09:21:45Z vmauthd[2105772]: lib/ssl: curves list prime256v1:secp384r1:secp521r1
2001-09-03T09:21:45Z vmauthd[2105772]: Connect from (local) AF_UNIX socket.
2001-09-03T09:21:45Z vmauthd[2105772]: Connect from 127.0.0.1
2001-09-03T09:21:45Z vmauthd[2105772]: local verification as root
2001-09-03T09:21:45Z vmauthd[2105772]: received CONNECT_NOSTART command: /vmfs/volumes/3a4fd8ce-fc4375c4-effb-5cf3fce846f8/SGRL-ADC001/SGRL-ADC001.vmx vmx-vigor
2001-09-03T09:21:45Z vmauthd[2105772]: Acquired lock for /var/run/vmware/authd_fa0e92f99f0bc0d4eb3b8d0ec4883621
2001-09-03T09:21:45Z vmauthd[2105772]: No such VMware process: /vmfs/volumes/3a4fd8ce-fc4375c4-effb-5cf3fce846f8/SGRL-ADC001/SGRL-ADC001.vmx
2001-09-03T09:21:45Z vmauthd[2105772]: released lock for /var/run/vmware/authd_fa0e92f99f0bc0d4eb3b8d0ec4883621
2001-09-03T09:21:45Z vmauthd[2105772]: Local connection for vmx-vigor failed.
2001-09-03T09:21:45Z vmauthd[2105772]: Read failed.
2001-09-03T09:21:48Z vmauthd[2105773]: Msg_SetLocaleEx: HostLocale=UTF-8 UserLocale=NULL
2001-09-03T09:21:48Z vmauthd[2105773]: Could not expand environment variable HOME.
2001-09-03T09:21:48Z vmauthd[2105773]: Could not expand environment variable HOME.
2001-09-03T09:21:48Z vmauthd[2105773]: DictionaryLoad: Cannot open file "/usr/lib/vmware/config": No such file or directory.
2001-09-03T09:21:48Z vmauthd[2105773]: DictionaryLoad: Cannot open file "~/.vmware/config": No such file or directory.
2001-09-03T09:21:48Z vmauthd[2105773]: DictionaryLoad: Cannot open file "~/.vmware/preferences": No such file or directory.
2001-09-03T09:21:48Z vmauthd[2105773]: lib/ssl: OpenSSL using FIPS_drbg for RAND
2001-09-03T09:21:48Z vmauthd[2105773]: lib/ssl: protocol list tls1.2
2001-09-03T09:21:48Z vmauthd[2105773]: lib/ssl: protocol list tls1.2 (openssl flags 0x17000000)
2001-09-03T09:21:48Z vmauthd[2105773]: lib/ssl: cipher list ECDHE+AESGCM:RSA+AESGCM:ECDHE+AES:RSA+AES
2001-09-03T09:21:48Z vmauthd[2105773]: lib/ssl: curves list prime256v1:secp384r1:secp521r1
2001-09-03T09:21:48Z vmauthd[2105773]: Connect from (local) AF_UNIX socket.
2001-09-03T09:21:48Z vmauthd[2105773]: Connect from 127.0.0.1
2001-09-03T09:21:48Z vmauthd[2105773]: local verification as root
2001-09-03T09:21:48Z vmauthd[2105773]: received CONNECT_NOSTART command: /vmfs/volumes/3a4fd8ce-fc4375c4-effb-5cf3fce846f8/SGRL-WSU001/SGRL-WSU001.vmx vmx-vigor
2001-09-03T09:21:48Z vmauthd[2105773]: Acquired lock for /var/run/vmware/authd_d8a3682659f5b1580e8f58da79dcd153
2001-09-03T09:21:48Z vmauthd[2105773]: No such VMware process: /vmfs/volumes/3a4fd8ce-fc4375c4-effb-5cf3fce846f8/SGRL-WSU001/SGRL-WSU001.vmx
2001-09-03T09:21:48Z vmauthd[2105773]: released lock for /var/run/vmware/authd_d8a3682659f5b1580e8f58da79dcd153
2001-09-03T09:21:48Z vmauthd[2105773]: Local connection for vmx-vigor failed.
2001-09-03T09:21:48Z vmauthd[2105773]: Read failed.
2001-09-03T09:25:23Z vmauthd[2105930]: Msg_SetLocaleEx: HostLocale=UTF-8 UserLocale=NULL
2001-09-03T09:25:23Z vmauthd[2105930]: Could not expand environment variable HOME.
2001-09-03T09:25:23Z vmauthd[2105930]: Could not expand environment variable HOME.
2001-09-03T09:25:23Z vmauthd[2105930]: DictionaryLoad: Cannot open file "/usr/lib/vmware/config": No such file or directory.
2001-09-03T09:25:23Z vmauthd[2105930]: DictionaryLoad: Cannot open file "~/.vmware/config": No such file or directory.
2001-09-03T09:25:23Z vmauthd[2105930]: DictionaryLoad: Cannot open file "~/.vmware/preferences": No such file or directory.
2001-09-03T09:25:23Z vmauthd[2105930]: lib/ssl: OpenSSL using FIPS_drbg for RAND
2001-09-03T09:25:23Z vmauthd[2105930]: lib/ssl: protocol list tls1.2
2001-09-03T09:25:23Z vmauthd[2105930]: lib/ssl: protocol list tls1.2 (openssl flags 0x17000000)
2001-09-03T09:25:23Z vmauthd[2105930]: lib/ssl: cipher list ECDHE+AESGCM:RSA+AESGCM:ECDHE+AES:RSA+AES
2001-09-03T09:25:23Z vmauthd[2105930]: lib/ssl: curves list prime256v1:secp384r1:secp521r1
2001-09-03T09:25:23Z vmauthd[2105930]: Connect from (local) AF_UNIX socket.
2001-09-03T09:25:23Z vmauthd[2105930]: Connect from 127.0.0.1
2001-09-03T09:25:23Z vmauthd[2105930]: local verification as root
2001-09-03T09:25:23Z vmauthd[2105930]: received CONNECT_NOSTART command: /vmfs/volumes/3a4fd8ce-fc4375c4-effb-5cf3fce846f8/VyOS-Router/VyOS-Router.vmx vmx-vigor
2001-09-03T09:25:23Z vmauthd[2105930]: Acquired lock for /var/run/vmware/authd_91ecdaacce253e6bc5c93f9dde6fab90
2001-09-03T09:25:23Z vmauthd[2105930]: No such VMware process: /vmfs/volumes/3a4fd8ce-fc4375c4-effb-5cf3fce846f8/VyOS-Router/VyOS-Router.vmx
2001-09-03T09:25:23Z vmauthd[2105930]: released lock for /var/run/vmware/authd_91ecdaacce253e6bc5c93f9dde6fab90
2001-09-03T09:25:23Z vmauthd[2105930]: Local connection for vmx-vigor failed.
2001-09-03T09:25:23Z vmauthd[2105930]: Read failed.
2001-09-03T09:26:28Z vmauthd[2106065]: Msg_SetLocaleEx: HostLocale=UTF-8 UserLocale=NULL
2001-09-03T09:26:28Z vmauthd[2106065]: Could not expand environment variable HOME.
2001-09-03T09:26:28Z vmauthd[2106065]: Could not expand environment variable HOME.
2001-09-03T09:26:28Z vmauthd[2106065]: DictionaryLoad: Cannot open file "/usr/lib/vmware/config": No such file or directory.
2001-09-03T09:26:28Z vmauthd[2106065]: DictionaryLoad: Cannot open file "~/.vmware/config": No such file or directory.
2001-09-03T09:26:28Z vmauthd[2106065]: DictionaryLoad: Cannot open file "~/.vmware/preferences": No such file or directory.
2001-09-03T09:26:28Z vmauthd[2106065]: lib/ssl: OpenSSL using FIPS_drbg for RAND
2001-09-03T09:26:28Z vmauthd[2106065]: lib/ssl: protocol list tls1.2
2001-09-03T09:26:28Z vmauthd[2106065]: lib/ssl: protocol list tls1.2 (openssl flags 0x17000000)
2001-09-03T09:26:28Z vmauthd[2106065]: lib/ssl: cipher list ECDHE+AESGCM:RSA+AESGCM:ECDHE+AES:RSA+AES
2001-09-03T09:26:28Z vmauthd[2106065]: lib/ssl: curves list prime256v1:secp384r1:secp521r1
2001-09-03T09:26:28Z vmauthd[2106065]: Connect from (local) AF_UNIX socket.
2001-09-03T09:26:28Z vmauthd[2106065]: Connect from 127.0.0.1
2001-09-03T09:26:28Z vmauthd[2106065]: local verification as root
2001-09-03T09:26:28Z vmauthd[2106065]: received CONNECT_NOSTART command: /vmfs/volumes/3a4fd8ce-fc4375c4-effb-5cf3fce846f8/SGRL-VCSA01/SGRL-VCSA01.vmx vmx-vigor
2001-09-03T09:26:28Z vmauthd[2106065]: Acquired lock for /var/run/vmware/authd_84500fb122bfa30daf2e457a68fcb33e
2001-09-03T09:26:28Z vmauthd[2106065]: No such VMware process: /vmfs/volumes/3a4fd8ce-fc4375c4-effb-5cf3fce846f8/SGRL-VCSA01/SGRL-VCSA01.vmx
2001-09-03T09:26:28Z vmauthd[2106065]: released lock for /var/run/vmware/authd_84500fb122bfa30daf2e457a68fcb33e
2001-09-03T09:26:28Z vmauthd[2106065]: Local connection for vmx-vigor failed.
2001-09-03T09:26:28Z vmauthd[2106065]: Read failed.
2001-09-04T00:20:11Z vmauthd[2100166]: Msg_SetLocaleEx: HostLocale=UTF-8 UserLocale=NULL
2001-09-04T00:20:11Z vmauthd[2100166]: Could not expand environment variable HOME.
2001-09-04T00:20:11Z vmauthd[2100166]: Could not expand environment variable HOME.
2001-09-04T00:20:11Z vmauthd[2100166]: DictionaryLoad: Cannot open file "/usr/lib/vmware/config": No such file or directory.
2001-09-04T00:20:11Z vmauthd[2100166]: DictionaryLoad: Cannot open file "~/.vmware/config": No such file or directory.
2001-09-04T00:20:11Z vmauthd[2100166]: DictionaryLoad: Cannot open file "~/.vmware/preferences": No such file or directory.
2001-09-04T00:20:11Z vmauthd[2100166]: lib/ssl: OpenSSL using FIPS_drbg for RAND
2001-09-04T00:20:11Z vmauthd[2100166]: lib/ssl: protocol list tls1.2
2001-09-04T00:20:11Z vmauthd[2100166]: lib/ssl: protocol list tls1.2 (openssl flags 0x17000000)
2001-09-04T00:20:11Z vmauthd[2100166]: lib/ssl: cipher list ECDHE+AESGCM:RSA+AESGCM:ECDHE+AES:RSA+AES
2001-09-04T00:20:11Z vmauthd[2100166]: lib/ssl: curves list prime256v1:secp384r1:secp521r1
2001-09-04T00:20:11Z vmauthd[2100166]: Connect from remote socket (192.168.1.2:44274).
2001-09-04T00:20:11Z vmauthd[2100166]: Connect from 192.168.1.2
2001-09-04T00:20:12Z vmauthd[2100166]: LOGIN FAILURE from 192.168.1.2, vpxuser
2001-09-04T00:20:17Z vmauthd[2100166]: SSL: EOF in violation of protocol
2001-09-04T00:20:17Z vmauthd[2100166]: recv() FAIL: 0.
2001-09-04T00:20:17Z vmauthd[2100166]: VMAuthdSocketRead: read failed.  Closing socket for reading.
2001-09-04T00:20:17Z vmauthd[2100166]: Read failed.
2001-09-04T00:36:50Z vmauthd[2100214]: Msg_SetLocaleEx: HostLocale=UTF-8 UserLocale=NULL
2001-09-04T00:36:50Z vmauthd[2100214]: Could not expand environment variable HOME.
2001-09-04T00:36:50Z vmauthd[2100214]: Could not expand environment variable HOME.
2001-09-04T00:36:50Z vmauthd[2100214]: DictionaryLoad: Cannot open file "/usr/lib/vmware/config": No such file or directory.
2001-09-04T00:36:50Z vmauthd[2100214]: DictionaryLoad: Cannot open file "~/.vmware/config": No such file or directory.
2001-09-04T00:36:50Z vmauthd[2100214]: DictionaryLoad: Cannot open file "~/.vmware/preferences": No such file or directory.
2001-09-04T00:36:50Z vmauthd[2100214]: lib/ssl: OpenSSL using FIPS_drbg for RAND
2001-09-04T00:36:50Z vmauthd[2100214]: lib/ssl: protocol list tls1.2
2001-09-04T00:36:50Z vmauthd[2100214]: lib/ssl: protocol list tls1.2 (openssl flags 0x17000000)
2001-09-04T00:36:50Z vmauthd[2100214]: lib/ssl: cipher list ECDHE+AESGCM:RSA+AESGCM:ECDHE+AES:RSA+AES
2001-09-04T00:36:50Z vmauthd[2100214]: lib/ssl: curves list prime256v1:secp384r1:secp521r1
2001-09-04T00:36:50Z vmauthd[2100214]: Connect from remote socket (192.168.1.2:46536).
2001-09-04T00:36:50Z vmauthd[2100214]: Connect from 192.168.1.2
2001-09-04T00:36:50Z vmauthd[2100214]: recv() FAIL: 1.
2001-09-04T00:36:50Z vmauthd[2100214]: VMAuthdSocketRead: read failed.  Closing socket for reading.
2001-09-04T00:36:50Z vmauthd[2100214]: Read failed.
2001-09-04T00:37:11Z vmauthd[2100226]: Msg_SetLocaleEx: HostLocale=UTF-8 UserLocale=NULL
2001-09-04T00:37:11Z vmauthd[2100226]: Could not expand environment variable HOME.
2001-09-04T00:37:11Z vmauthd[2100226]: Could not expand environment variable HOME.
2001-09-04T00:37:11Z vmauthd[2100226]: DictionaryLoad: Cannot open file "/usr/lib/vmware/config": No such file or directory.
2001-09-04T00:37:11Z vmauthd[2100226]: DictionaryLoad: Cannot open file "~/.vmware/config": No such file or directory.
2001-09-04T00:37:11Z vmauthd[2100226]: DictionaryLoad: Cannot open file "~/.vmware/preferences": No such file or directory.
2001-09-04T00:37:11Z vmauthd[2100226]: lib/ssl: OpenSSL using FIPS_drbg for RAND
2001-09-04T00:37:11Z vmauthd[2100226]: lib/ssl: protocol list tls1.2
2001-09-04T00:37:11Z vmauthd[2100226]: lib/ssl: protocol list tls1.2 (openssl flags 0x17000000)
2001-09-04T00:37:11Z vmauthd[2100226]: lib/ssl: cipher list ECDHE+AESGCM:RSA+AESGCM:ECDHE+AES:RSA+AES
2001-09-04T00:37:11Z vmauthd[2100226]: lib/ssl: curves list prime256v1:secp384r1:secp521r1
2001-09-04T00:37:11Z vmauthd[2100226]: Connect from remote socket (192.168.1.2:46668).
2001-09-04T00:37:11Z vmauthd[2100226]: Connect from 192.168.1.2
2001-09-04T00:37:11Z vmauthd[2100226]: recv() FAIL: 1.
2001-09-04T00:37:11Z vmauthd[2100226]: VMAuthdSocketRead: read failed.  Closing socket for reading.
2001-09-04T00:37:11Z vmauthd[2100226]: Read failed.
2001-09-04T00:40:17Z vmauthd[2100376]: Msg_SetLocaleEx: HostLocale=UTF-8 UserLocale=NULL
2001-09-04T00:40:17Z vmauthd[2100376]: Could not expand environment variable HOME.
2001-09-04T00:40:17Z vmauthd[2100376]: Could not expand environment variable HOME.
2001-09-04T00:40:17Z vmauthd[2100376]: DictionaryLoad: Cannot open file "/usr/lib/vmware/config": No such file or directory.
2001-09-04T00:40:17Z vmauthd[2100376]: DictionaryLoad: Cannot open file "~/.vmware/config": No such file or directory.
2001-09-04T00:40:17Z vmauthd[2100376]: DictionaryLoad: Cannot open file "~/.vmware/preferences": No such file or directory.
2001-09-04T00:40:17Z vmauthd[2100376]: lib/ssl: OpenSSL using FIPS_drbg for RAND
2001-09-04T00:40:17Z vmauthd[2100376]: lib/ssl: protocol list tls1.2
2001-09-04T00:40:17Z vmauthd[2100376]: lib/ssl: protocol list tls1.2 (openssl flags 0x17000000)
2001-09-04T00:40:17Z vmauthd[2100376]: lib/ssl: cipher list ECDHE+AESGCM:RSA+AESGCM:ECDHE+AES:RSA+AES
2001-09-04T00:40:17Z vmauthd[2100376]: lib/ssl: curves list prime256v1:secp384r1:secp521r1
2001-09-04T00:40:17Z vmauthd[2100376]: Connect from remote socket (192.168.1.2:47340).
2001-09-04T00:40:17Z vmauthd[2100376]: Connect from 192.168.1.2
2001-09-04T00:40:17Z vmauthd[2100376]: LOGIN FAILURE from 192.168.1.2, vpxuser
2001-09-04T00:40:21Z vmauthd[2100376]: SSL: EOF in violation of protocol
2001-09-04T00:40:21Z vmauthd[2100376]: recv() FAIL: 0.
2001-09-04T00:40:21Z vmauthd[2100376]: VMAuthdSocketRead: read failed.  Closing socket for reading.
2001-09-04T00:40:21Z vmauthd[2100376]: Read failed.
2001-09-04T00:50:21Z vmauthd[2100408]: Msg_SetLocaleEx: HostLocale=UTF-8 UserLocale=NULL
2001-09-04T00:50:21Z vmauthd[2100408]: Could not expand environment variable HOME.
2001-09-04T00:50:21Z vmauthd[2100408]: Could not expand environment variable HOME.
2001-09-04T00:50:21Z vmauthd[2100408]: DictionaryLoad: Cannot open file "/usr/lib/vmware/config": No such file or directory.
2001-09-04T00:50:21Z vmauthd[2100408]: DictionaryLoad: Cannot open file "~/.vmware/config": No such file or directory.
2001-09-04T00:50:21Z vmauthd[2100408]: DictionaryLoad: Cannot open file "~/.vmware/preferences": No such file or directory.
2001-09-04T00:50:21Z vmauthd[2100408]: lib/ssl: OpenSSL using FIPS_drbg for RAND
2001-09-04T00:50:21Z vmauthd[2100408]: lib/ssl: protocol list tls1.2
2001-09-04T00:50:21Z vmauthd[2100408]: lib/ssl: protocol list tls1.2 (openssl flags 0x17000000)
2001-09-04T00:50:21Z vmauthd[2100408]: lib/ssl: cipher list ECDHE+AESGCM:RSA+AESGCM:ECDHE+AES:RSA+AES
2001-09-04T00:50:21Z vmauthd[2100408]: lib/ssl: curves list prime256v1:secp384r1:secp521r1
2001-09-04T00:50:21Z vmauthd[2100408]: Connect from remote socket (192.168.1.2:49108).
2001-09-04T00:50:21Z vmauthd[2100408]: Connect from 192.168.1.2
2001-09-04T00:50:21Z vmauthd[2100408]: LOGIN FAILURE from 192.168.1.2, vpxuser
2001-09-04T00:50:27Z vmauthd[2100408]: SSL: EOF in violation of protocol
2001-09-04T00:50:27Z vmauthd[2100408]: recv() FAIL: 0.
2001-09-04T00:50:27Z vmauthd[2100408]: VMAuthdSocketRead: read failed.  Closing socket for reading.
2001-09-04T00:50:27Z vmauthd[2100408]: Read failed.
2001-09-04T00:52:43Z vmauthd[2100412]: Msg_SetLocaleEx: HostLocale=UTF-8 UserLocale=NULL
2001-09-04T00:52:43Z vmauthd[2100412]: Could not expand environment variable HOME.
2001-09-04T00:52:43Z vmauthd[2100412]: Could not expand environment variable HOME.
2001-09-04T00:52:43Z vmauthd[2100412]: DictionaryLoad: Cannot open file "/usr/lib/vmware/config": No such file or directory.
2001-09-04T00:52:43Z vmauthd[2100412]: DictionaryLoad: Cannot open file "~/.vmware/config": No such file or directory.
2001-09-04T00:52:43Z vmauthd[2100412]: DictionaryLoad: Cannot open file "~/.vmware/preferences": No such file or directory.
2001-09-04T00:52:43Z vmauthd[2100412]: lib/ssl: OpenSSL using FIPS_drbg for RAND
2001-09-04T00:52:43Z vmauthd[2100412]: lib/ssl: protocol list tls1.2
2001-09-04T00:52:43Z vmauthd[2100412]: lib/ssl: protocol list tls1.2 (openssl flags 0x17000000)
2001-09-04T00:52:43Z vmauthd[2100412]: lib/ssl: cipher list ECDHE+AESGCM:RSA+AESGCM:ECDHE+AES:RSA+AES
2001-09-04T00:52:43Z vmauthd[2100412]: lib/ssl: curves list prime256v1:secp384r1:secp521r1
2001-09-04T00:52:43Z vmauthd[2100412]: Connect from remote socket (192.168.1.2:49712).
2001-09-04T00:52:43Z vmauthd[2100412]: Connect from 192.168.1.2
2001-09-04T00:52:43Z vmauthd[2100412]: recv() FAIL: 1.
2001-09-04T00:52:43Z vmauthd[2100412]: VMAuthdSocketRead: read failed.  Closing socket for reading.
2001-09-04T00:52:43Z vmauthd[2100412]: Read failed.
2001-09-04T00:55:27Z vmauthd[2100572]: Msg_SetLocaleEx: HostLocale=UTF-8 UserLocale=NULL
2001-09-04T00:55:27Z vmauthd[2100572]: Could not expand environment variable HOME.
2001-09-04T00:55:27Z vmauthd[2100572]: Could not expand environment variable HOME.
2001-09-04T00:55:27Z vmauthd[2100572]: DictionaryLoad: Cannot open file "/usr/lib/vmware/config": No such file or directory.
2001-09-04T00:55:27Z vmauthd[2100572]: DictionaryLoad: Cannot open file "~/.vmware/config": No such file or directory.
2001-09-04T00:55:27Z vmauthd[2100572]: DictionaryLoad: Cannot open file "~/.vmware/preferences": No such file or directory.
2001-09-04T00:55:27Z vmauthd[2100572]: lib/ssl: OpenSSL using FIPS_drbg for RAND
2001-09-04T00:55:27Z vmauthd[2100572]: lib/ssl: protocol list tls1.2
2001-09-04T00:55:27Z vmauthd[2100572]: lib/ssl: protocol list tls1.2 (openssl flags 0x17000000)
2001-09-04T00:55:27Z vmauthd[2100572]: lib/ssl: cipher list ECDHE+AESGCM:RSA+AESGCM:ECDHE+AES:RSA+AES
2001-09-04T00:55:27Z vmauthd[2100572]: lib/ssl: curves list prime256v1:secp384r1:secp521r1
2001-09-04T00:55:27Z vmauthd[2100572]: Connect from remote socket (192.168.1.2:50392).
2001-09-04T00:55:27Z vmauthd[2100572]: Connect from 192.168.1.2
2001-09-04T00:55:27Z vmauthd[2100572]: Received PROXY command for vpxa-nfcssl, session = 52 41 31 97 9a 28 f5 79-6d 4f d6 9c 18 0a 2d ef
2001-09-04T00:55:27Z vmauthd[2100572]: vmware-vpxa: Connected to vpxa-nfcssl-fd, remote end sent pid: 2099359
2001-09-04T00:57:00Z vmauthd[2100847]: Msg_SetLocaleEx: HostLocale=UTF-8 UserLocale=NULL
2001-09-04T00:57:00Z vmauthd[2100847]: Could not expand environment variable HOME.
2001-09-04T00:57:00Z vmauthd[2100847]: Could not expand environment variable HOME.
2001-09-04T00:57:00Z vmauthd[2100847]: DictionaryLoad: Cannot open file "/usr/lib/vmware/config": No such file or directory.
2001-09-04T00:57:00Z vmauthd[2100847]: DictionaryLoad: Cannot open file "~/.vmware/config": No such file or directory.
2001-09-04T00:57:00Z vmauthd[2100847]: DictionaryLoad: Cannot open file "~/.vmware/preferences": No such file or directory.
2001-09-04T00:57:00Z vmauthd[2100847]: lib/ssl: OpenSSL using FIPS_drbg for RAND
2001-09-04T00:57:00Z vmauthd[2100847]: lib/ssl: protocol list tls1.2
2001-09-04T00:57:00Z vmauthd[2100847]: lib/ssl: protocol list tls1.2 (openssl flags 0x17000000)
2001-09-04T00:57:00Z vmauthd[2100847]: lib/ssl: cipher list ECDHE+AESGCM:RSA+AESGCM:ECDHE+AES:RSA+AES
2001-09-04T00:57:00Z vmauthd[2100847]: lib/ssl: curves list prime256v1:secp384r1:secp521r1
2001-09-04T00:57:00Z vmauthd[2100847]: Connect from remote socket (192.168.1.2:50836).
2001-09-04T00:57:00Z vmauthd[2100847]: Connect from 192.168.1.2
2001-09-04T00:57:01Z vmauthd[2100847]: FILE: FileCreateDirectoryEx: Failed to create /var/run/vmware/tickets/. Error = 17
2001-09-04T00:57:01Z vmauthd[2100847]: FILE: FileCreateDirectoryEx: Failed to create /var/run/vmware/tickets/. Error = 17
2001-09-04T00:57:01Z vmauthd[2100847]: local verification as root
2001-09-04T00:57:01Z vmauthd[2100847]: login from 192.168.1.2 as 522b719d-ab1a-da34-35bf-e9730db5cd06
2001-09-04T00:57:01Z vmauthd[2100847]: received CONNECT command: /vmfs/volumes/3a4fd8ce-fc4375c4-effb-5cf3fce846f8/WIN2022-TMPL_1/WIN2022-TMPL.vmx mks
2001-09-04T00:57:01Z vmauthd[2100847]: Acquired lock for /var/run/vmware/authd_a158d507d31ad486a29b947b0a820e96
2001-09-04T00:57:01Z vmauthd[2100847]: /vmfs/volumes/3a4fd8ce-fc4375c4-effb-5cf3fce846f8/WIN2022-TMPL_1/WIN2022-TMPL.vmx: Connected to mks-fd, remote end sent pid: 2100704
2001-09-04T00:57:01Z vmauthd[2100847]: released lock for /var/run/vmware/authd_a158d507d31ad486a29b947b0a820e96
2001-09-04T00:57:01Z vmauthd[2100847]: Local connection for mks established.
2001-09-04T01:49:39Z vmauthd[2101539]: Msg_SetLocaleEx: HostLocale=UTF-8 UserLocale=NULL
2001-09-04T01:49:39Z vmauthd[2101539]: Could not expand environment variable HOME.
2001-09-04T01:49:39Z vmauthd[2101539]: Could not expand environment variable HOME.
2001-09-04T01:49:39Z vmauthd[2101539]: DictionaryLoad: Cannot open file "/usr/lib/vmware/config": No such file or directory.
2001-09-04T01:49:39Z vmauthd[2101539]: DictionaryLoad: Cannot open file "~/.vmware/config": No such file or directory.
2001-09-04T01:49:39Z vmauthd[2101539]: DictionaryLoad: Cannot open file "~/.vmware/preferences": No such file or directory.
2001-09-04T01:49:39Z vmauthd[2101539]: lib/ssl: OpenSSL using FIPS_drbg for RAND
2001-09-04T01:49:39Z vmauthd[2101539]: lib/ssl: protocol list tls1.2
2001-09-04T01:49:39Z vmauthd[2101539]: lib/ssl: protocol list tls1.2 (openssl flags 0x17000000)
2001-09-04T01:49:39Z vmauthd[2101539]: lib/ssl: cipher list ECDHE+AESGCM:RSA+AESGCM:ECDHE+AES:RSA+AES
2001-09-04T01:49:39Z vmauthd[2101539]: lib/ssl: curves list prime256v1:secp384r1:secp521r1
2001-09-04T01:49:39Z vmauthd[2101539]: Connect from (local) AF_UNIX socket.
2001-09-04T01:49:39Z vmauthd[2101539]: Connect from 127.0.0.1
2001-09-04T01:49:39Z vmauthd[2101539]: local verification as root
2001-09-04T01:49:39Z vmauthd[2101539]: received CONNECT_NOSTART command: /vmfs/volumes/3a4fd8ce-fc4375c4-effb-5cf3fce846f8/WIN2022-TMPL_1/WIN2022-TMPL.vmx vmx-vigor
2001-09-04T01:49:39Z vmauthd[2101539]: Acquired lock for /var/run/vmware/authd_a158d507d31ad486a29b947b0a820e96
2001-09-04T01:49:39Z vmauthd[2101539]: No such VMware process: /vmfs/volumes/3a4fd8ce-fc4375c4-effb-5cf3fce846f8/WIN2022-TMPL_1/WIN2022-TMPL.vmx
2001-09-04T01:49:39Z vmauthd[2101539]: released lock for /var/run/vmware/authd_a158d507d31ad486a29b947b0a820e96
2001-09-04T01:49:39Z vmauthd[2101539]: Local connection for vmx-vigor failed.
2001-09-04T01:49:39Z vmauthd[2101539]: Read failed.
2001-09-04T01:50:33Z vmauthd[2101825]: Msg_SetLocaleEx: HostLocale=UTF-8 UserLocale=NULL
2001-09-04T01:50:33Z vmauthd[2101825]: Could not expand environment variable HOME.
2001-09-04T01:50:33Z vmauthd[2101825]: Could not expand environment variable HOME.
2001-09-04T01:50:33Z vmauthd[2101825]: DictionaryLoad: Cannot open file "/usr/lib/vmware/config": No such file or directory.
2001-09-04T01:50:33Z vmauthd[2101825]: DictionaryLoad: Cannot open file "~/.vmware/config": No such file or directory.
2001-09-04T01:50:33Z vmauthd[2101825]: DictionaryLoad: Cannot open file "~/.vmware/preferences": No such file or directory.
2001-09-04T01:50:33Z vmauthd[2101825]: lib/ssl: OpenSSL using FIPS_drbg for RAND
2001-09-04T01:50:33Z vmauthd[2101825]: lib/ssl: protocol list tls1.2
2001-09-04T01:50:33Z vmauthd[2101825]: lib/ssl: protocol list tls1.2 (openssl flags 0x17000000)
2001-09-04T01:50:33Z vmauthd[2101825]: lib/ssl: cipher list ECDHE+AESGCM:RSA+AESGCM:ECDHE+AES:RSA+AES
2001-09-04T01:50:33Z vmauthd[2101825]: lib/ssl: curves list prime256v1:secp384r1:secp521r1
2001-09-04T01:50:33Z vmauthd[2101825]: Connect from remote socket (192.168.1.2:60428).
2001-09-04T01:50:33Z vmauthd[2101825]: Connect from 192.168.1.2
2001-09-04T01:50:33Z vmauthd[2101825]: FILE: FileCreateDirectoryEx: Failed to create /var/run/vmware/tickets/. Error = 17
2001-09-04T01:50:33Z vmauthd[2101825]: FILE: FileCreateDirectoryEx: Failed to create /var/run/vmware/tickets/. Error = 17
2001-09-04T01:50:33Z vmauthd[2101825]: local verification as root
2001-09-04T01:50:33Z vmauthd[2101825]: login from 192.168.1.2 as 5216fe79-3887-0602-e0f2-ba87ebc8799f
2001-09-04T01:50:33Z vmauthd[2101825]: received CONNECT command: /vmfs/volumes/3a4fd8ce-fc4375c4-effb-5cf3fce846f8/WIN2022-TMPL_1/WIN2022-TMPL.vmx mks
2001-09-04T01:50:33Z vmauthd[2101825]: Acquired lock for /var/run/vmware/authd_a158d507d31ad486a29b947b0a820e96
2001-09-04T01:50:33Z vmauthd[2101825]: /vmfs/volumes/3a4fd8ce-fc4375c4-effb-5cf3fce846f8/WIN2022-TMPL_1/WIN2022-TMPL.vmx: Connected to mks-fd, remote end sent pid: 2101681
2001-09-04T01:50:33Z vmauthd[2101825]: released lock for /var/run/vmware/authd_a158d507d31ad486a29b947b0a820e96
2001-09-04T01:50:33Z vmauthd[2101825]: Local connection for mks established.
2001-09-04T02:20:29Z vmauthd[2102848]: Msg_SetLocaleEx: HostLocale=UTF-8 UserLocale=NULL
2001-09-04T02:20:29Z vmauthd[2102848]: Could not expand environment variable HOME.
2001-09-04T02:20:29Z vmauthd[2102848]: Could not expand environment variable HOME.
2001-09-04T02:20:29Z vmauthd[2102848]: DictionaryLoad: Cannot open file "/usr/lib/vmware/config": No such file or directory.
2001-09-04T02:20:29Z vmauthd[2102848]: DictionaryLoad: Cannot open file "~/.vmware/config": No such file or directory.
2001-09-04T02:20:29Z vmauthd[2102848]: DictionaryLoad: Cannot open file "~/.vmware/preferences": No such file or directory.
2001-09-04T02:20:29Z vmauthd[2102848]: lib/ssl: OpenSSL using FIPS_drbg for RAND
2001-09-04T02:20:29Z vmauthd[2102848]: lib/ssl: protocol list tls1.2
2001-09-04T02:20:29Z vmauthd[2102848]: lib/ssl: protocol list tls1.2 (openssl flags 0x17000000)
2001-09-04T02:20:29Z vmauthd[2102848]: lib/ssl: cipher list ECDHE+AESGCM:RSA+AESGCM:ECDHE+AES:RSA+AES
2001-09-04T02:20:29Z vmauthd[2102848]: lib/ssl: curves list prime256v1:secp384r1:secp521r1
2001-09-04T02:20:29Z vmauthd[2102848]: Connect from (local) AF_UNIX socket.
2001-09-04T02:20:29Z vmauthd[2102848]: Connect from 127.0.0.1
2001-09-04T02:20:29Z vmauthd[2102848]: local verification as root
2001-09-04T02:20:29Z vmauthd[2102848]: received CONNECT_NOSTART command: /vmfs/volumes/3a4fd8ce-fc4375c4-effb-5cf3fce846f8/VyOS-Router/VyOS-Router.vmx vmx-vigor
2001-09-04T02:20:29Z vmauthd[2102848]: Acquired lock for /var/run/vmware/authd_91ecdaacce253e6bc5c93f9dde6fab90
2001-09-04T02:20:29Z vmauthd[2102848]: No such VMware process: /vmfs/volumes/3a4fd8ce-fc4375c4-effb-5cf3fce846f8/VyOS-Router/VyOS-Router.vmx
2001-09-04T02:20:29Z vmauthd[2102848]: released lock for /var/run/vmware/authd_91ecdaacce253e6bc5c93f9dde6fab90
2001-09-04T02:20:29Z vmauthd[2102848]: Local connection for vmx-vigor failed.
2001-09-04T02:20:29Z vmauthd[2102848]: Read failed.
2001-09-04T02:20:54Z vmauthd[2103004]: Msg_SetLocaleEx: HostLocale=UTF-8 UserLocale=NULL
2001-09-04T02:20:54Z vmauthd[2103004]: Could not expand environment variable HOME.
2001-09-04T02:20:54Z vmauthd[2103004]: Could not expand environment variable HOME.
2001-09-04T02:20:54Z vmauthd[2103004]: DictionaryLoad: Cannot open file "/usr/lib/vmware/config": No such file or directory.
2001-09-04T02:20:54Z vmauthd[2103004]: DictionaryLoad: Cannot open file "~/.vmware/config": No such file or directory.
2001-09-04T02:20:54Z vmauthd[2103004]: DictionaryLoad: Cannot open file "~/.vmware/preferences": No such file or directory.
2001-09-04T02:20:54Z vmauthd[2103004]: lib/ssl: OpenSSL using FIPS_drbg for RAND
2001-09-04T02:20:54Z vmauthd[2103004]: lib/ssl: protocol list tls1.2
2001-09-04T02:20:54Z vmauthd[2103004]: lib/ssl: protocol list tls1.2 (openssl flags 0x17000000)
2001-09-04T02:20:54Z vmauthd[2103004]: lib/ssl: cipher list ECDHE+AESGCM:RSA+AESGCM:ECDHE+AES:RSA+AES
2001-09-04T02:20:54Z vmauthd[2103004]: lib/ssl: curves list prime256v1:secp384r1:secp521r1
2001-09-04T02:20:54Z vmauthd[2103004]: Connect from (local) AF_UNIX socket.
2001-09-04T02:20:54Z vmauthd[2103004]: Connect from 127.0.0.1
2001-09-04T02:20:54Z vmauthd[2103004]: local verification as root
2001-09-04T02:20:54Z vmauthd[2103004]: received CONNECT_NOSTART command: /vmfs/volumes/3a4fd8ce-fc4375c4-effb-5cf3fce846f8/SGRL-VCSA01/SGRL-VCSA01.vmx vmx-vigor
2001-09-04T02:20:54Z vmauthd[2103004]: Acquired lock for /var/run/vmware/authd_84500fb122bfa30daf2e457a68fcb33e
2001-09-04T02:20:54Z vmauthd[2103004]: No such VMware process: /vmfs/volumes/3a4fd8ce-fc4375c4-effb-5cf3fce846f8/SGRL-VCSA01/SGRL-VCSA01.vmx
2001-09-04T02:20:54Z vmauthd[2103004]: released lock for /var/run/vmware/authd_84500fb122bfa30daf2e457a68fcb33e
2001-09-04T02:20:54Z vmauthd[2103004]: Local connection for vmx-vigor failed.
2001-09-04T02:20:54Z vmauthd[2103004]: Read failed.
2001-09-04T02:22:32Z vmauthd[2103144]: Msg_SetLocaleEx: HostLocale=UTF-8 UserLocale=NULL
2001-09-04T02:22:32Z vmauthd[2103144]: Could not expand environment variable HOME.
2001-09-04T02:22:32Z vmauthd[2103144]: Could not expand environment variable HOME.
2001-09-04T02:22:32Z vmauthd[2103144]: DictionaryLoad: Cannot open file "/usr/lib/vmware/config": No such file or directory.
2001-09-04T02:22:32Z vmauthd[2103144]: DictionaryLoad: Cannot open file "~/.vmware/config": No such file or directory.
2001-09-04T02:22:32Z vmauthd[2103144]: DictionaryLoad: Cannot open file "~/.vmware/preferences": No such file or directory.
2001-09-04T02:22:32Z vmauthd[2103144]: lib/ssl: OpenSSL using FIPS_drbg for RAND
2001-09-04T02:22:32Z vmauthd[2103144]: lib/ssl: protocol list tls1.2
2001-09-04T02:22:32Z vmauthd[2103144]: lib/ssl: protocol list tls1.2 (openssl flags 0x17000000)
2001-09-04T02:22:32Z vmauthd[2103144]: lib/ssl: cipher list ECDHE+AESGCM:RSA+AESGCM:ECDHE+AES:RSA+AES
2001-09-04T02:22:32Z vmauthd[2103144]: lib/ssl: curves list prime256v1:secp384r1:secp521r1
2001-09-04T02:22:32Z vmauthd[2103144]: Connect from (local) AF_UNIX socket.
2001-09-04T02:22:32Z vmauthd[2103144]: Connect from 127.0.0.1
2001-09-04T02:22:32Z vmauthd[2103144]: local verification as root
2001-09-04T02:22:32Z vmauthd[2103144]: received CONNECT_NOSTART command: /vmfs/volumes/3a4fd8ce-fc4375c4-effb-5cf3fce846f8/WIN2022-TMPL_1/WIN2022-TMPL.vmx vmx-vigor
2001-09-04T02:22:32Z vmauthd[2103144]: Acquired lock for /var/run/vmware/authd_a158d507d31ad486a29b947b0a820e96
2001-09-04T02:22:32Z vmauthd[2103144]: No such VMware process: /vmfs/volumes/3a4fd8ce-fc4375c4-effb-5cf3fce846f8/WIN2022-TMPL_1/WIN2022-TMPL.vmx
2001-09-04T02:22:32Z vmauthd[2103144]: released lock for /var/run/vmware/authd_a158d507d31ad486a29b947b0a820e96
2001-09-04T02:22:32Z vmauthd[2103144]: Local connection for vmx-vigor failed.
2001-09-04T02:22:32Z vmauthd[2103144]: Read failed.
2001-09-04T02:43:05Z vmauthd[2103515]: Msg_SetLocaleEx: HostLocale=UTF-8 UserLocale=NULL
2001-09-04T02:43:05Z vmauthd[2103515]: Could not expand environment variable HOME.
2001-09-04T02:43:05Z vmauthd[2103515]: Could not expand environment variable HOME.
2001-09-04T02:43:05Z vmauthd[2103515]: DictionaryLoad: Cannot open file "/usr/lib/vmware/config": No such file or directory.
2001-09-04T02:43:05Z vmauthd[2103515]: DictionaryLoad: Cannot open file "~/.vmware/config": No such file or directory.
2001-09-04T02:43:05Z vmauthd[2103515]: DictionaryLoad: Cannot open file "~/.vmware/preferences": No such file or directory.
2001-09-04T02:43:05Z vmauthd[2103515]: lib/ssl: OpenSSL using FIPS_drbg for RAND
2001-09-04T02:43:05Z vmauthd[2103515]: lib/ssl: protocol list tls1.2
2001-09-04T02:43:05Z vmauthd[2103515]: lib/ssl: protocol list tls1.2 (openssl flags 0x17000000)
2001-09-04T02:43:05Z vmauthd[2103515]: lib/ssl: cipher list ECDHE+AESGCM:RSA+AESGCM:ECDHE+AES:RSA+AES
2001-09-04T02:43:05Z vmauthd[2103515]: lib/ssl: curves list prime256v1:secp384r1:secp521r1
2001-09-04T02:43:05Z vmauthd[2103515]: Connect from (local) AF_UNIX socket.
2001-09-04T02:43:05Z vmauthd[2103515]: Connect from 127.0.0.1
2001-09-04T02:43:05Z vmauthd[2103515]: local verification as root
2001-09-04T02:43:05Z vmauthd[2103515]: received CONNECT_NOSTART command: /vmfs/volumes/3a4fd8ce-fc4375c4-effb-5cf3fce846f8/WIN2022-TMPL_1/WIN2022-TMPL.vmx vmx-vigor
2001-09-04T02:43:05Z vmauthd[2103515]: Acquired lock for /var/run/vmware/authd_a158d507d31ad486a29b947b0a820e96
2001-09-04T02:43:05Z vmauthd[2103515]: No such VMware process: /vmfs/volumes/3a4fd8ce-fc4375c4-effb-5cf3fce846f8/WIN2022-TMPL_1/WIN2022-TMPL.vmx
2001-09-04T02:43:05Z vmauthd[2103515]: released lock for /var/run/vmware/authd_a158d507d31ad486a29b947b0a820e96
2001-09-04T02:43:05Z vmauthd[2103515]: Local connection for vmx-vigor failed.
2001-09-04T02:43:05Z vmauthd[2103515]: Read failed.
2001-01-01T00:07:58Z vmauthd[2100004]: Msg_SetLocaleEx: HostLocale=UTF-8 UserLocale=NULL
2001-01-01T00:07:58Z vmauthd[2100004]: Could not expand environment variable HOME.
2001-01-01T00:07:58Z vmauthd[2100004]: Could not expand environment variable HOME.
2001-01-01T00:07:58Z vmauthd[2100004]: DictionaryLoad: Cannot open file "/usr/lib/vmware/config": No such file or directory.
2001-01-01T00:07:58Z vmauthd[2100004]: DictionaryLoad: Cannot open file "~/.vmware/config": No such file or directory.
2001-01-01T00:07:58Z vmauthd[2100004]: DictionaryLoad: Cannot open file "~/.vmware/preferences": No such file or directory.
2001-01-01T00:07:58Z vmauthd[2100004]: lib/ssl: OpenSSL using FIPS_drbg for RAND
2001-01-01T00:07:58Z vmauthd[2100004]: lib/ssl: protocol list tls1.2
2001-01-01T00:07:58Z vmauthd[2100004]: lib/ssl: protocol list tls1.2 (openssl flags 0x17000000)
2001-01-01T00:07:58Z vmauthd[2100004]: lib/ssl: cipher list ECDHE+AESGCM:RSA+AESGCM:ECDHE+AES:RSA+AES
2001-01-01T00:07:58Z vmauthd[2100004]: lib/ssl: curves list prime256v1:secp384r1:secp521r1
2001-01-01T00:07:58Z vmauthd[2100004]: Connect from (local) AF_UNIX socket.
2001-01-01T00:07:58Z vmauthd[2100004]: Connect from 127.0.0.1
2001-01-01T00:07:58Z vmauthd[2100004]: local verification as root
2001-01-01T00:07:58Z vmauthd[2100004]: received CONNECT_NOSTART command: /vmfs/volumes/3a4fd8ce-fc4375c4-effb-5cf3fce846f8/WIN2022-TMPL_1/WIN2022-TMPL.vmx vmx-vigor
2001-01-01T00:07:58Z vmauthd[2100004]: Acquired lock for /var/run/vmware/authd_a158d507d31ad486a29b947b0a820e96
2001-01-01T00:07:58Z vmauthd[2100004]: No such VMware process: /vmfs/volumes/3a4fd8ce-fc4375c4-effb-5cf3fce846f8/WIN2022-TMPL_1/WIN2022-TMPL.vmx
2001-01-01T00:07:58Z vmauthd[2100004]: released lock for /var/run/vmware/authd_a158d507d31ad486a29b947b0a820e96
2001-01-01T00:07:58Z vmauthd[2100004]: Local connection for vmx-vigor failed.
2001-01-01T00:07:58Z vmauthd[2100004]: Read failed.
2001-01-01T01:13:44Z vmauthd[2101308]: Msg_SetLocaleEx: HostLocale=UTF-8 UserLocale=NULL
2001-01-01T01:13:44Z vmauthd[2101308]: Could not expand environment variable HOME.
2001-01-01T01:13:44Z vmauthd[2101308]: Could not expand environment variable HOME.
2001-01-01T01:13:44Z vmauthd[2101308]: DictionaryLoad: Cannot open file "/usr/lib/vmware/config": No such file or directory.
2001-01-01T01:13:44Z vmauthd[2101308]: DictionaryLoad: Cannot open file "~/.vmware/config": No such file or directory.
2001-01-01T01:13:44Z vmauthd[2101308]: DictionaryLoad: Cannot open file "~/.vmware/preferences": No such file or directory.
2001-01-01T01:13:44Z vmauthd[2101308]: lib/ssl: OpenSSL using FIPS_drbg for RAND
2001-01-01T01:13:44Z vmauthd[2101308]: lib/ssl: protocol list tls1.2
2001-01-01T01:13:44Z vmauthd[2101308]: lib/ssl: protocol list tls1.2 (openssl flags 0x17000000)
2001-01-01T01:13:44Z vmauthd[2101308]: lib/ssl: cipher list ECDHE+AESGCM:RSA+AESGCM:ECDHE+AES:RSA+AES
2001-01-01T01:13:44Z vmauthd[2101308]: lib/ssl: curves list prime256v1:secp384r1:secp521r1
2001-01-01T01:13:44Z vmauthd[2101308]: Connect from remote socket (192.168.1.2:37446).
2001-01-01T01:13:44Z vmauthd[2101308]: Connect from 192.168.1.2
2001-01-01T01:13:44Z vmauthd[2101308]: Received PROXY command for vpxa-nfcssl, session = 52 92 27 b0 df 07 c7 51-da 00 a9 cb cf 3f e1 16
2001-01-01T01:13:44Z vmauthd[2101308]: vmware-vpxa: Connected to vpxa-nfcssl-fd, remote end sent pid: 2099359
2001-01-01T01:51:03Z vmauthd[2101662]: Msg_SetLocaleEx: HostLocale=UTF-8 UserLocale=NULL
2001-01-01T01:51:03Z vmauthd[2101662]: Could not expand environment variable HOME.
2001-01-01T01:51:03Z vmauthd[2101662]: Could not expand environment variable HOME.
2001-01-01T01:51:03Z vmauthd[2101662]: DictionaryLoad: Cannot open file "/usr/lib/vmware/config": No such file or directory.
2001-01-01T01:51:03Z vmauthd[2101662]: DictionaryLoad: Cannot open file "~/.vmware/config": No such file or directory.
2001-01-01T01:51:03Z vmauthd[2101662]: DictionaryLoad: Cannot open file "~/.vmware/preferences": No such file or directory.
2001-01-01T01:51:03Z vmauthd[2101662]: lib/ssl: OpenSSL using FIPS_drbg for RAND
2001-01-01T01:51:03Z vmauthd[2101662]: lib/ssl: protocol list tls1.2
2001-01-01T01:51:03Z vmauthd[2101662]: lib/ssl: protocol list tls1.2 (openssl flags 0x17000000)
2001-01-01T01:51:03Z vmauthd[2101662]: lib/ssl: cipher list ECDHE+AESGCM:RSA+AESGCM:ECDHE+AES:RSA+AES
2001-01-01T01:51:03Z vmauthd[2101662]: lib/ssl: curves list prime256v1:secp384r1:secp521r1
2001-01-01T01:51:03Z vmauthd[2101662]: Connect from remote socket (192.168.1.2:44308).
2001-01-01T01:51:03Z vmauthd[2101662]: Connect from 192.168.1.2
2001-01-01T01:51:03Z vmauthd[2101662]: FILE: FileCreateDirectoryEx: Failed to create /var/run/vmware/tickets/. Error = 17
2001-01-01T01:51:03Z vmauthd[2101662]: FILE: FileCreateDirectoryEx: Failed to create /var/run/vmware/tickets/. Error = 17
2001-01-01T01:51:03Z vmauthd[2101662]: local verification as root
2001-01-01T01:51:03Z vmauthd[2101662]: login from 192.168.1.2 as 52a9f744-f5ba-dede-1777-81fb3a544a64
2001-01-01T01:51:03Z vmauthd[2101662]: received CONNECT command: /vmfs/volumes/3a4fd8ce-fc4375c4-effb-5cf3fce846f8/WIN2022-TMPL_1/WIN2022-TMPL.vmx mks
2001-01-01T01:51:03Z vmauthd[2101662]: Acquired lock for /var/run/vmware/authd_a158d507d31ad486a29b947b0a820e96
2001-01-01T01:51:03Z vmauthd[2101662]: /vmfs/volumes/3a4fd8ce-fc4375c4-effb-5cf3fce846f8/WIN2022-TMPL_1/WIN2022-TMPL.vmx: Connected to mks-fd, remote end sent pid: 2100007
2001-01-01T01:51:03Z vmauthd[2101662]: released lock for /var/run/vmware/authd_a158d507d31ad486a29b947b0a820e96
2001-01-01T01:51:03Z vmauthd[2101662]: Local connection for mks established.
2001-01-01T02:01:16Z vmauthd[2102593]: Msg_SetLocaleEx: HostLocale=UTF-8 UserLocale=NULL
2001-01-01T02:01:16Z vmauthd[2102593]: Could not expand environment variable HOME.
2001-01-01T02:01:16Z vmauthd[2102593]: Could not expand environment variable HOME.
2001-01-01T02:01:16Z vmauthd[2102593]: DictionaryLoad: Cannot open file "/usr/lib/vmware/config": No such file or directory.
2001-01-01T02:01:16Z vmauthd[2102593]: DictionaryLoad: Cannot open file "~/.vmware/config": No such file or directory.
2001-01-01T02:01:16Z vmauthd[2102593]: DictionaryLoad: Cannot open file "~/.vmware/preferences": No such file or directory.
2001-01-01T02:01:16Z vmauthd[2102593]: lib/ssl: OpenSSL using FIPS_drbg for RAND
2001-01-01T02:01:16Z vmauthd[2102593]: lib/ssl: protocol list tls1.2
2001-01-01T02:01:16Z vmauthd[2102593]: lib/ssl: protocol list tls1.2 (openssl flags 0x17000000)
2001-01-01T02:01:16Z vmauthd[2102593]: lib/ssl: cipher list ECDHE+AESGCM:RSA+AESGCM:ECDHE+AES:RSA+AES
2001-01-01T02:01:16Z vmauthd[2102593]: lib/ssl: curves list prime256v1:secp384r1:secp521r1
2001-01-01T02:01:16Z vmauthd[2102593]: Connect from (local) AF_UNIX socket.
2001-01-01T02:01:16Z vmauthd[2102593]: Connect from 127.0.0.1
2001-01-01T02:01:16Z vmauthd[2102593]: local verification as root
2001-01-01T02:01:16Z vmauthd[2102593]: received CONNECT_NOSTART command: /vmfs/volumes/3a4fd8ce-fc4375c4-effb-5cf3fce846f8/WIN2022-TMPL_1/WIN2022-TMPL.vmx vmx-vigor
2001-01-01T02:01:16Z vmauthd[2102593]: Acquired lock for /var/run/vmware/authd_a158d507d31ad486a29b947b0a820e96
2001-01-01T02:01:16Z vmauthd[2102593]: No such VMware process: /vmfs/volumes/3a4fd8ce-fc4375c4-effb-5cf3fce846f8/WIN2022-TMPL_1/WIN2022-TMPL.vmx
2001-01-01T02:01:16Z vmauthd[2102593]: released lock for /var/run/vmware/authd_a158d507d31ad486a29b947b0a820e96
2001-01-01T02:01:16Z vmauthd[2102593]: Local connection for vmx-vigor failed.
2001-01-01T02:01:16Z vmauthd[2102593]: Read failed.
2001-01-01T02:01:26Z vmauthd[2102743]: Msg_SetLocaleEx: HostLocale=UTF-8 UserLocale=NULL
2001-01-01T02:01:26Z vmauthd[2102743]: Could not expand environment variable HOME.
2001-01-01T02:01:26Z vmauthd[2102743]: Could not expand environment variable HOME.
2001-01-01T02:01:26Z vmauthd[2102743]: DictionaryLoad: Cannot open file "/usr/lib/vmware/config": No such file or directory.
2001-01-01T02:01:26Z vmauthd[2102743]: DictionaryLoad: Cannot open file "~/.vmware/config": No such file or directory.
2001-01-01T02:01:26Z vmauthd[2102743]: DictionaryLoad: Cannot open file "~/.vmware/preferences": No such file or directory.
2001-01-01T02:01:26Z vmauthd[2102743]: lib/ssl: OpenSSL using FIPS_drbg for RAND
2001-01-01T02:01:26Z vmauthd[2102743]: lib/ssl: protocol list tls1.2
2001-01-01T02:01:26Z vmauthd[2102743]: lib/ssl: protocol list tls1.2 (openssl flags 0x17000000)
2001-01-01T02:01:26Z vmauthd[2102743]: lib/ssl: cipher list ECDHE+AESGCM:RSA+AESGCM:ECDHE+AES:RSA+AES
2001-01-01T02:01:26Z vmauthd[2102743]: lib/ssl: curves list prime256v1:secp384r1:secp521r1
2001-01-01T02:01:26Z vmauthd[2102743]: Connect from remote socket (192.168.1.2:46454).
2001-01-01T02:01:26Z vmauthd[2102743]: Connect from 192.168.1.2
2001-01-01T02:01:26Z vmauthd[2102743]: FILE: FileCreateDirectoryEx: Failed to create /var/run/vmware/tickets/. Error = 17
2001-01-01T02:01:26Z vmauthd[2102743]: FILE: FileCreateDirectoryEx: Failed to create /var/run/vmware/tickets/. Error = 17
2001-01-01T02:01:26Z vmauthd[2102743]: local verification as root
2001-01-01T02:01:26Z vmauthd[2102743]: login from 192.168.1.2 as 52554d1a-a0d6-27a6-b5db-a0516cb55de3
2001-01-01T02:01:26Z vmauthd[2102743]: received CONNECT command: /vmfs/volumes/3a4fd8ce-fc4375c4-effb-5cf3fce846f8/WIN2019-TMPL/WIN2019-TMPL.vmx mks
2001-01-01T02:01:26Z vmauthd[2102743]: Acquired lock for /var/run/vmware/authd_78eb7154973c35f277c0684071d5ae55
2001-01-01T02:01:26Z vmauthd[2102743]: /vmfs/volumes/3a4fd8ce-fc4375c4-effb-5cf3fce846f8/WIN2019-TMPL/WIN2019-TMPL.vmx: Connected to mks-fd, remote end sent pid: 2101927
2001-01-01T02:01:26Z vmauthd[2102743]: released lock for /var/run/vmware/authd_78eb7154973c35f277c0684071d5ae55
2001-01-01T02:01:26Z vmauthd[2102743]: Local connection for mks established.
2001-01-01T02:25:46Z vmauthd[2103340]: Msg_SetLocaleEx: HostLocale=UTF-8 UserLocale=NULL
2001-01-01T02:25:46Z vmauthd[2103340]: Could not expand environment variable HOME.
2001-01-01T02:25:46Z vmauthd[2103340]: Could not expand environment variable HOME.
2001-01-01T02:25:46Z vmauthd[2103340]: DictionaryLoad: Cannot open file "/usr/lib/vmware/config": No such file or directory.
2001-01-01T02:25:46Z vmauthd[2103340]: DictionaryLoad: Cannot open file "~/.vmware/config": No such file or directory.
2001-01-01T02:25:46Z vmauthd[2103340]: DictionaryLoad: Cannot open file "~/.vmware/preferences": No such file or directory.
2001-01-01T02:25:46Z vmauthd[2103340]: lib/ssl: OpenSSL using FIPS_drbg for RAND
2001-01-01T02:25:46Z vmauthd[2103340]: lib/ssl: protocol list tls1.2
2001-01-01T02:25:46Z vmauthd[2103340]: lib/ssl: protocol list tls1.2 (openssl flags 0x17000000)
2001-01-01T02:25:46Z vmauthd[2103340]: lib/ssl: cipher list ECDHE+AESGCM:RSA+AESGCM:ECDHE+AES:RSA+AES
2001-01-01T02:25:46Z vmauthd[2103340]: lib/ssl: curves list prime256v1:secp384r1:secp521r1
2001-01-01T02:25:46Z vmauthd[2103340]: Connect from remote socket (192.168.1.2:50826).
2001-01-01T02:25:46Z vmauthd[2103340]: Connect from 192.168.1.2
2001-01-01T02:25:46Z vmauthd[2103340]: FILE: FileCreateDirectoryEx: Failed to create /var/run/vmware/tickets/. Error = 17
2001-01-01T02:25:46Z vmauthd[2103340]: FILE: FileCreateDirectoryEx: Failed to create /var/run/vmware/tickets/. Error = 17
2001-01-01T02:25:46Z vmauthd[2103340]: local verification as root
2001-01-01T02:25:46Z vmauthd[2103340]: login from 192.168.1.2 as 52d7d77d-a855-cae0-c98a-fdaf2081c605
2001-01-01T02:25:46Z vmauthd[2103340]: received CONNECT command: /vmfs/volumes/3a4fd8ce-fc4375c4-effb-5cf3fce846f8/WIN2025-TMPL/WIN2025-TMPL.vmx mks
2001-01-01T02:25:46Z vmauthd[2103340]: Acquired lock for /var/run/vmware/authd_55dbbc6a8a9ebad216d61b81f5ec7631
2001-01-01T02:25:46Z vmauthd[2103340]: /vmfs/volumes/3a4fd8ce-fc4375c4-effb-5cf3fce846f8/WIN2025-TMPL/WIN2025-TMPL.vmx: Connected to mks-fd, remote end sent pid: 2101940
2001-01-01T02:25:46Z vmauthd[2103340]: released lock for /var/run/vmware/authd_55dbbc6a8a9ebad216d61b81f5ec7631
2001-01-01T02:25:46Z vmauthd[2103340]: Local connection for mks established.
2001-01-01T02:28:02Z vmauthd[2103387]: Msg_SetLocaleEx: HostLocale=UTF-8 UserLocale=NULL
2001-01-01T02:28:02Z vmauthd[2103387]: Could not expand environment variable HOME.
2001-01-01T02:28:02Z vmauthd[2103387]: Could not expand environment variable HOME.
2001-01-01T02:28:02Z vmauthd[2103387]: DictionaryLoad: Cannot open file "/usr/lib/vmware/config": No such file or directory.
2001-01-01T02:28:02Z vmauthd[2103387]: DictionaryLoad: Cannot open file "~/.vmware/config": No such file or directory.
2001-01-01T02:28:02Z vmauthd[2103387]: DictionaryLoad: Cannot open file "~/.vmware/preferences": No such file or directory.
2001-01-01T02:28:02Z vmauthd[2103387]: lib/ssl: OpenSSL using FIPS_drbg for RAND
2001-01-01T02:28:02Z vmauthd[2103387]: lib/ssl: protocol list tls1.2
2001-01-01T02:28:02Z vmauthd[2103387]: lib/ssl: protocol list tls1.2 (openssl flags 0x17000000)
2001-01-01T02:28:02Z vmauthd[2103387]: lib/ssl: cipher list ECDHE+AESGCM:RSA+AESGCM:ECDHE+AES:RSA+AES
2001-01-01T02:28:02Z vmauthd[2103387]: lib/ssl: curves list prime256v1:secp384r1:secp521r1
2001-01-01T02:28:02Z vmauthd[2103387]: Connect from (local) AF_UNIX socket.
2001-01-01T02:28:02Z vmauthd[2103387]: Connect from 127.0.0.1
2001-01-01T02:28:02Z vmauthd[2103387]: local verification as root
2001-01-01T02:28:02Z vmauthd[2103387]: received CONNECT_NOSTART command: /vmfs/volumes/3a4fd8ce-fc4375c4-effb-5cf3fce846f8/WIN2019-TMPL/WIN2019-TMPL.vmx vmx-vigor
2001-01-01T02:28:02Z vmauthd[2103387]: Acquired lock for /var/run/vmware/authd_78eb7154973c35f277c0684071d5ae55
2001-01-01T02:28:02Z vmauthd[2103387]: No such VMware process: /vmfs/volumes/3a4fd8ce-fc4375c4-effb-5cf3fce846f8/WIN2019-TMPL/WIN2019-TMPL.vmx
2001-01-01T02:28:02Z vmauthd[2103387]: released lock for /var/run/vmware/authd_78eb7154973c35f277c0684071d5ae55
2001-01-01T02:28:02Z vmauthd[2103387]: Local connection for vmx-vigor failed.
2001-01-01T02:28:02Z vmauthd[2103387]: Read failed.
2001-01-01T02:32:53Z vmauthd[2103570]: Msg_SetLocaleEx: HostLocale=UTF-8 UserLocale=NULL
2001-01-01T02:32:53Z vmauthd[2103570]: Could not expand environment variable HOME.
2001-01-01T02:32:53Z vmauthd[2103570]: Could not expand environment variable HOME.
2001-01-01T02:32:53Z vmauthd[2103570]: DictionaryLoad: Cannot open file "/usr/lib/vmware/config": No such file or directory.
2001-01-01T02:32:53Z vmauthd[2103570]: DictionaryLoad: Cannot open file "~/.vmware/config": No such file or directory.
2001-01-01T02:32:53Z vmauthd[2103570]: DictionaryLoad: Cannot open file "~/.vmware/preferences": No such file or directory.
2001-01-01T02:32:53Z vmauthd[2103570]: lib/ssl: OpenSSL using FIPS_drbg for RAND
2001-01-01T02:32:53Z vmauthd[2103570]: lib/ssl: protocol list tls1.2
2001-01-01T02:32:53Z vmauthd[2103570]: lib/ssl: protocol list tls1.2 (openssl flags 0x17000000)
2001-01-01T02:32:53Z vmauthd[2103570]: lib/ssl: cipher list ECDHE+AESGCM:RSA+AESGCM:ECDHE+AES:RSA+AES
2001-01-01T02:32:53Z vmauthd[2103570]: lib/ssl: curves list prime256v1:secp384r1:secp521r1
2001-01-01T02:32:53Z vmauthd[2103570]: Connect from (local) AF_UNIX socket.
2001-01-01T02:32:53Z vmauthd[2103570]: Connect from 127.0.0.1
2001-01-01T02:32:53Z vmauthd[2103570]: local verification as root
2001-01-01T02:32:53Z vmauthd[2103570]: received CONNECT_NOSTART command: /vmfs/volumes/3a4fd8ce-fc4375c4-effb-5cf3fce846f8/WIN2025-TMPL/WIN2025-TMPL.vmx vmx-vigor
2001-01-01T02:32:53Z vmauthd[2103570]: Acquired lock for /var/run/vmware/authd_55dbbc6a8a9ebad216d61b81f5ec7631
2001-01-01T02:32:53Z vmauthd[2103570]: No such VMware process: /vmfs/volumes/3a4fd8ce-fc4375c4-effb-5cf3fce846f8/WIN2025-TMPL/WIN2025-TMPL.vmx
2001-01-01T02:32:53Z vmauthd[2103570]: released lock for /var/run/vmware/authd_55dbbc6a8a9ebad216d61b81f5ec7631
2001-01-01T02:32:53Z vmauthd[2103570]: Local connection for vmx-vigor failed.
2001-01-01T02:32:53Z vmauthd[2103570]: Read failed.
2001-01-01T02:47:27Z vmauthd[2104041]: Msg_SetLocaleEx: HostLocale=UTF-8 UserLocale=NULL
2001-01-01T02:47:27Z vmauthd[2104041]: Could not expand environment variable HOME.
2001-01-01T02:47:27Z vmauthd[2104041]: Could not expand environment variable HOME.
2001-01-01T02:47:27Z vmauthd[2104041]: DictionaryLoad: Cannot open file "/usr/lib/vmware/config": No such file or directory.
2001-01-01T02:47:27Z vmauthd[2104041]: DictionaryLoad: Cannot open file "~/.vmware/config": No such file or directory.
2001-01-01T02:47:27Z vmauthd[2104041]: DictionaryLoad: Cannot open file "~/.vmware/preferences": No such file or directory.
2001-01-01T02:47:27Z vmauthd[2104041]: lib/ssl: OpenSSL using FIPS_drbg for RAND
2001-01-01T02:47:27Z vmauthd[2104041]: lib/ssl: protocol list tls1.2
2001-01-01T02:47:27Z vmauthd[2104041]: lib/ssl: protocol list tls1.2 (openssl flags 0x17000000)
2001-01-01T02:47:27Z vmauthd[2104041]: lib/ssl: cipher list ECDHE+AESGCM:RSA+AESGCM:ECDHE+AES:RSA+AES
2001-01-01T02:47:27Z vmauthd[2104041]: lib/ssl: curves list prime256v1:secp384r1:secp521r1
2001-01-01T02:47:27Z vmauthd[2104041]: Connect from remote socket (192.168.1.2:54884).
2001-01-01T02:47:27Z vmauthd[2104041]: Connect from 192.168.1.2
2001-01-01T02:47:27Z vmauthd[2104041]: FILE: FileCreateDirectoryEx: Failed to create /var/run/vmware/tickets/. Error = 17
2001-01-01T02:47:27Z vmauthd[2104041]: FILE: FileCreateDirectoryEx: Failed to create /var/run/vmware/tickets/. Error = 17
2001-01-01T02:47:27Z vmauthd[2104041]: local verification as root
2001-01-01T02:47:27Z vmauthd[2104041]: login from 192.168.1.2 as 522f22da-e9b0-c74e-dbeb-2bc0f1ec52c5
2001-01-01T02:47:27Z vmauthd[2104041]: received CONNECT command: /vmfs/volumes/3a4fd8ce-fc4375c4-effb-5cf3fce846f8/WIN2022-TMPL/WIN2022-TMPL.vmx mks
2001-01-01T02:47:27Z vmauthd[2104041]: Acquired lock for /var/run/vmware/authd_858c4d205a024b0576bdd2ac046debc0
2001-01-01T02:47:27Z vmauthd[2104041]: /vmfs/volumes/3a4fd8ce-fc4375c4-effb-5cf3fce846f8/WIN2022-TMPL/WIN2022-TMPL.vmx: Connected to mks-fd, remote end sent pid: 2103862
2001-01-01T02:47:27Z vmauthd[2104041]: released lock for /var/run/vmware/authd_858c4d205a024b0576bdd2ac046debc0
2001-01-01T02:47:27Z vmauthd[2104041]: Local connection for mks established.
2001-01-01T03:03:03Z vmauthd[2104520]: Msg_SetLocaleEx: HostLocale=UTF-8 UserLocale=NULL
2001-01-01T03:03:03Z vmauthd[2104520]: Could not expand environment variable HOME.
2001-01-01T03:03:03Z vmauthd[2104520]: Could not expand environment variable HOME.
2001-01-01T03:03:03Z vmauthd[2104520]: DictionaryLoad: Cannot open file "/usr/lib/vmware/config": No such file or directory.
2001-01-01T03:03:03Z vmauthd[2104520]: DictionaryLoad: Cannot open file "~/.vmware/config": No such file or directory.
2001-01-01T03:03:03Z vmauthd[2104520]: DictionaryLoad: Cannot open file "~/.vmware/preferences": No such file or directory.
2001-01-01T03:03:03Z vmauthd[2104520]: lib/ssl: OpenSSL using FIPS_drbg for RAND
2001-01-01T03:03:03Z vmauthd[2104520]: lib/ssl: protocol list tls1.2
2001-01-01T03:03:03Z vmauthd[2104520]: lib/ssl: protocol list tls1.2 (openssl flags 0x17000000)
2001-01-01T03:03:03Z vmauthd[2104520]: lib/ssl: cipher list ECDHE+AESGCM:RSA+AESGCM:ECDHE+AES:RSA+AES
2001-01-01T03:03:03Z vmauthd[2104520]: lib/ssl: curves list prime256v1:secp384r1:secp521r1
2001-01-01T03:03:03Z vmauthd[2104520]: Connect from (local) AF_UNIX socket.
2001-01-01T03:03:03Z vmauthd[2104520]: Connect from 127.0.0.1
2001-01-01T03:03:03Z vmauthd[2104520]: local verification as root
2001-01-01T03:03:03Z vmauthd[2104520]: received CONNECT_NOSTART command: /vmfs/volumes/3a4fd8ce-fc4375c4-effb-5cf3fce846f8/WIN2022-TMPL/WIN2022-TMPL.vmx vmx-vigor
2001-01-01T03:03:03Z vmauthd[2104520]: Acquired lock for /var/run/vmware/authd_858c4d205a024b0576bdd2ac046debc0
2001-01-01T03:03:03Z vmauthd[2104520]: No such VMware process: /vmfs/volumes/3a4fd8ce-fc4375c4-effb-5cf3fce846f8/WIN2022-TMPL/WIN2022-TMPL.vmx
2001-01-01T03:03:03Z vmauthd[2104520]: released lock for /var/run/vmware/authd_858c4d205a024b0576bdd2ac046debc0
2001-01-01T03:03:03Z vmauthd[2104520]: Local connection for vmx-vigor failed.
2001-01-01T03:03:03Z vmauthd[2104520]: Read failed.
2001-01-01T03:28:16Z vmauthd[2105403]: Msg_SetLocaleEx: HostLocale=UTF-8 UserLocale=NULL
2001-01-01T03:28:16Z vmauthd[2105403]: Could not expand environment variable HOME.
2001-01-01T03:28:16Z vmauthd[2105403]: Could not expand environment variable HOME.
2001-01-01T03:28:16Z vmauthd[2105403]: DictionaryLoad: Cannot open file "/usr/lib/vmware/config": No such file or directory.
2001-01-01T03:28:16Z vmauthd[2105403]: DictionaryLoad: Cannot open file "~/.vmware/config": No such file or directory.
2001-01-01T03:28:16Z vmauthd[2105403]: DictionaryLoad: Cannot open file "~/.vmware/preferences": No such file or directory.
2001-01-01T03:28:16Z vmauthd[2105403]: lib/ssl: OpenSSL using FIPS_drbg for RAND
2001-01-01T03:28:16Z vmauthd[2105403]: lib/ssl: protocol list tls1.2
2001-01-01T03:28:16Z vmauthd[2105403]: lib/ssl: protocol list tls1.2 (openssl flags 0x17000000)
2001-01-01T03:28:16Z vmauthd[2105403]: lib/ssl: cipher list ECDHE+AESGCM:RSA+AESGCM:ECDHE+AES:RSA+AES
2001-01-01T03:28:16Z vmauthd[2105403]: lib/ssl: curves list prime256v1:secp384r1:secp521r1
2001-01-01T03:28:16Z vmauthd[2105403]: Connect from (local) AF_UNIX socket.
2001-01-01T03:28:16Z vmauthd[2105403]: Connect from 127.0.0.1
2001-01-01T03:28:16Z vmauthd[2105403]: local verification as root
2001-01-01T03:28:16Z vmauthd[2105403]: received CONNECT_NOSTART command: /vmfs/volumes/3a4fd8ce-fc4375c4-effb-5cf3fce846f8/SGRL-WSU001/SGRL-WSU001.vmx vmx-vigor
2001-01-01T03:28:16Z vmauthd[2105403]: Acquired lock for /var/run/vmware/authd_d8a3682659f5b1580e8f58da79dcd153
2001-01-01T03:28:16Z vmauthd[2105403]: No such VMware process: /vmfs/volumes/3a4fd8ce-fc4375c4-effb-5cf3fce846f8/SGRL-WSU001/SGRL-WSU001.vmx
2001-01-01T03:28:16Z vmauthd[2105403]: released lock for /var/run/vmware/authd_d8a3682659f5b1580e8f58da79dcd153
2001-01-01T03:28:16Z vmauthd[2105403]: Local connection for vmx-vigor failed.
2001-01-01T03:28:16Z vmauthd[2105403]: Read failed.
2001-01-01T04:03:29Z vmauthd[2106443]: Msg_SetLocaleEx: HostLocale=UTF-8 UserLocale=NULL
2001-01-01T04:03:29Z vmauthd[2106443]: Could not expand environment variable HOME.
2001-01-01T04:03:29Z vmauthd[2106443]: Could not expand environment variable HOME.
2001-01-01T04:03:29Z vmauthd[2106443]: DictionaryLoad: Cannot open file "/usr/lib/vmware/config": No such file or directory.
2001-01-01T04:03:29Z vmauthd[2106443]: DictionaryLoad: Cannot open file "~/.vmware/config": No such file or directory.
2001-01-01T04:03:29Z vmauthd[2106443]: DictionaryLoad: Cannot open file "~/.vmware/preferences": No such file or directory.
2001-01-01T04:03:29Z vmauthd[2106443]: lib/ssl: OpenSSL using FIPS_drbg for RAND
2001-01-01T04:03:29Z vmauthd[2106443]: lib/ssl: protocol list tls1.2
2001-01-01T04:03:29Z vmauthd[2106443]: lib/ssl: protocol list tls1.2 (openssl flags 0x17000000)
2001-01-01T04:03:29Z vmauthd[2106443]: lib/ssl: cipher list ECDHE+AESGCM:RSA+AESGCM:ECDHE+AES:RSA+AES
2001-01-01T04:03:29Z vmauthd[2106443]: lib/ssl: curves list prime256v1:secp384r1:secp521r1
2001-01-01T04:03:29Z vmauthd[2106443]: Connect from remote socket (192.168.1.2:40970).
2001-01-01T04:03:29Z vmauthd[2106443]: Connect from 192.168.1.2
2001-01-01T04:03:29Z vmauthd[2106443]: FILE: FileCreateDirectoryEx: Failed to create /var/run/vmware/tickets/. Error = 17
2001-01-01T04:03:29Z vmauthd[2106443]: FILE: FileCreateDirectoryEx: Failed to create /var/run/vmware/tickets/. Error = 17
2001-01-01T04:03:29Z vmauthd[2106443]: local verification as root
2001-01-01T04:03:29Z vmauthd[2106443]: login from 192.168.1.2 as 52c06389-a506-6dd0-361d-ad2dc7bdb53f
2001-01-01T04:03:29Z vmauthd[2106443]: received CONNECT command: /vmfs/volumes/3a4fd8ce-fc4375c4-effb-5cf3fce846f8/SGRL-WSU001/SGRL-WSU001.vmx mks
2001-01-01T04:03:30Z vmauthd[2106443]: Acquired lock for /var/run/vmware/authd_d8a3682659f5b1580e8f58da79dcd153
2001-01-01T04:03:30Z vmauthd[2106443]: /vmfs/volumes/3a4fd8ce-fc4375c4-effb-5cf3fce846f8/SGRL-WSU001/SGRL-WSU001.vmx: Connected to mks-fd, remote end sent pid: 2106026
2001-01-01T04:03:30Z vmauthd[2106443]: released lock for /var/run/vmware/authd_d8a3682659f5b1580e8f58da79dcd153
2001-01-01T04:03:30Z vmauthd[2106443]: Local connection for mks established.
2001-01-01T04:09:41Z vmauthd[2106633]: Msg_SetLocaleEx: HostLocale=UTF-8 UserLocale=NULL
2001-01-01T04:09:41Z vmauthd[2106633]: Could not expand environment variable HOME.
2001-01-01T04:09:41Z vmauthd[2106633]: Could not expand environment variable HOME.
2001-01-01T04:09:41Z vmauthd[2106633]: DictionaryLoad: Cannot open file "/usr/lib/vmware/config": No such file or directory.
2001-01-01T04:09:41Z vmauthd[2106633]: DictionaryLoad: Cannot open file "~/.vmware/config": No such file or directory.
2001-01-01T04:09:41Z vmauthd[2106633]: DictionaryLoad: Cannot open file "~/.vmware/preferences": No such file or directory.
2001-01-01T04:09:41Z vmauthd[2106633]: lib/ssl: OpenSSL using FIPS_drbg for RAND
2001-01-01T04:09:41Z vmauthd[2106633]: lib/ssl: protocol list tls1.2
2001-01-01T04:09:41Z vmauthd[2106633]: lib/ssl: protocol list tls1.2 (openssl flags 0x17000000)
2001-01-01T04:09:41Z vmauthd[2106633]: lib/ssl: cipher list ECDHE+AESGCM:RSA+AESGCM:ECDHE+AES:RSA+AES
2001-01-01T04:09:41Z vmauthd[2106633]: lib/ssl: curves list prime256v1:secp384r1:secp521r1
2001-01-01T04:09:41Z vmauthd[2106633]: Connect from remote socket (192.168.1.2:42266).
2001-01-01T04:09:41Z vmauthd[2106633]: Connect from 192.168.1.2
2001-01-01T04:09:42Z vmauthd[2106633]: FILE: FileCreateDirectoryEx: Failed to create /var/run/vmware/tickets/. Error = 17
2001-01-01T04:09:42Z vmauthd[2106633]: FILE: FileCreateDirectoryEx: Failed to create /var/run/vmware/tickets/. Error = 17
2001-01-01T04:09:42Z vmauthd[2106633]: local verification as root
2001-01-01T04:09:42Z vmauthd[2106633]: login from 192.168.1.2 as 522a384a-588f-eab9-3b13-e3a564fa6fb7
2001-01-01T04:09:42Z vmauthd[2106633]: received CONNECT command: /vmfs/volumes/3a4fd8ce-fc4375c4-effb-5cf3fce846f8/SGRL-ADC001/SGRL-ADC001.vmx mks
2001-01-01T04:09:42Z vmauthd[2106633]: Acquired lock for /var/run/vmware/authd_fa0e92f99f0bc0d4eb3b8d0ec4883621
2001-01-01T04:09:42Z vmauthd[2106633]: /vmfs/volumes/3a4fd8ce-fc4375c4-effb-5cf3fce846f8/SGRL-ADC001/SGRL-ADC001.vmx: Connected to mks-fd, remote end sent pid: 2106488
2001-01-01T04:09:42Z vmauthd[2106633]: released lock for /var/run/vmware/authd_fa0e92f99f0bc0d4eb3b8d0ec4883621
2001-01-01T04:09:42Z vmauthd[2106633]: Local connection for mks established.
2001-01-01T07:03:48Z vmauthd[2107857]: Msg_SetLocaleEx: HostLocale=UTF-8 UserLocale=NULL
2001-01-01T07:03:48Z vmauthd[2107857]: Could not expand environment variable HOME.
2001-01-01T07:03:48Z vmauthd[2107857]: Could not expand environment variable HOME.
2001-01-01T07:03:48Z vmauthd[2107857]: DictionaryLoad: Cannot open file "/usr/lib/vmware/config": No such file or directory.
2001-01-01T07:03:48Z vmauthd[2107857]: DictionaryLoad: Cannot open file "~/.vmware/config": No such file or directory.
2001-01-01T07:03:48Z vmauthd[2107857]: DictionaryLoad: Cannot open file "~/.vmware/preferences": No such file or directory.
2001-01-01T07:03:48Z vmauthd[2107857]: lib/ssl: OpenSSL using FIPS_drbg for RAND
2001-01-01T07:03:48Z vmauthd[2107857]: lib/ssl: protocol list tls1.2
2001-01-01T07:03:48Z vmauthd[2107857]: lib/ssl: protocol list tls1.2 (openssl flags 0x17000000)
2001-01-01T07:03:48Z vmauthd[2107857]: lib/ssl: cipher list ECDHE+AESGCM:RSA+AESGCM:ECDHE+AES:RSA+AES
2001-01-01T07:03:48Z vmauthd[2107857]: lib/ssl: curves list prime256v1:secp384r1:secp521r1
2001-01-01T07:03:48Z vmauthd[2107857]: Connect from remote socket (192.168.1.2:44328).
2001-01-01T07:03:48Z vmauthd[2107857]: Connect from 192.168.1.2
2001-01-01T07:03:48Z vmauthd[2107857]: FILE: FileCreateDirectoryEx: Failed to create /var/run/vmware/tickets/. Error = 17
2001-01-01T07:03:48Z vmauthd[2107857]: FILE: FileCreateDirectoryEx: Failed to create /var/run/vmware/tickets/. Error = 17
2001-01-01T07:03:48Z vmauthd[2107857]: local verification as root
2001-01-01T07:03:48Z vmauthd[2107857]: login from 192.168.1.2 as 529b9693-e3cf-6247-91a5-4699f1e09c88
2001-01-01T07:03:48Z vmauthd[2107857]: received CONNECT command: /vmfs/volumes/3a4fd8ce-fc4375c4-effb-5cf3fce846f8/SGRL-WSU001/SGRL-WSU001.vmx mks
2001-01-01T07:03:48Z vmauthd[2107857]: Acquired lock for /var/run/vmware/authd_d8a3682659f5b1580e8f58da79dcd153
2001-01-01T07:03:48Z vmauthd[2107857]: /vmfs/volumes/3a4fd8ce-fc4375c4-effb-5cf3fce846f8/SGRL-WSU001/SGRL-WSU001.vmx: Connected to mks-fd, remote end sent pid: 2106026
2001-01-01T07:03:48Z vmauthd[2107857]: released lock for /var/run/vmware/authd_d8a3682659f5b1580e8f58da79dcd153
2001-01-01T07:03:48Z vmauthd[2107857]: Local connection for mks established.
2001-01-01T07:13:44Z vmauthd[2107888]: Msg_SetLocaleEx: HostLocale=UTF-8 UserLocale=NULL
2001-01-01T07:13:44Z vmauthd[2107888]: Could not expand environment variable HOME.
2001-01-01T07:13:44Z vmauthd[2107888]: Could not expand environment variable HOME.
2001-01-01T07:13:44Z vmauthd[2107888]: DictionaryLoad: Cannot open file "/usr/lib/vmware/config": No such file or directory.
2001-01-01T07:13:44Z vmauthd[2107888]: DictionaryLoad: Cannot open file "~/.vmware/config": No such file or directory.
2001-01-01T07:13:44Z vmauthd[2107888]: DictionaryLoad: Cannot open file "~/.vmware/preferences": No such file or directory.
2001-01-01T07:13:44Z vmauthd[2107888]: lib/ssl: OpenSSL using FIPS_drbg for RAND
2001-01-01T07:13:44Z vmauthd[2107888]: lib/ssl: protocol list tls1.2
2001-01-01T07:13:44Z vmauthd[2107888]: lib/ssl: protocol list tls1.2 (openssl flags 0x17000000)
2001-01-01T07:13:44Z vmauthd[2107888]: lib/ssl: cipher list ECDHE+AESGCM:RSA+AESGCM:ECDHE+AES:RSA+AES
2001-01-01T07:13:44Z vmauthd[2107888]: lib/ssl: curves list prime256v1:secp384r1:secp521r1
2001-01-01T07:13:44Z vmauthd[2107888]: Connect from remote socket (192.168.1.2:46194).
2001-01-01T07:13:44Z vmauthd[2107888]: Connect from 192.168.1.2
2001-01-01T07:13:44Z vmauthd[2107888]: Received PROXY command for vpxa-nfcssl, session = 52 8b ff e9 e7 5c d1 5a-0c aa 77 8b 28 9d e7 02
2001-01-01T07:13:44Z vmauthd[2107888]: vmware-vpxa: Connected to vpxa-nfcssl-fd, remote end sent pid: 2099359
2001-01-01T09:35:14Z vmauthd[2109080]: Msg_SetLocaleEx: HostLocale=UTF-8 UserLocale=NULL
2001-01-01T09:35:14Z vmauthd[2109080]: Could not expand environment variable HOME.
2001-01-01T09:35:14Z vmauthd[2109080]: Could not expand environment variable HOME.
2001-01-01T09:35:14Z vmauthd[2109080]: DictionaryLoad: Cannot open file "/usr/lib/vmware/config": No such file or directory.
2001-01-01T09:35:14Z vmauthd[2109080]: DictionaryLoad: Cannot open file "~/.vmware/config": No such file or directory.
2001-01-01T09:35:14Z vmauthd[2109080]: DictionaryLoad: Cannot open file "~/.vmware/preferences": No such file or directory.
2001-01-01T09:35:14Z vmauthd[2109080]: lib/ssl: OpenSSL using FIPS_drbg for RAND
2001-01-01T09:35:14Z vmauthd[2109080]: lib/ssl: protocol list tls1.2
2001-01-01T09:35:14Z vmauthd[2109080]: lib/ssl: protocol list tls1.2 (openssl flags 0x17000000)
2001-01-01T09:35:14Z vmauthd[2109080]: lib/ssl: cipher list ECDHE+AESGCM:RSA+AESGCM:ECDHE+AES:RSA+AES
2001-01-01T09:35:14Z vmauthd[2109080]: lib/ssl: curves list prime256v1:secp384r1:secp521r1
2001-01-01T09:35:14Z vmauthd[2109080]: Connect from remote socket (192.168.1.2:42960).
2001-01-01T09:35:14Z vmauthd[2109080]: Connect from 192.168.1.2
2001-01-01T09:35:14Z vmauthd[2109080]: FILE: FileCreateDirectoryEx: Failed to create /var/run/vmware/tickets/. Error = 17
2001-01-01T09:35:14Z vmauthd[2109080]: FILE: FileCreateDirectoryEx: Failed to create /var/run/vmware/tickets/. Error = 17
2001-01-01T09:35:14Z vmauthd[2109080]: local verification as root
2001-01-01T09:35:14Z vmauthd[2109080]: login from 192.168.1.2 as 52c14bf7-d329-8ea7-1eff-7fb73e4b8f1f
2001-01-01T09:35:14Z vmauthd[2109080]: received CONNECT command: /vmfs/volumes/3a4fd8ce-fc4375c4-effb-5cf3fce846f8/SGRL-JMP001/SGRL-JMP001.vmx mks
2001-01-01T09:35:14Z vmauthd[2109080]: Acquired lock for /var/run/vmware/authd_c4ce0adab722156d671ee3cafe1e876f
2001-01-01T09:35:14Z vmauthd[2109080]: /vmfs/volumes/3a4fd8ce-fc4375c4-effb-5cf3fce846f8/SGRL-JMP001/SGRL-JMP001.vmx: Connected to mks-fd, remote end sent pid: 2108925
2001-01-01T09:35:14Z vmauthd[2109080]: released lock for /var/run/vmware/authd_c4ce0adab722156d671ee3cafe1e876f
2001-01-01T09:35:14Z vmauthd[2109080]: Local connection for mks established.
2001-01-01T09:47:48Z vmauthd[2109156]: Msg_SetLocaleEx: HostLocale=UTF-8 UserLocale=NULL
2001-01-01T09:47:48Z vmauthd[2109156]: Could not expand environment variable HOME.
2001-01-01T09:47:48Z vmauthd[2109156]: Could not expand environment variable HOME.
2001-01-01T09:47:48Z vmauthd[2109156]: DictionaryLoad: Cannot open file "/usr/lib/vmware/config": No such file or directory.
2001-01-01T09:47:48Z vmauthd[2109156]: DictionaryLoad: Cannot open file "~/.vmware/config": No such file or directory.
2001-01-01T09:47:48Z vmauthd[2109156]: DictionaryLoad: Cannot open file "~/.vmware/preferences": No such file or directory.
2001-01-01T09:47:48Z vmauthd[2109156]: lib/ssl: OpenSSL using FIPS_drbg for RAND
2001-01-01T09:47:48Z vmauthd[2109156]: lib/ssl: protocol list tls1.2
2001-01-01T09:47:48Z vmauthd[2109156]: lib/ssl: protocol list tls1.2 (openssl flags 0x17000000)
2001-01-01T09:47:48Z vmauthd[2109156]: lib/ssl: cipher list ECDHE+AESGCM:RSA+AESGCM:ECDHE+AES:RSA+AES
2001-01-01T09:47:48Z vmauthd[2109156]: lib/ssl: curves list prime256v1:secp384r1:secp521r1
2001-01-01T09:47:48Z vmauthd[2109156]: Connect from remote socket (192.168.1.2:45354).
2001-01-01T09:47:48Z vmauthd[2109156]: Connect from 192.168.1.2
2001-01-01T09:47:48Z vmauthd[2109156]: FILE: FileCreateDirectoryEx: Failed to create /var/run/vmware/tickets/. Error = 17
2001-01-01T09:47:48Z vmauthd[2109156]: FILE: FileCreateDirectoryEx: Failed to create /var/run/vmware/tickets/. Error = 17
2001-01-01T09:47:48Z vmauthd[2109156]: local verification as root
2001-01-01T09:47:48Z vmauthd[2109156]: login from 192.168.1.2 as 52b5eab3-db0a-ddf2-478f-8a025e8d890e
2001-01-01T09:47:48Z vmauthd[2109156]: received CONNECT command: /vmfs/volumes/3a4fd8ce-fc4375c4-effb-5cf3fce846f8/SGRL-WSU001/SGRL-WSU001.vmx mks
2001-01-01T09:47:48Z vmauthd[2109156]: Acquired lock for /var/run/vmware/authd_d8a3682659f5b1580e8f58da79dcd153
2001-01-01T09:47:48Z vmauthd[2109156]: /vmfs/volumes/3a4fd8ce-fc4375c4-effb-5cf3fce846f8/SGRL-WSU001/SGRL-WSU001.vmx: Connected to mks-fd, remote end sent pid: 2106026
2001-01-01T09:47:48Z vmauthd[2109156]: released lock for /var/run/vmware/authd_d8a3682659f5b1580e8f58da79dcd153
2001-01-01T09:47:48Z vmauthd[2109156]: Local connection for mks established.
2001-01-01T10:55:50Z vmauthd[2111019]: Msg_SetLocaleEx: HostLocale=UTF-8 UserLocale=NULL
2001-01-01T10:55:50Z vmauthd[2111019]: Could not expand environment variable HOME.
2001-01-01T10:55:50Z vmauthd[2111019]: Could not expand environment variable HOME.
2001-01-01T10:55:50Z vmauthd[2111019]: DictionaryLoad: Cannot open file "/usr/lib/vmware/config": No such file or directory.
2001-01-01T10:55:50Z vmauthd[2111019]: DictionaryLoad: Cannot open file "~/.vmware/config": No such file or directory.
2001-01-01T10:55:50Z vmauthd[2111019]: DictionaryLoad: Cannot open file "~/.vmware/preferences": No such file or directory.
2001-01-01T10:55:50Z vmauthd[2111019]: lib/ssl: OpenSSL using FIPS_drbg for RAND
2001-01-01T10:55:50Z vmauthd[2111019]: lib/ssl: protocol list tls1.2
2001-01-01T10:55:50Z vmauthd[2111019]: lib/ssl: protocol list tls1.2 (openssl flags 0x17000000)
2001-01-01T10:55:50Z vmauthd[2111019]: lib/ssl: cipher list ECDHE+AESGCM:RSA+AESGCM:ECDHE+AES:RSA+AES
2001-01-01T10:55:50Z vmauthd[2111019]: lib/ssl: curves list prime256v1:secp384r1:secp521r1
2001-01-01T10:55:50Z vmauthd[2111019]: Connect from remote socket (192.168.1.2:57962).
2001-01-01T10:55:50Z vmauthd[2111019]: Connect from 192.168.1.2
2001-01-01T10:55:50Z vmauthd[2111019]: FILE: FileCreateDirectoryEx: Failed to create /var/run/vmware/tickets/. Error = 17
2001-01-01T10:55:50Z vmauthd[2111019]: FILE: FileCreateDirectoryEx: Failed to create /var/run/vmware/tickets/. Error = 17
2001-01-01T10:55:50Z vmauthd[2111019]: local verification as root
2001-01-01T10:55:50Z vmauthd[2111019]: login from 192.168.1.2 as 5246d006-153f-fab8-ab4e-27b2eb1d17e2
2001-01-01T10:55:50Z vmauthd[2111019]: received CONNECT command: /vmfs/volumes/3a4fd8ce-fc4375c4-effb-5cf3fce846f8/ESXI6-TMPL/ESXI6-TMPL.vmx mks
2001-01-01T10:55:50Z vmauthd[2111019]: Acquired lock for /var/run/vmware/authd_f0f035ed4b09a80f8d5c4e84046c0362
2001-01-01T10:55:50Z vmauthd[2111019]: /vmfs/volumes/3a4fd8ce-fc4375c4-effb-5cf3fce846f8/ESXI6-TMPL/ESXI6-TMPL.vmx: Connected to mks-fd, remote end sent pid: 2110875
2001-01-01T10:55:50Z vmauthd[2111019]: released lock for /var/run/vmware/authd_f0f035ed4b09a80f8d5c4e84046c0362
2001-01-01T10:55:50Z vmauthd[2111019]: Local connection for mks established.
2001-01-01T10:57:44Z vmauthd[2111021]: Msg_SetLocaleEx: HostLocale=UTF-8 UserLocale=NULL
2001-01-01T10:57:44Z vmauthd[2111021]: Could not expand environment variable HOME.
2001-01-01T10:57:44Z vmauthd[2111021]: Could not expand environment variable HOME.
2001-01-01T10:57:44Z vmauthd[2111021]: DictionaryLoad: Cannot open file "/usr/lib/vmware/config": No such file or directory.
2001-01-01T10:57:44Z vmauthd[2111021]: DictionaryLoad: Cannot open file "~/.vmware/config": No such file or directory.
2001-01-01T10:57:44Z vmauthd[2111021]: DictionaryLoad: Cannot open file "~/.vmware/preferences": No such file or directory.
2001-01-01T10:57:44Z vmauthd[2111021]: lib/ssl: OpenSSL using FIPS_drbg for RAND
2001-01-01T10:57:44Z vmauthd[2111021]: lib/ssl: protocol list tls1.2
2001-01-01T10:57:44Z vmauthd[2111021]: lib/ssl: protocol list tls1.2 (openssl flags 0x17000000)
2001-01-01T10:57:44Z vmauthd[2111021]: lib/ssl: cipher list ECDHE+AESGCM:RSA+AESGCM:ECDHE+AES:RSA+AES
2001-01-01T10:57:44Z vmauthd[2111021]: lib/ssl: curves list prime256v1:secp384r1:secp521r1
2001-01-01T10:57:44Z vmauthd[2111021]: Connect from remote socket (192.168.1.2:58334).
2001-01-01T10:57:44Z vmauthd[2111021]: Connect from 192.168.1.2
2001-01-01T10:57:44Z vmauthd[2111021]: FILE: FileCreateDirectoryEx: Failed to create /var/run/vmware/tickets/. Error = 17
2001-01-01T10:57:44Z vmauthd[2111021]: FILE: FileCreateDirectoryEx: Failed to create /var/run/vmware/tickets/. Error = 17
2001-01-01T10:57:44Z vmauthd[2111021]: local verification as root
2001-01-01T10:57:44Z vmauthd[2111021]: login from 192.168.1.2 as 522e437b-8756-4c5f-6d11-4d4d5db444e5
2001-01-01T10:57:44Z vmauthd[2111021]: received CONNECT command: /vmfs/volumes/3a4fd8ce-fc4375c4-effb-5cf3fce846f8/SGRL-WSU001/SGRL-WSU001.vmx mks
2001-01-01T10:57:44Z vmauthd[2111021]: Acquired lock for /var/run/vmware/authd_d8a3682659f5b1580e8f58da79dcd153
2001-01-01T10:57:44Z vmauthd[2111021]: /vmfs/volumes/3a4fd8ce-fc4375c4-effb-5cf3fce846f8/SGRL-WSU001/SGRL-WSU001.vmx: Connected to mks-fd, remote end sent pid: 2106026
2001-01-01T10:57:44Z vmauthd[2111021]: released lock for /var/run/vmware/authd_d8a3682659f5b1580e8f58da79dcd153
2001-01-01T10:57:44Z vmauthd[2111021]: Local connection for mks established.
2001-01-01T13:09:48Z vmauthd[2113153]: Msg_SetLocaleEx: HostLocale=UTF-8 UserLocale=NULL
2001-01-01T13:09:48Z vmauthd[2113153]: Could not expand environment variable HOME.
2001-01-01T13:09:48Z vmauthd[2113153]: Could not expand environment variable HOME.
2001-01-01T13:09:48Z vmauthd[2113153]: DictionaryLoad: Cannot open file "/usr/lib/vmware/config": No such file or directory.
2001-01-01T13:09:48Z vmauthd[2113153]: DictionaryLoad: Cannot open file "~/.vmware/config": No such file or directory.
2001-01-01T13:09:48Z vmauthd[2113153]: DictionaryLoad: Cannot open file "~/.vmware/preferences": No such file or directory.
2001-01-01T13:09:48Z vmauthd[2113153]: lib/ssl: OpenSSL using FIPS_drbg for RAND
2001-01-01T13:09:48Z vmauthd[2113153]: lib/ssl: protocol list tls1.2
2001-01-01T13:09:48Z vmauthd[2113153]: lib/ssl: protocol list tls1.2 (openssl flags 0x17000000)
2001-01-01T13:09:48Z vmauthd[2113153]: lib/ssl: cipher list ECDHE+AESGCM:RSA+AESGCM:ECDHE+AES:RSA+AES
2001-01-01T13:09:48Z vmauthd[2113153]: lib/ssl: curves list prime256v1:secp384r1:secp521r1
2001-01-01T13:09:48Z vmauthd[2113153]: Connect from remote socket (192.168.1.2:54798).
2001-01-01T13:09:48Z vmauthd[2113153]: Connect from 192.168.1.2
2001-01-01T13:09:48Z vmauthd[2113153]: FILE: FileCreateDirectoryEx: Failed to create /var/run/vmware/tickets/. Error = 17
2001-01-01T13:09:48Z vmauthd[2113153]: FILE: FileCreateDirectoryEx: Failed to create /var/run/vmware/tickets/. Error = 17
2001-01-01T13:09:48Z vmauthd[2113153]: local verification as root
2001-01-01T13:09:48Z vmauthd[2113153]: login from 192.168.1.2 as 52014499-ec0d-215e-e164-1a68fd5210e7
2001-01-01T13:09:48Z vmauthd[2113153]: received CONNECT command: /vmfs/volumes/3a4fd8ce-fc4375c4-effb-5cf3fce846f8/SGRL-TOR01/SGRL-TOR01.vmx mks
2001-01-01T13:09:48Z vmauthd[2113153]: Acquired lock for /var/run/vmware/authd_872ddba2b82712d685d273c8b344f6c4
2001-01-01T13:09:48Z vmauthd[2113153]: /vmfs/volumes/3a4fd8ce-fc4375c4-effb-5cf3fce846f8/SGRL-TOR01/SGRL-TOR01.vmx: Connected to mks-fd, remote end sent pid: 2113011
2001-01-01T13:09:48Z vmauthd[2113153]: released lock for /var/run/vmware/authd_872ddba2b82712d685d273c8b344f6c4
2001-01-01T13:09:48Z vmauthd[2113153]: Local connection for mks established.
2001-01-01T13:13:25Z vmauthd[2113440]: Msg_SetLocaleEx: HostLocale=UTF-8 UserLocale=NULL
2001-01-01T13:13:25Z vmauthd[2113440]: Could not expand environment variable HOME.
2001-01-01T13:13:25Z vmauthd[2113440]: Could not expand environment variable HOME.
2001-01-01T13:13:25Z vmauthd[2113440]: DictionaryLoad: Cannot open file "/usr/lib/vmware/config": No such file or directory.
2001-01-01T13:13:25Z vmauthd[2113440]: DictionaryLoad: Cannot open file "~/.vmware/config": No such file or directory.
2001-01-01T13:13:25Z vmauthd[2113440]: DictionaryLoad: Cannot open file "~/.vmware/preferences": No such file or directory.
2001-01-01T13:13:25Z vmauthd[2113440]: lib/ssl: OpenSSL using FIPS_drbg for RAND
2001-01-01T13:13:25Z vmauthd[2113440]: lib/ssl: protocol list tls1.2
2001-01-01T13:13:25Z vmauthd[2113440]: lib/ssl: protocol list tls1.2 (openssl flags 0x17000000)
2001-01-01T13:13:25Z vmauthd[2113440]: lib/ssl: cipher list ECDHE+AESGCM:RSA+AESGCM:ECDHE+AES:RSA+AES
2001-01-01T13:13:25Z vmauthd[2113440]: lib/ssl: curves list prime256v1:secp384r1:secp521r1
2001-01-01T13:13:25Z vmauthd[2113440]: Connect from (local) AF_UNIX socket.
2001-01-01T13:13:25Z vmauthd[2113440]: Connect from 127.0.0.1
2001-01-01T13:13:25Z vmauthd[2113440]: local verification as root
2001-01-01T13:13:25Z vmauthd[2113440]: received CONNECT_NOSTART command: /vmfs/volumes/3a4fd8ce-fc4375c4-effb-5cf3fce846f8/SGRL-TOR01/SGRL-TOR01.vmx vmx-vigor
2001-01-01T13:13:25Z vmauthd[2113440]: Acquired lock for /var/run/vmware/authd_872ddba2b82712d685d273c8b344f6c4
2001-01-01T13:13:25Z vmauthd[2113440]: No such VMware process: /vmfs/volumes/3a4fd8ce-fc4375c4-effb-5cf3fce846f8/SGRL-TOR01/SGRL-TOR01.vmx
2001-01-01T13:13:25Z vmauthd[2113440]: released lock for /var/run/vmware/authd_872ddba2b82712d685d273c8b344f6c4
2001-01-01T13:13:25Z vmauthd[2113440]: Local connection for vmx-vigor failed.
2001-01-01T13:13:25Z vmauthd[2113440]: Read failed.
2001-01-01T13:13:44Z vmauthd[2113572]: Msg_SetLocaleEx: HostLocale=UTF-8 UserLocale=NULL
2001-01-01T13:13:44Z vmauthd[2113572]: Could not expand environment variable HOME.
2001-01-01T13:13:44Z vmauthd[2113572]: Could not expand environment variable HOME.
2001-01-01T13:13:44Z vmauthd[2113572]: DictionaryLoad: Cannot open file "/usr/lib/vmware/config": No such file or directory.
2001-01-01T13:13:44Z vmauthd[2113572]: DictionaryLoad: Cannot open file "~/.vmware/config": No such file or directory.
2001-01-01T13:13:44Z vmauthd[2113572]: DictionaryLoad: Cannot open file "~/.vmware/preferences": No such file or directory.
2001-01-01T13:13:44Z vmauthd[2113572]: lib/ssl: OpenSSL using FIPS_drbg for RAND
2001-01-01T13:13:44Z vmauthd[2113572]: lib/ssl: protocol list tls1.2
2001-01-01T13:13:44Z vmauthd[2113572]: lib/ssl: protocol list tls1.2 (openssl flags 0x17000000)
2001-01-01T13:13:44Z vmauthd[2113572]: lib/ssl: cipher list ECDHE+AESGCM:RSA+AESGCM:ECDHE+AES:RSA+AES
2001-01-01T13:13:44Z vmauthd[2113572]: lib/ssl: curves list prime256v1:secp384r1:secp521r1
2001-01-01T13:13:44Z vmauthd[2113572]: Connect from remote socket (192.168.1.2:55586).
2001-01-01T13:13:44Z vmauthd[2113572]: Connect from 192.168.1.2
2001-01-01T13:13:44Z vmauthd[2113572]: Received PROXY command for vpxa-nfcssl, session = 52 f9 80 92 77 a6 11 ce-1a d9 9b b3 ee c7 fb be
2001-01-01T13:13:44Z vmauthd[2113572]: vmware-vpxa: Connected to vpxa-nfcssl-fd, remote end sent pid: 2099359
2001-01-01T13:14:32Z vmauthd[2113773]: Msg_SetLocaleEx: HostLocale=UTF-8 UserLocale=NULL
2001-01-01T13:14:32Z vmauthd[2113773]: Could not expand environment variable HOME.
2001-01-01T13:14:32Z vmauthd[2113773]: Could not expand environment variable HOME.
2001-01-01T13:14:32Z vmauthd[2113773]: DictionaryLoad: Cannot open file "/usr/lib/vmware/config": No such file or directory.
2001-01-01T13:14:32Z vmauthd[2113773]: DictionaryLoad: Cannot open file "~/.vmware/config": No such file or directory.
2001-01-01T13:14:32Z vmauthd[2113773]: DictionaryLoad: Cannot open file "~/.vmware/preferences": No such file or directory.
2001-01-01T13:14:32Z vmauthd[2113773]: lib/ssl: OpenSSL using FIPS_drbg for RAND
2001-01-01T13:14:32Z vmauthd[2113773]: lib/ssl: protocol list tls1.2
2001-01-01T13:14:32Z vmauthd[2113773]: lib/ssl: protocol list tls1.2 (openssl flags 0x17000000)
2001-01-01T13:14:32Z vmauthd[2113773]: lib/ssl: cipher list ECDHE+AESGCM:RSA+AESGCM:ECDHE+AES:RSA+AES
2001-01-01T13:14:32Z vmauthd[2113773]: lib/ssl: curves list prime256v1:secp384r1:secp521r1
2001-01-01T13:14:32Z vmauthd[2113773]: Connect from remote socket (192.168.1.2:55798).
2001-01-01T13:14:32Z vmauthd[2113773]: Connect from 192.168.1.2
2001-01-01T13:14:32Z vmauthd[2113773]: FILE: FileCreateDirectoryEx: Failed to create /var/run/vmware/tickets/. Error = 17
2001-01-01T13:14:32Z vmauthd[2113773]: FILE: FileCreateDirectoryEx: Failed to create /var/run/vmware/tickets/. Error = 17
2001-01-01T13:14:32Z vmauthd[2113773]: local verification as root
2001-01-01T13:14:32Z vmauthd[2113773]: login from 192.168.1.2 as 524740bc-e65c-eb04-b7eb-5ff21ab88e15
2001-01-01T13:14:32Z vmauthd[2113773]: received CONNECT command: /vmfs/volumes/3a4fd8ce-fc4375c4-effb-5cf3fce846f8/SGRL-TOR01/SGRL-TOR01.vmx mks
2001-01-01T13:14:32Z vmauthd[2113773]: Acquired lock for /var/run/vmware/authd_872ddba2b82712d685d273c8b344f6c4
2001-01-01T13:14:32Z vmauthd[2113773]: /vmfs/volumes/3a4fd8ce-fc4375c4-effb-5cf3fce846f8/SGRL-TOR01/SGRL-TOR01.vmx: Connected to mks-fd, remote end sent pid: 2113581
2001-01-01T13:14:32Z vmauthd[2113773]: released lock for /var/run/vmware/authd_872ddba2b82712d685d273c8b344f6c4
2001-01-01T13:14:32Z vmauthd[2113773]: Local connection for mks established.
2001-01-01T13:49:59Z vmauthd[2114042]: Msg_SetLocaleEx: HostLocale=UTF-8 UserLocale=NULL
2001-01-01T13:49:59Z vmauthd[2114042]: Could not expand environment variable HOME.
2001-01-01T13:49:59Z vmauthd[2114042]: Could not expand environment variable HOME.
2001-01-01T13:49:59Z vmauthd[2114042]: DictionaryLoad: Cannot open file "/usr/lib/vmware/config": No such file or directory.
2001-01-01T13:49:59Z vmauthd[2114042]: DictionaryLoad: Cannot open file "~/.vmware/config": No such file or directory.
2001-01-01T13:49:59Z vmauthd[2114042]: DictionaryLoad: Cannot open file "~/.vmware/preferences": No such file or directory.
2001-01-01T13:49:59Z vmauthd[2114042]: lib/ssl: OpenSSL using FIPS_drbg for RAND
2001-01-01T13:49:59Z vmauthd[2114042]: lib/ssl: protocol list tls1.2
2001-01-01T13:49:59Z vmauthd[2114042]: lib/ssl: protocol list tls1.2 (openssl flags 0x17000000)
2001-01-01T13:49:59Z vmauthd[2114042]: lib/ssl: cipher list ECDHE+AESGCM:RSA+AESGCM:ECDHE+AES:RSA+AES
2001-01-01T13:49:59Z vmauthd[2114042]: lib/ssl: curves list prime256v1:secp384r1:secp521r1
2001-01-01T13:49:59Z vmauthd[2114042]: Connect from (local) AF_UNIX socket.
2001-01-01T13:49:59Z vmauthd[2114042]: Connect from 127.0.0.1
2001-01-01T13:49:59Z vmauthd[2114042]: local verification as root
2001-01-01T13:49:59Z vmauthd[2114042]: received CONNECT_NOSTART command: /vmfs/volumes/3a4fd8ce-fc4375c4-effb-5cf3fce846f8/SGRL-TOR01/SGRL-TOR01.vmx vmx-vigor
2001-01-01T13:49:59Z vmauthd[2114042]: Acquired lock for /var/run/vmware/authd_872ddba2b82712d685d273c8b344f6c4
2001-01-01T13:49:59Z vmauthd[2114042]: No such VMware process: /vmfs/volumes/3a4fd8ce-fc4375c4-effb-5cf3fce846f8/SGRL-TOR01/SGRL-TOR01.vmx
2001-01-01T13:49:59Z vmauthd[2114042]: released lock for /var/run/vmware/authd_872ddba2b82712d685d273c8b344f6c4
2001-01-01T13:49:59Z vmauthd[2114042]: Local connection for vmx-vigor failed.
2001-01-01T13:49:59Z vmauthd[2114042]: Read failed.
2001-01-01T13:52:47Z vmauthd[2114350]: Msg_SetLocaleEx: HostLocale=UTF-8 UserLocale=NULL
2001-01-01T13:52:47Z vmauthd[2114350]: Could not expand environment variable HOME.
2001-01-01T13:52:47Z vmauthd[2114350]: Could not expand environment variable HOME.
2001-01-01T13:52:47Z vmauthd[2114350]: DictionaryLoad: Cannot open file "/usr/lib/vmware/config": No such file or directory.
2001-01-01T13:52:47Z vmauthd[2114350]: DictionaryLoad: Cannot open file "~/.vmware/config": No such file or directory.
2001-01-01T13:52:47Z vmauthd[2114350]: DictionaryLoad: Cannot open file "~/.vmware/preferences": No such file or directory.
2001-01-01T13:52:47Z vmauthd[2114350]: lib/ssl: OpenSSL using FIPS_drbg for RAND
2001-01-01T13:52:47Z vmauthd[2114350]: lib/ssl: protocol list tls1.2
2001-01-01T13:52:47Z vmauthd[2114350]: lib/ssl: protocol list tls1.2 (openssl flags 0x17000000)
2001-01-01T13:52:47Z vmauthd[2114350]: lib/ssl: cipher list ECDHE+AESGCM:RSA+AESGCM:ECDHE+AES:RSA+AES
2001-01-01T13:52:47Z vmauthd[2114350]: lib/ssl: curves list prime256v1:secp384r1:secp521r1
2001-01-01T13:52:47Z vmauthd[2114350]: Connect from remote socket (192.168.1.2:34530).
2001-01-01T13:52:47Z vmauthd[2114350]: Connect from 192.168.1.2
2001-01-01T13:52:47Z vmauthd[2114350]: FILE: FileCreateDirectoryEx: Failed to create /var/run/vmware/tickets/. Error = 17
2001-01-01T13:52:47Z vmauthd[2114350]: FILE: FileCreateDirectoryEx: Failed to create /var/run/vmware/tickets/. Error = 17
2001-01-01T13:52:47Z vmauthd[2114350]: local verification as root
2001-01-01T13:52:47Z vmauthd[2114350]: login from 192.168.1.2 as 528ed09d-ee0a-143a-4465-c872f0df79f5
2001-01-01T13:52:47Z vmauthd[2114350]: received CONNECT command: /vmfs/volumes/3a4fd8ce-fc4375c4-effb-5cf3fce846f8/SGRL-TOR01/SGRL-TOR01.vmx mks
2001-01-01T13:52:47Z vmauthd[2114350]: Acquired lock for /var/run/vmware/authd_872ddba2b82712d685d273c8b344f6c4
2001-01-01T13:52:47Z vmauthd[2114350]: /vmfs/volumes/3a4fd8ce-fc4375c4-effb-5cf3fce846f8/SGRL-TOR01/SGRL-TOR01.vmx: Connected to mks-fd, remote end sent pid: 2114208
2001-01-01T13:52:47Z vmauthd[2114350]: released lock for /var/run/vmware/authd_872ddba2b82712d685d273c8b344f6c4
2001-01-01T13:52:47Z vmauthd[2114350]: Local connection for mks established.
2001-01-01T13:55:54Z vmauthd[2114387]: Msg_SetLocaleEx: HostLocale=UTF-8 UserLocale=NULL
2001-01-01T13:55:54Z vmauthd[2114387]: Could not expand environment variable HOME.
2001-01-01T13:55:54Z vmauthd[2114387]: Could not expand environment variable HOME.
2001-01-01T13:55:54Z vmauthd[2114387]: DictionaryLoad: Cannot open file "/usr/lib/vmware/config": No such file or directory.
2001-01-01T13:55:54Z vmauthd[2114387]: DictionaryLoad: Cannot open file "~/.vmware/config": No such file or directory.
2001-01-01T13:55:54Z vmauthd[2114387]: DictionaryLoad: Cannot open file "~/.vmware/preferences": No such file or directory.
2001-01-01T13:55:54Z vmauthd[2114387]: lib/ssl: OpenSSL using FIPS_drbg for RAND
2001-01-01T13:55:54Z vmauthd[2114387]: lib/ssl: protocol list tls1.2
2001-01-01T13:55:54Z vmauthd[2114387]: lib/ssl: protocol list tls1.2 (openssl flags 0x17000000)
2001-01-01T13:55:54Z vmauthd[2114387]: lib/ssl: cipher list ECDHE+AESGCM:RSA+AESGCM:ECDHE+AES:RSA+AES
2001-01-01T13:55:54Z vmauthd[2114387]: lib/ssl: curves list prime256v1:secp384r1:secp521r1
2001-01-01T13:55:54Z vmauthd[2114387]: Connect from (local) AF_UNIX socket.
2001-01-01T13:55:54Z vmauthd[2114387]: Connect from 127.0.0.1
2001-01-01T13:55:54Z vmauthd[2114387]: local verification as root
2001-01-01T13:55:54Z vmauthd[2114387]: received CONNECT_NOSTART command: /vmfs/volumes/3a4fd8ce-fc4375c4-effb-5cf3fce846f8/SGRL-TOR01/SGRL-TOR01.vmx vmx-vigor
2001-01-01T13:55:54Z vmauthd[2114387]: Acquired lock for /var/run/vmware/authd_872ddba2b82712d685d273c8b344f6c4
2001-01-01T13:55:54Z vmauthd[2114387]: No such VMware process: /vmfs/volumes/3a4fd8ce-fc4375c4-effb-5cf3fce846f8/SGRL-TOR01/SGRL-TOR01.vmx
2001-01-01T13:55:54Z vmauthd[2114387]: released lock for /var/run/vmware/authd_872ddba2b82712d685d273c8b344f6c4
2001-01-01T13:55:54Z vmauthd[2114387]: Local connection for vmx-vigor failed.
2001-01-01T13:55:54Z vmauthd[2114387]: Read failed.
2001-01-01T13:58:05Z vmauthd[2114791]: Msg_SetLocaleEx: HostLocale=UTF-8 UserLocale=NULL
2001-01-01T13:58:05Z vmauthd[2114791]: Could not expand environment variable HOME.
2001-01-01T13:58:05Z vmauthd[2114791]: Could not expand environment variable HOME.
2001-01-01T13:58:05Z vmauthd[2114791]: DictionaryLoad: Cannot open file "/usr/lib/vmware/config": No such file or directory.
2001-01-01T13:58:05Z vmauthd[2114791]: DictionaryLoad: Cannot open file "~/.vmware/config": No such file or directory.
2001-01-01T13:58:05Z vmauthd[2114791]: DictionaryLoad: Cannot open file "~/.vmware/preferences": No such file or directory.
2001-01-01T13:58:05Z vmauthd[2114791]: lib/ssl: OpenSSL using FIPS_drbg for RAND
2001-01-01T13:58:05Z vmauthd[2114791]: lib/ssl: protocol list tls1.2
2001-01-01T13:58:05Z vmauthd[2114791]: lib/ssl: protocol list tls1.2 (openssl flags 0x17000000)
2001-01-01T13:58:05Z vmauthd[2114791]: lib/ssl: cipher list ECDHE+AESGCM:RSA+AESGCM:ECDHE+AES:RSA+AES
2001-01-01T13:58:05Z vmauthd[2114791]: lib/ssl: curves list prime256v1:secp384r1:secp521r1
2001-01-01T13:58:05Z vmauthd[2114791]: Connect from remote socket (192.168.1.2:35626).
2001-01-01T13:58:05Z vmauthd[2114791]: Connect from 192.168.1.2
2001-01-01T13:58:05Z vmauthd[2114791]: FILE: FileCreateDirectoryEx: Failed to create /var/run/vmware/tickets/. Error = 17
2001-01-01T13:58:05Z vmauthd[2114791]: FILE: FileCreateDirectoryEx: Failed to create /var/run/vmware/tickets/. Error = 17
2001-01-01T13:58:05Z vmauthd[2114791]: local verification as root
2001-01-01T13:58:05Z vmauthd[2114791]: login from 192.168.1.2 as 52a764d8-75ae-8efb-97cd-fe3d11ecf53c
2001-01-01T13:58:05Z vmauthd[2114791]: received CONNECT command: /vmfs/volumes/3a4fd8ce-fc4375c4-effb-5cf3fce846f8/SGRL-TOR01/SGRL-TOR01.vmx mks
2001-01-01T13:58:05Z vmauthd[2114791]: Acquired lock for /var/run/vmware/authd_872ddba2b82712d685d273c8b344f6c4
2001-01-01T13:58:05Z vmauthd[2114791]: /vmfs/volumes/3a4fd8ce-fc4375c4-effb-5cf3fce846f8/SGRL-TOR01/SGRL-TOR01.vmx: Connected to mks-fd, remote end sent pid: 2114650
2001-01-01T13:58:05Z vmauthd[2114791]: released lock for /var/run/vmware/authd_872ddba2b82712d685d273c8b344f6c4
2001-01-01T13:58:05Z vmauthd[2114791]: Local connection for mks established.
2001-01-01T14:17:56Z vmauthd[2114931]: Msg_SetLocaleEx: HostLocale=UTF-8 UserLocale=NULL
2001-01-01T14:17:56Z vmauthd[2114931]: Could not expand environment variable HOME.
2001-01-01T14:17:56Z vmauthd[2114931]: Could not expand environment variable HOME.
2001-01-01T14:17:56Z vmauthd[2114931]: DictionaryLoad: Cannot open file "/usr/lib/vmware/config": No such file or directory.
2001-01-01T14:17:56Z vmauthd[2114931]: DictionaryLoad: Cannot open file "~/.vmware/config": No such file or directory.
2001-01-01T14:17:56Z vmauthd[2114931]: DictionaryLoad: Cannot open file "~/.vmware/preferences": No such file or directory.
2001-01-01T14:17:56Z vmauthd[2114931]: lib/ssl: OpenSSL using FIPS_drbg for RAND
2001-01-01T14:17:56Z vmauthd[2114931]: lib/ssl: protocol list tls1.2
2001-01-01T14:17:56Z vmauthd[2114931]: lib/ssl: protocol list tls1.2 (openssl flags 0x17000000)
2001-01-01T14:17:56Z vmauthd[2114931]: lib/ssl: cipher list ECDHE+AESGCM:RSA+AESGCM:ECDHE+AES:RSA+AES
2001-01-01T14:17:56Z vmauthd[2114931]: lib/ssl: curves list prime256v1:secp384r1:secp521r1
2001-01-01T14:17:56Z vmauthd[2114931]: Connect from (local) AF_UNIX socket.
2001-01-01T14:17:56Z vmauthd[2114931]: Connect from 127.0.0.1
2001-01-01T14:17:56Z vmauthd[2114931]: local verification as root
2001-01-01T14:17:56Z vmauthd[2114931]: received CONNECT_NOSTART command: /vmfs/volumes/3a4fd8ce-fc4375c4-effb-5cf3fce846f8/SGRL-TOR01/SGRL-TOR01.vmx vmx-vigor
2001-01-01T14:17:56Z vmauthd[2114931]: Acquired lock for /var/run/vmware/authd_872ddba2b82712d685d273c8b344f6c4
2001-01-01T14:17:56Z vmauthd[2114931]: No such VMware process: /vmfs/volumes/3a4fd8ce-fc4375c4-effb-5cf3fce846f8/SGRL-TOR01/SGRL-TOR01.vmx
2001-01-01T14:17:56Z vmauthd[2114931]: released lock for /var/run/vmware/authd_872ddba2b82712d685d273c8b344f6c4
2001-01-01T14:17:56Z vmauthd[2114931]: Local connection for vmx-vigor failed.
2001-01-01T14:17:56Z vmauthd[2114931]: Read failed.
2001-01-01T14:18:04Z vmauthd[2115062]: Msg_SetLocaleEx: HostLocale=UTF-8 UserLocale=NULL
2001-01-01T14:18:04Z vmauthd[2115062]: Could not expand environment variable HOME.
2001-01-01T14:18:04Z vmauthd[2115062]: Could not expand environment variable HOME.
2001-01-01T14:18:04Z vmauthd[2115062]: DictionaryLoad: Cannot open file "/usr/lib/vmware/config": No such file or directory.
2001-01-01T14:18:04Z vmauthd[2115062]: DictionaryLoad: Cannot open file "~/.vmware/config": No such file or directory.
2001-01-01T14:18:04Z vmauthd[2115062]: DictionaryLoad: Cannot open file "~/.vmware/preferences": No such file or directory.
2001-01-01T14:18:04Z vmauthd[2115062]: lib/ssl: OpenSSL using FIPS_drbg for RAND
2001-01-01T14:18:04Z vmauthd[2115062]: lib/ssl: protocol list tls1.2
2001-01-01T14:18:04Z vmauthd[2115062]: lib/ssl: protocol list tls1.2 (openssl flags 0x17000000)
2001-01-01T14:18:04Z vmauthd[2115062]: lib/ssl: cipher list ECDHE+AESGCM:RSA+AESGCM:ECDHE+AES:RSA+AES
2001-01-01T14:18:04Z vmauthd[2115062]: lib/ssl: curves list prime256v1:secp384r1:secp521r1
2001-01-01T14:18:04Z vmauthd[2115062]: Connect from (local) AF_UNIX socket.
2001-01-01T14:18:04Z vmauthd[2115062]: Connect from 127.0.0.1
2001-01-01T14:18:04Z vmauthd[2115062]: local verification as root
2001-01-01T14:18:04Z vmauthd[2115062]: received CONNECT_NOSTART command: /vmfs/volumes/3a4fd8ce-fc4375c4-effb-5cf3fce846f8/VyOS-Router/VyOS-Router.vmx vmx-vigor
2001-01-01T14:18:04Z vmauthd[2115062]: Acquired lock for /var/run/vmware/authd_91ecdaacce253e6bc5c93f9dde6fab90
2001-01-01T14:18:04Z vmauthd[2115062]: No such VMware process: /vmfs/volumes/3a4fd8ce-fc4375c4-effb-5cf3fce846f8/VyOS-Router/VyOS-Router.vmx
2001-01-01T14:18:04Z vmauthd[2115062]: released lock for /var/run/vmware/authd_91ecdaacce253e6bc5c93f9dde6fab90
2001-01-01T14:18:04Z vmauthd[2115062]: Local connection for vmx-vigor failed.
2001-01-01T14:18:04Z vmauthd[2115062]: Read failed.
2001-01-01T14:18:18Z vmauthd[2115193]: Msg_SetLocaleEx: HostLocale=UTF-8 UserLocale=NULL
2001-01-01T14:18:18Z vmauthd[2115193]: Could not expand environment variable HOME.
2001-01-01T14:18:18Z vmauthd[2115193]: Could not expand environment variable HOME.
2001-01-01T14:18:18Z vmauthd[2115193]: DictionaryLoad: Cannot open file "/usr/lib/vmware/config": No such file or directory.
2001-01-01T14:18:18Z vmauthd[2115193]: DictionaryLoad: Cannot open file "~/.vmware/config": No such file or directory.
2001-01-01T14:18:18Z vmauthd[2115193]: DictionaryLoad: Cannot open file "~/.vmware/preferences": No such file or directory.
2001-01-01T14:18:18Z vmauthd[2115193]: lib/ssl: OpenSSL using FIPS_drbg for RAND
2001-01-01T14:18:18Z vmauthd[2115193]: lib/ssl: protocol list tls1.2
2001-01-01T14:18:18Z vmauthd[2115193]: lib/ssl: protocol list tls1.2 (openssl flags 0x17000000)
2001-01-01T14:18:18Z vmauthd[2115193]: lib/ssl: cipher list ECDHE+AESGCM:RSA+AESGCM:ECDHE+AES:RSA+AES
2001-01-01T14:18:18Z vmauthd[2115193]: lib/ssl: curves list prime256v1:secp384r1:secp521r1
2001-01-01T14:18:18Z vmauthd[2115193]: Connect from (local) AF_UNIX socket.
2001-01-01T14:18:18Z vmauthd[2115193]: Connect from 127.0.0.1
2001-01-01T14:18:18Z vmauthd[2115193]: local verification as root
2001-01-01T14:18:18Z vmauthd[2115193]: received CONNECT_NOSTART command: /vmfs/volumes/3a4fd8ce-fc4375c4-effb-5cf3fce846f8/SGRL-ADC001/SGRL-ADC001.vmx vmx-vigor
2001-01-01T14:18:18Z vmauthd[2115193]: Acquired lock for /var/run/vmware/authd_fa0e92f99f0bc0d4eb3b8d0ec4883621
2001-01-01T14:18:18Z vmauthd[2115193]: No such VMware process: /vmfs/volumes/3a4fd8ce-fc4375c4-effb-5cf3fce846f8/SGRL-ADC001/SGRL-ADC001.vmx
2001-01-01T14:18:18Z vmauthd[2115193]: released lock for /var/run/vmware/authd_fa0e92f99f0bc0d4eb3b8d0ec4883621
2001-01-01T14:18:18Z vmauthd[2115193]: Local connection for vmx-vigor failed.
2001-01-01T14:18:18Z vmauthd[2115193]: Read failed.
2001-01-01T14:18:24Z vmauthd[2115194]: Msg_SetLocaleEx: HostLocale=UTF-8 UserLocale=NULL
2001-01-01T14:18:24Z vmauthd[2115194]: Could not expand environment variable HOME.
2001-01-01T14:18:24Z vmauthd[2115194]: Could not expand environment variable HOME.
2001-01-01T14:18:24Z vmauthd[2115194]: DictionaryLoad: Cannot open file "/usr/lib/vmware/config": No such file or directory.
2001-01-01T14:18:24Z vmauthd[2115194]: DictionaryLoad: Cannot open file "~/.vmware/config": No such file or directory.
2001-01-01T14:18:24Z vmauthd[2115194]: DictionaryLoad: Cannot open file "~/.vmware/preferences": No such file or directory.
2001-01-01T14:18:24Z vmauthd[2115194]: lib/ssl: OpenSSL using FIPS_drbg for RAND
2001-01-01T14:18:24Z vmauthd[2115194]: lib/ssl: protocol list tls1.2
2001-01-01T14:18:24Z vmauthd[2115194]: lib/ssl: protocol list tls1.2 (openssl flags 0x17000000)
2001-01-01T14:18:24Z vmauthd[2115194]: lib/ssl: cipher list ECDHE+AESGCM:RSA+AESGCM:ECDHE+AES:RSA+AES
2001-01-01T14:18:24Z vmauthd[2115194]: lib/ssl: curves list prime256v1:secp384r1:secp521r1
2001-01-01T14:18:24Z vmauthd[2115194]: Connect from (local) AF_UNIX socket.
2001-01-01T14:18:24Z vmauthd[2115194]: Connect from 127.0.0.1
2001-01-01T14:18:24Z vmauthd[2115194]: local verification as root
2001-01-01T14:18:24Z vmauthd[2115194]: received CONNECT_NOSTART command: /vmfs/volumes/3a4fd8ce-fc4375c4-effb-5cf3fce846f8/SGRL-WSU001/SGRL-WSU001.vmx vmx-vigor
2001-01-01T14:18:24Z vmauthd[2115194]: Acquired lock for /var/run/vmware/authd_d8a3682659f5b1580e8f58da79dcd153
2001-01-01T14:18:24Z vmauthd[2115194]: No such VMware process: /vmfs/volumes/3a4fd8ce-fc4375c4-effb-5cf3fce846f8/SGRL-WSU001/SGRL-WSU001.vmx
2001-01-01T14:18:24Z vmauthd[2115194]: released lock for /var/run/vmware/authd_d8a3682659f5b1580e8f58da79dcd153
2001-01-01T14:18:24Z vmauthd[2115194]: Local connection for vmx-vigor failed.
2001-01-01T14:18:24Z vmauthd[2115194]: Read failed.
2001-01-01T14:18:31Z vmauthd[2115311]: Msg_SetLocaleEx: HostLocale=UTF-8 UserLocale=NULL
2001-01-01T14:18:31Z vmauthd[2115311]: Could not expand environment variable HOME.
2001-01-01T14:18:31Z vmauthd[2115311]: Could not expand environment variable HOME.
2001-01-01T14:18:31Z vmauthd[2115311]: DictionaryLoad: Cannot open file "/usr/lib/vmware/config": No such file or directory.
2001-01-01T14:18:31Z vmauthd[2115311]: DictionaryLoad: Cannot open file "~/.vmware/config": No such file or directory.
2001-01-01T14:18:31Z vmauthd[2115311]: DictionaryLoad: Cannot open file "~/.vmware/preferences": No such file or directory.
2001-01-01T14:18:31Z vmauthd[2115311]: lib/ssl: OpenSSL using FIPS_drbg for RAND
2001-01-01T14:18:31Z vmauthd[2115311]: lib/ssl: protocol list tls1.2
2001-01-01T14:18:31Z vmauthd[2115311]: lib/ssl: protocol list tls1.2 (openssl flags 0x17000000)
2001-01-01T14:18:31Z vmauthd[2115311]: lib/ssl: cipher list ECDHE+AESGCM:RSA+AESGCM:ECDHE+AES:RSA+AES
2001-01-01T14:18:31Z vmauthd[2115311]: lib/ssl: curves list prime256v1:secp384r1:secp521r1
2001-01-01T14:18:31Z vmauthd[2115311]: Connect from (local) AF_UNIX socket.
2001-01-01T14:18:31Z vmauthd[2115311]: Connect from 127.0.0.1
2001-01-01T14:18:31Z vmauthd[2115311]: local verification as root
2001-01-01T14:18:31Z vmauthd[2115311]: received CONNECT_NOSTART command: /vmfs/volumes/3a4fd8ce-fc4375c4-effb-5cf3fce846f8/SGRL-JMP001/SGRL-JMP001.vmx vmx-vigor
2001-01-01T14:18:31Z vmauthd[2115311]: Acquired lock for /var/run/vmware/authd_c4ce0adab722156d671ee3cafe1e876f
2001-01-01T14:18:31Z vmauthd[2115311]: No such VMware process: /vmfs/volumes/3a4fd8ce-fc4375c4-effb-5cf3fce846f8/SGRL-JMP001/SGRL-JMP001.vmx
2001-01-01T14:18:31Z vmauthd[2115311]: released lock for /var/run/vmware/authd_c4ce0adab722156d671ee3cafe1e876f
2001-01-01T14:18:31Z vmauthd[2115311]: Local connection for vmx-vigor failed.
2001-01-01T14:18:31Z vmauthd[2115311]: Read failed.
2001-01-01T14:19:06Z vmauthd[2115464]: Msg_SetLocaleEx: HostLocale=UTF-8 UserLocale=NULL
2001-01-01T14:19:06Z vmauthd[2115464]: Could not expand environment variable HOME.
2001-01-01T14:19:06Z vmauthd[2115464]: Could not expand environment variable HOME.
2001-01-01T14:19:06Z vmauthd[2115464]: DictionaryLoad: Cannot open file "/usr/lib/vmware/config": No such file or directory.
2001-01-01T14:19:06Z vmauthd[2115464]: DictionaryLoad: Cannot open file "~/.vmware/config": No such file or directory.
2001-01-01T14:19:06Z vmauthd[2115464]: DictionaryLoad: Cannot open file "~/.vmware/preferences": No such file or directory.
2001-01-01T14:19:06Z vmauthd[2115464]: lib/ssl: OpenSSL using FIPS_drbg for RAND
2001-01-01T14:19:06Z vmauthd[2115464]: lib/ssl: protocol list tls1.2
2001-01-01T14:19:06Z vmauthd[2115464]: lib/ssl: protocol list tls1.2 (openssl flags 0x17000000)
2001-01-01T14:19:06Z vmauthd[2115464]: lib/ssl: cipher list ECDHE+AESGCM:RSA+AESGCM:ECDHE+AES:RSA+AES
2001-01-01T14:19:06Z vmauthd[2115464]: lib/ssl: curves list prime256v1:secp384r1:secp521r1
2001-01-01T14:19:06Z vmauthd[2115464]: Connect from (local) AF_UNIX socket.
2001-01-01T14:19:06Z vmauthd[2115464]: Connect from 127.0.0.1
2001-01-01T14:19:06Z vmauthd[2115464]: local verification as root
2001-01-01T14:19:06Z vmauthd[2115464]: received CONNECT_NOSTART command: /vmfs/volumes/3a4fd8ce-fc4375c4-effb-5cf3fce846f8/ESXI6-TMPL/ESXI6-TMPL.vmx vmx-vigor
2001-01-01T14:19:06Z vmauthd[2115464]: Acquired lock for /var/run/vmware/authd_f0f035ed4b09a80f8d5c4e84046c0362
2001-01-01T14:19:06Z vmauthd[2115464]: No such VMware process: /vmfs/volumes/3a4fd8ce-fc4375c4-effb-5cf3fce846f8/ESXI6-TMPL/ESXI6-TMPL.vmx
2001-01-01T14:19:06Z vmauthd[2115464]: released lock for /var/run/vmware/authd_f0f035ed4b09a80f8d5c4e84046c0362
2001-01-01T14:19:06Z vmauthd[2115464]: Local connection for vmx-vigor failed.
2001-01-01T14:19:06Z vmauthd[2115464]: Read failed.
2001-01-01T14:19:17Z vmauthd[2115599]: Msg_SetLocaleEx: HostLocale=UTF-8 UserLocale=NULL
2001-01-01T14:19:17Z vmauthd[2115599]: Could not expand environment variable HOME.
2001-01-01T14:19:17Z vmauthd[2115599]: Could not expand environment variable HOME.
2001-01-01T14:19:17Z vmauthd[2115599]: DictionaryLoad: Cannot open file "/usr/lib/vmware/config": No such file or directory.
2001-01-01T14:19:17Z vmauthd[2115599]: DictionaryLoad: Cannot open file "~/.vmware/config": No such file or directory.
2001-01-01T14:19:17Z vmauthd[2115599]: DictionaryLoad: Cannot open file "~/.vmware/preferences": No such file or directory.
2001-01-01T14:19:17Z vmauthd[2115599]: lib/ssl: OpenSSL using FIPS_drbg for RAND
2001-01-01T14:19:17Z vmauthd[2115599]: lib/ssl: protocol list tls1.2
2001-01-01T14:19:17Z vmauthd[2115599]: lib/ssl: protocol list tls1.2 (openssl flags 0x17000000)
2001-01-01T14:19:17Z vmauthd[2115599]: lib/ssl: cipher list ECDHE+AESGCM:RSA+AESGCM:ECDHE+AES:RSA+AES
2001-01-01T14:19:17Z vmauthd[2115599]: lib/ssl: curves list prime256v1:secp384r1:secp521r1
2001-01-01T14:19:17Z vmauthd[2115599]: Connect from (local) AF_UNIX socket.
2001-01-01T14:19:17Z vmauthd[2115599]: Connect from 127.0.0.1
2001-01-01T14:19:17Z vmauthd[2115599]: local verification as root
2001-01-01T14:19:17Z vmauthd[2115599]: received CONNECT_NOSTART command: /vmfs/volumes/3a4fd8ce-fc4375c4-effb-5cf3fce846f8/SGRL-VCSA01/SGRL-VCSA01.vmx vmx-vigor
2001-01-01T14:19:17Z vmauthd[2115599]: Acquired lock for /var/run/vmware/authd_84500fb122bfa30daf2e457a68fcb33e
2001-01-01T14:19:17Z vmauthd[2115599]: No such VMware process: /vmfs/volumes/3a4fd8ce-fc4375c4-effb-5cf3fce846f8/SGRL-VCSA01/SGRL-VCSA01.vmx
2001-01-01T14:19:17Z vmauthd[2115599]: released lock for /var/run/vmware/authd_84500fb122bfa30daf2e457a68fcb33e
2001-01-01T14:19:17Z vmauthd[2115599]: Local connection for vmx-vigor failed.
2001-01-01T14:19:17Z vmauthd[2115599]: Read failed.
2001-09-07T12:48:15Z vmauthd[2100144]: Msg_SetLocaleEx: HostLocale=UTF-8 UserLocale=NULL
2001-09-07T12:48:15Z vmauthd[2100144]: Could not expand environment variable HOME.
2001-09-07T12:48:15Z vmauthd[2100144]: Could not expand environment variable HOME.
2001-09-07T12:48:15Z vmauthd[2100144]: DictionaryLoad: Cannot open file "/usr/lib/vmware/config": No such file or directory.
2001-09-07T12:48:15Z vmauthd[2100144]: DictionaryLoad: Cannot open file "~/.vmware/config": No such file or directory.
2001-09-07T12:48:15Z vmauthd[2100144]: DictionaryLoad: Cannot open file "~/.vmware/preferences": No such file or directory.
2001-09-07T12:48:15Z vmauthd[2100144]: lib/ssl: OpenSSL using FIPS_drbg for RAND
2001-09-07T12:48:15Z vmauthd[2100144]: lib/ssl: protocol list tls1.2
2001-09-07T12:48:15Z vmauthd[2100144]: lib/ssl: protocol list tls1.2 (openssl flags 0x17000000)
2001-09-07T12:48:15Z vmauthd[2100144]: lib/ssl: cipher list ECDHE+AESGCM:RSA+AESGCM:ECDHE+AES:RSA+AES
2001-09-07T12:48:15Z vmauthd[2100144]: lib/ssl: curves list prime256v1:secp384r1:secp521r1
2001-09-07T12:48:15Z vmauthd[2100144]: Connect from (local) AF_UNIX socket.
2001-09-07T12:48:15Z vmauthd[2100144]: Connect from 127.0.0.1
2001-09-07T12:48:15Z vmauthd[2100144]: local verification as root
2001-09-07T12:48:15Z vmauthd[2100144]: received CONNECT_NOSTART command: /vmfs/volumes/3a4fd8ce-fc4375c4-effb-5cf3fce846f8/SGRL-VCSA01/SGRL-VCSA01.vmx vmx-vigor
2001-09-07T12:48:15Z vmauthd[2100144]: Acquired lock for /var/run/vmware/authd_84500fb122bfa30daf2e457a68fcb33e
2001-09-07T12:48:15Z vmauthd[2100144]: No such VMware process: /vmfs/volumes/3a4fd8ce-fc4375c4-effb-5cf3fce846f8/SGRL-VCSA01/SGRL-VCSA01.vmx
2001-09-07T12:48:15Z vmauthd[2100144]: released lock for /var/run/vmware/authd_84500fb122bfa30daf2e457a68fcb33e
2001-09-07T12:48:15Z vmauthd[2100144]: Local connection for vmx-vigor failed.
2001-09-07T12:48:15Z vmauthd[2100144]: Read failed.
2001-09-07T12:57:35Z vmauthd[2100500]: Msg_SetLocaleEx: HostLocale=UTF-8 UserLocale=NULL
2001-09-07T12:57:35Z vmauthd[2100500]: Could not expand environment variable HOME.
2001-09-07T12:57:35Z vmauthd[2100500]: Could not expand environment variable HOME.
2001-09-07T12:57:35Z vmauthd[2100500]: DictionaryLoad: Cannot open file "/usr/lib/vmware/config": No such file or directory.
2001-09-07T12:57:35Z vmauthd[2100500]: DictionaryLoad: Cannot open file "~/.vmware/config": No such file or directory.
2001-09-07T12:57:35Z vmauthd[2100500]: DictionaryLoad: Cannot open file "~/.vmware/preferences": No such file or directory.
2001-09-07T12:57:35Z vmauthd[2100500]: lib/ssl: OpenSSL using FIPS_drbg for RAND
2001-09-07T12:57:35Z vmauthd[2100500]: lib/ssl: protocol list tls1.2
2001-09-07T12:57:35Z vmauthd[2100500]: lib/ssl: protocol list tls1.2 (openssl flags 0x17000000)
2001-09-07T12:57:35Z vmauthd[2100500]: lib/ssl: cipher list ECDHE+AESGCM:RSA+AESGCM:ECDHE+AES:RSA+AES
2001-09-07T12:57:35Z vmauthd[2100500]: lib/ssl: curves list prime256v1:secp384r1:secp521r1
2001-09-07T12:57:35Z vmauthd[2100500]: Connect from (local) AF_UNIX socket.
2001-09-07T12:57:35Z vmauthd[2100500]: Connect from 127.0.0.1
2001-09-07T12:57:35Z vmauthd[2100500]: local verification as root
2001-09-07T12:57:35Z vmauthd[2100500]: received CONNECT_NOSTART command: /vmfs/volumes/3a4fd8ce-fc4375c4-effb-5cf3fce846f8/SGRL-VCSA001/SGRL-VCSA001.vmx vmx-vigor
2001-09-07T12:57:35Z vmauthd[2100500]: Acquired lock for /var/run/vmware/authd_e00270a941243db6ec681373dcb839da
2001-09-07T12:57:35Z vmauthd[2100500]: No such VMware process: /vmfs/volumes/3a4fd8ce-fc4375c4-effb-5cf3fce846f8/SGRL-VCSA001/SGRL-VCSA001.vmx
2001-09-07T12:57:35Z vmauthd[2100500]: released lock for /var/run/vmware/authd_e00270a941243db6ec681373dcb839da
2001-09-07T12:57:35Z vmauthd[2100500]: Local connection for vmx-vigor failed.
2001-09-07T12:57:35Z vmauthd[2100500]: Read failed.
2001-09-07T14:16:06Z vmauthd[2101566]: Msg_SetLocaleEx: HostLocale=UTF-8 UserLocale=NULL
2001-09-07T14:16:06Z vmauthd[2101566]: Could not expand environment variable HOME.
2001-09-07T14:16:06Z vmauthd[2101566]: Could not expand environment variable HOME.
2001-09-07T14:16:06Z vmauthd[2101566]: DictionaryLoad: Cannot open file "/usr/lib/vmware/config": No such file or directory.
2001-09-07T14:16:06Z vmauthd[2101566]: DictionaryLoad: Cannot open file "~/.vmware/config": No such file or directory.
2001-09-07T14:16:06Z vmauthd[2101566]: DictionaryLoad: Cannot open file "~/.vmware/preferences": No such file or directory.
2001-09-07T14:16:06Z vmauthd[2101566]: lib/ssl: OpenSSL using FIPS_drbg for RAND
2001-09-07T14:16:06Z vmauthd[2101566]: lib/ssl: protocol list tls1.2
2001-09-07T14:16:06Z vmauthd[2101566]: lib/ssl: protocol list tls1.2 (openssl flags 0x17000000)
2001-09-07T14:16:06Z vmauthd[2101566]: lib/ssl: cipher list ECDHE+AESGCM:RSA+AESGCM:ECDHE+AES:RSA+AES
2001-09-07T14:16:06Z vmauthd[2101566]: lib/ssl: curves list prime256v1:secp384r1:secp521r1
2001-09-07T14:16:06Z vmauthd[2101566]: Connect from remote socket (192.168.1.2:52028).
2001-09-07T14:16:06Z vmauthd[2101566]: Connect from 192.168.1.2
2001-09-07T14:16:06Z vmauthd[2101566]: Received PROXY command for vpxa-nfcssl, session = 52 82 2b 16 5e fe f4 c9-ea 1a 63 9e 46 84 72 11
2001-09-07T14:16:06Z vmauthd[2101566]: vmware-vpxa: Connected to vpxa-nfcssl-fd, remote end sent pid: 2099359
2001-09-07T14:27:41Z vmauthd[2101871]: Msg_SetLocaleEx: HostLocale=UTF-8 UserLocale=NULL
2001-09-07T14:27:41Z vmauthd[2101871]: Could not expand environment variable HOME.
2001-09-07T14:27:41Z vmauthd[2101871]: Could not expand environment variable HOME.
2001-09-07T14:27:41Z vmauthd[2101871]: DictionaryLoad: Cannot open file "/usr/lib/vmware/config": No such file or directory.
2001-09-07T14:27:41Z vmauthd[2101871]: DictionaryLoad: Cannot open file "~/.vmware/config": No such file or directory.
2001-09-07T14:27:41Z vmauthd[2101871]: DictionaryLoad: Cannot open file "~/.vmware/preferences": No such file or directory.
2001-09-07T14:27:41Z vmauthd[2101871]: lib/ssl: OpenSSL using FIPS_drbg for RAND
2001-09-07T14:27:41Z vmauthd[2101871]: lib/ssl: protocol list tls1.2
2001-09-07T14:27:41Z vmauthd[2101871]: lib/ssl: protocol list tls1.2 (openssl flags 0x17000000)
2001-09-07T14:27:41Z vmauthd[2101871]: lib/ssl: cipher list ECDHE+AESGCM:RSA+AESGCM:ECDHE+AES:RSA+AES
2001-09-07T14:27:41Z vmauthd[2101871]: lib/ssl: curves list prime256v1:secp384r1:secp521r1
2001-09-07T14:27:41Z vmauthd[2101871]: Connect from remote socket (192.168.1.2:54772).
2001-09-07T14:27:41Z vmauthd[2101871]: Connect from 192.168.1.2
2001-09-07T14:27:41Z vmauthd[2101871]: FILE: FileCreateDirectoryEx: Failed to create /var/run/vmware/tickets/. Error = 17
2001-09-07T14:27:41Z vmauthd[2101871]: FILE: FileCreateDirectoryEx: Failed to create /var/run/vmware/tickets/. Error = 17
2001-09-07T14:27:41Z vmauthd[2101871]: local verification as root
2001-09-07T14:27:41Z vmauthd[2101871]: login from 192.168.1.2 as 5251e3a7-6c57-ceff-7bd0-a3c580686a08
2001-09-07T14:27:41Z vmauthd[2101871]: received CONNECT command: /vmfs/volumes/3a4fd8ce-fc4375c4-effb-5cf3fce846f8/OpenVPN/OpenVPN.vmx mks
2001-09-07T14:27:41Z vmauthd[2101871]: Acquired lock for /var/run/vmware/authd_467a09f1a0efa3ab588f9f249bc6aba1
2001-09-07T14:27:41Z vmauthd[2101871]: /vmfs/volumes/3a4fd8ce-fc4375c4-effb-5cf3fce846f8/OpenVPN/OpenVPN.vmx: Connected to mks-fd, remote end sent pid: 2101728
2001-09-07T14:27:41Z vmauthd[2101871]: released lock for /var/run/vmware/authd_467a09f1a0efa3ab588f9f249bc6aba1
2001-09-07T14:27:41Z vmauthd[2101871]: Local connection for mks established.
2001-09-07T15:47:01Z vmauthd[2102696]: Msg_SetLocaleEx: HostLocale=UTF-8 UserLocale=NULL
2001-09-07T15:47:01Z vmauthd[2102696]: Could not expand environment variable HOME.
2001-09-07T15:47:01Z vmauthd[2102696]: Could not expand environment variable HOME.
2001-09-07T15:47:01Z vmauthd[2102696]: DictionaryLoad: Cannot open file "/usr/lib/vmware/config": No such file or directory.
2001-09-07T15:47:01Z vmauthd[2102696]: DictionaryLoad: Cannot open file "~/.vmware/config": No such file or directory.
2001-09-07T15:47:01Z vmauthd[2102696]: DictionaryLoad: Cannot open file "~/.vmware/preferences": No such file or directory.
2001-09-07T15:47:01Z vmauthd[2102696]: lib/ssl: OpenSSL using FIPS_drbg for RAND
2001-09-07T15:47:01Z vmauthd[2102696]: lib/ssl: protocol list tls1.2
2001-09-07T15:47:01Z vmauthd[2102696]: lib/ssl: protocol list tls1.2 (openssl flags 0x17000000)
2001-09-07T15:47:01Z vmauthd[2102696]: lib/ssl: cipher list ECDHE+AESGCM:RSA+AESGCM:ECDHE+AES:RSA+AES
2001-09-07T15:47:01Z vmauthd[2102696]: lib/ssl: curves list prime256v1:secp384r1:secp521r1
2001-09-07T15:47:01Z vmauthd[2102696]: Connect from remote socket (192.168.1.2:43740).
2001-09-07T15:47:01Z vmauthd[2102696]: Connect from 192.168.1.2
2001-09-07T15:47:01Z vmauthd[2102696]: FILE: FileCreateDirectoryEx: Failed to create /var/run/vmware/tickets/. Error = 17
2001-09-07T15:47:01Z vmauthd[2102696]: FILE: FileCreateDirectoryEx: Failed to create /var/run/vmware/tickets/. Error = 17
2001-09-07T15:47:01Z vmauthd[2102696]: local verification as root
2001-09-07T15:47:01Z vmauthd[2102696]: login from 192.168.1.2 as 52f050c3-c01c-2016-9cf9-afffa8ee835c
2001-09-07T15:47:01Z vmauthd[2102696]: received CONNECT command: /vmfs/volumes/3a4fd8ce-fc4375c4-effb-5cf3fce846f8/ESXI7-TMPL/ESXI7-TMPL.vmx mks
2001-09-07T15:47:01Z vmauthd[2102696]: Acquired lock for /var/run/vmware/authd_0b618616359c9be3741f1546babdda68
2001-09-07T15:47:01Z vmauthd[2102696]: /vmfs/volumes/3a4fd8ce-fc4375c4-effb-5cf3fce846f8/ESXI7-TMPL/ESXI7-TMPL.vmx: Connected to mks-fd, remote end sent pid: 2102553
2001-09-07T15:47:01Z vmauthd[2102696]: released lock for /var/run/vmware/authd_0b618616359c9be3741f1546babdda68
2001-09-07T15:47:01Z vmauthd[2102696]: Local connection for mks established.
2001-09-07T16:10:12Z vmauthd[2102937]: Msg_SetLocaleEx: HostLocale=UTF-8 UserLocale=NULL
2001-09-07T16:10:12Z vmauthd[2102937]: Could not expand environment variable HOME.
2001-09-07T16:10:12Z vmauthd[2102937]: Could not expand environment variable HOME.
2001-09-07T16:10:12Z vmauthd[2102937]: DictionaryLoad: Cannot open file "/usr/lib/vmware/config": No such file or directory.
2001-09-07T16:10:12Z vmauthd[2102937]: DictionaryLoad: Cannot open file "~/.vmware/config": No such file or directory.
2001-09-07T16:10:12Z vmauthd[2102937]: DictionaryLoad: Cannot open file "~/.vmware/preferences": No such file or directory.
2001-09-07T16:10:12Z vmauthd[2102937]: lib/ssl: OpenSSL using FIPS_drbg for RAND
2001-09-07T16:10:12Z vmauthd[2102937]: lib/ssl: protocol list tls1.2
2001-09-07T16:10:12Z vmauthd[2102937]: lib/ssl: protocol list tls1.2 (openssl flags 0x17000000)
2001-09-07T16:10:12Z vmauthd[2102937]: lib/ssl: cipher list ECDHE+AESGCM:RSA+AESGCM:ECDHE+AES:RSA+AES
2001-09-07T16:10:12Z vmauthd[2102937]: lib/ssl: curves list prime256v1:secp384r1:secp521r1
2001-09-07T16:10:12Z vmauthd[2102937]: Connect from (local) AF_UNIX socket.
2001-09-07T16:10:12Z vmauthd[2102937]: Connect from 127.0.0.1
2001-09-07T16:10:12Z vmauthd[2102937]: local verification as root
2001-09-07T16:10:12Z vmauthd[2102937]: received CONNECT_NOSTART command: /vmfs/volumes/3a4fd8ce-fc4375c4-effb-5cf3fce846f8/ESXI7-TMPL/ESXI7-TMPL.vmx vmx-vigor
2001-09-07T16:10:12Z vmauthd[2102937]: Acquired lock for /var/run/vmware/authd_0b618616359c9be3741f1546babdda68
2001-09-07T16:10:12Z vmauthd[2102937]: No such VMware process: /vmfs/volumes/3a4fd8ce-fc4375c4-effb-5cf3fce846f8/ESXI7-TMPL/ESXI7-TMPL.vmx
2001-09-07T16:10:12Z vmauthd[2102937]: released lock for /var/run/vmware/authd_0b618616359c9be3741f1546babdda68
2001-09-07T16:10:12Z vmauthd[2102937]: Local connection for vmx-vigor failed.
2001-09-07T16:10:12Z vmauthd[2102937]: Read failed.
2001-09-07T16:11:23Z vmauthd[2103101]: Msg_SetLocaleEx: HostLocale=UTF-8 UserLocale=NULL
2001-09-07T16:11:23Z vmauthd[2103101]: Could not expand environment variable HOME.
2001-09-07T16:11:23Z vmauthd[2103101]: Could not expand environment variable HOME.
2001-09-07T16:11:23Z vmauthd[2103101]: DictionaryLoad: Cannot open file "/usr/lib/vmware/config": No such file or directory.
2001-09-07T16:11:23Z vmauthd[2103101]: DictionaryLoad: Cannot open file "~/.vmware/config": No such file or directory.
2001-09-07T16:11:23Z vmauthd[2103101]: DictionaryLoad: Cannot open file "~/.vmware/preferences": No such file or directory.
2001-09-07T16:11:23Z vmauthd[2103101]: lib/ssl: OpenSSL using FIPS_drbg for RAND
2001-09-07T16:11:23Z vmauthd[2103101]: lib/ssl: protocol list tls1.2
2001-09-07T16:11:23Z vmauthd[2103101]: lib/ssl: protocol list tls1.2 (openssl flags 0x17000000)
2001-09-07T16:11:23Z vmauthd[2103101]: lib/ssl: cipher list ECDHE+AESGCM:RSA+AESGCM:ECDHE+AES:RSA+AES
2001-09-07T16:11:23Z vmauthd[2103101]: lib/ssl: curves list prime256v1:secp384r1:secp521r1
2001-09-07T16:11:23Z vmauthd[2103101]: Connect from (local) AF_UNIX socket.
2001-09-07T16:11:23Z vmauthd[2103101]: Connect from 127.0.0.1
2001-09-07T16:11:23Z vmauthd[2103101]: local verification as root
2001-09-07T16:11:23Z vmauthd[2103101]: received CONNECT_NOSTART command: /vmfs/volumes/3a4fd8ce-fc4375c4-effb-5cf3fce846f8/VyOS-Router/VyOS-Router.vmx vmx-vigor
2001-09-07T16:11:23Z vmauthd[2103101]: Acquired lock for /var/run/vmware/authd_91ecdaacce253e6bc5c93f9dde6fab90
2001-09-07T16:11:23Z vmauthd[2103101]: No such VMware process: /vmfs/volumes/3a4fd8ce-fc4375c4-effb-5cf3fce846f8/VyOS-Router/VyOS-Router.vmx
2001-09-07T16:11:23Z vmauthd[2103101]: released lock for /var/run/vmware/authd_91ecdaacce253e6bc5c93f9dde6fab90
2001-09-07T16:11:23Z vmauthd[2103101]: Local connection for vmx-vigor failed.
2001-09-07T16:11:23Z vmauthd[2103101]: Read failed.
2001-09-07T16:11:27Z vmauthd[2103102]: Msg_SetLocaleEx: HostLocale=UTF-8 UserLocale=NULL
2001-09-07T16:11:27Z vmauthd[2103102]: Could not expand environment variable HOME.
2001-09-07T16:11:27Z vmauthd[2103102]: Could not expand environment variable HOME.
2001-09-07T16:11:27Z vmauthd[2103102]: DictionaryLoad: Cannot open file "/usr/lib/vmware/config": No such file or directory.
2001-09-07T16:11:27Z vmauthd[2103102]: DictionaryLoad: Cannot open file "~/.vmware/config": No such file or directory.
2001-09-07T16:11:27Z vmauthd[2103102]: DictionaryLoad: Cannot open file "~/.vmware/preferences": No such file or directory.
2001-09-07T16:11:27Z vmauthd[2103102]: lib/ssl: OpenSSL using FIPS_drbg for RAND
2001-09-07T16:11:27Z vmauthd[2103102]: lib/ssl: protocol list tls1.2
2001-09-07T16:11:27Z vmauthd[2103102]: lib/ssl: protocol list tls1.2 (openssl flags 0x17000000)
2001-09-07T16:11:27Z vmauthd[2103102]: lib/ssl: cipher list ECDHE+AESGCM:RSA+AESGCM:ECDHE+AES:RSA+AES
2001-09-07T16:11:27Z vmauthd[2103102]: lib/ssl: curves list prime256v1:secp384r1:secp521r1
2001-09-07T16:11:27Z vmauthd[2103102]: Connect from (local) AF_UNIX socket.
2001-09-07T16:11:27Z vmauthd[2103102]: Connect from 127.0.0.1
2001-09-07T16:11:27Z vmauthd[2103102]: local verification as root
2001-09-07T16:11:27Z vmauthd[2103102]: received CONNECT_NOSTART command: /vmfs/volumes/3a4fd8ce-fc4375c4-effb-5cf3fce846f8/OpenVPN/OpenVPN.vmx vmx-vigor
2001-09-07T16:11:27Z vmauthd[2103102]: Acquired lock for /var/run/vmware/authd_467a09f1a0efa3ab588f9f249bc6aba1
2001-09-07T16:11:27Z vmauthd[2103102]: No such VMware process: /vmfs/volumes/3a4fd8ce-fc4375c4-effb-5cf3fce846f8/OpenVPN/OpenVPN.vmx
2001-09-07T16:11:27Z vmauthd[2103102]: released lock for /var/run/vmware/authd_467a09f1a0efa3ab588f9f249bc6aba1
2001-09-07T16:11:27Z vmauthd[2103102]: Local connection for vmx-vigor failed.
2001-09-07T16:11:27Z vmauthd[2103102]: Read failed.
2001-09-07T16:12:51Z vmauthd[2103247]: Msg_SetLocaleEx: HostLocale=UTF-8 UserLocale=NULL
2001-09-07T16:12:51Z vmauthd[2103247]: Could not expand environment variable HOME.
2001-09-07T16:12:51Z vmauthd[2103247]: Could not expand environment variable HOME.
2001-09-07T16:12:51Z vmauthd[2103247]: DictionaryLoad: Cannot open file "/usr/lib/vmware/config": No such file or directory.
2001-09-07T16:12:51Z vmauthd[2103247]: DictionaryLoad: Cannot open file "~/.vmware/config": No such file or directory.
2001-09-07T16:12:51Z vmauthd[2103247]: DictionaryLoad: Cannot open file "~/.vmware/preferences": No such file or directory.
2001-09-07T16:12:51Z vmauthd[2103247]: lib/ssl: OpenSSL using FIPS_drbg for RAND
2001-09-07T16:12:51Z vmauthd[2103247]: lib/ssl: protocol list tls1.2
2001-09-07T16:12:51Z vmauthd[2103247]: lib/ssl: protocol list tls1.2 (openssl flags 0x17000000)
2001-09-07T16:12:51Z vmauthd[2103247]: lib/ssl: cipher list ECDHE+AESGCM:RSA+AESGCM:ECDHE+AES:RSA+AES
2001-09-07T16:12:51Z vmauthd[2103247]: lib/ssl: curves list prime256v1:secp384r1:secp521r1
2001-09-07T16:12:51Z vmauthd[2103247]: Connect from (local) AF_UNIX socket.
2001-09-07T16:12:51Z vmauthd[2103247]: Connect from 127.0.0.1
2001-09-07T16:12:51Z vmauthd[2103247]: local verification as root
2001-09-07T16:12:51Z vmauthd[2103247]: received CONNECT_NOSTART command: /vmfs/volumes/3a4fd8ce-fc4375c4-effb-5cf3fce846f8/SGRL-VCSA01/SGRL-VCSA01.vmx vmx-vigor
2001-09-07T16:12:51Z vmauthd[2103247]: Acquired lock for /var/run/vmware/authd_84500fb122bfa30daf2e457a68fcb33e
2001-09-07T16:12:51Z vmauthd[2103247]: No such VMware process: /vmfs/volumes/3a4fd8ce-fc4375c4-effb-5cf3fce846f8/SGRL-VCSA01/SGRL-VCSA01.vmx
2001-09-07T16:12:51Z vmauthd[2103247]: released lock for /var/run/vmware/authd_84500fb122bfa30daf2e457a68fcb33e
2001-09-07T16:12:51Z vmauthd[2103247]: Local connection for vmx-vigor failed.
2001-09-07T16:12:51Z vmauthd[2103247]: Read failed.
2001-01-01T01:03:20Z vmauthd[2100155]: Msg_SetLocaleEx: HostLocale=UTF-8 UserLocale=NULL
2001-01-01T01:03:20Z vmauthd[2100155]: Could not expand environment variable HOME.
2001-01-01T01:03:20Z vmauthd[2100155]: Could not expand environment variable HOME.
2001-01-01T01:03:20Z vmauthd[2100155]: DictionaryLoad: Cannot open file "/usr/lib/vmware/config": No such file or directory.
2001-01-01T01:03:20Z vmauthd[2100155]: DictionaryLoad: Cannot open file "~/.vmware/config": No such file or directory.
2001-01-01T01:03:20Z vmauthd[2100155]: DictionaryLoad: Cannot open file "~/.vmware/preferences": No such file or directory.
2001-01-01T01:03:20Z vmauthd[2100155]: lib/ssl: OpenSSL using FIPS_drbg for RAND
2001-01-01T01:03:20Z vmauthd[2100155]: lib/ssl: protocol list tls1.2
2001-01-01T01:03:20Z vmauthd[2100155]: lib/ssl: protocol list tls1.2 (openssl flags 0x17000000)
2001-01-01T01:03:20Z vmauthd[2100155]: lib/ssl: cipher list ECDHE+AESGCM:RSA+AESGCM:ECDHE+AES:RSA+AES
2001-01-01T01:03:20Z vmauthd[2100155]: lib/ssl: curves list prime256v1:secp384r1:secp521r1
2001-01-01T01:03:20Z vmauthd[2100155]: Connect from (local) AF_UNIX socket.
2001-01-01T01:03:20Z vmauthd[2100155]: Connect from 127.0.0.1
2001-01-01T01:03:20Z vmauthd[2100155]: local verification as root
2001-01-01T01:03:20Z vmauthd[2100155]: received CONNECT_NOSTART command: /vmfs/volumes/3a4fd8ce-fc4375c4-effb-5cf3fce846f8/SGRL-VCSA01/SGRL-VCSA01.vmx vmx-vigor
2001-01-01T01:03:20Z vmauthd[2100155]: Acquired lock for /var/run/vmware/authd_84500fb122bfa30daf2e457a68fcb33e
2001-01-01T01:03:20Z vmauthd[2100155]: No such VMware process: /vmfs/volumes/3a4fd8ce-fc4375c4-effb-5cf3fce846f8/SGRL-VCSA01/SGRL-VCSA01.vmx
2001-01-01T01:03:20Z vmauthd[2100155]: released lock for /var/run/vmware/authd_84500fb122bfa30daf2e457a68fcb33e
2001-01-01T01:03:20Z vmauthd[2100155]: Local connection for vmx-vigor failed.
2001-01-01T01:03:20Z vmauthd[2100155]: Read failed.
2001-09-19T08:59:36Z vmauthd[2101056]: Msg_SetLocaleEx: HostLocale=UTF-8 UserLocale=NULL
2001-09-19T08:59:36Z vmauthd[2101056]: Could not expand environment variable HOME.
2001-09-19T08:59:36Z vmauthd[2101056]: Could not expand environment variable HOME.
2001-09-19T08:59:36Z vmauthd[2101056]: DictionaryLoad: Cannot open file "/usr/lib/vmware/config": No such file or directory.
2001-09-19T08:59:36Z vmauthd[2101056]: DictionaryLoad: Cannot open file "~/.vmware/config": No such file or directory.
2001-09-19T08:59:36Z vmauthd[2101056]: DictionaryLoad: Cannot open file "~/.vmware/preferences": No such file or directory.
2001-09-19T08:59:36Z vmauthd[2101056]: lib/ssl: OpenSSL using FIPS_drbg for RAND
2001-09-19T08:59:36Z vmauthd[2101056]: lib/ssl: protocol list tls1.2
2001-09-19T08:59:36Z vmauthd[2101056]: lib/ssl: protocol list tls1.2 (openssl flags 0x17000000)
2001-09-19T08:59:36Z vmauthd[2101056]: lib/ssl: cipher list ECDHE+AESGCM:RSA+AESGCM:ECDHE+AES:RSA+AES
2001-09-19T08:59:36Z vmauthd[2101056]: lib/ssl: curves list prime256v1:secp384r1:secp521r1
2001-09-19T08:59:36Z vmauthd[2101056]: Connect from remote socket (192.168.1.2:34486).
2001-09-19T08:59:36Z vmauthd[2101056]: Connect from 192.168.1.2
2001-09-19T08:59:36Z vmauthd[2101056]: Received PROXY command for vpxa-nfcssl, session = 52 10 bf 17 4d 4b 6d 35-1b d5 9c 44 f3 19 8f 51
2001-09-19T08:59:36Z vmauthd[2101056]: vmware-vpxa: Connected to vpxa-nfcssl-fd, remote end sent pid: 2099327
2001-09-19T09:22:56Z vmauthd[2103061]: Msg_SetLocaleEx: HostLocale=UTF-8 UserLocale=NULL
2001-09-19T09:22:56Z vmauthd[2103061]: Could not expand environment variable HOME.
2001-09-19T09:22:56Z vmauthd[2103061]: Could not expand environment variable HOME.
2001-09-19T09:22:56Z vmauthd[2103061]: DictionaryLoad: Cannot open file "/usr/lib/vmware/config": No such file or directory.
2001-09-19T09:22:56Z vmauthd[2103061]: DictionaryLoad: Cannot open file "~/.vmware/config": No such file or directory.
2001-09-19T09:22:56Z vmauthd[2103061]: DictionaryLoad: Cannot open file "~/.vmware/preferences": No such file or directory.
2001-09-19T09:22:56Z vmauthd[2103061]: lib/ssl: OpenSSL using FIPS_drbg for RAND
2001-09-19T09:22:56Z vmauthd[2103061]: lib/ssl: protocol list tls1.2
2001-09-19T09:22:56Z vmauthd[2103061]: lib/ssl: protocol list tls1.2 (openssl flags 0x17000000)
2001-09-19T09:22:56Z vmauthd[2103061]: lib/ssl: cipher list ECDHE+AESGCM:RSA+AESGCM:ECDHE+AES:RSA+AES
2001-09-19T09:22:56Z vmauthd[2103061]: lib/ssl: curves list prime256v1:secp384r1:secp521r1
2001-09-19T09:22:56Z vmauthd[2103061]: Connect from remote socket (192.168.1.2:38244).
2001-09-19T09:22:56Z vmauthd[2103061]: Connect from 192.168.1.2
2001-09-19T09:22:56Z vmauthd[2103061]: FILE: FileCreateDirectoryEx: Failed to create /var/run/vmware/tickets/. Error = 17
2001-09-19T09:22:56Z vmauthd[2103061]: FILE: FileCreateDirectoryEx: Failed to create /var/run/vmware/tickets/. Error = 17
2001-09-19T09:22:56Z vmauthd[2103061]: local verification as root
2001-09-19T09:22:56Z vmauthd[2103061]: login from 192.168.1.2 as 5230ab02-3423-6b67-598b-8a7ba88558d1
2001-09-19T09:22:56Z vmauthd[2103061]: received CONNECT command: /vmfs/volumes/3a4fd8ce-fc4375c4-effb-5cf3fce846f8/SGRL-ADC001/SGRL-ADC001.vmx mks
2001-09-19T09:22:56Z vmauthd[2103061]: Acquired lock for /var/run/vmware/authd_fa0e92f99f0bc0d4eb3b8d0ec4883621
2001-09-19T09:22:56Z vmauthd[2103061]: /vmfs/volumes/3a4fd8ce-fc4375c4-effb-5cf3fce846f8/SGRL-ADC001/SGRL-ADC001.vmx: Connected to mks-fd, remote end sent pid: 2102554
2001-09-19T09:22:56Z vmauthd[2103061]: released lock for /var/run/vmware/authd_fa0e92f99f0bc0d4eb3b8d0ec4883621
2001-09-19T09:22:56Z vmauthd[2103061]: Local connection for mks established.
2001-09-19T09:37:57Z vmauthd[2103190]: Msg_SetLocaleEx: HostLocale=UTF-8 UserLocale=NULL
2001-09-19T09:37:57Z vmauthd[2103190]: Could not expand environment variable HOME.
2001-09-19T09:37:57Z vmauthd[2103190]: Could not expand environment variable HOME.
2001-09-19T09:37:57Z vmauthd[2103190]: DictionaryLoad: Cannot open file "/usr/lib/vmware/config": No such file or directory.
2001-09-19T09:37:57Z vmauthd[2103190]: DictionaryLoad: Cannot open file "~/.vmware/config": No such file or directory.
2001-09-19T09:37:57Z vmauthd[2103190]: DictionaryLoad: Cannot open file "~/.vmware/preferences": No such file or directory.
2001-09-19T09:37:57Z vmauthd[2103190]: lib/ssl: OpenSSL using FIPS_drbg for RAND
2001-09-19T09:37:57Z vmauthd[2103190]: lib/ssl: protocol list tls1.2
2001-09-19T09:37:57Z vmauthd[2103190]: lib/ssl: protocol list tls1.2 (openssl flags 0x17000000)
2001-09-19T09:37:57Z vmauthd[2103190]: lib/ssl: cipher list ECDHE+AESGCM:RSA+AESGCM:ECDHE+AES:RSA+AES
2001-09-19T09:37:57Z vmauthd[2103190]: lib/ssl: curves list prime256v1:secp384r1:secp521r1
2001-09-19T09:37:57Z vmauthd[2103190]: Connect from remote socket (192.168.1.2:40518).
2001-09-19T09:37:57Z vmauthd[2103190]: Connect from 192.168.1.2
2001-09-19T09:37:57Z vmauthd[2103190]: FILE: FileCreateDirectoryEx: Failed to create /var/run/vmware/tickets/. Error = 17
2001-09-19T09:37:57Z vmauthd[2103190]: FILE: FileCreateDirectoryEx: Failed to create /var/run/vmware/tickets/. Error = 17
2001-09-19T09:37:57Z vmauthd[2103190]: local verification as root
2001-09-19T09:37:57Z vmauthd[2103190]: login from 192.168.1.2 as 52552902-e159-a2cb-9b40-779cdbccaad7
2001-09-19T09:37:57Z vmauthd[2103190]: received CONNECT command: /vmfs/volumes/3a4fd8ce-fc4375c4-effb-5cf3fce846f8/SGRL-ADC001/SGRL-ADC001.vmx mks
2001-09-19T09:37:57Z vmauthd[2103190]: Acquired lock for /var/run/vmware/authd_fa0e92f99f0bc0d4eb3b8d0ec4883621
2001-09-19T09:37:57Z vmauthd[2103190]: /vmfs/volumes/3a4fd8ce-fc4375c4-effb-5cf3fce846f8/SGRL-ADC001/SGRL-ADC001.vmx: Connected to mks-fd, remote end sent pid: 2102554
2001-09-19T09:37:57Z vmauthd[2103190]: released lock for /var/run/vmware/authd_fa0e92f99f0bc0d4eb3b8d0ec4883621
2001-09-19T09:37:57Z vmauthd[2103190]: Local connection for mks established.
2001-09-19T10:32:55Z vmauthd[2103964]: Msg_SetLocaleEx: HostLocale=UTF-8 UserLocale=NULL
2001-09-19T10:32:55Z vmauthd[2103964]: Could not expand environment variable HOME.
2001-09-19T10:32:55Z vmauthd[2103964]: Could not expand environment variable HOME.
2001-09-19T10:32:55Z vmauthd[2103964]: DictionaryLoad: Cannot open file "/usr/lib/vmware/config": No such file or directory.
2001-09-19T10:32:55Z vmauthd[2103964]: DictionaryLoad: Cannot open file "~/.vmware/config": No such file or directory.
2001-09-19T10:32:55Z vmauthd[2103964]: DictionaryLoad: Cannot open file "~/.vmware/preferences": No such file or directory.
2001-09-19T10:32:55Z vmauthd[2103964]: lib/ssl: OpenSSL using FIPS_drbg for RAND
2001-09-19T10:32:55Z vmauthd[2103964]: lib/ssl: protocol list tls1.2
2001-09-19T10:32:55Z vmauthd[2103964]: lib/ssl: protocol list tls1.2 (openssl flags 0x17000000)
2001-09-19T10:32:55Z vmauthd[2103964]: lib/ssl: cipher list ECDHE+AESGCM:RSA+AESGCM:ECDHE+AES:RSA+AES
2001-09-19T10:32:55Z vmauthd[2103964]: lib/ssl: curves list prime256v1:secp384r1:secp521r1
2001-09-19T10:32:55Z vmauthd[2103964]: Connect from remote socket (192.168.1.2:48284).
2001-09-19T10:32:55Z vmauthd[2103964]: Connect from 192.168.1.2
2001-09-19T10:32:55Z vmauthd[2103964]: FILE: FileCreateDirectoryEx: Failed to create /var/run/vmware/tickets/. Error = 17
2001-09-19T10:32:55Z vmauthd[2103964]: FILE: FileCreateDirectoryEx: Failed to create /var/run/vmware/tickets/. Error = 17
2001-09-19T10:32:55Z vmauthd[2103964]: local verification as root
2001-09-19T10:32:55Z vmauthd[2103964]: login from 192.168.1.2 as 527f747b-9a10-a6fc-3105-f370f7a64b15
2001-09-19T10:32:55Z vmauthd[2103964]: received CONNECT command: /vmfs/volumes/3a4fd8ce-fc4375c4-effb-5cf3fce846f8/SGRL-IPAM001/SGRL-IPAM001.vmx mks
2001-09-19T10:32:55Z vmauthd[2103964]: Acquired lock for /var/run/vmware/authd_2aaf462a6ffcb3133918ce058d4b26a4
2001-09-19T10:32:55Z vmauthd[2103964]: /vmfs/volumes/3a4fd8ce-fc4375c4-effb-5cf3fce846f8/SGRL-IPAM001/SGRL-IPAM001.vmx: Connected to mks-fd, remote end sent pid: 2103819
2001-09-19T10:32:55Z vmauthd[2103964]: released lock for /var/run/vmware/authd_2aaf462a6ffcb3133918ce058d4b26a4
2001-09-19T10:32:55Z vmauthd[2103964]: Local connection for mks established.
2001-09-19T10:41:45Z vmauthd[2103993]: Msg_SetLocaleEx: HostLocale=UTF-8 UserLocale=NULL
2001-09-19T10:41:45Z vmauthd[2103993]: Could not expand environment variable HOME.
2001-09-19T10:41:45Z vmauthd[2103993]: Could not expand environment variable HOME.
2001-09-19T10:41:45Z vmauthd[2103993]: DictionaryLoad: Cannot open file "/usr/lib/vmware/config": No such file or directory.
2001-09-19T10:41:45Z vmauthd[2103993]: DictionaryLoad: Cannot open file "~/.vmware/config": No such file or directory.
2001-09-19T10:41:45Z vmauthd[2103993]: DictionaryLoad: Cannot open file "~/.vmware/preferences": No such file or directory.
2001-09-19T10:41:45Z vmauthd[2103993]: lib/ssl: OpenSSL using FIPS_drbg for RAND
2001-09-19T10:41:45Z vmauthd[2103993]: lib/ssl: protocol list tls1.2
2001-09-19T10:41:45Z vmauthd[2103993]: lib/ssl: protocol list tls1.2 (openssl flags 0x17000000)
2001-09-19T10:41:45Z vmauthd[2103993]: lib/ssl: cipher list ECDHE+AESGCM:RSA+AESGCM:ECDHE+AES:RSA+AES
2001-09-19T10:41:45Z vmauthd[2103993]: lib/ssl: curves list prime256v1:secp384r1:secp521r1
2001-09-19T10:41:45Z vmauthd[2103993]: Connect from remote socket (192.168.1.2:49652).
2001-09-19T10:41:45Z vmauthd[2103993]: Connect from 192.168.1.2
2001-09-19T10:41:45Z vmauthd[2103993]: FILE: FileCreateDirectoryEx: Failed to create /var/run/vmware/tickets/. Error = 17
2001-09-19T10:41:45Z vmauthd[2103993]: FILE: FileCreateDirectoryEx: Failed to create /var/run/vmware/tickets/. Error = 17
2001-09-19T10:41:45Z vmauthd[2103993]: local verification as root
2001-09-19T10:41:45Z vmauthd[2103993]: login from 192.168.1.2 as 5270f5e5-2d91-4b5c-e86c-04d4e21f0a64
2001-09-19T10:41:45Z vmauthd[2103993]: received CONNECT command: /vmfs/volumes/3a4fd8ce-fc4375c4-effb-5cf3fce846f8/SGRL-ADC001/SGRL-ADC001.vmx mks
2001-09-19T10:41:45Z vmauthd[2103993]: Acquired lock for /var/run/vmware/authd_fa0e92f99f0bc0d4eb3b8d0ec4883621
2001-09-19T10:41:45Z vmauthd[2103993]: /vmfs/volumes/3a4fd8ce-fc4375c4-effb-5cf3fce846f8/SGRL-ADC001/SGRL-ADC001.vmx: Connected to mks-fd, remote end sent pid: 2102554
2001-09-19T10:41:45Z vmauthd[2103993]: released lock for /var/run/vmware/authd_fa0e92f99f0bc0d4eb3b8d0ec4883621
2001-09-19T10:41:45Z vmauthd[2103993]: Local connection for mks established.
2001-09-12T10:51:28Z vmauthd[2104103]: Msg_SetLocaleEx: HostLocale=UTF-8 UserLocale=NULL
2001-09-12T10:51:28Z vmauthd[2104103]: Could not expand environment variable HOME.
2001-09-12T10:51:28Z vmauthd[2104103]: Could not expand environment variable HOME.
2001-09-12T10:51:28Z vmauthd[2104103]: DictionaryLoad: Cannot open file "/usr/lib/vmware/config": No such file or directory.
2001-09-12T10:51:28Z vmauthd[2104103]: DictionaryLoad: Cannot open file "~/.vmware/config": No such file or directory.
2001-09-12T10:51:28Z vmauthd[2104103]: DictionaryLoad: Cannot open file "~/.vmware/preferences": No such file or directory.
2001-09-12T10:51:28Z vmauthd[2104103]: lib/ssl: OpenSSL using FIPS_drbg for RAND
2001-09-12T10:51:28Z vmauthd[2104103]: lib/ssl: protocol list tls1.2
2001-09-12T10:51:28Z vmauthd[2104103]: lib/ssl: protocol list tls1.2 (openssl flags 0x17000000)
2001-09-12T10:51:28Z vmauthd[2104103]: lib/ssl: cipher list ECDHE+AESGCM:RSA+AESGCM:ECDHE+AES:RSA+AES
2001-09-12T10:51:28Z vmauthd[2104103]: lib/ssl: curves list prime256v1:secp384r1:secp521r1
2001-09-12T10:51:28Z vmauthd[2104103]: Connect from remote socket (192.168.1.2:51028).
2001-09-12T10:51:28Z vmauthd[2104103]: Connect from 192.168.1.2
2001-09-12T10:51:28Z vmauthd[2104103]: FILE: FileCreateDirectoryEx: Failed to create /var/run/vmware/tickets/. Error = 17
2001-09-12T10:51:28Z vmauthd[2104103]: FILE: FileCreateDirectoryEx: Failed to create /var/run/vmware/tickets/. Error = 17
2001-09-12T10:51:28Z vmauthd[2104103]: local verification as root
2001-09-12T10:51:28Z vmauthd[2104103]: login from 192.168.1.2 as 52e95788-6129-bd72-0b54-66e7d4fe1de3
2001-09-12T10:51:28Z vmauthd[2104103]: received CONNECT command: /vmfs/volumes/3a4fd8ce-fc4375c4-effb-5cf3fce846f8/SGRL-JMP001/SGRL-JMP001.vmx mks
2001-09-12T10:51:28Z vmauthd[2104103]: Acquired lock for /var/run/vmware/authd_c4ce0adab722156d671ee3cafe1e876f
2001-09-12T10:51:28Z vmauthd[2104103]: /vmfs/volumes/3a4fd8ce-fc4375c4-effb-5cf3fce846f8/SGRL-JMP001/SGRL-JMP001.vmx: Connected to mks-fd, remote end sent pid: 2100625
2001-09-12T10:51:28Z vmauthd[2104103]: released lock for /var/run/vmware/authd_c4ce0adab722156d671ee3cafe1e876f
2001-09-12T10:51:28Z vmauthd[2104103]: Local connection for mks established.
2001-09-12T11:36:51Z vmauthd[2104586]: Msg_SetLocaleEx: HostLocale=UTF-8 UserLocale=NULL
2001-09-12T11:36:51Z vmauthd[2104586]: Could not expand environment variable HOME.
2001-09-12T11:36:51Z vmauthd[2104586]: Could not expand environment variable HOME.
2001-09-12T11:36:51Z vmauthd[2104586]: DictionaryLoad: Cannot open file "/usr/lib/vmware/config": No such file or directory.
2001-09-12T11:36:51Z vmauthd[2104586]: DictionaryLoad: Cannot open file "~/.vmware/config": No such file or directory.
2001-09-12T11:36:51Z vmauthd[2104586]: DictionaryLoad: Cannot open file "~/.vmware/preferences": No such file or directory.
2001-09-12T11:36:51Z vmauthd[2104586]: lib/ssl: OpenSSL using FIPS_drbg for RAND
2001-09-12T11:36:51Z vmauthd[2104586]: lib/ssl: protocol list tls1.2
2001-09-12T11:36:51Z vmauthd[2104586]: lib/ssl: protocol list tls1.2 (openssl flags 0x17000000)
2001-09-12T11:36:51Z vmauthd[2104586]: lib/ssl: cipher list ECDHE+AESGCM:RSA+AESGCM:ECDHE+AES:RSA+AES
2001-09-12T11:36:51Z vmauthd[2104586]: lib/ssl: curves list prime256v1:secp384r1:secp521r1
2001-09-12T11:36:51Z vmauthd[2104586]: Connect from (local) AF_UNIX socket.
2001-09-12T11:36:51Z vmauthd[2104586]: Connect from 127.0.0.1
2001-09-12T11:36:51Z vmauthd[2104586]: local verification as root
2001-09-12T11:36:51Z vmauthd[2104586]: received CONNECT_NOSTART command: /vmfs/volumes/3a4fd8ce-fc4375c4-effb-5cf3fce846f8/SGRL-JMP001/SGRL-JMP001.vmx vmx-vigor
2001-09-12T11:36:51Z vmauthd[2104586]: Acquired lock for /var/run/vmware/authd_c4ce0adab722156d671ee3cafe1e876f
2001-09-12T11:36:51Z vmauthd[2104586]: No such VMware process: /vmfs/volumes/3a4fd8ce-fc4375c4-effb-5cf3fce846f8/SGRL-JMP001/SGRL-JMP001.vmx
2001-09-12T11:36:51Z vmauthd[2104586]: released lock for /var/run/vmware/authd_c4ce0adab722156d671ee3cafe1e876f
2001-09-12T11:36:51Z vmauthd[2104586]: Local connection for vmx-vigor failed.
2001-09-12T11:36:51Z vmauthd[2104586]: Read failed.
2001-09-12T11:43:47Z vmauthd[2105008]: Msg_SetLocaleEx: HostLocale=UTF-8 UserLocale=NULL
2001-09-12T11:43:47Z vmauthd[2105008]: Could not expand environment variable HOME.
2001-09-12T11:43:47Z vmauthd[2105008]: Could not expand environment variable HOME.
2001-09-12T11:43:47Z vmauthd[2105008]: DictionaryLoad: Cannot open file "/usr/lib/vmware/config": No such file or directory.
2001-09-12T11:43:47Z vmauthd[2105008]: DictionaryLoad: Cannot open file "~/.vmware/config": No such file or directory.
2001-09-12T11:43:47Z vmauthd[2105008]: DictionaryLoad: Cannot open file "~/.vmware/preferences": No such file or directory.
2001-09-12T11:43:47Z vmauthd[2105008]: lib/ssl: OpenSSL using FIPS_drbg for RAND
2001-09-12T11:43:47Z vmauthd[2105008]: lib/ssl: protocol list tls1.2
2001-09-12T11:43:47Z vmauthd[2105008]: lib/ssl: protocol list tls1.2 (openssl flags 0x17000000)
2001-09-12T11:43:47Z vmauthd[2105008]: lib/ssl: cipher list ECDHE+AESGCM:RSA+AESGCM:ECDHE+AES:RSA+AES
2001-09-12T11:43:47Z vmauthd[2105008]: lib/ssl: curves list prime256v1:secp384r1:secp521r1
2001-09-12T11:43:47Z vmauthd[2105008]: Connect from remote socket (192.168.1.2:58516).
2001-09-12T11:43:47Z vmauthd[2105008]: Connect from 192.168.1.2
2001-09-12T11:43:48Z vmauthd[2105008]: FILE: FileCreateDirectoryEx: Failed to create /var/run/vmware/tickets/. Error = 17
2001-09-12T11:43:48Z vmauthd[2105008]: FILE: FileCreateDirectoryEx: Failed to create /var/run/vmware/tickets/. Error = 17
2001-09-12T11:43:48Z vmauthd[2105008]: local verification as root
2001-09-12T11:43:48Z vmauthd[2105008]: login from 192.168.1.2 as 5284119a-696d-64f8-22ca-315c55cf3a70
2001-09-12T11:43:48Z vmauthd[2105008]: received CONNECT command: /vmfs/volumes/3a4fd8ce-fc4375c4-effb-5cf3fce846f8/WIN11_Template/WIN11_Template.vmx mks
2001-09-12T11:43:48Z vmauthd[2105008]: Acquired lock for /var/run/vmware/authd_5a33af497f44824a9beee0ec5b1ddbec
2001-09-12T11:43:48Z vmauthd[2105008]: /vmfs/volumes/3a4fd8ce-fc4375c4-effb-5cf3fce846f8/WIN11_Template/WIN11_Template.vmx: Connected to mks-fd, remote end sent pid: 2104863
2001-09-12T11:43:48Z vmauthd[2105008]: released lock for /var/run/vmware/authd_5a33af497f44824a9beee0ec5b1ddbec
2001-09-12T11:43:48Z vmauthd[2105008]: Local connection for mks established.
2001-09-12T11:49:13Z vmauthd[2105093]: Msg_SetLocaleEx: HostLocale=UTF-8 UserLocale=NULL
2001-09-12T11:49:13Z vmauthd[2105093]: Could not expand environment variable HOME.
2001-09-12T11:49:13Z vmauthd[2105093]: Could not expand environment variable HOME.
2001-09-12T11:49:13Z vmauthd[2105093]: DictionaryLoad: Cannot open file "/usr/lib/vmware/config": No such file or directory.
2001-09-12T11:49:13Z vmauthd[2105093]: DictionaryLoad: Cannot open file "~/.vmware/config": No such file or directory.
2001-09-12T11:49:13Z vmauthd[2105093]: DictionaryLoad: Cannot open file "~/.vmware/preferences": No such file or directory.
2001-09-12T11:49:13Z vmauthd[2105093]: lib/ssl: OpenSSL using FIPS_drbg for RAND
2001-09-12T11:49:13Z vmauthd[2105093]: lib/ssl: protocol list tls1.2
2001-09-12T11:49:13Z vmauthd[2105093]: lib/ssl: protocol list tls1.2 (openssl flags 0x17000000)
2001-09-12T11:49:13Z vmauthd[2105093]: lib/ssl: cipher list ECDHE+AESGCM:RSA+AESGCM:ECDHE+AES:RSA+AES
2001-09-12T11:49:13Z vmauthd[2105093]: lib/ssl: curves list prime256v1:secp384r1:secp521r1
2001-09-12T11:49:13Z vmauthd[2105093]: Connect from (local) AF_UNIX socket.
2001-09-12T11:49:13Z vmauthd[2105093]: Connect from 127.0.0.1
2001-09-12T11:49:13Z vmauthd[2105093]: local verification as root
2001-09-12T11:49:13Z vmauthd[2105093]: received CONNECT_NOSTART command: /vmfs/volumes/3a4fd8ce-fc4375c4-effb-5cf3fce846f8/WIN11_Template/WIN11_Template.vmx vmx-vigor
2001-09-12T11:49:13Z vmauthd[2105093]: Acquired lock for /var/run/vmware/authd_5a33af497f44824a9beee0ec5b1ddbec
2001-09-12T11:49:13Z vmauthd[2105093]: No such VMware process: /vmfs/volumes/3a4fd8ce-fc4375c4-effb-5cf3fce846f8/WIN11_Template/WIN11_Template.vmx
2001-09-12T11:49:13Z vmauthd[2105093]: released lock for /var/run/vmware/authd_5a33af497f44824a9beee0ec5b1ddbec
2001-09-12T11:49:13Z vmauthd[2105093]: Local connection for vmx-vigor failed.
2001-09-12T11:49:13Z vmauthd[2105093]: Read failed.
2001-09-12T11:51:36Z vmauthd[2105769]: Msg_SetLocaleEx: HostLocale=UTF-8 UserLocale=NULL
2001-09-12T11:51:36Z vmauthd[2105769]: Could not expand environment variable HOME.
2001-09-12T11:51:36Z vmauthd[2105769]: Could not expand environment variable HOME.
2001-09-12T11:51:36Z vmauthd[2105769]: DictionaryLoad: Cannot open file "/usr/lib/vmware/config": No such file or directory.
2001-09-12T11:51:36Z vmauthd[2105769]: DictionaryLoad: Cannot open file "~/.vmware/config": No such file or directory.
2001-09-12T11:51:36Z vmauthd[2105769]: DictionaryLoad: Cannot open file "~/.vmware/preferences": No such file or directory.
2001-09-12T11:51:36Z vmauthd[2105769]: lib/ssl: OpenSSL using FIPS_drbg for RAND
2001-09-12T11:51:36Z vmauthd[2105769]: lib/ssl: protocol list tls1.2
2001-09-12T11:51:36Z vmauthd[2105769]: lib/ssl: protocol list tls1.2 (openssl flags 0x17000000)
2001-09-12T11:51:36Z vmauthd[2105769]: lib/ssl: cipher list ECDHE+AESGCM:RSA+AESGCM:ECDHE+AES:RSA+AES
2001-09-12T11:51:36Z vmauthd[2105769]: lib/ssl: curves list prime256v1:secp384r1:secp521r1
2001-09-12T11:51:36Z vmauthd[2105769]: Connect from remote socket (192.168.1.2:59812).
2001-09-12T11:51:36Z vmauthd[2105769]: Connect from 192.168.1.2
2001-09-12T11:51:36Z vmauthd[2105769]: FILE: FileCreateDirectoryEx: Failed to create /var/run/vmware/tickets/. Error = 17
2001-09-12T11:51:36Z vmauthd[2105769]: FILE: FileCreateDirectoryEx: Failed to create /var/run/vmware/tickets/. Error = 17
2001-09-12T11:51:36Z vmauthd[2105769]: local verification as root
2001-09-12T11:51:36Z vmauthd[2105769]: login from 192.168.1.2 as 52959be6-7a4c-1668-c78f-abe3552931e0
2001-09-12T11:51:36Z vmauthd[2105769]: received CONNECT command: /vmfs/volumes/3a4fd8ce-fc4375c4-effb-5cf3fce846f8/ESXI7-TMPL/ESXI7-TMPL.vmx mks
2001-09-12T11:51:36Z vmauthd[2105769]: Acquired lock for /var/run/vmware/authd_0b618616359c9be3741f1546babdda68
2001-09-12T11:51:36Z vmauthd[2105769]: /vmfs/volumes/3a4fd8ce-fc4375c4-effb-5cf3fce846f8/ESXI7-TMPL/ESXI7-TMPL.vmx: Connected to mks-fd, remote end sent pid: 2105626
2001-09-12T11:51:36Z vmauthd[2105769]: released lock for /var/run/vmware/authd_0b618616359c9be3741f1546babdda68
2001-09-12T11:51:36Z vmauthd[2105769]: Local connection for mks established.
2001-09-12T11:55:08Z vmauthd[2106069]: Msg_SetLocaleEx: HostLocale=UTF-8 UserLocale=NULL
2001-09-12T11:55:08Z vmauthd[2106069]: Could not expand environment variable HOME.
2001-09-12T11:55:08Z vmauthd[2106069]: Could not expand environment variable HOME.
2001-09-12T11:55:08Z vmauthd[2106069]: DictionaryLoad: Cannot open file "/usr/lib/vmware/config": No such file or directory.
2001-09-12T11:55:08Z vmauthd[2106069]: DictionaryLoad: Cannot open file "~/.vmware/config": No such file or directory.
2001-09-12T11:55:08Z vmauthd[2106069]: DictionaryLoad: Cannot open file "~/.vmware/preferences": No such file or directory.
2001-09-12T11:55:08Z vmauthd[2106069]: lib/ssl: OpenSSL using FIPS_drbg for RAND
2001-09-12T11:55:08Z vmauthd[2106069]: lib/ssl: protocol list tls1.2
2001-09-12T11:55:08Z vmauthd[2106069]: lib/ssl: protocol list tls1.2 (openssl flags 0x17000000)
2001-09-12T11:55:08Z vmauthd[2106069]: lib/ssl: cipher list ECDHE+AESGCM:RSA+AESGCM:ECDHE+AES:RSA+AES
2001-09-12T11:55:08Z vmauthd[2106069]: lib/ssl: curves list prime256v1:secp384r1:secp521r1
2001-09-12T11:55:08Z vmauthd[2106069]: Connect from remote socket (192.168.1.2:60528).
2001-09-12T11:55:08Z vmauthd[2106069]: Connect from 192.168.1.2
2001-09-12T11:55:08Z vmauthd[2106069]: FILE: FileCreateDirectoryEx: Failed to create /var/run/vmware/tickets/. Error = 17
2001-09-12T11:55:08Z vmauthd[2106069]: FILE: FileCreateDirectoryEx: Failed to create /var/run/vmware/tickets/. Error = 17
2001-09-12T11:55:08Z vmauthd[2106069]: local verification as root
2001-09-12T11:55:08Z vmauthd[2106069]: login from 192.168.1.2 as 52c52396-9bdd-806e-4282-2369f3e87b17
2001-09-12T11:55:08Z vmauthd[2106069]: received CONNECT command: /vmfs/volumes/3a4fd8ce-fc4375c4-effb-5cf3fce846f8/ESXI8-TMPL/ESXI8-TMPL.vmx mks
2001-09-12T11:55:08Z vmauthd[2106069]: Acquired lock for /var/run/vmware/authd_9ba415e91b75f1e8373776ccacecfded
2001-09-12T11:55:08Z vmauthd[2106069]: /vmfs/volumes/3a4fd8ce-fc4375c4-effb-5cf3fce846f8/ESXI8-TMPL/ESXI8-TMPL.vmx: Connected to mks-fd, remote end sent pid: 2105903
2001-09-12T11:55:08Z vmauthd[2106069]: released lock for /var/run/vmware/authd_9ba415e91b75f1e8373776ccacecfded
2001-09-12T11:55:08Z vmauthd[2106069]: Local connection for mks established.
2001-09-12T12:00:32Z vmauthd[2106087]: Msg_SetLocaleEx: HostLocale=UTF-8 UserLocale=NULL
2001-09-12T12:00:32Z vmauthd[2106087]: Could not expand environment variable HOME.
2001-09-12T12:00:32Z vmauthd[2106087]: Could not expand environment variable HOME.
2001-09-12T12:00:32Z vmauthd[2106087]: DictionaryLoad: Cannot open file "/usr/lib/vmware/config": No such file or directory.
2001-09-12T12:00:32Z vmauthd[2106087]: DictionaryLoad: Cannot open file "~/.vmware/config": No such file or directory.
2001-09-12T12:00:32Z vmauthd[2106087]: DictionaryLoad: Cannot open file "~/.vmware/preferences": No such file or directory.
2001-09-12T12:00:32Z vmauthd[2106087]: lib/ssl: OpenSSL using FIPS_drbg for RAND
2001-09-12T12:00:32Z vmauthd[2106087]: lib/ssl: protocol list tls1.2
2001-09-12T12:00:32Z vmauthd[2106087]: lib/ssl: protocol list tls1.2 (openssl flags 0x17000000)
2001-09-12T12:00:32Z vmauthd[2106087]: lib/ssl: cipher list ECDHE+AESGCM:RSA+AESGCM:ECDHE+AES:RSA+AES
2001-09-12T12:00:32Z vmauthd[2106087]: lib/ssl: curves list prime256v1:secp384r1:secp521r1
2001-09-12T12:00:32Z vmauthd[2106087]: Connect from remote socket (192.168.1.2:33340).
2001-09-12T12:00:32Z vmauthd[2106087]: Connect from 192.168.1.2
2001-09-12T12:00:32Z vmauthd[2106087]: FILE: FileCreateDirectoryEx: Failed to create /var/run/vmware/tickets/. Error = 17
2001-09-12T12:00:32Z vmauthd[2106087]: FILE: FileCreateDirectoryEx: Failed to create /var/run/vmware/tickets/. Error = 17
2001-09-12T12:00:32Z vmauthd[2106087]: local verification as root
2001-09-12T12:00:32Z vmauthd[2106087]: login from 192.168.1.2 as 52f4e7a4-dd9c-988e-59dd-04231ceb45ef
2001-09-12T12:00:32Z vmauthd[2106087]: received CONNECT command: /vmfs/volumes/3a4fd8ce-fc4375c4-effb-5cf3fce846f8/ESXI8-TMPL/ESXI8-TMPL.vmx mks
2001-09-12T12:00:32Z vmauthd[2106087]: Acquired lock for /var/run/vmware/authd_9ba415e91b75f1e8373776ccacecfded
2001-09-12T12:00:32Z vmauthd[2106087]: /vmfs/volumes/3a4fd8ce-fc4375c4-effb-5cf3fce846f8/ESXI8-TMPL/ESXI8-TMPL.vmx: Connected to mks-fd, remote end sent pid: 2105903
2001-09-12T12:00:32Z vmauthd[2106087]: released lock for /var/run/vmware/authd_9ba415e91b75f1e8373776ccacecfded
2001-09-12T12:00:32Z vmauthd[2106087]: Local connection for mks established.
2001-09-12T12:12:27Z vmauthd[2106273]: Msg_SetLocaleEx: HostLocale=UTF-8 UserLocale=NULL
2001-09-12T12:12:27Z vmauthd[2106273]: Could not expand environment variable HOME.
2001-09-12T12:12:27Z vmauthd[2106273]: Could not expand environment variable HOME.
2001-09-12T12:12:27Z vmauthd[2106273]: DictionaryLoad: Cannot open file "/usr/lib/vmware/config": No such file or directory.
2001-09-12T12:12:27Z vmauthd[2106273]: DictionaryLoad: Cannot open file "~/.vmware/config": No such file or directory.
2001-09-12T12:12:27Z vmauthd[2106273]: DictionaryLoad: Cannot open file "~/.vmware/preferences": No such file or directory.
2001-09-12T12:12:27Z vmauthd[2106273]: lib/ssl: OpenSSL using FIPS_drbg for RAND
2001-09-12T12:12:27Z vmauthd[2106273]: lib/ssl: protocol list tls1.2
2001-09-12T12:12:27Z vmauthd[2106273]: lib/ssl: protocol list tls1.2 (openssl flags 0x17000000)
2001-09-12T12:12:27Z vmauthd[2106273]: lib/ssl: cipher list ECDHE+AESGCM:RSA+AESGCM:ECDHE+AES:RSA+AES
2001-09-12T12:12:27Z vmauthd[2106273]: lib/ssl: curves list prime256v1:secp384r1:secp521r1
2001-09-12T12:12:27Z vmauthd[2106273]: Connect from (local) AF_UNIX socket.
2001-09-12T12:12:27Z vmauthd[2106273]: Connect from 127.0.0.1
2001-09-12T12:12:27Z vmauthd[2106273]: local verification as root
2001-09-12T12:12:27Z vmauthd[2106273]: received CONNECT_NOSTART command: /vmfs/volumes/3a4fd8ce-fc4375c4-effb-5cf3fce846f8/ESXI7-TMPL/ESXI7-TMPL.vmx vmx-vigor
2001-09-12T12:12:27Z vmauthd[2106273]: Acquired lock for /var/run/vmware/authd_0b618616359c9be3741f1546babdda68
2001-09-12T12:12:27Z vmauthd[2106273]: No such VMware process: /vmfs/volumes/3a4fd8ce-fc4375c4-effb-5cf3fce846f8/ESXI7-TMPL/ESXI7-TMPL.vmx
2001-09-12T12:12:27Z vmauthd[2106273]: released lock for /var/run/vmware/authd_0b618616359c9be3741f1546babdda68
2001-09-12T12:12:27Z vmauthd[2106273]: Local connection for vmx-vigor failed.
2001-09-12T12:12:27Z vmauthd[2106273]: Read failed.
2001-09-12T12:17:40Z vmauthd[2106438]: Msg_SetLocaleEx: HostLocale=UTF-8 UserLocale=NULL
2001-09-12T12:17:40Z vmauthd[2106438]: Could not expand environment variable HOME.
2001-09-12T12:17:40Z vmauthd[2106438]: Could not expand environment variable HOME.
2001-09-12T12:17:40Z vmauthd[2106438]: DictionaryLoad: Cannot open file "/usr/lib/vmware/config": No such file or directory.
2001-09-12T12:17:40Z vmauthd[2106438]: DictionaryLoad: Cannot open file "~/.vmware/config": No such file or directory.
2001-09-12T12:17:40Z vmauthd[2106438]: DictionaryLoad: Cannot open file "~/.vmware/preferences": No such file or directory.
2001-09-12T12:17:40Z vmauthd[2106438]: lib/ssl: OpenSSL using FIPS_drbg for RAND
2001-09-12T12:17:40Z vmauthd[2106438]: lib/ssl: protocol list tls1.2
2001-09-12T12:17:40Z vmauthd[2106438]: lib/ssl: protocol list tls1.2 (openssl flags 0x17000000)
2001-09-12T12:17:40Z vmauthd[2106438]: lib/ssl: cipher list ECDHE+AESGCM:RSA+AESGCM:ECDHE+AES:RSA+AES
2001-09-12T12:17:40Z vmauthd[2106438]: lib/ssl: curves list prime256v1:secp384r1:secp521r1
2001-09-12T12:17:40Z vmauthd[2106438]: Connect from remote socket (192.168.1.2:36274).
2001-09-12T12:17:40Z vmauthd[2106438]: Connect from 192.168.1.2
2001-09-12T12:17:40Z vmauthd[2106438]: FILE: FileCreateDirectoryEx: Failed to create /var/run/vmware/tickets/. Error = 17
2001-09-12T12:17:40Z vmauthd[2106438]: FILE: FileCreateDirectoryEx: Failed to create /var/run/vmware/tickets/. Error = 17
2001-09-12T12:17:40Z vmauthd[2106438]: local verification as root
2001-09-12T12:17:40Z vmauthd[2106438]: login from 192.168.1.2 as 52f72f86-19b2-d350-ca82-49fc218e2211
2001-09-12T12:17:40Z vmauthd[2106438]: received CONNECT command: /vmfs/volumes/3a4fd8ce-fc4375c4-effb-5cf3fce846f8/ESXI6-TMPL/ESXI6-TMPL.vmx mks
2001-09-12T12:17:40Z vmauthd[2106438]: Acquired lock for /var/run/vmware/authd_f0f035ed4b09a80f8d5c4e84046c0362
2001-09-12T12:17:40Z vmauthd[2106438]: /vmfs/volumes/3a4fd8ce-fc4375c4-effb-5cf3fce846f8/ESXI6-TMPL/ESXI6-TMPL.vmx: Connected to mks-fd, remote end sent pid: 2106425
2001-09-12T12:17:40Z vmauthd[2106438]: released lock for /var/run/vmware/authd_f0f035ed4b09a80f8d5c4e84046c0362
2001-09-12T12:17:40Z vmauthd[2106438]: Local connection for mks established.
2001-09-12T12:26:55Z vmauthd[2106599]: Msg_SetLocaleEx: HostLocale=UTF-8 UserLocale=NULL
2001-09-12T12:26:55Z vmauthd[2106599]: Could not expand environment variable HOME.
2001-09-12T12:26:55Z vmauthd[2106599]: Could not expand environment variable HOME.
2001-09-12T12:26:55Z vmauthd[2106599]: DictionaryLoad: Cannot open file "/usr/lib/vmware/config": No such file or directory.
2001-09-12T12:26:55Z vmauthd[2106599]: DictionaryLoad: Cannot open file "~/.vmware/config": No such file or directory.
2001-09-12T12:26:55Z vmauthd[2106599]: DictionaryLoad: Cannot open file "~/.vmware/preferences": No such file or directory.
2001-09-12T12:26:55Z vmauthd[2106599]: lib/ssl: OpenSSL using FIPS_drbg for RAND
2001-09-12T12:26:55Z vmauthd[2106599]: lib/ssl: protocol list tls1.2
2001-09-12T12:26:55Z vmauthd[2106599]: lib/ssl: protocol list tls1.2 (openssl flags 0x17000000)
2001-09-12T12:26:55Z vmauthd[2106599]: lib/ssl: cipher list ECDHE+AESGCM:RSA+AESGCM:ECDHE+AES:RSA+AES
2001-09-12T12:26:55Z vmauthd[2106599]: lib/ssl: curves list prime256v1:secp384r1:secp521r1
2001-09-12T12:26:55Z vmauthd[2106599]: Connect from remote socket (192.168.1.2:37676).
2001-09-12T12:26:55Z vmauthd[2106599]: Connect from 192.168.1.2
2001-09-12T12:26:55Z vmauthd[2106599]: FILE: FileCreateDirectoryEx: Failed to create /var/run/vmware/tickets/. Error = 17
2001-09-12T12:26:55Z vmauthd[2106599]: FILE: FileCreateDirectoryEx: Failed to create /var/run/vmware/tickets/. Error = 17
2001-09-12T12:26:55Z vmauthd[2106599]: local verification as root
2001-09-12T12:26:55Z vmauthd[2106599]: login from 192.168.1.2 as 52ce5644-dca6-cb83-3e85-ee7b67608c5a
2001-09-12T12:26:55Z vmauthd[2106599]: received CONNECT command: /vmfs/volumes/3a4fd8ce-fc4375c4-effb-5cf3fce846f8/ESXI8-TMPL/ESXI8-TMPL.vmx mks
2001-09-12T12:26:55Z vmauthd[2106599]: Acquired lock for /var/run/vmware/authd_9ba415e91b75f1e8373776ccacecfded
2001-09-12T12:26:55Z vmauthd[2106599]: /vmfs/volumes/3a4fd8ce-fc4375c4-effb-5cf3fce846f8/ESXI8-TMPL/ESXI8-TMPL.vmx: Connected to mks-fd, remote end sent pid: 2105903
2001-09-12T12:26:55Z vmauthd[2106599]: released lock for /var/run/vmware/authd_9ba415e91b75f1e8373776ccacecfded
2001-09-12T12:26:55Z vmauthd[2106599]: Local connection for mks established.
2001-09-12T12:31:18Z vmauthd[2106616]: Msg_SetLocaleEx: HostLocale=UTF-8 UserLocale=NULL
2001-09-12T12:31:18Z vmauthd[2106616]: Could not expand environment variable HOME.
2001-09-12T12:31:18Z vmauthd[2106616]: Could not expand environment variable HOME.
2001-09-12T12:31:18Z vmauthd[2106616]: DictionaryLoad: Cannot open file "/usr/lib/vmware/config": No such file or directory.
2001-09-12T12:31:18Z vmauthd[2106616]: DictionaryLoad: Cannot open file "~/.vmware/config": No such file or directory.
2001-09-12T12:31:18Z vmauthd[2106616]: DictionaryLoad: Cannot open file "~/.vmware/preferences": No such file or directory.
2001-09-12T12:31:18Z vmauthd[2106616]: lib/ssl: OpenSSL using FIPS_drbg for RAND
2001-09-12T12:31:18Z vmauthd[2106616]: lib/ssl: protocol list tls1.2
2001-09-12T12:31:18Z vmauthd[2106616]: lib/ssl: protocol list tls1.2 (openssl flags 0x17000000)
2001-09-12T12:31:18Z vmauthd[2106616]: lib/ssl: cipher list ECDHE+AESGCM:RSA+AESGCM:ECDHE+AES:RSA+AES
2001-09-12T12:31:18Z vmauthd[2106616]: lib/ssl: curves list prime256v1:secp384r1:secp521r1
2001-09-12T12:31:18Z vmauthd[2106616]: Connect from (local) AF_UNIX socket.
2001-09-12T12:31:18Z vmauthd[2106616]: Connect from 127.0.0.1
2001-09-12T12:31:18Z vmauthd[2106616]: local verification as root
2001-09-12T12:31:18Z vmauthd[2106616]: received CONNECT_NOSTART command: /vmfs/volumes/3a4fd8ce-fc4375c4-effb-5cf3fce846f8/ESXI8-TMPL/ESXI8-TMPL.vmx vmx-vigor
2001-09-12T12:31:18Z vmauthd[2106616]: Acquired lock for /var/run/vmware/authd_9ba415e91b75f1e8373776ccacecfded
2001-09-12T12:31:18Z vmauthd[2106616]: No such VMware process: /vmfs/volumes/3a4fd8ce-fc4375c4-effb-5cf3fce846f8/ESXI8-TMPL/ESXI8-TMPL.vmx
2001-09-12T12:31:18Z vmauthd[2106616]: released lock for /var/run/vmware/authd_9ba415e91b75f1e8373776ccacecfded
2001-09-12T12:31:18Z vmauthd[2106616]: Local connection for vmx-vigor failed.
2001-09-12T12:31:18Z vmauthd[2106616]: Read failed.
2001-09-12T12:31:50Z vmauthd[2106903]: Msg_SetLocaleEx: HostLocale=UTF-8 UserLocale=NULL
2001-09-12T12:31:50Z vmauthd[2106903]: Could not expand environment variable HOME.
2001-09-12T12:31:50Z vmauthd[2106903]: Could not expand environment variable HOME.
2001-09-12T12:31:50Z vmauthd[2106903]: DictionaryLoad: Cannot open file "/usr/lib/vmware/config": No such file or directory.
2001-09-12T12:31:50Z vmauthd[2106903]: DictionaryLoad: Cannot open file "~/.vmware/config": No such file or directory.
2001-09-12T12:31:50Z vmauthd[2106903]: DictionaryLoad: Cannot open file "~/.vmware/preferences": No such file or directory.
2001-09-12T12:31:50Z vmauthd[2106903]: lib/ssl: OpenSSL using FIPS_drbg for RAND
2001-09-12T12:31:50Z vmauthd[2106903]: lib/ssl: protocol list tls1.2
2001-09-12T12:31:50Z vmauthd[2106903]: lib/ssl: protocol list tls1.2 (openssl flags 0x17000000)
2001-09-12T12:31:50Z vmauthd[2106903]: lib/ssl: cipher list ECDHE+AESGCM:RSA+AESGCM:ECDHE+AES:RSA+AES
2001-09-12T12:31:50Z vmauthd[2106903]: lib/ssl: curves list prime256v1:secp384r1:secp521r1
2001-09-12T12:31:50Z vmauthd[2106903]: Connect from remote socket (192.168.1.2:38666).
2001-09-12T12:31:50Z vmauthd[2106903]: Connect from 192.168.1.2
2001-09-12T12:31:51Z vmauthd[2106903]: FILE: FileCreateDirectoryEx: Failed to create /var/run/vmware/tickets/. Error = 17
2001-09-12T12:31:51Z vmauthd[2106903]: FILE: FileCreateDirectoryEx: Failed to create /var/run/vmware/tickets/. Error = 17
2001-09-12T12:31:51Z vmauthd[2106903]: local verification as root
2001-09-12T12:31:51Z vmauthd[2106903]: login from 192.168.1.2 as 52f5d3c6-a4d6-eba3-4758-72506b3d9a43
2001-09-12T12:31:51Z vmauthd[2106903]: received CONNECT command: /vmfs/volumes/3a4fd8ce-fc4375c4-effb-5cf3fce846f8/ESXI8-TMPL/ESXI8-TMPL.vmx mks
2001-09-12T12:31:51Z vmauthd[2106903]: Acquired lock for /var/run/vmware/authd_9ba415e91b75f1e8373776ccacecfded
2001-09-12T12:31:51Z vmauthd[2106903]: /vmfs/volumes/3a4fd8ce-fc4375c4-effb-5cf3fce846f8/ESXI8-TMPL/ESXI8-TMPL.vmx: Connected to mks-fd, remote end sent pid: 2106748
2001-09-12T12:31:51Z vmauthd[2106903]: released lock for /var/run/vmware/authd_9ba415e91b75f1e8373776ccacecfded
2001-09-12T12:31:51Z vmauthd[2106903]: Local connection for mks established.
2001-09-12T12:37:47Z vmauthd[2107210]: Msg_SetLocaleEx: HostLocale=UTF-8 UserLocale=NULL
2001-09-12T12:37:47Z vmauthd[2107210]: Could not expand environment variable HOME.
2001-09-12T12:37:47Z vmauthd[2107210]: Could not expand environment variable HOME.
2001-09-12T12:37:47Z vmauthd[2107210]: DictionaryLoad: Cannot open file "/usr/lib/vmware/config": No such file or directory.
2001-09-12T12:37:47Z vmauthd[2107210]: DictionaryLoad: Cannot open file "~/.vmware/config": No such file or directory.
2001-09-12T12:37:47Z vmauthd[2107210]: DictionaryLoad: Cannot open file "~/.vmware/preferences": No such file or directory.
2001-09-12T12:37:47Z vmauthd[2107210]: lib/ssl: OpenSSL using FIPS_drbg for RAND
2001-09-12T12:37:47Z vmauthd[2107210]: lib/ssl: protocol list tls1.2
2001-09-12T12:37:47Z vmauthd[2107210]: lib/ssl: protocol list tls1.2 (openssl flags 0x17000000)
2001-09-12T12:37:47Z vmauthd[2107210]: lib/ssl: cipher list ECDHE+AESGCM:RSA+AESGCM:ECDHE+AES:RSA+AES
2001-09-12T12:37:47Z vmauthd[2107210]: lib/ssl: curves list prime256v1:secp384r1:secp521r1
2001-09-12T12:37:47Z vmauthd[2107210]: Connect from remote socket (192.168.1.2:39920).
2001-09-12T12:37:47Z vmauthd[2107210]: Connect from 192.168.1.2
2001-09-12T12:37:47Z vmauthd[2107210]: FILE: FileCreateDirectoryEx: Failed to create /var/run/vmware/tickets/. Error = 17
2001-09-12T12:37:47Z vmauthd[2107210]: FILE: FileCreateDirectoryEx: Failed to create /var/run/vmware/tickets/. Error = 17
2001-09-12T12:37:47Z vmauthd[2107210]: local verification as root
2001-09-12T12:37:47Z vmauthd[2107210]: login from 192.168.1.2 as 524ecb65-7f94-b960-934f-45e360bd001a
2001-09-12T12:37:47Z vmauthd[2107210]: received CONNECT command: /vmfs/volumes/3a4fd8ce-fc4375c4-effb-5cf3fce846f8/ESXI8-TMPL/ESXI8-TMPL.vmx mks
2001-09-12T12:37:47Z vmauthd[2107210]: Acquired lock for /var/run/vmware/authd_9ba415e91b75f1e8373776ccacecfded
2001-09-12T12:37:47Z vmauthd[2107210]: /vmfs/volumes/3a4fd8ce-fc4375c4-effb-5cf3fce846f8/ESXI8-TMPL/ESXI8-TMPL.vmx: Connected to mks-fd, remote end sent pid: 2106748
2001-09-12T12:37:47Z vmauthd[2107210]: released lock for /var/run/vmware/authd_9ba415e91b75f1e8373776ccacecfded
2001-09-12T12:37:47Z vmauthd[2107210]: Local connection for mks established.
2001-09-12T12:38:59Z vmauthd[2107355]: Msg_SetLocaleEx: HostLocale=UTF-8 UserLocale=NULL
2001-09-12T12:38:59Z vmauthd[2107355]: Could not expand environment variable HOME.
2001-09-12T12:38:59Z vmauthd[2107355]: Could not expand environment variable HOME.
2001-09-12T12:38:59Z vmauthd[2107355]: DictionaryLoad: Cannot open file "/usr/lib/vmware/config": No such file or directory.
2001-09-12T12:38:59Z vmauthd[2107355]: DictionaryLoad: Cannot open file "~/.vmware/config": No such file or directory.
2001-09-12T12:38:59Z vmauthd[2107355]: DictionaryLoad: Cannot open file "~/.vmware/preferences": No such file or directory.
2001-09-12T12:38:59Z vmauthd[2107355]: lib/ssl: OpenSSL using FIPS_drbg for RAND
2001-09-12T12:38:59Z vmauthd[2107355]: lib/ssl: protocol list tls1.2
2001-09-12T12:38:59Z vmauthd[2107355]: lib/ssl: protocol list tls1.2 (openssl flags 0x17000000)
2001-09-12T12:38:59Z vmauthd[2107355]: lib/ssl: cipher list ECDHE+AESGCM:RSA+AESGCM:ECDHE+AES:RSA+AES
2001-09-12T12:38:59Z vmauthd[2107355]: lib/ssl: curves list prime256v1:secp384r1:secp521r1
2001-09-12T12:38:59Z vmauthd[2107355]: Connect from remote socket (192.168.1.2:40176).
2001-09-12T12:38:59Z vmauthd[2107355]: Connect from 192.168.1.2
2001-09-12T12:38:59Z vmauthd[2107355]: FILE: FileCreateDirectoryEx: Failed to create /var/run/vmware/tickets/. Error = 17
2001-09-12T12:38:59Z vmauthd[2107355]: FILE: FileCreateDirectoryEx: Failed to create /var/run/vmware/tickets/. Error = 17
2001-09-12T12:38:59Z vmauthd[2107355]: local verification as root
2001-09-12T12:38:59Z vmauthd[2107355]: login from 192.168.1.2 as 52be30fa-7597-df58-7e85-c65dd62df90d
2001-09-12T12:38:59Z vmauthd[2107355]: received CONNECT command: /vmfs/volumes/3a4fd8ce-fc4375c4-effb-5cf3fce846f8/TMPL-RHEL8/TMPL-RHEL8.vmx mks
2001-09-12T12:38:59Z vmauthd[2107355]: Acquired lock for /var/run/vmware/authd_1d30b46b56f11e77c5d5d0f973f15c2e
2001-09-12T12:38:59Z vmauthd[2107355]: /vmfs/volumes/3a4fd8ce-fc4375c4-effb-5cf3fce846f8/TMPL-RHEL8/TMPL-RHEL8.vmx: Connected to mks-fd, remote end sent pid: 2107212
2001-09-12T12:38:59Z vmauthd[2107355]: released lock for /var/run/vmware/authd_1d30b46b56f11e77c5d5d0f973f15c2e
2001-09-12T12:38:59Z vmauthd[2107355]: Local connection for mks established.
2001-09-12T12:49:36Z vmauthd[2107568]: Msg_SetLocaleEx: HostLocale=UTF-8 UserLocale=NULL
2001-09-12T12:49:36Z vmauthd[2107568]: Could not expand environment variable HOME.
2001-09-12T12:49:36Z vmauthd[2107568]: Could not expand environment variable HOME.
2001-09-12T12:49:36Z vmauthd[2107568]: DictionaryLoad: Cannot open file "/usr/lib/vmware/config": No such file or directory.
2001-09-12T12:49:36Z vmauthd[2107568]: DictionaryLoad: Cannot open file "~/.vmware/config": No such file or directory.
2001-09-12T12:49:36Z vmauthd[2107568]: DictionaryLoad: Cannot open file "~/.vmware/preferences": No such file or directory.
2001-09-12T12:49:36Z vmauthd[2107568]: lib/ssl: OpenSSL using FIPS_drbg for RAND
2001-09-12T12:49:36Z vmauthd[2107568]: lib/ssl: protocol list tls1.2
2001-09-12T12:49:36Z vmauthd[2107568]: lib/ssl: protocol list tls1.2 (openssl flags 0x17000000)
2001-09-12T12:49:36Z vmauthd[2107568]: lib/ssl: cipher list ECDHE+AESGCM:RSA+AESGCM:ECDHE+AES:RSA+AES
2001-09-12T12:49:36Z vmauthd[2107568]: lib/ssl: curves list prime256v1:secp384r1:secp521r1
2001-09-12T12:49:36Z vmauthd[2107568]: Connect from remote socket (192.168.1.2:41572).
2001-09-12T12:49:36Z vmauthd[2107568]: Connect from 192.168.1.2
2001-09-12T12:49:36Z vmauthd[2107568]: FILE: FileCreateDirectoryEx: Failed to create /var/run/vmware/tickets/. Error = 17
2001-09-12T12:49:36Z vmauthd[2107568]: FILE: FileCreateDirectoryEx: Failed to create /var/run/vmware/tickets/. Error = 17
2001-09-12T12:49:36Z vmauthd[2107568]: local verification as root
2001-09-12T12:49:36Z vmauthd[2107568]: login from 192.168.1.2 as 52a688a9-b168-058c-7c03-4bb3d38e01e8
2001-09-12T12:49:36Z vmauthd[2107568]: received CONNECT command: /vmfs/volumes/3a4fd8ce-fc4375c4-effb-5cf3fce846f8/TMPL-RHEL8/TMPL-RHEL8.vmx mks
2001-09-12T12:49:36Z vmauthd[2107568]: Acquired lock for /var/run/vmware/authd_1d30b46b56f11e77c5d5d0f973f15c2e
2001-09-12T12:49:36Z vmauthd[2107568]: /vmfs/volumes/3a4fd8ce-fc4375c4-effb-5cf3fce846f8/TMPL-RHEL8/TMPL-RHEL8.vmx: Connected to mks-fd, remote end sent pid: 2107212
2001-09-12T12:49:36Z vmauthd[2107568]: released lock for /var/run/vmware/authd_1d30b46b56f11e77c5d5d0f973f15c2e
2001-09-12T12:49:36Z vmauthd[2107568]: Local connection for mks established.
2001-09-12T12:51:16Z vmauthd[2107604]: Msg_SetLocaleEx: HostLocale=UTF-8 UserLocale=NULL
2001-09-12T12:51:16Z vmauthd[2107604]: Could not expand environment variable HOME.
2001-09-12T12:51:16Z vmauthd[2107604]: Could not expand environment variable HOME.
2001-09-12T12:51:16Z vmauthd[2107604]: DictionaryLoad: Cannot open file "/usr/lib/vmware/config": No such file or directory.
2001-09-12T12:51:16Z vmauthd[2107604]: DictionaryLoad: Cannot open file "~/.vmware/config": No such file or directory.
2001-09-12T12:51:16Z vmauthd[2107604]: DictionaryLoad: Cannot open file "~/.vmware/preferences": No such file or directory.
2001-09-12T12:51:16Z vmauthd[2107604]: lib/ssl: OpenSSL using FIPS_drbg for RAND
2001-09-12T12:51:16Z vmauthd[2107604]: lib/ssl: protocol list tls1.2
2001-09-12T12:51:16Z vmauthd[2107604]: lib/ssl: protocol list tls1.2 (openssl flags 0x17000000)
2001-09-12T12:51:16Z vmauthd[2107604]: lib/ssl: cipher list ECDHE+AESGCM:RSA+AESGCM:ECDHE+AES:RSA+AES
2001-09-12T12:51:16Z vmauthd[2107604]: lib/ssl: curves list prime256v1:secp384r1:secp521r1
2001-09-12T12:51:16Z vmauthd[2107604]: Connect from remote socket (192.168.1.2:41992).
2001-09-12T12:51:16Z vmauthd[2107604]: Connect from 192.168.1.2
2001-09-12T12:51:16Z vmauthd[2107604]: FILE: FileCreateDirectoryEx: Failed to create /var/run/vmware/tickets/. Error = 17
2001-09-12T12:51:16Z vmauthd[2107604]: FILE: FileCreateDirectoryEx: Failed to create /var/run/vmware/tickets/. Error = 17
2001-09-12T12:51:16Z vmauthd[2107604]: local verification as root
2001-09-12T12:51:16Z vmauthd[2107604]: login from 192.168.1.2 as 526b0410-55d9-7749-8f39-ad452972abbd
2001-09-12T12:51:16Z vmauthd[2107604]: received CONNECT command: /vmfs/volumes/3a4fd8ce-fc4375c4-effb-5cf3fce846f8/TMPL-RHEL8/TMPL-RHEL8.vmx mks
2001-09-12T12:51:16Z vmauthd[2107604]: Acquired lock for /var/run/vmware/authd_1d30b46b56f11e77c5d5d0f973f15c2e
2001-09-12T12:51:16Z vmauthd[2107604]: /vmfs/volumes/3a4fd8ce-fc4375c4-effb-5cf3fce846f8/TMPL-RHEL8/TMPL-RHEL8.vmx: Connected to mks-fd, remote end sent pid: 2107212
2001-09-12T12:51:16Z vmauthd[2107604]: released lock for /var/run/vmware/authd_1d30b46b56f11e77c5d5d0f973f15c2e
2001-09-12T12:51:16Z vmauthd[2107604]: Local connection for mks established.
2001-09-12T13:37:05Z vmauthd[2107896]: Msg_SetLocaleEx: HostLocale=UTF-8 UserLocale=NULL
2001-09-12T13:37:05Z vmauthd[2107896]: Could not expand environment variable HOME.
2001-09-12T13:37:05Z vmauthd[2107896]: Could not expand environment variable HOME.
2001-09-12T13:37:05Z vmauthd[2107896]: DictionaryLoad: Cannot open file "/usr/lib/vmware/config": No such file or directory.
2001-09-12T13:37:05Z vmauthd[2107896]: DictionaryLoad: Cannot open file "~/.vmware/config": No such file or directory.
2001-09-12T13:37:05Z vmauthd[2107896]: DictionaryLoad: Cannot open file "~/.vmware/preferences": No such file or directory.
2001-09-12T13:37:05Z vmauthd[2107896]: lib/ssl: OpenSSL using FIPS_drbg for RAND
2001-09-12T13:37:05Z vmauthd[2107896]: lib/ssl: protocol list tls1.2
2001-09-12T13:37:05Z vmauthd[2107896]: lib/ssl: protocol list tls1.2 (openssl flags 0x17000000)
2001-09-12T13:37:05Z vmauthd[2107896]: lib/ssl: cipher list ECDHE+AESGCM:RSA+AESGCM:ECDHE+AES:RSA+AES
2001-09-12T13:37:05Z vmauthd[2107896]: lib/ssl: curves list prime256v1:secp384r1:secp521r1
2001-09-12T13:37:05Z vmauthd[2107896]: Connect from remote socket (192.168.1.2:48554).
2001-09-12T13:37:05Z vmauthd[2107896]: Connect from 192.168.1.2
2001-09-12T13:37:05Z vmauthd[2107896]: FILE: FileCreateDirectoryEx: Failed to create /var/run/vmware/tickets/. Error = 17
2001-09-12T13:37:05Z vmauthd[2107896]: FILE: FileCreateDirectoryEx: Failed to create /var/run/vmware/tickets/. Error = 17
2001-09-12T13:37:05Z vmauthd[2107896]: local verification as root
2001-09-12T13:37:05Z vmauthd[2107896]: login from 192.168.1.2 as 522e7fa9-1820-a59f-c987-b3288fa54308
2001-09-12T13:37:05Z vmauthd[2107896]: received CONNECT command: /vmfs/volumes/3a4fd8ce-fc4375c4-effb-5cf3fce846f8/ESXI6-TMPL/ESXI6-TMPL.vmx mks
2001-09-12T13:37:05Z vmauthd[2107896]: Acquired lock for /var/run/vmware/authd_f0f035ed4b09a80f8d5c4e84046c0362
2001-09-12T13:37:05Z vmauthd[2107896]: /vmfs/volumes/3a4fd8ce-fc4375c4-effb-5cf3fce846f8/ESXI6-TMPL/ESXI6-TMPL.vmx: Connected to mks-fd, remote end sent pid: 2106425
2001-09-12T13:37:05Z vmauthd[2107896]: released lock for /var/run/vmware/authd_f0f035ed4b09a80f8d5c4e84046c0362
2001-09-12T13:37:05Z vmauthd[2107896]: Local connection for mks established.
2001-09-12T13:37:37Z vmauthd[2107897]: Msg_SetLocaleEx: HostLocale=UTF-8 UserLocale=NULL
2001-09-12T13:37:37Z vmauthd[2107897]: Could not expand environment variable HOME.
2001-09-12T13:37:37Z vmauthd[2107897]: Could not expand environment variable HOME.
2001-09-12T13:37:37Z vmauthd[2107897]: DictionaryLoad: Cannot open file "/usr/lib/vmware/config": No such file or directory.
2001-09-12T13:37:37Z vmauthd[2107897]: DictionaryLoad: Cannot open file "~/.vmware/config": No such file or directory.
2001-09-12T13:37:37Z vmauthd[2107897]: DictionaryLoad: Cannot open file "~/.vmware/preferences": No such file or directory.
2001-09-12T13:37:37Z vmauthd[2107897]: lib/ssl: OpenSSL using FIPS_drbg for RAND
2001-09-12T13:37:37Z vmauthd[2107897]: lib/ssl: protocol list tls1.2
2001-09-12T13:37:37Z vmauthd[2107897]: lib/ssl: protocol list tls1.2 (openssl flags 0x17000000)
2001-09-12T13:37:37Z vmauthd[2107897]: lib/ssl: cipher list ECDHE+AESGCM:RSA+AESGCM:ECDHE+AES:RSA+AES
2001-09-12T13:37:37Z vmauthd[2107897]: lib/ssl: curves list prime256v1:secp384r1:secp521r1
2001-09-12T13:37:37Z vmauthd[2107897]: Connect from (local) AF_UNIX socket.
2001-09-12T13:37:37Z vmauthd[2107897]: Connect from 127.0.0.1
2001-09-12T13:37:37Z vmauthd[2107897]: local verification as root
2001-09-12T13:37:37Z vmauthd[2107897]: received CONNECT_NOSTART command: /vmfs/volumes/3a4fd8ce-fc4375c4-effb-5cf3fce846f8/ESXI6-TMPL/ESXI6-TMPL.vmx vmx-vigor
2001-09-12T13:37:37Z vmauthd[2107897]: Acquired lock for /var/run/vmware/authd_f0f035ed4b09a80f8d5c4e84046c0362
2001-09-12T13:37:37Z vmauthd[2107897]: No such VMware process: /vmfs/volumes/3a4fd8ce-fc4375c4-effb-5cf3fce846f8/ESXI6-TMPL/ESXI6-TMPL.vmx
2001-09-12T13:37:37Z vmauthd[2107897]: released lock for /var/run/vmware/authd_f0f035ed4b09a80f8d5c4e84046c0362
2001-09-12T13:37:37Z vmauthd[2107897]: Local connection for vmx-vigor failed.
2001-09-12T13:37:37Z vmauthd[2107897]: Read failed.
2001-09-12T13:38:16Z vmauthd[2108029]: Msg_SetLocaleEx: HostLocale=UTF-8 UserLocale=NULL
2001-09-12T13:38:16Z vmauthd[2108029]: Could not expand environment variable HOME.
2001-09-12T13:38:16Z vmauthd[2108029]: Could not expand environment variable HOME.
2001-09-12T13:38:16Z vmauthd[2108029]: DictionaryLoad: Cannot open file "/usr/lib/vmware/config": No such file or directory.
2001-09-12T13:38:16Z vmauthd[2108029]: DictionaryLoad: Cannot open file "~/.vmware/config": No such file or directory.
2001-09-12T13:38:16Z vmauthd[2108029]: DictionaryLoad: Cannot open file "~/.vmware/preferences": No such file or directory.
2001-09-12T13:38:16Z vmauthd[2108029]: lib/ssl: OpenSSL using FIPS_drbg for RAND
2001-09-12T13:38:16Z vmauthd[2108029]: lib/ssl: protocol list tls1.2
2001-09-12T13:38:16Z vmauthd[2108029]: lib/ssl: protocol list tls1.2 (openssl flags 0x17000000)
2001-09-12T13:38:16Z vmauthd[2108029]: lib/ssl: cipher list ECDHE+AESGCM:RSA+AESGCM:ECDHE+AES:RSA+AES
2001-09-12T13:38:16Z vmauthd[2108029]: lib/ssl: curves list prime256v1:secp384r1:secp521r1
2001-09-12T13:38:16Z vmauthd[2108029]: Connect from remote socket (192.168.1.2:48822).
2001-09-12T13:38:16Z vmauthd[2108029]: Connect from 192.168.1.2
2001-09-12T13:38:16Z vmauthd[2108029]: FILE: FileCreateDirectoryEx: Failed to create /var/run/vmware/tickets/. Error = 17
2001-09-12T13:38:16Z vmauthd[2108029]: FILE: FileCreateDirectoryEx: Failed to create /var/run/vmware/tickets/. Error = 17
2001-09-12T13:38:16Z vmauthd[2108029]: local verification as root
2001-09-12T13:38:16Z vmauthd[2108029]: login from 192.168.1.2 as 5226d6ef-f002-20d7-41a5-5f3d7ffefd71
2001-09-12T13:38:16Z vmauthd[2108029]: received CONNECT command: /vmfs/volumes/3a4fd8ce-fc4375c4-effb-5cf3fce846f8/ESXI8-TMPL/ESXI8-TMPL.vmx mks
2001-09-12T13:38:16Z vmauthd[2108029]: Acquired lock for /var/run/vmware/authd_9ba415e91b75f1e8373776ccacecfded
2001-09-12T13:38:16Z vmauthd[2108029]: /vmfs/volumes/3a4fd8ce-fc4375c4-effb-5cf3fce846f8/ESXI8-TMPL/ESXI8-TMPL.vmx: Connected to mks-fd, remote end sent pid: 2106748
2001-09-12T13:38:16Z vmauthd[2108029]: released lock for /var/run/vmware/authd_9ba415e91b75f1e8373776ccacecfded
2001-09-12T13:38:16Z vmauthd[2108029]: Local connection for mks established.
2001-09-12T13:40:26Z vmauthd[2108042]: Msg_SetLocaleEx: HostLocale=UTF-8 UserLocale=NULL
2001-09-12T13:40:26Z vmauthd[2108042]: Could not expand environment variable HOME.
2001-09-12T13:40:26Z vmauthd[2108042]: Could not expand environment variable HOME.
2001-09-12T13:40:26Z vmauthd[2108042]: DictionaryLoad: Cannot open file "/usr/lib/vmware/config": No such file or directory.
2001-09-12T13:40:26Z vmauthd[2108042]: DictionaryLoad: Cannot open file "~/.vmware/config": No such file or directory.
2001-09-12T13:40:26Z vmauthd[2108042]: DictionaryLoad: Cannot open file "~/.vmware/preferences": No such file or directory.
2001-09-12T13:40:26Z vmauthd[2108042]: lib/ssl: OpenSSL using FIPS_drbg for RAND
2001-09-12T13:40:26Z vmauthd[2108042]: lib/ssl: protocol list tls1.2
2001-09-12T13:40:26Z vmauthd[2108042]: lib/ssl: protocol list tls1.2 (openssl flags 0x17000000)
2001-09-12T13:40:26Z vmauthd[2108042]: lib/ssl: cipher list ECDHE+AESGCM:RSA+AESGCM:ECDHE+AES:RSA+AES
2001-09-12T13:40:26Z vmauthd[2108042]: lib/ssl: curves list prime256v1:secp384r1:secp521r1
2001-09-12T13:40:26Z vmauthd[2108042]: Connect from remote socket (192.168.1.2:49364).
2001-09-12T13:40:26Z vmauthd[2108042]: Connect from 192.168.1.2
2001-09-12T13:40:26Z vmauthd[2108042]: FILE: FileCreateDirectoryEx: Failed to create /var/run/vmware/tickets/. Error = 17
2001-09-12T13:40:26Z vmauthd[2108042]: FILE: FileCreateDirectoryEx: Failed to create /var/run/vmware/tickets/. Error = 17
2001-09-12T13:40:26Z vmauthd[2108042]: local verification as root
2001-09-12T13:40:26Z vmauthd[2108042]: login from 192.168.1.2 as 52469f19-a9b3-713b-148e-be1dd9752627
2001-09-12T13:40:26Z vmauthd[2108042]: received CONNECT command: /vmfs/volumes/3a4fd8ce-fc4375c4-effb-5cf3fce846f8/TMPL-RHEL8/TMPL-RHEL8.vmx mks
2001-09-12T13:40:26Z vmauthd[2108042]: Acquired lock for /var/run/vmware/authd_1d30b46b56f11e77c5d5d0f973f15c2e
2001-09-12T13:40:26Z vmauthd[2108042]: /vmfs/volumes/3a4fd8ce-fc4375c4-effb-5cf3fce846f8/TMPL-RHEL8/TMPL-RHEL8.vmx: Connected to mks-fd, remote end sent pid: 2107212
2001-09-12T13:40:26Z vmauthd[2108042]: released lock for /var/run/vmware/authd_1d30b46b56f11e77c5d5d0f973f15c2e
2001-09-12T13:40:26Z vmauthd[2108042]: Local connection for mks established.
2001-09-12T14:00:17Z vmauthd[2108220]: Msg_SetLocaleEx: HostLocale=UTF-8 UserLocale=NULL
2001-09-12T14:00:17Z vmauthd[2108220]: Could not expand environment variable HOME.
2001-09-12T14:00:17Z vmauthd[2108220]: Could not expand environment variable HOME.
2001-09-12T14:00:17Z vmauthd[2108220]: DictionaryLoad: Cannot open file "/usr/lib/vmware/config": No such file or directory.
2001-09-12T14:00:17Z vmauthd[2108220]: DictionaryLoad: Cannot open file "~/.vmware/config": No such file or directory.
2001-09-12T14:00:17Z vmauthd[2108220]: DictionaryLoad: Cannot open file "~/.vmware/preferences": No such file or directory.
2001-09-12T14:00:17Z vmauthd[2108220]: lib/ssl: OpenSSL using FIPS_drbg for RAND
2001-09-12T14:00:17Z vmauthd[2108220]: lib/ssl: protocol list tls1.2
2001-09-12T14:00:17Z vmauthd[2108220]: lib/ssl: protocol list tls1.2 (openssl flags 0x17000000)
2001-09-12T14:00:17Z vmauthd[2108220]: lib/ssl: cipher list ECDHE+AESGCM:RSA+AESGCM:ECDHE+AES:RSA+AES
2001-09-12T14:00:17Z vmauthd[2108220]: lib/ssl: curves list prime256v1:secp384r1:secp521r1
2001-09-12T14:00:17Z vmauthd[2108220]: Connect from remote socket (192.168.1.2:52084).
2001-09-12T14:00:17Z vmauthd[2108220]: Connect from 192.168.1.2
2001-09-12T14:00:17Z vmauthd[2108220]: FILE: FileCreateDirectoryEx: Failed to create /var/run/vmware/tickets/. Error = 17
2001-09-12T14:00:17Z vmauthd[2108220]: FILE: FileCreateDirectoryEx: Failed to create /var/run/vmware/tickets/. Error = 17
2001-09-12T14:00:17Z vmauthd[2108220]: local verification as root
2001-09-12T14:00:17Z vmauthd[2108220]: login from 192.168.1.2 as 5246b4fe-7846-cfa6-ee5c-79cce1af268d
2001-09-12T14:00:17Z vmauthd[2108220]: received CONNECT command: /vmfs/volumes/3a4fd8ce-fc4375c4-effb-5cf3fce846f8/ESXI8-TMPL/ESXI8-TMPL.vmx mks
2001-09-12T14:00:17Z vmauthd[2108220]: Acquired lock for /var/run/vmware/authd_9ba415e91b75f1e8373776ccacecfded
2001-09-12T14:00:17Z vmauthd[2108220]: /vmfs/volumes/3a4fd8ce-fc4375c4-effb-5cf3fce846f8/ESXI8-TMPL/ESXI8-TMPL.vmx: Connected to mks-fd, remote end sent pid: 2106748
2001-09-12T14:00:17Z vmauthd[2108220]: released lock for /var/run/vmware/authd_9ba415e91b75f1e8373776ccacecfded
2001-09-12T14:00:17Z vmauthd[2108220]: Local connection for mks established.
2001-09-12T14:07:27Z vmauthd[2108391]: Msg_SetLocaleEx: HostLocale=UTF-8 UserLocale=NULL
2001-09-12T14:07:27Z vmauthd[2108391]: Could not expand environment variable HOME.
2001-09-12T14:07:27Z vmauthd[2108391]: Could not expand environment variable HOME.
2001-09-12T14:07:27Z vmauthd[2108391]: DictionaryLoad: Cannot open file "/usr/lib/vmware/config": No such file or directory.
2001-09-12T14:07:27Z vmauthd[2108391]: DictionaryLoad: Cannot open file "~/.vmware/config": No such file or directory.
2001-09-12T14:07:27Z vmauthd[2108391]: DictionaryLoad: Cannot open file "~/.vmware/preferences": No such file or directory.
2001-09-12T14:07:27Z vmauthd[2108391]: lib/ssl: OpenSSL using FIPS_drbg for RAND
2001-09-12T14:07:27Z vmauthd[2108391]: lib/ssl: protocol list tls1.2
2001-09-12T14:07:27Z vmauthd[2108391]: lib/ssl: protocol list tls1.2 (openssl flags 0x17000000)
2001-09-12T14:07:27Z vmauthd[2108391]: lib/ssl: cipher list ECDHE+AESGCM:RSA+AESGCM:ECDHE+AES:RSA+AES
2001-09-12T14:07:27Z vmauthd[2108391]: lib/ssl: curves list prime256v1:secp384r1:secp521r1
2001-09-12T14:07:27Z vmauthd[2108391]: Connect from (local) AF_UNIX socket.
2001-09-12T14:07:27Z vmauthd[2108391]: Connect from 127.0.0.1
2001-09-12T14:07:27Z vmauthd[2108391]: local verification as root
2001-09-12T14:07:27Z vmauthd[2108391]: received CONNECT_NOSTART command: /vmfs/volumes/3a4fd8ce-fc4375c4-effb-5cf3fce846f8/TMPL-RHEL8/TMPL-RHEL8.vmx vmx-vigor
2001-09-12T14:07:27Z vmauthd[2108391]: Acquired lock for /var/run/vmware/authd_1d30b46b56f11e77c5d5d0f973f15c2e
2001-09-12T14:07:27Z vmauthd[2108391]: No such VMware process: /vmfs/volumes/3a4fd8ce-fc4375c4-effb-5cf3fce846f8/TMPL-RHEL8/TMPL-RHEL8.vmx
2001-09-12T14:07:27Z vmauthd[2108391]: released lock for /var/run/vmware/authd_1d30b46b56f11e77c5d5d0f973f15c2e
2001-09-12T14:07:27Z vmauthd[2108391]: Local connection for vmx-vigor failed.
2001-09-12T14:07:27Z vmauthd[2108391]: Read failed.
2001-09-12T14:46:35Z vmauthd[2108642]: Msg_SetLocaleEx: HostLocale=UTF-8 UserLocale=NULL
2001-09-12T14:46:35Z vmauthd[2108642]: Could not expand environment variable HOME.
2001-09-12T14:46:35Z vmauthd[2108642]: Could not expand environment variable HOME.
2001-09-12T14:46:35Z vmauthd[2108642]: DictionaryLoad: Cannot open file "/usr/lib/vmware/config": No such file or directory.
2001-09-12T14:46:35Z vmauthd[2108642]: DictionaryLoad: Cannot open file "~/.vmware/config": No such file or directory.
2001-09-12T14:46:35Z vmauthd[2108642]: DictionaryLoad: Cannot open file "~/.vmware/preferences": No such file or directory.
2001-09-12T14:46:35Z vmauthd[2108642]: lib/ssl: OpenSSL using FIPS_drbg for RAND
2001-09-12T14:46:35Z vmauthd[2108642]: lib/ssl: protocol list tls1.2
2001-09-12T14:46:35Z vmauthd[2108642]: lib/ssl: protocol list tls1.2 (openssl flags 0x17000000)
2001-09-12T14:46:35Z vmauthd[2108642]: lib/ssl: cipher list ECDHE+AESGCM:RSA+AESGCM:ECDHE+AES:RSA+AES
2001-09-12T14:46:35Z vmauthd[2108642]: lib/ssl: curves list prime256v1:secp384r1:secp521r1
2001-09-12T14:46:35Z vmauthd[2108642]: Connect from remote socket (192.168.1.2:58694).
2001-09-12T14:46:35Z vmauthd[2108642]: Connect from 192.168.1.2
2001-09-12T14:46:35Z vmauthd[2108642]: FILE: FileCreateDirectoryEx: Failed to create /var/run/vmware/tickets/. Error = 17
2001-09-12T14:46:35Z vmauthd[2108642]: FILE: FileCreateDirectoryEx: Failed to create /var/run/vmware/tickets/. Error = 17
2001-09-12T14:46:35Z vmauthd[2108642]: local verification as root
2001-09-12T14:46:35Z vmauthd[2108642]: login from 192.168.1.2 as 52e40b93-5084-44de-8208-5928acb5fb16
2001-09-12T14:46:35Z vmauthd[2108642]: received CONNECT command: /vmfs/volumes/3a4fd8ce-fc4375c4-effb-5cf3fce846f8/ESXI8-TMPL/ESXI8-TMPL.vmx mks
2001-09-12T14:46:35Z vmauthd[2108642]: Acquired lock for /var/run/vmware/authd_9ba415e91b75f1e8373776ccacecfded
2001-09-12T14:46:35Z vmauthd[2108642]: /vmfs/volumes/3a4fd8ce-fc4375c4-effb-5cf3fce846f8/ESXI8-TMPL/ESXI8-TMPL.vmx: Connected to mks-fd, remote end sent pid: 2106748
2001-09-12T14:46:35Z vmauthd[2108642]: released lock for /var/run/vmware/authd_9ba415e91b75f1e8373776ccacecfded
2001-09-12T14:46:35Z vmauthd[2108642]: Local connection for mks established.
2001-09-12T14:47:05Z vmauthd[2108646]: Msg_SetLocaleEx: HostLocale=UTF-8 UserLocale=NULL
2001-09-12T14:47:05Z vmauthd[2108646]: Could not expand environment variable HOME.
2001-09-12T14:47:05Z vmauthd[2108646]: Could not expand environment variable HOME.
2001-09-12T14:47:05Z vmauthd[2108646]: DictionaryLoad: Cannot open file "/usr/lib/vmware/config": No such file or directory.
2001-09-12T14:47:05Z vmauthd[2108646]: DictionaryLoad: Cannot open file "~/.vmware/config": No such file or directory.
2001-09-12T14:47:05Z vmauthd[2108646]: DictionaryLoad: Cannot open file "~/.vmware/preferences": No such file or directory.
2001-09-12T14:47:05Z vmauthd[2108646]: lib/ssl: OpenSSL using FIPS_drbg for RAND
2001-09-12T14:47:05Z vmauthd[2108646]: lib/ssl: protocol list tls1.2
2001-09-12T14:47:05Z vmauthd[2108646]: lib/ssl: protocol list tls1.2 (openssl flags 0x17000000)
2001-09-12T14:47:05Z vmauthd[2108646]: lib/ssl: cipher list ECDHE+AESGCM:RSA+AESGCM:ECDHE+AES:RSA+AES
2001-09-12T14:47:05Z vmauthd[2108646]: lib/ssl: curves list prime256v1:secp384r1:secp521r1
2001-09-12T14:47:05Z vmauthd[2108646]: Connect from (local) AF_UNIX socket.
2001-09-12T14:47:05Z vmauthd[2108646]: Connect from 127.0.0.1
2001-09-12T14:47:05Z vmauthd[2108646]: local verification as root
2001-09-12T14:47:05Z vmauthd[2108646]: received CONNECT_NOSTART command: /vmfs/volumes/3a4fd8ce-fc4375c4-effb-5cf3fce846f8/ESXI8-TMPL/ESXI8-TMPL.vmx vmx-vigor
2001-09-12T14:47:05Z vmauthd[2108646]: Acquired lock for /var/run/vmware/authd_9ba415e91b75f1e8373776ccacecfded
2001-09-12T14:47:05Z vmauthd[2108646]: No such VMware process: /vmfs/volumes/3a4fd8ce-fc4375c4-effb-5cf3fce846f8/ESXI8-TMPL/ESXI8-TMPL.vmx
2001-09-12T14:47:05Z vmauthd[2108646]: released lock for /var/run/vmware/authd_9ba415e91b75f1e8373776ccacecfded
2001-09-12T14:47:05Z vmauthd[2108646]: Local connection for vmx-vigor failed.
2001-09-12T14:47:05Z vmauthd[2108646]: Read failed.
2001-09-12T14:59:24Z vmauthd[2109544]: Msg_SetLocaleEx: HostLocale=UTF-8 UserLocale=NULL
2001-09-12T14:59:24Z vmauthd[2109544]: Could not expand environment variable HOME.
2001-09-12T14:59:24Z vmauthd[2109544]: Could not expand environment variable HOME.
2001-09-12T14:59:24Z vmauthd[2109544]: DictionaryLoad: Cannot open file "/usr/lib/vmware/config": No such file or directory.
2001-09-12T14:59:24Z vmauthd[2109544]: DictionaryLoad: Cannot open file "~/.vmware/config": No such file or directory.
2001-09-12T14:59:24Z vmauthd[2109544]: DictionaryLoad: Cannot open file "~/.vmware/preferences": No such file or directory.
2001-09-12T14:59:24Z vmauthd[2109544]: lib/ssl: OpenSSL using FIPS_drbg for RAND
2001-09-12T14:59:24Z vmauthd[2109544]: lib/ssl: protocol list tls1.2
2001-09-12T14:59:24Z vmauthd[2109544]: lib/ssl: protocol list tls1.2 (openssl flags 0x17000000)
2001-09-12T14:59:24Z vmauthd[2109544]: lib/ssl: cipher list ECDHE+AESGCM:RSA+AESGCM:ECDHE+AES:RSA+AES
2001-09-12T14:59:24Z vmauthd[2109544]: lib/ssl: curves list prime256v1:secp384r1:secp521r1
2001-09-12T14:59:24Z vmauthd[2109544]: Connect from remote socket (192.168.1.2:33228).
2001-09-12T14:59:24Z vmauthd[2109544]: Connect from 192.168.1.2
2001-09-12T14:59:24Z vmauthd[2109544]: Received PROXY command for vpxa-nfcssl, session = 52 66 4a 8e 5a 3b f3 1d-60 2e 2d f3 9d 36 b8 19
2001-09-12T14:59:24Z vmauthd[2109544]: vmware-vpxa: Connected to vpxa-nfcssl-fd, remote end sent pid: 2099327
2001-09-12T15:20:21Z vmauthd[2110096]: Msg_SetLocaleEx: HostLocale=UTF-8 UserLocale=NULL
2001-09-12T15:20:21Z vmauthd[2110096]: Could not expand environment variable HOME.
2001-09-12T15:20:21Z vmauthd[2110096]: Could not expand environment variable HOME.
2001-09-12T15:20:21Z vmauthd[2110096]: DictionaryLoad: Cannot open file "/usr/lib/vmware/config": No such file or directory.
2001-09-12T15:20:21Z vmauthd[2110096]: DictionaryLoad: Cannot open file "~/.vmware/config": No such file or directory.
2001-09-12T15:20:21Z vmauthd[2110096]: DictionaryLoad: Cannot open file "~/.vmware/preferences": No such file or directory.
2001-09-12T15:20:21Z vmauthd[2110096]: lib/ssl: OpenSSL using FIPS_drbg for RAND
2001-09-12T15:20:21Z vmauthd[2110096]: lib/ssl: protocol list tls1.2
2001-09-12T15:20:21Z vmauthd[2110096]: lib/ssl: protocol list tls1.2 (openssl flags 0x17000000)
2001-09-12T15:20:21Z vmauthd[2110096]: lib/ssl: cipher list ECDHE+AESGCM:RSA+AESGCM:ECDHE+AES:RSA+AES
2001-09-12T15:20:21Z vmauthd[2110096]: lib/ssl: curves list prime256v1:secp384r1:secp521r1
2001-09-12T15:20:21Z vmauthd[2110096]: Connect from remote socket (192.168.1.2:36268).
2001-09-12T15:20:21Z vmauthd[2110096]: Connect from 192.168.1.2
2001-09-12T15:20:21Z vmauthd[2110096]: FILE: FileCreateDirectoryEx: Failed to create /var/run/vmware/tickets/. Error = 17
2001-09-12T15:20:21Z vmauthd[2110096]: FILE: FileCreateDirectoryEx: Failed to create /var/run/vmware/tickets/. Error = 17
2001-09-12T15:20:21Z vmauthd[2110096]: local verification as root
2001-09-12T15:20:21Z vmauthd[2110096]: login from 192.168.1.2 as 52f59092-3b27-0535-ed23-840565a6a50a
2001-09-12T15:20:21Z vmauthd[2110096]: received CONNECT command: /vmfs/volumes/3a4fd8ce-fc4375c4-effb-5cf3fce846f8/TMPL-RHEL8/TMPL-RHEL8.vmx mks
2001-09-12T15:20:22Z vmauthd[2110096]: Acquired lock for /var/run/vmware/authd_1d30b46b56f11e77c5d5d0f973f15c2e
2001-09-12T15:20:22Z vmauthd[2110096]: /vmfs/volumes/3a4fd8ce-fc4375c4-effb-5cf3fce846f8/TMPL-RHEL8/TMPL-RHEL8.vmx: Connected to mks-fd, remote end sent pid: 2109942
2001-09-12T15:20:22Z vmauthd[2110096]: released lock for /var/run/vmware/authd_1d30b46b56f11e77c5d5d0f973f15c2e
2001-09-12T15:20:22Z vmauthd[2110096]: Local connection for mks established.
2001-09-12T16:10:32Z vmauthd[2110844]: Msg_SetLocaleEx: HostLocale=UTF-8 UserLocale=NULL
2001-09-12T16:10:32Z vmauthd[2110844]: Could not expand environment variable HOME.
2001-09-12T16:10:32Z vmauthd[2110844]: Could not expand environment variable HOME.
2001-09-12T16:10:32Z vmauthd[2110844]: DictionaryLoad: Cannot open file "/usr/lib/vmware/config": No such file or directory.
2001-09-12T16:10:32Z vmauthd[2110844]: DictionaryLoad: Cannot open file "~/.vmware/config": No such file or directory.
2001-09-12T16:10:32Z vmauthd[2110844]: DictionaryLoad: Cannot open file "~/.vmware/preferences": No such file or directory.
2001-09-12T16:10:32Z vmauthd[2110844]: lib/ssl: OpenSSL using FIPS_drbg for RAND
2001-09-12T16:10:32Z vmauthd[2110844]: lib/ssl: protocol list tls1.2
2001-09-12T16:10:32Z vmauthd[2110844]: lib/ssl: protocol list tls1.2 (openssl flags 0x17000000)
2001-09-12T16:10:32Z vmauthd[2110844]: lib/ssl: cipher list ECDHE+AESGCM:RSA+AESGCM:ECDHE+AES:RSA+AES
2001-09-12T16:10:32Z vmauthd[2110844]: lib/ssl: curves list prime256v1:secp384r1:secp521r1
2001-09-12T16:10:32Z vmauthd[2110844]: Connect from remote socket (192.168.1.2:43394).
2001-09-12T16:10:32Z vmauthd[2110844]: Connect from 192.168.1.2
2001-09-12T16:10:32Z vmauthd[2110844]: FILE: FileCreateDirectoryEx: Failed to create /var/run/vmware/tickets/. Error = 17
2001-09-12T16:10:32Z vmauthd[2110844]: FILE: FileCreateDirectoryEx: Failed to create /var/run/vmware/tickets/. Error = 17
2001-09-12T16:10:32Z vmauthd[2110844]: local verification as root
2001-09-12T16:10:32Z vmauthd[2110844]: login from 192.168.1.2 as 52f66611-5d2b-a00c-7e52-7ba9dd0123c2
2001-09-12T16:10:32Z vmauthd[2110844]: received CONNECT command: /vmfs/volumes/3a4fd8ce-fc4375c4-effb-5cf3fce846f8/SGRL-JMP001/SGRL-JMP001.vmx mks
2001-09-12T16:10:32Z vmauthd[2110844]: Acquired lock for /var/run/vmware/authd_c4ce0adab722156d671ee3cafe1e876f
2001-09-12T16:10:32Z vmauthd[2110844]: /vmfs/volumes/3a4fd8ce-fc4375c4-effb-5cf3fce846f8/SGRL-JMP001/SGRL-JMP001.vmx: Connected to mks-fd, remote end sent pid: 2110668
2001-09-12T16:10:32Z vmauthd[2110844]: released lock for /var/run/vmware/authd_c4ce0adab722156d671ee3cafe1e876f
2001-09-12T16:10:32Z vmauthd[2110844]: Local connection for mks established.
2001-09-12T16:45:21Z vmauthd[2112445]: Msg_SetLocaleEx: HostLocale=UTF-8 UserLocale=NULL
2001-09-12T16:45:21Z vmauthd[2112445]: Could not expand environment variable HOME.
2001-09-12T16:45:21Z vmauthd[2112445]: Could not expand environment variable HOME.
2001-09-12T16:45:21Z vmauthd[2112445]: DictionaryLoad: Cannot open file "/usr/lib/vmware/config": No such file or directory.
2001-09-12T16:45:21Z vmauthd[2112445]: DictionaryLoad: Cannot open file "~/.vmware/config": No such file or directory.
2001-09-12T16:45:21Z vmauthd[2112445]: DictionaryLoad: Cannot open file "~/.vmware/preferences": No such file or directory.
2001-09-12T16:45:21Z vmauthd[2112445]: lib/ssl: OpenSSL using FIPS_drbg for RAND
2001-09-12T16:45:21Z vmauthd[2112445]: lib/ssl: protocol list tls1.2
2001-09-12T16:45:21Z vmauthd[2112445]: lib/ssl: protocol list tls1.2 (openssl flags 0x17000000)
2001-09-12T16:45:21Z vmauthd[2112445]: lib/ssl: cipher list ECDHE+AESGCM:RSA+AESGCM:ECDHE+AES:RSA+AES
2001-09-12T16:45:21Z vmauthd[2112445]: lib/ssl: curves list prime256v1:secp384r1:secp521r1
2001-09-12T16:45:21Z vmauthd[2112445]: Connect from remote socket (192.168.1.2:48450).
2001-09-12T16:45:21Z vmauthd[2112445]: Connect from 192.168.1.2
2001-09-12T16:45:21Z vmauthd[2112445]: FILE: FileCreateDirectoryEx: Failed to create /var/run/vmware/tickets/. Error = 17
2001-09-12T16:45:21Z vmauthd[2112445]: FILE: FileCreateDirectoryEx: Failed to create /var/run/vmware/tickets/. Error = 17
2001-09-12T16:45:21Z vmauthd[2112445]: local verification as root
2001-09-12T16:45:21Z vmauthd[2112445]: login from 192.168.1.2 as 529213b8-4976-3967-76da-2e31cddaf3fc
2001-09-12T16:45:21Z vmauthd[2112445]: received CONNECT command: /vmfs/volumes/3a4fd8ce-fc4375c4-effb-5cf3fce846f8/RHEL10-TMPL/RHEL10-TMPL.vmx mks
2001-09-12T16:45:21Z vmauthd[2112445]: Acquired lock for /var/run/vmware/authd_d4aa485beb1bd69dac2dd7712435f2f7
2001-09-12T16:45:21Z vmauthd[2112445]: /vmfs/volumes/3a4fd8ce-fc4375c4-effb-5cf3fce846f8/RHEL10-TMPL/RHEL10-TMPL.vmx: Connected to mks-fd, remote end sent pid: 2111606
2001-09-12T16:45:21Z vmauthd[2112445]: released lock for /var/run/vmware/authd_d4aa485beb1bd69dac2dd7712435f2f7
2001-09-12T16:45:21Z vmauthd[2112445]: Local connection for mks established.
2001-09-12T16:45:50Z vmauthd[2112470]: Msg_SetLocaleEx: HostLocale=UTF-8 UserLocale=NULL
2001-09-12T16:45:50Z vmauthd[2112470]: Could not expand environment variable HOME.
2001-09-12T16:45:50Z vmauthd[2112470]: Could not expand environment variable HOME.
2001-09-12T16:45:50Z vmauthd[2112470]: DictionaryLoad: Cannot open file "/usr/lib/vmware/config": No such file or directory.
2001-09-12T16:45:50Z vmauthd[2112470]: DictionaryLoad: Cannot open file "~/.vmware/config": No such file or directory.
2001-09-12T16:45:50Z vmauthd[2112470]: DictionaryLoad: Cannot open file "~/.vmware/preferences": No such file or directory.
2001-09-12T16:45:50Z vmauthd[2112470]: lib/ssl: OpenSSL using FIPS_drbg for RAND
2001-09-12T16:45:50Z vmauthd[2112470]: lib/ssl: protocol list tls1.2
2001-09-12T16:45:50Z vmauthd[2112470]: lib/ssl: protocol list tls1.2 (openssl flags 0x17000000)
2001-09-12T16:45:50Z vmauthd[2112470]: lib/ssl: cipher list ECDHE+AESGCM:RSA+AESGCM:ECDHE+AES:RSA+AES
2001-09-12T16:45:50Z vmauthd[2112470]: lib/ssl: curves list prime256v1:secp384r1:secp521r1
2001-09-12T16:45:50Z vmauthd[2112470]: Connect from remote socket (192.168.1.2:48516).
2001-09-12T16:45:50Z vmauthd[2112470]: Connect from 192.168.1.2
2001-09-12T16:45:50Z vmauthd[2112470]: FILE: FileCreateDirectoryEx: Failed to create /var/run/vmware/tickets/. Error = 17
2001-09-12T16:45:50Z vmauthd[2112470]: FILE: FileCreateDirectoryEx: Failed to create /var/run/vmware/tickets/. Error = 17
2001-09-12T16:45:50Z vmauthd[2112470]: local verification as root
2001-09-12T16:45:50Z vmauthd[2112470]: login from 192.168.1.2 as 52e70c44-33b3-0613-88e4-e921373d3cb3
2001-09-12T16:45:50Z vmauthd[2112470]: received CONNECT command: /vmfs/volumes/3a4fd8ce-fc4375c4-effb-5cf3fce846f8/RHEL9-TMPL/RHEL9-TMPL.vmx mks
2001-09-12T16:45:50Z vmauthd[2112470]: Acquired lock for /var/run/vmware/authd_812ce3ce92d223f7bbd42a2d1ed08787
2001-09-12T16:45:50Z vmauthd[2112470]: /vmfs/volumes/3a4fd8ce-fc4375c4-effb-5cf3fce846f8/RHEL9-TMPL/RHEL9-TMPL.vmx: Connected to mks-fd, remote end sent pid: 2112302
2001-09-12T16:45:50Z vmauthd[2112470]: released lock for /var/run/vmware/authd_812ce3ce92d223f7bbd42a2d1ed08787
2001-09-12T16:45:50Z vmauthd[2112470]: Local connection for mks established.
2001-09-12T16:49:56Z vmauthd[2112551]: Msg_SetLocaleEx: HostLocale=UTF-8 UserLocale=NULL
2001-09-12T16:49:56Z vmauthd[2112551]: Could not expand environment variable HOME.
2001-09-12T16:49:56Z vmauthd[2112551]: Could not expand environment variable HOME.
2001-09-12T16:49:56Z vmauthd[2112551]: DictionaryLoad: Cannot open file "/usr/lib/vmware/config": No such file or directory.
2001-09-12T16:49:56Z vmauthd[2112551]: DictionaryLoad: Cannot open file "~/.vmware/config": No such file or directory.
2001-09-12T16:49:56Z vmauthd[2112551]: DictionaryLoad: Cannot open file "~/.vmware/preferences": No such file or directory.
2001-09-12T16:49:56Z vmauthd[2112551]: lib/ssl: OpenSSL using FIPS_drbg for RAND
2001-09-12T16:49:56Z vmauthd[2112551]: lib/ssl: protocol list tls1.2
2001-09-12T16:49:56Z vmauthd[2112551]: lib/ssl: protocol list tls1.2 (openssl flags 0x17000000)
2001-09-12T16:49:56Z vmauthd[2112551]: lib/ssl: cipher list ECDHE+AESGCM:RSA+AESGCM:ECDHE+AES:RSA+AES
2001-09-12T16:49:56Z vmauthd[2112551]: lib/ssl: curves list prime256v1:secp384r1:secp521r1
2001-09-12T16:49:56Z vmauthd[2112551]: Connect from (local) AF_UNIX socket.
2001-09-12T16:49:56Z vmauthd[2112551]: Connect from 127.0.0.1
2001-09-12T16:49:56Z vmauthd[2112551]: local verification as root
2001-09-12T16:49:56Z vmauthd[2112551]: received CONNECT_NOSTART command: /vmfs/volumes/3a4fd8ce-fc4375c4-effb-5cf3fce846f8/RHEL9-TMPL/RHEL9-TMPL.vmx vmx-vigor
2001-09-12T16:49:56Z vmauthd[2112551]: Acquired lock for /var/run/vmware/authd_812ce3ce92d223f7bbd42a2d1ed08787
2001-09-12T16:49:56Z vmauthd[2112551]: No such VMware process: /vmfs/volumes/3a4fd8ce-fc4375c4-effb-5cf3fce846f8/RHEL9-TMPL/RHEL9-TMPL.vmx
2001-09-12T16:49:56Z vmauthd[2112551]: released lock for /var/run/vmware/authd_812ce3ce92d223f7bbd42a2d1ed08787
2001-09-12T16:49:56Z vmauthd[2112551]: Local connection for vmx-vigor failed.
2001-09-12T16:49:56Z vmauthd[2112551]: Read failed.
2001-09-12T16:50:03Z vmauthd[2112692]: Msg_SetLocaleEx: HostLocale=UTF-8 UserLocale=NULL
2001-09-12T16:50:03Z vmauthd[2112692]: Could not expand environment variable HOME.
2001-09-12T16:50:03Z vmauthd[2112692]: Could not expand environment variable HOME.
2001-09-12T16:50:03Z vmauthd[2112692]: DictionaryLoad: Cannot open file "/usr/lib/vmware/config": No such file or directory.
2001-09-12T16:50:03Z vmauthd[2112692]: DictionaryLoad: Cannot open file "~/.vmware/config": No such file or directory.
2001-09-12T16:50:03Z vmauthd[2112692]: DictionaryLoad: Cannot open file "~/.vmware/preferences": No such file or directory.
2001-09-12T16:50:03Z vmauthd[2112692]: lib/ssl: OpenSSL using FIPS_drbg for RAND
2001-09-12T16:50:03Z vmauthd[2112692]: lib/ssl: protocol list tls1.2
2001-09-12T16:50:03Z vmauthd[2112692]: lib/ssl: protocol list tls1.2 (openssl flags 0x17000000)
2001-09-12T16:50:03Z vmauthd[2112692]: lib/ssl: cipher list ECDHE+AESGCM:RSA+AESGCM:ECDHE+AES:RSA+AES
2001-09-12T16:50:03Z vmauthd[2112692]: lib/ssl: curves list prime256v1:secp384r1:secp521r1
2001-09-12T16:50:03Z vmauthd[2112692]: Connect from (local) AF_UNIX socket.
2001-09-12T16:50:03Z vmauthd[2112692]: Connect from 127.0.0.1
2001-09-12T16:50:03Z vmauthd[2112692]: local verification as root
2001-09-12T16:50:03Z vmauthd[2112692]: received CONNECT_NOSTART command: /vmfs/volumes/3a4fd8ce-fc4375c4-effb-5cf3fce846f8/RHEL8-TMPL/RHEL8-TMPL.vmx vmx-vigor
2001-09-12T16:50:03Z vmauthd[2112692]: Acquired lock for /var/run/vmware/authd_94c3a7d3307903162a7295fe9cf74b01
2001-09-12T16:50:03Z vmauthd[2112692]: No such VMware process: /vmfs/volumes/3a4fd8ce-fc4375c4-effb-5cf3fce846f8/RHEL8-TMPL/RHEL8-TMPL.vmx
2001-09-12T16:50:03Z vmauthd[2112692]: released lock for /var/run/vmware/authd_94c3a7d3307903162a7295fe9cf74b01
2001-09-12T16:50:03Z vmauthd[2112692]: Local connection for vmx-vigor failed.
2001-09-12T16:50:03Z vmauthd[2112692]: Read failed.
2001-09-12T16:50:15Z vmauthd[2112693]: Msg_SetLocaleEx: HostLocale=UTF-8 UserLocale=NULL
2001-09-12T16:50:15Z vmauthd[2112693]: Could not expand environment variable HOME.
2001-09-12T16:50:15Z vmauthd[2112693]: Could not expand environment variable HOME.
2001-09-12T16:50:15Z vmauthd[2112693]: DictionaryLoad: Cannot open file "/usr/lib/vmware/config": No such file or directory.
2001-09-12T16:50:15Z vmauthd[2112693]: DictionaryLoad: Cannot open file "~/.vmware/config": No such file or directory.
2001-09-12T16:50:15Z vmauthd[2112693]: DictionaryLoad: Cannot open file "~/.vmware/preferences": No such file or directory.
2001-09-12T16:50:15Z vmauthd[2112693]: lib/ssl: OpenSSL using FIPS_drbg for RAND
2001-09-12T16:50:15Z vmauthd[2112693]: lib/ssl: protocol list tls1.2
2001-09-12T16:50:15Z vmauthd[2112693]: lib/ssl: protocol list tls1.2 (openssl flags 0x17000000)
2001-09-12T16:50:15Z vmauthd[2112693]: lib/ssl: cipher list ECDHE+AESGCM:RSA+AESGCM:ECDHE+AES:RSA+AES
2001-09-12T16:50:15Z vmauthd[2112693]: lib/ssl: curves list prime256v1:secp384r1:secp521r1
2001-09-12T16:50:15Z vmauthd[2112693]: Connect from (local) AF_UNIX socket.
2001-09-12T16:50:15Z vmauthd[2112693]: Connect from 127.0.0.1
2001-09-12T16:50:15Z vmauthd[2112693]: local verification as root
2001-09-12T16:50:15Z vmauthd[2112693]: received CONNECT_NOSTART command: /vmfs/volumes/3a4fd8ce-fc4375c4-effb-5cf3fce846f8/RHEL10-TMPL/RHEL10-TMPL.vmx vmx-vigor
2001-09-12T16:50:15Z vmauthd[2112693]: Acquired lock for /var/run/vmware/authd_d4aa485beb1bd69dac2dd7712435f2f7
2001-09-12T16:50:15Z vmauthd[2112693]: No such VMware process: /vmfs/volumes/3a4fd8ce-fc4375c4-effb-5cf3fce846f8/RHEL10-TMPL/RHEL10-TMPL.vmx
2001-09-12T16:50:15Z vmauthd[2112693]: released lock for /var/run/vmware/authd_d4aa485beb1bd69dac2dd7712435f2f7
2001-09-12T16:50:15Z vmauthd[2112693]: Local connection for vmx-vigor failed.
2001-09-12T16:50:15Z vmauthd[2112693]: Read failed.
2001-09-12T16:51:27Z vmauthd[2112861]: Msg_SetLocaleEx: HostLocale=UTF-8 UserLocale=NULL
2001-09-12T16:51:27Z vmauthd[2112861]: Could not expand environment variable HOME.
2001-09-12T16:51:27Z vmauthd[2112861]: Could not expand environment variable HOME.
2001-09-12T16:51:27Z vmauthd[2112861]: DictionaryLoad: Cannot open file "/usr/lib/vmware/config": No such file or directory.
2001-09-12T16:51:27Z vmauthd[2112861]: DictionaryLoad: Cannot open file "~/.vmware/config": No such file or directory.
2001-09-12T16:51:27Z vmauthd[2112861]: DictionaryLoad: Cannot open file "~/.vmware/preferences": No such file or directory.
2001-09-12T16:51:27Z vmauthd[2112861]: lib/ssl: OpenSSL using FIPS_drbg for RAND
2001-09-12T16:51:27Z vmauthd[2112861]: lib/ssl: protocol list tls1.2
2001-09-12T16:51:27Z vmauthd[2112861]: lib/ssl: protocol list tls1.2 (openssl flags 0x17000000)
2001-09-12T16:51:27Z vmauthd[2112861]: lib/ssl: cipher list ECDHE+AESGCM:RSA+AESGCM:ECDHE+AES:RSA+AES
2001-09-12T16:51:27Z vmauthd[2112861]: lib/ssl: curves list prime256v1:secp384r1:secp521r1
2001-09-12T16:51:27Z vmauthd[2112861]: Connect from (local) AF_UNIX socket.
2001-09-12T16:51:27Z vmauthd[2112861]: Connect from 127.0.0.1
2001-09-12T16:51:27Z vmauthd[2112861]: local verification as root
2001-09-12T16:51:27Z vmauthd[2112861]: received CONNECT_NOSTART command: /vmfs/volumes/3a4fd8ce-fc4375c4-effb-5cf3fce846f8/RHEL10-TMPL/RHEL10-TMPL.vmx vmx-vigor
2001-09-12T16:51:27Z vmauthd[2112861]: Acquired lock for /var/run/vmware/authd_d4aa485beb1bd69dac2dd7712435f2f7
2001-09-12T16:51:27Z vmauthd[2112861]: No such VMware process: /vmfs/volumes/3a4fd8ce-fc4375c4-effb-5cf3fce846f8/RHEL10-TMPL/RHEL10-TMPL.vmx
2001-09-12T16:51:27Z vmauthd[2112861]: released lock for /var/run/vmware/authd_d4aa485beb1bd69dac2dd7712435f2f7
2001-09-12T16:51:27Z vmauthd[2112861]: Local connection for vmx-vigor failed.
2001-09-12T16:51:27Z vmauthd[2112861]: Read failed.
2001-09-12T16:54:33Z vmauthd[2113008]: Msg_SetLocaleEx: HostLocale=UTF-8 UserLocale=NULL
2001-09-12T16:54:33Z vmauthd[2113008]: Could not expand environment variable HOME.
2001-09-12T16:54:33Z vmauthd[2113008]: Could not expand environment variable HOME.
2001-09-12T16:54:33Z vmauthd[2113008]: DictionaryLoad: Cannot open file "/usr/lib/vmware/config": No such file or directory.
2001-09-12T16:54:33Z vmauthd[2113008]: DictionaryLoad: Cannot open file "~/.vmware/config": No such file or directory.
2001-09-12T16:54:33Z vmauthd[2113008]: DictionaryLoad: Cannot open file "~/.vmware/preferences": No such file or directory.
2001-09-12T16:54:33Z vmauthd[2113008]: lib/ssl: OpenSSL using FIPS_drbg for RAND
2001-09-12T16:54:33Z vmauthd[2113008]: lib/ssl: protocol list tls1.2
2001-09-12T16:54:33Z vmauthd[2113008]: lib/ssl: protocol list tls1.2 (openssl flags 0x17000000)
2001-09-12T16:54:33Z vmauthd[2113008]: lib/ssl: cipher list ECDHE+AESGCM:RSA+AESGCM:ECDHE+AES:RSA+AES
2001-09-12T16:54:33Z vmauthd[2113008]: lib/ssl: curves list prime256v1:secp384r1:secp521r1
2001-09-12T16:54:33Z vmauthd[2113008]: Connect from (local) AF_UNIX socket.
2001-09-12T16:54:33Z vmauthd[2113008]: Connect from 127.0.0.1
2001-09-12T16:54:33Z vmauthd[2113008]: local verification as root
2001-09-12T16:54:33Z vmauthd[2113008]: received CONNECT_NOSTART command: /vmfs/volumes/3a4fd8ce-fc4375c4-effb-5cf3fce846f8/RHEL10-TMPL/RHEL10-TMPL.vmx vmx-vigor
2001-09-12T16:54:33Z vmauthd[2113008]: Acquired lock for /var/run/vmware/authd_d4aa485beb1bd69dac2dd7712435f2f7
2001-09-12T16:54:33Z vmauthd[2113008]: No such VMware process: /vmfs/volumes/3a4fd8ce-fc4375c4-effb-5cf3fce846f8/RHEL10-TMPL/RHEL10-TMPL.vmx
2001-09-12T16:54:33Z vmauthd[2113008]: released lock for /var/run/vmware/authd_d4aa485beb1bd69dac2dd7712435f2f7
2001-09-12T16:54:33Z vmauthd[2113008]: Local connection for vmx-vigor failed.
2001-09-12T16:54:33Z vmauthd[2113008]: Read failed.
2001-09-12T16:55:18Z vmauthd[2113163]: Msg_SetLocaleEx: HostLocale=UTF-8 UserLocale=NULL
2001-09-12T16:55:18Z vmauthd[2113163]: Could not expand environment variable HOME.
2001-09-12T16:55:18Z vmauthd[2113163]: Could not expand environment variable HOME.
2001-09-12T16:55:18Z vmauthd[2113163]: DictionaryLoad: Cannot open file "/usr/lib/vmware/config": No such file or directory.
2001-09-12T16:55:18Z vmauthd[2113163]: DictionaryLoad: Cannot open file "~/.vmware/config": No such file or directory.
2001-09-12T16:55:18Z vmauthd[2113163]: DictionaryLoad: Cannot open file "~/.vmware/preferences": No such file or directory.
2001-09-12T16:55:18Z vmauthd[2113163]: lib/ssl: OpenSSL using FIPS_drbg for RAND
2001-09-12T16:55:18Z vmauthd[2113163]: lib/ssl: protocol list tls1.2
2001-09-12T16:55:18Z vmauthd[2113163]: lib/ssl: protocol list tls1.2 (openssl flags 0x17000000)
2001-09-12T16:55:18Z vmauthd[2113163]: lib/ssl: cipher list ECDHE+AESGCM:RSA+AESGCM:ECDHE+AES:RSA+AES
2001-09-12T16:55:18Z vmauthd[2113163]: lib/ssl: curves list prime256v1:secp384r1:secp521r1
2001-09-12T16:55:18Z vmauthd[2113163]: Connect from (local) AF_UNIX socket.
2001-09-12T16:55:18Z vmauthd[2113163]: Connect from 127.0.0.1
2001-09-12T16:55:18Z vmauthd[2113163]: local verification as root
2001-09-12T16:55:18Z vmauthd[2113163]: received CONNECT_NOSTART command: /vmfs/volumes/3a4fd8ce-fc4375c4-effb-5cf3fce846f8/RHEL10-TMPL/RHEL10-TMPL.vmx vmx-vigor
2001-09-12T16:55:18Z vmauthd[2113163]: Acquired lock for /var/run/vmware/authd_d4aa485beb1bd69dac2dd7712435f2f7
2001-09-12T16:55:18Z vmauthd[2113163]: No such VMware process: /vmfs/volumes/3a4fd8ce-fc4375c4-effb-5cf3fce846f8/RHEL10-TMPL/RHEL10-TMPL.vmx
2001-09-12T16:55:18Z vmauthd[2113163]: released lock for /var/run/vmware/authd_d4aa485beb1bd69dac2dd7712435f2f7
2001-09-12T16:55:18Z vmauthd[2113163]: Local connection for vmx-vigor failed.
2001-09-12T16:55:18Z vmauthd[2113163]: Read failed.
2001-09-12T16:57:24Z vmauthd[2113344]: Msg_SetLocaleEx: HostLocale=UTF-8 UserLocale=NULL
2001-09-12T16:57:24Z vmauthd[2113344]: Could not expand environment variable HOME.
2001-09-12T16:57:24Z vmauthd[2113344]: Could not expand environment variable HOME.
2001-09-12T16:57:24Z vmauthd[2113344]: DictionaryLoad: Cannot open file "/usr/lib/vmware/config": No such file or directory.
2001-09-12T16:57:24Z vmauthd[2113344]: DictionaryLoad: Cannot open file "~/.vmware/config": No such file or directory.
2001-09-12T16:57:24Z vmauthd[2113344]: DictionaryLoad: Cannot open file "~/.vmware/preferences": No such file or directory.
2001-09-12T16:57:24Z vmauthd[2113344]: lib/ssl: OpenSSL using FIPS_drbg for RAND
2001-09-12T16:57:24Z vmauthd[2113344]: lib/ssl: protocol list tls1.2
2001-09-12T16:57:24Z vmauthd[2113344]: lib/ssl: protocol list tls1.2 (openssl flags 0x17000000)
2001-09-12T16:57:24Z vmauthd[2113344]: lib/ssl: cipher list ECDHE+AESGCM:RSA+AESGCM:ECDHE+AES:RSA+AES
2001-09-12T16:57:24Z vmauthd[2113344]: lib/ssl: curves list prime256v1:secp384r1:secp521r1
2001-09-12T16:57:24Z vmauthd[2113344]: Connect from (local) AF_UNIX socket.
2001-09-12T16:57:24Z vmauthd[2113344]: Connect from 127.0.0.1
2001-09-12T16:57:24Z vmauthd[2113344]: local verification as root
2001-09-12T16:57:24Z vmauthd[2113344]: received CONNECT_NOSTART command: /vmfs/volumes/3a4fd8ce-fc4375c4-effb-5cf3fce846f8/RHEL10-TMPL/RHEL10-TMPL.vmx vmx-vigor
2001-09-12T16:57:24Z vmauthd[2113344]: Acquired lock for /var/run/vmware/authd_d4aa485beb1bd69dac2dd7712435f2f7
2001-09-12T16:57:24Z vmauthd[2113344]: No such VMware process: /vmfs/volumes/3a4fd8ce-fc4375c4-effb-5cf3fce846f8/RHEL10-TMPL/RHEL10-TMPL.vmx
2001-09-12T16:57:24Z vmauthd[2113344]: released lock for /var/run/vmware/authd_d4aa485beb1bd69dac2dd7712435f2f7
2001-09-12T16:57:24Z vmauthd[2113344]: Local connection for vmx-vigor failed.
2001-09-12T16:57:24Z vmauthd[2113344]: Read failed.
2001-09-12T16:59:56Z vmauthd[2113644]: Msg_SetLocaleEx: HostLocale=UTF-8 UserLocale=NULL
2001-09-12T16:59:56Z vmauthd[2113644]: Could not expand environment variable HOME.
2001-09-12T16:59:56Z vmauthd[2113644]: Could not expand environment variable HOME.
2001-09-12T16:59:56Z vmauthd[2113644]: DictionaryLoad: Cannot open file "/usr/lib/vmware/config": No such file or directory.
2001-09-12T16:59:56Z vmauthd[2113644]: DictionaryLoad: Cannot open file "~/.vmware/config": No such file or directory.
2001-09-12T16:59:56Z vmauthd[2113644]: DictionaryLoad: Cannot open file "~/.vmware/preferences": No such file or directory.
2001-09-12T16:59:56Z vmauthd[2113644]: lib/ssl: OpenSSL using FIPS_drbg for RAND
2001-09-12T16:59:56Z vmauthd[2113644]: lib/ssl: protocol list tls1.2
2001-09-12T16:59:56Z vmauthd[2113644]: lib/ssl: protocol list tls1.2 (openssl flags 0x17000000)
2001-09-12T16:59:56Z vmauthd[2113644]: lib/ssl: cipher list ECDHE+AESGCM:RSA+AESGCM:ECDHE+AES:RSA+AES
2001-09-12T16:59:56Z vmauthd[2113644]: lib/ssl: curves list prime256v1:secp384r1:secp521r1
2001-09-12T16:59:56Z vmauthd[2113644]: Connect from remote socket (192.168.1.2:51650).
2001-09-12T16:59:56Z vmauthd[2113644]: Connect from 192.168.1.2
2001-09-12T16:59:57Z vmauthd[2113644]: FILE: FileCreateDirectoryEx: Failed to create /var/run/vmware/tickets/. Error = 17
2001-09-12T16:59:57Z vmauthd[2113644]: FILE: FileCreateDirectoryEx: Failed to create /var/run/vmware/tickets/. Error = 17
2001-09-12T16:59:57Z vmauthd[2113644]: local verification as root
2001-09-12T16:59:57Z vmauthd[2113644]: login from 192.168.1.2 as 52e798a7-1792-3ae6-07a3-29ba61704592
2001-09-12T16:59:57Z vmauthd[2113644]: received CONNECT command: /vmfs/volumes/3a4fd8ce-fc4375c4-effb-5cf3fce846f8/RHEL9-TMPL/RHEL9-TMPL.vmx mks
2001-09-12T16:59:57Z vmauthd[2113644]: Acquired lock for /var/run/vmware/authd_812ce3ce92d223f7bbd42a2d1ed08787
2001-09-12T16:59:57Z vmauthd[2113644]: /vmfs/volumes/3a4fd8ce-fc4375c4-effb-5cf3fce846f8/RHEL9-TMPL/RHEL9-TMPL.vmx: Connected to mks-fd, remote end sent pid: 2113501
2001-09-12T16:59:57Z vmauthd[2113644]: released lock for /var/run/vmware/authd_812ce3ce92d223f7bbd42a2d1ed08787
2001-09-12T16:59:57Z vmauthd[2113644]: Local connection for mks established.
2001-09-12T17:00:20Z vmauthd[2113800]: Msg_SetLocaleEx: HostLocale=UTF-8 UserLocale=NULL
2001-09-12T17:00:20Z vmauthd[2113800]: Could not expand environment variable HOME.
2001-09-12T17:00:20Z vmauthd[2113800]: Could not expand environment variable HOME.
2001-09-12T17:00:20Z vmauthd[2113800]: DictionaryLoad: Cannot open file "/usr/lib/vmware/config": No such file or directory.
2001-09-12T17:00:20Z vmauthd[2113800]: DictionaryLoad: Cannot open file "~/.vmware/config": No such file or directory.
2001-09-12T17:00:20Z vmauthd[2113800]: DictionaryLoad: Cannot open file "~/.vmware/preferences": No such file or directory.
2001-09-12T17:00:20Z vmauthd[2113800]: lib/ssl: OpenSSL using FIPS_drbg for RAND
2001-09-12T17:00:20Z vmauthd[2113800]: lib/ssl: protocol list tls1.2
2001-09-12T17:00:20Z vmauthd[2113800]: lib/ssl: protocol list tls1.2 (openssl flags 0x17000000)
2001-09-12T17:00:20Z vmauthd[2113800]: lib/ssl: cipher list ECDHE+AESGCM:RSA+AESGCM:ECDHE+AES:RSA+AES
2001-09-12T17:00:20Z vmauthd[2113800]: lib/ssl: curves list prime256v1:secp384r1:secp521r1
2001-09-12T17:00:20Z vmauthd[2113800]: Connect from remote socket (192.168.1.2:51698).
2001-09-12T17:00:20Z vmauthd[2113800]: Connect from 192.168.1.2
2001-09-12T17:00:21Z vmauthd[2113800]: FILE: FileCreateDirectoryEx: Failed to create /var/run/vmware/tickets/. Error = 17
2001-09-12T17:00:21Z vmauthd[2113800]: FILE: FileCreateDirectoryEx: Failed to create /var/run/vmware/tickets/. Error = 17
2001-09-12T17:00:21Z vmauthd[2113800]: local verification as root
2001-09-12T17:00:21Z vmauthd[2113800]: login from 192.168.1.2 as 52b2a890-c9b5-48b2-5a36-8da114950db6
2001-09-12T17:00:21Z vmauthd[2113800]: received CONNECT command: /vmfs/volumes/3a4fd8ce-fc4375c4-effb-5cf3fce846f8/RHEL8-TMPL/RHEL8-TMPL.vmx mks
2001-09-12T17:00:21Z vmauthd[2113800]: Acquired lock for /var/run/vmware/authd_94c3a7d3307903162a7295fe9cf74b01
2001-09-12T17:00:21Z vmauthd[2113800]: /vmfs/volumes/3a4fd8ce-fc4375c4-effb-5cf3fce846f8/RHEL8-TMPL/RHEL8-TMPL.vmx: Connected to mks-fd, remote end sent pid: 2113657
2001-09-12T17:00:21Z vmauthd[2113800]: released lock for /var/run/vmware/authd_94c3a7d3307903162a7295fe9cf74b01
2001-09-12T17:00:21Z vmauthd[2113800]: Local connection for mks established.
2001-09-12T17:01:32Z vmauthd[2113870]: Msg_SetLocaleEx: HostLocale=UTF-8 UserLocale=NULL
2001-09-12T17:01:32Z vmauthd[2113870]: Could not expand environment variable HOME.
2001-09-12T17:01:32Z vmauthd[2113870]: Could not expand environment variable HOME.
2001-09-12T17:01:32Z vmauthd[2113870]: DictionaryLoad: Cannot open file "/usr/lib/vmware/config": No such file or directory.
2001-09-12T17:01:32Z vmauthd[2113870]: DictionaryLoad: Cannot open file "~/.vmware/config": No such file or directory.
2001-09-12T17:01:32Z vmauthd[2113870]: DictionaryLoad: Cannot open file "~/.vmware/preferences": No such file or directory.
2001-09-12T17:01:32Z vmauthd[2113870]: lib/ssl: OpenSSL using FIPS_drbg for RAND
2001-09-12T17:01:32Z vmauthd[2113870]: lib/ssl: protocol list tls1.2
2001-09-12T17:01:32Z vmauthd[2113870]: lib/ssl: protocol list tls1.2 (openssl flags 0x17000000)
2001-09-12T17:01:32Z vmauthd[2113870]: lib/ssl: cipher list ECDHE+AESGCM:RSA+AESGCM:ECDHE+AES:RSA+AES
2001-09-12T17:01:32Z vmauthd[2113870]: lib/ssl: curves list prime256v1:secp384r1:secp521r1
2001-09-12T17:01:32Z vmauthd[2113870]: Connect from remote socket (192.168.1.2:51964).
2001-09-12T17:01:32Z vmauthd[2113870]: Connect from 192.168.1.2
2001-09-12T17:01:32Z vmauthd[2113870]: FILE: FileCreateDirectoryEx: Failed to create /var/run/vmware/tickets/. Error = 17
2001-09-12T17:01:32Z vmauthd[2113870]: FILE: FileCreateDirectoryEx: Failed to create /var/run/vmware/tickets/. Error = 17
2001-09-12T17:01:32Z vmauthd[2113870]: local verification as root
2001-09-12T17:01:32Z vmauthd[2113870]: login from 192.168.1.2 as 52bcd378-aa7a-25ca-bd65-0e58675aa65d
2001-09-12T17:01:32Z vmauthd[2113870]: received CONNECT command: /vmfs/volumes/3a4fd8ce-fc4375c4-effb-5cf3fce846f8/RHEL8-TMPL/RHEL8-TMPL.vmx mks
2001-09-12T17:01:32Z vmauthd[2113870]: Acquired lock for /var/run/vmware/authd_94c3a7d3307903162a7295fe9cf74b01
2001-09-12T17:01:32Z vmauthd[2113870]: /vmfs/volumes/3a4fd8ce-fc4375c4-effb-5cf3fce846f8/RHEL8-TMPL/RHEL8-TMPL.vmx: Connected to mks-fd, remote end sent pid: 2113657
2001-09-12T17:01:32Z vmauthd[2113870]: released lock for /var/run/vmware/authd_94c3a7d3307903162a7295fe9cf74b01
2001-09-12T17:01:32Z vmauthd[2113870]: Local connection for mks established.
2001-09-12T17:04:49Z vmauthd[2113940]: Msg_SetLocaleEx: HostLocale=UTF-8 UserLocale=NULL
2001-09-12T17:04:49Z vmauthd[2113940]: Could not expand environment variable HOME.
2001-09-12T17:04:49Z vmauthd[2113940]: Could not expand environment variable HOME.
2001-09-12T17:04:49Z vmauthd[2113940]: DictionaryLoad: Cannot open file "/usr/lib/vmware/config": No such file or directory.
2001-09-12T17:04:49Z vmauthd[2113940]: DictionaryLoad: Cannot open file "~/.vmware/config": No such file or directory.
2001-09-12T17:04:49Z vmauthd[2113940]: DictionaryLoad: Cannot open file "~/.vmware/preferences": No such file or directory.
2001-09-12T17:04:49Z vmauthd[2113940]: lib/ssl: OpenSSL using FIPS_drbg for RAND
2001-09-12T17:04:49Z vmauthd[2113940]: lib/ssl: protocol list tls1.2
2001-09-12T17:04:49Z vmauthd[2113940]: lib/ssl: protocol list tls1.2 (openssl flags 0x17000000)
2001-09-12T17:04:49Z vmauthd[2113940]: lib/ssl: cipher list ECDHE+AESGCM:RSA+AESGCM:ECDHE+AES:RSA+AES
2001-09-12T17:04:49Z vmauthd[2113940]: lib/ssl: curves list prime256v1:secp384r1:secp521r1
2001-09-12T17:04:49Z vmauthd[2113940]: Connect from remote socket (192.168.1.2:52528).
2001-09-12T17:04:49Z vmauthd[2113940]: Connect from 192.168.1.2
2001-09-12T17:04:49Z vmauthd[2113940]: FILE: FileCreateDirectoryEx: Failed to create /var/run/vmware/tickets/. Error = 17
2001-09-12T17:04:49Z vmauthd[2113940]: FILE: FileCreateDirectoryEx: Failed to create /var/run/vmware/tickets/. Error = 17
2001-09-12T17:04:49Z vmauthd[2113940]: local verification as root
2001-09-12T17:04:49Z vmauthd[2113940]: login from 192.168.1.2 as 52c7976a-bcdd-5f5c-14b7-9e5de89b40be
2001-09-12T17:04:49Z vmauthd[2113940]: received CONNECT command: /vmfs/volumes/3a4fd8ce-fc4375c4-effb-5cf3fce846f8/RHEL9-TMPL/RHEL9-TMPL.vmx mks
2001-09-12T17:04:49Z vmauthd[2113940]: Acquired lock for /var/run/vmware/authd_812ce3ce92d223f7bbd42a2d1ed08787
2001-09-12T17:04:49Z vmauthd[2113940]: /vmfs/volumes/3a4fd8ce-fc4375c4-effb-5cf3fce846f8/RHEL9-TMPL/RHEL9-TMPL.vmx: Connected to mks-fd, remote end sent pid: 2113501
2001-09-12T17:04:49Z vmauthd[2113940]: released lock for /var/run/vmware/authd_812ce3ce92d223f7bbd42a2d1ed08787
2001-09-12T17:04:49Z vmauthd[2113940]: Local connection for mks established.
2001-09-12T17:11:12Z vmauthd[2114250]: Msg_SetLocaleEx: HostLocale=UTF-8 UserLocale=NULL
2001-09-12T17:11:12Z vmauthd[2114250]: Could not expand environment variable HOME.
2001-09-12T17:11:12Z vmauthd[2114250]: Could not expand environment variable HOME.
2001-09-12T17:11:12Z vmauthd[2114250]: DictionaryLoad: Cannot open file "/usr/lib/vmware/config": No such file or directory.
2001-09-12T17:11:12Z vmauthd[2114250]: DictionaryLoad: Cannot open file "~/.vmware/config": No such file or directory.
2001-09-12T17:11:12Z vmauthd[2114250]: DictionaryLoad: Cannot open file "~/.vmware/preferences": No such file or directory.
2001-09-12T17:11:12Z vmauthd[2114250]: lib/ssl: OpenSSL using FIPS_drbg for RAND
2001-09-12T17:11:12Z vmauthd[2114250]: lib/ssl: protocol list tls1.2
2001-09-12T17:11:12Z vmauthd[2114250]: lib/ssl: protocol list tls1.2 (openssl flags 0x17000000)
2001-09-12T17:11:12Z vmauthd[2114250]: lib/ssl: cipher list ECDHE+AESGCM:RSA+AESGCM:ECDHE+AES:RSA+AES
2001-09-12T17:11:12Z vmauthd[2114250]: lib/ssl: curves list prime256v1:secp384r1:secp521r1
2001-09-12T17:11:12Z vmauthd[2114250]: Connect from remote socket (192.168.1.2:53512).
2001-09-12T17:11:12Z vmauthd[2114250]: Connect from 192.168.1.2
2001-09-12T17:11:12Z vmauthd[2114250]: FILE: FileCreateDirectoryEx: Failed to create /var/run/vmware/tickets/. Error = 17
2001-09-12T17:11:12Z vmauthd[2114250]: FILE: FileCreateDirectoryEx: Failed to create /var/run/vmware/tickets/. Error = 17
2001-09-12T17:11:12Z vmauthd[2114250]: local verification as root
2001-09-12T17:11:12Z vmauthd[2114250]: login from 192.168.1.2 as 52fc149b-acb9-506d-42ce-cd277835170a
2001-09-12T17:11:12Z vmauthd[2114250]: received CONNECT command: /vmfs/volumes/3a4fd8ce-fc4375c4-effb-5cf3fce846f8/SGRL-IPAM001/SGRL-IPAM001.vmx mks
2001-09-12T17:11:12Z vmauthd[2114250]: Acquired lock for /var/run/vmware/authd_2aaf462a6ffcb3133918ce058d4b26a4
2001-09-12T17:11:12Z vmauthd[2114250]: /vmfs/volumes/3a4fd8ce-fc4375c4-effb-5cf3fce846f8/SGRL-IPAM001/SGRL-IPAM001.vmx: Connected to mks-fd, remote end sent pid: 2103819
2001-09-12T17:11:12Z vmauthd[2114250]: released lock for /var/run/vmware/authd_2aaf462a6ffcb3133918ce058d4b26a4
2001-09-12T17:11:12Z vmauthd[2114250]: Local connection for mks established.
2001-09-12T17:11:50Z vmauthd[2114252]: Msg_SetLocaleEx: HostLocale=UTF-8 UserLocale=NULL
2001-09-12T17:11:50Z vmauthd[2114252]: Could not expand environment variable HOME.
2001-09-12T17:11:50Z vmauthd[2114252]: Could not expand environment variable HOME.
2001-09-12T17:11:50Z vmauthd[2114252]: DictionaryLoad: Cannot open file "/usr/lib/vmware/config": No such file or directory.
2001-09-12T17:11:50Z vmauthd[2114252]: DictionaryLoad: Cannot open file "~/.vmware/config": No such file or directory.
2001-09-12T17:11:50Z vmauthd[2114252]: DictionaryLoad: Cannot open file "~/.vmware/preferences": No such file or directory.
2001-09-12T17:11:50Z vmauthd[2114252]: lib/ssl: OpenSSL using FIPS_drbg for RAND
2001-09-12T17:11:50Z vmauthd[2114252]: lib/ssl: protocol list tls1.2
2001-09-12T17:11:50Z vmauthd[2114252]: lib/ssl: protocol list tls1.2 (openssl flags 0x17000000)
2001-09-12T17:11:50Z vmauthd[2114252]: lib/ssl: cipher list ECDHE+AESGCM:RSA+AESGCM:ECDHE+AES:RSA+AES
2001-09-12T17:11:50Z vmauthd[2114252]: lib/ssl: curves list prime256v1:secp384r1:secp521r1
2001-09-12T17:11:50Z vmauthd[2114252]: Connect from (local) AF_UNIX socket.
2001-09-12T17:11:50Z vmauthd[2114252]: Connect from 127.0.0.1
2001-09-12T17:11:50Z vmauthd[2114252]: local verification as root
2001-09-12T17:11:50Z vmauthd[2114252]: received CONNECT_NOSTART command: /vmfs/volumes/3a4fd8ce-fc4375c4-effb-5cf3fce846f8/SGRL-IPAM001/SGRL-IPAM001.vmx vmx-vigor
2001-09-12T17:11:50Z vmauthd[2114252]: Acquired lock for /var/run/vmware/authd_2aaf462a6ffcb3133918ce058d4b26a4
2001-09-12T17:11:50Z vmauthd[2114252]: No such VMware process: /vmfs/volumes/3a4fd8ce-fc4375c4-effb-5cf3fce846f8/SGRL-IPAM001/SGRL-IPAM001.vmx
2001-09-12T17:11:50Z vmauthd[2114252]: released lock for /var/run/vmware/authd_2aaf462a6ffcb3133918ce058d4b26a4
2001-09-12T17:11:50Z vmauthd[2114252]: Local connection for vmx-vigor failed.
2001-09-12T17:11:50Z vmauthd[2114252]: Read failed.
2001-09-12T17:13:44Z vmauthd[2114597]: Msg_SetLocaleEx: HostLocale=UTF-8 UserLocale=NULL
2001-09-12T17:13:44Z vmauthd[2114597]: Could not expand environment variable HOME.
2001-09-12T17:13:44Z vmauthd[2114597]: Could not expand environment variable HOME.
2001-09-12T17:13:44Z vmauthd[2114597]: DictionaryLoad: Cannot open file "/usr/lib/vmware/config": No such file or directory.
2001-09-12T17:13:44Z vmauthd[2114597]: DictionaryLoad: Cannot open file "~/.vmware/config": No such file or directory.
2001-09-12T17:13:44Z vmauthd[2114597]: DictionaryLoad: Cannot open file "~/.vmware/preferences": No such file or directory.
2001-09-12T17:13:44Z vmauthd[2114597]: lib/ssl: OpenSSL using FIPS_drbg for RAND
2001-09-12T17:13:44Z vmauthd[2114597]: lib/ssl: protocol list tls1.2
2001-09-12T17:13:44Z vmauthd[2114597]: lib/ssl: protocol list tls1.2 (openssl flags 0x17000000)
2001-09-12T17:13:44Z vmauthd[2114597]: lib/ssl: cipher list ECDHE+AESGCM:RSA+AESGCM:ECDHE+AES:RSA+AES
2001-09-12T17:13:44Z vmauthd[2114597]: lib/ssl: curves list prime256v1:secp384r1:secp521r1
2001-09-12T17:13:44Z vmauthd[2114597]: Connect from (local) AF_UNIX socket.
2001-09-12T17:13:44Z vmauthd[2114597]: Connect from 127.0.0.1
2001-09-12T17:13:44Z vmauthd[2114597]: local verification as root
2001-09-12T17:13:44Z vmauthd[2114597]: received CONNECT_NOSTART command: /vmfs/volumes/3a4fd8ce-fc4375c4-effb-5cf3fce846f8/RHEL10-TMPL/RHEL10-TMPL.vmx vmx-vigor
2001-09-12T17:13:44Z vmauthd[2114597]: Acquired lock for /var/run/vmware/authd_d4aa485beb1bd69dac2dd7712435f2f7
2001-09-12T17:13:44Z vmauthd[2114597]: No such VMware process: /vmfs/volumes/3a4fd8ce-fc4375c4-effb-5cf3fce846f8/RHEL10-TMPL/RHEL10-TMPL.vmx
2001-09-12T17:13:44Z vmauthd[2114597]: released lock for /var/run/vmware/authd_d4aa485beb1bd69dac2dd7712435f2f7
2001-09-12T17:13:44Z vmauthd[2114597]: Local connection for vmx-vigor failed.
2001-09-12T17:13:44Z vmauthd[2114597]: Read failed.
2001-09-12T17:15:32Z vmauthd[2114782]: Msg_SetLocaleEx: HostLocale=UTF-8 UserLocale=NULL
2001-09-12T17:15:32Z vmauthd[2114782]: Could not expand environment variable HOME.
2001-09-12T17:15:32Z vmauthd[2114782]: Could not expand environment variable HOME.
2001-09-12T17:15:32Z vmauthd[2114782]: DictionaryLoad: Cannot open file "/usr/lib/vmware/config": No such file or directory.
2001-09-12T17:15:32Z vmauthd[2114782]: DictionaryLoad: Cannot open file "~/.vmware/config": No such file or directory.
2001-09-12T17:15:32Z vmauthd[2114782]: DictionaryLoad: Cannot open file "~/.vmware/preferences": No such file or directory.
2001-09-12T17:15:32Z vmauthd[2114782]: lib/ssl: OpenSSL using FIPS_drbg for RAND
2001-09-12T17:15:32Z vmauthd[2114782]: lib/ssl: protocol list tls1.2
2001-09-12T17:15:32Z vmauthd[2114782]: lib/ssl: protocol list tls1.2 (openssl flags 0x17000000)
2001-09-12T17:15:32Z vmauthd[2114782]: lib/ssl: cipher list ECDHE+AESGCM:RSA+AESGCM:ECDHE+AES:RSA+AES
2001-09-12T17:15:32Z vmauthd[2114782]: lib/ssl: curves list prime256v1:secp384r1:secp521r1
2001-09-12T17:15:32Z vmauthd[2114782]: Connect from (local) AF_UNIX socket.
2001-09-12T17:15:32Z vmauthd[2114782]: Connect from 127.0.0.1
2001-09-12T17:15:32Z vmauthd[2114782]: local verification as root
2001-09-12T17:15:32Z vmauthd[2114782]: received CONNECT_NOSTART command: /vmfs/volumes/3a4fd8ce-fc4375c4-effb-5cf3fce846f8/RHEL10-TMPL/RHEL10-TMPL.vmx vmx-vigor
2001-09-12T17:15:32Z vmauthd[2114782]: Acquired lock for /var/run/vmware/authd_d4aa485beb1bd69dac2dd7712435f2f7
2001-09-12T17:15:32Z vmauthd[2114782]: No such VMware process: /vmfs/volumes/3a4fd8ce-fc4375c4-effb-5cf3fce846f8/RHEL10-TMPL/RHEL10-TMPL.vmx
2001-09-12T17:15:32Z vmauthd[2114782]: released lock for /var/run/vmware/authd_d4aa485beb1bd69dac2dd7712435f2f7
2001-09-12T17:15:32Z vmauthd[2114782]: Local connection for vmx-vigor failed.
2001-09-12T17:15:32Z vmauthd[2114782]: Read failed.
2001-09-12T17:16:44Z vmauthd[2114968]: Msg_SetLocaleEx: HostLocale=UTF-8 UserLocale=NULL
2001-09-12T17:16:44Z vmauthd[2114968]: Could not expand environment variable HOME.
2001-09-12T17:16:44Z vmauthd[2114968]: Could not expand environment variable HOME.
2001-09-12T17:16:44Z vmauthd[2114968]: DictionaryLoad: Cannot open file "/usr/lib/vmware/config": No such file or directory.
2001-09-12T17:16:44Z vmauthd[2114968]: DictionaryLoad: Cannot open file "~/.vmware/config": No such file or directory.
2001-09-12T17:16:44Z vmauthd[2114968]: DictionaryLoad: Cannot open file "~/.vmware/preferences": No such file or directory.
2001-09-12T17:16:44Z vmauthd[2114968]: lib/ssl: OpenSSL using FIPS_drbg for RAND
2001-09-12T17:16:44Z vmauthd[2114968]: lib/ssl: protocol list tls1.2
2001-09-12T17:16:44Z vmauthd[2114968]: lib/ssl: protocol list tls1.2 (openssl flags 0x17000000)
2001-09-12T17:16:44Z vmauthd[2114968]: lib/ssl: cipher list ECDHE+AESGCM:RSA+AESGCM:ECDHE+AES:RSA+AES
2001-09-12T17:16:44Z vmauthd[2114968]: lib/ssl: curves list prime256v1:secp384r1:secp521r1
2001-09-12T17:16:44Z vmauthd[2114968]: Connect from remote socket (192.168.1.2:54846).
2001-09-12T17:16:44Z vmauthd[2114968]: Connect from 192.168.1.2
2001-09-12T17:16:44Z vmauthd[2114968]: FILE: FileCreateDirectoryEx: Failed to create /var/run/vmware/tickets/. Error = 17
2001-09-12T17:16:44Z vmauthd[2114968]: FILE: FileCreateDirectoryEx: Failed to create /var/run/vmware/tickets/. Error = 17
2001-09-12T17:16:44Z vmauthd[2114968]: local verification as root
2001-09-12T17:16:44Z vmauthd[2114968]: login from 192.168.1.2 as 521b3ea3-f9d2-d922-20af-d40958ae2000
2001-09-12T17:16:44Z vmauthd[2114968]: received CONNECT command: /vmfs/volumes/3a4fd8ce-fc4375c4-effb-5cf3fce846f8/RHEL9-TMPL/RHEL9-TMPL.vmx mks
2001-09-12T17:16:44Z vmauthd[2114968]: Acquired lock for /var/run/vmware/authd_812ce3ce92d223f7bbd42a2d1ed08787
2001-09-12T17:16:44Z vmauthd[2114968]: /vmfs/volumes/3a4fd8ce-fc4375c4-effb-5cf3fce846f8/RHEL9-TMPL/RHEL9-TMPL.vmx: Connected to mks-fd, remote end sent pid: 2113501
2001-09-12T17:16:44Z vmauthd[2114968]: released lock for /var/run/vmware/authd_812ce3ce92d223f7bbd42a2d1ed08787
2001-09-12T17:16:44Z vmauthd[2114968]: Local connection for mks established.
2001-09-12T17:17:23Z vmauthd[2115091]: Msg_SetLocaleEx: HostLocale=UTF-8 UserLocale=NULL
2001-09-12T17:17:23Z vmauthd[2115091]: Could not expand environment variable HOME.
2001-09-12T17:17:23Z vmauthd[2115091]: Could not expand environment variable HOME.
2001-09-12T17:17:23Z vmauthd[2115091]: DictionaryLoad: Cannot open file "/usr/lib/vmware/config": No such file or directory.
2001-09-12T17:17:23Z vmauthd[2115091]: DictionaryLoad: Cannot open file "~/.vmware/config": No such file or directory.
2001-09-12T17:17:23Z vmauthd[2115091]: DictionaryLoad: Cannot open file "~/.vmware/preferences": No such file or directory.
2001-09-12T17:17:23Z vmauthd[2115091]: lib/ssl: OpenSSL using FIPS_drbg for RAND
2001-09-12T17:17:23Z vmauthd[2115091]: lib/ssl: protocol list tls1.2
2001-09-12T17:17:23Z vmauthd[2115091]: lib/ssl: protocol list tls1.2 (openssl flags 0x17000000)
2001-09-12T17:17:23Z vmauthd[2115091]: lib/ssl: cipher list ECDHE+AESGCM:RSA+AESGCM:ECDHE+AES:RSA+AES
2001-09-12T17:17:23Z vmauthd[2115091]: lib/ssl: curves list prime256v1:secp384r1:secp521r1
2001-09-12T17:17:23Z vmauthd[2115091]: Connect from (local) AF_UNIX socket.
2001-09-12T17:17:23Z vmauthd[2115091]: Connect from 127.0.0.1
2001-09-12T17:17:23Z vmauthd[2115091]: local verification as root
2001-09-12T17:17:23Z vmauthd[2115091]: received CONNECT_NOSTART command: /vmfs/volumes/3a4fd8ce-fc4375c4-effb-5cf3fce846f8/RHEL10-TMPL/RHEL10-TMPL.vmx vmx-vigor
2001-09-12T17:17:23Z vmauthd[2115091]: Acquired lock for /var/run/vmware/authd_d4aa485beb1bd69dac2dd7712435f2f7
2001-09-12T17:17:23Z vmauthd[2115091]: No such VMware process: /vmfs/volumes/3a4fd8ce-fc4375c4-effb-5cf3fce846f8/RHEL10-TMPL/RHEL10-TMPL.vmx
2001-09-12T17:17:23Z vmauthd[2115091]: released lock for /var/run/vmware/authd_d4aa485beb1bd69dac2dd7712435f2f7
2001-09-12T17:17:23Z vmauthd[2115091]: Local connection for vmx-vigor failed.
2001-09-12T17:17:23Z vmauthd[2115091]: Read failed.
2001-09-12T17:18:12Z vmauthd[2115236]: Msg_SetLocaleEx: HostLocale=UTF-8 UserLocale=NULL
2001-09-12T17:18:12Z vmauthd[2115236]: Could not expand environment variable HOME.
2001-09-12T17:18:12Z vmauthd[2115236]: Could not expand environment variable HOME.
2001-09-12T17:18:12Z vmauthd[2115236]: DictionaryLoad: Cannot open file "/usr/lib/vmware/config": No such file or directory.
2001-09-12T17:18:12Z vmauthd[2115236]: DictionaryLoad: Cannot open file "~/.vmware/config": No such file or directory.
2001-09-12T17:18:12Z vmauthd[2115236]: DictionaryLoad: Cannot open file "~/.vmware/preferences": No such file or directory.
2001-09-12T17:18:12Z vmauthd[2115236]: lib/ssl: OpenSSL using FIPS_drbg for RAND
2001-09-12T17:18:12Z vmauthd[2115236]: lib/ssl: protocol list tls1.2
2001-09-12T17:18:12Z vmauthd[2115236]: lib/ssl: protocol list tls1.2 (openssl flags 0x17000000)
2001-09-12T17:18:12Z vmauthd[2115236]: lib/ssl: cipher list ECDHE+AESGCM:RSA+AESGCM:ECDHE+AES:RSA+AES
2001-09-12T17:18:12Z vmauthd[2115236]: lib/ssl: curves list prime256v1:secp384r1:secp521r1
2001-09-12T17:18:12Z vmauthd[2115236]: Connect from (local) AF_UNIX socket.
2001-09-12T17:18:12Z vmauthd[2115236]: Connect from 127.0.0.1
2001-09-12T17:18:12Z vmauthd[2115236]: local verification as root
2001-09-12T17:18:12Z vmauthd[2115236]: received CONNECT_NOSTART command: /vmfs/volumes/3a4fd8ce-fc4375c4-effb-5cf3fce846f8/RHEL10-TMPL/RHEL10-TMPL.vmx vmx-vigor
2001-09-12T17:18:12Z vmauthd[2115236]: Acquired lock for /var/run/vmware/authd_d4aa485beb1bd69dac2dd7712435f2f7
2001-09-12T17:18:12Z vmauthd[2115236]: No such VMware process: /vmfs/volumes/3a4fd8ce-fc4375c4-effb-5cf3fce846f8/RHEL10-TMPL/RHEL10-TMPL.vmx
2001-09-12T17:18:12Z vmauthd[2115236]: released lock for /var/run/vmware/authd_d4aa485beb1bd69dac2dd7712435f2f7
2001-09-12T17:18:12Z vmauthd[2115236]: Local connection for vmx-vigor failed.
2001-09-12T17:18:12Z vmauthd[2115236]: Read failed.
2001-09-12T17:20:07Z vmauthd[2115444]: Msg_SetLocaleEx: HostLocale=UTF-8 UserLocale=NULL
2001-09-12T17:20:07Z vmauthd[2115444]: Could not expand environment variable HOME.
2001-09-12T17:20:07Z vmauthd[2115444]: Could not expand environment variable HOME.
2001-09-12T17:20:07Z vmauthd[2115444]: DictionaryLoad: Cannot open file "/usr/lib/vmware/config": No such file or directory.
2001-09-12T17:20:07Z vmauthd[2115444]: DictionaryLoad: Cannot open file "~/.vmware/config": No such file or directory.
2001-09-12T17:20:07Z vmauthd[2115444]: DictionaryLoad: Cannot open file "~/.vmware/preferences": No such file or directory.
2001-09-12T17:20:07Z vmauthd[2115444]: lib/ssl: OpenSSL using FIPS_drbg for RAND
2001-09-12T17:20:07Z vmauthd[2115444]: lib/ssl: protocol list tls1.2
2001-09-12T17:20:07Z vmauthd[2115444]: lib/ssl: protocol list tls1.2 (openssl flags 0x17000000)
2001-09-12T17:20:07Z vmauthd[2115444]: lib/ssl: cipher list ECDHE+AESGCM:RSA+AESGCM:ECDHE+AES:RSA+AES
2001-09-12T17:20:07Z vmauthd[2115444]: lib/ssl: curves list prime256v1:secp384r1:secp521r1
2001-09-12T17:20:07Z vmauthd[2115444]: Connect from remote socket (192.168.1.2:55554).
2001-09-12T17:20:07Z vmauthd[2115444]: Connect from 192.168.1.2
2001-09-12T17:20:07Z vmauthd[2115444]: FILE: FileCreateDirectoryEx: Failed to create /var/run/vmware/tickets/. Error = 17
2001-09-12T17:20:07Z vmauthd[2115444]: FILE: FileCreateDirectoryEx: Failed to create /var/run/vmware/tickets/. Error = 17
2001-09-12T17:20:07Z vmauthd[2115444]: local verification as root
2001-09-12T17:20:07Z vmauthd[2115444]: login from 192.168.1.2 as 52588337-80d6-f701-162b-f96edfac64af
2001-09-12T17:20:07Z vmauthd[2115444]: received CONNECT command: /vmfs/volumes/3a4fd8ce-fc4375c4-effb-5cf3fce846f8/RHEL9-TMPL/RHEL9-TMPL.vmx mks
2001-09-12T17:20:07Z vmauthd[2115444]: Acquired lock for /var/run/vmware/authd_812ce3ce92d223f7bbd42a2d1ed08787
2001-09-12T17:20:07Z vmauthd[2115444]: /vmfs/volumes/3a4fd8ce-fc4375c4-effb-5cf3fce846f8/RHEL9-TMPL/RHEL9-TMPL.vmx: Connected to mks-fd, remote end sent pid: 2113501
2001-09-12T17:20:07Z vmauthd[2115444]: released lock for /var/run/vmware/authd_812ce3ce92d223f7bbd42a2d1ed08787
2001-09-12T17:20:07Z vmauthd[2115444]: Local connection for mks established.
2001-09-12T17:29:49Z vmauthd[2116032]: Msg_SetLocaleEx: HostLocale=UTF-8 UserLocale=NULL
2001-09-12T17:29:49Z vmauthd[2116032]: Could not expand environment variable HOME.
2001-09-12T17:29:49Z vmauthd[2116032]: Could not expand environment variable HOME.
2001-09-12T17:29:49Z vmauthd[2116032]: DictionaryLoad: Cannot open file "/usr/lib/vmware/config": No such file or directory.
2001-09-12T17:29:49Z vmauthd[2116032]: DictionaryLoad: Cannot open file "~/.vmware/config": No such file or directory.
2001-09-12T17:29:49Z vmauthd[2116032]: DictionaryLoad: Cannot open file "~/.vmware/preferences": No such file or directory.
2001-09-12T17:29:49Z vmauthd[2116032]: lib/ssl: OpenSSL using FIPS_drbg for RAND
2001-09-12T17:29:49Z vmauthd[2116032]: lib/ssl: protocol list tls1.2
2001-09-12T17:29:49Z vmauthd[2116032]: lib/ssl: protocol list tls1.2 (openssl flags 0x17000000)
2001-09-12T17:29:49Z vmauthd[2116032]: lib/ssl: cipher list ECDHE+AESGCM:RSA+AESGCM:ECDHE+AES:RSA+AES
2001-09-12T17:29:49Z vmauthd[2116032]: lib/ssl: curves list prime256v1:secp384r1:secp521r1
2001-09-12T17:29:49Z vmauthd[2116032]: Connect from (local) AF_UNIX socket.
2001-09-12T17:29:49Z vmauthd[2116032]: Connect from 127.0.0.1
2001-09-12T17:29:49Z vmauthd[2116032]: local verification as root
2001-09-12T17:29:49Z vmauthd[2116032]: received CONNECT_NOSTART command: /vmfs/volumes/3a4fd8ce-fc4375c4-effb-5cf3fce846f8/RHEL10-TMPL/RHEL10-TMPL.vmx vmx-vigor
2001-09-12T17:29:49Z vmauthd[2116032]: Acquired lock for /var/run/vmware/authd_d4aa485beb1bd69dac2dd7712435f2f7
2001-09-12T17:29:49Z vmauthd[2116032]: No such VMware process: /vmfs/volumes/3a4fd8ce-fc4375c4-effb-5cf3fce846f8/RHEL10-TMPL/RHEL10-TMPL.vmx
2001-09-12T17:29:49Z vmauthd[2116032]: released lock for /var/run/vmware/authd_d4aa485beb1bd69dac2dd7712435f2f7
2001-09-12T17:29:49Z vmauthd[2116032]: Local connection for vmx-vigor failed.
2001-09-12T17:29:49Z vmauthd[2116032]: Read failed.
2001-09-12T17:31:03Z vmauthd[2116220]: Msg_SetLocaleEx: HostLocale=UTF-8 UserLocale=NULL
2001-09-12T17:31:03Z vmauthd[2116220]: Could not expand environment variable HOME.
2001-09-12T17:31:03Z vmauthd[2116220]: Could not expand environment variable HOME.
2001-09-12T17:31:03Z vmauthd[2116220]: DictionaryLoad: Cannot open file "/usr/lib/vmware/config": No such file or directory.
2001-09-12T17:31:03Z vmauthd[2116220]: DictionaryLoad: Cannot open file "~/.vmware/config": No such file or directory.
2001-09-12T17:31:03Z vmauthd[2116220]: DictionaryLoad: Cannot open file "~/.vmware/preferences": No such file or directory.
2001-09-12T17:31:03Z vmauthd[2116220]: lib/ssl: OpenSSL using FIPS_drbg for RAND
2001-09-12T17:31:03Z vmauthd[2116220]: lib/ssl: protocol list tls1.2
2001-09-12T17:31:03Z vmauthd[2116220]: lib/ssl: protocol list tls1.2 (openssl flags 0x17000000)
2001-09-12T17:31:03Z vmauthd[2116220]: lib/ssl: cipher list ECDHE+AESGCM:RSA+AESGCM:ECDHE+AES:RSA+AES
2001-09-12T17:31:03Z vmauthd[2116220]: lib/ssl: curves list prime256v1:secp384r1:secp521r1
2001-09-12T17:31:03Z vmauthd[2116220]: Connect from (local) AF_UNIX socket.
2001-09-12T17:31:03Z vmauthd[2116220]: Connect from 127.0.0.1
2001-09-12T17:31:03Z vmauthd[2116220]: local verification as root
2001-09-12T17:31:03Z vmauthd[2116220]: received CONNECT_NOSTART command: /vmfs/volumes/3a4fd8ce-fc4375c4-effb-5cf3fce846f8/RHEL8-TMPL/RHEL8-TMPL.vmx vmx-vigor
2001-09-12T17:31:03Z vmauthd[2116220]: Acquired lock for /var/run/vmware/authd_94c3a7d3307903162a7295fe9cf74b01
2001-09-12T17:31:03Z vmauthd[2116220]: No such VMware process: /vmfs/volumes/3a4fd8ce-fc4375c4-effb-5cf3fce846f8/RHEL8-TMPL/RHEL8-TMPL.vmx
2001-09-12T17:31:03Z vmauthd[2116220]: released lock for /var/run/vmware/authd_94c3a7d3307903162a7295fe9cf74b01
2001-09-12T17:31:03Z vmauthd[2116220]: Local connection for vmx-vigor failed.
2001-09-12T17:31:03Z vmauthd[2116220]: Read failed.
2001-09-12T17:32:18Z vmauthd[2116536]: Msg_SetLocaleEx: HostLocale=UTF-8 UserLocale=NULL
2001-09-12T17:32:18Z vmauthd[2116536]: Could not expand environment variable HOME.
2001-09-12T17:32:18Z vmauthd[2116536]: Could not expand environment variable HOME.
2001-09-12T17:32:18Z vmauthd[2116536]: DictionaryLoad: Cannot open file "/usr/lib/vmware/config": No such file or directory.
2001-09-12T17:32:18Z vmauthd[2116536]: DictionaryLoad: Cannot open file "~/.vmware/config": No such file or directory.
2001-09-12T17:32:18Z vmauthd[2116536]: DictionaryLoad: Cannot open file "~/.vmware/preferences": No such file or directory.
2001-09-12T17:32:18Z vmauthd[2116536]: lib/ssl: OpenSSL using FIPS_drbg for RAND
2001-09-12T17:32:18Z vmauthd[2116536]: lib/ssl: protocol list tls1.2
2001-09-12T17:32:18Z vmauthd[2116536]: lib/ssl: protocol list tls1.2 (openssl flags 0x17000000)
2001-09-12T17:32:18Z vmauthd[2116536]: lib/ssl: cipher list ECDHE+AESGCM:RSA+AESGCM:ECDHE+AES:RSA+AES
2001-09-12T17:32:18Z vmauthd[2116536]: lib/ssl: curves list prime256v1:secp384r1:secp521r1
2001-09-12T17:32:18Z vmauthd[2116536]: Connect from remote socket (192.168.1.2:57664).
2001-09-12T17:32:18Z vmauthd[2116536]: Connect from 192.168.1.2
2001-09-12T17:32:18Z vmauthd[2116536]: FILE: FileCreateDirectoryEx: Failed to create /var/run/vmware/tickets/. Error = 17
2001-09-12T17:32:18Z vmauthd[2116536]: FILE: FileCreateDirectoryEx: Failed to create /var/run/vmware/tickets/. Error = 17
2001-09-12T17:32:18Z vmauthd[2116536]: local verification as root
2001-09-12T17:32:18Z vmauthd[2116536]: login from 192.168.1.2 as 52d0a018-4fe2-487e-89c6-05694398054f
2001-09-12T17:32:18Z vmauthd[2116536]: received CONNECT command: /vmfs/volumes/3a4fd8ce-fc4375c4-effb-5cf3fce846f8/RHEL10-TMPL/RHEL10-TMPL.vmx mks
2001-09-12T17:32:18Z vmauthd[2116536]: Acquired lock for /var/run/vmware/authd_d4aa485beb1bd69dac2dd7712435f2f7
2001-09-12T17:32:18Z vmauthd[2116536]: /vmfs/volumes/3a4fd8ce-fc4375c4-effb-5cf3fce846f8/RHEL10-TMPL/RHEL10-TMPL.vmx: Connected to mks-fd, remote end sent pid: 2116375
2001-09-12T17:32:18Z vmauthd[2116536]: released lock for /var/run/vmware/authd_d4aa485beb1bd69dac2dd7712435f2f7
2001-09-12T17:32:18Z vmauthd[2116536]: Local connection for mks established.
2001-09-12T17:34:24Z vmauthd[2116562]: Msg_SetLocaleEx: HostLocale=UTF-8 UserLocale=NULL
2001-09-12T17:34:24Z vmauthd[2116562]: Could not expand environment variable HOME.
2001-09-12T17:34:24Z vmauthd[2116562]: Could not expand environment variable HOME.
2001-09-12T17:34:24Z vmauthd[2116562]: DictionaryLoad: Cannot open file "/usr/lib/vmware/config": No such file or directory.
2001-09-12T17:34:24Z vmauthd[2116562]: DictionaryLoad: Cannot open file "~/.vmware/config": No such file or directory.
2001-09-12T17:34:24Z vmauthd[2116562]: DictionaryLoad: Cannot open file "~/.vmware/preferences": No such file or directory.
2001-09-12T17:34:24Z vmauthd[2116562]: lib/ssl: OpenSSL using FIPS_drbg for RAND
2001-09-12T17:34:24Z vmauthd[2116562]: lib/ssl: protocol list tls1.2
2001-09-12T17:34:24Z vmauthd[2116562]: lib/ssl: protocol list tls1.2 (openssl flags 0x17000000)
2001-09-12T17:34:24Z vmauthd[2116562]: lib/ssl: cipher list ECDHE+AESGCM:RSA+AESGCM:ECDHE+AES:RSA+AES
2001-09-12T17:34:24Z vmauthd[2116562]: lib/ssl: curves list prime256v1:secp384r1:secp521r1
2001-09-12T17:34:24Z vmauthd[2116562]: Connect from (local) AF_UNIX socket.
2001-09-12T17:34:24Z vmauthd[2116562]: Connect from 127.0.0.1
2001-09-12T17:34:24Z vmauthd[2116562]: local verification as root
2001-09-12T17:34:24Z vmauthd[2116562]: received CONNECT_NOSTART command: /vmfs/volumes/3a4fd8ce-fc4375c4-effb-5cf3fce846f8/RHEL10-TMPL/RHEL10-TMPL.vmx vmx-vigor
2001-09-12T17:34:24Z vmauthd[2116562]: Acquired lock for /var/run/vmware/authd_d4aa485beb1bd69dac2dd7712435f2f7
2001-09-12T17:34:24Z vmauthd[2116562]: No such VMware process: /vmfs/volumes/3a4fd8ce-fc4375c4-effb-5cf3fce846f8/RHEL10-TMPL/RHEL10-TMPL.vmx
2001-09-12T17:34:24Z vmauthd[2116562]: released lock for /var/run/vmware/authd_d4aa485beb1bd69dac2dd7712435f2f7
2001-09-12T17:34:24Z vmauthd[2116562]: Local connection for vmx-vigor failed.
2001-09-12T17:34:24Z vmauthd[2116562]: Read failed.
2001-09-12T17:34:41Z vmauthd[2116706]: Msg_SetLocaleEx: HostLocale=UTF-8 UserLocale=NULL
2001-09-12T17:34:41Z vmauthd[2116706]: Could not expand environment variable HOME.
2001-09-12T17:34:41Z vmauthd[2116706]: Could not expand environment variable HOME.
2001-09-12T17:34:41Z vmauthd[2116706]: DictionaryLoad: Cannot open file "/usr/lib/vmware/config": No such file or directory.
2001-09-12T17:34:41Z vmauthd[2116706]: DictionaryLoad: Cannot open file "~/.vmware/config": No such file or directory.
2001-09-12T17:34:41Z vmauthd[2116706]: DictionaryLoad: Cannot open file "~/.vmware/preferences": No such file or directory.
2001-09-12T17:34:41Z vmauthd[2116706]: lib/ssl: OpenSSL using FIPS_drbg for RAND
2001-09-12T17:34:41Z vmauthd[2116706]: lib/ssl: protocol list tls1.2
2001-09-12T17:34:41Z vmauthd[2116706]: lib/ssl: protocol list tls1.2 (openssl flags 0x17000000)
2001-09-12T17:34:41Z vmauthd[2116706]: lib/ssl: cipher list ECDHE+AESGCM:RSA+AESGCM:ECDHE+AES:RSA+AES
2001-09-12T17:34:41Z vmauthd[2116706]: lib/ssl: curves list prime256v1:secp384r1:secp521r1
2001-09-12T17:34:41Z vmauthd[2116706]: Connect from remote socket (192.168.1.2:58130).
2001-09-12T17:34:41Z vmauthd[2116706]: Connect from 192.168.1.2
2001-09-12T17:34:41Z vmauthd[2116706]: FILE: FileCreateDirectoryEx: Failed to create /var/run/vmware/tickets/. Error = 17
2001-09-12T17:34:41Z vmauthd[2116706]: FILE: FileCreateDirectoryEx: Failed to create /var/run/vmware/tickets/. Error = 17
2001-09-12T17:34:41Z vmauthd[2116706]: local verification as root
2001-09-12T17:34:41Z vmauthd[2116706]: login from 192.168.1.2 as 5200873e-0147-1f27-79e1-7db49efbaec4
2001-09-12T17:34:41Z vmauthd[2116706]: received CONNECT command: /vmfs/volumes/3a4fd8ce-fc4375c4-effb-5cf3fce846f8/RHEL10-TMPL/RHEL10-TMPL.vmx mks
2001-09-12T17:34:41Z vmauthd[2116706]: Acquired lock for /var/run/vmware/authd_d4aa485beb1bd69dac2dd7712435f2f7
2001-09-12T17:34:41Z vmauthd[2116706]: /vmfs/volumes/3a4fd8ce-fc4375c4-effb-5cf3fce846f8/RHEL10-TMPL/RHEL10-TMPL.vmx: Connected to mks-fd, remote end sent pid: 2116693
2001-09-12T17:34:41Z vmauthd[2116706]: released lock for /var/run/vmware/authd_d4aa485beb1bd69dac2dd7712435f2f7
2001-09-12T17:34:41Z vmauthd[2116706]: Local connection for mks established.
2001-09-12T17:36:55Z vmauthd[2116981]: Msg_SetLocaleEx: HostLocale=UTF-8 UserLocale=NULL
2001-09-12T17:36:55Z vmauthd[2116981]: Could not expand environment variable HOME.
2001-09-12T17:36:55Z vmauthd[2116981]: Could not expand environment variable HOME.
2001-09-12T17:36:55Z vmauthd[2116981]: DictionaryLoad: Cannot open file "/usr/lib/vmware/config": No such file or directory.
2001-09-12T17:36:55Z vmauthd[2116981]: DictionaryLoad: Cannot open file "~/.vmware/config": No such file or directory.
2001-09-12T17:36:55Z vmauthd[2116981]: DictionaryLoad: Cannot open file "~/.vmware/preferences": No such file or directory.
2001-09-12T17:36:55Z vmauthd[2116981]: lib/ssl: OpenSSL using FIPS_drbg for RAND
2001-09-12T17:36:55Z vmauthd[2116981]: lib/ssl: protocol list tls1.2
2001-09-12T17:36:55Z vmauthd[2116981]: lib/ssl: protocol list tls1.2 (openssl flags 0x17000000)
2001-09-12T17:36:55Z vmauthd[2116981]: lib/ssl: cipher list ECDHE+AESGCM:RSA+AESGCM:ECDHE+AES:RSA+AES
2001-09-12T17:36:55Z vmauthd[2116981]: lib/ssl: curves list prime256v1:secp384r1:secp521r1
2001-09-12T17:36:55Z vmauthd[2116981]: Connect from (local) AF_UNIX socket.
2001-09-12T17:36:55Z vmauthd[2116981]: Connect from 127.0.0.1
2001-09-12T17:36:55Z vmauthd[2116981]: local verification as root
2001-09-12T17:36:55Z vmauthd[2116981]: received CONNECT_NOSTART command: /vmfs/volumes/3a4fd8ce-fc4375c4-effb-5cf3fce846f8/RHEL9-TMPL/RHEL9-TMPL.vmx vmx-vigor
2001-09-12T17:36:55Z vmauthd[2116981]: Acquired lock for /var/run/vmware/authd_812ce3ce92d223f7bbd42a2d1ed08787
2001-09-12T17:36:55Z vmauthd[2116981]: No such VMware process: /vmfs/volumes/3a4fd8ce-fc4375c4-effb-5cf3fce846f8/RHEL9-TMPL/RHEL9-TMPL.vmx
2001-09-12T17:36:55Z vmauthd[2116981]: released lock for /var/run/vmware/authd_812ce3ce92d223f7bbd42a2d1ed08787
2001-09-12T17:36:55Z vmauthd[2116981]: Local connection for vmx-vigor failed.
2001-09-12T17:36:55Z vmauthd[2116981]: Read failed.
2001-09-12T17:46:16Z vmauthd[2117460]: Msg_SetLocaleEx: HostLocale=UTF-8 UserLocale=NULL
2001-09-12T17:46:16Z vmauthd[2117460]: Could not expand environment variable HOME.
2001-09-12T17:46:16Z vmauthd[2117460]: Could not expand environment variable HOME.
2001-09-12T17:46:16Z vmauthd[2117460]: DictionaryLoad: Cannot open file "/usr/lib/vmware/config": No such file or directory.
2001-09-12T17:46:16Z vmauthd[2117460]: DictionaryLoad: Cannot open file "~/.vmware/config": No such file or directory.
2001-09-12T17:46:16Z vmauthd[2117460]: DictionaryLoad: Cannot open file "~/.vmware/preferences": No such file or directory.
2001-09-12T17:46:16Z vmauthd[2117460]: lib/ssl: OpenSSL using FIPS_drbg for RAND
2001-09-12T17:46:16Z vmauthd[2117460]: lib/ssl: protocol list tls1.2
2001-09-12T17:46:16Z vmauthd[2117460]: lib/ssl: protocol list tls1.2 (openssl flags 0x17000000)
2001-09-12T17:46:16Z vmauthd[2117460]: lib/ssl: cipher list ECDHE+AESGCM:RSA+AESGCM:ECDHE+AES:RSA+AES
2001-09-12T17:46:16Z vmauthd[2117460]: lib/ssl: curves list prime256v1:secp384r1:secp521r1
2001-09-12T17:46:16Z vmauthd[2117460]: Connect from remote socket (192.168.1.2:60248).
2001-09-12T17:46:16Z vmauthd[2117460]: Connect from 192.168.1.2
2001-09-12T17:46:16Z vmauthd[2117460]: FILE: FileCreateDirectoryEx: Failed to create /var/run/vmware/tickets/. Error = 17
2001-09-12T17:46:16Z vmauthd[2117460]: FILE: FileCreateDirectoryEx: Failed to create /var/run/vmware/tickets/. Error = 17
2001-09-12T17:46:16Z vmauthd[2117460]: local verification as root
2001-09-12T17:46:16Z vmauthd[2117460]: login from 192.168.1.2 as 5207ed01-d69e-1d25-57e4-563c5f9307d9
2001-09-12T17:46:16Z vmauthd[2117460]: received CONNECT command: /vmfs/volumes/3a4fd8ce-fc4375c4-effb-5cf3fce846f8/SGRL-IPAM001/SGRL-IPAM001.vmx mks
2001-09-12T17:46:16Z vmauthd[2117460]: Acquired lock for /var/run/vmware/authd_2aaf462a6ffcb3133918ce058d4b26a4
2001-09-12T17:46:16Z vmauthd[2117460]: /vmfs/volumes/3a4fd8ce-fc4375c4-effb-5cf3fce846f8/SGRL-IPAM001/SGRL-IPAM001.vmx: Connected to mks-fd, remote end sent pid: 2117278
2001-09-12T17:46:16Z vmauthd[2117460]: released lock for /var/run/vmware/authd_2aaf462a6ffcb3133918ce058d4b26a4
2001-09-12T17:46:16Z vmauthd[2117460]: Local connection for mks established.
2001-09-12T17:46:51Z vmauthd[2117462]: Msg_SetLocaleEx: HostLocale=UTF-8 UserLocale=NULL
2001-09-12T17:46:51Z vmauthd[2117462]: Could not expand environment variable HOME.
2001-09-12T17:46:51Z vmauthd[2117462]: Could not expand environment variable HOME.
2001-09-12T17:46:51Z vmauthd[2117462]: DictionaryLoad: Cannot open file "/usr/lib/vmware/config": No such file or directory.
2001-09-12T17:46:51Z vmauthd[2117462]: DictionaryLoad: Cannot open file "~/.vmware/config": No such file or directory.
2001-09-12T17:46:51Z vmauthd[2117462]: DictionaryLoad: Cannot open file "~/.vmware/preferences": No such file or directory.
2001-09-12T17:46:51Z vmauthd[2117462]: lib/ssl: OpenSSL using FIPS_drbg for RAND
2001-09-12T17:46:51Z vmauthd[2117462]: lib/ssl: protocol list tls1.2
2001-09-12T17:46:51Z vmauthd[2117462]: lib/ssl: protocol list tls1.2 (openssl flags 0x17000000)
2001-09-12T17:46:51Z vmauthd[2117462]: lib/ssl: cipher list ECDHE+AESGCM:RSA+AESGCM:ECDHE+AES:RSA+AES
2001-09-12T17:46:51Z vmauthd[2117462]: lib/ssl: curves list prime256v1:secp384r1:secp521r1
2001-09-12T17:46:51Z vmauthd[2117462]: Connect from remote socket (192.168.1.2:60306).
2001-09-12T17:46:51Z vmauthd[2117462]: Connect from 192.168.1.2
2001-09-12T17:46:51Z vmauthd[2117462]: FILE: FileCreateDirectoryEx: Failed to create /var/run/vmware/tickets/. Error = 17
2001-09-12T17:46:51Z vmauthd[2117462]: FILE: FileCreateDirectoryEx: Failed to create /var/run/vmware/tickets/. Error = 17
2001-09-12T17:46:51Z vmauthd[2117462]: local verification as root
2001-09-12T17:46:51Z vmauthd[2117462]: login from 192.168.1.2 as 52468213-8152-1285-1c57-ee14894ac3ba
2001-09-12T17:46:51Z vmauthd[2117462]: received CONNECT command: /vmfs/volumes/3a4fd8ce-fc4375c4-effb-5cf3fce846f8/SGRL-ADC001/SGRL-ADC001.vmx mks
2001-09-12T17:46:51Z vmauthd[2117462]: Acquired lock for /var/run/vmware/authd_fa0e92f99f0bc0d4eb3b8d0ec4883621
2001-09-12T17:46:51Z vmauthd[2117462]: /vmfs/volumes/3a4fd8ce-fc4375c4-effb-5cf3fce846f8/SGRL-ADC001/SGRL-ADC001.vmx: Connected to mks-fd, remote end sent pid: 2102554
2001-09-12T17:46:51Z vmauthd[2117462]: released lock for /var/run/vmware/authd_fa0e92f99f0bc0d4eb3b8d0ec4883621
2001-09-12T17:46:51Z vmauthd[2117462]: Local connection for mks established.
2001-09-12T18:29:34Z vmauthd[2117925]: Msg_SetLocaleEx: HostLocale=UTF-8 UserLocale=NULL
2001-09-12T18:29:34Z vmauthd[2117925]: Could not expand environment variable HOME.
2001-09-12T18:29:34Z vmauthd[2117925]: Could not expand environment variable HOME.
2001-09-12T18:29:34Z vmauthd[2117925]: DictionaryLoad: Cannot open file "/usr/lib/vmware/config": No such file or directory.
2001-09-12T18:29:34Z vmauthd[2117925]: DictionaryLoad: Cannot open file "~/.vmware/config": No such file or directory.
2001-09-12T18:29:34Z vmauthd[2117925]: DictionaryLoad: Cannot open file "~/.vmware/preferences": No such file or directory.
2001-09-12T18:29:34Z vmauthd[2117925]: lib/ssl: OpenSSL using FIPS_drbg for RAND
2001-09-12T18:29:34Z vmauthd[2117925]: lib/ssl: protocol list tls1.2
2001-09-12T18:29:34Z vmauthd[2117925]: lib/ssl: protocol list tls1.2 (openssl flags 0x17000000)
2001-09-12T18:29:34Z vmauthd[2117925]: lib/ssl: cipher list ECDHE+AESGCM:RSA+AESGCM:ECDHE+AES:RSA+AES
2001-09-12T18:29:34Z vmauthd[2117925]: lib/ssl: curves list prime256v1:secp384r1:secp521r1
2001-09-12T18:29:34Z vmauthd[2117925]: Connect from (local) AF_UNIX socket.
2001-09-12T18:29:34Z vmauthd[2117925]: Connect from 127.0.0.1
2001-09-12T18:29:34Z vmauthd[2117925]: local verification as root
2001-09-12T18:29:34Z vmauthd[2117925]: received CONNECT_NOSTART command: /vmfs/volumes/3a4fd8ce-fc4375c4-effb-5cf3fce846f8/SGRL-IPAM001/SGRL-IPAM001.vmx vmx-vigor
2001-09-12T18:29:34Z vmauthd[2117925]: Acquired lock for /var/run/vmware/authd_2aaf462a6ffcb3133918ce058d4b26a4
2001-09-12T18:29:34Z vmauthd[2117925]: No such VMware process: /vmfs/volumes/3a4fd8ce-fc4375c4-effb-5cf3fce846f8/SGRL-IPAM001/SGRL-IPAM001.vmx
2001-09-12T18:29:34Z vmauthd[2117925]: released lock for /var/run/vmware/authd_2aaf462a6ffcb3133918ce058d4b26a4
2001-09-12T18:29:34Z vmauthd[2117925]: Local connection for vmx-vigor failed.
2001-09-12T18:29:34Z vmauthd[2117925]: Read failed.
2001-09-12T18:30:16Z vmauthd[2118067]: Msg_SetLocaleEx: HostLocale=UTF-8 UserLocale=NULL
2001-09-12T18:30:16Z vmauthd[2118067]: Could not expand environment variable HOME.
2001-09-12T18:30:16Z vmauthd[2118067]: Could not expand environment variable HOME.
2001-09-12T18:30:16Z vmauthd[2118067]: DictionaryLoad: Cannot open file "/usr/lib/vmware/config": No such file or directory.
2001-09-12T18:30:16Z vmauthd[2118067]: DictionaryLoad: Cannot open file "~/.vmware/config": No such file or directory.
2001-09-12T18:30:16Z vmauthd[2118067]: DictionaryLoad: Cannot open file "~/.vmware/preferences": No such file or directory.
2001-09-12T18:30:16Z vmauthd[2118067]: lib/ssl: OpenSSL using FIPS_drbg for RAND
2001-09-12T18:30:16Z vmauthd[2118067]: lib/ssl: protocol list tls1.2
2001-09-12T18:30:16Z vmauthd[2118067]: lib/ssl: protocol list tls1.2 (openssl flags 0x17000000)
2001-09-12T18:30:16Z vmauthd[2118067]: lib/ssl: cipher list ECDHE+AESGCM:RSA+AESGCM:ECDHE+AES:RSA+AES
2001-09-12T18:30:16Z vmauthd[2118067]: lib/ssl: curves list prime256v1:secp384r1:secp521r1
2001-09-12T18:30:16Z vmauthd[2118067]: Connect from remote socket (192.168.1.2:38276).
2001-09-12T18:30:16Z vmauthd[2118067]: Connect from 192.168.1.2
2001-09-12T18:30:16Z vmauthd[2118067]: FILE: FileCreateDirectoryEx: Failed to create /var/run/vmware/tickets/. Error = 17
2001-09-12T18:30:16Z vmauthd[2118067]: FILE: FileCreateDirectoryEx: Failed to create /var/run/vmware/tickets/. Error = 17
2001-09-12T18:30:16Z vmauthd[2118067]: local verification as root
2001-09-12T18:30:16Z vmauthd[2118067]: login from 192.168.1.2 as 52ad1d9d-3033-2a7e-d9ff-a057ac8134f2
2001-09-12T18:30:16Z vmauthd[2118067]: received CONNECT command: /vmfs/volumes/3a4fd8ce-fc4375c4-effb-5cf3fce846f8/RHEL10-TMPL/RHEL10-TMPL.vmx mks
2001-09-12T18:30:16Z vmauthd[2118067]: Acquired lock for /var/run/vmware/authd_d4aa485beb1bd69dac2dd7712435f2f7
2001-09-12T18:30:16Z vmauthd[2118067]: /vmfs/volumes/3a4fd8ce-fc4375c4-effb-5cf3fce846f8/RHEL10-TMPL/RHEL10-TMPL.vmx: Connected to mks-fd, remote end sent pid: 2116693
2001-09-12T18:30:16Z vmauthd[2118067]: released lock for /var/run/vmware/authd_d4aa485beb1bd69dac2dd7712435f2f7
2001-09-12T18:30:16Z vmauthd[2118067]: Local connection for mks established.
2001-09-12T18:30:49Z vmauthd[2118069]: Msg_SetLocaleEx: HostLocale=UTF-8 UserLocale=NULL
2001-09-12T18:30:49Z vmauthd[2118069]: Could not expand environment variable HOME.
2001-09-12T18:30:49Z vmauthd[2118069]: Could not expand environment variable HOME.
2001-09-12T18:30:49Z vmauthd[2118069]: DictionaryLoad: Cannot open file "/usr/lib/vmware/config": No such file or directory.
2001-09-12T18:30:49Z vmauthd[2118069]: DictionaryLoad: Cannot open file "~/.vmware/config": No such file or directory.
2001-09-12T18:30:49Z vmauthd[2118069]: DictionaryLoad: Cannot open file "~/.vmware/preferences": No such file or directory.
2001-09-12T18:30:49Z vmauthd[2118069]: lib/ssl: OpenSSL using FIPS_drbg for RAND
2001-09-12T18:30:49Z vmauthd[2118069]: lib/ssl: protocol list tls1.2
2001-09-12T18:30:49Z vmauthd[2118069]: lib/ssl: protocol list tls1.2 (openssl flags 0x17000000)
2001-09-12T18:30:49Z vmauthd[2118069]: lib/ssl: cipher list ECDHE+AESGCM:RSA+AESGCM:ECDHE+AES:RSA+AES
2001-09-12T18:30:49Z vmauthd[2118069]: lib/ssl: curves list prime256v1:secp384r1:secp521r1
2001-09-12T18:30:49Z vmauthd[2118069]: Connect from (local) AF_UNIX socket.
2001-09-12T18:30:49Z vmauthd[2118069]: Connect from 127.0.0.1
2001-09-12T18:30:49Z vmauthd[2118069]: local verification as root
2001-09-12T18:30:49Z vmauthd[2118069]: received CONNECT_NOSTART command: /vmfs/volumes/3a4fd8ce-fc4375c4-effb-5cf3fce846f8/RHEL10-TMPL/RHEL10-TMPL.vmx vmx-vigor
2001-09-12T18:30:49Z vmauthd[2118069]: Acquired lock for /var/run/vmware/authd_d4aa485beb1bd69dac2dd7712435f2f7
2001-09-12T18:30:49Z vmauthd[2118069]: No such VMware process: /vmfs/volumes/3a4fd8ce-fc4375c4-effb-5cf3fce846f8/RHEL10-TMPL/RHEL10-TMPL.vmx
2001-09-12T18:30:49Z vmauthd[2118069]: released lock for /var/run/vmware/authd_d4aa485beb1bd69dac2dd7712435f2f7
2001-09-12T18:30:49Z vmauthd[2118069]: Local connection for vmx-vigor failed.
2001-09-12T18:30:49Z vmauthd[2118069]: Read failed.
2001-09-12T18:31:06Z vmauthd[2118200]: Msg_SetLocaleEx: HostLocale=UTF-8 UserLocale=NULL
2001-09-12T18:31:06Z vmauthd[2118200]: Could not expand environment variable HOME.
2001-09-12T18:31:06Z vmauthd[2118200]: Could not expand environment variable HOME.
2001-09-12T18:31:06Z vmauthd[2118200]: DictionaryLoad: Cannot open file "/usr/lib/vmware/config": No such file or directory.
2001-09-12T18:31:06Z vmauthd[2118200]: DictionaryLoad: Cannot open file "~/.vmware/config": No such file or directory.
2001-09-12T18:31:06Z vmauthd[2118200]: DictionaryLoad: Cannot open file "~/.vmware/preferences": No such file or directory.
2001-09-12T18:31:06Z vmauthd[2118200]: lib/ssl: OpenSSL using FIPS_drbg for RAND
2001-09-12T18:31:06Z vmauthd[2118200]: lib/ssl: protocol list tls1.2
2001-09-12T18:31:06Z vmauthd[2118200]: lib/ssl: protocol list tls1.2 (openssl flags 0x17000000)
2001-09-12T18:31:06Z vmauthd[2118200]: lib/ssl: cipher list ECDHE+AESGCM:RSA+AESGCM:ECDHE+AES:RSA+AES
2001-09-12T18:31:06Z vmauthd[2118200]: lib/ssl: curves list prime256v1:secp384r1:secp521r1
2001-09-12T18:31:06Z vmauthd[2118200]: Connect from (local) AF_UNIX socket.
2001-09-12T18:31:06Z vmauthd[2118200]: Connect from 127.0.0.1
2001-09-12T18:31:06Z vmauthd[2118200]: local verification as root
2001-09-12T18:31:06Z vmauthd[2118200]: received CONNECT_NOSTART command: /vmfs/volumes/3a4fd8ce-fc4375c4-effb-5cf3fce846f8/TMPL-RHEL8/TMPL-RHEL8.vmx vmx-vigor
2001-09-12T18:31:06Z vmauthd[2118200]: Acquired lock for /var/run/vmware/authd_1d30b46b56f11e77c5d5d0f973f15c2e
2001-09-12T18:31:06Z vmauthd[2118200]: No such VMware process: /vmfs/volumes/3a4fd8ce-fc4375c4-effb-5cf3fce846f8/TMPL-RHEL8/TMPL-RHEL8.vmx
2001-09-12T18:31:06Z vmauthd[2118200]: released lock for /var/run/vmware/authd_1d30b46b56f11e77c5d5d0f973f15c2e
2001-09-12T18:31:06Z vmauthd[2118200]: Local connection for vmx-vigor failed.
2001-09-12T18:31:06Z vmauthd[2118200]: Read failed.
2001-09-12T18:32:11Z vmauthd[2118462]: Msg_SetLocaleEx: HostLocale=UTF-8 UserLocale=NULL
2001-09-12T18:32:11Z vmauthd[2118462]: Could not expand environment variable HOME.
2001-09-12T18:32:11Z vmauthd[2118462]: Could not expand environment variable HOME.
2001-09-12T18:32:11Z vmauthd[2118462]: DictionaryLoad: Cannot open file "/usr/lib/vmware/config": No such file or directory.
2001-09-12T18:32:11Z vmauthd[2118462]: DictionaryLoad: Cannot open file "~/.vmware/config": No such file or directory.
2001-09-12T18:32:11Z vmauthd[2118462]: DictionaryLoad: Cannot open file "~/.vmware/preferences": No such file or directory.
2001-09-12T18:32:11Z vmauthd[2118462]: lib/ssl: OpenSSL using FIPS_drbg for RAND
2001-09-12T18:32:11Z vmauthd[2118462]: lib/ssl: protocol list tls1.2
2001-09-12T18:32:11Z vmauthd[2118462]: lib/ssl: protocol list tls1.2 (openssl flags 0x17000000)
2001-09-12T18:32:11Z vmauthd[2118462]: lib/ssl: cipher list ECDHE+AESGCM:RSA+AESGCM:ECDHE+AES:RSA+AES
2001-09-12T18:32:11Z vmauthd[2118462]: lib/ssl: curves list prime256v1:secp384r1:secp521r1
2001-09-12T18:32:11Z vmauthd[2118462]: Connect from (local) AF_UNIX socket.
2001-09-12T18:32:11Z vmauthd[2118462]: Connect from 127.0.0.1
2001-09-12T18:32:11Z vmauthd[2118462]: local verification as root
2001-09-12T18:32:11Z vmauthd[2118462]: received CONNECT_NOSTART command: /vmfs/volumes/3a4fd8ce-fc4375c4-effb-5cf3fce846f8/SGRL-VCSA01/SGRL-VCSA01.vmx vmx-vigor
2001-09-12T18:32:11Z vmauthd[2118462]: Acquired lock for /var/run/vmware/authd_84500fb122bfa30daf2e457a68fcb33e
2001-09-12T18:32:11Z vmauthd[2118462]: No such VMware process: /vmfs/volumes/3a4fd8ce-fc4375c4-effb-5cf3fce846f8/SGRL-VCSA01/SGRL-VCSA01.vmx
2001-09-12T18:32:11Z vmauthd[2118462]: released lock for /var/run/vmware/authd_84500fb122bfa30daf2e457a68fcb33e
2001-09-12T18:32:11Z vmauthd[2118462]: Local connection for vmx-vigor failed.
2001-09-12T18:32:11Z vmauthd[2118462]: Read failed.
2001-09-12T18:33:01Z vmauthd[2118609]: Msg_SetLocaleEx: HostLocale=UTF-8 UserLocale=NULL
2001-09-12T18:33:01Z vmauthd[2118609]: Could not expand environment variable HOME.
2001-09-12T18:33:01Z vmauthd[2118609]: Could not expand environment variable HOME.
2001-09-12T18:33:01Z vmauthd[2118609]: DictionaryLoad: Cannot open file "/usr/lib/vmware/config": No such file or directory.
2001-09-12T18:33:01Z vmauthd[2118609]: DictionaryLoad: Cannot open file "~/.vmware/config": No such file or directory.
2001-09-12T18:33:01Z vmauthd[2118609]: DictionaryLoad: Cannot open file "~/.vmware/preferences": No such file or directory.
2001-09-12T18:33:01Z vmauthd[2118609]: lib/ssl: OpenSSL using FIPS_drbg for RAND
2001-09-12T18:33:01Z vmauthd[2118609]: lib/ssl: protocol list tls1.2
2001-09-12T18:33:01Z vmauthd[2118609]: lib/ssl: protocol list tls1.2 (openssl flags 0x17000000)
2001-09-12T18:33:01Z vmauthd[2118609]: lib/ssl: cipher list ECDHE+AESGCM:RSA+AESGCM:ECDHE+AES:RSA+AES
2001-09-12T18:33:01Z vmauthd[2118609]: lib/ssl: curves list prime256v1:secp384r1:secp521r1
2001-09-12T18:33:01Z vmauthd[2118609]: Connect from (local) AF_UNIX socket.
2001-09-12T18:33:01Z vmauthd[2118609]: Connect from 127.0.0.1
2001-09-12T18:33:01Z vmauthd[2118609]: local verification as root
2001-09-12T18:33:01Z vmauthd[2118609]: received CONNECT_NOSTART command: /vmfs/volumes/3a4fd8ce-fc4375c4-effb-5cf3fce846f8/VyOS-Router/VyOS-Router.vmx vmx-vigor
2001-09-12T18:33:01Z vmauthd[2118609]: Acquired lock for /var/run/vmware/authd_91ecdaacce253e6bc5c93f9dde6fab90
2001-09-12T18:33:01Z vmauthd[2118609]: No such VMware process: /vmfs/volumes/3a4fd8ce-fc4375c4-effb-5cf3fce846f8/VyOS-Router/VyOS-Router.vmx
2001-09-12T18:33:01Z vmauthd[2118609]: released lock for /var/run/vmware/authd_91ecdaacce253e6bc5c93f9dde6fab90
2001-09-12T18:33:01Z vmauthd[2118609]: Local connection for vmx-vigor failed.
2001-09-12T18:33:01Z vmauthd[2118609]: Read failed.
2001-09-12T18:33:01Z vmauthd[2118610]: Msg_SetLocaleEx: HostLocale=UTF-8 UserLocale=NULL
2001-09-12T18:33:01Z vmauthd[2118610]: Could not expand environment variable HOME.
2001-09-12T18:33:01Z vmauthd[2118610]: Could not expand environment variable HOME.
2001-09-12T18:33:01Z vmauthd[2118610]: DictionaryLoad: Cannot open file "/usr/lib/vmware/config": No such file or directory.
2001-09-12T18:33:01Z vmauthd[2118610]: DictionaryLoad: Cannot open file "~/.vmware/config": No such file or directory.
2001-09-12T18:33:01Z vmauthd[2118610]: DictionaryLoad: Cannot open file "~/.vmware/preferences": No such file or directory.
2001-09-12T18:33:01Z vmauthd[2118610]: lib/ssl: OpenSSL using FIPS_drbg for RAND
2001-09-12T18:33:01Z vmauthd[2118610]: lib/ssl: protocol list tls1.2
2001-09-12T18:33:01Z vmauthd[2118610]: lib/ssl: protocol list tls1.2 (openssl flags 0x17000000)
2001-09-12T18:33:01Z vmauthd[2118610]: lib/ssl: cipher list ECDHE+AESGCM:RSA+AESGCM:ECDHE+AES:RSA+AES
2001-09-12T18:33:01Z vmauthd[2118610]: lib/ssl: curves list prime256v1:secp384r1:secp521r1
2001-09-12T18:33:01Z vmauthd[2118610]: Connect from (local) AF_UNIX socket.
2001-09-12T18:33:01Z vmauthd[2118610]: Connect from 127.0.0.1
2001-09-12T18:33:01Z vmauthd[2118610]: local verification as root
2001-09-12T18:33:01Z vmauthd[2118610]: received CONNECT_NOSTART command: /vmfs/volumes/3a4fd8ce-fc4375c4-effb-5cf3fce846f8/SGRL-JMP001/SGRL-JMP001.vmx vmx-vigor
2001-09-12T18:33:01Z vmauthd[2118610]: Acquired lock for /var/run/vmware/authd_c4ce0adab722156d671ee3cafe1e876f
2001-09-12T18:33:01Z vmauthd[2118610]: No such VMware process: /vmfs/volumes/3a4fd8ce-fc4375c4-effb-5cf3fce846f8/SGRL-JMP001/SGRL-JMP001.vmx
2001-09-12T18:33:01Z vmauthd[2118610]: released lock for /var/run/vmware/authd_c4ce0adab722156d671ee3cafe1e876f
2001-09-12T18:33:01Z vmauthd[2118610]: Local connection for vmx-vigor failed.
2001-09-12T18:33:01Z vmauthd[2118610]: Read failed.
2001-09-12T18:33:14Z vmauthd[2118741]: Msg_SetLocaleEx: HostLocale=UTF-8 UserLocale=NULL
2001-09-12T18:33:14Z vmauthd[2118741]: Could not expand environment variable HOME.
2001-09-12T18:33:14Z vmauthd[2118741]: Could not expand environment variable HOME.
2001-09-12T18:33:14Z vmauthd[2118741]: DictionaryLoad: Cannot open file "/usr/lib/vmware/config": No such file or directory.
2001-09-12T18:33:14Z vmauthd[2118741]: DictionaryLoad: Cannot open file "~/.vmware/config": No such file or directory.
2001-09-12T18:33:14Z vmauthd[2118741]: DictionaryLoad: Cannot open file "~/.vmware/preferences": No such file or directory.
2001-09-12T18:33:14Z vmauthd[2118741]: lib/ssl: OpenSSL using FIPS_drbg for RAND
2001-09-12T18:33:14Z vmauthd[2118741]: lib/ssl: protocol list tls1.2
2001-09-12T18:33:14Z vmauthd[2118741]: lib/ssl: protocol list tls1.2 (openssl flags 0x17000000)
2001-09-12T18:33:14Z vmauthd[2118741]: lib/ssl: cipher list ECDHE+AESGCM:RSA+AESGCM:ECDHE+AES:RSA+AES
2001-09-12T18:33:14Z vmauthd[2118741]: lib/ssl: curves list prime256v1:secp384r1:secp521r1
2001-09-12T18:33:14Z vmauthd[2118741]: Connect from (local) AF_UNIX socket.
2001-09-12T18:33:14Z vmauthd[2118741]: Connect from 127.0.0.1
2001-09-12T18:33:14Z vmauthd[2118741]: local verification as root
2001-09-12T18:33:14Z vmauthd[2118741]: received CONNECT_NOSTART command: /vmfs/volumes/3a4fd8ce-fc4375c4-effb-5cf3fce846f8/SGRL-ADC001/SGRL-ADC001.vmx vmx-vigor
2001-09-12T18:33:14Z vmauthd[2118741]: Acquired lock for /var/run/vmware/authd_fa0e92f99f0bc0d4eb3b8d0ec4883621
2001-09-12T18:33:14Z vmauthd[2118741]: No such VMware process: /vmfs/volumes/3a4fd8ce-fc4375c4-effb-5cf3fce846f8/SGRL-ADC001/SGRL-ADC001.vmx
2001-09-12T18:33:14Z vmauthd[2118741]: released lock for /var/run/vmware/authd_fa0e92f99f0bc0d4eb3b8d0ec4883621
2001-09-12T18:33:14Z vmauthd[2118741]: Local connection for vmx-vigor failed.
2001-09-12T18:33:14Z vmauthd[2118741]: Read failed.
2001-09-13T06:22:12Z vmauthd[2101176]: Msg_SetLocaleEx: HostLocale=UTF-8 UserLocale=NULL
2001-09-13T06:22:12Z vmauthd[2101176]: Could not expand environment variable HOME.
2001-09-13T06:22:12Z vmauthd[2101176]: Could not expand environment variable HOME.
2001-09-13T06:22:12Z vmauthd[2101176]: DictionaryLoad: Cannot open file "/usr/lib/vmware/config": No such file or directory.
2001-09-13T06:22:12Z vmauthd[2101176]: DictionaryLoad: Cannot open file "~/.vmware/config": No such file or directory.
2001-09-13T06:22:12Z vmauthd[2101176]: DictionaryLoad: Cannot open file "~/.vmware/preferences": No such file or directory.
2001-09-13T06:22:12Z vmauthd[2101176]: lib/ssl: OpenSSL using FIPS_drbg for RAND
2001-09-13T06:22:12Z vmauthd[2101176]: lib/ssl: protocol list tls1.2
2001-09-13T06:22:12Z vmauthd[2101176]: lib/ssl: protocol list tls1.2 (openssl flags 0x17000000)
2001-09-13T06:22:12Z vmauthd[2101176]: lib/ssl: cipher list ECDHE+AESGCM:RSA+AESGCM:ECDHE+AES:RSA+AES
2001-09-13T06:22:12Z vmauthd[2101176]: lib/ssl: curves list prime256v1:secp384r1:secp521r1
2001-09-13T06:22:12Z vmauthd[2101176]: Connect from remote socket (192.168.1.2:55644).
2001-09-13T06:22:12Z vmauthd[2101176]: Connect from 192.168.1.2
2001-09-13T06:22:12Z vmauthd[2101176]: Received PROXY command for vpxa-nfcssl, session = 52 55 40 f2 c9 f2 ae 6a-a8 c6 a9 b3 91 15 ef a4
2001-09-13T06:22:12Z vmauthd[2101176]: vmware-vpxa: Connected to vpxa-nfcssl-fd, remote end sent pid: 2099327
2001-09-13T06:27:32Z vmauthd[2101249]: Msg_SetLocaleEx: HostLocale=UTF-8 UserLocale=NULL
2001-09-13T06:27:32Z vmauthd[2101249]: Could not expand environment variable HOME.
2001-09-13T06:27:32Z vmauthd[2101249]: Could not expand environment variable HOME.
2001-09-13T06:27:32Z vmauthd[2101249]: DictionaryLoad: Cannot open file "/usr/lib/vmware/config": No such file or directory.
2001-09-13T06:27:32Z vmauthd[2101249]: DictionaryLoad: Cannot open file "~/.vmware/config": No such file or directory.
2001-09-13T06:27:32Z vmauthd[2101249]: DictionaryLoad: Cannot open file "~/.vmware/preferences": No such file or directory.
2001-09-13T06:27:32Z vmauthd[2101249]: lib/ssl: OpenSSL using FIPS_drbg for RAND
2001-09-13T06:27:32Z vmauthd[2101249]: lib/ssl: protocol list tls1.2
2001-09-13T06:27:32Z vmauthd[2101249]: lib/ssl: protocol list tls1.2 (openssl flags 0x17000000)
2001-09-13T06:27:32Z vmauthd[2101249]: lib/ssl: cipher list ECDHE+AESGCM:RSA+AESGCM:ECDHE+AES:RSA+AES
2001-09-13T06:27:32Z vmauthd[2101249]: lib/ssl: curves list prime256v1:secp384r1:secp521r1
2001-09-13T06:27:32Z vmauthd[2101249]: Connect from (local) AF_UNIX socket.
2001-09-13T06:27:32Z vmauthd[2101249]: Connect from 127.0.0.1
2001-09-13T06:27:32Z vmauthd[2101249]: local verification as root
2001-09-13T06:27:32Z vmauthd[2101249]: received CONNECT_NOSTART command: /vmfs/volumes/3a4fd8ce-fc4375c4-effb-5cf3fce846f8/SGRL-IPAM001/SGRL-IPAM001.vmx vmx-vigor
2001-09-13T06:27:32Z vmauthd[2101249]: Acquired lock for /var/run/vmware/authd_2aaf462a6ffcb3133918ce058d4b26a4
2001-09-13T06:27:32Z vmauthd[2101249]: No such VMware process: /vmfs/volumes/3a4fd8ce-fc4375c4-effb-5cf3fce846f8/SGRL-IPAM001/SGRL-IPAM001.vmx
2001-09-13T06:27:32Z vmauthd[2101249]: released lock for /var/run/vmware/authd_2aaf462a6ffcb3133918ce058d4b26a4
2001-09-13T06:27:32Z vmauthd[2101249]: Local connection for vmx-vigor failed.
2001-09-13T06:27:32Z vmauthd[2101249]: Read failed.
2001-09-13T07:25:15Z vmauthd[2103031]: Msg_SetLocaleEx: HostLocale=UTF-8 UserLocale=NULL
2001-09-13T07:25:15Z vmauthd[2103031]: Could not expand environment variable HOME.
2001-09-13T07:25:15Z vmauthd[2103031]: Could not expand environment variable HOME.
2001-09-13T07:25:15Z vmauthd[2103031]: DictionaryLoad: Cannot open file "/usr/lib/vmware/config": No such file or directory.
2001-09-13T07:25:15Z vmauthd[2103031]: DictionaryLoad: Cannot open file "~/.vmware/config": No such file or directory.
2001-09-13T07:25:15Z vmauthd[2103031]: DictionaryLoad: Cannot open file "~/.vmware/preferences": No such file or directory.
2001-09-13T07:25:15Z vmauthd[2103031]: lib/ssl: OpenSSL using FIPS_drbg for RAND
2001-09-13T07:25:15Z vmauthd[2103031]: lib/ssl: protocol list tls1.2
2001-09-13T07:25:15Z vmauthd[2103031]: lib/ssl: protocol list tls1.2 (openssl flags 0x17000000)
2001-09-13T07:25:15Z vmauthd[2103031]: lib/ssl: cipher list ECDHE+AESGCM:RSA+AESGCM:ECDHE+AES:RSA+AES
2001-09-13T07:25:15Z vmauthd[2103031]: lib/ssl: curves list prime256v1:secp384r1:secp521r1
2001-09-13T07:25:15Z vmauthd[2103031]: Connect from remote socket (192.168.1.2:41130).
2001-09-13T07:25:15Z vmauthd[2103031]: Connect from 192.168.1.2
2001-09-13T07:25:15Z vmauthd[2103031]: FILE: FileCreateDirectoryEx: Failed to create /var/run/vmware/tickets/. Error = 17
2001-09-13T07:25:15Z vmauthd[2103031]: FILE: FileCreateDirectoryEx: Failed to create /var/run/vmware/tickets/. Error = 17
2001-09-13T07:25:15Z vmauthd[2103031]: local verification as root
2001-09-13T07:25:15Z vmauthd[2103031]: login from 192.168.1.2 as 527616a5-ddcb-a139-86c7-99b240e48446
2001-09-13T07:25:15Z vmauthd[2103031]: received CONNECT command: /vmfs/volumes/3a4fd8ce-fc4375c4-effb-5cf3fce846f8/SGRL-ADC001/SGRL-ADC001.vmx mks
2001-09-13T07:25:15Z vmauthd[2103031]: Acquired lock for /var/run/vmware/authd_fa0e92f99f0bc0d4eb3b8d0ec4883621
2001-09-13T07:25:15Z vmauthd[2103031]: /vmfs/volumes/3a4fd8ce-fc4375c4-effb-5cf3fce846f8/SGRL-ADC001/SGRL-ADC001.vmx: Connected to mks-fd, remote end sent pid: 2100270
2001-09-13T07:25:15Z vmauthd[2103031]: released lock for /var/run/vmware/authd_fa0e92f99f0bc0d4eb3b8d0ec4883621
2001-09-13T07:25:15Z vmauthd[2103031]: Local connection for mks established.
2001-09-13T08:14:59Z vmauthd[2104137]: Msg_SetLocaleEx: HostLocale=UTF-8 UserLocale=NULL
2001-09-13T08:14:59Z vmauthd[2104137]: Could not expand environment variable HOME.
2001-09-13T08:14:59Z vmauthd[2104137]: Could not expand environment variable HOME.
2001-09-13T08:14:59Z vmauthd[2104137]: DictionaryLoad: Cannot open file "/usr/lib/vmware/config": No such file or directory.
2001-09-13T08:14:59Z vmauthd[2104137]: DictionaryLoad: Cannot open file "~/.vmware/config": No such file or directory.
2001-09-13T08:14:59Z vmauthd[2104137]: DictionaryLoad: Cannot open file "~/.vmware/preferences": No such file or directory.
2001-09-13T08:14:59Z vmauthd[2104137]: lib/ssl: OpenSSL using FIPS_drbg for RAND
2001-09-13T08:14:59Z vmauthd[2104137]: lib/ssl: protocol list tls1.2
2001-09-13T08:14:59Z vmauthd[2104137]: lib/ssl: protocol list tls1.2 (openssl flags 0x17000000)
2001-09-13T08:14:59Z vmauthd[2104137]: lib/ssl: cipher list ECDHE+AESGCM:RSA+AESGCM:ECDHE+AES:RSA+AES
2001-09-13T08:14:59Z vmauthd[2104137]: lib/ssl: curves list prime256v1:secp384r1:secp521r1
2001-09-13T08:14:59Z vmauthd[2104137]: Connect from remote socket (192.168.1.2:51816).
2001-09-13T08:14:59Z vmauthd[2104137]: Connect from 192.168.1.2
2001-09-13T08:14:59Z vmauthd[2104137]: FILE: FileCreateDirectoryEx: Failed to create /var/run/vmware/tickets/. Error = 17
2001-09-13T08:14:59Z vmauthd[2104137]: FILE: FileCreateDirectoryEx: Failed to create /var/run/vmware/tickets/. Error = 17
2001-09-13T08:14:59Z vmauthd[2104137]: local verification as root
2001-09-13T08:14:59Z vmauthd[2104137]: login from 192.168.1.2 as 52b9168e-3b3f-fe34-6d9e-341c15c98b72
2001-09-13T08:14:59Z vmauthd[2104137]: received CONNECT command: /vmfs/volumes/3a4fd8ce-fc4375c4-effb-5cf3fce846f8/VyOS-Router/VyOS-Router.vmx mks
2001-09-13T08:14:59Z vmauthd[2104137]: Acquired lock for /var/run/vmware/authd_91ecdaacce253e6bc5c93f9dde6fab90
2001-09-13T08:14:59Z vmauthd[2104137]: /vmfs/volumes/3a4fd8ce-fc4375c4-effb-5cf3fce846f8/VyOS-Router/VyOS-Router.vmx: Connected to mks-fd, remote end sent pid: 2100091
2001-09-13T08:14:59Z vmauthd[2104137]: released lock for /var/run/vmware/authd_91ecdaacce253e6bc5c93f9dde6fab90
2001-09-13T08:14:59Z vmauthd[2104137]: Local connection for mks established.
2001-09-13T08:57:39Z vmauthd[2104679]: Msg_SetLocaleEx: HostLocale=UTF-8 UserLocale=NULL
2001-09-13T08:57:39Z vmauthd[2104679]: Could not expand environment variable HOME.
2001-09-13T08:57:39Z vmauthd[2104679]: Could not expand environment variable HOME.
2001-09-13T08:57:39Z vmauthd[2104679]: DictionaryLoad: Cannot open file "/usr/lib/vmware/config": No such file or directory.
2001-09-13T08:57:39Z vmauthd[2104679]: DictionaryLoad: Cannot open file "~/.vmware/config": No such file or directory.
2001-09-13T08:57:39Z vmauthd[2104679]: DictionaryLoad: Cannot open file "~/.vmware/preferences": No such file or directory.
2001-09-13T08:57:39Z vmauthd[2104679]: lib/ssl: OpenSSL using FIPS_drbg for RAND
2001-09-13T08:57:39Z vmauthd[2104679]: lib/ssl: protocol list tls1.2
2001-09-13T08:57:39Z vmauthd[2104679]: lib/ssl: protocol list tls1.2 (openssl flags 0x17000000)
2001-09-13T08:57:39Z vmauthd[2104679]: lib/ssl: cipher list ECDHE+AESGCM:RSA+AESGCM:ECDHE+AES:RSA+AES
2001-09-13T08:57:39Z vmauthd[2104679]: lib/ssl: curves list prime256v1:secp384r1:secp521r1
2001-09-13T08:57:39Z vmauthd[2104679]: Connect from remote socket (192.168.1.2:60990).
2001-09-13T08:57:39Z vmauthd[2104679]: Connect from 192.168.1.2
2001-09-13T08:57:39Z vmauthd[2104679]: FILE: FileCreateDirectoryEx: Failed to create /var/run/vmware/tickets/. Error = 17
2001-09-13T08:57:39Z vmauthd[2104679]: FILE: FileCreateDirectoryEx: Failed to create /var/run/vmware/tickets/. Error = 17
2001-09-13T08:57:39Z vmauthd[2104679]: local verification as root
2001-09-13T08:57:39Z vmauthd[2104679]: login from 192.168.1.2 as 52782216-89f9-d098-17f3-2d6e2f2dd49f
2001-09-13T08:57:39Z vmauthd[2104679]: received CONNECT command: /vmfs/volumes/3a4fd8ce-fc4375c4-effb-5cf3fce846f8/SGRL-8ESX001/SGRL-8ESX001.vmx mks
2001-09-13T08:57:39Z vmauthd[2104679]: Acquired lock for /var/run/vmware/authd_4fc6279dad54065810345f9d8661cb47
2001-09-13T08:57:39Z vmauthd[2104679]: /vmfs/volumes/3a4fd8ce-fc4375c4-effb-5cf3fce846f8/SGRL-8ESX001/SGRL-8ESX001.vmx: Connected to mks-fd, remote end sent pid: 2104523
2001-09-13T08:57:39Z vmauthd[2104679]: released lock for /var/run/vmware/authd_4fc6279dad54065810345f9d8661cb47
2001-09-13T08:57:39Z vmauthd[2104679]: Local connection for mks established.
2001-09-13T09:12:44Z vmauthd[2104888]: Msg_SetLocaleEx: HostLocale=UTF-8 UserLocale=NULL
2001-09-13T09:12:44Z vmauthd[2104888]: Could not expand environment variable HOME.
2001-09-13T09:12:44Z vmauthd[2104888]: Could not expand environment variable HOME.
2001-09-13T09:12:44Z vmauthd[2104888]: DictionaryLoad: Cannot open file "/usr/lib/vmware/config": No such file or directory.
2001-09-13T09:12:44Z vmauthd[2104888]: DictionaryLoad: Cannot open file "~/.vmware/config": No such file or directory.
2001-09-13T09:12:44Z vmauthd[2104888]: DictionaryLoad: Cannot open file "~/.vmware/preferences": No such file or directory.
2001-09-13T09:12:44Z vmauthd[2104888]: lib/ssl: OpenSSL using FIPS_drbg for RAND
2001-09-13T09:12:44Z vmauthd[2104888]: lib/ssl: protocol list tls1.2
2001-09-13T09:12:44Z vmauthd[2104888]: lib/ssl: protocol list tls1.2 (openssl flags 0x17000000)
2001-09-13T09:12:44Z vmauthd[2104888]: lib/ssl: cipher list ECDHE+AESGCM:RSA+AESGCM:ECDHE+AES:RSA+AES
2001-09-13T09:12:44Z vmauthd[2104888]: lib/ssl: curves list prime256v1:secp384r1:secp521r1
2001-09-13T09:12:44Z vmauthd[2104888]: Connect from remote socket (192.168.1.2:35952).
2001-09-13T09:12:44Z vmauthd[2104888]: Connect from 192.168.1.2
2001-09-13T09:12:44Z vmauthd[2104888]: FILE: FileCreateDirectoryEx: Failed to create /var/run/vmware/tickets/. Error = 17
2001-09-13T09:12:44Z vmauthd[2104888]: FILE: FileCreateDirectoryEx: Failed to create /var/run/vmware/tickets/. Error = 17
2001-09-13T09:12:44Z vmauthd[2104888]: local verification as root
2001-09-13T09:12:44Z vmauthd[2104888]: login from 192.168.1.2 as 5261cea8-0109-2c02-8b08-a34ed5d12789
2001-09-13T09:12:44Z vmauthd[2104888]: received CONNECT command: /vmfs/volumes/3a4fd8ce-fc4375c4-effb-5cf3fce846f8/SGRL-8ESX001/SGRL-8ESX001.vmx mks
2001-09-13T09:12:44Z vmauthd[2104888]: Acquired lock for /var/run/vmware/authd_4fc6279dad54065810345f9d8661cb47
2001-09-13T09:12:44Z vmauthd[2104888]: /vmfs/volumes/3a4fd8ce-fc4375c4-effb-5cf3fce846f8/SGRL-8ESX001/SGRL-8ESX001.vmx: Connected to mks-fd, remote end sent pid: 2104523
2001-09-13T09:12:44Z vmauthd[2104888]: released lock for /var/run/vmware/authd_4fc6279dad54065810345f9d8661cb47
2001-09-13T09:12:44Z vmauthd[2104888]: Local connection for mks established.
2001-09-13T12:22:13Z vmauthd[2106530]: Msg_SetLocaleEx: HostLocale=UTF-8 UserLocale=NULL
2001-09-13T12:22:13Z vmauthd[2106530]: Could not expand environment variable HOME.
2001-09-13T12:22:13Z vmauthd[2106530]: Could not expand environment variable HOME.
2001-09-13T12:22:13Z vmauthd[2106530]: DictionaryLoad: Cannot open file "/usr/lib/vmware/config": No such file or directory.
2001-09-13T12:22:13Z vmauthd[2106530]: DictionaryLoad: Cannot open file "~/.vmware/config": No such file or directory.
2001-09-13T12:22:13Z vmauthd[2106530]: DictionaryLoad: Cannot open file "~/.vmware/preferences": No such file or directory.
2001-09-13T12:22:13Z vmauthd[2106530]: lib/ssl: OpenSSL using FIPS_drbg for RAND
2001-09-13T12:22:13Z vmauthd[2106530]: lib/ssl: protocol list tls1.2
2001-09-13T12:22:13Z vmauthd[2106530]: lib/ssl: protocol list tls1.2 (openssl flags 0x17000000)
2001-09-13T12:22:13Z vmauthd[2106530]: lib/ssl: cipher list ECDHE+AESGCM:RSA+AESGCM:ECDHE+AES:RSA+AES
2001-09-13T12:22:13Z vmauthd[2106530]: lib/ssl: curves list prime256v1:secp384r1:secp521r1
2001-09-13T12:22:13Z vmauthd[2106530]: Connect from remote socket (192.168.1.2:49026).
2001-09-13T12:22:13Z vmauthd[2106530]: Connect from 192.168.1.2
2001-09-13T12:22:13Z vmauthd[2106530]: Received PROXY command for vpxa-nfcssl, session = 52 a2 10 4b fc 1a 64 ed-0e 59 86 80 26 a0 46 67
2001-09-13T12:22:13Z vmauthd[2106530]: vmware-vpxa: Connected to vpxa-nfcssl-fd, remote end sent pid: 2099327
2001-09-13T12:55:55Z vmauthd[2106661]: Msg_SetLocaleEx: HostLocale=UTF-8 UserLocale=NULL
2001-09-13T12:55:55Z vmauthd[2106661]: Could not expand environment variable HOME.
2001-09-13T12:55:55Z vmauthd[2106661]: Could not expand environment variable HOME.
2001-09-13T12:55:55Z vmauthd[2106661]: DictionaryLoad: Cannot open file "/usr/lib/vmware/config": No such file or directory.
2001-09-13T12:55:55Z vmauthd[2106661]: DictionaryLoad: Cannot open file "~/.vmware/config": No such file or directory.
2001-09-13T12:55:55Z vmauthd[2106661]: DictionaryLoad: Cannot open file "~/.vmware/preferences": No such file or directory.
2001-09-13T12:55:55Z vmauthd[2106661]: lib/ssl: OpenSSL using FIPS_drbg for RAND
2001-09-13T12:55:55Z vmauthd[2106661]: lib/ssl: protocol list tls1.2
2001-09-13T12:55:55Z vmauthd[2106661]: lib/ssl: protocol list tls1.2 (openssl flags 0x17000000)
2001-09-13T12:55:55Z vmauthd[2106661]: lib/ssl: cipher list ECDHE+AESGCM:RSA+AESGCM:ECDHE+AES:RSA+AES
2001-09-13T12:55:55Z vmauthd[2106661]: lib/ssl: curves list prime256v1:secp384r1:secp521r1
2001-09-13T12:55:55Z vmauthd[2106661]: Connect from (local) AF_UNIX socket.
2001-09-13T12:55:55Z vmauthd[2106661]: Connect from 127.0.0.1
2001-09-13T12:55:55Z vmauthd[2106661]: local verification as root
2001-09-13T12:55:55Z vmauthd[2106661]: received CONNECT_NOSTART command: /vmfs/volumes/3a4fd8ce-fc4375c4-effb-5cf3fce846f8/SGRL-VRA001/SGRL-VRA001.vmx vmx-vigor
2001-09-13T12:55:55Z vmauthd[2106661]: Acquired lock for /var/run/vmware/authd_583463667414456eea59926ab8b28093
2001-09-13T12:55:55Z vmauthd[2106661]: No such VMware process: /vmfs/volumes/3a4fd8ce-fc4375c4-effb-5cf3fce846f8/SGRL-VRA001/SGRL-VRA001.vmx
2001-09-13T12:55:55Z vmauthd[2106661]: released lock for /var/run/vmware/authd_583463667414456eea59926ab8b28093
2001-09-13T12:55:55Z vmauthd[2106661]: Local connection for vmx-vigor failed.
2001-09-13T12:55:55Z vmauthd[2106661]: Read failed.
2001-09-13T12:59:39Z vmauthd[2106926]: Msg_SetLocaleEx: HostLocale=UTF-8 UserLocale=NULL
2001-09-13T12:59:39Z vmauthd[2106926]: Could not expand environment variable HOME.
2001-09-13T12:59:39Z vmauthd[2106926]: Could not expand environment variable HOME.
2001-09-13T12:59:39Z vmauthd[2106926]: DictionaryLoad: Cannot open file "/usr/lib/vmware/config": No such file or directory.
2001-09-13T12:59:39Z vmauthd[2106926]: DictionaryLoad: Cannot open file "~/.vmware/config": No such file or directory.
2001-09-13T12:59:39Z vmauthd[2106926]: DictionaryLoad: Cannot open file "~/.vmware/preferences": No such file or directory.
2001-09-13T12:59:39Z vmauthd[2106926]: lib/ssl: OpenSSL using FIPS_drbg for RAND
2001-09-13T12:59:39Z vmauthd[2106926]: lib/ssl: protocol list tls1.2
2001-09-13T12:59:39Z vmauthd[2106926]: lib/ssl: protocol list tls1.2 (openssl flags 0x17000000)
2001-09-13T12:59:39Z vmauthd[2106926]: lib/ssl: cipher list ECDHE+AESGCM:RSA+AESGCM:ECDHE+AES:RSA+AES
2001-09-13T12:59:39Z vmauthd[2106926]: lib/ssl: curves list prime256v1:secp384r1:secp521r1
2001-09-13T12:59:39Z vmauthd[2106926]: Connect from remote socket (192.168.1.2:57202).
2001-09-13T12:59:39Z vmauthd[2106926]: Connect from 192.168.1.2
2001-09-13T12:59:39Z vmauthd[2106926]: FILE: FileCreateDirectoryEx: Failed to create /var/run/vmware/tickets/. Error = 17
2001-09-13T12:59:39Z vmauthd[2106926]: FILE: FileCreateDirectoryEx: Failed to create /var/run/vmware/tickets/. Error = 17
2001-09-13T12:59:39Z vmauthd[2106926]: local verification as root
2001-09-13T12:59:39Z vmauthd[2106926]: login from 192.168.1.2 as 529bb9df-7228-2c86-c597-61b0826a49de
2001-09-13T12:59:39Z vmauthd[2106926]: received CONNECT command: /vmfs/volumes/3a4fd8ce-fc4375c4-effb-5cf3fce846f8/SGRL-ADC001/SGRL-ADC001.vmx mks
2001-09-13T12:59:39Z vmauthd[2106926]: Acquired lock for /var/run/vmware/authd_fa0e92f99f0bc0d4eb3b8d0ec4883621
2001-09-13T12:59:39Z vmauthd[2106926]: /vmfs/volumes/3a4fd8ce-fc4375c4-effb-5cf3fce846f8/SGRL-ADC001/SGRL-ADC001.vmx: Connected to mks-fd, remote end sent pid: 2100270
2001-09-13T12:59:39Z vmauthd[2106926]: released lock for /var/run/vmware/authd_fa0e92f99f0bc0d4eb3b8d0ec4883621
2001-09-13T12:59:39Z vmauthd[2106926]: Local connection for mks established.
2001-09-13T12:59:54Z vmauthd[2106927]: Msg_SetLocaleEx: HostLocale=UTF-8 UserLocale=NULL
2001-09-13T12:59:54Z vmauthd[2106927]: Could not expand environment variable HOME.
2001-09-13T12:59:54Z vmauthd[2106927]: Could not expand environment variable HOME.
2001-09-13T12:59:54Z vmauthd[2106927]: DictionaryLoad: Cannot open file "/usr/lib/vmware/config": No such file or directory.
2001-09-13T12:59:54Z vmauthd[2106927]: DictionaryLoad: Cannot open file "~/.vmware/config": No such file or directory.
2001-09-13T12:59:54Z vmauthd[2106927]: DictionaryLoad: Cannot open file "~/.vmware/preferences": No such file or directory.
2001-09-13T12:59:54Z vmauthd[2106927]: lib/ssl: OpenSSL using FIPS_drbg for RAND
2001-09-13T12:59:54Z vmauthd[2106927]: lib/ssl: protocol list tls1.2
2001-09-13T12:59:54Z vmauthd[2106927]: lib/ssl: protocol list tls1.2 (openssl flags 0x17000000)
2001-09-13T12:59:54Z vmauthd[2106927]: lib/ssl: cipher list ECDHE+AESGCM:RSA+AESGCM:ECDHE+AES:RSA+AES
2001-09-13T12:59:54Z vmauthd[2106927]: lib/ssl: curves list prime256v1:secp384r1:secp521r1
2001-09-13T12:59:54Z vmauthd[2106927]: Connect from remote socket (192.168.1.2:57286).
2001-09-13T12:59:54Z vmauthd[2106927]: Connect from 192.168.1.2
2001-09-13T12:59:54Z vmauthd[2106927]: FILE: FileCreateDirectoryEx: Failed to create /var/run/vmware/tickets/. Error = 17
2001-09-13T12:59:54Z vmauthd[2106927]: FILE: FileCreateDirectoryEx: Failed to create /var/run/vmware/tickets/. Error = 17
2001-09-13T12:59:54Z vmauthd[2106927]: local verification as root
2001-09-13T12:59:54Z vmauthd[2106927]: login from 192.168.1.2 as 52b758ff-4cdf-4957-2ff1-118fa1ec8687
2001-09-13T12:59:54Z vmauthd[2106927]: received CONNECT command: /vmfs/volumes/3a4fd8ce-fc4375c4-effb-5cf3fce846f8/SGRL-ADC001/SGRL-ADC001.vmx mks
2001-09-13T12:59:54Z vmauthd[2106927]: Acquired lock for /var/run/vmware/authd_fa0e92f99f0bc0d4eb3b8d0ec4883621
2001-09-13T12:59:54Z vmauthd[2106927]: /vmfs/volumes/3a4fd8ce-fc4375c4-effb-5cf3fce846f8/SGRL-ADC001/SGRL-ADC001.vmx: Connected to mks-fd, remote end sent pid: 2100270
2001-09-13T12:59:54Z vmauthd[2106927]: released lock for /var/run/vmware/authd_fa0e92f99f0bc0d4eb3b8d0ec4883621
2001-09-13T12:59:54Z vmauthd[2106927]: Local connection for mks established.
2001-09-13T14:34:36Z vmauthd[2108847]: Msg_SetLocaleEx: HostLocale=UTF-8 UserLocale=NULL
2001-09-13T14:34:36Z vmauthd[2108847]: Could not expand environment variable HOME.
2001-09-13T14:34:36Z vmauthd[2108847]: Could not expand environment variable HOME.
2001-09-13T14:34:36Z vmauthd[2108847]: DictionaryLoad: Cannot open file "/usr/lib/vmware/config": No such file or directory.
2001-09-13T14:34:36Z vmauthd[2108847]: DictionaryLoad: Cannot open file "~/.vmware/config": No such file or directory.
2001-09-13T14:34:36Z vmauthd[2108847]: DictionaryLoad: Cannot open file "~/.vmware/preferences": No such file or directory.
2001-09-13T14:34:36Z vmauthd[2108847]: lib/ssl: OpenSSL using FIPS_drbg for RAND
2001-09-13T14:34:36Z vmauthd[2108847]: lib/ssl: protocol list tls1.2
2001-09-13T14:34:36Z vmauthd[2108847]: lib/ssl: protocol list tls1.2 (openssl flags 0x17000000)
2001-09-13T14:34:36Z vmauthd[2108847]: lib/ssl: cipher list ECDHE+AESGCM:RSA+AESGCM:ECDHE+AES:RSA+AES
2001-09-13T14:34:36Z vmauthd[2108847]: lib/ssl: curves list prime256v1:secp384r1:secp521r1
2001-09-13T14:34:36Z vmauthd[2108847]: Connect from remote socket (192.168.1.2:49380).
2001-09-13T14:34:36Z vmauthd[2108847]: Connect from 192.168.1.2
2001-09-13T14:34:36Z vmauthd[2108847]: FILE: FileCreateDirectoryEx: Failed to create /var/run/vmware/tickets/. Error = 17
2001-09-13T14:34:36Z vmauthd[2108847]: FILE: FileCreateDirectoryEx: Failed to create /var/run/vmware/tickets/. Error = 17
2001-09-13T14:34:36Z vmauthd[2108847]: local verification as root
2001-09-13T14:34:36Z vmauthd[2108847]: login from 192.168.1.2 as 5209aa5e-d1fc-6e47-0f23-e86455b302a9
2001-09-13T14:34:36Z vmauthd[2108847]: received CONNECT command: /vmfs/volumes/3a4fd8ce-fc4375c4-effb-5cf3fce846f8/sgrl-vra01/sgrl-vra01.vmx mks
2001-09-13T14:34:36Z vmauthd[2108847]: Acquired lock for /var/run/vmware/authd_b352c2260c572a3714923c671cb88cef
2001-09-13T14:34:36Z vmauthd[2108847]: /vmfs/volumes/3a4fd8ce-fc4375c4-effb-5cf3fce846f8/sgrl-vra01/sgrl-vra01.vmx: Connected to mks-fd, remote end sent pid: 2108436
2001-09-13T14:34:36Z vmauthd[2108847]: released lock for /var/run/vmware/authd_b352c2260c572a3714923c671cb88cef
2001-09-13T14:34:36Z vmauthd[2108847]: Local connection for mks established.
2001-09-13T15:08:05Z vmauthd[2109117]: Msg_SetLocaleEx: HostLocale=UTF-8 UserLocale=NULL
2001-09-13T15:08:05Z vmauthd[2109117]: Could not expand environment variable HOME.
2001-09-13T15:08:05Z vmauthd[2109117]: Could not expand environment variable HOME.
2001-09-13T15:08:05Z vmauthd[2109117]: DictionaryLoad: Cannot open file "/usr/lib/vmware/config": No such file or directory.
2001-09-13T15:08:05Z vmauthd[2109117]: DictionaryLoad: Cannot open file "~/.vmware/config": No such file or directory.
2001-09-13T15:08:05Z vmauthd[2109117]: DictionaryLoad: Cannot open file "~/.vmware/preferences": No such file or directory.
2001-09-13T15:08:05Z vmauthd[2109117]: lib/ssl: OpenSSL using FIPS_drbg for RAND
2001-09-13T15:08:05Z vmauthd[2109117]: lib/ssl: protocol list tls1.2
2001-09-13T15:08:05Z vmauthd[2109117]: lib/ssl: protocol list tls1.2 (openssl flags 0x17000000)
2001-09-13T15:08:05Z vmauthd[2109117]: lib/ssl: cipher list ECDHE+AESGCM:RSA+AESGCM:ECDHE+AES:RSA+AES
2001-09-13T15:08:05Z vmauthd[2109117]: lib/ssl: curves list prime256v1:secp384r1:secp521r1
2001-09-13T15:08:05Z vmauthd[2109117]: Connect from (local) AF_UNIX socket.
2001-09-13T15:08:05Z vmauthd[2109117]: Connect from 127.0.0.1
2001-09-13T15:08:05Z vmauthd[2109117]: local verification as root
2001-09-13T15:08:05Z vmauthd[2109117]: received CONNECT_NOSTART command: /vmfs/volumes/3a4fd8ce-fc4375c4-effb-5cf3fce846f8/sgrl-vra01/sgrl-vra01.vmx vmx-vigor
2001-09-13T15:08:05Z vmauthd[2109117]: Acquired lock for /var/run/vmware/authd_b352c2260c572a3714923c671cb88cef
2001-09-13T15:08:05Z vmauthd[2109117]: No such VMware process: /vmfs/volumes/3a4fd8ce-fc4375c4-effb-5cf3fce846f8/sgrl-vra01/sgrl-vra01.vmx
2001-09-13T15:08:05Z vmauthd[2109117]: released lock for /var/run/vmware/authd_b352c2260c572a3714923c671cb88cef
2001-09-13T15:08:05Z vmauthd[2109117]: Local connection for vmx-vigor failed.
2001-09-13T15:08:05Z vmauthd[2109117]: Read failed.
2001-09-13T15:08:12Z vmauthd[2109248]: Msg_SetLocaleEx: HostLocale=UTF-8 UserLocale=NULL
2001-09-13T15:08:12Z vmauthd[2109248]: Could not expand environment variable HOME.
2001-09-13T15:08:12Z vmauthd[2109248]: Could not expand environment variable HOME.
2001-09-13T15:08:12Z vmauthd[2109248]: DictionaryLoad: Cannot open file "/usr/lib/vmware/config": No such file or directory.
2001-09-13T15:08:12Z vmauthd[2109248]: DictionaryLoad: Cannot open file "~/.vmware/config": No such file or directory.
2001-09-13T15:08:12Z vmauthd[2109248]: DictionaryLoad: Cannot open file "~/.vmware/preferences": No such file or directory.
2001-09-13T15:08:12Z vmauthd[2109248]: lib/ssl: OpenSSL using FIPS_drbg for RAND
2001-09-13T15:08:12Z vmauthd[2109248]: lib/ssl: protocol list tls1.2
2001-09-13T15:08:12Z vmauthd[2109248]: lib/ssl: protocol list tls1.2 (openssl flags 0x17000000)
2001-09-13T15:08:12Z vmauthd[2109248]: lib/ssl: cipher list ECDHE+AESGCM:RSA+AESGCM:ECDHE+AES:RSA+AES
2001-09-13T15:08:12Z vmauthd[2109248]: lib/ssl: curves list prime256v1:secp384r1:secp521r1
2001-09-13T15:08:12Z vmauthd[2109248]: Connect from (local) AF_UNIX socket.
2001-09-13T15:08:12Z vmauthd[2109248]: Connect from 127.0.0.1
2001-09-13T15:08:12Z vmauthd[2109248]: local verification as root
2001-09-13T15:08:12Z vmauthd[2109248]: received CONNECT_NOSTART command: /vmfs/volumes/3a4fd8ce-fc4375c4-effb-5cf3fce846f8/sgrl-lcm01/sgrl-lcm01.vmx vmx-vigor
2001-09-13T15:08:12Z vmauthd[2109248]: Acquired lock for /var/run/vmware/authd_087af229445be2551047f82a4f38ba5b
2001-09-13T15:08:12Z vmauthd[2109248]: No such VMware process: /vmfs/volumes/3a4fd8ce-fc4375c4-effb-5cf3fce846f8/sgrl-lcm01/sgrl-lcm01.vmx
2001-09-13T15:08:12Z vmauthd[2109248]: released lock for /var/run/vmware/authd_087af229445be2551047f82a4f38ba5b
2001-09-13T15:08:12Z vmauthd[2109248]: Local connection for vmx-vigor failed.
2001-09-13T15:08:12Z vmauthd[2109248]: Read failed.
2001-09-13T15:08:27Z vmauthd[2109382]: Msg_SetLocaleEx: HostLocale=UTF-8 UserLocale=NULL
2001-09-13T15:08:27Z vmauthd[2109382]: Could not expand environment variable HOME.
2001-09-13T15:08:27Z vmauthd[2109382]: Could not expand environment variable HOME.
2001-09-13T15:08:27Z vmauthd[2109382]: DictionaryLoad: Cannot open file "/usr/lib/vmware/config": No such file or directory.
2001-09-13T15:08:27Z vmauthd[2109382]: DictionaryLoad: Cannot open file "~/.vmware/config": No such file or directory.
2001-09-13T15:08:27Z vmauthd[2109382]: DictionaryLoad: Cannot open file "~/.vmware/preferences": No such file or directory.
2001-09-13T15:08:27Z vmauthd[2109382]: lib/ssl: OpenSSL using FIPS_drbg for RAND
2001-09-13T15:08:27Z vmauthd[2109382]: lib/ssl: protocol list tls1.2
2001-09-13T15:08:27Z vmauthd[2109382]: lib/ssl: protocol list tls1.2 (openssl flags 0x17000000)
2001-09-13T15:08:27Z vmauthd[2109382]: lib/ssl: cipher list ECDHE+AESGCM:RSA+AESGCM:ECDHE+AES:RSA+AES
2001-09-13T15:08:27Z vmauthd[2109382]: lib/ssl: curves list prime256v1:secp384r1:secp521r1
2001-09-13T15:08:27Z vmauthd[2109382]: Connect from (local) AF_UNIX socket.
2001-09-13T15:08:27Z vmauthd[2109382]: Connect from 127.0.0.1
2001-09-13T15:08:27Z vmauthd[2109382]: local verification as root
2001-09-13T15:08:27Z vmauthd[2109382]: received CONNECT_NOSTART command: /vmfs/volumes/3a4fd8ce-fc4375c4-effb-5cf3fce846f8/sgrl-idm01/sgrl-idm01.vmx vmx-vigor
2001-09-13T15:08:27Z vmauthd[2109382]: Acquired lock for /var/run/vmware/authd_2a16693f45ba9dcc41c1f0680f1c4228
2001-09-13T15:08:27Z vmauthd[2109382]: No such VMware process: /vmfs/volumes/3a4fd8ce-fc4375c4-effb-5cf3fce846f8/sgrl-idm01/sgrl-idm01.vmx
2001-09-13T15:08:27Z vmauthd[2109382]: released lock for /var/run/vmware/authd_2a16693f45ba9dcc41c1f0680f1c4228
2001-09-13T15:08:27Z vmauthd[2109382]: Local connection for vmx-vigor failed.
2001-09-13T15:08:27Z vmauthd[2109382]: Read failed.
2001-09-13T15:10:48Z vmauthd[2109655]: Msg_SetLocaleEx: HostLocale=UTF-8 UserLocale=NULL
2001-09-13T15:10:48Z vmauthd[2109655]: Could not expand environment variable HOME.
2001-09-13T15:10:48Z vmauthd[2109655]: Could not expand environment variable HOME.
2001-09-13T15:10:48Z vmauthd[2109655]: DictionaryLoad: Cannot open file "/usr/lib/vmware/config": No such file or directory.
2001-09-13T15:10:48Z vmauthd[2109655]: DictionaryLoad: Cannot open file "~/.vmware/config": No such file or directory.
2001-09-13T15:10:48Z vmauthd[2109655]: DictionaryLoad: Cannot open file "~/.vmware/preferences": No such file or directory.
2001-09-13T15:10:48Z vmauthd[2109655]: lib/ssl: OpenSSL using FIPS_drbg for RAND
2001-09-13T15:10:48Z vmauthd[2109655]: lib/ssl: protocol list tls1.2
2001-09-13T15:10:48Z vmauthd[2109655]: lib/ssl: protocol list tls1.2 (openssl flags 0x17000000)
2001-09-13T15:10:48Z vmauthd[2109655]: lib/ssl: cipher list ECDHE+AESGCM:RSA+AESGCM:ECDHE+AES:RSA+AES
2001-09-13T15:10:48Z vmauthd[2109655]: lib/ssl: curves list prime256v1:secp384r1:secp521r1
2001-09-13T15:10:48Z vmauthd[2109655]: Connect from remote socket (192.168.1.2:57132).
2001-09-13T15:10:48Z vmauthd[2109655]: Connect from 192.168.1.2
2001-09-13T15:10:48Z vmauthd[2109655]: FILE: FileCreateDirectoryEx: Failed to create /var/run/vmware/tickets/. Error = 17
2001-09-13T15:10:48Z vmauthd[2109655]: FILE: FileCreateDirectoryEx: Failed to create /var/run/vmware/tickets/. Error = 17
2001-09-13T15:10:48Z vmauthd[2109655]: local verification as root
2001-09-13T15:10:48Z vmauthd[2109655]: login from 192.168.1.2 as 52e895ce-b108-248f-3a98-d03ac4174703
2001-09-13T15:10:48Z vmauthd[2109655]: received CONNECT command: /vmfs/volumes/3a4fd8ce-fc4375c4-effb-5cf3fce846f8/SGRL-8ESX001/SGRL-8ESX001.vmx mks
2001-09-13T15:10:48Z vmauthd[2109655]: Acquired lock for /var/run/vmware/authd_4fc6279dad54065810345f9d8661cb47
2001-09-13T15:10:48Z vmauthd[2109655]: /vmfs/volumes/3a4fd8ce-fc4375c4-effb-5cf3fce846f8/SGRL-8ESX001/SGRL-8ESX001.vmx: Connected to mks-fd, remote end sent pid: 2104523
2001-09-13T15:10:48Z vmauthd[2109655]: released lock for /var/run/vmware/authd_4fc6279dad54065810345f9d8661cb47
2001-09-13T15:10:48Z vmauthd[2109655]: Local connection for mks established.
2001-09-13T16:21:43Z vmauthd[2110638]: Msg_SetLocaleEx: HostLocale=UTF-8 UserLocale=NULL
2001-09-13T16:21:43Z vmauthd[2110638]: Could not expand environment variable HOME.
2001-09-13T16:21:43Z vmauthd[2110638]: Could not expand environment variable HOME.
2001-09-13T16:21:43Z vmauthd[2110638]: DictionaryLoad: Cannot open file "/usr/lib/vmware/config": No such file or directory.
2001-09-13T16:21:43Z vmauthd[2110638]: DictionaryLoad: Cannot open file "~/.vmware/config": No such file or directory.
2001-09-13T16:21:43Z vmauthd[2110638]: DictionaryLoad: Cannot open file "~/.vmware/preferences": No such file or directory.
2001-09-13T16:21:43Z vmauthd[2110638]: lib/ssl: OpenSSL using FIPS_drbg for RAND
2001-09-13T16:21:43Z vmauthd[2110638]: lib/ssl: protocol list tls1.2
2001-09-13T16:21:43Z vmauthd[2110638]: lib/ssl: protocol list tls1.2 (openssl flags 0x17000000)
2001-09-13T16:21:43Z vmauthd[2110638]: lib/ssl: cipher list ECDHE+AESGCM:RSA+AESGCM:ECDHE+AES:RSA+AES
2001-09-13T16:21:43Z vmauthd[2110638]: lib/ssl: curves list prime256v1:secp384r1:secp521r1
2001-09-13T16:21:43Z vmauthd[2110638]: Connect from (local) AF_UNIX socket.
2001-09-13T16:21:43Z vmauthd[2110638]: Connect from 127.0.0.1
2001-09-13T16:21:43Z vmauthd[2110638]: local verification as root
2001-09-13T16:21:43Z vmauthd[2110638]: received CONNECT_NOSTART command: /vmfs/volumes/3a4fd8ce-fc4375c4-effb-5cf3fce846f8/VyOS-Router/VyOS-Router.vmx vmx-vigor
2001-09-13T16:21:43Z vmauthd[2110638]: Acquired lock for /var/run/vmware/authd_91ecdaacce253e6bc5c93f9dde6fab90
2001-09-13T16:21:43Z vmauthd[2110638]: No such VMware process: /vmfs/volumes/3a4fd8ce-fc4375c4-effb-5cf3fce846f8/VyOS-Router/VyOS-Router.vmx
2001-09-13T16:21:43Z vmauthd[2110638]: released lock for /var/run/vmware/authd_91ecdaacce253e6bc5c93f9dde6fab90
2001-09-13T16:21:43Z vmauthd[2110638]: Local connection for vmx-vigor failed.
2001-09-13T16:21:43Z vmauthd[2110638]: Read failed.
2001-09-13T16:21:44Z vmauthd[2110641]: Msg_SetLocaleEx: HostLocale=UTF-8 UserLocale=NULL
2001-09-13T16:21:44Z vmauthd[2110641]: Could not expand environment variable HOME.
2001-09-13T16:21:44Z vmauthd[2110641]: Could not expand environment variable HOME.
2001-09-13T16:21:44Z vmauthd[2110641]: DictionaryLoad: Cannot open file "/usr/lib/vmware/config": No such file or directory.
2001-09-13T16:21:44Z vmauthd[2110641]: DictionaryLoad: Cannot open file "~/.vmware/config": No such file or directory.
2001-09-13T16:21:44Z vmauthd[2110641]: DictionaryLoad: Cannot open file "~/.vmware/preferences": No such file or directory.
2001-09-13T16:21:44Z vmauthd[2110641]: lib/ssl: OpenSSL using FIPS_drbg for RAND
2001-09-13T16:21:44Z vmauthd[2110641]: lib/ssl: protocol list tls1.2
2001-09-13T16:21:44Z vmauthd[2110641]: lib/ssl: protocol list tls1.2 (openssl flags 0x17000000)
2001-09-13T16:21:44Z vmauthd[2110641]: lib/ssl: cipher list ECDHE+AESGCM:RSA+AESGCM:ECDHE+AES:RSA+AES
2001-09-13T16:21:44Z vmauthd[2110641]: lib/ssl: curves list prime256v1:secp384r1:secp521r1
2001-09-13T16:21:44Z vmauthd[2110641]: Connect from (local) AF_UNIX socket.
2001-09-13T16:21:44Z vmauthd[2110641]: Connect from 127.0.0.1
2001-09-13T16:21:44Z vmauthd[2110641]: local verification as root
2001-09-13T16:21:44Z vmauthd[2110641]: received CONNECT_NOSTART command: /vmfs/volumes/3a4fd8ce-fc4375c4-effb-5cf3fce846f8/SGRL-JMP001/SGRL-JMP001.vmx vmx-vigor
2001-09-13T16:21:44Z vmauthd[2110641]: Acquired lock for /var/run/vmware/authd_c4ce0adab722156d671ee3cafe1e876f
2001-09-13T16:21:44Z vmauthd[2110641]: No such VMware process: /vmfs/volumes/3a4fd8ce-fc4375c4-effb-5cf3fce846f8/SGRL-JMP001/SGRL-JMP001.vmx
2001-09-13T16:21:44Z vmauthd[2110641]: released lock for /var/run/vmware/authd_c4ce0adab722156d671ee3cafe1e876f
2001-09-13T16:21:44Z vmauthd[2110641]: Local connection for vmx-vigor failed.
2001-09-13T16:21:44Z vmauthd[2110641]: Read failed.
2001-09-13T16:21:47Z vmauthd[2110642]: Msg_SetLocaleEx: HostLocale=UTF-8 UserLocale=NULL
2001-09-13T16:21:47Z vmauthd[2110642]: Could not expand environment variable HOME.
2001-09-13T16:21:47Z vmauthd[2110642]: Could not expand environment variable HOME.
2001-09-13T16:21:47Z vmauthd[2110642]: DictionaryLoad: Cannot open file "/usr/lib/vmware/config": No such file or directory.
2001-09-13T16:21:47Z vmauthd[2110642]: DictionaryLoad: Cannot open file "~/.vmware/config": No such file or directory.
2001-09-13T16:21:47Z vmauthd[2110642]: DictionaryLoad: Cannot open file "~/.vmware/preferences": No such file or directory.
2001-09-13T16:21:47Z vmauthd[2110642]: lib/ssl: OpenSSL using FIPS_drbg for RAND
2001-09-13T16:21:47Z vmauthd[2110642]: lib/ssl: protocol list tls1.2
2001-09-13T16:21:47Z vmauthd[2110642]: lib/ssl: protocol list tls1.2 (openssl flags 0x17000000)
2001-09-13T16:21:47Z vmauthd[2110642]: lib/ssl: cipher list ECDHE+AESGCM:RSA+AESGCM:ECDHE+AES:RSA+AES
2001-09-13T16:21:47Z vmauthd[2110642]: lib/ssl: curves list prime256v1:secp384r1:secp521r1
2001-09-13T16:21:47Z vmauthd[2110642]: Connect from (local) AF_UNIX socket.
2001-09-13T16:21:47Z vmauthd[2110642]: Connect from 127.0.0.1
2001-09-13T16:21:47Z vmauthd[2110642]: local verification as root
2001-09-13T16:21:47Z vmauthd[2110642]: received CONNECT_NOSTART command: /vmfs/volumes/3a4fd8ce-fc4375c4-effb-5cf3fce846f8/SGRL-IPAM001/SGRL-IPAM001.vmx vmx-vigor
2001-09-13T16:21:47Z vmauthd[2110642]: Acquired lock for /var/run/vmware/authd_2aaf462a6ffcb3133918ce058d4b26a4
2001-09-13T16:21:47Z vmauthd[2110642]: No such VMware process: /vmfs/volumes/3a4fd8ce-fc4375c4-effb-5cf3fce846f8/SGRL-IPAM001/SGRL-IPAM001.vmx
2001-09-13T16:21:47Z vmauthd[2110642]: released lock for /var/run/vmware/authd_2aaf462a6ffcb3133918ce058d4b26a4
2001-09-13T16:21:47Z vmauthd[2110642]: Local connection for vmx-vigor failed.
2001-09-13T16:21:47Z vmauthd[2110642]: Read failed.
2001-09-13T16:21:48Z vmauthd[2110643]: Msg_SetLocaleEx: HostLocale=UTF-8 UserLocale=NULL
2001-09-13T16:21:48Z vmauthd[2110643]: Could not expand environment variable HOME.
2001-09-13T16:21:48Z vmauthd[2110643]: Could not expand environment variable HOME.
2001-09-13T16:21:48Z vmauthd[2110643]: DictionaryLoad: Cannot open file "/usr/lib/vmware/config": No such file or directory.
2001-09-13T16:21:48Z vmauthd[2110643]: DictionaryLoad: Cannot open file "~/.vmware/config": No such file or directory.
2001-09-13T16:21:48Z vmauthd[2110643]: DictionaryLoad: Cannot open file "~/.vmware/preferences": No such file or directory.
2001-09-13T16:21:48Z vmauthd[2110643]: lib/ssl: OpenSSL using FIPS_drbg for RAND
2001-09-13T16:21:48Z vmauthd[2110643]: lib/ssl: protocol list tls1.2
2001-09-13T16:21:48Z vmauthd[2110643]: lib/ssl: protocol list tls1.2 (openssl flags 0x17000000)
2001-09-13T16:21:48Z vmauthd[2110643]: lib/ssl: cipher list ECDHE+AESGCM:RSA+AESGCM:ECDHE+AES:RSA+AES
2001-09-13T16:21:48Z vmauthd[2110643]: lib/ssl: curves list prime256v1:secp384r1:secp521r1
2001-09-13T16:21:48Z vmauthd[2110643]: Connect from (local) AF_UNIX socket.
2001-09-13T16:21:48Z vmauthd[2110643]: Connect from 127.0.0.1
2001-09-13T16:21:48Z vmauthd[2110643]: local verification as root
2001-09-13T16:21:48Z vmauthd[2110643]: received CONNECT_NOSTART command: /vmfs/volumes/3a4fd8ce-fc4375c4-effb-5cf3fce846f8/OpenVPN/OpenVPN.vmx vmx-vigor
2001-09-13T16:21:48Z vmauthd[2110643]: Acquired lock for /var/run/vmware/authd_467a09f1a0efa3ab588f9f249bc6aba1
2001-09-13T16:21:48Z vmauthd[2110643]: No such VMware process: /vmfs/volumes/3a4fd8ce-fc4375c4-effb-5cf3fce846f8/OpenVPN/OpenVPN.vmx
2001-09-13T16:21:48Z vmauthd[2110643]: released lock for /var/run/vmware/authd_467a09f1a0efa3ab588f9f249bc6aba1
2001-09-13T16:21:48Z vmauthd[2110643]: Local connection for vmx-vigor failed.
2001-09-13T16:21:48Z vmauthd[2110643]: Read failed.
2001-09-13T16:21:56Z vmauthd[2110774]: Msg_SetLocaleEx: HostLocale=UTF-8 UserLocale=NULL
2001-09-13T16:21:56Z vmauthd[2110774]: Could not expand environment variable HOME.
2001-09-13T16:21:56Z vmauthd[2110774]: Could not expand environment variable HOME.
2001-09-13T16:21:56Z vmauthd[2110774]: DictionaryLoad: Cannot open file "/usr/lib/vmware/config": No such file or directory.
2001-09-13T16:21:56Z vmauthd[2110774]: DictionaryLoad: Cannot open file "~/.vmware/config": No such file or directory.
2001-09-13T16:21:56Z vmauthd[2110774]: DictionaryLoad: Cannot open file "~/.vmware/preferences": No such file or directory.
2001-09-13T16:21:56Z vmauthd[2110774]: lib/ssl: OpenSSL using FIPS_drbg for RAND
2001-09-13T16:21:56Z vmauthd[2110774]: lib/ssl: protocol list tls1.2
2001-09-13T16:21:56Z vmauthd[2110774]: lib/ssl: protocol list tls1.2 (openssl flags 0x17000000)
2001-09-13T16:21:56Z vmauthd[2110774]: lib/ssl: cipher list ECDHE+AESGCM:RSA+AESGCM:ECDHE+AES:RSA+AES
2001-09-13T16:21:56Z vmauthd[2110774]: lib/ssl: curves list prime256v1:secp384r1:secp521r1
2001-09-13T16:21:56Z vmauthd[2110774]: Connect from (local) AF_UNIX socket.
2001-09-13T16:21:56Z vmauthd[2110774]: Connect from 127.0.0.1
2001-09-13T16:21:56Z vmauthd[2110774]: local verification as root
2001-09-13T16:21:56Z vmauthd[2110774]: received CONNECT_NOSTART command: /vmfs/volumes/3a4fd8ce-fc4375c4-effb-5cf3fce846f8/sgrl-lcm01/sgrl-lcm01.vmx vmx-vigor
2001-09-13T16:21:56Z vmauthd[2110774]: Acquired lock for /var/run/vmware/authd_087af229445be2551047f82a4f38ba5b
2001-09-13T16:21:56Z vmauthd[2110774]: No such VMware process: /vmfs/volumes/3a4fd8ce-fc4375c4-effb-5cf3fce846f8/sgrl-lcm01/sgrl-lcm01.vmx
2001-09-13T16:21:56Z vmauthd[2110774]: released lock for /var/run/vmware/authd_087af229445be2551047f82a4f38ba5b
2001-09-13T16:21:56Z vmauthd[2110774]: Local connection for vmx-vigor failed.
2001-09-13T16:21:56Z vmauthd[2110774]: Read failed.
2001-09-13T16:21:57Z vmauthd[2110784]: Msg_SetLocaleEx: HostLocale=UTF-8 UserLocale=NULL
2001-09-13T16:21:57Z vmauthd[2110784]: Could not expand environment variable HOME.
2001-09-13T16:21:57Z vmauthd[2110784]: Could not expand environment variable HOME.
2001-09-13T16:21:57Z vmauthd[2110784]: DictionaryLoad: Cannot open file "/usr/lib/vmware/config": No such file or directory.
2001-09-13T16:21:57Z vmauthd[2110784]: DictionaryLoad: Cannot open file "~/.vmware/config": No such file or directory.
2001-09-13T16:21:57Z vmauthd[2110784]: DictionaryLoad: Cannot open file "~/.vmware/preferences": No such file or directory.
2001-09-13T16:21:57Z vmauthd[2110784]: lib/ssl: OpenSSL using FIPS_drbg for RAND
2001-09-13T16:21:57Z vmauthd[2110784]: lib/ssl: protocol list tls1.2
2001-09-13T16:21:57Z vmauthd[2110784]: lib/ssl: protocol list tls1.2 (openssl flags 0x17000000)
2001-09-13T16:21:57Z vmauthd[2110784]: lib/ssl: cipher list ECDHE+AESGCM:RSA+AESGCM:ECDHE+AES:RSA+AES
2001-09-13T16:21:57Z vmauthd[2110784]: lib/ssl: curves list prime256v1:secp384r1:secp521r1
2001-09-13T16:21:57Z vmauthd[2110784]: Connect from (local) AF_UNIX socket.
2001-09-13T16:21:57Z vmauthd[2110784]: Connect from 127.0.0.1
2001-09-13T16:21:57Z vmauthd[2110784]: local verification as root
2001-09-13T16:21:57Z vmauthd[2110784]: received CONNECT_NOSTART command: /vmfs/volumes/3a4fd8ce-fc4375c4-effb-5cf3fce846f8/SGRL-8ESX001/SGRL-8ESX001.vmx vmx-vigor
2001-09-13T16:21:57Z vmauthd[2110784]: Acquired lock for /var/run/vmware/authd_4fc6279dad54065810345f9d8661cb47
2001-09-13T16:21:57Z vmauthd[2110784]: No such VMware process: /vmfs/volumes/3a4fd8ce-fc4375c4-effb-5cf3fce846f8/SGRL-8ESX001/SGRL-8ESX001.vmx
2001-09-13T16:21:57Z vmauthd[2110784]: released lock for /var/run/vmware/authd_4fc6279dad54065810345f9d8661cb47
2001-09-13T16:21:57Z vmauthd[2110784]: Local connection for vmx-vigor failed.
2001-09-13T16:21:57Z vmauthd[2110784]: Read failed.
2001-09-13T16:21:59Z vmauthd[2110785]: Msg_SetLocaleEx: HostLocale=UTF-8 UserLocale=NULL
2001-09-13T16:21:59Z vmauthd[2110785]: Could not expand environment variable HOME.
2001-09-13T16:21:59Z vmauthd[2110785]: Could not expand environment variable HOME.
2001-09-13T16:21:59Z vmauthd[2110785]: DictionaryLoad: Cannot open file "/usr/lib/vmware/config": No such file or directory.
2001-09-13T16:21:59Z vmauthd[2110785]: DictionaryLoad: Cannot open file "~/.vmware/config": No such file or directory.
2001-09-13T16:21:59Z vmauthd[2110785]: DictionaryLoad: Cannot open file "~/.vmware/preferences": No such file or directory.
2001-09-13T16:21:59Z vmauthd[2110785]: lib/ssl: OpenSSL using FIPS_drbg for RAND
2001-09-13T16:21:59Z vmauthd[2110785]: lib/ssl: protocol list tls1.2
2001-09-13T16:21:59Z vmauthd[2110785]: lib/ssl: protocol list tls1.2 (openssl flags 0x17000000)
2001-09-13T16:21:59Z vmauthd[2110785]: lib/ssl: cipher list ECDHE+AESGCM:RSA+AESGCM:ECDHE+AES:RSA+AES
2001-09-13T16:21:59Z vmauthd[2110785]: lib/ssl: curves list prime256v1:secp384r1:secp521r1
2001-09-13T16:21:59Z vmauthd[2110785]: Connect from (local) AF_UNIX socket.
2001-09-13T16:21:59Z vmauthd[2110785]: Connect from 127.0.0.1
2001-09-13T16:21:59Z vmauthd[2110785]: local verification as root
2001-09-13T16:21:59Z vmauthd[2110785]: received CONNECT_NOSTART command: /vmfs/volumes/3a4fd8ce-fc4375c4-effb-5cf3fce846f8/SGRL-VCSA02/SGRL-VCSA02.vmx vmx-vigor
2001-09-13T16:21:59Z vmauthd[2110785]: Acquired lock for /var/run/vmware/authd_98acb54652b16c7361a061966f329278
2001-09-13T16:21:59Z vmauthd[2110785]: No such VMware process: /vmfs/volumes/3a4fd8ce-fc4375c4-effb-5cf3fce846f8/SGRL-VCSA02/SGRL-VCSA02.vmx
2001-09-13T16:21:59Z vmauthd[2110785]: released lock for /var/run/vmware/authd_98acb54652b16c7361a061966f329278
2001-09-13T16:21:59Z vmauthd[2110785]: Local connection for vmx-vigor failed.
2001-09-13T16:21:59Z vmauthd[2110785]: Read failed.
2001-09-13T16:22:01Z vmauthd[2110786]: Msg_SetLocaleEx: HostLocale=UTF-8 UserLocale=NULL
2001-09-13T16:22:01Z vmauthd[2110786]: Could not expand environment variable HOME.
2001-09-13T16:22:01Z vmauthd[2110786]: Could not expand environment variable HOME.
2001-09-13T16:22:01Z vmauthd[2110786]: DictionaryLoad: Cannot open file "/usr/lib/vmware/config": No such file or directory.
2001-09-13T16:22:01Z vmauthd[2110786]: DictionaryLoad: Cannot open file "~/.vmware/config": No such file or directory.
2001-09-13T16:22:01Z vmauthd[2110786]: DictionaryLoad: Cannot open file "~/.vmware/preferences": No such file or directory.
2001-09-13T16:22:01Z vmauthd[2110786]: lib/ssl: OpenSSL using FIPS_drbg for RAND
2001-09-13T16:22:01Z vmauthd[2110786]: lib/ssl: protocol list tls1.2
2001-09-13T16:22:01Z vmauthd[2110786]: lib/ssl: protocol list tls1.2 (openssl flags 0x17000000)
2001-09-13T16:22:01Z vmauthd[2110786]: lib/ssl: cipher list ECDHE+AESGCM:RSA+AESGCM:ECDHE+AES:RSA+AES
2001-09-13T16:22:01Z vmauthd[2110786]: lib/ssl: curves list prime256v1:secp384r1:secp521r1
2001-09-13T16:22:01Z vmauthd[2110786]: Connect from (local) AF_UNIX socket.
2001-09-13T16:22:01Z vmauthd[2110786]: Connect from 127.0.0.1
2001-09-13T16:22:01Z vmauthd[2110786]: local verification as root
2001-09-13T16:22:01Z vmauthd[2110786]: received CONNECT_NOSTART command: /vmfs/volumes/3a4fd8ce-fc4375c4-effb-5cf3fce846f8/SGRL-ADC001/SGRL-ADC001.vmx vmx-vigor
2001-09-13T16:22:01Z vmauthd[2110786]: Acquired lock for /var/run/vmware/authd_fa0e92f99f0bc0d4eb3b8d0ec4883621
2001-09-13T16:22:01Z vmauthd[2110786]: No such VMware process: /vmfs/volumes/3a4fd8ce-fc4375c4-effb-5cf3fce846f8/SGRL-ADC001/SGRL-ADC001.vmx
2001-09-13T16:22:01Z vmauthd[2110786]: released lock for /var/run/vmware/authd_fa0e92f99f0bc0d4eb3b8d0ec4883621
2001-09-13T16:22:01Z vmauthd[2110786]: Local connection for vmx-vigor failed.
2001-09-13T16:22:01Z vmauthd[2110786]: Read failed.
2001-09-13T16:22:33Z vmauthd[2110922]: Msg_SetLocaleEx: HostLocale=UTF-8 UserLocale=NULL
2001-09-13T16:22:33Z vmauthd[2110922]: Could not expand environment variable HOME.
2001-09-13T16:22:33Z vmauthd[2110922]: Could not expand environment variable HOME.
2001-09-13T16:22:33Z vmauthd[2110922]: DictionaryLoad: Cannot open file "/usr/lib/vmware/config": No such file or directory.
2001-09-13T16:22:33Z vmauthd[2110922]: DictionaryLoad: Cannot open file "~/.vmware/config": No such file or directory.
2001-09-13T16:22:33Z vmauthd[2110922]: DictionaryLoad: Cannot open file "~/.vmware/preferences": No such file or directory.
2001-09-13T16:22:33Z vmauthd[2110922]: lib/ssl: OpenSSL using FIPS_drbg for RAND
2001-09-13T16:22:33Z vmauthd[2110922]: lib/ssl: protocol list tls1.2
2001-09-13T16:22:33Z vmauthd[2110922]: lib/ssl: protocol list tls1.2 (openssl flags 0x17000000)
2001-09-13T16:22:33Z vmauthd[2110922]: lib/ssl: cipher list ECDHE+AESGCM:RSA+AESGCM:ECDHE+AES:RSA+AES
2001-09-13T16:22:33Z vmauthd[2110922]: lib/ssl: curves list prime256v1:secp384r1:secp521r1
2001-09-13T16:22:33Z vmauthd[2110922]: Connect from (local) AF_UNIX socket.
2001-09-13T16:22:33Z vmauthd[2110922]: Connect from 127.0.0.1
2001-09-13T16:22:33Z vmauthd[2110922]: local verification as root
2001-09-13T16:22:33Z vmauthd[2110922]: received CONNECT_NOSTART command: /vmfs/volumes/3a4fd8ce-fc4375c4-effb-5cf3fce846f8/SGRL-VCSA01/SGRL-VCSA01.vmx vmx-vigor
2001-09-13T16:22:33Z vmauthd[2110922]: Acquired lock for /var/run/vmware/authd_84500fb122bfa30daf2e457a68fcb33e
2001-09-13T16:22:33Z vmauthd[2110922]: No such VMware process: /vmfs/volumes/3a4fd8ce-fc4375c4-effb-5cf3fce846f8/SGRL-VCSA01/SGRL-VCSA01.vmx
2001-09-13T16:22:33Z vmauthd[2110922]: released lock for /var/run/vmware/authd_84500fb122bfa30daf2e457a68fcb33e
2001-09-13T16:22:33Z vmauthd[2110922]: Local connection for vmx-vigor failed.
2001-09-13T16:22:33Z vmauthd[2110922]: Read failed.
2001-11-09T00:55:41Z vmauthd[2102016]: Msg_SetLocaleEx: HostLocale=UTF-8 UserLocale=NULL
2001-11-09T00:55:41Z vmauthd[2102016]: Could not expand environment variable HOME.
2001-11-09T00:55:41Z vmauthd[2102016]: Could not expand environment variable HOME.
2001-11-09T00:55:41Z vmauthd[2102016]: DictionaryLoad: Cannot open file "/usr/lib/vmware/config": No such file or directory.
2001-11-09T00:55:41Z vmauthd[2102016]: DictionaryLoad: Cannot open file "~/.vmware/config": No such file or directory.
2001-11-09T00:55:41Z vmauthd[2102016]: DictionaryLoad: Cannot open file "~/.vmware/preferences": No such file or directory.
2001-11-09T00:55:41Z vmauthd[2102016]: lib/ssl: OpenSSL using FIPS_drbg for RAND
2001-11-09T00:55:41Z vmauthd[2102016]: lib/ssl: protocol list tls1.2
2001-11-09T00:55:41Z vmauthd[2102016]: lib/ssl: protocol list tls1.2 (openssl flags 0x17000000)
2001-11-09T00:55:41Z vmauthd[2102016]: lib/ssl: cipher list ECDHE+AESGCM:RSA+AESGCM:ECDHE+AES:RSA+AES
2001-11-09T00:55:41Z vmauthd[2102016]: lib/ssl: curves list prime256v1:secp384r1:secp521r1
2001-11-09T00:55:41Z vmauthd[2102016]: Connect from remote socket (192.168.1.2:47124).
2001-11-09T00:55:41Z vmauthd[2102016]: Connect from 192.168.1.2
2001-11-09T00:55:42Z vmauthd[2102016]: Received PROXY command for vpxa-nfcssl, session = 52 2b 61 40 0b 37 94 4d-7e f2 e9 0a e6 a1 2c 06
2001-11-09T00:55:42Z vmauthd[2102016]: vmware-vpxa: Connected to vpxa-nfcssl-fd, remote end sent pid: 2099327
2001-11-09T01:01:20Z vmauthd[2102839]: Msg_SetLocaleEx: HostLocale=UTF-8 UserLocale=NULL
2001-11-09T01:01:20Z vmauthd[2102839]: Could not expand environment variable HOME.
2001-11-09T01:01:20Z vmauthd[2102839]: Could not expand environment variable HOME.
2001-11-09T01:01:20Z vmauthd[2102839]: DictionaryLoad: Cannot open file "/usr/lib/vmware/config": No such file or directory.
2001-11-09T01:01:20Z vmauthd[2102839]: DictionaryLoad: Cannot open file "~/.vmware/config": No such file or directory.
2001-11-09T01:01:20Z vmauthd[2102839]: DictionaryLoad: Cannot open file "~/.vmware/preferences": No such file or directory.
2001-11-09T01:01:20Z vmauthd[2102839]: lib/ssl: OpenSSL using FIPS_drbg for RAND
2001-11-09T01:01:20Z vmauthd[2102839]: lib/ssl: protocol list tls1.2
2001-11-09T01:01:20Z vmauthd[2102839]: lib/ssl: protocol list tls1.2 (openssl flags 0x17000000)
2001-11-09T01:01:20Z vmauthd[2102839]: lib/ssl: cipher list ECDHE+AESGCM:RSA+AESGCM:ECDHE+AES:RSA+AES
2001-11-09T01:01:20Z vmauthd[2102839]: lib/ssl: curves list prime256v1:secp384r1:secp521r1
2001-11-09T01:01:20Z vmauthd[2102839]: Connect from remote socket (192.168.1.2:48296).
2001-11-09T01:01:20Z vmauthd[2102839]: Connect from 192.168.1.2
2001-11-09T01:01:21Z vmauthd[2102839]: FILE: FileCreateDirectoryEx: Failed to create /var/run/vmware/tickets/. Error = 17
2001-11-09T01:01:21Z vmauthd[2102839]: FILE: FileCreateDirectoryEx: Failed to create /var/run/vmware/tickets/. Error = 17
2001-11-09T01:01:21Z vmauthd[2102839]: local verification as root
2001-11-09T01:01:21Z vmauthd[2102839]: login from 192.168.1.2 as 5205e994-5208-bf2a-c262-7b3b207b79db
2001-11-09T01:01:21Z vmauthd[2102839]: received CONNECT command: /vmfs/volumes/3a4fd8ce-fc4375c4-effb-5cf3fce846f8/SGRL-ADC001/SGRL-ADC001.vmx mks
2001-11-09T01:01:21Z vmauthd[2102839]: Acquired lock for /var/run/vmware/authd_fa0e92f99f0bc0d4eb3b8d0ec4883621
2001-11-09T01:01:21Z vmauthd[2102839]: /vmfs/volumes/3a4fd8ce-fc4375c4-effb-5cf3fce846f8/SGRL-ADC001/SGRL-ADC001.vmx: Connected to mks-fd, remote end sent pid: 2099933
2001-11-09T01:01:21Z vmauthd[2102839]: released lock for /var/run/vmware/authd_fa0e92f99f0bc0d4eb3b8d0ec4883621
2001-11-09T01:01:21Z vmauthd[2102839]: Local connection for mks established.
2001-11-09T01:11:07Z vmauthd[2104364]: Msg_SetLocaleEx: HostLocale=UTF-8 UserLocale=NULL
2001-11-09T01:11:07Z vmauthd[2104364]: Could not expand environment variable HOME.
2001-11-09T01:11:07Z vmauthd[2104364]: Could not expand environment variable HOME.
2001-11-09T01:11:07Z vmauthd[2104364]: DictionaryLoad: Cannot open file "/usr/lib/vmware/config": No such file or directory.
2001-11-09T01:11:07Z vmauthd[2104364]: DictionaryLoad: Cannot open file "~/.vmware/config": No such file or directory.
2001-11-09T01:11:07Z vmauthd[2104364]: DictionaryLoad: Cannot open file "~/.vmware/preferences": No such file or directory.
2001-11-09T01:11:07Z vmauthd[2104364]: lib/ssl: OpenSSL using FIPS_drbg for RAND
2001-11-09T01:11:07Z vmauthd[2104364]: lib/ssl: protocol list tls1.2
2001-11-09T01:11:07Z vmauthd[2104364]: lib/ssl: protocol list tls1.2 (openssl flags 0x17000000)
2001-11-09T01:11:07Z vmauthd[2104364]: lib/ssl: cipher list ECDHE+AESGCM:RSA+AESGCM:ECDHE+AES:RSA+AES
2001-11-09T01:11:07Z vmauthd[2104364]: lib/ssl: curves list prime256v1:secp384r1:secp521r1
2001-11-09T01:11:07Z vmauthd[2104364]: Connect from remote socket (192.168.1.2:49852).
2001-11-09T01:11:07Z vmauthd[2104364]: Connect from 192.168.1.2
2001-11-09T01:11:07Z vmauthd[2104364]: FILE: FileCreateDirectoryEx: Failed to create /var/run/vmware/tickets/. Error = 17
2001-11-09T01:11:07Z vmauthd[2104364]: FILE: FileCreateDirectoryEx: Failed to create /var/run/vmware/tickets/. Error = 17
2001-11-09T01:11:07Z vmauthd[2104364]: local verification as root
2001-11-09T01:11:07Z vmauthd[2104364]: login from 192.168.1.2 as 52098dfe-48b9-eb39-1c08-ca9b23ac98d0
2001-11-09T01:11:07Z vmauthd[2104364]: received CONNECT command: /vmfs/volumes/3a4fd8ce-fc4375c4-effb-5cf3fce846f8/SGRL-ANS001/SGRL-ANS001.vmx mks
2001-11-09T01:11:07Z vmauthd[2104364]: Acquired lock for /var/run/vmware/authd_3b9df648ac1df1f9cc22917a303db689
2001-11-09T01:11:07Z vmauthd[2104364]: /vmfs/volumes/3a4fd8ce-fc4375c4-effb-5cf3fce846f8/SGRL-ANS001/SGRL-ANS001.vmx: Connected to mks-fd, remote end sent pid: 2104207
2001-11-09T01:11:07Z vmauthd[2104364]: released lock for /var/run/vmware/authd_3b9df648ac1df1f9cc22917a303db689
2001-11-09T01:11:07Z vmauthd[2104364]: Local connection for mks established.
2001-11-09T01:20:38Z vmauthd[2105179]: Msg_SetLocaleEx: HostLocale=UTF-8 UserLocale=NULL
2001-11-09T01:20:38Z vmauthd[2105179]: Could not expand environment variable HOME.
2001-11-09T01:20:38Z vmauthd[2105179]: Could not expand environment variable HOME.
2001-11-09T01:20:38Z vmauthd[2105179]: DictionaryLoad: Cannot open file "/usr/lib/vmware/config": No such file or directory.
2001-11-09T01:20:38Z vmauthd[2105179]: DictionaryLoad: Cannot open file "~/.vmware/config": No such file or directory.
2001-11-09T01:20:38Z vmauthd[2105179]: DictionaryLoad: Cannot open file "~/.vmware/preferences": No such file or directory.
2001-11-09T01:20:38Z vmauthd[2105179]: lib/ssl: OpenSSL using FIPS_drbg for RAND
2001-11-09T01:20:38Z vmauthd[2105179]: lib/ssl: protocol list tls1.2
2001-11-09T01:20:38Z vmauthd[2105179]: lib/ssl: protocol list tls1.2 (openssl flags 0x17000000)
2001-11-09T01:20:38Z vmauthd[2105179]: lib/ssl: cipher list ECDHE+AESGCM:RSA+AESGCM:ECDHE+AES:RSA+AES
2001-11-09T01:20:38Z vmauthd[2105179]: lib/ssl: curves list prime256v1:secp384r1:secp521r1
2001-11-09T01:20:38Z vmauthd[2105179]: Connect from remote socket (192.168.1.2:51318).
2001-11-09T01:20:38Z vmauthd[2105179]: Connect from 192.168.1.2
2001-11-09T01:20:38Z vmauthd[2105179]: FILE: FileCreateDirectoryEx: Failed to create /var/run/vmware/tickets/. Error = 17
2001-11-09T01:20:38Z vmauthd[2105179]: FILE: FileCreateDirectoryEx: Failed to create /var/run/vmware/tickets/. Error = 17
2001-11-09T01:20:38Z vmauthd[2105179]: local verification as root
2001-11-09T01:20:38Z vmauthd[2105179]: login from 192.168.1.2 as 52d5301a-aa3a-f98c-c5f2-7bc7a0d60d22
2001-11-09T01:20:38Z vmauthd[2105179]: received CONNECT command: /vmfs/volumes/3a4fd8ce-fc4375c4-effb-5cf3fce846f8/SGRL-JMP001/SGRL-JMP001.vmx mks
2001-11-09T01:20:38Z vmauthd[2105179]: Acquired lock for /var/run/vmware/authd_c4ce0adab722156d671ee3cafe1e876f
2001-11-09T01:20:38Z vmauthd[2105179]: /vmfs/volumes/3a4fd8ce-fc4375c4-effb-5cf3fce846f8/SGRL-JMP001/SGRL-JMP001.vmx: Connected to mks-fd, remote end sent pid: 2100062
2001-11-09T01:20:38Z vmauthd[2105179]: released lock for /var/run/vmware/authd_c4ce0adab722156d671ee3cafe1e876f
2001-11-09T01:20:38Z vmauthd[2105179]: Local connection for mks established.
2001-11-09T01:56:33Z vmauthd[2105514]: Msg_SetLocaleEx: HostLocale=UTF-8 UserLocale=NULL
2001-11-09T01:56:33Z vmauthd[2105514]: Could not expand environment variable HOME.
2001-11-09T01:56:33Z vmauthd[2105514]: Could not expand environment variable HOME.
2001-11-09T01:56:33Z vmauthd[2105514]: DictionaryLoad: Cannot open file "/usr/lib/vmware/config": No such file or directory.
2001-11-09T01:56:33Z vmauthd[2105514]: DictionaryLoad: Cannot open file "~/.vmware/config": No such file or directory.
2001-11-09T01:56:33Z vmauthd[2105514]: DictionaryLoad: Cannot open file "~/.vmware/preferences": No such file or directory.
2001-11-09T01:56:33Z vmauthd[2105514]: lib/ssl: OpenSSL using FIPS_drbg for RAND
2001-11-09T01:56:33Z vmauthd[2105514]: lib/ssl: protocol list tls1.2
2001-11-09T01:56:33Z vmauthd[2105514]: lib/ssl: protocol list tls1.2 (openssl flags 0x17000000)
2001-11-09T01:56:33Z vmauthd[2105514]: lib/ssl: cipher list ECDHE+AESGCM:RSA+AESGCM:ECDHE+AES:RSA+AES
2001-11-09T01:56:33Z vmauthd[2105514]: lib/ssl: curves list prime256v1:secp384r1:secp521r1
2001-11-09T01:56:33Z vmauthd[2105514]: Connect from remote socket (192.168.1.2:56266).
2001-11-09T01:56:33Z vmauthd[2105514]: Connect from 192.168.1.2
2001-11-09T01:56:33Z vmauthd[2105514]: FILE: FileCreateDirectoryEx: Failed to create /var/run/vmware/tickets/. Error = 17
2001-11-09T01:56:33Z vmauthd[2105514]: FILE: FileCreateDirectoryEx: Failed to create /var/run/vmware/tickets/. Error = 17
2001-11-09T01:56:33Z vmauthd[2105514]: local verification as root
2001-11-09T01:56:33Z vmauthd[2105514]: login from 192.168.1.2 as 52276242-21b3-c73d-3368-9537d251be63
2001-11-09T01:56:33Z vmauthd[2105514]: received CONNECT command: /vmfs/volumes/3a4fd8ce-fc4375c4-effb-5cf3fce846f8/SGRL-JMP001/SGRL-JMP001.vmx mks
2001-11-09T01:56:33Z vmauthd[2105514]: Acquired lock for /var/run/vmware/authd_c4ce0adab722156d671ee3cafe1e876f
2001-11-09T01:56:33Z vmauthd[2105514]: /vmfs/volumes/3a4fd8ce-fc4375c4-effb-5cf3fce846f8/SGRL-JMP001/SGRL-JMP001.vmx: Connected to mks-fd, remote end sent pid: 2100062
2001-11-09T01:56:33Z vmauthd[2105514]: released lock for /var/run/vmware/authd_c4ce0adab722156d671ee3cafe1e876f
2001-11-09T01:56:33Z vmauthd[2105514]: Local connection for mks established.
2001-11-09T02:22:04Z vmauthd[2105883]: Msg_SetLocaleEx: HostLocale=UTF-8 UserLocale=NULL
2001-11-09T02:22:04Z vmauthd[2105883]: Could not expand environment variable HOME.
2001-11-09T02:22:04Z vmauthd[2105883]: Could not expand environment variable HOME.
2001-11-09T02:22:04Z vmauthd[2105883]: DictionaryLoad: Cannot open file "/usr/lib/vmware/config": No such file or directory.
2001-11-09T02:22:04Z vmauthd[2105883]: DictionaryLoad: Cannot open file "~/.vmware/config": No such file or directory.
2001-11-09T02:22:04Z vmauthd[2105883]: DictionaryLoad: Cannot open file "~/.vmware/preferences": No such file or directory.
2001-11-09T02:22:04Z vmauthd[2105883]: lib/ssl: OpenSSL using FIPS_drbg for RAND
2001-11-09T02:22:04Z vmauthd[2105883]: lib/ssl: protocol list tls1.2
2001-11-09T02:22:04Z vmauthd[2105883]: lib/ssl: protocol list tls1.2 (openssl flags 0x17000000)
2001-11-09T02:22:04Z vmauthd[2105883]: lib/ssl: cipher list ECDHE+AESGCM:RSA+AESGCM:ECDHE+AES:RSA+AES
2001-11-09T02:22:04Z vmauthd[2105883]: lib/ssl: curves list prime256v1:secp384r1:secp521r1
2001-11-09T02:22:04Z vmauthd[2105883]: Connect from (local) AF_UNIX socket.
2001-11-09T02:22:04Z vmauthd[2105883]: Connect from 127.0.0.1
2001-11-09T02:22:04Z vmauthd[2105883]: local verification as root
2001-11-09T02:22:04Z vmauthd[2105883]: received CONNECT_NOSTART command: /vmfs/volumes/3a4fd8ce-fc4375c4-effb-5cf3fce846f8/SGRL-JMP001/SGRL-JMP001.vmx vmx-vigor
2001-11-09T02:22:04Z vmauthd[2105883]: Acquired lock for /var/run/vmware/authd_c4ce0adab722156d671ee3cafe1e876f
2001-11-09T02:22:04Z vmauthd[2105883]: No such VMware process: /vmfs/volumes/3a4fd8ce-fc4375c4-effb-5cf3fce846f8/SGRL-JMP001/SGRL-JMP001.vmx
2001-11-09T02:22:04Z vmauthd[2105883]: released lock for /var/run/vmware/authd_c4ce0adab722156d671ee3cafe1e876f
2001-11-09T02:22:04Z vmauthd[2105883]: Local connection for vmx-vigor failed.
2001-11-09T02:22:04Z vmauthd[2105883]: Read failed.
2001-11-09T02:22:22Z vmauthd[2106014]: Msg_SetLocaleEx: HostLocale=UTF-8 UserLocale=NULL
2001-11-09T02:22:22Z vmauthd[2106014]: Could not expand environment variable HOME.
2001-11-09T02:22:22Z vmauthd[2106014]: Could not expand environment variable HOME.
2001-11-09T02:22:22Z vmauthd[2106014]: DictionaryLoad: Cannot open file "/usr/lib/vmware/config": No such file or directory.
2001-11-09T02:22:22Z vmauthd[2106014]: DictionaryLoad: Cannot open file "~/.vmware/config": No such file or directory.
2001-11-09T02:22:22Z vmauthd[2106014]: DictionaryLoad: Cannot open file "~/.vmware/preferences": No such file or directory.
2001-11-09T02:22:22Z vmauthd[2106014]: lib/ssl: OpenSSL using FIPS_drbg for RAND
2001-11-09T02:22:22Z vmauthd[2106014]: lib/ssl: protocol list tls1.2
2001-11-09T02:22:22Z vmauthd[2106014]: lib/ssl: protocol list tls1.2 (openssl flags 0x17000000)
2001-11-09T02:22:22Z vmauthd[2106014]: lib/ssl: cipher list ECDHE+AESGCM:RSA+AESGCM:ECDHE+AES:RSA+AES
2001-11-09T02:22:22Z vmauthd[2106014]: lib/ssl: curves list prime256v1:secp384r1:secp521r1
2001-11-09T02:22:22Z vmauthd[2106014]: Connect from (local) AF_UNIX socket.
2001-11-09T02:22:22Z vmauthd[2106014]: Connect from 127.0.0.1
2001-11-09T02:22:22Z vmauthd[2106014]: local verification as root
2001-11-09T02:22:22Z vmauthd[2106014]: received CONNECT_NOSTART command: /vmfs/volumes/3a4fd8ce-fc4375c4-effb-5cf3fce846f8/SGRL-ANS001/SGRL-ANS001.vmx vmx-vigor
2001-11-09T02:22:22Z vmauthd[2106014]: Acquired lock for /var/run/vmware/authd_3b9df648ac1df1f9cc22917a303db689
2001-11-09T02:22:22Z vmauthd[2106014]: No such VMware process: /vmfs/volumes/3a4fd8ce-fc4375c4-effb-5cf3fce846f8/SGRL-ANS001/SGRL-ANS001.vmx
2001-11-09T02:22:22Z vmauthd[2106014]: released lock for /var/run/vmware/authd_3b9df648ac1df1f9cc22917a303db689
2001-11-09T02:22:22Z vmauthd[2106014]: Local connection for vmx-vigor failed.
2001-11-09T02:22:22Z vmauthd[2106014]: Read failed.
2001-11-09T02:22:44Z vmauthd[2106146]: Msg_SetLocaleEx: HostLocale=UTF-8 UserLocale=NULL
2001-11-09T02:22:44Z vmauthd[2106146]: Could not expand environment variable HOME.
2001-11-09T02:22:44Z vmauthd[2106146]: Could not expand environment variable HOME.
2001-11-09T02:22:44Z vmauthd[2106146]: DictionaryLoad: Cannot open file "/usr/lib/vmware/config": No such file or directory.
2001-11-09T02:22:44Z vmauthd[2106146]: DictionaryLoad: Cannot open file "~/.vmware/config": No such file or directory.
2001-11-09T02:22:44Z vmauthd[2106146]: DictionaryLoad: Cannot open file "~/.vmware/preferences": No such file or directory.
2001-11-09T02:22:44Z vmauthd[2106146]: lib/ssl: OpenSSL using FIPS_drbg for RAND
2001-11-09T02:22:44Z vmauthd[2106146]: lib/ssl: protocol list tls1.2
2001-11-09T02:22:44Z vmauthd[2106146]: lib/ssl: protocol list tls1.2 (openssl flags 0x17000000)
2001-11-09T02:22:44Z vmauthd[2106146]: lib/ssl: cipher list ECDHE+AESGCM:RSA+AESGCM:ECDHE+AES:RSA+AES
2001-11-09T02:22:44Z vmauthd[2106146]: lib/ssl: curves list prime256v1:secp384r1:secp521r1
2001-11-09T02:22:44Z vmauthd[2106146]: Connect from (local) AF_UNIX socket.
2001-11-09T02:22:44Z vmauthd[2106146]: Connect from 127.0.0.1
2001-11-09T02:22:44Z vmauthd[2106146]: local verification as root
2001-11-09T02:22:44Z vmauthd[2106146]: received CONNECT_NOSTART command: /vmfs/volumes/3a4fd8ce-fc4375c4-effb-5cf3fce846f8/SGRL-ADC001/SGRL-ADC001.vmx vmx-vigor
2001-11-09T02:22:44Z vmauthd[2106146]: Acquired lock for /var/run/vmware/authd_fa0e92f99f0bc0d4eb3b8d0ec4883621
2001-11-09T02:22:44Z vmauthd[2106146]: No such VMware process: /vmfs/volumes/3a4fd8ce-fc4375c4-effb-5cf3fce846f8/SGRL-ADC001/SGRL-ADC001.vmx
2001-11-09T02:22:44Z vmauthd[2106146]: released lock for /var/run/vmware/authd_fa0e92f99f0bc0d4eb3b8d0ec4883621
2001-11-09T02:22:44Z vmauthd[2106146]: Local connection for vmx-vigor failed.
2001-11-09T02:22:44Z vmauthd[2106146]: Read failed.
2001-11-09T02:23:12Z vmauthd[2106277]: Msg_SetLocaleEx: HostLocale=UTF-8 UserLocale=NULL
2001-11-09T02:23:12Z vmauthd[2106277]: Could not expand environment variable HOME.
2001-11-09T02:23:12Z vmauthd[2106277]: Could not expand environment variable HOME.
2001-11-09T02:23:12Z vmauthd[2106277]: DictionaryLoad: Cannot open file "/usr/lib/vmware/config": No such file or directory.
2001-11-09T02:23:12Z vmauthd[2106277]: DictionaryLoad: Cannot open file "~/.vmware/config": No such file or directory.
2001-11-09T02:23:12Z vmauthd[2106277]: DictionaryLoad: Cannot open file "~/.vmware/preferences": No such file or directory.
2001-11-09T02:23:12Z vmauthd[2106277]: lib/ssl: OpenSSL using FIPS_drbg for RAND
2001-11-09T02:23:12Z vmauthd[2106277]: lib/ssl: protocol list tls1.2
2001-11-09T02:23:12Z vmauthd[2106277]: lib/ssl: protocol list tls1.2 (openssl flags 0x17000000)
2001-11-09T02:23:12Z vmauthd[2106277]: lib/ssl: cipher list ECDHE+AESGCM:RSA+AESGCM:ECDHE+AES:RSA+AES
2001-11-09T02:23:12Z vmauthd[2106277]: lib/ssl: curves list prime256v1:secp384r1:secp521r1
2001-11-09T02:23:12Z vmauthd[2106277]: Connect from (local) AF_UNIX socket.
2001-11-09T02:23:12Z vmauthd[2106277]: Connect from 127.0.0.1
2001-11-09T02:23:12Z vmauthd[2106277]: local verification as root
2001-11-09T02:23:12Z vmauthd[2106277]: received CONNECT_NOSTART command: /vmfs/volumes/3a4fd8ce-fc4375c4-effb-5cf3fce846f8/VyOS-Router/VyOS-Router.vmx vmx-vigor
2001-11-09T02:23:12Z vmauthd[2106277]: Acquired lock for /var/run/vmware/authd_91ecdaacce253e6bc5c93f9dde6fab90
2001-11-09T02:23:12Z vmauthd[2106277]: No such VMware process: /vmfs/volumes/3a4fd8ce-fc4375c4-effb-5cf3fce846f8/VyOS-Router/VyOS-Router.vmx
2001-11-09T02:23:12Z vmauthd[2106277]: released lock for /var/run/vmware/authd_91ecdaacce253e6bc5c93f9dde6fab90
2001-11-09T02:23:12Z vmauthd[2106277]: Local connection for vmx-vigor failed.
2001-11-09T02:23:12Z vmauthd[2106277]: Read failed.
2001-11-09T02:23:18Z vmauthd[2106408]: Msg_SetLocaleEx: HostLocale=UTF-8 UserLocale=NULL
2001-11-09T02:23:18Z vmauthd[2106408]: Could not expand environment variable HOME.
2001-11-09T02:23:18Z vmauthd[2106408]: Could not expand environment variable HOME.
2001-11-09T02:23:18Z vmauthd[2106408]: DictionaryLoad: Cannot open file "/usr/lib/vmware/config": No such file or directory.
2001-11-09T02:23:18Z vmauthd[2106408]: DictionaryLoad: Cannot open file "~/.vmware/config": No such file or directory.
2001-11-09T02:23:18Z vmauthd[2106408]: DictionaryLoad: Cannot open file "~/.vmware/preferences": No such file or directory.
2001-11-09T02:23:18Z vmauthd[2106408]: lib/ssl: OpenSSL using FIPS_drbg for RAND
2001-11-09T02:23:18Z vmauthd[2106408]: lib/ssl: protocol list tls1.2
2001-11-09T02:23:18Z vmauthd[2106408]: lib/ssl: protocol list tls1.2 (openssl flags 0x17000000)
2001-11-09T02:23:18Z vmauthd[2106408]: lib/ssl: cipher list ECDHE+AESGCM:RSA+AESGCM:ECDHE+AES:RSA+AES
2001-11-09T02:23:18Z vmauthd[2106408]: lib/ssl: curves list prime256v1:secp384r1:secp521r1
2001-11-09T02:23:18Z vmauthd[2106408]: Connect from (local) AF_UNIX socket.
2001-11-09T02:23:18Z vmauthd[2106408]: Connect from 127.0.0.1
2001-11-09T02:23:18Z vmauthd[2106408]: local verification as root
2001-11-09T02:23:18Z vmauthd[2106408]: received CONNECT_NOSTART command: /vmfs/volumes/3a4fd8ce-fc4375c4-effb-5cf3fce846f8/SGRL-VCSA01/SGRL-VCSA01.vmx vmx-vigor
2001-11-09T02:23:18Z vmauthd[2106408]: Acquired lock for /var/run/vmware/authd_84500fb122bfa30daf2e457a68fcb33e
2001-11-09T02:23:18Z vmauthd[2106408]: No such VMware process: /vmfs/volumes/3a4fd8ce-fc4375c4-effb-5cf3fce846f8/SGRL-VCSA01/SGRL-VCSA01.vmx
2001-11-09T02:23:18Z vmauthd[2106408]: released lock for /var/run/vmware/authd_84500fb122bfa30daf2e457a68fcb33e
2001-11-09T02:23:18Z vmauthd[2106408]: Local connection for vmx-vigor failed.
2001-11-09T02:23:18Z vmauthd[2106408]: Read failed.
2001-01-01T00:35:37Z vmauthd[2100668]: Msg_SetLocaleEx: HostLocale=UTF-8 UserLocale=NULL
2001-01-01T00:35:37Z vmauthd[2100668]: Could not expand environment variable HOME.
2001-01-01T00:35:37Z vmauthd[2100668]: Could not expand environment variable HOME.
2001-01-01T00:35:37Z vmauthd[2100668]: DictionaryLoad: Cannot open file "/usr/lib/vmware/config": No such file or directory.
2001-01-01T00:35:37Z vmauthd[2100668]: DictionaryLoad: Cannot open file "~/.vmware/config": No such file or directory.
2001-01-01T00:35:37Z vmauthd[2100668]: DictionaryLoad: Cannot open file "~/.vmware/preferences": No such file or directory.
2001-01-01T00:35:37Z vmauthd[2100668]: lib/ssl: OpenSSL using FIPS_drbg for RAND
2001-01-01T00:35:37Z vmauthd[2100668]: lib/ssl: protocol list tls1.2
2001-01-01T00:35:37Z vmauthd[2100668]: lib/ssl: protocol list tls1.2 (openssl flags 0x17000000)
2001-01-01T00:35:37Z vmauthd[2100668]: lib/ssl: cipher list ECDHE+AESGCM:RSA+AESGCM:ECDHE+AES:RSA+AES
2001-01-01T00:35:37Z vmauthd[2100668]: lib/ssl: curves list prime256v1:secp384r1:secp521r1
2001-01-01T00:35:37Z vmauthd[2100668]: Connect from remote socket (192.168.1.2:49834).
2001-01-01T00:35:37Z vmauthd[2100668]: Connect from 192.168.1.2
2001-01-01T00:35:37Z vmauthd[2100668]: Received PROXY command for vpxa-nfcssl, session = 52 f4 50 db 26 50 4a 05-8d 4b a2 fe a9 08 17 d2
2001-01-01T00:35:37Z vmauthd[2100668]: vmware-vpxa: Connected to vpxa-nfcssl-fd, remote end sent pid: 2099329
2001-01-01T06:35:37Z vmauthd[2104063]: Msg_SetLocaleEx: HostLocale=UTF-8 UserLocale=NULL
2001-01-01T06:35:37Z vmauthd[2104063]: Could not expand environment variable HOME.
2001-01-01T06:35:37Z vmauthd[2104063]: Could not expand environment variable HOME.
2001-01-01T06:35:37Z vmauthd[2104063]: DictionaryLoad: Cannot open file "/usr/lib/vmware/config": No such file or directory.
2001-01-01T06:35:37Z vmauthd[2104063]: DictionaryLoad: Cannot open file "~/.vmware/config": No such file or directory.
2001-01-01T06:35:37Z vmauthd[2104063]: DictionaryLoad: Cannot open file "~/.vmware/preferences": No such file or directory.
2001-01-01T06:35:37Z vmauthd[2104063]: lib/ssl: OpenSSL using FIPS_drbg for RAND
2001-01-01T06:35:37Z vmauthd[2104063]: lib/ssl: protocol list tls1.2
2001-01-01T06:35:37Z vmauthd[2104063]: lib/ssl: protocol list tls1.2 (openssl flags 0x17000000)
2001-01-01T06:35:37Z vmauthd[2104063]: lib/ssl: cipher list ECDHE+AESGCM:RSA+AESGCM:ECDHE+AES:RSA+AES
2001-01-01T06:35:37Z vmauthd[2104063]: lib/ssl: curves list prime256v1:secp384r1:secp521r1
2001-01-01T06:35:37Z vmauthd[2104063]: Connect from remote socket (192.168.1.2:40128).
2001-01-01T06:35:37Z vmauthd[2104063]: Connect from 192.168.1.2
2001-01-01T06:35:37Z vmauthd[2104063]: Received PROXY command for vpxa-nfcssl, session = 52 c4 3c 86 34 5b 62 99-3d 14 09 31 5d 6e 54 be
2001-01-01T06:35:37Z vmauthd[2104063]: vmware-vpxa: Connected to vpxa-nfcssl-fd, remote end sent pid: 2099329
2001-01-01T07:32:54Z vmauthd[2104924]: Msg_SetLocaleEx: HostLocale=UTF-8 UserLocale=NULL
2001-01-01T07:32:54Z vmauthd[2104924]: Could not expand environment variable HOME.
2001-01-01T07:32:54Z vmauthd[2104924]: Could not expand environment variable HOME.
2001-01-01T07:32:54Z vmauthd[2104924]: DictionaryLoad: Cannot open file "/usr/lib/vmware/config": No such file or directory.
2001-01-01T07:32:54Z vmauthd[2104924]: DictionaryLoad: Cannot open file "~/.vmware/config": No such file or directory.
2001-01-01T07:32:54Z vmauthd[2104924]: DictionaryLoad: Cannot open file "~/.vmware/preferences": No such file or directory.
2001-01-01T07:32:54Z vmauthd[2104924]: lib/ssl: OpenSSL using FIPS_drbg for RAND
2001-01-01T07:32:54Z vmauthd[2104924]: lib/ssl: protocol list tls1.2
2001-01-01T07:32:54Z vmauthd[2104924]: lib/ssl: protocol list tls1.2 (openssl flags 0x17000000)
2001-01-01T07:32:54Z vmauthd[2104924]: lib/ssl: cipher list ECDHE+AESGCM:RSA+AESGCM:ECDHE+AES:RSA+AES
2001-01-01T07:32:54Z vmauthd[2104924]: lib/ssl: curves list prime256v1:secp384r1:secp521r1
2001-01-01T07:32:54Z vmauthd[2104924]: Connect from remote socket (192.168.1.2:52570).
2001-01-01T07:32:54Z vmauthd[2104924]: Connect from 192.168.1.2
2001-01-01T07:32:54Z vmauthd[2104924]: FILE: FileCreateDirectoryEx: Failed to create /var/run/vmware/tickets/. Error = 17
2001-01-01T07:32:54Z vmauthd[2104924]: FILE: FileCreateDirectoryEx: Failed to create /var/run/vmware/tickets/. Error = 17
2001-01-01T07:32:54Z vmauthd[2104924]: local verification as root
2001-01-01T07:32:54Z vmauthd[2104924]: login from 192.168.1.2 as 525989ba-56fd-7103-4d79-48fd298a70ab
2001-01-01T07:32:54Z vmauthd[2104924]: received CONNECT command: /vmfs/volumes/3a4fd8ce-fc4375c4-effb-5cf3fce846f8/SGRL-ADC001/SGRL-ADC001.vmx mks
2001-01-01T07:32:54Z vmauthd[2104924]: Acquired lock for /var/run/vmware/authd_fa0e92f99f0bc0d4eb3b8d0ec4883621
2001-01-01T07:32:54Z vmauthd[2104924]: /vmfs/volumes/3a4fd8ce-fc4375c4-effb-5cf3fce846f8/SGRL-ADC001/SGRL-ADC001.vmx: Connected to mks-fd, remote end sent pid: 2100025
2001-01-01T07:32:54Z vmauthd[2104924]: released lock for /var/run/vmware/authd_fa0e92f99f0bc0d4eb3b8d0ec4883621
2001-01-01T07:32:54Z vmauthd[2104924]: Local connection for mks established.
2001-01-01T07:34:44Z vmauthd[2104927]: Msg_SetLocaleEx: HostLocale=UTF-8 UserLocale=NULL
2001-01-01T07:34:44Z vmauthd[2104927]: Could not expand environment variable HOME.
2001-01-01T07:34:44Z vmauthd[2104927]: Could not expand environment variable HOME.
2001-01-01T07:34:44Z vmauthd[2104927]: DictionaryLoad: Cannot open file "/usr/lib/vmware/config": No such file or directory.
2001-01-01T07:34:44Z vmauthd[2104927]: DictionaryLoad: Cannot open file "~/.vmware/config": No such file or directory.
2001-01-01T07:34:44Z vmauthd[2104927]: DictionaryLoad: Cannot open file "~/.vmware/preferences": No such file or directory.
2001-01-01T07:34:44Z vmauthd[2104927]: lib/ssl: OpenSSL using FIPS_drbg for RAND
2001-01-01T07:34:44Z vmauthd[2104927]: lib/ssl: protocol list tls1.2
2001-01-01T07:34:44Z vmauthd[2104927]: lib/ssl: protocol list tls1.2 (openssl flags 0x17000000)
2001-01-01T07:34:44Z vmauthd[2104927]: lib/ssl: cipher list ECDHE+AESGCM:RSA+AESGCM:ECDHE+AES:RSA+AES
2001-01-01T07:34:44Z vmauthd[2104927]: lib/ssl: curves list prime256v1:secp384r1:secp521r1
2001-01-01T07:34:44Z vmauthd[2104927]: Connect from remote socket (192.168.1.2:52962).
2001-01-01T07:34:44Z vmauthd[2104927]: Connect from 192.168.1.2
2001-01-01T07:34:44Z vmauthd[2104927]: FILE: FileCreateDirectoryEx: Failed to create /var/run/vmware/tickets/. Error = 17
2001-01-01T07:34:44Z vmauthd[2104927]: FILE: FileCreateDirectoryEx: Failed to create /var/run/vmware/tickets/. Error = 17
2001-01-01T07:34:44Z vmauthd[2104927]: local verification as root
2001-01-01T07:34:44Z vmauthd[2104927]: login from 192.168.1.2 as 52898a8f-5c56-575c-1e67-8934afc8befb
2001-01-01T07:34:44Z vmauthd[2104927]: received CONNECT command: /vmfs/volumes/3a4fd8ce-fc4375c4-effb-5cf3fce846f8/SGRL-ANS002/SGRL-ANS002.vmx mks
2001-01-01T07:34:44Z vmauthd[2104927]: Acquired lock for /var/run/vmware/authd_8dfdc9da76ef4de5e2bcb61665c61302
2001-01-01T07:34:44Z vmauthd[2104927]: /vmfs/volumes/3a4fd8ce-fc4375c4-effb-5cf3fce846f8/SGRL-ANS002/SGRL-ANS002.vmx: Connected to mks-fd, remote end sent pid: 2104768
2001-01-01T07:34:44Z vmauthd[2104927]: released lock for /var/run/vmware/authd_8dfdc9da76ef4de5e2bcb61665c61302
2001-01-01T07:34:44Z vmauthd[2104927]: Local connection for mks established.
2001-01-01T07:36:29Z vmauthd[2104940]: Msg_SetLocaleEx: HostLocale=UTF-8 UserLocale=NULL
2001-01-01T07:36:29Z vmauthd[2104940]: Could not expand environment variable HOME.
2001-01-01T07:36:29Z vmauthd[2104940]: Could not expand environment variable HOME.
2001-01-01T07:36:29Z vmauthd[2104940]: DictionaryLoad: Cannot open file "/usr/lib/vmware/config": No such file or directory.
2001-01-01T07:36:29Z vmauthd[2104940]: DictionaryLoad: Cannot open file "~/.vmware/config": No such file or directory.
2001-01-01T07:36:29Z vmauthd[2104940]: DictionaryLoad: Cannot open file "~/.vmware/preferences": No such file or directory.
2001-01-01T07:36:29Z vmauthd[2104940]: lib/ssl: OpenSSL using FIPS_drbg for RAND
2001-01-01T07:36:29Z vmauthd[2104940]: lib/ssl: protocol list tls1.2
2001-01-01T07:36:29Z vmauthd[2104940]: lib/ssl: protocol list tls1.2 (openssl flags 0x17000000)
2001-01-01T07:36:29Z vmauthd[2104940]: lib/ssl: cipher list ECDHE+AESGCM:RSA+AESGCM:ECDHE+AES:RSA+AES
2001-01-01T07:36:29Z vmauthd[2104940]: lib/ssl: curves list prime256v1:secp384r1:secp521r1
2001-01-01T07:36:29Z vmauthd[2104940]: Connect from remote socket (192.168.1.2:53382).
2001-01-01T07:36:29Z vmauthd[2104940]: Connect from 192.168.1.2
2001-01-01T07:36:29Z vmauthd[2104940]: FILE: FileCreateDirectoryEx: Failed to create /var/run/vmware/tickets/. Error = 17
2001-01-01T07:36:29Z vmauthd[2104940]: FILE: FileCreateDirectoryEx: Failed to create /var/run/vmware/tickets/. Error = 17
2001-01-01T07:36:29Z vmauthd[2104940]: local verification as root
2001-01-01T07:36:29Z vmauthd[2104940]: login from 192.168.1.2 as 525560ef-e90a-a96b-9158-79164e7a900d
2001-01-01T07:36:29Z vmauthd[2104940]: received CONNECT command: /vmfs/volumes/3a4fd8ce-fc4375c4-effb-5cf3fce846f8/SGRL-ANS003/SGRL-ANS003.vmx mks
2001-01-01T07:36:29Z vmauthd[2104940]: Acquired lock for /var/run/vmware/authd_c0b5f6264c25e3cf475296695063f091
2001-01-01T07:36:29Z vmauthd[2104940]: /vmfs/volumes/3a4fd8ce-fc4375c4-effb-5cf3fce846f8/SGRL-ANS003/SGRL-ANS003.vmx: Connected to mks-fd, remote end sent pid: 2104781
2001-01-01T07:36:29Z vmauthd[2104940]: released lock for /var/run/vmware/authd_c0b5f6264c25e3cf475296695063f091
2001-01-01T07:36:29Z vmauthd[2104940]: Local connection for mks established.
2001-01-01T12:35:38Z vmauthd[2106893]: Msg_SetLocaleEx: HostLocale=UTF-8 UserLocale=NULL
2001-01-01T12:35:38Z vmauthd[2106893]: Could not expand environment variable HOME.
2001-01-01T12:35:38Z vmauthd[2106893]: Could not expand environment variable HOME.
2001-01-01T12:35:38Z vmauthd[2106893]: DictionaryLoad: Cannot open file "/usr/lib/vmware/config": No such file or directory.
2001-01-01T12:35:38Z vmauthd[2106893]: DictionaryLoad: Cannot open file "~/.vmware/config": No such file or directory.
2001-01-01T12:35:38Z vmauthd[2106893]: DictionaryLoad: Cannot open file "~/.vmware/preferences": No such file or directory.
2001-01-01T12:35:38Z vmauthd[2106893]: lib/ssl: OpenSSL using FIPS_drbg for RAND
2001-01-01T12:35:38Z vmauthd[2106893]: lib/ssl: protocol list tls1.2
2001-01-01T12:35:38Z vmauthd[2106893]: lib/ssl: protocol list tls1.2 (openssl flags 0x17000000)
2001-01-01T12:35:38Z vmauthd[2106893]: lib/ssl: cipher list ECDHE+AESGCM:RSA+AESGCM:ECDHE+AES:RSA+AES
2001-01-01T12:35:38Z vmauthd[2106893]: lib/ssl: curves list prime256v1:secp384r1:secp521r1
2001-01-01T12:35:38Z vmauthd[2106893]: Connect from remote socket (192.168.1.2:59676).
2001-01-01T12:35:38Z vmauthd[2106893]: Connect from 192.168.1.2
2001-01-01T12:35:38Z vmauthd[2106893]: Received PROXY command for vpxa-nfcssl, session = 52 ed 88 a6 14 94 8d d7-bb 65 ca 01 26 d2 78 4b
2001-01-01T12:35:38Z vmauthd[2106893]: vmware-vpxa: Connected to vpxa-nfcssl-fd, remote end sent pid: 2099329
2001-01-01T13:05:21Z vmauthd[2107166]: Msg_SetLocaleEx: HostLocale=UTF-8 UserLocale=NULL
2001-01-01T13:05:21Z vmauthd[2107166]: Could not expand environment variable HOME.
2001-01-01T13:05:21Z vmauthd[2107166]: Could not expand environment variable HOME.
2001-01-01T13:05:21Z vmauthd[2107166]: DictionaryLoad: Cannot open file "/usr/lib/vmware/config": No such file or directory.
2001-01-01T13:05:21Z vmauthd[2107166]: DictionaryLoad: Cannot open file "~/.vmware/config": No such file or directory.
2001-01-01T13:05:21Z vmauthd[2107166]: DictionaryLoad: Cannot open file "~/.vmware/preferences": No such file or directory.
2001-01-01T13:05:21Z vmauthd[2107166]: lib/ssl: OpenSSL using FIPS_drbg for RAND
2001-01-01T13:05:21Z vmauthd[2107166]: lib/ssl: protocol list tls1.2
2001-01-01T13:05:21Z vmauthd[2107166]: lib/ssl: protocol list tls1.2 (openssl flags 0x17000000)
2001-01-01T13:05:21Z vmauthd[2107166]: lib/ssl: cipher list ECDHE+AESGCM:RSA+AESGCM:ECDHE+AES:RSA+AES
2001-01-01T13:05:21Z vmauthd[2107166]: lib/ssl: curves list prime256v1:secp384r1:secp521r1
2001-01-01T13:05:21Z vmauthd[2107166]: Connect from (local) AF_UNIX socket.
2001-01-01T13:05:21Z vmauthd[2107166]: Connect from 127.0.0.1
2001-01-01T13:05:21Z vmauthd[2107166]: local verification as root
2001-01-01T13:05:21Z vmauthd[2107166]: received CONNECT_NOSTART command: /vmfs/volumes/3a4fd8ce-fc4375c4-effb-5cf3fce846f8/SGRL-ANS002/SGRL-ANS002.vmx vmx-vigor
2001-01-01T13:05:21Z vmauthd[2107166]: Acquired lock for /var/run/vmware/authd_8dfdc9da76ef4de5e2bcb61665c61302
2001-01-01T13:05:21Z vmauthd[2107166]: No such VMware process: /vmfs/volumes/3a4fd8ce-fc4375c4-effb-5cf3fce846f8/SGRL-ANS002/SGRL-ANS002.vmx
2001-01-01T13:05:21Z vmauthd[2107166]: released lock for /var/run/vmware/authd_8dfdc9da76ef4de5e2bcb61665c61302
2001-01-01T13:05:21Z vmauthd[2107166]: Local connection for vmx-vigor failed.
2001-01-01T13:05:21Z vmauthd[2107166]: Read failed.
2001-01-01T13:05:21Z vmauthd[2107167]: Msg_SetLocaleEx: HostLocale=UTF-8 UserLocale=NULL
2001-01-01T13:05:21Z vmauthd[2107167]: Could not expand environment variable HOME.
2001-01-01T13:05:21Z vmauthd[2107167]: Could not expand environment variable HOME.
2001-01-01T13:05:21Z vmauthd[2107167]: DictionaryLoad: Cannot open file "/usr/lib/vmware/config": No such file or directory.
2001-01-01T13:05:21Z vmauthd[2107167]: DictionaryLoad: Cannot open file "~/.vmware/config": No such file or directory.
2001-01-01T13:05:21Z vmauthd[2107167]: DictionaryLoad: Cannot open file "~/.vmware/preferences": No such file or directory.
2001-01-01T13:05:21Z vmauthd[2107167]: lib/ssl: OpenSSL using FIPS_drbg for RAND
2001-01-01T13:05:21Z vmauthd[2107167]: lib/ssl: protocol list tls1.2
2001-01-01T13:05:21Z vmauthd[2107167]: lib/ssl: protocol list tls1.2 (openssl flags 0x17000000)
2001-01-01T13:05:21Z vmauthd[2107167]: lib/ssl: cipher list ECDHE+AESGCM:RSA+AESGCM:ECDHE+AES:RSA+AES
2001-01-01T13:05:21Z vmauthd[2107167]: lib/ssl: curves list prime256v1:secp384r1:secp521r1
2001-01-01T13:05:21Z vmauthd[2107167]: Connect from (local) AF_UNIX socket.
2001-01-01T13:05:21Z vmauthd[2107167]: Connect from 127.0.0.1
2001-01-01T13:05:21Z vmauthd[2107167]: local verification as root
2001-01-01T13:05:21Z vmauthd[2107167]: received CONNECT_NOSTART command: /vmfs/volumes/3a4fd8ce-fc4375c4-effb-5cf3fce846f8/SGRL-ANS003/SGRL-ANS003.vmx vmx-vigor
2001-01-01T13:05:21Z vmauthd[2107167]: Acquired lock for /var/run/vmware/authd_c0b5f6264c25e3cf475296695063f091
2001-01-01T13:05:21Z vmauthd[2107167]: No such VMware process: /vmfs/volumes/3a4fd8ce-fc4375c4-effb-5cf3fce846f8/SGRL-ANS003/SGRL-ANS003.vmx
2001-01-01T13:05:21Z vmauthd[2107167]: released lock for /var/run/vmware/authd_c0b5f6264c25e3cf475296695063f091
2001-01-01T13:05:21Z vmauthd[2107167]: Local connection for vmx-vigor failed.
2001-01-01T13:05:21Z vmauthd[2107167]: Read failed.
2001-01-01T13:05:23Z vmauthd[2107168]: Msg_SetLocaleEx: HostLocale=UTF-8 UserLocale=NULL
2001-01-01T13:05:23Z vmauthd[2107168]: Could not expand environment variable HOME.
2001-01-01T13:05:23Z vmauthd[2107168]: Could not expand environment variable HOME.
2001-01-01T13:05:23Z vmauthd[2107168]: DictionaryLoad: Cannot open file "/usr/lib/vmware/config": No such file or directory.
2001-01-01T13:05:23Z vmauthd[2107168]: DictionaryLoad: Cannot open file "~/.vmware/config": No such file or directory.
2001-01-01T13:05:23Z vmauthd[2107168]: DictionaryLoad: Cannot open file "~/.vmware/preferences": No such file or directory.
2001-01-01T13:05:23Z vmauthd[2107168]: lib/ssl: OpenSSL using FIPS_drbg for RAND
2001-01-01T13:05:23Z vmauthd[2107168]: lib/ssl: protocol list tls1.2
2001-01-01T13:05:23Z vmauthd[2107168]: lib/ssl: protocol list tls1.2 (openssl flags 0x17000000)
2001-01-01T13:05:23Z vmauthd[2107168]: lib/ssl: cipher list ECDHE+AESGCM:RSA+AESGCM:ECDHE+AES:RSA+AES
2001-01-01T13:05:23Z vmauthd[2107168]: lib/ssl: curves list prime256v1:secp384r1:secp521r1
2001-01-01T13:05:23Z vmauthd[2107168]: Connect from (local) AF_UNIX socket.
2001-01-01T13:05:23Z vmauthd[2107168]: Connect from 127.0.0.1
2001-01-01T13:05:23Z vmauthd[2107168]: local verification as root
2001-01-01T13:05:23Z vmauthd[2107168]: received CONNECT_NOSTART command: /vmfs/volumes/3a4fd8ce-fc4375c4-effb-5cf3fce846f8/SGRL-ANS001/SGRL-ANS001.vmx vmx-vigor
2001-01-01T13:05:23Z vmauthd[2107168]: Acquired lock for /var/run/vmware/authd_3b9df648ac1df1f9cc22917a303db689
2001-01-01T13:05:23Z vmauthd[2107168]: No such VMware process: /vmfs/volumes/3a4fd8ce-fc4375c4-effb-5cf3fce846f8/SGRL-ANS001/SGRL-ANS001.vmx
2001-01-01T13:05:23Z vmauthd[2107168]: released lock for /var/run/vmware/authd_3b9df648ac1df1f9cc22917a303db689
2001-01-01T13:05:23Z vmauthd[2107168]: Local connection for vmx-vigor failed.
2001-01-01T13:05:23Z vmauthd[2107168]: Read failed.
2001-01-01T13:05:39Z vmauthd[2107312]: Msg_SetLocaleEx: HostLocale=UTF-8 UserLocale=NULL
2001-01-01T13:05:39Z vmauthd[2107312]: Could not expand environment variable HOME.
2001-01-01T13:05:39Z vmauthd[2107312]: Could not expand environment variable HOME.
2001-01-01T13:05:39Z vmauthd[2107312]: DictionaryLoad: Cannot open file "/usr/lib/vmware/config": No such file or directory.
2001-01-01T13:05:39Z vmauthd[2107312]: DictionaryLoad: Cannot open file "~/.vmware/config": No such file or directory.
2001-01-01T13:05:39Z vmauthd[2107312]: DictionaryLoad: Cannot open file "~/.vmware/preferences": No such file or directory.
2001-01-01T13:05:39Z vmauthd[2107312]: lib/ssl: OpenSSL using FIPS_drbg for RAND
2001-01-01T13:05:39Z vmauthd[2107312]: lib/ssl: protocol list tls1.2
2001-01-01T13:05:39Z vmauthd[2107312]: lib/ssl: protocol list tls1.2 (openssl flags 0x17000000)
2001-01-01T13:05:39Z vmauthd[2107312]: lib/ssl: cipher list ECDHE+AESGCM:RSA+AESGCM:ECDHE+AES:RSA+AES
2001-01-01T13:05:39Z vmauthd[2107312]: lib/ssl: curves list prime256v1:secp384r1:secp521r1
2001-01-01T13:05:39Z vmauthd[2107312]: Connect from (local) AF_UNIX socket.
2001-01-01T13:05:39Z vmauthd[2107312]: Connect from 127.0.0.1
2001-01-01T13:05:39Z vmauthd[2107312]: local verification as root
2001-01-01T13:05:39Z vmauthd[2107312]: received CONNECT_NOSTART command: /vmfs/volumes/3a4fd8ce-fc4375c4-effb-5cf3fce846f8/VyOS-Router/VyOS-Router.vmx vmx-vigor
2001-01-01T13:05:39Z vmauthd[2107312]: Acquired lock for /var/run/vmware/authd_91ecdaacce253e6bc5c93f9dde6fab90
2001-01-01T13:05:39Z vmauthd[2107312]: No such VMware process: /vmfs/volumes/3a4fd8ce-fc4375c4-effb-5cf3fce846f8/VyOS-Router/VyOS-Router.vmx
2001-01-01T13:05:39Z vmauthd[2107312]: released lock for /var/run/vmware/authd_91ecdaacce253e6bc5c93f9dde6fab90
2001-01-01T13:05:39Z vmauthd[2107312]: Local connection for vmx-vigor failed.
2001-01-01T13:05:39Z vmauthd[2107312]: Read failed.
2001-01-01T13:05:40Z vmauthd[2107313]: Msg_SetLocaleEx: HostLocale=UTF-8 UserLocale=NULL
2001-01-01T13:05:40Z vmauthd[2107313]: Could not expand environment variable HOME.
2001-01-01T13:05:40Z vmauthd[2107313]: Could not expand environment variable HOME.
2001-01-01T13:05:40Z vmauthd[2107313]: DictionaryLoad: Cannot open file "/usr/lib/vmware/config": No such file or directory.
2001-01-01T13:05:40Z vmauthd[2107313]: DictionaryLoad: Cannot open file "~/.vmware/config": No such file or directory.
2001-01-01T13:05:40Z vmauthd[2107313]: DictionaryLoad: Cannot open file "~/.vmware/preferences": No such file or directory.
2001-01-01T13:05:40Z vmauthd[2107313]: lib/ssl: OpenSSL using FIPS_drbg for RAND
2001-01-01T13:05:40Z vmauthd[2107313]: lib/ssl: protocol list tls1.2
2001-01-01T13:05:40Z vmauthd[2107313]: lib/ssl: protocol list tls1.2 (openssl flags 0x17000000)
2001-01-01T13:05:40Z vmauthd[2107313]: lib/ssl: cipher list ECDHE+AESGCM:RSA+AESGCM:ECDHE+AES:RSA+AES
2001-01-01T13:05:40Z vmauthd[2107313]: lib/ssl: curves list prime256v1:secp384r1:secp521r1
2001-01-01T13:05:40Z vmauthd[2107313]: Connect from (local) AF_UNIX socket.
2001-01-01T13:05:40Z vmauthd[2107313]: Connect from 127.0.0.1
2001-01-01T13:05:40Z vmauthd[2107313]: local verification as root
2001-01-01T13:05:40Z vmauthd[2107313]: received CONNECT_NOSTART command: /vmfs/volumes/3a4fd8ce-fc4375c4-effb-5cf3fce846f8/SGRL-JMP001/SGRL-JMP001.vmx vmx-vigor
2001-01-01T13:05:40Z vmauthd[2107313]: Acquired lock for /var/run/vmware/authd_c4ce0adab722156d671ee3cafe1e876f
2001-01-01T13:05:40Z vmauthd[2107313]: No such VMware process: /vmfs/volumes/3a4fd8ce-fc4375c4-effb-5cf3fce846f8/SGRL-JMP001/SGRL-JMP001.vmx
2001-01-01T13:05:40Z vmauthd[2107313]: released lock for /var/run/vmware/authd_c4ce0adab722156d671ee3cafe1e876f
2001-01-01T13:05:40Z vmauthd[2107313]: Local connection for vmx-vigor failed.
2001-01-01T13:05:40Z vmauthd[2107313]: Read failed.
2001-01-01T13:05:43Z vmauthd[2107337]: Msg_SetLocaleEx: HostLocale=UTF-8 UserLocale=NULL
2001-01-01T13:05:43Z vmauthd[2107337]: Could not expand environment variable HOME.
2001-01-01T13:05:43Z vmauthd[2107337]: Could not expand environment variable HOME.
2001-01-01T13:05:43Z vmauthd[2107337]: DictionaryLoad: Cannot open file "/usr/lib/vmware/config": No such file or directory.
2001-01-01T13:05:43Z vmauthd[2107337]: DictionaryLoad: Cannot open file "~/.vmware/config": No such file or directory.
2001-01-01T13:05:43Z vmauthd[2107337]: DictionaryLoad: Cannot open file "~/.vmware/preferences": No such file or directory.
2001-01-01T13:05:43Z vmauthd[2107337]: lib/ssl: OpenSSL using FIPS_drbg for RAND
2001-01-01T13:05:43Z vmauthd[2107337]: lib/ssl: protocol list tls1.2
2001-01-01T13:05:43Z vmauthd[2107337]: lib/ssl: protocol list tls1.2 (openssl flags 0x17000000)
2001-01-01T13:05:43Z vmauthd[2107337]: lib/ssl: cipher list ECDHE+AESGCM:RSA+AESGCM:ECDHE+AES:RSA+AES
2001-01-01T13:05:43Z vmauthd[2107337]: lib/ssl: curves list prime256v1:secp384r1:secp521r1
2001-01-01T13:05:43Z vmauthd[2107337]: Connect from (local) AF_UNIX socket.
2001-01-01T13:05:43Z vmauthd[2107337]: Connect from 127.0.0.1
2001-01-01T13:05:43Z vmauthd[2107337]: local verification as root
2001-01-01T13:05:43Z vmauthd[2107337]: received CONNECT_NOSTART command: /vmfs/volumes/3a4fd8ce-fc4375c4-effb-5cf3fce846f8/OpenVPN/OpenVPN.vmx vmx-vigor
2001-01-01T13:05:43Z vmauthd[2107337]: Acquired lock for /var/run/vmware/authd_467a09f1a0efa3ab588f9f249bc6aba1
2001-01-01T13:05:43Z vmauthd[2107337]: No such VMware process: /vmfs/volumes/3a4fd8ce-fc4375c4-effb-5cf3fce846f8/OpenVPN/OpenVPN.vmx
2001-01-01T13:05:43Z vmauthd[2107337]: released lock for /var/run/vmware/authd_467a09f1a0efa3ab588f9f249bc6aba1
2001-01-01T13:05:43Z vmauthd[2107337]: Local connection for vmx-vigor failed.
2001-01-01T13:05:43Z vmauthd[2107337]: Read failed.
2001-01-01T13:05:51Z vmauthd[2107468]: Msg_SetLocaleEx: HostLocale=UTF-8 UserLocale=NULL
2001-01-01T13:05:51Z vmauthd[2107468]: Could not expand environment variable HOME.
2001-01-01T13:05:51Z vmauthd[2107468]: Could not expand environment variable HOME.
2001-01-01T13:05:51Z vmauthd[2107468]: DictionaryLoad: Cannot open file "/usr/lib/vmware/config": No such file or directory.
2001-01-01T13:05:51Z vmauthd[2107468]: DictionaryLoad: Cannot open file "~/.vmware/config": No such file or directory.
2001-01-01T13:05:51Z vmauthd[2107468]: DictionaryLoad: Cannot open file "~/.vmware/preferences": No such file or directory.
2001-01-01T13:05:51Z vmauthd[2107468]: lib/ssl: OpenSSL using FIPS_drbg for RAND
2001-01-01T13:05:51Z vmauthd[2107468]: lib/ssl: protocol list tls1.2
2001-01-01T13:05:51Z vmauthd[2107468]: lib/ssl: protocol list tls1.2 (openssl flags 0x17000000)
2001-01-01T13:05:51Z vmauthd[2107468]: lib/ssl: cipher list ECDHE+AESGCM:RSA+AESGCM:ECDHE+AES:RSA+AES
2001-01-01T13:05:51Z vmauthd[2107468]: lib/ssl: curves list prime256v1:secp384r1:secp521r1
2001-01-01T13:05:51Z vmauthd[2107468]: Connect from (local) AF_UNIX socket.
2001-01-01T13:05:51Z vmauthd[2107468]: Connect from 127.0.0.1
2001-01-01T13:05:51Z vmauthd[2107468]: local verification as root
2001-01-01T13:05:51Z vmauthd[2107468]: received CONNECT_NOSTART command: /vmfs/volumes/3a4fd8ce-fc4375c4-effb-5cf3fce846f8/SGRL-ADC001/SGRL-ADC001.vmx vmx-vigor
2001-01-01T13:05:51Z vmauthd[2107468]: Acquired lock for /var/run/vmware/authd_fa0e92f99f0bc0d4eb3b8d0ec4883621
2001-01-01T13:05:51Z vmauthd[2107468]: No such VMware process: /vmfs/volumes/3a4fd8ce-fc4375c4-effb-5cf3fce846f8/SGRL-ADC001/SGRL-ADC001.vmx
2001-01-01T13:05:51Z vmauthd[2107468]: released lock for /var/run/vmware/authd_fa0e92f99f0bc0d4eb3b8d0ec4883621
2001-01-01T13:05:51Z vmauthd[2107468]: Local connection for vmx-vigor failed.
2001-01-01T13:05:51Z vmauthd[2107468]: Read failed.
2001-01-01T13:06:22Z vmauthd[2107607]: Msg_SetLocaleEx: HostLocale=UTF-8 UserLocale=NULL
2001-01-01T13:06:22Z vmauthd[2107607]: Could not expand environment variable HOME.
2001-01-01T13:06:22Z vmauthd[2107607]: Could not expand environment variable HOME.
2001-01-01T13:06:22Z vmauthd[2107607]: DictionaryLoad: Cannot open file "/usr/lib/vmware/config": No such file or directory.
2001-01-01T13:06:22Z vmauthd[2107607]: DictionaryLoad: Cannot open file "~/.vmware/config": No such file or directory.
2001-01-01T13:06:22Z vmauthd[2107607]: DictionaryLoad: Cannot open file "~/.vmware/preferences": No such file or directory.
2001-01-01T13:06:22Z vmauthd[2107607]: lib/ssl: OpenSSL using FIPS_drbg for RAND
2001-01-01T13:06:22Z vmauthd[2107607]: lib/ssl: protocol list tls1.2
2001-01-01T13:06:22Z vmauthd[2107607]: lib/ssl: protocol list tls1.2 (openssl flags 0x17000000)
2001-01-01T13:06:22Z vmauthd[2107607]: lib/ssl: cipher list ECDHE+AESGCM:RSA+AESGCM:ECDHE+AES:RSA+AES
2001-01-01T13:06:22Z vmauthd[2107607]: lib/ssl: curves list prime256v1:secp384r1:secp521r1
2001-01-01T13:06:22Z vmauthd[2107607]: Connect from (local) AF_UNIX socket.
2001-01-01T13:06:22Z vmauthd[2107607]: Connect from 127.0.0.1
2001-01-01T13:06:22Z vmauthd[2107607]: local verification as root
2001-01-01T13:06:22Z vmauthd[2107607]: received CONNECT_NOSTART command: /vmfs/volumes/3a4fd8ce-fc4375c4-effb-5cf3fce846f8/SGRL-VCSA01/SGRL-VCSA01.vmx vmx-vigor
2001-01-01T13:06:22Z vmauthd[2107607]: Acquired lock for /var/run/vmware/authd_84500fb122bfa30daf2e457a68fcb33e
2001-01-01T13:06:22Z vmauthd[2107607]: No such VMware process: /vmfs/volumes/3a4fd8ce-fc4375c4-effb-5cf3fce846f8/SGRL-VCSA01/SGRL-VCSA01.vmx
2001-01-01T13:06:22Z vmauthd[2107607]: released lock for /var/run/vmware/authd_84500fb122bfa30daf2e457a68fcb33e
2001-01-01T13:06:22Z vmauthd[2107607]: Local connection for vmx-vigor failed.
2001-01-01T13:06:22Z vmauthd[2107607]: Read failed.
2001-11-15T02:02:54Z vmauthd[2101607]: Msg_SetLocaleEx: HostLocale=UTF-8 UserLocale=NULL
2001-11-15T02:02:54Z vmauthd[2101607]: Could not expand environment variable HOME.
2001-11-15T02:02:54Z vmauthd[2101607]: Could not expand environment variable HOME.
2001-11-15T02:02:54Z vmauthd[2101607]: DictionaryLoad: Cannot open file "/usr/lib/vmware/config": No such file or directory.
2001-11-15T02:02:54Z vmauthd[2101607]: DictionaryLoad: Cannot open file "~/.vmware/config": No such file or directory.
2001-11-15T02:02:54Z vmauthd[2101607]: DictionaryLoad: Cannot open file "~/.vmware/preferences": No such file or directory.
2001-11-15T02:02:54Z vmauthd[2101607]: lib/ssl: OpenSSL using FIPS_drbg for RAND
2001-11-15T02:02:54Z vmauthd[2101607]: lib/ssl: protocol list tls1.2
2001-11-15T02:02:54Z vmauthd[2101607]: lib/ssl: protocol list tls1.2 (openssl flags 0x17000000)
2001-11-15T02:02:54Z vmauthd[2101607]: lib/ssl: cipher list ECDHE+AESGCM:RSA+AESGCM:ECDHE+AES:RSA+AES
2001-11-15T02:02:54Z vmauthd[2101607]: lib/ssl: curves list prime256v1:secp384r1:secp521r1
2001-11-15T02:02:54Z vmauthd[2101607]: Connect from (local) AF_UNIX socket.
2001-11-15T02:02:54Z vmauthd[2101607]: Connect from 127.0.0.1
2001-11-15T02:02:54Z vmauthd[2101607]: local verification as root
2001-11-15T02:02:54Z vmauthd[2101607]: received CONNECT_NOSTART command: /vmfs/volumes/3a4fd8ce-fc4375c4-effb-5cf3fce846f8/SGRL-ADC001/SGRL-ADC001.vmx vmx-vigor
2001-11-15T02:02:54Z vmauthd[2101607]: Acquired lock for /var/run/vmware/authd_fa0e92f99f0bc0d4eb3b8d0ec4883621
2001-11-15T02:02:54Z vmauthd[2101607]: No such VMware process: /vmfs/volumes/3a4fd8ce-fc4375c4-effb-5cf3fce846f8/SGRL-ADC001/SGRL-ADC001.vmx
2001-11-15T02:02:54Z vmauthd[2101607]: released lock for /var/run/vmware/authd_fa0e92f99f0bc0d4eb3b8d0ec4883621
2001-11-15T02:02:54Z vmauthd[2101607]: Local connection for vmx-vigor failed.
2001-11-15T02:02:54Z vmauthd[2101607]: Read failed.
2001-11-15T02:37:29Z vmauthd[2102681]: Msg_SetLocaleEx: HostLocale=UTF-8 UserLocale=NULL
2001-11-15T02:37:29Z vmauthd[2102681]: Could not expand environment variable HOME.
2001-11-15T02:37:29Z vmauthd[2102681]: Could not expand environment variable HOME.
2001-11-15T02:37:29Z vmauthd[2102681]: DictionaryLoad: Cannot open file "/usr/lib/vmware/config": No such file or directory.
2001-11-15T02:37:29Z vmauthd[2102681]: DictionaryLoad: Cannot open file "~/.vmware/config": No such file or directory.
2001-11-15T02:37:29Z vmauthd[2102681]: DictionaryLoad: Cannot open file "~/.vmware/preferences": No such file or directory.
2001-11-15T02:37:29Z vmauthd[2102681]: lib/ssl: OpenSSL using FIPS_drbg for RAND
2001-11-15T02:37:29Z vmauthd[2102681]: lib/ssl: protocol list tls1.2
2001-11-15T02:37:29Z vmauthd[2102681]: lib/ssl: protocol list tls1.2 (openssl flags 0x17000000)
2001-11-15T02:37:29Z vmauthd[2102681]: lib/ssl: cipher list ECDHE+AESGCM:RSA+AESGCM:ECDHE+AES:RSA+AES
2001-11-15T02:37:29Z vmauthd[2102681]: lib/ssl: curves list prime256v1:secp384r1:secp521r1
2001-11-15T02:37:29Z vmauthd[2102681]: Connect from (local) AF_UNIX socket.
2001-11-15T02:37:29Z vmauthd[2102681]: Connect from 127.0.0.1
2001-11-15T02:37:29Z vmauthd[2102681]: local verification as root
2001-11-15T02:37:29Z vmauthd[2102681]: received CONNECT_NOSTART command: /vmfs/volumes/3a4fd8ce-fc4375c4-effb-5cf3fce846f8/SGRL-VCSA001/SGRL-VCSA001.vmx vmx-vigor
2001-11-15T02:37:29Z vmauthd[2102681]: Acquired lock for /var/run/vmware/authd_e00270a941243db6ec681373dcb839da
2001-11-15T02:37:29Z vmauthd[2102681]: No such VMware process: /vmfs/volumes/3a4fd8ce-fc4375c4-effb-5cf3fce846f8/SGRL-VCSA001/SGRL-VCSA001.vmx
2001-11-15T02:37:29Z vmauthd[2102681]: released lock for /var/run/vmware/authd_e00270a941243db6ec681373dcb839da
2001-11-15T02:37:29Z vmauthd[2102681]: Local connection for vmx-vigor failed.
2001-11-15T02:37:29Z vmauthd[2102681]: Read failed.
2001-11-15T02:37:29Z vmauthd[2102682]: Msg_SetLocaleEx: HostLocale=UTF-8 UserLocale=NULL
2001-11-15T02:37:29Z vmauthd[2102682]: Could not expand environment variable HOME.
2001-11-15T02:37:29Z vmauthd[2102682]: Could not expand environment variable HOME.
2001-11-15T02:37:29Z vmauthd[2102682]: DictionaryLoad: Cannot open file "/usr/lib/vmware/config": No such file or directory.
2001-11-15T02:37:29Z vmauthd[2102682]: DictionaryLoad: Cannot open file "~/.vmware/config": No such file or directory.
2001-11-15T02:37:29Z vmauthd[2102682]: DictionaryLoad: Cannot open file "~/.vmware/preferences": No such file or directory.
2001-11-15T02:37:29Z vmauthd[2102682]: lib/ssl: OpenSSL using FIPS_drbg for RAND
2001-11-15T02:37:29Z vmauthd[2102682]: lib/ssl: protocol list tls1.2
2001-11-15T02:37:29Z vmauthd[2102682]: lib/ssl: protocol list tls1.2 (openssl flags 0x17000000)
2001-11-15T02:37:29Z vmauthd[2102682]: lib/ssl: cipher list ECDHE+AESGCM:RSA+AESGCM:ECDHE+AES:RSA+AES
2001-11-15T02:37:29Z vmauthd[2102682]: lib/ssl: curves list prime256v1:secp384r1:secp521r1
2001-11-15T02:37:29Z vmauthd[2102682]: Connect from (local) AF_UNIX socket.
2001-11-15T02:37:29Z vmauthd[2102682]: Connect from 127.0.0.1
2001-11-15T02:37:29Z vmauthd[2102682]: local verification as root
2001-11-15T02:37:29Z vmauthd[2102682]: received CONNECT_NOSTART command: /vmfs/volumes/3a4fd8ce-fc4375c4-effb-5cf3fce846f8/SGRL-NSX001/SGRL-NSX001.vmx vmx-vigor
2001-11-15T02:37:29Z vmauthd[2102682]: Acquired lock for /var/run/vmware/authd_b514a3faae5fd69bef63d875e0a2318a
2001-11-15T02:37:29Z vmauthd[2102682]: No such VMware process: /vmfs/volumes/3a4fd8ce-fc4375c4-effb-5cf3fce846f8/SGRL-NSX001/SGRL-NSX001.vmx
2001-11-15T02:37:29Z vmauthd[2102682]: released lock for /var/run/vmware/authd_b514a3faae5fd69bef63d875e0a2318a
2001-11-15T02:37:29Z vmauthd[2102682]: Local connection for vmx-vigor failed.
2001-11-15T02:37:29Z vmauthd[2102682]: Read failed.
2001-11-15T02:39:29Z vmauthd[2102819]: Msg_SetLocaleEx: HostLocale=UTF-8 UserLocale=NULL
2001-11-15T02:39:29Z vmauthd[2102819]: Could not expand environment variable HOME.
2001-11-15T02:39:29Z vmauthd[2102819]: Could not expand environment variable HOME.
2001-11-15T02:39:29Z vmauthd[2102819]: DictionaryLoad: Cannot open file "/usr/lib/vmware/config": No such file or directory.
2001-11-15T02:39:29Z vmauthd[2102819]: DictionaryLoad: Cannot open file "~/.vmware/config": No such file or directory.
2001-11-15T02:39:29Z vmauthd[2102819]: DictionaryLoad: Cannot open file "~/.vmware/preferences": No such file or directory.
2001-11-15T02:39:29Z vmauthd[2102819]: lib/ssl: OpenSSL using FIPS_drbg for RAND
2001-11-15T02:39:29Z vmauthd[2102819]: lib/ssl: protocol list tls1.2
2001-11-15T02:39:29Z vmauthd[2102819]: lib/ssl: protocol list tls1.2 (openssl flags 0x17000000)
2001-11-15T02:39:29Z vmauthd[2102819]: lib/ssl: cipher list ECDHE+AESGCM:RSA+AESGCM:ECDHE+AES:RSA+AES
2001-11-15T02:39:29Z vmauthd[2102819]: lib/ssl: curves list prime256v1:secp384r1:secp521r1
2001-11-15T02:39:29Z vmauthd[2102819]: Connect from (local) AF_UNIX socket.
2001-11-15T02:39:29Z vmauthd[2102819]: Connect from 127.0.0.1
2001-11-15T02:39:29Z vmauthd[2102819]: local verification as root
2001-11-15T02:39:29Z vmauthd[2102819]: received CONNECT_NOSTART command: /vmfs/volumes/3a4fd8ce-fc4375c4-effb-5cf3fce846f8/SGRL-VCSA01/SGRL-VCSA01.vmx vmx-vigor
2001-11-15T02:39:29Z vmauthd[2102819]: Acquired lock for /var/run/vmware/authd_84500fb122bfa30daf2e457a68fcb33e
2001-11-15T02:39:29Z vmauthd[2102819]: No such VMware process: /vmfs/volumes/3a4fd8ce-fc4375c4-effb-5cf3fce846f8/SGRL-VCSA01/SGRL-VCSA01.vmx
2001-11-15T02:39:29Z vmauthd[2102819]: released lock for /var/run/vmware/authd_84500fb122bfa30daf2e457a68fcb33e
2001-11-15T02:39:29Z vmauthd[2102819]: Local connection for vmx-vigor failed.
2001-11-15T02:39:29Z vmauthd[2102819]: Read failed.
2001-11-15T03:08:41Z vmauthd[2103645]: Msg_SetLocaleEx: HostLocale=UTF-8 UserLocale=NULL
2001-11-15T03:08:41Z vmauthd[2103645]: Could not expand environment variable HOME.
2001-11-15T03:08:41Z vmauthd[2103645]: Could not expand environment variable HOME.
2001-11-15T03:08:41Z vmauthd[2103645]: DictionaryLoad: Cannot open file "/usr/lib/vmware/config": No such file or directory.
2001-11-15T03:08:41Z vmauthd[2103645]: DictionaryLoad: Cannot open file "~/.vmware/config": No such file or directory.
2001-11-15T03:08:41Z vmauthd[2103645]: DictionaryLoad: Cannot open file "~/.vmware/preferences": No such file or directory.
2001-11-15T03:08:41Z vmauthd[2103645]: lib/ssl: OpenSSL using FIPS_drbg for RAND
2001-11-15T03:08:41Z vmauthd[2103645]: lib/ssl: protocol list tls1.2
2001-11-15T03:08:41Z vmauthd[2103645]: lib/ssl: protocol list tls1.2 (openssl flags 0x17000000)
2001-11-15T03:08:41Z vmauthd[2103645]: lib/ssl: cipher list ECDHE+AESGCM:RSA+AESGCM:ECDHE+AES:RSA+AES
2001-11-15T03:08:41Z vmauthd[2103645]: lib/ssl: curves list prime256v1:secp384r1:secp521r1
2001-11-15T03:08:41Z vmauthd[2103645]: Connect from (local) AF_UNIX socket.
2001-11-15T03:08:41Z vmauthd[2103645]: Connect from 127.0.0.1
2001-11-15T03:08:41Z vmauthd[2103645]: local verification as root
2001-11-15T03:08:41Z vmauthd[2103645]: received CONNECT_NOSTART command: /vmfs/volumes/3a4fd8ce-fc4375c4-effb-5cf3fce846f8/VyOS-Router/VyOS-Router.vmx vmx-vigor
2001-11-15T03:08:41Z vmauthd[2103645]: Acquired lock for /var/run/vmware/authd_91ecdaacce253e6bc5c93f9dde6fab90
2001-11-15T03:08:41Z vmauthd[2103645]: No such VMware process: /vmfs/volumes/3a4fd8ce-fc4375c4-effb-5cf3fce846f8/VyOS-Router/VyOS-Router.vmx
2001-11-15T03:08:41Z vmauthd[2103645]: released lock for /var/run/vmware/authd_91ecdaacce253e6bc5c93f9dde6fab90
2001-11-15T03:08:41Z vmauthd[2103645]: Local connection for vmx-vigor failed.
2001-11-15T03:08:41Z vmauthd[2103645]: Read failed.
2001-11-15T03:08:47Z vmauthd[2103767]: Msg_SetLocaleEx: HostLocale=UTF-8 UserLocale=NULL
2001-11-15T03:08:47Z vmauthd[2103767]: Could not expand environment variable HOME.
2001-11-15T03:08:47Z vmauthd[2103767]: Could not expand environment variable HOME.
2001-11-15T03:08:47Z vmauthd[2103767]: DictionaryLoad: Cannot open file "/usr/lib/vmware/config": No such file or directory.
2001-11-15T03:08:47Z vmauthd[2103767]: DictionaryLoad: Cannot open file "~/.vmware/config": No such file or directory.
2001-11-15T03:08:47Z vmauthd[2103767]: DictionaryLoad: Cannot open file "~/.vmware/preferences": No such file or directory.
2001-11-15T03:08:47Z vmauthd[2103767]: lib/ssl: OpenSSL using FIPS_drbg for RAND
2001-11-15T03:08:47Z vmauthd[2103767]: lib/ssl: protocol list tls1.2
2001-11-15T03:08:47Z vmauthd[2103767]: lib/ssl: protocol list tls1.2 (openssl flags 0x17000000)
2001-11-15T03:08:47Z vmauthd[2103767]: lib/ssl: cipher list ECDHE+AESGCM:RSA+AESGCM:ECDHE+AES:RSA+AES
2001-11-15T03:08:47Z vmauthd[2103767]: lib/ssl: curves list prime256v1:secp384r1:secp521r1
2001-11-15T03:08:47Z vmauthd[2103767]: Connect from (local) AF_UNIX socket.
2001-11-15T03:08:47Z vmauthd[2103767]: Connect from 127.0.0.1
2001-11-15T03:08:47Z vmauthd[2103767]: local verification as root
2001-11-15T03:08:47Z vmauthd[2103767]: received CONNECT_NOSTART command: /vmfs/volumes/3a4fd8ce-fc4375c4-effb-5cf3fce846f8/SGRL-VCSA001/SGRL-VCSA001.vmx vmx-vigor
2001-11-15T03:08:47Z vmauthd[2103767]: Acquired lock for /var/run/vmware/authd_e00270a941243db6ec681373dcb839da
2001-11-15T03:08:47Z vmauthd[2103767]: No such VMware process: /vmfs/volumes/3a4fd8ce-fc4375c4-effb-5cf3fce846f8/SGRL-VCSA001/SGRL-VCSA001.vmx
2001-11-15T03:08:47Z vmauthd[2103767]: released lock for /var/run/vmware/authd_e00270a941243db6ec681373dcb839da
2001-11-15T03:08:47Z vmauthd[2103767]: Local connection for vmx-vigor failed.
2001-11-15T03:08:47Z vmauthd[2103767]: Read failed.
2001-11-15T03:09:37Z vmauthd[2103910]: Msg_SetLocaleEx: HostLocale=UTF-8 UserLocale=NULL
2001-11-15T03:09:37Z vmauthd[2103910]: Could not expand environment variable HOME.
2001-11-15T03:09:37Z vmauthd[2103910]: Could not expand environment variable HOME.
2001-11-15T03:09:37Z vmauthd[2103910]: DictionaryLoad: Cannot open file "/usr/lib/vmware/config": No such file or directory.
2001-11-15T03:09:37Z vmauthd[2103910]: DictionaryLoad: Cannot open file "~/.vmware/config": No such file or directory.
2001-11-15T03:09:37Z vmauthd[2103910]: DictionaryLoad: Cannot open file "~/.vmware/preferences": No such file or directory.
2001-11-15T03:09:37Z vmauthd[2103910]: lib/ssl: OpenSSL using FIPS_drbg for RAND
2001-11-15T03:09:37Z vmauthd[2103910]: lib/ssl: protocol list tls1.2
2001-11-15T03:09:37Z vmauthd[2103910]: lib/ssl: protocol list tls1.2 (openssl flags 0x17000000)
2001-11-15T03:09:37Z vmauthd[2103910]: lib/ssl: cipher list ECDHE+AESGCM:RSA+AESGCM:ECDHE+AES:RSA+AES
2001-11-15T03:09:37Z vmauthd[2103910]: lib/ssl: curves list prime256v1:secp384r1:secp521r1
2001-11-15T03:09:37Z vmauthd[2103910]: Connect from (local) AF_UNIX socket.
2001-11-15T03:09:37Z vmauthd[2103910]: Connect from 127.0.0.1
2001-11-15T03:09:37Z vmauthd[2103910]: local verification as root
2001-11-15T03:09:37Z vmauthd[2103910]: received CONNECT_NOSTART command: /vmfs/volumes/3a4fd8ce-fc4375c4-effb-5cf3fce846f8/SGRL-ADC001/SGRL-ADC001.vmx vmx-vigor
2001-11-15T03:09:37Z vmauthd[2103910]: Acquired lock for /var/run/vmware/authd_fa0e92f99f0bc0d4eb3b8d0ec4883621
2001-11-15T03:09:37Z vmauthd[2103910]: No such VMware process: /vmfs/volumes/3a4fd8ce-fc4375c4-effb-5cf3fce846f8/SGRL-ADC001/SGRL-ADC001.vmx
2001-11-15T03:09:37Z vmauthd[2103910]: released lock for /var/run/vmware/authd_fa0e92f99f0bc0d4eb3b8d0ec4883621
2001-11-15T03:09:37Z vmauthd[2103910]: Local connection for vmx-vigor failed.
2001-11-15T03:09:37Z vmauthd[2103910]: Read failed.
2001-11-15T03:12:08Z vmauthd[2104077]: Msg_SetLocaleEx: HostLocale=UTF-8 UserLocale=NULL
2001-11-15T03:12:08Z vmauthd[2104077]: Could not expand environment variable HOME.
2001-11-15T03:12:08Z vmauthd[2104077]: Could not expand environment variable HOME.
2001-11-15T03:12:08Z vmauthd[2104077]: DictionaryLoad: Cannot open file "/usr/lib/vmware/config": No such file or directory.
2001-11-15T03:12:08Z vmauthd[2104077]: DictionaryLoad: Cannot open file "~/.vmware/config": No such file or directory.
2001-11-15T03:12:08Z vmauthd[2104077]: DictionaryLoad: Cannot open file "~/.vmware/preferences": No such file or directory.
2001-11-15T03:12:08Z vmauthd[2104077]: lib/ssl: OpenSSL using FIPS_drbg for RAND
2001-11-15T03:12:08Z vmauthd[2104077]: lib/ssl: protocol list tls1.2
2001-11-15T03:12:08Z vmauthd[2104077]: lib/ssl: protocol list tls1.2 (openssl flags 0x17000000)
2001-11-15T03:12:08Z vmauthd[2104077]: lib/ssl: cipher list ECDHE+AESGCM:RSA+AESGCM:ECDHE+AES:RSA+AES
2001-11-15T03:12:08Z vmauthd[2104077]: lib/ssl: curves list prime256v1:secp384r1:secp521r1
2001-11-15T03:12:08Z vmauthd[2104077]: Connect from (local) AF_UNIX socket.
2001-11-15T03:12:08Z vmauthd[2104077]: Connect from 127.0.0.1
2001-11-15T03:12:08Z vmauthd[2104077]: local verification as root
2001-11-15T03:12:08Z vmauthd[2104077]: received CONNECT_NOSTART command: /vmfs/volumes/3a4fd8ce-fc4375c4-effb-5cf3fce846f8/SGRL-JMP001/SGRL-JMP001.vmx vmx-vigor
2001-11-15T03:12:08Z vmauthd[2104077]: Acquired lock for /var/run/vmware/authd_c4ce0adab722156d671ee3cafe1e876f
2001-11-15T03:12:08Z vmauthd[2104077]: No such VMware process: /vmfs/volumes/3a4fd8ce-fc4375c4-effb-5cf3fce846f8/SGRL-JMP001/SGRL-JMP001.vmx
2001-11-15T03:12:08Z vmauthd[2104077]: released lock for /var/run/vmware/authd_c4ce0adab722156d671ee3cafe1e876f
2001-11-15T03:12:08Z vmauthd[2104077]: Local connection for vmx-vigor failed.
2001-11-15T03:12:08Z vmauthd[2104077]: Read failed.
2025-11-15T01:43:59Z vmauthd[2100857]: Msg_SetLocaleEx: HostLocale=UTF-8 UserLocale=NULL
2025-11-15T01:43:59Z vmauthd[2100857]: Could not expand environment variable HOME.
2025-11-15T01:43:59Z vmauthd[2100857]: Could not expand environment variable HOME.
2025-11-15T01:43:59Z vmauthd[2100857]: DictionaryLoad: Cannot open file "/usr/lib/vmware/config": No such file or directory.
2025-11-15T01:43:59Z vmauthd[2100857]: DictionaryLoad: Cannot open file "~/.vmware/config": No such file or directory.
2025-11-15T01:43:59Z vmauthd[2100857]: DictionaryLoad: Cannot open file "~/.vmware/preferences": No such file or directory.
2025-11-15T01:43:59Z vmauthd[2100857]: lib/ssl: OpenSSL using FIPS_drbg for RAND
2025-11-15T01:43:59Z vmauthd[2100857]: lib/ssl: protocol list tls1.2
2025-11-15T01:43:59Z vmauthd[2100857]: lib/ssl: protocol list tls1.2 (openssl flags 0x17000000)
2025-11-15T01:43:59Z vmauthd[2100857]: lib/ssl: cipher list ECDHE+AESGCM:RSA+AESGCM:ECDHE+AES:RSA+AES
2025-11-15T01:43:59Z vmauthd[2100857]: lib/ssl: curves list prime256v1:secp384r1:secp521r1
2025-11-15T01:43:59Z vmauthd[2100857]: Connect from remote socket (192.168.1.2:57122).
2025-11-15T01:43:59Z vmauthd[2100857]: Connect from 192.168.1.2
2025-11-15T01:43:59Z vmauthd[2100857]: FILE: FileCreateDirectoryEx: Failed to create /var/run/vmware/tickets/. Error = 17
2025-11-15T01:43:59Z vmauthd[2100857]: FILE: FileCreateDirectoryEx: Failed to create /var/run/vmware/tickets/. Error = 17
2025-11-15T01:43:59Z vmauthd[2100857]: local verification as root
2025-11-15T01:43:59Z vmauthd[2100857]: login from 192.168.1.2 as 5298fe13-212f-3c32-c3eb-5628965b4fe4
2025-11-15T01:43:59Z vmauthd[2100857]: received CONNECT command: /vmfs/volumes/3a4fd8ce-fc4375c4-effb-5cf3fce846f8/SGRL-NSX001/SGRL-NSX001.vmx mks
2025-11-15T01:43:59Z vmauthd[2100857]: Acquired lock for /var/run/vmware/authd_b514a3faae5fd69bef63d875e0a2318a
2025-11-15T01:43:59Z vmauthd[2100857]: /vmfs/volumes/3a4fd8ce-fc4375c4-effb-5cf3fce846f8/SGRL-NSX001/SGRL-NSX001.vmx: Connected to mks-fd, remote end sent pid: 2100381
2025-11-15T01:43:59Z vmauthd[2100857]: released lock for /var/run/vmware/authd_b514a3faae5fd69bef63d875e0a2318a
2025-11-15T01:43:59Z vmauthd[2100857]: Local connection for mks established.
2025-11-15T01:45:06Z vmauthd[2100870]: Msg_SetLocaleEx: HostLocale=UTF-8 UserLocale=NULL
2025-11-15T01:45:06Z vmauthd[2100870]: Could not expand environment variable HOME.
2025-11-15T01:45:06Z vmauthd[2100870]: Could not expand environment variable HOME.
2025-11-15T01:45:06Z vmauthd[2100870]: DictionaryLoad: Cannot open file "/usr/lib/vmware/config": No such file or directory.
2025-11-15T01:45:06Z vmauthd[2100870]: DictionaryLoad: Cannot open file "~/.vmware/config": No such file or directory.
2025-11-15T01:45:06Z vmauthd[2100870]: DictionaryLoad: Cannot open file "~/.vmware/preferences": No such file or directory.
2025-11-15T01:45:06Z vmauthd[2100870]: lib/ssl: OpenSSL using FIPS_drbg for RAND
2025-11-15T01:45:06Z vmauthd[2100870]: lib/ssl: protocol list tls1.2
2025-11-15T01:45:06Z vmauthd[2100870]: lib/ssl: protocol list tls1.2 (openssl flags 0x17000000)
2025-11-15T01:45:06Z vmauthd[2100870]: lib/ssl: cipher list ECDHE+AESGCM:RSA+AESGCM:ECDHE+AES:RSA+AES
2025-11-15T01:45:06Z vmauthd[2100870]: lib/ssl: curves list prime256v1:secp384r1:secp521r1
2025-11-15T01:45:06Z vmauthd[2100870]: Connect from remote socket (192.168.1.2:57680).
2025-11-15T01:45:06Z vmauthd[2100870]: Connect from 192.168.1.2
2025-11-15T01:45:06Z vmauthd[2100870]: Received PROXY command for vpxa-nfcssl, session = 52 e1 c2 a4 c8 ea 02 8e-e3 0a 02 f8 7b 8c 84 d2
2025-11-15T01:45:06Z vmauthd[2100870]: vmware-vpxa: Connected to vpxa-nfcssl-fd, remote end sent pid: 2099329
2025-11-15T02:06:23Z vmauthd[2101263]: Msg_SetLocaleEx: HostLocale=UTF-8 UserLocale=NULL
2025-11-15T02:06:23Z vmauthd[2101263]: Could not expand environment variable HOME.
2025-11-15T02:06:23Z vmauthd[2101263]: Could not expand environment variable HOME.
2025-11-15T02:06:23Z vmauthd[2101263]: DictionaryLoad: Cannot open file "/usr/lib/vmware/config": No such file or directory.
2025-11-15T02:06:23Z vmauthd[2101263]: DictionaryLoad: Cannot open file "~/.vmware/config": No such file or directory.
2025-11-15T02:06:23Z vmauthd[2101263]: DictionaryLoad: Cannot open file "~/.vmware/preferences": No such file or directory.
2025-11-15T02:06:23Z vmauthd[2101263]: lib/ssl: OpenSSL using FIPS_drbg for RAND
2025-11-15T02:06:23Z vmauthd[2101263]: lib/ssl: protocol list tls1.2
2025-11-15T02:06:23Z vmauthd[2101263]: lib/ssl: protocol list tls1.2 (openssl flags 0x17000000)
2025-11-15T02:06:23Z vmauthd[2101263]: lib/ssl: cipher list ECDHE+AESGCM:RSA+AESGCM:ECDHE+AES:RSA+AES
2025-11-15T02:06:23Z vmauthd[2101263]: lib/ssl: curves list prime256v1:secp384r1:secp521r1
2025-11-15T02:06:23Z vmauthd[2101263]: Connect from remote socket (192.168.1.2:34022).
2025-11-15T02:06:23Z vmauthd[2101263]: Connect from 192.168.1.2
2025-11-15T02:06:23Z vmauthd[2101263]: FILE: FileCreateDirectoryEx: Failed to create /var/run/vmware/tickets/. Error = 17
2025-11-15T02:06:23Z vmauthd[2101263]: FILE: FileCreateDirectoryEx: Failed to create /var/run/vmware/tickets/. Error = 17
2025-11-15T02:06:23Z vmauthd[2101263]: local verification as root
2025-11-15T02:06:23Z vmauthd[2101263]: login from 192.168.1.2 as 5274d835-63b9-152e-b73e-47b3c0214fe8
2025-11-15T02:06:23Z vmauthd[2101263]: received CONNECT command: /vmfs/volumes/3a4fd8ce-fc4375c4-effb-5cf3fce846f8/SGRL-JMP001/SGRL-JMP001.vmx mks
2025-11-15T02:06:23Z vmauthd[2101263]: Acquired lock for /var/run/vmware/authd_c4ce0adab722156d671ee3cafe1e876f
2025-11-15T02:06:23Z vmauthd[2101263]: /vmfs/volumes/3a4fd8ce-fc4375c4-effb-5cf3fce846f8/SGRL-JMP001/SGRL-JMP001.vmx: Connected to mks-fd, remote end sent pid: 2101118
2025-11-15T02:06:23Z vmauthd[2101263]: released lock for /var/run/vmware/authd_c4ce0adab722156d671ee3cafe1e876f
2025-11-15T02:06:23Z vmauthd[2101263]: Local connection for mks established.
2025-11-15T02:44:27Z vmauthd[2101550]: Msg_SetLocaleEx: HostLocale=UTF-8 UserLocale=NULL
2025-11-15T02:44:27Z vmauthd[2101550]: Could not expand environment variable HOME.
2025-11-15T02:44:27Z vmauthd[2101550]: Could not expand environment variable HOME.
2025-11-15T02:44:27Z vmauthd[2101550]: DictionaryLoad: Cannot open file "/usr/lib/vmware/config": No such file or directory.
2025-11-15T02:44:27Z vmauthd[2101550]: DictionaryLoad: Cannot open file "~/.vmware/config": No such file or directory.
2025-11-15T02:44:27Z vmauthd[2101550]: DictionaryLoad: Cannot open file "~/.vmware/preferences": No such file or directory.
2025-11-15T02:44:27Z vmauthd[2101550]: lib/ssl: OpenSSL using FIPS_drbg for RAND
2025-11-15T02:44:27Z vmauthd[2101550]: lib/ssl: protocol list tls1.2
2025-11-15T02:44:27Z vmauthd[2101550]: lib/ssl: protocol list tls1.2 (openssl flags 0x17000000)
2025-11-15T02:44:27Z vmauthd[2101550]: lib/ssl: cipher list ECDHE+AESGCM:RSA+AESGCM:ECDHE+AES:RSA+AES
2025-11-15T02:44:27Z vmauthd[2101550]: lib/ssl: curves list prime256v1:secp384r1:secp521r1
2025-11-15T02:44:27Z vmauthd[2101550]: Connect from (local) AF_UNIX socket.
2025-11-15T02:44:27Z vmauthd[2101550]: Connect from 127.0.0.1
2025-11-15T02:44:27Z vmauthd[2101550]: local verification as root
2025-11-15T02:44:27Z vmauthd[2101550]: received CONNECT_NOSTART command: /vmfs/volumes/3a4fd8ce-fc4375c4-effb-5cf3fce846f8/SGRL-ADC001/SGRL-ADC001.vmx vmx-vigor
2025-11-15T02:44:27Z vmauthd[2101550]: Acquired lock for /var/run/vmware/authd_fa0e92f99f0bc0d4eb3b8d0ec4883621
2025-11-15T02:44:27Z vmauthd[2101550]: No such VMware process: /vmfs/volumes/3a4fd8ce-fc4375c4-effb-5cf3fce846f8/SGRL-ADC001/SGRL-ADC001.vmx
2025-11-15T02:44:27Z vmauthd[2101550]: released lock for /var/run/vmware/authd_fa0e92f99f0bc0d4eb3b8d0ec4883621
2025-11-15T02:44:27Z vmauthd[2101550]: Local connection for vmx-vigor failed.
2025-11-15T02:44:27Z vmauthd[2101550]: Read failed.
2025-11-15T02:45:28Z vmauthd[2101692]: Msg_SetLocaleEx: HostLocale=UTF-8 UserLocale=NULL
2025-11-15T02:45:28Z vmauthd[2101692]: Could not expand environment variable HOME.
2025-11-15T02:45:28Z vmauthd[2101692]: Could not expand environment variable HOME.
2025-11-15T02:45:28Z vmauthd[2101692]: DictionaryLoad: Cannot open file "/usr/lib/vmware/config": No such file or directory.
2025-11-15T02:45:28Z vmauthd[2101692]: DictionaryLoad: Cannot open file "~/.vmware/config": No such file or directory.
2025-11-15T02:45:28Z vmauthd[2101692]: DictionaryLoad: Cannot open file "~/.vmware/preferences": No such file or directory.
2025-11-15T02:45:28Z vmauthd[2101692]: lib/ssl: OpenSSL using FIPS_drbg for RAND
2025-11-15T02:45:28Z vmauthd[2101692]: lib/ssl: protocol list tls1.2
2025-11-15T02:45:28Z vmauthd[2101692]: lib/ssl: protocol list tls1.2 (openssl flags 0x17000000)
2025-11-15T02:45:28Z vmauthd[2101692]: lib/ssl: cipher list ECDHE+AESGCM:RSA+AESGCM:ECDHE+AES:RSA+AES
2025-11-15T02:45:28Z vmauthd[2101692]: lib/ssl: curves list prime256v1:secp384r1:secp521r1
2025-11-15T02:45:28Z vmauthd[2101692]: Connect from remote socket (192.168.1.2:41866).
2025-11-15T02:45:28Z vmauthd[2101692]: Connect from 192.168.1.2
2025-11-15T02:45:28Z vmauthd[2101692]: FILE: FileCreateDirectoryEx: Failed to create /var/run/vmware/tickets/. Error = 17
2025-11-15T02:45:28Z vmauthd[2101692]: FILE: FileCreateDirectoryEx: Failed to create /var/run/vmware/tickets/. Error = 17
2025-11-15T02:45:28Z vmauthd[2101692]: local verification as root
2025-11-15T02:45:28Z vmauthd[2101692]: login from 192.168.1.2 as 52cee7c7-6c48-62f2-a7b5-dae5ac6617cb
2025-11-15T02:45:28Z vmauthd[2101692]: received CONNECT command: /vmfs/volumes/3a4fd8ce-fc4375c4-effb-5cf3fce846f8/SGRL-JMP001/SGRL-JMP001.vmx mks
2025-11-15T02:45:28Z vmauthd[2101692]: Acquired lock for /var/run/vmware/authd_c4ce0adab722156d671ee3cafe1e876f
2025-11-15T02:45:28Z vmauthd[2101692]: /vmfs/volumes/3a4fd8ce-fc4375c4-effb-5cf3fce846f8/SGRL-JMP001/SGRL-JMP001.vmx: Connected to mks-fd, remote end sent pid: 2101118
2025-11-15T02:45:28Z vmauthd[2101692]: released lock for /var/run/vmware/authd_c4ce0adab722156d671ee3cafe1e876f
2025-11-15T02:45:28Z vmauthd[2101692]: Local connection for mks established.
2025-11-15T02:49:08Z vmauthd[2101840]: Msg_SetLocaleEx: HostLocale=UTF-8 UserLocale=NULL
2025-11-15T02:49:08Z vmauthd[2101840]: Could not expand environment variable HOME.
2025-11-15T02:49:08Z vmauthd[2101840]: Could not expand environment variable HOME.
2025-11-15T02:49:08Z vmauthd[2101840]: DictionaryLoad: Cannot open file "/usr/lib/vmware/config": No such file or directory.
2025-11-15T02:49:08Z vmauthd[2101840]: DictionaryLoad: Cannot open file "~/.vmware/config": No such file or directory.
2025-11-15T02:49:08Z vmauthd[2101840]: DictionaryLoad: Cannot open file "~/.vmware/preferences": No such file or directory.
2025-11-15T02:49:08Z vmauthd[2101840]: lib/ssl: OpenSSL using FIPS_drbg for RAND
2025-11-15T02:49:08Z vmauthd[2101840]: lib/ssl: protocol list tls1.2
2025-11-15T02:49:08Z vmauthd[2101840]: lib/ssl: protocol list tls1.2 (openssl flags 0x17000000)
2025-11-15T02:49:08Z vmauthd[2101840]: lib/ssl: cipher list ECDHE+AESGCM:RSA+AESGCM:ECDHE+AES:RSA+AES
2025-11-15T02:49:08Z vmauthd[2101840]: lib/ssl: curves list prime256v1:secp384r1:secp521r1
2025-11-15T02:49:08Z vmauthd[2101840]: Connect from remote socket (192.168.1.2:42756).
2025-11-15T02:49:08Z vmauthd[2101840]: Connect from 192.168.1.2
2025-11-15T02:49:08Z vmauthd[2101840]: FILE: FileCreateDirectoryEx: Failed to create /var/run/vmware/tickets/. Error = 17
2025-11-15T02:49:08Z vmauthd[2101840]: FILE: FileCreateDirectoryEx: Failed to create /var/run/vmware/tickets/. Error = 17
2025-11-15T02:49:08Z vmauthd[2101840]: local verification as root
2025-11-15T02:49:08Z vmauthd[2101840]: login from 192.168.1.2 as 52d10c4e-6c5e-c662-c742-2c9919e788b2
2025-11-15T02:49:08Z vmauthd[2101840]: received CONNECT command: /vmfs/volumes/3a4fd8ce-fc4375c4-effb-5cf3fce846f8/SGRL-ADC001/SGRL-ADC001.vmx mks
2025-11-15T02:49:08Z vmauthd[2101840]: Acquired lock for /var/run/vmware/authd_fa0e92f99f0bc0d4eb3b8d0ec4883621
2025-11-15T02:49:08Z vmauthd[2101840]: /vmfs/volumes/3a4fd8ce-fc4375c4-effb-5cf3fce846f8/SGRL-ADC001/SGRL-ADC001.vmx: Connected to mks-fd, remote end sent pid: 2101696
2025-11-15T02:49:08Z vmauthd[2101840]: released lock for /var/run/vmware/authd_fa0e92f99f0bc0d4eb3b8d0ec4883621
2025-11-15T02:49:08Z vmauthd[2101840]: Local connection for mks established.
2025-11-15T02:54:34Z vmauthd[2101857]: Msg_SetLocaleEx: HostLocale=UTF-8 UserLocale=NULL
2025-11-15T02:54:34Z vmauthd[2101857]: Could not expand environment variable HOME.
2025-11-15T02:54:34Z vmauthd[2101857]: Could not expand environment variable HOME.
2025-11-15T02:54:34Z vmauthd[2101857]: DictionaryLoad: Cannot open file "/usr/lib/vmware/config": No such file or directory.
2025-11-15T02:54:34Z vmauthd[2101857]: DictionaryLoad: Cannot open file "~/.vmware/config": No such file or directory.
2025-11-15T02:54:34Z vmauthd[2101857]: DictionaryLoad: Cannot open file "~/.vmware/preferences": No such file or directory.
2025-11-15T02:54:34Z vmauthd[2101857]: lib/ssl: OpenSSL using FIPS_drbg for RAND
2025-11-15T02:54:34Z vmauthd[2101857]: lib/ssl: protocol list tls1.2
2025-11-15T02:54:34Z vmauthd[2101857]: lib/ssl: protocol list tls1.2 (openssl flags 0x17000000)
2025-11-15T02:54:34Z vmauthd[2101857]: lib/ssl: cipher list ECDHE+AESGCM:RSA+AESGCM:ECDHE+AES:RSA+AES
2025-11-15T02:54:34Z vmauthd[2101857]: lib/ssl: curves list prime256v1:secp384r1:secp521r1
2025-11-15T02:54:34Z vmauthd[2101857]: Connect from remote socket (192.168.1.2:43904).
2025-11-15T02:54:34Z vmauthd[2101857]: Connect from 192.168.1.2
2025-11-15T02:54:35Z vmauthd[2101857]: FILE: FileCreateDirectoryEx: Failed to create /var/run/vmware/tickets/. Error = 17
2025-11-15T02:54:35Z vmauthd[2101857]: FILE: FileCreateDirectoryEx: Failed to create /var/run/vmware/tickets/. Error = 17
2025-11-15T02:54:35Z vmauthd[2101857]: local verification as root
2025-11-15T02:54:35Z vmauthd[2101857]: login from 192.168.1.2 as 52a25486-458e-97d0-82d6-f53edf8b9c86
2025-11-15T02:54:35Z vmauthd[2101857]: received CONNECT command: /vmfs/volumes/3a4fd8ce-fc4375c4-effb-5cf3fce846f8/SGRL-NSX001/SGRL-NSX001.vmx mks
2025-11-15T02:54:35Z vmauthd[2101857]: Acquired lock for /var/run/vmware/authd_b514a3faae5fd69bef63d875e0a2318a
2025-11-15T02:54:35Z vmauthd[2101857]: /vmfs/volumes/3a4fd8ce-fc4375c4-effb-5cf3fce846f8/SGRL-NSX001/SGRL-NSX001.vmx: Connected to mks-fd, remote end sent pid: 2100381
2025-11-15T02:54:35Z vmauthd[2101857]: released lock for /var/run/vmware/authd_b514a3faae5fd69bef63d875e0a2318a
2025-11-15T02:54:35Z vmauthd[2101857]: Local connection for mks established.
2025-11-15T02:55:55Z vmauthd[2101884]: Msg_SetLocaleEx: HostLocale=UTF-8 UserLocale=NULL
2025-11-15T02:55:55Z vmauthd[2101884]: Could not expand environment variable HOME.
2025-11-15T02:55:55Z vmauthd[2101884]: Could not expand environment variable HOME.
2025-11-15T02:55:55Z vmauthd[2101884]: DictionaryLoad: Cannot open file "/usr/lib/vmware/config": No such file or directory.
2025-11-15T02:55:55Z vmauthd[2101884]: DictionaryLoad: Cannot open file "~/.vmware/config": No such file or directory.
2025-11-15T02:55:55Z vmauthd[2101884]: DictionaryLoad: Cannot open file "~/.vmware/preferences": No such file or directory.
2025-11-15T02:55:55Z vmauthd[2101884]: lib/ssl: OpenSSL using FIPS_drbg for RAND
2025-11-15T02:55:55Z vmauthd[2101884]: lib/ssl: protocol list tls1.2
2025-11-15T02:55:55Z vmauthd[2101884]: lib/ssl: protocol list tls1.2 (openssl flags 0x17000000)
2025-11-15T02:55:55Z vmauthd[2101884]: lib/ssl: cipher list ECDHE+AESGCM:RSA+AESGCM:ECDHE+AES:RSA+AES
2025-11-15T02:55:55Z vmauthd[2101884]: lib/ssl: curves list prime256v1:secp384r1:secp521r1
2025-11-15T02:55:55Z vmauthd[2101884]: Connect from (local) AF_UNIX socket.
2025-11-15T02:55:55Z vmauthd[2101884]: Connect from 127.0.0.1
2025-11-15T02:55:55Z vmauthd[2101884]: local verification as root
2025-11-15T02:55:55Z vmauthd[2101884]: received CONNECT_NOSTART command: /vmfs/volumes/3a4fd8ce-fc4375c4-effb-5cf3fce846f8/VyOS-Router/VyOS-Router.vmx vmx-vigor
2025-11-15T02:55:55Z vmauthd[2101884]: Acquired lock for /var/run/vmware/authd_91ecdaacce253e6bc5c93f9dde6fab90
2025-11-15T02:55:55Z vmauthd[2101884]: No such VMware process: /vmfs/volumes/3a4fd8ce-fc4375c4-effb-5cf3fce846f8/VyOS-Router/VyOS-Router.vmx
2025-11-15T02:55:55Z vmauthd[2101884]: released lock for /var/run/vmware/authd_91ecdaacce253e6bc5c93f9dde6fab90
2025-11-15T02:55:55Z vmauthd[2101884]: Local connection for vmx-vigor failed.
2025-11-15T02:55:55Z vmauthd[2101884]: Read failed.
2025-11-15T02:56:20Z vmauthd[2102029]: Msg_SetLocaleEx: HostLocale=UTF-8 UserLocale=NULL
2025-11-15T02:56:20Z vmauthd[2102029]: Could not expand environment variable HOME.
2025-11-15T02:56:20Z vmauthd[2102029]: Could not expand environment variable HOME.
2025-11-15T02:56:20Z vmauthd[2102029]: DictionaryLoad: Cannot open file "/usr/lib/vmware/config": No such file or directory.
2025-11-15T02:56:20Z vmauthd[2102029]: DictionaryLoad: Cannot open file "~/.vmware/config": No such file or directory.
2025-11-15T02:56:20Z vmauthd[2102029]: DictionaryLoad: Cannot open file "~/.vmware/preferences": No such file or directory.
2025-11-15T02:56:20Z vmauthd[2102029]: lib/ssl: OpenSSL using FIPS_drbg for RAND
2025-11-15T02:56:20Z vmauthd[2102029]: lib/ssl: protocol list tls1.2
2025-11-15T02:56:20Z vmauthd[2102029]: lib/ssl: protocol list tls1.2 (openssl flags 0x17000000)
2025-11-15T02:56:20Z vmauthd[2102029]: lib/ssl: cipher list ECDHE+AESGCM:RSA+AESGCM:ECDHE+AES:RSA+AES
2025-11-15T02:56:20Z vmauthd[2102029]: lib/ssl: curves list prime256v1:secp384r1:secp521r1
2025-11-15T02:56:20Z vmauthd[2102029]: Connect from (local) AF_UNIX socket.
2025-11-15T02:56:20Z vmauthd[2102029]: Connect from 127.0.0.1
2025-11-15T02:56:20Z vmauthd[2102029]: local verification as root
2025-11-15T02:56:20Z vmauthd[2102029]: received CONNECT_NOSTART command: /vmfs/volumes/3a4fd8ce-fc4375c4-effb-5cf3fce846f8/SGRL-JMP001/SGRL-JMP001.vmx vmx-vigor
2025-11-15T02:56:20Z vmauthd[2102029]: Acquired lock for /var/run/vmware/authd_c4ce0adab722156d671ee3cafe1e876f
2025-11-15T02:56:20Z vmauthd[2102029]: No such VMware process: /vmfs/volumes/3a4fd8ce-fc4375c4-effb-5cf3fce846f8/SGRL-JMP001/SGRL-JMP001.vmx
2025-11-15T02:56:20Z vmauthd[2102029]: released lock for /var/run/vmware/authd_c4ce0adab722156d671ee3cafe1e876f
2025-11-15T02:56:20Z vmauthd[2102029]: Local connection for vmx-vigor failed.
2025-11-15T02:56:20Z vmauthd[2102029]: Read failed.
2025-11-15T02:56:32Z vmauthd[2102160]: Msg_SetLocaleEx: HostLocale=UTF-8 UserLocale=NULL
2025-11-15T02:56:32Z vmauthd[2102160]: Could not expand environment variable HOME.
2025-11-15T02:56:32Z vmauthd[2102160]: Could not expand environment variable HOME.
2025-11-15T02:56:32Z vmauthd[2102160]: DictionaryLoad: Cannot open file "/usr/lib/vmware/config": No such file or directory.
2025-11-15T02:56:32Z vmauthd[2102160]: DictionaryLoad: Cannot open file "~/.vmware/config": No such file or directory.
2025-11-15T02:56:32Z vmauthd[2102160]: DictionaryLoad: Cannot open file "~/.vmware/preferences": No such file or directory.
2025-11-15T02:56:32Z vmauthd[2102160]: lib/ssl: OpenSSL using FIPS_drbg for RAND
2025-11-15T02:56:32Z vmauthd[2102160]: lib/ssl: protocol list tls1.2
2025-11-15T02:56:32Z vmauthd[2102160]: lib/ssl: protocol list tls1.2 (openssl flags 0x17000000)
2025-11-15T02:56:32Z vmauthd[2102160]: lib/ssl: cipher list ECDHE+AESGCM:RSA+AESGCM:ECDHE+AES:RSA+AES
2025-11-15T02:56:32Z vmauthd[2102160]: lib/ssl: curves list prime256v1:secp384r1:secp521r1
2025-11-15T02:56:32Z vmauthd[2102160]: Connect from (local) AF_UNIX socket.
2025-11-15T02:56:32Z vmauthd[2102160]: Connect from 127.0.0.1
2025-11-15T02:56:32Z vmauthd[2102160]: local verification as root
2025-11-15T02:56:32Z vmauthd[2102160]: received CONNECT_NOSTART command: /vmfs/volumes/3a4fd8ce-fc4375c4-effb-5cf3fce846f8/SGRL-NSX001/SGRL-NSX001.vmx vmx-vigor
2025-11-15T02:56:32Z vmauthd[2102160]: Acquired lock for /var/run/vmware/authd_b514a3faae5fd69bef63d875e0a2318a
2025-11-15T02:56:32Z vmauthd[2102160]: No such VMware process: /vmfs/volumes/3a4fd8ce-fc4375c4-effb-5cf3fce846f8/SGRL-NSX001/SGRL-NSX001.vmx
2025-11-15T02:56:32Z vmauthd[2102160]: released lock for /var/run/vmware/authd_b514a3faae5fd69bef63d875e0a2318a
2025-11-15T02:56:32Z vmauthd[2102160]: Local connection for vmx-vigor failed.
2025-11-15T02:56:32Z vmauthd[2102160]: Read failed.
2025-11-15T03:02:25Z vmauthd[2102476]: Msg_SetLocaleEx: HostLocale=UTF-8 UserLocale=NULL
2025-11-15T03:02:25Z vmauthd[2102476]: Could not expand environment variable HOME.
2025-11-15T03:02:25Z vmauthd[2102476]: Could not expand environment variable HOME.
2025-11-15T03:02:25Z vmauthd[2102476]: DictionaryLoad: Cannot open file "/usr/lib/vmware/config": No such file or directory.
2025-11-15T03:02:25Z vmauthd[2102476]: DictionaryLoad: Cannot open file "~/.vmware/config": No such file or directory.
2025-11-15T03:02:25Z vmauthd[2102476]: DictionaryLoad: Cannot open file "~/.vmware/preferences": No such file or directory.
2025-11-15T03:02:25Z vmauthd[2102476]: lib/ssl: OpenSSL using FIPS_drbg for RAND
2025-11-15T03:02:25Z vmauthd[2102476]: lib/ssl: protocol list tls1.2
2025-11-15T03:02:25Z vmauthd[2102476]: lib/ssl: protocol list tls1.2 (openssl flags 0x17000000)
2025-11-15T03:02:25Z vmauthd[2102476]: lib/ssl: cipher list ECDHE+AESGCM:RSA+AESGCM:ECDHE+AES:RSA+AES
2025-11-15T03:02:25Z vmauthd[2102476]: lib/ssl: curves list prime256v1:secp384r1:secp521r1
2025-11-15T03:02:25Z vmauthd[2102476]: Connect from (local) AF_UNIX socket.
2025-11-15T03:02:25Z vmauthd[2102476]: Connect from 127.0.0.1
2025-11-15T03:02:25Z vmauthd[2102476]: local verification as root
2025-11-15T03:02:25Z vmauthd[2102476]: received CONNECT_NOSTART command: /vmfs/volumes/3a4fd8ce-fc4375c4-effb-5cf3fce846f8/SGRL-ADC001/SGRL-ADC001.vmx vmx-vigor
2025-11-15T03:02:25Z vmauthd[2102476]: Acquired lock for /var/run/vmware/authd_fa0e92f99f0bc0d4eb3b8d0ec4883621
2025-11-15T03:02:25Z vmauthd[2102476]: No such VMware process: /vmfs/volumes/3a4fd8ce-fc4375c4-effb-5cf3fce846f8/SGRL-ADC001/SGRL-ADC001.vmx
2025-11-15T03:02:25Z vmauthd[2102476]: released lock for /var/run/vmware/authd_fa0e92f99f0bc0d4eb3b8d0ec4883621
2025-11-15T03:02:25Z vmauthd[2102476]: Local connection for vmx-vigor failed.
2025-11-15T03:02:25Z vmauthd[2102476]: Read failed.
2025-11-15T03:02:25Z vmauthd[2102477]: Msg_SetLocaleEx: HostLocale=UTF-8 UserLocale=NULL
2025-11-15T03:02:25Z vmauthd[2102477]: Could not expand environment variable HOME.
2025-11-15T03:02:25Z vmauthd[2102477]: Could not expand environment variable HOME.
2025-11-15T03:02:25Z vmauthd[2102477]: DictionaryLoad: Cannot open file "/usr/lib/vmware/config": No such file or directory.
2025-11-15T03:02:25Z vmauthd[2102477]: DictionaryLoad: Cannot open file "~/.vmware/config": No such file or directory.
2025-11-15T03:02:25Z vmauthd[2102477]: DictionaryLoad: Cannot open file "~/.vmware/preferences": No such file or directory.
2025-11-15T03:02:25Z vmauthd[2102477]: lib/ssl: OpenSSL using FIPS_drbg for RAND
2025-11-15T03:02:25Z vmauthd[2102477]: lib/ssl: protocol list tls1.2
2025-11-15T03:02:25Z vmauthd[2102477]: lib/ssl: protocol list tls1.2 (openssl flags 0x17000000)
2025-11-15T03:02:25Z vmauthd[2102477]: lib/ssl: cipher list ECDHE+AESGCM:RSA+AESGCM:ECDHE+AES:RSA+AES
2025-11-15T03:02:25Z vmauthd[2102477]: lib/ssl: curves list prime256v1:secp384r1:secp521r1
2025-11-15T03:02:25Z vmauthd[2102477]: Connect from (local) AF_UNIX socket.
2025-11-15T03:02:25Z vmauthd[2102477]: Connect from 127.0.0.1
2025-11-15T03:02:25Z vmauthd[2102477]: local verification as root
2025-11-15T03:02:25Z vmauthd[2102477]: received CONNECT_NOSTART command: /vmfs/volumes/3a4fd8ce-fc4375c4-effb-5cf3fce846f8/SGRL-VCSA01/SGRL-VCSA01.vmx vmx-vigor
2025-11-15T03:02:25Z vmauthd[2102477]: Acquired lock for /var/run/vmware/authd_84500fb122bfa30daf2e457a68fcb33e
2025-11-15T03:02:25Z vmauthd[2102477]: No such VMware process: /vmfs/volumes/3a4fd8ce-fc4375c4-effb-5cf3fce846f8/SGRL-VCSA01/SGRL-VCSA01.vmx
2025-11-15T03:02:25Z vmauthd[2102477]: released lock for /var/run/vmware/authd_84500fb122bfa30daf2e457a68fcb33e
2025-11-15T03:02:25Z vmauthd[2102477]: Local connection for vmx-vigor failed.
2025-11-15T03:02:25Z vmauthd[2102477]: Read failed.
2025-11-15T06:28:58Z vmauthd[2100402]: Msg_SetLocaleEx: HostLocale=UTF-8 UserLocale=NULL
2025-11-15T06:28:58Z vmauthd[2100402]: Could not expand environment variable HOME.
2025-11-15T06:28:58Z vmauthd[2100402]: Could not expand environment variable HOME.
2025-11-15T06:28:58Z vmauthd[2100402]: DictionaryLoad: Cannot open file "/usr/lib/vmware/config": No such file or directory.
2025-11-15T06:28:58Z vmauthd[2100402]: DictionaryLoad: Cannot open file "~/.vmware/config": No such file or directory.
2025-11-15T06:28:58Z vmauthd[2100402]: DictionaryLoad: Cannot open file "~/.vmware/preferences": No such file or directory.
2025-11-15T06:28:58Z vmauthd[2100402]: lib/ssl: OpenSSL using FIPS_drbg for RAND
2025-11-15T06:28:58Z vmauthd[2100402]: lib/ssl: protocol list tls1.2
2025-11-15T06:28:58Z vmauthd[2100402]: lib/ssl: protocol list tls1.2 (openssl flags 0x17000000)
2025-11-15T06:28:58Z vmauthd[2100402]: lib/ssl: cipher list ECDHE+AESGCM:RSA+AESGCM:ECDHE+AES:RSA+AES
2025-11-15T06:28:58Z vmauthd[2100402]: lib/ssl: curves list prime256v1:secp384r1:secp521r1
2025-11-15T06:28:58Z vmauthd[2100402]: Connect from remote socket (192.168.1.2:53362).
2025-11-15T06:28:58Z vmauthd[2100402]: Connect from 192.168.1.2
2025-11-15T06:28:58Z vmauthd[2100402]: Received PROXY command for vpxa-nfcssl, session = 52 33 8e 97 71 09 59 d3-c0 47 9a 69 00 ae 2d 2f
2025-11-15T06:28:58Z vmauthd[2100402]: vmware-vpxa: Connected to vpxa-nfcssl-fd, remote end sent pid: 2099327
2025-11-15T06:29:36Z vmauthd[2100427]: Msg_SetLocaleEx: HostLocale=UTF-8 UserLocale=NULL
2025-11-15T06:29:36Z vmauthd[2100427]: Could not expand environment variable HOME.
2025-11-15T06:29:36Z vmauthd[2100427]: Could not expand environment variable HOME.
2025-11-15T06:29:36Z vmauthd[2100427]: DictionaryLoad: Cannot open file "/usr/lib/vmware/config": No such file or directory.
2025-11-15T06:29:36Z vmauthd[2100427]: DictionaryLoad: Cannot open file "~/.vmware/config": No such file or directory.
2025-11-15T06:29:36Z vmauthd[2100427]: DictionaryLoad: Cannot open file "~/.vmware/preferences": No such file or directory.
2025-11-15T06:29:36Z vmauthd[2100427]: lib/ssl: OpenSSL using FIPS_drbg for RAND
2025-11-15T06:29:36Z vmauthd[2100427]: lib/ssl: protocol list tls1.2
2025-11-15T06:29:36Z vmauthd[2100427]: lib/ssl: protocol list tls1.2 (openssl flags 0x17000000)
2025-11-15T06:29:36Z vmauthd[2100427]: lib/ssl: cipher list ECDHE+AESGCM:RSA+AESGCM:ECDHE+AES:RSA+AES
2025-11-15T06:29:36Z vmauthd[2100427]: lib/ssl: curves list prime256v1:secp384r1:secp521r1
2025-11-15T06:29:36Z vmauthd[2100427]: Connect from remote socket (192.168.1.2:53454).
2025-11-15T06:29:36Z vmauthd[2100427]: Connect from 192.168.1.2
2025-11-15T06:29:36Z vmauthd[2100427]: FILE: FileCreateDirectoryEx: Failed to create /var/run/vmware/tickets/. Error = 17
2025-11-15T06:29:36Z vmauthd[2100427]: FILE: FileCreateDirectoryEx: Failed to create /var/run/vmware/tickets/. Error = 17
2025-11-15T06:29:36Z vmauthd[2100427]: local verification as root
2025-11-15T06:29:36Z vmauthd[2100427]: login from 192.168.1.2 as 524419d1-2b4a-9eb2-21dd-52ee61f313eb
2025-11-15T06:29:36Z vmauthd[2100427]: received CONNECT command: /vmfs/volumes/3a4fd8ce-fc4375c4-effb-5cf3fce846f8/SGRL-NSX001/SGRL-NSX001.vmx mks
2025-11-15T06:29:36Z vmauthd[2100427]: Acquired lock for /var/run/vmware/authd_b514a3faae5fd69bef63d875e0a2318a
2025-11-15T06:29:36Z vmauthd[2100427]: /vmfs/volumes/3a4fd8ce-fc4375c4-effb-5cf3fce846f8/SGRL-NSX001/SGRL-NSX001.vmx: Connected to mks-fd, remote end sent pid: 2100249
2025-11-15T06:29:36Z vmauthd[2100427]: released lock for /var/run/vmware/authd_b514a3faae5fd69bef63d875e0a2318a
2025-11-15T06:29:36Z vmauthd[2100427]: Local connection for mks established.
2025-11-15T06:32:49Z vmauthd[2100526]: Msg_SetLocaleEx: HostLocale=UTF-8 UserLocale=NULL
2025-11-15T06:32:49Z vmauthd[2100526]: Could not expand environment variable HOME.
2025-11-15T06:32:49Z vmauthd[2100526]: Could not expand environment variable HOME.
2025-11-15T06:32:49Z vmauthd[2100526]: DictionaryLoad: Cannot open file "/usr/lib/vmware/config": No such file or directory.
2025-11-15T06:32:49Z vmauthd[2100526]: DictionaryLoad: Cannot open file "~/.vmware/config": No such file or directory.
2025-11-15T06:32:49Z vmauthd[2100526]: DictionaryLoad: Cannot open file "~/.vmware/preferences": No such file or directory.
2025-11-15T06:32:49Z vmauthd[2100526]: lib/ssl: OpenSSL using FIPS_drbg for RAND
2025-11-15T06:32:49Z vmauthd[2100526]: lib/ssl: protocol list tls1.2
2025-11-15T06:32:49Z vmauthd[2100526]: lib/ssl: protocol list tls1.2 (openssl flags 0x17000000)
2025-11-15T06:32:49Z vmauthd[2100526]: lib/ssl: cipher list ECDHE+AESGCM:RSA+AESGCM:ECDHE+AES:RSA+AES
2025-11-15T06:32:49Z vmauthd[2100526]: lib/ssl: curves list prime256v1:secp384r1:secp521r1
2025-11-15T06:32:49Z vmauthd[2100526]: Connect from remote socket (192.168.1.2:54294).
2025-11-15T06:32:49Z vmauthd[2100526]: Connect from 192.168.1.2
2025-11-15T06:32:49Z vmauthd[2100526]: FILE: FileCreateDirectoryEx: Failed to create /var/run/vmware/tickets/. Error = 17
2025-11-15T06:32:49Z vmauthd[2100526]: FILE: FileCreateDirectoryEx: Failed to create /var/run/vmware/tickets/. Error = 17
2025-11-15T06:32:49Z vmauthd[2100526]: local verification as root
2025-11-15T06:32:49Z vmauthd[2100526]: login from 192.168.1.2 as 52d21ed7-1d11-5fb0-f086-4759bb74a037
2025-11-15T06:32:49Z vmauthd[2100526]: received CONNECT command: /vmfs/volumes/3a4fd8ce-fc4375c4-effb-5cf3fce846f8/SGRL-ADC001/SGRL-ADC001.vmx mks
2025-11-15T06:32:49Z vmauthd[2100526]: Acquired lock for /var/run/vmware/authd_fa0e92f99f0bc0d4eb3b8d0ec4883621
2025-11-15T06:32:49Z vmauthd[2100526]: /vmfs/volumes/3a4fd8ce-fc4375c4-effb-5cf3fce846f8/SGRL-ADC001/SGRL-ADC001.vmx: Connected to mks-fd, remote end sent pid: 2099854
2025-11-15T06:32:49Z vmauthd[2100526]: released lock for /var/run/vmware/authd_fa0e92f99f0bc0d4eb3b8d0ec4883621
2025-11-15T06:32:49Z vmauthd[2100526]: Local connection for mks established.
2025-11-15T07:11:59Z vmauthd[2100964]: Msg_SetLocaleEx: HostLocale=UTF-8 UserLocale=NULL
2025-11-15T07:11:59Z vmauthd[2100964]: Could not expand environment variable HOME.
2025-11-15T07:11:59Z vmauthd[2100964]: Could not expand environment variable HOME.
2025-11-15T07:11:59Z vmauthd[2100964]: DictionaryLoad: Cannot open file "/usr/lib/vmware/config": No such file or directory.
2025-11-15T07:11:59Z vmauthd[2100964]: DictionaryLoad: Cannot open file "~/.vmware/config": No such file or directory.
2025-11-15T07:11:59Z vmauthd[2100964]: DictionaryLoad: Cannot open file "~/.vmware/preferences": No such file or directory.
2025-11-15T07:11:59Z vmauthd[2100964]: lib/ssl: OpenSSL using FIPS_drbg for RAND
2025-11-15T07:11:59Z vmauthd[2100964]: lib/ssl: protocol list tls1.2
2025-11-15T07:11:59Z vmauthd[2100964]: lib/ssl: protocol list tls1.2 (openssl flags 0x17000000)
2025-11-15T07:11:59Z vmauthd[2100964]: lib/ssl: cipher list ECDHE+AESGCM:RSA+AESGCM:ECDHE+AES:RSA+AES
2025-11-15T07:11:59Z vmauthd[2100964]: lib/ssl: curves list prime256v1:secp384r1:secp521r1
2025-11-15T07:11:59Z vmauthd[2100964]: Connect from remote socket (192.168.1.2:34006).
2025-11-15T07:11:59Z vmauthd[2100964]: Connect from 192.168.1.2
2025-11-15T07:11:59Z vmauthd[2100964]: FILE: FileCreateDirectoryEx: Failed to create /var/run/vmware/tickets/. Error = 17
2025-11-15T07:11:59Z vmauthd[2100964]: FILE: FileCreateDirectoryEx: Failed to create /var/run/vmware/tickets/. Error = 17
2025-11-15T07:11:59Z vmauthd[2100964]: local verification as root
2025-11-15T07:11:59Z vmauthd[2100964]: login from 192.168.1.2 as 52fbc259-3dbf-5036-e2bc-5de546e75b39
2025-11-15T07:11:59Z vmauthd[2100964]: received CONNECT command: /vmfs/volumes/3a4fd8ce-fc4375c4-effb-5cf3fce846f8/SGRL-ADC001/SGRL-ADC001.vmx mks
2025-11-15T07:11:59Z vmauthd[2100964]: Acquired lock for /var/run/vmware/authd_fa0e92f99f0bc0d4eb3b8d0ec4883621
2025-11-15T07:11:59Z vmauthd[2100964]: /vmfs/volumes/3a4fd8ce-fc4375c4-effb-5cf3fce846f8/SGRL-ADC001/SGRL-ADC001.vmx: Connected to mks-fd, remote end sent pid: 2099854
2025-11-15T07:11:59Z vmauthd[2100964]: released lock for /var/run/vmware/authd_fa0e92f99f0bc0d4eb3b8d0ec4883621
2025-11-15T07:11:59Z vmauthd[2100964]: Local connection for mks established.
2025-11-15T07:50:19Z vmauthd[2101116]: Msg_SetLocaleEx: HostLocale=UTF-8 UserLocale=NULL
2025-11-15T07:50:19Z vmauthd[2101116]: Could not expand environment variable HOME.
2025-11-15T07:50:19Z vmauthd[2101116]: Could not expand environment variable HOME.
2025-11-15T07:50:19Z vmauthd[2101116]: DictionaryLoad: Cannot open file "/usr/lib/vmware/config": No such file or directory.
2025-11-15T07:50:19Z vmauthd[2101116]: DictionaryLoad: Cannot open file "~/.vmware/config": No such file or directory.
2025-11-15T07:50:19Z vmauthd[2101116]: DictionaryLoad: Cannot open file "~/.vmware/preferences": No such file or directory.
2025-11-15T07:50:19Z vmauthd[2101116]: lib/ssl: OpenSSL using FIPS_drbg for RAND
2025-11-15T07:50:19Z vmauthd[2101116]: lib/ssl: protocol list tls1.2
2025-11-15T07:50:19Z vmauthd[2101116]: lib/ssl: protocol list tls1.2 (openssl flags 0x17000000)
2025-11-15T07:50:19Z vmauthd[2101116]: lib/ssl: cipher list ECDHE+AESGCM:RSA+AESGCM:ECDHE+AES:RSA+AES
2025-11-15T07:50:19Z vmauthd[2101116]: lib/ssl: curves list prime256v1:secp384r1:secp521r1
2025-11-15T07:50:19Z vmauthd[2101116]: Connect from remote socket (192.168.1.2:41684).
2025-11-15T07:50:19Z vmauthd[2101116]: Connect from 192.168.1.2
2025-11-15T07:50:20Z vmauthd[2101116]: FILE: FileCreateDirectoryEx: Failed to create /var/run/vmware/tickets/. Error = 17
2025-11-15T07:50:20Z vmauthd[2101116]: FILE: FileCreateDirectoryEx: Failed to create /var/run/vmware/tickets/. Error = 17
2025-11-15T07:50:20Z vmauthd[2101116]: local verification as root
2025-11-15T07:50:20Z vmauthd[2101116]: login from 192.168.1.2 as 528c4c4c-534b-7903-abc9-ba9ff3e4416e
2025-11-15T07:50:20Z vmauthd[2101116]: received CONNECT command: /vmfs/volumes/3a4fd8ce-fc4375c4-effb-5cf3fce846f8/SGRL-ADC001/SGRL-ADC001.vmx mks
2025-11-15T07:50:20Z vmauthd[2101116]: Acquired lock for /var/run/vmware/authd_fa0e92f99f0bc0d4eb3b8d0ec4883621
2025-11-15T07:50:20Z vmauthd[2101116]: /vmfs/volumes/3a4fd8ce-fc4375c4-effb-5cf3fce846f8/SGRL-ADC001/SGRL-ADC001.vmx: Connected to mks-fd, remote end sent pid: 2099854
2025-11-15T07:50:20Z vmauthd[2101116]: released lock for /var/run/vmware/authd_fa0e92f99f0bc0d4eb3b8d0ec4883621
2025-11-15T07:50:20Z vmauthd[2101116]: Local connection for mks established.
2025-11-15T08:26:53Z vmauthd[2101454]: Msg_SetLocaleEx: HostLocale=UTF-8 UserLocale=NULL
2025-11-15T08:26:53Z vmauthd[2101454]: Could not expand environment variable HOME.
2025-11-15T08:26:53Z vmauthd[2101454]: Could not expand environment variable HOME.
2025-11-15T08:26:53Z vmauthd[2101454]: DictionaryLoad: Cannot open file "/usr/lib/vmware/config": No such file or directory.
2025-11-15T08:26:53Z vmauthd[2101454]: DictionaryLoad: Cannot open file "~/.vmware/config": No such file or directory.
2025-11-15T08:26:53Z vmauthd[2101454]: DictionaryLoad: Cannot open file "~/.vmware/preferences": No such file or directory.
2025-11-15T08:26:53Z vmauthd[2101454]: lib/ssl: OpenSSL using FIPS_drbg for RAND
2025-11-15T08:26:53Z vmauthd[2101454]: lib/ssl: protocol list tls1.2
2025-11-15T08:26:53Z vmauthd[2101454]: lib/ssl: protocol list tls1.2 (openssl flags 0x17000000)
2025-11-15T08:26:53Z vmauthd[2101454]: lib/ssl: cipher list ECDHE+AESGCM:RSA+AESGCM:ECDHE+AES:RSA+AES
2025-11-15T08:26:53Z vmauthd[2101454]: lib/ssl: curves list prime256v1:secp384r1:secp521r1
2025-11-15T08:26:53Z vmauthd[2101454]: Connect from (local) AF_UNIX socket.
2025-11-15T08:26:53Z vmauthd[2101454]: Connect from 127.0.0.1
2025-11-15T08:26:53Z vmauthd[2101454]: local verification as root
2025-11-15T08:26:53Z vmauthd[2101454]: received CONNECT_NOSTART command: /vmfs/volumes/3a4fd8ce-fc4375c4-effb-5cf3fce846f8/SGRL-ADC001/SGRL-ADC001.vmx vmx-vigor
2025-11-15T08:26:53Z vmauthd[2101454]: Acquired lock for /var/run/vmware/authd_fa0e92f99f0bc0d4eb3b8d0ec4883621
2025-11-15T08:26:53Z vmauthd[2101454]: No such VMware process: /vmfs/volumes/3a4fd8ce-fc4375c4-effb-5cf3fce846f8/SGRL-ADC001/SGRL-ADC001.vmx
2025-11-15T08:26:53Z vmauthd[2101454]: released lock for /var/run/vmware/authd_fa0e92f99f0bc0d4eb3b8d0ec4883621
2025-11-15T08:26:53Z vmauthd[2101454]: Local connection for vmx-vigor failed.
2025-11-15T08:26:53Z vmauthd[2101454]: Read failed.
2025-11-15T08:27:47Z vmauthd[2101730]: Msg_SetLocaleEx: HostLocale=UTF-8 UserLocale=NULL
2025-11-15T08:27:47Z vmauthd[2101730]: Could not expand environment variable HOME.
2025-11-15T08:27:47Z vmauthd[2101730]: Could not expand environment variable HOME.
2025-11-15T08:27:47Z vmauthd[2101730]: DictionaryLoad: Cannot open file "/usr/lib/vmware/config": No such file or directory.
2025-11-15T08:27:47Z vmauthd[2101730]: DictionaryLoad: Cannot open file "~/.vmware/config": No such file or directory.
2025-11-15T08:27:47Z vmauthd[2101730]: DictionaryLoad: Cannot open file "~/.vmware/preferences": No such file or directory.
2025-11-15T08:27:47Z vmauthd[2101730]: lib/ssl: OpenSSL using FIPS_drbg for RAND
2025-11-15T08:27:47Z vmauthd[2101730]: lib/ssl: protocol list tls1.2
2025-11-15T08:27:47Z vmauthd[2101730]: lib/ssl: protocol list tls1.2 (openssl flags 0x17000000)
2025-11-15T08:27:47Z vmauthd[2101730]: lib/ssl: cipher list ECDHE+AESGCM:RSA+AESGCM:ECDHE+AES:RSA+AES
2025-11-15T08:27:47Z vmauthd[2101730]: lib/ssl: curves list prime256v1:secp384r1:secp521r1
2025-11-15T08:27:47Z vmauthd[2101730]: Connect from remote socket (192.168.1.2:49202).
2025-11-15T08:27:47Z vmauthd[2101730]: Connect from 192.168.1.2
2025-11-15T08:27:48Z vmauthd[2101730]: FILE: FileCreateDirectoryEx: Failed to create /var/run/vmware/tickets/. Error = 17
2025-11-15T08:27:48Z vmauthd[2101730]: FILE: FileCreateDirectoryEx: Failed to create /var/run/vmware/tickets/. Error = 17
2025-11-15T08:27:48Z vmauthd[2101730]: local verification as root
2025-11-15T08:27:48Z vmauthd[2101730]: login from 192.168.1.2 as 52377724-d328-a369-1479-bc9bbf6289c0
2025-11-15T08:27:48Z vmauthd[2101730]: received CONNECT command: /vmfs/volumes/3a4fd8ce-fc4375c4-effb-5cf3fce846f8/SGRL-ADC001/SGRL-ADC001.vmx mks
2025-11-15T08:27:48Z vmauthd[2101730]: Acquired lock for /var/run/vmware/authd_fa0e92f99f0bc0d4eb3b8d0ec4883621
2025-11-15T08:27:48Z vmauthd[2101730]: /vmfs/volumes/3a4fd8ce-fc4375c4-effb-5cf3fce846f8/SGRL-ADC001/SGRL-ADC001.vmx: Connected to mks-fd, remote end sent pid: 2101586
2025-11-15T08:27:48Z vmauthd[2101730]: released lock for /var/run/vmware/authd_fa0e92f99f0bc0d4eb3b8d0ec4883621
2025-11-15T08:27:48Z vmauthd[2101730]: Local connection for mks established.
2025-11-15T08:35:47Z vmauthd[2101782]: Msg_SetLocaleEx: HostLocale=UTF-8 UserLocale=NULL
2025-11-15T08:35:47Z vmauthd[2101782]: Could not expand environment variable HOME.
2025-11-15T08:35:47Z vmauthd[2101782]: Could not expand environment variable HOME.
2025-11-15T08:35:47Z vmauthd[2101782]: DictionaryLoad: Cannot open file "/usr/lib/vmware/config": No such file or directory.
2025-11-15T08:35:47Z vmauthd[2101782]: DictionaryLoad: Cannot open file "~/.vmware/config": No such file or directory.
2025-11-15T08:35:47Z vmauthd[2101782]: DictionaryLoad: Cannot open file "~/.vmware/preferences": No such file or directory.
2025-11-15T08:35:47Z vmauthd[2101782]: lib/ssl: OpenSSL using FIPS_drbg for RAND
2025-11-15T08:35:47Z vmauthd[2101782]: lib/ssl: protocol list tls1.2
2025-11-15T08:35:47Z vmauthd[2101782]: lib/ssl: protocol list tls1.2 (openssl flags 0x17000000)
2025-11-15T08:35:47Z vmauthd[2101782]: lib/ssl: cipher list ECDHE+AESGCM:RSA+AESGCM:ECDHE+AES:RSA+AES
2025-11-15T08:35:47Z vmauthd[2101782]: lib/ssl: curves list prime256v1:secp384r1:secp521r1
2025-11-15T08:35:47Z vmauthd[2101782]: Connect from remote socket (192.168.1.2:50788).
2025-11-15T08:35:47Z vmauthd[2101782]: Connect from 192.168.1.2
2025-11-15T08:35:47Z vmauthd[2101782]: FILE: FileCreateDirectoryEx: Failed to create /var/run/vmware/tickets/. Error = 17
2025-11-15T08:35:47Z vmauthd[2101782]: FILE: FileCreateDirectoryEx: Failed to create /var/run/vmware/tickets/. Error = 17
2025-11-15T08:35:47Z vmauthd[2101782]: local verification as root
2025-11-15T08:35:47Z vmauthd[2101782]: login from 192.168.1.2 as 5265d338-7de5-7de0-037d-b0f75e0b1378
2025-11-15T08:35:47Z vmauthd[2101782]: received CONNECT command: /vmfs/volumes/3a4fd8ce-fc4375c4-effb-5cf3fce846f8/SGRL-ADC001/SGRL-ADC001.vmx mks
2025-11-15T08:35:47Z vmauthd[2101782]: Acquired lock for /var/run/vmware/authd_fa0e92f99f0bc0d4eb3b8d0ec4883621
2025-11-15T08:35:47Z vmauthd[2101782]: /vmfs/volumes/3a4fd8ce-fc4375c4-effb-5cf3fce846f8/SGRL-ADC001/SGRL-ADC001.vmx: Connected to mks-fd, remote end sent pid: 2101586
2025-11-15T08:35:47Z vmauthd[2101782]: released lock for /var/run/vmware/authd_fa0e92f99f0bc0d4eb3b8d0ec4883621
2025-11-15T08:35:47Z vmauthd[2101782]: Local connection for mks established.
2025-11-15T08:38:41Z vmauthd[2101786]: Msg_SetLocaleEx: HostLocale=UTF-8 UserLocale=NULL
2025-11-15T08:38:41Z vmauthd[2101786]: Could not expand environment variable HOME.
2025-11-15T08:38:41Z vmauthd[2101786]: Could not expand environment variable HOME.
2025-11-15T08:38:41Z vmauthd[2101786]: DictionaryLoad: Cannot open file "/usr/lib/vmware/config": No such file or directory.
2025-11-15T08:38:41Z vmauthd[2101786]: DictionaryLoad: Cannot open file "~/.vmware/config": No such file or directory.
2025-11-15T08:38:41Z vmauthd[2101786]: DictionaryLoad: Cannot open file "~/.vmware/preferences": No such file or directory.
2025-11-15T08:38:41Z vmauthd[2101786]: lib/ssl: OpenSSL using FIPS_drbg for RAND
2025-11-15T08:38:41Z vmauthd[2101786]: lib/ssl: protocol list tls1.2
2025-11-15T08:38:41Z vmauthd[2101786]: lib/ssl: protocol list tls1.2 (openssl flags 0x17000000)
2025-11-15T08:38:41Z vmauthd[2101786]: lib/ssl: cipher list ECDHE+AESGCM:RSA+AESGCM:ECDHE+AES:RSA+AES
2025-11-15T08:38:41Z vmauthd[2101786]: lib/ssl: curves list prime256v1:secp384r1:secp521r1
2025-11-15T08:38:41Z vmauthd[2101786]: Connect from remote socket (192.168.1.2:51764).
2025-11-15T08:38:41Z vmauthd[2101786]: Connect from 192.168.1.2
2025-11-15T08:38:41Z vmauthd[2101786]: FILE: FileCreateDirectoryEx: Failed to create /var/run/vmware/tickets/. Error = 17
2025-11-15T08:38:41Z vmauthd[2101786]: FILE: FileCreateDirectoryEx: Failed to create /var/run/vmware/tickets/. Error = 17
2025-11-15T08:38:41Z vmauthd[2101786]: local verification as root
2025-11-15T08:38:41Z vmauthd[2101786]: login from 192.168.1.2 as 52ce9bea-83c6-6d23-c3c4-42ba9009fa3a
2025-11-15T08:38:41Z vmauthd[2101786]: received CONNECT command: /vmfs/volumes/3a4fd8ce-fc4375c4-effb-5cf3fce846f8/SGRL-ADC001/SGRL-ADC001.vmx mks
2025-11-15T08:38:42Z vmauthd[2101786]: Acquired lock for /var/run/vmware/authd_fa0e92f99f0bc0d4eb3b8d0ec4883621
2025-11-15T08:38:42Z vmauthd[2101786]: /vmfs/volumes/3a4fd8ce-fc4375c4-effb-5cf3fce846f8/SGRL-ADC001/SGRL-ADC001.vmx: Connected to mks-fd, remote end sent pid: 2101586
2025-11-15T08:38:42Z vmauthd[2101786]: released lock for /var/run/vmware/authd_fa0e92f99f0bc0d4eb3b8d0ec4883621
2025-11-15T08:38:42Z vmauthd[2101786]: Local connection for mks established.
2025-11-15T08:43:09Z vmauthd[2101801]: Msg_SetLocaleEx: HostLocale=UTF-8 UserLocale=NULL
2025-11-15T08:43:09Z vmauthd[2101801]: Could not expand environment variable HOME.
2025-11-15T08:43:09Z vmauthd[2101801]: Could not expand environment variable HOME.
2025-11-15T08:43:09Z vmauthd[2101801]: DictionaryLoad: Cannot open file "/usr/lib/vmware/config": No such file or directory.
2025-11-15T08:43:09Z vmauthd[2101801]: DictionaryLoad: Cannot open file "~/.vmware/config": No such file or directory.
2025-11-15T08:43:09Z vmauthd[2101801]: DictionaryLoad: Cannot open file "~/.vmware/preferences": No such file or directory.
2025-11-15T08:43:09Z vmauthd[2101801]: lib/ssl: OpenSSL using FIPS_drbg for RAND
2025-11-15T08:43:09Z vmauthd[2101801]: lib/ssl: protocol list tls1.2
2025-11-15T08:43:09Z vmauthd[2101801]: lib/ssl: protocol list tls1.2 (openssl flags 0x17000000)
2025-11-15T08:43:09Z vmauthd[2101801]: lib/ssl: cipher list ECDHE+AESGCM:RSA+AESGCM:ECDHE+AES:RSA+AES
2025-11-15T08:43:09Z vmauthd[2101801]: lib/ssl: curves list prime256v1:secp384r1:secp521r1
2025-11-15T08:43:09Z vmauthd[2101801]: Connect from (local) AF_UNIX socket.
2025-11-15T08:43:09Z vmauthd[2101801]: Connect from 127.0.0.1
2025-11-15T08:43:09Z vmauthd[2101801]: local verification as root
2025-11-15T08:43:09Z vmauthd[2101801]: received CONNECT_NOSTART command: /vmfs/volumes/3a4fd8ce-fc4375c4-effb-5cf3fce846f8/SGRL-ADC001/SGRL-ADC001.vmx vmx-vigor
2025-11-15T08:43:09Z vmauthd[2101801]: Acquired lock for /var/run/vmware/authd_fa0e92f99f0bc0d4eb3b8d0ec4883621
2025-11-15T08:43:09Z vmauthd[2101801]: No such VMware process: /vmfs/volumes/3a4fd8ce-fc4375c4-effb-5cf3fce846f8/SGRL-ADC001/SGRL-ADC001.vmx
2025-11-15T08:43:09Z vmauthd[2101801]: released lock for /var/run/vmware/authd_fa0e92f99f0bc0d4eb3b8d0ec4883621
2025-11-15T08:43:09Z vmauthd[2101801]: Local connection for vmx-vigor failed.
2025-11-15T08:43:09Z vmauthd[2101801]: Read failed.
2025-11-15T09:04:58Z vmauthd[2102740]: Msg_SetLocaleEx: HostLocale=UTF-8 UserLocale=NULL
2025-11-15T09:04:58Z vmauthd[2102740]: Could not expand environment variable HOME.
2025-11-15T09:04:58Z vmauthd[2102740]: Could not expand environment variable HOME.
2025-11-15T09:04:58Z vmauthd[2102740]: DictionaryLoad: Cannot open file "/usr/lib/vmware/config": No such file or directory.
2025-11-15T09:04:58Z vmauthd[2102740]: DictionaryLoad: Cannot open file "~/.vmware/config": No such file or directory.
2025-11-15T09:04:58Z vmauthd[2102740]: DictionaryLoad: Cannot open file "~/.vmware/preferences": No such file or directory.
2025-11-15T09:04:58Z vmauthd[2102740]: lib/ssl: OpenSSL using FIPS_drbg for RAND
2025-11-15T09:04:58Z vmauthd[2102740]: lib/ssl: protocol list tls1.2
2025-11-15T09:04:58Z vmauthd[2102740]: lib/ssl: protocol list tls1.2 (openssl flags 0x17000000)
2025-11-15T09:04:58Z vmauthd[2102740]: lib/ssl: cipher list ECDHE+AESGCM:RSA+AESGCM:ECDHE+AES:RSA+AES
2025-11-15T09:04:58Z vmauthd[2102740]: lib/ssl: curves list prime256v1:secp384r1:secp521r1
2025-11-15T09:04:58Z vmauthd[2102740]: Connect from remote socket (192.168.1.2:57308).
2025-11-15T09:04:58Z vmauthd[2102740]: Connect from 192.168.1.2
2025-11-15T09:04:58Z vmauthd[2102740]: FILE: FileCreateDirectoryEx: Failed to create /var/run/vmware/tickets/. Error = 17
2025-11-15T09:04:58Z vmauthd[2102740]: FILE: FileCreateDirectoryEx: Failed to create /var/run/vmware/tickets/. Error = 17
2025-11-15T09:04:58Z vmauthd[2102740]: local verification as root
2025-11-15T09:04:58Z vmauthd[2102740]: login from 192.168.1.2 as 526ebcbf-48b6-87c3-c88c-5193ffed5c49
2025-11-15T09:04:58Z vmauthd[2102740]: received CONNECT command: /vmfs/volumes/3a4fd8ce-fc4375c4-effb-5cf3fce846f8/SGRL-ADC001_1/SGRL-ADC001.vmx mks
2025-11-15T09:04:58Z vmauthd[2102740]: Acquired lock for /var/run/vmware/authd_226062ab7d82351861fb836c092c66bf
2025-11-15T09:04:58Z vmauthd[2102740]: /vmfs/volumes/3a4fd8ce-fc4375c4-effb-5cf3fce846f8/SGRL-ADC001_1/SGRL-ADC001.vmx: Connected to mks-fd, remote end sent pid: 2102453
2025-11-15T09:04:58Z vmauthd[2102740]: released lock for /var/run/vmware/authd_226062ab7d82351861fb836c092c66bf
2025-11-15T09:04:58Z vmauthd[2102740]: Local connection for mks established.
2025-11-15T09:20:45Z vmauthd[2102860]: Msg_SetLocaleEx: HostLocale=UTF-8 UserLocale=NULL
2025-11-15T09:20:45Z vmauthd[2102860]: Could not expand environment variable HOME.
2025-11-15T09:20:45Z vmauthd[2102860]: Could not expand environment variable HOME.
2025-11-15T09:20:45Z vmauthd[2102860]: DictionaryLoad: Cannot open file "/usr/lib/vmware/config": No such file or directory.
2025-11-15T09:20:45Z vmauthd[2102860]: DictionaryLoad: Cannot open file "~/.vmware/config": No such file or directory.
2025-11-15T09:20:45Z vmauthd[2102860]: DictionaryLoad: Cannot open file "~/.vmware/preferences": No such file or directory.
2025-11-15T09:20:45Z vmauthd[2102860]: lib/ssl: OpenSSL using FIPS_drbg for RAND
2025-11-15T09:20:45Z vmauthd[2102860]: lib/ssl: protocol list tls1.2
2025-11-15T09:20:45Z vmauthd[2102860]: lib/ssl: protocol list tls1.2 (openssl flags 0x17000000)
2025-11-15T09:20:45Z vmauthd[2102860]: lib/ssl: cipher list ECDHE+AESGCM:RSA+AESGCM:ECDHE+AES:RSA+AES
2025-11-15T09:20:45Z vmauthd[2102860]: lib/ssl: curves list prime256v1:secp384r1:secp521r1
2025-11-15T09:20:45Z vmauthd[2102860]: Connect from remote socket (192.168.1.2:60450).
2025-11-15T09:20:45Z vmauthd[2102860]: Connect from 192.168.1.2
2025-11-15T09:20:45Z vmauthd[2102860]: FILE: FileCreateDirectoryEx: Failed to create /var/run/vmware/tickets/. Error = 17
2025-11-15T09:20:45Z vmauthd[2102860]: FILE: FileCreateDirectoryEx: Failed to create /var/run/vmware/tickets/. Error = 17
2025-11-15T09:20:45Z vmauthd[2102860]: local verification as root
2025-11-15T09:20:45Z vmauthd[2102860]: login from 192.168.1.2 as 525f7694-150e-3b45-3f96-65372e6e65c7
2025-11-15T09:20:45Z vmauthd[2102860]: received CONNECT command: /vmfs/volumes/3a4fd8ce-fc4375c4-effb-5cf3fce846f8/SGRL-ADC001_1/SGRL-ADC001.vmx mks
2025-11-15T09:20:45Z vmauthd[2102860]: Acquired lock for /var/run/vmware/authd_226062ab7d82351861fb836c092c66bf
2025-11-15T09:20:45Z vmauthd[2102860]: /vmfs/volumes/3a4fd8ce-fc4375c4-effb-5cf3fce846f8/SGRL-ADC001_1/SGRL-ADC001.vmx: Connected to mks-fd, remote end sent pid: 2102453
2025-11-15T09:20:45Z vmauthd[2102860]: released lock for /var/run/vmware/authd_226062ab7d82351861fb836c092c66bf
2025-11-15T09:20:45Z vmauthd[2102860]: Local connection for mks established.
2025-11-15T09:21:15Z vmauthd[2102862]: Msg_SetLocaleEx: HostLocale=UTF-8 UserLocale=NULL
2025-11-15T09:21:15Z vmauthd[2102862]: Could not expand environment variable HOME.
2025-11-15T09:21:15Z vmauthd[2102862]: Could not expand environment variable HOME.
2025-11-15T09:21:15Z vmauthd[2102862]: DictionaryLoad: Cannot open file "/usr/lib/vmware/config": No such file or directory.
2025-11-15T09:21:15Z vmauthd[2102862]: DictionaryLoad: Cannot open file "~/.vmware/config": No such file or directory.
2025-11-15T09:21:15Z vmauthd[2102862]: DictionaryLoad: Cannot open file "~/.vmware/preferences": No such file or directory.
2025-11-15T09:21:15Z vmauthd[2102862]: lib/ssl: OpenSSL using FIPS_drbg for RAND
2025-11-15T09:21:15Z vmauthd[2102862]: lib/ssl: protocol list tls1.2
2025-11-15T09:21:15Z vmauthd[2102862]: lib/ssl: protocol list tls1.2 (openssl flags 0x17000000)
2025-11-15T09:21:15Z vmauthd[2102862]: lib/ssl: cipher list ECDHE+AESGCM:RSA+AESGCM:ECDHE+AES:RSA+AES
2025-11-15T09:21:15Z vmauthd[2102862]: lib/ssl: curves list prime256v1:secp384r1:secp521r1
2025-11-15T09:21:15Z vmauthd[2102862]: Connect from (local) AF_UNIX socket.
2025-11-15T09:21:15Z vmauthd[2102862]: Connect from 127.0.0.1
2025-11-15T09:21:15Z vmauthd[2102862]: local verification as root
2025-11-15T09:21:15Z vmauthd[2102862]: received CONNECT_NOSTART command: /vmfs/volumes/3a4fd8ce-fc4375c4-effb-5cf3fce846f8/SGRL-ADC001_1/SGRL-ADC001.vmx vmx-vigor
2025-11-15T09:21:15Z vmauthd[2102862]: Acquired lock for /var/run/vmware/authd_226062ab7d82351861fb836c092c66bf
2025-11-15T09:21:15Z vmauthd[2102862]: No such VMware process: /vmfs/volumes/3a4fd8ce-fc4375c4-effb-5cf3fce846f8/SGRL-ADC001_1/SGRL-ADC001.vmx
2025-11-15T09:21:15Z vmauthd[2102862]: released lock for /var/run/vmware/authd_226062ab7d82351861fb836c092c66bf
2025-11-15T09:21:15Z vmauthd[2102862]: Local connection for vmx-vigor failed.
2025-11-15T09:21:15Z vmauthd[2102862]: Read failed.
2025-11-15T09:27:25Z vmauthd[2103152]: Msg_SetLocaleEx: HostLocale=UTF-8 UserLocale=NULL
2025-11-15T09:27:25Z vmauthd[2103152]: Could not expand environment variable HOME.
2025-11-15T09:27:25Z vmauthd[2103152]: Could not expand environment variable HOME.
2025-11-15T09:27:25Z vmauthd[2103152]: DictionaryLoad: Cannot open file "/usr/lib/vmware/config": No such file or directory.
2025-11-15T09:27:25Z vmauthd[2103152]: DictionaryLoad: Cannot open file "~/.vmware/config": No such file or directory.
2025-11-15T09:27:25Z vmauthd[2103152]: DictionaryLoad: Cannot open file "~/.vmware/preferences": No such file or directory.
2025-11-15T09:27:25Z vmauthd[2103152]: lib/ssl: OpenSSL using FIPS_drbg for RAND
2025-11-15T09:27:25Z vmauthd[2103152]: lib/ssl: protocol list tls1.2
2025-11-15T09:27:25Z vmauthd[2103152]: lib/ssl: protocol list tls1.2 (openssl flags 0x17000000)
2025-11-15T09:27:25Z vmauthd[2103152]: lib/ssl: cipher list ECDHE+AESGCM:RSA+AESGCM:ECDHE+AES:RSA+AES
2025-11-15T09:27:25Z vmauthd[2103152]: lib/ssl: curves list prime256v1:secp384r1:secp521r1
2025-11-15T09:27:25Z vmauthd[2103152]: Connect from remote socket (192.168.1.2:33750).
2025-11-15T09:27:25Z vmauthd[2103152]: Connect from 192.168.1.2
2025-11-15T09:27:25Z vmauthd[2103152]: FILE: FileCreateDirectoryEx: Failed to create /var/run/vmware/tickets/. Error = 17
2025-11-15T09:27:25Z vmauthd[2103152]: FILE: FileCreateDirectoryEx: Failed to create /var/run/vmware/tickets/. Error = 17
2025-11-15T09:27:25Z vmauthd[2103152]: local verification as root
2025-11-15T09:27:25Z vmauthd[2103152]: login from 192.168.1.2 as 5258a7c7-750c-7a21-cd27-d48839b2fe70
2025-11-15T09:27:25Z vmauthd[2103152]: received CONNECT command: /vmfs/volumes/3a4fd8ce-fc4375c4-effb-5cf3fce846f8/SGRL-ADC001_1/SGRL-ADC001.vmx mks
2025-11-15T09:27:25Z vmauthd[2103152]: Acquired lock for /var/run/vmware/authd_226062ab7d82351861fb836c092c66bf
2025-11-15T09:27:25Z vmauthd[2103152]: /vmfs/volumes/3a4fd8ce-fc4375c4-effb-5cf3fce846f8/SGRL-ADC001_1/SGRL-ADC001.vmx: Connected to mks-fd, remote end sent pid: 2102995
2025-11-15T09:27:25Z vmauthd[2103152]: released lock for /var/run/vmware/authd_226062ab7d82351861fb836c092c66bf
2025-11-15T09:27:25Z vmauthd[2103152]: Local connection for mks established.
2025-11-15T09:34:59Z vmauthd[2103311]: Msg_SetLocaleEx: HostLocale=UTF-8 UserLocale=NULL
2025-11-15T09:34:59Z vmauthd[2103311]: Could not expand environment variable HOME.
2025-11-15T09:34:59Z vmauthd[2103311]: Could not expand environment variable HOME.
2025-11-15T09:34:59Z vmauthd[2103311]: DictionaryLoad: Cannot open file "/usr/lib/vmware/config": No such file or directory.
2025-11-15T09:34:59Z vmauthd[2103311]: DictionaryLoad: Cannot open file "~/.vmware/config": No such file or directory.
2025-11-15T09:34:59Z vmauthd[2103311]: DictionaryLoad: Cannot open file "~/.vmware/preferences": No such file or directory.
2025-11-15T09:34:59Z vmauthd[2103311]: lib/ssl: OpenSSL using FIPS_drbg for RAND
2025-11-15T09:34:59Z vmauthd[2103311]: lib/ssl: protocol list tls1.2
2025-11-15T09:34:59Z vmauthd[2103311]: lib/ssl: protocol list tls1.2 (openssl flags 0x17000000)
2025-11-15T09:34:59Z vmauthd[2103311]: lib/ssl: cipher list ECDHE+AESGCM:RSA+AESGCM:ECDHE+AES:RSA+AES
2025-11-15T09:34:59Z vmauthd[2103311]: lib/ssl: curves list prime256v1:secp384r1:secp521r1
2025-11-15T09:34:59Z vmauthd[2103311]: Connect from (local) AF_UNIX socket.
2025-11-15T09:34:59Z vmauthd[2103311]: Connect from 127.0.0.1
2025-11-15T09:34:59Z vmauthd[2103311]: local verification as root
2025-11-15T09:34:59Z vmauthd[2103311]: received CONNECT_NOSTART command: /vmfs/volumes/3a4fd8ce-fc4375c4-effb-5cf3fce846f8/SGRL-ADC001_1/SGRL-ADC001.vmx vmx-vigor
2025-11-15T09:34:59Z vmauthd[2103311]: Acquired lock for /var/run/vmware/authd_226062ab7d82351861fb836c092c66bf
2025-11-15T09:34:59Z vmauthd[2103311]: No such VMware process: /vmfs/volumes/3a4fd8ce-fc4375c4-effb-5cf3fce846f8/SGRL-ADC001_1/SGRL-ADC001.vmx
2025-11-15T09:34:59Z vmauthd[2103311]: released lock for /var/run/vmware/authd_226062ab7d82351861fb836c092c66bf
2025-11-15T09:34:59Z vmauthd[2103311]: Local connection for vmx-vigor failed.
2025-11-15T09:34:59Z vmauthd[2103311]: Read failed.
2025-11-15T09:44:33Z vmauthd[2103616]: Msg_SetLocaleEx: HostLocale=UTF-8 UserLocale=NULL
2025-11-15T09:44:33Z vmauthd[2103616]: Could not expand environment variable HOME.
2025-11-15T09:44:33Z vmauthd[2103616]: Could not expand environment variable HOME.
2025-11-15T09:44:33Z vmauthd[2103616]: DictionaryLoad: Cannot open file "/usr/lib/vmware/config": No such file or directory.
2025-11-15T09:44:33Z vmauthd[2103616]: DictionaryLoad: Cannot open file "~/.vmware/config": No such file or directory.
2025-11-15T09:44:33Z vmauthd[2103616]: DictionaryLoad: Cannot open file "~/.vmware/preferences": No such file or directory.
2025-11-15T09:44:33Z vmauthd[2103616]: lib/ssl: OpenSSL using FIPS_drbg for RAND
2025-11-15T09:44:33Z vmauthd[2103616]: lib/ssl: protocol list tls1.2
2025-11-15T09:44:33Z vmauthd[2103616]: lib/ssl: protocol list tls1.2 (openssl flags 0x17000000)
2025-11-15T09:44:33Z vmauthd[2103616]: lib/ssl: cipher list ECDHE+AESGCM:RSA+AESGCM:ECDHE+AES:RSA+AES
2025-11-15T09:44:33Z vmauthd[2103616]: lib/ssl: curves list prime256v1:secp384r1:secp521r1
2025-11-15T09:44:33Z vmauthd[2103616]: Connect from remote socket (192.168.1.2:37344).
2025-11-15T09:44:33Z vmauthd[2103616]: Connect from 192.168.1.2
2025-11-15T09:44:33Z vmauthd[2103616]: FILE: FileCreateDirectoryEx: Failed to create /var/run/vmware/tickets/. Error = 17
2025-11-15T09:44:33Z vmauthd[2103616]: FILE: FileCreateDirectoryEx: Failed to create /var/run/vmware/tickets/. Error = 17
2025-11-15T09:44:33Z vmauthd[2103616]: local verification as root
2025-11-15T09:44:33Z vmauthd[2103616]: login from 192.168.1.2 as 528e3c87-a765-74b7-8c7a-7c693fb1e3b6
2025-11-15T09:44:33Z vmauthd[2103616]: received CONNECT command: /vmfs/volumes/3a4fd8ce-fc4375c4-effb-5cf3fce846f8/SGRL-ADC001/SGRL-ADC001.vmx mks
2025-11-15T09:44:33Z vmauthd[2103616]: Acquired lock for /var/run/vmware/authd_fa0e92f99f0bc0d4eb3b8d0ec4883621
2025-11-15T09:44:33Z vmauthd[2103616]: /vmfs/volumes/3a4fd8ce-fc4375c4-effb-5cf3fce846f8/SGRL-ADC001/SGRL-ADC001.vmx: Connected to mks-fd, remote end sent pid: 2103452
2025-11-15T09:44:33Z vmauthd[2103616]: released lock for /var/run/vmware/authd_fa0e92f99f0bc0d4eb3b8d0ec4883621
2025-11-15T09:44:33Z vmauthd[2103616]: Local connection for mks established.
2025-11-15T09:45:21Z vmauthd[2103628]: Msg_SetLocaleEx: HostLocale=UTF-8 UserLocale=NULL
2025-11-15T09:45:21Z vmauthd[2103628]: Could not expand environment variable HOME.
2025-11-15T09:45:21Z vmauthd[2103628]: Could not expand environment variable HOME.
2025-11-15T09:45:21Z vmauthd[2103628]: DictionaryLoad: Cannot open file "/usr/lib/vmware/config": No such file or directory.
2025-11-15T09:45:21Z vmauthd[2103628]: DictionaryLoad: Cannot open file "~/.vmware/config": No such file or directory.
2025-11-15T09:45:21Z vmauthd[2103628]: DictionaryLoad: Cannot open file "~/.vmware/preferences": No such file or directory.
2025-11-15T09:45:21Z vmauthd[2103628]: lib/ssl: OpenSSL using FIPS_drbg for RAND
2025-11-15T09:45:21Z vmauthd[2103628]: lib/ssl: protocol list tls1.2
2025-11-15T09:45:21Z vmauthd[2103628]: lib/ssl: protocol list tls1.2 (openssl flags 0x17000000)
2025-11-15T09:45:21Z vmauthd[2103628]: lib/ssl: cipher list ECDHE+AESGCM:RSA+AESGCM:ECDHE+AES:RSA+AES
2025-11-15T09:45:21Z vmauthd[2103628]: lib/ssl: curves list prime256v1:secp384r1:secp521r1
2025-11-15T09:45:21Z vmauthd[2103628]: Connect from (local) AF_UNIX socket.
2025-11-15T09:45:21Z vmauthd[2103628]: Connect from 127.0.0.1
2025-11-15T09:45:21Z vmauthd[2103628]: local verification as root
2025-11-15T09:45:21Z vmauthd[2103628]: received CONNECT_NOSTART command: /vmfs/volumes/3a4fd8ce-fc4375c4-effb-5cf3fce846f8/SGRL-ADC001/SGRL-ADC001.vmx vmx-vigor
2025-11-15T09:45:21Z vmauthd[2103628]: Acquired lock for /var/run/vmware/authd_fa0e92f99f0bc0d4eb3b8d0ec4883621
2025-11-15T09:45:21Z vmauthd[2103628]: No such VMware process: /vmfs/volumes/3a4fd8ce-fc4375c4-effb-5cf3fce846f8/SGRL-ADC001/SGRL-ADC001.vmx
2025-11-15T09:45:21Z vmauthd[2103628]: released lock for /var/run/vmware/authd_fa0e92f99f0bc0d4eb3b8d0ec4883621
2025-11-15T09:45:21Z vmauthd[2103628]: Local connection for vmx-vigor failed.
2025-11-15T09:45:21Z vmauthd[2103628]: Read failed.
2025-11-15T09:45:52Z vmauthd[2103925]: Msg_SetLocaleEx: HostLocale=UTF-8 UserLocale=NULL
2025-11-15T09:45:52Z vmauthd[2103925]: Could not expand environment variable HOME.
2025-11-15T09:45:52Z vmauthd[2103925]: Could not expand environment variable HOME.
2025-11-15T09:45:52Z vmauthd[2103925]: DictionaryLoad: Cannot open file "/usr/lib/vmware/config": No such file or directory.
2025-11-15T09:45:52Z vmauthd[2103925]: DictionaryLoad: Cannot open file "~/.vmware/config": No such file or directory.
2025-11-15T09:45:52Z vmauthd[2103925]: DictionaryLoad: Cannot open file "~/.vmware/preferences": No such file or directory.
2025-11-15T09:45:52Z vmauthd[2103925]: lib/ssl: OpenSSL using FIPS_drbg for RAND
2025-11-15T09:45:52Z vmauthd[2103925]: lib/ssl: protocol list tls1.2
2025-11-15T09:45:52Z vmauthd[2103925]: lib/ssl: protocol list tls1.2 (openssl flags 0x17000000)
2025-11-15T09:45:52Z vmauthd[2103925]: lib/ssl: cipher list ECDHE+AESGCM:RSA+AESGCM:ECDHE+AES:RSA+AES
2025-11-15T09:45:52Z vmauthd[2103925]: lib/ssl: curves list prime256v1:secp384r1:secp521r1
2025-11-15T09:45:52Z vmauthd[2103925]: Connect from remote socket (192.168.1.2:37744).
2025-11-15T09:45:52Z vmauthd[2103925]: Connect from 192.168.1.2
2025-11-15T09:45:52Z vmauthd[2103925]: FILE: FileCreateDirectoryEx: Failed to create /var/run/vmware/tickets/. Error = 17
2025-11-15T09:45:52Z vmauthd[2103925]: FILE: FileCreateDirectoryEx: Failed to create /var/run/vmware/tickets/. Error = 17
2025-11-15T09:45:52Z vmauthd[2103925]: local verification as root
2025-11-15T09:45:52Z vmauthd[2103925]: login from 192.168.1.2 as 52fe7261-94df-3439-df9b-7ae4eae473ef
2025-11-15T09:45:52Z vmauthd[2103925]: received CONNECT command: /vmfs/volumes/3a4fd8ce-fc4375c4-effb-5cf3fce846f8/SGRL-ADC001_1/SGRL-ADC001.vmx mks
2025-11-15T09:45:52Z vmauthd[2103925]: Acquired lock for /var/run/vmware/authd_226062ab7d82351861fb836c092c66bf
2025-11-15T09:45:52Z vmauthd[2103925]: /vmfs/volumes/3a4fd8ce-fc4375c4-effb-5cf3fce846f8/SGRL-ADC001_1/SGRL-ADC001.vmx: Connected to mks-fd, remote end sent pid: 2103632
2025-11-15T09:45:52Z vmauthd[2103925]: released lock for /var/run/vmware/authd_226062ab7d82351861fb836c092c66bf
2025-11-15T09:45:52Z vmauthd[2103925]: Local connection for mks established.
2025-11-15T10:40:51Z vmauthd[2105143]: Msg_SetLocaleEx: HostLocale=UTF-8 UserLocale=NULL
2025-11-15T10:40:51Z vmauthd[2105143]: Could not expand environment variable HOME.
2025-11-15T10:40:51Z vmauthd[2105143]: Could not expand environment variable HOME.
2025-11-15T10:40:51Z vmauthd[2105143]: DictionaryLoad: Cannot open file "/usr/lib/vmware/config": No such file or directory.
2025-11-15T10:40:51Z vmauthd[2105143]: DictionaryLoad: Cannot open file "~/.vmware/config": No such file or directory.
2025-11-15T10:40:51Z vmauthd[2105143]: DictionaryLoad: Cannot open file "~/.vmware/preferences": No such file or directory.
2025-11-15T10:40:51Z vmauthd[2105143]: lib/ssl: OpenSSL using FIPS_drbg for RAND
2025-11-15T10:40:51Z vmauthd[2105143]: lib/ssl: protocol list tls1.2
2025-11-15T10:40:51Z vmauthd[2105143]: lib/ssl: protocol list tls1.2 (openssl flags 0x17000000)
2025-11-15T10:40:51Z vmauthd[2105143]: lib/ssl: cipher list ECDHE+AESGCM:RSA+AESGCM:ECDHE+AES:RSA+AES
2025-11-15T10:40:51Z vmauthd[2105143]: lib/ssl: curves list prime256v1:secp384r1:secp521r1
2025-11-15T10:40:51Z vmauthd[2105143]: Connect from (local) AF_UNIX socket.
2025-11-15T10:40:51Z vmauthd[2105143]: Connect from 127.0.0.1
2025-11-15T10:40:51Z vmauthd[2105143]: local verification as root
2025-11-15T10:40:51Z vmauthd[2105143]: received CONNECT_NOSTART command: /vmfs/volumes/3a4fd8ce-fc4375c4-effb-5cf3fce846f8/SGRL-JMP001/SGRL-JMP001.vmx vmx-vigor
2025-11-15T10:40:51Z vmauthd[2105143]: Acquired lock for /var/run/vmware/authd_c4ce0adab722156d671ee3cafe1e876f
2025-11-15T10:40:51Z vmauthd[2105143]: No such VMware process: /vmfs/volumes/3a4fd8ce-fc4375c4-effb-5cf3fce846f8/SGRL-JMP001/SGRL-JMP001.vmx
2025-11-15T10:40:51Z vmauthd[2105143]: released lock for /var/run/vmware/authd_c4ce0adab722156d671ee3cafe1e876f
2025-11-15T10:40:51Z vmauthd[2105143]: Local connection for vmx-vigor failed.
2025-11-15T10:40:51Z vmauthd[2105143]: Read failed.
2025-11-15T10:43:37Z vmauthd[2105293]: Msg_SetLocaleEx: HostLocale=UTF-8 UserLocale=NULL
2025-11-15T10:43:37Z vmauthd[2105293]: Could not expand environment variable HOME.
2025-11-15T10:43:37Z vmauthd[2105293]: Could not expand environment variable HOME.
2025-11-15T10:43:37Z vmauthd[2105293]: DictionaryLoad: Cannot open file "/usr/lib/vmware/config": No such file or directory.
2025-11-15T10:43:37Z vmauthd[2105293]: DictionaryLoad: Cannot open file "~/.vmware/config": No such file or directory.
2025-11-15T10:43:37Z vmauthd[2105293]: DictionaryLoad: Cannot open file "~/.vmware/preferences": No such file or directory.
2025-11-15T10:43:37Z vmauthd[2105293]: lib/ssl: OpenSSL using FIPS_drbg for RAND
2025-11-15T10:43:37Z vmauthd[2105293]: lib/ssl: protocol list tls1.2
2025-11-15T10:43:37Z vmauthd[2105293]: lib/ssl: protocol list tls1.2 (openssl flags 0x17000000)
2025-11-15T10:43:37Z vmauthd[2105293]: lib/ssl: cipher list ECDHE+AESGCM:RSA+AESGCM:ECDHE+AES:RSA+AES
2025-11-15T10:43:37Z vmauthd[2105293]: lib/ssl: curves list prime256v1:secp384r1:secp521r1
2025-11-15T10:43:37Z vmauthd[2105293]: Connect from (local) AF_UNIX socket.
2025-11-15T10:43:37Z vmauthd[2105293]: Connect from 127.0.0.1
2025-11-15T10:43:37Z vmauthd[2105293]: local verification as root
2025-11-15T10:43:37Z vmauthd[2105293]: received CONNECT_NOSTART command: /vmfs/volumes/3a4fd8ce-fc4375c4-effb-5cf3fce846f8/VyOS-Router/VyOS-Router.vmx vmx-vigor
2025-11-15T10:43:37Z vmauthd[2105293]: Acquired lock for /var/run/vmware/authd_91ecdaacce253e6bc5c93f9dde6fab90
2025-11-15T10:43:37Z vmauthd[2105293]: No such VMware process: /vmfs/volumes/3a4fd8ce-fc4375c4-effb-5cf3fce846f8/VyOS-Router/VyOS-Router.vmx
2025-11-15T10:43:37Z vmauthd[2105293]: released lock for /var/run/vmware/authd_91ecdaacce253e6bc5c93f9dde6fab90
2025-11-15T10:43:37Z vmauthd[2105293]: Local connection for vmx-vigor failed.
2025-11-15T10:43:37Z vmauthd[2105293]: Read failed.
2025-11-15T10:43:42Z vmauthd[2105330]: Msg_SetLocaleEx: HostLocale=UTF-8 UserLocale=NULL
2025-11-15T10:43:42Z vmauthd[2105330]: Could not expand environment variable HOME.
2025-11-15T10:43:42Z vmauthd[2105330]: Could not expand environment variable HOME.
2025-11-15T10:43:42Z vmauthd[2105330]: DictionaryLoad: Cannot open file "/usr/lib/vmware/config": No such file or directory.
2025-11-15T10:43:42Z vmauthd[2105330]: DictionaryLoad: Cannot open file "~/.vmware/config": No such file or directory.
2025-11-15T10:43:42Z vmauthd[2105330]: DictionaryLoad: Cannot open file "~/.vmware/preferences": No such file or directory.
2025-11-15T10:43:42Z vmauthd[2105330]: lib/ssl: OpenSSL using FIPS_drbg for RAND
2025-11-15T10:43:42Z vmauthd[2105330]: lib/ssl: protocol list tls1.2
2025-11-15T10:43:42Z vmauthd[2105330]: lib/ssl: protocol list tls1.2 (openssl flags 0x17000000)
2025-11-15T10:43:42Z vmauthd[2105330]: lib/ssl: cipher list ECDHE+AESGCM:RSA+AESGCM:ECDHE+AES:RSA+AES
2025-11-15T10:43:42Z vmauthd[2105330]: lib/ssl: curves list prime256v1:secp384r1:secp521r1
2025-11-15T10:43:42Z vmauthd[2105330]: Connect from (local) AF_UNIX socket.
2025-11-15T10:43:42Z vmauthd[2105330]: Connect from 127.0.0.1
2025-11-15T10:43:42Z vmauthd[2105330]: local verification as root
2025-11-15T10:43:42Z vmauthd[2105330]: received CONNECT_NOSTART command: /vmfs/volumes/3a4fd8ce-fc4375c4-effb-5cf3fce846f8/OpenVPN/OpenVPN.vmx vmx-vigor
2025-11-15T10:43:42Z vmauthd[2105330]: Acquired lock for /var/run/vmware/authd_467a09f1a0efa3ab588f9f249bc6aba1
2025-11-15T10:43:42Z vmauthd[2105330]: No such VMware process: /vmfs/volumes/3a4fd8ce-fc4375c4-effb-5cf3fce846f8/OpenVPN/OpenVPN.vmx
2025-11-15T10:43:42Z vmauthd[2105330]: released lock for /var/run/vmware/authd_467a09f1a0efa3ab588f9f249bc6aba1
2025-11-15T10:43:42Z vmauthd[2105330]: Local connection for vmx-vigor failed.
2025-11-15T10:43:42Z vmauthd[2105330]: Read failed.
2025-11-15T10:43:43Z vmauthd[2105462]: Msg_SetLocaleEx: HostLocale=UTF-8 UserLocale=NULL
2025-11-15T10:43:43Z vmauthd[2105462]: Could not expand environment variable HOME.
2025-11-15T10:43:43Z vmauthd[2105462]: Could not expand environment variable HOME.
2025-11-15T10:43:43Z vmauthd[2105462]: DictionaryLoad: Cannot open file "/usr/lib/vmware/config": No such file or directory.
2025-11-15T10:43:43Z vmauthd[2105462]: DictionaryLoad: Cannot open file "~/.vmware/config": No such file or directory.
2025-11-15T10:43:43Z vmauthd[2105462]: DictionaryLoad: Cannot open file "~/.vmware/preferences": No such file or directory.
2025-11-15T10:43:43Z vmauthd[2105462]: lib/ssl: OpenSSL using FIPS_drbg for RAND
2025-11-15T10:43:43Z vmauthd[2105462]: lib/ssl: protocol list tls1.2
2025-11-15T10:43:43Z vmauthd[2105462]: lib/ssl: protocol list tls1.2 (openssl flags 0x17000000)
2025-11-15T10:43:43Z vmauthd[2105462]: lib/ssl: cipher list ECDHE+AESGCM:RSA+AESGCM:ECDHE+AES:RSA+AES
2025-11-15T10:43:43Z vmauthd[2105462]: lib/ssl: curves list prime256v1:secp384r1:secp521r1
2025-11-15T10:43:43Z vmauthd[2105462]: Connect from (local) AF_UNIX socket.
2025-11-15T10:43:43Z vmauthd[2105462]: Connect from 127.0.0.1
2025-11-15T10:43:43Z vmauthd[2105462]: local verification as root
2025-11-15T10:43:43Z vmauthd[2105462]: received CONNECT_NOSTART command: /vmfs/volumes/3a4fd8ce-fc4375c4-effb-5cf3fce846f8/SGRL-ANS001/SGRL-ANS001.vmx vmx-vigor
2025-11-15T10:43:43Z vmauthd[2105462]: Acquired lock for /var/run/vmware/authd_3b9df648ac1df1f9cc22917a303db689
2025-11-15T10:43:43Z vmauthd[2105462]: No such VMware process: /vmfs/volumes/3a4fd8ce-fc4375c4-effb-5cf3fce846f8/SGRL-ANS001/SGRL-ANS001.vmx
2025-11-15T10:43:43Z vmauthd[2105462]: released lock for /var/run/vmware/authd_3b9df648ac1df1f9cc22917a303db689
2025-11-15T10:43:43Z vmauthd[2105462]: Local connection for vmx-vigor failed.
2025-11-15T10:43:43Z vmauthd[2105462]: Read failed.
2025-11-15T10:43:43Z vmauthd[2105485]: Msg_SetLocaleEx: HostLocale=UTF-8 UserLocale=NULL
2025-11-15T10:43:43Z vmauthd[2105485]: Could not expand environment variable HOME.
2025-11-15T10:43:43Z vmauthd[2105485]: Could not expand environment variable HOME.
2025-11-15T10:43:43Z vmauthd[2105485]: DictionaryLoad: Cannot open file "/usr/lib/vmware/config": No such file or directory.
2025-11-15T10:43:43Z vmauthd[2105485]: DictionaryLoad: Cannot open file "~/.vmware/config": No such file or directory.
2025-11-15T10:43:43Z vmauthd[2105485]: DictionaryLoad: Cannot open file "~/.vmware/preferences": No such file or directory.
2025-11-15T10:43:43Z vmauthd[2105485]: lib/ssl: OpenSSL using FIPS_drbg for RAND
2025-11-15T10:43:43Z vmauthd[2105485]: lib/ssl: protocol list tls1.2
2025-11-15T10:43:43Z vmauthd[2105485]: lib/ssl: protocol list tls1.2 (openssl flags 0x17000000)
2025-11-15T10:43:43Z vmauthd[2105485]: lib/ssl: cipher list ECDHE+AESGCM:RSA+AESGCM:ECDHE+AES:RSA+AES
2025-11-15T10:43:43Z vmauthd[2105485]: lib/ssl: curves list prime256v1:secp384r1:secp521r1
2025-11-15T10:43:43Z vmauthd[2105485]: Connect from (local) AF_UNIX socket.
2025-11-15T10:43:43Z vmauthd[2105485]: Connect from 127.0.0.1
2025-11-15T10:43:43Z vmauthd[2105485]: local verification as root
2025-11-15T10:43:43Z vmauthd[2105485]: received CONNECT_NOSTART command: /vmfs/volumes/3a4fd8ce-fc4375c4-effb-5cf3fce846f8/SGRL-ANS002/SGRL-ANS002.vmx vmx-vigor
2025-11-15T10:43:43Z vmauthd[2105485]: Acquired lock for /var/run/vmware/authd_8dfdc9da76ef4de5e2bcb61665c61302
2025-11-15T10:43:43Z vmauthd[2105485]: No such VMware process: /vmfs/volumes/3a4fd8ce-fc4375c4-effb-5cf3fce846f8/SGRL-ANS002/SGRL-ANS002.vmx
2025-11-15T10:43:43Z vmauthd[2105485]: released lock for /var/run/vmware/authd_8dfdc9da76ef4de5e2bcb61665c61302
2025-11-15T10:43:43Z vmauthd[2105485]: Local connection for vmx-vigor failed.
2025-11-15T10:43:43Z vmauthd[2105485]: Read failed.
2025-11-15T10:43:43Z vmauthd[2105486]: Msg_SetLocaleEx: HostLocale=UTF-8 UserLocale=NULL
2025-11-15T10:43:43Z vmauthd[2105486]: Could not expand environment variable HOME.
2025-11-15T10:43:43Z vmauthd[2105486]: Could not expand environment variable HOME.
2025-11-15T10:43:43Z vmauthd[2105486]: DictionaryLoad: Cannot open file "/usr/lib/vmware/config": No such file or directory.
2025-11-15T10:43:43Z vmauthd[2105486]: DictionaryLoad: Cannot open file "~/.vmware/config": No such file or directory.
2025-11-15T10:43:43Z vmauthd[2105486]: DictionaryLoad: Cannot open file "~/.vmware/preferences": No such file or directory.
2025-11-15T10:43:43Z vmauthd[2105486]: lib/ssl: OpenSSL using FIPS_drbg for RAND
2025-11-15T10:43:43Z vmauthd[2105486]: lib/ssl: protocol list tls1.2
2025-11-15T10:43:43Z vmauthd[2105486]: lib/ssl: protocol list tls1.2 (openssl flags 0x17000000)
2025-11-15T10:43:43Z vmauthd[2105486]: lib/ssl: cipher list ECDHE+AESGCM:RSA+AESGCM:ECDHE+AES:RSA+AES
2025-11-15T10:43:43Z vmauthd[2105486]: lib/ssl: curves list prime256v1:secp384r1:secp521r1
2025-11-15T10:43:43Z vmauthd[2105486]: Connect from (local) AF_UNIX socket.
2025-11-15T10:43:43Z vmauthd[2105486]: Connect from 127.0.0.1
2025-11-15T10:43:43Z vmauthd[2105486]: local verification as root
2025-11-15T10:43:43Z vmauthd[2105486]: received CONNECT_NOSTART command: /vmfs/volumes/3a4fd8ce-fc4375c4-effb-5cf3fce846f8/SGRL-ANS003/SGRL-ANS003.vmx vmx-vigor
2025-11-15T10:43:43Z vmauthd[2105486]: Acquired lock for /var/run/vmware/authd_c0b5f6264c25e3cf475296695063f091
2025-11-15T10:43:43Z vmauthd[2105486]: No such VMware process: /vmfs/volumes/3a4fd8ce-fc4375c4-effb-5cf3fce846f8/SGRL-ANS003/SGRL-ANS003.vmx
2025-11-15T10:43:43Z vmauthd[2105486]: released lock for /var/run/vmware/authd_c0b5f6264c25e3cf475296695063f091
2025-11-15T10:43:43Z vmauthd[2105486]: Local connection for vmx-vigor failed.
2025-11-15T10:43:43Z vmauthd[2105486]: Read failed.
2025-11-15T10:43:58Z vmauthd[2105614]: Msg_SetLocaleEx: HostLocale=UTF-8 UserLocale=NULL
2025-11-15T10:43:58Z vmauthd[2105614]: Could not expand environment variable HOME.
2025-11-15T10:43:58Z vmauthd[2105614]: Could not expand environment variable HOME.
2025-11-15T10:43:58Z vmauthd[2105614]: DictionaryLoad: Cannot open file "/usr/lib/vmware/config": No such file or directory.
2025-11-15T10:43:58Z vmauthd[2105614]: DictionaryLoad: Cannot open file "~/.vmware/config": No such file or directory.
2025-11-15T10:43:58Z vmauthd[2105614]: DictionaryLoad: Cannot open file "~/.vmware/preferences": No such file or directory.
2025-11-15T10:43:58Z vmauthd[2105614]: lib/ssl: OpenSSL using FIPS_drbg for RAND
2025-11-15T10:43:58Z vmauthd[2105614]: lib/ssl: protocol list tls1.2
2025-11-15T10:43:58Z vmauthd[2105614]: lib/ssl: protocol list tls1.2 (openssl flags 0x17000000)
2025-11-15T10:43:58Z vmauthd[2105614]: lib/ssl: cipher list ECDHE+AESGCM:RSA+AESGCM:ECDHE+AES:RSA+AES
2025-11-15T10:43:58Z vmauthd[2105614]: lib/ssl: curves list prime256v1:secp384r1:secp521r1
2025-11-15T10:43:58Z vmauthd[2105614]: Connect from (local) AF_UNIX socket.
2025-11-15T10:43:58Z vmauthd[2105614]: Connect from 127.0.0.1
2025-11-15T10:43:58Z vmauthd[2105614]: local verification as root
2025-11-15T10:43:58Z vmauthd[2105614]: received CONNECT_NOSTART command: /vmfs/volumes/3a4fd8ce-fc4375c4-effb-5cf3fce846f8/SGRL-ADC001_1/SGRL-ADC001.vmx vmx-vigor
2025-11-15T10:43:58Z vmauthd[2105614]: Acquired lock for /var/run/vmware/authd_226062ab7d82351861fb836c092c66bf
2025-11-15T10:43:58Z vmauthd[2105614]: No such VMware process: /vmfs/volumes/3a4fd8ce-fc4375c4-effb-5cf3fce846f8/SGRL-ADC001_1/SGRL-ADC001.vmx
2025-11-15T10:43:58Z vmauthd[2105614]: released lock for /var/run/vmware/authd_226062ab7d82351861fb836c092c66bf
2025-11-15T10:43:58Z vmauthd[2105614]: Local connection for vmx-vigor failed.
2025-11-15T10:43:58Z vmauthd[2105614]: Read failed.
2025-11-15T10:45:12Z vmauthd[2105759]: Msg_SetLocaleEx: HostLocale=UTF-8 UserLocale=NULL
2025-11-15T10:45:12Z vmauthd[2105759]: Could not expand environment variable HOME.
2025-11-15T10:45:12Z vmauthd[2105759]: Could not expand environment variable HOME.
2025-11-15T10:45:12Z vmauthd[2105759]: DictionaryLoad: Cannot open file "/usr/lib/vmware/config": No such file or directory.
2025-11-15T10:45:12Z vmauthd[2105759]: DictionaryLoad: Cannot open file "~/.vmware/config": No such file or directory.
2025-11-15T10:45:12Z vmauthd[2105759]: DictionaryLoad: Cannot open file "~/.vmware/preferences": No such file or directory.
2025-11-15T10:45:12Z vmauthd[2105759]: lib/ssl: OpenSSL using FIPS_drbg for RAND
2025-11-15T10:45:12Z vmauthd[2105759]: lib/ssl: protocol list tls1.2
2025-11-15T10:45:12Z vmauthd[2105759]: lib/ssl: protocol list tls1.2 (openssl flags 0x17000000)
2025-11-15T10:45:12Z vmauthd[2105759]: lib/ssl: cipher list ECDHE+AESGCM:RSA+AESGCM:ECDHE+AES:RSA+AES
2025-11-15T10:45:12Z vmauthd[2105759]: lib/ssl: curves list prime256v1:secp384r1:secp521r1
2025-11-15T10:45:12Z vmauthd[2105759]: Connect from (local) AF_UNIX socket.
2025-11-15T10:45:12Z vmauthd[2105759]: Connect from 127.0.0.1
2025-11-15T10:45:12Z vmauthd[2105759]: local verification as root
2025-11-15T10:45:12Z vmauthd[2105759]: received CONNECT_NOSTART command: /vmfs/volumes/3a4fd8ce-fc4375c4-effb-5cf3fce846f8/SGRL-VCSA01/SGRL-VCSA01.vmx vmx-vigor
2025-11-15T10:45:12Z vmauthd[2105759]: Acquired lock for /var/run/vmware/authd_84500fb122bfa30daf2e457a68fcb33e
2025-11-15T10:45:12Z vmauthd[2105759]: No such VMware process: /vmfs/volumes/3a4fd8ce-fc4375c4-effb-5cf3fce846f8/SGRL-VCSA01/SGRL-VCSA01.vmx
2025-11-15T10:45:12Z vmauthd[2105759]: released lock for /var/run/vmware/authd_84500fb122bfa30daf2e457a68fcb33e
2025-11-15T10:45:12Z vmauthd[2105759]: Local connection for vmx-vigor failed.
2025-11-15T10:45:12Z vmauthd[2105759]: Read failed.
2025-11-15T10:45:36Z vmauthd[2105891]: Msg_SetLocaleEx: HostLocale=UTF-8 UserLocale=NULL
2025-11-15T10:45:36Z vmauthd[2105891]: Could not expand environment variable HOME.
2025-11-15T10:45:36Z vmauthd[2105891]: Could not expand environment variable HOME.
2025-11-15T10:45:36Z vmauthd[2105891]: DictionaryLoad: Cannot open file "/usr/lib/vmware/config": No such file or directory.
2025-11-15T10:45:36Z vmauthd[2105891]: DictionaryLoad: Cannot open file "~/.vmware/config": No such file or directory.
2025-11-15T10:45:36Z vmauthd[2105891]: DictionaryLoad: Cannot open file "~/.vmware/preferences": No such file or directory.
2025-11-15T10:45:36Z vmauthd[2105891]: lib/ssl: OpenSSL using FIPS_drbg for RAND
2025-11-15T10:45:36Z vmauthd[2105891]: lib/ssl: protocol list tls1.2
2025-11-15T10:45:36Z vmauthd[2105891]: lib/ssl: protocol list tls1.2 (openssl flags 0x17000000)
2025-11-15T10:45:36Z vmauthd[2105891]: lib/ssl: cipher list ECDHE+AESGCM:RSA+AESGCM:ECDHE+AES:RSA+AES
2025-11-15T10:45:36Z vmauthd[2105891]: lib/ssl: curves list prime256v1:secp384r1:secp521r1
2025-11-15T10:45:36Z vmauthd[2105891]: Connect from (local) AF_UNIX socket.
2025-11-15T10:45:36Z vmauthd[2105891]: Connect from 127.0.0.1
2025-11-15T10:45:36Z vmauthd[2105891]: local verification as root
2025-11-15T10:45:36Z vmauthd[2105891]: received CONNECT_NOSTART command: /vmfs/volumes/3a4fd8ce-fc4375c4-effb-5cf3fce846f8/SGRL-NSX001/SGRL-NSX001.vmx vmx-vigor
2025-11-15T10:45:36Z vmauthd[2105891]: Acquired lock for /var/run/vmware/authd_b514a3faae5fd69bef63d875e0a2318a
2025-11-15T10:45:36Z vmauthd[2105891]: No such VMware process: /vmfs/volumes/3a4fd8ce-fc4375c4-effb-5cf3fce846f8/SGRL-NSX001/SGRL-NSX001.vmx
2025-11-15T10:45:36Z vmauthd[2105891]: released lock for /var/run/vmware/authd_b514a3faae5fd69bef63d875e0a2318a
2025-11-15T10:45:36Z vmauthd[2105891]: Local connection for vmx-vigor failed.
2025-11-15T10:45:36Z vmauthd[2105891]: Read failed.
2025-11-15T21:44:01Z vmauthd[2101579]: Msg_SetLocaleEx: HostLocale=UTF-8 UserLocale=NULL
2025-11-15T21:44:01Z vmauthd[2101579]: Could not expand environment variable HOME.
2025-11-15T21:44:01Z vmauthd[2101579]: Could not expand environment variable HOME.
2025-11-15T21:44:01Z vmauthd[2101579]: DictionaryLoad: Cannot open file "/usr/lib/vmware/config": No such file or directory.
2025-11-15T21:44:01Z vmauthd[2101579]: DictionaryLoad: Cannot open file "~/.vmware/config": No such file or directory.
2025-11-15T21:44:01Z vmauthd[2101579]: DictionaryLoad: Cannot open file "~/.vmware/preferences": No such file or directory.
2025-11-15T21:44:01Z vmauthd[2101579]: lib/ssl: OpenSSL using FIPS_drbg for RAND
2025-11-15T21:44:01Z vmauthd[2101579]: lib/ssl: protocol list tls1.2
2025-11-15T21:44:01Z vmauthd[2101579]: lib/ssl: protocol list tls1.2 (openssl flags 0x17000000)
2025-11-15T21:44:01Z vmauthd[2101579]: lib/ssl: cipher list ECDHE+AESGCM:RSA+AESGCM:ECDHE+AES:RSA+AES
2025-11-15T21:44:01Z vmauthd[2101579]: lib/ssl: curves list prime256v1:secp384r1:secp521r1
2025-11-15T21:44:01Z vmauthd[2101579]: Connect from remote socket (192.168.1.2:33530).
2025-11-15T21:44:01Z vmauthd[2101579]: Connect from 192.168.1.2
2025-11-15T21:44:02Z vmauthd[2101579]: Received PROXY command for vpxa-nfcssl, session = 52 26 1c ca bf 24 01 00-cb a6 aa c2 c7 e6 29 0b
2025-11-15T21:44:02Z vmauthd[2101579]: vmware-vpxa: Connected to vpxa-nfcssl-fd, remote end sent pid: 2099327
2025-11-15T21:56:34Z vmauthd[2102046]: Msg_SetLocaleEx: HostLocale=UTF-8 UserLocale=NULL
2025-11-15T21:56:34Z vmauthd[2102046]: Could not expand environment variable HOME.
2025-11-15T21:56:34Z vmauthd[2102046]: Could not expand environment variable HOME.
2025-11-15T21:56:34Z vmauthd[2102046]: DictionaryLoad: Cannot open file "/usr/lib/vmware/config": No such file or directory.
2025-11-15T21:56:34Z vmauthd[2102046]: DictionaryLoad: Cannot open file "~/.vmware/config": No such file or directory.
2025-11-15T21:56:34Z vmauthd[2102046]: DictionaryLoad: Cannot open file "~/.vmware/preferences": No such file or directory.
2025-11-15T21:56:34Z vmauthd[2102046]: lib/ssl: OpenSSL using FIPS_drbg for RAND
2025-11-15T21:56:34Z vmauthd[2102046]: lib/ssl: protocol list tls1.2
2025-11-15T21:56:34Z vmauthd[2102046]: lib/ssl: protocol list tls1.2 (openssl flags 0x17000000)
2025-11-15T21:56:34Z vmauthd[2102046]: lib/ssl: cipher list ECDHE+AESGCM:RSA+AESGCM:ECDHE+AES:RSA+AES
2025-11-15T21:56:34Z vmauthd[2102046]: lib/ssl: curves list prime256v1:secp384r1:secp521r1
2025-11-15T21:56:34Z vmauthd[2102046]: Connect from remote socket (192.168.1.2:36314).
2025-11-15T21:56:34Z vmauthd[2102046]: Connect from 192.168.1.2
2025-11-15T21:56:34Z vmauthd[2102046]: FILE: FileCreateDirectoryEx: Failed to create /var/run/vmware/tickets/. Error = 17
2025-11-15T21:56:34Z vmauthd[2102046]: FILE: FileCreateDirectoryEx: Failed to create /var/run/vmware/tickets/. Error = 17
2025-11-15T21:56:34Z vmauthd[2102046]: local verification as root
2025-11-15T21:56:34Z vmauthd[2102046]: login from 192.168.1.2 as 5294c7cd-4a7e-ca65-699e-e434b364a911
2025-11-15T21:56:34Z vmauthd[2102046]: received CONNECT command: /vmfs/volumes/3a4fd8ce-fc4375c4-effb-5cf3fce846f8/SGRL-ANS004/SGRL-ANS004.vmx mks
2025-11-15T21:56:34Z vmauthd[2102046]: Acquired lock for /var/run/vmware/authd_0c4ed767b9c36095534d86bc17db7b7b
2025-11-15T21:56:34Z vmauthd[2102046]: /vmfs/volumes/3a4fd8ce-fc4375c4-effb-5cf3fce846f8/SGRL-ANS004/SGRL-ANS004.vmx: Connected to mks-fd, remote end sent pid: 2101862
2025-11-15T21:56:34Z vmauthd[2102046]: released lock for /var/run/vmware/authd_0c4ed767b9c36095534d86bc17db7b7b
2025-11-15T21:56:34Z vmauthd[2102046]: Local connection for mks established.
2025-11-15T22:00:44Z vmauthd[2102078]: Msg_SetLocaleEx: HostLocale=UTF-8 UserLocale=NULL
2025-11-15T22:00:44Z vmauthd[2102078]: Could not expand environment variable HOME.
2025-11-15T22:00:44Z vmauthd[2102078]: Could not expand environment variable HOME.
2025-11-15T22:00:44Z vmauthd[2102078]: DictionaryLoad: Cannot open file "/usr/lib/vmware/config": No such file or directory.
2025-11-15T22:00:44Z vmauthd[2102078]: DictionaryLoad: Cannot open file "~/.vmware/config": No such file or directory.
2025-11-15T22:00:44Z vmauthd[2102078]: DictionaryLoad: Cannot open file "~/.vmware/preferences": No such file or directory.
2025-11-15T22:00:44Z vmauthd[2102078]: lib/ssl: OpenSSL using FIPS_drbg for RAND
2025-11-15T22:00:44Z vmauthd[2102078]: lib/ssl: protocol list tls1.2
2025-11-15T22:00:44Z vmauthd[2102078]: lib/ssl: protocol list tls1.2 (openssl flags 0x17000000)
2025-11-15T22:00:44Z vmauthd[2102078]: lib/ssl: cipher list ECDHE+AESGCM:RSA+AESGCM:ECDHE+AES:RSA+AES
2025-11-15T22:00:44Z vmauthd[2102078]: lib/ssl: curves list prime256v1:secp384r1:secp521r1
2025-11-15T22:00:44Z vmauthd[2102078]: Connect from remote socket (192.168.1.2:37190).
2025-11-15T22:00:44Z vmauthd[2102078]: Connect from 192.168.1.2
2025-11-15T22:00:44Z vmauthd[2102078]: FILE: FileCreateDirectoryEx: Failed to create /var/run/vmware/tickets/. Error = 17
2025-11-15T22:00:44Z vmauthd[2102078]: FILE: FileCreateDirectoryEx: Failed to create /var/run/vmware/tickets/. Error = 17
2025-11-15T22:00:44Z vmauthd[2102078]: local verification as root
2025-11-15T22:00:44Z vmauthd[2102078]: login from 192.168.1.2 as 52bf8aab-0a53-3def-4b27-b1eb7cfddbfd
2025-11-15T22:00:44Z vmauthd[2102078]: received CONNECT command: /vmfs/volumes/3a4fd8ce-fc4375c4-effb-5cf3fce846f8/SGRL-ANS005/SGRL-ANS005.vmx mks
2025-11-15T22:00:44Z vmauthd[2102078]: Acquired lock for /var/run/vmware/authd_28e1b2a1e15de7aec7fa51b826f508e6
2025-11-15T22:00:44Z vmauthd[2102078]: /vmfs/volumes/3a4fd8ce-fc4375c4-effb-5cf3fce846f8/SGRL-ANS005/SGRL-ANS005.vmx: Connected to mks-fd, remote end sent pid: 2101875
2025-11-15T22:00:44Z vmauthd[2102078]: released lock for /var/run/vmware/authd_28e1b2a1e15de7aec7fa51b826f508e6
2025-11-15T22:00:44Z vmauthd[2102078]: Local connection for mks established.
2025-11-15T22:54:04Z vmauthd[2102813]: Msg_SetLocaleEx: HostLocale=UTF-8 UserLocale=NULL
2025-11-15T22:54:04Z vmauthd[2102813]: Could not expand environment variable HOME.
2025-11-15T22:54:04Z vmauthd[2102813]: Could not expand environment variable HOME.
2025-11-15T22:54:04Z vmauthd[2102813]: DictionaryLoad: Cannot open file "/usr/lib/vmware/config": No such file or directory.
2025-11-15T22:54:04Z vmauthd[2102813]: DictionaryLoad: Cannot open file "~/.vmware/config": No such file or directory.
2025-11-15T22:54:04Z vmauthd[2102813]: DictionaryLoad: Cannot open file "~/.vmware/preferences": No such file or directory.
2025-11-15T22:54:04Z vmauthd[2102813]: lib/ssl: OpenSSL using FIPS_drbg for RAND
2025-11-15T22:54:04Z vmauthd[2102813]: lib/ssl: protocol list tls1.2
2025-11-15T22:54:04Z vmauthd[2102813]: lib/ssl: protocol list tls1.2 (openssl flags 0x17000000)
2025-11-15T22:54:04Z vmauthd[2102813]: lib/ssl: cipher list ECDHE+AESGCM:RSA+AESGCM:ECDHE+AES:RSA+AES
2025-11-15T22:54:04Z vmauthd[2102813]: lib/ssl: curves list prime256v1:secp384r1:secp521r1
2025-11-15T22:54:04Z vmauthd[2102813]: Connect from remote socket (192.168.1.2:47614).
2025-11-15T22:54:04Z vmauthd[2102813]: Connect from 192.168.1.2
2025-11-15T22:54:04Z vmauthd[2102813]: FILE: FileCreateDirectoryEx: Failed to create /var/run/vmware/tickets/. Error = 17
2025-11-15T22:54:04Z vmauthd[2102813]: FILE: FileCreateDirectoryEx: Failed to create /var/run/vmware/tickets/. Error = 17
2025-11-15T22:54:04Z vmauthd[2102813]: local verification as root
2025-11-15T22:54:04Z vmauthd[2102813]: login from 192.168.1.2 as 5243fee0-8c54-2c00-a86e-c77ab75d76a7
2025-11-15T22:54:04Z vmauthd[2102813]: received CONNECT command: /vmfs/volumes/3a4fd8ce-fc4375c4-effb-5cf3fce846f8/SGRL-ADC001_1/SGRL-ADC001.vmx mks
2025-11-15T22:54:05Z vmauthd[2102813]: Acquired lock for /var/run/vmware/authd_226062ab7d82351861fb836c092c66bf
2025-11-15T22:54:05Z vmauthd[2102813]: /vmfs/volumes/3a4fd8ce-fc4375c4-effb-5cf3fce846f8/SGRL-ADC001_1/SGRL-ADC001.vmx: Connected to mks-fd, remote end sent pid: 2099800
2025-11-15T22:54:05Z vmauthd[2102813]: released lock for /var/run/vmware/authd_226062ab7d82351861fb836c092c66bf
2025-11-15T22:54:05Z vmauthd[2102813]: Local connection for mks established.
2025-11-16T00:53:17Z vmauthd[2103625]: Msg_SetLocaleEx: HostLocale=UTF-8 UserLocale=NULL
2025-11-16T00:53:17Z vmauthd[2103625]: Could not expand environment variable HOME.
2025-11-16T00:53:17Z vmauthd[2103625]: Could not expand environment variable HOME.
2025-11-16T00:53:17Z vmauthd[2103625]: DictionaryLoad: Cannot open file "/usr/lib/vmware/config": No such file or directory.
2025-11-16T00:53:17Z vmauthd[2103625]: DictionaryLoad: Cannot open file "~/.vmware/config": No such file or directory.
2025-11-16T00:53:17Z vmauthd[2103625]: DictionaryLoad: Cannot open file "~/.vmware/preferences": No such file or directory.
2025-11-16T00:53:17Z vmauthd[2103625]: lib/ssl: OpenSSL using FIPS_drbg for RAND
2025-11-16T00:53:17Z vmauthd[2103625]: lib/ssl: protocol list tls1.2
2025-11-16T00:53:17Z vmauthd[2103625]: lib/ssl: protocol list tls1.2 (openssl flags 0x17000000)
2025-11-16T00:53:17Z vmauthd[2103625]: lib/ssl: cipher list ECDHE+AESGCM:RSA+AESGCM:ECDHE+AES:RSA+AES
2025-11-16T00:53:17Z vmauthd[2103625]: lib/ssl: curves list prime256v1:secp384r1:secp521r1
2025-11-16T00:53:17Z vmauthd[2103625]: Connect from (local) AF_UNIX socket.
2025-11-16T00:53:17Z vmauthd[2103625]: Connect from 127.0.0.1
2025-11-16T00:53:17Z vmauthd[2103625]: local verification as root
2025-11-16T00:53:17Z vmauthd[2103625]: received CONNECT_NOSTART command: /vmfs/volumes/3a4fd8ce-fc4375c4-effb-5cf3fce846f8/VyOS-Router/VyOS-Router.vmx vmx-vigor
2025-11-16T00:53:17Z vmauthd[2103625]: Acquired lock for /var/run/vmware/authd_91ecdaacce253e6bc5c93f9dde6fab90
2025-11-16T00:53:17Z vmauthd[2103625]: No such VMware process: /vmfs/volumes/3a4fd8ce-fc4375c4-effb-5cf3fce846f8/VyOS-Router/VyOS-Router.vmx
2025-11-16T00:53:17Z vmauthd[2103625]: released lock for /var/run/vmware/authd_91ecdaacce253e6bc5c93f9dde6fab90
2025-11-16T00:53:17Z vmauthd[2103625]: Local connection for vmx-vigor failed.
2025-11-16T00:53:17Z vmauthd[2103625]: Read failed.
2025-11-16T00:53:21Z vmauthd[2103638]: Msg_SetLocaleEx: HostLocale=UTF-8 UserLocale=NULL
2025-11-16T00:53:21Z vmauthd[2103638]: Could not expand environment variable HOME.
2025-11-16T00:53:21Z vmauthd[2103638]: Could not expand environment variable HOME.
2025-11-16T00:53:21Z vmauthd[2103638]: DictionaryLoad: Cannot open file "/usr/lib/vmware/config": No such file or directory.
2025-11-16T00:53:21Z vmauthd[2103638]: DictionaryLoad: Cannot open file "~/.vmware/config": No such file or directory.
2025-11-16T00:53:21Z vmauthd[2103638]: DictionaryLoad: Cannot open file "~/.vmware/preferences": No such file or directory.
2025-11-16T00:53:21Z vmauthd[2103638]: lib/ssl: OpenSSL using FIPS_drbg for RAND
2025-11-16T00:53:21Z vmauthd[2103638]: lib/ssl: protocol list tls1.2
2025-11-16T00:53:21Z vmauthd[2103638]: lib/ssl: protocol list tls1.2 (openssl flags 0x17000000)
2025-11-16T00:53:21Z vmauthd[2103638]: lib/ssl: cipher list ECDHE+AESGCM:RSA+AESGCM:ECDHE+AES:RSA+AES
2025-11-16T00:53:21Z vmauthd[2103638]: lib/ssl: curves list prime256v1:secp384r1:secp521r1
2025-11-16T00:53:21Z vmauthd[2103638]: Connect from (local) AF_UNIX socket.
2025-11-16T00:53:21Z vmauthd[2103638]: Connect from 127.0.0.1
2025-11-16T00:53:21Z vmauthd[2103638]: local verification as root
2025-11-16T00:53:21Z vmauthd[2103638]: received CONNECT_NOSTART command: /vmfs/volumes/3a4fd8ce-fc4375c4-effb-5cf3fce846f8/OpenVPN/OpenVPN.vmx vmx-vigor
2025-11-16T00:53:21Z vmauthd[2103638]: Acquired lock for /var/run/vmware/authd_467a09f1a0efa3ab588f9f249bc6aba1
2025-11-16T00:53:21Z vmauthd[2103638]: No such VMware process: /vmfs/volumes/3a4fd8ce-fc4375c4-effb-5cf3fce846f8/OpenVPN/OpenVPN.vmx
2025-11-16T00:53:21Z vmauthd[2103638]: released lock for /var/run/vmware/authd_467a09f1a0efa3ab588f9f249bc6aba1
2025-11-16T00:53:21Z vmauthd[2103638]: Local connection for vmx-vigor failed.
2025-11-16T00:53:21Z vmauthd[2103638]: Read failed.
2025-11-16T00:53:23Z vmauthd[2103778]: Msg_SetLocaleEx: HostLocale=UTF-8 UserLocale=NULL
2025-11-16T00:53:23Z vmauthd[2103778]: Could not expand environment variable HOME.
2025-11-16T00:53:23Z vmauthd[2103778]: Could not expand environment variable HOME.
2025-11-16T00:53:23Z vmauthd[2103778]: DictionaryLoad: Cannot open file "/usr/lib/vmware/config": No such file or directory.
2025-11-16T00:53:23Z vmauthd[2103778]: DictionaryLoad: Cannot open file "~/.vmware/config": No such file or directory.
2025-11-16T00:53:23Z vmauthd[2103778]: DictionaryLoad: Cannot open file "~/.vmware/preferences": No such file or directory.
2025-11-16T00:53:23Z vmauthd[2103778]: lib/ssl: OpenSSL using FIPS_drbg for RAND
2025-11-16T00:53:23Z vmauthd[2103778]: lib/ssl: protocol list tls1.2
2025-11-16T00:53:23Z vmauthd[2103778]: lib/ssl: protocol list tls1.2 (openssl flags 0x17000000)
2025-11-16T00:53:23Z vmauthd[2103778]: lib/ssl: cipher list ECDHE+AESGCM:RSA+AESGCM:ECDHE+AES:RSA+AES
2025-11-16T00:53:23Z vmauthd[2103778]: lib/ssl: curves list prime256v1:secp384r1:secp521r1
2025-11-16T00:53:23Z vmauthd[2103778]: Connect from (local) AF_UNIX socket.
2025-11-16T00:53:23Z vmauthd[2103778]: Connect from 127.0.0.1
2025-11-16T00:53:23Z vmauthd[2103778]: local verification as root
2025-11-16T00:53:23Z vmauthd[2103778]: received CONNECT_NOSTART command: /vmfs/volumes/3a4fd8ce-fc4375c4-effb-5cf3fce846f8/SGRL-ANS004/SGRL-ANS004.vmx vmx-vigor
2025-11-16T00:53:23Z vmauthd[2103778]: Acquired lock for /var/run/vmware/authd_0c4ed767b9c36095534d86bc17db7b7b
2025-11-16T00:53:23Z vmauthd[2103778]: No such VMware process: /vmfs/volumes/3a4fd8ce-fc4375c4-effb-5cf3fce846f8/SGRL-ANS004/SGRL-ANS004.vmx
2025-11-16T00:53:23Z vmauthd[2103778]: released lock for /var/run/vmware/authd_0c4ed767b9c36095534d86bc17db7b7b
2025-11-16T00:53:23Z vmauthd[2103778]: Local connection for vmx-vigor failed.
2025-11-16T00:53:23Z vmauthd[2103778]: Read failed.
2025-11-16T00:53:23Z vmauthd[2103793]: Msg_SetLocaleEx: HostLocale=UTF-8 UserLocale=NULL
2025-11-16T00:53:23Z vmauthd[2103793]: Could not expand environment variable HOME.
2025-11-16T00:53:23Z vmauthd[2103793]: Could not expand environment variable HOME.
2025-11-16T00:53:23Z vmauthd[2103793]: DictionaryLoad: Cannot open file "/usr/lib/vmware/config": No such file or directory.
2025-11-16T00:53:23Z vmauthd[2103793]: DictionaryLoad: Cannot open file "~/.vmware/config": No such file or directory.
2025-11-16T00:53:23Z vmauthd[2103793]: DictionaryLoad: Cannot open file "~/.vmware/preferences": No such file or directory.
2025-11-16T00:53:23Z vmauthd[2103793]: lib/ssl: OpenSSL using FIPS_drbg for RAND
2025-11-16T00:53:23Z vmauthd[2103793]: lib/ssl: protocol list tls1.2
2025-11-16T00:53:23Z vmauthd[2103793]: lib/ssl: protocol list tls1.2 (openssl flags 0x17000000)
2025-11-16T00:53:23Z vmauthd[2103793]: lib/ssl: cipher list ECDHE+AESGCM:RSA+AESGCM:ECDHE+AES:RSA+AES
2025-11-16T00:53:23Z vmauthd[2103793]: lib/ssl: curves list prime256v1:secp384r1:secp521r1
2025-11-16T00:53:23Z vmauthd[2103793]: Connect from (local) AF_UNIX socket.
2025-11-16T00:53:23Z vmauthd[2103793]: Connect from 127.0.0.1
2025-11-16T00:53:23Z vmauthd[2103793]: local verification as root
2025-11-16T00:53:23Z vmauthd[2103793]: received CONNECT_NOSTART command: /vmfs/volumes/3a4fd8ce-fc4375c4-effb-5cf3fce846f8/SGRL-ANS001/SGRL-ANS001.vmx vmx-vigor
2025-11-16T00:53:23Z vmauthd[2103793]: Acquired lock for /var/run/vmware/authd_3b9df648ac1df1f9cc22917a303db689
2025-11-16T00:53:23Z vmauthd[2103793]: No such VMware process: /vmfs/volumes/3a4fd8ce-fc4375c4-effb-5cf3fce846f8/SGRL-ANS001/SGRL-ANS001.vmx
2025-11-16T00:53:23Z vmauthd[2103793]: released lock for /var/run/vmware/authd_3b9df648ac1df1f9cc22917a303db689
2025-11-16T00:53:23Z vmauthd[2103793]: Local connection for vmx-vigor failed.
2025-11-16T00:53:23Z vmauthd[2103793]: Read failed.
2025-11-16T00:53:24Z vmauthd[2103794]: Msg_SetLocaleEx: HostLocale=UTF-8 UserLocale=NULL
2025-11-16T00:53:24Z vmauthd[2103794]: Could not expand environment variable HOME.
2025-11-16T00:53:24Z vmauthd[2103794]: Could not expand environment variable HOME.
2025-11-16T00:53:24Z vmauthd[2103794]: DictionaryLoad: Cannot open file "/usr/lib/vmware/config": No such file or directory.
2025-11-16T00:53:24Z vmauthd[2103794]: DictionaryLoad: Cannot open file "~/.vmware/config": No such file or directory.
2025-11-16T00:53:24Z vmauthd[2103794]: DictionaryLoad: Cannot open file "~/.vmware/preferences": No such file or directory.
2025-11-16T00:53:24Z vmauthd[2103794]: lib/ssl: OpenSSL using FIPS_drbg for RAND
2025-11-16T00:53:24Z vmauthd[2103794]: lib/ssl: protocol list tls1.2
2025-11-16T00:53:24Z vmauthd[2103794]: lib/ssl: protocol list tls1.2 (openssl flags 0x17000000)
2025-11-16T00:53:24Z vmauthd[2103794]: lib/ssl: cipher list ECDHE+AESGCM:RSA+AESGCM:ECDHE+AES:RSA+AES
2025-11-16T00:53:24Z vmauthd[2103794]: lib/ssl: curves list prime256v1:secp384r1:secp521r1
2025-11-16T00:53:24Z vmauthd[2103794]: Connect from (local) AF_UNIX socket.
2025-11-16T00:53:24Z vmauthd[2103794]: Connect from 127.0.0.1
2025-11-16T00:53:24Z vmauthd[2103794]: local verification as root
2025-11-16T00:53:24Z vmauthd[2103794]: received CONNECT_NOSTART command: /vmfs/volumes/3a4fd8ce-fc4375c4-effb-5cf3fce846f8/SGRL-ANS002/SGRL-ANS002.vmx vmx-vigor
2025-11-16T00:53:24Z vmauthd[2103794]: Acquired lock for /var/run/vmware/authd_8dfdc9da76ef4de5e2bcb61665c61302
2025-11-16T00:53:24Z vmauthd[2103794]: No such VMware process: /vmfs/volumes/3a4fd8ce-fc4375c4-effb-5cf3fce846f8/SGRL-ANS002/SGRL-ANS002.vmx
2025-11-16T00:53:24Z vmauthd[2103794]: released lock for /var/run/vmware/authd_8dfdc9da76ef4de5e2bcb61665c61302
2025-11-16T00:53:24Z vmauthd[2103794]: Local connection for vmx-vigor failed.
2025-11-16T00:53:24Z vmauthd[2103794]: Read failed.
2025-11-16T00:53:24Z vmauthd[2103795]: Msg_SetLocaleEx: HostLocale=UTF-8 UserLocale=NULL
2025-11-16T00:53:24Z vmauthd[2103795]: Could not expand environment variable HOME.
2025-11-16T00:53:24Z vmauthd[2103795]: Could not expand environment variable HOME.
2025-11-16T00:53:24Z vmauthd[2103795]: DictionaryLoad: Cannot open file "/usr/lib/vmware/config": No such file or directory.
2025-11-16T00:53:24Z vmauthd[2103795]: DictionaryLoad: Cannot open file "~/.vmware/config": No such file or directory.
2025-11-16T00:53:24Z vmauthd[2103795]: DictionaryLoad: Cannot open file "~/.vmware/preferences": No such file or directory.
2025-11-16T00:53:24Z vmauthd[2103795]: lib/ssl: OpenSSL using FIPS_drbg for RAND
2025-11-16T00:53:24Z vmauthd[2103795]: lib/ssl: protocol list tls1.2
2025-11-16T00:53:24Z vmauthd[2103795]: lib/ssl: protocol list tls1.2 (openssl flags 0x17000000)
2025-11-16T00:53:24Z vmauthd[2103795]: lib/ssl: cipher list ECDHE+AESGCM:RSA+AESGCM:ECDHE+AES:RSA+AES
2025-11-16T00:53:24Z vmauthd[2103795]: lib/ssl: curves list prime256v1:secp384r1:secp521r1
2025-11-16T00:53:24Z vmauthd[2103795]: Connect from (local) AF_UNIX socket.
2025-11-16T00:53:24Z vmauthd[2103795]: Connect from 127.0.0.1
2025-11-16T00:53:24Z vmauthd[2103795]: local verification as root
2025-11-16T00:53:24Z vmauthd[2103795]: received CONNECT_NOSTART command: /vmfs/volumes/3a4fd8ce-fc4375c4-effb-5cf3fce846f8/SGRL-ANS003/SGRL-ANS003.vmx vmx-vigor
2025-11-16T00:53:24Z vmauthd[2103795]: Acquired lock for /var/run/vmware/authd_c0b5f6264c25e3cf475296695063f091
2025-11-16T00:53:24Z vmauthd[2103795]: No such VMware process: /vmfs/volumes/3a4fd8ce-fc4375c4-effb-5cf3fce846f8/SGRL-ANS003/SGRL-ANS003.vmx
2025-11-16T00:53:24Z vmauthd[2103795]: released lock for /var/run/vmware/authd_c0b5f6264c25e3cf475296695063f091
2025-11-16T00:53:24Z vmauthd[2103795]: Local connection for vmx-vigor failed.
2025-11-16T00:53:24Z vmauthd[2103795]: Read failed.
2025-11-16T00:53:25Z vmauthd[2103796]: Msg_SetLocaleEx: HostLocale=UTF-8 UserLocale=NULL
2025-11-16T00:53:25Z vmauthd[2103796]: Could not expand environment variable HOME.
2025-11-16T00:53:25Z vmauthd[2103796]: Could not expand environment variable HOME.
2025-11-16T00:53:25Z vmauthd[2103796]: DictionaryLoad: Cannot open file "/usr/lib/vmware/config": No such file or directory.
2025-11-16T00:53:25Z vmauthd[2103796]: DictionaryLoad: Cannot open file "~/.vmware/config": No such file or directory.
2025-11-16T00:53:25Z vmauthd[2103796]: DictionaryLoad: Cannot open file "~/.vmware/preferences": No such file or directory.
2025-11-16T00:53:25Z vmauthd[2103796]: lib/ssl: OpenSSL using FIPS_drbg for RAND
2025-11-16T00:53:25Z vmauthd[2103796]: lib/ssl: protocol list tls1.2
2025-11-16T00:53:25Z vmauthd[2103796]: lib/ssl: protocol list tls1.2 (openssl flags 0x17000000)
2025-11-16T00:53:25Z vmauthd[2103796]: lib/ssl: cipher list ECDHE+AESGCM:RSA+AESGCM:ECDHE+AES:RSA+AES
2025-11-16T00:53:25Z vmauthd[2103796]: lib/ssl: curves list prime256v1:secp384r1:secp521r1
2025-11-16T00:53:25Z vmauthd[2103796]: Connect from (local) AF_UNIX socket.
2025-11-16T00:53:25Z vmauthd[2103796]: Connect from 127.0.0.1
2025-11-16T00:53:25Z vmauthd[2103796]: local verification as root
2025-11-16T00:53:25Z vmauthd[2103796]: received CONNECT_NOSTART command: /vmfs/volumes/3a4fd8ce-fc4375c4-effb-5cf3fce846f8/SGRL-ANS005/SGRL-ANS005.vmx vmx-vigor
2025-11-16T00:53:25Z vmauthd[2103796]: Acquired lock for /var/run/vmware/authd_28e1b2a1e15de7aec7fa51b826f508e6
2025-11-16T00:53:25Z vmauthd[2103796]: No such VMware process: /vmfs/volumes/3a4fd8ce-fc4375c4-effb-5cf3fce846f8/SGRL-ANS005/SGRL-ANS005.vmx
2025-11-16T00:53:25Z vmauthd[2103796]: released lock for /var/run/vmware/authd_28e1b2a1e15de7aec7fa51b826f508e6
2025-11-16T00:53:25Z vmauthd[2103796]: Local connection for vmx-vigor failed.
2025-11-16T00:53:25Z vmauthd[2103796]: Read failed.
2025-11-16T00:53:34Z vmauthd[2103804]: Msg_SetLocaleEx: HostLocale=UTF-8 UserLocale=NULL
2025-11-16T00:53:34Z vmauthd[2103804]: Could not expand environment variable HOME.
2025-11-16T00:53:34Z vmauthd[2103804]: Could not expand environment variable HOME.
2025-11-16T00:53:34Z vmauthd[2103804]: DictionaryLoad: Cannot open file "/usr/lib/vmware/config": No such file or directory.
2025-11-16T00:53:34Z vmauthd[2103804]: DictionaryLoad: Cannot open file "~/.vmware/config": No such file or directory.
2025-11-16T00:53:34Z vmauthd[2103804]: DictionaryLoad: Cannot open file "~/.vmware/preferences": No such file or directory.
2025-11-16T00:53:34Z vmauthd[2103804]: lib/ssl: OpenSSL using FIPS_drbg for RAND
2025-11-16T00:53:34Z vmauthd[2103804]: lib/ssl: protocol list tls1.2
2025-11-16T00:53:34Z vmauthd[2103804]: lib/ssl: protocol list tls1.2 (openssl flags 0x17000000)
2025-11-16T00:53:34Z vmauthd[2103804]: lib/ssl: cipher list ECDHE+AESGCM:RSA+AESGCM:ECDHE+AES:RSA+AES
2025-11-16T00:53:34Z vmauthd[2103804]: lib/ssl: curves list prime256v1:secp384r1:secp521r1
2025-11-16T00:53:34Z vmauthd[2103804]: Connect from (local) AF_UNIX socket.
2025-11-16T00:53:34Z vmauthd[2103804]: Connect from 127.0.0.1
2025-11-16T00:53:34Z vmauthd[2103804]: local verification as root
2025-11-16T00:53:34Z vmauthd[2103804]: received CONNECT_NOSTART command: /vmfs/volumes/3a4fd8ce-fc4375c4-effb-5cf3fce846f8/SGRL-ADC001_1/SGRL-ADC001.vmx vmx-vigor
2025-11-16T00:53:34Z vmauthd[2103804]: Acquired lock for /var/run/vmware/authd_226062ab7d82351861fb836c092c66bf
2025-11-16T00:53:34Z vmauthd[2103804]: No such VMware process: /vmfs/volumes/3a4fd8ce-fc4375c4-effb-5cf3fce846f8/SGRL-ADC001_1/SGRL-ADC001.vmx
2025-11-16T00:53:34Z vmauthd[2103804]: released lock for /var/run/vmware/authd_226062ab7d82351861fb836c092c66bf
2025-11-16T00:53:34Z vmauthd[2103804]: Local connection for vmx-vigor failed.
2025-11-16T00:53:34Z vmauthd[2103804]: Read failed.
2025-11-16T00:53:41Z vmauthd[2103935]: Msg_SetLocaleEx: HostLocale=UTF-8 UserLocale=NULL
2025-11-16T00:53:41Z vmauthd[2103935]: Could not expand environment variable HOME.
2025-11-16T00:53:41Z vmauthd[2103935]: Could not expand environment variable HOME.
2025-11-16T00:53:41Z vmauthd[2103935]: DictionaryLoad: Cannot open file "/usr/lib/vmware/config": No such file or directory.
2025-11-16T00:53:41Z vmauthd[2103935]: DictionaryLoad: Cannot open file "~/.vmware/config": No such file or directory.
2025-11-16T00:53:41Z vmauthd[2103935]: DictionaryLoad: Cannot open file "~/.vmware/preferences": No such file or directory.
2025-11-16T00:53:41Z vmauthd[2103935]: lib/ssl: OpenSSL using FIPS_drbg for RAND
2025-11-16T00:53:41Z vmauthd[2103935]: lib/ssl: protocol list tls1.2
2025-11-16T00:53:41Z vmauthd[2103935]: lib/ssl: protocol list tls1.2 (openssl flags 0x17000000)
2025-11-16T00:53:41Z vmauthd[2103935]: lib/ssl: cipher list ECDHE+AESGCM:RSA+AESGCM:ECDHE+AES:RSA+AES
2025-11-16T00:53:41Z vmauthd[2103935]: lib/ssl: curves list prime256v1:secp384r1:secp521r1
2025-11-16T00:53:41Z vmauthd[2103935]: Connect from (local) AF_UNIX socket.
2025-11-16T00:53:41Z vmauthd[2103935]: Connect from 127.0.0.1
2025-11-16T00:53:41Z vmauthd[2103935]: local verification as root
2025-11-16T00:53:41Z vmauthd[2103935]: received CONNECT_NOSTART command: /vmfs/volumes/3a4fd8ce-fc4375c4-effb-5cf3fce846f8/SGRL-JMP001/SGRL-JMP001.vmx vmx-vigor
2025-11-16T00:53:41Z vmauthd[2103935]: Acquired lock for /var/run/vmware/authd_c4ce0adab722156d671ee3cafe1e876f
2025-11-16T00:53:41Z vmauthd[2103935]: No such VMware process: /vmfs/volumes/3a4fd8ce-fc4375c4-effb-5cf3fce846f8/SGRL-JMP001/SGRL-JMP001.vmx
2025-11-16T00:53:41Z vmauthd[2103935]: released lock for /var/run/vmware/authd_c4ce0adab722156d671ee3cafe1e876f
2025-11-16T00:53:41Z vmauthd[2103935]: Local connection for vmx-vigor failed.
2025-11-16T00:53:41Z vmauthd[2103935]: Read failed.
2025-11-16T00:53:44Z vmauthd[2103960]: Msg_SetLocaleEx: HostLocale=UTF-8 UserLocale=NULL
2025-11-16T00:53:44Z vmauthd[2103960]: Could not expand environment variable HOME.
2025-11-16T00:53:44Z vmauthd[2103960]: Could not expand environment variable HOME.
2025-11-16T00:53:44Z vmauthd[2103960]: DictionaryLoad: Cannot open file "/usr/lib/vmware/config": No such file or directory.
2025-11-16T00:53:44Z vmauthd[2103960]: DictionaryLoad: Cannot open file "~/.vmware/config": No such file or directory.
2025-11-16T00:53:44Z vmauthd[2103960]: DictionaryLoad: Cannot open file "~/.vmware/preferences": No such file or directory.
2025-11-16T00:53:44Z vmauthd[2103960]: lib/ssl: OpenSSL using FIPS_drbg for RAND
2025-11-16T00:53:44Z vmauthd[2103960]: lib/ssl: protocol list tls1.2
2025-11-16T00:53:44Z vmauthd[2103960]: lib/ssl: protocol list tls1.2 (openssl flags 0x17000000)
2025-11-16T00:53:44Z vmauthd[2103960]: lib/ssl: cipher list ECDHE+AESGCM:RSA+AESGCM:ECDHE+AES:RSA+AES
2025-11-16T00:53:44Z vmauthd[2103960]: lib/ssl: curves list prime256v1:secp384r1:secp521r1
2025-11-16T00:53:44Z vmauthd[2103960]: Connect from (local) AF_UNIX socket.
2025-11-16T00:53:44Z vmauthd[2103960]: Connect from 127.0.0.1
2025-11-16T00:53:44Z vmauthd[2103960]: local verification as root
2025-11-16T00:53:44Z vmauthd[2103960]: received CONNECT_NOSTART command: /vmfs/volumes/3a4fd8ce-fc4375c4-effb-5cf3fce846f8/SGRL-VCSA01/SGRL-VCSA01.vmx vmx-vigor
2025-11-16T00:53:44Z vmauthd[2103960]: Acquired lock for /var/run/vmware/authd_84500fb122bfa30daf2e457a68fcb33e
2025-11-16T00:53:44Z vmauthd[2103960]: No such VMware process: /vmfs/volumes/3a4fd8ce-fc4375c4-effb-5cf3fce846f8/SGRL-VCSA01/SGRL-VCSA01.vmx
2025-11-16T00:53:44Z vmauthd[2103960]: released lock for /var/run/vmware/authd_84500fb122bfa30daf2e457a68fcb33e
2025-11-16T00:53:44Z vmauthd[2103960]: Local connection for vmx-vigor failed.
2025-11-16T00:53:44Z vmauthd[2103960]: Read failed.
2025-11-16T06:11:59Z vmauthd[2100999]: Msg_SetLocaleEx: HostLocale=UTF-8 UserLocale=NULL
2025-11-16T06:11:59Z vmauthd[2100999]: Could not expand environment variable HOME.
2025-11-16T06:11:59Z vmauthd[2100999]: Could not expand environment variable HOME.
2025-11-16T06:11:59Z vmauthd[2100999]: DictionaryLoad: Cannot open file "/usr/lib/vmware/config": No such file or directory.
2025-11-16T06:11:59Z vmauthd[2100999]: DictionaryLoad: Cannot open file "~/.vmware/config": No such file or directory.
2025-11-16T06:11:59Z vmauthd[2100999]: DictionaryLoad: Cannot open file "~/.vmware/preferences": No such file or directory.
2025-11-16T06:11:59Z vmauthd[2100999]: lib/ssl: OpenSSL using FIPS_drbg for RAND
2025-11-16T06:11:59Z vmauthd[2100999]: lib/ssl: protocol list tls1.2
2025-11-16T06:11:59Z vmauthd[2100999]: lib/ssl: protocol list tls1.2 (openssl flags 0x17000000)
2025-11-16T06:11:59Z vmauthd[2100999]: lib/ssl: cipher list ECDHE+AESGCM:RSA+AESGCM:ECDHE+AES:RSA+AES
2025-11-16T06:11:59Z vmauthd[2100999]: lib/ssl: curves list prime256v1:secp384r1:secp521r1
2025-11-16T06:11:59Z vmauthd[2100999]: Connect from remote socket (192.168.1.2:42406).
2025-11-16T06:11:59Z vmauthd[2100999]: Connect from 192.168.1.2
2025-11-16T06:11:59Z vmauthd[2100999]: Received PROXY command for vpxa-nfcssl, session = 52 85 f9 c3 05 7b d0 12-03 46 19 71 26 cb f1 2f
2025-11-16T06:11:59Z vmauthd[2100999]: vmware-vpxa: Connected to vpxa-nfcssl-fd, remote end sent pid: 2099327
2025-11-16T06:54:00Z vmauthd[2101311]: Msg_SetLocaleEx: HostLocale=UTF-8 UserLocale=NULL
2025-11-16T06:54:00Z vmauthd[2101311]: Could not expand environment variable HOME.
2025-11-16T06:54:00Z vmauthd[2101311]: Could not expand environment variable HOME.
2025-11-16T06:54:00Z vmauthd[2101311]: DictionaryLoad: Cannot open file "/usr/lib/vmware/config": No such file or directory.
2025-11-16T06:54:00Z vmauthd[2101311]: DictionaryLoad: Cannot open file "~/.vmware/config": No such file or directory.
2025-11-16T06:54:00Z vmauthd[2101311]: DictionaryLoad: Cannot open file "~/.vmware/preferences": No such file or directory.
2025-11-16T06:54:00Z vmauthd[2101311]: lib/ssl: OpenSSL using FIPS_drbg for RAND
2025-11-16T06:54:00Z vmauthd[2101311]: lib/ssl: protocol list tls1.2
2025-11-16T06:54:00Z vmauthd[2101311]: lib/ssl: protocol list tls1.2 (openssl flags 0x17000000)
2025-11-16T06:54:00Z vmauthd[2101311]: lib/ssl: cipher list ECDHE+AESGCM:RSA+AESGCM:ECDHE+AES:RSA+AES
2025-11-16T06:54:00Z vmauthd[2101311]: lib/ssl: curves list prime256v1:secp384r1:secp521r1
2025-11-16T06:54:00Z vmauthd[2101311]: Connect from (local) AF_UNIX socket.
2025-11-16T06:54:00Z vmauthd[2101311]: Connect from 127.0.0.1
2025-11-16T06:54:00Z vmauthd[2101311]: local verification as root
2025-11-16T06:54:00Z vmauthd[2101311]: received CONNECT_NOSTART command: /vmfs/volumes/3a4fd8ce-fc4375c4-effb-5cf3fce846f8/VyOS-Router/VyOS-Router.vmx vmx-vigor
2025-11-16T06:54:00Z vmauthd[2101311]: Acquired lock for /var/run/vmware/authd_91ecdaacce253e6bc5c93f9dde6fab90
2025-11-16T06:54:00Z vmauthd[2101311]: No such VMware process: /vmfs/volumes/3a4fd8ce-fc4375c4-effb-5cf3fce846f8/VyOS-Router/VyOS-Router.vmx
2025-11-16T06:54:00Z vmauthd[2101311]: released lock for /var/run/vmware/authd_91ecdaacce253e6bc5c93f9dde6fab90
2025-11-16T06:54:00Z vmauthd[2101311]: Local connection for vmx-vigor failed.
2025-11-16T06:54:00Z vmauthd[2101311]: Read failed.
2025-11-16T06:54:04Z vmauthd[2101345]: Msg_SetLocaleEx: HostLocale=UTF-8 UserLocale=NULL
2025-11-16T06:54:04Z vmauthd[2101345]: Could not expand environment variable HOME.
2025-11-16T06:54:04Z vmauthd[2101345]: Could not expand environment variable HOME.
2025-11-16T06:54:04Z vmauthd[2101345]: DictionaryLoad: Cannot open file "/usr/lib/vmware/config": No such file or directory.
2025-11-16T06:54:04Z vmauthd[2101345]: DictionaryLoad: Cannot open file "~/.vmware/config": No such file or directory.
2025-11-16T06:54:04Z vmauthd[2101345]: DictionaryLoad: Cannot open file "~/.vmware/preferences": No such file or directory.
2025-11-16T06:54:04Z vmauthd[2101345]: lib/ssl: OpenSSL using FIPS_drbg for RAND
2025-11-16T06:54:04Z vmauthd[2101345]: lib/ssl: protocol list tls1.2
2025-11-16T06:54:04Z vmauthd[2101345]: lib/ssl: protocol list tls1.2 (openssl flags 0x17000000)
2025-11-16T06:54:04Z vmauthd[2101345]: lib/ssl: cipher list ECDHE+AESGCM:RSA+AESGCM:ECDHE+AES:RSA+AES
2025-11-16T06:54:04Z vmauthd[2101345]: lib/ssl: curves list prime256v1:secp384r1:secp521r1
2025-11-16T06:54:04Z vmauthd[2101345]: Connect from (local) AF_UNIX socket.
2025-11-16T06:54:04Z vmauthd[2101345]: Connect from 127.0.0.1
2025-11-16T06:54:04Z vmauthd[2101345]: local verification as root
2025-11-16T06:54:04Z vmauthd[2101345]: received CONNECT_NOSTART command: /vmfs/volumes/3a4fd8ce-fc4375c4-effb-5cf3fce846f8/OpenVPN/OpenVPN.vmx vmx-vigor
2025-11-16T06:54:04Z vmauthd[2101345]: Acquired lock for /var/run/vmware/authd_467a09f1a0efa3ab588f9f249bc6aba1
2025-11-16T06:54:04Z vmauthd[2101345]: No such VMware process: /vmfs/volumes/3a4fd8ce-fc4375c4-effb-5cf3fce846f8/OpenVPN/OpenVPN.vmx
2025-11-16T06:54:04Z vmauthd[2101345]: released lock for /var/run/vmware/authd_467a09f1a0efa3ab588f9f249bc6aba1
2025-11-16T06:54:04Z vmauthd[2101345]: Local connection for vmx-vigor failed.
2025-11-16T06:54:04Z vmauthd[2101345]: Read failed.
2025-11-16T06:54:06Z vmauthd[2101476]: Msg_SetLocaleEx: HostLocale=UTF-8 UserLocale=NULL
2025-11-16T06:54:06Z vmauthd[2101476]: Could not expand environment variable HOME.
2025-11-16T06:54:06Z vmauthd[2101476]: Could not expand environment variable HOME.
2025-11-16T06:54:06Z vmauthd[2101476]: DictionaryLoad: Cannot open file "/usr/lib/vmware/config": No such file or directory.
2025-11-16T06:54:06Z vmauthd[2101476]: DictionaryLoad: Cannot open file "~/.vmware/config": No such file or directory.
2025-11-16T06:54:06Z vmauthd[2101476]: DictionaryLoad: Cannot open file "~/.vmware/preferences": No such file or directory.
2025-11-16T06:54:06Z vmauthd[2101476]: lib/ssl: OpenSSL using FIPS_drbg for RAND
2025-11-16T06:54:06Z vmauthd[2101476]: lib/ssl: protocol list tls1.2
2025-11-16T06:54:06Z vmauthd[2101476]: lib/ssl: protocol list tls1.2 (openssl flags 0x17000000)
2025-11-16T06:54:06Z vmauthd[2101476]: lib/ssl: cipher list ECDHE+AESGCM:RSA+AESGCM:ECDHE+AES:RSA+AES
2025-11-16T06:54:06Z vmauthd[2101476]: lib/ssl: curves list prime256v1:secp384r1:secp521r1
2025-11-16T06:54:06Z vmauthd[2101476]: Connect from (local) AF_UNIX socket.
2025-11-16T06:54:06Z vmauthd[2101476]: Connect from 127.0.0.1
2025-11-16T06:54:06Z vmauthd[2101476]: local verification as root
2025-11-16T06:54:06Z vmauthd[2101476]: received CONNECT_NOSTART command: /vmfs/volumes/3a4fd8ce-fc4375c4-effb-5cf3fce846f8/SGRL-ANS001/SGRL-ANS001.vmx vmx-vigor
2025-11-16T06:54:06Z vmauthd[2101476]: Acquired lock for /var/run/vmware/authd_3b9df648ac1df1f9cc22917a303db689
2025-11-16T06:54:06Z vmauthd[2101476]: No such VMware process: /vmfs/volumes/3a4fd8ce-fc4375c4-effb-5cf3fce846f8/SGRL-ANS001/SGRL-ANS001.vmx
2025-11-16T06:54:06Z vmauthd[2101476]: released lock for /var/run/vmware/authd_3b9df648ac1df1f9cc22917a303db689
2025-11-16T06:54:06Z vmauthd[2101476]: Local connection for vmx-vigor failed.
2025-11-16T06:54:06Z vmauthd[2101476]: Read failed.
2025-11-16T06:54:12Z vmauthd[2101477]: Msg_SetLocaleEx: HostLocale=UTF-8 UserLocale=NULL
2025-11-16T06:54:12Z vmauthd[2101477]: Could not expand environment variable HOME.
2025-11-16T06:54:12Z vmauthd[2101477]: Could not expand environment variable HOME.
2025-11-16T06:54:12Z vmauthd[2101477]: DictionaryLoad: Cannot open file "/usr/lib/vmware/config": No such file or directory.
2025-11-16T06:54:12Z vmauthd[2101477]: DictionaryLoad: Cannot open file "~/.vmware/config": No such file or directory.
2025-11-16T06:54:12Z vmauthd[2101477]: DictionaryLoad: Cannot open file "~/.vmware/preferences": No such file or directory.
2025-11-16T06:54:12Z vmauthd[2101477]: lib/ssl: OpenSSL using FIPS_drbg for RAND
2025-11-16T06:54:12Z vmauthd[2101477]: lib/ssl: protocol list tls1.2
2025-11-16T06:54:12Z vmauthd[2101477]: lib/ssl: protocol list tls1.2 (openssl flags 0x17000000)
2025-11-16T06:54:12Z vmauthd[2101477]: lib/ssl: cipher list ECDHE+AESGCM:RSA+AESGCM:ECDHE+AES:RSA+AES
2025-11-16T06:54:12Z vmauthd[2101477]: lib/ssl: curves list prime256v1:secp384r1:secp521r1
2025-11-16T06:54:12Z vmauthd[2101477]: Connect from (local) AF_UNIX socket.
2025-11-16T06:54:12Z vmauthd[2101477]: Connect from 127.0.0.1
2025-11-16T06:54:12Z vmauthd[2101477]: local verification as root
2025-11-16T06:54:12Z vmauthd[2101477]: received CONNECT_NOSTART command: /vmfs/volumes/3a4fd8ce-fc4375c4-effb-5cf3fce846f8/SGRL-ADC001_1/SGRL-ADC001.vmx vmx-vigor
2025-11-16T06:54:12Z vmauthd[2101477]: Acquired lock for /var/run/vmware/authd_226062ab7d82351861fb836c092c66bf
2025-11-16T06:54:12Z vmauthd[2101477]: No such VMware process: /vmfs/volumes/3a4fd8ce-fc4375c4-effb-5cf3fce846f8/SGRL-ADC001_1/SGRL-ADC001.vmx
2025-11-16T06:54:12Z vmauthd[2101477]: released lock for /var/run/vmware/authd_226062ab7d82351861fb836c092c66bf
2025-11-16T06:54:12Z vmauthd[2101477]: Local connection for vmx-vigor failed.
2025-11-16T06:54:12Z vmauthd[2101477]: Read failed.
2025-11-16T06:54:56Z vmauthd[2101609]: Msg_SetLocaleEx: HostLocale=UTF-8 UserLocale=NULL
2025-11-16T06:54:56Z vmauthd[2101609]: Could not expand environment variable HOME.
2025-11-16T06:54:56Z vmauthd[2101609]: Could not expand environment variable HOME.
2025-11-16T06:54:56Z vmauthd[2101609]: DictionaryLoad: Cannot open file "/usr/lib/vmware/config": No such file or directory.
2025-11-16T06:54:56Z vmauthd[2101609]: DictionaryLoad: Cannot open file "~/.vmware/config": No such file or directory.
2025-11-16T06:54:56Z vmauthd[2101609]: DictionaryLoad: Cannot open file "~/.vmware/preferences": No such file or directory.
2025-11-16T06:54:56Z vmauthd[2101609]: lib/ssl: OpenSSL using FIPS_drbg for RAND
2025-11-16T06:54:56Z vmauthd[2101609]: lib/ssl: protocol list tls1.2
2025-11-16T06:54:56Z vmauthd[2101609]: lib/ssl: protocol list tls1.2 (openssl flags 0x17000000)
2025-11-16T06:54:56Z vmauthd[2101609]: lib/ssl: cipher list ECDHE+AESGCM:RSA+AESGCM:ECDHE+AES:RSA+AES
2025-11-16T06:54:56Z vmauthd[2101609]: lib/ssl: curves list prime256v1:secp384r1:secp521r1
2025-11-16T06:54:56Z vmauthd[2101609]: Connect from (local) AF_UNIX socket.
2025-11-16T06:54:56Z vmauthd[2101609]: Connect from 127.0.0.1
2025-11-16T06:54:56Z vmauthd[2101609]: local verification as root
2025-11-16T06:54:56Z vmauthd[2101609]: received CONNECT_NOSTART command: /vmfs/volumes/3a4fd8ce-fc4375c4-effb-5cf3fce846f8/SGRL-VCSA01/SGRL-VCSA01.vmx vmx-vigor
2025-11-16T06:54:56Z vmauthd[2101609]: Acquired lock for /var/run/vmware/authd_84500fb122bfa30daf2e457a68fcb33e
2025-11-16T06:54:56Z vmauthd[2101609]: No such VMware process: /vmfs/volumes/3a4fd8ce-fc4375c4-effb-5cf3fce846f8/SGRL-VCSA01/SGRL-VCSA01.vmx
2025-11-16T06:54:56Z vmauthd[2101609]: released lock for /var/run/vmware/authd_84500fb122bfa30daf2e457a68fcb33e
2025-11-16T06:54:56Z vmauthd[2101609]: Local connection for vmx-vigor failed.
2025-11-16T06:54:56Z vmauthd[2101609]: Read failed.
2025-11-16T06:59:09Z vmauthd[2101754]: Msg_SetLocaleEx: HostLocale=UTF-8 UserLocale=NULL
2025-11-16T06:59:09Z vmauthd[2101754]: Could not expand environment variable HOME.
2025-11-16T06:59:09Z vmauthd[2101754]: Could not expand environment variable HOME.
2025-11-16T06:59:09Z vmauthd[2101754]: DictionaryLoad: Cannot open file "/usr/lib/vmware/config": No such file or directory.
2025-11-16T06:59:09Z vmauthd[2101754]: DictionaryLoad: Cannot open file "~/.vmware/config": No such file or directory.
2025-11-16T06:59:09Z vmauthd[2101754]: DictionaryLoad: Cannot open file "~/.vmware/preferences": No such file or directory.
2025-11-16T06:59:09Z vmauthd[2101754]: lib/ssl: OpenSSL using FIPS_drbg for RAND
2025-11-16T06:59:09Z vmauthd[2101754]: lib/ssl: protocol list tls1.2
2025-11-16T06:59:09Z vmauthd[2101754]: lib/ssl: protocol list tls1.2 (openssl flags 0x17000000)
2025-11-16T06:59:09Z vmauthd[2101754]: lib/ssl: cipher list ECDHE+AESGCM:RSA+AESGCM:ECDHE+AES:RSA+AES
2025-11-16T06:59:09Z vmauthd[2101754]: lib/ssl: curves list prime256v1:secp384r1:secp521r1
2025-11-16T06:59:09Z vmauthd[2101754]: Connect from (local) AF_UNIX socket.
2025-11-16T06:59:09Z vmauthd[2101754]: Connect from 127.0.0.1
2025-11-16T06:59:09Z vmauthd[2101754]: local verification as root
2025-11-16T06:59:09Z vmauthd[2101754]: received CONNECT_NOSTART command: /vmfs/volumes/3a4fd8ce-fc4375c4-effb-5cf3fce846f8/SGRL-JMP001/SGRL-JMP001.vmx vmx-vigor
2025-11-16T06:59:09Z vmauthd[2101754]: Acquired lock for /var/run/vmware/authd_c4ce0adab722156d671ee3cafe1e876f
2025-11-16T06:59:09Z vmauthd[2101754]: No such VMware process: /vmfs/volumes/3a4fd8ce-fc4375c4-effb-5cf3fce846f8/SGRL-JMP001/SGRL-JMP001.vmx
2025-11-16T06:59:09Z vmauthd[2101754]: released lock for /var/run/vmware/authd_c4ce0adab722156d671ee3cafe1e876f
2025-11-16T06:59:09Z vmauthd[2101754]: Local connection for vmx-vigor failed.
2025-11-16T06:59:09Z vmauthd[2101754]: Read failed.
2025-12-07T00:45:44Z vmauthd[2101201]: Msg_SetLocaleEx: HostLocale=UTF-8 UserLocale=NULL
2025-12-07T00:45:44Z vmauthd[2101201]: Could not expand environment variable HOME.
2025-12-07T00:45:44Z vmauthd[2101201]: Could not expand environment variable HOME.
2025-12-07T00:45:44Z vmauthd[2101201]: DictionaryLoad: Cannot open file "/usr/lib/vmware/config": No such file or directory.
2025-12-07T00:45:44Z vmauthd[2101201]: DictionaryLoad: Cannot open file "~/.vmware/config": No such file or directory.
2025-12-07T00:45:44Z vmauthd[2101201]: DictionaryLoad: Cannot open file "~/.vmware/preferences": No such file or directory.
2025-12-07T00:45:44Z vmauthd[2101201]: lib/ssl: OpenSSL using FIPS_drbg for RAND
2025-12-07T00:45:44Z vmauthd[2101201]: lib/ssl: protocol list tls1.2
2025-12-07T00:45:44Z vmauthd[2101201]: lib/ssl: protocol list tls1.2 (openssl flags 0x17000000)
2025-12-07T00:45:44Z vmauthd[2101201]: lib/ssl: cipher list ECDHE+AESGCM:RSA+AESGCM:ECDHE+AES:RSA+AES
2025-12-07T00:45:44Z vmauthd[2101201]: lib/ssl: curves list prime256v1:secp384r1:secp521r1
2025-12-07T00:45:44Z vmauthd[2101201]: Connect from remote socket (192.168.1.2:36990).
2025-12-07T00:45:44Z vmauthd[2101201]: Connect from 192.168.1.2
2025-12-07T00:45:44Z vmauthd[2101201]: Received PROXY command for vpxa-nfcssl, session = 52 36 ea de 02 97 e3 ea-0e 0c a3 14 f8 fe c8 90
2025-12-07T00:45:44Z vmauthd[2101201]: vmware-vpxa: Connected to vpxa-nfcssl-fd, remote end sent pid: 2099327
2025-12-07T06:46:51Z vmauthd[2104105]: Msg_SetLocaleEx: HostLocale=UTF-8 UserLocale=NULL
2025-12-07T06:46:51Z vmauthd[2104105]: Could not expand environment variable HOME.
2025-12-07T06:46:51Z vmauthd[2104105]: Could not expand environment variable HOME.
2025-12-07T06:46:51Z vmauthd[2104105]: DictionaryLoad: Cannot open file "/usr/lib/vmware/config": No such file or directory.
2025-12-07T06:46:51Z vmauthd[2104105]: DictionaryLoad: Cannot open file "~/.vmware/config": No such file or directory.
2025-12-07T06:46:51Z vmauthd[2104105]: DictionaryLoad: Cannot open file "~/.vmware/preferences": No such file or directory.
2025-12-07T06:46:51Z vmauthd[2104105]: lib/ssl: OpenSSL using FIPS_drbg for RAND
2025-12-07T06:46:51Z vmauthd[2104105]: lib/ssl: protocol list tls1.2
2025-12-07T06:46:51Z vmauthd[2104105]: lib/ssl: protocol list tls1.2 (openssl flags 0x17000000)
2025-12-07T06:46:51Z vmauthd[2104105]: lib/ssl: cipher list ECDHE+AESGCM:RSA+AESGCM:ECDHE+AES:RSA+AES
2025-12-07T06:46:51Z vmauthd[2104105]: lib/ssl: curves list prime256v1:secp384r1:secp521r1
2025-12-07T06:46:51Z vmauthd[2104105]: Connect from remote socket (192.168.1.2:50612).
2025-12-07T06:46:51Z vmauthd[2104105]: Connect from 192.168.1.2
2025-12-07T06:46:51Z vmauthd[2104105]: Received PROXY command for vpxa-nfcssl, session = 52 fc f2 5d b8 b4 d8 ce-38 a1 70 77 3a 57 a4 2f
2025-12-07T06:46:51Z vmauthd[2104105]: vmware-vpxa: Connected to vpxa-nfcssl-fd, remote end sent pid: 2099327
2025-12-07T09:29:13Z vmauthd[2105455]: Msg_SetLocaleEx: HostLocale=UTF-8 UserLocale=NULL
2025-12-07T09:29:13Z vmauthd[2105455]: Could not expand environment variable HOME.
2025-12-07T09:29:13Z vmauthd[2105455]: Could not expand environment variable HOME.
2025-12-07T09:29:13Z vmauthd[2105455]: DictionaryLoad: Cannot open file "/usr/lib/vmware/config": No such file or directory.
2025-12-07T09:29:13Z vmauthd[2105455]: DictionaryLoad: Cannot open file "~/.vmware/config": No such file or directory.
2025-12-07T09:29:13Z vmauthd[2105455]: DictionaryLoad: Cannot open file "~/.vmware/preferences": No such file or directory.
2025-12-07T09:29:13Z vmauthd[2105455]: lib/ssl: OpenSSL using FIPS_drbg for RAND
2025-12-07T09:29:13Z vmauthd[2105455]: lib/ssl: protocol list tls1.2
2025-12-07T09:29:13Z vmauthd[2105455]: lib/ssl: protocol list tls1.2 (openssl flags 0x17000000)
2025-12-07T09:29:13Z vmauthd[2105455]: lib/ssl: cipher list ECDHE+AESGCM:RSA+AESGCM:ECDHE+AES:RSA+AES
2025-12-07T09:29:13Z vmauthd[2105455]: lib/ssl: curves list prime256v1:secp384r1:secp521r1
2025-12-07T09:29:13Z vmauthd[2105455]: Connect from (local) AF_UNIX socket.
2025-12-07T09:29:13Z vmauthd[2105455]: Connect from 127.0.0.1
2025-12-07T09:29:13Z vmauthd[2105455]: local verification as root
2025-12-07T09:29:13Z vmauthd[2105455]: received CONNECT_NOSTART command: /vmfs/volumes/3a4fd8ce-fc4375c4-effb-5cf3fce846f8/VyOS-Router/VyOS-Router.vmx vmx-vigor
2025-12-07T09:29:13Z vmauthd[2105455]: Acquired lock for /var/run/vmware/authd_91ecdaacce253e6bc5c93f9dde6fab90
2025-12-07T09:29:13Z vmauthd[2105455]: No such VMware process: /vmfs/volumes/3a4fd8ce-fc4375c4-effb-5cf3fce846f8/VyOS-Router/VyOS-Router.vmx
2025-12-07T09:29:13Z vmauthd[2105455]: released lock for /var/run/vmware/authd_91ecdaacce253e6bc5c93f9dde6fab90
2025-12-07T09:29:13Z vmauthd[2105455]: Local connection for vmx-vigor failed.
2025-12-07T09:29:13Z vmauthd[2105455]: Read failed.
2025-12-07T09:29:15Z vmauthd[2105483]: Msg_SetLocaleEx: HostLocale=UTF-8 UserLocale=NULL
2025-12-07T09:29:15Z vmauthd[2105483]: Could not expand environment variable HOME.
2025-12-07T09:29:15Z vmauthd[2105483]: Could not expand environment variable HOME.
2025-12-07T09:29:15Z vmauthd[2105483]: DictionaryLoad: Cannot open file "/usr/lib/vmware/config": No such file or directory.
2025-12-07T09:29:15Z vmauthd[2105483]: DictionaryLoad: Cannot open file "~/.vmware/config": No such file or directory.
2025-12-07T09:29:15Z vmauthd[2105483]: DictionaryLoad: Cannot open file "~/.vmware/preferences": No such file or directory.
2025-12-07T09:29:15Z vmauthd[2105483]: lib/ssl: OpenSSL using FIPS_drbg for RAND
2025-12-07T09:29:15Z vmauthd[2105483]: lib/ssl: protocol list tls1.2
2025-12-07T09:29:15Z vmauthd[2105483]: lib/ssl: protocol list tls1.2 (openssl flags 0x17000000)
2025-12-07T09:29:15Z vmauthd[2105483]: lib/ssl: cipher list ECDHE+AESGCM:RSA+AESGCM:ECDHE+AES:RSA+AES
2025-12-07T09:29:15Z vmauthd[2105483]: lib/ssl: curves list prime256v1:secp384r1:secp521r1
2025-12-07T09:29:15Z vmauthd[2105483]: Connect from (local) AF_UNIX socket.
2025-12-07T09:29:15Z vmauthd[2105483]: Connect from 127.0.0.1
2025-12-07T09:29:15Z vmauthd[2105483]: local verification as root
2025-12-07T09:29:15Z vmauthd[2105483]: received CONNECT_NOSTART command: /vmfs/volumes/3a4fd8ce-fc4375c4-effb-5cf3fce846f8/SGRL-JMP001/SGRL-JMP001.vmx vmx-vigor
2025-12-07T09:29:15Z vmauthd[2105483]: Acquired lock for /var/run/vmware/authd_c4ce0adab722156d671ee3cafe1e876f
2025-12-07T09:29:15Z vmauthd[2105483]: No such VMware process: /vmfs/volumes/3a4fd8ce-fc4375c4-effb-5cf3fce846f8/SGRL-JMP001/SGRL-JMP001.vmx
2025-12-07T09:29:15Z vmauthd[2105483]: released lock for /var/run/vmware/authd_c4ce0adab722156d671ee3cafe1e876f
2025-12-07T09:29:15Z vmauthd[2105483]: Local connection for vmx-vigor failed.
2025-12-07T09:29:15Z vmauthd[2105483]: Read failed.
2025-12-07T09:29:19Z vmauthd[2105608]: Msg_SetLocaleEx: HostLocale=UTF-8 UserLocale=NULL
2025-12-07T09:29:19Z vmauthd[2105608]: Could not expand environment variable HOME.
2025-12-07T09:29:19Z vmauthd[2105608]: Could not expand environment variable HOME.
2025-12-07T09:29:19Z vmauthd[2105608]: DictionaryLoad: Cannot open file "/usr/lib/vmware/config": No such file or directory.
2025-12-07T09:29:19Z vmauthd[2105608]: DictionaryLoad: Cannot open file "~/.vmware/config": No such file or directory.
2025-12-07T09:29:19Z vmauthd[2105608]: DictionaryLoad: Cannot open file "~/.vmware/preferences": No such file or directory.
2025-12-07T09:29:19Z vmauthd[2105608]: lib/ssl: OpenSSL using FIPS_drbg for RAND
2025-12-07T09:29:19Z vmauthd[2105608]: lib/ssl: protocol list tls1.2
2025-12-07T09:29:19Z vmauthd[2105608]: lib/ssl: protocol list tls1.2 (openssl flags 0x17000000)
2025-12-07T09:29:19Z vmauthd[2105608]: lib/ssl: cipher list ECDHE+AESGCM:RSA+AESGCM:ECDHE+AES:RSA+AES
2025-12-07T09:29:19Z vmauthd[2105608]: lib/ssl: curves list prime256v1:secp384r1:secp521r1
2025-12-07T09:29:19Z vmauthd[2105608]: Connect from (local) AF_UNIX socket.
2025-12-07T09:29:19Z vmauthd[2105608]: Connect from 127.0.0.1
2025-12-07T09:29:19Z vmauthd[2105608]: local verification as root
2025-12-07T09:29:19Z vmauthd[2105608]: received CONNECT_NOSTART command: /vmfs/volumes/3a4fd8ce-fc4375c4-effb-5cf3fce846f8/SGRL-ANS004/SGRL-ANS004.vmx vmx-vigor
2025-12-07T09:29:19Z vmauthd[2105608]: Acquired lock for /var/run/vmware/authd_0c4ed767b9c36095534d86bc17db7b7b
2025-12-07T09:29:19Z vmauthd[2105608]: No such VMware process: /vmfs/volumes/3a4fd8ce-fc4375c4-effb-5cf3fce846f8/SGRL-ANS004/SGRL-ANS004.vmx
2025-12-07T09:29:19Z vmauthd[2105608]: released lock for /var/run/vmware/authd_0c4ed767b9c36095534d86bc17db7b7b
2025-12-07T09:29:19Z vmauthd[2105608]: Local connection for vmx-vigor failed.
2025-12-07T09:29:19Z vmauthd[2105608]: Read failed.
2025-12-07T09:29:19Z vmauthd[2105615]: Msg_SetLocaleEx: HostLocale=UTF-8 UserLocale=NULL
2025-12-07T09:29:19Z vmauthd[2105615]: Could not expand environment variable HOME.
2025-12-07T09:29:19Z vmauthd[2105615]: Could not expand environment variable HOME.
2025-12-07T09:29:19Z vmauthd[2105615]: DictionaryLoad: Cannot open file "/usr/lib/vmware/config": No such file or directory.
2025-12-07T09:29:19Z vmauthd[2105615]: DictionaryLoad: Cannot open file "~/.vmware/config": No such file or directory.
2025-12-07T09:29:19Z vmauthd[2105615]: DictionaryLoad: Cannot open file "~/.vmware/preferences": No such file or directory.
2025-12-07T09:29:19Z vmauthd[2105615]: lib/ssl: OpenSSL using FIPS_drbg for RAND
2025-12-07T09:29:19Z vmauthd[2105615]: lib/ssl: protocol list tls1.2
2025-12-07T09:29:19Z vmauthd[2105615]: lib/ssl: protocol list tls1.2 (openssl flags 0x17000000)
2025-12-07T09:29:19Z vmauthd[2105615]: lib/ssl: cipher list ECDHE+AESGCM:RSA+AESGCM:ECDHE+AES:RSA+AES
2025-12-07T09:29:19Z vmauthd[2105615]: lib/ssl: curves list prime256v1:secp384r1:secp521r1
2025-12-07T09:29:19Z vmauthd[2105615]: Connect from (local) AF_UNIX socket.
2025-12-07T09:29:19Z vmauthd[2105615]: Connect from 127.0.0.1
2025-12-07T09:29:19Z vmauthd[2105615]: local verification as root
2025-12-07T09:29:19Z vmauthd[2105615]: received CONNECT_NOSTART command: /vmfs/volumes/3a4fd8ce-fc4375c4-effb-5cf3fce846f8/SGRL-ANS003/SGRL-ANS003.vmx vmx-vigor
2025-12-07T09:29:19Z vmauthd[2105615]: Acquired lock for /var/run/vmware/authd_c0b5f6264c25e3cf475296695063f091
2025-12-07T09:29:19Z vmauthd[2105615]: No such VMware process: /vmfs/volumes/3a4fd8ce-fc4375c4-effb-5cf3fce846f8/SGRL-ANS003/SGRL-ANS003.vmx
2025-12-07T09:29:19Z vmauthd[2105615]: released lock for /var/run/vmware/authd_c0b5f6264c25e3cf475296695063f091
2025-12-07T09:29:19Z vmauthd[2105615]: Local connection for vmx-vigor failed.
2025-12-07T09:29:19Z vmauthd[2105615]: Read failed.
2025-12-07T09:29:19Z vmauthd[2105616]: Msg_SetLocaleEx: HostLocale=UTF-8 UserLocale=NULL
2025-12-07T09:29:19Z vmauthd[2105616]: Could not expand environment variable HOME.
2025-12-07T09:29:19Z vmauthd[2105616]: Could not expand environment variable HOME.
2025-12-07T09:29:19Z vmauthd[2105616]: DictionaryLoad: Cannot open file "/usr/lib/vmware/config": No such file or directory.
2025-12-07T09:29:19Z vmauthd[2105616]: DictionaryLoad: Cannot open file "~/.vmware/config": No such file or directory.
2025-12-07T09:29:19Z vmauthd[2105616]: DictionaryLoad: Cannot open file "~/.vmware/preferences": No such file or directory.
2025-12-07T09:29:19Z vmauthd[2105616]: lib/ssl: OpenSSL using FIPS_drbg for RAND
2025-12-07T09:29:19Z vmauthd[2105616]: lib/ssl: protocol list tls1.2
2025-12-07T09:29:19Z vmauthd[2105616]: lib/ssl: protocol list tls1.2 (openssl flags 0x17000000)
2025-12-07T09:29:19Z vmauthd[2105616]: lib/ssl: cipher list ECDHE+AESGCM:RSA+AESGCM:ECDHE+AES:RSA+AES
2025-12-07T09:29:19Z vmauthd[2105616]: lib/ssl: curves list prime256v1:secp384r1:secp521r1
2025-12-07T09:29:19Z vmauthd[2105616]: Connect from (local) AF_UNIX socket.
2025-12-07T09:29:19Z vmauthd[2105616]: Connect from 127.0.0.1
2025-12-07T09:29:19Z vmauthd[2105616]: local verification as root
2025-12-07T09:29:19Z vmauthd[2105616]: received CONNECT_NOSTART command: /vmfs/volumes/3a4fd8ce-fc4375c4-effb-5cf3fce846f8/SGRL-ANS002/SGRL-ANS002.vmx vmx-vigor
2025-12-07T09:29:19Z vmauthd[2105616]: Acquired lock for /var/run/vmware/authd_8dfdc9da76ef4de5e2bcb61665c61302
2025-12-07T09:29:19Z vmauthd[2105616]: No such VMware process: /vmfs/volumes/3a4fd8ce-fc4375c4-effb-5cf3fce846f8/SGRL-ANS002/SGRL-ANS002.vmx
2025-12-07T09:29:19Z vmauthd[2105616]: released lock for /var/run/vmware/authd_8dfdc9da76ef4de5e2bcb61665c61302
2025-12-07T09:29:19Z vmauthd[2105616]: Local connection for vmx-vigor failed.
2025-12-07T09:29:19Z vmauthd[2105616]: Read failed.
2025-12-07T09:29:19Z vmauthd[2105617]: Msg_SetLocaleEx: HostLocale=UTF-8 UserLocale=NULL
2025-12-07T09:29:19Z vmauthd[2105617]: Could not expand environment variable HOME.
2025-12-07T09:29:19Z vmauthd[2105617]: Could not expand environment variable HOME.
2025-12-07T09:29:19Z vmauthd[2105617]: DictionaryLoad: Cannot open file "/usr/lib/vmware/config": No such file or directory.
2025-12-07T09:29:19Z vmauthd[2105617]: DictionaryLoad: Cannot open file "~/.vmware/config": No such file or directory.
2025-12-07T09:29:19Z vmauthd[2105617]: DictionaryLoad: Cannot open file "~/.vmware/preferences": No such file or directory.
2025-12-07T09:29:19Z vmauthd[2105617]: lib/ssl: OpenSSL using FIPS_drbg for RAND
2025-12-07T09:29:19Z vmauthd[2105617]: lib/ssl: protocol list tls1.2
2025-12-07T09:29:19Z vmauthd[2105617]: lib/ssl: protocol list tls1.2 (openssl flags 0x17000000)
2025-12-07T09:29:19Z vmauthd[2105617]: lib/ssl: cipher list ECDHE+AESGCM:RSA+AESGCM:ECDHE+AES:RSA+AES
2025-12-07T09:29:19Z vmauthd[2105617]: lib/ssl: curves list prime256v1:secp384r1:secp521r1
2025-12-07T09:29:19Z vmauthd[2105617]: Connect from (local) AF_UNIX socket.
2025-12-07T09:29:19Z vmauthd[2105617]: Connect from 127.0.0.1
2025-12-07T09:29:19Z vmauthd[2105617]: local verification as root
2025-12-07T09:29:19Z vmauthd[2105617]: received CONNECT_NOSTART command: /vmfs/volumes/3a4fd8ce-fc4375c4-effb-5cf3fce846f8/SGRL-ANS005/SGRL-ANS005.vmx vmx-vigor
2025-12-07T09:29:19Z vmauthd[2105617]: Acquired lock for /var/run/vmware/authd_28e1b2a1e15de7aec7fa51b826f508e6
2025-12-07T09:29:19Z vmauthd[2105617]: No such VMware process: /vmfs/volumes/3a4fd8ce-fc4375c4-effb-5cf3fce846f8/SGRL-ANS005/SGRL-ANS005.vmx
2025-12-07T09:29:19Z vmauthd[2105617]: released lock for /var/run/vmware/authd_28e1b2a1e15de7aec7fa51b826f508e6
2025-12-07T09:29:19Z vmauthd[2105617]: Local connection for vmx-vigor failed.
2025-12-07T09:29:19Z vmauthd[2105617]: Read failed.
2025-12-07T09:29:21Z vmauthd[2105625]: Msg_SetLocaleEx: HostLocale=UTF-8 UserLocale=NULL
2025-12-07T09:29:21Z vmauthd[2105625]: Could not expand environment variable HOME.
2025-12-07T09:29:21Z vmauthd[2105625]: Could not expand environment variable HOME.
2025-12-07T09:29:21Z vmauthd[2105625]: DictionaryLoad: Cannot open file "/usr/lib/vmware/config": No such file or directory.
2025-12-07T09:29:21Z vmauthd[2105625]: DictionaryLoad: Cannot open file "~/.vmware/config": No such file or directory.
2025-12-07T09:29:21Z vmauthd[2105625]: DictionaryLoad: Cannot open file "~/.vmware/preferences": No such file or directory.
2025-12-07T09:29:21Z vmauthd[2105625]: lib/ssl: OpenSSL using FIPS_drbg for RAND
2025-12-07T09:29:21Z vmauthd[2105625]: lib/ssl: protocol list tls1.2
2025-12-07T09:29:21Z vmauthd[2105625]: lib/ssl: protocol list tls1.2 (openssl flags 0x17000000)
2025-12-07T09:29:21Z vmauthd[2105625]: lib/ssl: cipher list ECDHE+AESGCM:RSA+AESGCM:ECDHE+AES:RSA+AES
2025-12-07T09:29:21Z vmauthd[2105625]: lib/ssl: curves list prime256v1:secp384r1:secp521r1
2025-12-07T09:29:21Z vmauthd[2105625]: Connect from (local) AF_UNIX socket.
2025-12-07T09:29:21Z vmauthd[2105625]: Connect from 127.0.0.1
2025-12-07T09:29:21Z vmauthd[2105625]: local verification as root
2025-12-07T09:29:21Z vmauthd[2105625]: received CONNECT_NOSTART command: /vmfs/volumes/3a4fd8ce-fc4375c4-effb-5cf3fce846f8/SGRL-ANS001/SGRL-ANS001.vmx vmx-vigor
2025-12-07T09:29:21Z vmauthd[2105625]: Acquired lock for /var/run/vmware/authd_3b9df648ac1df1f9cc22917a303db689
2025-12-07T09:29:21Z vmauthd[2105625]: No such VMware process: /vmfs/volumes/3a4fd8ce-fc4375c4-effb-5cf3fce846f8/SGRL-ANS001/SGRL-ANS001.vmx
2025-12-07T09:29:21Z vmauthd[2105625]: released lock for /var/run/vmware/authd_3b9df648ac1df1f9cc22917a303db689
2025-12-07T09:29:21Z vmauthd[2105625]: Local connection for vmx-vigor failed.
2025-12-07T09:29:21Z vmauthd[2105625]: Read failed.
2025-12-07T09:29:24Z vmauthd[2105626]: Msg_SetLocaleEx: HostLocale=UTF-8 UserLocale=NULL
2025-12-07T09:29:24Z vmauthd[2105626]: Could not expand environment variable HOME.
2025-12-07T09:29:24Z vmauthd[2105626]: Could not expand environment variable HOME.
2025-12-07T09:29:24Z vmauthd[2105626]: DictionaryLoad: Cannot open file "/usr/lib/vmware/config": No such file or directory.
2025-12-07T09:29:24Z vmauthd[2105626]: DictionaryLoad: Cannot open file "~/.vmware/config": No such file or directory.
2025-12-07T09:29:24Z vmauthd[2105626]: DictionaryLoad: Cannot open file "~/.vmware/preferences": No such file or directory.
2025-12-07T09:29:24Z vmauthd[2105626]: lib/ssl: OpenSSL using FIPS_drbg for RAND
2025-12-07T09:29:24Z vmauthd[2105626]: lib/ssl: protocol list tls1.2
2025-12-07T09:29:24Z vmauthd[2105626]: lib/ssl: protocol list tls1.2 (openssl flags 0x17000000)
2025-12-07T09:29:24Z vmauthd[2105626]: lib/ssl: cipher list ECDHE+AESGCM:RSA+AESGCM:ECDHE+AES:RSA+AES
2025-12-07T09:29:24Z vmauthd[2105626]: lib/ssl: curves list prime256v1:secp384r1:secp521r1
2025-12-07T09:29:24Z vmauthd[2105626]: Connect from (local) AF_UNIX socket.
2025-12-07T09:29:24Z vmauthd[2105626]: Connect from 127.0.0.1
2025-12-07T09:29:24Z vmauthd[2105626]: local verification as root
2025-12-07T09:29:24Z vmauthd[2105626]: received CONNECT_NOSTART command: /vmfs/volumes/3a4fd8ce-fc4375c4-effb-5cf3fce846f8/SGRL-ADC001_1/SGRL-ADC001.vmx vmx-vigor
2025-12-07T09:29:24Z vmauthd[2105626]: Acquired lock for /var/run/vmware/authd_226062ab7d82351861fb836c092c66bf
2025-12-07T09:29:24Z vmauthd[2105626]: No such VMware process: /vmfs/volumes/3a4fd8ce-fc4375c4-effb-5cf3fce846f8/SGRL-ADC001_1/SGRL-ADC001.vmx
2025-12-07T09:29:24Z vmauthd[2105626]: released lock for /var/run/vmware/authd_226062ab7d82351861fb836c092c66bf
2025-12-07T09:29:24Z vmauthd[2105626]: Local connection for vmx-vigor failed.
2025-12-07T09:29:24Z vmauthd[2105626]: Read failed.
2025-12-07T09:30:07Z vmauthd[2105782]: Msg_SetLocaleEx: HostLocale=UTF-8 UserLocale=NULL
2025-12-07T09:30:07Z vmauthd[2105782]: Could not expand environment variable HOME.
2025-12-07T09:30:07Z vmauthd[2105782]: Could not expand environment variable HOME.
2025-12-07T09:30:07Z vmauthd[2105782]: DictionaryLoad: Cannot open file "/usr/lib/vmware/config": No such file or directory.
2025-12-07T09:30:07Z vmauthd[2105782]: DictionaryLoad: Cannot open file "~/.vmware/config": No such file or directory.
2025-12-07T09:30:07Z vmauthd[2105782]: DictionaryLoad: Cannot open file "~/.vmware/preferences": No such file or directory.
2025-12-07T09:30:07Z vmauthd[2105782]: lib/ssl: OpenSSL using FIPS_drbg for RAND
2025-12-07T09:30:07Z vmauthd[2105782]: lib/ssl: protocol list tls1.2
2025-12-07T09:30:07Z vmauthd[2105782]: lib/ssl: protocol list tls1.2 (openssl flags 0x17000000)
2025-12-07T09:30:07Z vmauthd[2105782]: lib/ssl: cipher list ECDHE+AESGCM:RSA+AESGCM:ECDHE+AES:RSA+AES
2025-12-07T09:30:07Z vmauthd[2105782]: lib/ssl: curves list prime256v1:secp384r1:secp521r1
2025-12-07T09:30:07Z vmauthd[2105782]: Connect from (local) AF_UNIX socket.
2025-12-07T09:30:07Z vmauthd[2105782]: Connect from 127.0.0.1
2025-12-07T09:30:07Z vmauthd[2105782]: local verification as root
2025-12-07T09:30:07Z vmauthd[2105782]: received CONNECT_NOSTART command: /vmfs/volumes/3a4fd8ce-fc4375c4-effb-5cf3fce846f8/SGRL-VCSA01/SGRL-VCSA01.vmx vmx-vigor
2025-12-07T09:30:07Z vmauthd[2105782]: Acquired lock for /var/run/vmware/authd_84500fb122bfa30daf2e457a68fcb33e
2025-12-07T09:30:07Z vmauthd[2105782]: No such VMware process: /vmfs/volumes/3a4fd8ce-fc4375c4-effb-5cf3fce846f8/SGRL-VCSA01/SGRL-VCSA01.vmx
2025-12-07T09:30:07Z vmauthd[2105782]: released lock for /var/run/vmware/authd_84500fb122bfa30daf2e457a68fcb33e
2025-12-07T09:30:07Z vmauthd[2105782]: Local connection for vmx-vigor failed.
2025-12-07T09:30:07Z vmauthd[2105782]: Read failed.
2025-12-08T11:43:37Z vmauthd[2100289]: Msg_SetLocaleEx: HostLocale=UTF-8 UserLocale=NULL
2025-12-08T11:43:37Z vmauthd[2100289]: Could not expand environment variable HOME.
2025-12-08T11:43:37Z vmauthd[2100289]: Could not expand environment variable HOME.
2025-12-08T11:43:37Z vmauthd[2100289]: DictionaryLoad: Cannot open file "/usr/lib/vmware/config": No such file or directory.
2025-12-08T11:43:37Z vmauthd[2100289]: DictionaryLoad: Cannot open file "~/.vmware/config": No such file or directory.
2025-12-08T11:43:37Z vmauthd[2100289]: DictionaryLoad: Cannot open file "~/.vmware/preferences": No such file or directory.
2025-12-08T11:43:37Z vmauthd[2100289]: lib/ssl: OpenSSL using FIPS_drbg for RAND
2025-12-08T11:43:37Z vmauthd[2100289]: lib/ssl: protocol list tls1.2
2025-12-08T11:43:37Z vmauthd[2100289]: lib/ssl: protocol list tls1.2 (openssl flags 0x17000000)
2025-12-08T11:43:37Z vmauthd[2100289]: lib/ssl: cipher list ECDHE+AESGCM:RSA+AESGCM:ECDHE+AES:RSA+AES
2025-12-08T11:43:37Z vmauthd[2100289]: lib/ssl: curves list prime256v1:secp384r1:secp521r1
2025-12-08T11:43:37Z vmauthd[2100289]: Connect from (local) AF_UNIX socket.
2025-12-08T11:43:37Z vmauthd[2100289]: Connect from 127.0.0.1
2025-12-08T11:43:37Z vmauthd[2100289]: local verification as root
2025-12-08T11:43:37Z vmauthd[2100289]: received CONNECT_NOSTART command: /vmfs/volumes/3a4fd8ce-fc4375c4-effb-5cf3fce846f8/SGRL-VCSA01/SGRL-VCSA01.vmx vmx-vigor
2025-12-08T11:43:37Z vmauthd[2100289]: Acquired lock for /var/run/vmware/authd_84500fb122bfa30daf2e457a68fcb33e
2025-12-08T11:43:37Z vmauthd[2100289]: No such VMware process: /vmfs/volumes/3a4fd8ce-fc4375c4-effb-5cf3fce846f8/SGRL-VCSA01/SGRL-VCSA01.vmx
2025-12-08T11:43:37Z vmauthd[2100289]: released lock for /var/run/vmware/authd_84500fb122bfa30daf2e457a68fcb33e
2025-12-08T11:43:37Z vmauthd[2100289]: Local connection for vmx-vigor failed.
2025-12-08T11:43:37Z vmauthd[2100289]: Read failed.
2025-12-08T13:33:36Z vmauthd[2101548]: Msg_SetLocaleEx: HostLocale=UTF-8 UserLocale=NULL
2025-12-08T13:33:36Z vmauthd[2101548]: Could not expand environment variable HOME.
2025-12-08T13:33:36Z vmauthd[2101548]: Could not expand environment variable HOME.
2025-12-08T13:33:36Z vmauthd[2101548]: DictionaryLoad: Cannot open file "/usr/lib/vmware/config": No such file or directory.
2025-12-08T13:33:36Z vmauthd[2101548]: DictionaryLoad: Cannot open file "~/.vmware/config": No such file or directory.
2025-12-08T13:33:36Z vmauthd[2101548]: DictionaryLoad: Cannot open file "~/.vmware/preferences": No such file or directory.
2025-12-08T13:33:36Z vmauthd[2101548]: lib/ssl: OpenSSL using FIPS_drbg for RAND
2025-12-08T13:33:36Z vmauthd[2101548]: lib/ssl: protocol list tls1.2
2025-12-08T13:33:36Z vmauthd[2101548]: lib/ssl: protocol list tls1.2 (openssl flags 0x17000000)
2025-12-08T13:33:36Z vmauthd[2101548]: lib/ssl: cipher list ECDHE+AESGCM:RSA+AESGCM:ECDHE+AES:RSA+AES
2025-12-08T13:33:36Z vmauthd[2101548]: lib/ssl: curves list prime256v1:secp384r1:secp521r1
2025-12-08T13:33:36Z vmauthd[2101548]: Connect from (local) AF_UNIX socket.
2025-12-08T13:33:36Z vmauthd[2101548]: Connect from 127.0.0.1
2025-12-08T13:33:36Z vmauthd[2101548]: local verification as root
2025-12-08T13:33:36Z vmauthd[2101548]: received CONNECT_NOSTART command: /vmfs/volumes/3a4fd8ce-fc4375c4-effb-5cf3fce846f8/VyOS-Router/VyOS-Router.vmx vmx-vigor
2025-12-08T13:33:36Z vmauthd[2101548]: Acquired lock for /var/run/vmware/authd_91ecdaacce253e6bc5c93f9dde6fab90
2025-12-08T13:33:36Z vmauthd[2101548]: No such VMware process: /vmfs/volumes/3a4fd8ce-fc4375c4-effb-5cf3fce846f8/VyOS-Router/VyOS-Router.vmx
2025-12-08T13:33:36Z vmauthd[2101548]: released lock for /var/run/vmware/authd_91ecdaacce253e6bc5c93f9dde6fab90
2025-12-08T13:33:36Z vmauthd[2101548]: Local connection for vmx-vigor failed.
2025-12-08T13:33:36Z vmauthd[2101548]: Read failed.
2025-12-08T13:33:43Z vmauthd[2101701]: Msg_SetLocaleEx: HostLocale=UTF-8 UserLocale=NULL
2025-12-08T13:33:43Z vmauthd[2101701]: Could not expand environment variable HOME.
2025-12-08T13:33:43Z vmauthd[2101701]: Could not expand environment variable HOME.
2025-12-08T13:33:43Z vmauthd[2101701]: DictionaryLoad: Cannot open file "/usr/lib/vmware/config": No such file or directory.
2025-12-08T13:33:43Z vmauthd[2101701]: DictionaryLoad: Cannot open file "~/.vmware/config": No such file or directory.
2025-12-08T13:33:43Z vmauthd[2101701]: DictionaryLoad: Cannot open file "~/.vmware/preferences": No such file or directory.
2025-12-08T13:33:43Z vmauthd[2101701]: lib/ssl: OpenSSL using FIPS_drbg for RAND
2025-12-08T13:33:43Z vmauthd[2101701]: lib/ssl: protocol list tls1.2
2025-12-08T13:33:43Z vmauthd[2101701]: lib/ssl: protocol list tls1.2 (openssl flags 0x17000000)
2025-12-08T13:33:43Z vmauthd[2101701]: lib/ssl: cipher list ECDHE+AESGCM:RSA+AESGCM:ECDHE+AES:RSA+AES
2025-12-08T13:33:43Z vmauthd[2101701]: lib/ssl: curves list prime256v1:secp384r1:secp521r1
2025-12-08T13:33:43Z vmauthd[2101701]: Connect from (local) AF_UNIX socket.
2025-12-08T13:33:43Z vmauthd[2101701]: Connect from 127.0.0.1
2025-12-08T13:33:43Z vmauthd[2101701]: local verification as root
2025-12-08T13:33:43Z vmauthd[2101701]: received CONNECT_NOSTART command: /vmfs/volumes/3a4fd8ce-fc4375c4-effb-5cf3fce846f8/SGRL-ANS001/SGRL-ANS001.vmx vmx-vigor
2025-12-08T13:33:43Z vmauthd[2101701]: Acquired lock for /var/run/vmware/authd_3b9df648ac1df1f9cc22917a303db689
2025-12-08T13:33:43Z vmauthd[2101701]: No such VMware process: /vmfs/volumes/3a4fd8ce-fc4375c4-effb-5cf3fce846f8/SGRL-ANS001/SGRL-ANS001.vmx
2025-12-08T13:33:43Z vmauthd[2101701]: released lock for /var/run/vmware/authd_3b9df648ac1df1f9cc22917a303db689
2025-12-08T13:33:43Z vmauthd[2101701]: Local connection for vmx-vigor failed.
2025-12-08T13:33:43Z vmauthd[2101701]: Read failed.
2025-12-08T13:33:48Z vmauthd[2101709]: Msg_SetLocaleEx: HostLocale=UTF-8 UserLocale=NULL
2025-12-08T13:33:48Z vmauthd[2101709]: Could not expand environment variable HOME.
2025-12-08T13:33:48Z vmauthd[2101709]: Could not expand environment variable HOME.
2025-12-08T13:33:48Z vmauthd[2101709]: DictionaryLoad: Cannot open file "/usr/lib/vmware/config": No such file or directory.
2025-12-08T13:33:48Z vmauthd[2101709]: DictionaryLoad: Cannot open file "~/.vmware/config": No such file or directory.
2025-12-08T13:33:48Z vmauthd[2101709]: DictionaryLoad: Cannot open file "~/.vmware/preferences": No such file or directory.
2025-12-08T13:33:48Z vmauthd[2101709]: lib/ssl: OpenSSL using FIPS_drbg for RAND
2025-12-08T13:33:48Z vmauthd[2101709]: lib/ssl: protocol list tls1.2
2025-12-08T13:33:48Z vmauthd[2101709]: lib/ssl: protocol list tls1.2 (openssl flags 0x17000000)
2025-12-08T13:33:48Z vmauthd[2101709]: lib/ssl: cipher list ECDHE+AESGCM:RSA+AESGCM:ECDHE+AES:RSA+AES
2025-12-08T13:33:48Z vmauthd[2101709]: lib/ssl: curves list prime256v1:secp384r1:secp521r1
2025-12-08T13:33:48Z vmauthd[2101709]: Connect from (local) AF_UNIX socket.
2025-12-08T13:33:48Z vmauthd[2101709]: Connect from 127.0.0.1
2025-12-08T13:33:48Z vmauthd[2101709]: local verification as root
2025-12-08T13:33:48Z vmauthd[2101709]: received CONNECT_NOSTART command: /vmfs/volumes/3a4fd8ce-fc4375c4-effb-5cf3fce846f8/SGRL-ADC001_1/SGRL-ADC001.vmx vmx-vigor
2025-12-08T13:33:48Z vmauthd[2101709]: Acquired lock for /var/run/vmware/authd_226062ab7d82351861fb836c092c66bf
2025-12-08T13:33:48Z vmauthd[2101709]: No such VMware process: /vmfs/volumes/3a4fd8ce-fc4375c4-effb-5cf3fce846f8/SGRL-ADC001_1/SGRL-ADC001.vmx
2025-12-08T13:33:48Z vmauthd[2101709]: released lock for /var/run/vmware/authd_226062ab7d82351861fb836c092c66bf
2025-12-08T13:33:48Z vmauthd[2101709]: Local connection for vmx-vigor failed.
2025-12-08T13:33:48Z vmauthd[2101709]: Read failed.
2025-12-08T13:33:55Z vmauthd[2101725]: Msg_SetLocaleEx: HostLocale=UTF-8 UserLocale=NULL
2025-12-08T13:33:55Z vmauthd[2101725]: Could not expand environment variable HOME.
2025-12-08T13:33:55Z vmauthd[2101725]: Could not expand environment variable HOME.
2025-12-08T13:33:55Z vmauthd[2101725]: DictionaryLoad: Cannot open file "/usr/lib/vmware/config": No such file or directory.
2025-12-08T13:33:55Z vmauthd[2101725]: DictionaryLoad: Cannot open file "~/.vmware/config": No such file or directory.
2025-12-08T13:33:55Z vmauthd[2101725]: DictionaryLoad: Cannot open file "~/.vmware/preferences": No such file or directory.
2025-12-08T13:33:55Z vmauthd[2101725]: lib/ssl: OpenSSL using FIPS_drbg for RAND
2025-12-08T13:33:55Z vmauthd[2101725]: lib/ssl: protocol list tls1.2
2025-12-08T13:33:55Z vmauthd[2101725]: lib/ssl: protocol list tls1.2 (openssl flags 0x17000000)
2025-12-08T13:33:55Z vmauthd[2101725]: lib/ssl: cipher list ECDHE+AESGCM:RSA+AESGCM:ECDHE+AES:RSA+AES
2025-12-08T13:33:55Z vmauthd[2101725]: lib/ssl: curves list prime256v1:secp384r1:secp521r1
2025-12-08T13:33:55Z vmauthd[2101725]: Connect from (local) AF_UNIX socket.
2025-12-08T13:33:55Z vmauthd[2101725]: Connect from 127.0.0.1
2025-12-08T13:33:55Z vmauthd[2101725]: local verification as root
2025-12-08T13:33:55Z vmauthd[2101725]: received CONNECT_NOSTART command: /vmfs/volumes/3a4fd8ce-fc4375c4-effb-5cf3fce846f8/SGRL-JMP001/SGRL-JMP001.vmx vmx-vigor
2025-12-08T13:33:55Z vmauthd[2101725]: Acquired lock for /var/run/vmware/authd_c4ce0adab722156d671ee3cafe1e876f
2025-12-08T13:33:55Z vmauthd[2101725]: No such VMware process: /vmfs/volumes/3a4fd8ce-fc4375c4-effb-5cf3fce846f8/SGRL-JMP001/SGRL-JMP001.vmx
2025-12-08T13:33:55Z vmauthd[2101725]: released lock for /var/run/vmware/authd_c4ce0adab722156d671ee3cafe1e876f
2025-12-08T13:33:55Z vmauthd[2101725]: Local connection for vmx-vigor failed.
2025-12-08T13:33:55Z vmauthd[2101725]: Read failed.
2025-12-08T19:44:58Z vmauthd[2100950]: Msg_SetLocaleEx: HostLocale=UTF-8 UserLocale=NULL
2025-12-08T19:44:58Z vmauthd[2100950]: Could not expand environment variable HOME.
2025-12-08T19:44:58Z vmauthd[2100950]: Could not expand environment variable HOME.
2025-12-08T19:44:58Z vmauthd[2100950]: DictionaryLoad: Cannot open file "/usr/lib/vmware/config": No such file or directory.
2025-12-08T19:44:58Z vmauthd[2100950]: DictionaryLoad: Cannot open file "~/.vmware/config": No such file or directory.
2025-12-08T19:44:58Z vmauthd[2100950]: DictionaryLoad: Cannot open file "~/.vmware/preferences": No such file or directory.
2025-12-08T19:44:58Z vmauthd[2100950]: lib/ssl: OpenSSL using FIPS_drbg for RAND
2025-12-08T19:44:58Z vmauthd[2100950]: lib/ssl: protocol list tls1.2
2025-12-08T19:44:58Z vmauthd[2100950]: lib/ssl: protocol list tls1.2 (openssl flags 0x17000000)
2025-12-08T19:44:58Z vmauthd[2100950]: lib/ssl: cipher list ECDHE+AESGCM:RSA+AESGCM:ECDHE+AES:RSA+AES
2025-12-08T19:44:58Z vmauthd[2100950]: lib/ssl: curves list prime256v1:secp384r1:secp521r1
2025-12-08T19:44:58Z vmauthd[2100950]: Connect from remote socket (192.168.1.2:32778).
2025-12-08T19:44:58Z vmauthd[2100950]: Connect from 192.168.1.2
2025-12-08T19:44:58Z vmauthd[2100950]: Received PROXY command for vpxa-nfcssl, session = 52 68 63 17 6e 6c 47 37-d2 6a 92 bb e7 f5 ca 7e
2025-12-08T19:44:58Z vmauthd[2100950]: vmware-vpxa: Connected to vpxa-nfcssl-fd, remote end sent pid: 2099327
2025-12-09T01:45:53Z vmauthd[2104000]: Msg_SetLocaleEx: HostLocale=UTF-8 UserLocale=NULL
2025-12-09T01:45:53Z vmauthd[2104000]: Could not expand environment variable HOME.
2025-12-09T01:45:53Z vmauthd[2104000]: Could not expand environment variable HOME.
2025-12-09T01:45:53Z vmauthd[2104000]: DictionaryLoad: Cannot open file "/usr/lib/vmware/config": No such file or directory.
2025-12-09T01:45:53Z vmauthd[2104000]: DictionaryLoad: Cannot open file "~/.vmware/config": No such file or directory.
2025-12-09T01:45:53Z vmauthd[2104000]: DictionaryLoad: Cannot open file "~/.vmware/preferences": No such file or directory.
2025-12-09T01:45:53Z vmauthd[2104000]: lib/ssl: OpenSSL using FIPS_drbg for RAND
2025-12-09T01:45:53Z vmauthd[2104000]: lib/ssl: protocol list tls1.2
2025-12-09T01:45:53Z vmauthd[2104000]: lib/ssl: protocol list tls1.2 (openssl flags 0x17000000)
2025-12-09T01:45:53Z vmauthd[2104000]: lib/ssl: cipher list ECDHE+AESGCM:RSA+AESGCM:ECDHE+AES:RSA+AES
2025-12-09T01:45:53Z vmauthd[2104000]: lib/ssl: curves list prime256v1:secp384r1:secp521r1
2025-12-09T01:45:53Z vmauthd[2104000]: Connect from remote socket (192.168.1.2:46452).
2025-12-09T01:45:53Z vmauthd[2104000]: Connect from 192.168.1.2
2025-12-09T01:45:53Z vmauthd[2104000]: Received PROXY command for vpxa-nfcssl, session = 52 b8 73 fc 80 43 06 7a-71 e7 03 bd c1 8e 49 a0
2025-12-09T01:45:53Z vmauthd[2104000]: vmware-vpxa: Connected to vpxa-nfcssl-fd, remote end sent pid: 2099327
2025-12-09T07:46:48Z vmauthd[2106165]: Msg_SetLocaleEx: HostLocale=UTF-8 UserLocale=NULL
2025-12-09T07:46:48Z vmauthd[2106165]: Could not expand environment variable HOME.
2025-12-09T07:46:48Z vmauthd[2106165]: Could not expand environment variable HOME.
2025-12-09T07:46:48Z vmauthd[2106165]: DictionaryLoad: Cannot open file "/usr/lib/vmware/config": No such file or directory.
2025-12-09T07:46:48Z vmauthd[2106165]: DictionaryLoad: Cannot open file "~/.vmware/config": No such file or directory.
2025-12-09T07:46:48Z vmauthd[2106165]: DictionaryLoad: Cannot open file "~/.vmware/preferences": No such file or directory.
2025-12-09T07:46:48Z vmauthd[2106165]: lib/ssl: OpenSSL using FIPS_drbg for RAND
2025-12-09T07:46:48Z vmauthd[2106165]: lib/ssl: protocol list tls1.2
2025-12-09T07:46:48Z vmauthd[2106165]: lib/ssl: protocol list tls1.2 (openssl flags 0x17000000)
2025-12-09T07:46:48Z vmauthd[2106165]: lib/ssl: cipher list ECDHE+AESGCM:RSA+AESGCM:ECDHE+AES:RSA+AES
2025-12-09T07:46:48Z vmauthd[2106165]: lib/ssl: curves list prime256v1:secp384r1:secp521r1
2025-12-09T07:46:48Z vmauthd[2106165]: Connect from remote socket (192.168.1.2:59932).
2025-12-09T07:46:48Z vmauthd[2106165]: Connect from 192.168.1.2
2025-12-09T07:46:48Z vmauthd[2106165]: Received PROXY command for vpxa-nfcssl, session = 52 4c 3a 7d 69 fb 38 26-75 a5 28 19 35 88 00 f3
2025-12-09T07:46:48Z vmauthd[2106165]: vmware-vpxa: Connected to vpxa-nfcssl-fd, remote end sent pid: 2099327
2025-12-09T10:54:07Z vmauthd[2107724]: Msg_SetLocaleEx: HostLocale=UTF-8 UserLocale=NULL
2025-12-09T10:54:07Z vmauthd[2107724]: Could not expand environment variable HOME.
2025-12-09T10:54:07Z vmauthd[2107724]: Could not expand environment variable HOME.
2025-12-09T10:54:07Z vmauthd[2107724]: DictionaryLoad: Cannot open file "/usr/lib/vmware/config": No such file or directory.
2025-12-09T10:54:07Z vmauthd[2107724]: DictionaryLoad: Cannot open file "~/.vmware/config": No such file or directory.
2025-12-09T10:54:07Z vmauthd[2107724]: DictionaryLoad: Cannot open file "~/.vmware/preferences": No such file or directory.
2025-12-09T10:54:07Z vmauthd[2107724]: lib/ssl: OpenSSL using FIPS_drbg for RAND
2025-12-09T10:54:07Z vmauthd[2107724]: lib/ssl: protocol list tls1.2
2025-12-09T10:54:07Z vmauthd[2107724]: lib/ssl: protocol list tls1.2 (openssl flags 0x17000000)
2025-12-09T10:54:07Z vmauthd[2107724]: lib/ssl: cipher list ECDHE+AESGCM:RSA+AESGCM:ECDHE+AES:RSA+AES
2025-12-09T10:54:07Z vmauthd[2107724]: lib/ssl: curves list prime256v1:secp384r1:secp521r1
2025-12-09T10:54:07Z vmauthd[2107724]: Connect from (local) AF_UNIX socket.
2025-12-09T10:54:07Z vmauthd[2107724]: Connect from 127.0.0.1
2025-12-09T10:54:07Z vmauthd[2107724]: local verification as root
2025-12-09T10:54:07Z vmauthd[2107724]: received CONNECT_NOSTART command: /vmfs/volumes/3a4fd8ce-fc4375c4-effb-5cf3fce846f8/VyOS-Router/VyOS-Router.vmx vmx-vigor
2025-12-09T10:54:07Z vmauthd[2107724]: Acquired lock for /var/run/vmware/authd_91ecdaacce253e6bc5c93f9dde6fab90
2025-12-09T10:54:07Z vmauthd[2107724]: No such VMware process: /vmfs/volumes/3a4fd8ce-fc4375c4-effb-5cf3fce846f8/VyOS-Router/VyOS-Router.vmx
2025-12-09T10:54:07Z vmauthd[2107724]: released lock for /var/run/vmware/authd_91ecdaacce253e6bc5c93f9dde6fab90
2025-12-09T10:54:07Z vmauthd[2107724]: Local connection for vmx-vigor failed.
2025-12-09T10:54:07Z vmauthd[2107724]: Read failed.
2025-12-09T10:54:11Z vmauthd[2107748]: Msg_SetLocaleEx: HostLocale=UTF-8 UserLocale=NULL
2025-12-09T10:54:11Z vmauthd[2107748]: Could not expand environment variable HOME.
2025-12-09T10:54:11Z vmauthd[2107748]: Could not expand environment variable HOME.
2025-12-09T10:54:11Z vmauthd[2107748]: DictionaryLoad: Cannot open file "/usr/lib/vmware/config": No such file or directory.
2025-12-09T10:54:11Z vmauthd[2107748]: DictionaryLoad: Cannot open file "~/.vmware/config": No such file or directory.
2025-12-09T10:54:11Z vmauthd[2107748]: DictionaryLoad: Cannot open file "~/.vmware/preferences": No such file or directory.
2025-12-09T10:54:11Z vmauthd[2107748]: lib/ssl: OpenSSL using FIPS_drbg for RAND
2025-12-09T10:54:11Z vmauthd[2107748]: lib/ssl: protocol list tls1.2
2025-12-09T10:54:11Z vmauthd[2107748]: lib/ssl: protocol list tls1.2 (openssl flags 0x17000000)
2025-12-09T10:54:11Z vmauthd[2107748]: lib/ssl: cipher list ECDHE+AESGCM:RSA+AESGCM:ECDHE+AES:RSA+AES
2025-12-09T10:54:11Z vmauthd[2107748]: lib/ssl: curves list prime256v1:secp384r1:secp521r1
2025-12-09T10:54:11Z vmauthd[2107748]: Connect from (local) AF_UNIX socket.
2025-12-09T10:54:11Z vmauthd[2107748]: Connect from 127.0.0.1
2025-12-09T10:54:11Z vmauthd[2107748]: local verification as root
2025-12-09T10:54:11Z vmauthd[2107748]: received CONNECT_NOSTART command: /vmfs/volumes/3a4fd8ce-fc4375c4-effb-5cf3fce846f8/OpenVPN/OpenVPN.vmx vmx-vigor
2025-12-09T10:54:11Z vmauthd[2107748]: Acquired lock for /var/run/vmware/authd_467a09f1a0efa3ab588f9f249bc6aba1
2025-12-09T10:54:11Z vmauthd[2107748]: No such VMware process: /vmfs/volumes/3a4fd8ce-fc4375c4-effb-5cf3fce846f8/OpenVPN/OpenVPN.vmx
2025-12-09T10:54:11Z vmauthd[2107748]: released lock for /var/run/vmware/authd_467a09f1a0efa3ab588f9f249bc6aba1
2025-12-09T10:54:11Z vmauthd[2107748]: Local connection for vmx-vigor failed.
2025-12-09T10:54:11Z vmauthd[2107748]: Read failed.
2025-12-09T10:54:18Z vmauthd[2107879]: Msg_SetLocaleEx: HostLocale=UTF-8 UserLocale=NULL
2025-12-09T10:54:18Z vmauthd[2107879]: Could not expand environment variable HOME.
2025-12-09T10:54:18Z vmauthd[2107879]: Could not expand environment variable HOME.
2025-12-09T10:54:18Z vmauthd[2107879]: DictionaryLoad: Cannot open file "/usr/lib/vmware/config": No such file or directory.
2025-12-09T10:54:18Z vmauthd[2107879]: DictionaryLoad: Cannot open file "~/.vmware/config": No such file or directory.
2025-12-09T10:54:18Z vmauthd[2107879]: DictionaryLoad: Cannot open file "~/.vmware/preferences": No such file or directory.
2025-12-09T10:54:18Z vmauthd[2107879]: lib/ssl: OpenSSL using FIPS_drbg for RAND
2025-12-09T10:54:18Z vmauthd[2107879]: lib/ssl: protocol list tls1.2
2025-12-09T10:54:18Z vmauthd[2107879]: lib/ssl: protocol list tls1.2 (openssl flags 0x17000000)
2025-12-09T10:54:18Z vmauthd[2107879]: lib/ssl: cipher list ECDHE+AESGCM:RSA+AESGCM:ECDHE+AES:RSA+AES
2025-12-09T10:54:18Z vmauthd[2107879]: lib/ssl: curves list prime256v1:secp384r1:secp521r1
2025-12-09T10:54:18Z vmauthd[2107879]: Connect from (local) AF_UNIX socket.
2025-12-09T10:54:18Z vmauthd[2107879]: Connect from 127.0.0.1
2025-12-09T10:54:18Z vmauthd[2107879]: local verification as root
2025-12-09T10:54:18Z vmauthd[2107879]: received CONNECT_NOSTART command: /vmfs/volumes/3a4fd8ce-fc4375c4-effb-5cf3fce846f8/SGRL-ADC001_1/SGRL-ADC001.vmx vmx-vigor
2025-12-09T10:54:18Z vmauthd[2107879]: Acquired lock for /var/run/vmware/authd_226062ab7d82351861fb836c092c66bf
2025-12-09T10:54:18Z vmauthd[2107879]: No such VMware process: /vmfs/volumes/3a4fd8ce-fc4375c4-effb-5cf3fce846f8/SGRL-ADC001_1/SGRL-ADC001.vmx
2025-12-09T10:54:18Z vmauthd[2107879]: released lock for /var/run/vmware/authd_226062ab7d82351861fb836c092c66bf
2025-12-09T10:54:18Z vmauthd[2107879]: Local connection for vmx-vigor failed.
2025-12-09T10:54:18Z vmauthd[2107879]: Read failed.
2025-12-09T10:54:24Z vmauthd[2107880]: Msg_SetLocaleEx: HostLocale=UTF-8 UserLocale=NULL
2025-12-09T10:54:24Z vmauthd[2107880]: Could not expand environment variable HOME.
2025-12-09T10:54:24Z vmauthd[2107880]: Could not expand environment variable HOME.
2025-12-09T10:54:24Z vmauthd[2107880]: DictionaryLoad: Cannot open file "/usr/lib/vmware/config": No such file or directory.
2025-12-09T10:54:24Z vmauthd[2107880]: DictionaryLoad: Cannot open file "~/.vmware/config": No such file or directory.
2025-12-09T10:54:24Z vmauthd[2107880]: DictionaryLoad: Cannot open file "~/.vmware/preferences": No such file or directory.
2025-12-09T10:54:24Z vmauthd[2107880]: lib/ssl: OpenSSL using FIPS_drbg for RAND
2025-12-09T10:54:24Z vmauthd[2107880]: lib/ssl: protocol list tls1.2
2025-12-09T10:54:24Z vmauthd[2107880]: lib/ssl: protocol list tls1.2 (openssl flags 0x17000000)
2025-12-09T10:54:24Z vmauthd[2107880]: lib/ssl: cipher list ECDHE+AESGCM:RSA+AESGCM:ECDHE+AES:RSA+AES
2025-12-09T10:54:24Z vmauthd[2107880]: lib/ssl: curves list prime256v1:secp384r1:secp521r1
2025-12-09T10:54:24Z vmauthd[2107880]: Connect from (local) AF_UNIX socket.
2025-12-09T10:54:24Z vmauthd[2107880]: Connect from 127.0.0.1
2025-12-09T10:54:24Z vmauthd[2107880]: local verification as root
2025-12-09T10:54:24Z vmauthd[2107880]: received CONNECT_NOSTART command: /vmfs/volumes/3a4fd8ce-fc4375c4-effb-5cf3fce846f8/SGRL-ANS001/SGRL-ANS001.vmx vmx-vigor
2025-12-09T10:54:24Z vmauthd[2107880]: Acquired lock for /var/run/vmware/authd_3b9df648ac1df1f9cc22917a303db689
2025-12-09T10:54:24Z vmauthd[2107880]: No such VMware process: /vmfs/volumes/3a4fd8ce-fc4375c4-effb-5cf3fce846f8/SGRL-ANS001/SGRL-ANS001.vmx
2025-12-09T10:54:24Z vmauthd[2107880]: released lock for /var/run/vmware/authd_3b9df648ac1df1f9cc22917a303db689
2025-12-09T10:54:24Z vmauthd[2107880]: Local connection for vmx-vigor failed.
2025-12-09T10:54:24Z vmauthd[2107880]: Read failed.
2025-12-09T10:54:32Z vmauthd[2108012]: Msg_SetLocaleEx: HostLocale=UTF-8 UserLocale=NULL
2025-12-09T10:54:32Z vmauthd[2108012]: Could not expand environment variable HOME.
2025-12-09T10:54:32Z vmauthd[2108012]: Could not expand environment variable HOME.
2025-12-09T10:54:32Z vmauthd[2108012]: DictionaryLoad: Cannot open file "/usr/lib/vmware/config": No such file or directory.
2025-12-09T10:54:32Z vmauthd[2108012]: DictionaryLoad: Cannot open file "~/.vmware/config": No such file or directory.
2025-12-09T10:54:32Z vmauthd[2108012]: DictionaryLoad: Cannot open file "~/.vmware/preferences": No such file or directory.
2025-12-09T10:54:32Z vmauthd[2108012]: lib/ssl: OpenSSL using FIPS_drbg for RAND
2025-12-09T10:54:32Z vmauthd[2108012]: lib/ssl: protocol list tls1.2
2025-12-09T10:54:32Z vmauthd[2108012]: lib/ssl: protocol list tls1.2 (openssl flags 0x17000000)
2025-12-09T10:54:32Z vmauthd[2108012]: lib/ssl: cipher list ECDHE+AESGCM:RSA+AESGCM:ECDHE+AES:RSA+AES
2025-12-09T10:54:32Z vmauthd[2108012]: lib/ssl: curves list prime256v1:secp384r1:secp521r1
2025-12-09T10:54:32Z vmauthd[2108012]: Connect from (local) AF_UNIX socket.
2025-12-09T10:54:32Z vmauthd[2108012]: Connect from 127.0.0.1
2025-12-09T10:54:32Z vmauthd[2108012]: local verification as root
2025-12-09T10:54:32Z vmauthd[2108012]: received CONNECT_NOSTART command: /vmfs/volumes/3a4fd8ce-fc4375c4-effb-5cf3fce846f8/SGRL-VCSA01/SGRL-VCSA01.vmx vmx-vigor
2025-12-09T10:54:32Z vmauthd[2108012]: Acquired lock for /var/run/vmware/authd_84500fb122bfa30daf2e457a68fcb33e
2025-12-09T10:54:32Z vmauthd[2108012]: No such VMware process: /vmfs/volumes/3a4fd8ce-fc4375c4-effb-5cf3fce846f8/SGRL-VCSA01/SGRL-VCSA01.vmx
2025-12-09T10:54:32Z vmauthd[2108012]: released lock for /var/run/vmware/authd_84500fb122bfa30daf2e457a68fcb33e
2025-12-09T10:54:32Z vmauthd[2108012]: Local connection for vmx-vigor failed.
2025-12-09T10:54:32Z vmauthd[2108012]: Read failed.
2025-12-09T10:55:45Z vmauthd[2108174]: Msg_SetLocaleEx: HostLocale=UTF-8 UserLocale=NULL
2025-12-09T10:55:45Z vmauthd[2108174]: Could not expand environment variable HOME.
2025-12-09T10:55:45Z vmauthd[2108174]: Could not expand environment variable HOME.
2025-12-09T10:55:45Z vmauthd[2108174]: DictionaryLoad: Cannot open file "/usr/lib/vmware/config": No such file or directory.
2025-12-09T10:55:45Z vmauthd[2108174]: DictionaryLoad: Cannot open file "~/.vmware/config": No such file or directory.
2025-12-09T10:55:45Z vmauthd[2108174]: DictionaryLoad: Cannot open file "~/.vmware/preferences": No such file or directory.
2025-12-09T10:55:45Z vmauthd[2108174]: lib/ssl: OpenSSL using FIPS_drbg for RAND
2025-12-09T10:55:45Z vmauthd[2108174]: lib/ssl: protocol list tls1.2
2025-12-09T10:55:45Z vmauthd[2108174]: lib/ssl: protocol list tls1.2 (openssl flags 0x17000000)
2025-12-09T10:55:45Z vmauthd[2108174]: lib/ssl: cipher list ECDHE+AESGCM:RSA+AESGCM:ECDHE+AES:RSA+AES
2025-12-09T10:55:45Z vmauthd[2108174]: lib/ssl: curves list prime256v1:secp384r1:secp521r1
2025-12-09T10:55:45Z vmauthd[2108174]: Connect from (local) AF_UNIX socket.
2025-12-09T10:55:45Z vmauthd[2108174]: Connect from 127.0.0.1
2025-12-09T10:55:45Z vmauthd[2108174]: local verification as root
2025-12-09T10:55:45Z vmauthd[2108174]: received CONNECT_NOSTART command: /vmfs/volumes/3a4fd8ce-fc4375c4-effb-5cf3fce846f8/SGRL-JMP001/SGRL-JMP001.vmx vmx-vigor
2025-12-09T10:55:45Z vmauthd[2108174]: Acquired lock for /var/run/vmware/authd_c4ce0adab722156d671ee3cafe1e876f
2025-12-09T10:55:45Z vmauthd[2108174]: No such VMware process: /vmfs/volumes/3a4fd8ce-fc4375c4-effb-5cf3fce846f8/SGRL-JMP001/SGRL-JMP001.vmx
2025-12-09T10:55:45Z vmauthd[2108174]: released lock for /var/run/vmware/authd_c4ce0adab722156d671ee3cafe1e876f
2025-12-09T10:55:45Z vmauthd[2108174]: Local connection for vmx-vigor failed.
2025-12-09T10:55:45Z vmauthd[2108174]: Read failed.
2025-12-10T13:21:44Z vmauthd[2100485]: Msg_SetLocaleEx: HostLocale=UTF-8 UserLocale=NULL
2025-12-10T13:21:44Z vmauthd[2100485]: Could not expand environment variable HOME.
2025-12-10T13:21:44Z vmauthd[2100485]: Could not expand environment variable HOME.
2025-12-10T13:21:44Z vmauthd[2100485]: DictionaryLoad: Cannot open file "/usr/lib/vmware/config": No such file or directory.
2025-12-10T13:21:44Z vmauthd[2100485]: DictionaryLoad: Cannot open file "~/.vmware/config": No such file or directory.
2025-12-10T13:21:44Z vmauthd[2100485]: DictionaryLoad: Cannot open file "~/.vmware/preferences": No such file or directory.
2025-12-10T13:21:44Z vmauthd[2100485]: lib/ssl: OpenSSL using FIPS_drbg for RAND
2025-12-10T13:21:44Z vmauthd[2100485]: lib/ssl: protocol list tls1.2
2025-12-10T13:21:44Z vmauthd[2100485]: lib/ssl: protocol list tls1.2 (openssl flags 0x17000000)
2025-12-10T13:21:44Z vmauthd[2100485]: lib/ssl: cipher list ECDHE+AESGCM:RSA+AESGCM:ECDHE+AES:RSA+AES
2025-12-10T13:21:44Z vmauthd[2100485]: lib/ssl: curves list prime256v1:secp384r1:secp521r1
2025-12-10T13:21:44Z vmauthd[2100485]: Connect from remote socket (192.168.1.2:38930).
2025-12-10T13:21:44Z vmauthd[2100485]: Connect from 192.168.1.2
2025-12-10T13:21:44Z vmauthd[2100485]: Received PROXY command for vpxa-nfcssl, session = 52 36 64 9a 49 51 36 f8-88 2a 2b aa 8a fa d2 1f
2025-12-10T13:21:44Z vmauthd[2100485]: vmware-vpxa: Connected to vpxa-nfcssl-fd, remote end sent pid: 2099327
2025-12-10T13:58:39Z vmauthd[2101645]: Msg_SetLocaleEx: HostLocale=UTF-8 UserLocale=NULL
2025-12-10T13:58:39Z vmauthd[2101645]: Could not expand environment variable HOME.
2025-12-10T13:58:39Z vmauthd[2101645]: Could not expand environment variable HOME.
2025-12-10T13:58:39Z vmauthd[2101645]: DictionaryLoad: Cannot open file "/usr/lib/vmware/config": No such file or directory.
2025-12-10T13:58:39Z vmauthd[2101645]: DictionaryLoad: Cannot open file "~/.vmware/config": No such file or directory.
2025-12-10T13:58:39Z vmauthd[2101645]: DictionaryLoad: Cannot open file "~/.vmware/preferences": No such file or directory.
2025-12-10T13:58:39Z vmauthd[2101645]: lib/ssl: OpenSSL using FIPS_drbg for RAND
2025-12-10T13:58:39Z vmauthd[2101645]: lib/ssl: protocol list tls1.2
2025-12-10T13:58:39Z vmauthd[2101645]: lib/ssl: protocol list tls1.2 (openssl flags 0x17000000)
2025-12-10T13:58:39Z vmauthd[2101645]: lib/ssl: cipher list ECDHE+AESGCM:RSA+AESGCM:ECDHE+AES:RSA+AES
2025-12-10T13:58:39Z vmauthd[2101645]: lib/ssl: curves list prime256v1:secp384r1:secp521r1
2025-12-10T13:58:39Z vmauthd[2101645]: Connect from (local) AF_UNIX socket.
2025-12-10T13:58:39Z vmauthd[2101645]: Connect from 127.0.0.1
2025-12-10T13:58:39Z vmauthd[2101645]: local verification as root
2025-12-10T13:58:39Z vmauthd[2101645]: received CONNECT_NOSTART command: /vmfs/volumes/3a4fd8ce-fc4375c4-effb-5cf3fce846f8/VyOS-Router/VyOS-Router.vmx vmx-vigor
2025-12-10T13:58:39Z vmauthd[2101645]: Acquired lock for /var/run/vmware/authd_91ecdaacce253e6bc5c93f9dde6fab90
2025-12-10T13:58:39Z vmauthd[2101645]: No such VMware process: /vmfs/volumes/3a4fd8ce-fc4375c4-effb-5cf3fce846f8/VyOS-Router/VyOS-Router.vmx
2025-12-10T13:58:39Z vmauthd[2101645]: released lock for /var/run/vmware/authd_91ecdaacce253e6bc5c93f9dde6fab90
2025-12-10T13:58:39Z vmauthd[2101645]: Local connection for vmx-vigor failed.
2025-12-10T13:58:39Z vmauthd[2101645]: Read failed.
2025-12-10T13:58:50Z vmauthd[2101799]: Msg_SetLocaleEx: HostLocale=UTF-8 UserLocale=NULL
2025-12-10T13:58:50Z vmauthd[2101799]: Could not expand environment variable HOME.
2025-12-10T13:58:50Z vmauthd[2101799]: Could not expand environment variable HOME.
2025-12-10T13:58:50Z vmauthd[2101799]: DictionaryLoad: Cannot open file "/usr/lib/vmware/config": No such file or directory.
2025-12-10T13:58:50Z vmauthd[2101799]: DictionaryLoad: Cannot open file "~/.vmware/config": No such file or directory.
2025-12-10T13:58:50Z vmauthd[2101799]: DictionaryLoad: Cannot open file "~/.vmware/preferences": No such file or directory.
2025-12-10T13:58:50Z vmauthd[2101799]: lib/ssl: OpenSSL using FIPS_drbg for RAND
2025-12-10T13:58:50Z vmauthd[2101799]: lib/ssl: protocol list tls1.2
2025-12-10T13:58:50Z vmauthd[2101799]: lib/ssl: protocol list tls1.2 (openssl flags 0x17000000)
2025-12-10T13:58:50Z vmauthd[2101799]: lib/ssl: cipher list ECDHE+AESGCM:RSA+AESGCM:ECDHE+AES:RSA+AES
2025-12-10T13:58:50Z vmauthd[2101799]: lib/ssl: curves list prime256v1:secp384r1:secp521r1
2025-12-10T13:58:50Z vmauthd[2101799]: Connect from (local) AF_UNIX socket.
2025-12-10T13:58:50Z vmauthd[2101799]: Connect from 127.0.0.1
2025-12-10T13:58:50Z vmauthd[2101799]: local verification as root
2025-12-10T13:58:50Z vmauthd[2101799]: received CONNECT_NOSTART command: /vmfs/volumes/3a4fd8ce-fc4375c4-effb-5cf3fce846f8/SGRL-ADC001_1/SGRL-ADC001.vmx vmx-vigor
2025-12-10T13:58:50Z vmauthd[2101799]: Acquired lock for /var/run/vmware/authd_226062ab7d82351861fb836c092c66bf
2025-12-10T13:58:50Z vmauthd[2101799]: No such VMware process: /vmfs/volumes/3a4fd8ce-fc4375c4-effb-5cf3fce846f8/SGRL-ADC001_1/SGRL-ADC001.vmx
2025-12-10T13:58:50Z vmauthd[2101799]: released lock for /var/run/vmware/authd_226062ab7d82351861fb836c092c66bf
2025-12-10T13:58:50Z vmauthd[2101799]: Local connection for vmx-vigor failed.
2025-12-10T13:58:50Z vmauthd[2101799]: Read failed.
2025-12-10T13:58:53Z vmauthd[2101800]: Msg_SetLocaleEx: HostLocale=UTF-8 UserLocale=NULL
2025-12-10T13:58:53Z vmauthd[2101800]: Could not expand environment variable HOME.
2025-12-10T13:58:53Z vmauthd[2101800]: Could not expand environment variable HOME.
2025-12-10T13:58:53Z vmauthd[2101800]: DictionaryLoad: Cannot open file "/usr/lib/vmware/config": No such file or directory.
2025-12-10T13:58:53Z vmauthd[2101800]: DictionaryLoad: Cannot open file "~/.vmware/config": No such file or directory.
2025-12-10T13:58:53Z vmauthd[2101800]: DictionaryLoad: Cannot open file "~/.vmware/preferences": No such file or directory.
2025-12-10T13:58:53Z vmauthd[2101800]: lib/ssl: OpenSSL using FIPS_drbg for RAND
2025-12-10T13:58:53Z vmauthd[2101800]: lib/ssl: protocol list tls1.2
2025-12-10T13:58:53Z vmauthd[2101800]: lib/ssl: protocol list tls1.2 (openssl flags 0x17000000)
2025-12-10T13:58:53Z vmauthd[2101800]: lib/ssl: cipher list ECDHE+AESGCM:RSA+AESGCM:ECDHE+AES:RSA+AES
2025-12-10T13:58:53Z vmauthd[2101800]: lib/ssl: curves list prime256v1:secp384r1:secp521r1
2025-12-10T13:58:53Z vmauthd[2101800]: Connect from (local) AF_UNIX socket.
2025-12-10T13:58:53Z vmauthd[2101800]: Connect from 127.0.0.1
2025-12-10T13:58:53Z vmauthd[2101800]: local verification as root
2025-12-10T13:58:53Z vmauthd[2101800]: received CONNECT_NOSTART command: /vmfs/volumes/3a4fd8ce-fc4375c4-effb-5cf3fce846f8/SGRL-ANS001/SGRL-ANS001.vmx vmx-vigor
2025-12-10T13:58:53Z vmauthd[2101800]: Acquired lock for /var/run/vmware/authd_3b9df648ac1df1f9cc22917a303db689
2025-12-10T13:58:53Z vmauthd[2101800]: No such VMware process: /vmfs/volumes/3a4fd8ce-fc4375c4-effb-5cf3fce846f8/SGRL-ANS001/SGRL-ANS001.vmx
2025-12-10T13:58:53Z vmauthd[2101800]: released lock for /var/run/vmware/authd_3b9df648ac1df1f9cc22917a303db689
2025-12-10T13:58:53Z vmauthd[2101800]: Local connection for vmx-vigor failed.
2025-12-10T13:58:53Z vmauthd[2101800]: Read failed.
2025-12-10T14:00:05Z vmauthd[2101962]: Msg_SetLocaleEx: HostLocale=UTF-8 UserLocale=NULL
2025-12-10T14:00:05Z vmauthd[2101962]: Could not expand environment variable HOME.
2025-12-10T14:00:05Z vmauthd[2101962]: Could not expand environment variable HOME.
2025-12-10T14:00:05Z vmauthd[2101962]: DictionaryLoad: Cannot open file "/usr/lib/vmware/config": No such file or directory.
2025-12-10T14:00:05Z vmauthd[2101962]: DictionaryLoad: Cannot open file "~/.vmware/config": No such file or directory.
2025-12-10T14:00:05Z vmauthd[2101962]: DictionaryLoad: Cannot open file "~/.vmware/preferences": No such file or directory.
2025-12-10T14:00:05Z vmauthd[2101962]: lib/ssl: OpenSSL using FIPS_drbg for RAND
2025-12-10T14:00:05Z vmauthd[2101962]: lib/ssl: protocol list tls1.2
2025-12-10T14:00:05Z vmauthd[2101962]: lib/ssl: protocol list tls1.2 (openssl flags 0x17000000)
2025-12-10T14:00:05Z vmauthd[2101962]: lib/ssl: cipher list ECDHE+AESGCM:RSA+AESGCM:ECDHE+AES:RSA+AES
2025-12-10T14:00:05Z vmauthd[2101962]: lib/ssl: curves list prime256v1:secp384r1:secp521r1
2025-12-10T14:00:05Z vmauthd[2101962]: Connect from (local) AF_UNIX socket.
2025-12-10T14:00:05Z vmauthd[2101962]: Connect from 127.0.0.1
2025-12-10T14:00:05Z vmauthd[2101962]: local verification as root
2025-12-10T14:00:05Z vmauthd[2101962]: received CONNECT_NOSTART command: /vmfs/volumes/3a4fd8ce-fc4375c4-effb-5cf3fce846f8/SGRL-VCSA01/SGRL-VCSA01.vmx vmx-vigor
2025-12-10T14:00:05Z vmauthd[2101962]: Acquired lock for /var/run/vmware/authd_84500fb122bfa30daf2e457a68fcb33e
2025-12-10T14:00:05Z vmauthd[2101962]: No such VMware process: /vmfs/volumes/3a4fd8ce-fc4375c4-effb-5cf3fce846f8/SGRL-VCSA01/SGRL-VCSA01.vmx
2025-12-10T14:00:05Z vmauthd[2101962]: released lock for /var/run/vmware/authd_84500fb122bfa30daf2e457a68fcb33e
2025-12-10T14:00:05Z vmauthd[2101962]: Local connection for vmx-vigor failed.
2025-12-10T14:00:05Z vmauthd[2101962]: Read failed.
2025-12-10T14:00:26Z vmauthd[2102093]: Msg_SetLocaleEx: HostLocale=UTF-8 UserLocale=NULL
2025-12-10T14:00:26Z vmauthd[2102093]: Could not expand environment variable HOME.
2025-12-10T14:00:26Z vmauthd[2102093]: Could not expand environment variable HOME.
2025-12-10T14:00:26Z vmauthd[2102093]: DictionaryLoad: Cannot open file "/usr/lib/vmware/config": No such file or directory.
2025-12-10T14:00:26Z vmauthd[2102093]: DictionaryLoad: Cannot open file "~/.vmware/config": No such file or directory.
2025-12-10T14:00:26Z vmauthd[2102093]: DictionaryLoad: Cannot open file "~/.vmware/preferences": No such file or directory.
2025-12-10T14:00:26Z vmauthd[2102093]: lib/ssl: OpenSSL using FIPS_drbg for RAND
2025-12-10T14:00:26Z vmauthd[2102093]: lib/ssl: protocol list tls1.2
2025-12-10T14:00:26Z vmauthd[2102093]: lib/ssl: protocol list tls1.2 (openssl flags 0x17000000)
2025-12-10T14:00:26Z vmauthd[2102093]: lib/ssl: cipher list ECDHE+AESGCM:RSA+AESGCM:ECDHE+AES:RSA+AES
2025-12-10T14:00:26Z vmauthd[2102093]: lib/ssl: curves list prime256v1:secp384r1:secp521r1
2025-12-10T14:00:26Z vmauthd[2102093]: Connect from (local) AF_UNIX socket.
2025-12-10T14:00:26Z vmauthd[2102093]: Connect from 127.0.0.1
2025-12-10T14:00:26Z vmauthd[2102093]: local verification as root
2025-12-10T14:00:26Z vmauthd[2102093]: received CONNECT_NOSTART command: /vmfs/volumes/3a4fd8ce-fc4375c4-effb-5cf3fce846f8/SGRL-JMP001/SGRL-JMP001.vmx vmx-vigor
2025-12-10T14:00:26Z vmauthd[2102093]: Acquired lock for /var/run/vmware/authd_c4ce0adab722156d671ee3cafe1e876f
2025-12-10T14:00:26Z vmauthd[2102093]: No such VMware process: /vmfs/volumes/3a4fd8ce-fc4375c4-effb-5cf3fce846f8/SGRL-JMP001/SGRL-JMP001.vmx
2025-12-10T14:00:26Z vmauthd[2102093]: released lock for /var/run/vmware/authd_c4ce0adab722156d671ee3cafe1e876f
2025-12-10T14:00:26Z vmauthd[2102093]: Local connection for vmx-vigor failed.
2025-12-10T14:00:26Z vmauthd[2102093]: Read failed.
2025-12-11T09:43:41Z vmauthd[2102711]: Msg_SetLocaleEx: HostLocale=UTF-8 UserLocale=NULL
2025-12-11T09:43:41Z vmauthd[2102711]: Could not expand environment variable HOME.
2025-12-11T09:43:41Z vmauthd[2102711]: Could not expand environment variable HOME.
2025-12-11T09:43:41Z vmauthd[2102711]: DictionaryLoad: Cannot open file "/usr/lib/vmware/config": No such file or directory.
2025-12-11T09:43:41Z vmauthd[2102711]: DictionaryLoad: Cannot open file "~/.vmware/config": No such file or directory.
2025-12-11T09:43:41Z vmauthd[2102711]: DictionaryLoad: Cannot open file "~/.vmware/preferences": No such file or directory.
2025-12-11T09:43:41Z vmauthd[2102711]: lib/ssl: OpenSSL using FIPS_drbg for RAND
2025-12-11T09:43:41Z vmauthd[2102711]: lib/ssl: protocol list tls1.2
2025-12-11T09:43:41Z vmauthd[2102711]: lib/ssl: protocol list tls1.2 (openssl flags 0x17000000)
2025-12-11T09:43:41Z vmauthd[2102711]: lib/ssl: cipher list ECDHE+AESGCM:RSA+AESGCM:ECDHE+AES:RSA+AES
2025-12-11T09:43:41Z vmauthd[2102711]: lib/ssl: curves list prime256v1:secp384r1:secp521r1
2025-12-11T09:43:41Z vmauthd[2102711]: Connect from (local) AF_UNIX socket.
2025-12-11T09:43:41Z vmauthd[2102711]: Connect from 127.0.0.1
2025-12-11T09:43:41Z vmauthd[2102711]: local verification as root
2025-12-11T09:43:41Z vmauthd[2102711]: received CONNECT_NOSTART command: /vmfs/volumes/3a4fd8ce-fc4375c4-effb-5cf3fce846f8/VyOS-Router/VyOS-Router.vmx vmx-vigor
2025-12-11T09:43:41Z vmauthd[2102711]: Acquired lock for /var/run/vmware/authd_91ecdaacce253e6bc5c93f9dde6fab90
2025-12-11T09:43:41Z vmauthd[2102711]: No such VMware process: /vmfs/volumes/3a4fd8ce-fc4375c4-effb-5cf3fce846f8/VyOS-Router/VyOS-Router.vmx
2025-12-11T09:43:41Z vmauthd[2102711]: released lock for /var/run/vmware/authd_91ecdaacce253e6bc5c93f9dde6fab90
2025-12-11T09:43:41Z vmauthd[2102711]: Local connection for vmx-vigor failed.
2025-12-11T09:43:41Z vmauthd[2102711]: Read failed.
2025-12-11T09:43:52Z vmauthd[2102865]: Msg_SetLocaleEx: HostLocale=UTF-8 UserLocale=NULL
2025-12-11T09:43:52Z vmauthd[2102865]: Could not expand environment variable HOME.
2025-12-11T09:43:52Z vmauthd[2102865]: Could not expand environment variable HOME.
2025-12-11T09:43:52Z vmauthd[2102865]: DictionaryLoad: Cannot open file "/usr/lib/vmware/config": No such file or directory.
2025-12-11T09:43:52Z vmauthd[2102865]: DictionaryLoad: Cannot open file "~/.vmware/config": No such file or directory.
2025-12-11T09:43:52Z vmauthd[2102865]: DictionaryLoad: Cannot open file "~/.vmware/preferences": No such file or directory.
2025-12-11T09:43:52Z vmauthd[2102865]: lib/ssl: OpenSSL using FIPS_drbg for RAND
2025-12-11T09:43:52Z vmauthd[2102865]: lib/ssl: protocol list tls1.2
2025-12-11T09:43:52Z vmauthd[2102865]: lib/ssl: protocol list tls1.2 (openssl flags 0x17000000)
2025-12-11T09:43:52Z vmauthd[2102865]: lib/ssl: cipher list ECDHE+AESGCM:RSA+AESGCM:ECDHE+AES:RSA+AES
2025-12-11T09:43:52Z vmauthd[2102865]: lib/ssl: curves list prime256v1:secp384r1:secp521r1
2025-12-11T09:43:52Z vmauthd[2102865]: Connect from (local) AF_UNIX socket.
2025-12-11T09:43:52Z vmauthd[2102865]: Connect from 127.0.0.1
2025-12-11T09:43:52Z vmauthd[2102865]: local verification as root
2025-12-11T09:43:52Z vmauthd[2102865]: received CONNECT_NOSTART command: /vmfs/volumes/3a4fd8ce-fc4375c4-effb-5cf3fce846f8/SGRL-ADC001_1/SGRL-ADC001.vmx vmx-vigor
2025-12-11T09:43:52Z vmauthd[2102865]: Acquired lock for /var/run/vmware/authd_226062ab7d82351861fb836c092c66bf
2025-12-11T09:43:52Z vmauthd[2102865]: No such VMware process: /vmfs/volumes/3a4fd8ce-fc4375c4-effb-5cf3fce846f8/SGRL-ADC001_1/SGRL-ADC001.vmx
2025-12-11T09:43:52Z vmauthd[2102865]: released lock for /var/run/vmware/authd_226062ab7d82351861fb836c092c66bf
2025-12-11T09:43:52Z vmauthd[2102865]: Local connection for vmx-vigor failed.
2025-12-11T09:43:52Z vmauthd[2102865]: Read failed.
2025-12-11T09:43:55Z vmauthd[2102866]: Msg_SetLocaleEx: HostLocale=UTF-8 UserLocale=NULL
2025-12-11T09:43:55Z vmauthd[2102866]: Could not expand environment variable HOME.
2025-12-11T09:43:55Z vmauthd[2102866]: Could not expand environment variable HOME.
2025-12-11T09:43:55Z vmauthd[2102866]: DictionaryLoad: Cannot open file "/usr/lib/vmware/config": No such file or directory.
2025-12-11T09:43:55Z vmauthd[2102866]: DictionaryLoad: Cannot open file "~/.vmware/config": No such file or directory.
2025-12-11T09:43:55Z vmauthd[2102866]: DictionaryLoad: Cannot open file "~/.vmware/preferences": No such file or directory.
2025-12-11T09:43:55Z vmauthd[2102866]: lib/ssl: OpenSSL using FIPS_drbg for RAND
2025-12-11T09:43:55Z vmauthd[2102866]: lib/ssl: protocol list tls1.2
2025-12-11T09:43:55Z vmauthd[2102866]: lib/ssl: protocol list tls1.2 (openssl flags 0x17000000)
2025-12-11T09:43:55Z vmauthd[2102866]: lib/ssl: cipher list ECDHE+AESGCM:RSA+AESGCM:ECDHE+AES:RSA+AES
2025-12-11T09:43:55Z vmauthd[2102866]: lib/ssl: curves list prime256v1:secp384r1:secp521r1
2025-12-11T09:43:55Z vmauthd[2102866]: Connect from (local) AF_UNIX socket.
2025-12-11T09:43:55Z vmauthd[2102866]: Connect from 127.0.0.1
2025-12-11T09:43:55Z vmauthd[2102866]: local verification as root
2025-12-11T09:43:55Z vmauthd[2102866]: received CONNECT_NOSTART command: /vmfs/volumes/3a4fd8ce-fc4375c4-effb-5cf3fce846f8/SGRL-ANS001/SGRL-ANS001.vmx vmx-vigor
2025-12-11T09:43:55Z vmauthd[2102866]: Acquired lock for /var/run/vmware/authd_3b9df648ac1df1f9cc22917a303db689
2025-12-11T09:43:55Z vmauthd[2102866]: No such VMware process: /vmfs/volumes/3a4fd8ce-fc4375c4-effb-5cf3fce846f8/SGRL-ANS001/SGRL-ANS001.vmx
2025-12-11T09:43:55Z vmauthd[2102866]: released lock for /var/run/vmware/authd_3b9df648ac1df1f9cc22917a303db689
2025-12-11T09:43:55Z vmauthd[2102866]: Local connection for vmx-vigor failed.
2025-12-11T09:43:55Z vmauthd[2102866]: Read failed.
2025-12-11T09:44:07Z vmauthd[2103011]: Msg_SetLocaleEx: HostLocale=UTF-8 UserLocale=NULL
2025-12-11T09:44:07Z vmauthd[2103011]: Could not expand environment variable HOME.
2025-12-11T09:44:07Z vmauthd[2103011]: Could not expand environment variable HOME.
2025-12-11T09:44:07Z vmauthd[2103011]: DictionaryLoad: Cannot open file "/usr/lib/vmware/config": No such file or directory.
2025-12-11T09:44:07Z vmauthd[2103011]: DictionaryLoad: Cannot open file "~/.vmware/config": No such file or directory.
2025-12-11T09:44:07Z vmauthd[2103011]: DictionaryLoad: Cannot open file "~/.vmware/preferences": No such file or directory.
2025-12-11T09:44:07Z vmauthd[2103011]: lib/ssl: OpenSSL using FIPS_drbg for RAND
2025-12-11T09:44:07Z vmauthd[2103011]: lib/ssl: protocol list tls1.2
2025-12-11T09:44:07Z vmauthd[2103011]: lib/ssl: protocol list tls1.2 (openssl flags 0x17000000)
2025-12-11T09:44:07Z vmauthd[2103011]: lib/ssl: cipher list ECDHE+AESGCM:RSA+AESGCM:ECDHE+AES:RSA+AES
2025-12-11T09:44:07Z vmauthd[2103011]: lib/ssl: curves list prime256v1:secp384r1:secp521r1
2025-12-11T09:44:07Z vmauthd[2103011]: Connect from (local) AF_UNIX socket.
2025-12-11T09:44:07Z vmauthd[2103011]: Connect from 127.0.0.1
2025-12-11T09:44:07Z vmauthd[2103011]: local verification as root
2025-12-11T09:44:07Z vmauthd[2103011]: received CONNECT_NOSTART command: /vmfs/volumes/3a4fd8ce-fc4375c4-effb-5cf3fce846f8/SGRL-JMP001/SGRL-JMP001.vmx vmx-vigor
2025-12-11T09:44:07Z vmauthd[2103011]: Acquired lock for /var/run/vmware/authd_c4ce0adab722156d671ee3cafe1e876f
2025-12-11T09:44:07Z vmauthd[2103011]: No such VMware process: /vmfs/volumes/3a4fd8ce-fc4375c4-effb-5cf3fce846f8/SGRL-JMP001/SGRL-JMP001.vmx
2025-12-11T09:44:07Z vmauthd[2103011]: released lock for /var/run/vmware/authd_c4ce0adab722156d671ee3cafe1e876f
2025-12-11T09:44:07Z vmauthd[2103011]: Local connection for vmx-vigor failed.
2025-12-11T09:44:07Z vmauthd[2103011]: Read failed.
2025-12-18T21:06:38Z vmauthd[2101756]: Msg_SetLocaleEx: HostLocale=UTF-8 UserLocale=NULL
2025-12-18T21:06:38Z vmauthd[2101756]: Could not expand environment variable HOME.
2025-12-18T21:06:38Z vmauthd[2101756]: Could not expand environment variable HOME.
2025-12-18T21:06:38Z vmauthd[2101756]: DictionaryLoad: Cannot open file "/usr/lib/vmware/config": No such file or directory.
2025-12-18T21:06:38Z vmauthd[2101756]: DictionaryLoad: Cannot open file "~/.vmware/config": No such file or directory.
2025-12-18T21:06:38Z vmauthd[2101756]: DictionaryLoad: Cannot open file "~/.vmware/preferences": No such file or directory.
2025-12-18T21:06:38Z vmauthd[2101756]: lib/ssl: OpenSSL using FIPS_drbg for RAND
2025-12-18T21:06:38Z vmauthd[2101756]: lib/ssl: protocol list tls1.2
2025-12-18T21:06:38Z vmauthd[2101756]: lib/ssl: protocol list tls1.2 (openssl flags 0x17000000)
2025-12-18T21:06:38Z vmauthd[2101756]: lib/ssl: cipher list ECDHE+AESGCM:RSA+AESGCM:ECDHE+AES:RSA+AES
2025-12-18T21:06:38Z vmauthd[2101756]: lib/ssl: curves list prime256v1:secp384r1:secp521r1
2025-12-18T21:06:38Z vmauthd[2101756]: Connect from (local) AF_UNIX socket.
2025-12-18T21:06:38Z vmauthd[2101756]: Connect from 127.0.0.1
2025-12-18T21:06:38Z vmauthd[2101756]: local verification as root
2025-12-18T21:06:38Z vmauthd[2101756]: received CONNECT_NOSTART command: /vmfs/volumes/3a4fd8ce-fc4375c4-effb-5cf3fce846f8/VyOS-Router/VyOS-Router.vmx vmx-vigor
2025-12-18T21:06:38Z vmauthd[2101756]: Acquired lock for /var/run/vmware/authd_91ecdaacce253e6bc5c93f9dde6fab90
2025-12-18T21:06:38Z vmauthd[2101756]: No such VMware process: /vmfs/volumes/3a4fd8ce-fc4375c4-effb-5cf3fce846f8/VyOS-Router/VyOS-Router.vmx
2025-12-18T21:06:38Z vmauthd[2101756]: released lock for /var/run/vmware/authd_91ecdaacce253e6bc5c93f9dde6fab90
2025-12-18T21:06:38Z vmauthd[2101756]: Local connection for vmx-vigor failed.
2025-12-18T21:06:38Z vmauthd[2101756]: Read failed.
2025-12-18T21:06:42Z vmauthd[2101779]: Msg_SetLocaleEx: HostLocale=UTF-8 UserLocale=NULL
2025-12-18T21:06:42Z vmauthd[2101779]: Could not expand environment variable HOME.
2025-12-18T21:06:42Z vmauthd[2101779]: Could not expand environment variable HOME.
2025-12-18T21:06:42Z vmauthd[2101779]: DictionaryLoad: Cannot open file "/usr/lib/vmware/config": No such file or directory.
2025-12-18T21:06:42Z vmauthd[2101779]: DictionaryLoad: Cannot open file "~/.vmware/config": No such file or directory.
2025-12-18T21:06:42Z vmauthd[2101779]: DictionaryLoad: Cannot open file "~/.vmware/preferences": No such file or directory.
2025-12-18T21:06:42Z vmauthd[2101779]: lib/ssl: OpenSSL using FIPS_drbg for RAND
2025-12-18T21:06:42Z vmauthd[2101779]: lib/ssl: protocol list tls1.2
2025-12-18T21:06:42Z vmauthd[2101779]: lib/ssl: protocol list tls1.2 (openssl flags 0x17000000)
2025-12-18T21:06:42Z vmauthd[2101779]: lib/ssl: cipher list ECDHE+AESGCM:RSA+AESGCM:ECDHE+AES:RSA+AES
2025-12-18T21:06:42Z vmauthd[2101779]: lib/ssl: curves list prime256v1:secp384r1:secp521r1
2025-12-18T21:06:42Z vmauthd[2101779]: Connect from (local) AF_UNIX socket.
2025-12-18T21:06:42Z vmauthd[2101779]: Connect from 127.0.0.1
2025-12-18T21:06:42Z vmauthd[2101779]: local verification as root
2025-12-18T21:06:42Z vmauthd[2101779]: received CONNECT_NOSTART command: /vmfs/volumes/3a4fd8ce-fc4375c4-effb-5cf3fce846f8/OpenVPN/OpenVPN.vmx vmx-vigor
2025-12-18T21:06:42Z vmauthd[2101779]: Acquired lock for /var/run/vmware/authd_467a09f1a0efa3ab588f9f249bc6aba1
2025-12-18T21:06:42Z vmauthd[2101779]: No such VMware process: /vmfs/volumes/3a4fd8ce-fc4375c4-effb-5cf3fce846f8/OpenVPN/OpenVPN.vmx
2025-12-18T21:06:42Z vmauthd[2101779]: released lock for /var/run/vmware/authd_467a09f1a0efa3ab588f9f249bc6aba1
2025-12-18T21:06:42Z vmauthd[2101779]: Local connection for vmx-vigor failed.
2025-12-18T21:06:42Z vmauthd[2101779]: Read failed.
2025-12-18T21:06:49Z vmauthd[2101917]: Msg_SetLocaleEx: HostLocale=UTF-8 UserLocale=NULL
2025-12-18T21:06:49Z vmauthd[2101917]: Could not expand environment variable HOME.
2025-12-18T21:06:49Z vmauthd[2101917]: Could not expand environment variable HOME.
2025-12-18T21:06:49Z vmauthd[2101917]: DictionaryLoad: Cannot open file "/usr/lib/vmware/config": No such file or directory.
2025-12-18T21:06:49Z vmauthd[2101917]: DictionaryLoad: Cannot open file "~/.vmware/config": No such file or directory.
2025-12-18T21:06:49Z vmauthd[2101917]: DictionaryLoad: Cannot open file "~/.vmware/preferences": No such file or directory.
2025-12-18T21:06:49Z vmauthd[2101917]: lib/ssl: OpenSSL using FIPS_drbg for RAND
2025-12-18T21:06:49Z vmauthd[2101917]: lib/ssl: protocol list tls1.2
2025-12-18T21:06:49Z vmauthd[2101917]: lib/ssl: protocol list tls1.2 (openssl flags 0x17000000)
2025-12-18T21:06:49Z vmauthd[2101917]: lib/ssl: cipher list ECDHE+AESGCM:RSA+AESGCM:ECDHE+AES:RSA+AES
2025-12-18T21:06:49Z vmauthd[2101917]: lib/ssl: curves list prime256v1:secp384r1:secp521r1
2025-12-18T21:06:49Z vmauthd[2101917]: Connect from (local) AF_UNIX socket.
2025-12-18T21:06:49Z vmauthd[2101917]: Connect from 127.0.0.1
2025-12-18T21:06:49Z vmauthd[2101917]: local verification as root
2025-12-18T21:06:49Z vmauthd[2101917]: received CONNECT_NOSTART command: /vmfs/volumes/3a4fd8ce-fc4375c4-effb-5cf3fce846f8/SGRL-ADC001_1/SGRL-ADC001.vmx vmx-vigor
2025-12-18T21:06:49Z vmauthd[2101917]: Acquired lock for /var/run/vmware/authd_226062ab7d82351861fb836c092c66bf
2025-12-18T21:06:49Z vmauthd[2101917]: No such VMware process: /vmfs/volumes/3a4fd8ce-fc4375c4-effb-5cf3fce846f8/SGRL-ADC001_1/SGRL-ADC001.vmx
2025-12-18T21:06:49Z vmauthd[2101917]: released lock for /var/run/vmware/authd_226062ab7d82351861fb836c092c66bf
2025-12-18T21:06:49Z vmauthd[2101917]: Local connection for vmx-vigor failed.
2025-12-18T21:06:49Z vmauthd[2101917]: Read failed.
2025-12-18T21:06:51Z vmauthd[2101918]: Msg_SetLocaleEx: HostLocale=UTF-8 UserLocale=NULL
2025-12-18T21:06:51Z vmauthd[2101918]: Could not expand environment variable HOME.
2025-12-18T21:06:51Z vmauthd[2101918]: Could not expand environment variable HOME.
2025-12-18T21:06:51Z vmauthd[2101918]: DictionaryLoad: Cannot open file "/usr/lib/vmware/config": No such file or directory.
2025-12-18T21:06:51Z vmauthd[2101918]: DictionaryLoad: Cannot open file "~/.vmware/config": No such file or directory.
2025-12-18T21:06:51Z vmauthd[2101918]: DictionaryLoad: Cannot open file "~/.vmware/preferences": No such file or directory.
2025-12-18T21:06:51Z vmauthd[2101918]: lib/ssl: OpenSSL using FIPS_drbg for RAND
2025-12-18T21:06:51Z vmauthd[2101918]: lib/ssl: protocol list tls1.2
2025-12-18T21:06:51Z vmauthd[2101918]: lib/ssl: protocol list tls1.2 (openssl flags 0x17000000)
2025-12-18T21:06:51Z vmauthd[2101918]: lib/ssl: cipher list ECDHE+AESGCM:RSA+AESGCM:ECDHE+AES:RSA+AES
2025-12-18T21:06:51Z vmauthd[2101918]: lib/ssl: curves list prime256v1:secp384r1:secp521r1
2025-12-18T21:06:51Z vmauthd[2101918]: Connect from (local) AF_UNIX socket.
2025-12-18T21:06:51Z vmauthd[2101918]: Connect from 127.0.0.1
2025-12-18T21:06:51Z vmauthd[2101918]: local verification as root
2025-12-18T21:06:51Z vmauthd[2101918]: received CONNECT_NOSTART command: /vmfs/volumes/3a4fd8ce-fc4375c4-effb-5cf3fce846f8/SGRL-ANS001/SGRL-ANS001.vmx vmx-vigor
2025-12-18T21:06:51Z vmauthd[2101918]: Acquired lock for /var/run/vmware/authd_3b9df648ac1df1f9cc22917a303db689
2025-12-18T21:06:51Z vmauthd[2101918]: No such VMware process: /vmfs/volumes/3a4fd8ce-fc4375c4-effb-5cf3fce846f8/SGRL-ANS001/SGRL-ANS001.vmx
2025-12-18T21:06:51Z vmauthd[2101918]: released lock for /var/run/vmware/authd_3b9df648ac1df1f9cc22917a303db689
2025-12-18T21:06:51Z vmauthd[2101918]: Local connection for vmx-vigor failed.
2025-12-18T21:06:51Z vmauthd[2101918]: Read failed.
2025-12-27T01:28:26Z vmauthd[2100966]: Msg_SetLocaleEx: HostLocale=UTF-8 UserLocale=NULL
2025-12-27T01:28:26Z vmauthd[2100966]: Could not expand environment variable HOME.
2025-12-27T01:28:26Z vmauthd[2100966]: Could not expand environment variable HOME.
2025-12-27T01:28:26Z vmauthd[2100966]: DictionaryLoad: Cannot open file "/usr/lib/vmware/config": No such file or directory.
2025-12-27T01:28:26Z vmauthd[2100966]: DictionaryLoad: Cannot open file "~/.vmware/config": No such file or directory.
2025-12-27T01:28:26Z vmauthd[2100966]: DictionaryLoad: Cannot open file "~/.vmware/preferences": No such file or directory.
2025-12-27T01:28:26Z vmauthd[2100966]: lib/ssl: OpenSSL using FIPS_drbg for RAND
2025-12-27T01:28:26Z vmauthd[2100966]: lib/ssl: protocol list tls1.2
2025-12-27T01:28:26Z vmauthd[2100966]: lib/ssl: protocol list tls1.2 (openssl flags 0x17000000)
2025-12-27T01:28:26Z vmauthd[2100966]: lib/ssl: cipher list ECDHE+AESGCM:RSA+AESGCM:ECDHE+AES:RSA+AES
2025-12-27T01:28:26Z vmauthd[2100966]: lib/ssl: curves list prime256v1:secp384r1:secp521r1
2025-12-27T01:28:26Z vmauthd[2100966]: Connect from remote socket (192.168.1.2:52438).
2025-12-27T01:28:26Z vmauthd[2100966]: Connect from 192.168.1.2
2025-12-27T01:28:26Z vmauthd[2100966]: Received PROXY command for vpxa-nfcssl, session = 52 42 b4 43 b6 f4 6b 09-53 1d 42 59 a3 7a c8 a5
2025-12-27T01:28:26Z vmauthd[2100966]: vmware-vpxa: Connected to vpxa-nfcssl-fd, remote end sent pid: 2099341
2025-12-27T02:49:40Z vmauthd[2102229]: Msg_SetLocaleEx: HostLocale=UTF-8 UserLocale=NULL
2025-12-27T02:49:40Z vmauthd[2102229]: Could not expand environment variable HOME.
2025-12-27T02:49:40Z vmauthd[2102229]: Could not expand environment variable HOME.
2025-12-27T02:49:40Z vmauthd[2102229]: DictionaryLoad: Cannot open file "/usr/lib/vmware/config": No such file or directory.
2025-12-27T02:49:40Z vmauthd[2102229]: DictionaryLoad: Cannot open file "~/.vmware/config": No such file or directory.
2025-12-27T02:49:40Z vmauthd[2102229]: DictionaryLoad: Cannot open file "~/.vmware/preferences": No such file or directory.
2025-12-27T02:49:40Z vmauthd[2102229]: lib/ssl: OpenSSL using FIPS_drbg for RAND
2025-12-27T02:49:40Z vmauthd[2102229]: lib/ssl: protocol list tls1.2
2025-12-27T02:49:40Z vmauthd[2102229]: lib/ssl: protocol list tls1.2 (openssl flags 0x17000000)
2025-12-27T02:49:40Z vmauthd[2102229]: lib/ssl: cipher list ECDHE+AESGCM:RSA+AESGCM:ECDHE+AES:RSA+AES
2025-12-27T02:49:40Z vmauthd[2102229]: lib/ssl: curves list prime256v1:secp384r1:secp521r1
2025-12-27T02:49:40Z vmauthd[2102229]: Connect from remote socket (192.168.1.2:40810).
2025-12-27T02:49:40Z vmauthd[2102229]: Connect from 192.168.1.2
2025-12-27T02:49:40Z vmauthd[2102229]: FILE: FileCreateDirectoryEx: Failed to create /var/run/vmware/tickets/. Error = 17
2025-12-27T02:49:40Z vmauthd[2102229]: FILE: FileCreateDirectoryEx: Failed to create /var/run/vmware/tickets/. Error = 17
2025-12-27T02:49:40Z vmauthd[2102229]: local verification as root
2025-12-27T02:49:40Z vmauthd[2102229]: login from 192.168.1.2 as 52a24b9a-e8bc-0fc5-d68d-c2f1b90a7d2c
2025-12-27T02:49:40Z vmauthd[2102229]: received CONNECT command: /vmfs/volumes/3a4fd8ce-fc4375c4-effb-5cf3fce846f8/SGRL-LNX001/SGRL-LNX001.vmx mks
2025-12-27T02:49:40Z vmauthd[2102229]: Acquired lock for /var/run/vmware/authd_4beff2b54663838c515509aa79de7795
2025-12-27T02:49:40Z vmauthd[2102229]: /vmfs/volumes/3a4fd8ce-fc4375c4-effb-5cf3fce846f8/SGRL-LNX001/SGRL-LNX001.vmx: Connected to mks-fd, remote end sent pid: 2102085
2025-12-27T02:49:40Z vmauthd[2102229]: released lock for /var/run/vmware/authd_4beff2b54663838c515509aa79de7795
2025-12-27T02:49:40Z vmauthd[2102229]: Local connection for mks established.
2025-12-27T05:31:32Z vmauthd[2103441]: Msg_SetLocaleEx: HostLocale=UTF-8 UserLocale=NULL
2025-12-27T05:31:32Z vmauthd[2103441]: Could not expand environment variable HOME.
2025-12-27T05:31:32Z vmauthd[2103441]: Could not expand environment variable HOME.
2025-12-27T05:31:32Z vmauthd[2103441]: DictionaryLoad: Cannot open file "/usr/lib/vmware/config": No such file or directory.
2025-12-27T05:31:32Z vmauthd[2103441]: DictionaryLoad: Cannot open file "~/.vmware/config": No such file or directory.
2025-12-27T05:31:32Z vmauthd[2103441]: DictionaryLoad: Cannot open file "~/.vmware/preferences": No such file or directory.
2025-12-27T05:31:32Z vmauthd[2103441]: lib/ssl: OpenSSL using FIPS_drbg for RAND
2025-12-27T05:31:32Z vmauthd[2103441]: lib/ssl: protocol list tls1.2
2025-12-27T05:31:32Z vmauthd[2103441]: lib/ssl: protocol list tls1.2 (openssl flags 0x17000000)
2025-12-27T05:31:32Z vmauthd[2103441]: lib/ssl: cipher list ECDHE+AESGCM:RSA+AESGCM:ECDHE+AES:RSA+AES
2025-12-27T05:31:32Z vmauthd[2103441]: lib/ssl: curves list prime256v1:secp384r1:secp521r1
2025-12-27T05:31:32Z vmauthd[2103441]: Connect from (local) AF_UNIX socket.
2025-12-27T05:31:32Z vmauthd[2103441]: Connect from 127.0.0.1
2025-12-27T05:31:32Z vmauthd[2103441]: local verification as root
2025-12-27T05:31:32Z vmauthd[2103441]: received CONNECT_NOSTART command: /vmfs/volumes/3a4fd8ce-fc4375c4-effb-5cf3fce846f8/VyOS-Router/VyOS-Router.vmx vmx-vigor
2025-12-27T05:31:32Z vmauthd[2103441]: Acquired lock for /var/run/vmware/authd_91ecdaacce253e6bc5c93f9dde6fab90
2025-12-27T05:31:32Z vmauthd[2103441]: No such VMware process: /vmfs/volumes/3a4fd8ce-fc4375c4-effb-5cf3fce846f8/VyOS-Router/VyOS-Router.vmx
2025-12-27T05:31:32Z vmauthd[2103441]: released lock for /var/run/vmware/authd_91ecdaacce253e6bc5c93f9dde6fab90
2025-12-27T05:31:32Z vmauthd[2103441]: Local connection for vmx-vigor failed.
2025-12-27T05:31:32Z vmauthd[2103441]: Read failed.
2025-12-27T05:31:34Z vmauthd[2103464]: Msg_SetLocaleEx: HostLocale=UTF-8 UserLocale=NULL
2025-12-27T05:31:34Z vmauthd[2103464]: Could not expand environment variable HOME.
2025-12-27T05:31:34Z vmauthd[2103464]: Could not expand environment variable HOME.
2025-12-27T05:31:34Z vmauthd[2103464]: DictionaryLoad: Cannot open file "/usr/lib/vmware/config": No such file or directory.
2025-12-27T05:31:34Z vmauthd[2103464]: DictionaryLoad: Cannot open file "~/.vmware/config": No such file or directory.
2025-12-27T05:31:34Z vmauthd[2103464]: DictionaryLoad: Cannot open file "~/.vmware/preferences": No such file or directory.
2025-12-27T05:31:34Z vmauthd[2103464]: lib/ssl: OpenSSL using FIPS_drbg for RAND
2025-12-27T05:31:34Z vmauthd[2103464]: lib/ssl: protocol list tls1.2
2025-12-27T05:31:34Z vmauthd[2103464]: lib/ssl: protocol list tls1.2 (openssl flags 0x17000000)
2025-12-27T05:31:34Z vmauthd[2103464]: lib/ssl: cipher list ECDHE+AESGCM:RSA+AESGCM:ECDHE+AES:RSA+AES
2025-12-27T05:31:34Z vmauthd[2103464]: lib/ssl: curves list prime256v1:secp384r1:secp521r1
2025-12-27T05:31:34Z vmauthd[2103464]: Connect from (local) AF_UNIX socket.
2025-12-27T05:31:34Z vmauthd[2103464]: Connect from 127.0.0.1
2025-12-27T05:31:34Z vmauthd[2103464]: local verification as root
2025-12-27T05:31:34Z vmauthd[2103464]: received CONNECT_NOSTART command: /vmfs/volumes/3a4fd8ce-fc4375c4-effb-5cf3fce846f8/SGRL-JMP001/SGRL-JMP001.vmx vmx-vigor
2025-12-27T05:31:34Z vmauthd[2103464]: Acquired lock for /var/run/vmware/authd_c4ce0adab722156d671ee3cafe1e876f
2025-12-27T05:31:34Z vmauthd[2103464]: No such VMware process: /vmfs/volumes/3a4fd8ce-fc4375c4-effb-5cf3fce846f8/SGRL-JMP001/SGRL-JMP001.vmx
2025-12-27T05:31:34Z vmauthd[2103464]: released lock for /var/run/vmware/authd_c4ce0adab722156d671ee3cafe1e876f
2025-12-27T05:31:34Z vmauthd[2103464]: Local connection for vmx-vigor failed.
2025-12-27T05:31:34Z vmauthd[2103464]: Read failed.
2025-12-27T05:31:37Z vmauthd[2103465]: Msg_SetLocaleEx: HostLocale=UTF-8 UserLocale=NULL
2025-12-27T05:31:37Z vmauthd[2103465]: Could not expand environment variable HOME.
2025-12-27T05:31:37Z vmauthd[2103465]: Could not expand environment variable HOME.
2025-12-27T05:31:37Z vmauthd[2103465]: DictionaryLoad: Cannot open file "/usr/lib/vmware/config": No such file or directory.
2025-12-27T05:31:37Z vmauthd[2103465]: DictionaryLoad: Cannot open file "~/.vmware/config": No such file or directory.
2025-12-27T05:31:37Z vmauthd[2103465]: DictionaryLoad: Cannot open file "~/.vmware/preferences": No such file or directory.
2025-12-27T05:31:37Z vmauthd[2103465]: lib/ssl: OpenSSL using FIPS_drbg for RAND
2025-12-27T05:31:37Z vmauthd[2103465]: lib/ssl: protocol list tls1.2
2025-12-27T05:31:37Z vmauthd[2103465]: lib/ssl: protocol list tls1.2 (openssl flags 0x17000000)
2025-12-27T05:31:37Z vmauthd[2103465]: lib/ssl: cipher list ECDHE+AESGCM:RSA+AESGCM:ECDHE+AES:RSA+AES
2025-12-27T05:31:37Z vmauthd[2103465]: lib/ssl: curves list prime256v1:secp384r1:secp521r1
2025-12-27T05:31:37Z vmauthd[2103465]: Connect from (local) AF_UNIX socket.
2025-12-27T05:31:37Z vmauthd[2103465]: Connect from 127.0.0.1
2025-12-27T05:31:37Z vmauthd[2103465]: local verification as root
2025-12-27T05:31:37Z vmauthd[2103465]: received CONNECT_NOSTART command: /vmfs/volumes/3a4fd8ce-fc4375c4-effb-5cf3fce846f8/OpenVPN/OpenVPN.vmx vmx-vigor
2025-12-27T05:31:37Z vmauthd[2103465]: Acquired lock for /var/run/vmware/authd_467a09f1a0efa3ab588f9f249bc6aba1
2025-12-27T05:31:37Z vmauthd[2103465]: No such VMware process: /vmfs/volumes/3a4fd8ce-fc4375c4-effb-5cf3fce846f8/OpenVPN/OpenVPN.vmx
2025-12-27T05:31:37Z vmauthd[2103465]: released lock for /var/run/vmware/authd_467a09f1a0efa3ab588f9f249bc6aba1
2025-12-27T05:31:37Z vmauthd[2103465]: Local connection for vmx-vigor failed.
2025-12-27T05:31:37Z vmauthd[2103465]: Read failed.
2025-12-27T05:31:39Z vmauthd[2103596]: Msg_SetLocaleEx: HostLocale=UTF-8 UserLocale=NULL
2025-12-27T05:31:39Z vmauthd[2103596]: Could not expand environment variable HOME.
2025-12-27T05:31:39Z vmauthd[2103596]: Could not expand environment variable HOME.
2025-12-27T05:31:39Z vmauthd[2103596]: DictionaryLoad: Cannot open file "/usr/lib/vmware/config": No such file or directory.
2025-12-27T05:31:39Z vmauthd[2103596]: DictionaryLoad: Cannot open file "~/.vmware/config": No such file or directory.
2025-12-27T05:31:39Z vmauthd[2103596]: DictionaryLoad: Cannot open file "~/.vmware/preferences": No such file or directory.
2025-12-27T05:31:39Z vmauthd[2103596]: lib/ssl: OpenSSL using FIPS_drbg for RAND
2025-12-27T05:31:39Z vmauthd[2103596]: lib/ssl: protocol list tls1.2
2025-12-27T05:31:39Z vmauthd[2103596]: lib/ssl: protocol list tls1.2 (openssl flags 0x17000000)
2025-12-27T05:31:39Z vmauthd[2103596]: lib/ssl: cipher list ECDHE+AESGCM:RSA+AESGCM:ECDHE+AES:RSA+AES
2025-12-27T05:31:39Z vmauthd[2103596]: lib/ssl: curves list prime256v1:secp384r1:secp521r1
2025-12-27T05:31:39Z vmauthd[2103596]: Connect from (local) AF_UNIX socket.
2025-12-27T05:31:39Z vmauthd[2103596]: Connect from 127.0.0.1
2025-12-27T05:31:39Z vmauthd[2103596]: local verification as root
2025-12-27T05:31:39Z vmauthd[2103596]: received CONNECT_NOSTART command: /vmfs/volumes/3a4fd8ce-fc4375c4-effb-5cf3fce846f8/SGRL-LNX001/SGRL-LNX001.vmx vmx-vigor
2025-12-27T05:31:39Z vmauthd[2103596]: Acquired lock for /var/run/vmware/authd_4beff2b54663838c515509aa79de7795
2025-12-27T05:31:39Z vmauthd[2103596]: No such VMware process: /vmfs/volumes/3a4fd8ce-fc4375c4-effb-5cf3fce846f8/SGRL-LNX001/SGRL-LNX001.vmx
2025-12-27T05:31:39Z vmauthd[2103596]: released lock for /var/run/vmware/authd_4beff2b54663838c515509aa79de7795
2025-12-27T05:31:39Z vmauthd[2103596]: Local connection for vmx-vigor failed.
2025-12-27T05:31:39Z vmauthd[2103596]: Read failed.
2025-12-27T05:31:44Z vmauthd[2103597]: Msg_SetLocaleEx: HostLocale=UTF-8 UserLocale=NULL
2025-12-27T05:31:44Z vmauthd[2103597]: Could not expand environment variable HOME.
2025-12-27T05:31:44Z vmauthd[2103597]: Could not expand environment variable HOME.
2025-12-27T05:31:44Z vmauthd[2103597]: DictionaryLoad: Cannot open file "/usr/lib/vmware/config": No such file or directory.
2025-12-27T05:31:44Z vmauthd[2103597]: DictionaryLoad: Cannot open file "~/.vmware/config": No such file or directory.
2025-12-27T05:31:44Z vmauthd[2103597]: DictionaryLoad: Cannot open file "~/.vmware/preferences": No such file or directory.
2025-12-27T05:31:44Z vmauthd[2103597]: lib/ssl: OpenSSL using FIPS_drbg for RAND
2025-12-27T05:31:44Z vmauthd[2103597]: lib/ssl: protocol list tls1.2
2025-12-27T05:31:44Z vmauthd[2103597]: lib/ssl: protocol list tls1.2 (openssl flags 0x17000000)
2025-12-27T05:31:44Z vmauthd[2103597]: lib/ssl: cipher list ECDHE+AESGCM:RSA+AESGCM:ECDHE+AES:RSA+AES
2025-12-27T05:31:44Z vmauthd[2103597]: lib/ssl: curves list prime256v1:secp384r1:secp521r1
2025-12-27T05:31:44Z vmauthd[2103597]: Connect from (local) AF_UNIX socket.
2025-12-27T05:31:44Z vmauthd[2103597]: Connect from 127.0.0.1
2025-12-27T05:31:44Z vmauthd[2103597]: local verification as root
2025-12-27T05:31:44Z vmauthd[2103597]: received CONNECT_NOSTART command: /vmfs/volumes/3a4fd8ce-fc4375c4-effb-5cf3fce846f8/SGRL-ADC001_1/SGRL-ADC001.vmx vmx-vigor
2025-12-27T05:31:44Z vmauthd[2103597]: Acquired lock for /var/run/vmware/authd_226062ab7d82351861fb836c092c66bf
2025-12-27T05:31:44Z vmauthd[2103597]: No such VMware process: /vmfs/volumes/3a4fd8ce-fc4375c4-effb-5cf3fce846f8/SGRL-ADC001_1/SGRL-ADC001.vmx
2025-12-27T05:31:44Z vmauthd[2103597]: released lock for /var/run/vmware/authd_226062ab7d82351861fb836c092c66bf
2025-12-27T05:31:44Z vmauthd[2103597]: Local connection for vmx-vigor failed.
2025-12-27T05:31:44Z vmauthd[2103597]: Read failed.
2025-12-27T05:31:47Z vmauthd[2103598]: Msg_SetLocaleEx: HostLocale=UTF-8 UserLocale=NULL
2025-12-27T05:31:47Z vmauthd[2103598]: Could not expand environment variable HOME.
2025-12-27T05:31:47Z vmauthd[2103598]: Could not expand environment variable HOME.
2025-12-27T05:31:47Z vmauthd[2103598]: DictionaryLoad: Cannot open file "/usr/lib/vmware/config": No such file or directory.
2025-12-27T05:31:47Z vmauthd[2103598]: DictionaryLoad: Cannot open file "~/.vmware/config": No such file or directory.
2025-12-27T05:31:47Z vmauthd[2103598]: DictionaryLoad: Cannot open file "~/.vmware/preferences": No such file or directory.
2025-12-27T05:31:47Z vmauthd[2103598]: lib/ssl: OpenSSL using FIPS_drbg for RAND
2025-12-27T05:31:47Z vmauthd[2103598]: lib/ssl: protocol list tls1.2
2025-12-27T05:31:47Z vmauthd[2103598]: lib/ssl: protocol list tls1.2 (openssl flags 0x17000000)
2025-12-27T05:31:47Z vmauthd[2103598]: lib/ssl: cipher list ECDHE+AESGCM:RSA+AESGCM:ECDHE+AES:RSA+AES
2025-12-27T05:31:47Z vmauthd[2103598]: lib/ssl: curves list prime256v1:secp384r1:secp521r1
2025-12-27T05:31:47Z vmauthd[2103598]: Connect from (local) AF_UNIX socket.
2025-12-27T05:31:47Z vmauthd[2103598]: Connect from 127.0.0.1
2025-12-27T05:31:47Z vmauthd[2103598]: local verification as root
2025-12-27T05:31:47Z vmauthd[2103598]: received CONNECT_NOSTART command: /vmfs/volumes/3a4fd8ce-fc4375c4-effb-5cf3fce846f8/SGRL-ANS001/SGRL-ANS001.vmx vmx-vigor
2025-12-27T05:31:47Z vmauthd[2103598]: Acquired lock for /var/run/vmware/authd_3b9df648ac1df1f9cc22917a303db689
2025-12-27T05:31:47Z vmauthd[2103598]: No such VMware process: /vmfs/volumes/3a4fd8ce-fc4375c4-effb-5cf3fce846f8/SGRL-ANS001/SGRL-ANS001.vmx
2025-12-27T05:31:47Z vmauthd[2103598]: released lock for /var/run/vmware/authd_3b9df648ac1df1f9cc22917a303db689
2025-12-27T05:31:47Z vmauthd[2103598]: Local connection for vmx-vigor failed.
2025-12-27T05:31:47Z vmauthd[2103598]: Read failed.
2025-12-27T05:33:35Z vmauthd[2103731]: Msg_SetLocaleEx: HostLocale=UTF-8 UserLocale=NULL
2025-12-27T05:33:35Z vmauthd[2103731]: Could not expand environment variable HOME.
2025-12-27T05:33:35Z vmauthd[2103731]: Could not expand environment variable HOME.
2025-12-27T05:33:35Z vmauthd[2103731]: DictionaryLoad: Cannot open file "/usr/lib/vmware/config": No such file or directory.
2025-12-27T05:33:35Z vmauthd[2103731]: DictionaryLoad: Cannot open file "~/.vmware/config": No such file or directory.
2025-12-27T05:33:35Z vmauthd[2103731]: DictionaryLoad: Cannot open file "~/.vmware/preferences": No such file or directory.
2025-12-27T05:33:35Z vmauthd[2103731]: lib/ssl: OpenSSL using FIPS_drbg for RAND
2025-12-27T05:33:35Z vmauthd[2103731]: lib/ssl: protocol list tls1.2
2025-12-27T05:33:35Z vmauthd[2103731]: lib/ssl: protocol list tls1.2 (openssl flags 0x17000000)
2025-12-27T05:33:35Z vmauthd[2103731]: lib/ssl: cipher list ECDHE+AESGCM:RSA+AESGCM:ECDHE+AES:RSA+AES
2025-12-27T05:33:35Z vmauthd[2103731]: lib/ssl: curves list prime256v1:secp384r1:secp521r1
2025-12-27T05:33:35Z vmauthd[2103731]: Connect from (local) AF_UNIX socket.
2025-12-27T05:33:35Z vmauthd[2103731]: Connect from 127.0.0.1
2025-12-27T05:33:35Z vmauthd[2103731]: local verification as root
2025-12-27T05:33:35Z vmauthd[2103731]: received CONNECT_NOSTART command: /vmfs/volumes/3a4fd8ce-fc4375c4-effb-5cf3fce846f8/SGRL-VCSA01/SGRL-VCSA01.vmx vmx-vigor
2025-12-27T05:33:35Z vmauthd[2103731]: Acquired lock for /var/run/vmware/authd_84500fb122bfa30daf2e457a68fcb33e
2025-12-27T05:33:35Z vmauthd[2103731]: No such VMware process: /vmfs/volumes/3a4fd8ce-fc4375c4-effb-5cf3fce846f8/SGRL-VCSA01/SGRL-VCSA01.vmx
2025-12-27T05:33:35Z vmauthd[2103731]: released lock for /var/run/vmware/authd_84500fb122bfa30daf2e457a68fcb33e
2025-12-27T05:33:35Z vmauthd[2103731]: Local connection for vmx-vigor failed.
2025-12-27T05:33:35Z vmauthd[2103731]: Read failed.
2026-01-10T08:09:17Z vmauthd[2100342]: Msg_SetLocaleEx: HostLocale=UTF-8 UserLocale=NULL
2026-01-10T08:09:17Z vmauthd[2100342]: Could not expand environment variable HOME.
2026-01-10T08:09:17Z vmauthd[2100342]: Could not expand environment variable HOME.
2026-01-10T08:09:17Z vmauthd[2100342]: DictionaryLoad: Cannot open file "/usr/lib/vmware/config": No such file or directory.
2026-01-10T08:09:17Z vmauthd[2100342]: DictionaryLoad: Cannot open file "~/.vmware/config": No such file or directory.
2026-01-10T08:09:17Z vmauthd[2100342]: DictionaryLoad: Cannot open file "~/.vmware/preferences": No such file or directory.
2026-01-10T08:09:17Z vmauthd[2100342]: lib/ssl: OpenSSL using FIPS_drbg for RAND
2026-01-10T08:09:17Z vmauthd[2100342]: lib/ssl: protocol list tls1.2
2026-01-10T08:09:17Z vmauthd[2100342]: lib/ssl: protocol list tls1.2 (openssl flags 0x17000000)
2026-01-10T08:09:17Z vmauthd[2100342]: lib/ssl: cipher list ECDHE+AESGCM:RSA+AESGCM:ECDHE+AES:RSA+AES
2026-01-10T08:09:17Z vmauthd[2100342]: lib/ssl: curves list prime256v1:secp384r1:secp521r1
2026-01-10T08:09:17Z vmauthd[2100342]: Connect from remote socket (192.168.1.2:56120).
2026-01-10T08:09:17Z vmauthd[2100342]: Connect from 192.168.1.2
2026-01-10T08:09:17Z vmauthd[2100342]: Received PROXY command for vpxa-nfcssl, session = 52 eb be 39 0c f1 aa 1e-53 ed 2c 57 bf b7 c5 db
2026-01-10T08:09:17Z vmauthd[2100342]: vmware-vpxa: Connected to vpxa-nfcssl-fd, remote end sent pid: 2099343
2026-01-10T08:12:35Z vmauthd[2100513]: Msg_SetLocaleEx: HostLocale=UTF-8 UserLocale=NULL
2026-01-10T08:12:35Z vmauthd[2100513]: Could not expand environment variable HOME.
2026-01-10T08:12:35Z vmauthd[2100513]: Could not expand environment variable HOME.
2026-01-10T08:12:35Z vmauthd[2100513]: DictionaryLoad: Cannot open file "/usr/lib/vmware/config": No such file or directory.
2026-01-10T08:12:35Z vmauthd[2100513]: DictionaryLoad: Cannot open file "~/.vmware/config": No such file or directory.
2026-01-10T08:12:35Z vmauthd[2100513]: DictionaryLoad: Cannot open file "~/.vmware/preferences": No such file or directory.
2026-01-10T08:12:35Z vmauthd[2100513]: lib/ssl: OpenSSL using FIPS_drbg for RAND
2026-01-10T08:12:35Z vmauthd[2100513]: lib/ssl: protocol list tls1.2
2026-01-10T08:12:35Z vmauthd[2100513]: lib/ssl: protocol list tls1.2 (openssl flags 0x17000000)
2026-01-10T08:12:35Z vmauthd[2100513]: lib/ssl: cipher list ECDHE+AESGCM:RSA+AESGCM:ECDHE+AES:RSA+AES
2026-01-10T08:12:35Z vmauthd[2100513]: lib/ssl: curves list prime256v1:secp384r1:secp521r1
2026-01-10T08:12:35Z vmauthd[2100513]: Connect from remote socket (192.168.1.2:56866).
2026-01-10T08:12:35Z vmauthd[2100513]: Connect from 192.168.1.2
2026-01-10T08:12:35Z vmauthd[2100513]: FILE: FileCreateDirectoryEx: Failed to create /var/run/vmware/tickets/. Error = 17
2026-01-10T08:12:35Z vmauthd[2100513]: FILE: FileCreateDirectoryEx: Failed to create /var/run/vmware/tickets/. Error = 17
2026-01-10T08:12:35Z vmauthd[2100513]: local verification as root
2026-01-10T08:12:35Z vmauthd[2100513]: login from 192.168.1.2 as 52bf0893-a079-aaf6-589f-f4c57e140034
2026-01-10T08:12:35Z vmauthd[2100513]: received CONNECT command: /vmfs/volumes/3a4fd8ce-fc4375c4-effb-5cf3fce846f8/SGRL-LLM001/SGRL-LLM001.vmx mks
2026-01-10T08:12:35Z vmauthd[2100513]: Acquired lock for /var/run/vmware/authd_4546e58b0bb43ed0131425dd12b1bda9
2026-01-10T08:12:35Z vmauthd[2100513]: /vmfs/volumes/3a4fd8ce-fc4375c4-effb-5cf3fce846f8/SGRL-LLM001/SGRL-LLM001.vmx: Connected to mks-fd, remote end sent pid: 2100358
2026-01-10T08:12:35Z vmauthd[2100513]: released lock for /var/run/vmware/authd_4546e58b0bb43ed0131425dd12b1bda9
2026-01-10T08:12:35Z vmauthd[2100513]: Local connection for mks established.
2026-01-10T08:26:51Z vmauthd[2100831]: Msg_SetLocaleEx: HostLocale=UTF-8 UserLocale=NULL
2026-01-10T08:26:51Z vmauthd[2100831]: Could not expand environment variable HOME.
2026-01-10T08:26:51Z vmauthd[2100831]: Could not expand environment variable HOME.
2026-01-10T08:26:51Z vmauthd[2100831]: DictionaryLoad: Cannot open file "/usr/lib/vmware/config": No such file or directory.
2026-01-10T08:26:51Z vmauthd[2100831]: DictionaryLoad: Cannot open file "~/.vmware/config": No such file or directory.
2026-01-10T08:26:51Z vmauthd[2100831]: DictionaryLoad: Cannot open file "~/.vmware/preferences": No such file or directory.
2026-01-10T08:26:51Z vmauthd[2100831]: lib/ssl: OpenSSL using FIPS_drbg for RAND
2026-01-10T08:26:51Z vmauthd[2100831]: lib/ssl: protocol list tls1.2
2026-01-10T08:26:51Z vmauthd[2100831]: lib/ssl: protocol list tls1.2 (openssl flags 0x17000000)
2026-01-10T08:26:51Z vmauthd[2100831]: lib/ssl: cipher list ECDHE+AESGCM:RSA+AESGCM:ECDHE+AES:RSA+AES
2026-01-10T08:26:51Z vmauthd[2100831]: lib/ssl: curves list prime256v1:secp384r1:secp521r1
2026-01-10T08:26:51Z vmauthd[2100831]: Connect from remote socket (192.168.1.2:59898).
2026-01-10T08:26:51Z vmauthd[2100831]: Connect from 192.168.1.2
2026-01-10T08:26:51Z vmauthd[2100831]: FILE: FileCreateDirectoryEx: Failed to create /var/run/vmware/tickets/. Error = 17
2026-01-10T08:26:51Z vmauthd[2100831]: FILE: FileCreateDirectoryEx: Failed to create /var/run/vmware/tickets/. Error = 17
2026-01-10T08:26:51Z vmauthd[2100831]: local verification as root
2026-01-10T08:26:51Z vmauthd[2100831]: login from 192.168.1.2 as 52c41a6e-3b4f-aeda-3d65-cb9183eb169b
2026-01-10T08:26:51Z vmauthd[2100831]: received CONNECT command: /vmfs/volumes/3a4fd8ce-fc4375c4-effb-5cf3fce846f8/SGRL-WSU001/SGRL-WSU001.vmx mks
2026-01-10T08:26:51Z vmauthd[2100831]: Acquired lock for /var/run/vmware/authd_d8a3682659f5b1580e8f58da79dcd153
2026-01-10T08:26:51Z vmauthd[2100831]: /vmfs/volumes/3a4fd8ce-fc4375c4-effb-5cf3fce846f8/SGRL-WSU001/SGRL-WSU001.vmx: Connected to mks-fd, remote end sent pid: 2100646
2026-01-10T08:26:51Z vmauthd[2100831]: released lock for /var/run/vmware/authd_d8a3682659f5b1580e8f58da79dcd153
2026-01-10T08:26:51Z vmauthd[2100831]: Local connection for mks established.
2026-01-10T09:24:11Z vmauthd[2102375]: Msg_SetLocaleEx: HostLocale=UTF-8 UserLocale=NULL
2026-01-10T09:24:11Z vmauthd[2102375]: Could not expand environment variable HOME.
2026-01-10T09:24:11Z vmauthd[2102375]: Could not expand environment variable HOME.
2026-01-10T09:24:11Z vmauthd[2102375]: DictionaryLoad: Cannot open file "/usr/lib/vmware/config": No such file or directory.
2026-01-10T09:24:11Z vmauthd[2102375]: DictionaryLoad: Cannot open file "~/.vmware/config": No such file or directory.
2026-01-10T09:24:11Z vmauthd[2102375]: DictionaryLoad: Cannot open file "~/.vmware/preferences": No such file or directory.
2026-01-10T09:24:11Z vmauthd[2102375]: lib/ssl: OpenSSL using FIPS_drbg for RAND
2026-01-10T09:24:11Z vmauthd[2102375]: lib/ssl: protocol list tls1.2
2026-01-10T09:24:11Z vmauthd[2102375]: lib/ssl: protocol list tls1.2 (openssl flags 0x17000000)
2026-01-10T09:24:11Z vmauthd[2102375]: lib/ssl: cipher list ECDHE+AESGCM:RSA+AESGCM:ECDHE+AES:RSA+AES
2026-01-10T09:24:11Z vmauthd[2102375]: lib/ssl: curves list prime256v1:secp384r1:secp521r1
2026-01-10T09:24:11Z vmauthd[2102375]: Connect from (local) AF_UNIX socket.
2026-01-10T09:24:11Z vmauthd[2102375]: Connect from 127.0.0.1
2026-01-10T09:24:11Z vmauthd[2102375]: local verification as root
2026-01-10T09:24:11Z vmauthd[2102375]: received CONNECT_NOSTART command: /vmfs/volumes/3a4fd8ce-fc4375c4-effb-5cf3fce846f8/SGRL-WSU001/SGRL-WSU001.vmx vmx-vigor
2026-01-10T09:24:11Z vmauthd[2102375]: Acquired lock for /var/run/vmware/authd_d8a3682659f5b1580e8f58da79dcd153
2026-01-10T09:24:11Z vmauthd[2102375]: No such VMware process: /vmfs/volumes/3a4fd8ce-fc4375c4-effb-5cf3fce846f8/SGRL-WSU001/SGRL-WSU001.vmx
2026-01-10T09:24:11Z vmauthd[2102375]: released lock for /var/run/vmware/authd_d8a3682659f5b1580e8f58da79dcd153
2026-01-10T09:24:11Z vmauthd[2102375]: Local connection for vmx-vigor failed.
2026-01-10T09:24:11Z vmauthd[2102375]: Read failed.
2026-01-10T09:35:23Z vmauthd[2102549]: Msg_SetLocaleEx: HostLocale=UTF-8 UserLocale=NULL
2026-01-10T09:35:23Z vmauthd[2102549]: Could not expand environment variable HOME.
2026-01-10T09:35:23Z vmauthd[2102549]: Could not expand environment variable HOME.
2026-01-10T09:35:23Z vmauthd[2102549]: DictionaryLoad: Cannot open file "/usr/lib/vmware/config": No such file or directory.
2026-01-10T09:35:23Z vmauthd[2102549]: DictionaryLoad: Cannot open file "~/.vmware/config": No such file or directory.
2026-01-10T09:35:23Z vmauthd[2102549]: DictionaryLoad: Cannot open file "~/.vmware/preferences": No such file or directory.
2026-01-10T09:35:23Z vmauthd[2102549]: lib/ssl: OpenSSL using FIPS_drbg for RAND
2026-01-10T09:35:23Z vmauthd[2102549]: lib/ssl: protocol list tls1.2
2026-01-10T09:35:23Z vmauthd[2102549]: lib/ssl: protocol list tls1.2 (openssl flags 0x17000000)
2026-01-10T09:35:23Z vmauthd[2102549]: lib/ssl: cipher list ECDHE+AESGCM:RSA+AESGCM:ECDHE+AES:RSA+AES
2026-01-10T09:35:23Z vmauthd[2102549]: lib/ssl: curves list prime256v1:secp384r1:secp521r1
2026-01-10T09:35:23Z vmauthd[2102549]: Connect from (local) AF_UNIX socket.
2026-01-10T09:35:23Z vmauthd[2102549]: Connect from 127.0.0.1
2026-01-10T09:35:23Z vmauthd[2102549]: local verification as root
2026-01-10T09:35:23Z vmauthd[2102549]: received CONNECT_NOSTART command: /vmfs/volumes/3a4fd8ce-fc4375c4-effb-5cf3fce846f8/SGRL-LLM001/SGRL-LLM001.vmx vmx-vigor
2026-01-10T09:35:23Z vmauthd[2102549]: Acquired lock for /var/run/vmware/authd_4546e58b0bb43ed0131425dd12b1bda9
2026-01-10T09:35:23Z vmauthd[2102549]: No such VMware process: /vmfs/volumes/3a4fd8ce-fc4375c4-effb-5cf3fce846f8/SGRL-LLM001/SGRL-LLM001.vmx
2026-01-10T09:35:23Z vmauthd[2102549]: released lock for /var/run/vmware/authd_4546e58b0bb43ed0131425dd12b1bda9
2026-01-10T09:35:23Z vmauthd[2102549]: Local connection for vmx-vigor failed.
2026-01-10T09:35:23Z vmauthd[2102549]: Read failed.
