2025-12-27T00:20:40.756Z cpu23:2098417)Elf: 2101: module vmkapi_v2_3_0_0_nmp_shim has license VMware
2025-12-27T00:20:40.757Z cpu23:2098417)Vmkapiv2_3_0_0NmpShim: init_module:157: Shim for nmp vmkapi 2.3.0-0 to vmkapi 2.5.0-0 is active.
2025-12-27T00:20:40.757Z cpu23:2098417)Mod: 4962: Initialization of vmkapi_v2_3_0_0_nmp_shim succeeded with module ID 90.
2025-12-27T00:20:40.757Z cpu23:2098417)vmkapi_v2_3_0_0_nmp_shim loaded successfully.
2025-12-27T00:20:40.774Z cpu6:2098418)Loading module vmkapi_v2_4_0_0_nmp_shim ...
2025-12-27T00:20:40.777Z cpu6:2098418)Elf: 2101: module vmkapi_v2_4_0_0_nmp_shim has license VMware
2025-12-27T00:20:40.778Z cpu6:2098418)Vmkapiv2_4_0_0NmpShim: init_module:161: Shim for nmp vmkapi 2.4.0-0 to vmkapi 2.5.0-0 is active.
2025-12-27T00:20:40.778Z cpu6:2098418)Mod: 4962: Initialization of vmkapi_v2_4_0_0_nmp_shim succeeded with module ID 91.
2025-12-27T00:20:40.778Z cpu6:2098418)vmkapi_v2_4_0_0_nmp_shim loaded successfully.
2025-12-27T00:20:40.795Z cpu14:2098419)Loading module vmkapi_v2_2_0_0_nmp_shim ...
2025-12-27T00:20:40.798Z cpu14:2098419)Elf: 2101: module vmkapi_v2_2_0_0_nmp_shim has license VMware
2025-12-27T00:20:40.798Z cpu14:2098419)Vmkapiv2_2_0_0NmpShim: init_module:158: Shim for nmp vmkapi 2.2.0-0 to vmkapi 2.5.0-0 is active.
2025-12-27T00:20:40.798Z cpu14:2098419)Mod: 4962: Initialization of vmkapi_v2_2_0_0_nmp_shim succeeded with module ID 92.
2025-12-27T00:20:40.798Z cpu14:2098419)vmkapi_v2_2_0_0_nmp_shim loaded successfully.
2025-12-27T00:20:40.803Z cpu8:2097655)Jumpstart plugin nmp-vmkapi-compatibility activated.
2025-12-27T00:20:40.803Z cpu8:2097655)Activating Jumpstart plugin iscsi-vmkapi-compatibility.
2025-12-27T00:20:40.868Z cpu18:2098421)Loading module vmkapi_v2_4_0_0_iscsi_shim ...
2025-12-27T00:20:40.871Z cpu18:2098421)Elf: 2101: module vmkapi_v2_4_0_0_iscsi_shim has license VMware
2025-12-27T00:20:40.871Z cpu18:2098421)Vmkapiv2_4_0_0IscsiShim: init_module:89: Shim for iscsi vmkapi 2.4.0-0 to vmkapi 2.5.0-0 is active.
2025-12-27T00:20:40.871Z cpu18:2098421)Mod: 4962: Initialization of vmkapi_v2_4_0_0_iscsi_shim succeeded with module ID 93.
2025-12-27T00:20:40.871Z cpu18:2098421)vmkapi_v2_4_0_0_iscsi_shim loaded successfully.
2025-12-27T00:20:40.889Z cpu11:2098422)Loading module vmkapi_v2_3_0_0_iscsi_shim ...
2025-12-27T00:20:40.891Z cpu11:2098422)Elf: 2101: module vmkapi_v2_3_0_0_iscsi_shim has license VMware
2025-12-27T00:20:40.892Z cpu11:2098422)Vmkapiv2_3_0_0IscsiShim: init_module:85: Shim for iscsi vmkapi 2.3.0-0 to vmkapi 2.5.0-0 is active.
2025-12-27T00:20:40.892Z cpu11:2098422)Mod: 4962: Initialization of vmkapi_v2_3_0_0_iscsi_shim succeeded with module ID 94.
2025-12-27T00:20:40.892Z cpu11:2098422)vmkapi_v2_3_0_0_iscsi_shim loaded successfully.
2025-12-27T00:20:40.908Z cpu20:2098423)Loading module vmkapi_v2_2_0_0_iscsi_shim ...
2025-12-27T00:20:40.911Z cpu20:2098423)Elf: 2101: module vmkapi_v2_2_0_0_iscsi_shim has license VMware
2025-12-27T00:20:40.911Z cpu20:2098423)Vmkapiv2_2_0_0IscsiShim: init_module:85: Shim for iscsi vmkapi 2.2.0-0 to vmkapi 2.5.0-0 is active.
2025-12-27T00:20:40.911Z cpu20:2098423)Mod: 4962: Initialization of vmkapi_v2_2_0_0_iscsi_shim succeeded with module ID 95.
2025-12-27T00:20:40.911Z cpu20:2098423)vmkapi_v2_2_0_0_iscsi_shim loaded successfully.
2025-12-27T00:20:40.917Z cpu8:2097655)Jumpstart plugin iscsi-vmkapi-compatibility activated.
2025-12-27T00:20:40.917Z cpu8:2097655)Activating Jumpstart plugin vrdma.
2025-12-27T00:20:40.936Z cpu14:2098424)Loading module vrdma ...
2025-12-27T00:20:40.939Z cpu14:2098424)Elf: 2101: module vrdma has license VMware
2025-12-27T00:20:40.941Z cpu14:2098424)Mod: 4962: Initialization of vrdma succeeded with module ID 96.
2025-12-27T00:20:40.941Z cpu14:2098424)vrdma loaded successfully.
2025-12-27T00:20:40.944Z cpu8:2097655)Jumpstart plugin vrdma activated.
2025-12-27T00:20:40.944Z cpu8:2097655)Activating Jumpstart plugin balloonVMCI.
2025-12-27T00:20:40.963Z cpu0:2098426)Loading module balloonVMCI ...
2025-12-27T00:20:40.966Z cpu0:2098426)Elf: 2101: module balloonVMCI has license VMware
2025-12-27T00:20:40.966Z cpu0:2098426)Mod: 4962: Initialization of balloonVMCI succeeded with module ID 97.
2025-12-27T00:20:40.966Z cpu0:2098426)balloonVMCI loaded successfully.
2025-12-27T00:20:40.969Z cpu8:2097655)Jumpstart plugin balloonVMCI activated.
2025-12-27T00:20:40.969Z cpu8:2097655)Activating Jumpstart plugin hbr.
2025-12-27T00:20:40.989Z cpu8:2098428)Loading module hbr_filter ...
2025-12-27T00:20:40.993Z cpu8:2098428)Elf: 2101: module hbr_filter has license VMware
2025-12-27T00:20:40.996Z cpu8:2098428)Hbr: 939: Hbr Extent Breaks: min 2048GB lower 8192GB upper 32768GB
2025-12-27T00:20:40.996Z cpu8:2098428)Hbr: 942: Hbr Extent Sizes: min 8K lower 16K upper 32K max 64K
2025-12-27T00:20:40.997Z cpu8:2098428)Hbr: 837: Hbr initialize initial heap: (8841040:52678304)
2025-12-27T00:20:40.997Z cpu8:2098428)VSCSIFilter: 1011: Registered VSCSI filter type hbr_filter
2025-12-27T00:20:40.998Z cpu8:2098428)Hbr: 155: HBR bitmap mempool initializing (4096:3221225470)
2025-12-27T00:20:40.998Z cpu8:2098428)VProbe: 803: Loaded  15 static probes from: hbr_filter
2025-12-27T00:20:40.998Z cpu8:2098428)Mod: 4962: Initialization of hbr_filter succeeded with module ID 98.
2025-12-27T00:20:40.998Z cpu8:2098428)hbr_filter loaded successfully.
2025-12-27T00:20:41.002Z cpu8:2097655)Jumpstart plugin hbr activated.
2025-12-27T00:20:41.002Z cpu8:2097655)Activating Jumpstart plugin ftcpt.
2025-12-27T00:20:41.009Z cpu21:2098439)Loading module ftcpt ...
2025-12-27T00:20:41.013Z cpu21:2098439)Elf: 2101: module ftcpt has license VMware
2025-12-27T00:20:41.017Z cpu21:2098439)FTCpt: 114: Registering ftCpt module version 1.0
2025-12-27T00:20:41.017Z cpu21:2098439)FTCpt: 638: Netstack at module load time: defaultTcpipStack
2025-12-27T00:20:41.017Z cpu21:2098439)FTCpt: 1089: Server netstack: defaultTcpipStack
2025-12-27T00:20:41.017Z cpu21:2098439)FTCpt: 977: Using IPv6 address to start server listener
2025-12-27T00:20:41.018Z cpu21:2098439)Tcpip_Vmk: 124: INFO: sosetopt set SO_AUTOBIND
2025-12-27T00:20:41.018Z cpu21:2098439)VProbe: 803: Loaded  43 static probes from: ftcpt
2025-12-27T00:20:41.018Z cpu21:2098439)Mod: 4962: Initialization of ftcpt succeeded with module ID 99.
2025-12-27T00:20:41.018Z cpu21:2098439)ftcpt loaded successfully.
2025-12-27T00:20:41.021Z cpu8:2097655)Jumpstart plugin ftcpt activated.
2025-12-27T00:20:41.021Z cpu8:2097655)Activating Jumpstart plugin tpm.
2025-12-27T00:20:41.071Z cpu8:2097655)Jumpstart plugin tpm activation failed: tpm->start() failed: exited with code 1
2025-12-27T00:20:41.071Z cpu8:2097655)Activating Jumpstart plugin cbrc.
2025-12-27T00:20:41.123Z cpu8:2097655)Jumpstart plugin cbrc activated.
2025-12-27T00:20:41.123Z cpu8:2097655)Activating Jumpstart plugin autodeploy-setpassword.
2025-12-27T00:20:41.172Z cpu8:2097655)Jumpstart plugin autodeploy-setpassword activated.
2025-12-27T00:20:41.172Z cpu8:2097655)Activating Jumpstart plugin inetd.
2025-12-27T00:20:41.190Z cpu8:2097655)Jumpstart plugin inetd activated.
2025-12-27T00:20:41.190Z cpu8:2097655)Activating Jumpstart plugin tag-boot-bank.
2025-12-27T00:20:41.359Z cpu8:2097655)Jumpstart plugin tag-boot-bank activated.
2025-12-27T00:20:41.359Z cpu8:2097655)Activating Jumpstart plugin bootloader-update-check.
2025-12-27T00:20:42.342Z cpu3:2097890)ScsiDeviceIO: 3470: Cmd(0x459a80fb0700) 0x1a, CmdSN 0x27c from world 0 to dev "naa.600605b004213bc001e293503af49afb" failed H:0x0 D:0x2 P:0x0 Valid sense data: 0x5 0x24 0x0.
2025-12-27T00:20:42.399Z cpu8:2097655)Jumpstart plugin bootloader-update-check activated.
2025-12-27T00:20:42.399Z cpu8:2097655)Activating Jumpstart plugin set-acceptance-level.
2025-12-27T00:20:43.967Z cpu8:2097655)Jumpstart plugin set-acceptance-level activated.
2025-12-27T00:20:43.967Z cpu8:2097655)Activating Jumpstart plugin system-image-cache.
2025-12-27T00:20:43.967Z cpu8:2097655)Jumpstart plugin system-image-cache activated.
2025-12-27T00:20:43.967Z cpu8:2097655)Activating Jumpstart plugin vmotion.
2025-12-27T00:20:43.973Z cpu1:2098467)Loading module svmmirror ...
2025-12-27T00:20:43.977Z cpu1:2098467)Elf: 2101: module svmmirror has license VMware
2025-12-27T00:20:43.979Z cpu1:2098467)FDS: 414: Registered FDS Driver svm
2025-12-27T00:20:43.979Z cpu1:2098467)VProbe: 803: Loaded  17 static probes from: svmmirror
2025-12-27T00:20:43.979Z cpu1:2098467)Mod: 4962: Initialization of svmmirror succeeded with module ID 100.
2025-12-27T00:20:43.979Z cpu1:2098467)svmmirror loaded successfully.
2025-12-27T00:20:43.988Z cpu8:2098468)Loading module cbt ...
2025-12-27T00:20:43.990Z cpu8:2098468)Elf: 2101: module cbt has license VMware
2025-12-27T00:20:43.991Z cpu8:2098468)FDS: 414: Registered FDS Driver cbt
2025-12-27T00:20:43.991Z cpu8:2098468)Mod: 4962: Initialization of cbt succeeded with module ID 101.
2025-12-27T00:20:43.991Z cpu8:2098468)cbt loaded successfully.
2025-12-27T00:20:44.001Z cpu5:2098469)Loading module migrate ...
2025-12-27T00:20:44.005Z cpu5:2098469)Elf: 2101: module migrate has license VMware
2025-12-27T00:20:44.012Z cpu5:2098469)Migrate: 123: Registering migration module version 3.0
2025-12-27T00:20:44.012Z cpu5:2098469)Migrate: 3364: Initializing migration module with module id 66.
2025-12-27T00:20:44.012Z cpu5:2098469)Migrate: 1215: Migrate: Using a default heap size of 80535707 bytes, based on a 589797 MB VM.
2025-12-27T00:20:44.013Z cpu5:2098469)Migrate: 3547: Registering module 'VMotion' version 3.0 for migrate type 1
2025-12-27T00:20:44.013Z cpu5:2098469)Migrate: 3547: Registering module 'FTCpt' version 3.0 for migrate type 6
2025-12-27T00:20:44.013Z cpu5:2098469)Migrate: 3547: Registering module 'FSR' version 3.0 for migrate type 2
2025-12-27T00:20:44.013Z cpu5:2098469)Migrate: 3547: Registering module 'InstantClone' version 3.0 for migrate type 7
2025-12-27T00:20:44.015Z cpu5:2098469)MigrateNet: 892: Set vMotion to AUTOBIND mode
2025-12-27T00:20:44.015Z cpu5:2098469)Tcpip_Vmk: 124: INFO: sosetopt set SO_AUTOBIND
2025-12-27T00:20:44.015Z cpu5:2098469)Migrate: 3643: Successfully enabled migration support.
2025-12-27T00:20:44.015Z cpu5:2098469)VProbe: 803: Loaded  19 static probes from: migrate
2025-12-27T00:20:44.015Z cpu5:2098469)Mod: 4962: Initialization of migrate succeeded with module ID 102.
2025-12-27T00:20:44.015Z cpu5:2098469)migrate loaded successfully.
2025-12-27T00:20:44.018Z cpu8:2097655)Jumpstart plugin vmotion activated.
2025-12-27T00:20:44.018Z cpu8:2097655)Activating Jumpstart plugin pcipassthrupool.
2025-12-27T00:20:44.072Z cpu8:2097655)Jumpstart plugin pcipassthrupool activated.
2025-12-27T00:20:44.072Z cpu8:2097655)Activating Jumpstart plugin vfc.
2025-12-27T00:20:44.078Z cpu7:2098472)Loading module vfc ...
2025-12-27T00:20:44.081Z cpu7:2098472)Elf: 2101: module vfc has license VMware
2025-12-27T00:20:44.085Z cpu7:2098472)VFLASHAPI: 195: Registered vflash module vfc
2025-12-27T00:20:44.085Z cpu7:2098472)'VFlashCache' module loaded successfully.
2025-12-27T00:20:44.085Z cpu7:2098472)Mod: 4962: Initialization of vfc succeeded with module ID 103.
2025-12-27T00:20:44.085Z cpu7:2098472)vfc loaded successfully.
2025-12-27T00:20:44.088Z cpu8:2097655)Jumpstart plugin vfc activated.
2025-12-27T00:20:44.088Z cpu8:2097655)Activating Jumpstart plugin coredump-configuration.
2025-12-27T00:20:44.815Z cpu8:2097655)Jumpstart plugin coredump-configuration activated.
2025-12-27T00:20:44.815Z cpu8:2097655)Activating Jumpstart plugin iofilters_castore.
2025-12-27T00:20:44.834Z cpu8:2097655)Jumpstart plugin iofilters_castore activated.
2025-12-27T00:20:44.834Z cpu8:2097655)Activating Jumpstart plugin vit.
2025-12-27T00:20:44.835Z cpu8:2097655)Jumpstart plugin vit activated.
2025-12-27T00:20:44.835Z cpu8:2097655)Activating Jumpstart plugin nvme-nguid-config.
2025-12-27T00:20:44.983Z cpu10:2097648)<6>megasas_service_aen[4]: aen received
2025-12-27T00:20:44.983Z cpu0:2097764)<6>megasas_hotplug_work[4]: event code 0x009d
2025-12-27T00:20:44.990Z cpu0:2097764)<6>megasas_hotplug_work[4]: aen registered
2025-12-27T00:20:45.200Z cpu6:2097655)Jumpstart plugin nvme-nguid-config activated.
2025-12-27T00:20:45.200Z cpu6:2097655)Activating Jumpstart plugin scratch-storage.
2025-12-27T00:20:45.972Z cpu6:2097655)Jumpstart plugin scratch-storage activated.
2025-12-27T00:20:45.972Z cpu6:2097655)Activating Jumpstart plugin pingback.
2025-12-27T00:20:46.024Z cpu6:2097655)Jumpstart plugin pingback activated.
2025-12-27T00:20:46.024Z cpu6:2097655)Activating Jumpstart plugin vmswapcleanup.
2025-12-27T00:20:46.024Z cpu6:2097655)Jumpstart plugin vmswapcleanup activated.
2025-12-27T00:20:47.046Z cpu7:2098547)Starting service SSH
2025-12-27T00:20:47.048Z cpu7:2098547)Activating Jumpstart plugin SSH.
2025-12-27T00:20:47.250Z cpu7:2098547)Jumpstart plugin SSH activated.
2025-12-27T00:20:47.252Z cpu7:2098547)Starting service DCUI
2025-12-27T00:20:47.253Z cpu7:2098547)Activating Jumpstart plugin DCUI.
2025-12-27T00:20:47.456Z cpu7:2098547)Jumpstart plugin DCUI activated.
2025-12-27T00:20:47.457Z cpu7:2098547)Starting service esxui
2025-12-27T00:20:47.458Z cpu7:2098547)Activating Jumpstart plugin esxui.
2025-12-27T00:20:48.266Z cpu7:2098547)Jumpstart plugin esxui activated.
2025-12-27T00:20:48.268Z cpu7:2098547)Starting service usbarbitrator
2025-12-27T00:20:48.269Z cpu7:2098547)Activating Jumpstart plugin usbarbitrator.
2025-12-27T00:20:48.674Z cpu3:2097890)ScsiDeviceIO: 3470: Cmd(0x459a80f8a3c0) 0x1a, CmdSN 0x30a from world 0 to dev "naa.600605b004213bc001e293503af49afb" failed H:0x0 D:0x2 P:0x0 Valid sense data: 0x5 0x24 0x0.
2025-12-27T00:20:49.410Z cpu15:2098585)VC: 4616: Device rescan time 217 msec (total number of devices 8)
2025-12-27T00:20:49.410Z cpu15:2098585)VC: 4619: Filesystem probe time 735 msec (devices probed 6 of 8)
2025-12-27T00:20:49.410Z cpu15:2098585)VC: 4621: Refresh open volume time 5 msec
2025-12-27T00:20:49.638Z cpu11:2097695)vmkusb: umass_detach:1281: umass_detach: Device umass0 is detaching
2025-12-27T00:20:49.638Z cpu11:2097695)vmkusb: umass_detach:1297: umass_detach: Detaching umass0 with cached_name NULL, adapter name vmhba32, is_reserved 0
2025-12-27T00:20:49.638Z cpu11:2097695)vmkusb: umass_detach:1305: umass_detach: Save the USB Storage device vmhba32 as cached name!
2025-12-27T00:20:49.661Z cpu14:2097207)NMP: nmp_ThrottleLogForDevice:3872: Cmd 0x1a (0x45ba809bf3c0, 0) to dev "mpx.vmhba32:C0:T0:L0" on path "vmhba32:C0:T0:L0" Failed: H:0x0 D:0x2 P:0x0 Valid sense data: 0x5 0x0 0x0. Act:NONE
2025-12-27T00:20:49.661Z cpu14:2097207)ScsiDeviceIO: 3484: Cmd(0x45ba809bf3c0) 0x1a, CmdSN 0x3a4 from world 0 to dev "mpx.vmhba32:C0:T0:L0" failed H:0x0 D:0x2 P:0x0 Valid sense data: 0x5 0x0 0x0.
2025-12-27T00:20:49.661Z cpu8:2097518)ScsiPath: 8850: DeletePath : adapter=vmhba32, channel=0, target=0, lun=0
2025-12-27T00:20:49.662Z cpu8:2097518)NMP: nmp_UnregisterDeviceEvents:2404: Failed to unregister events 0x180 from device "mpx.vmhba32:C0:T0:L0". Not found
2025-12-27T00:20:49.662Z cpu8:2097518)ScsiDevice: 5706: Unregistered device 'mpx.vmhba32:C0:T0:L0' [0x430548af2280]
2025-12-27T00:20:49.662Z cpu8:2097518)ScsiEvents: 545: Event Subsystem: Device Events, Destroyed!
2025-12-27T00:20:49.662Z cpu8:2097518)StorageApdHandler: 1063: Freeing APD handle 0x430548aede20 [mpx.vmhba32:C0:T0:L0]
2025-12-27T00:20:49.662Z cpu8:2097518)StorageApdHandler: 1147: APD Handle freed!
2025-12-27T00:20:49.662Z cpu8:2097518)WARNING: NMP: nmpUnclaimPath:1646: Physical path "vmhba32:C0:T0:L0" is the last path to NMP device "Unregistered Device". The device has been unregistered.
2025-12-27T00:20:49.662Z cpu8:2097518)WARNING: ScsiPath: 8929: Remove path: vmhba32:C0:T0:L0
2025-12-27T00:20:49.662Z cpu16:2097700)ScsiAdapter: 3424: Unregistering adapter vmhba32
2025-12-27T00:20:49.662Z cpu16:2097700)DMA: 724: DMA Engine 'vmhba32' destroyed.
2025-12-27T00:20:49.788Z cpu3:2097890)ScsiDeviceIO: 3470: Cmd(0x459a80f8b2c0) 0x1a, CmdSN 0x3ec from world 0 to dev "naa.600605b004213bc001e293503af49afb" failed H:0x0 D:0x2 P:0x0 Valid sense data: 0x5 0x24 0x0.
2025-12-27T00:20:49.792Z cpu22:2098589)VC: 777: Removing unused volume '6113eae0-017e72cb-dd88-7c4fe078f4fa' (fa7) state 3
2025-12-27T00:20:49.792Z cpu22:2098589)VC: 777: Removing unused volume '3a4fcbb5-bccfa3cc-15bf-5cf3fce846f8' (fa7) state 3
2025-12-27T00:20:49.792Z cpu22:2098589)VC: 777: Removing unused volume '3aa697ed-3301c127-ab77-6b3f94b30287' (fa7) state 3
2025-12-27T00:20:49.793Z cpu22:2098589)VC: 4616: Device rescan time 3 msec (total number of devices 5)
2025-12-27T00:20:49.793Z cpu22:2098589)VC: 4619: Filesystem probe time 7 msec (devices probed 3 of 5)
2025-12-27T00:20:49.793Z cpu22:2098589)VC: 4621: Refresh open volume time 1 msec
2025-12-27T00:20:49.936Z cpu20:2098590)megasas_slave_configure: do not export physical disk devices to upper layer.
2025-12-27T00:20:49.936Z cpu20:2098590)WARNING: ScsiScan: 1638: Failed to add path vmhba0:C0:T9:L0 : Not found
2025-12-27T00:20:49.938Z cpu20:2098590)megasas_slave_configure: do not export physical disk devices to upper layer.
2025-12-27T00:20:49.938Z cpu20:2098590)WARNING: ScsiScan: 1638: Failed to add path vmhba0:C0:T10:L0 : Not found
2025-12-27T00:20:49.939Z cpu20:2098590)megasas_slave_configure: do not export physical disk devices to upper layer.
2025-12-27T00:20:49.939Z cpu20:2098590)WARNING: ScsiScan: 1638: Failed to add path vmhba0:C0:T11:L0 : Not found
2025-12-27T00:20:49.940Z cpu20:2098590)megasas_slave_configure: do not export physical disk devices to upper layer.
2025-12-27T00:20:49.940Z cpu20:2098590)WARNING: ScsiScan: 1638: Failed to add path vmhba0:C0:T12:L0 : Not found
2025-12-27T00:20:49.942Z cpu20:2098590)megasas_slave_configure: do not export physical disk devices to upper layer.
2025-12-27T00:20:49.942Z cpu20:2098590)WARNING: ScsiScan: 1638: Failed to add path vmhba0:C0:T13:L0 : Not found
2025-12-27T00:20:49.943Z cpu20:2098590)megasas_slave_configure: do not export physical disk devices to upper layer.
2025-12-27T00:20:49.943Z cpu20:2098590)WARNING: ScsiScan: 1638: Failed to add path vmhba0:C0:T14:L0 : Not found
2025-12-27T00:20:49.944Z cpu20:2098590)megasas_slave_configure: do not export physical disk devices to upper layer.
2025-12-27T00:20:49.944Z cpu20:2098590)WARNING: ScsiScan: 1638: Failed to add path vmhba0:C0:T15:L0 : Not found
2025-12-27T00:20:49.946Z cpu20:2098590)megasas_slave_configure: do not export physical disk devices to upper layer.
2025-12-27T00:20:49.946Z cpu20:2098590)WARNING: ScsiScan: 1638: Failed to add path vmhba0:C0:T16:L0 : Not found
2025-12-27T00:20:50.086Z cpu7:2098547)Jumpstart plugin usbarbitrator activated.
2025-12-27T00:20:50.088Z cpu7:2098547)Starting service iofilterd-spm
2025-12-27T00:20:50.089Z cpu7:2098547)Activating Jumpstart plugin iofilterd-spm.
2025-12-27T00:20:51.246Z cpu3:2097890)ScsiDeviceIO: 3470: Cmd(0x459a80f70ec0) 0x1a, CmdSN 0x450 from world 0 to dev "naa.600605b004213bc001e293503af49afb" failed H:0x0 D:0x2 P:0x0 Valid sense data: 0x5 0x24 0x0.
2025-12-27T00:20:51.252Z cpu22:2098675)VC: 4616: Device rescan time 25 msec (total number of devices 5)
2025-12-27T00:20:51.252Z cpu22:2098675)VC: 4619: Filesystem probe time 9 msec (devices probed 3 of 5)
2025-12-27T00:20:51.252Z cpu22:2098675)VC: 4621: Refresh open volume time 1 msec
2025-12-27T00:20:51.393Z cpu9:2098676)megasas_slave_configure: do not export physical disk devices to upper layer.
2025-12-27T00:20:51.393Z cpu9:2098676)WARNING: ScsiScan: 1638: Failed to add path vmhba0:C0:T9:L0 : Not found
2025-12-27T00:20:51.395Z cpu9:2098676)megasas_slave_configure: do not export physical disk devices to upper layer.
2025-12-27T00:20:51.395Z cpu9:2098676)WARNING: ScsiScan: 1638: Failed to add path vmhba0:C0:T10:L0 : Not found
2025-12-27T00:20:51.396Z cpu9:2098676)megasas_slave_configure: do not export physical disk devices to upper layer.
2025-12-27T00:20:51.396Z cpu9:2098676)WARNING: ScsiScan: 1638: Failed to add path vmhba0:C0:T11:L0 : Not found
2025-12-27T00:20:52.715Z cpu7:2098547)Jumpstart plugin iofilterd-spm activated.
2025-12-27T00:20:52.717Z cpu7:2098547)Starting service swapobjd
2025-12-27T00:20:52.718Z cpu7:2098547)Activating Jumpstart plugin swapobjd.
2025-12-27T00:20:53.022Z cpu9:2098676)megasas_slave_configure: do not export physical disk devices to upper layer.
2025-12-27T00:20:53.022Z cpu9:2098676)WARNING: ScsiScan: 1638: Failed to add path vmhba0:C0:T12:L0 : Not found
2025-12-27T00:20:53.037Z cpu9:2098676)megasas_slave_configure: do not export physical disk devices to upper layer.
2025-12-27T00:20:53.037Z cpu9:2098676)WARNING: ScsiScan: 1638: Failed to add path vmhba0:C0:T13:L0 : Not found
2025-12-27T00:20:53.038Z cpu9:2098676)megasas_slave_configure: do not export physical disk devices to upper layer.
2025-12-27T00:20:53.038Z cpu9:2098676)WARNING: ScsiScan: 1638: Failed to add path vmhba0:C0:T14:L0 : Not found
2025-12-27T00:20:53.046Z cpu9:2098676)megasas_slave_configure: do not export physical disk devices to upper layer.
2025-12-27T00:20:53.046Z cpu9:2098676)WARNING: ScsiScan: 1638: Failed to add path vmhba0:C0:T15:L0 : Not found
2025-12-27T00:20:53.048Z cpu9:2098676)megasas_slave_configure: do not export physical disk devices to upper layer.
2025-12-27T00:20:53.048Z cpu9:2098676)WARNING: ScsiScan: 1638: Failed to add path vmhba0:C0:T16:L0 : Not found
2025-12-27T00:20:53.122Z cpu7:2098547)Jumpstart plugin swapobjd activated.
2025-12-27T00:20:53.124Z cpu7:2098547)Starting service iofilterd-vmwarevmcrypt
2025-12-27T00:20:53.126Z cpu7:2098547)Activating Jumpstart plugin iofilterd-vmwarevmcrypt.
2025-12-27T00:20:53.326Z cpu7:2098547)Jumpstart plugin iofilterd-vmwarevmcrypt activated.
2025-12-27T00:20:53.328Z cpu7:2098547)Starting service vvold
2025-12-27T00:20:53.330Z cpu7:2098547)Activating Jumpstart plugin vvold.
2025-12-27T00:20:54.944Z cpu7:2098547)Jumpstart plugin vvold activated.
2025-12-27T00:20:54.946Z cpu7:2098547)Starting service hostdCgiServer
2025-12-27T00:20:54.947Z cpu7:2098547)Activating Jumpstart plugin hostdCgiServer.
2025-12-27T00:20:55.150Z cpu7:2098547)Jumpstart plugin hostdCgiServer activated.
2025-12-27T00:20:55.151Z cpu7:2098547)Starting service hostd
2025-12-27T00:20:55.153Z cpu7:2098547)Activating Jumpstart plugin hostd.
2025-12-27T00:20:55.487Z cpu9:2098839)VisorFSRam: 882: hostdstats with (0,803,0,0,755)
2025-12-27T00:20:55.487Z cpu9:2098839)FSS: 8148: Mounting fs visorfs (4306f359e670) with -o 0,803,0,0,0,0755,hostdstats on file descriptor 430717337570
2025-12-27T00:20:55.960Z cpu7:2098547)Jumpstart plugin hostd activated.
2025-12-27T00:20:55.962Z cpu7:2098547)Starting service rhttpproxy
2025-12-27T00:20:55.964Z cpu7:2098547)Activating Jumpstart plugin rhttpproxy.
2025-12-27T00:20:56.368Z cpu7:2098547)Jumpstart plugin rhttpproxy activated.
2025-12-27T00:20:56.370Z cpu7:2098547)Starting service sdrsInjector
2025-12-27T00:20:56.372Z cpu7:2098547)Activating Jumpstart plugin sdrsInjector.
2025-12-27T00:20:56.473Z cpu19:2098937)Config: 703: "SIOControlFlag1" = 0, Old Value: 0, (Status: 0x0)
2025-12-27T00:20:56.572Z cpu7:2098547)Jumpstart plugin sdrsInjector activated.
2025-12-27T00:20:56.574Z cpu7:2098547)Starting service storageRM
2025-12-27T00:20:56.575Z cpu7:2098547)Activating Jumpstart plugin storageRM.
2025-12-27T00:20:56.777Z cpu7:2098547)Jumpstart plugin storageRM activated.
2025-12-27T00:20:56.779Z cpu7:2098547)Starting service sensord
2025-12-27T00:20:56.780Z cpu7:2098547)Activating Jumpstart plugin sensord.
2025-12-27T00:20:57.097Z cpu11:2098876)Config: 703: "SIOControlFlag2" = 0, Old Value: 0, (Status: 0x0)
2025-12-27T00:20:57.184Z cpu7:2098547)Jumpstart plugin sensord activated.
2025-12-27T00:20:57.186Z cpu7:2098547)Starting service lbtd
2025-12-27T00:20:57.188Z cpu7:2098547)Activating Jumpstart plugin lbtd.
2025-12-27T00:20:57.391Z cpu7:2098547)Jumpstart plugin lbtd activated.
2025-12-27T00:20:57.392Z cpu7:2098547)Starting service nfcd
2025-12-27T00:20:57.394Z cpu7:2098547)Activating Jumpstart plugin nfcd.
2025-12-27T00:20:57.595Z cpu1:2098547)Jumpstart plugin nfcd activated.
2025-12-27T00:20:57.597Z cpu1:2098547)Starting service vmfstraced
2025-12-27T00:20:57.598Z cpu1:2098547)Activating Jumpstart plugin vmfstraced.
2025-12-27T00:20:57.800Z cpu1:2098547)Jumpstart plugin vmfstraced activated.
2025-12-27T00:20:57.802Z cpu1:2098547)Starting service rabbitmqproxy
2025-12-27T00:20:57.803Z cpu1:2098547)Activating Jumpstart plugin rabbitmqproxy.
2025-12-27T00:20:58.410Z cpu1:2098547)Jumpstart plugin rabbitmqproxy activated.
2025-12-27T00:20:58.412Z cpu1:2098547)Starting service slpd
2025-12-27T00:20:58.414Z cpu1:2098547)Activating Jumpstart plugin slpd.
2025-12-27T00:20:58.615Z cpu1:2098547)Jumpstart plugin slpd activated.
2025-12-27T00:20:58.617Z cpu1:2098547)Starting service dcbd
2025-12-27T00:20:58.618Z cpu1:2098547)Activating Jumpstart plugin dcbd.
2025-12-27T00:20:58.821Z cpu1:2098547)Jumpstart plugin dcbd activated.
2025-12-27T00:20:58.823Z cpu1:2098547)Starting service cdp
2025-12-27T00:20:58.825Z cpu1:2098547)Activating Jumpstart plugin cdp.
2025-12-27T00:20:59.027Z cpu1:2098547)Jumpstart plugin cdp activated.
2025-12-27T00:20:59.029Z cpu1:2098547)Starting service nscd
2025-12-27T00:20:59.031Z cpu1:2098547)Activating Jumpstart plugin nscd.
2025-12-27T00:20:59.232Z cpu1:2098547)Jumpstart plugin nscd activated.
2025-12-27T00:20:59.234Z cpu1:2098547)Starting service nicmgmtd
2025-12-27T00:20:59.236Z cpu1:2098547)Activating Jumpstart plugin nicmgmtd.
2025-12-27T00:20:59.641Z cpu1:2098547)Jumpstart plugin nicmgmtd activated.
2025-12-27T00:20:59.642Z cpu1:2098547)Starting service lacp
2025-12-27T00:20:59.643Z cpu1:2098547)Activating Jumpstart plugin lacp.
2025-12-27T00:20:59.847Z cpu1:2098547)Jumpstart plugin lacp activated.
2025-12-27T00:20:59.848Z cpu1:2098547)Starting service memscrubd
2025-12-27T00:20:59.849Z cpu1:2098547)Activating Jumpstart plugin memscrubd.
2025-12-27T00:21:00.052Z cpu1:2098547)Jumpstart plugin memscrubd activated.
2025-12-27T00:21:00.054Z cpu1:2098547)Starting service smartd
2025-12-27T00:21:00.055Z cpu1:2098547)Activating Jumpstart plugin smartd.
2025-12-27T00:21:00.258Z cpu1:2098547)Jumpstart plugin smartd activated.
2025-12-27T00:21:00.259Z cpu1:2098547)Starting service vpxa
2025-12-27T00:21:00.261Z cpu1:2098547)Activating Jumpstart plugin vpxa.
2025-12-27T00:21:00.462Z cpu1:2098547)Jumpstart plugin vpxa activated.
2025-12-27T00:21:00.464Z cpu1:2098547)Starting service sfcbd-watchdog
2025-12-27T00:21:00.465Z cpu1:2098547)Activating Jumpstart plugin sfcbd-watchdog.
2025-12-27T00:21:00.870Z cpu1:2098547)Jumpstart plugin sfcbd-watchdog activated.
2025-12-27T00:21:00.872Z cpu1:2098547)Starting service wsman
2025-12-27T00:21:00.873Z cpu1:2098547)Activating Jumpstart plugin wsman.
2025-12-27T00:21:01.075Z cpu1:2098547)Jumpstart plugin wsman activated.
2025-12-27T00:21:01.077Z cpu1:2098547)Starting service snmpd
2025-12-27T00:21:01.078Z cpu1:2098547)Activating Jumpstart plugin snmpd.
2025-12-27T00:21:01.482Z cpu1:2098547)Jumpstart plugin snmpd activated.
2025-12-27T00:21:01.484Z cpu1:2098547)Starting service xorg
2025-12-27T00:21:01.486Z cpu1:2098547)Activating Jumpstart plugin xorg.
2025-12-27T00:21:01.889Z cpu1:2098547)Jumpstart plugin xorg activated.
2025-12-27T00:21:01.891Z cpu1:2098547)Starting service vmtoolsd
2025-12-27T00:21:01.893Z cpu1:2098547)Activating Jumpstart plugin vmtoolsd.
2025-12-27T00:21:02.095Z cpu1:2098547)Jumpstart plugin vmtoolsd activated.
2025-12-27T00:21:02.268Z cpu12:2099418)Hardware: 573: Reading cpu0 MSR 0x17
2025-12-27T00:21:03.824Z cpu8:2098876)Config: 703: "VMOverheadGrowthLimit" = 4294967295, Old Value: -1, (Status: 0x0)
2025-12-27T00:21:04.294Z cpu3:2097890)ScsiDeviceIO: 3470: Cmd(0x459a80f2e980) 0x1a, CmdSN 0x4b6 from world 0 to dev "naa.600605b004213bc001e293503af49afb" failed H:0x0 D:0x2 P:0x0 Valid sense data: 0x5 0x24 0x0.
2025-12-27T00:21:05.364Z cpu1:2099473)Boot Successful
2025-12-27T00:21:05.788Z cpu6:2099487)Starting up rc scripts
2025-12-27T00:30:00.642Z cpu11:2097877)DVFilter: 6068: Checking disconnected filters for timeouts
2025-12-27T00:31:30.637Z cpu10:2097852)<6>megasas_service_aen[4]: aen received
2025-12-27T00:31:30.637Z cpu0:2097764)<6>megasas_hotplug_work[4]: event code 0x005e
2025-12-27T00:31:30.647Z cpu0:2097764)<6>megasas_hotplug_work[4]: aen registered
2025-12-27T00:32:55.941Z cpu10:2099847)<6>megasas_service_aen[4]: aen received
2025-12-27T00:32:55.941Z cpu17:2097764)<6>megasas_hotplug_work[4]: event code 0x005e
2025-12-27T00:32:55.950Z cpu17:2097764)<6>megasas_hotplug_work[4]: aen registered
2025-12-27T00:33:11.365Z cpu10:2097484)<6>megasas_service_aen[4]: aen received
2025-12-27T00:33:11.365Z cpu20:2097764)<6>megasas_hotplug_work[4]: event code 0x005e
2025-12-27T00:33:11.374Z cpu20:2097764)<6>megasas_hotplug_work[4]: aen registered
2025-12-27T00:33:28.344Z cpu18:2099891)WARNING: UserMem: 5073: openssl: Unable to create heap mmInfo: Already exists start 0x15a81ab000 end 0x15a81cc000
2025-12-27T00:33:30.783Z cpu0:2099894)WARNING: UserMem: 5073: openssl: Unable to create heap mmInfo: Already exists start 0x9057ce7000 end 0x9057d08000
2025-12-27T00:33:57.291Z cpu2:2097890)ScsiDeviceIO: 3470: Cmd(0x459a80f09540) 0x1a, CmdSN 0x5d6 from world 0 to dev "naa.600605b004213bc001e293503af49afb" failed H:0x0 D:0x2 P:0x0 Valid sense data: 0x5 0x24 0x0.
2025-12-27T00:34:18.227Z cpu10:2097484)<6>megasas_service_aen[4]: aen received
2025-12-27T00:34:18.227Z cpu20:2097764)<6>megasas_hotplug_work[4]: event code 0x005e
2025-12-27T00:34:18.236Z cpu20:2097764)<6>megasas_hotplug_work[4]: aen registered
2025-12-27T00:34:44.199Z cpu20:2099538)Config: 862: "ManagementIface" = "", Old value: "vmk0" (Status: 0x0)
2025-12-27T00:34:44.200Z cpu20:2099538)Tcpip_Vmk: 1286: TcpipDisablePort: current vnet 0x430e52000f30 for nd 0x430e521f5440 portID: 0x2000004
2025-12-27T00:34:44.200Z cpu20:2099538)Tcpip_Vmk: 1093: vmknic Rx dispatch stats: portID: 0x2000004, RxQ: 0, rxPkt: 503, dispPkt: 498
2025-12-27T00:34:44.200Z cpu20:2099538)Tcpip_Vmk: 124: rn_delete: return NULL after checking rn_dupedkey
2025-12-27T00:34:44.200Z cpu20:2099538)Tcpip_Vmk: 124: dad_stop dp not found
2025-12-27T00:34:44.200Z cpu20:2099538)Tcpip_Vmk: 124: rn_delete: return NULL after checking rn_dupedkey
2025-12-27T00:34:44.200Z cpu20:2099538)Tcpip_Vmk: 1352: TcpipClosePort: current vnet 0x430e52000f30 for nd 0x430e521f5440 portID: 0x2000004
2025-12-27T00:34:44.200Z cpu20:2099538)NetPort: 1580: disabled port 0x2000004
2025-12-27T00:34:44.200Z cpu20:2099538)Net: 3713: disconnected client from port 0x2000004
2025-12-27T00:34:44.200Z cpu20:2099538)Tcpip_Vmk: 927: TcpipFreePort: current vnet 0x430e52000f30 for nd 0x430e521f5440 portID: 0x0
2025-12-27T00:34:44.206Z cpu20:2099538)Tcpip_Vmk: 124: rn_delete: return NULL after checking rn_dupedkey
2025-12-27T00:34:44.206Z cpu20:2099538)WARNING: Tcpip_Vmk: 1156: Failed to set default gateway (51): Network unreachable
2025-12-27T00:34:44.221Z cpu20:2099538)Net: 2457: connected vmk0  to Management Network, portID 0x2000005
2025-12-27T00:34:44.221Z cpu20:2099538)Tcpip_Vmk: 1610: mcast[0] = 33:33:ff:e8:46:f8
2025-12-27T00:34:44.221Z cpu20:2099538)Tcpip_Vmk: 1610: mcast[1] = 33:33:00:00:00:01
2025-12-27T00:34:44.221Z cpu20:2099538)Tcpip: 1211: NIC supports Tso
2025-12-27T00:34:44.221Z cpu20:2099538)Tcpip: 1218: NIC support IPv4 TX checksum offloading
2025-12-27T00:34:44.221Z cpu20:2099538)Tcpip: 1225: NIC support IPv6 TX checksum offloading
2025-12-27T00:34:44.221Z cpu20:2099538)Tcpip: 1231: NIC supports Scatter-Gather transmits
2025-12-27T00:34:44.221Z cpu20:2099538)Tcpip_Vmk: 124: in6_domifattach: for ifname=vmk0
2025-12-27T00:34:44.221Z cpu20:2099538)Tcpip_Vmk: 124: vmk0:
2025-12-27T00:34:44.221Z cpu20:2099538)Tcpip_Vmk: 124: Ethernet address: 5c:f3:fc:e8:46:f8
2025-12-27T00:34:44.221Z cpu20:2099538)Tcpip: 1286: ether attach complete vmk 0 0
2025-12-27T00:34:44.221Z cpu20:2099538)Tcpip_Vmk: 124: rn_delete: return NULL after checking rn_dupedkey
2025-12-27T00:34:44.221Z cpu20:2099538)NetPort: 1359: enabled port 0x2000005 with mac 5c:f3:fc:e8:46:f8
2025-12-27T00:34:44.223Z cpu20:2099538)Tcpip: 1089: ip_addr = 0x6401a8c0, netmask = 0xffffff
2025-12-27T00:34:44.223Z cpu20:2099538)Tcpip: 1161: gateway = 0xfe01a8c0
2025-12-27T00:34:44.224Z cpu20:2099538)Config: 862: "ManagementIface" = "vmk0", Old value: "" (Status: 0x0)
2025-12-27T00:34:44.229Z cpu20:2099538)Tcpip_Vmk: 124: rn_delete: return NULL after checking rn_dupedkey
2025-12-27T00:34:58.002Z cpu3:2097852)Tcpip_Vmk: 124: nd6_rs_timer: no routers on 'vmk0'. Giving up
2025-12-27T00:35:12.795Z cpu9:2099986)WARNING: UserMem: 5073: openssl: Unable to create heap mmInfo: Already exists start 0x448402a000 end 0x448404b000
2025-12-27T00:35:14.202Z cpu3:2097852)Tcpip: 1473: Cleaning 5 Leaked routes on 'vmk0'
2025-12-27T00:35:14.202Z cpu3:2097852)Tcpip: 1480: Freeing interface 'vmk0'
2025-12-27T00:36:20.569Z cpu9:2100038)Deactivating Daemon xorg.
2025-12-27T00:36:20.772Z cpu9:2100038)Daemon xorg deactivated.
2025-12-27T00:36:20.772Z cpu9:2100038)Deactivating Daemon vmtoolsd.
2025-12-27T00:36:21.174Z cpu9:2100038)Daemon vmtoolsd deactivated.
2025-12-27T00:36:21.175Z cpu9:2100038)Deactivating Daemon wsman.
2025-12-27T00:36:21.377Z cpu9:2100038)Daemon wsman deactivated.
2025-12-27T00:36:21.377Z cpu9:2100038)Deactivating Daemon snmpd.
2025-12-27T00:36:21.781Z cpu9:2100038)Daemon snmpd deactivated.
2025-12-27T00:36:21.781Z cpu9:2100038)Deactivating Daemon sfcbd-watchdog.
2025-12-27T00:36:23.394Z cpu3:2100038)Daemon sfcbd-watchdog deactivated.
2025-12-27T00:36:23.394Z cpu3:2100038)Deactivating Daemon vpxa.
2025-12-27T00:36:23.597Z cpu3:2100038)Daemon vpxa deactivated.
2025-12-27T00:36:23.597Z cpu3:2100038)Deactivating Daemon dcbd.
2025-12-27T00:36:23.799Z cpu3:2100038)Daemon dcbd deactivated.
2025-12-27T00:36:23.799Z cpu3:2100038)Deactivating Daemon cdp.
2025-12-27T00:36:24.002Z cpu3:2100038)Daemon cdp deactivated.
2025-12-27T00:36:24.002Z cpu3:2100038)Deactivating Daemon nscd.
2025-12-27T00:36:24.202Z cpu3:2100038)Daemon nscd deactivated.
2025-12-27T00:36:24.202Z cpu3:2100038)Deactivating Daemon nicmgmtd.
2025-12-27T00:36:24.607Z cpu3:2100038)Daemon nicmgmtd deactivated.
2025-12-27T00:36:24.607Z cpu3:2100038)Deactivating Daemon lacp.
2025-12-27T00:36:24.809Z cpu3:2100038)Daemon lacp deactivated.
2025-12-27T00:36:24.809Z cpu3:2100038)Deactivating Daemon memscrubd.
2025-12-27T00:36:25.012Z cpu3:2100038)Daemon memscrubd deactivated.
2025-12-27T00:36:25.012Z cpu3:2100038)Deactivating Daemon smartd.
2025-12-27T00:36:25.214Z cpu3:2100038)Daemon smartd deactivated.
2025-12-27T00:36:25.214Z cpu3:2100038)Deactivating Daemon slpd.
2025-12-27T00:36:25.417Z cpu3:2100038)Daemon slpd deactivated.
2025-12-27T00:36:25.417Z cpu3:2100038)Deactivating Daemon vvold.
2025-12-27T00:36:25.619Z cpu3:2100038)Daemon vvold deactivated.
2025-12-27T00:36:25.619Z cpu3:2100038)Deactivating Daemon hostdCgiServer.
2025-12-27T00:36:25.822Z cpu3:2100038)Daemon hostdCgiServer deactivated.
2025-12-27T00:36:25.822Z cpu3:2100038)Deactivating Daemon hostd.
2025-12-27T00:36:26.024Z cpu3:2100038)Daemon hostd deactivated.
2025-12-27T00:36:26.024Z cpu3:2100038)Deactivating Daemon rhttpproxy.
2025-12-27T00:36:26.227Z cpu3:2100038)Daemon rhttpproxy deactivated.
2025-12-27T00:36:26.227Z cpu3:2100038)Deactivating Daemon sdrsInjector.
2025-12-27T00:36:26.429Z cpu3:2100038)Daemon sdrsInjector deactivated.
2025-12-27T00:36:26.429Z cpu3:2100038)Deactivating Daemon storageRM.
2025-12-27T00:36:26.632Z cpu3:2100038)Daemon storageRM deactivated.
2025-12-27T00:36:26.632Z cpu3:2100038)Deactivating Daemon sensord.
2025-12-27T00:36:27.036Z cpu3:2100038)Daemon sensord deactivated.
2025-12-27T00:36:27.037Z cpu3:2100038)Deactivating Daemon lbtd.
2025-12-27T00:36:27.239Z cpu3:2100038)Daemon lbtd deactivated.
2025-12-27T00:36:27.239Z cpu3:2100038)Deactivating Daemon nfcd.
2025-12-27T00:36:27.441Z cpu3:2100038)Daemon nfcd deactivated.
2025-12-27T00:36:27.441Z cpu3:2100038)Deactivating Daemon vmfstraced.
2025-12-27T00:36:27.844Z cpu5:2100038)Daemon vmfstraced deactivated.
2025-12-27T00:36:27.844Z cpu5:2100038)Deactivating Daemon rabbitmqproxy.
2025-12-27T00:36:28.047Z cpu5:2100038)Daemon rabbitmqproxy deactivated.
2025-12-27T00:36:28.047Z cpu5:2100038)Deactivating Daemon esxui.
2025-12-27T00:36:28.250Z cpu5:2100038)Daemon esxui deactivated.
2025-12-27T00:36:28.250Z cpu5:2100038)Deactivating Daemon usbarbitrator.
2025-12-27T00:36:28.310Z cpu5:2100464)vmkusb: umass_attach:1120: umass_attach: Attach device cached_name vmhba32, cached data 0
2025-12-27T00:36:28.452Z cpu5:2100038)Daemon usbarbitrator deactivated.
2025-12-27T00:36:28.452Z cpu5:2100038)Deactivating Daemon iofilterd-spm.
2025-12-27T00:36:28.654Z cpu5:2100038)Daemon iofilterd-spm deactivated.
2025-12-27T00:36:28.654Z cpu5:2100038)Deactivating Daemon swapobjd.
2025-12-27T00:36:29.059Z cpu5:2100038)Daemon swapobjd deactivated.
2025-12-27T00:36:29.059Z cpu5:2100038)Deactivating Daemon iofilterd-vmwarevmcrypt.
2025-12-27T00:36:29.261Z cpu5:2100038)Daemon iofilterd-vmwarevmcrypt deactivated.
2025-12-27T00:36:29.261Z cpu5:2100038)Deactivating Daemon SSH.
2025-12-27T00:36:29.462Z cpu5:2100038)Daemon SSH deactivated.
2025-12-27T00:36:29.462Z cpu5:2100038)Deactivating Daemon DCUI.
2025-12-27T00:36:29.665Z cpu5:2100038)Daemon DCUI deactivated.
VMB: 66: Reserved 4 MPNs starting @ 0x4a0
VMB: 113: mbMagic: 1badb005, mbInfo 0x600000
VMB: 106: Changed PAT MSR from 0x7040600070406 to 0x7010600070106
EFI: 196: 64-bit EFI revision 4096.1
VMB_ACPI: 597: No SPCR table found.
VMB_SERIAL: 264: Serial port set to default configuration.
VMB_MEMMAP: 2317: memmap[0]: addr 0, len 6c000, type 1
VMB_MEMMAP: 2317: memmap[1]: addr 6c000, len 1000, type 4
VMB_MEMMAP: 2317: memmap[2]: addr 6d000, len 32000, type 1
VMB_MEMMAP: 2317: memmap[3]: addr 9f000, len 1000, type 4
VMB_MEMMAP: 2317: memmap[4]: addr 100000, len 7c3c2000, type 1
VMB_MEMMAP: 2317: memmap[5]: addr 7c4c2000, len 6000, type 101
VMB_MEMMAP: 2317: memmap[6]: addr 7c4c8000, len 237000, type 1
VMB_MEMMAP: 2317: memmap[7]: addr 7c6ff000, len 5000, type 101
VMB_MEMMAP: 2317: memmap[8]: addr 7c704000, len a7c000, type 1
VMB_MEMMAP: 2317: memmap[9]: addr 7d180000, len 2b000, type 100
VMB_MEMMAP: 2317: memmap[10]: addr 7d1ab000, len 24000, type 1
VMB_MEMMAP: 2317: memmap[11]: addr 7d1cf000, len 2b000, type 100
VMB_MEMMAP: 2317: memmap[12]: addr 7d1fa000, len 24000, type 1
VMB_MEMMAP: 2317: memmap[13]: addr 7d21e000, len 2b000, type 100
VMB_MEMMAP: 2317: memmap[14]: addr 7d249000, len 24000, type 1
VMB_MEMMAP: 2317: memmap[15]: addr 7d26d000, len 2b000, type 100
VMB_MEMMAP: 2317: memmap[16]: addr 7d298000, len 222000, type 1
VMB_MEMMAP: 2317: memmap[17]: addr 7d4ba000, len b0000, type 2
VMB_MEMMAP: 2317: memmap[18]: addr 7d56a000, len 2085000, type 1
VMB_MEMMAP: 2317: memmap[19]: addr 7f5ef000, len 11000, type 101
VMB_MEMMAP: 2317: memmap[20]: addr 7f600000, len d000, type 100
VMB_MEMMAP: 2317: memmap[21]: addr 7f60d000, len 32000, type 101
VMB_MEMMAP: 2317: memmap[22]: addr 7f63f000, len 50000, type 100
VMB_MEMMAP: 2317: memmap[23]: addr 7f68f000, len 50000, type 2
VMB_MEMMAP: 2317: memmap[24]: addr 7f6df000, len 100000, type 4
VMB_MEMMAP: 2317: memmap[25]: addr 7f7df000, len 20000, type 3
VMB_MEMMAP: 2317: memmap[26]: addr 7f7ff000, len 1000, type 1
VMB_MEMMAP: 2317: memmap[27]: addr 80000000, len 10000000, type 102
VMB_MEMMAP: 2317: memmap[28]: addr fed1c000, len 4000, type 102
VMB_MEMMAP: 2317: memmap[29]: addr ff800000, len 800000, type 102
VMB_MEMMAP: 2317: memmap[30]: addr 100000000, len 4780000000, type 1
VMB_ACPI: 940: No SPCR found.
VMB_MEMMAP: 830: Low
VMB_MEMMAP: 836: 0 0x10000 (0x5c000) type 200
VMB_MEMMAP: 836: 1 0x6d000 (0x32000) type 200
VMB_MEMMAP: 836: 2 0x100000 (0x7c3c2000) type 200
VMB_MEMMAP: 836: 3 0x7c4c8000 (0x237000) type 200
VMB_MEMMAP: 836: 4 0x7c704000 (0xa7c000) type 200
VMB_MEMMAP: 836: 5 0x7d1ab000 (0x24000) type 200
VMB_MEMMAP: 836: 6 0x7d1fa000 (0x24000) type 200
VMB_MEMMAP: 836: 7 0x7d249000 (0x24000) type 200
VMB_MEMMAP: 836: 8 0x7d298000 (0x222000) type 200
VMB_MEMMAP: 836: 9 0x7d56a000 (0x2085000) type 200
VMB_MEMMAP: 836: 10 0x7f7ff000 (0x1000) type 200
VMB_MEMMAP: 839: High
VMB_MEMMAP: 845: 0 0x100000000 (0x4780000000) type 200
VMB_MEMMAP: 848: Reserved
VMB_MEMMAP: 854: 0 0x1000 (0x1000) type 202
VMB_MEMMAP: 854: 1 0x6c000 (0x1000) type 4
VMB_MEMMAP: 854: 2 0x9f000 (0x1000) type 4
VMB_MEMMAP: 854: 3 0x7c4c2000 (0x6000) type 101
VMB_MEMMAP: 854: 4 0x7c6ff000 (0x5000) type 101
VMB_MEMMAP: 854: 5 0x7d180000 (0x2b000) type 100
VMB_MEMMAP: 854: 6 0x7d1cf000 (0x2b000) type 100
VMB_MEMMAP: 854: 7 0x7d21e000 (0x2b000) type 100
VMB_MEMMAP: 854: 8 0x7d26d000 (0x2b000) type 100
VMB_MEMMAP: 854: 9 0x7d4ba000 (0xb0000) type 2
VMB_MEMMAP: 854: 10 0x7f5ef000 (0x11000) type 101
VMB_MEMMAP: 854: 11 0x7f600000 (0xd000) type 100
VMB_MEMMAP: 854: 12 0x7f60d000 (0x32000) type 101
VMB_MEMMAP: 854: 13 0x7f63f000 (0x50000) type 100
VMB_MEMMAP: 854: 14 0x7f68f000 (0x50000) type 2
VMB_MEMMAP: 854: 15 0x7f6df000 (0x100000) type 4
VMB_MEMMAP: 854: 16 0x7f7df000 (0x20000) type 3
VMB_MEMMAP: 854: 17 0x80000000 (0x10000000) type 102
VMB_MEMMAP: 854: 18 0xfed1c000 (0x4000) type 102
VMB_MEMMAP: 854: 19 0xff800000 (0x800000) type 102
VMB_MEMMAP: 1032: memMapLastValidMPN = 0x487ffff
VMB: 328: Efi mode active
EFI: 196: 64-bit EFI revision 4096.1
EFI: 196: 64-bit EFI revision 4096.1
VMB: 357: Could not find fbft pointer or fbpt pointer
EFI: 196: 64-bit EFI revision 4096.1
EFI: 196: 64-bit EFI revision 4096.1
VMB_MEMMAP: 1245: ignoring range [0x10 to 0x6c]
VMB_MEMMAP: 1245: ignoring range [0x6d to 0x9f]
VMB_MEMMAP: 1245: ignoring range [0x100 to 0x200]
VMB_MEMMAP: 830: Low
VMB_MEMMAP: 836: 2 0x200000 (0x200000) type 200
VMB_MEMMAP: 836: 3 0x7c4c8000 (0x237000) type 200
VMB_MEMMAP: 836: 4 0x7c704000 (0xa7c000) type 200
VMB_MEMMAP: 836: 5 0x7d1ab000 (0x24000) type 200
VMB_MEMMAP: 836: 6 0x7d1fa000 (0x24000) type 200
VMB_MEMMAP: 836: 7 0x7d249000 (0x24000) type 200
VMB_MEMMAP: 836: 8 0x7d298000 (0x222000) type 200
VMB_MEMMAP: 836: 9 0x7d56a000 (0x2085000) type 200
VMB_MEMMAP: 836: 10 0x7f7ff000 (0x1000) type 200
VMB_MEMMAP: 836: 12 0x13627000 (0x68e9b000) type 200
VMB_MEMMAP: 839: High
VMB_MEMMAP: 845: 0 0x100000000 (0x4780000000) type 200
VMB_MEMMAP: 848: Reserved
VMB_MEMMAP: 854: 0 0x1000 (0x1000) type 202
VMB_MEMMAP: 854: 1 0x6c000 (0x1000) type 4
VMB_MEMMAP: 854: 2 0x9f000 (0x1000) type 4
VMB_MEMMAP: 854: 3 0x7c4c2000 (0x6000) type 101
VMB_MEMMAP: 854: 4 0x7c6ff000 (0x5000) type 101
VMB_MEMMAP: 854: 5 0x7d180000 (0x2b000) type 100
VMB_MEMMAP: 854: 6 0x7d1cf000 (0x2b000) type 100
VMB_MEMMAP: 854: 7 0x7d21e000 (0x2b000) type 100
VMB_MEMMAP: 854: 8 0x7d26d000 (0x2b000) type 100
VMB_MEMMAP: 854: 9 0x7d4ba000 (0xb0000) type 2
VMB_MEMMAP: 854: 10 0x7f5ef000 (0x11000) type 101
VMB_MEMMAP: 854: 11 0x7f600000 (0xd000) type 100
VMB_MEMMAP: 854: 12 0x7f60d000 (0x32000) type 101
VMB_MEMMAP: 854: 13 0x7f63f000 (0x50000) type 100
VMB_MEMMAP: 854: 14 0x7f68f000 (0x50000) type 2
VMB_MEMMAP: 854: 15 0x7f6df000 (0x100000) type 4
VMB_MEMMAP: 854: 16 0x7f7df000 (0x20000) type 3
VMB_MEMMAP: 854: 17 0x80000000 (0x10000000) type 102
VMB_MEMMAP: 854: 18 0xfed1c000 (0x4000) type 102
VMB_MEMMAP: 854: 19 0xff800000 (0x800000) type 102
VMB_MEMMAP: 854: 20 0x600000 (0x8000) type 208
VMB_MEMMAP: 854: 21 0x400000 (0x200000) type 205
VMB_MEMMAP: 854: 22 0x608000 (0x1301f000) type 203
VMB_MEMMAP: 854: 23 0x10000 (0x5c000) type 210
VMB_MEMMAP: 854: 24 0x6d000 (0x32000) type 210
VMB_MEMMAP: 854: 25 0x100000 (0x100000) type 210
VMB_ACPI: 485: Parsed SRAT table successfully. Found 2 NUMA nodes, and 24 APICs.
MemNode: 933: 3 memory nodes created
VMB: 108: Allocated 20 pages for vmkArgs
VMB: 91: VBE 1024x768x32 atrr=0xfb
VMB: 223: VBE 32 BPP, ARGB 8:8:8:8 @ (24:16:8:0), Memory Model: 6
VMB: 228: VBE Resolution: 1024x768 @       0x9a000000, 4096 Bytes Per Scanline, 16384 KB of Video RAM
VMB: 183: Framebuffer [0x9a000 - 0x9a2ff]
VMB: 150: No TPM2 table found. No TPM 2 device present.
VMB: 101: TPM IO address found is unset, using default 0xfed40000
VMB: 712: Unexpected result while reading TPM capabilities.
VMB: 713: Expected 22 bytes, received 21 bytes
VMB: 857: Could not retrieve permanent flags.
VMB: 942: Error retrieving enabled state. TPM is not ready.
VMB: 1075: Failed to initialize TPM.
VMB: 264: entries 73728
VMB: 266: entries 73728
VMB: 268: entries 32768
DirectMapShared: 793: Mapped range at 0x200000 (0x200000)
DirectMapShared: 793: Mapped range at 0x7c4c8000 (0x237000)
DirectMapShared: 793: Mapped range at 0x7c704000 (0xa7c000)
DirectMapShared: 793: Mapped range at 0x7d1ab000 (0x24000)
DirectMapShared: 793: Mapped range at 0x7d1fa000 (0x24000)
DirectMapShared: 793: Mapped range at 0x7d249000 (0x24000)
DirectMapShared: 793: Mapped range at 0x7d298000 (0x222000)
DirectMapShared: 793: Mapped range at 0x7d56a000 (0x2085000)
DirectMapShared: 793: Mapped range at 0x7f7ff000 (0x1000)
DirectMapShared: 793: Mapped range at 0x13627000 (0x68e9b000)
DirectMapShared: 793: Mapped range at 0x10004a000 (0x237ffb6000)
DirectMapShared: 793: Mapped range at 0x2480063000 (0x79d000)
DirectMapShared: 793: Mapped range at 0x2481000000 (0x23ff000000)
DirectMapShared: 793: Mapped range at 0x1000 (0x1000)
DirectMapShared: 793: Mapped range at 0x10000 (0x5c000)
DirectMapShared: 793: Mapped range at 0x6d000 (0x32000)
DirectMapShared: 793: Mapped range at 0x100000 (0x100000)
DirectMapShared: 793: Mapped range at 0x400000 (0x200000)
DirectMapShared: 793: Mapped range at 0x600000 (0x8000)
DirectMapShared: 793: Mapped range at 0x608000 (0x1301f000)
DirectMapShared: 793: Mapped range at 0x7f7df000 (0x20000)
DirectMapShared: 793: Mapped range at 0x2480000000 (0x14000)
DirectMapShared: 793: Mapped range at 0x100000000 (0x2000)
DirectMapShared: 793: Mapped range at 0x100002000 (0x48000)
DirectMapShared: 793: Mapped range at 0x2480014000 (0x4f000)
DirectMapShared: 793: Mapped range at 0x2480800000 (0x800000)
VMB: 33: vmkLoadEntry = 0x0
VMB: 35: vmkLoadSeed = 0x0
VMB: 38: memmapMaxPhysicalMemMB = 0x37fffff
VMB: 41: memmapMaxRAMMB = 0x20077c0
VMB: 44: vga = TRUE
VMB: 47: vga64 = FALSE
VMB: 50: ignoreHeadless = FALSE
VMB: 52: intelTXTErrorCode = 0x0
VMB: 57: maxLogEntries = 0x0
VMB: 60: useReliableMem = TRUE
VMB: 64: fakeReliableMemMPN = 0x0
VMB: 67: memDistPolicyNumber = 0x0
VMB: 70: maxNumExtraSplitsPerNode = FALSE
VMB: 73: useNUMAInfo = TRUE
VMB: 76: scanHonoringMemMap = FALSE
VMB: 79: poisonMarker = 0xaaaaaaaaaaaaaaaa
VMB: 82: scrubIgnoredPages = FALSE
VMB: 85: fakePMemPct = 0x0
VMB: 89: injectPMemSratEntries = FALSE
VMB: 92: ignoreMsrFaults = FALSE
VMB: 100: com1_port = 0x0
VMB: 103: com1_mem = 0x0
VMB: 106: com1_bitwidth = 0x8
VMB: 109: com1_hz = 0x0
VMB: 112: com1_baud = 0x0
VMB: 118: allowLegacyCPU = FALSE
VMB: 121: vmbASLR = TRUE
VMB: 124: vmbReboot = FALSE
VMB: 127: vmbLog = FALSE
VMB: 129: vmbTestErrorPaths = FALSE
VMB: 139: vmbWrapAroundLogBuffer = FALSE
VMB: 141: vmkEarlyPoolPages = 0x10
VMB: 144: vmkBootUseLowMemory = FALSE
VMB: 146: vmkBootVerbose = FALSE
VMB: 148: vmbIgnoreStartMPN = 0x0
VMB: 150: vmbIgnoreNumMPNs = 0x0
VMB: 153: memtest = FALSE
VMB: 156: memtestAlgorithm = 0x2
VMB: 159: memtestAllAlgorithms = FALSE
VMB: 162: memtestStartMPN = 0x0
VMB: 165: memtestNumMPNs = 0x0
VMB: 168: directMapUse1GBPages = 0x2
VMB: 171: vmbLogOnScreen = FALSE
VMB: 114: vmkboot seed 0x10e82e702d0
VMB: 334: Start fill 1161837402140
VMB: 337: Finished 1161846329840
VMB: 233: Sections:
VMB_MEMMAP: 830: Low
VMB_MEMMAP: 836: 0 0x608000 (0x8000) type 200
VMB_MEMMAP: 836: 1 0x620000 (0x7bea2000) type 200
VMB_MEMMAP: 836: 2 0x203000 (0x1fd000) type 200
VMB_MEMMAP: 836: 3 0x7c4c8000 (0x237000) type 200
VMB_MEMMAP: 836: 4 0x7c704000 (0xa7c000) type 200
VMB_MEMMAP: 836: 5 0x7d1ab000 (0x24000) type 200
VMB_MEMMAP: 836: 6 0x7d1fa000 (0x24000) type 200
VMB_MEMMAP: 836: 7 0x7d249000 (0x24000) type 200
VMB_MEMMAP: 836: 8 0x7d298000 (0x222000) type 200
VMB_MEMMAP: 836: 9 0x7d56a000 (0x2085000) type 200
VMB_MEMMAP: 836: 10 0x7f7ff000 (0x1000) type 200
VMB_MEMMAP: 839: High
VMB_MEMMAP: 845: 0 0x100171000 (0x1e8f000) type 200
VMB_MEMMAP: 845: 1 0x2480191000 (0x6f000) type 200
VMB_MEMMAP: 845: 2 0x2481111000 (0x23feeef000) type 200
VMB_MEMMAP: 845: 3 0x13301f000 (0x234cfe1000) type 200
VMB_MEMMAP: 845: 4 0x103c00000 (0x1c400000) type 200
VMB_MEMMAP: 845: 5 0x2480311000 (0x4ef000) type 200
VMB_MEMMAP: 848: Reserved
VMB_MEMMAP: 854: 0 0x1000 (0x1000) type 202
VMB_MEMMAP: 854: 1 0x10000 (0x5c000) type 210
VMB_MEMMAP: 854: 2 0x6c000 (0x1000) type 4
VMB_MEMMAP: 854: 3 0x6d000 (0x32000) type 210
VMB_MEMMAP: 854: 4 0x9f000 (0x1000) type 4
VMB_MEMMAP: 854: 5 0x100000 (0x100000) type 210
VMB_MEMMAP: 854: 6 0x400000 (0x200000) type 205
VMB_MEMMAP: 854: 7 0x600000 (0x8000) type 208
VMB_MEMMAP: 854: 8 0x2480105000 (0x1000) type 201
VMB_MEMMAP: 854: 9 0x7c4c2000 (0x6000) type 101
VMB_MEMMAP: 854: 10 0x7c6ff000 (0x5000) type 101
VMB_MEMMAP: 854: 11 0x7d180000 (0x2b000) type 100
VMB_MEMMAP: 854: 12 0x7d1cf000 (0x2b000) type 100
VMB_MEMMAP: 854: 13 0x7d21e000 (0x2b000) type 100
VMB_MEMMAP: 854: 14 0x7d26d000 (0x2b000) type 100
VMB_MEMMAP: 854: 15 0x7d4ba000 (0xb0000) type 2
VMB_MEMMAP: 854: 16 0x7f5ef000 (0x11000) type 101
VMB_MEMMAP: 854: 17 0x7f600000 (0xd000) type 100
VMB_MEMMAP: 854: 18 0x7f60d000 (0x32000) type 101
VMB_MEMMAP: 854: 19 0x7f63f000 (0x50000) type 100
VMB_MEMMAP: 854: 20 0x7f68f000 (0x50000) type 2
VMB_MEMMAP: 854: 21 0x7f6df000 (0x100000) type 4
VMB_MEMMAP: 854: 22 0x7f7df000 (0x20000) type 3
VMB_MEMMAP: 854: 23 0x80000000 (0x10000000) type 102
VMB_MEMMAP: 854: 24 0xfed1c000 (0x4000) type 102
VMB_MEMMAP: 854: 25 0xff800000 (0x800000) type 102
VMB_MEMMAP: 854: 26 0x2480000000 (0x14000) type 202
VMB_MEMMAP: 854: 27 0x100000000 (0x2000) type 201
VMB_MEMMAP: 854: 28 0x100002000 (0x168000) type 206
VMB_MEMMAP: 854: 29 0x2480014000 (0xf1000) type 206
VMB_MEMMAP: 854: 30 0x2480800000 (0x800000) type 207
VMB_MEMMAP: 854: 31 0x200000 (0x3000) type 205
VMB_MEMMAP: 854: 32 0x120000000 (0x1301f000) type 203
VMB_MEMMAP: 854: 33 0x2480106000 (0x88000) type 206
VMB_MEMMAP: 854: 34 0x102000000 (0x1c00000) type 202
VMB_MEMMAP: 854: 35 0x248018e000 (0x3000) type 202
VMB_MEMMAP: 854: 36 0x610000 (0x10000) type 202
VMB_MEMMAP: 854: 37 0x10016a000 (0x7000) type 202
VMB_MEMMAP: 854: 38 0x2480200000 (0x111000) type 202
VMB_MEMMAP: 854: 39 0x2481000000 (0x111000) type 202
TSC: 0 cpu0:1)Boot: 208: Parsing boot option module /jumpstrt.gz
TSC: 41420 cpu0:1)Boot: 208: Parsing boot option module /useropts.gz
TSC: 45716 cpu0:1)Boot: 200: Skipping empty boot option module /features.gz
TSC: 49168 cpu0:1)Boot: 215: Parsing command line boot options
TSC: 108556 cpu0:1)BootConfig: 48: netPreemptionEnabled = FALSE
TSC: 112356 cpu0:1)BootConfig: 51: netTcpipPreemptionEnabled = FALSE
TSC: 115656 cpu0:1)BootConfig: 54: netTcpipUpcallPreemptionEnabled = FALSE
TSC: 118988 cpu0:1)BootConfig: 57: netPollPreemptionEnabled = FALSE
TSC: 122044 cpu0:1)BootConfig: 60: netVMTxPreemptionEnabled = FALSE
TSC: 125120 cpu0:1)BootConfig: 63: netTcpipMcsLock = FALSE
TSC: 127948 cpu0:1)BootConfig: 66: netTcpipBlockableLock = FALSE
TSC: 131000 cpu0:1)BootConfig: 69: netTcpipAdaptableLock = FALSE
TSC: 133992 cpu0:1)BootConfig: 72: netBlockableLock = FALSE
TSC: 136844 cpu0:1)BootConfig: 75: netMiscPreemptionEnabled = FALSE
TSC: 139956 cpu0:1)BootConfig: 78: reliableMemPsodOnAllocFailure = FALSE
TSC: 143208 cpu0:1)BootConfig: 83: memNodeLookupTableBranchFactor = 1 (1)
TSC: 146764 cpu0:1)BootConfig: 86: coresPerPkg = 0 (0)
TSC: 149692 cpu0:1)BootConfig: 89: useNUMAInfo = TRUE
TSC: 152412 cpu0:1)BootConfig: 92: numaLatencyRemoteThresholdPct = 10 (10)
TSC: 155956 cpu0:1)BootConfig: 95: maxIntrCookies = 1024 (1024)
TSC: 159392 cpu0:1)BootConfig: 98: maxNumExtraSplitsPerNode = FALSE
TSC: 162604 cpu0:1)BootConfig: 101: sharePerNode = TRUE
TSC: 165580 cpu0:1)BootConfig: 104: maxPCPUS = 1024 (1024)
TSC: 168852 cpu0:1)BootConfig: 107: maxPCPUsNUMAInterleaving = TRUE
TSC: 172116 cpu0:1)BootConfig: 110: maxVCPUsPerCore = 0 (0)
TSC: 175240 cpu0:1)BootConfig: 113: maxVMs = 0 (0)
TSC: 178036 cpu0:1)BootConfig: 116: numSpareCoresPerLLC = 0 (0)
TSC: 181196 cpu0:1)BootConfig: 119: forceCRS = FALSE
TSC: 183964 cpu0:1)BootConfig: 122: correctBSPMTRRMasks = TRUE
TSC: 187040 cpu0:1)BootConfig: 125: updateBusIRQ = FALSE
TSC: 189924 cpu0:1)BootConfig: 128: tty1Port = default (1)
TSC: 193036 cpu0:1)BootConfig: 131: tty2Port = default (1)
TSC: 196092 cpu0:1)BootConfig: 134: logPort = default (1)
TSC: 199072 cpu0:1)BootConfig: 137: asyncSerialLogging = TRUE
TSC: 202100 cpu0:1)BootConfig: 140: gdbPort = default (1)
TSC: 205080 cpu0:1)BootConfig: 143: com1_sbdf =  (4294967295)
TSC: 208780 cpu0:1)BootConfig: 146: com2_sbdf =  (4294967295)
TSC: 212424 cpu0:1)BootConfig: 149: com1_port = 0x3f8 (1016)
TSC: 215848 cpu0:1)BootConfig: 152: com2_port = 0x2f8 (760)
TSC: 219124 cpu0:1)BootConfig: 155: com1_mem = 0 (0)
TSC: 222004 cpu0:1)BootConfig: 158: com2_mem = 0 (0)
TSC: 224800 cpu0:1)BootConfig: 161: com1_bitwidth = 8 (8)
TSC: 227800 cpu0:1)BootConfig: 164: com2_bitwidth = 8 (8)
TSC: 230760 cpu0:1)BootConfig: 167: com1_irq = 4 (4)
TSC: 233580 cpu0:1)BootConfig: 170: com2_irq = 3 (3)
TSC: 236396 cpu0:1)BootConfig: 173: com1_hz = 0 (0)
TSC: 239184 cpu0:1)BootConfig: 176: com2_hz = 0 (0)
TSC: 242016 cpu0:1)BootConfig: 179: com1_baud = 115200 (115200)
TSC: 245516 cpu0:1)BootConfig: 182: com2_baud = 115200 (115200)
TSC: 248884 cpu0:1)BootConfig: 185: serialUntrusted = TRUE
TSC: 251816 cpu0:1)BootConfig: 189: pciForceDebugDmaMapperVidDid =  (0)
TSC: 255180 cpu0:1)BootConfig: 192: serialPolledIRQ = FALSE
TSC: 258160 cpu0:1)BootConfig: 195: acpiSpcrPort = com1 (2)
TSC: 261192 cpu0:1)BootConfig: 198: executePOST = FALSE
TSC: 264012 cpu0:1)BootConfig: 201: memCheckEveryWord = FALSE
TSC: 267300 cpu0:1)BootConfig: 204: hyperthreading = TRUE
TSC: 270168 cpu0:1)BootConfig: 207: hyperthreadingMitigation = FALSE
TSC: 273384 cpu0:1)BootConfig: 210: hyperthreadingMitigationIntraVM = TRUE
TSC: 276736 cpu0:1)BootConfig: 213: maxHTPerCore = 2 (2)
TSC: 279688 cpu0:1)BootConfig: 216: logicalApicId = FALSE
TSC: 282600 cpu0:1)BootConfig: 219: x2ApicPreferred = FALSE
TSC: 285540 cpu0:1)BootConfig: 222: x2ApicForce = FALSE
TSC: 288328 cpu0:1)BootConfig: 225: dumpDiag = FALSE
TSC: 291048 cpu0:1)BootConfig: 228: fakeNUMAnodes = 0 (0)
TSC: 294012 cpu0:1)BootConfig: 231: interleaveFakeNUMAnodes = FALSE
TSC: 297212 cpu0:1)BootConfig: 234: createNoMemFakeNUMAnode = FALSE
TSC: 300340 cpu0:1)BootConfig: 237: createNoPCPUFakeNUMAnode = FALSE
TSC: 303496 cpu0:1)BootConfig: 240: hijackSCIForNMI = FALSE
TSC: 306404 cpu0:1)BootConfig: 243: realNMI = TRUE
TSC: 309072 cpu0:1)BootConfig: 246: logOnScreen = FALSE
TSC: 311928 cpu0:1)BootConfig: 249: netNumPortsets = 256 (256)
TSC: 315212 cpu0:1)BootConfig: 252: netGPHeapMaxMBPerGB = 4 (4)
TSC: 318472 cpu0:1)BootConfig: 255: netPktPoolMinMBPerGB = 0 (0)
TSC: 321692 cpu0:1)BootConfig: 258: netPktPoolMaxMBPerGB = 75 (75)
TSC: 325108 cpu0:1)BootConfig: 261: netPktHeapMinMBPerGB = 0 (0)
TSC: 328332 cpu0:1)BootConfig: 264: netPktHeapMaxMBPerGB = 6 (6)
TSC: 331532 cpu0:1)BootConfig: 267: netHeapsAdditionalMB = 0 (0)
TSC: 334720 cpu0:1)BootConfig: 270: netMaxPCPUPktCacheSize = 128 (128)
TSC: 338244 cpu0:1)BootConfig: 273: netPagePoolResvPerGB = 0 (0)
TSC: 341396 cpu0:1)BootConfig: 276: netPagePoolResvCap = 0 (0)
TSC: 344488 cpu0:1)BootConfig: 279: netPagePoolLimitPerGB = 5120 (5120)
TSC: 348072 cpu0:1)BootConfig: 282: netPagePoolLimitCap = 1048576 (1048576)
TSC: 351920 cpu0:1)BootConfig: 285: netPanicBadDevOpen = TRUE
TSC: 354988 cpu0:1)BootConfig: 288: netNetqueueEnabled = TRUE
TSC: 357952 cpu0:1)BootConfig: 291: netNetqueueMaxFiltersPerUplink = 4096 (4096)
TSC: 361764 cpu0:1)BootConfig: 294: netNetqueueMaxStaticFilters = 10240 (10240)
TSC: 365596 cpu0:1)BootConfig: 297: netNetqueueMaxLearnedFilters = 9216 (9216)
TSC: 369368 cpu0:1)BootConfig: 300: netDVSSyncEnabled = TRUE
TSC: 372388 cpu0:1)BootConfig: 303: netCoalesceTimerHdlrPcpu = 0 (0)
TSC: 375744 cpu0:1)BootConfig: 306: netMaxPktsToProcess = 64 (64)
TSC: 379072 cpu0:1)BootConfig: 309: netMaxPktsToRelease = 128 (128)
TSC: 382468 cpu0:1)BootConfig: 312: netMinPortsSystemWide = 1536 (1536)
TSC: 386008 cpu0:1)BootConfig: 315: netMinContainerPortsSystemWide = 1024 (1024)
TSC: 389704 cpu0:1)BootConfig: 318: netVSSUseEtherswitch = FALSE
TSC: 392836 cpu0:1)BootConfig: 321: storageHeapMinSize = 0 (0)
TSC: 395944 cpu0:1)BootConfig: 324: storageHeapMaxSize = 0 (0)
TSC: 399016 cpu0:1)BootConfig: 327: storageMaxDevices = 1024 (1024)
TSC: 402400 cpu0:1)BootConfig: 330: storageMaxPaths = 4096 (4096)
TSC: 405668 cpu0:1)BootConfig: 333: storageMaxVMsPerDevice = 32 (32)
TSC: 409004 cpu0:1)BootConfig: 336: isPerFileSchedModelActive = TRUE
TSC: 412224 cpu0:1)BootConfig: 339: noIOMMU = FALSE
TSC: 414940 cpu0:1)BootConfig: 343: iommuMapReservedMem = 1 (1)
TSC: 418116 cpu0:1)BootConfig: 346: panicOnInvalidRMRR = TRUE
TSC: 421136 cpu0:1)BootConfig: 349: BOOTIF =  (0)
TSC: 423944 cpu0:1)BootConfig: 352: BOOTUUID = 7d0e6366cd35d8336e5886703aad3a4f (1)
TSC: 427776 cpu0:1)BootConfig: 355: statelessBOOTIF =  (0)
TSC: 430768 cpu0:1)BootConfig: 358: vga = TRUE
TSC: 433392 cpu0:1)BootConfig: 361: vga64 = FALSE
TSC: 436064 cpu0:1)BootConfig: 364: ignoreHeadless = FALSE
TSC: 438980 cpu0:1)BootConfig: 367: smallFontForTTY = FALSE
TSC: 441928 cpu0:1)BootConfig: 370: auditMode = FALSE
TSC: 444752 cpu0:1)BootConfig: 373: rollback = FALSE
TSC: 447468 cpu0:1)BootConfig: 376: fsCheck = FALSE
TSC: 450156 cpu0:1)BootConfig: 379: busSpeedMayVary = FALSE
TSC: 453080 cpu0:1)BootConfig: 382: tscSpeedMayVary = FALSE
TSC: 455944 cpu0:1)BootConfig: 385: processorSpeedMayVary = FALSE
TSC: 459060 cpu0:1)BootConfig: 388: timerEnableTSC = TRUE
TSC: 461932 cpu0:1)BootConfig: 391: timerForceTSC = FALSE
TSC: 464772 cpu0:1)BootConfig: 394: timerEnableHPET = TRUE
TSC: 467712 cpu0:1)BootConfig: 397: timerEnableACPI = TRUE
TSC: 470908 cpu0:1)BootConfig: 400: timerInitialCountHigh = 0 (0)
TSC: 474172 cpu0:1)BootConfig: 403: tscSyncStress = 0 (0)
TSC: 477164 cpu0:1)BootConfig: 407: memmapMaxPhysicalMemMB = 0 (0)
TSC: 480404 cpu0:1)BootConfig: 411: memmapMaxRAMMB = 33585088 (33585088)
TSC: 484248 cpu0:1)BootConfig: 414: memmapStressHighBitMPNs = FALSE
TSC: 487436 cpu0:1)BootConfig: 418: buddyPhysicalMemoryDebugStruct = FALSE
TSC: 490808 cpu0:1)BootConfig: 421: checkCPUIDLimit = TRUE
TSC: 493728 cpu0:1)BootConfig: 424: vmkATKeyboard = FALSE
TSC: 496620 cpu0:1)BootConfig: 427: acpiDbgLevel = 0 (0)
TSC: 499616 cpu0:1)BootConfig: 430: debugBreak = FALSE
TSC: 502468 cpu0:1)BootConfig: 433: debugLogToSerial = 2 (2)
TSC: 505596 cpu0:1)BootConfig: 436: logSerialToTTY = 0 (0)
TSC: 508616 cpu0:1)BootConfig: 439: leaveWakeGPEsDisabled = TRUE
TSC: 511780 cpu0:1)BootConfig: 442: memLowReservedMB = 0 (0)
TSC: 514856 cpu0:1)BootConfig: 445: vmkLoadEntry = 0 (0)
TSC: 517832 cpu0:1)BootConfig: 448: vmkLoadSeed = 0 (0)
TSC: 520748 cpu0:1)BootConfig: 451: useNHCC = TRUE
TSC: 523484 cpu0:1)BootConfig: 454: testEarlyPanic = 0 (0)
TSC: 526536 cpu0:1)BootConfig: 457: minMemoryCheck = TRUE
TSC: 529452 cpu0:1)BootConfig: 460: microcodeUpdate = TRUE
TSC: 532404 cpu0:1)BootConfig: 463: microcodeUpdateForce = FALSE
TSC: 535500 cpu0:1)BootConfig: 467: skipMicrocodeCompatCheck = FALSE
TSC: 538708 cpu0:1)BootConfig: 470: ipmiEnabled = TRUE
TSC: 541536 cpu0:1)BootConfig: 473: nmiAction = 0 (0)
TSC: 544424 cpu0:1)BootConfig: 476: NUMACodeRepStress = FALSE
TSC: 547528 cpu0:1)BootConfig: 479: disableC1E = FALSE
TSC: 550340 cpu0:1)BootConfig: 482: cacheFlushImmOnAllHalt = FALSE
TSC: 553512 cpu0:1)BootConfig: 485: disableCFOH = FALSE
TSC: 556348 cpu0:1)BootConfig: 488: delayCFOH = 128 (128)
TSC: 559524 cpu0:1)BootConfig: 491: disableTurbo = FALSE
TSC: 562420 cpu0:1)BootConfig: 494: disableTopoEx = FALSE
TSC: 565312 cpu0:1)BootConfig: 497: driverVMEnabled = FALSE
TSC: 568240 cpu0:1)BootConfig: 500: driverVMAutoclaim = FALSE
TSC: 571244 cpu0:1)BootConfig: 503: driverVMAllowDevicesWithDrivers = FALSE
TSC: 574612 cpu0:1)BootConfig: 506: vmkacEnable = 1 (1)
TSC: 577536 cpu0:1)BootConfig: 509: vmkacMaxDomains = 65 (65)
TSC: 580732 cpu0:1)BootConfig: 512: vmkacMaxObjects = 60 (60)
TSC: 583884 cpu0:1)BootConfig: 515: enableValidPCIDevices = TRUE
TSC: 587024 cpu0:1)BootConfig: 518: pciSetBusMaster = TRUE
TSC: 589908 cpu0:1)BootConfig: 521: pcipDisablePciErrReporting = TRUE
TSC: 593128 cpu0:1)BootConfig: 524: enablePCIErrors = FALSE
TSC: 596068 cpu0:1)BootConfig: 527: enableAllPCIESegments = TRUE
TSC: 599176 cpu0:1)BootConfig: 530: overridePCIeHPCapableCheck = FALSE
TSC: 602436 cpu0:1)BootConfig: 533: enablePCIEHotplug = TRUE
TSC: 605396 cpu0:1)BootConfig: 536: disableACSCheck = FALSE
TSC: 608344 cpu0:1)BootConfig: 539: enableACSCheckForRP = FALSE
TSC: 611364 cpu0:1)BootConfig: 542: iovDisableIR = FALSE
TSC: 614200 cpu0:1)BootConfig: 545: pcipSaveOPROM = 0 (0)
TSC: 617220 cpu0:1)BootConfig: 548: pciBarAllocPolicy = 1 (1)
TSC: 620344 cpu0:1)BootConfig: 551: pciExperimentalFlags = 0 (0)
TSC: 623524 cpu0:1)BootConfig: 554: overrideDuplicateImageDetection = FALSE
TSC: 626928 cpu0:1)BootConfig: 557: memmapMaxEarlyPoisonMemMB = 65536 (65536)
TSC: 630732 cpu0:1)BootConfig: 561: poisonPagePool = FALSE
TSC: 633680 cpu0:1)BootConfig: 568: poisonPmem = TRUE
TSC: 636460 cpu0:1)BootConfig: 571: poisonMarker = 0xaaaaaaaaaaaaaaaa (-6148914691236517206)
TSC: 641316 cpu0:1)BootConfig: 575: scrubMemoryAfterModuleLoad = FALSE
TSC: 644696 cpu0:1)BootConfig: 579: scrubIgnoredPages = FALSE
TSC: 647700 cpu0:1)BootConfig: 583: checkPages = FALSE
TSC: 650480 cpu0:1)BootConfig: 587: tracePages = 0 (0)
TSC: 653412 cpu0:1)BootConfig: 591: preventFreePageMapping = FALSE
TSC: 656552 cpu0:1)BootConfig: 595: earlyPoisonVerify = FALSE
TSC: 659488 cpu0:1)BootConfig: 599: heapMetadataProtect = FALSE
TSC: 662564 cpu0:1)BootConfig: 603: heapMetaPoisonByte = 0x5A (90)
TSC: 665892 cpu0:1)BootConfig: 607: heapPoisonFreeMem = FALSE
TSC: 668892 cpu0:1)BootConfig: 611: heapFreePoisonByte = 0xFF (255)
TSC: 672608 cpu0:1)BootConfig: 615: heapPoisonTimerChecks = FALSE
TSC: 675720 cpu0:1)BootConfig: 619: heapCheckTimerInterval = 10 (10)
TSC: 679064 cpu0:1)BootConfig: 623: heapFreeOwnerCheck = FALSE
TSC: 682120 cpu0:1)BootConfig: 627: heapMgrTotalVASpaceGB = 2048 (2048)
TSC: 685668 cpu0:1)BootConfig: 631: heapMgr2mbTotalVASpaceGB = 5 (5)
TSC: 689008 cpu0:1)BootConfig: 635: ioAbilityChecks = FALSE
TSC: 691948 cpu0:1)BootConfig: 640: maxLogEntries = 0 (0)
TSC: 694920 cpu0:1)BootConfig: 644: intelTXTErrorCode = 0 (0)
TSC: 698004 cpu0:1)BootConfig: 647: memDistPolicyNumber = 0 (0)
TSC: 701116 cpu0:1)BootConfig: 651: dmaEngineExposeIdentityMapping = TRUE
TSC: 704524 cpu0:1)BootConfig: 655: dmaMapperPolicy = disabled (0)
TSC: 707784 cpu0:1)BootConfig: 658: numSysSchedGroups = 1000 (1000)
TSC: 711124 cpu0:1)BootConfig: 661: numActiveSysSchedGroups = 200 (200)
TSC: 714600 cpu0:1)BootConfig: 664: execInstalledOnly = FALSE
TSC: 717600 cpu0:1)BootConfig: 667: FSSNumBaseFileHandles = 4096 (4096)
TSC: 721064 cpu0:1)BootConfig: 670: uwSimScale = 0 (0)
TSC: 723972 cpu0:1)BootConfig: 673: maxCartelsPerContainer = 50 (50)
TSC: 727336 cpu0:1)BootConfig: 676: autoPartition = FALSE
TSC: 730228 cpu0:1)BootConfig: 679: autoPartitionOnlyOnceAndSkipSsd = FALSE
TSC: 733624 cpu0:1)BootConfig: 683: autoPartitionCreateUSBCoreDumpPartition = FALSE
TSC: 737204 cpu0:1)BootConfig: 686: skipPartitioningSsds = FALSE
TSC: 740260 cpu0:1)BootConfig: 690: autoPartitionDiskDumpPartitionSize = 2560 (2560)
TSC: 744064 cpu0:1)BootConfig: 694: diskDumpSlotSize = 0 (0)
TSC: 747160 cpu0:1)BootConfig: 697: autoCreateDumpFile = TRUE
TSC: 750208 cpu0:1)BootConfig: 700: useSLIT = TRUE
TSC: 752924 cpu0:1)BootConfig: 703: useReliableMem = TRUE
TSC: 755844 cpu0:1)BootConfig: 707: fakeReliableMemMPN = 0 (0)
TSC: 758964 cpu0:1)BootConfig: 710: memXferFsStartMPN = -1 (-1)
TSC: 762252 cpu0:1)BootConfig: 713: processInterruptsInWorlds = FALSE
TSC: 765500 cpu0:1)BootConfig: 716: enableAdaptableLockSupport = TRUE
TSC: 768716 cpu0:1)BootConfig: 720: interruptsDisabledPanicTimeUS = 0 (0)
TSC: 772132 cpu0:1)BootConfig: 723: preemptibleVmkapiHelpers = TRUE
TSC: 775288 cpu0:1)BootConfig: 726: preemptibleVmkapiTimers = FALSE
TSC: 778436 cpu0:1)BootConfig: 729: preemptibleVmkapiWorlds = TRUE
TSC: 781568 cpu0:1)BootConfig: 732: numNonVMXUWCartels = 1024 (1024)
TSC: 784940 cpu0:1)BootConfig: 735: userInitPath = /bin/init
TSC: 787960 cpu0:1)BootConfig: 738: userInitInteractive = FALSE
TSC: 791036 cpu0:1)BootConfig: 741: preferVmklinux = FALSE
TSC: 793936 cpu0:1)BootConfig: 744: disableVmklinux = FALSE
TSC: 796888 cpu0:1)BootConfig: 747: rtcEnableLegacy = TRUE
TSC: 799804 cpu0:1)BootConfig: 750: rtcEnableTAD = TRUE
TSC: 802632 cpu0:1)BootConfig: 753: rtcEnableEFI = TRUE
TSC: 805440 cpu0:1)BootConfig: 756: bootDeviceRescanTimeout = 1 (1)
TSC: 808688 cpu0:1)BootConfig: 759: terminateVMOnPDL = FALSE
TSC: 811644 cpu0:1)BootConfig: 762: debugHeapList =  (0)
TSC: 814620 cpu0:1)BootConfig: 765: bcNumPools = 0 (0)
TSC: 817516 cpu0:1)BootConfig: 768: FSSNumAIORequests = 0 (0)
TSC: 820592 cpu0:1)BootConfig: 771: bcCatchBufOverRun = FALSE
TSC: 823536 cpu0:1)BootConfig: 774: bc2Enable = TRUE
TSC: 826284 cpu0:1)BootConfig: 777: numOfPshareOverflowCounters = 0 (0)
TSC: 829644 cpu0:1)BootConfig: 780: scanHonoringMemMap = FALSE
TSC: 832656 cpu0:1)BootConfig: 783: rdmaRoceIPBasedGidGeneration = TRUE
TSC: 835968 cpu0:1)BootConfig: 786: preReserveMemForAsan = 0 (0)
TSC: 839140 cpu0:1)BootConfig: 789: nvdArsBootWaitMaxTimeout = 80 (80)
TSC: 842568 cpu0:1)BootConfig: 797: nvdArsErrorInject = 0 (0)
TSC: 845672 cpu0:1)BootConfig: 800: fakePMemPct = 0 (0)
TSC: 848592 cpu0:1)BootConfig: 808: autoSetupLocalPMem = 1 (1)
TSC: 851680 cpu0:1)BootConfig: 812: injectPMemSratEntries = FALSE
TSC: 854776 cpu0:1)BootConfig: 816: injectNVDIMMState = 0 (0)
TSC: 857804 cpu0:1)BootConfig: 820: labelLessNamespace = FALSE
TSC: 860864 cpu0:1)BootConfig: 825: allowDsmForNVDIMMHealth = TRUE
TSC: 863988 cpu0:1)BootConfig: 828: repostLevelTrigIntr = TRUE
TSC: 866996 cpu0:1)BootConfig: 831: intrVectRetireTimeMS = 4000 (4000)
TSC: 870688 cpu0:1)BootConfig: 834: intrBalancingEnabled = TRUE
TSC: 873728 cpu0:1)BootConfig: 837: enableVMXSandboxFeature = TRUE
TSC: 876884 cpu0:1)BootConfig: 840: devListStabilityCount = 3 (3)
TSC: 880088 cpu0:1)BootConfig: 844: SVGAScaling = 1 (1)
TSC: 883020 cpu0:1)BootConfig: 847: vtdMaxDomains = 512 (512)
TSC: 886276 cpu0:1)BootConfig: 850: vtdMaxUnits = 128 (128)
TSC: 889416 cpu0:1)BootConfig: 855: vtdSuperPages = TRUE
TSC: 892264 cpu0:1)BootConfig: 858: vtdEnableExtMode = FALSE
TSC: 895216 cpu0:1)BootConfig: 861: vtdEnablePostedIntr = FALSE
TSC: 898264 cpu0:1)BootConfig: 864: vtdEnableIRValidation = FALSE
TSC: 901392 cpu0:1)BootConfig: 867: elcr = -1 (4294967295)
TSC: 904920 cpu0:1)BootConfig: 870: disableHwrng = FALSE
TSC: 907808 cpu0:1)BootConfig: 873: devRandom = FALSE
TSC: 910576 cpu0:1)BootConfig: 876: useLMCE = FALSE
TSC: 913292 cpu0:1)BootConfig: 909: disableMSI = FALSE
TSC: 916144 cpu0:1)BootConfig: 912: cryptoUseASM = TRUE
TSC: 918988 cpu0:1)BootConfig: 915: cryptoFIPS140 = TRUE
TSC: 921908 cpu0:1)BootConfig: 918: ignoreMsrFaults = FALSE
TSC: 924896 cpu0:1)BootConfig: 920: visorfsCompressTardiskPages = TRUE
TSC: 928188 cpu0:1)BootConfig: 922: visorfsEvictUserPages = TRUE
TSC: 931268 cpu0:1)BootConfig: 924: visorfsShareRamdiskPages = TRUE
TSC: 934440 cpu0:1)BootConfig: 926: visorfsPagerReservation = 16 (16)
TSC: 937864 cpu0:1)BootConfig: 928: disablePciPassthrough = FALSE
TSC: 941040 cpu0:1)BootConfig: 931: ignoreHwSMBIOSInfo = FALSE
TSC: 944088 cpu0:1)BootConfig: 935: numReaperQueuesPct = 50 (50)
TSC: 947396 cpu0:1)BootConfig: 938: numReapersPerQueue = 2 (2)
TSC: 950584 cpu0:1)BootConfig: 941: smpPermanentlySpin = FALSE
TSC: 953576 cpu0:1)BootConfig: 943: dynamicLatency = FALSE
TSC: 956508 cpu0:1)BootConfig: 946: ignoreSigTarCheck = TRUE
TSC: 959488 cpu0:1)BootConfig: 949: healthCheckEnabled = TRUE
TSC: 962516 cpu0:1)BootConfig: 952: healthCheckPanic = TRUE
TSC: 982416 cpu0:1)ACPI: 668: <IBM   > <THURLEY >
TSC: 986720 cpu0:1)ACPI: 395: ACPI ID: 0, APIC ID: 0, flags=0x00000001
TSC: 990952 cpu0:1)ACPI: 395: ACPI ID: 1, APIC ID: 2, flags=0x00000001
TSC: 994548 cpu0:1)ACPI: 395: ACPI ID: 2, APIC ID: 4, flags=0x00000001
TSC: 998032 cpu0:1)ACPI: 395: ACPI ID: 3, APIC ID: 16, flags=0x00000001
TSC: 1001620 cpu0:1)ACPI: 395: ACPI ID: 4, APIC ID: 18, flags=0x00000001
TSC: 1005444 cpu0:1)ACPI: 395: ACPI ID: 5, APIC ID: 20, flags=0x00000001
TSC: 1009140 cpu0:1)ACPI: 395: ACPI ID: 6, APIC ID: 32, flags=0x00000001
TSC: 1012804 cpu0:1)ACPI: 395: ACPI ID: 7, APIC ID: 34, flags=0x00000001
TSC: 1016492 cpu0:1)ACPI: 395: ACPI ID: 8, APIC ID: 36, flags=0x00000001
TSC: 1020180 cpu0:1)ACPI: 395: ACPI ID: 9, APIC ID: 48, flags=0x00000001
TSC: 1023852 cpu0:1)ACPI: 395: ACPI ID: 10, APIC ID: 50, flags=0x00000001
TSC: 1027524 cpu0:1)ACPI: 395: ACPI ID: 11, APIC ID: 52, flags=0x00000001
TSC: 1031180 cpu0:1)ACPI: 395: ACPI ID: 12, APIC ID: 1, flags=0x00000001
TSC: 1034824 cpu0:1)ACPI: 395: ACPI ID: 13, APIC ID: 3, flags=0x00000001
TSC: 1038472 cpu0:1)ACPI: 395: ACPI ID: 14, APIC ID: 5, flags=0x00000001
TSC: 1042380 cpu0:1)ACPI: 395: ACPI ID: 15, APIC ID: 17, flags=0x00000001
TSC: 1046372 cpu0:1)ACPI: 395: ACPI ID: 16, APIC ID: 19, flags=0x00000001
TSC: 1050232 cpu0:1)ACPI: 395: ACPI ID: 17, APIC ID: 21, flags=0x00000001
TSC: 1054204 cpu0:1)ACPI: 395: ACPI ID: 18, APIC ID: 33, flags=0x00000001
TSC: 1058124 cpu0:1)ACPI: 395: ACPI ID: 19, APIC ID: 35, flags=0x00000001
TSC: 1062020 cpu0:1)ACPI: 395: ACPI ID: 20, APIC ID: 37, flags=0x00000001
TSC: 1066012 cpu0:1)ACPI: 395: ACPI ID: 21, APIC ID: 49, flags=0x00000001
TSC: 1069912 cpu0:1)ACPI: 395: ACPI ID: 22, APIC ID: 51, flags=0x00000001
TSC: 1073968 cpu0:1)ACPI: 395: ACPI ID: 23, APIC ID: 53, flags=0x00000001
TSC: 1082712 cpu0:1)ACPI: 473: IOAPIC 8 @ 0xfec00000 has 24 pins
TSC: 1089692 cpu0:1)ACPI: 473: IOAPIC 9 @ 0xfec80000 has 24 pins
TSC: 1093720 cpu0:1)ACPI: 510: override source=0, global intr=2, polarity=0, trigger=0
TSC: 1097908 cpu0:1)ACPI: 510: override source=9, global intr=9, polarity=1, trigger=3
TSC: 1109236 cpu0:1)ACPI: 781: SRAT Proc: APIC 0, Node 0, flags=000000x1
TSC: 1113936 cpu0:1)ACPI: 781: SRAT Proc: APIC 2, Node 0, flags=000000x1
TSC: 1117956 cpu0:1)ACPI: 781: SRAT Proc: APIC 4, Node 0, flags=000000x1
TSC: 1121876 cpu0:1)ACPI: 781: SRAT Proc: APIC 16, Node 0, flags=000000x1
TSC: 1125884 cpu0:1)ACPI: 781: SRAT Proc: APIC 18, Node 0, flags=000000x1
TSC: 1129884 cpu0:1)ACPI: 781: SRAT Proc: APIC 20, Node 0, flags=000000x1
TSC: 1133880 cpu0:1)ACPI: 781: SRAT Proc: APIC 32, Node 1, flags=000000x1
TSC: 1138052 cpu0:1)ACPI: 781: SRAT Proc: APIC 34, Node 1, flags=000000x1
TSC: 1142008 cpu0:1)ACPI: 781: SRAT Proc: APIC 36, Node 1, flags=000000x1
TSC: 1146020 cpu0:1)ACPI: 781: SRAT Proc: APIC 48, Node 1, flags=000000x1
TSC: 1150064 cpu0:1)ACPI: 781: SRAT Proc: APIC 50, Node 1, flags=000000x1
TSC: 1154100 cpu0:1)ACPI: 781: SRAT Proc: APIC 52, Node 1, flags=000000x1
TSC: 1157848 cpu0:1)ACPI: 781: SRAT Proc: APIC 1, Node 0, flags=000000x1
TSC: 1161520 cpu0:1)ACPI: 781: SRAT Proc: APIC 3, Node 0, flags=000000x1
TSC: 1165236 cpu0:1)ACPI: 781: SRAT Proc: APIC 5, Node 0, flags=000000x1
TSC: 1168908 cpu0:1)ACPI: 781: SRAT Proc: APIC 17, Node 0, flags=000000x1
TSC: 1172688 cpu0:1)ACPI: 781: SRAT Proc: APIC 19, Node 0, flags=000000x1
TSC: 1176472 cpu0:1)ACPI: 781: SRAT Proc: APIC 21, Node 0, flags=000000x1
TSC: 1180288 cpu0:1)ACPI: 781: SRAT Proc: APIC 33, Node 1, flags=000000x1
TSC: 1184116 cpu0:1)ACPI: 781: SRAT Proc: APIC 35, Node 1, flags=000000x1
TSC: 1187904 cpu0:1)ACPI: 781: SRAT Proc: APIC 37, Node 1, flags=000000x1
TSC: 1191696 cpu0:1)ACPI: 781: SRAT Proc: APIC 49, Node 1, flags=000000x1
TSC: 1195476 cpu0:1)ACPI: 781: SRAT Proc: APIC 51, Node 1, flags=000000x1
TSC: 1199252 cpu0:1)ACPI: 781: SRAT Proc: APIC 53, Node 1, flags=000000x1
TSC: 1203332 cpu0:1)ACPI: 778: SRAT mem: Node 0, start=0x000000000 size=0x080000000, flags=0x00000001
TSC: 1209560 cpu0:1)ACPI: 778: SRAT mem: Node 0, start=0x100000000 size=0x2380000000, flags=0x00000001
TSC: 1215392 cpu0:1)ACPI: 778: SRAT mem: Node 1, start=0x2480000000 size=0x2400000000, flags=0x00000001
TSC: 1226024 cpu0:1)Config: 703: "enablePMemDataStore" = 1, Old Value: 0, (Status: 0x0)
TSC: 1230608 cpu0:1)Config: 703: "enableVPMem" = 1, Old Value: 0, (Status: 0x0)
TSC: 1237040 cpu0:1)NUMA: 1717: 2 real nodes found
TSC: 1417788 cpu0:1)MemNode: 933: 3 memory nodes created
TSC: 1422444 cpu0:1)MemMap: 2564: nodes=3
TSC: 631095028 cpu0:1)XMap: 544: Allocating 8193 pages for allocator
TSC: 657790732 cpu0:1)XMap: 580: Available range: 0x4501c4000 - 0x4509c0000 (8372224 pages)
TSC: 657808068 cpu0:1)XMap: 592: XMap ready.
TSC: 659722316 cpu0:1)AcpiTimer: 98: 24-bit ACPI PM timer at I/O port address 0x588
TSC: 659971580 cpu0:1)Boot: 208: Parsing boot option module /jumpstrt.gz
TSC: 659986444 cpu0:1)Boot: 208: Parsing boot option module /useropts.gz
TSC: 659991096 cpu0:1)Boot: 200: Skipping empty boot option module /features.gz
TSC: 659995376 cpu0:1)Boot: 217: Parsing advanced command line boot options
TSC: 6001635188 cpu0:1)Timer: 746: cpu 0: early measured tsc speed is 2666760993 Hz
0:00:00:00.000 cpu0:1)Init: 385: Time spent in vmkBoot: 511570 us
0:00:00:00.000 cpu0:1)Serial: 773: Serial port com1 will use vmkernel's boot option configuration.
0:00:00:00.000 cpu0:1)Serial: 656: com1 config: IO port = 0x3f8, IRQ = 4, baud rate = 115200, reg-bit-width = 8
0:00:00:00.000 cpu0:1)Serial: 751: com1: 8250 (1843200 Hz) at 0x3f8
0:00:00:00.000 cpu0:1)Serial: 773: Serial port com2 will use vmkernel's boot option configuration.
0:00:00:00.000 cpu0:1)Serial: 656: com2 config: IO port = 0x2f8, IRQ = 3, baud rate = 115200, reg-bit-width = 8
0:00:00:00.000 cpu0:1)Serial: 751: com2: 8250 (1843200 Hz) at 0x2f8
0:00:00:00.001 cpu0:1)MicrocodeUpdate: 209: Updated CPU0 from patch level 1a to 1f
0:00:00:00.001 cpu0:1)Cpu: 942: id1.version 206c2
0:00:00:00.001 cpu0:1)APIC: 263: x2APIC: CPUID=0, fw opt out=0, preferred=0, force=0, in use=0
0:00:00:00.001 cpu0:1)CPUIntel: 811: C1E feature disabled by the BIOS
0:00:00:00.001 cpu0:1)Cpu: 1371: numCores 6, numHT 2
0:00:00:00.001 cpu0:1)Cpu: 1373: L2 cache : size 262144, assoc. 8
0:00:00:00.001 cpu0:1)Cpu: 1375: L3 cache : size 12582912, assoc. 16
0:00:00:00.001 cpu0:1)MicrocodeUpdate: 247: Microcode Update Signature (MSR 0x8b): 0x0000001f
0:00:00:00.001 cpu0:1)MicrocodeUpdate: 248: Platform ID (MSR 0x17): 0x0
0:00:00:00.001 cpu0:1)MTRR: 831: 40 physical bits, 48 virtual bits
0:00:00:00.001 cpu0:1)MTRR: 691: MTRR: cap=0xd0a with 10 variable MTRRs on BSP 0
0:00:00:00.001 cpu0:1)MTRR: 745: MTRR: deftype=0xc00, enabled bit=1 and default type=0
0:00:00:00.001 cpu0:1)MTRR: 345: Variable MTRR 0: base=0x6 mask=0xff80000800
0:00:00:00.001 cpu0:1)MTRR: 345: Variable MTRR 1: base=0x100000006 mask=0xff00000800
0:00:00:00.001 cpu0:1)MTRR: 345: Variable MTRR 2: base=0x200000006 mask=0xfe00000800
0:00:00:00.001 cpu0:1)MTRR: 345: Variable MTRR 3: base=0x400000006 mask=0xfc00000800
0:00:00:00.001 cpu0:1)MTRR: 345: Variable MTRR 4: base=0x800000006 mask=0xf800000800
0:00:00:00.001 cpu0:1)MTRR: 345: Variable MTRR 5: base=0x1000000006 mask=0xf000000800
0:00:00:00.001 cpu0:1)MTRR: 345: Variable MTRR 6: base=0x2000000006 mask=0xe000000800
0:00:00:00.001 cpu0:1)MTRR: 345: Variable MTRR 7: base=0x4000000006 mask=0xc000000800
0:00:00:00.001 cpu0:1)MTRR: 559: start=0x0 type=0x606060606060606
0:00:00:00.001 cpu0:1)MTRR: 559: start=0x80000 type=0x606060606060606
0:00:00:00.001 cpu0:1)MTRR: 559: start=0xa0000 type=0x0
0:00:00:00.001 cpu0:1)MTRR: 559: start=0xc0000 type=0x0
0:00:00:00.001 cpu0:1)MTRR: 559: start=0xc8000 type=0x0
0:00:00:00.001 cpu0:1)MTRR: 559: start=0xd0000 type=0x0
0:00:00:00.001 cpu0:1)MTRR: 559: start=0xd8000 type=0x0
0:00:00:00.001 cpu0:1)MTRR: 559: start=0xe0000 type=0x0
0:00:00:00.001 cpu0:1)MTRR: 559: start=0xe8000 type=0x0
0:00:00:00.001 cpu0:1)MTRR: 559: start=0xf0000 type=0x0
0:00:00:00.001 cpu0:1)MTRR: 559: start=0xf8000 type=0x0
0:00:00:00.002 cpu0:1)Init: 55: BSP Apic ID: 0
0:00:00:00.002 cpu0:1)Vesa: 90: VBE Mode: 0x11e, bpp: 32, Memmode: 0x6, RGBA: 8:8:8:8 @ (16:8:0:24)
0:00:00:00.002 cpu0:1)Vesa: 112: VBE Resolution: 1024 x 768 @ 0x9a000000 (BytesPerScanline: 4096, TotalMemory: 256)
0:00:00:00.076 cpu0:1)Keyboard: 114: keyboard disabled in ACPI FADT
0:00:00:00.149 cpu0:1)Starting VMKernel initialization ...
0:00:00:00.152 cpu0:1)PShare: 2996: pshare: sharePerNode 1
0:00:00:00.152 cpu0:1)PShare: 3250: Number of overflow counters = 36736
0:00:00:00.152 cpu0:1)EFI: 196: 64-bit EFI revision 4096.1
0:00:00:00.152 cpu0:1)SMBIOS: 888: SMBIOS Struct Table Address: 0x7f6bc000 Length: 4336 Version: 2.5
0:00:00:00.152 cpu0:1)Chipset: 77: ELCR read as 0x0
0:00:00:00.152 cpu0:1)SMP: 887: Using ACPI for cpu information, numPCPUs=24
0:00:00:00.152 cpu0:1)SMP: 1198: 2 hyperthreading enabled
0:00:00:00.152 cpu0:1)World: 1039: Max VCPUs = 384, max VMs = 384, max recommended VMs = 384 (ph=294898 hc=279248, so=14286)
0:00:00:00.160 cpu0:1)MemSched: 7230: status Success heap 0x43008ec5d000
0:00:00:00.166 cpu0:1)Init: 573: Done
0:00:00:00.169 cpu0:1)Init: 598: Continuing init
0:00:00:00.169 cpu0:1)Initializing memory ...
0:00:00:00.598 cpu0:1)MemMap: 3758: Reserving 98304 pages as low reserved memory (75053879, 511195)
0:00:00:00.598 cpu0:1)Net: 841: Maximum active ports supported on the host: 5376
0:00:00:00.598 cpu0:1)Net: 176: VMKernel networking is running in non-preemptible mode
0:00:00:00.598 cpu0:1)PRDA: 826: Current page root: 0x248014a000
0:00:00:00.598 cpu0:1)PRDA: 764: PCPU 0 on Node 0: PRDA MPN 0x13e000
0:00:00:00.598 cpu0:1)PRDA: 764: PCPU 1 on Node 0: PRDA MPN 0x13e200
0:00:00:00.598 cpu0:1)PRDA: 764: PCPU 2 on Node 0: PRDA MPN 0x13e400
0:00:00:00.598 cpu0:1)PRDA: 764: PCPU 3 on Node 0: PRDA MPN 0x13e600
0:00:00:00.598 cpu0:1)PRDA: 764: PCPU 4 on Node 0: PRDA MPN 0x13e800
0:00:00:00.598 cpu0:1)PRDA: 764: PCPU 5 on Node 0: PRDA MPN 0x13ea00
0:00:00:00.598 cpu0:1)PRDA: 764: PCPU 6 on Node 0: PRDA MPN 0x13ec00
0:00:00:00.598 cpu0:1)PRDA: 764: PCPU 7 on Node 0: PRDA MPN 0x13ee00
0:00:00:00.598 cpu0:1)PRDA: 764: PCPU 8 on Node 0: PRDA MPN 0x13f000
0:00:00:00.598 cpu0:1)PRDA: 764: PCPU 9 on Node 0: PRDA MPN 0x13f200
0:00:00:00.598 cpu0:1)PRDA: 764: PCPU 10 on Node 0: PRDA MPN 0x13f400
0:00:00:00.598 cpu0:1)PRDA: 764: PCPU 11 on Node 0: PRDA MPN 0x13f600
0:00:00:00.598 cpu0:1)PRDA: 764: PCPU 12 on Node 1: PRDA MPN 0x24aa000
0:00:00:00.598 cpu0:1)PRDA: 764: PCPU 13 on Node 1: PRDA MPN 0x24aa200
0:00:00:00.598 cpu0:1)PRDA: 764: PCPU 14 on Node 1: PRDA MPN 0x24aa400
0:00:00:00.598 cpu0:1)PRDA: 764: PCPU 15 on Node 1: PRDA MPN 0x24aa600
0:00:00:00.598 cpu0:1)PRDA: 764: PCPU 16 on Node 1: PRDA MPN 0x24aa800
0:00:00:00.598 cpu0:1)PRDA: 764: PCPU 17 on Node 1: PRDA MPN 0x24aaa00
0:00:00:00.598 cpu0:1)PRDA: 764: PCPU 18 on Node 1: PRDA MPN 0x24aac00
0:00:00:00.598 cpu0:1)PRDA: 764: PCPU 19 on Node 1: PRDA MPN 0x24aae00
0:00:00:00.598 cpu0:1)PRDA: 764: PCPU 20 on Node 1: PRDA MPN 0x24ab000
0:00:00:00.598 cpu0:1)PRDA: 764: PCPU 21 on Node 1: PRDA MPN 0x24ab200
0:00:00:00.598 cpu0:1)PRDA: 764: PCPU 22 on Node 1: PRDA MPN 0x24ab400
0:00:00:00.598 cpu0:1)PRDA: 764: PCPU 23 on Node 1: PRDA MPN 0x24ab600
0:00:00:00.598 cpu0:1)IntrCookie: 5338: Initializing interrupt cookie manager ...
0:00:00:00.598 cpu0:1)IntrCookie: 5395: 1024 interrupt cookies supported
0:00:00:00.598 cpu0:1)Initializing hardware support ...
ACPI: RSDP 0x7f7fe014 00024 (v02 IBM   )
ACPI: XSDT 0x7f7fe120 00084 (v01 IBM    THURLEY  00000000      01000013)
ACPI: FACP 0x7f7fb000 000F4 (v04 IBM    THURLEY  00000000 IBM  01000013)
ACPI Warning: Invalid length for Pm1aControlBlock: 32, using default 160:00:00:00.601 cpu0:1) (20120215/tbfadt-747)
ACPI: DSDT 0x7f7f8000 02C3E (v01 IBM    THURLEY  00000003 IBM  01000013)
ACPI: FACS 0x7f6ea000 00040
ACPI: TCPA 0x7f7fd000 00064 (v00                 00000000      00000000)
ACPI: APIC 0x7f7f7000 0011E (v02 IBM    THURLEY  00000000 IBM  01000013)
ACPI: MCFG 0x7f7f6000 0003C (v01 IBM    THURLEY  00000001 IBM  01000013)
ACPI: SLIC 0x7f7f5000 00176 (v01 IBM    THURLEY  00000000 IBM  01000013)
ACPI: HPET 0x7f7f4000 00038 (v01 IBM    THURLEY  00000001 IBM  01000013)
ACPI: SRAT 0x7f7f3000 00228 (v02 IBM    THURLEY  00000001 IBM  01000013)
ACPI: SLIT 0x7f7f2000 00030 (v01 IBM    THURLEY  00000000 IBM  01000013)
ACPI: SSDT 0x7f7f1000 00183 (v02 IBM    CPUSCOPE 00004000 IBM  01000013)
ACPI: SSDT 0x7f7f0000 00699 (v02 IBM    CPUWYVRN 00004000 IBM  01000013)
ACPI: SSDT 0x7f7ea000 059FC (v02 IBM    PSTATEPM 00004000 IBM  01000013)
ACPI: ERST 0x7f7e9000 00230 (v01 IBM    THURLEY  00000001 IBM  01000013)
0:00:00:00.601 cpu0:1)VMKAcpi: 1995: Enabling all PCIE segments (1) discovered
0:00:00:00.607 cpu0:1)APIC: 1346: Using flat physical mode for destination
0:00:00:00.607 cpu0:1)APIC: 714: APIC type 1 shift 24 mask 0xff000000
0:00:00:00.607 cpu0:1)APIC: 754: enabling LINT1 as NMI
0:00:00:00.607 cpu0:1)APIC: 791: CMCI support present and available.
0:00:00:00.607 cpu0:1)APIC: 1091: using 0xef/0xf4 for APIC timer
0:00:00:00.608 cpu0:1)Vmkperf: 896: Architectural performance monitoring version = 3
0:00:00:00.608 cpu0:1)Vmkperf: 947: Number of performance counters: architectural 4, fixed_functional 3, off_core 2, Perf counter width = 48
0:00:00:00.608 cpu0:1)Vmkperf: 3652: 0 perf counters in use by BIOS
0:00:00:00.608 cpu0:1)Vmkperf: 3653: 0 perf counters are not functional
0:00:00:00.608 cpu0:1)Initializing timing ...
0:00:00:00.612 cpu0:1)HPET: 254: 64-bit, 14318179 Hz HPET at 0xfed00
0:00:00:00.612 cpu0:1)HPET: 256: HPET capabilities 0x429b17f8086a301, configuration 0x0
0:00:00:00.612 cpu0:1)HPET: 146: 1000 calls to HPETRead32() took 1422812 TSC cycles
0:00:00:00.613 cpu0:1)HPET: 147: 1000 calls to HPETRead() took 1433908 TSC cycles
0:00:00:00.643 cpu0:1)HPET: 165: Counter start 16027, end 445572, diffUS 29999
0:00:00:02.643 cpu0:1)Timer: 1453: cpu 0: measured cpu speed: 2666761023 Hz, TSC speed: 2666760993 Hz, bus speed: 133338039 Hz
0:00:00:02.643 cpu0:1)Initializing scheduler ...
0:00:00:02.646 cpu0:1)CpuSched: 4438: defaultAffinity="0xffffff"
0:00:00:02.648 cpu0:1)CpuSched: 119: Will use MWAIT to enter C1
0:00:00:02.648 cpu0:1)MemSched: 8458: Updated free state thresholds: minFreePages: 911246, highStatePct: 300, softStatePct: 64,hardStatePct: 32, lowStatePct: 16
0:00:00:02.649 cpu0:1)NUMASched: 13498: initialized NUMASched
0:00:00:02.649 cpu0:1)Sched: 166: Sched QoS feature flag: 0
0:00:00:02.658 cpu0:1)VmkAccess: 142: VMkernel Access Control Subsystem initalized
0:00:00:02.662 cpu0:1)Reaper: 535: nReaperQueues=12 nReapersPerQ=2
0:00:00:02.663 cpu0:1)World: 529: cpuidFeatures = 0xbfebfbff
0:00:00:02.663 cpu0:2097152)Sched: vm 2097152: 1519: name='bootstrap'
0:00:00:02.663 cpu0:2097152)SMP: 1386: Booting APs with trampoline @ 0x1000...
0:00:00:02.663 cpu0:2097152)SMP: 1418: Kicking pcpu 1, apicID 0x00000001
0:00:00:02.674 cpu1:1)SMP: 141: pcpu 1 is alive
0:00:00:02.674 cpu1:2097153)Cpu: 942: id1.version 206c2
0:00:00:02.674 cpu1:2097153)MicrocodeUpdate: 247: Microcode Update Signature (MSR 0x8b): 0x0000001f
0:00:00:02.674 cpu1:2097153)MicrocodeUpdate: 248: Platform ID (MSR 0x17): 0x0
0:00:00:02.674 cpu1:2097153)Cpu: 106: Changed PAT MSR from 0x7040600070406 to 0x7010600070106
0:00:00:02.676 cpu1:2097153)TSCSync: 432: TSC in sync with cpu0; offset within [-48,48]
0:00:00:02.676 cpu0:2097152)SMP: 1418: Kicking pcpu 2, apicID 0x00000002
0:00:00:02.687 cpu2:1)SMP: 141: pcpu 2 is alive
0:00:00:02.687 cpu2:2097154)MicrocodeUpdate: 209: Updated CPU2 from patch level 1a to 1f
0:00:00:02.687 cpu2:2097154)Cpu: 942: id1.version 206c2
0:00:00:02.687 cpu2:2097154)MicrocodeUpdate: 247: Microcode Update Signature (MSR 0x8b): 0x0000001f
0:00:00:02.687 cpu2:2097154)MicrocodeUpdate: 248: Platform ID (MSR 0x17): 0x0
0:00:00:02.687 cpu2:2097154)MTRR: 691: MTRR: cap=0xd0a with 10 variable MTRRs on AP 2
0:00:00:02.687 cpu2:2097154)Cpu: 106: Changed PAT MSR from 0x7040600070406 to 0x7010600070106
0:00:00:02.689 cpu2:2097154)TSCSync: 432: TSC in sync with cpu0; offset within [-88,96]
0:00:00:02.689 cpu0:2097152)SMP: 1418: Kicking pcpu 3, apicID 0x00000003
0:00:00:02.699 cpu3:1)SMP: 141: pcpu 3 is alive
0:00:00:02.700 cpu3:2097155)Cpu: 942: id1.version 206c2
0:00:00:02.700 cpu3:2097155)MicrocodeUpdate: 247: Microcode Update Signature (MSR 0x8b): 0x0000001f
0:00:00:02.700 cpu3:2097155)MicrocodeUpdate: 248: Platform ID (MSR 0x17): 0x0
0:00:00:02.700 cpu3:2097155)Cpu: 106: Changed PAT MSR from 0x7040600070406 to 0x7010600070106
0:00:00:02.701 cpu3:2097155)TSCSync: 432: TSC in sync with cpu2; offset within [-44,48]
0:00:00:02.702 cpu3:2097155)TSCSync: 432: TSC in sync with cpu0; offset within [-92,92]
0:00:00:02.703 cpu0:2097152)SMP: 1418: Kicking pcpu 4, apicID 0x00000004
0:00:00:02.713 cpu4:1)SMP: 141: pcpu 4 is alive
0:00:00:02.714 cpu4:2097156)MicrocodeUpdate: 209: Updated CPU4 from patch level 1a to 1f
0:00:00:02.714 cpu4:2097156)Cpu: 942: id1.version 206c2
0:00:00:02.714 cpu4:2097156)MicrocodeUpdate: 247: Microcode Update Signature (MSR 0x8b): 0x0000001f
0:00:00:02.714 cpu4:2097156)MicrocodeUpdate: 248: Platform ID (MSR 0x17): 0x0
0:00:00:02.714 cpu4:2097156)MTRR: 691: MTRR: cap=0xd0a with 10 variable MTRRs on AP 4
0:00:00:02.714 cpu4:2097156)Cpu: 106: Changed PAT MSR from 0x7040600070406 to 0x7010600070106
0:00:00:02.715 cpu4:2097156)TSCSync: 432: TSC in sync with cpu0; offset within [-88,92]
0:00:00:02.715 cpu0:2097152)SMP: 1418: Kicking pcpu 5, apicID 0x00000005
0:00:00:02.726 cpu5:1)SMP: 141: pcpu 5 is alive
0:00:00:02.727 cpu5:2097157)Cpu: 942: id1.version 206c2
0:00:00:02.727 cpu5:2097157)MicrocodeUpdate: 247: Microcode Update Signature (MSR 0x8b): 0x0000001f
0:00:00:02.727 cpu5:2097157)MicrocodeUpdate: 248: Platform ID (MSR 0x17): 0x0
0:00:00:02.727 cpu5:2097157)Cpu: 106: Changed PAT MSR from 0x7040600070406 to 0x7010600070106
0:00:00:02.728 cpu5:2097157)TSCSync: 432: TSC in sync with cpu4; offset within [-48,48]
0:00:00:02.729 cpu5:2097157)TSCSync: 432: TSC in sync with cpu0; offset within [-92,92]
0:00:00:02.729 cpu0:2097152)SMP: 1418: Kicking pcpu 6, apicID 0x00000010
0:00:00:02.740 cpu6:1)SMP: 141: pcpu 6 is alive
0:00:00:02.741 cpu6:2097158)MicrocodeUpdate: 209: Updated CPU6 from patch level 1a to 1f
0:00:00:02.741 cpu6:2097158)Cpu: 942: id1.version 206c2
0:00:00:02.741 cpu6:2097158)MicrocodeUpdate: 247: Microcode Update Signature (MSR 0x8b): 0x0000001f
0:00:00:02.741 cpu6:2097158)MicrocodeUpdate: 248: Platform ID (MSR 0x17): 0x0
0:00:00:02.741 cpu6:2097158)MTRR: 691: MTRR: cap=0xd0a with 10 variable MTRRs on AP 6
0:00:00:02.741 cpu6:2097158)Cpu: 106: Changed PAT MSR from 0x7040600070406 to 0x7010600070106
0:00:00:02.742 cpu6:2097158)TSCSync: 432: TSC in sync with cpu0; offset within [-88,92]
0:00:00:02.742 cpu0:2097152)SMP: 1418: Kicking pcpu 7, apicID 0x00000011
0:00:00:02.753 cpu7:1)SMP: 141: pcpu 7 is alive
0:00:00:02.754 cpu7:2097159)Cpu: 942: id1.version 206c2
0:00:00:02.754 cpu7:2097159)MicrocodeUpdate: 247: Microcode Update Signature (MSR 0x8b): 0x0000001f
0:00:00:02.754 cpu7:2097159)MicrocodeUpdate: 248: Platform ID (MSR 0x17): 0x0
0:00:00:02.754 cpu7:2097159)Cpu: 106: Changed PAT MSR from 0x7040600070406 to 0x7010600070106
0:00:00:02.755 cpu7:2097159)TSCSync: 432: TSC in sync with cpu6; offset within [-44,48]
0:00:00:02.756 cpu7:2097159)TSCSync: 432: TSC in sync with cpu0; offset within [-92,92]
0:00:00:02.756 cpu0:2097152)SMP: 1418: Kicking pcpu 8, apicID 0x00000012
0:00:00:02.767 cpu8:1)SMP: 141: pcpu 8 is alive
0:00:00:02.768 cpu8:2097160)MicrocodeUpdate: 209: Updated CPU8 from patch level 1a to 1f
0:00:00:02.768 cpu8:2097160)Cpu: 942: id1.version 206c2
0:00:00:02.768 cpu8:2097160)MicrocodeUpdate: 247: Microcode Update Signature (MSR 0x8b): 0x0000001f
0:00:00:02.768 cpu8:2097160)MicrocodeUpdate: 248: Platform ID (MSR 0x17): 0x0
0:00:00:02.768 cpu8:2097160)MTRR: 691: MTRR: cap=0xd0a with 10 variable MTRRs on AP 8
0:00:00:02.768 cpu8:2097160)Cpu: 106: Changed PAT MSR from 0x7040600070406 to 0x7010600070106
0:00:00:02.769 cpu8:2097160)TSCSync: 432: TSC in sync with cpu0; offset within [-88,88]
0:00:00:02.769 cpu0:2097152)SMP: 1418: Kicking pcpu 9, apicID 0x00000013
0:00:00:02.780 cpu9:1)SMP: 141: pcpu 9 is alive
0:00:00:02.780 cpu9:2097161)Cpu: 942: id1.version 206c2
0:00:00:02.780 cpu9:2097161)MicrocodeUpdate: 247: Microcode Update Signature (MSR 0x8b): 0x0000001f
0:00:00:02.780 cpu9:2097161)MicrocodeUpdate: 248: Platform ID (MSR 0x17): 0x0
0:00:00:02.780 cpu9:2097161)Cpu: 106: Changed PAT MSR from 0x7040600070406 to 0x7010600070106
0:00:00:02.781 cpu9:2097161)TSCSync: 432: TSC in sync with cpu8; offset within [-44,44]
0:00:00:02.783 cpu9:2097161)TSCSync: 432: TSC in sync with cpu0; offset within [-88,88]
0:00:00:02.783 cpu0:2097152)SMP: 1418: Kicking pcpu 10, apicID 0x00000014
0:00:00:02.793 cpu10:1)SMP: 141: pcpu 10 is alive
0:00:00:02.794 cpu10:2097162)MicrocodeUpdate: 209: Updated CPU10 from patch level 1a to 1f
0:00:00:02.794 cpu10:2097162)Cpu: 942: id1.version 206c2
0:00:00:02.794 cpu10:2097162)MicrocodeUpdate: 247: Microcode Update Signature (MSR 0x8b): 0x0000001f
0:00:00:02.794 cpu10:2097162)MicrocodeUpdate: 248: Platform ID (MSR 0x17): 0x0
0:00:00:02.794 cpu10:2097162)MTRR: 691: MTRR: cap=0xd0a with 10 variable MTRRs on AP 10
0:00:00:02.794 cpu10:2097162)Cpu: 106: Changed PAT MSR from 0x7040600070406 to 0x7010600070106
0:00:00:02.795 cpu10:2097162)TSCSync: 432: TSC in sync with cpu0; offset within [-88,88]
0:00:00:02.795 cpu0:2097152)SMP: 1418: Kicking pcpu 11, apicID 0x00000015
0:00:00:02.806 cpu11:1)SMP: 141: pcpu 11 is alive
0:00:00:02.807 cpu11:2097163)Cpu: 942: id1.version 206c2
0:00:00:02.807 cpu11:2097163)MicrocodeUpdate: 247: Microcode Update Signature (MSR 0x8b): 0x0000001f
0:00:00:02.807 cpu11:2097163)MicrocodeUpdate: 248: Platform ID (MSR 0x17): 0x0
0:00:00:02.807 cpu11:2097163)Cpu: 106: Changed PAT MSR from 0x7040600070406 to 0x7010600070106
0:00:00:02.808 cpu11:2097163)TSCSync: 432: TSC in sync with cpu10; offset within [-44,48]
0:00:00:02.809 cpu11:2097163)TSCSync: 432: TSC in sync with cpu0; offset within [-88,88]
0:00:00:02.809 cpu0:2097152)SMP: 1418: Kicking pcpu 12, apicID 0x00000020
0:00:00:02.820 cpu12:1)SMP: 141: pcpu 12 is alive
0:00:00:02.821 cpu12:2097164)MicrocodeUpdate: 209: Updated CPU12 from patch level 1a to 1f
0:00:00:02.821 cpu12:2097164)Cpu: 942: id1.version 206c2
0:00:00:02.821 cpu12:2097164)MicrocodeUpdate: 247: Microcode Update Signature (MSR 0x8b): 0x0000001f
0:00:00:02.821 cpu12:2097164)MicrocodeUpdate: 248: Platform ID (MSR 0x17): 0x0
0:00:00:02.821 cpu12:2097164)MTRR: 691: MTRR: cap=0xd0a with 10 variable MTRRs on AP 12
0:00:00:02.821 cpu12:2097164)Cpu: 106: Changed PAT MSR from 0x7040600070406 to 0x7010600070106
0:00:00:02.824 cpu12:2097164)TSCSync: 432: TSC in sync with cpu0; offset within [-180,176]
0:00:00:02.825 cpu0:2097152)SMP: 1418: Kicking pcpu 13, apicID 0x00000021
0:00:00:02.835 cpu13:1)SMP: 141: pcpu 13 is alive
0:00:00:02.836 cpu13:2097165)Cpu: 942: id1.version 206c2
0:00:00:02.836 cpu13:2097165)MicrocodeUpdate: 247: Microcode Update Signature (MSR 0x8b): 0x0000001f
0:00:00:02.836 cpu13:2097165)MicrocodeUpdate: 248: Platform ID (MSR 0x17): 0x0
0:00:00:02.836 cpu13:2097165)Cpu: 106: Changed PAT MSR from 0x7040600070406 to 0x7010600070106
0:00:00:02.837 cpu13:2097165)TSCSync: 432: TSC in sync with cpu12; offset within [-48,48]
0:00:00:02.841 cpu13:2097165)TSCSync: 432: TSC in sync with cpu0; offset within [-184,176]
0:00:00:02.841 cpu0:2097152)SMP: 1418: Kicking pcpu 14, apicID 0x00000022
0:00:00:02.852 cpu14:1)SMP: 141: pcpu 14 is alive
0:00:00:02.853 cpu14:2097166)MicrocodeUpdate: 209: Updated CPU14 from patch level 1a to 1f
0:00:00:02.853 cpu14:2097166)Cpu: 942: id1.version 206c2
0:00:00:02.853 cpu14:2097166)MicrocodeUpdate: 247: Microcode Update Signature (MSR 0x8b): 0x0000001f
0:00:00:02.853 cpu14:2097166)MicrocodeUpdate: 248: Platform ID (MSR 0x17): 0x0
0:00:00:02.853 cpu14:2097166)MTRR: 691: MTRR: cap=0xd0a with 10 variable MTRRs on AP 14
0:00:00:02.853 cpu14:2097166)Cpu: 106: Changed PAT MSR from 0x7040600070406 to 0x7010600070106
0:00:00:02.855 cpu14:2097166)TSCSync: 432: TSC in sync with cpu12; offset within [-84,88]
0:00:00:02.859 cpu14:2097166)TSCSync: 432: TSC in sync with cpu0; offset within [-180,176]
0:00:00:02.859 cpu0:2097152)SMP: 1418: Kicking pcpu 15, apicID 0x00000023
0:00:00:02.870 cpu15:1)SMP: 141: pcpu 15 is alive
0:00:00:02.870 cpu15:2097167)Cpu: 942: id1.version 206c2
0:00:00:02.870 cpu15:2097167)MicrocodeUpdate: 247: Microcode Update Signature (MSR 0x8b): 0x0000001f
0:00:00:02.870 cpu15:2097167)MicrocodeUpdate: 248: Platform ID (MSR 0x17): 0x0
0:00:00:02.870 cpu15:2097167)Cpu: 106: Changed PAT MSR from 0x7040600070406 to 0x7010600070106
0:00:00:02.872 cpu15:2097167)TSCSync: 432: TSC in sync with cpu14; offset within [-48,48]
0:00:00:02.875 cpu15:2097167)TSCSync: 432: TSC in sync with cpu0; offset within [-184,176]
0:00:00:02.875 cpu0:2097152)SMP: 1418: Kicking pcpu 16, apicID 0x00000024
0:00:00:02.886 cpu16:1)SMP: 141: pcpu 16 is alive
0:00:00:02.887 cpu16:2097168)MicrocodeUpdate: 209: Updated CPU16 from patch level 1a to 1f
0:00:00:02.887 cpu16:2097168)Cpu: 942: id1.version 206c2
0:00:00:02.887 cpu16:2097168)MicrocodeUpdate: 247: Microcode Update Signature (MSR 0x8b): 0x0000001f
0:00:00:02.887 cpu16:2097168)MicrocodeUpdate: 248: Platform ID (MSR 0x17): 0x0
0:00:00:02.887 cpu16:2097168)MTRR: 691: MTRR: cap=0xd0a with 10 variable MTRRs on AP 16
0:00:00:02.887 cpu16:2097168)Cpu: 106: Changed PAT MSR from 0x7040600070406 to 0x7010600070106
0:00:00:02.890 cpu16:2097168)TSCSync: 432: TSC in sync with cpu12; offset within [-84,88]
0:00:00:02.893 cpu16:2097168)TSCSync: 432: TSC in sync with cpu0; offset within [-180,176]
0:00:00:02.893 cpu0:2097152)SMP: 1418: Kicking pcpu 17, apicID 0x00000025
0:00:00:02.904 cpu17:1)SMP: 141: pcpu 17 is alive
0:00:00:02.905 cpu17:2097169)Cpu: 942: id1.version 206c2
0:00:00:02.905 cpu17:2097169)MicrocodeUpdate: 247: Microcode Update Signature (MSR 0x8b): 0x0000001f
0:00:00:02.905 cpu17:2097169)MicrocodeUpdate: 248: Platform ID (MSR 0x17): 0x0
0:00:00:02.905 cpu17:2097169)Cpu: 106: Changed PAT MSR from 0x7040600070406 to 0x7010600070106
0:00:00:02.906 cpu17:2097169)TSCSync: 432: TSC in sync with cpu16; offset within [-48,44]
0:00:00:02.910 cpu17:2097169)TSCSync: 432: TSC in sync with cpu0; offset within [-184,180]
0:00:00:02.910 cpu0:2097152)SMP: 1418: Kicking pcpu 18, apicID 0x00000030
0:00:00:02.921 cpu18:1)SMP: 141: pcpu 18 is alive
0:00:00:02.921 cpu18:2097170)MicrocodeUpdate: 209: Updated CPU18 from patch level 1a to 1f
0:00:00:02.921 cpu18:2097170)Cpu: 942: id1.version 206c2
0:00:00:02.921 cpu18:2097170)MicrocodeUpdate: 247: Microcode Update Signature (MSR 0x8b): 0x0000001f
0:00:00:02.921 cpu18:2097170)MicrocodeUpdate: 248: Platform ID (MSR 0x17): 0x0
0:00:00:02.921 cpu18:2097170)MTRR: 691: MTRR: cap=0xd0a with 10 variable MTRRs on AP 18
0:00:00:02.921 cpu18:2097170)Cpu: 106: Changed PAT MSR from 0x7040600070406 to 0x7010600070106
0:00:00:02.924 cpu18:2097170)TSCSync: 432: TSC in sync with cpu12; offset within [-84,88]
0:00:00:02.928 cpu18:2097170)TSCSync: 432: TSC in sync with cpu0; offset within [-180,180]
0:00:00:02.928 cpu0:2097152)SMP: 1418: Kicking pcpu 19, apicID 0x00000031
0:00:00:02.939 cpu19:1)SMP: 141: pcpu 19 is alive
0:00:00:02.939 cpu19:2097171)Cpu: 942: id1.version 206c2
0:00:00:02.939 cpu19:2097171)MicrocodeUpdate: 247: Microcode Update Signature (MSR 0x8b): 0x0000001f
0:00:00:02.939 cpu19:2097171)MicrocodeUpdate: 248: Platform ID (MSR 0x17): 0x0
0:00:00:02.939 cpu19:2097171)Cpu: 106: Changed PAT MSR from 0x7040600070406 to 0x7010600070106
0:00:00:02.940 cpu19:2097171)TSCSync: 432: TSC in sync with cpu18; offset within [-40,44]
0:00:00:02.944 cpu19:2097171)TSCSync: 432: TSC in sync with cpu0; offset within [-184,176]
0:00:00:02.944 cpu0:2097152)SMP: 1418: Kicking pcpu 20, apicID 0x00000032
0:00:00:02.955 cpu20:1)SMP: 141: pcpu 20 is alive
0:00:00:02.956 cpu20:2097172)MicrocodeUpdate: 209: Updated CPU20 from patch level 1a to 1f
0:00:00:02.956 cpu20:2097172)Cpu: 942: id1.version 206c2
0:00:00:02.956 cpu20:2097172)MicrocodeUpdate: 247: Microcode Update Signature (MSR 0x8b): 0x0000001f
0:00:00:02.956 cpu20:2097172)MicrocodeUpdate: 248: Platform ID (MSR 0x17): 0x0
0:00:00:02.956 cpu20:2097172)MTRR: 691: MTRR: cap=0xd0a with 10 variable MTRRs on AP 20
0:00:00:02.956 cpu20:2097172)Cpu: 106: Changed PAT MSR from 0x7040600070406 to 0x7010600070106
0:00:00:02.958 cpu20:2097172)TSCSync: 432: TSC in sync with cpu12; offset within [-84,88]
0:00:00:02.962 cpu20:2097172)TSCSync: 432: TSC in sync with cpu0; offset within [-184,172]
0:00:00:02.962 cpu0:2097152)SMP: 1418: Kicking pcpu 21, apicID 0x00000033
0:00:00:02.973 cpu21:1)SMP: 141: pcpu 21 is alive
0:00:00:02.973 cpu21:2097173)Cpu: 942: id1.version 206c2
0:00:00:02.973 cpu21:2097173)MicrocodeUpdate: 247: Microcode Update Signature (MSR 0x8b): 0x0000001f
0:00:00:02.973 cpu21:2097173)MicrocodeUpdate: 248: Platform ID (MSR 0x17): 0x0
0:00:00:02.973 cpu21:2097173)Cpu: 106: Changed PAT MSR from 0x7040600070406 to 0x7010600070106
0:00:00:02.975 cpu21:2097173)TSCSync: 432: TSC in sync with cpu20; offset within [-48,48]
0:00:00:02.978 cpu21:2097173)TSCSync: 432: TSC in sync with cpu0; offset within [-188,172]
0:00:00:02.978 cpu0:2097152)SMP: 1418: Kicking pcpu 22, apicID 0x00000034
0:00:00:02.989 cpu22:1)SMP: 141: pcpu 22 is alive
0:00:00:02.990 cpu22:2097174)MicrocodeUpdate: 209: Updated CPU22 from patch level 1a to 1f
0:00:00:02.990 cpu22:2097174)Cpu: 942: id1.version 206c2
0:00:00:02.990 cpu22:2097174)MicrocodeUpdate: 247: Microcode Update Signature (MSR 0x8b): 0x0000001f
0:00:00:02.990 cpu22:2097174)MicrocodeUpdate: 248: Platform ID (MSR 0x17): 0x0
0:00:00:02.990 cpu22:2097174)MTRR: 691: MTRR: cap=0xd0a with 10 variable MTRRs on AP 22
0:00:00:02.990 cpu22:2097174)Cpu: 106: Changed PAT MSR from 0x7040600070406 to 0x7010600070106
0:00:00:02.992 cpu22:2097174)TSCSync: 432: TSC in sync with cpu12; offset within [-84,88]
0:00:00:02.996 cpu22:2097174)TSCSync: 432: TSC in sync with cpu0; offset within [-180,172]
0:00:00:02.996 cpu0:2097152)SMP: 1418: Kicking pcpu 23, apicID 0x00000035
0:00:00:03.007 cpu23:1)SMP: 141: pcpu 23 is alive
0:00:00:03.007 cpu23:2097175)Cpu: 942: id1.version 206c2
0:00:00:03.007 cpu23:2097175)MicrocodeUpdate: 247: Microcode Update Signature (MSR 0x8b): 0x0000001f
0:00:00:03.007 cpu23:2097175)MicrocodeUpdate: 248: Platform ID (MSR 0x17): 0x0
0:00:00:03.007 cpu23:2097175)Cpu: 106: Changed PAT MSR from 0x7040600070406 to 0x7010600070106
0:00:00:03.009 cpu23:2097175)TSCSync: 432: TSC in sync with cpu22; offset within [-44,48]
0:00:00:03.012 cpu23:2097175)TSCSync: 432: TSC in sync with cpu0; offset within [-188,172]
0:00:00:03.013 cpu0:2097152)CpuTopology: 1380: CPU distance map 0: 0:7:7 1:7:7 2:3:3 3:3:3 4:3:3 5:3:3 6:3:3 7:3:3 8:3:3 9:3:3 10:3:3 11:3:3 12:0:0 13:0:0 14:0:0 15:0:0 16:0:0 17:0:0 18:0:0
0:00:00:03.013 cpu0:2097152)CpuTopology: 1380: CPU distance map 1: 1:7:7 0:7:7 2:3:3 3:3:3 4:3:3 5:3:3 6:3:3 7:3:3 8:3:3 9:3:3 10:3:3 11:3:3 12:0:0 13:0:0 14:0:0 15:0:0 16:0:0 17:0:0 18:0:0
0:00:00:03.013 cpu0:2097152)CpuTopology: 1380: CPU distance map 2: 2:7:7 3:7:7 0:3:3 1:3:3 4:3:3 5:3:3 6:3:3 7:3:3 8:3:3 9:3:3 10:3:3 11:3:3 12:0:0 13:0:0 14:0:0 15:0:0 16:0:0 17:0:0 18:0:0
0:00:00:03.013 cpu0:2097152)CpuTopology: 1380: CPU distance map 3: 3:7:7 2:7:7 0:3:3 1:3:3 4:3:3 5:3:3 6:3:3 7:3:3 8:3:3 9:3:3 10:3:3 11:3:3 12:0:0 13:0:0 14:0:0 15:0:0 16:0:0 17:0:0 18:0:0
0:00:00:03.013 cpu0:2097152)CpuTopology: 1380: CPU distance map 4: 4:7:7 5:7:7 0:3:3 1:3:3 2:3:3 3:3:3 6:3:3 7:3:3 8:3:3 9:3:3 10:3:3 11:3:3 12:0:0 13:0:0 14:0:0 15:0:0 16:0:0 17:0:0 18:0:0
0:00:00:03.013 cpu0:2097152)CpuTopology: 1380: CPU distance map 5: 5:7:7 4:7:7 0:3:3 1:3:3 2:3:3 3:3:3 6:3:3 7:3:3 8:3:3 9:3:3 10:3:3 11:3:3 12:0:0 13:0:0 14:0:0 15:0:0 16:0:0 17:0:0 18:0:0
0:00:00:03.013 cpu0:2097152)CpuTopology: 1380: CPU distance map 6: 6:7:7 7:7:7 0:3:3 1:3:3 2:3:3 3:3:3 4:3:3 5:3:3 8:3:3 9:3:3 10:3:3 11:3:3 12:0:0 13:0:0 14:0:0 15:0:0 16:0:0 17:0:0 18:0:0
0:00:00:03.013 cpu0:2097152)CpuTopology: 1380: CPU distance map 7: 7:7:7 6:7:7 0:3:3 1:3:3 2:3:3 3:3:3 4:3:3 5:3:3 8:3:3 9:3:3 10:3:3 11:3:3 12:0:0 13:0:0 14:0:0 15:0:0 16:0:0 17:0:0 18:0:0
0:00:00:03.013 cpu0:2097152)CpuTopology: 1380: CPU distance map 8: 8:7:7 9:7:7 0:3:3 1:3:3 2:3:3 3:3:3 4:3:3 5:3:3 6:3:3 7:3:3 10:3:3 11:3:3 12:0:0 13:0:0 14:0:0 15:0:0 16:0:0 17:0:0 18:0:0
0:00:00:03.013 cpu0:2097152)CpuTopology: 1380: CPU distance map 9: 9:7:7 8:7:7 0:3:3 1:3:3 2:3:3 3:3:3 4:3:3 5:3:3 6:3:3 7:3:3 10:3:3 11:3:3 12:0:0 13:0:0 14:0:0 15:0:0 16:0:0 17:0:0 18:0:0
0:00:00:03.013 cpu0:2097152)CpuTopology: 1380: CPU distance map 10: 10:7:7 11:7:7 0:3:3 1:3:3 2:3:3 3:3:3 4:3:3 5:3:3 6:3:3 7:3:3 8:3:3 9:3:3 12:0:0 13:0:0 14:0:0 15:0:0 16:0:0 17:0:0 18:0:0
0:00:00:03.013 cpu0:2097152)CpuTopology: 1380: CPU distance map 11: 11:7:7 10:7:7 0:3:3 1:3:3 2:3:3 3:3:3 4:3:3 5:3:3 6:3:3 7:3:3 8:3:3 9:3:3 12:0:0 13:0:0 14:0:0 15:0:0 16:0:0 17:0:0 18:0:0
0:00:00:03.013 cpu0:2097152)CpuTopology: 1380: CPU distance map 12: 12:7:7 13:7:7 14:3:3 15:3:3 16:3:3 17:3:3 18:3:3 19:3:3 20:3:3 21:3:3 22:3:3 23:3:3 0:0:0 1:0:0 2:0:0 3:0:0 4:0:0 5:0:0 6:0:0
0:00:00:03.013 cpu0:2097152)CpuTopology: 1380: CPU distance map 13: 13:7:7 12:7:7 14:3:3 15:3:3 16:3:3 17:3:3 18:3:3 19:3:3 20:3:3 21:3:3 22:3:3 23:3:3 0:0:0 1:0:0 2:0:0 3:0:0 4:0:0 5:0:0 6:0:0
0:00:00:03.013 cpu0:2097152)CpuTopology: 1380: CPU distance map 14: 14:7:7 15:7:7 12:3:3 13:3:3 16:3:3 17:3:3 18:3:3 19:3:3 20:3:3 21:3:3 22:3:3 23:3:3 0:0:0 1:0:0 2:0:0 3:0:0 4:0:0 5:0:0 6:0:0
0:00:00:03.013 cpu0:2097152)CpuTopology: 1380: CPU distance map 15: 15:7:7 14:7:7 12:3:3 13:3:3 16:3:3 17:3:3 18:3:3 19:3:3 20:3:3 21:3:3 22:3:3 23:3:3 0:0:0 1:0:0 2:0:0 3:0:0 4:0:0 5:0:0 6:0:0
0:00:00:03.013 cpu0:2097152)CpuTopology: 1380: CPU distance map 16: 16:7:7 17:7:7 12:3:3 13:3:3 14:3:3 15:3:3 18:3:3 19:3:3 20:3:3 21:3:3 22:3:3 23:3:3 0:0:0 1:0:0 2:0:0 3:0:0 4:0:0 5:0:0 6:0:0
0:00:00:03.013 cpu0:2097152)CpuTopology: 1380: CPU distance map 17: 17:7:7 16:7:7 12:3:3 13:3:3 14:3:3 15:3:3 18:3:3 19:3:3 20:3:3 21:3:3 22:3:3 23:3:3 0:0:0 1:0:0 2:0:0 3:0:0 4:0:0 5:0:0 6:0:0
0:00:00:03.013 cpu0:2097152)CpuTopology: 1380: CPU distance map 18: 18:7:7 19:7:7 12:3:3 13:3:3 14:3:3 15:3:3 16:3:3 17:3:3 20:3:3 21:3:3 22:3:3 23:3:3 0:0:0 1:0:0 2:0:0 3:0:0 4:0:0 5:0:0 6:0:0
0:00:00:03.013 cpu0:2097152)CpuTopology: 1380: CPU distance map 19: 19:7:7 18:7:7 12:3:3 13:3:3 14:3:3 15:3:3 16:3:3 17:3:3 20:3:3 21:3:3 22:3:3 23:3:3 0:0:0 1:0:0 2:0:0 3:0:0 4:0:0 5:0:0 6:0:0
0:00:00:03.013 cpu0:2097152)CpuTopology: 1380: CPU distance map 20: 20:7:7 21:7:7 12:3:3 13:3:3 14:3:3 15:3:3 16:3:3 17:3:3 18:3:3 19:3:3 22:3:3 23:3:3 0:0:0 1:0:0 2:0:0 3:0:0 4:0:0 5:0:0 6:0:0
0:00:00:03.013 cpu0:2097152)CpuTopology: 1380: CPU distance map 21: 21:7:7 20:7:7 12:3:3 13:3:3 14:3:3 15:3:3 16:3:3 17:3:3 18:3:3 19:3:3 22:3:3 23:3:3 0:0:0 1:0:0 2:0:0 3:0:0 4:0:0 5:0:0 6:0:0
0:00:00:03.013 cpu0:2097152)CpuTopology: 1380: CPU distance map 22: 22:7:7 23:7:7 12:3:3 13:3:3 14:3:3 15:3:3 16:3:3 17:3:3 18:3:3 19:3:3 20:3:3 21:3:3 0:0:0 1:0:0 2:0:0 3:0:0 4:0:0 5:0:0 6:0:0
0:00:00:03.013 cpu0:2097152)CpuTopology: 1380: CPU distance map 23: 23:7:7 22:7:7 12:3:3 13:3:3 14:3:3 15:3:3 16:3:3 17:3:3 18:3:3 19:3:3 20:3:3 21:3:3 0:0:0 1:0:0 2:0:0 3:0:0 4:0:0 5:0:0 6:0:0
0:00:00:03.013 cpu0:2097152)CpuSched: 17839: Switching to NHCC performance counter for CPU time accounting
0:00:00:03.013 cpu0:2097152)Vmkperf: 3862: Enabled NHCC performance counter (counter 1 ctrType 1)
0:00:00:05.013 cpu12:2097164)SMP: 293: cpu 12: measured cpu speed: 2666761032 Hz, TSC speed: 2666761032 Hz, bus speed: 133338033 Hz
0:00:00:05.213 cpu0:2097152)SMP: 1593: ...finished booting APs, numPCPUs=24
0:00:00:05.213 cpu0:2097152)MCA: 1245: Detected 9 MCE banks. MCG_CAP MSR:0x1c09
0:00:00:05.255 cpu0:2097152)Initializing device support ...
0:00:00:05.259 cpu0:2097152)CpuSched: 699: user latency of 2097180 logSysAlert 0 changed by 2097152 bootstrap -6
0:00:00:05.259 cpu0:2097152)CpuSched: 699: user latency of 2097181 serialLogger 0 changed by 2097152 bootstrap -6
0:00:00:05.259 cpu0:2097152)Initializing processors ...
0:00:00:05.270 cpu0:2097152)DMA: 166: 'DMANull' DMA mapper is now available..
0:00:00:05.284 cpu0:2097152)CpuSched: 699: user latency of 2097186 netLegacyRx 0 changed by 2097152 bootstrap -6
0:00:00:05.284 cpu0:2097152)CpuSched: 699: user latency of 2097187 NetEventWorld 0 changed by 2097152 bootstrap -6
0:00:00:05.284 cpu0:2097152)Net: 318: Created slab 'NetPktAttrSlab(64B)' objSize 64 minObjs 0 (0 KB) maxObjs 75497472 (4608 MB)
0:00:00:05.284 cpu0:2097152)Net: 318: Created slab 'NetPktAttrSlab(256B)' objSize 256 minObjs 1024 (256 KB) maxObjs 18874368 (4608 MB)
0:00:00:05.285 cpu0:2097152)Net: 318: Created slab 'NetPktAttrSlab(512B)' objSize 512 minObjs 1024 (512 KB) maxObjs 9437184 (4608 MB)
0:00:00:05.285 cpu0:2097152)Net: 391: netPktPool reservation 0 MB , limit 21600 MB
0:00:00:05.285 cpu0:2097152)Net: 443: Created slab 'NetPktSlab-PktHandle' objSize 256 minObjs 0 (0 MB) maxObjs 88473600 (21600 MB)
0:00:00:05.285 cpu0:2097152)Net: 443: Created slab 'NetPktSlab-Clone' objSize 1152 minObjs 0 (0 MB) maxObjs 19660800 (21600 MB)
0:00:00:05.285 cpu0:2097152)Net: 443: Created slab 'NetPktSlab-StdMTU' objSize 2368 minObjs 0 (0 MB) maxObjs 9564713 (21600 MB)
0:00:00:05.285 cpu0:2097152)Net: 443: Created slab 'NetPktSlab-2K' objSize 2880 minObjs 0 (0 MB) maxObjs 7864320 (21600 MB)
0:00:00:05.285 cpu0:2097152)Net: 443: Created slab 'NetPktSlab-3K' objSize 3904 minObjs 0 (0 MB) maxObjs 5801547 (21600 MB)
0:00:00:05.285 cpu0:2097152)Net: 443: Created slab 'NetPktSlab-Jumbo' objSize 10048 minObjs 0 (0 MB) maxObjs 2254104 (21600 MB)
0:00:00:05.285 cpu0:2097152)Net: 443: Created slab 'NetPktSlab-Clone(LowMem)' objSize 1152 minObjs 0 (0 MB) maxObjs 19660800 (21600 MB)
0:00:00:05.285 cpu0:2097152)Net: 443: Created slab 'NetPktSlab-2K(LowMem)' objSize 2880 minObjs 0 (0 MB) maxObjs 7864320 (21600 MB)
0:00:00:05.285 cpu0:2097152)Net: 443: Created slab 'NetPktSlab-Jumbo(LowMem)' objSize 10048 minObjs 0 (0 MB) maxObjs 2254104 (21600 MB)
0:00:00:05.285 cpu0:2097152)Net: 477: Created slab 'NetPktSlab-Attr' objSize 96 minObjs 0 (0 MB) maxObjs 235929600 (21600 MB)
0:00:00:05.285 cpu0:2097152)Net: 67: NetPktHeapLow minSize 0 MB maxSize 1728 MB
0:00:00:05.285 cpu0:2097152)Net: 78: NetPktHeapAny minSize 0 MB maxSize 1728 MB
0:00:00:05.285 cpu0:2097152)PktHeader: 124: Initialized static packet header types.
0:00:00:05.285 cpu0:2097152)PktParser: 133: Initialized packet parsing infrastructure.
0:00:00:05.285 cpu0:2097152)PktParser: 224: Registered parser for Ethernet
0:00:00:05.285 cpu0:2097152)PktParser: 224: Registered parser for ARP
0:00:00:05.285 cpu0:2097152)PktParser: 224: Registered parser for RARP
0:00:00:05.285 cpu0:2097152)PktParser: 224: Registered parser for IPv4
0:00:00:05.285 cpu0:2097152)PktParser: 224: Registered parser for IPv6
0:00:00:05.285 cpu0:2097152)PktParser: 224: Registered parser for TCP
0:00:00:05.285 cpu0:2097152)PktParser: 224: Registered parser for UDP
0:00:00:05.285 cpu0:2097152)PktParser: 224: Registered parser for ICMP
0:00:00:05.285 cpu0:2097152)PktParser: 224: Registered parser for IGMP
0:00:00:05.285 cpu0:2097152)PktParser: 224: Registered parser for PIM
0:00:00:05.285 cpu0:2097152)PktParser: 224: Registered parser for GRE
0:00:00:05.285 cpu0:2097152)PktParser: 224: Registered parser for IPv6 Extension Header
0:00:00:05.285 cpu0:2097152)PktParser: 224: Registered parser for VXLAN
0:00:00:05.285 cpu0:2097152)PktParser: 224: Registered parser for Geneve
0:00:00:05.285 cpu0:2097152)CpuSched: 699: user latency of 2097188 netCoalesce2World 0 changed by 2097152 bootstrap -6
0:00:00:05.285 cpu0:2097152)CpuSched: 699: user latency of 2097189 netCoalesce2FineWorld 0 changed by 2097152 bootstrap -6
0:00:00:05.286 cpu0:2097152)NetqueueBal: 11095: netqueueBal max heap size=31309824 bytes
0:00:00:05.286 cpu0:2097152)NetqueueBal: 11102: netqueueBal maxNetqFiltersPerDev=4096, maxHostwideStaticFilters=10240, maxHostwideLearnedFilters=9216
0:00:00:05.287 cpu0:2097152)Net: 4508: PktCap framework initialized successfully
0:00:00:05.287 cpu0:2097152)ScsiCore: 504: Storage stack configured with 1024 SCSI devices and 4096 SCSI paths
0:00:00:05.287 cpu0:2097152)ScsiCore: 524: Storage heap max size 215674674 (maxDevices 1024, maxPaths 4096)
0:00:00:05.290 cpu0:2097152)CpuSched: 699: user latency of 2097195 CmdCompl-0 0 changed by 2097152 bootstrap -6
0:00:00:05.290 cpu0:2097152)CpuSched: 699: user latency of 2097196 CmdCompl-1 0 changed by 2097152 bootstrap -6
0:00:00:05.290 cpu0:2097152)CpuSched: 699: user latency of 2097197 CmdCompl-2 0 changed by 2097152 bootstrap -6
0:00:00:05.290 cpu0:2097152)CpuSched: 699: user latency of 2097198 CmdCompl-3 0 changed by 2097152 bootstrap -6
0:00:00:05.291 cpu0:2097152)CpuSched: 699: user latency of 2097199 CmdCompl-4 0 changed by 2097152 bootstrap -6
0:00:00:05.291 cpu0:2097152)CpuSched: 699: user latency of 2097200 CmdCompl-5 0 changed by 2097152 bootstrap -6
0:00:00:05.291 cpu0:2097152)CpuSched: 699: user latency of 2097201 CmdCompl-6 0 changed by 2097152 bootstrap -6
0:00:00:05.291 cpu0:2097152)CpuSched: 699: user latency of 2097202 CmdCompl-7 0 changed by 2097152 bootstrap -6
0:00:00:05.291 cpu0:2097152)CpuSched: 699: user latency of 2097203 CmdCompl-8 0 changed by 2097152 bootstrap -6
0:00:00:05.291 cpu0:2097152)CpuSched: 699: user latency of 2097204 CmdCompl-9 0 changed by 2097152 bootstrap -6
0:00:00:05.291 cpu0:2097152)CpuSched: 699: user latency of 2097205 CmdCompl-10 0 changed by 2097152 bootstrap -6
0:00:00:05.291 cpu0:2097152)CpuSched: 699: user latency of 2097206 CmdCompl-11 0 changed by 2097152 bootstrap -6
0:00:00:05.291 cpu0:2097152)CpuSched: 699: user latency of 2097207 CmdCompl-12 0 changed by 2097152 bootstrap -6
0:00:00:05.291 cpu0:2097152)CpuSched: 699: user latency of 2097208 CmdCompl-13 0 changed by 2097152 bootstrap -6
0:00:00:05.291 cpu0:2097152)CpuSched: 699: user latency of 2097209 CmdCompl-14 0 changed by 2097152 bootstrap -6
0:00:00:05.291 cpu0:2097152)CpuSched: 699: user latency of 2097210 CmdCompl-15 0 changed by 2097152 bootstrap -6
0:00:00:05.291 cpu0:2097152)CpuSched: 699: user latency of 2097211 CmdCompl-16 0 changed by 2097152 bootstrap -6
0:00:00:05.291 cpu0:2097152)CpuSched: 699: user latency of 2097212 CmdCompl-17 0 changed by 2097152 bootstrap -6
0:00:00:05.291 cpu0:2097152)CpuSched: 699: user latency of 2097213 CmdCompl-18 0 changed by 2097152 bootstrap -6
0:00:00:05.291 cpu0:2097152)CpuSched: 699: user latency of 2097214 CmdCompl-19 0 changed by 2097152 bootstrap -6
0:00:00:05.291 cpu0:2097152)CpuSched: 699: user latency of 2097215 CmdCompl-20 0 changed by 2097152 bootstrap -6
0:00:00:05.291 cpu0:2097152)CpuSched: 699: user latency of 2097216 CmdCompl-21 0 changed by 2097152 bootstrap -6
0:00:00:05.291 cpu0:2097152)CpuSched: 699: user latency of 2097217 CmdCompl-22 0 changed by 2097152 bootstrap -6
0:00:00:05.291 cpu0:2097152)CpuSched: 699: user latency of 2097218 CmdCompl-23 0 changed by 2097152 bootstrap -6
0:00:00:05.293 cpu0:2097152)ScsiEvents: 501: Event Subsystem: APD_Event_Subsystem, Created!
0:00:00:05.293 cpu0:2097152)ScsiEvents: 300: EventSubsystem: APD_Event_Subsystem, Event Mask: 0, Parameter: 0x0, Registered!
0:00:00:05.293 cpu0:2097152)ScsiEvents: 501: Event Subsystem: ScsiDHE_Subsystem, Created!
0:00:00:05.293 cpu0:2097152)ScsiEvents: 300: EventSubsystem: ScsiDHE_Subsystem, Event Mask: 0, Parameter: 0x0, Registered!
0:00:00:05.297 cpu0:2097152)CpuSched: 699: user latency of 2097223 Pool-DeferredWork-0 0 changed by 2097152 bootstrap -6
0:00:00:05.300 cpu0:2097152)Timer: 4730: reference timer is TSC at 2666760993 Hz
0:00:00:05.300 cpu23:2097175)Sched: vm 2097175: 1519: name='idle23'
0:00:00:05.300 cpu12:2097164)Sched: vm 2097164: 1519: name='idle12'
0:00:00:05.300 cpu13:2097165)Sched: vm 2097165: 1519: name='idle13'
0:00:00:05.300 cpu15:2097167)Sched: vm 2097167: 1519: name='idle15'
0:00:00:05.300 cpu18:2097170)Sched: vm 2097170: 1519: name='idle18'
0:00:00:05.300 cpu20:2097172)Sched: vm 2097172: 1519: name='idle20'
0:00:00:05.300 cpu3:2097155)Sched: vm 2097155: 1519: name='idle3'
0:00:00:05.300 cpu2:2097154)Sched: vm 2097154: 1519: name='idle2'
0:00:00:05.300 cpu19:2097171)Sched: vm 2097171: 1519: name='idle19'
0:00:00:05.300 cpu22:2097174)Sched: vm 2097174: 1519: name='idle22'
0:00:00:05.300 cpu17:2097169)Sched: vm 2097169: 1519: name='idle17'
0:00:00:05.300 cpu16:2097168)Sched: vm 2097168: 1519: name='idle16'
0:00:00:05.300 cpu6:2097158)Sched: vm 2097158: 1519: name='idle6'
0:00:00:05.300 cpu14:2097166)Sched: vm 2097166: 1519: name='idle14'
0:00:00:05.300 cpu9:2097161)Sched: vm 2097161: 1519: name='idle9'
0:00:00:05.300 cpu21:2097173)Sched: vm 2097173: 1519: name='idle21'
0:00:00:05.300 cpu1:2097153)Sched: vm 2097153: 1519: name='idle1'
0:00:00:05.300 cpu7:2097159)Sched: vm 2097159: 1519: name='idle7'
0:00:00:05.300 cpu10:2097162)Sched: vm 2097162: 1519: name='idle10'
0:00:00:05.300 cpu4:2097156)Sched: vm 2097156: 1519: name='idle4'
0:00:00:05.300 cpu8:2097160)Sched: vm 2097160: 1519: name='idle8'
0:00:00:05.300 cpu11:2097163)Sched: vm 2097163: 1519: name='idle11'
0:00:00:05.300 cpu5:2097157)Sched: vm 2097157: 1519: name='idle5'
0:00:00:05.300 cpu0:2097152)CacheSched: 388: cache miss cost is 49 cycles on average (ignore= 75874120531968)
0:00:00:05.300 cpu0:2097152)CacheSched: 388: cache miss cost is 49 cycles on average (ignore= 75874120531968)
0:00:00:05.300 cpu0:2097152)CacheSched: 388: cache miss cost is 49 cycles on average (ignore= 75874120531968)
0:00:00:05.308 cpu0:2097152)CpuSched: 699: user latency of 2097324 retireWld.0000 0 changed by 2097152 bootstrap -6
0:00:00:05.308 cpu0:2097152)CpuSched: 699: user latency of 2097325 retireWld.0001 0 changed by 2097152 bootstrap -6
0:00:00:05.308 cpu0:2097152)CpuSched: 699: user latency of 2097326 retireWld.0002 0 changed by 2097152 bootstrap -6
0:00:00:05.308 cpu0:2097152)CpuSched: 699: user latency of 2097327 retireWld.0003 0 changed by 2097152 bootstrap -6
0:00:00:05.308 cpu0:2097152)CpuSched: 699: user latency of 2097328 retireWld.0004 0 changed by 2097152 bootstrap -6
0:00:00:05.308 cpu0:2097152)CpuSched: 699: user latency of 2097329 retireWld.0005 0 changed by 2097152 bootstrap -6
0:00:00:05.308 cpu0:2097152)CpuSched: 699: user latency of 2097330 retireWld.0006 0 changed by 2097152 bootstrap -6
0:00:00:05.308 cpu0:2097152)CpuSched: 699: user latency of 2097331 retireWld.0007 0 changed by 2097152 bootstrap -6
0:00:00:05.308 cpu0:2097152)CpuSched: 699: user latency of 2097332 retireWld.0008 0 changed by 2097152 bootstrap -6
0:00:00:05.308 cpu0:2097152)CpuSched: 699: user latency of 2097333 retireWld.0009 0 changed by 2097152 bootstrap -6
0:00:00:05.308 cpu0:2097152)CpuSched: 699: user latency of 2097334 retireWld.0010 0 changed by 2097152 bootstrap -6
0:00:00:05.308 cpu0:2097152)CpuSched: 699: user latency of 2097335 retireWld.0011 0 changed by 2097152 bootstrap -6
0:00:00:05.308 cpu0:2097152)CpuSched: 699: user latency of 2097336 retireWld.0012 0 changed by 2097152 bootstrap -6
0:00:00:05.309 cpu0:2097152)CpuSched: 699: user latency of 2097337 retireWld.0013 0 changed by 2097152 bootstrap -6
0:00:00:05.309 cpu0:2097152)CpuSched: 699: user latency of 2097338 retireWld.0014 0 changed by 2097152 bootstrap -6
0:00:00:05.309 cpu0:2097152)CpuSched: 699: user latency of 2097339 retireWld.0015 0 changed by 2097152 bootstrap -6
0:00:00:05.309 cpu0:2097152)CpuSched: 699: user latency of 2097340 retireWld.0016 0 changed by 2097152 bootstrap -6
0:00:00:05.309 cpu0:2097152)CpuSched: 699: user latency of 2097341 retireWld.0017 0 changed by 2097152 bootstrap -6
0:00:00:05.309 cpu0:2097152)CpuSched: 699: user latency of 2097342 retireWld.0018 0 changed by 2097152 bootstrap -6
0:00:00:05.309 cpu0:2097152)CpuSched: 699: user latency of 2097343 retireWld.0019 0 changed by 2097152 bootstrap -6
0:00:00:05.309 cpu0:2097152)CpuSched: 699: user latency of 2097344 retireWld.0020 0 changed by 2097152 bootstrap -6
0:00:00:05.309 cpu0:2097152)CpuSched: 699: user latency of 2097345 retireWld.0021 0 changed by 2097152 bootstrap -6
0:00:00:05.309 cpu0:2097152)CpuSched: 699: user latency of 2097346 retireWld.0022 0 changed by 2097152 bootstrap -6
0:00:00:05.309 cpu0:2097152)CpuSched: 699: user latency of 2097347 retireWld.0023 0 changed by 2097152 bootstrap -6
0:00:00:05.309 cpu0:2097152)Late chipset initialization ...
0:00:00:05.312 cpu0:2097152)IOAPIC: 731: Found 0 (id 08 @ 0xfec00000)
0:00:00:05.312 cpu0:2097152)IOAPIC: 779: version 0x20, number of entries 24
0:00:00:05.312 cpu0:2097152)IOAPIC: 731: Found 1 (id 09 @ 0xfec80000)
0:00:00:05.312 cpu0:2097152)IOAPIC: 779: version 0x20, number of entries 24
0:00:00:05.312 cpu0:2097152)Initializing PCI ...
0:00:00:05.315 cpu0:2097152)Initializing IOV ...
0:00:00:05.318 cpu0:2097152)VTD: 1129: Initializing VT-d driver ...
0:00:00:05.318 cpu0:2097152)WARNING: VTD: 715: ACPI DMAR table not found
0:00:00:05.318 cpu0:2097152)VTD: 1168: Initialization of VT-d driver failed!
0:00:00:05.318 cpu0:2097152)WARNING: IOV: 231: IOV initialization failed
0:00:00:05.318 cpu0:2097152)CpuSched: 699: user latency of 2097348 itRebalance 0 changed by 2097152 bootstrap -6
0:00:00:05.318 cpu0:2097152)CpuSched: 699: user latency of 2097349 memschedRealloc-fast 0 changed by 2097152 bootstrap -6
0:00:00:05.319 cpu0:2097152)ENS: 273: ENS initialized successfully.
0:00:00:05.321 cpu0:2097152)Enabling interrupts ...
0:00:00:05.324 cpu0:2097152)Init: 894: vmkernel build Number = 19195723
0:00:00:05.324 cpu0:2097152)Device: 192: Registered driver 'vmkernel' from 0
0:00:00:05.324 cpu0:2097152)Device: 327: Found driver vmkernel for device 0x5b0c4306f27782d1
0:00:00:05.324 cpu0:2097152)Device: 1466: Registered device: 0x4306f2778070 swdevroot swdevroot (parent=0x5b0c4306f27782d1)
0:00:00:05.324 cpu0:2097152)Device: 327: Found driver vmkernel for device 0x30204306f277830a
0:00:00:05.324 cpu0:2097152)Initializing ACPI ...
0:00:00:05.332 cpu0:2097152)Writing 0xa0 to SMI port 0xb2
0:00:00:05.332 cpu0:2097152)Done writing to SMI port
0:00:00:05.333 cpu0:2097152)ACPI: 162: Found override for IRQ 9: ic 0, pin: 9, polarity: 2, trigger: 2
0:00:00:05.333 cpu0:2097152)IOAPIC: 1272: IOAPIC Id 8: Allocated vector 0x20 for pin 9
0:00:00:05.341 cpu0:2097152)VMKAcpi: 106: ISA irq 2 uses ioapicID 8, intIn 2 which is already present with trigger=1, polarity=2
0:00:00:05.341 cpu0:2097152)VMKAcpi: 208: Found ACPI device quirk for \_SB_.PCI0 (0x4300f5864df0) pnpID PNP0A08 ignore 0 flags 0x10.
0:00:00:05.341 cpu0:2097152)VMKAcpi: 208: Found ACPI device quirk for \_SB_.PCI0 (0x4300f5864df0) pnpID PNP0A03 ignore 0 flags 0x10.
0:00:00:05.341 cpu0:2097152)VMKAcpi: 390: \_SB_.PCI0: found VMKAPI-capable ACPI PNP Device.
0:00:00:05.341 cpu0:2097152)VMKAcpi: 983: \_SB_.PCI0: produced Bus Number resource base: 0x0 limit: 0xff size: 0x100 translationOffset: 0x0
0:00:00:05.341 cpu0:2097152)VMKAcpi: 983: \_SB_.PCI0: produced I/O resource base: 0x0 limit: 0xcf7 size: 0xcf8 translationOffset: 0x0
0:00:00:05.341 cpu0:2097152)VMKAcpi: 983: \_SB_.PCI0: produced I/O resource base: 0xd00 limit: 0xffff size: 0xf300 translationOffset: 0x0
0:00:00:05.341 cpu0:2097152)VMKAcpi: 983: \_SB_.PCI0: produced MMIO resource base: 0xa0000 limit: 0xbffff size: 0x20000 translationOffset: 0x0
0:00:00:05.341 cpu0:2097152)VMKAcpi: 983: \_SB_.PCI0: produced MMIO resource base: 0x90000000 limit: 0xfdffffff size: 0x6e000000 translationOffset: 0x0
0:00:00:05.341 cpu0:2097152)VMKAcpi: 983: \_SB_.PCI0: produced MMIO resource base: 0x7f00000000 limit: 0x7f00000000 size: 0x8100000000 translationOffset: 0x0
0:00:00:05.341 cpu0:2097152)WARNING: VMKAcpi: 1012: \_SB_.PCI0: resource length bad, using base/limit values
0:00:00:05.341 cpu0:2097152)VMKAcpi: 390: \_SB_.PCI0.PCI1: found VMKAPI-capable ACPI PNP Device.
0:00:00:05.341 cpu0:2097152)VMKAcpi: 390: \_SB_.PCI0.PCI3: found VMKAPI-capable ACPI PNP Device.
0:00:00:05.341 cpu0:2097152)VMKAcpi: 390: \_SB_.PCI0.PCI3.PCX0: found VMKAPI-capable ACPI PNP Device.
0:00:00:05.341 cpu0:2097152)VMKAcpi: 390: \_SB_.PCI0.PCI3.PCX1: found VMKAPI-capable ACPI PNP Device.
0:00:00:05.341 cpu0:2097152)VMKAcpi: 390: \_SB_.PCI0.PCI5: found VMKAPI-capable ACPI PNP Device.
0:00:00:05.341 cpu0:2097152)VMKAcpi: 390: \_SB_.PCI0.PCI5.PCX2: found VMKAPI-capable ACPI PNP Device.
0:00:00:05.341 cpu0:2097152)VMKAcpi: 390: \_SB_.PCI0.PCI5.PCX3: found VMKAPI-capable ACPI PNP Device.
0:00:00:05.341 cpu0:2097152)VMKAcpi: 390: \_SB_.PCI0.PCI6: found VMKAPI-capable ACPI PNP Device.
0:00:00:05.341 cpu0:2097152)VMKAcpi: 390: \_SB_.PCI0.PCI7: found VMKAPI-capable ACPI PNP Device.
0:00:00:05.341 cpu0:2097152)VMKAcpi: 390: \_SB_.PCI0.PCI7.PCX5: found VMKAPI-capable ACPI PNP Device.
0:00:00:05.341 cpu0:2097152)VMKAcpi: 390: \_SB_.PCI0.PCI7.PCX6: found VMKAPI-capable ACPI PNP Device.
0:00:00:05.341 cpu0:2097152)VMKAcpi: 390: \_SB_.PCI0.PCI9: found VMKAPI-capable ACPI PNP Device.
0:00:00:05.342 cpu0:2097152)VMKAcpi: 390: \_SB_.PCI0.PCI9.PCX7: found VMKAPI-capable ACPI PNP Device.
0:00:00:05.342 cpu0:2097152)VMKAcpi: 390: \_SB_.PCI0.PCI9.PCX8: found VMKAPI-capable ACPI PNP Device.
0:00:00:05.342 cpu0:2097152)VMKAcpi: 390: \_SB_.PCI0.PCIA: found VMKAPI-capable ACPI PNP Device.
0:00:00:05.342 cpu0:2097152)VMKAcpi: 390: \_SB_.PCI0.PCIA.PCX9: found VMKAPI-capable ACPI PNP Device.
0:00:00:05.342 cpu0:2097152)VMKAcpi: 390: \_SB_.PCI0.PCIA.PCXA: found VMKAPI-capable ACPI PNP Device.
0:00:00:05.342 cpu0:2097152)VMKAcpi: 390: \_SB_.PCI0.LPC0: found VMKAPI-capable ACPI PNP Device.
0:00:00:05.342 cpu0:2097152)VMKAcpi: 208: Found ACPI device quirk for \_SB_.PCI0.LPC0.LNKA (0x4300f58671d0) pnpID PNP0C0F ignore 1 flags 0x1.
0:00:00:05.342 cpu0:2097152)VMKAcpi: 208: Found ACPI device quirk for \_SB_.PCI0.LPC0.LNKB (0x4300f5867490) pnpID PNP0C0F ignore 1 flags 0x1.
0:00:00:05.342 cpu0:2097152)VMKAcpi: 208: Found ACPI device quirk for \_SB_.PCI0.LPC0.LNKC (0x4300f5867750) pnpID PNP0C0F ignore 1 flags 0x1.
0:00:00:05.342 cpu0:2097152)VMKAcpi: 208: Found ACPI device quirk for \_SB_.PCI0.LPC0.LNKD (0x4300f5867a10) pnpID PNP0C0F ignore 1 flags 0x1.
0:00:00:05.342 cpu0:2097152)VMKAcpi: 208: Found ACPI device quirk for \_SB_.PCI0.LPC0.LNKE (0x4300f5867cd0) pnpID PNP0C0F ignore 1 flags 0x1.
0:00:00:05.342 cpu0:2097152)VMKAcpi: 208: Found ACPI device quirk for \_SB_.PCI0.LPC0.LNKF (0x4300f5867f90) pnpID PNP0C0F ignore 1 flags 0x1.
0:00:00:05.343 cpu0:2097152)VMKAcpi: 208: Found ACPI device quirk for \_SB_.PCI0.LPC0.LNKG (0x4300f5868250) pnpID PNP0C0F ignore 1 flags 0x1.
0:00:00:05.343 cpu0:2097152)VMKAcpi: 208: Found ACPI device quirk for \_SB_.PCI0.LPC0.LNKH (0x4300f5868510) pnpID PNP0C0F ignore 1 flags 0x1.
0:00:00:05.343 cpu0:2097152)VMKAcpi: 390: \_SB_.PCI0.LPC0.DMAC: found VMKAPI-capable ACPI PNP Device.
0:00:00:05.343 cpu0:2097152)VMKAcpi: 390: \_SB_.PCI0.LPC0.RTC_: found VMKAPI-capable ACPI PNP Device.
0:00:00:05.343 cpu0:2097152)VMKAcpi: 390: \_SB_.PCI0.LPC0.PIC_: found VMKAPI-capable ACPI PNP Device.
0:00:00:05.343 cpu0:2097152)VMKAcpi: 390: \_SB_.PCI0.LPC0.FPU_: found VMKAPI-capable ACPI PNP Device.
0:00:00:05.343 cpu0:2097152)VMKAcpi: 390: \_SB_.PCI0.LPC0.TMR_: found VMKAPI-capable ACPI PNP Device.
0:00:00:05.343 cpu0:2097152)WARNING: VMKAcpi: 318: \_SB_.PCI0.LPC0.TMR_: skipping GSIV 0 conflict
0:00:00:05.343 cpu0:2097152)VMKAcpi: 390: \_SB_.PCI0.LPC0.SPKR: found VMKAPI-capable ACPI PNP Device.
0:00:00:05.343 cpu0:2097152)VMKAcpi: 390: \_SB_.PCI0.LPC0.HPET: found VMKAPI-capable ACPI PNP Device.
0:00:00:05.343 cpu0:2097152)VMKAcpi: 390: \_SB_.PCI0.LPC0.XTRA: found VMKAPI-capable ACPI PNP Device.
0:00:00:05.343 cpu0:2097152)VMKAcpi: 390: \_SB_.PCI0.LPC0.UAR1: found VMKAPI-capable ACPI PNP Device.
0:00:00:05.343 cpu0:2097152)VMKAcpi: 390: \_SB_.PCI0.LPC0.UAR2: found VMKAPI-capable ACPI PNP Device.
0:00:00:05.344 cpu0:2097152)VMKAcpi: 390: \_SB_.PCI0.LPC0.TPM_: found VMKAPI-capable ACPI PNP Device.
0:00:00:05.344 cpu0:2097152)VMKAcpi: 390: \_SB_.PCI0.AMAP: found VMKAPI-capable ACPI PNP Device.
0:00:00:05.344 cpu0:2097152)VMKAcpi: 390: \_SB_.PCI0.ISCS: found VMKAPI-capable ACPI PNP Device.
0:00:00:05.344 cpu0:2097152)VMKAcpi: 390: \_SB_.PCI0.IOCM: found VMKAPI-capable ACPI PNP Device.
0:00:00:05.344 cpu0:2097152)VMKAcpi: 390: \_SB_.PCI0.MIBM: found VMKAPI-capable ACPI PNP Device.
0:00:00:05.344 cpu0:2097152)VMKAcpi: 208: Found ACPI device quirk for \_SB_.PCI0.MI00 (0x4300f586a700) pnpID IPI0001 ignore 1 flags 0x1.
0:00:00:05.344 cpu0:2097152)VMKAcpi: 211: ACPI quirk handler for \_SB_.PCI0.MI00 (0x4300f586a700) pnpID IPI0001.
0:00:00:05.344 cpu0:2097152)VMKAcpi: 1821: IPMI present (PNP id IPI0001 found)
0:00:00:05.344 cpu0:2097152)VMKAcpi: 390: \_SB_.PCI0.UHC1: found VMKAPI-capable ACPI PNP Device.
0:00:00:05.344 cpu0:2097152)VMKAcpi: 390: \_SB_.PCI0.UHC2: found VMKAPI-capable ACPI PNP Device.
0:00:00:05.344 cpu0:2097152)VMKAcpi: 390: \_SB_.PCI0.UHC3: found VMKAPI-capable ACPI PNP Device.
0:00:00:05.344 cpu0:2097152)VMKAcpi: 390: \_SB_.PCI0.UHC4: found VMKAPI-capable ACPI PNP Device.
0:00:00:05.344 cpu0:2097152)VMKAcpi: 390: \_SB_.PCI0.UHC5: found VMKAPI-capable ACPI PNP Device.
0:00:00:05.344 cpu0:2097152)VMKAcpi: 390: \_SB_.PCI0.EHC1: found VMKAPI-capable ACPI PNP Device.
0:00:00:05.344 cpu0:2097152)VMKAcpi: 390: \_SB_.PCI0.EHC2: found VMKAPI-capable ACPI PNP Device.
0:00:00:05.344 cpu0:2097152)Device: 192: Registered driver 'acpi' from 0
0:00:00:05.344 cpu0:2097152)Device: 1466: Registered device: 0x4306f2778070 acpi acpi root device (parent=0x5b0c4306f27782d1)
0:00:00:05.344 cpu0:2097152)Device: 327: Found driver acpi for device 0x15cf4306f2778635
0:00:00:05.344 cpu0:2097152)Device: 1466: Registered device: 0x4306f2778410 \_SB_.PCI0 h07PNP0A08x07PNP0A03 (parent=0x15cf4306f2778635)
0:00:00:05.344 cpu0:2097152)IOResource: 331: Registered resource 0x4306f2a15070 from module 0 type 3 @ cf8 len=8
0:00:00:05.344 cpu0:2097152)VMKAcpi: 699: \_SB_.PCI0: registered VMKAPI-capable ACPI PNP Device (h07PNP0A08x07PNP0A03).
0:00:00:05.344 cpu0:2097152)VMKAcpi: 1178: Registered root bridge (0 0).
0:00:00:05.345 cpu0:2097152)VMKAcpi: 1329: 1 root bridges found, 6 configured pci-pci bridges found
0:00:00:05.345 cpu0:2097152)VMKAcpi: 261: Printing ACPI irq routing information
0:00:00:05.345 cpu0:2097152)VMKAcpi: 267: ACPI PCI irq routing information for segment 0000
0:00:00:05.345 cpu0:2097152)VMKAcpi: 276: bus 00, ID 00
0:00:00:05.345 cpu0:2097152)VMKAcpi: 235:  pci bus (00) 00:00, pin INTA, ioapicID=8, intIn=16, trigger=levl, polarity=lo
0:00:00:05.345 cpu0:2097152)VMKAcpi: 235:  pci bus (00) 00:00, pin INTB, ioapicID=8, intIn=17, trigger=levl, polarity=lo
0:00:00:05.345 cpu0:2097152)VMKAcpi: 235:  pci bus (00) 00:00, pin INTC, ioapicID=8, intIn=18, trigger=levl, polarity=lo
0:00:00:05.345 cpu0:2097152)VMKAcpi: 235:  pci bus (00) 00:00, pin INTD, ioapicID=8, intIn=19, trigger=levl, polarity=lo
0:00:00:05.345 cpu0:2097152)VMKAcpi: 235:  pci bus (00) 00:01, pin INTA, ioapicID=9, intIn=4, trigger=levl, polarity=lo
0:00:00:05.345 cpu0:2097152)VMKAcpi: 235:  pci bus (00) 00:01, pin INTB, ioapicID=9, intIn=16, trigger=levl, polarity=lo
0:00:00:05.345 cpu0:2097152)VMKAcpi: 235:  pci bus (00) 00:01, pin INTC, ioapicID=9, intIn=17, trigger=levl, polarity=lo
0:00:00:05.345 cpu0:2097152)VMKAcpi: 235:  pci bus (00) 00:01, pin INTD, ioapicID=9, intIn=23, trigger=levl, polarity=lo
0:00:00:05.345 cpu0:2097152)VMKAcpi: 235:  pci bus (00) 00:02, pin INTA, ioapicID=9, intIn=5, trigger=levl, polarity=lo
0:00:00:05.345 cpu0:2097152)VMKAcpi: 235:  pci bus (00) 00:02, pin INTB, ioapicID=9, intIn=17, trigger=levl, polarity=lo
0:00:00:05.345 cpu0:2097152)VMKAcpi: 235:  pci bus (00) 00:02, pin INTC, ioapicID=9, intIn=16, trigger=levl, polarity=lo
0:00:00:05.345 cpu0:2097152)VMKAcpi: 235:  pci bus (00) 00:02, pin INTD, ioapicID=9, intIn=18, trigger=levl, polarity=lo
0:00:00:05.345 cpu0:2097152)VMKAcpi: 235:  pci bus (00) 00:03, pin INTA, ioapicID=9, intIn=0, trigger=levl, polarity=lo
0:00:00:05.345 cpu0:2097152)VMKAcpi: 235:  pci bus (00) 00:03, pin INTB, ioapicID=9, intIn=10, trigger=levl, polarity=lo
0:00:00:05.345 cpu0:2097152)VMKAcpi: 235:  pci bus (00) 00:03, pin INTC, ioapicID=9, intIn=11, trigger=levl, polarity=lo
0:00:00:05.345 cpu0:2097152)VMKAcpi: 235:  pci bus (00) 00:03, pin INTD, ioapicID=9, intIn=12, trigger=levl, polarity=lo
0:00:00:05.345 cpu0:2097152)VMKAcpi: 235:  pci bus (00) 00:04, pin INTA, ioapicID=9, intIn=1, trigger=levl, polarity=lo
0:00:00:05.345 cpu0:2097152)VMKAcpi: 235:  pci bus (00) 00:04, pin INTB, ioapicID=9, intIn=11, trigger=levl, polarity=lo
0:00:00:05.345 cpu0:2097152)VMKAcpi: 235:  pci bus (00) 00:04, pin INTC, ioapicID=9, intIn=12, trigger=levl, polarity=lo
0:00:00:05.345 cpu0:2097152)VMKAcpi: 235:  pci bus (00) 00:04, pin INTD, ioapicID=9, intIn=10, trigger=levl, polarity=lo
0:00:00:05.345 cpu0:2097152)VMKAcpi: 235:  pci bus (00) 00:05, pin INTA, ioapicID=9, intIn=2, trigger=levl, polarity=lo
0:00:00:05.345 cpu0:2097152)VMKAcpi: 235:  pci bus (00) 00:05, pin INTB, ioapicID=9, intIn=1, trigger=levl, polarity=lo
0:00:00:05.345 cpu0:2097152)VMKAcpi: 235:  pci bus (00) 00:05, pin INTC, ioapicID=9, intIn=3, trigger=levl, polarity=lo
0:00:00:05.345 cpu0:2097152)VMKAcpi: 235:  pci bus (00) 00:05, pin INTD, ioapicID=9, intIn=5, trigger=levl, polarity=lo
0:00:00:05.345 cpu0:2097152)VMKAcpi: 235:  pci bus (00) 00:06, pin INTA, ioapicID=9, intIn=3, trigger=levl, polarity=lo
0:00:00:05.345 cpu0:2097152)VMKAcpi: 235:  pci bus (00) 00:06, pin INTB, ioapicID=9, intIn=14, trigger=levl, polarity=lo
0:00:00:05.345 cpu0:2097152)VMKAcpi: 235:  pci bus (00) 00:06, pin INTC, ioapicID=9, intIn=13, trigger=levl, polarity=lo
0:00:00:05.345 cpu0:2097152)VMKAcpi: 235:  pci bus (00) 00:06, pin INTD, ioapicID=9, intIn=15, trigger=levl, polarity=lo
0:00:00:05.345 cpu0:2097152)VMKAcpi: 235:  pci bus (00) 00:07, pin INTA, ioapicID=9, intIn=6, trigger=levl, polarity=lo
0:00:00:05.345 cpu0:2097152)VMKAcpi: 235:  pci bus (00) 00:07, pin INTB, ioapicID=9, intIn=13, trigger=levl, polarity=lo
0:00:00:05.345 cpu0:2097152)VMKAcpi: 235:  pci bus (00) 00:07, pin INTC, ioapicID=9, intIn=15, trigger=levl, polarity=lo
0:00:00:05.345 cpu0:2097152)VMKAcpi: 235:  pci bus (00) 00:07, pin INTD, ioapicID=9, intIn=14, trigger=levl, polarity=lo
0:00:00:05.345 cpu0:2097152)VMKAcpi: 235:  pci bus (00) 00:08, pin INTA, ioapicID=9, intIn=7, trigger=levl, polarity=lo
0:00:00:05.345 cpu0:2097152)VMKAcpi: 235:  pci bus (00) 00:08, pin INTB, ioapicID=9, intIn=15, trigger=levl, polarity=lo
0:00:00:05.345 cpu0:2097152)VMKAcpi: 235:  pci bus (00) 00:08, pin INTC, ioapicID=9, intIn=14, trigger=levl, polarity=lo
0:00:00:05.345 cpu0:2097152)VMKAcpi: 235:  pci bus (00) 00:08, pin INTD, ioapicID=9, intIn=13, trigger=levl, polarity=lo
0:00:00:05.345 cpu0:2097152)VMKAcpi: 235:  pci bus (00) 00:09, pin INTA, ioapicID=9, intIn=8, trigger=levl, polarity=lo
0:00:00:05.345 cpu0:2097152)VMKAcpi: 235:  pci bus (00) 00:09, pin INTB, ioapicID=9, intIn=18, trigger=levl, polarity=lo
0:00:00:05.345 cpu0:2097152)VMKAcpi: 235:  pci bus (00) 00:09, pin INTC, ioapicID=9, intIn=23, trigger=levl, polarity=lo
0:00:00:05.345 cpu0:2097152)VMKAcpi: 235:  pci bus (00) 00:09, pin INTD, ioapicID=9, intIn=17, trigger=levl, polarity=lo
0:00:00:05.345 cpu0:2097152)VMKAcpi: 235:  pci bus (00) 00:0a, pin INTA, ioapicID=9, intIn=9, trigger=levl, polarity=lo
0:00:00:05.345 cpu0:2097152)VMKAcpi: 235:  pci bus (00) 00:0a, pin INTB, ioapicID=9, intIn=7, trigger=levl, polarity=lo
0:00:00:05.345 cpu0:2097152)VMKAcpi: 235:  pci bus (00) 00:0a, pin INTC, ioapicID=9, intIn=22, trigger=levl, polarity=lo
0:00:00:05.345 cpu0:2097152)VMKAcpi: 235:  pci bus (00) 00:0a, pin INTD, ioapicID=9, intIn=21, trigger=levl, polarity=lo
0:00:00:05.345 cpu0:2097152)VMKAcpi: 235:  pci bus (00) 00:0d, pin INTA, ioapicID=8, intIn=16, trigger=levl, polarity=lo
0:00:00:05.345 cpu0:2097152)VMKAcpi: 235:  pci bus (00) 00:0d, pin INTB, ioapicID=8, intIn=17, trigger=levl, polarity=lo
0:00:00:05.345 cpu0:2097152)VMKAcpi: 235:  pci bus (00) 00:0d, pin INTC, ioapicID=8, intIn=18, trigger=levl, polarity=lo
0:00:00:05.345 cpu0:2097152)VMKAcpi: 235:  pci bus (00) 00:0d, pin INTD, ioapicID=8, intIn=19, trigger=levl, polarity=lo
0:00:00:05.345 cpu0:2097152)VMKAcpi: 235:  pci bus (00) 00:16, pin INTA, ioapicID=8, intIn=16, trigger=levl, polarity=lo
0:00:00:05.345 cpu0:2097152)VMKAcpi: 235:  pci bus (00) 00:16, pin INTB, ioapicID=8, intIn=17, trigger=levl, polarity=lo
0:00:00:05.345 cpu0:2097152)VMKAcpi: 235:  pci bus (00) 00:16, pin INTC, ioapicID=8, intIn=18, trigger=levl, polarity=lo
0:00:00:05.345 cpu0:2097152)VMKAcpi: 235:  pci bus (00) 00:16, pin INTD, ioapicID=8, intIn=19, trigger=levl, polarity=lo
0:00:00:05.345 cpu0:2097152)VMKAcpi: 235:  pci bus (00) 00:1a, pin INTA, ioapicID=8, intIn=17, trigger=levl, polarity=lo
0:00:00:05.345 cpu0:2097152)VMKAcpi: 235:  pci bus (00) 00:1a, pin INTB, ioapicID=8, intIn=18, trigger=levl, polarity=lo
0:00:00:05.345 cpu0:2097152)VMKAcpi: 235:  pci bus (00) 00:1a, pin INTC, ioapicID=8, intIn=19, trigger=levl, polarity=lo
0:00:00:05.345 cpu0:2097152)VMKAcpi: 235:  pci bus (00) 00:1a, pin INTD, ioapicID=8, intIn=16, trigger=levl, polarity=lo
0:00:00:05.345 cpu0:2097152)VMKAcpi: 235:  pci bus (00) 00:1c, pin INTA, ioapicID=8, intIn=16, trigger=levl, polarity=lo
0:00:00:05.345 cpu0:2097152)VMKAcpi: 235:  pci bus (00) 00:1c, pin INTB, ioapicID=8, intIn=17, trigger=levl, polarity=lo
0:00:00:05.345 cpu0:2097152)VMKAcpi: 235:  pci bus (00) 00:1c, pin INTC, ioapicID=8, intIn=18, trigger=levl, polarity=lo
0:00:00:05.345 cpu0:2097152)VMKAcpi: 235:  pci bus (00) 00:1c, pin INTD, ioapicID=8, intIn=19, trigger=levl, polarity=lo
0:00:00:05.345 cpu0:2097152)VMKAcpi: 235:  pci bus (00) 00:1d, pin INTA, ioapicID=8, intIn=17, trigger=levl, polarity=lo
0:00:00:05.345 cpu0:2097152)VMKAcpi: 235:  pci bus (00) 00:1d, pin INTB, ioapicID=8, intIn=18, trigger=levl, polarity=lo
0:00:00:05.345 cpu0:2097152)VMKAcpi: 235:  pci bus (00) 00:1d, pin INTC, ioapicID=8, intIn=19, trigger=levl, polarity=lo
0:00:00:05.345 cpu0:2097152)VMKAcpi: 235:  pci bus (00) 00:1d, pin INTD, ioapicID=8, intIn=16, trigger=levl, polarity=lo
0:00:00:05.345 cpu0:2097152)VMKAcpi: 235:  pci bus (00) 00:1f, pin INTA, ioapicID=8, intIn=16, trigger=levl, polarity=lo
0:00:00:05.345 cpu0:2097152)VMKAcpi: 235:  pci bus (00) 00:1f, pin INTB, ioapicID=8, intIn=22, trigger=levl, polarity=lo
0:00:00:05.345 cpu0:2097152)VMKAcpi: 235:  pci bus (00) 00:1f, pin INTC, ioapicID=8, intIn=21, trigger=levl, polarity=lo
0:00:00:05.345 cpu0:2097152)VMKAcpi: 235:  pci bus (00) 00:1f, pin INTD, ioapicID=8, intIn=16, trigger=levl, polarity=lo
0:00:00:05.345 cpu0:2097152)VMKAcpi: 276: bus 01, ID 0b
0:00:00:05.345 cpu0:2097152)VMKAcpi: 235:  pci bus (01) 0b:00, pin INTA, ioapicID=9, intIn=4, trigger=levl, polarity=lo
0:00:00:05.345 cpu0:2097152)VMKAcpi: 235:  pci bus (01) 0b:00, pin INTB, ioapicID=9, intIn=16, trigger=levl, polarity=lo
0:00:00:05.345 cpu0:2097152)VMKAcpi: 235:  pci bus (01) 0b:00, pin INTC, ioapicID=9, intIn=17, trigger=levl, polarity=lo
0:00:00:05.345 cpu0:2097152)VMKAcpi: 235:  pci bus (01) 0b:00, pin INTD, ioapicID=9, intIn=23, trigger=levl, polarity=lo
0:00:00:05.345 cpu0:2097152)VMKAcpi: 276: bus 02, ID 15
0:00:00:05.345 cpu0:2097152)VMKAcpi: 235:  pci bus (02) 15:00, pin INTA, ioapicID=9, intIn=0, trigger=levl, polarity=lo
0:00:00:05.345 cpu0:2097152)VMKAcpi: 235:  pci bus (02) 15:00, pin INTB, ioapicID=9, intIn=10, trigger=levl, polarity=lo
0:00:00:05.345 cpu0:2097152)VMKAcpi: 235:  pci bus (02) 15:00, pin INTC, ioapicID=9, intIn=11, trigger=levl, polarity=lo
0:00:00:05.345 cpu0:2097152)VMKAcpi: 235:  pci bus (02) 15:00, pin INTD, ioapicID=9, intIn=12, trigger=levl, polarity=lo
0:00:00:05.345 cpu0:2097152)VMKAcpi: 276: bus 03, ID ffff
0:00:00:05.345 cpu0:2097152)VMKAcpi: 235:  pci bus (03) ffff:00, pin INTA, ioapicID=9, intIn=3, trigger=levl, polarity=lo
0:00:00:05.345 cpu0:2097152)VMKAcpi: 235:  pci bus (03) ffff:00, pin INTB, ioapicID=9, intIn=14, trigger=levl, polarity=lo
0:00:00:05.345 cpu0:2097152)VMKAcpi: 235:  pci bus (03) ffff:00, pin INTC, ioapicID=9, intIn=13, trigger=levl, polarity=lo
0:00:00:05.345 cpu0:2097152)VMKAcpi: 235:  pci bus (03) ffff:00, pin INTD, ioapicID=9, intIn=15, trigger=levl, polarity=lo
0:00:00:05.345 cpu0:2097152)VMKAcpi: 276: bus 04, ID 1a
0:00:00:05.345 cpu0:2097152)VMKAcpi: 235:  pci bus (04) 1a:00, pin INTA, ioapicID=9, intIn=6, trigger=levl, polarity=lo
0:00:00:05.345 cpu0:2097152)VMKAcpi: 235:  pci bus (04) 1a:00, pin INTB, ioapicID=9, intIn=13, trigger=levl, polarity=lo
0:00:00:05.345 cpu0:2097152)VMKAcpi: 235:  pci bus (04) 1a:00, pin INTC, ioapicID=9, intIn=15, trigger=levl, polarity=lo
0:00:00:05.345 cpu0:2097152)VMKAcpi: 235:  pci bus (04) 1a:00, pin INTD, ioapicID=9, intIn=14, trigger=levl, polarity=lo
0:00:00:05.345 cpu0:2097152)VMKAcpi: 276: bus 05, ID ffff
0:00:00:05.345 cpu0:2097152)VMKAcpi: 235:  pci bus (05) ffff:00, pin INTA, ioapicID=9, intIn=8, trigger=levl, polarity=lo
0:00:00:05.345 cpu0:2097152)VMKAcpi: 235:  pci bus (05) ffff:00, pin INTB, ioapicID=9, intIn=18, trigger=levl, polarity=lo
0:00:00:05.345 cpu0:2097152)VMKAcpi: 235:  pci bus (05) ffff:00, pin INTC, ioapicID=9, intIn=23, trigger=levl, polarity=lo
0:00:00:05.345 cpu0:2097152)VMKAcpi: 235:  pci bus (05) ffff:00, pin INTD, ioapicID=9, intIn=17, trigger=levl, polarity=lo
0:00:00:05.345 cpu0:2097152)VMKAcpi: 276: bus 06, ID 01
0:00:00:05.345 cpu0:2097152)VMKAcpi: 290: ACPI legacy irq routing information
0:00:00:05.345 cpu0:2097152)VMKAcpi: 235: legacy* bus (100) 00:00, pin INT , ioapicID=8, intIn=2, trigger=edge, polarity=hi
0:00:00:05.345 cpu0:2097152)VMKAcpi: 235: legacy bus (100) 00:01, pin INT , ioapicID=8, intIn=1, trigger=edge, polarity=hi
0:00:00:05.345 cpu0:2097152)VMKAcpi: 235: legacy bus (100) 00:03, pin INT , ioapicID=8, intIn=3, trigger=edge, polarity=hi
0:00:00:05.345 cpu0:2097152)VMKAcpi: 235: legacy bus (100) 00:04, pin INT , ioapicID=8, intIn=4, trigger=edge, polarity=hi
0:00:00:05.345 cpu0:2097152)VMKAcpi: 235: legacy bus (100) 00:05, pin INT , ioapicID=8, intIn=5, trigger=edge, polarity=hi
0:00:00:05.345 cpu0:2097152)VMKAcpi: 235: legacy bus (100) 00:06, pin INT , ioapicID=8, intIn=6, trigger=edge, polarity=hi
0:00:00:05.345 cpu0:2097152)VMKAcpi: 235: legacy bus (100) 00:07, pin INT , ioapicID=8, intIn=7, trigger=edge, polarity=hi
0:00:00:05.345 cpu0:2097152)VMKAcpi: 235: legacy bus (100) 00:08, pin INT , ioapicID=8, intIn=8, trigger=edge, polarity=hi
0:00:00:05.345 cpu0:2097152)VMKAcpi: 235: legacy* bus (100) 00:09, pin INT , ioapicID=8, intIn=9, trigger=levl, polarity=hi
0:00:00:05.345 cpu0:2097152)VMKAcpi: 235: legacy bus (100) 00:0a, pin INT , ioapicID=8, intIn=10, trigger=edge, polarity=hi
0:00:00:05.345 cpu0:2097152)VMKAcpi: 235: legacy bus (100) 00:0b, pin INT , ioapicID=8, intIn=11, trigger=edge, polarity=hi
0:00:00:05.345 cpu0:2097152)VMKAcpi: 235: legacy bus (100) 00:0c, pin INT , ioapicID=8, intIn=12, trigger=edge, polarity=hi
0:00:00:05.345 cpu0:2097152)VMKAcpi: 235: legacy bus (100) 00:0d, pin INT , ioapicID=8, intIn=13, trigger=edge, polarity=hi
0:00:00:05.345 cpu0:2097152)VMKAcpi: 235: legacy bus (100) 00:0e, pin INT , ioapicID=8, intIn=14, trigger=edge, polarity=hi
0:00:00:05.345 cpu0:2097152)VMKAcpi: 235: legacy bus (100) 00:0f, pin INT , ioapicID=8, intIn=15, trigger=edge, polarity=hi
0:00:00:05.345 cpu0:2097152)Device: 192: Registered driver 'nvdroot' from 0
0:00:00:05.345 cpu0:2097152)VMKAcpi: 307: Installing fixed event power handler
0:00:00:05.347 cpu0:2097152)TPM FixedMem: start = 0xfed40000, end = 0xfed44fff, write protect = 0
0:00:00:05.347 cpu0:2097152)RTC: 300: Getting initial time from legacy CMOS device
0:00:00:05.347 cpu0:2097152)Initializing storage stack ...
0:00:00:05.351 cpu0:2097152)FDS: 414: Registered FDS Driver genscsi
0:00:00:05.351 cpu0:2097152)FDS: 414: Registered FDS Driver disks
0:00:00:05.353 cpu0:2097152)FSS: 959: Initialized file system switch to support 65536 [not clamped] file handles
0:00:00:05.358 cpu0:2097152)FSS: 1147: Registered fs vcfs, module 0, fsTypeNum 0xbcf5
0:00:00:05.360 cpu0:2097152)VisorFSRam: 882: root with (32,32,4096,20224,755)
0:00:00:05.360 cpu0:2097152)VisorFSRam: 882: etc with (28,28,1024,4096,755)
0:00:00:05.360 cpu0:2097152)VisorFSRam: 882: opt with (0,32,1024,8192,755)
0:00:00:05.360 cpu0:2097152)VisorFSRam: 882: var with (5,48,128,8192,755)
0:00:00:05.360 cpu0:2097152)FSS: 1147: Registered fs visorfs, module 0, fsTypeNum 0x1
0:00:00:05.360 cpu0:2097152)FSS: 1147: Registered fs devfs, module 0, fsTypeNum 0xdef5
0:00:00:05.365 cpu0:2097152)FDS: 414: Registered FDS Driver char
0:00:00:05.365 cpu0:2097152)FDS: 414: Registered FDS Driver cdrom
0:00:00:05.367 cpu0:2097152)VSCSIFilter: 1143: Successfully created directory for VSCSI-Filter character devices
0:00:00:05.370 cpu0:2097152)CpuSched: 699: user latency of 2097484 VSCSIPoll 0 changed by 2097152 bootstrap -6
0:00:00:05.371 cpu0:2097152)CpuSched: 699: user latency of 2097495 Storage-APD 0 changed by 2097152 bootstrap -6
0:00:00:05.372 cpu0:2097152)ScsiPeriodicProbe: 364: SCSI periodic probe interval changed to 300 Sec.
0:00:00:05.372 cpu0:2097152)ScsiPeriodicProbe: 364: SCSI periodic probe interval changed to 300 Sec.
0:00:00:05.375 cpu0:2097152)ScsiPsaDriver: 182: SCSI PSA Driver Heap Initialized.
0:00:00:05.375 cpu0:2097152)Chipset: 520: Chipset PCI bus irq routing information for segment 0000
0:00:00:05.375 cpu0:2097152)Chipset: 377: Setting ACPI bus 0 to ID 00
0:00:00:05.375 cpu0:2097152)Chipset: 377: Setting ACPI bus 1 to ID 0b
0:00:00:05.375 cpu0:2097152)Chipset: 377: Setting ACPI bus 2 to ID 15
0:00:00:05.375 cpu0:2097152)Chipset: 377: Setting ACPI bus 3 to ID ffff
0:00:00:05.375 cpu0:2097152)Chipset: 377: Setting ACPI bus 4 to ID 1a
0:00:00:05.375 cpu0:2097152)Chipset: 377: Setting ACPI bus 5 to ID ffff
0:00:00:05.375 cpu0:2097152)Chipset: 377: Setting ACPI bus 6 to ID 01
0:00:00:05.375 cpu0:2097152)IOAPIC: 100: IOAPIC 0, id=8 @ 0xfec00000
0:00:00:05.375 cpu0:2097152)IOAPIC: 100: IOAPIC 1, id=9 @ 0xfec80000
0:00:00:05.375 cpu0:2097152)Chipset: 287: Printing Chipset IRQ information for segment 0000
0:00:00:05.375 cpu0:2097152)Chipset: 243: bus pci, id 00
0:00:00:05.375 cpu0:2097152)Chipset: 253: 00:A (0) 00-16 trg 2 pol 1
0:00:00:05.375 cpu0:2097152)Chipset: 253: 00:B (1) 00-17 trg 2 pol 1
0:00:00:05.375 cpu0:2097152)Chipset: 253: 00:C (2) 00-18 trg 2 pol 1
0:00:00:05.375 cpu0:2097152)Chipset: 253: 00:D (3) 00-19 trg 2 pol 1
0:00:00:05.375 cpu0:2097152)Chipset: 253: 01:A (4) 01-04 trg 2 pol 1
0:00:00:05.375 cpu0:2097152)Chipset: 253: 01:B (5) 01-16 trg 2 pol 1
0:00:00:05.375 cpu0:2097152)Chipset: 253: 01:C (6) 01-17 trg 2 pol 1
0:00:00:05.375 cpu0:2097152)Chipset: 253: 01:D (7) 01-23 trg 2 pol 1
0:00:00:05.375 cpu0:2097152)Chipset: 253: 02:A (8) 01-05 trg 2 pol 1
0:00:00:05.375 cpu0:2097152)Chipset: 253: 02:B (9) 01-17 trg 2 pol 1
0:00:00:05.375 cpu0:2097152)Chipset: 253: 02:C (10) 01-16 trg 2 pol 1
0:00:00:05.375 cpu0:2097152)Chipset: 253: 02:D (11) 01-18 trg 2 pol 1
0:00:00:05.375 cpu0:2097152)Chipset: 253: 03:A (12) 01-00 trg 2 pol 1
0:00:00:05.375 cpu0:2097152)Chipset: 253: 03:B (13) 01-10 trg 2 pol 1
0:00:00:05.375 cpu0:2097152)Chipset: 253: 03:C (14) 01-11 trg 2 pol 1
0:00:00:05.375 cpu0:2097152)Chipset: 253: 03:D (15) 01-12 trg 2 pol 1
0:00:00:05.375 cpu0:2097152)Chipset: 253: 04:A (16) 01-01 trg 2 pol 1
0:00:00:05.375 cpu0:2097152)Chipset: 253: 04:B (17) 01-11 trg 2 pol 1
0:00:00:05.375 cpu0:2097152)Chipset: 253: 04:C (18) 01-12 trg 2 pol 1
0:00:00:05.375 cpu0:2097152)Chipset: 253: 04:D (19) 01-10 trg 2 pol 1
0:00:00:05.375 cpu0:2097152)Chipset: 253: 05:A (20) 01-02 trg 2 pol 1
0:00:00:05.375 cpu0:2097152)Chipset: 253: 05:B (21) 01-01 trg 2 pol 1
0:00:00:05.375 cpu0:2097152)Chipset: 253: 05:C (22) 01-03 trg 2 pol 1
0:00:00:05.375 cpu0:2097152)Chipset: 253: 05:D (23) 01-05 trg 2 pol 1
0:00:00:05.375 cpu0:2097152)Chipset: 253: 06:A (24) 01-03 trg 2 pol 1
0:00:00:05.375 cpu0:2097152)Chipset: 253: 06:B (25) 01-14 trg 2 pol 1
0:00:00:05.375 cpu0:2097152)Chipset: 253: 06:C (26) 01-13 trg 2 pol 1
0:00:00:05.375 cpu0:2097152)Chipset: 253: 06:D (27) 01-15 trg 2 pol 1
0:00:00:05.375 cpu0:2097152)Chipset: 253: 07:A (28) 01-06 trg 2 pol 1
0:00:00:05.375 cpu0:2097152)Chipset: 253: 07:B (29) 01-13 trg 2 pol 1
0:00:00:05.375 cpu0:2097152)Chipset: 253: 07:C (30) 01-15 trg 2 pol 1
0:00:00:05.375 cpu0:2097152)Chipset: 253: 07:D (31) 01-14 trg 2 pol 1
0:00:00:05.375 cpu0:2097152)Chipset: 253: 08:A (32) 01-07 trg 2 pol 1
0:00:00:05.375 cpu0:2097152)Chipset: 253: 08:B (33) 01-15 trg 2 pol 1
0:00:00:05.375 cpu0:2097152)Chipset: 253: 08:C (34) 01-14 trg 2 pol 1
0:00:00:05.375 cpu0:2097152)Chipset: 253: 08:D (35) 01-13 trg 2 pol 1
0:00:00:05.375 cpu0:2097152)Chipset: 253: 09:A (36) 01-08 trg 2 pol 1
0:00:00:05.375 cpu0:2097152)Chipset: 253: 09:B (37) 01-18 trg 2 pol 1
0:00:00:05.375 cpu0:2097152)Chipset: 253: 09:C (38) 01-23 trg 2 pol 1
0:00:00:05.375 cpu0:2097152)Chipset: 253: 09:D (39) 01-17 trg 2 pol 1
0:00:00:05.375 cpu0:2097152)Chipset: 253: 0a:A (40) 01-09 trg 2 pol 1
0:00:00:05.375 cpu0:2097152)Chipset: 253: 0a:B (41) 01-07 trg 2 pol 1
0:00:00:05.375 cpu0:2097152)Chipset: 253: 0a:C (42) 01-22 trg 2 pol 1
0:00:00:05.375 cpu0:2097152)Chipset: 253: 0a:D (43) 01-21 trg 2 pol 1
0:00:00:05.375 cpu0:2097152)Chipset: 253: 0d:A (52) 00-16 trg 2 pol 1
0:00:00:05.375 cpu0:2097152)Chipset: 253: 0d:B (53) 00-17 trg 2 pol 1
0:00:00:05.375 cpu0:2097152)Chipset: 253: 0d:C (54) 00-18 trg 2 pol 1
0:00:00:05.375 cpu0:2097152)Chipset: 253: 0d:D (55) 00-19 trg 2 pol 1
0:00:00:05.375 cpu0:2097152)Chipset: 253: 16:A (88) 00-16 trg 2 pol 1
0:00:00:05.375 cpu0:2097152)Chipset: 253: 16:B (89) 00-17 trg 2 pol 1
0:00:00:05.375 cpu0:2097152)Chipset: 253: 16:C (90) 00-18 trg 2 pol 1
0:00:00:05.375 cpu0:2097152)Chipset: 253: 16:D (91) 00-19 trg 2 pol 1
0:00:00:05.375 cpu0:2097152)Chipset: 253: 1a:A (104) 00-17 trg 2 pol 1
0:00:00:05.375 cpu0:2097152)Chipset: 253: 1a:B (105) 00-18 trg 2 pol 1
0:00:00:05.375 cpu0:2097152)Chipset: 253: 1a:C (106) 00-19 trg 2 pol 1
0:00:00:05.375 cpu0:2097152)Chipset: 253: 1a:D (107) 00-16 trg 2 pol 1
0:00:00:05.375 cpu0:2097152)Chipset: 253: 1c:A (112) 00-16 trg 2 pol 1
0:00:00:05.375 cpu0:2097152)Chipset: 253: 1c:B (113) 00-17 trg 2 pol 1
0:00:00:05.375 cpu0:2097152)Chipset: 253: 1c:C (114) 00-18 trg 2 pol 1
0:00:00:05.375 cpu0:2097152)Chipset: 253: 1c:D (115) 00-19 trg 2 pol 1
0:00:00:05.375 cpu0:2097152)Chipset: 253: 1d:A (116) 00-17 trg 2 pol 1
0:00:00:05.375 cpu0:2097152)Chipset: 253: 1d:B (117) 00-18 trg 2 pol 1
0:00:00:05.375 cpu0:2097152)Chipset: 253: 1d:C (118) 00-19 trg 2 pol 1
0:00:00:05.375 cpu0:2097152)Chipset: 253: 1d:D (119) 00-16 trg 2 pol 1
0:00:00:05.375 cpu0:2097152)Chipset: 253: 1f:A (124) 00-16 trg 2 pol 1
0:00:00:05.375 cpu0:2097152)Chipset: 253: 1f:B (125) 00-22 trg 2 pol 1
0:00:00:05.375 cpu0:2097152)Chipset: 253: 1f:C (126) 00-21 trg 2 pol 1
0:00:00:05.375 cpu0:2097152)Chipset: 253: 1f:D (127) 00-16 trg 2 pol 1
0:00:00:05.375 cpu0:2097152)Chipset: 243: bus pci, id 01
0:00:00:05.375 cpu0:2097152)Chipset: 243: bus pci, id 0b
0:00:00:05.375 cpu0:2097152)Chipset: 253: 00:A (0) 01-04 trg 2 pol 1
0:00:00:05.375 cpu0:2097152)Chipset: 253: 00:B (1) 01-16 trg 2 pol 1
0:00:00:05.375 cpu0:2097152)Chipset: 253: 00:C (2) 01-17 trg 2 pol 1
0:00:00:05.375 cpu0:2097152)Chipset: 253: 00:D (3) 01-23 trg 2 pol 1
0:00:00:05.375 cpu0:2097152)Chipset: 243: bus pci, id 15
0:00:00:05.375 cpu0:2097152)Chipset: 253: 00:A (0) 01-00 trg 2 pol 1
0:00:00:05.375 cpu0:2097152)Chipset: 253: 00:B (1) 01-10 trg 2 pol 1
0:00:00:05.375 cpu0:2097152)Chipset: 253: 00:C (2) 01-11 trg 2 pol 1
0:00:00:05.375 cpu0:2097152)Chipset: 253: 00:D (3) 01-12 trg 2 pol 1
0:00:00:05.375 cpu0:2097152)Chipset: 243: bus pci, id 1a
0:00:00:05.375 cpu0:2097152)Chipset: 253: 00:A (0) 01-06 trg 2 pol 1
0:00:00:05.375 cpu0:2097152)Chipset: 253: 00:B (1) 01-13 trg 2 pol 1
0:00:00:05.375 cpu0:2097152)Chipset: 253: 00:C (2) 01-15 trg 2 pol 1
0:00:00:05.375 cpu0:2097152)Chipset: 253: 00:D (3) 01-14 trg 2 pol 1
0:00:00:05.375 cpu0:2097152)Chipset: 243: bus non-pci, id 100
0:00:00:05.375 cpu0:2097152)Chipset: 253: 00:  (0) 00-02 trg 1 pol 2
0:00:00:05.375 cpu0:2097152)Chipset: 253: 01:  (1) 00-01 trg 1 pol 2
0:00:00:05.375 cpu0:2097152)Chipset: 253: 03:  (3) 00-03 trg 1 pol 2
0:00:00:05.375 cpu0:2097152)Chipset: 253: 04:  (4) 00-04 trg 1 pol 2
0:00:00:05.375 cpu0:2097152)Chipset: 253: 05:  (5) 00-05 trg 1 pol 2
0:00:00:05.375 cpu0:2097152)Chipset: 253: 06:  (6) 00-06 trg 1 pol 2
0:00:00:05.375 cpu0:2097152)Chipset: 253: 07:  (7) 00-07 trg 1 pol 2
0:00:00:05.375 cpu0:2097152)Chipset: 253: 08:  (8) 00-08 trg 1 pol 2
0:00:00:05.375 cpu0:2097152)Chipset: 253: 09:  (9) 00-09 trg 2 pol 2
0:00:00:05.375 cpu0:2097152)Chipset: 253: 0a:  (10) 00-10 trg 1 pol 2
0:00:00:05.375 cpu0:2097152)Chipset: 253: 0b:  (11) 00-11 trg 1 pol 2
0:00:00:05.375 cpu0:2097152)Chipset: 253: 0c:  (12) 00-12 trg 1 pol 2
0:00:00:05.375 cpu0:2097152)Chipset: 253: 0d:  (13) 00-13 trg 1 pol 2
0:00:00:05.375 cpu0:2097152)Chipset: 253: 0e:  (14) 00-14 trg 1 pol 2
0:00:00:05.375 cpu0:2097152)Chipset: 253: 0f:  (15) 00-15 trg 1 pol 2
0:00:00:05.375 cpu0:2097152)ISA: 112: Setting up ISA devices interrupts
0:00:00:05.375 cpu0:2097152)ISA: 128: irq 0
0:00:00:05.375 cpu0:2097152)IOAPIC: 1272: IOAPIC Id 8: Allocated vector 0x21 for pin 2
0:00:00:05.375 cpu0:2097152)ISA: 128: irq 1
0:00:00:05.375 cpu0:2097152)IOAPIC: 1272: IOAPIC Id 8: Allocated vector 0x22 for pin 1
0:00:00:05.375 cpu0:2097152)ISA: 128: irq 3
0:00:00:05.375 cpu0:2097152)IOAPIC: 1272: IOAPIC Id 8: Allocated vector 0x23 for pin 3
0:00:00:05.375 cpu0:2097152)ISA: 128: irq 4
0:00:00:05.375 cpu0:2097152)IOAPIC: 1272: IOAPIC Id 8: Allocated vector 0x24 for pin 4
0:00:00:05.375 cpu0:2097152)ISA: 128: irq 5
0:00:00:05.375 cpu0:2097152)IOAPIC: 1272: IOAPIC Id 8: Allocated vector 0x25 for pin 5
0:00:00:05.375 cpu0:2097152)ISA: 128: irq 6
0:00:00:05.375 cpu0:2097152)IOAPIC: 1272: IOAPIC Id 8: Allocated vector 0x26 for pin 6
0:00:00:05.375 cpu0:2097152)ISA: 128: irq 7
0:00:00:05.375 cpu0:2097152)IOAPIC: 1272: IOAPIC Id 8: Allocated vector 0x27 for pin 7
0:00:00:05.375 cpu0:2097152)ISA: 128: irq 8
0:00:00:05.375 cpu0:2097152)IOAPIC: 1272: IOAPIC Id 8: Allocated vector 0x28 for pin 8
0:00:00:05.375 cpu0:2097152)ISA: 117: Ignoring sci interrupt: 0x9
0:00:00:05.375 cpu0:2097152)ISA: 128: irq 10
0:00:00:05.375 cpu0:2097152)IOAPIC: 1272: IOAPIC Id 8: Allocated vector 0x29 for pin 10
0:00:00:05.375 cpu0:2097152)ISA: 128: irq 11
0:00:00:05.375 cpu0:2097152)IOAPIC: 1272: IOAPIC Id 8: Allocated vector 0x2a for pin 11
0:00:00:05.375 cpu0:2097152)ISA: 128: irq 12
0:00:00:05.375 cpu0:2097152)IOAPIC: 1272: IOAPIC Id 8: Allocated vector 0x2b for pin 12
0:00:00:05.375 cpu0:2097152)ISA: 128: irq 13
0:00:00:05.375 cpu0:2097152)IOAPIC: 1272: IOAPIC Id 8: Allocated vector 0x2c for pin 13
0:00:00:05.375 cpu0:2097152)ISA: 128: irq 14
0:00:00:05.375 cpu0:2097152)IOAPIC: 1272: IOAPIC Id 8: Allocated vector 0x2d for pin 14
0:00:00:05.375 cpu0:2097152)ISA: 128: irq 15
0:00:00:05.375 cpu0:2097152)IOAPIC: 1272: IOAPIC Id 8: Allocated vector 0x2e for pin 15
0:00:00:05.375 cpu0:2097152)PCI: 218: enablePCIErrors: 0, enableValidPCIDevices: 1, pciSetBusMaster: 1, disableACSCheck: 0, disableACSCheckForRP: 1, enablePCIEHotplug: 1, pciBarAllocPolicy: 1, disablePciPassthrough: 0
0:00:00:05.375 cpu0:2097152)Device: 192: Registered driver 'pci' from 0
0:00:00:05.375 cpu0:2097152)PCI: 312: Assuming default resources for root bridge 0000:00
0:00:00:05.375 cpu0:2097152)PCI: 59: Evaluating _OSC for 0000:00
0:00:00:05.375 cpu0:2097152)PCI: 73: _OSC controls available for 0000:00: 0x0
0:00:00:05.375 cpu0:2097152)PCI: 81: Requested control flags 0x0 available; 0x11 unavailable
0:00:00:05.375 cpu0:2097152)Device: 327: Found driver pci for device 0x78054306f27788c2
0:00:00:05.375 cpu0:2097152)PCI: 305: probe-scanning host/root bridge @ seg 0000 (spawned-bus 00)
0:00:00:05.375 cpu0:2097152)PCI: 488: 0000:00:00.0: PCIe v2 PCI Express Root Complex Port
0:00:00:05.375 cpu0:2097152)PCI: 248: 0000:00:00.0: Found support for extended capability 0x1 (Advanced Error Reporting)
0:00:00:05.375 cpu0:2097152)PCI: 248: 0000:00:00.0: Found support for extended capability 0xd (Enhanced Access Control)
0:00:00:05.375 cpu0:2097152)PCI: 248: 0000:00:00.0: Found support for extended capability 0xb (Vendor Specific)
0:00:00:05.375 cpu0:2097152)PCI: 423: 0000:00:00.0: PCIe v2 PCI Express Root Complex Port
0:00:00:05.375 cpu0:2097152)PCI: 431: ACS capable device
0:00:00:05.375 cpu0:2097152)PCI: 1097: 0000:00:00.0: probing 8086:3406 1014:7270
0:00:00:05.375 cpu0:2097152)PCI: 1099:   classCode 0600 progIFRevID 0022
0:00:00:05.376 cpu0:2097152)PCI: 488: 0000:00:01.0: PCIe v2 PCI Express Root Complex Port
0:00:00:05.376 cpu0:2097152)PCI: 248: 0000:00:01.0: Found support for extended capability 0x1 (Advanced Error Reporting)
0:00:00:05.376 cpu0:2097152)PCI: 248: 0000:00:01.0: Found support for extended capability 0xd (Enhanced Access Control)
0:00:00:05.376 cpu0:2097152)PCI: 248: 0000:00:01.0: Found support for extended capability 0xb (Vendor Specific)
0:00:00:05.376 cpu0:2097152)PCI: 1305: Found a PCIe-to-PCIe bridge at 0000:00:01.0
0:00:00:05.376 cpu0:2097152)PCI: 423: 0000:00:01.0: PCIe v2 PCI Express Root Complex Port
0:00:00:05.376 cpu0:2097152)PCI: 431: ACS capable device
0:00:00:05.376 cpu0:2097152)PCI: 1097: 0000:00:01.0: probing 8086:3408 0000:0000
0:00:00:05.376 cpu0:2097152)PCI: 1099:   classCode 0604 progIFRevID 0022
0:00:00:05.376 cpu0:2097152)PCI: 404: 0000:00:01.0: Adding to resource tracker under parent Root.
0:00:00:05.376 cpu0:2097152)PCI: 544:   Adding bus 0b with parent 00
0:00:00:05.376 cpu0:2097152)PCI: 354: probe-scanning pcie bridge @ seg:bus:slot 0000:00:01 (spawned-bus = 0b)
0:00:00:05.376 cpu0:2097152)PCI: 488: 0000:0b:00.0: PCIe v2 PCI Express Endpoint
0:00:00:05.376 cpu0:2097152)PCI: 248: 0000:0b:00.0: Found support for extended capability 0x3 (Device Serial Number)
0:00:00:05.376 cpu0:2097152)PCI: 248: 0000:0b:00.0: Found support for extended capability 0x1 (Advanced Error Reporting)
0:00:00:05.376 cpu0:2097152)PCI: 248: 0000:0b:00.0: Found support for extended capability 0x4 (Power Budgeting)
0:00:00:05.376 cpu0:2097152)PCI: 248: 0000:0b:00.0: Found support for extended capability 0x2 (Virtual Channel)
0:00:00:05.376 cpu0:2097152)PCI: 441: Found onboard instance 0x8501 from SMBIOS for 0000:0b:00.0
0:00:00:05.376 cpu0:2097152)PCI: 423: 0000:0b:00.0: PCIe v2 PCI Express Endpoint
0:00:00:05.376 cpu0:2097152)PCI: 427: Not a ACS capable device
0:00:00:05.376 cpu0:2097152)PCI: 488: 0000:0b:00.1: PCIe v2 PCI Express Endpoint
0:00:00:05.376 cpu0:2097152)PCI: 248: 0000:0b:00.1: Found support for extended capability 0x3 (Device Serial Number)
0:00:00:05.376 cpu0:2097152)PCI: 248: 0000:0b:00.1: Found support for extended capability 0x1 (Advanced Error Reporting)
0:00:00:05.376 cpu0:2097152)PCI: 248: 0000:0b:00.1: Found support for extended capability 0x4 (Power Budgeting)
0:00:00:05.376 cpu0:2097152)PCI: 248: 0000:0b:00.1: Found support for extended capability 0x2 (Virtual Channel)
0:00:00:05.376 cpu0:2097152)PCI: 441: Found onboard instance 0x8502 from SMBIOS for 0000:0b:00.1
0:00:00:05.376 cpu0:2097152)PCI: 423: 0000:0b:00.1: PCIe v2 PCI Express Endpoint
0:00:00:05.376 cpu0:2097152)PCI: 427: Not a ACS capable device
0:00:00:05.376 cpu0:2097152)PCI: 1097: 0000:0b:00.0: probing 14e4:1639 1014:03a9
0:00:00:05.376 cpu0:2097152)PCI: 1099:   classCode 0200 progIFRevID 0020
0:00:00:05.376 cpu0:2097152)PCI: 404: 0000:0b:00.0: Adding to resource tracker under parent 0000:00:01.0.
0:00:00:05.376 cpu0:2097152)PCI: 1097: 0000:0b:00.1: probing 14e4:1639 1014:03a9
0:00:00:05.376 cpu0:2097152)PCI: 1099:   classCode 0200 progIFRevID 0020
0:00:00:05.376 cpu0:2097152)PCI: 404: 0000:0b:00.1: Adding to resource tracker under parent 0000:00:01.0.
0:00:00:05.376 cpu0:2097152)PCI: 488: 0000:00:02.0: PCIe v2 PCI Express Root Complex Port
0:00:00:05.376 cpu0:2097152)PCI: 248: 0000:00:02.0: Found support for extended capability 0x1 (Advanced Error Reporting)
0:00:00:05.376 cpu0:2097152)PCI: 248: 0000:00:02.0: Found support for extended capability 0xd (Enhanced Access Control)
0:00:00:05.376 cpu0:2097152)PCI: 1305: Found a PCIe-to-PCIe bridge at 0000:00:02.0
0:00:00:05.376 cpu0:2097152)PCI: 423: 0000:00:02.0: PCIe v2 PCI Express Root Complex Port
0:00:00:05.376 cpu0:2097152)PCI: 431: ACS capable device
0:00:00:05.376 cpu0:2097152)PCI: 1097: 0000:00:02.0: probing 8086:3409 0000:0000
0:00:00:05.376 cpu0:2097152)PCI: 1099:   classCode 0604 progIFRevID 0022
0:00:00:05.376 cpu0:2097152)PCI: 404: 0000:00:02.0: Adding to resource tracker under parent Root.
0:00:00:05.376 cpu0:2097152)PCI: 544:   Adding bus 10 with parent 00
0:00:00:05.376 cpu0:2097152)PCI: 354: probe-scanning pcie bridge @ seg:bus:slot 0000:00:02 (spawned-bus = 10)
0:00:00:05.376 cpu0:2097152)PCI: 488: 0000:10:00.0: PCIe v2 PCI Express Endpoint
0:00:00:05.376 cpu0:2097152)PCI: 248: 0000:10:00.0: Found support for extended capability 0x3 (Device Serial Number)
0:00:00:05.376 cpu0:2097152)PCI: 248: 0000:10:00.0: Found support for extended capability 0x1 (Advanced Error Reporting)
0:00:00:05.376 cpu0:2097152)PCI: 248: 0000:10:00.0: Found support for extended capability 0x4 (Power Budgeting)
0:00:00:05.376 cpu0:2097152)PCI: 248: 0000:10:00.0: Found support for extended capability 0x2 (Virtual Channel)
0:00:00:05.376 cpu0:2097152)PCI: 441: Found onboard instance 0x8503 from SMBIOS for 0000:10:00.0
0:00:00:05.376 cpu0:2097152)PCI: 423: 0000:10:00.0: PCIe v2 PCI Express Endpoint
0:00:00:05.376 cpu0:2097152)PCI: 427: Not a ACS capable device
0:00:00:05.376 cpu0:2097152)PCI: 488: 0000:10:00.1: PCIe v2 PCI Express Endpoint
0:00:00:05.376 cpu0:2097152)PCI: 248: 0000:10:00.1: Found support for extended capability 0x3 (Device Serial Number)
0:00:00:05.376 cpu0:2097152)PCI: 248: 0000:10:00.1: Found support for extended capability 0x1 (Advanced Error Reporting)
0:00:00:05.376 cpu0:2097152)PCI: 248: 0000:10:00.1: Found support for extended capability 0x4 (Power Budgeting)
0:00:00:05.376 cpu0:2097152)PCI: 248: 0000:10:00.1: Found support for extended capability 0x2 (Virtual Channel)
0:00:00:05.376 cpu0:2097152)PCI: 441: Found onboard instance 0x8504 from SMBIOS for 0000:10:00.1
0:00:00:05.376 cpu0:2097152)PCI: 423: 0000:10:00.1: PCIe v2 PCI Express Endpoint
0:00:00:05.376 cpu0:2097152)PCI: 427: Not a ACS capable device
0:00:00:05.376 cpu0:2097152)PCI: 1097: 0000:10:00.0: probing 14e4:1639 1014:03a9
0:00:00:05.376 cpu0:2097152)PCI: 1099:   classCode 0200 progIFRevID 0020
0:00:00:05.376 cpu0:2097152)PCI: 404: 0000:10:00.0: Adding to resource tracker under parent 0000:00:02.0.
0:00:00:05.376 cpu0:2097152)PCI: 1097: 0000:10:00.1: probing 14e4:1639 1014:03a9
0:00:00:05.376 cpu0:2097152)PCI: 1099:   classCode 0200 progIFRevID 0020
0:00:00:05.376 cpu0:2097152)PCI: 404: 0000:10:00.1: Adding to resource tracker under parent 0000:00:02.0.
0:00:00:05.377 cpu0:2097152)PCI: 488: 0000:00:03.0: PCIe v2 PCI Express Root Complex Port
0:00:00:05.377 cpu0:2097152)PCI: 248: 0000:00:03.0: Found support for extended capability 0x1 (Advanced Error Reporting)
0:00:00:05.377 cpu0:2097152)PCI: 248: 0000:00:03.0: Found support for extended capability 0xd (Enhanced Access Control)
0:00:00:05.377 cpu0:2097152)PCI: 248: 0000:00:03.0: Found support for extended capability 0xb (Vendor Specific)
0:00:00:05.377 cpu0:2097152)PCI: 1305: Found a PCIe-to-PCIe bridge at 0000:00:03.0
0:00:00:05.377 cpu0:2097152)PCI: 423: 0000:00:03.0: PCIe v2 PCI Express Root Complex Port
0:00:00:05.377 cpu0:2097152)PCI: 431: ACS capable device
0:00:00:05.377 cpu0:2097152)PCI: 1097: 0000:00:03.0: probing 8086:340a 0000:0000
0:00:00:05.377 cpu0:2097152)PCI: 1099:   classCode 0604 progIFRevID 0022
0:00:00:05.377 cpu0:2097152)PCI: 404: 0000:00:03.0: Adding to resource tracker under parent Root.
0:00:00:05.377 cpu0:2097152)PCI: 544:   Adding bus 15 with parent 00
0:00:00:05.377 cpu0:2097152)PCI: 354: probe-scanning pcie bridge @ seg:bus:slot 0000:00:03 (spawned-bus = 15)
0:00:00:05.377 cpu0:2097152)PCI: 2163: 0000:15:00.0: Device is disabled by the BIOS, Command register 0x40
0:00:00:05.377 cpu0:2097152)PCI: 488: 0000:15:00.0: PCIe v2 PCI Express Endpoint
0:00:00:05.377 cpu0:2097152)PCI: 248: 0000:15:00.0: Found support for extended capability 0x1 (Advanced Error Reporting)
0:00:00:05.377 cpu0:2097152)PCI: 248: 0000:15:00.0: Found support for extended capability 0x3 (Device Serial Number)
0:00:00:05.377 cpu0:2097152)PCI: 248: 0000:15:00.0: Found support for extended capability 0xe (Alternative Routing-ID Interpretation)
0:00:00:05.377 cpu0:2097152)PCI: 248: 0000:15:00.0: Found support for extended capability 0x10 (Single Root I/O Virtualization)
0:00:00:05.377 cpu0:2097152)PCI: 248: 0000:15:00.0: Found support for extended capability 0x17 (TLP Processing Hints)
0:00:00:05.377 cpu0:2097152)PCI: 248: 0000:15:00.0: Found support for extended capability 0x18 (Latency Tolerance Reporting)
0:00:00:05.377 cpu0:2097152)PCI: 248: 0000:15:00.0: Found support for extended capability 0xd (Enhanced Access Control)
0:00:00:05.377 cpu0:2097152)PCI: 146: Found physical slot 0x1 from ACPI _SUN for 0000:15:00.0
0:00:00:05.377 cpu0:2097152)PCI: 423: 0000:15:00.0: PCIe v2 PCI Express Endpoint
0:00:00:05.377 cpu0:2097152)PCI: 431: ACS capable device
0:00:00:05.377 cpu0:2097152)PCI: 2163: 0000:15:00.1: Device is disabled by the BIOS, Command register 0x40
0:00:00:05.377 cpu0:2097152)PCI: 488: 0000:15:00.1: PCIe v2 PCI Express Endpoint
0:00:00:05.377 cpu0:2097152)PCI: 248: 0000:15:00.1: Found support for extended capability 0x1 (Advanced Error Reporting)
0:00:00:05.377 cpu0:2097152)PCI: 248: 0000:15:00.1: Found support for extended capability 0x3 (Device Serial Number)
0:00:00:05.377 cpu0:2097152)PCI: 248: 0000:15:00.1: Found support for extended capability 0xe (Alternative Routing-ID Interpretation)
0:00:00:05.377 cpu0:2097152)PCI: 248: 0000:15:00.1: Found support for extended capability 0x10 (Single Root I/O Virtualization)
0:00:00:05.377 cpu0:2097152)PCI: 248: 0000:15:00.1: Found support for extended capability 0x17 (TLP Processing Hints)
0:00:00:05.377 cpu0:2097152)PCI: 248: 0000:15:00.1: Found support for extended capability 0xd (Enhanced Access Control)
0:00:00:05.377 cpu0:2097152)PCI: 146: Found physical slot 0x1 from ACPI _SUN for 0000:15:00.1
0:00:00:05.377 cpu0:2097152)PCI: 423: 0000:15:00.1: PCIe v2 PCI Express Endpoint
0:00:00:05.377 cpu0:2097152)PCI: 431: ACS capable device
0:00:00:05.377 cpu0:2097152)PCI: 1097: 0000:15:00.0: probing 8086:1521 8086:0002
0:00:00:05.377 cpu0:2097152)PCI: 1099:   classCode 0200 progIFRevID 0001
0:00:00:05.377 cpu0:2097152)PCI: 404: 0000:15:00.0: Adding to resource tracker under parent 0000:00:03.0.
0:00:00:05.377 cpu0:2097152)PCI: 1097: 0000:15:00.1: probing 8086:1521 8086:0002
0:00:00:05.377 cpu0:2097152)PCI: 1099:   classCode 0200 progIFRevID 0001
0:00:00:05.377 cpu0:2097152)PCI: 404: 0000:15:00.1: Adding to resource tracker under parent 0000:00:03.0.
0:00:00:05.378 cpu0:2097152)PCI: 488: 0000:00:07.0: PCIe v2 PCI Express Root Complex Port
0:00:00:05.378 cpu0:2097152)PCI: 248: 0000:00:07.0: Found support for extended capability 0x1 (Advanced Error Reporting)
0:00:00:05.378 cpu0:2097152)PCI: 248: 0000:00:07.0: Found support for extended capability 0xd (Enhanced Access Control)
0:00:00:05.378 cpu0:2097152)PCI: 248: 0000:00:07.0: Found support for extended capability 0xb (Vendor Specific)
0:00:00:05.378 cpu0:2097152)PCI: 1305: Found a PCIe-to-PCIe bridge at 0000:00:07.0
0:00:00:05.378 cpu0:2097152)PCI: 423: 0000:00:07.0: PCIe v2 PCI Express Root Complex Port
0:00:00:05.378 cpu0:2097152)PCI: 431: ACS capable device
0:00:00:05.378 cpu0:2097152)PCI: 1097: 0000:00:07.0: probing 8086:340e 0000:0000
0:00:00:05.378 cpu0:2097152)PCI: 1099:   classCode 0604 progIFRevID 0022
0:00:00:05.378 cpu0:2097152)PCI: 404: 0000:00:07.0: Adding to resource tracker under parent Root.
0:00:00:05.378 cpu0:2097152)PCI: 544:   Adding bus 1a with parent 00
0:00:00:05.378 cpu0:2097152)PCI: 354: probe-scanning pcie bridge @ seg:bus:slot 0000:00:07 (spawned-bus = 1a)
0:00:00:05.378 cpu0:2097152)PCI: 488: 0000:1a:00.0: PCIe v2 PCI Express Endpoint
0:00:00:05.378 cpu0:2097152)PCI: 248: 0000:1a:00.0: Found support for extended capability 0x1 (Advanced Error Reporting)
0:00:00:05.378 cpu0:2097152)PCI: 248: 0000:1a:00.0: Found support for extended capability 0x4 (Power Budgeting)
0:00:00:05.378 cpu0:2097152)PCI: 146: Found physical slot 0x3 from ACPI _SUN for 0000:1a:00.0
0:00:00:05.378 cpu0:2097152)PCI: 423: 0000:1a:00.0: PCIe v2 PCI Express Endpoint
0:00:00:05.378 cpu0:2097152)PCI: 427: Not a ACS capable device
0:00:00:05.378 cpu0:2097152)PCI: 488: 0000:1a:00.1: PCIe v2 PCI Express Endpoint
0:00:00:05.378 cpu0:2097152)PCI: 248: 0000:1a:00.1: Found support for extended capability 0x1 (Advanced Error Reporting)
0:00:00:05.378 cpu0:2097152)PCI: 248: 0000:1a:00.1: Found support for extended capability 0x4 (Power Budgeting)
0:00:00:05.378 cpu0:2097152)PCI: 146: Found physical slot 0x3 from ACPI _SUN for 0000:1a:00.1
0:00:00:05.378 cpu0:2097152)PCI: 423: 0000:1a:00.1: PCIe v2 PCI Express Endpoint
0:00:00:05.378 cpu0:2097152)PCI: 427: Not a ACS capable device
0:00:00:05.378 cpu0:2097152)PCI: 1097: 0000:1a:00.0: probing 10df:f100 10df:f100
0:00:00:05.378 cpu0:2097152)PCI: 1099:   classCode 0c04 progIFRevID 0003
0:00:00:05.378 cpu0:2097152)PCI: 404: 0000:1a:00.0: Adding to resource tracker under parent 0000:00:07.0.
0:00:00:05.378 cpu0:2097152)PCI: 1097: 0000:1a:00.1: probing 10df:f100 10df:f100
0:00:00:05.378 cpu0:2097152)PCI: 1099:   classCode 0c04 progIFRevID 0003
0:00:00:05.378 cpu0:2097152)PCI: 404: 0000:1a:00.1: Adding to resource tracker under parent 0000:00:07.0.
0:00:00:05.378 cpu0:2097152)PCI: 1097: 0000:00:10.0: probing 8086:3425 0000:0000
0:00:00:05.378 cpu0:2097152)PCI: 1099:   classCode 0800 progIFRevID 0022
0:00:00:05.378 cpu0:2097152)PCI: 404: 0000:00:10.0: Adding to resource tracker under parent Root.
0:00:00:05.378 cpu0:2097152)PCI: 1097: 0000:00:10.1: probing 8086:3426 0000:0000
0:00:00:05.378 cpu0:2097152)PCI: 1099:   classCode 0800 progIFRevID 0022
0:00:00:05.378 cpu0:2097152)PCI: 404: 0000:00:10.1: Adding to resource tracker under parent Root.
0:00:00:05.378 cpu0:2097152)PCI: 1097: 0000:00:11.0: probing 8086:3427 0000:0000
0:00:00:05.378 cpu0:2097152)PCI: 1099:   classCode 0800 progIFRevID 0022
0:00:00:05.378 cpu0:2097152)PCI: 404: 0000:00:11.0: Adding to resource tracker under parent Root.
0:00:00:05.378 cpu0:2097152)PCI: 1097: 0000:00:11.1: probing 8086:3428 0000:0000
0:00:00:05.378 cpu0:2097152)PCI: 1099:   classCode 0800 progIFRevID 0022
0:00:00:05.378 cpu0:2097152)PCI: 404: 0000:00:11.1: Adding to resource tracker under parent Root.
0:00:00:05.378 cpu0:2097152)PCI: 488: 0000:00:14.0: PCIe v2 Root Complex Integrated Endpoint
0:00:00:05.379 cpu0:2097152)PCI: 488: 0000:00:14.1: PCIe v2 Root Complex Integrated Endpoint
0:00:00:05.379 cpu0:2097152)PCI: 488: 0000:00:14.2: PCIe v2 Root Complex Integrated Endpoint
0:00:00:05.379 cpu0:2097152)PCI: 1097: 0000:00:14.0: probing 8086:342e 0000:0000
0:00:00:05.379 cpu0:2097152)PCI: 1099:   classCode 0800 progIFRevID 0022
0:00:00:05.379 cpu0:2097152)PCI: 404: 0000:00:14.0: Adding to resource tracker under parent Root.
0:00:00:05.379 cpu0:2097152)PCI: 1097: 0000:00:14.1: probing 8086:3422 0000:0000
0:00:00:05.379 cpu0:2097152)PCI: 1099:   classCode 0800 progIFRevID 0022
0:00:00:05.379 cpu0:2097152)PCI: 404: 0000:00:14.1: Adding to resource tracker under parent Root.
0:00:00:05.379 cpu0:2097152)PCI: 1097: 0000:00:14.2: probing 8086:3423 0000:0000
0:00:00:05.379 cpu0:2097152)PCI: 1099:   classCode 0800 progIFRevID 0022
0:00:00:05.379 cpu0:2097152)PCI: 404: 0000:00:14.2: Adding to resource tracker under parent Root.
0:00:00:05.379 cpu0:2097152)PCI: 1097: 0000:00:14.3: probing 8086:3438 0000:0000
0:00:00:05.379 cpu0:2097152)PCI: 1099:   classCode 0800 progIFRevID 0022
0:00:00:05.379 cpu0:2097152)PCI: 404: 0000:00:14.3: Adding to resource tracker under parent Root.
0:00:00:05.379 cpu0:2097152)PCI: 1097: 0000:00:15.0: probing 8086:342f 0000:0000
0:00:00:05.379 cpu0:2097152)PCI: 1099:   classCode 0800 progIFRevID 2022
0:00:00:05.379 cpu0:2097152)PCI: 404: 0000:00:15.0: Adding to resource tracker under parent Root.
0:00:00:05.379 cpu0:2097152)PCI: 2163: 0000:00:16.0: Device is disabled by the BIOS, Command register 0x0
0:00:00:05.379 cpu0:2097152)PCI: 488: 0000:00:16.0: PCIe v2 Root Complex Integrated Endpoint
0:00:00:05.379 cpu0:2097152)PCI: 2163: 0000:00:16.1: Device is disabled by the BIOS, Command register 0x0
0:00:00:05.379 cpu0:2097152)PCI: 488: 0000:00:16.1: PCIe v2 Root Complex Integrated Endpoint
0:00:00:05.379 cpu0:2097152)PCI: 2163: 0000:00:16.2: Device is disabled by the BIOS, Command register 0x0
0:00:00:05.379 cpu0:2097152)PCI: 488: 0000:00:16.2: PCIe v2 Root Complex Integrated Endpoint
0:00:00:05.379 cpu0:2097152)PCI: 2163: 0000:00:16.3: Device is disabled by the BIOS, Command register 0x0
0:00:00:05.379 cpu0:2097152)PCI: 488: 0000:00:16.3: PCIe v2 Root Complex Integrated Endpoint
0:00:00:05.379 cpu0:2097152)PCI: 2163: 0000:00:16.4: Device is disabled by the BIOS, Command register 0x0
0:00:00:05.379 cpu0:2097152)PCI: 488: 0000:00:16.4: PCIe v2 Root Complex Integrated Endpoint
0:00:00:05.379 cpu0:2097152)PCI: 2163: 0000:00:16.5: Device is disabled by the BIOS, Command register 0x0
0:00:00:05.380 cpu0:2097152)PCI: 488: 0000:00:16.5: PCIe v2 Root Complex Integrated Endpoint
0:00:00:05.380 cpu0:2097152)PCI: 2163: 0000:00:16.6: Device is disabled by the BIOS, Command register 0x0
0:00:00:05.380 cpu0:2097152)PCI: 488: 0000:00:16.6: PCIe v2 Root Complex Integrated Endpoint
0:00:00:05.380 cpu0:2097152)PCI: 2163: 0000:00:16.7: Device is disabled by the BIOS, Command register 0x0
0:00:00:05.380 cpu0:2097152)PCI: 488: 0000:00:16.7: PCIe v2 Root Complex Integrated Endpoint
0:00:00:05.380 cpu0:2097152)PCI: 1097: 0000:00:16.0: probing 8086:3430 1014:3430
0:00:00:05.380 cpu0:2097152)PCI: 1099:   classCode 0880 progIFRevID 0022
0:00:00:05.380 cpu0:2097152)PCI: 404: 0000:00:16.0: Adding to resource tracker under parent Root.
0:00:00:05.380 cpu0:2097152)PCI: 1097: 0000:00:16.1: probing 8086:3431 1014:3431
0:00:00:05.380 cpu0:2097152)PCI: 1099:   classCode 0880 progIFRevID 0022
0:00:00:05.380 cpu0:2097152)PCI: 404: 0000:00:16.1: Adding to resource tracker under parent Root.
0:00:00:05.380 cpu0:2097152)PCI: 1097: 0000:00:16.2: probing 8086:3432 1014:3432
0:00:00:05.380 cpu0:2097152)PCI: 1099:   classCode 0880 progIFRevID 0022
0:00:00:05.380 cpu0:2097152)PCI: 404: 0000:00:16.2: Adding to resource tracker under parent Root.
0:00:00:05.380 cpu0:2097152)PCI: 1097: 0000:00:16.3: probing 8086:3433 1014:3433
0:00:00:05.380 cpu0:2097152)PCI: 1099:   classCode 0880 progIFRevID 0022
0:00:00:05.380 cpu0:2097152)PCI: 404: 0000:00:16.3: Adding to resource tracker under parent Root.
0:00:00:05.380 cpu0:2097152)PCI: 1097: 0000:00:16.4: probing 8086:3429 1014:3429
0:00:00:05.380 cpu0:2097152)PCI: 1099:   classCode 0880 progIFRevID 0022
0:00:00:05.380 cpu0:2097152)PCI: 404: 0000:00:16.4: Adding to resource tracker under parent Root.
0:00:00:05.380 cpu0:2097152)PCI: 1097: 0000:00:16.5: probing 8086:342a 1014:342a
0:00:00:05.380 cpu0:2097152)PCI: 1099:   classCode 0880 progIFRevID 0022
0:00:00:05.380 cpu0:2097152)PCI: 404: 0000:00:16.5: Adding to resource tracker under parent Root.
0:00:00:05.380 cpu0:2097152)PCI: 1097: 0000:00:16.6: probing 8086:342b 1014:342b
0:00:00:05.380 cpu0:2097152)PCI: 1099:   classCode 0880 progIFRevID 0022
0:00:00:05.380 cpu0:2097152)PCI: 404: 0000:00:16.6: Adding to resource tracker under parent Root.
0:00:00:05.380 cpu0:2097152)PCI: 1097: 0000:00:16.7: probing 8086:342c 1014:342c
0:00:00:05.380 cpu0:2097152)PCI: 1099:   classCode 0880 progIFRevID 0022
0:00:00:05.380 cpu0:2097152)PCI: 404: 0000:00:16.7: Adding to resource tracker under parent Root.
0:00:00:05.380 cpu0:2097152)PCI: 1097: 0000:00:1a.0: probing 8086:3a37 1014:3a37
0:00:00:05.380 cpu0:2097152)PCI: 1099:   classCode 0c03 progIFRevID 0000
0:00:00:05.380 cpu0:2097152)PCI: 404: 0000:00:1a.0: Adding to resource tracker under parent Root.
0:00:00:05.380 cpu0:2097152)PCI: 1097: 0000:00:1a.1: probing 8086:3a38 1014:3a38
0:00:00:05.380 cpu0:2097152)PCI: 1099:   classCode 0c03 progIFRevID 0000
0:00:00:05.380 cpu0:2097152)PCI: 404: 0000:00:1a.1: Adding to resource tracker under parent Root.
0:00:00:05.380 cpu0:2097152)PCI: 1097: 0000:00:1a.7: probing 8086:3a3c 1014:3a3c
0:00:00:05.380 cpu0:2097152)PCI: 1099:   classCode 0c03 progIFRevID 2000
0:00:00:05.380 cpu0:2097152)PCI: 404: 0000:00:1a.7: Adding to resource tracker under parent Root.
0:00:00:05.380 cpu0:2097152)PCI: 488: 0000:00:1c.0: PCIe v1 PCI Express Root Complex Port
0:00:00:05.380 cpu0:2097152)PCI: 248: 0000:00:1c.0: Found support for extended capability 0x2 (Virtual Channel)
0:00:00:05.380 cpu0:2097152)PCI: 248: 0000:00:1c.0: Found support for extended capability 0x5 (Root Complex Link Declaration)
0:00:00:05.380 cpu0:2097152)PCI: 1305: Found a PCIe-to-PCIe bridge at 0000:00:1c.0
0:00:00:05.380 cpu0:2097152)PCI: 423: 0000:00:1c.0: PCIe v1 PCI Express Root Complex Port
0:00:00:05.380 cpu0:2097152)PCI: 427: Not a ACS capable device
0:00:00:05.380 cpu0:2097152)PCI: 488: 0000:00:1c.4: PCIe v1 PCI Express Root Complex Port
0:00:00:05.380 cpu0:2097152)PCI: 248: 0000:00:1c.4: Found support for extended capability 0x2 (Virtual Channel)
0:00:00:05.380 cpu0:2097152)PCI: 248: 0000:00:1c.4: Found support for extended capability 0x5 (Root Complex Link Declaration)
0:00:00:05.380 cpu0:2097152)PCI: 1305: Found a PCIe-to-PCIe bridge at 0000:00:1c.4
0:00:00:05.380 cpu0:2097152)PCI: 423: 0000:00:1c.4: PCIe v1 PCI Express Root Complex Port
0:00:00:05.380 cpu0:2097152)PCI: 427: Not a ACS capable device
0:00:00:05.380 cpu0:2097152)PCI: 1097: 0000:00:1c.0: probing 8086:3a40 0000:0000
0:00:00:05.380 cpu0:2097152)PCI: 1099:   classCode 0604 progIFRevID 0000
0:00:00:05.380 cpu0:2097152)PCI: 404: 0000:00:1c.0: Adding to resource tracker under parent Root.
0:00:00:05.380 cpu0:2097152)PCI: 544:   Adding bus 01 with parent 00
0:00:00:05.380 cpu0:2097152)PCI: 354: probe-scanning pcie bridge @ seg:bus:slot 0000:00:1c (spawned-bus = 01)
0:00:00:05.381 cpu0:2097152)PCI: 488: 0000:01:00.0: PCIe v2 PCI Express Endpoint
0:00:00:05.381 cpu0:2097152)PCI: 248: 0000:01:00.0: Found support for extended capability 0x1 (Advanced Error Reporting)
0:00:00:05.381 cpu0:2097152)PCI: 248: 0000:01:00.0: Found support for extended capability 0x4 (Power Budgeting)
0:00:00:05.381 cpu0:2097152)PCI: 146: Found physical slot 0x5 from ACPI _SUN for 0000:01:00.0
0:00:00:05.381 cpu0:2097152)PCI: 441: Found onboard instance 0x8a01 from SMBIOS for 0000:01:00.0
0:00:00:05.381 cpu0:2097152)PCI: 423: 0000:01:00.0: PCIe v2 PCI Express Endpoint
0:00:00:05.381 cpu0:2097152)PCI: 427: Not a ACS capable device
0:00:00:05.381 cpu0:2097152)PCI: 1097: 0000:01:00.0: probing 1000:0079 1014:03b2
0:00:00:05.381 cpu0:2097152)PCI: 1099:   classCode 0104 progIFRevID 0005
0:00:00:05.381 cpu0:2097152)PCI: 404: 0000:01:00.0: Adding to resource tracker under parent 0000:00:1c.0.
0:00:00:05.381 cpu0:2097152)PCI: 1097: 0000:00:1c.4: probing 8086:3a48 0000:0000
0:00:00:05.381 cpu0:2097152)PCI: 1099:   classCode 0604 progIFRevID 0000
0:00:00:05.381 cpu0:2097152)PCI: 404: 0000:00:1c.4: Adding to resource tracker under parent Root.
0:00:00:05.381 cpu0:2097152)PCI: 544:   Adding bus 06 with parent 00
0:00:00:05.381 cpu0:2097152)PCI: 354: probe-scanning pcie bridge @ seg:bus:slot 0000:00:1c (spawned-bus = 06)
0:00:00:05.381 cpu0:2097152)PCI: 488: 0000:06:00.0: PCIe v1 PCI Express to PCI/PCI-X Bridge
0:00:00:05.381 cpu0:2097152)PCI: 248: 0000:06:00.0: Found support for extended capability 0x2 (Virtual Channel)
0:00:00:05.381 cpu0:2097152)PCI: 1310: Found a PCIe-to-PCI/PCI-X bridge at 0000:06:00.0
0:00:00:05.381 cpu0:2097152)PCI: 1326: PCI bridge at 0000:06:00.0 is an aliasing bridge
0:00:00:05.381 cpu0:2097152)PCI: 1097: 0000:06:00.0: probing 101b:0452 0000:0000
0:00:00:05.381 cpu0:2097152)PCI: 1099:   classCode 0604 progIFRevID 0001
0:00:00:05.381 cpu0:2097152)PCI: 404: 0000:06:00.0: Adding to resource tracker under parent 0000:00:1c.4.
0:00:00:05.381 cpu0:2097152)PCI: 544:   Adding bus 07 with parent 06
0:00:00:05.381 cpu0:2097152)PCI: 354: probe-scanning pcie bridge @ seg:bus:slot 0000:06:00 (spawned-bus = 07)
0:00:00:05.381 cpu0:2097152)PCI: 441: Found onboard instance 0x8301 from SMBIOS for 0000:07:00.0
0:00:00:05.381 cpu0:2097152)PCI: 1097: 0000:07:00.0: probing 102b:0530 1014:0369
0:00:00:05.381 cpu0:2097152)PCI: 1099:   classCode 0300 progIFRevID 0000
0:00:00:05.381 cpu0:2097152)PCI: 404: 0000:07:00.0: Adding to resource tracker under parent 0000:06:00.0.
0:00:00:05.381 cpu0:2097152)PCI: 1097: 0000:00:1d.0: probing 8086:3a34 1014:3a34
0:00:00:05.381 cpu0:2097152)PCI: 1099:   classCode 0c03 progIFRevID 0000
0:00:00:05.381 cpu0:2097152)PCI: 404: 0000:00:1d.0: Adding to resource tracker under parent Root.
0:00:00:05.381 cpu0:2097152)PCI: 1097: 0000:00:1d.1: probing 8086:3a35 1014:3a35
0:00:00:05.381 cpu0:2097152)PCI: 1099:   classCode 0c03 progIFRevID 0000
0:00:00:05.381 cpu0:2097152)PCI: 404: 0000:00:1d.1: Adding to resource tracker under parent Root.
0:00:00:05.381 cpu0:2097152)PCI: 1097: 0000:00:1d.2: probing 8086:3a36 1014:3a36
0:00:00:05.381 cpu0:2097152)PCI: 1099:   classCode 0c03 progIFRevID 0000
0:00:00:05.381 cpu0:2097152)PCI: 404: 0000:00:1d.2: Adding to resource tracker under parent Root.
0:00:00:05.381 cpu0:2097152)PCI: 1097: 0000:00:1d.7: probing 8086:3a3a 1014:3a3a
0:00:00:05.381 cpu0:2097152)PCI: 1099:   classCode 0c03 progIFRevID 2000
0:00:00:05.381 cpu0:2097152)PCI: 404: 0000:00:1d.7: Adding to resource tracker under parent Root.
0:00:00:05.381 cpu0:2097152)PCI: 1295: Found a PCI-to-PCI bridge at 0000:00:1e.0
0:00:00:05.381 cpu0:2097152)PCI: 1326: PCI bridge at 0000:00:1e.0 is an aliasing bridge
0:00:00:05.381 cpu0:2097152)PCI: 1097: 0000:00:1e.0: probing 8086:244e 0000:0000
0:00:00:05.381 cpu0:2097152)PCI: 1099:   classCode 0604 progIFRevID 0190
0:00:00:05.381 cpu0:2097152)PCI: 404: 0000:00:1e.0: Adding to resource tracker under parent Root.
0:00:00:05.381 cpu0:2097152)PCI: 544:   Adding bus 1f with parent 00
0:00:00:05.381 cpu0:2097152)PCI: 354: probe-scanning pci bridge @ seg:bus:slot 0000:00:1e (spawned-bus = 1f)
0:00:00:05.382 cpu0:2097152)PCI: 2163: 0000:00:1f.3: Device is disabled by the BIOS, Command register 0x140
0:00:00:05.382 cpu0:2097152)PCI: 1097: 0000:00:1f.0: probing 8086:3a18 1014:3a18
0:00:00:05.382 cpu0:2097152)PCI: 1099:   classCode 0601 progIFRevID 0000
0:00:00:05.382 cpu0:2097152)PCI: 404: 0000:00:1f.0: Adding to resource tracker under parent Root.
0:00:00:05.382 cpu0:2097152)PCI: 1097: 0000:00:1f.2: probing 8086:3a20 1014:3a20
0:00:00:05.382 cpu0:2097152)PCI: 1099:   classCode 0101 progIFRevID 8f00
0:00:00:05.382 cpu0:2097152)PCI: 404: 0000:00:1f.2: Adding to resource tracker under parent Root.
0:00:00:05.382 cpu0:2097152)PCI: 1097: 0000:00:1f.3: probing 8086:3a30 1014:3a30
0:00:00:05.382 cpu0:2097152)PCI: 1099:   classCode 0c05 progIFRevID 0000
0:00:00:05.382 cpu0:2097152)PCI: 404: 0000:00:1f.3: Adding to resource tracker under parent Root.
0:00:00:05.382 cpu0:2097152)PCI: 1097: 0000:00:1f.5: probing 8086:3a26 1014:3a26
0:00:00:05.382 cpu0:2097152)PCI: 1099:   classCode 0101 progIFRevID 8500
0:00:00:05.382 cpu0:2097152)PCI: 404: 0000:00:1f.5: Adding to resource tracker under parent Root.
0:00:00:05.382 cpu0:2097152)PCI: 305: register-scanning host/root bridge @ seg 0000 (spawned-bus 00)
0:00:00:05.382 cpu0:2097152)PCI: 1312: 0000:00:00.0: registering 8086:3406 1014:7270
0:00:00:05.382 cpu0:2097152)Device: 1466: Registered device: 0x4306f2778790 p0000:00:00.0 8086340610147270060000 (parent=0x78054306f27788c2)
0:00:00:05.382 cpu0:2097152)PCI: 1312: 0000:00:01.0: registering 8086:3408 0000:0000
0:00:00:05.382 cpu0:2097152)Device: 1466: Registered device: 0x4306f2778790 p0000:00:01.0 8086340800000000060400 (parent=0x78054306f27788c2)
0:00:00:05.382 cpu0:2097152)Device: 327: Found driver pci for device 0x370c4306f2778b82
0:00:00:05.382 cpu0:2097152)PCI: 321: skipping probe-scanning pcie bridge @ seg:bus:slot 0000:00:01 (spawned-bus = 0b)
0:00:00:05.382 cpu0:2097152)PCI: 354: register-scanning pcie bridge @ seg:bus:slot 0000:00:01 (spawned-bus = 0b)
0:00:00:05.382 cpu0:2097152)PCI: 1312: 0000:0b:00.0: registering 14e4:1639 1014:03a9
0:00:00:05.382 cpu0:2097152)Device: 1466: Registered device: 0x4306f2778790 m00008501 14e41639101403a9020000 (parent=0x370c4306f2778b82)
0:00:00:05.382 cpu0:2097152)IOResource: 331: Registered resource 0x4306f2a150e0 from module 0 type 2 @ 96000000 len=33554432
0:00:00:05.382 cpu0:2097152)PCI: 1312: 0000:0b:00.1: registering 14e4:1639 1014:03a9
0:00:00:05.382 cpu0:2097152)Device: 1466: Registered device: 0x4306f2778790 m00008502 14e41639101403a9020000 (parent=0x370c4306f2778b82)
0:00:00:05.382 cpu0:2097152)IOResource: 331: Registered resource 0x4306f2a15150 from module 0 type 2 @ 98000000 len=33554432
0:00:00:05.382 cpu0:2097152)PCI: 1312: 0000:00:02.0: registering 8086:3409 0000:0000
0:00:00:05.382 cpu0:2097152)Device: 1466: Registered device: 0x4306f2778790 p0000:00:02.0 8086340900000000060400 (parent=0x78054306f27788c2)
0:00:00:05.382 cpu0:2097152)Device: 327: Found driver pci for device 0x63814306f2779280
0:00:00:05.382 cpu0:2097152)PCI: 321: skipping probe-scanning pcie bridge @ seg:bus:slot 0000:00:02 (spawned-bus = 10)
0:00:00:05.382 cpu0:2097152)PCI: 354: register-scanning pcie bridge @ seg:bus:slot 0000:00:02 (spawned-bus = 10)
0:00:00:05.382 cpu0:2097152)PCI: 1312: 0000:10:00.0: registering 14e4:1639 1014:03a9
0:00:00:05.382 cpu0:2097152)Device: 1466: Registered device: 0x4306f2778790 m00008503 14e41639101403a9020000 (parent=0x63814306f2779280)
0:00:00:05.382 cpu0:2097152)IOResource: 331: Registered resource 0x4306f2a151c0 from module 0 type 2 @ 92000000 len=33554432
0:00:00:05.382 cpu0:2097152)PCI: 1312: 0000:10:00.1: registering 14e4:1639 1014:03a9
0:00:00:05.382 cpu0:2097152)Device: 1466: Registered device: 0x4306f2778790 m00008504 14e41639101403a9020000 (parent=0x63814306f2779280)
0:00:00:05.382 cpu0:2097152)IOResource: 331: Registered resource 0x4306f2a15230 from module 0 type 2 @ 94000000 len=33554432
0:00:00:05.383 cpu0:2097152)PCI: 1312: 0000:00:03.0: registering 8086:340a 0000:0000
0:00:00:05.383 cpu0:2097152)Device: 1466: Registered device: 0x4306f2778790 p0000:00:03.0 8086340a00000000060400 (parent=0x78054306f27788c2)
0:00:00:05.383 cpu0:2097152)Device: 327: Found driver pci for device 0x273b4306f2779586
0:00:00:05.383 cpu0:2097152)PCI: 321: skipping probe-scanning pcie bridge @ seg:bus:slot 0000:00:03 (spawned-bus = 15)
0:00:00:05.383 cpu0:2097152)PCI: 354: register-scanning pcie bridge @ seg:bus:slot 0000:00:03 (spawned-bus = 15)
0:00:00:05.383 cpu0:2097152)PCI: 1312: 0000:15:00.0: registering 8086:1521 8086:0002
0:00:00:05.383 cpu0:2097152)PCI: 2236: 0000:15:00.0: Enabling device, Command register mask: 0x2
0:00:00:05.383 cpu0:2097152)Device: 1466: Registered device: 0x4306f2778790 s00000001.00 8086152180860002020000 (parent=0x273b4306f2779586)
0:00:00:05.383 cpu0:2097152)IOResource: 331: Registered resource 0x4306f2a152a0 from module 0 type 2 @ 9bc00000 len=1048576
0:00:00:05.383 cpu0:2097152)IOResource: 331: Registered resource 0x4306f2a15310 from module 0 type 2 @ 9bd04000 len=16384
0:00:00:05.383 cpu0:2097152)PCI: 1312: 0000:15:00.1: registering 8086:1521 8086:0002
0:00:00:05.383 cpu0:2097152)PCI: 2236: 0000:15:00.1: Enabling device, Command register mask: 0x2
0:00:00:05.383 cpu0:2097152)Device: 1466: Registered device: 0x4306f2778790 s00000001.01 8086152180860002020000 (parent=0x273b4306f2779586)
0:00:00:05.383 cpu0:2097152)IOResource: 331: Registered resource 0x4306f2a15380 from module 0 type 2 @ 9bb00000 len=1048576
0:00:00:05.383 cpu0:2097152)IOResource: 331: Registered resource 0x4306f2a153f0 from module 0 type 2 @ 9bd00000 len=16384
0:00:00:05.383 cpu0:2097152)PCI: 1312: 0000:00:07.0: registering 8086:340e 0000:0000
0:00:00:05.383 cpu0:2097152)Device: 1466: Registered device: 0x4306f2778790 p0000:00:07.0 8086340e00000000060400 (parent=0x78054306f27788c2)
0:00:00:05.383 cpu0:2097152)Device: 327: Found driver pci for device 0x58fb4306f27799ce
0:00:00:05.383 cpu0:2097152)PCI: 321: skipping probe-scanning pcie bridge @ seg:bus:slot 0000:00:07 (spawned-bus = 1a)
0:00:00:05.383 cpu0:2097152)PCI: 354: register-scanning pcie bridge @ seg:bus:slot 0000:00:07 (spawned-bus = 1a)
0:00:00:05.383 cpu0:2097152)PCI: 1312: 0000:1a:00.0: registering 10df:f100 10df:f100
0:00:00:05.383 cpu0:2097152)Device: 1466: Registered device: 0x4306f2778790 s00000003.00 10dff10010dff1000c0400 (parent=0x58fb4306f27799ce)
0:00:00:05.383 cpu0:2097152)IOResource: 331: Registered resource 0x4306f2a15460 from module 0 type 2 @ 9ba08000 len=4096
0:00:00:05.383 cpu0:2097152)IOResource: 331: Registered resource 0x4306f2a154d0 from module 0 type 2 @ 9ba00000 len=16384
0:00:00:05.383 cpu0:2097152)PCI: 1312: 0000:1a:00.1: registering 10df:f100 10df:f100
0:00:00:05.383 cpu0:2097152)Device: 1466: Registered device: 0x4306f2778790 s00000003.01 10dff10010dff1000c0400 (parent=0x58fb4306f27799ce)
0:00:00:05.383 cpu0:2097152)IOResource: 331: Registered resource 0x4306f2a15540 from module 0 type 2 @ 9ba09000 len=4096
0:00:00:05.383 cpu0:2097152)IOResource: 331: Registered resource 0x4306f2a155b0 from module 0 type 2 @ 9ba04000 len=16384
0:00:00:05.383 cpu0:2097152)PCI: 1312: 0000:00:10.0: registering 8086:3425 0000:0000
0:00:00:05.383 cpu0:2097152)Device: 1466: Registered device: 0x4306f2778790 p0000:00:10.0 8086342500000000080000 (parent=0x78054306f27788c2)
0:00:00:05.383 cpu0:2097152)PCI: 1312: 0000:00:10.1: registering 8086:3426 0000:0000
0:00:00:05.383 cpu0:2097152)Device: 1466: Registered device: 0x4306f2778790 p0000:00:10.1 8086342600000000080000 (parent=0x78054306f27788c2)
0:00:00:05.383 cpu0:2097152)PCI: 1312: 0000:00:11.0: registering 8086:3427 0000:0000
0:00:00:05.383 cpu0:2097152)Device: 1466: Registered device: 0x4306f2778790 p0000:00:11.0 8086342700000000080000 (parent=0x78054306f27788c2)
0:00:00:05.383 cpu0:2097152)PCI: 1312: 0000:00:11.1: registering 8086:3428 0000:0000
0:00:00:05.383 cpu0:2097152)Device: 1466: Registered device: 0x4306f2778790 p0000:00:11.1 8086342800000000080000 (parent=0x78054306f27788c2)
0:00:00:05.383 cpu0:2097152)PCI: 1312: 0000:00:14.0: registering 8086:342e 0000:0000
0:00:00:05.383 cpu0:2097152)Device: 1466: Registered device: 0x4306f2778790 p0000:00:14.0 8086342e00000000080000 (parent=0x78054306f27788c2)
0:00:00:05.383 cpu0:2097152)PCI: 1312: 0000:00:14.1: registering 8086:3422 0000:0000
0:00:00:05.383 cpu0:2097152)Device: 1466: Registered device: 0x4306f2778790 p0000:00:14.1 8086342200000000080000 (parent=0x78054306f27788c2)
0:00:00:05.384 cpu0:2097152)PCI: 1312: 0000:00:14.2: registering 8086:3423 0000:0000
0:00:00:05.384 cpu0:2097152)Device: 1466: Registered device: 0x4306f2778790 p0000:00:14.2 8086342300000000080000 (parent=0x78054306f27788c2)
0:00:00:05.384 cpu0:2097152)PCI: 1312: 0000:00:14.3: registering 8086:3438 0000:0000
0:00:00:05.384 cpu0:2097152)Device: 1466: Registered device: 0x4306f2778790 p0000:00:14.3 8086343800000000080000 (parent=0x78054306f27788c2)
0:00:00:05.384 cpu0:2097152)PCI: 1312: 0000:00:15.0: registering 8086:342f 0000:0000
0:00:00:05.384 cpu0:2097152)Device: 1466: Registered device: 0x4306f2778790 p0000:00:15.0 8086342f00000000080020 (parent=0x78054306f27788c2)
0:00:00:05.384 cpu0:2097152)PCI: 1312: 0000:00:16.0: registering 8086:3430 1014:3430
0:00:00:05.384 cpu0:2097152)PCI: 2236: 0000:00:16.0: Enabling device, Command register mask: 0x2
0:00:00:05.384 cpu0:2097152)Device: 1466: Registered device: 0x4306f2778790 p0000:00:16.0 8086343010143430088000 (parent=0x78054306f27788c2)
0:00:00:05.384 cpu0:2097152)IOResource: 331: Registered resource 0x4306f2a15620 from module 0 type 2 @ 9be00000 len=16384
0:00:00:05.384 cpu0:2097152)PCI: 1312: 0000:00:16.1: registering 8086:3431 1014:3431
0:00:00:05.384 cpu0:2097152)PCI: 2236: 0000:00:16.1: Enabling device, Command register mask: 0x2
0:00:00:05.384 cpu0:2097152)Device: 1466: Registered device: 0x4306f2778790 p0000:00:16.1 8086343110143431088000 (parent=0x78054306f27788c2)
0:00:00:05.384 cpu0:2097152)IOResource: 331: Registered resource 0x4306f2a15690 from module 0 type 2 @ 9be04000 len=16384
0:00:00:05.384 cpu0:2097152)PCI: 1312: 0000:00:16.2: registering 8086:3432 1014:3432
0:00:00:05.384 cpu0:2097152)PCI: 2236: 0000:00:16.2: Enabling device, Command register mask: 0x2
0:00:00:05.384 cpu0:2097152)Device: 1466: Registered device: 0x4306f2778790 p0000:00:16.2 8086343210143432088000 (parent=0x78054306f27788c2)
0:00:00:05.384 cpu0:2097152)IOResource: 331: Registered resource 0x4306f2a15700 from module 0 type 2 @ 9be08000 len=16384
0:00:00:05.384 cpu0:2097152)PCI: 1312: 0000:00:16.3: registering 8086:3433 1014:3433
0:00:00:05.384 cpu0:2097152)PCI: 2236: 0000:00:16.3: Enabling device, Command register mask: 0x2
0:00:00:05.384 cpu0:2097152)Device: 1466: Registered device: 0x4306f2778790 p0000:00:16.3 8086343310143433088000 (parent=0x78054306f27788c2)
0:00:00:05.384 cpu0:2097152)IOResource: 331: Registered resource 0x4306f2a15770 from module 0 type 2 @ 9be0c000 len=16384
0:00:00:05.384 cpu0:2097152)PCI: 1312: 0000:00:16.4: registering 8086:3429 1014:3429
0:00:00:05.384 cpu0:2097152)PCI: 2236: 0000:00:16.4: Enabling device, Command register mask: 0x2
0:00:00:05.384 cpu0:2097152)Device: 1466: Registered device: 0x4306f2778790 p0000:00:16.4 8086342910143429088000 (parent=0x78054306f27788c2)
0:00:00:05.384 cpu0:2097152)IOResource: 331: Registered resource 0x4306f2a157e0 from module 0 type 2 @ 9be10000 len=16384
0:00:00:05.384 cpu0:2097152)PCI: 1312: 0000:00:16.5: registering 8086:342a 1014:342a
0:00:00:05.384 cpu0:2097152)PCI: 2236: 0000:00:16.5: Enabling device, Command register mask: 0x2
0:00:00:05.384 cpu0:2097152)Device: 1466: Registered device: 0x4306f2778790 p0000:00:16.5 8086342a1014342a088000 (parent=0x78054306f27788c2)
0:00:00:05.384 cpu0:2097152)IOResource: 331: Registered resource 0x4306f2a15850 from module 0 type 2 @ 9be14000 len=16384
0:00:00:05.384 cpu0:2097152)PCI: 1312: 0000:00:16.6: registering 8086:342b 1014:342b
0:00:00:05.384 cpu0:2097152)PCI: 2236: 0000:00:16.6: Enabling device, Command register mask: 0x2
0:00:00:05.384 cpu0:2097152)Device: 1466: Registered device: 0x4306f2778790 p0000:00:16.6 8086342b1014342b088000 (parent=0x78054306f27788c2)
0:00:00:05.384 cpu0:2097152)IOResource: 331: Registered resource 0x4306f2a158c0 from module 0 type 2 @ 9be18000 len=16384
0:00:00:05.384 cpu0:2097152)PCI: 1312: 0000:00:16.7: registering 8086:342c 1014:342c
0:00:00:05.384 cpu0:2097152)PCI: 2236: 0000:00:16.7: Enabling device, Command register mask: 0x2
0:00:00:05.384 cpu0:2097152)Device: 1466: Registered device: 0x4306f2778790 p0000:00:16.7 8086342c1014342c088000 (parent=0x78054306f27788c2)
0:00:00:05.384 cpu0:2097152)IOResource: 331: Registered resource 0x4306f2a15930 from module 0 type 2 @ 9be1c000 len=16384
0:00:00:05.384 cpu0:2097152)PCI: 1312: 0000:00:1a.0: registering 8086:3a37 1014:3a37
0:00:00:05.384 cpu0:2097152)Device: 1466: Registered device: 0x4306f2778790 p0000:00:1a.0 80863a3710143a370c0300 (parent=0x78054306f27788c2)
0:00:00:05.384 cpu0:2097152)IOResource: 331: Registered resource 0x4306f2a159a0 from module 0 type 3 @ 20a0 len=32
0:00:00:05.384 cpu0:2097152)PCI: 1312: 0000:00:1a.1: registering 8086:3a38 1014:3a38
0:00:00:05.384 cpu0:2097152)Device: 1466: Registered device: 0x4306f2778790 p0000:00:1a.1 80863a3810143a380c0300 (parent=0x78054306f27788c2)
0:00:00:05.384 cpu0:2097152)IOResource: 331: Registered resource 0x4306f2a15a10 from module 0 type 3 @ 2080 len=32
0:00:00:05.384 cpu0:2097152)PCI: 1312: 0000:00:1a.7: registering 8086:3a3c 1014:3a3c
0:00:00:05.384 cpu0:2097152)Device: 1466: Registered device: 0x4306f2778790 p0000:00:1a.7 80863a3c10143a3c0c0320 (parent=0x78054306f27788c2)
0:00:00:05.384 cpu0:2097152)IOResource: 331: Registered resource 0x4306f2a15a80 from module 0 type 2 @ 9be21000 len=1024
0:00:00:05.384 cpu0:2097152)PCI: 1312: 0000:00:1c.0: registering 8086:3a40 0000:0000
0:00:00:05.384 cpu0:2097152)Device: 1466: Registered device: 0x4306f2778790 p0000:00:1c.0 80863a4000000000060400 (parent=0x78054306f27788c2)
0:00:00:05.384 cpu0:2097152)Device: 327: Found driver pci for device 0x7b9b4306f277bc69
0:00:00:05.384 cpu0:2097152)PCI: 354: probe-scanning pcie bridge @ seg:bus:slot 0000:00:1c (spawned-bus = 01)
0:00:00:05.384 cpu0:2097152)PCI: 1659: 0000:01:00.0 1000:0079 1014:03b2 unchanged, done with probe-scan phase already.
0:00:00:05.385 cpu0:2097152)PCI: 354: register-scanning pcie bridge @ seg:bus:slot 0000:00:1c (spawned-bus = 01)
0:00:00:05.385 cpu0:2097152)PCI: 1312: 0000:01:00.0: registering 1000:0079 1014:03b2
0:00:00:05.385 cpu0:2097152)Device: 1466: Registered device: 0x4306f2778790 m00008a01 10000079101403b2010400 (parent=0x7b9b4306f277bc69)
0:00:00:05.385 cpu0:2097152)IOResource: 331: Registered resource 0x4306f2a15af0 from module 0 type 3 @ 1000 len=256
0:00:00:05.385 cpu0:2097152)IOResource: 331: Registered resource 0x4306f2a15b60 from module 0 type 2 @ 9b940000 len=16384
0:00:00:05.385 cpu0:2097152)IOResource: 331: Registered resource 0x4306f2a15bd0 from module 0 type 2 @ 9b900000 len=262144
0:00:00:05.385 cpu0:2097152)PCI: 1312: 0000:00:1c.4: registering 8086:3a48 0000:0000
0:00:00:05.385 cpu0:2097152)Device: 1466: Registered device: 0x4306f2778790 p0000:00:1c.4 80863a4800000000060400 (parent=0x78054306f27788c2)
0:00:00:05.385 cpu0:2097152)Device: 327: Found driver pci for device 0x47bd4306f277bfa3
0:00:00:05.385 cpu0:2097152)PCI: 321: skipping probe-scanning pcie bridge @ seg:bus:slot 0000:00:1c (spawned-bus = 06)
0:00:00:05.385 cpu0:2097152)PCI: 354: register-scanning pcie bridge @ seg:bus:slot 0000:00:1c (spawned-bus = 06)
0:00:00:05.385 cpu0:2097152)PCI: 1312: 0000:06:00.0: registering 101b:0452 0000:0000
0:00:00:05.385 cpu0:2097152)Device: 1466: Registered device: 0x4306f2778790 p0000:06:00.0 101b045200000000060400 (parent=0x47bd4306f277bfa3)
0:00:00:05.385 cpu0:2097152)Device: 327: Found driver pci for device 0x54ff4306f277c020
0:00:00:05.385 cpu0:2097152)PCI: 321: skipping probe-scanning pcie bridge @ seg:bus:slot 0000:06:00 (spawned-bus = 07)
0:00:00:05.385 cpu0:2097152)PCI: 354: register-scanning pcie bridge @ seg:bus:slot 0000:06:00 (spawned-bus = 07)
0:00:00:05.385 cpu0:2097152)PCI: 1312: 0000:07:00.0: registering 102b:0530 1014:0369
0:00:00:05.385 cpu0:2097152)Device: 1466: Registered device: 0x4306f2778790 m00008301 102b053010140369030000 (parent=0x54ff4306f277c020)
0:00:00:05.385 cpu0:2097152)IOResource: 331: Registered resource 0x4306f2a15c40 from module 0 type 2 @ 9a000000 len=16777216
0:00:00:05.385 cpu0:2097152)IOResource: 331: Registered resource 0x4306f2a15cb0 from module 0 type 2 @ 9b800000 len=16384
0:00:00:05.385 cpu0:2097152)IOResource: 331: Registered resource 0x4306f2a15d20 from module 0 type 2 @ 9b000000 len=8388608
0:00:00:05.385 cpu0:2097152)PCI: 1312: 0000:00:1d.0: registering 8086:3a34 1014:3a34
0:00:00:05.385 cpu0:2097152)Device: 1466: Registered device: 0x4306f2778790 p0000:00:1d.0 80863a3410143a340c0300 (parent=0x78054306f27788c2)
0:00:00:05.385 cpu0:2097152)IOResource: 331: Registered resource 0x4306f2a15d90 from module 0 type 3 @ 2060 len=32
0:00:00:05.385 cpu0:2097152)PCI: 1312: 0000:00:1d.1: registering 8086:3a35 1014:3a35
0:00:00:05.385 cpu0:2097152)Device: 1466: Registered device: 0x4306f2778790 p0000:00:1d.1 80863a3510143a350c0300 (parent=0x78054306f27788c2)
0:00:00:05.385 cpu0:2097152)IOResource: 331: Registered resource 0x4306f2a15e00 from module 0 type 3 @ 2040 len=32
0:00:00:05.385 cpu0:2097152)PCI: 1312: 0000:00:1d.2: registering 8086:3a36 1014:3a36
0:00:00:05.385 cpu0:2097152)Device: 1466: Registered device: 0x4306f2778790 p0000:00:1d.2 80863a3610143a360c0300 (parent=0x78054306f27788c2)
0:00:00:05.385 cpu0:2097152)IOResource: 331: Registered resource 0x4306f2a15e70 from module 0 type 3 @ 2020 len=32
0:00:00:05.385 cpu0:2097152)PCI: 1312: 0000:00:1d.7: registering 8086:3a3a 1014:3a3a
0:00:00:05.385 cpu0:2097152)Device: 1466: Registered device: 0x4306f2778790 p0000:00:1d.7 80863a3a10143a3a0c0320 (parent=0x78054306f27788c2)
0:00:00:05.385 cpu0:2097152)IOResource: 331: Registered resource 0x4306f2a15ee0 from module 0 type 2 @ 9be20000 len=1024
0:00:00:05.385 cpu0:2097152)PCI: 1312: 0000:00:1e.0: registering 8086:244e 0000:0000
0:00:00:05.385 cpu0:2097152)Device: 1466: Registered device: 0x4306f2778790 p0000:00:1e.0 8086244e00000000060401 (parent=0x78054306f27788c2)
0:00:00:05.385 cpu0:2097152)Device: 327: Found driver pci for device 0x307d4306f277c91e
0:00:00:05.385 cpu0:2097152)PCI: 321: skipping probe-scanning pci bridge @ seg:bus:slot 0000:00:1e (spawned-bus = 1f)
0:00:00:05.385 cpu0:2097152)PCI: 354: register-scanning pci bridge @ seg:bus:slot 0000:00:1e (spawned-bus = 1f)
0:00:00:05.385 cpu0:2097152)PCI: 1312: 0000:00:1f.0: registering 8086:3a18 1014:3a18
0:00:00:05.385 cpu0:2097152)Device: 1466: Registered device: 0x4306f2778790 p0000:00:1f.0 80863a1810143a18060100 (parent=0x78054306f27788c2)
0:00:00:05.385 cpu0:2097152)PCI: 1312: 0000:00:1f.2: registering 8086:3a20 1014:3a20
0:00:00:05.385 cpu0:2097152)Device: 1466: Registered device: 0x4306f2778790 p0000:00:1f.2 80863a2010143a2001018f (parent=0x78054306f27788c2)
0:00:00:05.385 cpu0:2097152)IOResource: 331: Registered resource 0x4306f2a15f50 from module 0 type 3 @ 2118 len=8
0:00:00:05.385 cpu0:2097152)IOResource: 331: Registered resource 0x4306f2a15fc0 from module 0 type 3 @ 212c len=4
0:00:00:05.385 cpu0:2097152)IOResource: 331: Registered resource 0x4306f2a16030 from module 0 type 3 @ 2110 len=8
0:00:00:05.385 cpu0:2097152)IOResource: 331: Registered resource 0x4306f2a160a0 from module 0 type 3 @ 2128 len=4
0:00:00:05.385 cpu0:2097152)IOResource: 331: Registered resource 0x4306f2a16110 from module 0 type 3 @ 20f0 len=16
0:00:00:05.385 cpu0:2097152)IOResource: 331: Registered resource 0x4306f2a16180 from module 0 type 3 @ 20e0 len=16
0:00:00:05.385 cpu0:2097152)PCI: 1312: 0000:00:1f.3: registering 8086:3a30 1014:3a30
0:00:00:05.385 cpu0:2097152)PCI: 2236: 0000:00:1f.3: Enabling device, Command register mask: 0x3
0:00:00:05.385 cpu0:2097152)Device: 1466: Registered device: 0x4306f2778790 p0000:00:1f.3 80863a3010143a300c0500 (parent=0x78054306f27788c2)
0:00:00:05.385 cpu0:2097152)IOResource: 331: Registered resource 0x4306f2a161f0 from module 0 type 2 @ 9be22000 len=256
0:00:00:05.385 cpu0:2097152)IOResource: 331: Registered resource 0x4306f2a16260 from module 0 type 3 @ 2000 len=32
0:00:00:05.385 cpu0:2097152)PCI: 1312: 0000:00:1f.5: registering 8086:3a26 1014:3a26
0:00:00:05.385 cpu0:2097152)Device: 1466: Registered device: 0x4306f2778790 p0000:00:1f.5 80863a2610143a26010185 (parent=0x78054306f27788c2)
0:00:00:05.385 cpu0:2097152)IOResource: 331: Registered resource 0x4306f2a162d0 from module 0 type 3 @ 2108 len=8
0:00:00:05.385 cpu0:2097152)IOResource: 331: Registered resource 0x4306f2a16340 from module 0 type 3 @ 2124 len=4
0:00:00:05.385 cpu0:2097152)IOResource: 331: Registered resource 0x4306f2a163b0 from module 0 type 3 @ 2100 len=8
0:00:00:05.385 cpu0:2097152)IOResource: 331: Registered resource 0x4306f2a16420 from module 0 type 3 @ 2120 len=4
0:00:00:05.385 cpu0:2097152)IOResource: 331: Registered resource 0x4306f2a16490 from module 0 type 3 @ 20d0 len=16
0:00:00:05.385 cpu0:2097152)IOResource: 331: Registered resource 0x4306f2a16500 from module 0 type 3 @ 20c0 len=16
0:00:00:05.385 cpu0:2097152)PCI: 816: 0000:07:00.0 to 4
0:00:00:05.386 cpu0:2097152)HPET: 516: HPET timer 0 capabilities 0xf0000000000030
0:00:00:05.386 cpu0:2097152)IOAPIC: 1635: 0x21 retriggerred
0:00:00:05.386 cpu0:2097152)HPET: 292: Got an HPET interrupt, counter = 68356383
0:00:00:05.388 cpu0:2097152)HPET: 362: 1000 calls to HPET_SetTimeout(hpetHz) took 3381184 TSC cycles
0:00:00:05.398 cpu0:2097152)HPET: 292: Got an HPET interrupt, counter = 68532163
0:00:00:05.418 cpu0:2097152)HPET: 516: HPET timer 0 capabilities 0xf0000000000034
0:00:00:05.418 cpu0:2097152)GlobalTimer: 80: GlobalTimer service available
0:00:00:05.418 cpu0:2097152)Initializing power management ...
0:00:00:05.426 cpu0:2097152)MCAIntel: 1294: Machine check recovery is not supported by this processor
0:00:00:05.430 cpu0:2097152)Initializing page cache ...
0:00:00:05.434 cpu0:2097152)Initializing PCI passthru ...
0:00:00:05.437 cpu0:2097152)Initializing events ...
0:00:00:05.441 cpu0:2097152)CpuSched: 699: user latency of 2097544 pmemArs 0 changed by 2097152 bootstrap -6
0:00:00:05.441 cpu0:2097152)FDS: 414: Registered FDS Driver PMemNamespaces
0:00:00:05.441 cpu0:2097152)FDS: 414: Registered FDS Driver PMemVolumes
0:00:00:05.441 cpu0:2097152)PMemDS: 142: pmem data store = 1
0:00:00:05.441 cpu0:2097152)FDS: 414: Registered FDS Driver PMemDS
0:00:00:05.441 cpu0:2097152)FDS: 414: Registered FDS Driver PMemDisk
0:00:00:05.441 cpu0:2097152)Initializing heartbeat ...
0:00:00:05.445 cpu0:2097152)NUMASched: 6283: Reset NUMASched statistics
0:00:00:05.445 cpu0:2097152)CpuSched: 16357: Reset scheduler statistics
0:00:00:05.445 cpu0:2097152)NRandomHwrng: 589: HWRNG not found.
0:00:00:05.445 cpu0:2097152)NRandom: 2293: Random subsystem initialized.
0:00:00:05.445 cpu0:2097152)Device: 192: Registered driver 'chardevlayer' from 0
0:00:00:05.445 cpu0:2097152)Init: 1009: Vmkernel initialization done.
0:00:00:05.445 cpu0:2097152)VMKernel loaded successfully.
2025-12-27T00:43:59.106Z cpu9:2097486)VSCSI: 3041: Starting reset watchdog world 2097486
2025-12-27T00:43:59.106Z cpu8:2097485)VSCSI: 2838: Starting reset handler world 2097485/1
2025-12-27T00:43:59.107Z cpu0:2097221)ScsiCore: 175: Starting taskMgmt watchdog world 2097221
2025-12-27T00:43:59.107Z cpu22:2097551)ScsiCore: 104: Starting taskmgmt handler world 2097551/1
2025-12-27T00:43:59.107Z cpu0:2097222)ScsiCore: 175: Starting taskMgmt watchdog world 2097222
2025-12-27T00:43:59.107Z cpu22:2097552)ScsiCore: 104: Starting taskmgmt handler world 2097552/1
2025-12-27T00:43:59.108Z cpu0:2097152)Power: 1545: Current power management policy was set to "Balanced"
2025-12-27T00:43:59.109Z cpu0:2097152)Boot: 572: 25231 symbols, 573057
2025-12-27T00:44:05.345Z cpu0:2097152)BootModule: 1076: Loading kernel boot module chardevs.b00
2025-12-27T00:44:05.345Z cpu0:2097152)Loading module chardevs ...
2025-12-27T00:44:05.347Z cpu0:2097152)Elf: 2101: module chardevs has license VMware
2025-12-27T00:44:05.348Z cpu0:2097152)TTY: 262: Allocated 4 out of 4 ttys
2025-12-27T00:44:05.348Z cpu0:2097152)SerialDev: 237: Added serial device uart0, index 15, id 0
2025-12-27T00:44:05.348Z cpu0:2097152)SerialDev: 237: Added serial device uart1, index 16, id 1
2025-12-27T00:44:05.349Z cpu0:2097152)Mod: 4962: Initialization of chardevs succeeded with module ID 1.
2025-12-27T00:44:05.349Z cpu0:2097152)chardevs loaded successfully.
2025-12-27T00:44:05.351Z cpu0:2097152)BootModule: 1076: Loading kernel boot module user.b00
2025-12-27T00:44:05.351Z cpu0:2097152)Loading module user ...
2025-12-27T00:44:05.355Z cpu0:2097152)Elf: 2101: module user has license VMware
2025-12-27T00:44:05.375Z cpu0:2097152)Mod: 4962: Initialization of user succeeded with module ID 2.
2025-12-27T00:44:05.375Z cpu0:2097152)user loaded successfully.
2025-12-27T00:44:05.378Z cpu0:2097152)BootModule: 1076: Loading kernel boot module procfs.b00
2025-12-27T00:44:05.378Z cpu0:2097152)Loading module procfs ...
2025-12-27T00:44:05.380Z cpu0:2097152)Elf: 2101: module procfs has license VMware
2025-12-27T00:44:05.381Z cpu0:2097152)FSS: 1147: Registered fs procfs, module 3, fsTypeNum 0xdff6
2025-12-27T00:44:05.381Z cpu0:2097152)Mod: 4962: Initialization of procfs succeeded with module ID 3.
2025-12-27T00:44:05.381Z cpu0:2097152)procfs loaded successfully.
2025-12-27T00:44:05.383Z cpu0:2097152)VisorFSTar: 1856: vmx.v00 for 0x676f24b bytes
2025-12-27T00:44:05.384Z cpu0:2097152)VisorFSTar: 1856: vim.v00 for 0x7061902 bytes
2025-12-27T00:44:05.385Z cpu0:2097152)VisorFSTar: 1856: sb.v00 for 0xbd53250 bytes
2025-12-27T00:44:05.398Z cpu0:2097152)VisorFSTar: 1856: s.v00 for 0x3b57558 bytes
2025-12-27T00:44:05.403Z cpu0:2097152)VisorFSTar: 1856: lsi_msgp.v00 for 0x87625 bytes
2025-12-27T00:44:05.405Z cpu0:2097152)VisorFSTar: 1856: bnxtnet.v00 for 0xeb2d0 bytes
2025-12-27T00:44:05.407Z cpu0:2097152)VisorFSTar: 1856: bnxtroce.v00 for 0x65f10 bytes
2025-12-27T00:44:05.408Z cpu0:2097152)VisorFSTar: 1856: lsi_mr3.v00 for 0x5ee3f bytes
2025-12-27T00:44:05.409Z cpu0:2097152)VisorFSTar: 1856: lsi_msgp.v01 for 0x9c43f bytes
2025-12-27T00:44:05.411Z cpu0:2097152)VisorFSTar: 1856: elx_esx_.v00 for 0x6686d1 bytes
2025-12-27T00:44:05.428Z cpu0:2097152)VisorFSTar: 1856: brcmfcoe.v00 for 0x237cd0 bytes
2025-12-27T00:44:05.435Z cpu0:2097152)VisorFSTar: 1856: elxiscsi.v00 for 0x81990 bytes
2025-12-27T00:44:05.436Z cpu0:2097152)VisorFSTar: 1856: elxnet.v00 for 0xa1ac0 bytes
2025-12-27T00:44:05.438Z cpu0:2097152)VisorFSTar: 1856: lpfc.v00 for 0x2d72c3 bytes
2025-12-27T00:44:05.445Z cpu0:2097152)VisorFSTar: 1856: i40en.v00 for 0xcbae0 bytes
2025-12-27T00:44:05.448Z cpu0:2097152)VisorFSTar: 1856: iavmd.v00 for 0xb65a8 bytes
2025-12-27T00:44:05.450Z cpu0:2097152)VisorFSTar: 1856: icen.v00 for 0x266260 bytes
2025-12-27T00:44:05.456Z cpu0:2097152)VisorFSTar: 1856: igbn.v00 for 0x714c0 bytes
2025-12-27T00:44:05.457Z cpu0:2097152)VisorFSTar: 1856: ixgben.v00 for 0xaf530 bytes
2025-12-27T00:44:05.459Z cpu0:2097152)VisorFSTar: 1856: nmlx4_co.v00 for 0xa6020 bytes
2025-12-27T00:44:05.461Z cpu0:2097152)VisorFSTar: 1856: nmlx4_en.v00 for 0xad498 bytes
2025-12-27T00:44:05.463Z cpu0:2097152)VisorFSTar: 1856: nmlx4_rd.v00 for 0x40010 bytes
2025-12-27T00:44:05.464Z cpu0:2097152)VisorFSTar: 1856: nmlx5_co.v00 for 0x1ff56a bytes
2025-12-27T00:44:05.469Z cpu0:2097152)VisorFSTar: 1856: nmlx5_rd.v00 for 0x43730 bytes
2025-12-27T00:44:05.470Z cpu0:2097152)VisorFSTar: 1856: smartpqi.v00 for 0xa5a64 bytes
2025-12-27T00:44:05.472Z cpu0:2097152)VisorFSTar: 1856: qlnative.v00 for 0x29b6b8 bytes
2025-12-27T00:44:05.479Z cpu0:2097152)VisorFSTar: 1856: qcnic.v00 for 0x491d8 bytes
2025-12-27T00:44:05.480Z cpu0:2097152)VisorFSTar: 1856: qedentv_.v00 for 0x390458 bytes
2025-12-27T00:44:05.489Z cpu0:2097152)VisorFSTar: 1856: qedentv.v00 for 0x3b7458 bytes
2025-12-27T00:44:05.499Z cpu0:2097152)VisorFSTar: 1856: qedf.v00 for 0x44c830 bytes
2025-12-27T00:44:05.511Z cpu0:2097152)VisorFSTar: 1856: qedi.v00 for 0x35bb30 bytes
2025-12-27T00:44:05.520Z cpu0:2097152)VisorFSTar: 1856: qedrntv.v00 for 0x2f9b30 bytes
2025-12-27T00:44:05.528Z cpu0:2097152)VisorFSTar: 1856: qfle3.v00 for 0x2ae5f2 bytes
2025-12-27T00:44:05.536Z cpu0:2097152)VisorFSTar: 1856: qfle3f.v00 for 0x156a08 bytes
2025-12-27T00:44:05.539Z cpu0:2097152)VisorFSTar: 1856: qfle3i.v00 for 0x5b2a0 bytes
2025-12-27T00:44:05.540Z cpu0:2097152)VisorFSTar: 1856: ata_liba.v00 for 0x49b98 bytes
2025-12-27T00:44:05.541Z cpu0:2097152)VisorFSTar: 1856: ata_pata.v00 for 0xb200 bytes
2025-12-27T00:44:05.541Z cpu0:2097152)VisorFSTar: 1856: ata_pata.v01 for 0x8c28 bytes
2025-12-27T00:44:05.541Z cpu0:2097152)VisorFSTar: 1856: ata_pata.v02 for 0x9350 bytes
2025-12-27T00:44:05.542Z cpu0:2097152)VisorFSTar: 1856: ata_pata.v03 for 0x96c0 bytes
2025-12-27T00:44:05.542Z cpu0:2097152)VisorFSTar: 1856: ata_pata.v04 for 0xa550 bytes
2025-12-27T00:44:05.542Z cpu0:2097152)VisorFSTar: 1856: ata_pata.v05 for 0x9968 bytes
2025-12-27T00:44:05.542Z cpu0:2097152)VisorFSTar: 1856: ata_pata.v06 for 0x8c98 bytes
2025-12-27T00:44:05.542Z cpu0:2097152)VisorFSTar: 1856: ata_pata.v07 for 0x9d40 bytes
2025-12-27T00:44:05.542Z cpu0:2097152)VisorFSTar: 1856: block_cc.v00 for 0x151d8 bytes
2025-12-27T00:44:05.543Z cpu0:2097152)VisorFSTar: 1856: char_ran.v00 for 0xce58 bytes
2025-12-27T00:44:05.543Z cpu0:2097152)VisorFSTar: 1856: ehci_ehc.v00 for 0x17fb0 bytes
2025-12-27T00:44:05.543Z cpu0:2097152)VisorFSTar: 1856: hid_hid.v00 for 0xf3e8 bytes
2025-12-27T00:44:05.543Z cpu0:2097152)VisorFSTar: 1856: ima_qla4.v00 for 0x13c2a4 bytes
2025-12-27T00:44:05.547Z cpu0:2097152)VisorFSTar: 1856: ipmi_ipm.v00 for 0xa368 bytes
2025-12-27T00:44:05.547Z cpu0:2097152)VisorFSTar: 1856: ipmi_ipm.v01 for 0x14b68 bytes
2025-12-27T00:44:05.547Z cpu0:2097152)VisorFSTar: 1856: ipmi_ipm.v02 for 0x198b0 bytes
2025-12-27T00:44:05.548Z cpu0:2097152)VisorFSTar: 1856: iser.v00 for 0x3a8e0 bytes
2025-12-27T00:44:05.548Z cpu0:2097152)VisorFSTar: 1856: lpnic.v00 for 0xa0710 bytes
2025-12-27T00:44:05.550Z cpu0:2097152)VisorFSTar: 1856: lsi_msgp.v02 for 0x80dc0 bytes
2025-12-27T00:44:05.551Z cpu0:2097152)VisorFSTar: 1856: misc_cni.v00 for 0x59c8 bytes
2025-12-27T00:44:05.551Z cpu0:2097152)VisorFSTar: 1856: misc_dri.v00 for 0x1477d0 bytes
2025-12-27T00:44:05.555Z cpu0:2097152)VisorFSTar: 1856: mtip32xx.v00 for 0x3f858 bytes
2025-12-27T00:44:05.556Z cpu0:2097152)VisorFSTar: 1856: ne1000.v00 for 0x9ffd0 bytes
2025-12-27T00:44:05.557Z cpu0:2097152)VisorFSTar: 1856: nenic.v00 for 0x43910 bytes
2025-12-27T00:44:05.558Z cpu0:2097152)VisorFSTar: 1856: net_bnx2.v00 for 0x47b10 bytes
2025-12-27T00:44:05.559Z cpu0:2097152)VisorFSTar: 1856: net_bnx2.v01 for 0x2044f8 bytes
2025-12-27T00:44:05.565Z cpu0:2097152)VisorFSTar: 1856: net_cdc_.v00 for 0x6420 bytes
2025-12-27T00:44:05.565Z cpu0:2097152)VisorFSTar: 1856: net_cnic.v00 for 0x24448 bytes
2025-12-27T00:44:05.565Z cpu0:2097152)VisorFSTar: 1856: net_e100.v00 for 0x4de38 bytes
2025-12-27T00:44:05.566Z cpu0:2097152)VisorFSTar: 1856: net_e100.v01 for 0x584f8 bytes
2025-12-27T00:44:05.567Z cpu0:2097152)VisorFSTar: 1856: net_enic.v00 for 0x2bdd8 bytes
2025-12-27T00:44:05.568Z cpu0:2097152)VisorFSTar: 1856: net_fcoe.v00 for 0x13c20 bytes
2025-12-27T00:44:05.568Z cpu0:2097152)VisorFSTar: 1856: net_forc.v00 for 0x1f770 bytes
2025-12-27T00:44:05.568Z cpu0:2097152)VisorFSTar: 1856: net_igb.v00 for 0x50420 bytes
2025-12-27T00:44:05.569Z cpu0:2097152)VisorFSTar: 1856: net_ixgb.v00 for 0x66668 bytes
2025-12-27T00:44:05.570Z cpu0:2097152)VisorFSTar: 1856: net_libf.v00 for 0x12d38 bytes
2025-12-27T00:44:05.570Z cpu0:2097152)VisorFSTar: 1856: net_mlx4.v00 for 0x58ea0 bytes
2025-12-27T00:44:05.571Z cpu0:2097152)VisorFSTar: 1856: net_mlx4.v01 for 0x3b10a bytes
2025-12-27T00:44:05.572Z cpu0:2097152)VisorFSTar: 1856: net_nx_n.v00 for 0x1e7130 bytes
2025-12-27T00:44:05.577Z cpu0:2097152)VisorFSTar: 1856: net_tg3.v00 for 0x4e368 bytes
2025-12-27T00:44:05.578Z cpu0:2097152)VisorFSTar: 1856: net_usbn.v00 for 0xd500 bytes
2025-12-27T00:44:05.578Z cpu0:2097152)VisorFSTar: 1856: net_vmxn.v00 for 0x1b280 bytes
2025-12-27T00:44:05.579Z cpu0:2097152)VisorFSTar: 1856: nfnic.v00 for 0x883a0 bytes
2025-12-27T00:44:05.580Z cpu0:2097152)VisorFSTar: 1856: nhpsa.v00 for 0x8d428 bytes
2025-12-27T00:44:05.582Z cpu0:2097152)VisorFSTar: 1856: ntg3.v00 for 0x1dca8 bytes
2025-12-27T00:44:05.582Z cpu0:2097152)VisorFSTar: 1856: nvme.v00 for 0x496b0 bytes
2025-12-27T00:44:05.583Z cpu0:2097152)VisorFSTar: 1856: nvmxnet3.v00 for 0x2ad70 bytes
2025-12-27T00:44:05.584Z cpu0:2097152)VisorFSTar: 1856: nvmxnet3.v01 for 0x2ab70 bytes
2025-12-27T00:44:05.584Z cpu0:2097152)VisorFSTar: 1856: ohci_usb.v00 for 0xffc8 bytes
2025-12-27T00:44:05.584Z cpu0:2097152)VisorFSTar: 1856: pvscsi.v00 for 0x1d948 bytes
2025-12-27T00:44:05.585Z cpu0:2097152)VisorFSTar: 1856: qflge.v00 for 0x7d0b0 bytes
2025-12-27T00:44:05.586Z cpu0:2097152)VisorFSTar: 1856: sata_ahc.v00 for 0x15f80 bytes
2025-12-27T00:44:05.586Z cpu0:2097152)VisorFSTar: 1856: sata_ata.v00 for 0xe088 bytes
2025-12-27T00:44:05.587Z cpu0:2097152)VisorFSTar: 1856: sata_sat.v00 for 0x10828 bytes
2025-12-27T00:44:05.587Z cpu0:2097152)VisorFSTar: 1856: sata_sat.v01 for 0xb9c8 bytes
2025-12-27T00:44:05.587Z cpu0:2097152)VisorFSTar: 1856: sata_sat.v02 for 0xc1b0 bytes
2025-12-27T00:44:05.587Z cpu0:2097152)VisorFSTar: 1856: sata_sat.v03 for 0x9c70 bytes
2025-12-27T00:44:05.587Z cpu0:2097152)VisorFSTar: 1856: sata_sat.v04 for 0x8a38 bytes
2025-12-27T00:44:05.587Z cpu0:2097152)VisorFSTar: 1856: scsi_aac.v00 for 0x2c898 bytes
2025-12-27T00:44:05.588Z cpu0:2097152)VisorFSTar: 1856: scsi_adp.v00 for 0x70bf0 bytes
2025-12-27T00:44:05.589Z cpu0:2097152)VisorFSTar: 1856: scsi_aic.v00 for 0x49108 bytes
2025-12-27T00:44:05.590Z cpu0:2097152)VisorFSTar: 1856: scsi_bnx.v00 for 0x460eb bytes
2025-12-27T00:44:05.591Z cpu0:2097152)VisorFSTar: 1856: scsi_bnx.v01 for 0x32f60 bytes
2025-12-27T00:44:05.591Z cpu0:2097152)VisorFSTar: 1856: scsi_fni.v00 for 0x3ca40 bytes
2025-12-27T00:44:05.592Z cpu0:2097152)VisorFSTar: 1856: scsi_hps.v00 for 0x34fd0 bytes
2025-12-27T00:44:05.593Z cpu0:2097152)VisorFSTar: 1856: scsi_ips.v00 for 0x1ab00 bytes
2025-12-27T00:44:05.593Z cpu0:2097152)VisorFSTar: 1856: scsi_isc.v00 for 0xa980 bytes
2025-12-27T00:44:05.593Z cpu0:2097152)VisorFSTar: 1856: scsi_lib.v00 for 0x34da8 bytes
2025-12-27T00:44:05.594Z cpu0:2097152)VisorFSTar: 1856: scsi_meg.v00 for 0x18c60 bytes
2025-12-27T00:44:05.594Z cpu0:2097152)VisorFSTar: 1856: scsi_meg.v01 for 0x2b7c8 bytes
2025-12-27T00:44:05.595Z cpu0:2097152)VisorFSTar: 1856: scsi_meg.v02 for 0x17658 bytes
2025-12-27T00:44:05.595Z cpu0:2097152)VisorFSTar: 1856: scsi_mpt.v00 for 0x72f70 bytes
2025-12-27T00:44:05.596Z cpu0:2097152)VisorFSTar: 1856: scsi_mpt.v01 for 0x7d420 bytes
2025-12-27T00:44:05.598Z cpu0:2097152)VisorFSTar: 1856: scsi_mpt.v02 for 0x6b688 bytes
2025-12-27T00:44:05.599Z cpu0:2097152)VisorFSTar: 1856: scsi_qla.v00 for 0x48558 bytes
2025-12-27T00:44:05.600Z cpu0:2097152)VisorFSTar: 1856: sfvmk.v00 for 0x96810 bytes
2025-12-27T00:44:05.601Z cpu0:2097152)VisorFSTar: 1856: shim_isc.v00 for 0x3f18 bytes
2025-12-27T00:44:05.601Z cpu0:2097152)VisorFSTar: 1856: shim_isc.v01 for 0x3f18 bytes
2025-12-27T00:44:05.602Z cpu0:2097152)VisorFSTar: 1856: shim_lib.v00 for 0xaee8 bytes
2025-12-27T00:44:05.602Z cpu0:2097152)VisorFSTar: 1856: shim_lib.v01 for 0xaee8 bytes
2025-12-27T00:44:05.602Z cpu0:2097152)VisorFSTar: 1856: shim_lib.v02 for 0x5340 bytes
2025-12-27T00:44:05.602Z cpu0:2097152)VisorFSTar: 1856: shim_lib.v03 for 0x5340 bytes
2025-12-27T00:44:05.602Z cpu0:2097152)VisorFSTar: 1856: shim_lib.v04 for 0x26d0 bytes
2025-12-27T00:44:05.602Z cpu0:2097152)VisorFSTar: 1856: shim_lib.v05 for 0x26d0 bytes
2025-12-27T00:44:05.602Z cpu0:2097152)VisorFSTar: 1856: shim_vmk.v00 for 0x36550 bytes
2025-12-27T00:44:05.603Z cpu0:2097152)VisorFSTar: 1856: shim_vmk.v01 for 0x393f0 bytes
2025-12-27T00:44:05.604Z cpu0:2097152)VisorFSTar: 1856: shim_vmk.v02 for 0x3a3a0 bytes
2025-12-27T00:44:05.604Z cpu0:2097152)VisorFSTar: 1856: uhci_usb.v00 for 0xfe50 bytes
2025-12-27T00:44:05.605Z cpu0:2097152)VisorFSTar: 1856: usb_stor.v00 for 0x288f0 bytes
2025-12-27T00:44:05.605Z cpu0:2097152)VisorFSTar: 1856: usbcore_.v00 for 0x4f948 bytes
2025-12-27T00:44:05.606Z cpu0:2097152)VisorFSTar: 1856: vmkata.v00 for 0x32720 bytes
2025-12-27T00:44:05.606Z cpu0:2097152)VisorFSTar: 1856: vmkfcoe.v00 for 0xe9fe8 bytes
2025-12-27T00:44:05.609Z cpu0:2097152)VisorFSTar: 1856: vmkplexe.v00 for 0xb8e0 bytes
2025-12-27T00:44:05.609Z cpu0:2097152)VisorFSTar: 1856: vmkusb.v00 for 0xf6a70 bytes
2025-12-27T00:44:05.612Z cpu0:2097152)VisorFSTar: 1856: vmw_ahci.v00 for 0x3b360 bytes
2025-12-27T00:44:05.613Z cpu0:2097152)VisorFSTar: 1856: xhci_xhc.v00 for 0x3ac40 bytes
2025-12-27T00:44:05.613Z cpu0:2097152)VisorFSTar: 1856: elx_esx_.v01 for 0x4d0d2c bytes
2025-12-27T00:44:05.626Z cpu0:2097152)VisorFSTar: 1856: btldr.t00 for 0x921b8 bytes
2025-12-27T00:44:05.628Z cpu0:2097152)VisorFSTar: 1856: esx_dvfi.v00 for 0x7a218 bytes
2025-12-27T00:44:05.629Z cpu0:2097152)VisorFSTar: 1856: esx_ui.v00 for 0xec36e5 bytes
2025-12-27T00:44:05.669Z cpu0:2097152)VisorFSTar: 1856: esxupdt.v00 for 0x8f173 bytes
2025-12-27T00:44:05.671Z cpu0:2097152)VisorFSTar: 1856: weaselin.t00 for 0x483000 bytes
2025-12-27T00:44:05.684Z cpu0:2097152)VisorFSTar: 1856: lsu_hp_h.v00 for 0x2579c bytes
2025-12-27T00:44:05.684Z cpu0:2097152)VisorFSTar: 1856: lsu_inte.v00 for 0xa66c bytes
2025-12-27T00:44:05.684Z cpu0:2097152)VisorFSTar: 1856: lsu_lsi_.v00 for 0x68630 bytes
2025-12-27T00:44:05.685Z cpu0:2097152)VisorFSTar: 1856: lsu_lsi_.v01 for 0x3b62c bytes
2025-12-27T00:44:05.686Z cpu0:2097152)VisorFSTar: 1856: lsu_lsi_.v02 for 0x7b630 bytes
2025-12-27T00:44:05.687Z cpu0:2097152)VisorFSTar: 1856: lsu_lsi_.v03 for 0x4112c bytes
2025-12-27T00:44:05.688Z cpu0:2097152)VisorFSTar: 1856: lsu_lsi_.v04 for 0x8b630 bytes
2025-12-27T00:44:05.690Z cpu0:2097152)VisorFSTar: 1856: lsu_smar.v00 for 0x23684 bytes
2025-12-27T00:44:05.690Z cpu0:2097152)VisorFSTar: 1856: native_m.v00 for 0xcc898 bytes
2025-12-27T00:44:05.692Z cpu0:2097152)VisorFSTar: 1856: rste.v00 for 0xce7d0 bytes
2025-12-27T00:44:05.695Z cpu0:2097152)VisorFSTar: 1856: vmware_e.v00 for 0x2e87c bytes
2025-12-27T00:44:05.695Z cpu0:2097152)VisorFSTar: 1856: vsan.v00 for 0x2b5e858 bytes
2025-12-27T00:44:05.812Z cpu0:2097152)VisorFSTar: 1856: vsanheal.v00 for 0x7a6904 bytes
2025-12-27T00:44:05.833Z cpu0:2097152)VisorFSTar: 1856: vsanmgmt.v00 for 0x194a58f bytes
2025-12-27T00:44:05.902Z cpu0:2097152)VisorFSTar: 1856: lnvcusto.v00 for 0xebb bytes
2025-12-27T00:44:05.902Z cpu0:2097152)VisorFSTar: 1856: xorg.v00 for 0x349b00 bytes
2025-12-27T00:44:05.911Z cpu0:2097152)VisorFSTar: 1856: imgdb.tgz for 0x1d6000 bytes
2025-12-27T00:44:05.917Z cpu0:2097152)VisorFSTar: 1856: state.tgz for 0x5600 bytes
2025-12-27T00:44:05.918Z cpu0:2097152)RamDisk: 151: Auto-mounting devfs on /dev
2025-12-27T00:44:05.918Z cpu0:2097152)FSS: 8148: Mounting fs devfs (4306f359e6a0) with -o  on file descriptor 430717322830
2025-12-27T00:44:05.918Z cpu0:2097152)RamDisk: 151: Auto-mounting procfs on /proc
2025-12-27T00:44:05.918Z cpu0:2097152)FSS: 8148: Mounting fs procfs (4306f35dee40) with -o  on file descriptor 430717322c10
2025-12-27T00:44:05.918Z cpu0:2097152)User: 5100: /bin/init
2025-12-27T00:44:05.918Z cpu0:2097152)User: 5291: user code is at 0x38f0a2
2025-12-27T00:44:08.624Z cpu12:2097558)VisorFSTar: 1106: etc/vmware/support exists already, replacing
2025-12-27T00:44:09.600Z cpu4:2097606)Activating Jumpstart Plugins
2025-12-27T00:44:09.606Z cpu20:2097655)Activating Jumpstart plugin check-required-memory.
2025-12-27T00:44:09.625Z cpu20:2097655)Jumpstart plugin check-required-memory activated.
2025-12-27T00:44:09.625Z cpu20:2097655)Activating Jumpstart plugin restore-configuration.
2025-12-27T00:44:09.735Z cpu20:2097655)Jumpstart plugin restore-configuration activated.
2025-12-27T00:44:09.735Z cpu20:2097655)Activating Jumpstart plugin vmkeventd.
2025-12-27T00:44:09.804Z cpu20:2097655)Jumpstart plugin vmkeventd activated.
2025-12-27T00:44:09.804Z cpu20:2097655)Activating Jumpstart plugin lfHelper.
2025-12-27T00:44:09.975Z cpu16:2097667)Loading module lfHelper ...
2025-12-27T00:44:09.978Z cpu16:2097667)Elf: 2101: module lfHelper has license VMware
2025-12-27T00:44:09.979Z cpu16:2097667)Mod: 4962: Initialization of lfHelper succeeded with module ID 4.
2025-12-27T00:44:09.979Z cpu16:2097667)lfHelper loaded successfully.
2025-12-27T00:44:09.983Z cpu20:2097655)Jumpstart plugin lfHelper activated.
2025-12-27T00:44:09.983Z cpu20:2097655)Activating Jumpstart plugin autodeploy-enabled.
2025-12-27T00:44:10.033Z cpu20:2097655)Jumpstart plugin autodeploy-enabled activated.
2025-12-27T00:44:10.033Z cpu20:2097655)Activating Jumpstart plugin advanced-user-configuration-options.
2025-12-27T00:44:10.153Z cpu20:2097655)Jumpstart plugin advanced-user-configuration-options activated.
2025-12-27T00:44:10.153Z cpu20:2097655)Activating Jumpstart plugin vsan-early.
2025-12-27T00:44:10.173Z cpu2:2097670)Loading module vsanapi ...
2025-12-27T00:44:10.177Z cpu2:2097670)Elf: 2101: module vsanapi has license VMware
2025-12-27T00:44:10.181Z cpu2:2097670)Initialized VSAN API module.
2025-12-27T00:44:10.181Z cpu2:2097670)Mod: 4962: Initialization of vsanapi succeeded with module ID 5.
2025-12-27T00:44:10.181Z cpu2:2097670)vsanapi loaded successfully.
2025-12-27T00:44:10.204Z cpu3:2097671)Loading module vsanbase ...
2025-12-27T00:44:10.208Z cpu3:2097671)Elf: 2101: module vsanbase has license VMware
2025-12-27T00:44:10.216Z cpu3:2097671)Initialized vsan base module.
2025-12-27T00:44:10.216Z cpu3:2097671)Mod: 4962: Initialization of vsanbase succeeded with module ID 6.
2025-12-27T00:44:10.216Z cpu3:2097671)vsanbase loaded successfully.
2025-12-27T00:44:10.220Z cpu20:2097655)Jumpstart plugin vsan-early activated.
2025-12-27T00:44:10.220Z cpu20:2097655)Activating Jumpstart plugin restore-advanced-configuration.
2025-12-27T00:44:10.635Z cpu11:2097635)Config: 703: "DiskDumpSlotSize" = 2560, Old Value: 0, (Status: 0x0)
2025-12-27T00:44:10.716Z cpu11:2097635)Config: 862: "HostName" = "SGRL-ESX01", Old value: "localhost" (Status: 0x0)
2025-12-27T00:44:10.720Z cpu11:2097635)Config: 862: "HostIPAddr" = "192.168.1.100", Old value: "127.0.0.1" (Status: 0x0)
2025-12-27T00:44:11.024Z cpu11:2097635)Config: 862: "ManagementIface" = "vmk0", Old value: "" (Status: 0x0)
2025-12-27T00:44:11.024Z cpu11:2097635)Config: 862: "ManagementAddr" = "192.168.1.100", Old value: "127.0.0.1" (Status: 0x0)
2025-12-27T00:44:11.068Z cpu11:2097635)Config: 703: "UserMemASRandomSeed" = 3119852389, Old Value: 0, (Status: 0x0)
2025-12-27T00:44:11.193Z cpu11:2097635)Boot: 208: Parsing boot option module /jumpstrt.gz
2025-12-27T00:44:11.193Z cpu11:2097635)Boot: 208: Parsing boot option module /useropts.gz
2025-12-27T00:44:11.193Z cpu11:2097635)Boot: 200: Skipping empty boot option module /features.gz
2025-12-27T00:44:11.193Z cpu11:2097635)Boot: 217: Parsing advanced command line boot options
2025-12-27T00:44:11.193Z cpu20:2097655)Jumpstart plugin restore-advanced-configuration activated.
2025-12-27T00:44:11.193Z cpu20:2097655)Activating Jumpstart plugin PSA-boot-config.
2025-12-27T00:44:11.200Z cpu11:2097635)ScsiClaimrule: 2518: Disabling claimrules for MP plugins.
2025-12-27T00:44:11.200Z cpu20:2097655)Jumpstart plugin PSA-boot-config activated.
2025-12-27T00:44:11.200Z cpu20:2097655)Activating Jumpstart plugin vprobe.
2025-12-27T00:44:11.205Z cpu10:2097672)Loading module vprobe ...
2025-12-27T00:44:11.209Z cpu10:2097672)Elf: 2101: module vprobe has license VMware
2025-12-27T00:44:11.214Z cpu10:2097672)VProbe: 376: VProbes heap: initial size 1 MB, max size 32 MB
2025-12-27T00:44:11.215Z cpu10:2097672)VProbe: 854: Host vpheap size: 128KB
2025-12-27T00:44:11.215Z cpu10:2097672)VProbe: 869: VMK vpheap size: 128KB
2025-12-27T00:44:11.215Z cpu10:2097672)VProbe: 803: Loaded 210 static probes from: vmkernel
2025-12-27T00:44:11.215Z cpu10:2097672)VProbe: 803: Loaded   4 static probes from: user
2025-12-27T00:44:11.215Z cpu10:2097672)VProbe: 803: Loaded  16 static probes from: vprobe
2025-12-27T00:44:11.215Z cpu10:2097672)Mod: 4962: Initialization of vprobe succeeded with module ID 7.
2025-12-27T00:44:11.215Z cpu10:2097672)vprobe loaded successfully.
2025-12-27T00:44:11.218Z cpu20:2097655)Jumpstart plugin vprobe activated.
2025-12-27T00:44:11.218Z cpu20:2097655)Activating Jumpstart plugin vmkapi-mgmt.
2025-12-27T00:44:11.225Z cpu17:2097674)Loading module vmkapi_mgmt ...
2025-12-27T00:44:11.227Z cpu17:2097674)Elf: 2101: module vmkapi_mgmt has license VMware
2025-12-27T00:44:11.228Z cpu17:2097674)Mod: 4962: Initialization of vmkapi_mgmt succeeded with module ID 8.
2025-12-27T00:44:11.228Z cpu17:2097674)vmkapi_mgmt loaded successfully.
2025-12-27T00:44:11.231Z cpu20:2097655)Jumpstart plugin vmkapi-mgmt activated.
2025-12-27T00:44:11.231Z cpu20:2097655)Activating Jumpstart plugin iodm.
2025-12-27T00:44:11.235Z cpu9:2097675)Loading module iodm ...
2025-12-27T00:44:11.239Z cpu9:2097675)Elf: 2101: module iodm has license VMware
2025-12-27T00:44:11.239Z cpu9:2097675)Mod: 4962: Initialization of iodm succeeded with module ID 9.
2025-12-27T00:44:11.239Z cpu9:2097675)iodm loaded successfully.
2025-12-27T00:44:11.242Z cpu20:2097655)Jumpstart plugin iodm activated.
2025-12-27T00:44:11.242Z cpu20:2097655)Activating Jumpstart plugin dma-engine.
2025-12-27T00:44:11.295Z cpu20:2097655)Jumpstart plugin dma-engine activated.
2025-12-27T00:44:11.295Z cpu20:2097655)Activating Jumpstart plugin hardware-config.
2025-12-27T00:44:11.439Z cpu20:2097655)Jumpstart plugin hardware-config activated.
2025-12-27T00:44:11.439Z cpu20:2097655)Activating Jumpstart plugin mgmt-vmkapi-compatibility.
2025-12-27T00:44:11.498Z cpu18:2097679)Loading module vmkapi_v2_4_0_0_mgmt_shim ...
2025-12-27T00:44:11.501Z cpu18:2097679)Elf: 2101: module vmkapi_v2_4_0_0_mgmt_shim has license VMware
2025-12-27T00:44:11.501Z cpu18:2097679)Vmkapiv2_4_0_0MgmtShim: init_module:88: Shim for mgmt vmkapi 2.4.0-0 to vmkapi 2.5.0-0 is active.
2025-12-27T00:44:11.501Z cpu18:2097679)Mod: 4962: Initialization of vmkapi_v2_4_0_0_mgmt_shim succeeded with module ID 10.
2025-12-27T00:44:11.501Z cpu18:2097679)vmkapi_v2_4_0_0_mgmt_shim loaded successfully.
2025-12-27T00:44:11.509Z cpu14:2097680)Loading module vmkapi_v2_3_0_0_mgmt_shim ...
2025-12-27T00:44:11.511Z cpu14:2097680)Elf: 2101: module vmkapi_v2_3_0_0_mgmt_shim has license VMware
2025-12-27T00:44:11.511Z cpu14:2097680)Vmkapiv2_3_0_0MgmtShim: init_module:88: Shim for mgmt vmkapi 2.3.0-0 to vmkapi 2.5.0-0 is active.
2025-12-27T00:44:11.511Z cpu14:2097680)Mod: 4962: Initialization of vmkapi_v2_3_0_0_mgmt_shim succeeded with module ID 11.
2025-12-27T00:44:11.511Z cpu14:2097680)vmkapi_v2_3_0_0_mgmt_shim loaded successfully.
2025-12-27T00:44:11.518Z cpu2:2097681)Loading module vmkapi_v2_2_0_0_mgmt_shim ...
2025-12-27T00:44:11.521Z cpu2:2097681)Elf: 2101: module vmkapi_v2_2_0_0_mgmt_shim has license VMware
2025-12-27T00:44:11.521Z cpu2:2097681)Vmkapiv2_2_0_0MgmtShim: init_module:88: Shim for mgmt vmkapi 2.2.0-0 to vmkapi 2.5.0-0 is active.
2025-12-27T00:44:11.521Z cpu2:2097681)Mod: 4962: Initialization of vmkapi_v2_2_0_0_mgmt_shim succeeded with module ID 12.
2025-12-27T00:44:11.521Z cpu2:2097681)vmkapi_v2_2_0_0_mgmt_shim loaded successfully.
2025-12-27T00:44:11.526Z cpu20:2097655)Jumpstart plugin mgmt-vmkapi-compatibility activated.
2025-12-27T00:44:11.526Z cpu20:2097655)Activating Jumpstart plugin vmkernel-vmkapi-compatibility.
2025-12-27T00:44:11.585Z cpu14:2097683)Loading module vmkapi_v2_2_0_0_vmkernel_shim ...
2025-12-27T00:44:11.589Z cpu14:2097683)Elf: 2101: module vmkapi_v2_2_0_0_vmkernel_shim has license VMware
2025-12-27T00:44:11.595Z cpu14:2097683)Vmkapiv2_2_0_0VmkernelShim: init_module:103: Shim for vmkernel vmkapi 2.2.0-0 to vmkapi 2.5.0-0 is active.
2025-12-27T00:44:11.595Z cpu14:2097683)Mod: 4962: Initialization of vmkapi_v2_2_0_0_vmkernel_shim succeeded with module ID 13.
2025-12-27T00:44:11.595Z cpu14:2097683)vmkapi_v2_2_0_0_vmkernel_shim loaded successfully.
2025-12-27T00:44:11.602Z cpu16:2097684)Loading module vmkapi_v2_4_0_0_vmkernel_shim ...
2025-12-27T00:44:11.605Z cpu16:2097684)Elf: 2101: module vmkapi_v2_4_0_0_vmkernel_shim has license VMware
2025-12-27T00:44:11.613Z cpu16:2097684)Vmkapiv2_4_0_0VmkernelShim: init_module:103: Shim for vmkernel vmkapi 2.4.0-0 to vmkapi 2.5.0-0 is active.
2025-12-27T00:44:11.613Z cpu16:2097684)Mod: 4962: Initialization of vmkapi_v2_4_0_0_vmkernel_shim succeeded with module ID 14.
2025-12-27T00:44:11.613Z cpu16:2097684)vmkapi_v2_4_0_0_vmkernel_shim loaded successfully.
2025-12-27T00:44:11.620Z cpu0:2097685)Loading module vmkapi_v2_3_0_0_vmkernel_shim ...
2025-12-27T00:44:11.624Z cpu0:2097685)Elf: 2101: module vmkapi_v2_3_0_0_vmkernel_shim has license VMware
2025-12-27T00:44:11.631Z cpu0:2097685)Vmkapiv2_3_0_0VmkernelShim: init_module:100: Shim for vmkernel vmkapi 2.3.0-0 to vmkapi 2.5.0-0 is active.
2025-12-27T00:44:11.631Z cpu0:2097685)Mod: 4962: Initialization of vmkapi_v2_3_0_0_vmkernel_shim succeeded with module ID 15.
2025-12-27T00:44:11.631Z cpu0:2097685)vmkapi_v2_3_0_0_vmkernel_shim loaded successfully.
2025-12-27T00:44:11.638Z cpu20:2097655)Jumpstart plugin vmkernel-vmkapi-compatibility activated.
2025-12-27T00:44:11.638Z cpu20:2097655)Activating Jumpstart plugin driver-status-check.
2025-12-27T00:44:11.693Z cpu20:2097655)Jumpstart plugin driver-status-check activated.
2025-12-27T00:44:11.693Z cpu20:2097655)Activating Jumpstart plugin lineage-tags.
2025-12-27T00:44:11.782Z cpu20:2097655)Jumpstart plugin lineage-tags activated.
2025-12-27T00:44:11.782Z cpu20:2097655)Activating Jumpstart plugin restore-software-devices.
2025-12-27T00:44:11.783Z cpu20:2097655)Jumpstart plugin restore-software-devices activated.
2025-12-27T00:44:11.783Z cpu20:2097655)Activating Jumpstart plugin vmklinux.
2025-12-27T00:44:11.783Z cpu20:2097655)Jumpstart plugin vmklinux activated.
2025-12-27T00:44:11.783Z cpu20:2097655)Activating Jumpstart plugin vmkdevmgr.
2025-12-27T00:44:11.994Z cpu17:2097689)PCI: 1256: 0000:0b:00.0 named 'vmnic0' (was '')
2025-12-27T00:44:12.009Z cpu17:2097689)PCI: 1256: 0000:0b:00.1 named 'vmnic1' (was '')
2025-12-27T00:44:12.023Z cpu17:2097689)PCI: 1256: 0000:01:00.0 named 'vmhba0' (was '')
2025-12-27T00:44:12.038Z cpu17:2097689)PCI: 1256: 0000:00:1f.2 named 'vmhba1' (was '')
2025-12-27T00:44:12.053Z cpu17:2097689)PCI: 1256: 0000:10:00.0 named 'vmnic2' (was '')
2025-12-27T00:44:12.068Z cpu17:2097689)PCI: 1256: 0000:00:1f.5 named 'vmhba2' (was '')
2025-12-27T00:44:12.083Z cpu17:2097689)PCI: 1256: 0000:10:00.1 named 'vmnic3' (was '')
2025-12-27T00:44:12.098Z cpu17:2097689)PCI: 1256: 0000:15:00.1 named 'vmnic5' (was '')
2025-12-27T00:44:12.113Z cpu17:2097689)PCI: 1256: 0000:15:00.0 named 'vmnic4' (was '')
2025-12-27T00:44:12.291Z cpu0:2097690)Loading module vmkbsd ...
2025-12-27T00:44:12.294Z cpu0:2097690)Elf: 2101: module vmkbsd has license VMware
2025-12-27T00:44:12.302Z cpu0:2097690)Mod: 4962: Initialization of vmkbsd succeeded with module ID 16.
2025-12-27T00:44:12.302Z cpu0:2097690)vmkbsd loaded successfully.
2025-12-27T00:44:12.310Z cpu0:2097690)Loading module vmkusb ...
2025-12-27T00:44:12.313Z cpu0:2097690)Elf: 2101: module vmkusb has license VMware
2025-12-27T00:44:12.322Z cpu0:2097690)Device: 192: Registered driver 'vmkusb' from 17
2025-12-27T00:44:12.322Z cpu0:2097690)Mod: 4962: Initialization of vmkusb succeeded with module ID 17.
2025-12-27T00:44:12.322Z cpu0:2097690)vmkusb loaded successfully.
2025-12-27T00:44:12.333Z cpu17:2097689)VMK_PCI: 914: device 0000:00:1a.0 pciBar 4 bus_addr 0x20a0 size 0x20
2025-12-27T00:44:12.343Z cpu17:2097689)DMA: 679: DMA Engine 'uhci0 dma' created using mapper 'DMANull'.
2025-12-27T00:44:12.343Z cpu17:2097689)IOAPIC: 1272: IOAPIC Id 8: Allocated vector 0x2f for pin 17
2025-12-27T00:44:12.343Z cpu17:2097689)PCI: 1514: 0000:00:1a.0: intPIN A intLine 255 irq 255 vector 0x2f
2025-12-27T00:44:12.343Z cpu17:2097689)VMK_PCI: 764: device 0000:00:1a.0 allocated 1 INTx interrupt
2025-12-27T00:44:12.501Z cpu17:2097689)CpuSched: 699: user latency of 2097703 usbus0 0 changed by 2097689 vmkdevmgr -6
2025-12-27T00:44:12.502Z cpu17:2097689)CpuSched: 699: user latency of 2097704 usbus0 0 changed by 2097689 vmkdevmgr -6
2025-12-27T00:44:12.502Z cpu17:2097689)Device: 327: Found driver vmkusb for device 0x43064306f277b75c
2025-12-27T00:44:12.533Z cpu17:2097689)VMK_PCI: 914: device 0000:00:1a.1 pciBar 4 bus_addr 0x2080 size 0x20
2025-12-27T00:44:12.543Z cpu17:2097689)DMA: 679: DMA Engine 'uhci1 dma' created using mapper 'DMANull'.
2025-12-27T00:44:12.543Z cpu17:2097689)IOAPIC: 1272: IOAPIC Id 8: Allocated vector 0x30 for pin 18
2025-12-27T00:44:12.543Z cpu17:2097689)PCI: 1514: 0000:00:1a.1: intPIN B intLine 255 irq 255 vector 0x30
2025-12-27T00:44:12.543Z cpu17:2097689)VMK_PCI: 764: device 0000:00:1a.1 allocated 1 INTx interrupt
2025-12-27T00:44:12.701Z cpu17:2097689)CpuSched: 699: user latency of 2097708 usbus1 0 changed by 2097689 vmkdevmgr -6
2025-12-27T00:44:12.701Z cpu17:2097689)CpuSched: 699: user latency of 2097709 usbus1 0 changed by 2097689 vmkdevmgr -6
2025-12-27T00:44:12.702Z cpu17:2097689)Device: 327: Found driver vmkusb for device 0x592a4306f277b964
2025-12-27T00:44:12.733Z cpu17:2097689)VMK_PCI: 914: device 0000:00:1a.7 pciBar 0 bus_addr 0x9be21000 size 0x400
2025-12-27T00:44:12.733Z cpu17:2097689)IOAPIC: 1272: IOAPIC Id 8: Allocated vector 0x31 for pin 19
2025-12-27T00:44:12.733Z cpu17:2097689)PCI: 1514: 0000:00:1a.7: intPIN C intLine 255 irq 255 vector 0x31
2025-12-27T00:44:12.733Z cpu17:2097689)VMK_PCI: 764: device 0000:00:1a.7 allocated 1 INTx interrupt
2025-12-27T00:44:12.733Z cpu17:2097689)DMA: 679: DMA Engine 'ehci0 dma' created using mapper 'DMANull'.
2025-12-27T00:44:12.769Z cpu17:2097689)CpuSched: 699: user latency of 2097713 usbus2 0 changed by 2097689 vmkdevmgr -6
2025-12-27T00:44:12.769Z cpu17:2097689)CpuSched: 699: user latency of 2097714 usbus2 0 changed by 2097689 vmkdevmgr -6
2025-12-27T00:44:12.769Z cpu17:2097689)Device: 327: Found driver vmkusb for device 0x65f04306f277baf7
2025-12-27T00:44:12.800Z cpu17:2097689)VMK_PCI: 914: device 0000:00:1d.0 pciBar 4 bus_addr 0x2060 size 0x20
2025-12-27T00:44:12.812Z cpu17:2097689)DMA: 679: DMA Engine 'uhci2 dma' created using mapper 'DMANull'.
2025-12-27T00:44:12.812Z cpu17:2097689)IOAPIC: 1159: IOAPIC Id 8: Allowing sharing of vector 0x2f for pin 17
2025-12-27T00:44:12.812Z cpu17:2097689)PCI: 1514: 0000:00:1d.0: intPIN A intLine 255 irq 255 vector 0x2f
2025-12-27T00:44:12.812Z cpu17:2097689)VMK_PCI: 764: device 0000:00:1d.0 allocated 1 INTx interrupt
2025-12-27T00:44:12.969Z cpu17:2097689)CpuSched: 699: user latency of 2097718 usbus3 0 changed by 2097689 vmkdevmgr -6
2025-12-27T00:44:12.969Z cpu17:2097689)CpuSched: 699: user latency of 2097719 usbus3 0 changed by 2097689 vmkdevmgr -6
2025-12-27T00:44:12.969Z cpu17:2097689)Device: 327: Found driver vmkusb for device 0x5fbf4306f277c3bc
2025-12-27T00:44:13.000Z cpu17:2097689)VMK_PCI: 914: device 0000:00:1d.1 pciBar 4 bus_addr 0x2040 size 0x20
2025-12-27T00:44:13.012Z cpu17:2097689)DMA: 679: DMA Engine 'uhci3 dma' created using mapper 'DMANull'.
2025-12-27T00:44:13.012Z cpu17:2097689)IOAPIC: 1159: IOAPIC Id 8: Allowing sharing of vector 0x30 for pin 18
2025-12-27T00:44:13.012Z cpu17:2097689)PCI: 1514: 0000:00:1d.1: intPIN B intLine 255 irq 255 vector 0x30
2025-12-27T00:44:13.012Z cpu17:2097689)VMK_PCI: 764: device 0000:00:1d.1 allocated 1 INTx interrupt
2025-12-27T00:44:13.169Z cpu17:2097689)CpuSched: 699: user latency of 2097723 usbus4 0 changed by 2097689 vmkdevmgr -6
2025-12-27T00:44:13.169Z cpu17:2097689)CpuSched: 699: user latency of 2097724 usbus4 0 changed by 2097689 vmkdevmgr -6
2025-12-27T00:44:13.169Z cpu17:2097689)Device: 327: Found driver vmkusb for device 0x76534306f277c5bf
2025-12-27T00:44:13.176Z cpu17:2097689)VMK_PCI: 914: device 0000:00:1d.2 pciBar 4 bus_addr 0x2020 size 0x20
2025-12-27T00:44:13.188Z cpu17:2097689)DMA: 679: DMA Engine 'uhci4 dma' created using mapper 'DMANull'.
2025-12-27T00:44:13.189Z cpu17:2097689)IOAPIC: 1159: IOAPIC Id 8: Allowing sharing of vector 0x31 for pin 19
2025-12-27T00:44:13.189Z cpu17:2097689)PCI: 1514: 0000:00:1d.2: intPIN C intLine 255 irq 255 vector 0x31
2025-12-27T00:44:13.189Z cpu17:2097689)VMK_PCI: 764: device 0000:00:1d.2 allocated 1 INTx interrupt
2025-12-27T00:44:13.347Z cpu17:2097689)CpuSched: 699: user latency of 2097728 usbus5 0 changed by 2097689 vmkdevmgr -6
2025-12-27T00:44:13.347Z cpu17:2097689)CpuSched: 699: user latency of 2097729 usbus5 0 changed by 2097689 vmkdevmgr -6
2025-12-27T00:44:13.347Z cpu17:2097689)Device: 327: Found driver vmkusb for device 0x581c4306f277c649
2025-12-27T00:44:13.349Z cpu17:2097689)VMK_PCI: 914: device 0000:00:1d.7 pciBar 0 bus_addr 0x9be20000 size 0x400
2025-12-27T00:44:13.349Z cpu17:2097689)IOAPIC: 1159: IOAPIC Id 8: Allowing sharing of vector 0x2f for pin 17
2025-12-27T00:44:13.349Z cpu17:2097689)PCI: 1514: 0000:00:1d.7: intPIN A intLine 255 irq 255 vector 0x2f
2025-12-27T00:44:13.349Z cpu17:2097689)VMK_PCI: 764: device 0000:00:1d.7 allocated 1 INTx interrupt
2025-12-27T00:44:13.349Z cpu17:2097689)DMA: 679: DMA Engine 'ehci1 dma' created using mapper 'DMANull'.
2025-12-27T00:44:13.385Z cpu17:2097689)CpuSched: 699: user latency of 2097733 usbus6 0 changed by 2097689 vmkdevmgr -6
2025-12-27T00:44:13.385Z cpu17:2097689)CpuSched: 699: user latency of 2097734 usbus6 0 changed by 2097689 vmkdevmgr -6
2025-12-27T00:44:13.385Z cpu17:2097689)Device: 327: Found driver vmkusb for device 0x1a2f4306f277c8d0
2025-12-27T00:44:13.391Z cpu17:2097737)Loading module vmkata ...
2025-12-27T00:44:13.395Z cpu17:2097737)Elf: 2101: module vmkata has license BSD
2025-12-27T00:44:13.396Z cpu17:2097737)Device: 192: Registered driver 'vmkata' from 18
2025-12-27T00:44:13.396Z cpu17:2097737)Mod: 4962: Initialization of vmkata succeeded with module ID 18.
2025-12-27T00:44:13.396Z cpu17:2097737)vmkata loaded successfully.
2025-12-27T00:44:13.401Z cpu20:2097689)VMK_PCI: 914: device 0000:00:1f.2 pciBar 4 bus_addr 0x20f0 size 0x10
2025-12-27T00:44:13.401Z cpu20:2097689)DMA: 679: DMA Engine 'atapci0 dma' created using mapper 'DMANull'.
2025-12-27T00:44:13.401Z cpu20:2097689)IOAPIC: 1272: IOAPIC Id 8: Allocated vector 0x32 for pin 16
2025-12-27T00:44:13.401Z cpu20:2097689)PCI: 1514: 0000:00:1f.2: intPIN A intLine 255 irq 255 vector 0x32
2025-12-27T00:44:13.401Z cpu20:2097689)VMK_PCI: 764: device 0000:00:1f.2 allocated 1 INTx interrupt
2025-12-27T00:44:13.401Z cpu20:2097689)VMK_PCI: 914: device 0000:00:1f.2 pciBar 5 bus_addr 0x20e0 size 0x10
2025-12-27T00:44:13.401Z cpu20:2097689)VMK_PCI: 914: device 0000:00:1f.2 pciBar 0 bus_addr 0x2118 size 0x8
2025-12-27T00:44:13.401Z cpu20:2097689)VMK_PCI: 914: device 0000:00:1f.2 pciBar 1 bus_addr 0x212c size 0x4
2025-12-27T00:44:13.401Z cpu20:2097689)DMA: 679: DMA Engine 'ata2_dma_engine' created using mapper 'DMANull'.
2025-12-27T00:44:13.401Z cpu20:2097689)VMK_PCI: 914: device 0000:00:1f.2 pciBar 2 bus_addr 0x2110 size 0x8
2025-12-27T00:44:13.401Z cpu20:2097689)VMK_PCI: 914: device 0000:00:1f.2 pciBar 3 bus_addr 0x2128 size 0x4
2025-12-27T00:44:13.401Z cpu20:2097689)DMA: 679: DMA Engine 'ata3_dma_engine' created using mapper 'DMANull'.
2025-12-27T00:44:13.401Z cpu20:2097689)Device: 327: Found driver vmkata for device 0x46584306f277ccf4
2025-12-27T00:44:13.401Z cpu20:2097689)Device: 1466: Registered device: 0x4306f2778070 pci#p0000:00:1f.2#0 com.vmware.HBAPort (parent=0x46584306f277ccf4)
2025-12-27T00:44:13.401Z cpu20:2097689)Device: 1466: Registered device: 0x4306f2778070 pci#p0000:00:1f.2#1 com.vmware.HBAPort (parent=0x46584306f277ccf4)
2025-12-27T00:44:13.404Z cpu20:2097689)VMK_PCI: 914: device 0000:00:1f.5 pciBar 4 bus_addr 0x20d0 size 0x10
2025-12-27T00:44:13.404Z cpu20:2097689)DMA: 679: DMA Engine 'atapci1 dma' created using mapper 'DMANull'.
2025-12-27T00:44:13.404Z cpu20:2097689)IOAPIC: 1272: IOAPIC Id 8: Allocated vector 0x33 for pin 21
2025-12-27T00:44:13.404Z cpu20:2097689)PCI: 1514: 0000:00:1f.5: intPIN C intLine 255 irq 255 vector 0x33
2025-12-27T00:44:13.404Z cpu20:2097689)VMK_PCI: 764: device 0000:00:1f.5 allocated 1 INTx interrupt
2025-12-27T00:44:13.404Z cpu20:2097689)VMK_PCI: 914: device 0000:00:1f.5 pciBar 5 bus_addr 0x20c0 size 0x10
2025-12-27T00:44:13.404Z cpu20:2097689)VMK_PCI: 914: device 0000:00:1f.5 pciBar 0 bus_addr 0x2108 size 0x8
2025-12-27T00:44:13.404Z cpu20:2097689)VMK_PCI: 914: device 0000:00:1f.5 pciBar 1 bus_addr 0x2124 size 0x4
2025-12-27T00:44:13.404Z cpu20:2097689)DMA: 679: DMA Engine 'ata4_dma_engine' created using mapper 'DMANull'.
2025-12-27T00:44:13.404Z cpu20:2097689)VMK_PCI: 914: device 0000:00:1f.5 pciBar 2 bus_addr 0x2100 size 0x8
2025-12-27T00:44:13.404Z cpu20:2097689)VMK_PCI: 914: device 0000:00:1f.5 pciBar 3 bus_addr 0x2120 size 0x4
2025-12-27T00:44:13.404Z cpu20:2097689)DMA: 679: DMA Engine 'ata5_dma_engine' created using mapper 'DMANull'.
2025-12-27T00:44:13.404Z cpu20:2097689)Device: 327: Found driver vmkata for device 0x25f04306f277cf4a
2025-12-27T00:44:13.404Z cpu20:2097689)Device: 1466: Registered device: 0x4306f2778070 pci#p0000:00:1f.5#0 com.vmware.HBAPort (parent=0x25f04306f277cf4a)
2025-12-27T00:44:13.404Z cpu20:2097689)Device: 1466: Registered device: 0x4306f2778070 pci#p0000:00:1f.5#1 com.vmware.HBAPort (parent=0x25f04306f277cf4a)
2025-12-27T00:44:13.414Z cpu4:2097738)Loading module iscsi_trans ...
2025-12-27T00:44:13.416Z cpu4:2097738)Elf: 2101: module iscsi_trans has license VMware
2025-12-27T00:44:13.418Z cpu4:2097738)iscsitrans: iscsi_transport_init:5792: XXX iscsi_transport_init: Built @ 23:14:37 Jan 11 2022
2025-12-27T00:44:13.418Z cpu4:2097738)Mod: 4962: Initialization of iscsi_trans succeeded with module ID 19.
2025-12-27T00:44:13.418Z cpu4:2097738)iscsi_trans loaded successfully.
2025-12-27T00:44:13.421Z cpu4:2097738)Loading module iscsi_trans_compat_shim ...
2025-12-27T00:44:13.424Z cpu4:2097738)Elf: 2101: module iscsi_trans_compat_shim has license VMware
2025-12-27T00:44:13.425Z cpu4:2097738)Mod: 4962: Initialization of iscsi_trans_compat_shim succeeded with module ID 20.
2025-12-27T00:44:13.425Z cpu4:2097738)iscsi_trans_compat_shim loaded successfully.
2025-12-27T00:44:13.428Z cpu4:2097738)Loading module vmkapi_v2_3_0_0_vmklinux_shim ...
2025-12-27T00:44:13.432Z cpu4:2097738)Elf: 2101: module vmkapi_v2_3_0_0_vmklinux_shim has license VMware
2025-12-27T00:44:13.432Z cpu4:2097738)Mod: 4962: Initialization of vmkapi_v2_3_0_0_vmklinux_shim succeeded with module ID 21.
2025-12-27T00:44:13.432Z cpu4:2097738)vmkapi_v2_3_0_0_vmklinux_shim loaded successfully.
2025-12-27T00:44:13.436Z cpu4:2097738)Loading module vmkplexer ...
2025-12-27T00:44:13.438Z cpu4:2097738)Elf: 2101: module vmkplexer has license GPLv2
2025-12-27T00:44:13.439Z cpu4:2097738)vmkplexer-heap:  initial size : 262144, max size: 20971520
2025-12-27T00:44:13.439Z cpu4:2097738)vmkplexer-heap: heap creation succeeded. id = 0x43090933d000
2025-12-27T00:44:13.439Z cpu4:2097738)vmkplexer registration succeeded!
2025-12-27T00:44:13.439Z cpu4:2097738)Mod: 4962: Initialization of vmkplexer succeeded with module ID 4118.
2025-12-27T00:44:13.439Z cpu4:2097738)vmkplexer loaded successfully.
2025-12-27T00:44:13.442Z cpu4:2097738)Loading module vmklinux_9 ...
2025-12-27T00:44:13.446Z cpu4:2097738)Elf: 2101: module vmklinux_9 has license GPLv2
2025-12-27T00:44:13.466Z cpu4:2097738)module heap vmklinux_9: Initial heap size = 262144, max heap size = 26673152
2025-12-27T00:44:13.466Z cpu4:2097738)vmklnx_module_mempool_init: Mempool max 26673152 being used for module: 4119
2025-12-27T00:44:13.466Z cpu4:2097738)vmk_MemPoolCreate passed for 64 pages
2025-12-27T00:44:13.466Z cpu4:2097738)module heap vmklinux_9: using memType 0
2025-12-27T00:44:13.466Z cpu4:2097738)module heap vmklinux_9: creation succeeded. id = 0x43090a740000
2025-12-27T00:44:13.466Z cpu4:2097738)vmklinux: init_module:2093: vmklinux module load starting...
2025-12-27T00:44:13.466Z cpu4:2097738)vmklinux: init_module:2096: Module Version = 6.7.0-9.2
2025-12-27T00:44:13.466Z cpu4:2097738)vmklinux: init_module:2099: max_pfn = 0x487ffff
2025-12-27T00:44:13.476Z cpu4:2097738)Device: 192: Registered driver 'vmklinux' from 4119
2025-12-27T00:44:13.477Z cpu4:2097738)<6>DMI 2.5 present.
2025-12-27T00:44:13.477Z cpu4:2097738)WARNING: Keyboard: 777: Ignoring registration attempt: External USB driver already registered.
2025-12-27T00:44:13.477Z cpu4:2097738)WARNING: VMKAPICore: 2472: Failed to register external keyboard driver, type: 1
2025-12-27T00:44:13.477Z cpu4:2097738)<6>mice: PS/2 mouse device common for all mice
2025-12-27T00:44:13.478Z cpu4:2097738)vmklinux: init_module:2295: vmklinux module load successful.
2025-12-27T00:44:13.478Z cpu4:2097738)Mod: 4962: Initialization of vmklinux_9 succeeded with module ID 4119.
2025-12-27T00:44:13.478Z cpu4:2097738)vmklinux_9 loaded successfully.
2025-12-27T00:44:13.482Z cpu20:2097689)PCI: 1335: No direct hookup for 0000:01:00.0
2025-12-27T00:44:13.482Z cpu20:2097689)PCI: 1366: Trying through pin 0 on bridge 0000:00:1c.0
2025-12-27T00:44:13.482Z cpu20:2097689)IOAPIC: 1159: IOAPIC Id 8: Allowing sharing of vector 0x32 for pin 16
2025-12-27T00:44:13.482Z cpu20:2097689)PCI: 1514: 0000:01:00.0: intPIN A intLine 255 irq 255 vector 0x32
2025-12-27T00:44:13.482Z cpu20:2097689)VMK_PCI: 764: device 0000:01:00.0 allocated 1 INTx interrupt
2025-12-27T00:44:13.482Z cpu20:2097689)Device: 327: Found driver vmklinux for device 0x21a24306f277bde5
2025-12-27T00:44:13.492Z cpu13:2097765)Loading module qflge ...
2025-12-27T00:44:13.496Z cpu13:2097765)Elf: 2101: module qflge has license ThirdParty
2025-12-27T00:44:13.498Z cpu13:2097765)Device: 192: Registered driver 'qflge' from 24
2025-12-27T00:44:13.498Z cpu13:2097765)qflge: qflge_modinfo_init:221: Successfully load QLogic Gigabit Ethernet Driver qflge 1.1.0.11 built on: 2018-04-03
2025-12-27T00:44:13.498Z cpu13:2097765)Mod: 4962: Initialization of qflge succeeded with module ID 24.
2025-12-27T00:44:13.498Z cpu13:2097765)qflge loaded successfully.
2025-12-27T00:44:13.501Z cpu20:2097689)qflge: qflge_drv_attach:571: [0000:0b:00.0] PCI ID 14e4:1639 1014:03a9
2025-12-27T00:44:13.501Z cpu20:2097689)VMK_PCI: 914: device 0000:0b:00.0 pciBar 0 bus_addr 0x96000000 size 0x2000000
2025-12-27T00:44:13.504Z cpu20:2097689)qflge: qflge_init_hw:4913: [0000:0b:00.0] chip id 0x57092003
2025-12-27T00:44:13.504Z cpu20:2097689)qflge: qflge_init_hw:5147: [0000:0b:00.0] MAC addr: 5c:f3:fc:e8:46:f8
2025-12-27T00:44:13.504Z cpu20:2097689)VMK_PCI: 764: device 0000:0b:00.0 allocated 1 MSIX interrupt
2025-12-27T00:44:13.504Z cpu20:2097689)qflge: qflge_alloc_interrupt:297: [0000:0b:00.0] Using MSI-X PCI interrupt
2025-12-27T00:44:13.504Z cpu20:2097689)DMA: 679: DMA Engine 'qflge-0000:0b:00.0' created using mapper 'DMANull'.
2025-12-27T00:44:13.504Z cpu20:2097689)DMA: 679: DMA Engine 'qflge-co-0000:0b:00.0' created using mapper 'DMANull'.
2025-12-27T00:44:13.504Z cpu20:2097689)Device: 327: Found driver qflge for device 0x2b124306f2778d0a
2025-12-27T00:44:13.504Z cpu20:2097689)CpuSched: 699: user latency of 2097766 netpoll-backup 0 changed by 2097689 vmkdevmgr -6
2025-12-27T00:44:13.504Z cpu20:2097689)Device: 1466: Registered device: 0x4306f2778070 pci#m00008501#0 com.vmware.uplink (parent=0x2b124306f2778d0a)
2025-12-27T00:44:13.504Z cpu20:2097689)qflge: qflge_drv_scan:717: [0000:0b:00.0] Uplink device 0x5f4b4306f277dbdd registered
2025-12-27T00:44:13.506Z cpu20:2097689)qflge: qflge_drv_attach:571: [0000:0b:00.1] PCI ID 14e4:1639 1014:03a9
2025-12-27T00:44:13.506Z cpu20:2097689)VMK_PCI: 914: device 0000:0b:00.1 pciBar 0 bus_addr 0x98000000 size 0x2000000
2025-12-27T00:44:13.509Z cpu20:2097689)qflge: qflge_init_hw:4913: [0000:0b:00.1] chip id 0x57092003
2025-12-27T00:44:13.509Z cpu20:2097689)qflge: qflge_init_hw:5147: [0000:0b:00.1] MAC addr: 5c:f3:fc:e8:46:fa
2025-12-27T00:44:13.509Z cpu20:2097689)VMK_PCI: 764: device 0000:0b:00.1 allocated 1 MSIX interrupt
2025-12-27T00:44:13.509Z cpu20:2097689)qflge: qflge_alloc_interrupt:297: [0000:0b:00.1] Using MSI-X PCI interrupt
2025-12-27T00:44:13.509Z cpu20:2097689)DMA: 679: DMA Engine 'qflge-0000:0b:00.1' created using mapper 'DMANull'.
2025-12-27T00:44:13.509Z cpu20:2097689)DMA: 679: DMA Engine 'qflge-co-0000:0b:00.1' created using mapper 'DMANull'.
2025-12-27T00:44:13.510Z cpu20:2097689)Device: 327: Found driver qflge for device 0x30e84306f277919d
2025-12-27T00:44:13.510Z cpu20:2097689)CpuSched: 699: user latency of 2097767 netpoll-backup 0 changed by 2097689 vmkdevmgr -6
2025-12-27T00:44:13.510Z cpu20:2097689)Device: 1466: Registered device: 0x4306f2778070 pci#m00008502#0 com.vmware.uplink (parent=0x30e84306f277919d)
2025-12-27T00:44:13.510Z cpu20:2097689)qflge: qflge_drv_scan:717: [0000:0b:00.1] Uplink device 0x1c154306f277dc76 registered
2025-12-27T00:44:13.511Z cpu20:2097689)qflge: qflge_drv_attach:571: [0000:10:00.0] PCI ID 14e4:1639 1014:03a9
2025-12-27T00:44:13.511Z cpu20:2097689)VMK_PCI: 914: device 0000:10:00.0 pciBar 0 bus_addr 0x92000000 size 0x2000000
2025-12-27T00:44:13.514Z cpu20:2097689)qflge: qflge_init_hw:4913: [0000:10:00.0] chip id 0x57092003
2025-12-27T00:44:13.515Z cpu20:2097689)qflge: qflge_init_hw:5147: [0000:10:00.0] MAC addr: 5c:f3:fc:6a:ac:60
2025-12-27T00:44:13.515Z cpu20:2097689)VMK_PCI: 764: device 0000:10:00.0 allocated 1 MSIX interrupt
2025-12-27T00:44:13.515Z cpu20:2097689)qflge: qflge_alloc_interrupt:297: [0000:10:00.0] Using MSI-X PCI interrupt
2025-12-27T00:44:13.515Z cpu20:2097689)DMA: 679: DMA Engine 'qflge-0000:10:00.0' created using mapper 'DMANull'.
2025-12-27T00:44:13.515Z cpu20:2097689)DMA: 679: DMA Engine 'qflge-co-0000:10:00.0' created using mapper 'DMANull'.
2025-12-27T00:44:13.515Z cpu20:2097689)Device: 327: Found driver qflge for device 0x3a2e4306f2779389
2025-12-27T00:44:13.515Z cpu20:2097689)CpuSched: 699: user latency of 2097768 netpoll-backup 0 changed by 2097689 vmkdevmgr -6
2025-12-27T00:44:13.515Z cpu20:2097689)Device: 1466: Registered device: 0x4306f2778070 pci#m00008503#0 com.vmware.uplink (parent=0x3a2e4306f2779389)
2025-12-27T00:44:13.515Z cpu20:2097689)qflge: qflge_drv_scan:717: [0000:10:00.0] Uplink device 0x29194306f277de37 registered
2025-12-27T00:44:13.517Z cpu20:2097689)qflge: qflge_drv_attach:571: [0000:10:00.1] PCI ID 14e4:1639 1014:03a9
2025-12-27T00:44:13.517Z cpu20:2097689)VMK_PCI: 914: device 0000:10:00.1 pciBar 0 bus_addr 0x94000000 size 0x2000000
2025-12-27T00:44:13.519Z cpu20:2097689)qflge: qflge_init_hw:4913: [0000:10:00.1] chip id 0x57092003
2025-12-27T00:44:13.520Z cpu20:2097689)qflge: qflge_init_hw:5147: [0000:10:00.1] MAC addr: 5c:f3:fc:6a:ac:62
2025-12-27T00:44:13.520Z cpu20:2097689)VMK_PCI: 764: device 0000:10:00.1 allocated 1 MSIX interrupt
2025-12-27T00:44:13.520Z cpu20:2097689)qflge: qflge_alloc_interrupt:297: [0000:10:00.1] Using MSI-X PCI interrupt
2025-12-27T00:44:13.520Z cpu20:2097689)DMA: 679: DMA Engine 'qflge-0000:10:00.1' created using mapper 'DMANull'.
2025-12-27T00:44:13.520Z cpu20:2097689)DMA: 679: DMA Engine 'qflge-co-0000:10:00.1' created using mapper 'DMANull'.
2025-12-27T00:44:13.520Z cpu20:2097689)Device: 327: Found driver qflge for device 0x40eb4306f2779436
2025-12-27T00:44:13.520Z cpu20:2097689)CpuSched: 699: user latency of 2097769 netpoll-backup 0 changed by 2097689 vmkdevmgr -6
2025-12-27T00:44:13.520Z cpu20:2097689)Device: 1466: Registered device: 0x4306f2778070 pci#m00008504#0 com.vmware.uplink (parent=0x40eb4306f2779436)
2025-12-27T00:44:13.520Z cpu20:2097689)qflge: qflge_drv_scan:717: [0000:10:00.1] Uplink device 0x12fd4306f277df63 registered
2025-12-27T00:44:13.526Z cpu9:2097770)Loading module igbn ...
2025-12-27T00:44:13.529Z cpu9:2097770)Elf: 2101: module igbn has license ThirdParty
2025-12-27T00:44:13.533Z cpu9:2097770)Device: 192: Registered driver 'igbn' from 25
2025-12-27T00:44:13.533Z cpu9:2097770)Mod: 4962: Initialization of igbn succeeded with module ID 25.
2025-12-27T00:44:13.533Z cpu9:2097770)igbn loaded successfully.
2025-12-27T00:44:13.537Z cpu20:2097689)igbn: indrv_Attach:2329: Attaching igbn driver
2025-12-27T00:44:13.537Z cpu20:2097689)VMK_PCI: 914: device 0000:15:00.0 pciBar 0 bus_addr 0x9bc00000 size 0x100000
2025-12-27T00:44:13.538Z cpu20:2097689)DMA: 679: DMA Engine 'igbn' created using mapper 'DMANull'.
2025-12-27T00:44:13.562Z cpu20:2097689)igbn: igbn_InitSharedCode:386: MAC address: a0:36:9f:03:25:88
2025-12-27T00:44:13.580Z cpu20:2097689)VMK_PCI: 764: device 0000:15:00.0 allocated 3 MSIX interrupts
2025-12-27T00:44:13.580Z cpu20:2097689)CpuSched: 699: user latency of 2097774 netpoll-backup 0 changed by 2097689 vmkdevmgr -6
2025-12-27T00:44:13.580Z cpu20:2097689)CpuSched: 699: user latency of 2097775 netpoll-backup 0 changed by 2097689 vmkdevmgr -6
2025-12-27T00:44:13.580Z cpu20:2097689)Device: 327: Found driver igbn for device 0x40454306f2779689
2025-12-27T00:44:13.596Z cpu20:2097689)Device: 1466: Registered device: 0x4306f2778070 pci#s00000001.00#0 com.vmware.uplink (parent=0x40454306f2779689)
2025-12-27T00:44:13.596Z cpu20:2097689)igbn: indrv_Scan:547: Successfully registered PF device: Success
2025-12-27T00:44:13.598Z cpu20:2097689)igbn: indrv_Attach:2329: Attaching igbn driver
2025-12-27T00:44:13.598Z cpu20:2097689)VMK_PCI: 914: device 0000:15:00.1 pciBar 0 bus_addr 0x9bb00000 size 0x100000
2025-12-27T00:44:13.598Z cpu20:2097689)DMA: 679: DMA Engine 'igbn' created using mapper 'DMANull'.
2025-12-27T00:44:13.623Z cpu20:2097689)igbn: igbn_InitSharedCode:386: MAC address: a0:36:9f:03:25:89
2025-12-27T00:44:13.641Z cpu20:2097689)igbn: igbn_InitSharedCode:419: Thermal sensor is not available for this NIC
2025-12-27T00:44:13.641Z cpu20:2097689)VMK_PCI: 764: device 0000:15:00.1 allocated 3 MSIX interrupts
2025-12-27T00:44:13.641Z cpu20:2097689)CpuSched: 699: user latency of 2097778 netpoll-backup 0 changed by 2097689 vmkdevmgr -6
2025-12-27T00:44:13.641Z cpu20:2097689)CpuSched: 699: user latency of 2097779 netpoll-backup 0 changed by 2097689 vmkdevmgr -6
2025-12-27T00:44:13.641Z cpu20:2097689)Device: 327: Found driver igbn for device 0x16d24306f2779856
2025-12-27T00:44:13.657Z cpu20:2097689)Device: 1466: Registered device: 0x4306f2778070 pci#s00000001.01#0 com.vmware.uplink (parent=0x16d24306f2779856)
2025-12-27T00:44:13.657Z cpu20:2097689)igbn: indrv_Scan:547: Successfully registered PF device: Success
2025-12-27T00:44:13.664Z cpu20:2097655)Jumpstart plugin vmkdevmgr activated.
2025-12-27T00:44:13.664Z cpu20:2097655)Activating Jumpstart plugin register-vmw-satp.
2025-12-27T00:44:13.665Z cpu20:2097655)Jumpstart plugin register-vmw-satp activated.
2025-12-27T00:44:13.665Z cpu20:2097655)Activating Jumpstart plugin register-vmw-mpp.
2025-12-27T00:44:13.665Z cpu20:2097655)Jumpstart plugin register-vmw-mpp activated.
2025-12-27T00:44:13.665Z cpu20:2097655)Activating Jumpstart plugin register-vmw-psp.
2025-12-27T00:44:13.666Z cpu20:2097655)Jumpstart plugin register-vmw-psp activated.
2025-12-27T00:44:13.666Z cpu20:2097655)Activating Jumpstart plugin etherswitch.
2025-12-27T00:44:13.673Z cpu20:2097781)Loading module vmkapi_v2_2_0_0_iscsiInc_shim ...
2025-12-27T00:44:13.675Z cpu20:2097781)Elf: 2101: module vmkapi_v2_2_0_0_iscsiInc_shim has license VMware
2025-12-27T00:44:13.676Z cpu20:2097781)Mod: 4962: Initialization of vmkapi_v2_2_0_0_iscsiInc_shim succeeded with module ID 26.
2025-12-27T00:44:13.676Z cpu20:2097781)vmkapi_v2_2_0_0_iscsiInc_shim loaded successfully.
2025-12-27T00:44:13.683Z cpu18:2097782)Loading module vmkapi_v2_3_0_0_iscsiInc_shim ...
2025-12-27T00:44:13.685Z cpu18:2097782)Elf: 2101: module vmkapi_v2_3_0_0_iscsiInc_shim has license VMware
2025-12-27T00:44:13.686Z cpu18:2097782)Mod: 4962: Initialization of vmkapi_v2_3_0_0_iscsiInc_shim succeeded with module ID 27.
2025-12-27T00:44:13.686Z cpu18:2097782)vmkapi_v2_3_0_0_iscsiInc_shim loaded successfully.
2025-12-27T00:44:13.694Z cpu7:2097783)Loading module etherswitch ...
2025-12-27T00:44:13.698Z cpu7:2097783)Elf: 2101: module etherswitch has license VMware
2025-12-27T00:44:13.706Z cpu7:2097783)WARNING: etherswitch: PortCfg_ModInit:910: Skipped initializing etherswitch portcfg for VSS to use cswitch and portcfg module
2025-12-27T00:44:13.707Z cpu7:2097783)CpuSched: 699: user latency of 2097784 advUnicastAddrWorld 0 changed by 2097783 vmkeventd -6
2025-12-27T00:44:13.707Z cpu7:2097783)etherswitch: EtherswitchDispatchDataSlabInit:3307: Created dispatch data slab 'etherswitchDispatchDataSlab' objSize 12208, minObj 72, maxObj 2880
2025-12-27T00:44:13.707Z cpu7:2097783)VProbe: 803: Loaded   7 static probes from: etherswitch
2025-12-27T00:44:13.707Z cpu7:2097783)Mod: 4962: Initialization of etherswitch succeeded with module ID 28.
2025-12-27T00:44:13.707Z cpu7:2097783)etherswitch loaded successfully.
2025-12-27T00:44:13.714Z cpu12:2097787)Loading module portcfg ...
2025-12-27T00:44:13.718Z cpu12:2097787)Elf: 2101: module portcfg has license VMware
2025-12-27T00:44:13.723Z cpu12:2097787)Mod: 4962: Initialization of portcfg succeeded with module ID 29.
2025-12-27T00:44:13.723Z cpu12:2097787)portcfg loaded successfully.
2025-12-27T00:44:13.730Z cpu23:2097780)PCI: 91: Device 0x4d084306f277d30b is not a PCI vmkDevice
2025-12-27T00:44:13.730Z cpu23:2097780)Device: 2628: Module 0 did not claim device 0x4d084306f277d30b.
2025-12-27T00:44:13.731Z cpu23:2097780)PCI: 91: Device 0x4d1a4306f277d5af is not a PCI vmkDevice
2025-12-27T00:44:13.731Z cpu23:2097780)Device: 2628: Module 0 did not claim device 0x4d1a4306f277d5af.
2025-12-27T00:44:13.732Z cpu23:2097780)PCI: 91: Device 0x63c64306f277d6f2 is not a PCI vmkDevice
2025-12-27T00:44:13.732Z cpu23:2097780)Device: 2628: Module 0 did not claim device 0x63c64306f277d6f2.
2025-12-27T00:44:13.733Z cpu23:2097780)PCI: 91: Device 0x63964306f277d80a is not a PCI vmkDevice
2025-12-27T00:44:13.733Z cpu23:2097780)Device: 2628: Module 0 did not claim device 0x63964306f277d80a.
2025-12-27T00:44:13.733Z cpu21:2097788)Loading module vswitch ...
2025-12-27T00:44:13.734Z cpu23:2097780)PCI: 91: Device 0x5f4b4306f277dbdd is not a PCI vmkDevice
2025-12-27T00:44:13.734Z cpu23:2097780)Device: 2628: Module 0 did not claim device 0x5f4b4306f277dbdd.
2025-12-27T00:44:13.734Z cpu23:2097780)PCI: 91: Device 0x1c154306f277dc76 is not a PCI vmkDevice
2025-12-27T00:44:13.734Z cpu23:2097780)Device: 2628: Module 0 did not claim device 0x1c154306f277dc76.
2025-12-27T00:44:13.735Z cpu23:2097780)PCI: 91: Device 0x29194306f277de37 is not a PCI vmkDevice
2025-12-27T00:44:13.735Z cpu23:2097780)Device: 2628: Module 0 did not claim device 0x29194306f277de37.
2025-12-27T00:44:13.736Z cpu23:2097780)PCI: 91: Device 0x12fd4306f277df63 is not a PCI vmkDevice
2025-12-27T00:44:13.736Z cpu23:2097780)Device: 2628: Module 0 did not claim device 0x12fd4306f277df63.
2025-12-27T00:44:13.736Z cpu21:2097788)Elf: 2101: module vswitch has license VMware
2025-12-27T00:44:13.737Z cpu23:2097780)PCI: 91: Device 0x55cb4306f277e23e is not a PCI vmkDevice
2025-12-27T00:44:13.737Z cpu23:2097780)Device: 2628: Module 0 did not claim device 0x55cb4306f277e23e.
2025-12-27T00:44:13.738Z cpu23:2097780)PCI: 91: Device 0xa624306f277e374 is not a PCI vmkDevice
2025-12-27T00:44:13.738Z cpu23:2097780)Device: 2628: Module 0 did not claim device 0xa624306f277e374.
2025-12-27T00:44:13.742Z cpu21:2097788)CpuSched: 699: user latency of 2097790 advUnicastAddrWorld 0 changed by 2097788 vmkeventd -6
2025-12-27T00:44:13.742Z cpu21:2097788)cswitch: VSwitchDispatchDataSlabInit:5179: [nsx@6876 comp="nsx-esx" subcomp="vswitch"]Created dispatch data slab 'vswitchDispatchDataSlab' objSize 1328, minObj 72, maxObj 24480
2025-12-27T00:44:13.742Z cpu21:2097788)Mod: 4962: Initialization of vswitch succeeded with module ID 30.
2025-12-27T00:44:13.743Z cpu21:2097788)vswitch loaded successfully.
2025-12-27T00:44:13.749Z cpu7:2097794)Loading module netsched_fifo ...
2025-12-27T00:44:13.752Z cpu7:2097794)Elf: 2101: module netsched_fifo has license VMware
2025-12-27T00:44:13.752Z cpu7:2097794)Mod: 4962: Initialization of netsched_fifo succeeded with module ID 31.
2025-12-27T00:44:13.752Z cpu7:2097794)netsched_fifo loaded successfully.
2025-12-27T00:44:13.760Z cpu2:2097795)Loading module netsched_hclk ...
2025-12-27T00:44:13.763Z cpu2:2097795)Elf: 2101: module netsched_hclk has license VMware
2025-12-27T00:44:13.765Z cpu2:2097795)Mod: 4962: Initialization of netsched_hclk succeeded with module ID 32.
2025-12-27T00:44:13.765Z cpu2:2097795)netsched_hclk loaded successfully.
2025-12-27T00:44:13.774Z cpu22:2097796)Loading module netioc ...
2025-12-27T00:44:13.777Z cpu22:2097796)Elf: 2101: module netioc has license VMware
2025-12-27T00:44:13.777Z cpu22:2097796)netioc: init_module:141: NetIOC successfully initialized
2025-12-27T00:44:13.777Z cpu22:2097796)Mod: 4962: Initialization of netioc succeeded with module ID 33.
2025-12-27T00:44:13.778Z cpu22:2097796)netioc loaded successfully.
2025-12-27T00:44:13.785Z cpu13:2097797)Loading module lb_netqueue_bal ...
2025-12-27T00:44:13.788Z cpu13:2097797)Elf: 2101: module lb_netqueue_bal has license VMware
2025-12-27T00:44:13.789Z cpu13:2097797)Mod: 4962: Initialization of lb_netqueue_bal succeeded with module ID 34.
2025-12-27T00:44:13.789Z cpu13:2097797)lb_netqueue_bal loaded successfully.
2025-12-27T00:44:13.792Z cpu11:2097635)NetPortset: 1959: Activating portset #0 as pps (etherswitch) with 129 ports, index mask is 0x1fff status Success
2025-12-27T00:44:13.792Z cpu11:2097635)Team.etherswitch: TeamES_Activate:959: porset pps subscribing to LACP events after recieving switch activate event
2025-12-27T00:44:13.792Z cpu11:2097635)NetPort: 1359: enabled port 0x1 with mac 00:00:00:00:00:00
2025-12-27T00:44:13.792Z cpu11:2097635)NetPortset: 3789: Created parking portset pps.
2025-12-27T00:44:13.792Z cpu14:2097655)Jumpstart plugin etherswitch activated.
2025-12-27T00:44:13.792Z cpu14:2097655)Activating Jumpstart plugin aslr.
2025-12-27T00:44:13.793Z cpu11:2097635)Config: 703: "UserMemASRandomSeed" = 2045907027, Old Value: 3119852389, (Status: 0x0)
2025-12-27T00:44:13.794Z cpu14:2097655)Jumpstart plugin aslr activated.
2025-12-27T00:44:13.794Z cpu14:2097655)Activating Jumpstart plugin random.
2025-12-27T00:44:13.794Z cpu14:2097655)Jumpstart plugin random activated.
2025-12-27T00:44:13.794Z cpu14:2097655)Activating Jumpstart plugin storage-early-config-dev-settings.
2025-12-27T00:44:13.848Z cpu14:2097655)Jumpstart plugin storage-early-config-dev-settings activated.
2025-12-27T00:44:13.848Z cpu14:2097655)Activating Jumpstart plugin networking-drivers.
2025-12-27T00:44:13.919Z cpu8:2097800)Loading module vmklinux_9_2_3_0 ...
2025-12-27T00:44:13.921Z cpu8:2097800)Elf: 2101: module vmklinux_9_2_3_0 has license GPLv2
2025-12-27T00:44:13.926Z cpu8:2097800)Mod: 4962: Initialization of vmklinux_9_2_3_0 succeeded with module ID 4131.
2025-12-27T00:44:13.926Z cpu8:2097800)vmklinux_9_2_3_0 loaded successfully.
2025-12-27T00:44:13.933Z cpu8:2097800)Loading module cnic_register ...
2025-12-27T00:44:13.936Z cpu8:2097800)Elf: 2101: module cnic_register has license GPL
2025-12-27T00:44:13.937Z cpu8:2097800)module heap vmklnx_cnic_register: Initial heap size = 16384, max heap size = 5488640
2025-12-27T00:44:13.937Z cpu8:2097800)vmklnx_module_mempool_init: Mempool max 5488640 being used for module: 4132
2025-12-27T00:44:13.937Z cpu8:2097800)vmk_MemPoolCreate passed for 4 pages
2025-12-27T00:44:13.937Z cpu8:2097800)module heap vmklnx_cnic_register: using memType 0
2025-12-27T00:44:13.937Z cpu8:2097800)module heap vmklnx_cnic_register: creation succeeded. id = 0x430ae0c5d000
<6>QLogic NetXtreme II CNIC Registration Agent cnic_register v1.78.75.v60.7 (May 21, 2014)
2025-12-27T00:44:13.937Z cpu8:2097800)Mod: 4962: Initialization of cnic_register succeeded with module ID 4132.
2025-12-27T00:44:13.937Z cpu8:2097800)cnic_register loaded successfully.
2025-12-27T00:44:14.057Z cpu14:2097655)Jumpstart plugin networking-drivers activated.
2025-12-27T00:44:14.057Z cpu14:2097655)Activating Jumpstart plugin register-vmw-vaai.
2025-12-27T00:44:14.058Z cpu14:2097655)Jumpstart plugin register-vmw-vaai activated.
2025-12-27T00:44:14.058Z cpu14:2097655)Activating Jumpstart plugin usb.
2025-12-27T00:44:14.111Z cpu14:2097655)Jumpstart plugin usb activated.
2025-12-27T00:44:14.111Z cpu14:2097655)Activating Jumpstart plugin local-storage.
2025-12-27T00:44:14.117Z cpu16:2097802)Loading module dm ...
2025-12-27T00:44:14.120Z cpu16:2097802)Elf: 2101: module dm has license VMware
2025-12-27T00:44:14.121Z cpu16:2097802)Mod: 4962: Initialization of dm succeeded with module ID 37.
2025-12-27T00:44:14.121Z cpu16:2097802)dm loaded successfully.
2025-12-27T00:44:14.130Z cpu12:2097803)Loading module nmp ...
2025-12-27T00:44:14.133Z cpu12:2097803)Elf: 2101: module nmp has license VMware
2025-12-27T00:44:14.137Z cpu12:2097803)Mod: 4962: Initialization of nmp succeeded with module ID 38.
2025-12-27T00:44:14.137Z cpu12:2097803)nmp loaded successfully.
2025-12-27T00:44:14.144Z cpu2:2097807)Loading module hpp ...
2025-12-27T00:44:14.148Z cpu2:2097807)Elf: 2101: module hpp has license VMware
2025-12-27T00:44:14.149Z cpu2:2097807)HPP: HppStartPlugin:2618: Plugin 'HPP' started successfully.
2025-12-27T00:44:14.149Z cpu2:2097807)Mod: 4962: Initialization of hpp succeeded with module ID 39.
2025-12-27T00:44:14.149Z cpu2:2097807)hpp loaded successfully.
2025-12-27T00:44:14.157Z cpu11:2097811)Loading module vmw_satp_local ...
2025-12-27T00:44:14.160Z cpu11:2097811)Elf: 2101: module vmw_satp_local has license VMware
2025-12-27T00:44:14.160Z cpu11:2097811)Mod: 4962: Initialization of vmw_satp_local succeeded with module ID 40.
2025-12-27T00:44:14.160Z cpu11:2097811)vmw_satp_local loaded successfully.
2025-12-27T00:44:14.169Z cpu20:2097813)Loading module vmw_satp_default_aa ...
2025-12-27T00:44:14.172Z cpu20:2097813)Elf: 2101: module vmw_satp_default_aa has license VMware
2025-12-27T00:44:14.172Z cpu20:2097813)Mod: 4962: Initialization of vmw_satp_default_aa succeeded with module ID 41.
2025-12-27T00:44:14.172Z cpu20:2097813)vmw_satp_default_aa loaded successfully.
2025-12-27T00:44:14.179Z cpu23:2097814)Loading module vmw_psp_lib ...
2025-12-27T00:44:14.183Z cpu23:2097814)Elf: 2101: module vmw_psp_lib has license VMware
2025-12-27T00:44:14.184Z cpu23:2097814)Mod: 4962: Initialization of vmw_psp_lib succeeded with module ID 42.
2025-12-27T00:44:14.184Z cpu23:2097814)vmw_psp_lib loaded successfully.
2025-12-27T00:44:14.191Z cpu17:2097815)Loading module vmw_psp_fixed ...
2025-12-27T00:44:14.193Z cpu17:2097815)Elf: 2101: module vmw_psp_fixed has license VMware
2025-12-27T00:44:14.194Z cpu17:2097815)Mod: 4962: Initialization of vmw_psp_fixed succeeded with module ID 43.
2025-12-27T00:44:14.194Z cpu17:2097815)vmw_psp_fixed loaded successfully.
2025-12-27T00:44:14.201Z cpu6:2097816)Loading module vmw_psp_rr ...
2025-12-27T00:44:14.204Z cpu6:2097816)Elf: 2101: module vmw_psp_rr has license VMware
2025-12-27T00:44:14.205Z cpu6:2097816)Mod: 4962: Initialization of vmw_psp_rr succeeded with module ID 44.
2025-12-27T00:44:14.205Z cpu6:2097816)vmw_psp_rr loaded successfully.
2025-12-27T00:44:14.213Z cpu3:2097818)Loading module vmw_psp_mru ...
2025-12-27T00:44:14.216Z cpu3:2097818)Elf: 2101: module vmw_psp_mru has license VMware
2025-12-27T00:44:14.216Z cpu3:2097818)Mod: 4962: Initialization of vmw_psp_mru succeeded with module ID 45.
2025-12-27T00:44:14.216Z cpu3:2097818)vmw_psp_mru loaded successfully.
2025-12-27T00:44:14.225Z cpu14:2097655)Jumpstart plugin local-storage activated.
2025-12-27T00:44:14.225Z cpu14:2097655)Activating Jumpstart plugin psa-mask-paths.
2025-12-27T00:44:14.227Z cpu14:2097655)Jumpstart plugin psa-mask-paths activated.
2025-12-27T00:44:14.227Z cpu14:2097655)Activating Jumpstart plugin network-uplink-init.
2025-12-27T00:44:14.245Z cpu5:2097819)Device: 192: Registered driver 'uplink_drv' from 0
2025-12-27T00:44:14.254Z cpu23:2097780)PCI: 91: Device 0x5f4b4306f277dbdd is not a PCI vmkDevice
2025-12-27T00:44:14.254Z cpu0:2097268)qflge: qflge_uplink_associate:1701: [vmnic0] Associate with uplink 0x43049b7da040
2025-12-27T00:44:14.254Z cpu23:2097780)Uplink: 11676: Device vmnic0 not yet opened
2025-12-27T00:44:14.254Z cpu23:2097780)Device: 327: Found driver uplink_drv for device 0x5f4b4306f277dbdd
2025-12-27T00:44:14.254Z cpu23:2097780)Uplink: 13967: Opening device vmnic0
2025-12-27T00:44:14.254Z cpu0:2097268)qflge: qflge_uplink_cap_enable:1741: [vmnic0] HW always strips VLAN. SW insertion disabled in driver.
2025-12-27T00:44:14.254Z cpu21:2097377)CpuSched: 699: user latency of 2097820 vmnic0-0-tx 0 changed by 2097377 NetSchedHelper -6
2025-12-27T00:44:14.254Z cpu23:2097780)Uplink: 11694: enabled port 0x2 with mac 5c:f3:fc:e8:46:f8
2025-12-27T00:44:14.254Z cpu0:2097268)qflge: qflge_uplink_state_set:1599: [vmnic0] Set uplink state to 0x1d
2025-12-27T00:44:14.279Z cpu0:2097268)qflge: qflge_print_cpu_fw_versions:811: [vmnic0] CPU firmware versions: TXP: 'txp6.2.6' TPAT: 'tpa6.2.6' RXP: 'rxp6.2.6' COM: 'com6.2.6' CP: 'cp6.2.6'
2025-12-27T00:44:14.290Z cpu0:2097268)qflge: qflge_setup_copper_phy:2890: [vmnic0] Restarting auto-negotiation
2025-12-27T00:44:14.291Z cpu0:2097268)qflge: qflge_txq_enable:658: [vmnic0] Enabled txq
2025-12-27T00:44:14.291Z cpu0:2097268)qflge: qflge_rxq_enable:716: [vmnic0] Enabled rxq
2025-12-27T00:44:14.296Z cpu23:2097780)PCI: 91: Device 0x1c154306f277dc76 is not a PCI vmkDevice
2025-12-27T00:44:14.296Z cpu0:2097268)qflge: qflge_uplink_associate:1701: [vmnic1] Associate with uplink 0x43049b7e3740
2025-12-27T00:44:14.296Z cpu23:2097780)Uplink: 11676: Device vmnic1 not yet opened
2025-12-27T00:44:14.296Z cpu23:2097780)Device: 327: Found driver uplink_drv for device 0x1c154306f277dc76
2025-12-27T00:44:14.296Z cpu23:2097780)Uplink: 13967: Opening device vmnic1
2025-12-27T00:44:14.296Z cpu0:2097268)qflge: qflge_uplink_cap_enable:1741: [vmnic1] HW always strips VLAN. SW insertion disabled in driver.
2025-12-27T00:44:14.296Z cpu23:2097780)Uplink: 11694: enabled port 0x3 with mac 5c:f3:fc:e8:46:fa
2025-12-27T00:44:14.296Z cpu0:2097268)qflge: qflge_uplink_state_set:1599: [vmnic1] Set uplink state to 0x1d
2025-12-27T00:44:14.296Z cpu21:2097377)CpuSched: 699: user latency of 2097822 vmnic1-0-tx 0 changed by 2097377 NetSchedHelper -6
2025-12-27T00:44:14.321Z cpu0:2097268)qflge: qflge_print_cpu_fw_versions:811: [vmnic1] CPU firmware versions: TXP: 'txp6.2.6' TPAT: 'tpa6.2.6' RXP: 'rxp6.2.6' COM: 'com6.2.6' CP: 'cp6.2.6'
2025-12-27T00:44:14.332Z cpu0:2097268)qflge: qflge_setup_copper_phy:2890: [vmnic1] Restarting auto-negotiation
2025-12-27T00:44:14.332Z cpu0:2097268)qflge: qflge_txq_enable:658: [vmnic1] Enabled txq
2025-12-27T00:44:14.332Z cpu0:2097268)qflge: qflge_rxq_enable:716: [vmnic1] Enabled rxq
2025-12-27T00:44:14.337Z cpu23:2097780)PCI: 91: Device 0x29194306f277de37 is not a PCI vmkDevice
2025-12-27T00:44:14.337Z cpu0:2097268)qflge: qflge_uplink_associate:1701: [vmnic2] Associate with uplink 0x43049b7edcc0
2025-12-27T00:44:14.337Z cpu23:2097780)Uplink: 11676: Device vmnic2 not yet opened
2025-12-27T00:44:14.337Z cpu23:2097780)Device: 327: Found driver uplink_drv for device 0x29194306f277de37
2025-12-27T00:44:14.337Z cpu23:2097780)Uplink: 13967: Opening device vmnic2
2025-12-27T00:44:14.337Z cpu0:2097268)qflge: qflge_uplink_cap_enable:1741: [vmnic2] HW always strips VLAN. SW insertion disabled in driver.
2025-12-27T00:44:14.337Z cpu23:2097780)Uplink: 11694: enabled port 0x4 with mac 5c:f3:fc:6a:ac:60
2025-12-27T00:44:14.337Z cpu21:2097377)CpuSched: 699: user latency of 2097824 vmnic2-0-tx 0 changed by 2097377 NetSchedHelper -6
2025-12-27T00:44:14.337Z cpu0:2097268)qflge: qflge_uplink_state_set:1599: [vmnic2] Set uplink state to 0x1d
2025-12-27T00:44:14.362Z cpu0:2097268)qflge: qflge_print_cpu_fw_versions:811: [vmnic2] CPU firmware versions: TXP: 'txp6.2.6' TPAT: 'tpa6.2.6' RXP: 'rxp6.2.6' COM: 'com6.2.6' CP: 'cp6.2.6'
2025-12-27T00:44:14.373Z cpu0:2097268)qflge: qflge_setup_copper_phy:2890: [vmnic2] Restarting auto-negotiation
2025-12-27T00:44:14.373Z cpu0:2097268)qflge: qflge_txq_enable:658: [vmnic2] Enabled txq
2025-12-27T00:44:14.373Z cpu0:2097268)qflge: qflge_rxq_enable:716: [vmnic2] Enabled rxq
2025-12-27T00:44:14.381Z cpu23:2097780)PCI: 91: Device 0x12fd4306f277df63 is not a PCI vmkDevice
2025-12-27T00:44:14.381Z cpu0:2097268)qflge: qflge_uplink_associate:1701: [vmnic3] Associate with uplink 0x43049b7f8280
2025-12-27T00:44:14.381Z cpu23:2097780)Uplink: 11676: Device vmnic3 not yet opened
2025-12-27T00:44:14.381Z cpu23:2097780)Device: 327: Found driver uplink_drv for device 0x12fd4306f277df63
2025-12-27T00:44:14.381Z cpu23:2097780)Uplink: 13967: Opening device vmnic3
2025-12-27T00:44:14.382Z cpu0:2097268)qflge: qflge_uplink_cap_enable:1741: [vmnic3] HW always strips VLAN. SW insertion disabled in driver.
2025-12-27T00:44:14.382Z cpu23:2097780)Uplink: 11694: enabled port 0x5 with mac 5c:f3:fc:6a:ac:62
2025-12-27T00:44:14.382Z cpu21:2097377)CpuSched: 699: user latency of 2097826 vmnic3-0-tx 0 changed by 2097377 NetSchedHelper -6
2025-12-27T00:44:14.382Z cpu0:2097268)qflge: qflge_uplink_state_set:1599: [vmnic3] Set uplink state to 0x1d
2025-12-27T00:44:14.407Z cpu0:2097268)qflge: qflge_print_cpu_fw_versions:811: [vmnic3] CPU firmware versions: TXP: 'txp6.2.6' TPAT: 'tpa6.2.6' RXP: 'rxp6.2.6' COM: 'com6.2.6' CP: 'cp6.2.6'
2025-12-27T00:44:14.418Z cpu0:2097268)qflge: qflge_setup_copper_phy:2890: [vmnic3] Restarting auto-negotiation
2025-12-27T00:44:14.418Z cpu0:2097268)qflge: qflge_txq_enable:658: [vmnic3] Enabled txq
2025-12-27T00:44:14.418Z cpu0:2097268)qflge: qflge_rxq_enable:716: [vmnic3] Enabled rxq
2025-12-27T00:44:14.423Z cpu23:2097780)PCI: 91: Device 0x55cb4306f277e23e is not a PCI vmkDevice
2025-12-27T00:44:14.423Z cpu0:2097268)igbn: indrv_UplinkAssociate:1524: Associate igbn driver with vmnic4
2025-12-27T00:44:14.423Z cpu23:2097780)Uplink: 11676: Device vmnic4 not yet opened
2025-12-27T00:44:14.423Z cpu23:2097780)Device: 327: Found driver uplink_drv for device 0x55cb4306f277e23e
2025-12-27T00:44:14.423Z cpu23:2097780)Uplink: 13967: Opening device vmnic4
2025-12-27T00:44:14.423Z cpu0:2097268)igbn: igbn_ChangeUplinkCap:1415: toggled hw VLAN TX offload on
2025-12-27T00:44:14.423Z cpu0:2097268)igbn: igbn_ChangeUplinkCap:1406: toggled hw VLAN RX offload on
2025-12-27T00:44:14.423Z cpu23:2097780)Uplink: 11694: enabled port 0x6 with mac a0:36:9f:03:25:88
2025-12-27T00:44:14.423Z cpu21:2097377)CpuSched: 699: user latency of 2097828 vmnic4-0-tx 0 changed by 2097377 NetSchedHelper -6
2025-12-27T00:44:14.423Z cpu0:2097268)igbn: indrv_UplinkStartIo:2174: Starting I/O on vmnic4
2025-12-27T00:44:14.423Z cpu0:2097268)igbn: igbn_Up:2002: vmnic4-: bringing up recv
2025-12-27T00:44:14.424Z cpu0:2097268)igbn: igbn_Up:2022: vmnic4: bringing up xmit
2025-12-27T00:44:14.431Z cpu23:2097780)PCI: 91: Device 0xa624306f277e374 is not a PCI vmkDevice
2025-12-27T00:44:14.431Z cpu0:2097268)igbn: indrv_UplinkAssociate:1524: Associate igbn driver with vmnic5
2025-12-27T00:44:14.431Z cpu23:2097780)Uplink: 11676: Device vmnic5 not yet opened
2025-12-27T00:44:14.431Z cpu23:2097780)Device: 327: Found driver uplink_drv for device 0xa624306f277e374
2025-12-27T00:44:14.431Z cpu23:2097780)Uplink: 13967: Opening device vmnic5
2025-12-27T00:44:14.431Z cpu0:2097268)igbn: igbn_ChangeUplinkCap:1415: toggled hw VLAN TX offload on
2025-12-27T00:44:14.431Z cpu0:2097268)igbn: igbn_ChangeUplinkCap:1406: toggled hw VLAN RX offload on
2025-12-27T00:44:14.431Z cpu23:2097780)Uplink: 11694: enabled port 0x7 with mac a0:36:9f:03:25:89
2025-12-27T00:44:14.431Z cpu21:2097377)CpuSched: 699: user latency of 2097829 vmnic5-0-tx 0 changed by 2097377 NetSchedHelper -6
2025-12-27T00:44:14.431Z cpu0:2097268)igbn: indrv_UplinkStartIo:2174: Starting I/O on vmnic5
2025-12-27T00:44:14.431Z cpu0:2097268)igbn: igbn_Up:2002: vmnic5-: bringing up recv
2025-12-27T00:44:14.431Z cpu0:2097268)igbn: igbn_Up:2022: vmnic5: bringing up xmit
2025-12-27T00:44:14.438Z cpu23:2097780)PCI: 91: Device 0x4d084306f277d30b is not a PCI vmkDevice
2025-12-27T00:44:14.438Z cpu23:2097780)Device: 2628: Module 0 did not claim device 0x4d084306f277d30b.
2025-12-27T00:44:14.443Z cpu23:2097780)PCI: 91: Device 0x4d1a4306f277d5af is not a PCI vmkDevice
2025-12-27T00:44:14.443Z cpu23:2097780)Device: 2628: Module 0 did not claim device 0x4d1a4306f277d5af.
2025-12-27T00:44:14.448Z cpu23:2097780)PCI: 91: Device 0x63c64306f277d6f2 is not a PCI vmkDevice
2025-12-27T00:44:14.448Z cpu23:2097780)Device: 2628: Module 0 did not claim device 0x63c64306f277d6f2.
2025-12-27T00:44:14.453Z cpu23:2097780)PCI: 91: Device 0x63964306f277d80a is not a PCI vmkDevice
2025-12-27T00:44:14.453Z cpu23:2097780)Device: 2628: Module 0 did not claim device 0x63964306f277d80a.
2025-12-27T00:44:14.579Z cpu23:2097780)PCI: 91: Device 0x4d084306f277d30b is not a PCI vmkDevice
2025-12-27T00:44:14.579Z cpu23:2097780)Device: 2628: Module 0 did not claim device 0x4d084306f277d30b.
2025-12-27T00:44:14.584Z cpu23:2097780)PCI: 91: Device 0x4d1a4306f277d5af is not a PCI vmkDevice
2025-12-27T00:44:14.584Z cpu23:2097780)Device: 2628: Module 0 did not claim device 0x4d1a4306f277d5af.
2025-12-27T00:44:14.589Z cpu23:2097780)PCI: 91: Device 0x63c64306f277d6f2 is not a PCI vmkDevice
2025-12-27T00:44:14.589Z cpu23:2097780)Device: 2628: Module 0 did not claim device 0x63c64306f277d6f2.
2025-12-27T00:44:14.594Z cpu23:2097780)PCI: 91: Device 0x63964306f277d80a is not a PCI vmkDevice
2025-12-27T00:44:14.594Z cpu23:2097780)Device: 2628: Module 0 did not claim device 0x63964306f277d80a.
2025-12-27T00:44:14.721Z cpu23:2097780)PCI: 91: Device 0x4d084306f277d30b is not a PCI vmkDevice
2025-12-27T00:44:14.721Z cpu23:2097780)Device: 2628: Module 0 did not claim device 0x4d084306f277d30b.
2025-12-27T00:44:14.726Z cpu23:2097780)PCI: 91: Device 0x4d1a4306f277d5af is not a PCI vmkDevice
2025-12-27T00:44:14.726Z cpu23:2097780)Device: 2628: Module 0 did not claim device 0x4d1a4306f277d5af.
2025-12-27T00:44:14.731Z cpu23:2097780)PCI: 91: Device 0x63c64306f277d6f2 is not a PCI vmkDevice
2025-12-27T00:44:14.731Z cpu23:2097780)Device: 2628: Module 0 did not claim device 0x63c64306f277d6f2.
2025-12-27T00:44:14.736Z cpu23:2097780)PCI: 91: Device 0x63964306f277d80a is not a PCI vmkDevice
2025-12-27T00:44:14.736Z cpu23:2097780)Device: 2628: Module 0 did not claim device 0x63964306f277d80a.
2025-12-27T00:44:14.859Z cpu14:2097655)Jumpstart plugin network-uplink-init activated.
2025-12-27T00:44:14.859Z cpu14:2097655)Activating Jumpstart plugin psa-nmp-pre-claim-config.
2025-12-27T00:44:15.038Z cpu14:2097655)Jumpstart plugin psa-nmp-pre-claim-config activated.
2025-12-27T00:44:15.038Z cpu14:2097655)Activating Jumpstart plugin vmci.
2025-12-27T00:44:15.043Z cpu4:2097830)Loading module vmci ...
2025-12-27T00:44:15.046Z cpu4:2097830)Elf: 2101: module vmci has license VMware
2025-12-27T00:44:15.050Z cpu4:2097830)Mod: 4962: Initialization of vmci succeeded with module ID 46.
2025-12-27T00:44:15.050Z cpu4:2097830)vmci loaded successfully.
2025-12-27T00:44:15.053Z cpu14:2097655)Jumpstart plugin vmci activated.
2025-12-27T00:44:15.053Z cpu14:2097655)Activating Jumpstart plugin psa-filter-pre-claim-config.
2025-12-27T00:44:15.167Z cpu14:2097655)Jumpstart plugin psa-filter-pre-claim-config activated.
2025-12-27T00:44:15.167Z cpu14:2097655)Activating Jumpstart plugin restore-system-uuid.
2025-12-27T00:44:15.171Z cpu14:2097655)Jumpstart plugin restore-system-uuid activated.
2025-12-27T00:44:15.171Z cpu14:2097655)Activating Jumpstart plugin restore-storage-multipathing.
2025-12-27T00:44:15.176Z cpu14:2097655)Jumpstart plugin restore-storage-multipathing activated.
2025-12-27T00:44:15.176Z cpu14:2097655)Activating Jumpstart plugin network-support.
2025-12-27T00:44:15.198Z cpu22:2097833)Loading module healthchk ...
2025-12-27T00:44:15.201Z cpu22:2097833)Elf: 2101: module healthchk has license VMware
2025-12-27T00:44:15.206Z cpu22:2097833)NetHealthcheck: NHC_Initialize:1945: Networking health check plugin L2ECHO initialized.
2025-12-27T00:44:15.206Z cpu22:2097833)Mod: 4962: Initialization of healthchk succeeded with module ID 47.
2025-12-27T00:44:15.207Z cpu22:2097833)healthchk loaded successfully.
2025-12-27T00:44:15.228Z cpu3:2097837)Loading module teamcheck ...
2025-12-27T00:44:15.231Z cpu3:2097837)Elf: 2101: module teamcheck has license VMware
2025-12-27T00:44:15.237Z cpu3:2097837)Mod: 4962: Initialization of teamcheck succeeded with module ID 48.
2025-12-27T00:44:15.237Z cpu3:2097837)teamcheck loaded successfully.
2025-12-27T00:44:15.258Z cpu3:2097838)Loading module vlanmtucheck ...
2025-12-27T00:44:15.261Z cpu3:2097838)Elf: 2101: module vlanmtucheck has license VMware
2025-12-27T00:44:15.267Z cpu3:2097838)Mod: 4962: Initialization of vlanmtucheck succeeded with module ID 49.
2025-12-27T00:44:15.267Z cpu3:2097838)vlanmtucheck loaded successfully.
2025-12-27T00:44:15.294Z cpu16:2097840)Loading module heartbeat ...
2025-12-27T00:44:15.297Z cpu16:2097840)Elf: 2101: module heartbeat has license VMware
2025-12-27T00:44:15.302Z cpu16:2097840)Mod: 4962: Initialization of heartbeat succeeded with module ID 50.
2025-12-27T00:44:15.302Z cpu16:2097840)heartbeat loaded successfully.
2025-12-27T00:44:15.325Z cpu9:2097842)Loading module shaper ...
2025-12-27T00:44:15.328Z cpu9:2097842)Elf: 2101: module shaper has license VMware
2025-12-27T00:44:15.333Z cpu9:2097842)CpuSched: 699: user latency of 2097843 tq:Shaper Schedule 0 changed by 2097842 vmkeventd -6
2025-12-27T00:44:15.333Z cpu9:2097842)Mod: 4962: Initialization of shaper succeeded with module ID 51.
2025-12-27T00:44:15.333Z cpu9:2097842)shaper loaded successfully.
2025-12-27T00:44:15.355Z cpu4:2097844)Loading module lldp ...
2025-12-27T00:44:15.358Z cpu4:2097844)Elf: 2101: module lldp has license VMware
2025-12-27T00:44:15.359Z cpu4:2097844)Mod: 4962: Initialization of lldp succeeded with module ID 52.
2025-12-27T00:44:15.359Z cpu4:2097844)lldp loaded successfully.
2025-12-27T00:44:15.386Z cpu12:2097846)Loading module cdp ...
2025-12-27T00:44:15.389Z cpu12:2097846)Elf: 2101: module cdp has license VMware
2025-12-27T00:44:15.394Z cpu12:2097846)Mod: 4962: Initialization of cdp succeeded with module ID 53.
2025-12-27T00:44:15.394Z cpu12:2097846)cdp loaded successfully.
2025-12-27T00:44:15.417Z cpu23:2097847)Loading module ipfix ...
2025-12-27T00:44:15.421Z cpu23:2097847)Elf: 2101: module ipfix has license VMware
2025-12-27T00:44:15.427Z cpu23:2097847)System memory is 288 GB, IPFix:ipfixFlowMaxCount: 4194304, ipfixHashTableSize: 131072.
2025-12-27T00:44:15.427Z cpu23:2097847)Ipfix hashTableSize:131072 bucket count :524288
2025-12-27T00:44:15.427Z cpu23:2097847)Ipfix export world count: 4, each world handles records on 6 PCPUs
2025-12-27T00:44:15.428Z cpu23:2097847)Ipfix: IpfixClient_Register:299: Client "VXLAN" from module(54) is registered.priority: 321, beginTemplateID: 256, templateCount :8
2025-12-27T00:44:15.428Z cpu23:2097847)Ipfix: IpfixClient_Register:299: Client "TCP" from module(54) is registered.priority: 577, beginTemplateID: 264, templateCount :2
2025-12-27T00:44:15.428Z cpu23:2097847)Ipfix: IpfixClient_Register:299: Client "UDP" from module(54) is registered.priority: 578, beginTemplateID: 266, templateCount :2
2025-12-27T00:44:15.428Z cpu23:2097847)Ipfix: IpfixClient_Register:299: Client "ICMPv4" from module(54) is registered.priority: 579, beginTemplateID: 268, templateCount :1
2025-12-27T00:44:15.428Z cpu23:2097847)Ipfix: IpfixClient_Register:299: Client "ICMPv6" from module(54) is registered.priority: 580, beginTemplateID: 269, templateCount :1
2025-12-27T00:44:15.428Z cpu23:2097847)Mod: 4962: Initialization of ipfix succeeded with module ID 54.
2025-12-27T00:44:15.428Z cpu23:2097847)ipfix loaded successfully.
2025-12-27T00:44:15.449Z cpu2:2097851)Loading module tcpip4 ...
2025-12-27T00:44:15.455Z cpu2:2097851)Elf: 2101: module tcpip4 has license VMware
2025-12-27T00:44:15.482Z cpu2:2097851)Tcpip: 181: max clusters: 15728
2025-12-27T00:44:15.482Z cpu2:2097851)Tcpip_Vmk: 718: tcpip: Number RX Dispatch Queues: 1
2025-12-27T00:44:15.483Z cpu2:2097851)Tcpip_Vmk: 124: crypto: <crypto core>
2025-12-27T00:44:15.483Z cpu2:2097851)Tcpip_Vmk: 124: crypto: assign swcrypto driver id 0, flags 100663296
2025-12-27T00:44:15.483Z cpu2:2097851)Tcpip_Vmk: 124: crypto: swcrypto registers alg 2 flags 0 maxoplen 0
2025-12-27T00:44:15.483Z cpu2:2097851)Tcpip_Vmk: 124: crypto: swcrypto registers alg 16 flags 0 maxoplen 0
2025-12-27T00:44:15.483Z cpu2:2097851)Tcpip_Vmk: 124: crypto: swcrypto registers alg 7 flags 0 maxoplen 0
2025-12-27T00:44:15.483Z cpu2:2097851)Tcpip_Vmk: 124: crypto: swcrypto registers alg 18 flags 0 maxoplen 0
2025-12-27T00:44:15.483Z cpu2:2097851)Tcpip_Vmk: 124: crypto: swcrypto registers alg 15 flags 0 maxoplen 0
2025-12-27T00:44:15.483Z cpu2:2097851)Tcpip_Vmk: 124: crypto: swcrypto registers alg 11 flags 0 maxoplen 0
2025-12-27T00:44:15.483Z cpu2:2097851)Tcpip_Vmk: 124: crypto: swcrypto registers alg 22 flags 0 maxoplen 0
2025-12-27T00:44:15.484Z cpu2:2097851)Tcpip_Vmk: 124: ip6_init: Finished init
2025-12-27T00:44:15.484Z cpu2:2097851)Tcpip_Vmk: 124: IPsec: Initialized Security Association Processing.
2025-12-27T00:44:15.484Z cpu2:2097851)Tcpip_Vmk: 124: numfibs in use: 1
2025-12-27T00:44:15.484Z cpu2:2097851)Tcpip_Vmk: 124: in6_domifattach: for ifname=lo0
2025-12-27T00:44:15.484Z cpu2:2097851)Tcpip_Vmk: 124: rn_addmask bcmp(addmask_key=0x451a4f19acc0, x->rn_key=0x430ce3813380, mlen=0xc) != 0
2025-12-27T00:44:15.484Z cpu2:2097851)Tcpip_Vmk: 124: rn_addmask bcmp(addmask_key=0x451a4f19ab60, x->rn_key=0x430ce3813380, mlen=0x10) != 0
2025-12-27T00:44:15.484Z cpu2:2097851)CpuSched: 699: user latency of 2097852 tq:tcpip4 0 changed by 2097851 vmkeventd -6
2025-12-27T00:44:15.484Z cpu2:2097851)Tcpip: 272: Exported 54 sysctls to VSI
2025-12-27T00:44:15.484Z cpu2:2097851)Tcpip: 170: Sysctl '_net_inet_tcp_rfc3465' set to '1'
2025-12-27T00:44:15.486Z cpu2:2097851)Tcpip_Vmk: 124: toggling flowtable on
2025-12-27T00:44:15.486Z cpu2:2097851)CpuSched: 699: user latency of 2097871 tcpip-isr 0 changed by 2097851 vmkeventd -6
2025-12-27T00:44:15.486Z cpu2:2097851)CpuSched: 699: user latency of 2097873 TcpipPktComp#0 0 changed by 2097851 vmkeventd -6
2025-12-27T00:44:15.486Z cpu2:2097851)VProbe: 803: Loaded  12 static probes from: tcpip4
2025-12-27T00:44:15.486Z cpu2:2097851)Mod: 4962: Initialization of tcpip4 succeeded with module ID 55.
2025-12-27T00:44:15.486Z cpu2:2097851)tcpip4 loaded successfully.
2025-12-27T00:44:15.512Z cpu18:2097875)Loading module dvsdev ...
2025-12-27T00:44:15.516Z cpu18:2097875)Elf: 2101: module dvsdev has license VMware
2025-12-27T00:44:15.516Z cpu18:2097875)Mod: 4962: Initialization of dvsdev succeeded with module ID 56.
2025-12-27T00:44:15.516Z cpu18:2097875)dvsdev loaded successfully.
2025-12-27T00:44:15.539Z cpu6:2097876)Loading module dvfilter ...
2025-12-27T00:44:15.542Z cpu6:2097876)Elf: 2101: module dvfilter has license VMware
2025-12-27T00:44:15.546Z cpu6:2097876)CpuSched: 699: user latency of 2097881 DVFilter-Comm-2 0 changed by 2097876 vmkeventd -6
2025-12-27T00:44:15.546Z cpu6:2097876)NetPortset: 1959: Activating portset #1 as DVFilter Coalesce Portset (nulldev) with 256 ports, index mask is 0x1fff status Success
2025-12-27T00:44:15.546Z cpu6:2097876)DVFilter: 2721: DVFilterShm portset DVFilter Coalesce Portset created.
2025-12-27T00:44:15.546Z cpu6:2097876)Mod: 4962: Initialization of dvfilter succeeded with module ID 57.
2025-12-27T00:44:15.546Z cpu6:2097876)dvfilter loaded successfully.
2025-12-27T00:44:15.574Z cpu21:2097882)Loading module lacp ...
2025-12-27T00:44:15.577Z cpu21:2097882)Elf: 2101: module lacp has license VMware
2025-12-27T00:44:15.584Z cpu21:2097882)Mod: 4962: Initialization of lacp succeeded with module ID 58.
2025-12-27T00:44:15.584Z cpu21:2097882)lacp loaded successfully.
2025-12-27T00:44:15.587Z cpu12:2097655)Jumpstart plugin network-support activated.
2025-12-27T00:44:15.587Z cpu12:2097655)Activating Jumpstart plugin psa-load-rules.
2025-12-27T00:44:15.601Z cpu12:2097655)Jumpstart plugin psa-load-rules activated.
2025-12-27T00:44:15.601Z cpu12:2097655)Activating Jumpstart plugin vds-vmkapi-compatibility.
2025-12-27T00:44:15.601Z cpu12:2097655)Jumpstart plugin vds-vmkapi-compatibility activated.
2025-12-27T00:44:15.601Z cpu12:2097655)Activating Jumpstart plugin psa-filter-post-claim-config.
2025-12-27T00:44:15.602Z cpu12:2097655)Jumpstart plugin psa-filter-post-claim-config activated.
2025-12-27T00:44:15.602Z cpu12:2097655)Activating Jumpstart plugin psa-nmp-post-claim-config.
2025-12-27T00:44:15.602Z cpu12:2097655)Jumpstart plugin psa-nmp-post-claim-config activated.
2025-12-27T00:44:15.602Z cpu12:2097655)Activating Jumpstart plugin vmkdrbg.
2025-12-27T00:44:15.630Z cpu15:2097884)Loading module drbg ...
2025-12-27T00:44:15.633Z cpu15:2097884)Elf: 2101: module drbg has license VMware
2025-12-27T00:44:15.634Z cpu15:2097884)drbgModuleLog: BoringSslWrapper_Init:220: FIPS-140-2 POST successful
2025-12-27T00:44:15.634Z cpu15:2097884)Mod: 4962: Initialization of drbg succeeded with module ID 59.
2025-12-27T00:44:15.634Z cpu15:2097884)drbg loaded successfully.
2025-12-27T00:44:15.639Z cpu12:2097655)Jumpstart plugin vmkdrbg activated.
2025-12-27T00:44:15.639Z cpu12:2097655)Activating Jumpstart plugin mlx4_en.
2025-12-27T00:44:15.639Z cpu12:2097655)Jumpstart plugin mlx4_en activated.
2025-12-27T00:44:15.639Z cpu12:2097655)Activating Jumpstart plugin dvfilters-vmkapi-compatibility.
2025-12-27T00:44:15.706Z cpu19:2097886)Loading module vmkapi_v2_4_0_0_dvfilter_shim ...
2025-12-27T00:44:15.708Z cpu19:2097886)Elf: 2101: module vmkapi_v2_4_0_0_dvfilter_shim has license VMware
2025-12-27T00:44:15.709Z cpu19:2097886)Vmkapiv2_4_0_0DvfilterShim: init_module:89: Shim for dvfilter vmkapi 2.4.0-0 to vmkapi 2.5.0-0 is active.
2025-12-27T00:44:15.709Z cpu19:2097886)Mod: 4962: Initialization of vmkapi_v2_4_0_0_dvfilter_shim succeeded with module ID 60.
2025-12-27T00:44:15.709Z cpu19:2097886)vmkapi_v2_4_0_0_dvfilter_shim loaded successfully.
2025-12-27T00:44:15.726Z cpu8:2097887)Loading module vmkapi_v2_2_0_0_dvfilter_shim ...
2025-12-27T00:44:15.729Z cpu8:2097887)Elf: 2101: module vmkapi_v2_2_0_0_dvfilter_shim has license VMware
2025-12-27T00:44:15.729Z cpu8:2097887)Vmkapiv2_2_0_0DvfilterShim: init_module:85: Shim for dvfilter vmkapi 2.2.0-0 to vmkapi 2.5.0-0 is active.
2025-12-27T00:44:15.729Z cpu8:2097887)Mod: 4962: Initialization of vmkapi_v2_2_0_0_dvfilter_shim succeeded with module ID 61.
2025-12-27T00:44:15.729Z cpu8:2097887)vmkapi_v2_2_0_0_dvfilter_shim loaded successfully.
2025-12-27T00:44:15.749Z cpu1:2097888)Loading module vmkapi_v2_3_0_0_dvfilter_shim ...
2025-12-27T00:44:15.753Z cpu1:2097888)Elf: 2101: module vmkapi_v2_3_0_0_dvfilter_shim has license VMware
2025-12-27T00:44:15.753Z cpu1:2097888)Vmkapiv2_3_0_0DvfilterShim: init_module:85: Shim for dvfilter vmkapi 2.3.0-0 to vmkapi 2.5.0-0 is active.
2025-12-27T00:44:15.753Z cpu1:2097888)Mod: 4962: Initialization of vmkapi_v2_3_0_0_dvfilter_shim succeeded with module ID 62.
2025-12-27T00:44:15.753Z cpu1:2097888)vmkapi_v2_3_0_0_dvfilter_shim loaded successfully.
2025-12-27T00:44:15.760Z cpu14:2097655)Jumpstart plugin dvfilters-vmkapi-compatibility activated.
2025-12-27T00:44:15.760Z cpu14:2097655)Activating Jumpstart plugin vds-config.
2025-12-27T00:44:15.760Z cpu14:2097655)Jumpstart plugin vds-config activated.
2025-12-27T00:44:15.760Z cpu14:2097655)Activating Jumpstart plugin storage-drivers.
2025-12-27T00:44:15.869Z cpu5:2097889)Loading module megaraid_sas ...
2025-12-27T00:44:15.872Z cpu5:2097889)Elf: 2101: module megaraid_sas has license GPL
2025-12-27T00:44:15.874Z cpu5:2097889)module heap vmklnx_megaraid_sas: Initial heap size = 1048576, max heap size = 47415296
2025-12-27T00:44:15.874Z cpu5:2097889)vmklnx_module_mempool_init: Mempool max 47415296 being used for module: 4159
2025-12-27T00:44:15.874Z cpu5:2097889)vmk_MemPoolCreate passed for 256 pages
2025-12-27T00:44:15.874Z cpu5:2097889)module heap vmklnx_megaraid_sas: using memType 2
2025-12-27T00:44:15.874Z cpu5:2097889)module heap vmklnx_megaraid_sas: creation succeeded. id = 0x430baab12000
2025-12-27T00:44:15.874Z cpu5:2097889)<6>megasas: 6.603.55.00.2vmw
2025-12-27T00:44:15.874Z cpu5:2097889)PCI: driver megaraid_sas is looking for devices
<6>megasas: 0x1000:0x79:0x1014:0x3b2: 2025-12-27T00:44:15.874Z cpu5:2097889)domain 0 bus 1:slot 0:func 0
2025-12-27T00:44:15.874Z cpu5:2097889)DMA: 679: DMA Engine 'vmklnxpci-0:1:0.0' created using mapper 'DMANull'.
2025-12-27T00:44:15.874Z cpu5:2097889)DMA: 679: DMA Engine 'vmklnxpci-0:1:0.0' created using mapper 'DMANull'.
 megasas_init_mfi:  Line 4346: gen2 Template. SAS 1078Gen2, 0079Gen2 instance->pdev->device = 0x792025-12-27T00:44:15.874Z cpu5:2097889)megasas: FW now in Ready state
2025-12-27T00:44:15.874Z cpu5:2097889)VMK_PCI: 764: device 0000:01:00.0 allocated 1 MSIX interrupt
2025-12-27T00:44:15.874Z cpu5:2097889)MSIX enabled for dev 0000:01:00.0
2025-12-27T00:44:15.874Z cpu5:2097889)<6>[scsi4]: FW supports <0> MSIX vector, OnlineCPUs: <24>, Current MSIX <1>
megasas_init: fw_support_ieee=02025-12-27T00:44:15.961Z cpu5:2097889)<3>megasas: INIT adapter done
2025-12-27T00:44:16.027Z cpu5:2097889)megaraid_sas: Controller type: MR, Memory size is: 512MB
2025-12-27T00:44:16.027Z cpu5:2097889)<3>megasas: max_sectors_per_req = 0x280
2025-12-27T00:44:16.027Z cpu5:2097889)<3>megasas: tmp_sectors = 0x2a0
2025-12-27T00:44:16.049Z cpu5:2097889)megasas: controller 0x43090c0b45d0 has firmware version 12.15.0-0248.
2025-12-27T00:44:16.049Z cpu5:2097889)<6>megasas: io_attach:  host->irq: 16  host->unique_id: 256  host->can_queue: 975.
2025-12-27T00:44:16.049Z cpu5:2097889)<6>megasas: cmd_per_lun should be > 0 and<= 128
2025-12-27T00:44:16.049Z cpu5:2097889)<7>megasas: max_sectors : 0x280, cmd_per_lun : 0x80
2025-12-27T00:44:16.049Z cpu5:2097889)LinPCI: LinuxPCI_DeviceIsPAECapable:581: PAE capable device at 0000:01:00.0
2025-12-27T00:44:16.049Z cpu5:2097889)VMK_PCI: 392: Device 0000:01:00.0 name: vmhba0
2025-12-27T00:44:16.049Z cpu5:2097889)DMA: 679: DMA Engine 'vmhba0' created using mapper 'DMANull'.
2025-12-27T00:44:16.049Z cpu5:2097889)CpuSched: 699: user latency of 2097890 wdt-vmhba0-0 0 changed by 2097889 vmkeventd -6
2025-12-27T00:44:16.049Z cpu5:2097889)CpuSched: 699: user latency of 2097891 wdt-vmhba0-1 0 changed by 2097889 vmkeventd -6
2025-12-27T00:44:16.057Z cpu5:2097889)megasas_slave_configure: do not export physical disk devices to upper layer.
2025-12-27T00:44:16.057Z cpu5:2097889)WARNING: ScsiScan: 1638: Failed to add path vmhba0:C0:T9:L0 : Not found
2025-12-27T00:44:16.070Z cpu5:2097889)megasas_slave_configure: do not export physical disk devices to upper layer.
2025-12-27T00:44:16.070Z cpu5:2097889)WARNING: ScsiScan: 1638: Failed to add path vmhba0:C0:T10:L0 : Not found
2025-12-27T00:44:16.079Z cpu5:2097889)megasas_slave_configure: do not export physical disk devices to upper layer.
2025-12-27T00:44:16.079Z cpu5:2097889)WARNING: ScsiScan: 1638: Failed to add path vmhba0:C0:T11:L0 : Not found
2025-12-27T00:44:16.098Z cpu5:2097889)megasas_slave_configure: do not export physical disk devices to upper layer.
2025-12-27T00:44:16.098Z cpu5:2097889)WARNING: ScsiScan: 1638: Failed to add path vmhba0:C0:T13:L0 : Not found
2025-12-27T00:44:16.099Z cpu5:2097889)megasas_slave_configure: do not export physical disk devices to upper layer.
2025-12-27T00:44:16.099Z cpu5:2097889)WARNING: ScsiScan: 1638: Failed to add path vmhba0:C0:T14:L0 : Not found
2025-12-27T00:44:16.117Z cpu5:2097889)megasas_slave_configure: do not export physical disk devices to upper layer.
2025-12-27T00:44:16.117Z cpu5:2097889)WARNING: ScsiScan: 1638: Failed to add path vmhba0:C0:T15:L0 : Not found
2025-12-27T00:44:16.132Z cpu5:2097889)megasas_slave_configure: do not export physical disk devices to upper layer.
2025-12-27T00:44:16.132Z cpu5:2097889)WARNING: ScsiScan: 1638: Failed to add path vmhba0:C0:T16:L0 : Not found
2025-12-27T00:44:16.154Z cpu5:2097889)PCI: driver megaraid_sas claimed device 0000:01:00.0
2025-12-27T00:44:16.154Z cpu5:2097889)PCI: driver megaraid_sas claimed 1 device
2025-12-27T00:44:16.154Z cpu5:2097889)ScsiNpiv: 1519: GetInfo for adapter vmhba0, [0x430548ae62c0], max_vports=0, vports_inuse=0, linktype=0, state=0, failreason=0, sts=bad0020
2025-12-27T00:44:16.154Z cpu5:2097889)Mod: 4962: Initialization of megaraid_sas succeeded with module ID 4159.
2025-12-27T00:44:16.154Z cpu5:2097889)megaraid_sas loaded successfully.
2025-12-27T00:44:16.178Z cpu14:2097655)Jumpstart plugin storage-drivers activated.
2025-12-27T00:44:16.178Z cpu14:2097655)Activating Jumpstart plugin vxlan-base.
2025-12-27T00:44:16.179Z cpu14:2097655)Jumpstart plugin vxlan-base activated.
2025-12-27T00:44:16.179Z cpu14:2097655)Activating Jumpstart plugin firewall.
2025-12-27T00:44:16.184Z cpu4:2097892)Loading module esxfw ...
2025-12-27T00:44:16.187Z cpu4:2097892)Elf: 2101: module esxfw has license VMware
2025-12-27T00:44:16.192Z cpu4:2097892)Mod: 4962: Initialization of esxfw succeeded with module ID 64.
2025-12-27T00:44:16.192Z cpu4:2097892)esxfw loaded successfully.
2025-12-27T00:44:16.211Z cpu14:2097655)Jumpstart plugin firewall activated.
2025-12-27T00:44:16.211Z cpu14:2097655)Activating Jumpstart plugin vmkcrypto.
2025-12-27T00:44:16.605Z cpu16:2097894)Loading module crypto_fips ...
2025-12-27T00:44:16.608Z cpu16:2097894)Elf: 2101: module crypto_fips has license VMware
2025-12-27T00:44:16.610Z cpu16:2097894)cryptoModuleLog: CryptoWrapper_Init:444: FIPS-140-2 POST successful
2025-12-27T00:44:16.610Z cpu16:2097894)Crypto: 842: Successfully registered aes-ecb-generic with crypto framework.
2025-12-27T00:44:16.610Z cpu16:2097894)Crypto: 842: Successfully registered aes-ecb-AES-NI with crypto framework.
2025-12-27T00:44:16.610Z cpu16:2097894)Crypto: 842: Successfully registered aes-cbc-generic with crypto framework.
2025-12-27T00:44:16.610Z cpu16:2097894)Crypto: 842: Successfully registered aes-cbc-AES-NI with crypto framework.
2025-12-27T00:44:16.610Z cpu16:2097894)Crypto: 842: Successfully registered aes-ctr-generic with crypto framework.
2025-12-27T00:44:16.610Z cpu16:2097894)Crypto: 842: Successfully registered aes-ctr-AES-NI with crypto framework.
2025-12-27T00:44:16.610Z cpu16:2097894)Crypto: 842: Successfully registered aes-xts-generic with crypto framework.
2025-12-27T00:44:16.610Z cpu16:2097894)Crypto: 842: Successfully registered aes-xts-AES-NI with crypto framework.
2025-12-27T00:44:16.610Z cpu16:2097894)Crypto: 842: Successfully registered aes-cts-generic with crypto framework.
2025-12-27T00:44:16.610Z cpu16:2097894)Crypto: 842: Successfully registered aes-cts-AES-NI with crypto framework.
2025-12-27T00:44:16.610Z cpu16:2097894)Crypto: 842: Successfully registered aes-gcm-GHASHASM with crypto framework.
2025-12-27T00:44:16.610Z cpu16:2097894)Crypto: 842: Successfully registered aes-gcm-AES-NI with crypto framework.
2025-12-27T00:44:16.610Z cpu16:2097894)Crypto: 842: Successfully registered sha-1-generic with crypto framework.
2025-12-27T00:44:16.610Z cpu16:2097894)Crypto: 842: Successfully registered sha-1-SHAASM with crypto framework.
2025-12-27T00:44:16.610Z cpu16:2097894)Crypto: 842: Successfully registered sha-256-generic with crypto framework.
2025-12-27T00:44:16.610Z cpu16:2097894)Crypto: 842: Successfully registered sha-256-SHAASM with crypto framework.
2025-12-27T00:44:16.610Z cpu16:2097894)Crypto: 842: Successfully registered sha-512-generic with crypto framework.
2025-12-27T00:44:16.610Z cpu16:2097894)Crypto: 842: Successfully registered sha-512-SHAASM with crypto framework.
2025-12-27T00:44:16.610Z cpu16:2097894)Crypto: 842: Successfully registered hmac-sha1-generic with crypto framework.
2025-12-27T00:44:16.610Z cpu16:2097894)Crypto: 842: Successfully registered hmac-sha1-SHAASM with crypto framework.
2025-12-27T00:44:16.610Z cpu16:2097894)Crypto: 842: Successfully registered hmac-sha256-generic with crypto framework.
2025-12-27T00:44:16.610Z cpu16:2097894)Crypto: 842: Successfully registered hmac-sha256-SHAASM with crypto framework.
2025-12-27T00:44:16.610Z cpu16:2097894)Mod: 4962: Initialization of crypto_fips succeeded with module ID 65.
2025-12-27T00:44:16.610Z cpu16:2097894)crypto_fips loaded successfully.
2025-12-27T00:44:16.614Z cpu14:2097655)Jumpstart plugin vmkcrypto activated.
2025-12-27T00:44:16.614Z cpu14:2097655)Activating Jumpstart plugin dvfilter-config.
2025-12-27T00:44:16.614Z cpu14:2097655)Jumpstart plugin dvfilter-config activated.
2025-12-27T00:44:16.614Z cpu14:2097655)Activating Jumpstart plugin dvfilter-generic-fastpath.
2025-12-27T00:44:16.620Z cpu14:2097902)Loading module dvfilter-generic-fastpath ...
2025-12-27T00:44:16.623Z cpu14:2097902)Elf: 2101: module dvfilter-generic-fastpath has license VMware
2025-12-27T00:44:16.628Z cpu14:2097902)dvfilter-generic-fastpath: DVFGenericInit:1597: Registered dvfilter generic create agent property handler
2025-12-27T00:44:16.628Z cpu14:2097902)dvfilter-generic-fastpath: init_module:60: Loading dvfilter-generic-fastpath (platform)
2025-12-27T00:44:16.629Z cpu14:2097902)dvfilter-generic-fastpath: DVFGenericFWInitCharDev:309: dvfilter-generic-vmware: Registered fw character device
2025-12-27T00:44:16.629Z cpu14:2097902)dvfilter-generic-fastpath: DVFGenericFWInitProperty:187: dvfilter-generic-vmware: Registered fw rules property handler
2025-12-27T00:44:16.629Z cpu14:2097902)Mod: 4962: Initialization of dvfilter-generic-fastpath succeeded with module ID 66.
2025-12-27T00:44:16.629Z cpu14:2097902)dvfilter-generic-fastpath loaded successfully.
2025-12-27T00:44:16.632Z cpu19:2097655)Jumpstart plugin dvfilter-generic-fastpath activated.
2025-12-27T00:44:16.632Z cpu19:2097655)Activating Jumpstart plugin lacp-daemon.
2025-12-27T00:44:16.705Z cpu19:2097655)Jumpstart plugin lacp-daemon activated.
2025-12-27T00:44:16.705Z cpu19:2097655)Activating Jumpstart plugin storage-psa-init.
2025-12-27T00:44:16.725Z cpu12:2097921)Device: 192: Registered driver 'psa' from 0
2025-12-27T00:44:16.725Z cpu12:2097921)Device: 192: Registered driver 'psa_vport' from 0
2025-12-27T00:44:16.725Z cpu12:2097921)ScsiPsaDriver: 226: SCSI PSA Driver Initialized.
2025-12-27T00:44:16.730Z cpu23:2097780)PCI: 91: Device 0x4d084306f277d30b is not a PCI vmkDevice
2025-12-27T00:44:16.730Z cpu23:2097780)CpuSched: 699: user latency of 2097924 Cmpl-vmhba1-0 0 changed by 2097780 vmkdevmgr -6
2025-12-27T00:44:16.730Z cpu23:2097780)Device: 327: Found driver psa for device 0x4d084306f277d30b
2025-12-27T00:44:16.731Z cpu23:2097780)PCI: 91: Device 0x4d1a4306f277d5af is not a PCI vmkDevice
2025-12-27T00:44:16.731Z cpu23:2097780)CpuSched: 699: user latency of 2097926 Cmpl-vmhba64-0 0 changed by 2097780 vmkdevmgr -6
2025-12-27T00:44:16.731Z cpu23:2097780)Device: 327: Found driver psa for device 0x4d1a4306f277d5af
2025-12-27T00:44:16.732Z cpu23:2097780)PCI: 91: Device 0x63c64306f277d6f2 is not a PCI vmkDevice
2025-12-27T00:44:16.732Z cpu23:2097780)CpuSched: 699: user latency of 2097927 Cmpl-vmhba2-0 0 changed by 2097780 vmkdevmgr -6
2025-12-27T00:44:16.732Z cpu23:2097780)Device: 327: Found driver psa for device 0x63c64306f277d6f2
2025-12-27T00:44:16.733Z cpu23:2097780)PCI: 91: Device 0x63964306f277d80a is not a PCI vmkDevice
2025-12-27T00:44:16.733Z cpu23:2097780)Device: 327: Found driver psa for device 0x63964306f277d80a
2025-12-27T00:44:16.740Z cpu7:2097265)ScsiNpiv: 1519: GetInfo for adapter vmhba1, [0x430548ae1200], max_vports=0, vports_inuse=0, linktype=0, state=0, failreason=0, sts=bad0020
2025-12-27T00:44:16.741Z cpu7:2097265)ScsiNpiv: 1519: GetInfo for adapter vmhba64, [0x430548ae1a80], max_vports=0, vports_inuse=0, linktype=0, state=0, failreason=0, sts=bad0020
2025-12-27T00:44:16.742Z cpu7:2097265)ScsiNpiv: 1519: GetInfo for adapter vmhba2, [0x430548ae2300], max_vports=0, vports_inuse=0, linktype=0, state=0, failreason=0, sts=bad0020
2025-12-27T00:44:16.743Z cpu7:2097265)ScsiNpiv: 1519: GetInfo for adapter vmhba65, [0x430548ae2b80], max_vports=0, vports_inuse=0, linktype=0, state=0, failreason=0, sts=bad0020
2025-12-27T00:44:16.759Z cpu19:2097655)Jumpstart plugin storage-psa-init activated.
2025-12-27T00:44:16.759Z cpu19:2097655)Activating Jumpstart plugin restore-networking.
2025-12-27T00:44:16.764Z cpu7:2097635)NetDVS: 484: DVS enabled
2025-12-27T00:44:16.765Z cpu7:2097635)NetPortset: 3774: Parking portset pps already created.
2025-12-27T00:44:16.765Z cpu7:2097635)CDP: CdpEnableListen:3690: listening  on pps
2025-12-27T00:44:16.765Z cpu7:2097635)NetPortset: 1959: Activating portset #2 as vSwitch0 (cswitch) with 5376 ports, index mask is 0x1fff status Success
2025-12-27T00:44:16.765Z cpu7:2097635)NetPort: 1359: enabled port 0x2000001 with mac 00:00:00:00:00:00
2025-12-27T00:44:16.765Z cpu16:2097793)cswitch: VSwitchCreateAgingWorld:319: [nsx@6876 comp="nsx-esx" subcomp="vswitch"]Created aging timer world for vswitch vSwitch0
2025-12-27T00:44:16.765Z cpu7:2097635)NetPort: 1580: disabled port 0x2
2025-12-27T00:44:16.766Z cpu18:2097820)NetSched: 654: vmnic0-0-tx: worldID = 2097820 exits
2025-12-27T00:44:16.766Z cpu0:2097268)qflge: qflge_uplink_cap_disable:1773: [vmnic0] HW always strips VLAN. SW insertion enabled in driver.
2025-12-27T00:44:16.766Z cpu0:2097268)qflge: qflge_uplink_cap_enable:1741: [vmnic0] HW always strips VLAN. SW insertion disabled in driver.
2025-12-27T00:44:16.766Z cpu7:2097635)Uplink: 11694: enabled port 0x2000002 with mac 5c:f3:fc:e8:46:f8
2025-12-27T00:44:16.766Z cpu2:2097835)Net: 2457: connected Shadow of vmnic0  to null config, portID 0x2000003
2025-12-27T00:44:16.766Z cpu2:2097835)NetPort: 1359: enabled port 0x2000003 with mac 00:50:56:57:22:29
2025-12-27T00:44:16.802Z cpu7:2097635)CDP: CdpEnableListen:3690: listening  on vSwitch0
2025-12-27T00:44:16.807Z cpu7:2097635)Net: 2457: connected vmk0  to Management Network, portID 0x2000004
2025-12-27T00:44:16.807Z cpu7:2097635)Tcpip_Vmk: 1610: mcast[0] = 33:33:ff:e8:46:f8
2025-12-27T00:44:16.807Z cpu7:2097635)Tcpip_Vmk: 1610: mcast[1] = 33:33:00:00:00:01
2025-12-27T00:44:16.808Z cpu7:2097635)Tcpip: 1211: NIC supports Tso
2025-12-27T00:44:16.808Z cpu7:2097635)Tcpip: 1218: NIC support IPv4 TX checksum offloading
2025-12-27T00:44:16.808Z cpu7:2097635)Tcpip: 1225: NIC support IPv6 TX checksum offloading
2025-12-27T00:44:16.808Z cpu7:2097635)Tcpip: 1231: NIC supports Scatter-Gather transmits
2025-12-27T00:44:16.808Z cpu7:2097635)Tcpip_Vmk: 124: in6_domifattach: for ifname=vmk0
2025-12-27T00:44:16.808Z cpu7:2097635)Tcpip_Vmk: 124: vmk0:
2025-12-27T00:44:16.808Z cpu7:2097635)Tcpip_Vmk: 124: Ethernet address: 5c:f3:fc:e8:46:f8
2025-12-27T00:44:16.808Z cpu7:2097635)Tcpip: 1286: ether attach complete vmk 0 0
2025-12-27T00:44:16.808Z cpu7:2097635)Tcpip_Vmk: 124: rn_delete: return NULL after checking rn_dupedkey
2025-12-27T00:44:16.808Z cpu7:2097635)NetPort: 1359: enabled port 0x2000004 with mac 5c:f3:fc:e8:46:f8
2025-12-27T00:44:16.810Z cpu7:2097635)Tcpip: 1089: ip_addr = 0x6401a8c0, netmask = 0xffffff
2025-12-27T00:44:16.810Z cpu7:2097635)Tcpip_Vmk: 124: rn_addmask bcmp(addmask_key=0x451a4971afd0, x->rn_key=0x430ce3813380, mlen=0x7) != 0
2025-12-27T00:44:16.810Z cpu7:2097635)Tcpip: 1161: gateway = 0xfe01a8c0
2025-12-27T00:44:16.817Z cpu7:2097635)Tcpip_Vmk: 124: rn_delete: return NULL after checking rn_dupedkey
2025-12-27T00:44:16.852Z cpu19:2097655)Jumpstart plugin restore-networking activated.
2025-12-27T00:44:16.852Z cpu19:2097655)Activating Jumpstart plugin random-seed.
2025-12-27T00:44:16.871Z cpu19:2097655)Jumpstart plugin random-seed activated.
2025-12-27T00:44:16.871Z cpu19:2097655)Activating Jumpstart plugin dvfilters.
2025-12-27T00:44:16.921Z cpu19:2097655)Jumpstart plugin dvfilters activated.
2025-12-27T00:44:16.921Z cpu19:2097655)Activating Jumpstart plugin restore-pxe-marker.
2025-12-27T00:44:16.921Z cpu19:2097655)Jumpstart plugin restore-pxe-marker activated.
2025-12-27T00:44:16.921Z cpu19:2097655)Activating Jumpstart plugin auto-configure-networking.
2025-12-27T00:44:16.921Z cpu19:2097655)Jumpstart plugin auto-configure-networking activated.
2025-12-27T00:44:16.921Z cpu19:2097655)Activating Jumpstart plugin storage-early-configuration.
2025-12-27T00:44:17.006Z cpu19:2097655)Jumpstart plugin storage-early-configuration activated.
2025-12-27T00:44:17.006Z cpu19:2097655)Activating Jumpstart plugin bnx2fc.
2025-12-27T00:44:17.006Z cpu19:2097655)Jumpstart plugin bnx2fc activated.
2025-12-27T00:44:17.006Z cpu19:2097655)Activating Jumpstart plugin software-iscsi.
2025-12-27T00:44:17.013Z cpu19:2097940)Loading module vmkibft ...
2025-12-27T00:44:17.016Z cpu19:2097940)Elf: 2101: module vmkibft has license VMware
2025-12-27T00:44:17.017Z cpu19:2097940)vmkibft: vmkibftEnumerateIbftStructure:237: Did not find any iBFT header.
2025-12-27T00:44:17.017Z cpu19:2097940)Mod: 4962: Initialization of vmkibft succeeded with module ID 67.
2025-12-27T00:44:17.017Z cpu19:2097940)vmkibft loaded successfully.
2025-12-27T00:44:17.021Z cpu14:2097655)Jumpstart plugin software-iscsi activated.
2025-12-27T00:44:17.021Z cpu14:2097655)Activating Jumpstart plugin mount-filesystems.
2025-12-27T00:44:17.038Z cpu11:2097941)FSS: 8148: Mounting fs vcfs (4306f359e640) with -o  on file descriptor 430717335a50
2025-12-27T00:44:17.038Z cpu11:2097941)VisorFSRam: 882: tmp with (2,256,256,8192,1777)
2025-12-27T00:44:17.038Z cpu11:2097941)FSS: 8148: Mounting fs visorfs (4306f359e670) with -o 2,256,256,8192,0,01777,tmp on file descriptor 4307174cc930
2025-12-27T00:44:17.039Z cpu11:2097941)VisorFSRam: 882: iofilters with (0,32,0,10240,1700)
2025-12-27T00:44:17.039Z cpu11:2097941)FSS: 8148: Mounting fs visorfs (4306f359e670) with -o 0,32,0,10240,0,01700,iofilters on file descriptor 4307174cd0f0
2025-12-27T00:44:17.039Z cpu11:2097941)VisorFSRam: 882: shm with (0,1024,0,512,1766)
2025-12-27T00:44:17.039Z cpu11:2097941)FSS: 8148: Mounting fs visorfs (4306f359e670) with -o 0,1024,0,512,0,01766,shm on file descriptor 430717501400
2025-12-27T00:44:17.039Z cpu14:2097655)Jumpstart plugin mount-filesystems activated.
2025-12-27T00:44:17.039Z cpu14:2097655)Activating Jumpstart plugin fcoe-config.
2025-12-27T00:44:17.049Z cpu19:2097942)Loading module vmkfbft ...
2025-12-27T00:44:17.052Z cpu19:2097942)Elf: 2101: module vmkfbft has license VMware
2025-12-27T00:44:17.053Z cpu19:2097942)vmkfbft: vmkfbftEnumerateFbftStructure:89: Did not find any FBFT header, status 0xbad0003:VMK_NOT_FOUND.
2025-12-27T00:44:17.053Z cpu19:2097942)WARNING: FBFT not enabled
2025-12-27T00:44:17.053Z cpu19:2097942)Mod: 4962: Initialization of vmkfbft succeeded with module ID 68.
2025-12-27T00:44:17.053Z cpu19:2097942)vmkfbft loaded successfully.
2025-12-27T00:44:17.064Z cpu14:2097655)Jumpstart plugin fcoe-config activated.
2025-12-27T00:44:17.064Z cpu14:2097655)Activating Jumpstart plugin storage-path-claim.
2025-12-27T00:44:17.585Z cpu22:2097766)qflge: qflge_resolve_flow_ctrl:2607: [vmnic0] Local flow control settings.
2025-12-27T00:44:17.585Z cpu22:2097766)qflge: qflge_resolve_flow_ctrl:2609: [vmnic0]    PAUSE capable.
2025-12-27T00:44:17.585Z cpu22:2097766)qflge: qflge_resolve_flow_ctrl:2614: [vmnic0] Remote flow control settings.
2025-12-27T00:44:17.585Z cpu22:2097766)qflge: qflge_report_link:2531: [vmnic0] NIC Copper Link is Up, 1000 Mbps full duplex
2025-12-27T00:44:17.585Z cpu22:2097766)qflge: qflge_report_link:2540: [vmnic0] Flow control OFF
2025-12-27T00:44:17.653Z cpu7:2097268)NetqueueBal: 4979: vmnic0: new netq module, reset logical space needed
2025-12-27T00:44:17.653Z cpu7:2097268)NetqueueBal: 5008: vmnic0: plugins to call differs, reset logical space
2025-12-27T00:44:17.653Z cpu7:2097268)NetqueueBal: 5044: vmnic0: device Up notification, reset logical space needed
2025-12-27T00:44:17.653Z cpu7:2097268)Uplink: 537: Driver claims supporting 0 RX queues, and 0 queues are accepted.
2025-12-27T00:44:17.653Z cpu7:2097268)Uplink: 533: Driver claims supporting 0 TX queues, and 0 queues are accepted.
2025-12-27T00:44:17.653Z cpu7:2097268)NetPort: 1580: disabled port 0x2000002
2025-12-27T00:44:17.653Z cpu17:2097934)NetSched: 654: vmnic0-0-tx: worldID = 2097934 exits
2025-12-27T00:44:17.653Z cpu7:2097268)Uplink: 11694: enabled port 0x2000002 with mac 5c:f3:fc:e8:46:f8
2025-12-27T00:44:17.653Z cpu7:2097268)qflge: qflge_uplink_cap_disable:1773: [vmnic0] HW always strips VLAN. SW insertion enabled in driver.
2025-12-27T00:44:17.653Z cpu7:2097268)qflge: qflge_uplink_cap_enable:1741: [vmnic0] HW always strips VLAN. SW insertion disabled in driver.
2025-12-27T00:44:18.844Z cpu2:2097735)vmkusb: umass_attach:1120: umass_attach: Attach device cached_name NULL, cached data ff
2025-12-27T00:44:19.148Z cpu23:2097780)Uplink: 11676: Device vusb0 not yet opened
2025-12-27T00:44:19.148Z cpu23:2097780)DMA: 679: DMA Engine 'vusb0-dma-engine' created using mapper 'DMANull'.
2025-12-27T00:44:19.148Z cpu23:2097780)Uplink: 13967: Opening device vusb0
2025-12-27T00:44:19.148Z cpu7:2097268)Uplink: 13816: Detected pseudo-NIC for 'vusb0'
2025-12-27T00:44:19.148Z cpu23:2097780)Uplink: 11694: enabled port 0x8 with mac 5e:f3:fc:e0:46:fb
2025-12-27T00:44:19.653Z cpu7:2097268)NetqueueBal: 4979: vusb0: new netq module, reset logical space needed
2025-12-27T00:44:19.653Z cpu7:2097268)NetqueueBal: 5008: vusb0: plugins to call differs, reset logical space
2025-12-27T00:44:19.653Z cpu7:2097268)NetqueueBal: 5044: vusb0: device Up notification, reset logical space needed
2025-12-27T00:44:19.653Z cpu7:2097268)NetPort: 1580: disabled port 0x8
2025-12-27T00:44:19.653Z cpu2:2097946)NetSched: 654: vusb0-0-tx: worldID = 2097946 exits
2025-12-27T00:44:19.653Z cpu7:2097268)Uplink: 11694: enabled port 0x8 with mac 5e:f3:fc:e0:46:fb
2025-12-27T00:44:19.846Z cpu2:2097691)vmkusb: umass_watchdog:1012: umass_watchdog: Register SIM for New Device with 0 sec(s) delay
2025-12-27T00:44:21.073Z cpu2:2097635)ScsiClaimrule: 2492: Enabling claimrules for MP plugins.
2025-12-27T00:44:21.074Z cpu2:2097635)StorageApdHandler: 977: APD Handle  Created with lock[StorageApd-0x430548ae9280]
2025-12-27T00:44:21.074Z cpu2:2097635)ScsiEvents: 501: Event Subsystem: Device Events, Created!
2025-12-27T00:44:21.074Z cpu2:2097635)VMWARE SCSI Id: Id for vmhba0:C2:T0:L0
0x60 0x06 0x05 0xb0 0x04 0x21 0x3b 0xc0 0x01 0xe2 0x93 0x50 0x3a 0xf4 0x9a 0xfb 0x53 0x65 0x72 0x76 0x65 0x52
2025-12-27T00:44:21.074Z cpu2:2097635)ScsiDeviceIO: 9855: Get VPD 86 Inquiry for device "naa.600605b004213bc001e293503af49afb" from Plugin "NMP" failed. Not supported
2025-12-27T00:44:21.074Z cpu2:2097635)ScsiDeviceIO: 8530: Could not detect setting of QErr for device naa.600605b004213bc001e293503af49afb. Error Not supported.
2025-12-27T00:44:21.074Z cpu2:2097635)ScsiDeviceIO: 9045: Could not detect setting of sitpua for device naa.600605b004213bc001e293503af49afb. Error Not supported.
2025-12-27T00:44:21.088Z cpu7:2097890)ScsiDeviceIO: 3470: Cmd(0x459a80fff6c0) 0x1a, CmdSN 0xe from world 0 to dev "naa.600605b004213bc001e293503af49afb" failed H:0x0 D:0x2 P:0x0 Valid sense data: 0x5 0x24 0x0.
2025-12-27T00:44:21.088Z cpu2:2097635)ScsiEvents: 300: EventSubsystem: Device Events, Event Mask: 40, Parameter: 0x430548ae8040, Registered!
2025-12-27T00:44:21.088Z cpu2:2097635)ScsiEvents: 300: EventSubsystem: Device Events, Event Mask: 200, Parameter: 0x430548ae8040, Registered!
2025-12-27T00:44:21.088Z cpu2:2097635)ScsiEvents: 300: EventSubsystem: Device Events, Event Mask: 800, Parameter: 0x430548ae8040, Registered!
2025-12-27T00:44:21.088Z cpu2:2097635)ScsiEvents: 300: EventSubsystem: Device Events, Event Mask: 400, Parameter: 0x430548ae8040, Registered!
2025-12-27T00:44:21.088Z cpu2:2097635)ScsiEvents: 300: EventSubsystem: Device Events, Event Mask: 8, Parameter: 0x430548ae8040, Registered!
2025-12-27T00:44:21.088Z cpu2:2097635)ScsiDevice: 5312: Successfully registered device "naa.600605b004213bc001e293503af49afb" from plugin "NMP" of type 0
2025-12-27T00:44:21.088Z cpu2:2097635)ScsiEvents: 300: EventSubsystem: Device Events, Event Mask: 180, Parameter: 0x430d3866ce20, Registered!
2025-12-27T00:44:23.902Z cpu10:2097852)<6>megasas_service_aen[4]: aen received
2025-12-27T00:44:23.902Z cpu14:2097764)<6>megasas_hotplug_work[4]: event code 0x005e
2025-12-27T00:44:23.911Z cpu14:2097764)<6>megasas_hotplug_work[4]: aen registered
2025-12-27T00:44:23.958Z cpu10:2097178)<6>megasas_service_aen[4]: aen received
2025-12-27T00:44:23.958Z cpu14:2097764)<6>megasas_hotplug_work[4]: event code 0x005e
2025-12-27T00:44:23.958Z cpu14:2097764)<6>megasas_hotplug_work[4]: aen registered
2025-12-27T00:44:23.958Z cpu10:2097178)<6>megasas_service_aen[4]: aen received
2025-12-27T00:44:23.958Z cpu14:2097764)<6>megasas_hotplug_work[4]: event code 0x005e
2025-12-27T00:44:23.958Z cpu14:2097764)<6>megasas_hotplug_work[4]: aen registered
2025-12-27T00:44:23.958Z cpu10:2097178)<6>megasas_service_aen[4]: aen received
2025-12-27T00:44:23.958Z cpu14:2097764)<6>megasas_hotplug_work[4]: event code 0x005e
2025-12-27T00:44:23.958Z cpu14:2097764)<6>megasas_hotplug_work[4]: aen registered
2025-12-27T00:44:23.958Z cpu10:2097178)<6>megasas_service_aen[4]: aen received
2025-12-27T00:44:23.958Z cpu14:2097764)<6>megasas_hotplug_work[4]: event code 0x005e
2025-12-27T00:44:23.958Z cpu14:2097764)<6>megasas_hotplug_work[4]: aen registered
2025-12-27T00:44:23.958Z cpu10:2097178)<6>megasas_service_aen[4]: aen received
2025-12-27T00:44:23.958Z cpu14:2097764)<6>megasas_hotplug_work[4]: event code 0x005e
2025-12-27T00:44:23.958Z cpu14:2097764)<6>megasas_hotplug_work[4]: aen registered
2025-12-27T00:44:25.101Z cpu14:2097655)Jumpstart plugin storage-path-claim activated.
2025-12-27T00:44:25.101Z cpu14:2097655)Activating Jumpstart plugin vfat.
2025-12-27T00:44:25.108Z cpu14:2097948)Loading module vfat ...
2025-12-27T00:44:25.111Z cpu14:2097948)Elf: 2101: module vfat has license VMware
2025-12-27T00:44:25.113Z cpu14:2097948)FSS: 1147: Registered fs vfat, module 45, fsTypeNum 0xfa7
2025-12-27T00:44:25.113Z cpu14:2097948)VProbe: 803: Loaded   2 static probes from: vfat
2025-12-27T00:44:25.113Z cpu14:2097948)Mod: 4962: Initialization of vfat succeeded with module ID 69.
2025-12-27T00:44:25.113Z cpu14:2097948)vfat loaded successfully.
2025-12-27T00:44:25.116Z cpu18:2097655)Jumpstart plugin vfat activated.
2025-12-27T00:44:25.116Z cpu18:2097655)Activating Jumpstart plugin restore-paths.
2025-12-27T00:44:25.118Z cpu18:2097655)Jumpstart plugin restore-paths activated.
2025-12-27T00:44:25.118Z cpu18:2097655)Activating Jumpstart plugin filesystem-drivers.
2025-12-27T00:44:25.122Z cpu22:2097949)Loading module lvmdriver ...
2025-12-27T00:44:25.126Z cpu22:2097949)Elf: 2101: module lvmdriver has license VMware
2025-12-27T00:44:25.128Z cpu22:2097949)LVM: 1053: LVM max heap size: 32768KB
2025-12-27T00:44:25.129Z cpu22:2097949)FDS: 414: Registered FDS Driver lvm
2025-12-27T00:44:25.129Z cpu22:2097949)Mod: 4962: Initialization of lvmdriver succeeded with module ID 70.
2025-12-27T00:44:25.129Z cpu22:2097949)lvmdriver loaded successfully.
2025-12-27T00:44:25.137Z cpu14:2097950)Loading module deltadisk ...
2025-12-27T00:44:25.140Z cpu14:2097950)Elf: 2101: module deltadisk has license VMware
2025-12-27T00:44:25.143Z cpu14:2097950)Cow: 98: COW maximum heap Size :1280 MB
2025-12-27T00:44:25.143Z cpu14:2097950)FDS: 414: Registered FDS Driver deltadisks
2025-12-27T00:44:25.143Z cpu14:2097950)VmfsSparse: 9171: VMFSSparse max memory pool size : 162 MB
2025-12-27T00:44:25.150Z cpu14:2097950)VmfsSparse: 783: COW root entry cache initialized with highWater 1481 MB, lowWater 1325 MB
2025-12-27T00:44:25.150Z cpu14:2097950)SESparse: 297: SESparse Memory Size :3071 MB
2025-12-27T00:44:25.153Z cpu14:2097950)Mod: 4962: Initialization of deltadisk succeeded with module ID 71.
2025-12-27T00:44:25.153Z cpu14:2097950)deltadisk loaded successfully.
2025-12-27T00:44:25.161Z cpu22:2097977)Loading module vdfm ...
2025-12-27T00:44:25.164Z cpu22:2097977)Elf: 2101: module vdfm has license VMware
2025-12-27T00:44:25.164Z cpu22:2097977)FDS: 414: Registered FDS Driver vdfm
2025-12-27T00:44:25.164Z cpu22:2097977)VDFM: 144: Successfully loaded VDFM module
2025-12-27T00:44:25.164Z cpu22:2097977)Mod: 4962: Initialization of vdfm succeeded with module ID 72.
2025-12-27T00:44:25.164Z cpu22:2097977)vdfm loaded successfully.
2025-12-27T00:44:25.167Z cpu18:2097655)Jumpstart plugin filesystem-drivers activated.
2025-12-27T00:44:25.167Z cpu18:2097655)Activating Jumpstart plugin restore-bootbanks.
2025-12-27T00:44:25.222Z cpu2:2097635)VC: 4616: Device rescan time 37 msec (total number of devices 4)
2025-12-27T00:44:25.222Z cpu2:2097635)VC: 4619: Filesystem probe time 17 msec (devices probed 4 of 4)
2025-12-27T00:44:25.222Z cpu2:2097635)VC: 4621: Refresh open volume time 0 msec
2025-12-27T00:44:25.223Z cpu10:2097852)NRandom: 545: Entropy INTR health check passed
2025-12-27T00:44:25.231Z cpu18:2097655)Jumpstart plugin restore-bootbanks activated.
2025-12-27T00:44:25.232Z cpu18:2097655)Activating Jumpstart plugin vsan-base.
2025-12-27T00:44:25.232Z cpu18:2097655)Jumpstart plugin vsan-base activated.
2025-12-27T00:44:25.232Z cpu18:2097655)Activating Jumpstart plugin restore-resource-groups.
2025-12-27T00:44:25.233Z cpu18:2097655)Jumpstart plugin restore-resource-groups activated.
2025-12-27T00:44:25.233Z cpu18:2097655)Activating Jumpstart plugin gss.
2025-12-27T00:44:25.238Z cpu9:2097978)Loading module gss ...
2025-12-27T00:44:25.241Z cpu9:2097978)Elf: 2101: module gss has license VMware
2025-12-27T00:44:25.242Z cpu9:2097978)Mod: 4962: Initialization of gss succeeded with module ID 73.
2025-12-27T00:44:25.242Z cpu9:2097978)gss loaded successfully.
2025-12-27T00:44:25.245Z cpu18:2097655)Jumpstart plugin gss activated.
2025-12-27T00:44:25.245Z cpu18:2097655)Activating Jumpstart plugin vsan-devel.
2025-12-27T00:44:25.264Z cpu10:2097696)WARNING: ScsiPath: 9274: Adapter Invalid does not exist
2025-12-27T00:44:25.264Z cpu5:2097698)WARNING: PCI: 1211: 0000:00:1d.7 is nameless
2025-12-27T00:44:25.264Z cpu5:2097698)VMK_PCI: 395: Device 0000:00:1d.7 has no name
2025-12-27T00:44:25.264Z cpu5:2097698)PCI: 1256: 0000:00:1d.7 named 'vmhba32' (was '')
2025-12-27T00:44:25.264Z cpu5:2097698)DMA: 679: DMA Engine 'vmhba32' created using mapper 'DMANull'.
2025-12-27T00:44:25.278Z cpu0:2097265)ScsiUid: 304: Path 'vmhba32:C0:T0:L0' does not support VPD Device Id page.
2025-12-27T00:44:25.278Z cpu0:2097265)ScsiScan: 1268: Path 'vmhba32:C0:T0:L0' : No standard UID: Failure. ANSI version 'SCSI-2' (0x2).
2025-12-27T00:44:25.278Z cpu2:2097265)VMWARE SCSI Id: Could not get disk id for vmhba32:C0:T0:L0
2025-12-27T00:44:25.279Z cpu2:2097265)ScsiUid: 304: Path 'vmhba32:C0:T0:L0' does not support VPD Device Id page.
2025-12-27T00:44:25.280Z cpu0:2097265)VMWARE SCSI Id: Could not get disk id for vmhba32:C0:T0:L0
2025-12-27T00:44:25.280Z cpu0:2097265)StorageApdHandler: 977: APD Handle  Created with lock[StorageApd-0x430548aee0d0]
2025-12-27T00:44:25.280Z cpu0:2097265)ScsiEvents: 501: Event Subsystem: Device Events, Created!
2025-12-27T00:44:25.280Z cpu2:2097265)VMWARE SCSI Id: Could not get disk id for vmhba32:C0:T0:L0
2025-12-27T00:44:25.280Z cpu2:2097265)ScsiDeviceIO: 9808: Get VPD 80 Inquiry for device "mpx.vmhba32:C0:T0:L0" from Plugin "NMP" failed. Not supported
2025-12-27T00:44:25.280Z cpu2:2097265)ScsiDeviceIO: 9818: Get VPD 83 Inquiry for device "mpx.vmhba32:C0:T0:L0" from Plugin "NMP" failed. Not supported
2025-12-27T00:44:25.280Z cpu2:2097265)ScsiDeviceIO: 9855: Get VPD 86 Inquiry for device "mpx.vmhba32:C0:T0:L0" from Plugin "NMP" failed. Not supported
2025-12-27T00:44:25.280Z cpu2:2097265)ScsiDeviceIO: 8547: QErr is correctly set to 0x0 for device mpx.vmhba32:C0:T0:L0.
2025-12-27T00:44:25.280Z cpu0:2097197)NMP: nmp_ThrottleLogForDevice:3872: Cmd 0x1a (0x459a80ff7ec0, 0) to dev "mpx.vmhba32:C0:T0:L0" on path "vmhba32:C0:T0:L0" Failed: H:0x0 D:0x2 P:0x0 Valid sense data: 0x5 0x0 0x0. Act:NONE
2025-12-27T00:44:25.280Z cpu0:2097197)ScsiDeviceIO: 3484: Cmd(0x459a80ff7ec0) 0x1a, CmdSN 0x88 from world 0 to dev "mpx.vmhba32:C0:T0:L0" failed H:0x0 D:0x2 P:0x0 Valid sense data: 0x5 0x0 0x0.
2025-12-27T00:44:25.280Z cpu2:2097265)ScsiDeviceIO: 9045: Could not detect setting of sitpua for device mpx.vmhba32:C0:T0:L0. Error Not supported.
2025-12-27T00:44:25.313Z cpu7:2097979)Config: 703: "DevelBootDelay" = 0, Old Value: 0, (Status: 0x0)
2025-12-27T00:44:25.327Z cpu18:2097655)Jumpstart plugin vsan-devel activated.
2025-12-27T00:44:25.327Z cpu18:2097655)Activating Jumpstart plugin vmfs.
2025-12-27T00:44:25.388Z cpu18:2097981)Loading module vmfs3 ...
2025-12-27T00:44:25.393Z cpu18:2097981)Elf: 2101: module vmfs3 has license VMware
2025-12-27T00:44:25.407Z cpu18:2097981)Vol3: 271: Destroy log channel for global trace handle
2025-12-27T00:44:25.407Z cpu20:2097982)FS3Stats: 2307: FS3 Stats world started (stat data 0x417fd2658320)
2025-12-27T00:44:25.407Z cpu18:2097981)Vol3: 311: Trace disable for volume vmfsGlobalTrace (dataTracing 0, size 8MB, status Success)
2025-12-27T00:44:25.412Z cpu18:2097981)PB3: 668: 'VMFS6': Open Addressable Space for FS major v24 [0 , 32] TB => [2052 absMin, 0 min, 65664 max] PBs; obj size 4288, au 1048576, alignment 4096 (Slab mem usage [0 KB, 274968 KB])
2025-12-27T00:44:25.412Z cpu18:2097981)PB3: 719: FS major v24 PB global cache 'VMFS6-PB3-PBGC-4096-cache-unit' initialized with max size 268 MB, highWater 255 MB, lowWater 214 MB (NLRU)
2025-12-27T00:44:25.424Z cpu18:2097981)Res6: 657: 'AffMgr-LFBC-Slab': slab initialization for [256, 8192] KB => [56, 1807] LFBCs: Success
2025-12-27T00:44:25.424Z cpu18:2097981)Res6: 670: 'Res6AffinityMgrWorld': system world creation: Success
2025-12-27T00:44:25.424Z cpu18:2097981)Res6: 684: 'AffMgr-Helper-Queue': helper queue creation: Success
2025-12-27T00:44:25.436Z cpu18:2097981)Vol3: 2092: 'Vol3JournalExtendMgrWorld': system world creation: Success
2025-12-27T00:44:25.436Z cpu18:2097981)Fil3: 772: fdUnlockMgr Enabled
2025-12-27T00:44:25.436Z cpu18:2097981)Fil3: 785: 'FS3FdUnlockMgr': system world creation: Success
2025-12-27T00:44:25.436Z cpu18:2097981)FSDisk: 633: Initialized SCSI-3 registration key: 5cf3fce846f8
2025-12-27T00:44:25.436Z cpu18:2097981)FSS: 1147: Registered fs vmfs-l, module 4a, fsTypeNum 0xf531
2025-12-27T00:44:25.436Z cpu18:2097981)FSS: 1147: Registered fs vmfs3, module 4a, fsTypeNum 0xf530
2025-12-27T00:44:25.436Z cpu18:2097981)FSS: 1147: Registered fs vmfs6l, module 4a, fsTypeNum 0xf533
2025-12-27T00:44:25.436Z cpu18:2097981)FSS: 1147: Registered fs vmfs6, module 4a, fsTypeNum 0xf532
2025-12-27T00:44:25.436Z cpu18:2097981)VProbe: 803: Loaded  28 static probes from: vmfs3
2025-12-27T00:44:25.436Z cpu18:2097981)Mod: 4962: Initialization of vmfs3 succeeded with module ID 74.
2025-12-27T00:44:25.436Z cpu18:2097981)vmfs3 loaded successfully.
2025-12-27T00:44:25.441Z cpu18:2097655)Jumpstart plugin vmfs activated.
2025-12-27T00:44:25.441Z cpu18:2097655)Activating Jumpstart plugin dump-partition.
2025-12-27T00:44:25.450Z cpu18:2097655)Jumpstart plugin dump-partition activated.
2025-12-27T00:44:25.450Z cpu18:2097655)Activating Jumpstart plugin rpc.
2025-12-27T00:44:25.455Z cpu0:2098300)Loading module sunrpc ...
2025-12-27T00:44:25.459Z cpu0:2098300)Elf: 2101: module sunrpc has license VMware
2025-12-27T00:44:25.462Z cpu0:2098300)VProbe: 803: Loaded   5 static probes from: sunrpc
2025-12-27T00:44:25.462Z cpu0:2098300)Mod: 4962: Initialization of sunrpc succeeded with module ID 75.
2025-12-27T00:44:25.462Z cpu0:2098300)sunrpc loaded successfully.
2025-12-27T00:44:25.465Z cpu18:2097655)Jumpstart plugin rpc activated.
2025-12-27T00:44:25.465Z cpu18:2097655)Activating Jumpstart plugin vsan.
2025-12-27T00:44:25.470Z cpu4:2098304)Loading module vmklink_mpi ...
2025-12-27T00:44:25.472Z cpu4:2098304)Elf: 2101: module vmklink_mpi has license VMware
2025-12-27T00:44:25.473Z cpu4:2098304)Mod: 4962: Initialization of vmklink_mpi succeeded with module ID 76.
2025-12-27T00:44:25.473Z cpu4:2098304)vmklink_mpi loaded successfully.
2025-12-27T00:44:25.476Z cpu4:2098304)Loading module swapobj ...
2025-12-27T00:44:25.479Z cpu4:2098304)Elf: 2101: module swapobj has license VMware
2025-12-27T00:44:25.480Z cpu4:2098304)SwapObj: 63: SwapObj backend registration successful.
2025-12-27T00:44:25.480Z cpu4:2098304)Mod: 4962: Initialization of swapobj succeeded with module ID 77.
2025-12-27T00:44:25.480Z cpu4:2098304)swapobj loaded successfully.
2025-12-27T00:44:25.484Z cpu18:2097655)Jumpstart plugin vsan activated.
2025-12-27T00:44:25.484Z cpu18:2097655)Activating Jumpstart plugin krb5.
2025-12-27T00:44:25.513Z cpu18:2097655)Jumpstart plugin krb5 activated.
2025-12-27T00:44:25.513Z cpu18:2097655)Activating Jumpstart plugin etc-hosts.
2025-12-27T00:44:25.513Z cpu18:2097655)Jumpstart plugin etc-hosts activated.
2025-12-27T00:44:25.513Z cpu18:2097655)Activating Jumpstart plugin nfs.
2025-12-27T00:44:25.519Z cpu7:2098306)Loading module nfsclient ...
2025-12-27T00:44:25.522Z cpu7:2098306)Elf: 2101: module nfsclient has license VMware
2025-12-27T00:44:25.525Z cpu7:2098306)FSS: 1147: Registered fs nfs, module 4e, fsTypeNum 0xb00f
2025-12-27T00:44:25.525Z cpu7:2098306)NFS: 104: Multiple outstanding NFS requests are supported
2025-12-27T00:44:25.525Z cpu7:2098306)VProbe: 803: Loaded   3 static probes from: nfsclient
2025-12-27T00:44:25.525Z cpu7:2098306)Mod: 4962: Initialization of nfsclient succeeded with module ID 78.
2025-12-27T00:44:25.525Z cpu7:2098306)nfsclient loaded successfully.
2025-12-27T00:44:25.528Z cpu18:2097655)Jumpstart plugin nfs activated.
2025-12-27T00:44:25.528Z cpu18:2097655)Activating Jumpstart plugin nfs41.
2025-12-27T00:44:25.535Z cpu6:2098310)Loading module nfs41client ...
2025-12-27T00:44:25.538Z cpu6:2098310)Elf: 2101: module nfs41client has license VMware
2025-12-27T00:44:25.547Z cpu6:2098310)NFS41: NFS41ClientInfoInit:467: co_ownerid 3a4fce74-dcaf-bab0-d120-5cf3fce846f8
2025-12-27T00:44:25.547Z cpu6:2098310)NFS41: NFS41ClientInfoInit:515: IO scheduler is enabled
2025-12-27T00:44:25.547Z cpu6:2098310)FSS: 1147: Registered fs NFS41, module 4f, fsTypeNum 0x2f54
2025-12-27T00:44:25.547Z cpu6:2098310)VProbe: 803: Loaded   5 static probes from: nfs41client
2025-12-27T00:44:25.547Z cpu6:2098310)Mod: 4962: Initialization of nfs41client succeeded with module ID 79.
2025-12-27T00:44:25.547Z cpu6:2098310)nfs41client loaded successfully.
2025-12-27T00:44:25.551Z cpu18:2097655)Jumpstart plugin nfs41 activated.
2025-12-27T00:44:25.551Z cpu18:2097655)Activating Jumpstart plugin mount-disk-fs.
2025-12-27T00:44:25.808Z cpu0:2097265)NRandom: 811: random: nonblocking pool is initialized
2025-12-27T00:44:25.953Z cpu0:2097890)ScsiDeviceIO: 3470: Cmd(0x459a80ff9540) 0x1a, CmdSN 0x108 from world 0 to dev "naa.600605b004213bc001e293503af49afb" failed H:0x0 D:0x2 P:0x0 Valid sense data: 0x5 0x24 0x0.
2025-12-27T00:44:25.974Z cpu0:2097890)ScsiDeviceIO: 3470: Cmd(0x459a80fec700) 0x1a, CmdSN 0x170 from world 0 to dev "naa.600605b004213bc001e293503af49afb" failed H:0x0 D:0x2 P:0x0 Valid sense data: 0x5 0x24 0x0.
2025-12-27T00:44:26.097Z cpu1:2097265)FSS: 2881: Failed to probe device mpx.vmhba32:C0:T0:L0:8 : Busy
2025-12-27T00:44:26.097Z cpu1:2097265)ScsiEvents: 300: EventSubsystem: Device Events, Event Mask: 40, Parameter: 0x430548aef900, Registered!
2025-12-27T00:44:26.097Z cpu1:2097265)ScsiEvents: 300: EventSubsystem: Device Events, Event Mask: 200, Parameter: 0x430548aef900, Registered!
2025-12-27T00:44:26.097Z cpu1:2097265)ScsiEvents: 300: EventSubsystem: Device Events, Event Mask: 800, Parameter: 0x430548aef900, Registered!
2025-12-27T00:44:26.097Z cpu1:2097265)ScsiEvents: 300: EventSubsystem: Device Events, Event Mask: 400, Parameter: 0x430548aef900, Registered!
2025-12-27T00:44:26.097Z cpu1:2097265)ScsiEvents: 300: EventSubsystem: Device Events, Event Mask: 8, Parameter: 0x430548aef900, Registered!
2025-12-27T00:44:26.097Z cpu1:2097265)ScsiDevice: 5312: Successfully registered device "mpx.vmhba32:C0:T0:L0" from plugin "NMP" of type 0
2025-12-27T00:44:26.097Z cpu1:2097265)ScsiEvents: 300: EventSubsystem: Device Events, Event Mask: 180, Parameter: 0x430d3866d8a0, Registered!
2025-12-27T00:44:26.386Z cpu0:2097407)WARNING: NFS: 1226: Invalid volume UUID mpx.vmhba32:C0:T0:L0:8
2025-12-27T00:44:26.688Z cpu4:2097635)VC: 4616: Device rescan time 413 msec (total number of devices 7)
2025-12-27T00:44:26.688Z cpu4:2097635)VC: 4619: Filesystem probe time 724 msec (devices probed 6 of 7)
2025-12-27T00:44:26.688Z cpu4:2097635)VC: 4621: Refresh open volume time 0 msec
2025-12-27T00:44:26.763Z cpu4:2097635)WARNING: NFS: 1226: Invalid volume UUID 3a4fd8ce-f2fb6b00-6359-5cf3fce846f8
2025-12-27T00:44:27.072Z cpu4:2097635)LVM: 16776: File system '[datastore1, 3a4fd8ce-fc4375c4-effb-5cf3fce846f8]' (LV 3a4fd8ce-f2fb6b00-6359-5cf3fce846f8) mounted in 'rw' mode.
2025-12-27T00:44:27.072Z cpu18:2097655)Jumpstart plugin mount-disk-fs activated.
2025-12-27T00:44:27.072Z cpu18:2097655)Activating Jumpstart plugin auto-configure-pmem.
2025-12-27T00:44:27.682Z cpu18:2097655)Jumpstart plugin auto-configure-pmem activated.
2025-12-27T00:44:27.682Z cpu18:2097655)Activating Jumpstart plugin restore-nfs-volumes.
2025-12-27T00:44:27.683Z cpu18:2097655)Jumpstart plugin restore-nfs-volumes activated.
2025-12-27T00:44:27.683Z cpu18:2097655)Activating Jumpstart plugin auto-configure-storage.
2025-12-27T00:44:27.683Z cpu18:2097655)Jumpstart plugin auto-configure-storage activated.
2025-12-27T00:44:27.683Z cpu18:2097655)Activating Jumpstart plugin configure-locker.
2025-12-27T00:44:27.850Z cpu18:2097655)Jumpstart plugin configure-locker activated.
2025-12-27T00:44:27.850Z cpu18:2097655)Activating Jumpstart plugin restore-host-cache.
2025-12-27T00:44:27.860Z cpu18:2097655)Jumpstart plugin restore-host-cache activated.
2025-12-27T00:44:27.860Z cpu18:2097655)Activating Jumpstart plugin pciPassthru.
2025-12-27T00:44:27.879Z cpu6:2098326)Loading module pciPassthru ...
2025-12-27T00:44:27.883Z cpu6:2098326)Elf: 2101: module pciPassthru has license VMware
2025-12-27T00:44:27.884Z cpu6:2098326)Device: 192: Registered driver 'PCIPassthru' from 80
2025-12-27T00:44:27.884Z cpu6:2098326)Mod: 4962: Initialization of pciPassthru succeeded with module ID 80.
2025-12-27T00:44:27.884Z cpu6:2098326)pciPassthru loaded successfully.
2025-12-27T00:44:27.888Z cpu18:2097655)Jumpstart plugin pciPassthru activated.
2025-12-27T00:44:27.888Z cpu18:2097655)Activating Jumpstart plugin vflash.
2025-12-27T00:44:27.907Z cpu7:2098328)Loading module vflash ...
2025-12-27T00:44:27.910Z cpu7:2098328)Elf: 2101: module vflash has license VMware
2025-12-27T00:44:27.911Z cpu7:2098328)FDS: 414: Registered FDS Driver vflash
2025-12-27T00:44:27.912Z cpu7:2098328)Mod: 4962: Initialization of vflash succeeded with module ID 81.
2025-12-27T00:44:27.912Z cpu7:2098328)vflash loaded successfully.
2025-12-27T00:44:27.916Z cpu18:2097655)Jumpstart plugin vflash activated.
2025-12-27T00:44:27.916Z cpu18:2097655)Activating Jumpstart plugin dump-file.
2025-12-27T00:44:27.980Z cpu18:2097655)Jumpstart plugin dump-file activated.
2025-12-27T00:44:27.980Z cpu18:2097655)Activating Jumpstart plugin coredump-partition-boot-device-expand.
2025-12-27T00:44:28.155Z cpu18:2097655)Jumpstart plugin coredump-partition-boot-device-expand activated.
2025-12-27T00:44:28.155Z cpu18:2097655)Activating Jumpstart plugin iofilters.
2025-12-27T00:44:28.160Z cpu11:2098345)Loading module filtmod ...
2025-12-27T00:44:28.163Z cpu11:2098345)Elf: 2101: module filtmod has license VMware
2025-12-27T00:44:28.165Z cpu11:2098345)VDFM: 716: Successfully registered VDFM filter FiltMod.
2025-12-27T00:44:28.166Z cpu11:2098345)Mod: 4962: Initialization of filtmod succeeded with module ID 82.
2025-12-27T00:44:28.166Z cpu11:2098345)filtmod loaded successfully.
2025-12-27T00:44:28.168Z cpu18:2097655)Jumpstart plugin iofilters activated.
2025-12-27T00:44:28.168Z cpu18:2097655)Activating Jumpstart plugin vsan-late.
2025-12-27T00:44:28.169Z cpu18:2097655)Jumpstart plugin vsan-late activated.
2025-12-27T00:44:28.169Z cpu18:2097655)Activating Jumpstart plugin restore-system-swap.
2025-12-27T00:44:28.205Z cpu2:2097198)LVM: 16795: One or more LVM devices have been discovered.
2025-12-27T00:44:28.379Z cpu18:2097655)Jumpstart plugin restore-system-swap activated.
2025-12-27T00:44:28.379Z cpu18:2097655)Activating Jumpstart plugin bootimgdb.
2025-12-27T00:44:28.441Z cpu18:2097655)Jumpstart plugin bootimgdb activated.
2025-12-27T00:44:28.441Z cpu18:2097655)Activating Jumpstart plugin oem-modules.
2025-12-27T00:44:28.492Z cpu18:2097655)Jumpstart plugin oem-modules activated.
2025-12-27T00:44:28.492Z cpu18:2097655)Activating Jumpstart plugin procMisc.
2025-12-27T00:44:28.498Z cpu20:2098351)Loading module procMisc ...
2025-12-27T00:44:28.502Z cpu20:2098351)Elf: 2101: module procMisc has license VMware
2025-12-27T00:44:28.502Z cpu20:2098351)Mod: 4962: Initialization of procMisc succeeded with module ID 83.
2025-12-27T00:44:28.502Z cpu20:2098351)procMisc loaded successfully.
2025-12-27T00:44:28.505Z cpu18:2097655)Jumpstart plugin procMisc activated.
2025-12-27T00:44:28.505Z cpu18:2097655)Activating Jumpstart plugin restore-security-policies.
2025-12-27T00:44:28.566Z cpu18:2097655)Jumpstart plugin restore-security-policies activated.
2025-12-27T00:44:28.566Z cpu18:2097655)Activating Jumpstart plugin apei.
2025-12-27T00:44:28.631Z cpu12:2098354)Loading module vmkapei ...
2025-12-27T00:44:28.634Z cpu12:2098354)Elf: 2101: module vmkapei has license VMware
2025-12-27T00:44:28.635Z cpu12:2098354)WARNING: APEI: 290: Could not initialize HEST
2025-12-27T00:44:28.635Z cpu12:2098354)WARNING: APEI: 319: Could not initialize EINJ
2025-12-27T00:44:28.635Z cpu12:2098354)Mod: 4962: Initialization of vmkapei succeeded with module ID 84.
2025-12-27T00:44:28.635Z cpu12:2098354)vmkapei loaded successfully.
2025-12-27T00:44:28.640Z cpu18:2097655)Jumpstart plugin apei activated.
2025-12-27T00:44:28.640Z cpu18:2097655)Activating Jumpstart plugin crond.
2025-12-27T00:44:28.660Z cpu18:2097655)Jumpstart plugin crond activated.
2025-12-27T00:44:28.660Z cpu18:2097655)Activating Jumpstart plugin rdma-vmkapi-compatibility.
2025-12-27T00:44:28.734Z cpu5:2098359)Loading module nrdma ...
2025-12-27T00:44:28.738Z cpu5:2098359)Elf: 2101: module nrdma has license BSD
2025-12-27T00:44:28.747Z cpu5:2098359)Device: 192: Registered driver 'rdmaDriver' from 85
2025-12-27T00:44:28.753Z cpu5:2098359)Mod: 4962: Initialization of nrdma succeeded with module ID 85.
2025-12-27T00:44:28.753Z cpu5:2098359)nrdma loaded successfully.
2025-12-27T00:44:28.760Z cpu5:2098359)Loading module nrdma_vmkapi_shim ...
2025-12-27T00:44:28.763Z cpu5:2098359)Elf: 2101: module nrdma_vmkapi_shim has license VMware
2025-12-27T00:44:28.763Z cpu5:2098359)Mod: 4962: Initialization of nrdma_vmkapi_shim succeeded with module ID 86.
2025-12-27T00:44:28.763Z cpu5:2098359)nrdma_vmkapi_shim loaded successfully.
2025-12-27T00:44:28.771Z cpu5:2098359)Loading module vmkapi_v2_4_0_0_rdma_shim ...
2025-12-27T00:44:28.774Z cpu5:2098359)Elf: 2101: module vmkapi_v2_4_0_0_rdma_shim has license VMware
2025-12-27T00:44:28.775Z cpu5:2098359)Vmkapiv2_4_0_0RdmaShim: init_module:92: Shim for rdma vmkapi 2.4.0-0 to vmkapi 2.5.0-0 is active.
2025-12-27T00:44:28.775Z cpu5:2098359)Mod: 4962: Initialization of vmkapi_v2_4_0_0_rdma_shim succeeded with module ID 87.
2025-12-27T00:44:28.775Z cpu5:2098359)vmkapi_v2_4_0_0_rdma_shim loaded successfully.
2025-12-27T00:44:28.797Z cpu12:2098409)Loading module vmkapi_v2_3_0_0_rdma_shim ...
2025-12-27T00:44:28.800Z cpu12:2098409)Elf: 2101: module vmkapi_v2_3_0_0_rdma_shim has license VMware
2025-12-27T00:44:28.801Z cpu12:2098409)Vmkapiv2_3_0_0RdmaShim: init_module:620: Shim for rdma vmkapi 2.3.0-0 to vmkapi 2.5.0-0 is active.
2025-12-27T00:44:28.801Z cpu12:2098409)Mod: 4962: Initialization of vmkapi_v2_3_0_0_rdma_shim succeeded with module ID 88.
2025-12-27T00:44:28.801Z cpu12:2098409)vmkapi_v2_3_0_0_rdma_shim loaded successfully.
2025-12-27T00:44:28.807Z cpu18:2097655)Jumpstart plugin rdma-vmkapi-compatibility activated.
2025-12-27T00:44:28.807Z cpu18:2097655)Activating Jumpstart plugin ipmi.
2025-12-27T00:44:28.882Z cpu22:2098411)Loading module ipmi ...
2025-12-27T00:44:28.885Z cpu22:2098411)Elf: 2101: module ipmi has license VMware
2025-12-27T00:44:28.888Z cpu22:2098411)ipmi: ACPI IPMI Entry: Address: 0xca2, System Interface: 0, Map Type: 0
2025-12-27T00:44:28.888Z cpu22:2098411)ipmi: SMBIOS IPMI Entry: Address: 0xca2, System Interface: 0, Alignment: 1, Map Type: 0
2025-12-27T00:44:28.888Z cpu22:2098411)IOResource: 331: Registered resource 0x4306f2a16570 from module 0 type 3 @ ca2 len=2
2025-12-27T00:44:28.888Z cpu22:2098411)ipmi: KCS Port Map: Command Port: 0xca3 Data Port: 0xca2
2025-12-27T00:44:28.900Z cpu22:2098411)Mod: 4962: Initialization of ipmi succeeded with module ID 89.
2025-12-27T00:44:28.900Z cpu22:2098411)ipmi loaded successfully.
2025-12-27T00:44:28.906Z cpu18:2097655)Jumpstart plugin ipmi activated.
2025-12-27T00:44:28.906Z cpu18:2097655)Activating Jumpstart plugin restore-keymap.
2025-12-27T00:44:28.907Z cpu18:2097655)Jumpstart plugin restore-keymap activated.
2025-12-27T00:44:28.907Z cpu18:2097655)Activating Jumpstart plugin nmp-vmkapi-compatibility.
2025-12-27T00:44:28.972Z cpu2:2098416)Loading module vmkapi_v2_3_0_0_nmp_shim ...
2025-12-27T00:44:28.975Z cpu2:2098416)Elf: 2101: module vmkapi_v2_3_0_0_nmp_shim has license VMware
2025-12-27T00:44:28.975Z cpu2:2098416)Vmkapiv2_3_0_0NmpShim: init_module:157: Shim for nmp vmkapi 2.3.0-0 to vmkapi 2.5.0-0 is active.
2025-12-27T00:44:28.975Z cpu2:2098416)Mod: 4962: Initialization of vmkapi_v2_3_0_0_nmp_shim succeeded with module ID 90.
2025-12-27T00:44:28.975Z cpu2:2098416)vmkapi_v2_3_0_0_nmp_shim loaded successfully.
2025-12-27T00:44:28.995Z cpu6:2098417)Loading module vmkapi_v2_4_0_0_nmp_shim ...
2025-12-27T00:44:28.999Z cpu6:2098417)Elf: 2101: module vmkapi_v2_4_0_0_nmp_shim has license VMware
2025-12-27T00:44:28.999Z cpu6:2098417)Vmkapiv2_4_0_0NmpShim: init_module:161: Shim for nmp vmkapi 2.4.0-0 to vmkapi 2.5.0-0 is active.
2025-12-27T00:44:28.999Z cpu6:2098417)Mod: 4962: Initialization of vmkapi_v2_4_0_0_nmp_shim succeeded with module ID 91.
2025-12-27T00:44:28.999Z cpu6:2098417)vmkapi_v2_4_0_0_nmp_shim loaded successfully.
2025-12-27T00:44:29.012Z cpu12:2098418)Loading module vmkapi_v2_2_0_0_nmp_shim ...
2025-12-27T00:44:29.016Z cpu12:2098418)Elf: 2101: module vmkapi_v2_2_0_0_nmp_shim has license VMware
2025-12-27T00:44:29.016Z cpu12:2098418)Vmkapiv2_2_0_0NmpShim: init_module:158: Shim for nmp vmkapi 2.2.0-0 to vmkapi 2.5.0-0 is active.
2025-12-27T00:44:29.016Z cpu12:2098418)Mod: 4962: Initialization of vmkapi_v2_2_0_0_nmp_shim succeeded with module ID 92.
2025-12-27T00:44:29.016Z cpu12:2098418)vmkapi_v2_2_0_0_nmp_shim loaded successfully.
2025-12-27T00:44:29.023Z cpu18:2097655)Jumpstart plugin nmp-vmkapi-compatibility activated.
2025-12-27T00:44:29.023Z cpu18:2097655)Activating Jumpstart plugin iscsi-vmkapi-compatibility.
2025-12-27T00:44:29.079Z cpu16:2098420)Loading module vmkapi_v2_4_0_0_iscsi_shim ...
2025-12-27T00:44:29.083Z cpu16:2098420)Elf: 2101: module vmkapi_v2_4_0_0_iscsi_shim has license VMware
2025-12-27T00:44:29.084Z cpu16:2098420)Vmkapiv2_4_0_0IscsiShim: init_module:89: Shim for iscsi vmkapi 2.4.0-0 to vmkapi 2.5.0-0 is active.
2025-12-27T00:44:29.084Z cpu16:2098420)Mod: 4962: Initialization of vmkapi_v2_4_0_0_iscsi_shim succeeded with module ID 93.
2025-12-27T00:44:29.084Z cpu16:2098420)vmkapi_v2_4_0_0_iscsi_shim loaded successfully.
2025-12-27T00:44:29.091Z cpu4:2098421)Loading module vmkapi_v2_3_0_0_iscsi_shim ...
2025-12-27T00:44:29.094Z cpu4:2098421)Elf: 2101: module vmkapi_v2_3_0_0_iscsi_shim has license VMware
2025-12-27T00:44:29.095Z cpu4:2098421)Vmkapiv2_3_0_0IscsiShim: init_module:85: Shim for iscsi vmkapi 2.3.0-0 to vmkapi 2.5.0-0 is active.
2025-12-27T00:44:29.095Z cpu4:2098421)Mod: 4962: Initialization of vmkapi_v2_3_0_0_iscsi_shim succeeded with module ID 94.
2025-12-27T00:44:29.095Z cpu4:2098421)vmkapi_v2_3_0_0_iscsi_shim loaded successfully.
2025-12-27T00:44:29.102Z cpu16:2098422)Loading module vmkapi_v2_2_0_0_iscsi_shim ...
2025-12-27T00:44:29.105Z cpu16:2098422)Elf: 2101: module vmkapi_v2_2_0_0_iscsi_shim has license VMware
2025-12-27T00:44:29.105Z cpu16:2098422)Vmkapiv2_2_0_0IscsiShim: init_module:85: Shim for iscsi vmkapi 2.2.0-0 to vmkapi 2.5.0-0 is active.
2025-12-27T00:44:29.105Z cpu16:2098422)Mod: 4962: Initialization of vmkapi_v2_2_0_0_iscsi_shim succeeded with module ID 95.
2025-12-27T00:44:29.105Z cpu16:2098422)vmkapi_v2_2_0_0_iscsi_shim loaded successfully.
2025-12-27T00:44:29.112Z cpu12:2097655)Jumpstart plugin iscsi-vmkapi-compatibility activated.
2025-12-27T00:44:29.112Z cpu12:2097655)Activating Jumpstart plugin vrdma.
2025-12-27T00:44:29.119Z cpu7:2098423)Loading module vrdma ...
2025-12-27T00:44:29.122Z cpu7:2098423)Elf: 2101: module vrdma has license VMware
2025-12-27T00:44:29.124Z cpu7:2098423)Mod: 4962: Initialization of vrdma succeeded with module ID 96.
2025-12-27T00:44:29.124Z cpu7:2098423)vrdma loaded successfully.
2025-12-27T00:44:29.127Z cpu12:2097655)Jumpstart plugin vrdma activated.
2025-12-27T00:44:29.127Z cpu12:2097655)Activating Jumpstart plugin balloonVMCI.
2025-12-27T00:44:29.132Z cpu0:2098425)Loading module balloonVMCI ...
2025-12-27T00:44:29.135Z cpu0:2098425)Elf: 2101: module balloonVMCI has license VMware
2025-12-27T00:44:29.135Z cpu0:2098425)Mod: 4962: Initialization of balloonVMCI succeeded with module ID 97.
2025-12-27T00:44:29.135Z cpu0:2098425)balloonVMCI loaded successfully.
2025-12-27T00:44:29.139Z cpu12:2097655)Jumpstart plugin balloonVMCI activated.
2025-12-27T00:44:29.139Z cpu12:2097655)Activating Jumpstart plugin hbr.
2025-12-27T00:44:29.144Z cpu10:2098427)Loading module hbr_filter ...
2025-12-27T00:44:29.148Z cpu10:2098427)Elf: 2101: module hbr_filter has license VMware
2025-12-27T00:44:29.151Z cpu10:2098427)Hbr: 939: Hbr Extent Breaks: min 2048GB lower 8192GB upper 32768GB
2025-12-27T00:44:29.151Z cpu10:2098427)Hbr: 942: Hbr Extent Sizes: min 8K lower 16K upper 32K max 64K
2025-12-27T00:44:29.151Z cpu10:2098427)Hbr: 837: Hbr initialize initial heap: (8841040:52678304)
2025-12-27T00:44:29.151Z cpu10:2098427)VSCSIFilter: 1011: Registered VSCSI filter type hbr_filter
2025-12-27T00:44:29.152Z cpu10:2098427)Hbr: 155: HBR bitmap mempool initializing (4096:3221225470)
2025-12-27T00:44:29.153Z cpu10:2098427)VProbe: 803: Loaded  15 static probes from: hbr_filter
2025-12-27T00:44:29.153Z cpu10:2098427)Mod: 4962: Initialization of hbr_filter succeeded with module ID 98.
2025-12-27T00:44:29.153Z cpu10:2098427)hbr_filter loaded successfully.
2025-12-27T00:44:29.155Z cpu12:2097655)Jumpstart plugin hbr activated.
2025-12-27T00:44:29.155Z cpu12:2097655)Activating Jumpstart plugin ftcpt.
2025-12-27T00:44:29.163Z cpu14:2098438)Loading module ftcpt ...
2025-12-27T00:44:29.167Z cpu14:2098438)Elf: 2101: module ftcpt has license VMware
2025-12-27T00:44:29.171Z cpu14:2098438)FTCpt: 114: Registering ftCpt module version 1.0
2025-12-27T00:44:29.172Z cpu14:2098438)FTCpt: 638: Netstack at module load time: defaultTcpipStack
2025-12-27T00:44:29.172Z cpu14:2098438)FTCpt: 1089: Server netstack: defaultTcpipStack
2025-12-27T00:44:29.172Z cpu14:2098438)FTCpt: 977: Using IPv6 address to start server listener
2025-12-27T00:44:29.172Z cpu14:2098438)Tcpip_Vmk: 124: INFO: sosetopt set SO_AUTOBIND
2025-12-27T00:44:29.172Z cpu14:2098438)VProbe: 803: Loaded  43 static probes from: ftcpt
2025-12-27T00:44:29.172Z cpu14:2098438)Mod: 4962: Initialization of ftcpt succeeded with module ID 99.
2025-12-27T00:44:29.172Z cpu14:2098438)ftcpt loaded successfully.
2025-12-27T00:44:29.176Z cpu12:2097655)Jumpstart plugin ftcpt activated.
2025-12-27T00:44:29.176Z cpu12:2097655)Activating Jumpstart plugin tpm.
2025-12-27T00:44:29.226Z cpu12:2097655)Jumpstart plugin tpm activation failed: tpm->start() failed: exited with code 1
2025-12-27T00:44:29.226Z cpu12:2097655)Activating Jumpstart plugin cbrc.
2025-12-27T00:44:29.278Z cpu12:2097655)Jumpstart plugin cbrc activated.
2025-12-27T00:44:29.278Z cpu12:2097655)Activating Jumpstart plugin autodeploy-setpassword.
2025-12-27T00:44:29.333Z cpu12:2097655)Jumpstart plugin autodeploy-setpassword activated.
2025-12-27T00:44:29.333Z cpu12:2097655)Activating Jumpstart plugin inetd.
2025-12-27T00:44:29.352Z cpu12:2097655)Jumpstart plugin inetd activated.
2025-12-27T00:44:29.352Z cpu12:2097655)Activating Jumpstart plugin tag-boot-bank.
2025-12-27T00:44:29.508Z cpu14:2097655)Jumpstart plugin tag-boot-bank activated.
2025-12-27T00:44:29.508Z cpu14:2097655)Activating Jumpstart plugin bootloader-update-check.
2025-12-27T00:44:30.123Z cpu9:2097852)Tcpip_Vmk: 124: nd6_rs_timer: no routers on 'vmk0'. Giving up
2025-12-27T00:44:30.521Z cpu12:2097891)ScsiDeviceIO: 3470: Cmd(0x45ba809d2380) 0x1a, CmdSN 0x25b from world 0 to dev "naa.600605b004213bc001e293503af49afb" failed H:0x0 D:0x2 P:0x0 Valid sense data: 0x5 0x24 0x0.
2025-12-27T00:44:30.581Z cpu14:2097655)Jumpstart plugin bootloader-update-check activated.
2025-12-27T00:44:30.581Z cpu14:2097655)Activating Jumpstart plugin set-acceptance-level.
2025-12-27T00:44:32.138Z cpu14:2097655)Jumpstart plugin set-acceptance-level activated.
2025-12-27T00:44:32.138Z cpu14:2097655)Activating Jumpstart plugin system-image-cache.
2025-12-27T00:44:32.138Z cpu14:2097655)Jumpstart plugin system-image-cache activated.
2025-12-27T00:44:32.138Z cpu14:2097655)Activating Jumpstart plugin vmotion.
2025-12-27T00:44:32.145Z cpu13:2098466)Loading module svmmirror ...
2025-12-27T00:44:32.149Z cpu13:2098466)Elf: 2101: module svmmirror has license VMware
2025-12-27T00:44:32.153Z cpu13:2098466)FDS: 414: Registered FDS Driver svm
2025-12-27T00:44:32.153Z cpu13:2098466)VProbe: 803: Loaded  17 static probes from: svmmirror
2025-12-27T00:44:32.153Z cpu13:2098466)Mod: 4962: Initialization of svmmirror succeeded with module ID 100.
2025-12-27T00:44:32.153Z cpu13:2098466)svmmirror loaded successfully.
2025-12-27T00:44:32.160Z cpu20:2098467)Loading module cbt ...
2025-12-27T00:44:32.163Z cpu20:2098467)Elf: 2101: module cbt has license VMware
2025-12-27T00:44:32.163Z cpu20:2098467)FDS: 414: Registered FDS Driver cbt
2025-12-27T00:44:32.163Z cpu20:2098467)Mod: 4962: Initialization of cbt succeeded with module ID 101.
2025-12-27T00:44:32.163Z cpu20:2098467)cbt loaded successfully.
2025-12-27T00:44:32.172Z cpu22:2098468)Loading module migrate ...
2025-12-27T00:44:32.177Z cpu22:2098468)Elf: 2101: module migrate has license VMware
2025-12-27T00:44:32.184Z cpu22:2098468)Migrate: 123: Registering migration module version 3.0
2025-12-27T00:44:32.184Z cpu22:2098468)Migrate: 3364: Initializing migration module with module id 66.
2025-12-27T00:44:32.184Z cpu22:2098468)Migrate: 1215: Migrate: Using a default heap size of 80535707 bytes, based on a 589797 MB VM.
2025-12-27T00:44:32.185Z cpu22:2098468)Migrate: 3547: Registering module 'VMotion' version 3.0 for migrate type 1
2025-12-27T00:44:32.185Z cpu22:2098468)Migrate: 3547: Registering module 'FTCpt' version 3.0 for migrate type 6
2025-12-27T00:44:32.185Z cpu22:2098468)Migrate: 3547: Registering module 'FSR' version 3.0 for migrate type 2
2025-12-27T00:44:32.185Z cpu22:2098468)Migrate: 3547: Registering module 'InstantClone' version 3.0 for migrate type 7
2025-12-27T00:44:32.187Z cpu22:2098468)MigrateNet: 892: Set vMotion to AUTOBIND mode
2025-12-27T00:44:32.187Z cpu22:2098468)Tcpip_Vmk: 124: INFO: sosetopt set SO_AUTOBIND
2025-12-27T00:44:32.187Z cpu22:2098468)Migrate: 3643: Successfully enabled migration support.
2025-12-27T00:44:32.187Z cpu22:2098468)VProbe: 803: Loaded  19 static probes from: migrate
2025-12-27T00:44:32.187Z cpu22:2098468)Mod: 4962: Initialization of migrate succeeded with module ID 102.
2025-12-27T00:44:32.187Z cpu22:2098468)migrate loaded successfully.
2025-12-27T00:44:32.190Z cpu14:2097655)Jumpstart plugin vmotion activated.
2025-12-27T00:44:32.190Z cpu14:2097655)Activating Jumpstart plugin pcipassthrupool.
2025-12-27T00:44:32.240Z cpu14:2097655)Jumpstart plugin pcipassthrupool activated.
2025-12-27T00:44:32.240Z cpu14:2097655)Activating Jumpstart plugin vfc.
2025-12-27T00:44:32.248Z cpu22:2098471)Loading module vfc ...
2025-12-27T00:44:32.251Z cpu22:2098471)Elf: 2101: module vfc has license VMware
2025-12-27T00:44:32.256Z cpu22:2098471)VFLASHAPI: 195: Registered vflash module vfc
2025-12-27T00:44:32.256Z cpu22:2098471)'VFlashCache' module loaded successfully.
2025-12-27T00:44:32.256Z cpu22:2098471)Mod: 4962: Initialization of vfc succeeded with module ID 103.
2025-12-27T00:44:32.256Z cpu22:2098471)vfc loaded successfully.
2025-12-27T00:44:32.259Z cpu14:2097655)Jumpstart plugin vfc activated.
2025-12-27T00:44:32.259Z cpu14:2097655)Activating Jumpstart plugin coredump-configuration.
2025-12-27T00:44:33.011Z cpu14:2097655)Jumpstart plugin coredump-configuration activated.
2025-12-27T00:44:33.011Z cpu14:2097655)Activating Jumpstart plugin iofilters_castore.
2025-12-27T00:44:33.030Z cpu14:2097655)Jumpstart plugin iofilters_castore activated.
2025-12-27T00:44:33.030Z cpu14:2097655)Activating Jumpstart plugin vit.
2025-12-27T00:44:33.031Z cpu14:2097655)Jumpstart plugin vit activated.
2025-12-27T00:44:33.031Z cpu14:2097655)Activating Jumpstart plugin nvme-nguid-config.
2025-12-27T00:44:33.404Z cpu14:2097655)Jumpstart plugin nvme-nguid-config activated.
2025-12-27T00:44:33.404Z cpu14:2097655)Activating Jumpstart plugin scratch-storage.
2025-12-27T00:44:34.168Z cpu14:2097655)Jumpstart plugin scratch-storage activated.
2025-12-27T00:44:34.168Z cpu14:2097655)Activating Jumpstart plugin pingback.
2025-12-27T00:44:34.219Z cpu14:2097655)Jumpstart plugin pingback activated.
2025-12-27T00:44:34.219Z cpu14:2097655)Activating Jumpstart plugin vmswapcleanup.
2025-12-27T00:44:34.220Z cpu14:2097655)Jumpstart plugin vmswapcleanup activated.
2025-12-27T00:44:35.256Z cpu23:2098546)Starting service SSH
2025-12-27T00:44:35.257Z cpu23:2098546)Activating Jumpstart plugin SSH.
2025-12-27T00:44:35.460Z cpu23:2098546)Jumpstart plugin SSH activated.
2025-12-27T00:44:35.462Z cpu23:2098546)Starting service DCUI
2025-12-27T00:44:35.463Z cpu23:2098546)Activating Jumpstart plugin DCUI.
2025-12-27T00:44:35.666Z cpu23:2098546)Jumpstart plugin DCUI activated.
2025-12-27T00:44:35.668Z cpu23:2098546)Starting service esxui
2025-12-27T00:44:35.669Z cpu23:2098546)Activating Jumpstart plugin esxui.
2025-12-27T00:44:35.889Z cpu10:2097162)<6>megasas_service_aen[4]: aen received
2025-12-27T00:44:35.889Z cpu12:2097764)<6>megasas_hotplug_work[4]: event code 0x009d
2025-12-27T00:44:35.897Z cpu12:2097764)<6>megasas_hotplug_work[4]: aen registered
2025-12-27T00:44:36.477Z cpu23:2098546)Jumpstart plugin esxui activated.
2025-12-27T00:44:36.479Z cpu23:2098546)Starting service usbarbitrator
2025-12-27T00:44:36.481Z cpu23:2098546)Activating Jumpstart plugin usbarbitrator.
2025-12-27T00:44:36.889Z cpu0:2097890)ScsiDeviceIO: 3470: Cmd(0x459a80faf800) 0x1a, CmdSN 0x2e9 from world 0 to dev "naa.600605b004213bc001e293503af49afb" failed H:0x0 D:0x2 P:0x0 Valid sense data: 0x5 0x24 0x0.
2025-12-27T00:44:37.613Z cpu17:2098584)VC: 4616: Device rescan time 217 msec (total number of devices 8)
2025-12-27T00:44:37.613Z cpu17:2098584)VC: 4619: Filesystem probe time 725 msec (devices probed 6 of 8)
2025-12-27T00:44:37.613Z cpu17:2098584)VC: 4621: Refresh open volume time 3 msec
2025-12-27T00:44:37.835Z cpu7:2097695)vmkusb: umass_detach:1281: umass_detach: Device umass0 is detaching
2025-12-27T00:44:37.835Z cpu7:2097695)vmkusb: umass_detach:1297: umass_detach: Detaching umass0 with cached_name NULL, adapter name vmhba32, is_reserved 0
2025-12-27T00:44:37.835Z cpu7:2097695)vmkusb: umass_detach:1305: umass_detach: Save the USB Storage device vmhba32 as cached name!
2025-12-27T00:44:37.858Z cpu2:2097198)NMP: nmp_ThrottleLogForDevice:3872: Cmd 0x1a (0x459a80f3bb80, 0) to dev "mpx.vmhba32:C0:T0:L0" on path "vmhba32:C0:T0:L0" Failed: H:0x0 D:0x2 P:0x0 Valid sense data: 0x5 0x0 0x0. Act:NONE
2025-12-27T00:44:37.858Z cpu2:2097198)ScsiDeviceIO: 3484: Cmd(0x459a80f3bb80) 0x1a, CmdSN 0x383 from world 0 to dev "mpx.vmhba32:C0:T0:L0" failed H:0x0 D:0x2 P:0x0 Valid sense data: 0x5 0x0 0x0.
2025-12-27T00:44:37.858Z cpu8:2097518)ScsiPath: 8850: DeletePath : adapter=vmhba32, channel=0, target=0, lun=0
2025-12-27T00:44:37.858Z cpu8:2097518)NMP: nmp_UnregisterDeviceEvents:2404: Failed to unregister events 0x180 from device "mpx.vmhba32:C0:T0:L0". Not found
2025-12-27T00:44:37.858Z cpu8:2097518)ScsiDevice: 5706: Unregistered device 'mpx.vmhba32:C0:T0:L0' [0x430548aef900]
2025-12-27T00:44:37.858Z cpu8:2097518)ScsiEvents: 545: Event Subsystem: Device Events, Destroyed!
2025-12-27T00:44:37.858Z cpu8:2097518)StorageApdHandler: 1063: Freeing APD handle 0x430548aee0d0 [mpx.vmhba32:C0:T0:L0]
2025-12-27T00:44:37.858Z cpu8:2097518)StorageApdHandler: 1147: APD Handle freed!
2025-12-27T00:44:37.858Z cpu8:2097518)WARNING: NMP: nmpUnclaimPath:1646: Physical path "vmhba32:C0:T0:L0" is the last path to NMP device "Unregistered Device". The device has been unregistered.
2025-12-27T00:44:37.858Z cpu8:2097518)WARNING: ScsiPath: 8929: Remove path: vmhba32:C0:T0:L0
2025-12-27T00:44:37.858Z cpu3:2097700)ScsiAdapter: 3424: Unregistering adapter vmhba32
2025-12-27T00:44:37.858Z cpu3:2097700)DMA: 724: DMA Engine 'vmhba32' destroyed.
2025-12-27T00:44:37.993Z cpu1:2097890)ScsiDeviceIO: 3470: Cmd(0x459a80f3ac80) 0x1a, CmdSN 0x3cb from world 0 to dev "naa.600605b004213bc001e293503af49afb" failed H:0x0 D:0x2 P:0x0 Valid sense data: 0x5 0x24 0x0.
2025-12-27T00:44:37.998Z cpu6:2098588)VC: 777: Removing unused volume '6113eae0-017e72cb-dd88-7c4fe078f4fa' (fa7) state 3
2025-12-27T00:44:37.998Z cpu6:2098588)VC: 777: Removing unused volume '3aa697ed-3301c127-ab77-6b3f94b30287' (fa7) state 3
2025-12-27T00:44:37.998Z cpu6:2098588)VC: 777: Removing unused volume '3a4fcbb5-bccfa3cc-15bf-5cf3fce846f8' (fa7) state 3
2025-12-27T00:44:37.999Z cpu6:2098588)VC: 4616: Device rescan time 12 msec (total number of devices 5)
2025-12-27T00:44:37.999Z cpu6:2098588)VC: 4619: Filesystem probe time 8 msec (devices probed 3 of 5)
2025-12-27T00:44:37.999Z cpu6:2098588)VC: 4621: Refresh open volume time 1 msec
2025-12-27T00:44:38.142Z cpu9:2098589)megasas_slave_configure: do not export physical disk devices to upper layer.
2025-12-27T00:44:38.142Z cpu9:2098589)WARNING: ScsiScan: 1638: Failed to add path vmhba0:C0:T9:L0 : Not found
2025-12-27T00:44:38.143Z cpu9:2098589)megasas_slave_configure: do not export physical disk devices to upper layer.
2025-12-27T00:44:38.143Z cpu9:2098589)WARNING: ScsiScan: 1638: Failed to add path vmhba0:C0:T10:L0 : Not found
2025-12-27T00:44:38.144Z cpu9:2098589)megasas_slave_configure: do not export physical disk devices to upper layer.
2025-12-27T00:44:38.144Z cpu9:2098589)WARNING: ScsiScan: 1638: Failed to add path vmhba0:C0:T11:L0 : Not found
2025-12-27T00:44:38.146Z cpu9:2098589)megasas_slave_configure: do not export physical disk devices to upper layer.
2025-12-27T00:44:38.146Z cpu9:2098589)WARNING: ScsiScan: 1638: Failed to add path vmhba0:C0:T13:L0 : Not found
2025-12-27T00:44:38.147Z cpu9:2098589)megasas_slave_configure: do not export physical disk devices to upper layer.
2025-12-27T00:44:38.147Z cpu9:2098589)WARNING: ScsiScan: 1638: Failed to add path vmhba0:C0:T14:L0 : Not found
2025-12-27T00:44:38.149Z cpu9:2098589)megasas_slave_configure: do not export physical disk devices to upper layer.
2025-12-27T00:44:38.149Z cpu9:2098589)WARNING: ScsiScan: 1638: Failed to add path vmhba0:C0:T15:L0 : Not found
2025-12-27T00:44:38.150Z cpu9:2098589)megasas_slave_configure: do not export physical disk devices to upper layer.
2025-12-27T00:44:38.150Z cpu9:2098589)WARNING: ScsiScan: 1638: Failed to add path vmhba0:C0:T16:L0 : Not found
2025-12-27T00:44:38.299Z cpu23:2098546)Jumpstart plugin usbarbitrator activated.
2025-12-27T00:44:38.300Z cpu23:2098546)Starting service iofilterd-spm
2025-12-27T00:44:38.302Z cpu23:2098546)Activating Jumpstart plugin iofilterd-spm.
2025-12-27T00:44:39.442Z cpu1:2097890)ScsiDeviceIO: 3470: Cmd(0x459a80f38e80) 0x1a, CmdSN 0x42f from world 0 to dev "naa.600605b004213bc001e293503af49afb" failed H:0x0 D:0x2 P:0x0 Valid sense data: 0x5 0x24 0x0.
2025-12-27T00:44:39.449Z cpu11:2098674)VC: 4616: Device rescan time 22 msec (total number of devices 5)
2025-12-27T00:44:39.449Z cpu11:2098674)VC: 4619: Filesystem probe time 9 msec (devices probed 3 of 5)
2025-12-27T00:44:39.449Z cpu11:2098674)VC: 4621: Refresh open volume time 1 msec
2025-12-27T00:44:39.593Z cpu6:2098675)megasas_slave_configure: do not export physical disk devices to upper layer.
2025-12-27T00:44:39.593Z cpu6:2098675)WARNING: ScsiScan: 1638: Failed to add path vmhba0:C0:T9:L0 : Not found
2025-12-27T00:44:39.594Z cpu6:2098675)megasas_slave_configure: do not export physical disk devices to upper layer.
2025-12-27T00:44:39.594Z cpu6:2098675)WARNING: ScsiScan: 1638: Failed to add path vmhba0:C0:T10:L0 : Not found
2025-12-27T00:44:39.595Z cpu6:2098675)megasas_slave_configure: do not export physical disk devices to upper layer.
2025-12-27T00:44:39.595Z cpu6:2098675)WARNING: ScsiScan: 1638: Failed to add path vmhba0:C0:T11:L0 : Not found
2025-12-27T00:44:39.597Z cpu6:2098675)megasas_slave_configure: do not export physical disk devices to upper layer.
2025-12-27T00:44:39.597Z cpu6:2098675)WARNING: ScsiScan: 1638: Failed to add path vmhba0:C0:T13:L0 : Not found
2025-12-27T00:44:39.598Z cpu6:2098675)megasas_slave_configure: do not export physical disk devices to upper layer.
2025-12-27T00:44:39.598Z cpu6:2098675)WARNING: ScsiScan: 1638: Failed to add path vmhba0:C0:T14:L0 : Not found
2025-12-27T00:44:39.600Z cpu6:2098675)megasas_slave_configure: do not export physical disk devices to upper layer.
2025-12-27T00:44:39.600Z cpu6:2098675)WARNING: ScsiScan: 1638: Failed to add path vmhba0:C0:T15:L0 : Not found
2025-12-27T00:44:39.601Z cpu6:2098675)megasas_slave_configure: do not export physical disk devices to upper layer.
2025-12-27T00:44:39.601Z cpu6:2098675)WARNING: ScsiScan: 1638: Failed to add path vmhba0:C0:T16:L0 : Not found
2025-12-27T00:44:40.927Z cpu23:2098546)Jumpstart plugin iofilterd-spm activated.
2025-12-27T00:44:40.929Z cpu23:2098546)Starting service swapobjd
2025-12-27T00:44:40.930Z cpu23:2098546)Activating Jumpstart plugin swapobjd.
2025-12-27T00:44:41.333Z cpu23:2098546)Jumpstart plugin swapobjd activated.
2025-12-27T00:44:41.334Z cpu23:2098546)Starting service iofilterd-vmwarevmcrypt
2025-12-27T00:44:41.336Z cpu23:2098546)Activating Jumpstart plugin iofilterd-vmwarevmcrypt.
2025-12-27T00:44:41.538Z cpu23:2098546)Jumpstart plugin iofilterd-vmwarevmcrypt activated.
2025-12-27T00:44:41.540Z cpu23:2098546)Starting service vvold
2025-12-27T00:44:41.541Z cpu23:2098546)Activating Jumpstart plugin vvold.
2025-12-27T00:44:43.156Z cpu23:2098546)Jumpstart plugin vvold activated.
2025-12-27T00:44:43.157Z cpu23:2098546)Starting service hostdCgiServer
2025-12-27T00:44:43.159Z cpu23:2098546)Activating Jumpstart plugin hostdCgiServer.
2025-12-27T00:44:43.361Z cpu23:2098546)Jumpstart plugin hostdCgiServer activated.
2025-12-27T00:44:43.363Z cpu23:2098546)Starting service hostd
2025-12-27T00:44:43.365Z cpu23:2098546)Activating Jumpstart plugin hostd.
2025-12-27T00:44:43.708Z cpu6:2098842)VisorFSRam: 882: hostdstats with (0,803,0,0,755)
2025-12-27T00:44:43.709Z cpu6:2098842)FSS: 8148: Mounting fs visorfs (4306f359e670) with -o 0,803,0,0,0,0755,hostdstats on file descriptor 43071732e800
2025-12-27T00:44:44.173Z cpu23:2098546)Jumpstart plugin hostd activated.
2025-12-27T00:44:44.174Z cpu23:2098546)Starting service rhttpproxy
2025-12-27T00:44:44.176Z cpu23:2098546)Activating Jumpstart plugin rhttpproxy.
2025-12-27T00:44:44.580Z cpu23:2098546)Jumpstart plugin rhttpproxy activated.
2025-12-27T00:44:44.582Z cpu23:2098546)Starting service sdrsInjector
2025-12-27T00:44:44.583Z cpu23:2098546)Activating Jumpstart plugin sdrsInjector.
2025-12-27T00:44:44.672Z cpu3:2098937)Config: 703: "SIOControlFlag1" = 0, Old Value: 0, (Status: 0x0)
2025-12-27T00:44:44.785Z cpu23:2098546)Jumpstart plugin sdrsInjector activated.
2025-12-27T00:44:44.787Z cpu23:2098546)Starting service storageRM
2025-12-27T00:44:44.788Z cpu23:2098546)Activating Jumpstart plugin storageRM.
2025-12-27T00:44:44.990Z cpu23:2098546)Jumpstart plugin storageRM activated.
2025-12-27T00:44:44.992Z cpu23:2098546)Starting service sensord
2025-12-27T00:44:44.994Z cpu23:2098546)Activating Jumpstart plugin sensord.
2025-12-27T00:44:45.397Z cpu23:2098546)Jumpstart plugin sensord activated.
2025-12-27T00:44:45.399Z cpu23:2098546)Starting service lbtd
2025-12-27T00:44:45.400Z cpu23:2098546)Activating Jumpstart plugin lbtd.
2025-12-27T00:44:45.450Z cpu16:2098878)Config: 703: "SIOControlFlag2" = 0, Old Value: 0, (Status: 0x0)
2025-12-27T00:44:45.603Z cpu23:2098546)Jumpstart plugin lbtd activated.
2025-12-27T00:44:45.604Z cpu23:2098546)Starting service nfcd
2025-12-27T00:44:45.606Z cpu23:2098546)Activating Jumpstart plugin nfcd.
2025-12-27T00:44:45.808Z cpu23:2098546)Jumpstart plugin nfcd activated.
2025-12-27T00:44:45.810Z cpu23:2098546)Starting service vmfstraced
2025-12-27T00:44:45.811Z cpu23:2098546)Activating Jumpstart plugin vmfstraced.
2025-12-27T00:44:46.012Z cpu16:2098546)Jumpstart plugin vmfstraced activated.
2025-12-27T00:44:46.013Z cpu16:2098546)Starting service rabbitmqproxy
2025-12-27T00:44:46.014Z cpu16:2098546)Activating Jumpstart plugin rabbitmqproxy.
2025-12-27T00:44:46.617Z cpu12:2098546)Jumpstart plugin rabbitmqproxy activated.
2025-12-27T00:44:46.619Z cpu12:2098546)Starting service slpd
2025-12-27T00:44:46.620Z cpu12:2098546)Activating Jumpstart plugin slpd.
2025-12-27T00:44:46.822Z cpu12:2098546)Jumpstart plugin slpd activated.
2025-12-27T00:44:46.824Z cpu12:2098546)Starting service dcbd
2025-12-27T00:44:46.826Z cpu12:2098546)Activating Jumpstart plugin dcbd.
2025-12-27T00:44:47.028Z cpu12:2098546)Jumpstart plugin dcbd activated.
2025-12-27T00:44:47.030Z cpu12:2098546)Starting service cdp
2025-12-27T00:44:47.031Z cpu12:2098546)Activating Jumpstart plugin cdp.
2025-12-27T00:44:47.233Z cpu12:2098546)Jumpstart plugin cdp activated.
2025-12-27T00:44:47.235Z cpu12:2098546)Starting service nscd
2025-12-27T00:44:47.236Z cpu12:2098546)Activating Jumpstart plugin nscd.
2025-12-27T00:44:47.439Z cpu12:2098546)Jumpstart plugin nscd activated.
2025-12-27T00:44:47.441Z cpu12:2098546)Starting service nicmgmtd
2025-12-27T00:44:47.442Z cpu12:2098546)Activating Jumpstart plugin nicmgmtd.
2025-12-27T00:44:47.845Z cpu12:2098546)Jumpstart plugin nicmgmtd activated.
2025-12-27T00:44:47.846Z cpu12:2098546)Starting service lacp
2025-12-27T00:44:47.848Z cpu12:2098546)Activating Jumpstart plugin lacp.
2025-12-27T00:44:48.050Z cpu12:2098546)Jumpstart plugin lacp activated.
2025-12-27T00:44:48.052Z cpu12:2098546)Starting service memscrubd
2025-12-27T00:44:48.054Z cpu12:2098546)Activating Jumpstart plugin memscrubd.
2025-12-27T00:44:48.255Z cpu12:2098546)Jumpstart plugin memscrubd activated.
2025-12-27T00:44:48.256Z cpu12:2098546)Starting service smartd
2025-12-27T00:44:48.258Z cpu12:2098546)Activating Jumpstart plugin smartd.
2025-12-27T00:44:48.460Z cpu12:2098546)Jumpstart plugin smartd activated.
2025-12-27T00:44:48.462Z cpu12:2098546)Starting service vpxa
2025-12-27T00:44:48.464Z cpu12:2098546)Activating Jumpstart plugin vpxa.
2025-12-27T00:44:48.667Z cpu12:2098546)Jumpstart plugin vpxa activated.
2025-12-27T00:44:48.668Z cpu12:2098546)Starting service sfcbd-watchdog
2025-12-27T00:44:48.670Z cpu12:2098546)Activating Jumpstart plugin sfcbd-watchdog.
2025-12-27T00:44:49.073Z cpu12:2098546)Jumpstart plugin sfcbd-watchdog activated.
2025-12-27T00:44:49.074Z cpu12:2098546)Starting service wsman
2025-12-27T00:44:49.076Z cpu12:2098546)Activating Jumpstart plugin wsman.
2025-12-27T00:44:49.278Z cpu12:2098546)Jumpstart plugin wsman activated.
2025-12-27T00:44:49.280Z cpu12:2098546)Starting service snmpd
2025-12-27T00:44:49.282Z cpu12:2098546)Activating Jumpstart plugin snmpd.
2025-12-27T00:44:49.685Z cpu12:2098546)Jumpstart plugin snmpd activated.
2025-12-27T00:44:49.687Z cpu12:2098546)Starting service xorg
2025-12-27T00:44:49.689Z cpu12:2098546)Activating Jumpstart plugin xorg.
2025-12-27T00:44:50.093Z cpu16:2098546)Jumpstart plugin xorg activated.
2025-12-27T00:44:50.094Z cpu16:2098546)Starting service vmtoolsd
2025-12-27T00:44:50.096Z cpu16:2098546)Activating Jumpstart plugin vmtoolsd.
2025-12-27T00:44:50.298Z cpu16:2098546)Jumpstart plugin vmtoolsd activated.
2025-12-27T00:44:50.470Z cpu12:2099417)Hardware: 573: Reading cpu0 MSR 0x17
2025-12-27T00:44:51.554Z cpu23:2098878)Config: 703: "VMOverheadGrowthLimit" = 4294967295, Old Value: -1, (Status: 0x0)
2025-12-27T00:44:52.447Z cpu20:2097891)ScsiDeviceIO: 3470: Cmd(0x45ba809ecb40) 0x1a, CmdSN 0x495 from world 0 to dev "naa.600605b004213bc001e293503af49afb" failed H:0x0 D:0x2 P:0x0 Valid sense data: 0x5 0x24 0x0.
2025-12-27T00:44:53.591Z cpu16:2099474)Boot Successful
2025-12-27T00:44:54.009Z cpu0:2099486)Starting up rc scripts
2025-12-27T00:53:53.653Z cpu17:2097877)DVFilter: 6068: Checking disconnected filters for timeouts
2025-12-27T00:55:41.978Z cpu10:2097852)<6>megasas_service_aen[4]: aen received
2025-12-27T00:55:41.978Z cpu20:2097762)<6>megasas_hotplug_work[4]: event code 0x005e
2025-12-27T00:55:41.988Z cpu20:2097762)<6>megasas_hotplug_work[4]: aen registered
2025-12-27T00:56:25.161Z cpu10:2097484)<6>megasas_service_aen[4]: aen received
2025-12-27T00:56:25.161Z cpu20:2097762)<6>megasas_hotplug_work[4]: event code 0x005e
2025-12-27T00:56:25.170Z cpu20:2097762)<6>megasas_hotplug_work[4]: aen registered
2025-12-27T00:56:28.463Z cpu10:2097484)<6>megasas_service_aen[4]: aen received
2025-12-27T00:56:28.464Z cpu20:2097762)<6>megasas_hotplug_work[4]: event code 0x005e
2025-12-27T00:56:28.473Z cpu20:2097762)<6>megasas_hotplug_work[4]: aen registered
2025-12-27T00:59:30.588Z cpu10:2097358)<6>megasas_service_aen[4]: aen received
2025-12-27T00:59:30.588Z cpu12:2097762)<6>megasas_hotplug_work[4]: event code 0x005e
2025-12-27T00:59:30.597Z cpu12:2097762)<6>megasas_hotplug_work[4]: aen registered
2025-12-27T01:01:00.715Z cpu3:2097890)ScsiDeviceIO: 3470: Cmd(0x459a80fa2600) 0x1a, CmdSN 0x5ba from world 0 to dev "naa.600605b004213bc001e293503af49afb" failed H:0x0 D:0x2 P:0x0 Valid sense data: 0x5 0x24 0x0.
2025-12-27T01:03:53.653Z cpu17:2097877)DVFilter: 6068: Checking disconnected filters for timeouts
2025-12-27T01:07:35.917Z cpu10:2099442)<6>megasas_service_aen[4]: aen received
2025-12-27T01:07:35.917Z cpu12:2097762)<6>megasas_hotplug_work[4]: event code 0x00c2
2025-12-27T01:07:36.068Z cpu12:2097762)<6>megasas_hotplug_work[4]: aen registered
2025-12-27T01:07:36.068Z cpu10:2099442)<6>megasas_service_aen[4]: aen received
2025-12-27T01:07:36.068Z cpu12:2097762)<6>megasas_hotplug_work[4]: event code 0x0036
2025-12-27T01:07:36.068Z cpu12:2097762)<6>megasas_hotplug_work[4]: aen registered
2025-12-27T01:11:20.852Z cpu10:2099442)<6>megasas_service_aen[4]: aen received
2025-12-27T01:11:20.852Z cpu12:2097762)<6>megasas_hotplug_work[4]: event code 0x005e
2025-12-27T01:11:20.861Z cpu12:2097762)<6>megasas_hotplug_work[4]: aen registered
2025-12-27T01:12:07.365Z cpu10:2099442)<6>megasas_service_aen[4]: aen received
2025-12-27T01:12:07.365Z cpu14:2097762)<6>megasas_hotplug_work[4]: event code 0x005e
2025-12-27T01:12:07.374Z cpu14:2097762)<6>megasas_hotplug_work[4]: aen registered
2025-12-27T01:12:37.848Z cpu10:2099442)<6>megasas_service_aen[4]: aen received
2025-12-27T01:12:37.848Z cpu14:2097762)<6>megasas_hotplug_work[4]: event code 0x005e
2025-12-27T01:12:37.857Z cpu14:2097762)<6>megasas_hotplug_work[4]: aen registered
2025-12-27T01:12:42.024Z cpu10:2099442)<6>megasas_service_aen[4]: aen received
2025-12-27T01:12:42.024Z cpu14:2097762)<6>megasas_hotplug_work[4]: event code 0x005e
2025-12-27T01:12:42.033Z cpu14:2097762)<6>megasas_hotplug_work[4]: aen registered
2025-12-27T01:13:15.659Z cpu10:2099442)<6>megasas_service_aen[4]: aen received
2025-12-27T01:13:15.659Z cpu14:2097762)<6>megasas_hotplug_work[4]: event code 0x005e
2025-12-27T01:13:15.669Z cpu14:2097762)<6>megasas_hotplug_work[4]: aen registered
2025-12-27T01:13:53.653Z cpu12:2097877)DVFilter: 6068: Checking disconnected filters for timeouts
2025-12-27T01:16:09.163Z cpu10:2097162)<6>megasas_service_aen[4]: aen received
2025-12-27T01:16:09.163Z cpu12:2097762)<6>megasas_hotplug_work[4]: event code 0x005e
2025-12-27T01:16:09.173Z cpu12:2097762)<6>megasas_hotplug_work[4]: aen registered
2025-12-27T01:17:48.676Z cpu11:2099458 opID=321a8f9a)World: 11950: VC opID esxui-7972-9972 maps to vmkernel opID 321a8f9a
2025-12-27T01:17:48.676Z cpu11:2099458 opID=321a8f9a)Config: 703: "SIOControlFlag2" = 1, Old Value: 0, (Status: 0x0)
2025-12-27T01:17:49.185Z cpu22:2099916)MemSched: vm 2099916: 5745: extended swap to 20480 pgs
2025-12-27T01:17:49.268Z cpu22:2099916)World: vm 2099917: 7083: Starting world vmm0:VyOS-Router of type 8
2025-12-27T01:17:49.268Z cpu22:2099916)Sched: vm 2099917: 6206: Adding world 'vmm0:VyOS-Router', group 'host/user', cpu: shares=-1 min=-1 minLimit=-1 max=-1, mem: shares=-1 min=-1 minLimit=-1 max=-1
2025-12-27T01:17:49.268Z cpu22:2099916)Sched: vm 2099917: 6221: renamed group 12577 to vm.2099916
2025-12-27T01:17:49.268Z cpu22:2099916)Sched: vm 2099917: 6238: group 12577 is located under group 4
2025-12-27T01:17:49.907Z cpu22:2099916)FDS: 617: Enabling IO coalescing on driver 'deltadisks' device '1900d6-VyOS-Router-000003-sesparse.vmdk'
2025-12-27T01:17:49.921Z cpu22:2099916)VSCSI: 3877: handle 8192(vscsi0:0):Creating Virtual Device for world 2099917 (FSS handle 655577) numBlocks=10485760 (bs=512)
2025-12-27T01:17:49.921Z cpu22:2099916)VSCSI: 273: handle 8192(vscsi0:0):Input values: res=0 limit=-1 bw=-1 Shares=-1
2025-12-27T01:17:49.968Z cpu9:2099917)LSI: 1781: LSI: Initialized rings for scsi0 async=1
2025-12-27T01:17:49.971Z cpu9:2099925)Net: 2457: connected VyOS-Router eth0 to VyOS-Trunk, portID 0x2000005
2025-12-27T01:17:49.971Z cpu9:2099925)NetPort: 1359: enabled port 0x2000005 with mac 00:00:00:00:00:00
2025-12-27T01:17:49.990Z cpu0:2099454)Config: 703: "SIOControlFlag2" = 0, Old Value: 1, (Status: 0x0)
2025-12-27T01:17:49.992Z cpu9:2099917)----------------  ----------------  ----------------  ----------------  ----------------
2025-12-27T01:17:49.992Z cpu9:2099917)            name       reserved,KB   peakReserved,KB          alloc,KB      peakAlloc,KB
2025-12-27T01:17:49.992Z cpu9:2099917)----------------  ----------------  ----------------  ----------------  ----------------
2025-12-27T01:17:49.992Z cpu9:2099917)             VMM              9156              9156              3784              3784
2025-12-27T01:17:49.992Z cpu9:2099917)          PFRAME              2056              2056                 8                 8
2025-12-27T01:17:49.992Z cpu9:2099917)      SWAP_CACHE               512               512               512               512
2025-12-27T01:17:49.992Z cpu9:2099917)       CANDIDATE                 4                 4                 4                 4
2025-12-27T01:17:49.992Z cpu9:2099917)  CHECKPOINT_BUF               256               256                 0                 0
2025-12-27T01:17:49.992Z cpu9:2099917)      PSHARE_P2M                20                20                20                20
2025-12-27T01:17:49.992Z cpu9:2099917)            CBRC                 0                 0                 0                 0
2025-12-27T01:17:49.992Z cpu9:2099917)           FTCPT                 0                 0                 0                 0
2025-12-27T01:17:49.992Z cpu9:2099917)      ASYNCREMAP                 4                 4                 4                 4
2025-12-27T01:17:49.992Z cpu9:2099917)   VMMEMSERVICES                64                64                64                64
2025-12-27T01:17:49.992Z cpu9:2099917)FSR_UNSHARED_GBL                 0                 0                 0                 0
2025-12-27T01:17:49.992Z cpu9:2099917)----------------  ----------------  ----------------  ----------------  ----------------
2025-12-27T01:17:49.992Z cpu9:2099917)------------------------------  ------------  ------------  ------------  ------------  ------------
2025-12-27T01:17:49.992Z cpu9:2099917)                          name        min,KB        max,KB   minLimit,KB       eMin,KB   rMinPeak,KB
2025-12-27T01:17:49.992Z cpu9:2099917)------------------------------  ------------  ------------  ------------  ------------  ------------
2025-12-27T01:17:49.992Z cpu9:2099917)                    vm.2099916             0            -1            -1         37692         39376
2025-12-27T01:17:49.992Z cpu9:2099917)            worldGroup.2099916             0            -1            -1           764           764
2025-12-27T01:17:49.992Z cpu9:2099917)                    uw.2099916         19360            -1            -1         19360         21152
2025-12-27T01:17:49.992Z cpu9:2099917)               vsiHeap.2099916             0            -1            -1           136           136
2025-12-27T01:17:49.992Z cpu9:2099917)                    pt.2099916           304            -1            -1           544           544
2025-12-27T01:17:49.992Z cpu9:2099917)            cartelheap.2099916             0            -1            -1           296           296
2025-12-27T01:17:49.992Z cpu9:2099917)             uwshmempt.2099916             0            -1            -1             0             0
2025-12-27T01:17:49.992Z cpu9:2099917)      uwAsyncRemapHeap.2099916             0            -1            -1           136           136
2025-12-27T01:17:49.992Z cpu9:2099917)               uwCrypt.2099916          4096          4096          4096          4096          4096
2025-12-27T01:17:49.992Z cpu9:2099917)              uwregbmp.2099916             8            -1            -1             8             8
2025-12-27T01:17:49.992Z cpu9:2099917)                   vmm.2099916             0            -1            -1             0             0
2025-12-27T01:17:49.992Z cpu9:2099917)               vmmanon.2099916         12072            -1            -1         12072         12072
2025-12-27T01:17:49.992Z cpu9:2099917)                 vmcpt.2099917            80            -1            -1            80            80
2025-12-27T01:17:49.992Z cpu9:2099917)             vmmregbmp.2099916            64            -1            -1            64            64
2025-12-27T01:17:49.992Z cpu9:2099917)     vmmAsyncRemapHeap.2099916             0            -1            -1           136           136
2025-12-27T01:17:49.992Z cpu9:2099917)------------------------------  ------------  ------------  ------------  ------------  ------------
2025-12-27T01:17:50.621Z cpu9:2099917)VSCSI: 2685: handle 8192(vscsi0:0):Reset request on FSS handle 655577 (0 outstanding commands) from (vmm0:VyOS-Router)
2025-12-27T01:17:50.621Z cpu0:2097485)VSCSI: 2970: handle 8192(vscsi0:0):Reset [Retries: 0/0] from (vmm0:VyOS-Router)
2025-12-27T01:17:50.621Z cpu0:2097485)VSCSI: 2753: handle 8192(vscsi0:0):Completing reset (0 outstanding commands)
2025-12-27T01:18:00.787Z cpu7:2099458 opID=94135677)World: 11950: VC opID esxui-d43a-99a3 maps to vmkernel opID 94135677
2025-12-27T01:18:00.787Z cpu7:2099458 opID=94135677)Config: 703: "SIOControlFlag2" = 1, Old Value: 0, (Status: 0x0)
2025-12-27T01:18:00.981Z cpu2:2100060)MemSched: vm 2100060: 5745: extended swap to 20480 pgs
2025-12-27T01:18:01.068Z cpu5:2100060)MemSched: vm 2100060: 5745: extended swap to 20992 pgs
2025-12-27T01:18:01.069Z cpu5:2100060)World: vm 2100061: 7083: Starting world vmm0:SGRL-ADC001 of type 8
2025-12-27T01:18:01.069Z cpu5:2100060)Sched: vm 2100061: 6206: Adding world 'vmm0:SGRL-ADC001', group 'host/user', cpu: shares=-3 min=0 minLimit=-1 max=-1, mem: shares=-3 min=0 minLimit=-1 max=-1
2025-12-27T01:18:01.069Z cpu5:2100060)Sched: vm 2100061: 6221: renamed group 13632 to vm.2100060
2025-12-27T01:18:01.069Z cpu5:2100060)Sched: vm 2100061: 6238: group 13632 is located under group 4
2025-12-27T01:18:01.082Z cpu9:2099917)VSCSI: 2685: handle 8192(vscsi0:0):Reset request on FSS handle 655577 (0 outstanding commands) from (vmm0:VyOS-Router)
2025-12-27T01:18:01.082Z cpu0:2097485)VSCSI: 2970: handle 8192(vscsi0:0):Reset [Retries: 0/0] from (vmm0:VyOS-Router)
2025-12-27T01:18:01.082Z cpu0:2097485)VSCSI: 2753: handle 8192(vscsi0:0):Completing reset (0 outstanding commands)
2025-12-27T01:18:01.256Z cpu9:2099917)VSCSI: 2685: handle 8192(vscsi0:0):Reset request on FSS handle 655577 (0 outstanding commands) from (vmm0:VyOS-Router)
2025-12-27T01:18:01.256Z cpu0:2097485)VSCSI: 2970: handle 8192(vscsi0:0):Reset [Retries: 0/0] from (vmm0:VyOS-Router)
2025-12-27T01:18:01.256Z cpu0:2097485)VSCSI: 2753: handle 8192(vscsi0:0):Completing reset (0 outstanding commands)
2025-12-27T01:18:01.530Z cpu5:2100060)FDS: 617: Enabling IO coalescing on driver 'deltadisks' device 'e0104-SGRL-ADC001-000001-sesparse.vmdk'
2025-12-27T01:18:01.551Z cpu5:2100060)VSCSI: 3877: handle 8193(vscsi0:0):Creating Virtual Device for world 2100061 (FSS handle 786694) numBlocks=314572800 (bs=512)
2025-12-27T01:18:01.551Z cpu5:2100060)VSCSI: 273: handle 8193(vscsi0:0):Input values: res=0 limit=-2 bw=-1 Shares=1000
2025-12-27T01:18:01.574Z cpu0:2100061)LSI: 1781: LSI: Initialized rings for scsi0 async=1
2025-12-27T01:18:01.580Z cpu18:2100070)Net: 2457: connected SGRL-ADC001 eth0 to 172.10.0.0/24_MGMT, portID 0x2000006
2025-12-27T01:18:01.583Z cpu0:2098908)Config: 703: "SIOControlFlag2" = 0, Old Value: 1, (Status: 0x0)
2025-12-27T01:18:01.587Z cpu18:2100061)----------------  ----------------  ----------------  ----------------  ----------------
2025-12-27T01:18:01.587Z cpu18:2100061)            name       reserved,KB   peakReserved,KB          alloc,KB      peakAlloc,KB
2025-12-27T01:18:01.587Z cpu18:2100061)----------------  ----------------  ----------------  ----------------  ----------------
2025-12-27T01:18:01.587Z cpu18:2100061)             VMM             37020             37020             13144             13144
2025-12-27T01:18:01.587Z cpu18:2100061)          PFRAME             16420             16420                36                36
2025-12-27T01:18:01.587Z cpu18:2100061)      SWAP_CACHE               512               512               512               512
2025-12-27T01:18:01.587Z cpu18:2100061)       CANDIDATE                 4                 4                 4                 4
2025-12-27T01:18:01.587Z cpu18:2100061)  CHECKPOINT_BUF               256               256                 0                 0
2025-12-27T01:18:01.587Z cpu18:2100061)      PSHARE_P2M                20                20                20                20
2025-12-27T01:18:01.587Z cpu18:2100061)            CBRC                 0                 0                 0                 0
2025-12-27T01:18:01.587Z cpu18:2100061)           FTCPT                 0                 0                 0                 0
2025-12-27T01:18:01.587Z cpu18:2100061)      ASYNCREMAP                 4                 4                 4                 4
2025-12-27T01:18:01.587Z cpu18:2100061)   VMMEMSERVICES                64                64                64                64
2025-12-27T01:18:01.587Z cpu18:2100061)FSR_UNSHARED_GBL                 0                 0                 0                 0
2025-12-27T01:18:01.587Z cpu18:2100061)----------------  ----------------  ----------------  ----------------  ----------------
2025-12-27T01:18:01.587Z cpu18:2100061)------------------------------  ------------  ------------  ------------  ------------  ------------
2025-12-27T01:18:01.587Z cpu18:2100061)                          name        min,KB        max,KB   minLimit,KB       eMin,KB   rMinPeak,KB
2025-12-27T01:18:01.587Z cpu18:2100061)------------------------------  ------------  ------------  ------------  ------------  ------------
2025-12-27T01:18:01.587Z cpu18:2100061)                    vm.2100060             0            -1            -1         70808         72520
2025-12-27T01:18:01.587Z cpu18:2100061)            worldGroup.2100060             0            -1            -1           612           612
2025-12-27T01:18:01.587Z cpu18:2100061)                    uw.2100060          9352            -1            -1          9352         11144
2025-12-27T01:18:01.587Z cpu18:2100061)               vsiHeap.2100060             0            -1            -1           136           136
2025-12-27T01:18:01.587Z cpu18:2100061)                    pt.2100060           352            -1            -1           696           696
2025-12-27T01:18:01.587Z cpu18:2100061)            cartelheap.2100060             0            -1            -1           296           296
2025-12-27T01:18:01.587Z cpu18:2100061)             uwshmempt.2100060             0            -1            -1             0             0
2025-12-27T01:18:01.587Z cpu18:2100061)      uwAsyncRemapHeap.2100060             0            -1            -1           136           136
2025-12-27T01:18:01.587Z cpu18:2100061)               uwCrypt.2100060          4096          4096          4096          4096          4096
2025-12-27T01:18:01.587Z cpu18:2100061)              uwregbmp.2100060             8            -1            -1             8             8
2025-12-27T01:18:01.587Z cpu18:2100061)                   vmm.2100060             0            -1            -1             0             0
2025-12-27T01:18:01.587Z cpu18:2100061)               vmmanon.2100060         54300            -1            -1         54300         54300
2025-12-27T01:18:01.587Z cpu18:2100061)                 vmcpt.2100061           528            -1            -1           528           528
2025-12-27T01:18:01.587Z cpu18:2100061)             vmmregbmp.2100060           512            -1            -1           512           512
2025-12-27T01:18:01.587Z cpu18:2100061)     vmmAsyncRemapHeap.2100060             0            -1            -1           136           136
2025-12-27T01:18:01.587Z cpu18:2100061)------------------------------  ------------  ------------  ------------  ------------  ------------
2025-12-27T01:18:02.764Z cpu18:2100061)VSCSI: 2685: handle 8193(vscsi0:0):Reset request on FSS handle 786694 (0 outstanding commands) from (vmm0:SGRL-ADC001)
2025-12-27T01:18:02.764Z cpu0:2097485)VSCSI: 2970: handle 8193(vscsi0:0):Reset [Retries: 0/0] from (vmm0:SGRL-ADC001)
2025-12-27T01:18:02.764Z cpu0:2097485)VSCSI: 2753: handle 8193(vscsi0:0):Completing reset (0 outstanding commands)
2025-12-27T01:18:02.764Z cpu18:2100061)VSCSI: 2685: handle 8193(vscsi0:0):Reset request on FSS handle 786694 (0 outstanding commands) from (vmm0:SGRL-ADC001)
2025-12-27T01:18:02.764Z cpu0:2097485)VSCSI: 2970: handle 8193(vscsi0:0):Reset [Retries: 0/0] from (vmm0:SGRL-ADC001)
2025-12-27T01:18:02.764Z cpu0:2097485)VSCSI: 2753: handle 8193(vscsi0:0):Completing reset (0 outstanding commands)
2025-12-27T01:18:02.927Z cpu18:2100070)Vmxnet3: 18624: indLROPktToGuest: 0, vcd->umkShared->vrrsSelected: 1 port 0x2000006
2025-12-27T01:18:02.927Z cpu18:2100070)Vmxnet3: 18865: Using default queue delivery for vmxnet3 for port 0x2000006
2025-12-27T01:18:02.927Z cpu18:2100070)NetPort: 1359: enabled port 0x2000006 with mac 00:50:56:87:af:26
2025-12-27T01:18:08.896Z cpu18:2100070)NetPort: 1580: disabled port 0x2000006
2025-12-27T01:18:12.080Z cpu17:2100061)VSCSI: 2685: handle 8193(vscsi0:0):Reset request on FSS handle 786694 (0 outstanding commands) from (vmm0:SGRL-ADC001)
2025-12-27T01:18:12.080Z cpu0:2097485)VSCSI: 2970: handle 8193(vscsi0:0):Reset [Retries: 0/0] from (vmm0:SGRL-ADC001)
2025-12-27T01:18:12.080Z cpu0:2097485)VSCSI: 2753: handle 8193(vscsi0:0):Completing reset (0 outstanding commands)
2025-12-27T01:18:13.094Z cpu20:2097891)ScsiDeviceIO: 3470: Cmd(0x45ba80890300) 0x1a, CmdSN 0x672 from world 0 to dev "naa.600605b004213bc001e293503af49afb" failed H:0x0 D:0x2 P:0x0 Valid sense data: 0x5 0x24 0x0.
2025-12-27T01:18:14.300Z cpu11:2098974 opID=5249d15)World: 11950: VC opID esxui-260a-99ce maps to vmkernel opID 5249d15
2025-12-27T01:18:14.300Z cpu11:2098974 opID=5249d15)Config: 703: "SIOControlFlag2" = 1, Old Value: 0, (Status: 0x0)
2025-12-27T01:18:14.432Z cpu2:2100203)MemSched: vm 2100203: 5745: extended swap to 20480 pgs
2025-12-27T01:18:14.505Z cpu9:2100203)MemSched: vm 2100203: 5745: extended swap to 20992 pgs
2025-12-27T01:18:14.506Z cpu9:2100203)World: vm 2100204: 7083: Starting world vmm0:SGRL-JMP001 of type 8
2025-12-27T01:18:14.506Z cpu9:2100203)Sched: vm 2100204: 6206: Adding world 'vmm0:SGRL-JMP001', group 'host/user', cpu: shares=-3 min=0 minLimit=-1 max=-1, mem: shares=-3 min=0 minLimit=-1 max=-1
2025-12-27T01:18:14.506Z cpu9:2100203)Sched: vm 2100204: 6221: renamed group 14687 to vm.2100203
2025-12-27T01:18:14.506Z cpu9:2100203)Sched: vm 2100204: 6238: group 14687 is located under group 4
2025-12-27T01:18:14.549Z cpu9:2100203)VSCSI: 3877: handle 8194(vscsi0:0):Creating Virtual Device for world 2100204 (FSS handle 524599) numBlocks=314572800 (bs=512)
2025-12-27T01:18:14.549Z cpu9:2100203)VSCSI: 273: handle 8194(vscsi0:0):Input values: res=0 limit=-2 bw=-1 Shares=1000
2025-12-27T01:18:14.549Z cpu9:2100203)VSCSI: 3877: handle 8195(vscsi0:1):Creating Virtual Device for world 2100204 (FSS handle 655670) numBlocks=838860800 (bs=512)
2025-12-27T01:18:14.549Z cpu9:2100203)VSCSI: 273: handle 8195(vscsi0:1):Input values: res=0 limit=-2 bw=-1 Shares=1000
2025-12-27T01:18:14.599Z cpu22:2100204)PVSCSI: 3462: scsi0: ioWorld=1 intrCoalescingMode=2 flags=0x1f
2025-12-27T01:18:14.604Z cpu0:2100214)Net: 2457: connected SGRL-JMP001 eth1 to 172.10.0.0/24_MGMT, portID 0x2000007
2025-12-27T01:18:14.604Z cpu0:2100214)NetPort: 1359: enabled port 0x2000007 with mac 00:00:00:00:00:00
2025-12-27T01:18:14.604Z cpu0:2100214)Net: 2457: connected SGRL-JMP001 eth0 to VM Network, portID 0x2000008
2025-12-27T01:18:14.604Z cpu0:2100214)NetPort: 1359: enabled port 0x2000008 with mac 00:00:00:00:00:00
2025-12-27T01:18:14.657Z cpu1:2099458)Config: 703: "SIOControlFlag2" = 0, Old Value: 1, (Status: 0x0)
2025-12-27T01:18:14.661Z cpu2:2100204)----------------  ----------------  ----------------  ----------------  ----------------
2025-12-27T01:18:14.661Z cpu2:2100204)            name       reserved,KB   peakReserved,KB          alloc,KB      peakAlloc,KB
2025-12-27T01:18:14.661Z cpu2:2100204)----------------  ----------------  ----------------  ----------------  ----------------
2025-12-27T01:18:14.661Z cpu2:2100204)             VMM             44340             44340             15388             15388
2025-12-27T01:18:14.661Z cpu2:2100204)          PFRAME             20524             20524                44                44
2025-12-27T01:18:14.661Z cpu2:2100204)      SWAP_CACHE               512               512               512               512
2025-12-27T01:18:14.661Z cpu2:2100204)       CANDIDATE                 4                 4                 4                 4
2025-12-27T01:18:14.662Z cpu2:2100204)  CHECKPOINT_BUF               256               256                 0                 0
2025-12-27T01:18:14.662Z cpu2:2100204)      PSHARE_P2M                20                20                20                20
2025-12-27T01:18:14.662Z cpu2:2100204)            CBRC                 0                 0                 0                 0
2025-12-27T01:18:14.662Z cpu2:2100204)           FTCPT                 0                 0                 0                 0
2025-12-27T01:18:14.662Z cpu2:2100204)      ASYNCREMAP                 4                 4                 4                 4
2025-12-27T01:18:14.662Z cpu2:2100204)   VMMEMSERVICES                64                64                64                64
2025-12-27T01:18:14.662Z cpu2:2100204)FSR_UNSHARED_GBL                 0                 0                 0                 0
2025-12-27T01:18:14.662Z cpu2:2100204)----------------  ----------------  ----------------  ----------------  ----------------
2025-12-27T01:18:14.662Z cpu2:2100204)------------------------------  ------------  ------------  ------------  ------------  ------------
2025-12-27T01:18:14.662Z cpu2:2100204)                          name        min,KB        max,KB   minLimit,KB       eMin,KB   rMinPeak,KB
2025-12-27T01:18:14.662Z cpu2:2100204)------------------------------  ------------  ------------  ------------  ------------  ------------
2025-12-27T01:18:14.662Z cpu2:2100204)                    vm.2100203             0            -1            -1         82564         84248
2025-12-27T01:18:14.662Z cpu2:2100204)            worldGroup.2100203             0            -1            -1           612           612
2025-12-27T01:18:14.662Z cpu2:2100204)                    uw.2100203          9400            -1            -1          9400         11192
2025-12-27T01:18:14.662Z cpu2:2100204)               vsiHeap.2100203             0            -1            -1           136           136
2025-12-27T01:18:14.662Z cpu2:2100204)                    pt.2100203           352            -1            -1           724           724
2025-12-27T01:18:14.662Z cpu2:2100204)            cartelheap.2100203             0            -1            -1           296           296
2025-12-27T01:18:14.662Z cpu2:2100204)             uwshmempt.2100203             0            -1            -1             0             0
2025-12-27T01:18:14.662Z cpu2:2100204)      uwAsyncRemapHeap.2100203             0            -1            -1           136           136
2025-12-27T01:18:14.662Z cpu2:2100204)               uwCrypt.2100203          4096          4096          4096          4096          4096
2025-12-27T01:18:14.662Z cpu2:2100204)              uwregbmp.2100203             8            -1            -1             8             8
2025-12-27T01:18:14.662Z cpu2:2100204)                   vmm.2100203             0            -1            -1             0             0
2025-12-27T01:18:14.662Z cpu2:2100204)               vmmanon.2100203         65724            -1            -1         65724         65724
2025-12-27T01:18:14.662Z cpu2:2100204)                 vmcpt.2100204           656            -1            -1           656           656
2025-12-27T01:18:14.662Z cpu2:2100204)             vmmregbmp.2100203           640            -1            -1           640           640
2025-12-27T01:18:14.662Z cpu2:2100204)     vmmAsyncRemapHeap.2100203             0            -1            -1           136           136
2025-12-27T01:18:14.662Z cpu2:2100204)------------------------------  ------------  ------------  ------------  ------------  ------------
2025-12-27T01:18:17.491Z cpu17:2100072)Vmxnet3: 18624: indLROPktToGuest: 1, vcd->umkShared->vrrsSelected: 3 port 0x2000006
2025-12-27T01:18:17.491Z cpu17:2100072)Vmxnet3: 18865: Using default queue delivery for vmxnet3 for port 0x2000006
2025-12-27T01:18:17.491Z cpu17:2100072)NetPort: 1359: enabled port 0x2000006 with mac 00:50:56:87:af:26
2025-12-27T01:18:17.597Z cpu17:2100072)NetPort: 1580: disabled port 0x2000006
2025-12-27T01:18:17.598Z cpu17:2100072)Vmxnet3: 18624: indLROPktToGuest: 1, vcd->umkShared->vrrsSelected: 3 port 0x2000006
2025-12-27T01:18:17.598Z cpu17:2100072)Vmxnet3: 18865: Using default queue delivery for vmxnet3 for port 0x2000006
2025-12-27T01:18:17.598Z cpu17:2100072)NetPort: 1359: enabled port 0x2000006 with mac 00:50:56:87:af:26
2025-12-27T01:18:17.599Z cpu17:2100072)NetPort: 1580: disabled port 0x2000006
2025-12-27T01:18:17.631Z cpu17:2100072)Vmxnet3: 18624: indLROPktToGuest: 1, vcd->umkShared->vrrsSelected: 3 port 0x2000006
2025-12-27T01:18:17.631Z cpu17:2100072)Vmxnet3: 18865: Using default queue delivery for vmxnet3 for port 0x2000006
2025-12-27T01:18:17.631Z cpu17:2100072)NetPort: 1359: enabled port 0x2000006 with mac 00:50:56:87:af:26
2025-12-27T01:18:17.843Z cpu0:2100204)PVSCSI: 2612: Failed to issue sync i/o : Busy (btstat=0x0 sdstat=0x8)
2025-12-27T01:18:23.332Z cpu14:2099461 opID=f8b41682)World: 11950: VC opID esxui-c62c-99fd maps to vmkernel opID f8b41682
2025-12-27T01:18:23.332Z cpu14:2099461 opID=f8b41682)Config: 703: "SIOControlFlag2" = 1, Old Value: 0, (Status: 0x0)
2025-12-27T01:18:23.458Z cpu16:2100240)MemSched: vm 2100240: 5745: extended swap to 20480 pgs
2025-12-27T01:18:23.568Z cpu22:2100240)MemSched: vm 2100240: 5745: extended swap to 20992 pgs
2025-12-27T01:18:23.569Z cpu22:2100240)World: vm 2100241: 7083: Starting world vmm0:SGRL-VCSA01 of type 8
2025-12-27T01:18:23.569Z cpu22:2100240)Sched: vm 2100241: 6206: Adding world 'vmm0:SGRL-VCSA01', group 'host/user', cpu: shares=-3 min=0 minLimit=-1 max=-1, mem: shares=-3 min=0 minLimit=-1 max=-1
2025-12-27T01:18:23.569Z cpu22:2100240)Sched: vm 2100241: 6221: renamed group 14702 to vm.2100240
2025-12-27T01:18:23.569Z cpu22:2100240)Sched: vm 2100241: 6238: group 14702 is located under group 4
2025-12-27T01:18:24.410Z cpu16:2100240)VSCSI: 3877: handle 8196(vscsi0:0):Creating Virtual Device for world 2100241 (FSS handle 917962) numBlocks=25165824 (bs=512)
2025-12-27T01:18:24.411Z cpu16:2100240)VSCSI: 273: handle 8196(vscsi0:0):Input values: res=0 limit=-2 bw=-1 Shares=1000
2025-12-27T01:18:24.411Z cpu16:2100240)VSCSI: 3877: handle 8197(vscsi0:1):Creating Virtual Device for world 2100241 (FSS handle 1376698) numBlocks=3602432 (bs=512)
2025-12-27T01:18:24.411Z cpu16:2100240)VSCSI: 273: handle 8197(vscsi0:1):Input values: res=0 limit=-2 bw=-1 Shares=1000
2025-12-27T01:18:24.411Z cpu16:2100240)VSCSI: 3877: handle 8198(vscsi0:2):Creating Virtual Device for world 2100241 (FSS handle 1704381) numBlocks=52428800 (bs=512)
2025-12-27T01:18:24.411Z cpu16:2100240)VSCSI: 273: handle 8198(vscsi0:2):Input values: res=0 limit=-2 bw=-1 Shares=1000
2025-12-27T01:18:24.411Z cpu16:2100240)VSCSI: 3877: handle 8199(vscsi0:3):Creating Virtual Device for world 2100241 (FSS handle 1245631) numBlocks=52428800 (bs=512)
2025-12-27T01:18:24.411Z cpu16:2100240)VSCSI: 273: handle 8199(vscsi0:3):Input values: res=0 limit=-2 bw=-1 Shares=1000
2025-12-27T01:18:24.411Z cpu16:2100240)VSCSI: 3877: handle 8200(vscsi0:4):Creating Virtual Device for world 2100241 (FSS handle 1376685) numBlocks=20971520 (bs=512)
2025-12-27T01:18:24.411Z cpu16:2100240)VSCSI: 273: handle 8200(vscsi0:4):Input values: res=0 limit=-2 bw=-1 Shares=1000
2025-12-27T01:18:24.411Z cpu16:2100240)VSCSI: 3877: handle 8201(vscsi0:5):Creating Virtual Device for world 2100241 (FSS handle 2490814) numBlocks=20971520 (bs=512)
2025-12-27T01:18:24.411Z cpu16:2100240)VSCSI: 273: handle 8201(vscsi0:5):Input values: res=0 limit=-2 bw=-1 Shares=1000
2025-12-27T01:18:24.411Z cpu16:2100240)VSCSI: 3877: handle 8202(vscsi0:6):Creating Virtual Device for world 2100241 (FSS handle 852423) numBlocks=31457280 (bs=512)
2025-12-27T01:18:24.411Z cpu16:2100240)VSCSI: 273: handle 8202(vscsi0:6):Input values: res=0 limit=-2 bw=-1 Shares=1000
2025-12-27T01:18:24.411Z cpu16:2100240)VSCSI: 3877: handle 8203(vscsi0:8):Creating Virtual Device for world 2100241 (FSS handle 1180079) numBlocks=20971520 (bs=512)
2025-12-27T01:18:24.412Z cpu16:2100240)VSCSI: 273: handle 8203(vscsi0:8):Input values: res=0 limit=-2 bw=-1 Shares=1000
2025-12-27T01:18:24.412Z cpu16:2100240)VSCSI: 3877: handle 8204(vscsi0:9):Creating Virtual Device for world 2100241 (FSS handle 1245633) numBlocks=2097152 (bs=512)
2025-12-27T01:18:24.412Z cpu16:2100240)VSCSI: 273: handle 8204(vscsi0:9):Input values: res=0 limit=-2 bw=-1 Shares=1000
2025-12-27T01:18:24.412Z cpu16:2100240)VSCSI: 3877: handle 8205(vscsi0:10):Creating Virtual Device for world 2100241 (FSS handle 1049017) numBlocks=20971520 (bs=512)
2025-12-27T01:18:24.412Z cpu16:2100240)VSCSI: 273: handle 8205(vscsi0:10):Input values: res=0 limit=-2 bw=-1 Shares=1000
2025-12-27T01:18:24.412Z cpu16:2100240)VSCSI: 3877: handle 8206(vscsi0:11):Creating Virtual Device for world 2100241 (FSS handle 1180096) numBlocks=20971520 (bs=512)
2025-12-27T01:18:24.412Z cpu16:2100240)VSCSI: 273: handle 8206(vscsi0:11):Input values: res=0 limit=-2 bw=-1 Shares=1000
2025-12-27T01:18:24.412Z cpu16:2100240)VSCSI: 3877: handle 8207(vscsi0:12):Creating Virtual Device for world 2100241 (FSS handle 1114563) numBlocks=209715200 (bs=512)
2025-12-27T01:18:24.412Z cpu16:2100240)VSCSI: 273: handle 8207(vscsi0:12):Input values: res=0 limit=-2 bw=-1 Shares=1000
2025-12-27T01:18:24.412Z cpu16:2100240)VSCSI: 3877: handle 8208(vscsi0:13):Creating Virtual Device for world 2100241 (FSS handle 1049026) numBlocks=104857600 (bs=512)
2025-12-27T01:18:24.412Z cpu16:2100240)VSCSI: 273: handle 8208(vscsi0:13):Input values: res=0 limit=-2 bw=-1 Shares=1000
2025-12-27T01:18:24.474Z cpu12:2100241)LSI: 1781: LSI: Initialized rings for scsi0 async=1
2025-12-27T01:18:24.474Z cpu12:2100241)LSI: 1781: LSI: Initialized rings for scsi1 async=1
2025-12-27T01:18:24.475Z cpu12:2100392)Net: 2457: connected SGRL-VCSA01 eth0 to VM Network, portID 0x2000009
2025-12-27T01:18:24.479Z cpu16:2099440)Config: 703: "SIOControlFlag2" = 0, Old Value: 1, (Status: 0x0)
2025-12-27T01:18:24.484Z cpu23:2100241)----------------  ----------------  ----------------  ----------------  ----------------
2025-12-27T01:18:24.484Z cpu23:2100241)            name       reserved,KB   peakReserved,KB          alloc,KB      peakAlloc,KB
2025-12-27T01:18:24.484Z cpu23:2100241)----------------  ----------------  ----------------  ----------------  ----------------
2025-12-27T01:18:24.484Z cpu23:2100241)             VMM             44148             44148             15276             15276
2025-12-27T01:18:24.484Z cpu23:2100241)          PFRAME             20524             20524                44                44
2025-12-27T01:18:24.484Z cpu23:2100241)      SWAP_CACHE               512               512               512               512
2025-12-27T01:18:24.484Z cpu23:2100241)       CANDIDATE                 4                 4                 4                 4
2025-12-27T01:18:24.484Z cpu23:2100241)  CHECKPOINT_BUF               256               256                 0                 0
2025-12-27T01:18:24.484Z cpu23:2100241)      PSHARE_P2M                20                20                20                20
2025-12-27T01:18:24.484Z cpu23:2100241)            CBRC                 0                 0                 0                 0
2025-12-27T01:18:24.484Z cpu23:2100241)           FTCPT                 0                 0                 0                 0
2025-12-27T01:18:24.484Z cpu23:2100241)      ASYNCREMAP                 4                 4                 4                 4
2025-12-27T01:18:24.484Z cpu23:2100241)   VMMEMSERVICES                64                64                64                64
2025-12-27T01:18:24.484Z cpu23:2100241)FSR_UNSHARED_GBL                 0                 0                 0                 0
2025-12-27T01:18:24.484Z cpu23:2100241)----------------  ----------------  ----------------  ----------------  ----------------
2025-12-27T01:18:24.484Z cpu23:2100241)------------------------------  ------------  ------------  ------------  ------------  ------------
2025-12-27T01:18:24.484Z cpu23:2100241)                          name        min,KB        max,KB   minLimit,KB       eMin,KB   rMinPeak,KB
2025-12-27T01:18:24.484Z cpu23:2100241)------------------------------  ------------  ------------  ------------  ------------  ------------
2025-12-27T01:18:24.484Z cpu23:2100241)                    vm.2100240             0            -1            -1         81224         82620
2025-12-27T01:18:24.484Z cpu23:2100241)            worldGroup.2100240             0            -1            -1           896           896
2025-12-27T01:18:24.484Z cpu23:2100241)                    uw.2100240          7856            -1            -1          7856          9648
2025-12-27T01:18:24.484Z cpu23:2100241)               vsiHeap.2100240             0            -1            -1           136           136
2025-12-27T01:18:24.484Z cpu23:2100241)                    pt.2100240           336            -1            -1           836           836
2025-12-27T01:18:24.484Z cpu23:2100241)            cartelheap.2100240             0            -1            -1           296           296
2025-12-27T01:18:24.484Z cpu23:2100241)             uwshmempt.2100240             0            -1            -1             0             0
2025-12-27T01:18:24.484Z cpu23:2100241)      uwAsyncRemapHeap.2100240             0            -1            -1           136           136
2025-12-27T01:18:24.484Z cpu23:2100241)               uwCrypt.2100240          4096          4096          4096          4096          4096
2025-12-27T01:18:24.484Z cpu23:2100241)              uwregbmp.2100240             8            -1            -1             8             8
2025-12-27T01:18:24.484Z cpu23:2100241)                   vmm.2100240             0            -1            -1             0             0
2025-12-27T01:18:24.484Z cpu23:2100241)               vmmanon.2100240         65532            -1            -1         65532         65532
2025-12-27T01:18:24.484Z cpu23:2100241)                 vmcpt.2100241           656            -1            -1           656           656
2025-12-27T01:18:24.484Z cpu23:2100241)             vmmregbmp.2100240           640            -1            -1           640           640
2025-12-27T01:18:24.484Z cpu23:2100241)     vmmAsyncRemapHeap.2100240             0            -1            -1           136           136
2025-12-27T01:18:24.484Z cpu23:2100241)------------------------------  ------------  ------------  ------------  ------------  ------------
2025-12-27T01:18:25.119Z cpu12:2100241)VSCSI: 2685: handle 8196(vscsi0:0):Reset request on FSS handle 917962 (0 outstanding commands) from (vmm0:SGRL-VCSA01)
2025-12-27T01:18:25.119Z cpu3:2097485)VSCSI: 2970: handle 8196(vscsi0:0):Reset [Retries: 0/0] from (vmm0:SGRL-VCSA01)
2025-12-27T01:18:25.119Z cpu12:2100241)VSCSI: 2685: handle 8197(vscsi0:1):Reset request on FSS handle 1376698 (0 outstanding commands) from (vmm0:SGRL-VCSA01)
2025-12-27T01:18:25.119Z cpu12:2100241)VSCSI: 2685: handle 8198(vscsi0:2):Reset request on FSS handle 1704381 (0 outstanding commands) from (vmm0:SGRL-VCSA01)
2025-12-27T01:18:25.119Z cpu12:2100241)VSCSI: 2685: handle 8199(vscsi0:3):Reset request on FSS handle 1245631 (0 outstanding commands) from (vmm0:SGRL-VCSA01)
2025-12-27T01:18:25.119Z cpu12:2100241)VSCSI: 2685: handle 8200(vscsi0:4):Reset request on FSS handle 1376685 (0 outstanding commands) from (vmm0:SGRL-VCSA01)
2025-12-27T01:18:25.119Z cpu3:2097485)VSCSI: 2753: handle 8196(vscsi0:0):Completing reset (0 outstanding commands)
2025-12-27T01:18:25.119Z cpu12:2100241)VSCSI: 2685: handle 8201(vscsi0:5):Reset request on FSS handle 2490814 (0 outstanding commands) from (vmm0:SGRL-VCSA01)
2025-12-27T01:18:25.119Z cpu3:2097485)VSCSI: 2970: handle 8197(vscsi0:1):Reset [Retries: 0/0] from (vmm0:SGRL-VCSA01)
2025-12-27T01:18:25.119Z cpu12:2100241)VSCSI: 2685: handle 8202(vscsi0:6):Reset request on FSS handle 852423 (0 outstanding commands) from (vmm0:SGRL-VCSA01)
2025-12-27T01:18:25.119Z cpu12:2100241)VSCSI: 2685: handle 8203(vscsi0:8):Reset request on FSS handle 1180079 (0 outstanding commands) from (vmm0:SGRL-VCSA01)
2025-12-27T01:18:25.119Z cpu12:2100241)VSCSI: 2685: handle 8204(vscsi0:9):Reset request on FSS handle 1245633 (0 outstanding commands) from (vmm0:SGRL-VCSA01)
2025-12-27T01:18:25.119Z cpu3:2097485)VSCSI: 2753: handle 8197(vscsi0:1):Completing reset (0 outstanding commands)
2025-12-27T01:18:25.119Z cpu3:2097485)VSCSI: 2970: handle 8198(vscsi0:2):Reset [Retries: 0/0] from (vmm0:SGRL-VCSA01)
2025-12-27T01:18:25.119Z cpu12:2100241)VSCSI: 2685: handle 8205(vscsi0:10):Reset request on FSS handle 1049017 (0 outstanding commands) from (vmm0:SGRL-VCSA01)
2025-12-27T01:18:25.119Z cpu12:2100241)VSCSI: 2685: handle 8206(vscsi0:11):Reset request on FSS handle 1180096 (0 outstanding commands) from (vmm0:SGRL-VCSA01)
2025-12-27T01:18:25.119Z cpu3:2097485)VSCSI: 2753: handle 8198(vscsi0:2):Completing reset (0 outstanding commands)
2025-12-27T01:18:25.119Z cpu12:2100241)VSCSI: 2685: handle 8207(vscsi0:12):Reset request on FSS handle 1114563 (0 outstanding commands) from (vmm0:SGRL-VCSA01)
2025-12-27T01:18:25.119Z cpu3:2097485)VSCSI: 2970: handle 8199(vscsi0:3):Reset [Retries: 0/0] from (vmm0:SGRL-VCSA01)
2025-12-27T01:18:25.119Z cpu12:2100241)VSCSI: 2685: handle 8208(vscsi0:13):Reset request on FSS handle 1049026 (0 outstanding commands) from (vmm0:SGRL-VCSA01)
2025-12-27T01:18:25.119Z cpu3:2097485)VSCSI: 2753: handle 8199(vscsi0:3):Completing reset (0 outstanding commands)
2025-12-27T01:18:25.119Z cpu3:2097485)VSCSI: 2970: handle 8200(vscsi0:4):Reset [Retries: 0/0] from (vmm0:SGRL-VCSA01)
2025-12-27T01:18:25.119Z cpu3:2097485)VSCSI: 2753: handle 8200(vscsi0:4):Completing reset (0 outstanding commands)
2025-12-27T01:18:25.119Z cpu3:2097485)VSCSI: 2970: handle 8201(vscsi0:5):Reset [Retries: 0/0] from (vmm0:SGRL-VCSA01)
2025-12-27T01:18:25.119Z cpu3:2097485)VSCSI: 2753: handle 8201(vscsi0:5):Completing reset (0 outstanding commands)
2025-12-27T01:18:25.119Z cpu3:2097485)VSCSI: 2970: handle 8202(vscsi0:6):Reset [Retries: 0/0] from (vmm0:SGRL-VCSA01)
2025-12-27T01:18:25.119Z cpu3:2097485)VSCSI: 2753: handle 8202(vscsi0:6):Completing reset (0 outstanding commands)
2025-12-27T01:18:25.119Z cpu3:2097485)VSCSI: 2970: handle 8203(vscsi0:8):Reset [Retries: 0/0] from (vmm0:SGRL-VCSA01)
2025-12-27T01:18:25.119Z cpu3:2097485)VSCSI: 2753: handle 8203(vscsi0:8):Completing reset (0 outstanding commands)
2025-12-27T01:18:25.119Z cpu3:2097485)VSCSI: 2970: handle 8204(vscsi0:9):Reset [Retries: 0/0] from (vmm0:SGRL-VCSA01)
2025-12-27T01:18:25.119Z cpu3:2097485)VSCSI: 2753: handle 8204(vscsi0:9):Completing reset (0 outstanding commands)
2025-12-27T01:18:25.119Z cpu3:2097485)VSCSI: 2970: handle 8205(vscsi0:10):Reset [Retries: 0/0] from (vmm0:SGRL-VCSA01)
2025-12-27T01:18:25.119Z cpu3:2097485)VSCSI: 2753: handle 8205(vscsi0:10):Completing reset (0 outstanding commands)
2025-12-27T01:18:25.119Z cpu3:2097485)VSCSI: 2970: handle 8206(vscsi0:11):Reset [Retries: 0/0] from (vmm0:SGRL-VCSA01)
2025-12-27T01:18:25.119Z cpu3:2097485)VSCSI: 2753: handle 8206(vscsi0:11):Completing reset (0 outstanding commands)
2025-12-27T01:18:25.119Z cpu3:2097485)VSCSI: 2970: handle 8207(vscsi0:12):Reset [Retries: 0/0] from (vmm0:SGRL-VCSA01)
2025-12-27T01:18:25.119Z cpu3:2097485)VSCSI: 2753: handle 8207(vscsi0:12):Completing reset (0 outstanding commands)
2025-12-27T01:18:25.119Z cpu3:2097485)VSCSI: 2970: handle 8208(vscsi0:13):Reset [Retries: 0/0] from (vmm0:SGRL-VCSA01)
2025-12-27T01:18:25.119Z cpu3:2097485)VSCSI: 2753: handle 8208(vscsi0:13):Completing reset (0 outstanding commands)
2025-12-27T01:18:32.151Z cpu0:2099442 opID=20977644)World: 11950: VC opID esxui-6fb4-9a38 maps to vmkernel opID 20977644
2025-12-27T01:18:32.151Z cpu0:2099442 opID=20977644)Config: 703: "SIOControlFlag2" = 1, Old Value: 0, (Status: 0x0)
2025-12-27T01:18:32.340Z cpu2:2100403)MemSched: vm 2100403: 5745: extended swap to 20480 pgs
2025-12-27T01:18:32.429Z cpu0:2100403)MemSched: vm 2100403: 5745: extended swap to 20992 pgs
2025-12-27T01:18:32.430Z cpu0:2100403)World: vm 2100404: 7083: Starting world vmm0:OpenVPN of type 8
2025-12-27T01:18:32.430Z cpu0:2100403)Sched: vm 2100404: 6206: Adding world 'vmm0:OpenVPN', group 'host/user', cpu: shares=-3 min=0 minLimit=-1 max=-1, mem: shares=-3 min=0 minLimit=-1 max=-1
2025-12-27T01:18:32.430Z cpu0:2100403)Sched: vm 2100404: 6221: renamed group 15757 to vm.2100403
2025-12-27T01:18:32.430Z cpu0:2100403)Sched: vm 2100404: 6238: group 15757 is located under group 4
2025-12-27T01:18:33.989Z cpu19:2100241)VSCSI: 2685: handle 8196(vscsi0:0):Reset request on FSS handle 917962 (0 outstanding commands) from (vmm0:SGRL-VCSA01)
2025-12-27T01:18:33.989Z cpu19:2100241)VSCSI: 2685: handle 8197(vscsi0:1):Reset request on FSS handle 1376698 (0 outstanding commands) from (vmm0:SGRL-VCSA01)
2025-12-27T01:18:33.989Z cpu3:2097485)VSCSI: 2970: handle 8196(vscsi0:0):Reset [Retries: 0/0] from (vmm0:SGRL-VCSA01)
2025-12-27T01:18:33.989Z cpu19:2100241)VSCSI: 2685: handle 8198(vscsi0:2):Reset request on FSS handle 1704381 (0 outstanding commands) from (vmm0:SGRL-VCSA01)
2025-12-27T01:18:33.989Z cpu19:2100241)VSCSI: 2685: handle 8199(vscsi0:3):Reset request on FSS handle 1245631 (0 outstanding commands) from (vmm0:SGRL-VCSA01)
2025-12-27T01:18:33.989Z cpu19:2100241)VSCSI: 2685: handle 8200(vscsi0:4):Reset request on FSS handle 1376685 (0 outstanding commands) from (vmm0:SGRL-VCSA01)
2025-12-27T01:18:33.989Z cpu19:2100241)VSCSI: 2685: handle 8201(vscsi0:5):Reset request on FSS handle 2490814 (0 outstanding commands) from (vmm0:SGRL-VCSA01)
2025-12-27T01:18:33.989Z cpu19:2100241)VSCSI: 2685: handle 8202(vscsi0:6):Reset request on FSS handle 852423 (0 outstanding commands) from (vmm0:SGRL-VCSA01)
2025-12-27T01:18:33.989Z cpu3:2097485)VSCSI: 2753: handle 8196(vscsi0:0):Completing reset (0 outstanding commands)
2025-12-27T01:18:33.989Z cpu3:2097485)VSCSI: 2970: handle 8197(vscsi0:1):Reset [Retries: 0/0] from (vmm0:SGRL-VCSA01)
2025-12-27T01:18:33.989Z cpu19:2100241)VSCSI: 2685: handle 8203(vscsi0:8):Reset request on FSS handle 1180079 (0 outstanding commands) from (vmm0:SGRL-VCSA01)
2025-12-27T01:18:33.989Z cpu19:2100241)VSCSI: 2685: handle 8204(vscsi0:9):Reset request on FSS handle 1245633 (0 outstanding commands) from (vmm0:SGRL-VCSA01)
2025-12-27T01:18:33.989Z cpu3:2097485)VSCSI: 2753: handle 8197(vscsi0:1):Completing reset (0 outstanding commands)
2025-12-27T01:18:33.989Z cpu3:2097485)VSCSI: 2970: handle 8198(vscsi0:2):Reset [Retries: 0/0] from (vmm0:SGRL-VCSA01)
2025-12-27T01:18:33.989Z cpu19:2100241)VSCSI: 2685: handle 8205(vscsi0:10):Reset request on FSS handle 1049017 (0 outstanding commands) from (vmm0:SGRL-VCSA01)
2025-12-27T01:18:33.989Z cpu19:2100241)VSCSI: 2685: handle 8206(vscsi0:11):Reset request on FSS handle 1180096 (0 outstanding commands) from (vmm0:SGRL-VCSA01)
2025-12-27T01:18:33.989Z cpu3:2097485)VSCSI: 2753: handle 8198(vscsi0:2):Completing reset (0 outstanding commands)
2025-12-27T01:18:33.989Z cpu3:2097485)VSCSI: 2970: handle 8199(vscsi0:3):Reset [Retries: 0/0] from (vmm0:SGRL-VCSA01)
2025-12-27T01:18:33.989Z cpu19:2100241)VSCSI: 2685: handle 8207(vscsi0:12):Reset request on FSS handle 1114563 (0 outstanding commands) from (vmm0:SGRL-VCSA01)
2025-12-27T01:18:33.989Z cpu19:2100241)VSCSI: 2685: handle 8208(vscsi0:13):Reset request on FSS handle 1049026 (0 outstanding commands) from (vmm0:SGRL-VCSA01)
2025-12-27T01:18:33.989Z cpu3:2097485)VSCSI: 2753: handle 8199(vscsi0:3):Completing reset (0 outstanding commands)
2025-12-27T01:18:33.989Z cpu3:2097485)VSCSI: 2970: handle 8200(vscsi0:4):Reset [Retries: 0/0] from (vmm0:SGRL-VCSA01)
2025-12-27T01:18:33.989Z cpu3:2097485)VSCSI: 2753: handle 8200(vscsi0:4):Completing reset (0 outstanding commands)
2025-12-27T01:18:33.989Z cpu3:2097485)VSCSI: 2970: handle 8201(vscsi0:5):Reset [Retries: 0/0] from (vmm0:SGRL-VCSA01)
2025-12-27T01:18:33.989Z cpu3:2097485)VSCSI: 2753: handle 8201(vscsi0:5):Completing reset (0 outstanding commands)
2025-12-27T01:18:33.989Z cpu3:2097485)VSCSI: 2970: handle 8202(vscsi0:6):Reset [Retries: 0/0] from (vmm0:SGRL-VCSA01)
2025-12-27T01:18:33.989Z cpu3:2097485)VSCSI: 2753: handle 8202(vscsi0:6):Completing reset (0 outstanding commands)
2025-12-27T01:18:33.989Z cpu3:2097485)VSCSI: 2970: handle 8203(vscsi0:8):Reset [Retries: 0/0] from (vmm0:SGRL-VCSA01)
2025-12-27T01:18:33.989Z cpu3:2097485)VSCSI: 2753: handle 8203(vscsi0:8):Completing reset (0 outstanding commands)
2025-12-27T01:18:33.989Z cpu3:2097485)VSCSI: 2970: handle 8204(vscsi0:9):Reset [Retries: 0/0] from (vmm0:SGRL-VCSA01)
2025-12-27T01:18:33.989Z cpu3:2097485)VSCSI: 2753: handle 8204(vscsi0:9):Completing reset (0 outstanding commands)
2025-12-27T01:18:33.989Z cpu3:2097485)VSCSI: 2970: handle 8205(vscsi0:10):Reset [Retries: 0/0] from (vmm0:SGRL-VCSA01)
2025-12-27T01:18:33.989Z cpu3:2097485)VSCSI: 2753: handle 8205(vscsi0:10):Completing reset (0 outstanding commands)
2025-12-27T01:18:33.989Z cpu3:2097485)VSCSI: 2970: handle 8206(vscsi0:11):Reset [Retries: 0/0] from (vmm0:SGRL-VCSA01)
2025-12-27T01:18:33.989Z cpu3:2097485)VSCSI: 2753: handle 8206(vscsi0:11):Completing reset (0 outstanding commands)
2025-12-27T01:18:33.989Z cpu3:2097485)VSCSI: 2970: handle 8207(vscsi0:12):Reset [Retries: 0/0] from (vmm0:SGRL-VCSA01)
2025-12-27T01:18:33.989Z cpu3:2097485)VSCSI: 2753: handle 8207(vscsi0:12):Completing reset (0 outstanding commands)
2025-12-27T01:18:33.989Z cpu3:2097485)VSCSI: 2970: handle 8208(vscsi0:13):Reset [Retries: 0/0] from (vmm0:SGRL-VCSA01)
2025-12-27T01:18:33.989Z cpu3:2097485)VSCSI: 2753: handle 8208(vscsi0:13):Completing reset (0 outstanding commands)
2025-12-27T01:18:34.323Z cpu0:2100403)VSCSI: 3877: handle 8209(vscsi0:0):Creating Virtual Device for world 2100404 (FSS handle 2949635) numBlocks=314572800 (bs=512)
2025-12-27T01:18:34.323Z cpu0:2100403)VSCSI: 273: handle 8209(vscsi0:0):Input values: res=0 limit=-2 bw=-1 Shares=1000
2025-12-27T01:18:34.324Z cpu12:2100241)VSCSI: 2685: handle 8196(vscsi0:0):Reset request on FSS handle 917962 (0 outstanding commands) from (vmm0:SGRL-VCSA01)
2025-12-27T01:18:34.324Z cpu12:2100241)VSCSI: 2685: handle 8197(vscsi0:1):Reset request on FSS handle 1376698 (0 outstanding commands) from (vmm0:SGRL-VCSA01)
2025-12-27T01:18:34.324Z cpu3:2097485)VSCSI: 2970: handle 8196(vscsi0:0):Reset [Retries: 0/0] from (vmm0:SGRL-VCSA01)
2025-12-27T01:18:34.324Z cpu12:2100241)VSCSI: 2685: handle 8198(vscsi0:2):Reset request on FSS handle 1704381 (0 outstanding commands) from (vmm0:SGRL-VCSA01)
2025-12-27T01:18:34.324Z cpu12:2100241)VSCSI: 2685: handle 8199(vscsi0:3):Reset request on FSS handle 1245631 (0 outstanding commands) from (vmm0:SGRL-VCSA01)
2025-12-27T01:18:34.324Z cpu12:2100241)VSCSI: 2685: handle 8200(vscsi0:4):Reset request on FSS handle 1376685 (0 outstanding commands) from (vmm0:SGRL-VCSA01)
2025-12-27T01:18:34.324Z cpu3:2097485)VSCSI: 2753: handle 8196(vscsi0:0):Completing reset (0 outstanding commands)
2025-12-27T01:18:34.324Z cpu3:2097485)VSCSI: 2970: handle 8197(vscsi0:1):Reset [Retries: 0/0] from (vmm0:SGRL-VCSA01)
2025-12-27T01:18:34.324Z cpu12:2100241)VSCSI: 2685: handle 8201(vscsi0:5):Reset request on FSS handle 2490814 (0 outstanding commands) from (vmm0:SGRL-VCSA01)
2025-12-27T01:18:34.324Z cpu12:2100241)VSCSI: 2685: handle 8202(vscsi0:6):Reset request on FSS handle 852423 (0 outstanding commands) from (vmm0:SGRL-VCSA01)
2025-12-27T01:18:34.324Z cpu3:2097485)VSCSI: 2753: handle 8197(vscsi0:1):Completing reset (0 outstanding commands)
2025-12-27T01:18:34.324Z cpu3:2097485)VSCSI: 2970: handle 8198(vscsi0:2):Reset [Retries: 0/0] from (vmm0:SGRL-VCSA01)
2025-12-27T01:18:34.324Z cpu12:2100241)VSCSI: 2685: handle 8203(vscsi0:8):Reset request on FSS handle 1180079 (0 outstanding commands) from (vmm0:SGRL-VCSA01)
2025-12-27T01:18:34.324Z cpu12:2100241)VSCSI: 2685: handle 8204(vscsi0:9):Reset request on FSS handle 1245633 (0 outstanding commands) from (vmm0:SGRL-VCSA01)
2025-12-27T01:18:34.324Z cpu3:2097485)VSCSI: 2753: handle 8198(vscsi0:2):Completing reset (0 outstanding commands)
2025-12-27T01:18:34.324Z cpu3:2097485)VSCSI: 2970: handle 8199(vscsi0:3):Reset [Retries: 0/0] from (vmm0:SGRL-VCSA01)
2025-12-27T01:18:34.324Z cpu12:2100241)VSCSI: 2685: handle 8205(vscsi0:10):Reset request on FSS handle 1049017 (0 outstanding commands) from (vmm0:SGRL-VCSA01)
2025-12-27T01:18:34.324Z cpu3:2097485)VSCSI: 2753: handle 8199(vscsi0:3):Completing reset (0 outstanding commands)
2025-12-27T01:18:34.324Z cpu3:2097485)VSCSI: 2970: handle 8200(vscsi0:4):Reset [Retries: 0/0] from (vmm0:SGRL-VCSA01)
2025-12-27T01:18:34.324Z cpu12:2100241)VSCSI: 2685: handle 8206(vscsi0:11):Reset request on FSS handle 1180096 (0 outstanding commands) from (vmm0:SGRL-VCSA01)
2025-12-27T01:18:34.324Z cpu12:2100241)VSCSI: 2685: handle 8207(vscsi0:12):Reset request on FSS handle 1114563 (0 outstanding commands) from (vmm0:SGRL-VCSA01)
2025-12-27T01:18:34.324Z cpu3:2097485)VSCSI: 2753: handle 8200(vscsi0:4):Completing reset (0 outstanding commands)
2025-12-27T01:18:34.324Z cpu3:2097485)VSCSI: 2970: handle 8201(vscsi0:5):Reset [Retries: 0/0] from (vmm0:SGRL-VCSA01)
2025-12-27T01:18:34.324Z cpu12:2100241)VSCSI: 2685: handle 8208(vscsi0:13):Reset request on FSS handle 1049026 (0 outstanding commands) from (vmm0:SGRL-VCSA01)
2025-12-27T01:18:34.324Z cpu3:2097485)VSCSI: 2753: handle 8201(vscsi0:5):Completing reset (0 outstanding commands)
2025-12-27T01:18:34.324Z cpu3:2097485)VSCSI: 2970: handle 8202(vscsi0:6):Reset [Retries: 0/0] from (vmm0:SGRL-VCSA01)
2025-12-27T01:18:34.324Z cpu3:2097485)VSCSI: 2753: handle 8202(vscsi0:6):Completing reset (0 outstanding commands)
2025-12-27T01:18:34.324Z cpu3:2097485)VSCSI: 2970: handle 8203(vscsi0:8):Reset [Retries: 0/0] from (vmm0:SGRL-VCSA01)
2025-12-27T01:18:34.324Z cpu3:2097485)VSCSI: 2753: handle 8203(vscsi0:8):Completing reset (0 outstanding commands)
2025-12-27T01:18:34.324Z cpu3:2097485)VSCSI: 2970: handle 8204(vscsi0:9):Reset [Retries: 0/0] from (vmm0:SGRL-VCSA01)
2025-12-27T01:18:34.324Z cpu3:2097485)VSCSI: 2753: handle 8204(vscsi0:9):Completing reset (0 outstanding commands)
2025-12-27T01:18:34.324Z cpu3:2097485)VSCSI: 2970: handle 8205(vscsi0:10):Reset [Retries: 0/0] from (vmm0:SGRL-VCSA01)
2025-12-27T01:18:34.324Z cpu3:2097485)VSCSI: 2753: handle 8205(vscsi0:10):Completing reset (0 outstanding commands)
2025-12-27T01:18:34.324Z cpu3:2097485)VSCSI: 2970: handle 8206(vscsi0:11):Reset [Retries: 0/0] from (vmm0:SGRL-VCSA01)
2025-12-27T01:18:34.324Z cpu3:2097485)VSCSI: 2753: handle 8206(vscsi0:11):Completing reset (0 outstanding commands)
2025-12-27T01:18:34.324Z cpu3:2097485)VSCSI: 2970: handle 8207(vscsi0:12):Reset [Retries: 0/0] from (vmm0:SGRL-VCSA01)
2025-12-27T01:18:34.324Z cpu3:2097485)VSCSI: 2753: handle 8207(vscsi0:12):Completing reset (0 outstanding commands)
2025-12-27T01:18:34.324Z cpu3:2097485)VSCSI: 2970: handle 8208(vscsi0:13):Reset [Retries: 0/0] from (vmm0:SGRL-VCSA01)
2025-12-27T01:18:34.324Z cpu3:2097485)VSCSI: 2753: handle 8208(vscsi0:13):Completing reset (0 outstanding commands)
2025-12-27T01:18:34.382Z cpu2:2100404)LSI: 1781: LSI: Initialized rings for scsi0 async=1
2025-12-27T01:18:34.385Z cpu2:2100413)Net: 2457: connected OpenVPN eth0 to VM Network, portID 0x200000a
2025-12-27T01:18:34.387Z cpu13:2098974)Config: 703: "SIOControlFlag2" = 0, Old Value: 1, (Status: 0x0)
2025-12-27T01:18:34.389Z cpu2:2100404)----------------  ----------------  ----------------  ----------------  ----------------
2025-12-27T01:18:34.389Z cpu2:2100404)            name       reserved,KB   peakReserved,KB          alloc,KB      peakAlloc,KB
2025-12-27T01:18:34.389Z cpu2:2100404)----------------  ----------------  ----------------  ----------------  ----------------
2025-12-27T01:18:34.389Z cpu2:2100404)             VMM             22572             22572              9000              9000
2025-12-27T01:18:34.389Z cpu2:2100404)          PFRAME              8212              8212                20                20
2025-12-27T01:18:34.389Z cpu2:2100404)      SWAP_CACHE               512               512               512               512
2025-12-27T01:18:34.389Z cpu2:2100404)       CANDIDATE                 4                 4                 4                 4
2025-12-27T01:18:34.389Z cpu2:2100404)  CHECKPOINT_BUF               256               256                 0                 0
2025-12-27T01:18:34.389Z cpu2:2100404)      PSHARE_P2M                20                20                20                20
2025-12-27T01:18:34.389Z cpu2:2100404)            CBRC                 0                 0                 0                 0
2025-12-27T01:18:34.389Z cpu2:2100404)           FTCPT                 0                 0                 0                 0
2025-12-27T01:18:34.389Z cpu2:2100404)      ASYNCREMAP                 4                 4                 4                 4
2025-12-27T01:18:34.389Z cpu2:2100404)   VMMEMSERVICES                64                64                64                64
2025-12-27T01:18:34.389Z cpu2:2100404)FSR_UNSHARED_GBL                 0                 0                 0                 0
2025-12-27T01:18:34.389Z cpu2:2100404)----------------  ----------------  ----------------  ----------------  ----------------
2025-12-27T01:18:34.389Z cpu2:2100404)------------------------------  ------------  ------------  ------------  ------------  ------------
2025-12-27T01:18:34.389Z cpu2:2100404)                          name        min,KB        max,KB   minLimit,KB       eMin,KB   rMinPeak,KB
2025-12-27T01:18:34.389Z cpu2:2100404)------------------------------  ------------  ------------  ------------  ------------  ------------
2025-12-27T01:18:34.389Z cpu2:2100404)                    vm.2100403             0            -1            -1         45972         47672
2025-12-27T01:18:34.389Z cpu2:2100404)            worldGroup.2100403             0            -1            -1           612           612
2025-12-27T01:18:34.389Z cpu2:2100404)                    uw.2100403          7688            -1            -1          7688          9480
2025-12-27T01:18:34.389Z cpu2:2100404)               vsiHeap.2100403             0            -1            -1           136           136
2025-12-27T01:18:34.389Z cpu2:2100404)                    pt.2100403           336            -1            -1           692           692
2025-12-27T01:18:34.389Z cpu2:2100404)            cartelheap.2100403             0            -1            -1           296           296
2025-12-27T01:18:34.389Z cpu2:2100404)             uwshmempt.2100403             0            -1            -1             0             0
2025-12-27T01:18:34.389Z cpu2:2100404)      uwAsyncRemapHeap.2100403             0            -1            -1           136           136
2025-12-27T01:18:34.389Z cpu2:2100404)               uwCrypt.2100403          4096          4096          4096          4096          4096
2025-12-27T01:18:34.389Z cpu2:2100404)              uwregbmp.2100403             8            -1            -1             8             8
2025-12-27T01:18:34.389Z cpu2:2100404)                   vmm.2100403             0            -1            -1             0             0
2025-12-27T01:18:34.389Z cpu2:2100404)               vmmanon.2100403         31644            -1            -1         31644         31644
2025-12-27T01:18:34.389Z cpu2:2100404)                 vmcpt.2100404           272            -1            -1           272           272
2025-12-27T01:18:34.389Z cpu2:2100404)             vmmregbmp.2100403           256            -1            -1           256           256
2025-12-27T01:18:34.389Z cpu2:2100404)     vmmAsyncRemapHeap.2100403             0            -1            -1           136           136
2025-12-27T01:18:34.389Z cpu2:2100404)------------------------------  ------------  ------------  ------------  ------------  ------------
2025-12-27T01:18:35.034Z cpu7:2100404)VSCSI: 2685: handle 8209(vscsi0:0):Reset request on FSS handle 2949635 (0 outstanding commands) from (vmm0:OpenVPN)
2025-12-27T01:18:35.034Z cpu3:2097485)VSCSI: 2970: handle 8209(vscsi0:0):Reset [Retries: 0/0] from (vmm0:OpenVPN)
2025-12-27T01:18:35.034Z cpu3:2097485)VSCSI: 2753: handle 8209(vscsi0:0):Completing reset (0 outstanding commands)
2025-12-27T01:18:44.899Z cpu16:2100395)Vmxnet3: 18624: indLROPktToGuest: 0, vcd->umkShared->vrrsSelected: 1 port 0x2000009
2025-12-27T01:18:44.899Z cpu16:2100395)Vmxnet3: 18865: Using default queue delivery for vmxnet3 for port 0x2000009
2025-12-27T01:18:44.899Z cpu16:2100395)NetPort: 1359: enabled port 0x2000009 with mac 00:0c:29:09:c0:d9
2025-12-27T01:18:49.189Z cpu5:2100404)VSCSI: 2685: handle 8209(vscsi0:0):Reset request on FSS handle 2949635 (0 outstanding commands) from (vmm0:OpenVPN)
2025-12-27T01:18:49.189Z cpu6:2097485)VSCSI: 2970: handle 8209(vscsi0:0):Reset [Retries: 0/0] from (vmm0:OpenVPN)
2025-12-27T01:18:49.189Z cpu6:2097485)VSCSI: 2753: handle 8209(vscsi0:0):Completing reset (0 outstanding commands)
2025-12-27T01:18:49.336Z cpu5:2100404)VSCSI: 2685: handle 8209(vscsi0:0):Reset request on FSS handle 2949635 (0 outstanding commands) from (vmm0:OpenVPN)
2025-12-27T01:18:49.336Z cpu6:2097485)VSCSI: 2970: handle 8209(vscsi0:0):Reset [Retries: 0/0] from (vmm0:OpenVPN)
2025-12-27T01:18:49.336Z cpu6:2097485)VSCSI: 2753: handle 8209(vscsi0:0):Completing reset (0 outstanding commands)
2025-12-27T01:18:59.590Z cpu12:2100392)NetPort: 1580: disabled port 0x2000009
2025-12-27T01:18:59.598Z cpu12:2100392)Vmxnet3: 18624: indLROPktToGuest: 0, vcd->umkShared->vrrsSelected: 1 port 0x2000009
2025-12-27T01:18:59.598Z cpu12:2100392)Vmxnet3: 18865: Using default queue delivery for vmxnet3 for port 0x2000009
2025-12-27T01:18:59.598Z cpu12:2100392)NetPort: 1359: enabled port 0x2000009 with mac 00:0c:29:09:c0:d9
2025-12-27T01:19:10.331Z cpu11:2100415)Vmxnet3: 18624: indLROPktToGuest: 1, vcd->umkShared->vrrsSelected: 5 port 0x200000a
2025-12-27T01:19:10.331Z cpu11:2100415)Vmxnet3: 18865: Using default queue delivery for vmxnet3 for port 0x200000a
2025-12-27T01:19:10.331Z cpu11:2100415)NetPort: 1359: enabled port 0x200000a with mac 00:50:56:87:38:35
2025-12-27T01:19:36.542Z cpu11:2097890)ScsiDeviceIO: 3470: Cmd(0x459aaa9fc9c0) 0x1a, CmdSN 0x83a from world 0 to dev "naa.600605b004213bc001e293503af49afb" failed H:0x0 D:0x2 P:0x0 Valid sense data: 0x5 0x24 0x0.
2025-12-27T01:23:08.360Z cpu19:2099461 opID=dd19ca5e)World: 11950: VC opID HB-SpecSync-host-12@0-28a522b2-de-9c34 maps to vmkernel opID dd19ca5e
2025-12-27T01:23:08.360Z cpu19:2099461 opID=dd19ca5e)Config: 703: "HostLocalSwapDirEnabled" = 0, Old Value: 0, (Status: 0x0)
2025-12-27T01:23:53.653Z cpu19:2097877)DVFilter: 6068: Checking disconnected filters for timeouts
2025-12-27T01:24:49.538Z cpu15:2097891)ScsiDeviceIO: 3470: Cmd(0x45baa7e40f00) 0x1a, CmdSN 0x979 from world 0 to dev "naa.600605b004213bc001e293503af49afb" failed H:0x0 D:0x2 P:0x0 Valid sense data: 0x5 0x24 0x0.
2025-12-27T01:29:11.393Z cpu22:2100065)VSCSIFs: 4068: handle 8193(vscsi0:0):Invalid Opcode (0x4d) from (vmm0:SGRL-ADC001)
2025-12-27T01:29:25.253Z cpu8:2100208)VSCSIFs: 4068: handle 8194(vscsi0:0):Invalid Opcode (0x4d) from (vmm0:SGRL-JMP001)
2025-12-27T01:29:25.253Z cpu8:2100208)VSCSIFs: 4068: handle 8195(vscsi0:1):Invalid Opcode (0x4d) from (vmm0:SGRL-JMP001)
2025-12-27T01:32:06.459Z cpu11:2097890)ScsiDeviceIO: 3470: Cmd(0x459a80f97d40) 0x1a, CmdSN 0x9fe from world 0 to dev "naa.600605b004213bc001e293503af49afb" failed H:0x0 D:0x2 P:0x0 Valid sense data: 0x5 0x24 0x0.
2025-12-27T01:33:53.653Z cpu2:2097877)DVFilter: 6068: Checking disconnected filters for timeouts
2025-12-27T01:38:47.951Z cpu19:2097891)ScsiDeviceIO: 3470: Cmd(0x45ba8093fbc0) 0x1a, CmdSN 0xd59 from world 0 to dev "naa.600605b004213bc001e293503af49afb" failed H:0x0 D:0x2 P:0x0 Valid sense data: 0x5 0x24 0x0.
2025-12-27T01:43:53.653Z cpu8:2097877)DVFilter: 6068: Checking disconnected filters for timeouts
2025-12-27T01:43:54.664Z cpu14:2097891)ScsiDeviceIO: 3470: Cmd(0x45baa7e8ca40) 0x1a, CmdSN 0xf59 from world 0 to dev "naa.600605b004213bc001e293503af49afb" failed H:0x0 D:0x2 P:0x0 Valid sense data: 0x5 0x24 0x0.
2025-12-27T01:44:35.961Z cpu10:2097484)<6>megasas_service_aen[4]: aen received
2025-12-27T01:44:35.961Z cpu1:2097762)<6>megasas_hotplug_work[4]: event code 0x00f2
2025-12-27T01:44:36.147Z cpu1:2097762)<6>megasas_hotplug_work[4]: aen registered
2025-12-27T01:47:52.175Z cpu16:2097891)ScsiDeviceIO: 3470: Cmd(0x45ba809d0580) 0x1a, CmdSN 0x1000 from world 0 to dev "naa.600605b004213bc001e293503af49afb" failed H:0x0 D:0x2 P:0x0 Valid sense data: 0x5 0x24 0x0.
2025-12-27T01:53:48.403Z cpu10:2097890)ScsiDeviceIO: 3470: Cmd(0x459a80e1e040) 0x1a, CmdSN 0x1065 from world 0 to dev "naa.600605b004213bc001e293503af49afb" failed H:0x0 D:0x2 P:0x0 Valid sense data: 0x5 0x24 0x0.
2025-12-27T01:53:53.653Z cpu2:2097877)DVFilter: 6068: Checking disconnected filters for timeouts
2025-12-27T01:55:51.970Z cpu10:2098902)<6>megasas_service_aen[4]: aen received
2025-12-27T01:55:51.970Z cpu13:2097762)<6>megasas_hotplug_work[4]: event code 0x005e
2025-12-27T01:55:51.979Z cpu13:2097762)<6>megasas_hotplug_work[4]: aen registered
2025-12-27T01:57:24.862Z cpu10:2097766)<6>megasas_service_aen[4]: aen received
2025-12-27T01:57:24.862Z cpu15:2097762)<6>megasas_hotplug_work[4]: event code 0x005e
2025-12-27T01:57:24.872Z cpu15:2097762)<6>megasas_hotplug_work[4]: aen registered
2025-12-27T01:58:54.992Z cpu10:2097890)ScsiDeviceIO: 3470: Cmd(0x459aaa89c940) 0x1a, CmdSN 0x10cb from world 0 to dev "naa.600605b004213bc001e293503af49afb" failed H:0x0 D:0x2 P:0x0 Valid sense data: 0x5 0x24 0x0.
2025-12-27T02:01:26.678Z cpu10:2099348)<6>megasas_service_aen[4]: aen received
2025-12-27T02:01:26.678Z cpu17:2097762)<6>megasas_hotplug_work[4]: event code 0x005e
2025-12-27T02:01:26.687Z cpu17:2097762)<6>megasas_hotplug_work[4]: aen registered
2025-12-27T02:02:00.590Z cpu10:2097852)<6>megasas_service_aen[4]: aen received
2025-12-27T02:02:00.590Z cpu12:2097762)<6>megasas_hotplug_work[4]: event code 0x005e
2025-12-27T02:02:00.599Z cpu12:2097762)<6>megasas_hotplug_work[4]: aen registered
2025-12-27T02:02:09.036Z cpu10:2097852)<6>megasas_service_aen[4]: aen received
2025-12-27T02:02:09.036Z cpu12:2097762)<6>megasas_hotplug_work[4]: event code 0x005e
2025-12-27T02:02:09.045Z cpu12:2097762)<6>megasas_hotplug_work[4]: aen registered
2025-12-27T02:03:53.653Z cpu2:2097877)DVFilter: 6068: Checking disconnected filters for timeouts
2025-12-27T02:06:34.383Z cpu10:2097484)<6>megasas_service_aen[4]: aen received
2025-12-27T02:06:34.383Z cpu12:2097762)<6>megasas_hotplug_work[4]: event code 0x005e
2025-12-27T02:06:34.393Z cpu12:2097762)<6>megasas_hotplug_work[4]: aen registered
2025-12-27T02:06:57.509Z cpu15:2097891)ScsiDeviceIO: 3470: Cmd(0x45baa7e51d00) 0x1a, CmdSN 0x1178 from world 0 to dev "naa.600605b004213bc001e293503af49afb" failed H:0x0 D:0x2 P:0x0 Valid sense data: 0x5 0x24 0x0.
2025-12-27T02:12:07.086Z cpu22:2097891)ScsiDeviceIO: 3470: Cmd(0x45baa7f66600) 0x1a, CmdSN 0x11dd from world 0 to dev "naa.600605b004213bc001e293503af49afb" failed H:0x0 D:0x2 P:0x0 Valid sense data: 0x5 0x24 0x0.
2025-12-27T02:13:53.653Z cpu6:2097877)DVFilter: 6068: Checking disconnected filters for timeouts
2025-12-27T02:15:43.199Z cpu10:2099917)<6>megasas_service_aen[4]: aen received
2025-12-27T02:15:43.199Z cpu12:2097762)<6>megasas_hotplug_work[4]: event code 0x005e
2025-12-27T02:15:43.209Z cpu12:2097762)<6>megasas_hotplug_work[4]: aen registered
2025-12-27T02:16:57.744Z cpu13:2097891)ScsiDeviceIO: 3470: Cmd(0x45ba808f00c0) 0x1a, CmdSN 0x1229 from world 0 to dev "naa.600605b004213bc001e293503af49afb" failed H:0x0 D:0x2 P:0x0 Valid sense data: 0x5 0x24 0x0.
2025-12-27T02:17:28.831Z cpu10:2100411)<6>megasas_service_aen[4]: aen received
2025-12-27T02:17:28.831Z cpu12:2097762)<6>megasas_hotplug_work[4]: event code 0x005e
2025-12-27T02:17:28.840Z cpu12:2097762)<6>megasas_hotplug_work[4]: aen registered
2025-12-27T02:22:07.287Z cpu10:2097890)ScsiDeviceIO: 3470: Cmd(0x459aaa928080) 0x1a, CmdSN 0x12cc from world 0 to dev "naa.600605b004213bc001e293503af49afb" failed H:0x0 D:0x2 P:0x0 Valid sense data: 0x5 0x24 0x0.
2025-12-27T02:23:53.653Z cpu0:2097877)DVFilter: 6068: Checking disconnected filters for timeouts
2025-12-27T02:23:54.096Z cpu0:2099443 opID=909337c2)World: 11950: VC opID mjnvfelz-253-auto-72-h5:70000143-bf-01-01-63-a993 maps to vmkernel opID 909337c2
2025-12-27T02:23:54.096Z cpu0:2099443 opID=909337c2)Config: 703: "SIOControlFlag2" = 1, Old Value: 0, (Status: 0x0)
2025-12-27T02:23:54.247Z cpu1:2101713)MemSched: vm 2101713: 5745: extended swap to 20480 pgs
2025-12-27T02:23:54.339Z cpu9:2101713)MemSched: vm 2101713: 5745: extended swap to 20992 pgs
2025-12-27T02:23:54.340Z cpu9:2101713)World: vm 2101715: 7083: Starting world vmm0:SGRL-ANS001 of type 8
2025-12-27T02:23:54.340Z cpu9:2101713)Sched: vm 2101715: 6206: Adding world 'vmm0:SGRL-ANS001', group 'host/user', cpu: shares=-3 min=0 minLimit=-1 max=-1, mem: shares=-3 min=0 minLimit=-1 max=-1
2025-12-27T02:23:54.340Z cpu9:2101713)Sched: vm 2101715: 6221: renamed group 19580 to vm.2101713
2025-12-27T02:23:54.340Z cpu9:2101713)Sched: vm 2101715: 6238: group 19580 is located under group 4
2025-12-27T02:23:55.006Z cpu9:2101713)VSCSI: 3877: handle 8210(vscsi0:0):Creating Virtual Device for world 2101715 (FSS handle 1639500) numBlocks=314572800 (bs=512)
2025-12-27T02:23:55.006Z cpu9:2101713)VSCSI: 273: handle 8210(vscsi0:0):Input values: res=0 limit=-2 bw=-1 Shares=1000
2025-12-27T02:23:55.089Z cpu12:2101715)PVSCSI: 3462: scsi0: ioWorld=1 intrCoalescingMode=2 flags=0x1f
2025-12-27T02:23:55.093Z cpu12:2101724)Net: 2457: connected SGRL-ANS001 eth0 to 172.10.0.0/24_MGMT, portID 0x200000b
2025-12-27T02:23:55.095Z cpu17:2099460)Config: 703: "SIOControlFlag2" = 0, Old Value: 1, (Status: 0x0)
2025-12-27T02:23:55.102Z cpu23:2101715)----------------  ----------------  ----------------  ----------------  ----------------
2025-12-27T02:23:55.102Z cpu23:2101715)            name       reserved,KB   peakReserved,KB          alloc,KB      peakAlloc,KB
2025-12-27T02:23:55.102Z cpu23:2101715)----------------  ----------------  ----------------  ----------------  ----------------
2025-12-27T02:23:55.102Z cpu23:2101715)             VMM             66016             66016             21656             21656
2025-12-27T02:23:55.102Z cpu23:2101715)          PFRAME             32836             32836                68                68
2025-12-27T02:23:55.102Z cpu23:2101715)      SWAP_CACHE               512               512               512               512
2025-12-27T02:23:55.102Z cpu23:2101715)       CANDIDATE                 4                 4                 4                 4
2025-12-27T02:23:55.102Z cpu23:2101715)  CHECKPOINT_BUF               256               256                 0                 0
2025-12-27T02:23:55.102Z cpu23:2101715)      PSHARE_P2M                20                20                20                20
2025-12-27T02:23:55.102Z cpu23:2101715)            CBRC                 0                 0                 0                 0
2025-12-27T02:23:55.102Z cpu23:2101715)           FTCPT                 0                 0                 0                 0
2025-12-27T02:23:55.102Z cpu23:2101715)      ASYNCREMAP                 4                 4                 4                 4
2025-12-27T02:23:55.102Z cpu23:2101715)   VMMEMSERVICES                64                64                64                64
2025-12-27T02:23:55.102Z cpu23:2101715)FSR_UNSHARED_GBL                 0                 0                 0                 0
2025-12-27T02:23:55.102Z cpu23:2101715)----------------  ----------------  ----------------  ----------------  ----------------
2025-12-27T02:23:55.102Z cpu23:2101715)------------------------------  ------------  ------------  ------------  ------------  ------------
2025-12-27T02:23:55.102Z cpu23:2101715)                          name        min,KB        max,KB   minLimit,KB       eMin,KB   rMinPeak,KB
2025-12-27T02:23:55.102Z cpu23:2101715)------------------------------  ------------  ------------  ------------  ------------  ------------
2025-12-27T02:23:55.102Z cpu23:2101715)                    vm.2101713             0            -1            -1        121636        123380
2025-12-27T02:23:55.102Z cpu23:2101715)            worldGroup.2101713             0            -1            -1           612           612
2025-12-27T02:23:55.102Z cpu23:2101715)                    uw.2101713         13744            -1            -1         13744         15536
2025-12-27T02:23:55.102Z cpu23:2101715)               vsiHeap.2101713             0            -1            -1           136           136
2025-12-27T02:23:55.102Z cpu23:2101715)                    pt.2101713           384            -1            -1           696           696
2025-12-27T02:23:55.102Z cpu23:2101715)            cartelheap.2101713             0            -1            -1           296           296
2025-12-27T02:23:55.102Z cpu23:2101715)             uwshmempt.2101713             0            -1            -1             0             0
2025-12-27T02:23:55.102Z cpu23:2101715)      uwAsyncRemapHeap.2101713             0            -1            -1           136           136
2025-12-27T02:23:55.102Z cpu23:2101715)               uwCrypt.2101713          4096          4096          4096          4096          4096
2025-12-27T02:23:55.102Z cpu23:2101715)              uwregbmp.2101713             8            -1            -1             8             8
2025-12-27T02:23:55.102Z cpu23:2101715)                   vmm.2101713             0            -1            -1             0             0
2025-12-27T02:23:55.102Z cpu23:2101715)               vmmanon.2101713         99712            -1            -1         99712         99712
2025-12-27T02:23:55.102Z cpu23:2101715)                 vmcpt.2101715          1040            -1            -1          1040          1040
2025-12-27T02:23:55.102Z cpu23:2101715)             vmmregbmp.2101713          1024            -1            -1          1024          1024
2025-12-27T02:23:55.102Z cpu23:2101715)     vmmAsyncRemapHeap.2101713             0            -1            -1           136           136
2025-12-27T02:23:55.102Z cpu23:2101715)------------------------------  ------------  ------------  ------------  ------------  ------------
2025-12-27T02:23:56.802Z cpu16:2101724)Vmxnet3: 18624: indLROPktToGuest: 0, vcd->umkShared->vrrsSelected: 1 port 0x200000b
2025-12-27T02:23:56.802Z cpu16:2101724)Vmxnet3: 18865: Using default queue delivery for vmxnet3 for port 0x200000b
2025-12-27T02:23:56.802Z cpu16:2101724)NetPort: 1359: enabled port 0x200000b with mac 00:50:56:87:48:45
2025-12-27T02:23:57.297Z cpu22:2101715)PVSCSI: 2612: Failed to issue sync i/o : Busy (btstat=0x0 sdstat=0x8)
2025-12-27T02:24:00.179Z cpu16:2101724)NetPort: 1580: disabled port 0x200000b
2025-12-27T02:24:03.742Z cpu19:2101715)VSCSIFs: 4068: handle 8210(vscsi0:0):Invalid Opcode (0xa3) from (vmm0:SGRL-ANS001)
2025-12-27T02:24:10.605Z cpu14:2101726)Vmxnet3: 18624: indLROPktToGuest: 1, vcd->umkShared->vrrsSelected: 4 port 0x200000b
2025-12-27T02:24:10.605Z cpu14:2101726)Vmxnet3: 18865: Using default queue delivery for vmxnet3 for port 0x200000b
2025-12-27T02:24:10.606Z cpu14:2101726)NetPort: 1359: enabled port 0x200000b with mac 00:50:56:87:48:45
2025-12-27T02:24:52.720Z cpu5:2097890)ScsiDeviceIO: 3470: Cmd(0x459aaa9b28c0) 0x1a, CmdSN 0x1367 from world 0 to dev "naa.600605b004213bc001e293503af49afb" failed H:0x0 D:0x2 P:0x0 Valid sense data: 0x5 0x24 0x0.
2025-12-27T02:32:07.468Z cpu9:2097890)ScsiDeviceIO: 3470: Cmd(0x459aaa909cc0) 0x1a, CmdSN 0x13cc from world 0 to dev "naa.600605b004213bc001e293503af49afb" failed H:0x0 D:0x2 P:0x0 Valid sense data: 0x5 0x24 0x0.
2025-12-27T02:33:53.653Z cpu23:2097877)DVFilter: 6068: Checking disconnected filters for timeouts
2025-12-27T02:37:53.339Z cpu0:2097890)ScsiDeviceIO: 3470: Cmd(0x459a80eb5300) 0x1a, CmdSN 0x1431 from world 0 to dev "naa.600605b004213bc001e293503af49afb" failed H:0x0 D:0x2 P:0x0 Valid sense data: 0x5 0x24 0x0.
2025-12-27T02:43:49.319Z cpu22:2097891)ScsiDeviceIO: 3470: Cmd(0x45baa80844c0) 0x1a, CmdSN 0x15a4 from world 0 to dev "naa.600605b004213bc001e293503af49afb" failed H:0x0 D:0x2 P:0x0 Valid sense data: 0x5 0x24 0x0.
2025-12-27T02:43:53.653Z cpu23:2097877)DVFilter: 6068: Checking disconnected filters for timeouts
2025-12-27T02:47:53.584Z cpu5:2097890)ScsiDeviceIO: 3470: Cmd(0x459a80e7a200) 0x1a, CmdSN 0x15f4 from world 0 to dev "naa.600605b004213bc001e293503af49afb" failed H:0x0 D:0x2 P:0x0 Valid sense data: 0x5 0x24 0x0.
2025-12-27T02:48:36.685Z cpu7:2099453 opID=e1fc5551)World: 11950: VC opID mjnvfelz-806-auto-mf-h5:70000408-b8-01-01-a5-b0f9 maps to vmkernel opID e1fc5551
2025-12-27T02:48:36.685Z cpu7:2099453 opID=e1fc5551)Config: 703: "SIOControlFlag2" = 1, Old Value: 0, (Status: 0x0)
2025-12-27T02:48:36.860Z cpu17:2102085)MemSched: vm 2102085: 5745: extended swap to 20480 pgs
2025-12-27T02:48:36.924Z cpu17:2102085)MemSched: vm 2102085: 5745: extended swap to 20992 pgs
2025-12-27T02:48:36.925Z cpu17:2102085)World: vm 2102086: 7083: Starting world vmm0:SGRL-LNX001 of type 8
2025-12-27T02:48:36.925Z cpu17:2102085)Sched: vm 2102086: 6206: Adding world 'vmm0:SGRL-LNX001', group 'host/user', cpu: shares=-3 min=0 minLimit=-1 max=-1, mem: shares=-3 min=0 minLimit=-1 max=-1
2025-12-27T02:48:36.925Z cpu17:2102085)Sched: vm 2102086: 6221: renamed group 21835 to vm.2102085
2025-12-27T02:48:36.925Z cpu17:2102085)Sched: vm 2102086: 6238: group 21835 is located under group 4
2025-12-27T02:48:37.593Z cpu17:2102085)VSCSI: 3877: handle 8211(vscsi0:0):Creating Virtual Device for world 2102086 (FSS handle 2426084) numBlocks=314572800 (bs=512)
2025-12-27T02:48:37.593Z cpu17:2102085)VSCSI: 273: handle 8211(vscsi0:0):Input values: res=0 limit=-2 bw=-1 Shares=1000
2025-12-27T02:48:37.664Z cpu10:2102086)PVSCSI: 3462: scsi0: ioWorld=1 intrCoalescingMode=2 flags=0x1f
2025-12-27T02:48:37.668Z cpu14:2102095)Net: 2457: connected SGRL-LNX001 eth0 to 172.10.0.0/24_MGMT, portID 0x200000c
2025-12-27T02:48:37.670Z cpu2:2098974)Config: 703: "SIOControlFlag2" = 0, Old Value: 1, (Status: 0x0)
2025-12-27T02:48:37.673Z cpu14:2102086)----------------  ----------------  ----------------  ----------------  ----------------
2025-12-27T02:48:37.673Z cpu14:2102086)            name       reserved,KB   peakReserved,KB          alloc,KB      peakAlloc,KB
2025-12-27T02:48:37.673Z cpu14:2102086)----------------  ----------------  ----------------  ----------------  ----------------
2025-12-27T02:48:37.673Z cpu14:2102086)             VMM             22684             22684              9112              9112
2025-12-27T02:48:37.673Z cpu14:2102086)          PFRAME              8212              8212                20                20
2025-12-27T02:48:37.673Z cpu14:2102086)      SWAP_CACHE               512               512               512               512
2025-12-27T02:48:37.673Z cpu14:2102086)       CANDIDATE                 4                 4                 4                 4
2025-12-27T02:48:37.673Z cpu14:2102086)  CHECKPOINT_BUF               256               256                 0                 0
2025-12-27T02:48:37.673Z cpu14:2102086)      PSHARE_P2M                20                20                20                20
2025-12-27T02:48:37.673Z cpu14:2102086)            CBRC                 0                 0                 0                 0
2025-12-27T02:48:37.673Z cpu14:2102086)           FTCPT                 0                 0                 0                 0
2025-12-27T02:48:37.673Z cpu14:2102086)      ASYNCREMAP                 4                 4                 4                 4
2025-12-27T02:48:37.673Z cpu14:2102086)   VMMEMSERVICES                64                64                64                64
2025-12-27T02:48:37.673Z cpu14:2102086)FSR_UNSHARED_GBL                 0                 0                 0                 0
2025-12-27T02:48:37.673Z cpu14:2102086)----------------  ----------------  ----------------  ----------------  ----------------
2025-12-27T02:48:37.673Z cpu14:2102086)------------------------------  ------------  ------------  ------------  ------------  ------------
2025-12-27T02:48:37.673Z cpu14:2102086)                          name        min,KB        max,KB   minLimit,KB       eMin,KB   rMinPeak,KB
2025-12-27T02:48:37.673Z cpu14:2102086)------------------------------  ------------  ------------  ------------  ------------  ------------
2025-12-27T02:48:37.673Z cpu14:2102086)                    vm.2102085             0            -1            -1         51760         53504
2025-12-27T02:48:37.673Z cpu14:2102086)            worldGroup.2102085             0            -1            -1           612           612
2025-12-27T02:48:37.673Z cpu14:2102086)                    uw.2102085         13360            -1            -1         13360         15152
2025-12-27T02:48:37.673Z cpu14:2102086)               vsiHeap.2102085             0            -1            -1           136           136
2025-12-27T02:48:37.673Z cpu14:2102086)                    pt.2102085           384            -1            -1           696           696
2025-12-27T02:48:37.673Z cpu14:2102086)            cartelheap.2102085             0            -1            -1           296           296
2025-12-27T02:48:37.673Z cpu14:2102086)             uwshmempt.2102085             0            -1            -1             0             0
2025-12-27T02:48:37.673Z cpu14:2102086)      uwAsyncRemapHeap.2102085             0            -1            -1           136           136
2025-12-27T02:48:37.673Z cpu14:2102086)               uwCrypt.2102085          4096          4096          4096          4096          4096
2025-12-27T02:48:37.673Z cpu14:2102086)              uwregbmp.2102085             8            -1            -1             8             8
2025-12-27T02:48:37.673Z cpu14:2102086)                   vmm.2102085             0            -1            -1             0             0
2025-12-27T02:48:37.673Z cpu14:2102086)               vmmanon.2102085         31756            -1            -1         31756         31756
2025-12-27T02:48:37.673Z cpu14:2102086)                 vmcpt.2102086           272            -1            -1           272           272
2025-12-27T02:48:37.673Z cpu14:2102086)             vmmregbmp.2102085           256            -1            -1           256           256
2025-12-27T02:48:37.673Z cpu14:2102086)     vmmAsyncRemapHeap.2102085             0            -1            -1           136           136
2025-12-27T02:48:37.673Z cpu14:2102086)------------------------------  ------------  ------------  ------------  ------------  ------------
2025-12-27T02:48:39.338Z cpu12:2102095)Vmxnet3: 18624: indLROPktToGuest: 0, vcd->umkShared->vrrsSelected: 1 port 0x200000c
2025-12-27T02:48:39.338Z cpu12:2102095)Vmxnet3: 18865: Using default queue delivery for vmxnet3 for port 0x200000c
2025-12-27T02:48:39.338Z cpu12:2102095)NetPort: 1359: enabled port 0x200000c with mac 00:50:56:87:7c:2e
2025-12-27T02:48:39.805Z cpu14:2102086)PVSCSI: 2612: Failed to issue sync i/o : Busy (btstat=0x0 sdstat=0x8)
2025-12-27T02:48:46.651Z cpu18:2102095)NetPort: 1580: disabled port 0x200000c
2025-12-27T02:48:49.485Z cpu17:2102086)VSCSIFs: 4068: handle 8211(vscsi0:0):Invalid Opcode (0xa3) from (vmm0:SGRL-LNX001)
2025-12-27T02:48:58.604Z cpu20:2102095)Vmxnet3: 18624: indLROPktToGuest: 1, vcd->umkShared->vrrsSelected: 4 port 0x200000c
2025-12-27T02:48:58.604Z cpu20:2102095)Vmxnet3: 18865: Using default queue delivery for vmxnet3 for port 0x200000c
2025-12-27T02:48:58.604Z cpu20:2102095)NetPort: 1359: enabled port 0x200000c with mac 00:50:56:87:7c:2e
2025-12-27T02:51:39.223Z cpu8:2097890)ScsiDeviceIO: 3470: Cmd(0x459aaa96c3c0) 0x1a, CmdSN 0x168f from world 0 to dev "naa.600605b004213bc001e293503af49afb" failed H:0x0 D:0x2 P:0x0 Valid sense data: 0x5 0x24 0x0.
2025-12-27T02:51:41.358Z cpu22:2102095)VSCSI: 6669: handle 8211(vscsi0:0):Destroying Device for world 2102086 (pendCom 0)
2025-12-27T02:51:41.363Z cpu22:2102095)NetPort: 1580: disabled port 0x200000c
2025-12-27T02:51:41.381Z cpu22:2102095)VSCSI: 3877: handle 8212(vscsi0:0):Creating Virtual Device for world 2102086 (FSS handle 2884836) numBlocks=314572800 (bs=512)
2025-12-27T02:51:41.381Z cpu22:2102095)VSCSI: 273: handle 8212(vscsi0:0):Input values: res=0 limit=-2 bw=-1 Shares=1000
2025-12-27T02:51:43.138Z cpu22:2102095)Vmxnet3: 18624: indLROPktToGuest: 0, vcd->umkShared->vrrsSelected: 1 port 0x200000c
2025-12-27T02:51:43.138Z cpu22:2102095)Vmxnet3: 18865: Using default queue delivery for vmxnet3 for port 0x200000c
2025-12-27T02:51:43.138Z cpu22:2102095)NetPort: 1359: enabled port 0x200000c with mac 00:50:56:87:7c:2e
2025-12-27T02:51:43.700Z cpu22:2102086)PVSCSI: 2612: Failed to issue sync i/o : Busy (btstat=0x0 sdstat=0x8)
2025-12-27T02:51:48.652Z cpu19:2102095)NetPort: 1580: disabled port 0x200000c
2025-12-27T02:51:51.720Z cpu19:2102090)VSCSIFs: 4068: handle 8212(vscsi0:0):Invalid Opcode (0xa3) from (vmm0:SGRL-LNX001)
2025-12-27T02:52:00.533Z cpu17:2102095)Vmxnet3: 18624: indLROPktToGuest: 1, vcd->umkShared->vrrsSelected: 4 port 0x200000c
2025-12-27T02:52:00.533Z cpu17:2102095)Vmxnet3: 18865: Using default queue delivery for vmxnet3 for port 0x200000c
2025-12-27T02:52:00.533Z cpu17:2102095)NetPort: 1359: enabled port 0x200000c with mac 00:50:56:87:7c:2e
2025-12-27T02:53:53.653Z cpu12:2097877)DVFilter: 6068: Checking disconnected filters for timeouts
2025-12-27T02:54:14.011Z cpu13:2097891)ScsiDeviceIO: 3470: Cmd(0x45ba808bfc40) 0x1a, CmdSN 0x1700 from world 0 to dev "naa.600605b004213bc001e293503af49afb" failed H:0x0 D:0x2 P:0x0 Valid sense data: 0x5 0x24 0x0.
2025-12-27T02:58:55.988Z cpu14:2097891)ScsiDeviceIO: 3470: Cmd(0x45baa81ba240) 0x1a, CmdSN 0x1767 from world 0 to dev "naa.600605b004213bc001e293503af49afb" failed H:0x0 D:0x2 P:0x0 Valid sense data: 0x5 0x24 0x0.
2025-12-27T03:00:00.817Z cpu18:2101724)VSCSI: 6669: handle 8210(vscsi0:0):Destroying Device for world 2101715 (pendCom 0)
2025-12-27T03:00:00.949Z cpu18:2101724)FDS: 617: Enabling IO coalescing on driver 'deltadisks' device '5e0450-SGRL-ANS001-000001-sesparse.vmdk'
2025-12-27T03:00:00.949Z cpu18:2101724)VSCSI: 3877: handle 8213(vscsi0:0):Creating Virtual Device for world 2101715 (FSS handle 1442898) numBlocks=314572800 (bs=512)
2025-12-27T03:00:00.949Z cpu18:2101724)VSCSI: 273: handle 8213(vscsi0:0):Input values: res=0 limit=-2 bw=-1 Shares=1000
2025-12-27T03:00:00.949Z cpu18:2101724)Vmxnet3: 18624: indLROPktToGuest: 1, vcd->umkShared->vrrsSelected: 4 port 0x200000b
2025-12-27T03:00:00.949Z cpu18:2101724)Vmxnet3: 18865: Using default queue delivery for vmxnet3 for port 0x200000b
2025-12-27T03:03:53.653Z cpu15:2097877)DVFilter: 6068: Checking disconnected filters for timeouts
2025-12-27T03:03:56.048Z cpu13:2097891)ScsiDeviceIO: 3470: Cmd(0x45ba809ce3c0) 0x1a, CmdSN 0x1830 from world 0 to dev "naa.600605b004213bc001e293503af49afb" failed H:0x0 D:0x2 P:0x0 Valid sense data: 0x5 0x24 0x0.
2025-12-27T03:08:56.101Z cpu13:2097891)ScsiDeviceIO: 3470: Cmd(0x45baa8020740) 0x1a, CmdSN 0x1895 from world 0 to dev "naa.600605b004213bc001e293503af49afb" failed H:0x0 D:0x2 P:0x0 Valid sense data: 0x5 0x24 0x0.
2025-12-27T03:13:53.653Z cpu19:2097877)DVFilter: 6068: Checking disconnected filters for timeouts
2025-12-27T03:13:56.266Z cpu10:2097890)ScsiDeviceIO: 3470: Cmd(0x459aaa9d6a40) 0x1a, CmdSN 0x18fa from world 0 to dev "naa.600605b004213bc001e293503af49afb" failed H:0x0 D:0x2 P:0x0 Valid sense data: 0x5 0x24 0x0.
2025-12-27T03:16:14.961Z cpu10:2098826)<6>megasas_service_aen[4]: aen received
2025-12-27T03:16:14.961Z cpu13:2097762)<6>megasas_hotplug_work[4]: event code 0x005e
2025-12-27T03:16:14.971Z cpu13:2097762)<6>megasas_hotplug_work[4]: aen registered
2025-12-27T03:17:54.305Z cpu5:2097890)ScsiDeviceIO: 3470: Cmd(0x459aaa9489c0) 0x1a, CmdSN 0x1947 from world 0 to dev "naa.600605b004213bc001e293503af49afb" failed H:0x0 D:0x2 P:0x0 Valid sense data: 0x5 0x24 0x0.
2025-12-27T03:18:20.618Z cpu15:2101724)VSCSI: 6669: handle 8213(vscsi0:0):Destroying Device for world 2101715 (pendCom 0)
2025-12-27T03:18:20.623Z cpu15:2101724)NetPort: 1580: disabled port 0x200000b
2025-12-27T03:18:20.653Z cpu22:2101724)FDS: 617: Enabling IO coalescing on driver 'deltadisks' device '240451-SGRL-ANS001-000001-sesparse.vmdk'
2025-12-27T03:18:20.654Z cpu22:2101724)VSCSI: 3877: handle 8214(vscsi0:0):Creating Virtual Device for world 2101715 (FSS handle 2491475) numBlocks=314572800 (bs=512)
2025-12-27T03:18:20.654Z cpu22:2101724)VSCSI: 273: handle 8214(vscsi0:0):Input values: res=0 limit=-2 bw=-1 Shares=1000
2025-12-27T03:18:22.370Z cpu22:2101724)Vmxnet3: 18624: indLROPktToGuest: 0, vcd->umkShared->vrrsSelected: 1 port 0x200000b
2025-12-27T03:18:22.370Z cpu22:2101724)Vmxnet3: 18865: Using default queue delivery for vmxnet3 for port 0x200000b
2025-12-27T03:18:22.370Z cpu22:2101724)NetPort: 1359: enabled port 0x200000b with mac 00:50:56:87:48:45
2025-12-27T03:18:22.849Z cpu22:2101715)PVSCSI: 2612: Failed to issue sync i/o : Busy (btstat=0x0 sdstat=0x8)
2025-12-27T03:18:25.540Z cpu22:2101724)NetPort: 1580: disabled port 0x200000b
2025-12-27T03:18:28.632Z cpu12:2101719)VSCSIFs: 4068: handle 8214(vscsi0:0):Invalid Opcode (0xa3) from (vmm0:SGRL-ANS001)
2025-12-27T03:18:35.984Z cpu19:2101724)Vmxnet3: 18624: indLROPktToGuest: 1, vcd->umkShared->vrrsSelected: 4 port 0x200000b
2025-12-27T03:18:35.984Z cpu19:2101724)Vmxnet3: 18865: Using default queue delivery for vmxnet3 for port 0x200000b
2025-12-27T03:18:35.984Z cpu19:2101724)NetPort: 1359: enabled port 0x200000b with mac 00:50:56:87:48:45
2025-12-27T03:22:08.527Z cpu11:2097890)ScsiDeviceIO: 3470: Cmd(0x459a80ea75c0) 0x1a, CmdSN 0x19c0 from world 0 to dev "naa.600605b004213bc001e293503af49afb" failed H:0x0 D:0x2 P:0x0 Valid sense data: 0x5 0x24 0x0.
2025-12-27T03:22:16.134Z cpu10:2099216)<6>megasas_service_aen[4]: aen received
2025-12-27T03:22:16.134Z cpu12:2097762)<6>megasas_hotplug_work[4]: event code 0x005e
2025-12-27T03:22:16.143Z cpu12:2097762)<6>megasas_hotplug_work[4]: aen registered
2025-12-27T03:22:17.233Z cpu10:2099349)<6>megasas_service_aen[4]: aen received
2025-12-27T03:22:17.233Z cpu12:2097762)<6>megasas_hotplug_work[4]: event code 0x0023
2025-12-27T03:22:17.245Z cpu12:2097762)<6>megasas_hotplug_work[4]: aen registered
2025-12-27T03:23:53.653Z cpu18:2097877)DVFilter: 6068: Checking disconnected filters for timeouts
2025-12-27T03:27:08.643Z cpu20:2097891)ScsiDeviceIO: 3470: Cmd(0x45ba8090e480) 0x1a, CmdSN 0x1a25 from world 0 to dev "naa.600605b004213bc001e293503af49afb" failed H:0x0 D:0x2 P:0x0 Valid sense data: 0x5 0x24 0x0.
2025-12-27T03:32:08.777Z cpu11:2097890)ScsiDeviceIO: 3470: Cmd(0x459a80f88d40) 0x1a, CmdSN 0x1a8a from world 0 to dev "naa.600605b004213bc001e293503af49afb" failed H:0x0 D:0x2 P:0x0 Valid sense data: 0x5 0x24 0x0.
2025-12-27T03:33:53.653Z cpu17:2097877)DVFilter: 6068: Checking disconnected filters for timeouts
2025-12-27T03:37:08.914Z cpu11:2097890)ScsiDeviceIO: 3470: Cmd(0x459aaa823e00) 0x1a, CmdSN 0x1aef from world 0 to dev "naa.600605b004213bc001e293503af49afb" failed H:0x0 D:0x2 P:0x0 Valid sense data: 0x5 0x24 0x0.
2025-12-27T03:42:54.764Z cpu11:2097890)ScsiDeviceIO: 3470: Cmd(0x459aaa81af80) 0x1a, CmdSN 0x1b54 from world 0 to dev "naa.600605b004213bc001e293503af49afb" failed H:0x0 D:0x2 P:0x0 Valid sense data: 0x5 0x24 0x0.
2025-12-27T03:43:53.653Z cpu17:2097877)DVFilter: 6068: Checking disconnected filters for timeouts
2025-12-27T03:46:48.822Z cpu23:2097891)ScsiDeviceIO: 3470: Cmd(0x45baa8179380) 0x1a, CmdSN 0x1baa from world 0 to dev "naa.600605b004213bc001e293503af49afb" failed H:0x0 D:0x2 P:0x0 Valid sense data: 0x5 0x24 0x0.
2025-12-27T03:50:01.002Z cpu0:2097890)ScsiDeviceIO: 3470: Cmd(0x459aaa8b6200) 0x1a, CmdSN 0x1c05 from world 0 to dev "naa.600605b004213bc001e293503af49afb" failed H:0x0 D:0x2 P:0x0 Valid sense data: 0x5 0x24 0x0.
2025-12-27T03:53:53.653Z cpu17:2097877)DVFilter: 6068: Checking disconnected filters for timeouts
2025-12-27T03:55:01.053Z cpu0:2097890)ScsiDeviceIO: 3470: Cmd(0x459aaa95b980) 0x1a, CmdSN 0x1c6a from world 0 to dev "naa.600605b004213bc001e293503af49afb" failed H:0x0 D:0x2 P:0x0 Valid sense data: 0x5 0x24 0x0.
2025-12-27T04:00:01.123Z cpu12:2097891)ScsiDeviceIO: 3470: Cmd(0x45baa803e740) 0x1a, CmdSN 0x1ccf from world 0 to dev "naa.600605b004213bc001e293503af49afb" failed H:0x0 D:0x2 P:0x0 Valid sense data: 0x5 0x24 0x0.
2025-12-27T04:03:53.653Z cpu17:2097877)DVFilter: 6068: Checking disconnected filters for timeouts
2025-12-27T04:05:01.138Z cpu0:2097890)ScsiDeviceIO: 3470: Cmd(0x459aaa8f6940) 0x1a, CmdSN 0x1d34 from world 0 to dev "naa.600605b004213bc001e293503af49afb" failed H:0x0 D:0x2 P:0x0 Valid sense data: 0x5 0x24 0x0.
2025-12-27T04:10:01.249Z cpu1:2097890)ScsiDeviceIO: 3470: Cmd(0x459a80e00f40) 0x1a, CmdSN 0x1da3 from world 0 to dev "naa.600605b004213bc001e293503af49afb" failed H:0x0 D:0x2 P:0x0 Valid sense data: 0x5 0x24 0x0.
2025-12-27T04:13:53.653Z cpu13:2097877)DVFilter: 6068: Checking disconnected filters for timeouts
2025-12-27T04:16:31.052Z cpu10:2097890)ScsiDeviceIO: 3470: Cmd(0x459a80e03880) 0x1a, CmdSN 0x1e08 from world 0 to dev "naa.600605b004213bc001e293503af49afb" failed H:0x0 D:0x2 P:0x0 Valid sense data: 0x5 0x24 0x0.
2025-12-27T04:18:57.335Z cpu13:2097891)ScsiDeviceIO: 3470: Cmd(0x45ba8080bc40) 0x1a, CmdSN 0x1e54 from world 0 to dev "naa.600605b004213bc001e293503af49afb" failed H:0x0 D:0x2 P:0x0 Valid sense data: 0x5 0x24 0x0.
2025-12-27T04:23:53.653Z cpu13:2097877)DVFilter: 6068: Checking disconnected filters for timeouts
2025-12-27T04:23:57.454Z cpu10:2097890)ScsiDeviceIO: 3470: Cmd(0x459aaa885600) 0x1a, CmdSN 0x1f6d from world 0 to dev "naa.600605b004213bc001e293503af49afb" failed H:0x0 D:0x2 P:0x0 Valid sense data: 0x5 0x24 0x0.
2025-12-27T04:28:51.304Z cpu3:2097890)ScsiDeviceIO: 3470: Cmd(0x459a80ebe540) 0x1a, CmdSN 0x1fe3 from world 0 to dev "naa.600605b004213bc001e293503af49afb" failed H:0x0 D:0x2 P:0x0 Valid sense data: 0x5 0x24 0x0.
2025-12-27T04:33:53.653Z cpu23:2097877)DVFilter: 6068: Checking disconnected filters for timeouts
2025-12-27T04:33:57.527Z cpu15:2097891)ScsiDeviceIO: 3470: Cmd(0x45baa8126400) 0x1a, CmdSN 0x2049 from world 0 to dev "naa.600605b004213bc001e293503af49afb" failed H:0x0 D:0x2 P:0x0 Valid sense data: 0x5 0x24 0x0.
2025-12-27T04:38:57.597Z cpu0:2097890)ScsiDeviceIO: 3470: Cmd(0x459a80f0f6c0) 0x1a, CmdSN 0x20ae from world 0 to dev "naa.600605b004213bc001e293503af49afb" failed H:0x0 D:0x2 P:0x0 Valid sense data: 0x5 0x24 0x0.
2025-12-27T04:43:53.653Z cpu12:2097877)DVFilter: 6068: Checking disconnected filters for timeouts
2025-12-27T04:43:57.704Z cpu0:2097890)ScsiDeviceIO: 3470: Cmd(0x459aaa89cd00) 0x1a, CmdSN 0x2113 from world 0 to dev "naa.600605b004213bc001e293503af49afb" failed H:0x0 D:0x2 P:0x0 Valid sense data: 0x5 0x24 0x0.
2025-12-27T04:47:55.920Z cpu1:2097890)ScsiDeviceIO: 3470: Cmd(0x459aaa9fb340) 0x1a, CmdSN 0x215e from world 0 to dev "naa.600605b004213bc001e293503af49afb" failed H:0x0 D:0x2 P:0x0 Valid sense data: 0x5 0x24 0x0.
2025-12-27T04:53:51.597Z cpu1:2097890)ScsiDeviceIO: 3470: Cmd(0x459a80eecf80) 0x1a, CmdSN 0x21c5 from world 0 to dev "naa.600605b004213bc001e293503af49afb" failed H:0x0 D:0x2 P:0x0 Valid sense data: 0x5 0x24 0x0.
2025-12-27T04:53:53.653Z cpu17:2097877)DVFilter: 6068: Checking disconnected filters for timeouts
2025-12-27T04:58:51.660Z cpu16:2097891)ScsiDeviceIO: 3470: Cmd(0x45ba8086f9c0) 0x1a, CmdSN 0x222a from world 0 to dev "naa.600605b004213bc001e293503af49afb" failed H:0x0 D:0x2 P:0x0 Valid sense data: 0x5 0x24 0x0.
2025-12-27T05:02:56.162Z cpu14:2097891)ScsiDeviceIO: 3470: Cmd(0x45ba80901640) 0x1a, CmdSN 0x228f from world 0 to dev "naa.600605b004213bc001e293503af49afb" failed H:0x0 D:0x2 P:0x0 Valid sense data: 0x5 0x24 0x0.
2025-12-27T05:03:53.653Z cpu19:2097877)DVFilter: 6068: Checking disconnected filters for timeouts
2025-12-27T05:08:51.797Z cpu10:2097890)ScsiDeviceIO: 3470: Cmd(0x459aaa8796c0) 0x1a, CmdSN 0x22f4 from world 0 to dev "naa.600605b004213bc001e293503af49afb" failed H:0x0 D:0x2 P:0x0 Valid sense data: 0x5 0x24 0x0.
2025-12-27T05:13:51.861Z cpu15:2097891)ScsiDeviceIO: 3470: Cmd(0x45baa81b4480) 0x1a, CmdSN 0x2359 from world 0 to dev "naa.600605b004213bc001e293503af49afb" failed H:0x0 D:0x2 P:0x0 Valid sense data: 0x5 0x24 0x0.
2025-12-27T05:13:53.653Z cpu23:2097877)DVFilter: 6068: Checking disconnected filters for timeouts
2025-12-27T05:17:10.124Z cpu12:2097891)ScsiDeviceIO: 3470: Cmd(0x45ba808ee680) 0x1a, CmdSN 0x23a5 from world 0 to dev "naa.600605b004213bc001e293503af49afb" failed H:0x0 D:0x2 P:0x0 Valid sense data: 0x5 0x24 0x0.
2025-12-27T05:22:10.200Z cpu0:2097890)ScsiDeviceIO: 3470: Cmd(0x459aaa9a74c0) 0x1a, CmdSN 0x240a from world 0 to dev "naa.600605b004213bc001e293503af49afb" failed H:0x0 D:0x2 P:0x0 Valid sense data: 0x5 0x24 0x0.
2025-12-27T05:23:53.653Z cpu23:2097877)DVFilter: 6068: Checking disconnected filters for timeouts
2025-12-27T05:27:10.281Z cpu0:2097890)ScsiDeviceIO: 3470: Cmd(0x459aaa889200) 0x1a, CmdSN 0x2475 from world 0 to dev "naa.600605b004213bc001e293503af49afb" failed H:0x0 D:0x2 P:0x0 Valid sense data: 0x5 0x24 0x0.
2025-12-27T05:31:32.538Z cpu14:2099916)NetPort: 1580: disabled port 0x2000005
2025-12-27T05:31:32.538Z cpu14:2099916)Net: 3713: disconnected client from port 0x2000005
2025-12-27T05:31:32.540Z cpu14:2099916)VSCSI: 6669: handle 8192(vscsi0:0):Destroying Device for world 2099917 (pendCom 0)
2025-12-27T05:31:32.540Z cpu9:2097890)ScsiDeviceIO: 3470: Cmd(0x459a80e28540) 0x1a, CmdSN 0x24da from world 0 to dev "naa.600605b004213bc001e293503af49afb" failed H:0x0 D:0x2 P:0x0 Valid sense data: 0x5 0x24 0x0.
2025-12-27T05:31:32.587Z cpu6:2100203)NetPort: 1580: disabled port 0x2000007
2025-12-27T05:31:32.587Z cpu6:2100203)Net: 3713: disconnected client from port 0x2000007
2025-12-27T05:31:32.587Z cpu6:2100203)NetPort: 1580: disabled port 0x2000008
2025-12-27T05:31:32.587Z cpu6:2100203)Net: 3713: disconnected client from port 0x2000008
2025-12-27T05:31:32.587Z cpu6:2100203)VSCSI: 6669: handle 8194(vscsi0:0):Destroying Device for world 2100204 (pendCom 0)
2025-12-27T05:31:32.587Z cpu6:2100203)VSCSI: 6669: handle 8195(vscsi0:1):Destroying Device for world 2100204 (pendCom 0)
2025-12-27T05:31:36.842Z cpu8:2100403)NetPort: 1580: disabled port 0x200000a
2025-12-27T05:31:36.842Z cpu8:2100403)Net: 3713: disconnected client from port 0x200000a
2025-12-27T05:31:36.845Z cpu8:2100403)VSCSI: 6669: handle 8209(vscsi0:0):Destroying Device for world 2100404 (pendCom 0)
2025-12-27T05:31:39.477Z cpu14:2102085)NetPort: 1580: disabled port 0x200000c
2025-12-27T05:31:39.477Z cpu14:2102085)Net: 3713: disconnected client from port 0x200000c
2025-12-27T05:31:39.480Z cpu14:2102085)VSCSI: 6669: handle 8212(vscsi0:0):Destroying Device for world 2102086 (pendCom 0)
2025-12-27T05:31:40.479Z cpu15:2100070)NetPort: 1580: disabled port 0x2000006
2025-12-27T05:31:42.522Z cpu16:2100061)VSCSI: 2685: handle 8193(vscsi0:0):Reset request on FSS handle 786694 (0 outstanding commands) from (vmm0:SGRL-ADC001)
2025-12-27T05:31:42.522Z cpu6:2097485)VSCSI: 2970: handle 8193(vscsi0:0):Reset [Retries: 0/0] from (vmm0:SGRL-ADC001)
2025-12-27T05:31:42.522Z cpu6:2097485)VSCSI: 2753: handle 8193(vscsi0:0):Completing reset (0 outstanding commands)
2025-12-27T05:31:44.399Z cpu12:2100060)Net: 3713: disconnected client from port 0x2000006
2025-12-27T05:31:44.401Z cpu12:2100060)VSCSI: 6669: handle 8193(vscsi0:0):Destroying Device for world 2100061 (pendCom 0)
2025-12-27T05:31:46.853Z cpu23:2101713)NetPort: 1580: disabled port 0x200000b
2025-12-27T05:31:46.854Z cpu23:2101713)Net: 3713: disconnected client from port 0x200000b
2025-12-27T05:31:46.856Z cpu23:2101713)VSCSI: 6669: handle 8214(vscsi0:0):Destroying Device for world 2101715 (pendCom 0)
2025-12-27T05:33:35.057Z cpu17:2100240)NetPort: 1580: disabled port 0x2000009
2025-12-27T05:33:35.057Z cpu17:2100240)Net: 3713: disconnected client from port 0x2000009
2025-12-27T05:33:35.061Z cpu17:2100240)VSCSI: 6669: handle 8196(vscsi0:0):Destroying Device for world 2100241 (pendCom 0)
2025-12-27T05:33:35.061Z cpu17:2100240)VSCSI: 6669: handle 8197(vscsi0:1):Destroying Device for world 2100241 (pendCom 0)
2025-12-27T05:33:35.061Z cpu17:2100240)VSCSI: 6669: handle 8198(vscsi0:2):Destroying Device for world 2100241 (pendCom 0)
2025-12-27T05:33:35.061Z cpu17:2100240)VSCSI: 6669: handle 8199(vscsi0:3):Destroying Device for world 2100241 (pendCom 0)
2025-12-27T05:33:35.061Z cpu17:2100240)VSCSI: 6669: handle 8200(vscsi0:4):Destroying Device for world 2100241 (pendCom 0)
2025-12-27T05:33:35.061Z cpu17:2100240)VSCSI: 6669: handle 8201(vscsi0:5):Destroying Device for world 2100241 (pendCom 0)
2025-12-27T05:33:35.061Z cpu17:2100240)VSCSI: 6669: handle 8202(vscsi0:6):Destroying Device for world 2100241 (pendCom 0)
2025-12-27T05:33:35.061Z cpu17:2100240)VSCSI: 6669: handle 8203(vscsi0:8):Destroying Device for world 2100241 (pendCom 0)
2025-12-27T05:33:35.061Z cpu17:2100240)VSCSI: 6669: handle 8204(vscsi0:9):Destroying Device for world 2100241 (pendCom 0)
2025-12-27T05:33:35.061Z cpu17:2100240)VSCSI: 6669: handle 8205(vscsi0:10):Destroying Device for world 2100241 (pendCom 0)
2025-12-27T05:33:35.061Z cpu17:2100240)VSCSI: 6669: handle 8206(vscsi0:11):Destroying Device for world 2100241 (pendCom 0)
2025-12-27T05:33:35.061Z cpu17:2100240)VSCSI: 6669: handle 8207(vscsi0:12):Destroying Device for world 2100241 (pendCom 0)
2025-12-27T05:33:35.061Z cpu17:2100240)VSCSI: 6669: handle 8208(vscsi0:13):Destroying Device for world 2100241 (pendCom 0)
2025-12-27T05:33:47.237Z cpu0:2103890)Deactivating Daemon xorg.
2025-12-27T05:33:47.439Z cpu0:2103890)Daemon xorg deactivated.
2025-12-27T05:33:47.439Z cpu0:2103890)Deactivating Daemon vmtoolsd.
2025-12-27T05:33:47.843Z cpu0:2103890)Daemon vmtoolsd deactivated.
2025-12-27T05:33:47.843Z cpu0:2103890)Deactivating Daemon wsman.
2025-12-27T05:33:48.046Z cpu0:2103890)Daemon wsman deactivated.
2025-12-27T05:33:48.046Z cpu0:2103890)Deactivating Daemon snmpd.
2025-12-27T05:33:48.248Z cpu0:2103890)Daemon snmpd deactivated.
2025-12-27T05:33:48.248Z cpu0:2103890)Deactivating Daemon sfcbd-watchdog.
2025-12-27T05:33:49.863Z cpu0:2103890)Daemon sfcbd-watchdog deactivated.
2025-12-27T05:33:49.863Z cpu0:2103890)Deactivating Daemon vpxa.
2025-12-27T05:33:50.065Z cpu0:2103890)Daemon vpxa deactivated.
2025-12-27T05:33:50.066Z cpu0:2103890)Deactivating Daemon dcbd.
2025-12-27T05:33:50.268Z cpu0:2103890)Daemon dcbd deactivated.
2025-12-27T05:33:50.268Z cpu0:2103890)Deactivating Daemon cdp.
2025-12-27T05:33:50.469Z cpu0:2103890)Daemon cdp deactivated.
2025-12-27T05:33:50.469Z cpu0:2103890)Deactivating Daemon nscd.
2025-12-27T05:33:50.671Z cpu0:2103890)Daemon nscd deactivated.
2025-12-27T05:33:50.671Z cpu0:2103890)Deactivating Daemon nicmgmtd.
2025-12-27T05:33:51.075Z cpu0:2103890)Daemon nicmgmtd deactivated.
2025-12-27T05:33:51.075Z cpu0:2103890)Deactivating Daemon lacp.
2025-12-27T05:33:51.277Z cpu0:2103890)Daemon lacp deactivated.
2025-12-27T05:33:51.277Z cpu0:2103890)Deactivating Daemon memscrubd.
2025-12-27T05:33:51.480Z cpu0:2103890)Daemon memscrubd deactivated.
2025-12-27T05:33:51.480Z cpu0:2103890)Deactivating Daemon smartd.
2025-12-27T05:33:51.683Z cpu0:2103890)Daemon smartd deactivated.
2025-12-27T05:33:51.683Z cpu0:2103890)Deactivating Daemon slpd.
2025-12-27T05:33:51.885Z cpu0:2103890)Daemon slpd deactivated.
2025-12-27T05:33:51.885Z cpu0:2103890)Deactivating Daemon vvold.
2025-12-27T05:33:52.088Z cpu0:2103890)Daemon vvold deactivated.
2025-12-27T05:33:52.088Z cpu0:2103890)Deactivating Daemon hostdCgiServer.
2025-12-27T05:33:52.289Z cpu0:2103890)Daemon hostdCgiServer deactivated.
2025-12-27T05:33:52.289Z cpu0:2103890)Deactivating Daemon hostd.
2025-12-27T05:33:52.491Z cpu0:2103890)Daemon hostd deactivated.
2025-12-27T05:33:52.491Z cpu0:2103890)Deactivating Daemon rhttpproxy.
2025-12-27T05:33:52.693Z cpu0:2103890)Daemon rhttpproxy deactivated.
2025-12-27T05:33:52.693Z cpu0:2103890)Deactivating Daemon sdrsInjector.
2025-12-27T05:33:52.895Z cpu0:2103890)Daemon sdrsInjector deactivated.
2025-12-27T05:33:52.895Z cpu0:2103890)Deactivating Daemon storageRM.
2025-12-27T05:33:53.098Z cpu0:2103890)Daemon storageRM deactivated.
2025-12-27T05:33:53.098Z cpu0:2103890)Deactivating Daemon sensord.
2025-12-27T05:33:53.502Z cpu0:2103890)Daemon sensord deactivated.
2025-12-27T05:33:53.502Z cpu0:2103890)Deactivating Daemon lbtd.
2025-12-27T05:33:53.653Z cpu3:2097877)DVFilter: 6068: Checking disconnected filters for timeouts
2025-12-27T05:33:53.705Z cpu0:2103890)Daemon lbtd deactivated.
2025-12-27T05:33:53.705Z cpu0:2103890)Deactivating Daemon nfcd.
2025-12-27T05:33:53.908Z cpu0:2103890)Daemon nfcd deactivated.
2025-12-27T05:33:53.908Z cpu0:2103890)Deactivating Daemon vmfstraced.
2025-12-27T05:33:54.312Z cpu0:2103890)Daemon vmfstraced deactivated.
2025-12-27T05:33:54.312Z cpu0:2103890)Deactivating Daemon rabbitmqproxy.
2025-12-27T05:33:54.513Z cpu0:2103890)Daemon rabbitmqproxy deactivated.
2025-12-27T05:33:54.513Z cpu0:2103890)Deactivating Daemon esxui.
2025-12-27T05:33:54.715Z cpu3:2103890)Daemon esxui deactivated.
2025-12-27T05:33:54.715Z cpu3:2103890)Deactivating Daemon usbarbitrator.
2025-12-27T05:33:54.780Z cpu14:2104314)vmkusb: umass_attach:1120: umass_attach: Attach device cached_name vmhba32, cached data 0
2025-12-27T05:33:54.918Z cpu3:2103890)Daemon usbarbitrator deactivated.
2025-12-27T05:33:54.918Z cpu3:2103890)Deactivating Daemon iofilterd-spm.
2025-12-27T05:33:55.120Z cpu3:2103890)Daemon iofilterd-spm deactivated.
2025-12-27T05:33:55.120Z cpu3:2103890)Deactivating Daemon swapobjd.
2025-12-27T05:33:55.523Z cpu3:2103890)Daemon swapobjd deactivated.
2025-12-27T05:33:55.523Z cpu3:2103890)Deactivating Daemon iofilterd-vmwarevmcrypt.
2025-12-27T05:33:55.725Z cpu3:2103890)Daemon iofilterd-vmwarevmcrypt deactivated.
2025-12-27T05:33:55.725Z cpu3:2103890)Deactivating Daemon SSH.
2025-12-27T05:33:55.926Z cpu3:2103890)Daemon SSH deactivated.
2025-12-27T05:33:55.926Z cpu3:2103890)Deactivating Daemon DCUI.
2025-12-27T05:33:56.128Z cpu3:2103890)Daemon DCUI deactivated.
VMB: 66: Reserved 4 MPNs starting @ 0x4a0
VMB: 113: mbMagic: 1badb005, mbInfo 0x600000
VMB: 106: Changed PAT MSR from 0x7040600070406 to 0x7010600070106
EFI: 196: 64-bit EFI revision 4096.1
VMB_ACPI: 597: No SPCR table found.
VMB_SERIAL: 264: Serial port set to default configuration.
VMB_MEMMAP: 2317: memmap[0]: addr 0, len 6c000, type 1
VMB_MEMMAP: 2317: memmap[1]: addr 6c000, len 1000, type 4
VMB_MEMMAP: 2317: memmap[2]: addr 6d000, len 32000, type 1
VMB_MEMMAP: 2317: memmap[3]: addr 9f000, len 1000, type 4
VMB_MEMMAP: 2317: memmap[4]: addr 100000, len 7c3c6000, type 1
VMB_MEMMAP: 2317: memmap[5]: addr 7c4c6000, len 5000, type 101
VMB_MEMMAP: 2317: memmap[6]: addr 7c4cb000, len 1000, type 1
VMB_MEMMAP: 2317: memmap[7]: addr 7c4cc000, len 1000, type 101
VMB_MEMMAP: 2317: memmap[8]: addr 7c4cd000, len 236000, type 1
VMB_MEMMAP: 2317: memmap[9]: addr 7c703000, len 5000, type 101
VMB_MEMMAP: 2317: memmap[10]: addr 7c708000, len a78000, type 1
VMB_MEMMAP: 2317: memmap[11]: addr 7d180000, len 2b000, type 100
VMB_MEMMAP: 2317: memmap[12]: addr 7d1ab000, len 24000, type 1
VMB_MEMMAP: 2317: memmap[13]: addr 7d1cf000, len 2b000, type 100
VMB_MEMMAP: 2317: memmap[14]: addr 7d1fa000, len 24000, type 1
VMB_MEMMAP: 2317: memmap[15]: addr 7d21e000, len 2b000, type 100
VMB_MEMMAP: 2317: memmap[16]: addr 7d249000, len 24000, type 1
VMB_MEMMAP: 2317: memmap[17]: addr 7d26d000, len 2b000, type 100
VMB_MEMMAP: 2317: memmap[18]: addr 7d298000, len 222000, type 1
VMB_MEMMAP: 2317: memmap[19]: addr 7d4ba000, len b0000, type 2
VMB_MEMMAP: 2317: memmap[20]: addr 7d56a000, len 2085000, type 1
VMB_MEMMAP: 2317: memmap[21]: addr 7f5ef000, len 11000, type 101
VMB_MEMMAP: 2317: memmap[22]: addr 7f600000, len d000, type 100
VMB_MEMMAP: 2317: memmap[23]: addr 7f60d000, len 32000, type 101
VMB_MEMMAP: 2317: memmap[24]: addr 7f63f000, len 50000, type 100
VMB_MEMMAP: 2317: memmap[25]: addr 7f68f000, len 50000, type 2
VMB_MEMMAP: 2317: memmap[26]: addr 7f6df000, len 100000, type 4
VMB_MEMMAP: 2317: memmap[27]: addr 7f7df000, len 20000, type 3
VMB_MEMMAP: 2317: memmap[28]: addr 7f7ff000, len 1000, type 1
VMB_MEMMAP: 2317: memmap[29]: addr 80000000, len 10000000, type 102
VMB_MEMMAP: 2317: memmap[30]: addr fed1c000, len 4000, type 102
VMB_MEMMAP: 2317: memmap[31]: addr ff800000, len 800000, type 102
VMB_MEMMAP: 2317: memmap[32]: addr 100000000, len 4780000000, type 1
VMB_ACPI: 940: No SPCR found.
VMB_MEMMAP: 830: Low
VMB_MEMMAP: 836: 0 0x10000 (0x5c000) type 200
VMB_MEMMAP: 836: 1 0x6d000 (0x32000) type 200
VMB_MEMMAP: 836: 2 0x100000 (0x7c3c6000) type 200
VMB_MEMMAP: 836: 3 0x7c4cb000 (0x1000) type 200
VMB_MEMMAP: 836: 4 0x7c4cd000 (0x236000) type 200
VMB_MEMMAP: 836: 5 0x7c708000 (0xa78000) type 200
VMB_MEMMAP: 836: 6 0x7d1ab000 (0x24000) type 200
VMB_MEMMAP: 836: 7 0x7d1fa000 (0x24000) type 200
VMB_MEMMAP: 836: 8 0x7d249000 (0x24000) type 200
VMB_MEMMAP: 836: 9 0x7d298000 (0x222000) type 200
VMB_MEMMAP: 836: 10 0x7d56a000 (0x2085000) type 200
VMB_MEMMAP: 836: 11 0x7f7ff000 (0x1000) type 200
VMB_MEMMAP: 839: High
VMB_MEMMAP: 845: 0 0x100000000 (0x4780000000) type 200
VMB_MEMMAP: 848: Reserved
VMB_MEMMAP: 854: 0 0x1000 (0x1000) type 202
VMB_MEMMAP: 854: 1 0x6c000 (0x1000) type 4
VMB_MEMMAP: 854: 2 0x9f000 (0x1000) type 4
VMB_MEMMAP: 854: 3 0x7c4c6000 (0x5000) type 101
VMB_MEMMAP: 854: 4 0x7c4cc000 (0x1000) type 101
VMB_MEMMAP: 854: 5 0x7c703000 (0x5000) type 101
VMB_MEMMAP: 854: 6 0x7d180000 (0x2b000) type 100
VMB_MEMMAP: 854: 7 0x7d1cf000 (0x2b000) type 100
VMB_MEMMAP: 854: 8 0x7d21e000 (0x2b000) type 100
VMB_MEMMAP: 854: 9 0x7d26d000 (0x2b000) type 100
VMB_MEMMAP: 854: 10 0x7d4ba000 (0xb0000) type 2
VMB_MEMMAP: 854: 11 0x7f5ef000 (0x11000) type 101
VMB_MEMMAP: 854: 12 0x7f600000 (0xd000) type 100
VMB_MEMMAP: 854: 13 0x7f60d000 (0x32000) type 101
VMB_MEMMAP: 854: 14 0x7f63f000 (0x50000) type 100
VMB_MEMMAP: 854: 15 0x7f68f000 (0x50000) type 2
VMB_MEMMAP: 854: 16 0x7f6df000 (0x100000) type 4
VMB_MEMMAP: 854: 17 0x7f7df000 (0x20000) type 3
VMB_MEMMAP: 854: 18 0x80000000 (0x10000000) type 102
VMB_MEMMAP: 854: 19 0xfed1c000 (0x4000) type 102
VMB_MEMMAP: 854: 20 0xff800000 (0x800000) type 102
VMB_MEMMAP: 1032: memMapLastValidMPN = 0x487ffff
VMB: 328: Efi mode active
EFI: 196: 64-bit EFI revision 4096.1
EFI: 196: 64-bit EFI revision 4096.1
VMB: 357: Could not find fbft pointer or fbpt pointer
EFI: 196: 64-bit EFI revision 4096.1
EFI: 196: 64-bit EFI revision 4096.1
VMB_MEMMAP: 1245: ignoring range [0x10 to 0x6c]
VMB_MEMMAP: 1245: ignoring range [0x6d to 0x9f]
VMB_MEMMAP: 1245: ignoring range [0x100 to 0x200]
VMB_MEMMAP: 830: Low
VMB_MEMMAP: 836: 2 0x200000 (0x200000) type 200
VMB_MEMMAP: 836: 3 0x7c4cb000 (0x1000) type 200
VMB_MEMMAP: 836: 4 0x7c4cd000 (0x236000) type 200
VMB_MEMMAP: 836: 5 0x7c708000 (0xa78000) type 200
VMB_MEMMAP: 836: 6 0x7d1ab000 (0x24000) type 200
VMB_MEMMAP: 836: 7 0x7d1fa000 (0x24000) type 200
VMB_MEMMAP: 836: 8 0x7d249000 (0x24000) type 200
VMB_MEMMAP: 836: 9 0x7d298000 (0x222000) type 200
VMB_MEMMAP: 836: 10 0x7d56a000 (0x2085000) type 200
VMB_MEMMAP: 836: 11 0x7f7ff000 (0x1000) type 200
VMB_MEMMAP: 836: 13 0x13627000 (0x68e9f000) type 200
VMB_MEMMAP: 839: High
VMB_MEMMAP: 845: 0 0x100000000 (0x4780000000) type 200
VMB_MEMMAP: 848: Reserved
VMB_MEMMAP: 854: 0 0x1000 (0x1000) type 202
VMB_MEMMAP: 854: 1 0x6c000 (0x1000) type 4
VMB_MEMMAP: 854: 2 0x9f000 (0x1000) type 4
VMB_MEMMAP: 854: 3 0x7c4c6000 (0x5000) type 101
VMB_MEMMAP: 854: 4 0x7c4cc000 (0x1000) type 101
VMB_MEMMAP: 854: 5 0x7c703000 (0x5000) type 101
VMB_MEMMAP: 854: 6 0x7d180000 (0x2b000) type 100
VMB_MEMMAP: 854: 7 0x7d1cf000 (0x2b000) type 100
VMB_MEMMAP: 854: 8 0x7d21e000 (0x2b000) type 100
VMB_MEMMAP: 854: 9 0x7d26d000 (0x2b000) type 100
VMB_MEMMAP: 854: 10 0x7d4ba000 (0xb0000) type 2
VMB_MEMMAP: 854: 11 0x7f5ef000 (0x11000) type 101
VMB_MEMMAP: 854: 12 0x7f600000 (0xd000) type 100
VMB_MEMMAP: 854: 13 0x7f60d000 (0x32000) type 101
VMB_MEMMAP: 854: 14 0x7f63f000 (0x50000) type 100
VMB_MEMMAP: 854: 15 0x7f68f000 (0x50000) type 2
VMB_MEMMAP: 854: 16 0x7f6df000 (0x100000) type 4
VMB_MEMMAP: 854: 17 0x7f7df000 (0x20000) type 3
VMB_MEMMAP: 854: 18 0x80000000 (0x10000000) type 102
VMB_MEMMAP: 854: 19 0xfed1c000 (0x4000) type 102
VMB_MEMMAP: 854: 20 0xff800000 (0x800000) type 102
VMB_MEMMAP: 854: 21 0x600000 (0x8000) type 208
VMB_MEMMAP: 854: 22 0x400000 (0x200000) type 205
VMB_MEMMAP: 854: 23 0x608000 (0x1301f000) type 203
VMB_MEMMAP: 854: 24 0x10000 (0x5c000) type 210
VMB_MEMMAP: 854: 25 0x6d000 (0x32000) type 210
VMB_MEMMAP: 854: 26 0x100000 (0x100000) type 210
VMB_ACPI: 485: Parsed SRAT table successfully. Found 2 NUMA nodes, and 24 APICs.
MemNode: 933: 3 memory nodes created
VMB: 108: Allocated 20 pages for vmkArgs
VMB: 91: VBE 1024x768x32 atrr=0xfb
VMB: 223: VBE 32 BPP, ARGB 8:8:8:8 @ (24:16:8:0), Memory Model: 6
VMB: 228: VBE Resolution: 1024x768 @       0x9a000000, 4096 Bytes Per Scanline, 16384 KB of Video RAM
VMB: 183: Framebuffer [0x9a000 - 0x9a2ff]
VMB: 150: No TPM2 table found. No TPM 2 device present.
VMB: 101: TPM IO address found is unset, using default 0xfed40000
VMB: 712: Unexpected result while reading TPM capabilities.
VMB: 713: Expected 22 bytes, received 21 bytes
VMB: 857: Could not retrieve permanent flags.
VMB: 942: Error retrieving enabled state. TPM is not ready.
VMB: 1075: Failed to initialize TPM.
VMB: 264: entries 73728
VMB: 266: entries 73728
VMB: 268: entries 32768
DirectMapShared: 793: Mapped range at 0x200000 (0x200000)
DirectMapShared: 793: Mapped range at 0x7c4cb000 (0x1000)
DirectMapShared: 793: Mapped range at 0x7c4cd000 (0x236000)
DirectMapShared: 793: Mapped range at 0x7c708000 (0xa78000)
DirectMapShared: 793: Mapped range at 0x7d1ab000 (0x24000)
DirectMapShared: 793: Mapped range at 0x7d1fa000 (0x24000)
DirectMapShared: 793: Mapped range at 0x7d249000 (0x24000)
DirectMapShared: 793: Mapped range at 0x7d298000 (0x222000)
DirectMapShared: 793: Mapped range at 0x7d56a000 (0x2085000)
DirectMapShared: 793: Mapped range at 0x7f7ff000 (0x1000)
DirectMapShared: 793: Mapped range at 0x13627000 (0x68e9f000)
DirectMapShared: 793: Mapped range at 0x100055000 (0x237ffab000)
DirectMapShared: 793: Mapped range at 0x2480058000 (0x7a8000)
DirectMapShared: 793: Mapped range at 0x2481000000 (0x23ff000000)
DirectMapShared: 793: Mapped range at 0x1000 (0x1000)
DirectMapShared: 793: Mapped range at 0x10000 (0x5c000)
DirectMapShared: 793: Mapped range at 0x6d000 (0x32000)
DirectMapShared: 793: Mapped range at 0x100000 (0x100000)
DirectMapShared: 793: Mapped range at 0x400000 (0x200000)
DirectMapShared: 793: Mapped range at 0x600000 (0x8000)
DirectMapShared: 793: Mapped range at 0x608000 (0x1301f000)
DirectMapShared: 793: Mapped range at 0x7f7df000 (0x20000)
DirectMapShared: 793: Mapped range at 0x2480000000 (0x14000)
DirectMapShared: 793: Mapped range at 0x100000000 (0x2000)
DirectMapShared: 793: Mapped range at 0x100002000 (0x53000)
DirectMapShared: 793: Mapped range at 0x2480800000 (0x800000)
DirectMapShared: 793: Mapped range at 0x2480014000 (0x44000)
VMB: 33: vmkLoadEntry = 0x0
VMB: 35: vmkLoadSeed = 0x0
VMB: 38: memmapMaxPhysicalMemMB = 0x37fffff
VMB: 41: memmapMaxRAMMB = 0x20077c0
VMB: 44: vga = TRUE
VMB: 47: vga64 = FALSE
VMB: 50: ignoreHeadless = FALSE
VMB: 52: intelTXTErrorCode = 0x0
VMB: 57: maxLogEntries = 0x0
VMB: 60: useReliableMem = TRUE
VMB: 64: fakeReliableMemMPN = 0x0
VMB: 67: memDistPolicyNumber = 0x0
VMB: 70: maxNumExtraSplitsPerNode = FALSE
VMB: 73: useNUMAInfo = TRUE
VMB: 76: scanHonoringMemMap = FALSE
VMB: 79: poisonMarker = 0xaaaaaaaaaaaaaaaa
VMB: 82: scrubIgnoredPages = FALSE
VMB: 85: fakePMemPct = 0x0
VMB: 89: injectPMemSratEntries = FALSE
VMB: 92: ignoreMsrFaults = FALSE
VMB: 100: com1_port = 0x0
VMB: 103: com1_mem = 0x0
VMB: 106: com1_bitwidth = 0x8
VMB: 109: com1_hz = 0x0
VMB: 112: com1_baud = 0x0
VMB: 118: allowLegacyCPU = FALSE
VMB: 121: vmbASLR = TRUE
VMB: 124: vmbReboot = FALSE
VMB: 127: vmbLog = FALSE
VMB: 129: vmbTestErrorPaths = FALSE
VMB: 139: vmbWrapAroundLogBuffer = FALSE
VMB: 141: vmkEarlyPoolPages = 0x10
VMB: 144: vmkBootUseLowMemory = FALSE
VMB: 146: vmkBootVerbose = FALSE
VMB: 148: vmbIgnoreStartMPN = 0x0
VMB: 150: vmbIgnoreNumMPNs = 0x0
VMB: 153: memtest = FALSE
VMB: 156: memtestAlgorithm = 0x2
VMB: 159: memtestAllAlgorithms = FALSE
VMB: 162: memtestStartMPN = 0x0
VMB: 165: memtestNumMPNs = 0x0
VMB: 168: directMapUse1GBPages = 0x2
VMB: 171: vmbLogOnScreen = FALSE
VMB: 114: vmkboot seed 0x7bfcb166c0
VMB: 334: Start fill 532520515452
VMB: 337: Finished 532530414264
VMB: 233: Sections:
VMB_MEMMAP: 830: Low
VMB_MEMMAP: 836: 0 0x608000 (0x8000) type 200
VMB_MEMMAP: 836: 1 0x620000 (0x7bea6000) type 200
VMB_MEMMAP: 836: 2 0x203000 (0x1fd000) type 200
VMB_MEMMAP: 836: 3 0x7c4cb000 (0x1000) type 200
VMB_MEMMAP: 836: 4 0x7c4cd000 (0x236000) type 200
VMB_MEMMAP: 836: 5 0x7c708000 (0xa78000) type 200
VMB_MEMMAP: 836: 6 0x7d1ab000 (0x24000) type 200
VMB_MEMMAP: 836: 7 0x7d1fa000 (0x24000) type 200
VMB_MEMMAP: 836: 8 0x7d249000 (0x24000) type 200
VMB_MEMMAP: 836: 9 0x7d298000 (0x222000) type 200
VMB_MEMMAP: 836: 10 0x7d56a000 (0x2085000) type 200
VMB_MEMMAP: 836: 11 0x7f7ff000 (0x1000) type 200
VMB_MEMMAP: 839: High
VMB_MEMMAP: 845: 0 0x10018c000 (0x74000) type 200
VMB_MEMMAP: 845: 1 0x2480176000 (0x8a000) type 200
VMB_MEMMAP: 845: 2 0x2481000000 (0x1000000) type 200
VMB_MEMMAP: 845: 3 0x13301f000 (0x234cfe1000) type 200
VMB_MEMMAP: 845: 4 0x2483c00000 (0x23fc400000) type 200
VMB_MEMMAP: 845: 5 0x100311000 (0x1fcef000) type 200
VMB_MEMMAP: 845: 6 0x2480311000 (0x4ef000) type 200
VMB_MEMMAP: 848: Reserved
VMB_MEMMAP: 854: 0 0x1000 (0x1000) type 202
VMB_MEMMAP: 854: 1 0x10000 (0x5c000) type 210
VMB_MEMMAP: 854: 2 0x6c000 (0x1000) type 4
VMB_MEMMAP: 854: 3 0x6d000 (0x32000) type 210
VMB_MEMMAP: 854: 4 0x9f000 (0x1000) type 4
VMB_MEMMAP: 854: 5 0x100000 (0x100000) type 210
VMB_MEMMAP: 854: 6 0x400000 (0x200000) type 205
VMB_MEMMAP: 854: 7 0x600000 (0x8000) type 208
VMB_MEMMAP: 854: 8 0x1000f1000 (0x1000) type 201
VMB_MEMMAP: 854: 9 0x7c4c6000 (0x5000) type 101
VMB_MEMMAP: 854: 10 0x7c4cc000 (0x1000) type 101
VMB_MEMMAP: 854: 11 0x7c703000 (0x5000) type 101
VMB_MEMMAP: 854: 12 0x7d180000 (0x2b000) type 100
VMB_MEMMAP: 854: 13 0x7d1cf000 (0x2b000) type 100
VMB_MEMMAP: 854: 14 0x7d21e000 (0x2b000) type 100
VMB_MEMMAP: 854: 15 0x7d26d000 (0x2b000) type 100
VMB_MEMMAP: 854: 16 0x7d4ba000 (0xb0000) type 2
VMB_MEMMAP: 854: 17 0x7f5ef000 (0x11000) type 101
VMB_MEMMAP: 854: 18 0x7f600000 (0xd000) type 100
VMB_MEMMAP: 854: 19 0x7f60d000 (0x32000) type 101
VMB_MEMMAP: 854: 20 0x7f63f000 (0x50000) type 100
VMB_MEMMAP: 854: 21 0x7f68f000 (0x50000) type 2
VMB_MEMMAP: 854: 22 0x7f6df000 (0x100000) type 4
VMB_MEMMAP: 854: 23 0x7f7df000 (0x20000) type 3
VMB_MEMMAP: 854: 24 0x80000000 (0x10000000) type 102
VMB_MEMMAP: 854: 25 0xfed1c000 (0x4000) type 102
VMB_MEMMAP: 854: 26 0xff800000 (0x800000) type 102
VMB_MEMMAP: 854: 27 0x2480000000 (0x14000) type 202
VMB_MEMMAP: 854: 28 0x100000000 (0x2000) type 201
VMB_MEMMAP: 854: 29 0x100002000 (0xef000) type 206
VMB_MEMMAP: 854: 30 0x2480800000 (0x800000) type 207
VMB_MEMMAP: 854: 31 0x2480014000 (0x15d000) type 206
VMB_MEMMAP: 854: 32 0x200000 (0x3000) type 205
VMB_MEMMAP: 854: 33 0x120000000 (0x1301f000) type 203
VMB_MEMMAP: 854: 34 0x1000f2000 (0x95000) type 206
VMB_MEMMAP: 854: 35 0x2482000000 (0x1c00000) type 202
VMB_MEMMAP: 854: 36 0x100187000 (0x5000) type 202
VMB_MEMMAP: 854: 37 0x610000 (0x10000) type 202
VMB_MEMMAP: 854: 38 0x2480171000 (0x5000) type 202
VMB_MEMMAP: 854: 39 0x100200000 (0x111000) type 202
VMB_MEMMAP: 854: 40 0x2480200000 (0x111000) type 202
TSC: 0 cpu0:1)Boot: 208: Parsing boot option module /jumpstrt.gz
TSC: 52688 cpu0:1)Boot: 208: Parsing boot option module /useropts.gz
TSC: 56916 cpu0:1)Boot: 200: Skipping empty boot option module /features.gz
TSC: 60368 cpu0:1)Boot: 215: Parsing command line boot options
TSC: 120392 cpu0:1)BootConfig: 48: netPreemptionEnabled = FALSE
TSC: 124204 cpu0:1)BootConfig: 51: netTcpipPreemptionEnabled = FALSE
TSC: 127500 cpu0:1)BootConfig: 54: netTcpipUpcallPreemptionEnabled = FALSE
TSC: 130836 cpu0:1)BootConfig: 57: netPollPreemptionEnabled = FALSE
TSC: 133888 cpu0:1)BootConfig: 60: netVMTxPreemptionEnabled = FALSE
TSC: 136968 cpu0:1)BootConfig: 63: netTcpipMcsLock = FALSE
TSC: 139796 cpu0:1)BootConfig: 66: netTcpipBlockableLock = FALSE
TSC: 142868 cpu0:1)BootConfig: 69: netTcpipAdaptableLock = FALSE
TSC: 145864 cpu0:1)BootConfig: 72: netBlockableLock = FALSE
TSC: 148716 cpu0:1)BootConfig: 75: netMiscPreemptionEnabled = FALSE
TSC: 151828 cpu0:1)BootConfig: 78: reliableMemPsodOnAllocFailure = FALSE
TSC: 155080 cpu0:1)BootConfig: 83: memNodeLookupTableBranchFactor = 1 (1)
TSC: 158636 cpu0:1)BootConfig: 86: coresPerPkg = 0 (0)
TSC: 161844 cpu0:1)BootConfig: 89: useNUMAInfo = TRUE
TSC: 164568 cpu0:1)BootConfig: 92: numaLatencyRemoteThresholdPct = 10 (10)
TSC: 168144 cpu0:1)BootConfig: 95: maxIntrCookies = 1024 (1024)
TSC: 171580 cpu0:1)BootConfig: 98: maxNumExtraSplitsPerNode = FALSE
TSC: 174796 cpu0:1)BootConfig: 101: sharePerNode = TRUE
TSC: 177776 cpu0:1)BootConfig: 104: maxPCPUS = 1024 (1024)
TSC: 181040 cpu0:1)BootConfig: 107: maxPCPUsNUMAInterleaving = TRUE
TSC: 184304 cpu0:1)BootConfig: 110: maxVCPUsPerCore = 0 (0)
TSC: 187432 cpu0:1)BootConfig: 113: maxVMs = 0 (0)
TSC: 190228 cpu0:1)BootConfig: 116: numSpareCoresPerLLC = 0 (0)
TSC: 193384 cpu0:1)BootConfig: 119: forceCRS = FALSE
TSC: 196152 cpu0:1)BootConfig: 122: correctBSPMTRRMasks = TRUE
TSC: 199228 cpu0:1)BootConfig: 125: updateBusIRQ = FALSE
TSC: 202112 cpu0:1)BootConfig: 128: tty1Port = default (1)
TSC: 205224 cpu0:1)BootConfig: 131: tty2Port = default (1)
TSC: 208276 cpu0:1)BootConfig: 134: logPort = default (1)
TSC: 211260 cpu0:1)BootConfig: 137: asyncSerialLogging = TRUE
TSC: 214288 cpu0:1)BootConfig: 140: gdbPort = default (1)
TSC: 217268 cpu0:1)BootConfig: 143: com1_sbdf =  (4294967295)
TSC: 220968 cpu0:1)BootConfig: 146: com2_sbdf =  (4294967295)
TSC: 224612 cpu0:1)BootConfig: 149: com1_port = 0x3f8 (1016)
TSC: 228036 cpu0:1)BootConfig: 152: com2_port = 0x2f8 (760)
TSC: 231312 cpu0:1)BootConfig: 155: com1_mem = 0 (0)
TSC: 234192 cpu0:1)BootConfig: 158: com2_mem = 0 (0)
TSC: 236984 cpu0:1)BootConfig: 161: com1_bitwidth = 8 (8)
TSC: 239984 cpu0:1)BootConfig: 164: com2_bitwidth = 8 (8)
TSC: 242940 cpu0:1)BootConfig: 167: com1_irq = 4 (4)
TSC: 245760 cpu0:1)BootConfig: 170: com2_irq = 3 (3)
TSC: 248580 cpu0:1)BootConfig: 173: com1_hz = 0 (0)
TSC: 251588 cpu0:1)BootConfig: 176: com2_hz = 0 (0)
TSC: 254320 cpu0:1)BootConfig: 179: com1_baud = 115200 (115200)
TSC: 257836 cpu0:1)BootConfig: 182: com2_baud = 115200 (115200)
TSC: 261232 cpu0:1)BootConfig: 185: serialUntrusted = TRUE
TSC: 264160 cpu0:1)BootConfig: 189: pciForceDebugDmaMapperVidDid =  (0)
TSC: 267524 cpu0:1)BootConfig: 192: serialPolledIRQ = FALSE
TSC: 270504 cpu0:1)BootConfig: 195: acpiSpcrPort = com1 (2)
TSC: 273536 cpu0:1)BootConfig: 198: executePOST = FALSE
TSC: 276352 cpu0:1)BootConfig: 201: memCheckEveryWord = FALSE
TSC: 279332 cpu0:1)BootConfig: 204: hyperthreading = TRUE
TSC: 282196 cpu0:1)BootConfig: 207: hyperthreadingMitigation = FALSE
TSC: 285412 cpu0:1)BootConfig: 210: hyperthreadingMitigationIntraVM = TRUE
TSC: 288768 cpu0:1)BootConfig: 213: maxHTPerCore = 2 (2)
TSC: 291716 cpu0:1)BootConfig: 216: logicalApicId = FALSE
TSC: 294628 cpu0:1)BootConfig: 219: x2ApicPreferred = FALSE
TSC: 297568 cpu0:1)BootConfig: 222: x2ApicForce = FALSE
TSC: 300360 cpu0:1)BootConfig: 225: dumpDiag = FALSE
TSC: 303080 cpu0:1)BootConfig: 228: fakeNUMAnodes = 0 (0)
TSC: 306040 cpu0:1)BootConfig: 231: interleaveFakeNUMAnodes = FALSE
TSC: 309240 cpu0:1)BootConfig: 234: createNoMemFakeNUMAnode = FALSE
TSC: 312368 cpu0:1)BootConfig: 237: createNoPCPUFakeNUMAnode = FALSE
TSC: 315528 cpu0:1)BootConfig: 240: hijackSCIForNMI = FALSE
TSC: 318432 cpu0:1)BootConfig: 243: realNMI = TRUE
TSC: 321100 cpu0:1)BootConfig: 246: logOnScreen = FALSE
TSC: 323956 cpu0:1)BootConfig: 249: netNumPortsets = 256 (256)
TSC: 327240 cpu0:1)BootConfig: 252: netGPHeapMaxMBPerGB = 4 (4)
TSC: 330492 cpu0:1)BootConfig: 255: netPktPoolMinMBPerGB = 0 (0)
TSC: 333712 cpu0:1)BootConfig: 258: netPktPoolMaxMBPerGB = 75 (75)
TSC: 337128 cpu0:1)BootConfig: 261: netPktHeapMinMBPerGB = 0 (0)
TSC: 340348 cpu0:1)BootConfig: 264: netPktHeapMaxMBPerGB = 6 (6)
TSC: 343548 cpu0:1)BootConfig: 267: netHeapsAdditionalMB = 0 (0)
TSC: 346732 cpu0:1)BootConfig: 270: netMaxPCPUPktCacheSize = 128 (128)
TSC: 350264 cpu0:1)BootConfig: 273: netPagePoolResvPerGB = 0 (0)
TSC: 353416 cpu0:1)BootConfig: 276: netPagePoolResvCap = 0 (0)
TSC: 356512 cpu0:1)BootConfig: 279: netPagePoolLimitPerGB = 5120 (5120)
TSC: 360096 cpu0:1)BootConfig: 282: netPagePoolLimitCap = 1048576 (1048576)
TSC: 363944 cpu0:1)BootConfig: 285: netPanicBadDevOpen = TRUE
TSC: 367012 cpu0:1)BootConfig: 288: netNetqueueEnabled = TRUE
TSC: 369976 cpu0:1)BootConfig: 291: netNetqueueMaxFiltersPerUplink = 4096 (4096)
TSC: 373784 cpu0:1)BootConfig: 294: netNetqueueMaxStaticFilters = 10240 (10240)
TSC: 377620 cpu0:1)BootConfig: 297: netNetqueueMaxLearnedFilters = 9216 (9216)
TSC: 381388 cpu0:1)BootConfig: 300: netDVSSyncEnabled = TRUE
TSC: 384412 cpu0:1)BootConfig: 303: netCoalesceTimerHdlrPcpu = 0 (0)
TSC: 387764 cpu0:1)BootConfig: 306: netMaxPktsToProcess = 64 (64)
TSC: 391096 cpu0:1)BootConfig: 309: netMaxPktsToRelease = 128 (128)
TSC: 394488 cpu0:1)BootConfig: 312: netMinPortsSystemWide = 1536 (1536)
TSC: 398028 cpu0:1)BootConfig: 315: netMinContainerPortsSystemWide = 1024 (1024)
TSC: 401724 cpu0:1)BootConfig: 318: netVSSUseEtherswitch = FALSE
TSC: 404860 cpu0:1)BootConfig: 321: storageHeapMinSize = 0 (0)
TSC: 407968 cpu0:1)BootConfig: 324: storageHeapMaxSize = 0 (0)
TSC: 411040 cpu0:1)BootConfig: 327: storageMaxDevices = 1024 (1024)
TSC: 414420 cpu0:1)BootConfig: 330: storageMaxPaths = 4096 (4096)
TSC: 417688 cpu0:1)BootConfig: 333: storageMaxVMsPerDevice = 32 (32)
TSC: 421024 cpu0:1)BootConfig: 336: isPerFileSchedModelActive = TRUE
TSC: 424248 cpu0:1)BootConfig: 339: noIOMMU = FALSE
TSC: 426960 cpu0:1)BootConfig: 343: iommuMapReservedMem = 1 (1)
TSC: 430148 cpu0:1)BootConfig: 346: panicOnInvalidRMRR = TRUE
TSC: 433168 cpu0:1)BootConfig: 349: BOOTIF =  (0)
TSC: 435976 cpu0:1)BootConfig: 352: BOOTUUID = 7d0e6366cd35d8336e5886703aad3a4f (1)
TSC: 439804 cpu0:1)BootConfig: 355: statelessBOOTIF =  (0)
TSC: 442796 cpu0:1)BootConfig: 358: vga = TRUE
TSC: 445420 cpu0:1)BootConfig: 361: vga64 = FALSE
TSC: 448092 cpu0:1)BootConfig: 364: ignoreHeadless = FALSE
TSC: 451008 cpu0:1)BootConfig: 367: smallFontForTTY = FALSE
TSC: 454156 cpu0:1)BootConfig: 370: auditMode = FALSE
TSC: 456920 cpu0:1)BootConfig: 373: rollback = FALSE
TSC: 459632 cpu0:1)BootConfig: 376: fsCheck = FALSE
TSC: 462320 cpu0:1)BootConfig: 379: busSpeedMayVary = FALSE
TSC: 465240 cpu0:1)BootConfig: 382: tscSpeedMayVary = FALSE
TSC: 468108 cpu0:1)BootConfig: 385: processorSpeedMayVary = FALSE
TSC: 471224 cpu0:1)BootConfig: 388: timerEnableTSC = TRUE
TSC: 474096 cpu0:1)BootConfig: 391: timerForceTSC = FALSE
TSC: 476940 cpu0:1)BootConfig: 394: timerEnableHPET = TRUE
TSC: 479880 cpu0:1)BootConfig: 397: timerEnableACPI = TRUE
TSC: 482820 cpu0:1)BootConfig: 400: timerInitialCountHigh = 0 (0)
TSC: 486084 cpu0:1)BootConfig: 403: tscSyncStress = 0 (0)
TSC: 489076 cpu0:1)BootConfig: 407: memmapMaxPhysicalMemMB = 0 (0)
TSC: 492316 cpu0:1)BootConfig: 411: memmapMaxRAMMB = 33585088 (33585088)
TSC: 496164 cpu0:1)BootConfig: 414: memmapStressHighBitMPNs = FALSE
TSC: 499348 cpu0:1)BootConfig: 418: buddyPhysicalMemoryDebugStruct = FALSE
TSC: 502724 cpu0:1)BootConfig: 421: checkCPUIDLimit = TRUE
TSC: 505636 cpu0:1)BootConfig: 424: vmkATKeyboard = FALSE
TSC: 508528 cpu0:1)BootConfig: 427: acpiDbgLevel = 0 (0)
TSC: 511524 cpu0:1)BootConfig: 430: debugBreak = FALSE
TSC: 514376 cpu0:1)BootConfig: 433: debugLogToSerial = 2 (2)
TSC: 517504 cpu0:1)BootConfig: 436: logSerialToTTY = 0 (0)
TSC: 520524 cpu0:1)BootConfig: 439: leaveWakeGPEsDisabled = TRUE
TSC: 523688 cpu0:1)BootConfig: 442: memLowReservedMB = 0 (0)
TSC: 526764 cpu0:1)BootConfig: 445: vmkLoadEntry = 0 (0)
TSC: 529740 cpu0:1)BootConfig: 448: vmkLoadSeed = 0 (0)
TSC: 532700 cpu0:1)BootConfig: 451: useNHCC = TRUE
TSC: 535436 cpu0:1)BootConfig: 454: testEarlyPanic = 0 (0)
TSC: 538488 cpu0:1)BootConfig: 457: minMemoryCheck = TRUE
TSC: 541404 cpu0:1)BootConfig: 460: microcodeUpdate = TRUE
TSC: 544356 cpu0:1)BootConfig: 463: microcodeUpdateForce = FALSE
TSC: 547456 cpu0:1)BootConfig: 467: skipMicrocodeCompatCheck = FALSE
TSC: 550660 cpu0:1)BootConfig: 470: ipmiEnabled = TRUE
TSC: 553488 cpu0:1)BootConfig: 473: nmiAction = 0 (0)
TSC: 556376 cpu0:1)BootConfig: 476: NUMACodeRepStress = FALSE
TSC: 559392 cpu0:1)BootConfig: 479: disableC1E = FALSE
TSC: 562208 cpu0:1)BootConfig: 482: cacheFlushImmOnAllHalt = FALSE
TSC: 565372 cpu0:1)BootConfig: 485: disableCFOH = FALSE
TSC: 568208 cpu0:1)BootConfig: 488: delayCFOH = 128 (128)
TSC: 571388 cpu0:1)BootConfig: 491: disableTurbo = FALSE
TSC: 574276 cpu0:1)BootConfig: 494: disableTopoEx = FALSE
TSC: 577172 cpu0:1)BootConfig: 497: driverVMEnabled = FALSE
TSC: 580100 cpu0:1)BootConfig: 500: driverVMAutoclaim = FALSE
TSC: 583104 cpu0:1)BootConfig: 503: driverVMAllowDevicesWithDrivers = FALSE
TSC: 586472 cpu0:1)BootConfig: 506: vmkacEnable = 1 (1)
TSC: 589392 cpu0:1)BootConfig: 509: vmkacMaxDomains = 65 (65)
TSC: 592588 cpu0:1)BootConfig: 512: vmkacMaxObjects = 60 (60)
TSC: 595744 cpu0:1)BootConfig: 515: enableValidPCIDevices = TRUE
TSC: 598880 cpu0:1)BootConfig: 518: pciSetBusMaster = TRUE
TSC: 601764 cpu0:1)BootConfig: 521: pcipDisablePciErrReporting = TRUE
TSC: 604984 cpu0:1)BootConfig: 524: enablePCIErrors = FALSE
TSC: 607928 cpu0:1)BootConfig: 527: enableAllPCIESegments = TRUE
TSC: 611032 cpu0:1)BootConfig: 530: overridePCIeHPCapableCheck = FALSE
TSC: 614292 cpu0:1)BootConfig: 533: enablePCIEHotplug = TRUE
TSC: 617248 cpu0:1)BootConfig: 536: disableACSCheck = FALSE
TSC: 620200 cpu0:1)BootConfig: 539: enableACSCheckForRP = FALSE
TSC: 623220 cpu0:1)BootConfig: 542: iovDisableIR = FALSE
TSC: 626056 cpu0:1)BootConfig: 545: pcipSaveOPROM = 0 (0)
TSC: 629076 cpu0:1)BootConfig: 548: pciBarAllocPolicy = 1 (1)
TSC: 632196 cpu0:1)BootConfig: 551: pciExperimentalFlags = 0 (0)
TSC: 635376 cpu0:1)BootConfig: 554: overrideDuplicateImageDetection = FALSE
TSC: 638780 cpu0:1)BootConfig: 557: memmapMaxEarlyPoisonMemMB = 65536 (65536)
TSC: 642584 cpu0:1)BootConfig: 561: poisonPagePool = FALSE
TSC: 645528 cpu0:1)BootConfig: 568: poisonPmem = TRUE
TSC: 648312 cpu0:1)BootConfig: 571: poisonMarker = 0xaaaaaaaaaaaaaaaa (-6148914691236517206)
TSC: 653168 cpu0:1)BootConfig: 575: scrubMemoryAfterModuleLoad = FALSE
TSC: 656544 cpu0:1)BootConfig: 579: scrubIgnoredPages = FALSE
TSC: 659800 cpu0:1)BootConfig: 583: checkPages = FALSE
TSC: 662580 cpu0:1)BootConfig: 587: tracePages = 0 (0)
TSC: 665516 cpu0:1)BootConfig: 591: preventFreePageMapping = FALSE
TSC: 668660 cpu0:1)BootConfig: 595: earlyPoisonVerify = FALSE
TSC: 671592 cpu0:1)BootConfig: 599: heapMetadataProtect = FALSE
TSC: 674660 cpu0:1)BootConfig: 603: heapMetaPoisonByte = 0x5A (90)
TSC: 677992 cpu0:1)BootConfig: 607: heapPoisonFreeMem = FALSE
TSC: 680992 cpu0:1)BootConfig: 611: heapFreePoisonByte = 0xFF (255)
TSC: 684436 cpu0:1)BootConfig: 615: heapPoisonTimerChecks = FALSE
TSC: 687548 cpu0:1)BootConfig: 619: heapCheckTimerInterval = 10 (10)
TSC: 690888 cpu0:1)BootConfig: 623: heapFreeOwnerCheck = FALSE
TSC: 693948 cpu0:1)BootConfig: 627: heapMgrTotalVASpaceGB = 2048 (2048)
TSC: 697496 cpu0:1)BootConfig: 631: heapMgr2mbTotalVASpaceGB = 5 (5)
TSC: 700836 cpu0:1)BootConfig: 635: ioAbilityChecks = FALSE
TSC: 703780 cpu0:1)BootConfig: 640: maxLogEntries = 0 (0)
TSC: 706744 cpu0:1)BootConfig: 644: intelTXTErrorCode = 0 (0)
TSC: 709832 cpu0:1)BootConfig: 647: memDistPolicyNumber = 0 (0)
TSC: 712948 cpu0:1)BootConfig: 651: dmaEngineExposeIdentityMapping = TRUE
TSC: 716352 cpu0:1)BootConfig: 655: dmaMapperPolicy = disabled (0)
TSC: 719608 cpu0:1)BootConfig: 658: numSysSchedGroups = 1000 (1000)
TSC: 722948 cpu0:1)BootConfig: 661: numActiveSysSchedGroups = 200 (200)
TSC: 726428 cpu0:1)BootConfig: 664: execInstalledOnly = FALSE
TSC: 729424 cpu0:1)BootConfig: 667: FSSNumBaseFileHandles = 4096 (4096)
TSC: 732892 cpu0:1)BootConfig: 670: uwSimScale = 0 (0)
TSC: 735800 cpu0:1)BootConfig: 673: maxCartelsPerContainer = 50 (50)
TSC: 739164 cpu0:1)BootConfig: 676: autoPartition = FALSE
TSC: 742052 cpu0:1)BootConfig: 679: autoPartitionOnlyOnceAndSkipSsd = FALSE
TSC: 745448 cpu0:1)BootConfig: 683: autoPartitionCreateUSBCoreDumpPartition = FALSE
TSC: 749028 cpu0:1)BootConfig: 686: skipPartitioningSsds = FALSE
TSC: 752088 cpu0:1)BootConfig: 690: autoPartitionDiskDumpPartitionSize = 2560 (2560)
TSC: 755888 cpu0:1)BootConfig: 694: diskDumpSlotSize = 0 (0)
TSC: 758964 cpu0:1)BootConfig: 697: autoCreateDumpFile = TRUE
TSC: 762012 cpu0:1)BootConfig: 700: useSLIT = TRUE
TSC: 764728 cpu0:1)BootConfig: 703: useReliableMem = TRUE
TSC: 767648 cpu0:1)BootConfig: 707: fakeReliableMemMPN = 0 (0)
TSC: 770764 cpu0:1)BootConfig: 710: memXferFsStartMPN = -1 (-1)
TSC: 774052 cpu0:1)BootConfig: 713: processInterruptsInWorlds = FALSE
TSC: 777300 cpu0:1)BootConfig: 716: enableAdaptableLockSupport = TRUE
TSC: 780516 cpu0:1)BootConfig: 720: interruptsDisabledPanicTimeUS = 0 (0)
TSC: 783932 cpu0:1)BootConfig: 723: preemptibleVmkapiHelpers = TRUE
TSC: 787084 cpu0:1)BootConfig: 726: preemptibleVmkapiTimers = FALSE
TSC: 790236 cpu0:1)BootConfig: 729: preemptibleVmkapiWorlds = TRUE
TSC: 793368 cpu0:1)BootConfig: 732: numNonVMXUWCartels = 1024 (1024)
TSC: 796736 cpu0:1)BootConfig: 735: userInitPath = /bin/init
TSC: 799756 cpu0:1)BootConfig: 738: userInitInteractive = FALSE
TSC: 802832 cpu0:1)BootConfig: 741: preferVmklinux = FALSE
TSC: 805728 cpu0:1)BootConfig: 744: disableVmklinux = FALSE
TSC: 808676 cpu0:1)BootConfig: 747: rtcEnableLegacy = TRUE
TSC: 811596 cpu0:1)BootConfig: 750: rtcEnableTAD = TRUE
TSC: 814420 cpu0:1)BootConfig: 753: rtcEnableEFI = TRUE
TSC: 817232 cpu0:1)BootConfig: 756: bootDeviceRescanTimeout = 1 (1)
TSC: 820476 cpu0:1)BootConfig: 759: terminateVMOnPDL = FALSE
TSC: 823436 cpu0:1)BootConfig: 762: debugHeapList =  (0)
TSC: 826412 cpu0:1)BootConfig: 765: bcNumPools = 0 (0)
TSC: 829304 cpu0:1)BootConfig: 768: FSSNumAIORequests = 0 (0)
TSC: 832380 cpu0:1)BootConfig: 771: bcCatchBufOverRun = FALSE
TSC: 835320 cpu0:1)BootConfig: 774: bc2Enable = TRUE
TSC: 838064 cpu0:1)BootConfig: 777: numOfPshareOverflowCounters = 0 (0)
TSC: 841428 cpu0:1)BootConfig: 780: scanHonoringMemMap = FALSE
TSC: 844444 cpu0:1)BootConfig: 783: rdmaRoceIPBasedGidGeneration = TRUE
TSC: 847752 cpu0:1)BootConfig: 786: preReserveMemForAsan = 0 (0)
TSC: 850924 cpu0:1)BootConfig: 789: nvdArsBootWaitMaxTimeout = 80 (80)
TSC: 854352 cpu0:1)BootConfig: 797: nvdArsErrorInject = 0 (0)
TSC: 857876 cpu0:1)BootConfig: 800: fakePMemPct = 0 (0)
TSC: 860792 cpu0:1)BootConfig: 808: autoSetupLocalPMem = 1 (1)
TSC: 863876 cpu0:1)BootConfig: 812: injectPMemSratEntries = FALSE
TSC: 866972 cpu0:1)BootConfig: 816: injectNVDIMMState = 0 (0)
TSC: 870000 cpu0:1)BootConfig: 820: labelLessNamespace = FALSE
TSC: 873060 cpu0:1)BootConfig: 825: allowDsmForNVDIMMHealth = TRUE
TSC: 876184 cpu0:1)BootConfig: 828: repostLevelTrigIntr = TRUE
TSC: 879192 cpu0:1)BootConfig: 831: intrVectRetireTimeMS = 4000 (4000)
TSC: 882652 cpu0:1)BootConfig: 834: intrBalancingEnabled = TRUE
TSC: 885692 cpu0:1)BootConfig: 837: enableVMXSandboxFeature = TRUE
TSC: 888848 cpu0:1)BootConfig: 840: devListStabilityCount = 3 (3)
TSC: 892048 cpu0:1)BootConfig: 844: SVGAScaling = 1 (1)
TSC: 894984 cpu0:1)BootConfig: 847: vtdMaxDomains = 512 (512)
TSC: 898244 cpu0:1)BootConfig: 850: vtdMaxUnits = 128 (128)
TSC: 901384 cpu0:1)BootConfig: 855: vtdSuperPages = TRUE
TSC: 904236 cpu0:1)BootConfig: 858: vtdEnableExtMode = FALSE
TSC: 907188 cpu0:1)BootConfig: 861: vtdEnablePostedIntr = FALSE
TSC: 910236 cpu0:1)BootConfig: 864: vtdEnableIRValidation = FALSE
TSC: 913364 cpu0:1)BootConfig: 867: elcr = -1 (4294967295)
TSC: 916892 cpu0:1)BootConfig: 870: disableHwrng = FALSE
TSC: 919784 cpu0:1)BootConfig: 873: devRandom = FALSE
TSC: 922552 cpu0:1)BootConfig: 876: useLMCE = FALSE
TSC: 925264 cpu0:1)BootConfig: 909: disableMSI = FALSE
TSC: 928116 cpu0:1)BootConfig: 912: cryptoUseASM = TRUE
TSC: 930960 cpu0:1)BootConfig: 915: cryptoFIPS140 = TRUE
TSC: 933896 cpu0:1)BootConfig: 918: ignoreMsrFaults = FALSE
TSC: 936884 cpu0:1)BootConfig: 920: visorfsCompressTardiskPages = TRUE
TSC: 940164 cpu0:1)BootConfig: 922: visorfsEvictUserPages = TRUE
TSC: 943240 cpu0:1)BootConfig: 924: visorfsShareRamdiskPages = TRUE
TSC: 946412 cpu0:1)BootConfig: 926: visorfsPagerReservation = 16 (16)
TSC: 949832 cpu0:1)BootConfig: 928: disablePciPassthrough = FALSE
TSC: 953008 cpu0:1)BootConfig: 931: ignoreHwSMBIOSInfo = FALSE
TSC: 956060 cpu0:1)BootConfig: 935: numReaperQueuesPct = 50 (50)
TSC: 959356 cpu0:1)BootConfig: 938: numReapersPerQueue = 2 (2)
TSC: 962544 cpu0:1)BootConfig: 941: smpPermanentlySpin = FALSE
TSC: 965536 cpu0:1)BootConfig: 943: dynamicLatency = FALSE
TSC: 968464 cpu0:1)BootConfig: 946: ignoreSigTarCheck = TRUE
TSC: 971444 cpu0:1)BootConfig: 949: healthCheckEnabled = TRUE
TSC: 974472 cpu0:1)BootConfig: 952: healthCheckPanic = TRUE
TSC: 995172 cpu0:1)ACPI: 668: <IBM   > <THURLEY >
TSC: 1000284 cpu0:1)ACPI: 395: ACPI ID: 0, APIC ID: 0, flags=0x00000001
TSC: 1004720 cpu0:1)ACPI: 395: ACPI ID: 1, APIC ID: 2, flags=0x00000001
TSC: 1008392 cpu0:1)ACPI: 395: ACPI ID: 2, APIC ID: 4, flags=0x00000001
TSC: 1011932 cpu0:1)ACPI: 395: ACPI ID: 3, APIC ID: 16, flags=0x00000001
TSC: 1015580 cpu0:1)ACPI: 395: ACPI ID: 4, APIC ID: 18, flags=0x00000001
TSC: 1019256 cpu0:1)ACPI: 395: ACPI ID: 5, APIC ID: 20, flags=0x00000001
TSC: 1022936 cpu0:1)ACPI: 395: ACPI ID: 6, APIC ID: 32, flags=0x00000001
TSC: 1026596 cpu0:1)ACPI: 395: ACPI ID: 7, APIC ID: 34, flags=0x00000001
TSC: 1030280 cpu0:1)ACPI: 395: ACPI ID: 8, APIC ID: 36, flags=0x00000001
TSC: 1033972 cpu0:1)ACPI: 395: ACPI ID: 9, APIC ID: 48, flags=0x00000001
TSC: 1037648 cpu0:1)ACPI: 395: ACPI ID: 10, APIC ID: 50, flags=0x00000001
TSC: 1041316 cpu0:1)ACPI: 395: ACPI ID: 11, APIC ID: 52, flags=0x00000001
TSC: 1044972 cpu0:1)ACPI: 395: ACPI ID: 12, APIC ID: 1, flags=0x00000001
TSC: 1048616 cpu0:1)ACPI: 395: ACPI ID: 13, APIC ID: 3, flags=0x00000001
TSC: 1052272 cpu0:1)ACPI: 395: ACPI ID: 14, APIC ID: 5, flags=0x00000001
TSC: 1056332 cpu0:1)ACPI: 395: ACPI ID: 15, APIC ID: 17, flags=0x00000001
TSC: 1060252 cpu0:1)ACPI: 395: ACPI ID: 16, APIC ID: 19, flags=0x00000001
TSC: 1064160 cpu0:1)ACPI: 395: ACPI ID: 17, APIC ID: 21, flags=0x00000001
TSC: 1068108 cpu0:1)ACPI: 395: ACPI ID: 18, APIC ID: 33, flags=0x00000001
TSC: 1072012 cpu0:1)ACPI: 395: ACPI ID: 19, APIC ID: 35, flags=0x00000001
TSC: 1075896 cpu0:1)ACPI: 395: ACPI ID: 20, APIC ID: 37, flags=0x00000001
TSC: 1079964 cpu0:1)ACPI: 395: ACPI ID: 21, APIC ID: 49, flags=0x00000001
TSC: 1084128 cpu0:1)ACPI: 395: ACPI ID: 22, APIC ID: 51, flags=0x00000001
TSC: 1088048 cpu0:1)ACPI: 395: ACPI ID: 23, APIC ID: 53, flags=0x00000001
TSC: 1097068 cpu0:1)ACPI: 473: IOAPIC 8 @ 0xfec00000 has 24 pins
TSC: 1104324 cpu0:1)ACPI: 473: IOAPIC 9 @ 0xfec80000 has 24 pins
TSC: 1108604 cpu0:1)ACPI: 510: override source=0, global intr=2, polarity=0, trigger=0
TSC: 1113032 cpu0:1)ACPI: 510: override source=9, global intr=9, polarity=1, trigger=3
TSC: 1126320 cpu0:1)ACPI: 781: SRAT Proc: APIC 0, Node 0, flags=000000x1
TSC: 1131540 cpu0:1)ACPI: 781: SRAT Proc: APIC 2, Node 0, flags=000000x1
TSC: 1135536 cpu0:1)ACPI: 781: SRAT Proc: APIC 4, Node 0, flags=000000x1
TSC: 1139436 cpu0:1)ACPI: 781: SRAT Proc: APIC 16, Node 0, flags=000000x1
TSC: 1143432 cpu0:1)ACPI: 781: SRAT Proc: APIC 18, Node 0, flags=000000x1
TSC: 1147624 cpu0:1)ACPI: 781: SRAT Proc: APIC 20, Node 0, flags=000000x1
TSC: 1151580 cpu0:1)ACPI: 781: SRAT Proc: APIC 32, Node 1, flags=000000x1
TSC: 1155612 cpu0:1)ACPI: 781: SRAT Proc: APIC 34, Node 1, flags=000000x1
TSC: 1159660 cpu0:1)ACPI: 781: SRAT Proc: APIC 36, Node 1, flags=000000x1
TSC: 1163660 cpu0:1)ACPI: 781: SRAT Proc: APIC 48, Node 1, flags=000000x1
TSC: 1167688 cpu0:1)ACPI: 781: SRAT Proc: APIC 50, Node 1, flags=000000x1
TSC: 1171668 cpu0:1)ACPI: 781: SRAT Proc: APIC 52, Node 1, flags=000000x1
TSC: 1175424 cpu0:1)ACPI: 781: SRAT Proc: APIC 1, Node 0, flags=000000x1
TSC: 1179096 cpu0:1)ACPI: 781: SRAT Proc: APIC 3, Node 0, flags=000000x1
TSC: 1182812 cpu0:1)ACPI: 781: SRAT Proc: APIC 5, Node 0, flags=000000x1
TSC: 1186496 cpu0:1)ACPI: 781: SRAT Proc: APIC 17, Node 0, flags=000000x1
TSC: 1190276 cpu0:1)ACPI: 781: SRAT Proc: APIC 19, Node 0, flags=000000x1
TSC: 1194060 cpu0:1)ACPI: 781: SRAT Proc: APIC 21, Node 0, flags=000000x1
TSC: 1197876 cpu0:1)ACPI: 781: SRAT Proc: APIC 33, Node 1, flags=000000x1
TSC: 1201704 cpu0:1)ACPI: 781: SRAT Proc: APIC 35, Node 1, flags=000000x1
TSC: 1205492 cpu0:1)ACPI: 781: SRAT Proc: APIC 37, Node 1, flags=000000x1
TSC: 1209280 cpu0:1)ACPI: 781: SRAT Proc: APIC 49, Node 1, flags=000000x1
TSC: 1213052 cpu0:1)ACPI: 781: SRAT Proc: APIC 51, Node 1, flags=000000x1
TSC: 1216824 cpu0:1)ACPI: 781: SRAT Proc: APIC 53, Node 1, flags=000000x1
TSC: 1221020 cpu0:1)ACPI: 778: SRAT mem: Node 0, start=0x000000000 size=0x080000000, flags=0x00000001
TSC: 1228228 cpu0:1)ACPI: 778: SRAT mem: Node 0, start=0x100000000 size=0x2380000000, flags=0x00000001
TSC: 1234060 cpu0:1)ACPI: 778: SRAT mem: Node 1, start=0x2480000000 size=0x2400000000, flags=0x00000001
TSC: 1245060 cpu0:1)Config: 703: "enablePMemDataStore" = 1, Old Value: 0, (Status: 0x0)
TSC: 1249648 cpu0:1)Config: 703: "enableVPMem" = 1, Old Value: 0, (Status: 0x0)
TSC: 1257036 cpu0:1)NUMA: 1717: 2 real nodes found
TSC: 1440064 cpu0:1)MemNode: 933: 3 memory nodes created
TSC: 1444584 cpu0:1)MemMap: 2564: nodes=3
TSC: 632411436 cpu0:1)XMap: 544: Allocating 8193 pages for allocator
TSC: 659070964 cpu0:1)XMap: 580: Available range: 0x4501c4000 - 0x4509c0000 (8372224 pages)
TSC: 659091492 cpu0:1)XMap: 592: XMap ready.
TSC: 661028284 cpu0:1)AcpiTimer: 98: 24-bit ACPI PM timer at I/O port address 0x588
TSC: 661296776 cpu0:1)Boot: 208: Parsing boot option module /jumpstrt.gz
TSC: 661314472 cpu0:1)Boot: 208: Parsing boot option module /useropts.gz
TSC: 661319212 cpu0:1)Boot: 200: Skipping empty boot option module /features.gz
TSC: 661324084 cpu0:1)Boot: 217: Parsing advanced command line boot options
TSC: 6002972828 cpu0:1)Timer: 746: cpu 0: early measured tsc speed is 2666760978 Hz
0:00:00:00.000 cpu0:1)Init: 385: Time spent in vmkBoot: 507258 us
0:00:00:00.000 cpu0:1)Serial: 773: Serial port com1 will use vmkernel's boot option configuration.
0:00:00:00.000 cpu0:1)Serial: 656: com1 config: IO port = 0x3f8, IRQ = 4, baud rate = 115200, reg-bit-width = 8
0:00:00:00.000 cpu0:1)Serial: 751: com1: 8250 (1843200 Hz) at 0x3f8
0:00:00:00.000 cpu0:1)Serial: 773: Serial port com2 will use vmkernel's boot option configuration.
0:00:00:00.000 cpu0:1)Serial: 656: com2 config: IO port = 0x2f8, IRQ = 3, baud rate = 115200, reg-bit-width = 8
0:00:00:00.000 cpu0:1)Serial: 751: com2: 8250 (1843200 Hz) at 0x2f8
0:00:00:00.001 cpu0:1)MicrocodeUpdate: 209: Updated CPU0 from patch level 1a to 1f
0:00:00:00.001 cpu0:1)Cpu: 942: id1.version 206c2
0:00:00:00.001 cpu0:1)APIC: 263: x2APIC: CPUID=0, fw opt out=0, preferred=0, force=0, in use=0
0:00:00:00.001 cpu0:1)CPUIntel: 811: C1E feature disabled by the BIOS
0:00:00:00.001 cpu0:1)Cpu: 1371: numCores 6, numHT 2
0:00:00:00.001 cpu0:1)Cpu: 1373: L2 cache : size 262144, assoc. 8
0:00:00:00.001 cpu0:1)Cpu: 1375: L3 cache : size 12582912, assoc. 16
0:00:00:00.001 cpu0:1)MicrocodeUpdate: 247: Microcode Update Signature (MSR 0x8b): 0x0000001f
0:00:00:00.001 cpu0:1)MicrocodeUpdate: 248: Platform ID (MSR 0x17): 0x0
0:00:00:00.001 cpu0:1)MTRR: 831: 40 physical bits, 48 virtual bits
0:00:00:00.001 cpu0:1)MTRR: 691: MTRR: cap=0xd0a with 10 variable MTRRs on BSP 0
0:00:00:00.001 cpu0:1)MTRR: 745: MTRR: deftype=0xc00, enabled bit=1 and default type=0
0:00:00:00.001 cpu0:1)MTRR: 345: Variable MTRR 0: base=0x6 mask=0xff80000800
0:00:00:00.001 cpu0:1)MTRR: 345: Variable MTRR 1: base=0x100000006 mask=0xff00000800
0:00:00:00.001 cpu0:1)MTRR: 345: Variable MTRR 2: base=0x200000006 mask=0xfe00000800
0:00:00:00.001 cpu0:1)MTRR: 345: Variable MTRR 3: base=0x400000006 mask=0xfc00000800
0:00:00:00.001 cpu0:1)MTRR: 345: Variable MTRR 4: base=0x800000006 mask=0xf800000800
0:00:00:00.001 cpu0:1)MTRR: 345: Variable MTRR 5: base=0x1000000006 mask=0xf000000800
0:00:00:00.001 cpu0:1)MTRR: 345: Variable MTRR 6: base=0x2000000006 mask=0xe000000800
0:00:00:00.001 cpu0:1)MTRR: 345: Variable MTRR 7: base=0x4000000006 mask=0xc000000800
0:00:00:00.001 cpu0:1)MTRR: 559: start=0x0 type=0x606060606060606
0:00:00:00.001 cpu0:1)MTRR: 559: start=0x80000 type=0x606060606060606
0:00:00:00.001 cpu0:1)MTRR: 559: start=0xa0000 type=0x0
0:00:00:00.001 cpu0:1)MTRR: 559: start=0xc0000 type=0x0
0:00:00:00.001 cpu0:1)MTRR: 559: start=0xc8000 type=0x0
0:00:00:00.001 cpu0:1)MTRR: 559: start=0xd0000 type=0x0
0:00:00:00.001 cpu0:1)MTRR: 559: start=0xd8000 type=0x0
0:00:00:00.001 cpu0:1)MTRR: 559: start=0xe0000 type=0x0
0:00:00:00.001 cpu0:1)MTRR: 559: start=0xe8000 type=0x0
0:00:00:00.001 cpu0:1)MTRR: 559: start=0xf0000 type=0x0
0:00:00:00.001 cpu0:1)MTRR: 559: start=0xf8000 type=0x0
0:00:00:00.002 cpu0:1)Init: 55: BSP Apic ID: 0
0:00:00:00.002 cpu0:1)Vesa: 90: VBE Mode: 0x11e, bpp: 32, Memmode: 0x6, RGBA: 8:8:8:8 @ (16:8:0:24)
0:00:00:00.002 cpu0:1)Vesa: 112: VBE Resolution: 1024 x 768 @ 0x9a000000 (BytesPerScanline: 4096, TotalMemory: 256)
0:00:00:00.068 cpu0:1)Keyboard: 114: keyboard disabled in ACPI FADT
0:00:00:00.136 cpu0:1)Starting VMKernel initialization ...
0:00:00:00.139 cpu0:1)PShare: 2996: pshare: sharePerNode 1
0:00:00:00.139 cpu0:1)PShare: 3250: Number of overflow counters = 36736
0:00:00:00.139 cpu0:1)EFI: 196: 64-bit EFI revision 4096.1
0:00:00:00.139 cpu0:1)SMBIOS: 888: SMBIOS Struct Table Address: 0x7f6bc000 Length: 4336 Version: 2.5
0:00:00:00.139 cpu0:1)Chipset: 77: ELCR read as 0x0
0:00:00:00.139 cpu0:1)SMP: 887: Using ACPI for cpu information, numPCPUs=24
0:00:00:00.139 cpu0:1)SMP: 1198: 2 hyperthreading enabled
0:00:00:00.139 cpu0:1)World: 1039: Max VCPUs = 384, max VMs = 384, max recommended VMs = 384 (ph=294898 hc=279248, so=14286)
0:00:00:00.147 cpu0:1)MemSched: 7230: status Success heap 0x43008ec5d000
0:00:00:00.153 cpu0:1)Init: 573: Done
0:00:00:00.156 cpu0:1)Init: 598: Continuing init
0:00:00:00.156 cpu0:1)Initializing memory ...
0:00:00:00.585 cpu0:1)MemMap: 3758: Reserving 98304 pages as low reserved memory (75053879, 511195)
0:00:00:00.585 cpu0:1)Net: 841: Maximum active ports supported on the host: 5376
0:00:00:00.585 cpu0:1)Net: 176: VMKernel networking is running in non-preemptible mode
0:00:00:00.585 cpu0:1)PRDA: 826: Current page root: 0x2480129000
0:00:00:00.585 cpu0:1)PRDA: 764: PCPU 0 on Node 0: PRDA MPN 0x13c000
0:00:00:00.585 cpu0:1)PRDA: 764: PCPU 1 on Node 0: PRDA MPN 0x13c200
0:00:00:00.585 cpu0:1)PRDA: 764: PCPU 2 on Node 0: PRDA MPN 0x13c400
0:00:00:00.585 cpu0:1)PRDA: 764: PCPU 3 on Node 0: PRDA MPN 0x13c600
0:00:00:00.585 cpu0:1)PRDA: 764: PCPU 4 on Node 0: PRDA MPN 0x13c800
0:00:00:00.585 cpu0:1)PRDA: 764: PCPU 5 on Node 0: PRDA MPN 0x13ca00
0:00:00:00.585 cpu0:1)PRDA: 764: PCPU 6 on Node 0: PRDA MPN 0x13cc00
0:00:00:00.585 cpu0:1)PRDA: 764: PCPU 7 on Node 0: PRDA MPN 0x13ce00
0:00:00:00.585 cpu0:1)PRDA: 764: PCPU 8 on Node 0: PRDA MPN 0x13d000
0:00:00:00.585 cpu0:1)PRDA: 764: PCPU 9 on Node 0: PRDA MPN 0x13d200
0:00:00:00.585 cpu0:1)PRDA: 764: PCPU 10 on Node 0: PRDA MPN 0x13d400
0:00:00:00.585 cpu0:1)PRDA: 764: PCPU 11 on Node 0: PRDA MPN 0x13d600
0:00:00:00.585 cpu0:1)PRDA: 764: PCPU 12 on Node 1: PRDA MPN 0x24ac000
0:00:00:00.585 cpu0:1)PRDA: 764: PCPU 13 on Node 1: PRDA MPN 0x24ac200
0:00:00:00.585 cpu0:1)PRDA: 764: PCPU 14 on Node 1: PRDA MPN 0x24ac400
0:00:00:00.585 cpu0:1)PRDA: 764: PCPU 15 on Node 1: PRDA MPN 0x24ac600
0:00:00:00.585 cpu0:1)PRDA: 764: PCPU 16 on Node 1: PRDA MPN 0x24ac800
0:00:00:00.585 cpu0:1)PRDA: 764: PCPU 17 on Node 1: PRDA MPN 0x24aca00
0:00:00:00.585 cpu0:1)PRDA: 764: PCPU 18 on Node 1: PRDA MPN 0x24acc00
0:00:00:00.585 cpu0:1)PRDA: 764: PCPU 19 on Node 1: PRDA MPN 0x24ace00
0:00:00:00.585 cpu0:1)PRDA: 764: PCPU 20 on Node 1: PRDA MPN 0x24ad000
0:00:00:00.585 cpu0:1)PRDA: 764: PCPU 21 on Node 1: PRDA MPN 0x24ad200
0:00:00:00.585 cpu0:1)PRDA: 764: PCPU 22 on Node 1: PRDA MPN 0x24ad400
0:00:00:00.585 cpu0:1)PRDA: 764: PCPU 23 on Node 1: PRDA MPN 0x24ad600
0:00:00:00.585 cpu0:1)IntrCookie: 5338: Initializing interrupt cookie manager ...
0:00:00:00.585 cpu0:1)IntrCookie: 5395: 1024 interrupt cookies supported
0:00:00:00.586 cpu0:1)Initializing hardware support ...
ACPI: RSDP 0x7f7fe014 00024 (v02 IBM   )
ACPI: XSDT 0x7f7fe120 00084 (v01 IBM    THURLEY  00000000      01000013)
ACPI: FACP 0x7f7fb000 000F4 (v04 IBM    THURLEY  00000000 IBM  01000013)
ACPI Warning: Invalid length for Pm1aControlBlock: 32, using default 160:00:00:00.588 cpu0:1) (20120215/tbfadt-747)
ACPI: DSDT 0x7f7f8000 02C3E (v01 IBM    THURLEY  00000003 IBM  01000013)
ACPI: FACS 0x7f6ea000 00040
ACPI: TCPA 0x7f7fd000 00064 (v00                 00000000      00000000)
ACPI: APIC 0x7f7f7000 0011E (v02 IBM    THURLEY  00000000 IBM  01000013)
ACPI: MCFG 0x7f7f6000 0003C (v01 IBM    THURLEY  00000001 IBM  01000013)
ACPI: SLIC 0x7f7f5000 00176 (v01 IBM    THURLEY  00000000 IBM  01000013)
ACPI: HPET 0x7f7f4000 00038 (v01 IBM    THURLEY  00000001 IBM  01000013)
ACPI: SRAT 0x7f7f3000 00228 (v02 IBM    THURLEY  00000001 IBM  01000013)
ACPI: SLIT 0x7f7f2000 00030 (v01 IBM    THURLEY  00000000 IBM  01000013)
ACPI: SSDT 0x7f7f1000 00183 (v02 IBM    CPUSCOPE 00004000 IBM  01000013)
ACPI: SSDT 0x7f7f0000 00699 (v02 IBM    CPUWYVRN 00004000 IBM  01000013)
ACPI: SSDT 0x7f7ea000 059FC (v02 IBM    PSTATEPM 00004000 IBM  01000013)
ACPI: ERST 0x7f7e9000 00230 (v01 IBM    THURLEY  00000001 IBM  01000013)
0:00:00:00.588 cpu0:1)VMKAcpi: 1995: Enabling all PCIE segments (1) discovered
0:00:00:00.594 cpu0:1)APIC: 1346: Using flat physical mode for destination
0:00:00:00.594 cpu0:1)APIC: 714: APIC type 1 shift 24 mask 0xff000000
0:00:00:00.594 cpu0:1)APIC: 754: enabling LINT1 as NMI
0:00:00:00.594 cpu0:1)APIC: 791: CMCI support present and available.
0:00:00:00.594 cpu0:1)APIC: 1091: using 0xef/0xf4 for APIC timer
0:00:00:00.595 cpu0:1)Vmkperf: 896: Architectural performance monitoring version = 3
0:00:00:00.595 cpu0:1)Vmkperf: 947: Number of performance counters: architectural 4, fixed_functional 3, off_core 2, Perf counter width = 48
0:00:00:00.595 cpu0:1)Vmkperf: 3652: 0 perf counters in use by BIOS
0:00:00:00.595 cpu0:1)Vmkperf: 3653: 0 perf counters are not functional
0:00:00:00.595 cpu0:1)Initializing timing ...
0:00:00:00.598 cpu0:1)HPET: 254: 64-bit, 14318179 Hz HPET at 0xfed00
0:00:00:00.598 cpu0:1)HPET: 256: HPET capabilities 0x429b17f8086a301, configuration 0x0
0:00:00:00.598 cpu0:1)HPET: 146: 1000 calls to HPETRead32() took 1432684 TSC cycles
0:00:00:00.599 cpu0:1)HPET: 147: 1000 calls to HPETRead() took 1434520 TSC cycles
0:00:00:00.629 cpu0:1)HPET: 165: Counter start 16086, end 445632, diffUS 30000
0:00:00:02.629 cpu0:1)Timer: 1453: cpu 0: measured cpu speed: 2666761036 Hz, TSC speed: 2666760978 Hz, bus speed: 133338038 Hz
0:00:00:02.629 cpu0:1)Initializing scheduler ...
0:00:00:02.632 cpu0:1)CpuSched: 4438: defaultAffinity="0xffffff"
0:00:00:02.633 cpu0:1)CpuSched: 119: Will use MWAIT to enter C1
0:00:00:02.634 cpu0:1)MemSched: 8458: Updated free state thresholds: minFreePages: 911246, highStatePct: 300, softStatePct: 64,hardStatePct: 32, lowStatePct: 16
0:00:00:02.634 cpu0:1)NUMASched: 13498: initialized NUMASched
0:00:00:02.634 cpu0:1)Sched: 166: Sched QoS feature flag: 0
0:00:00:02.643 cpu0:1)VmkAccess: 142: VMkernel Access Control Subsystem initalized
0:00:00:02.648 cpu0:1)Reaper: 535: nReaperQueues=12 nReapersPerQ=2
0:00:00:02.648 cpu0:1)World: 529: cpuidFeatures = 0xbfebfbff
0:00:00:02.648 cpu0:2097152)Sched: vm 2097152: 1519: name='bootstrap'
0:00:00:02.648 cpu0:2097152)SMP: 1386: Booting APs with trampoline @ 0x1000...
0:00:00:02.648 cpu0:2097152)SMP: 1418: Kicking pcpu 1, apicID 0x00000001
0:00:00:02.659 cpu1:1)SMP: 141: pcpu 1 is alive
0:00:00:02.660 cpu1:2097153)Cpu: 942: id1.version 206c2
0:00:00:02.660 cpu1:2097153)MicrocodeUpdate: 247: Microcode Update Signature (MSR 0x8b): 0x0000001f
0:00:00:02.660 cpu1:2097153)MicrocodeUpdate: 248: Platform ID (MSR 0x17): 0x0
0:00:00:02.660 cpu1:2097153)Cpu: 106: Changed PAT MSR from 0x7040600070406 to 0x7010600070106
0:00:00:02.661 cpu1:2097153)TSCSync: 432: TSC in sync with cpu0; offset within [-48,44]
0:00:00:02.662 cpu0:2097152)SMP: 1418: Kicking pcpu 2, apicID 0x00000002
0:00:00:02.672 cpu2:1)SMP: 141: pcpu 2 is alive
0:00:00:02.673 cpu2:2097154)MicrocodeUpdate: 209: Updated CPU2 from patch level 1a to 1f
0:00:00:02.673 cpu2:2097154)Cpu: 942: id1.version 206c2
0:00:00:02.673 cpu2:2097154)MicrocodeUpdate: 247: Microcode Update Signature (MSR 0x8b): 0x0000001f
0:00:00:02.673 cpu2:2097154)MicrocodeUpdate: 248: Platform ID (MSR 0x17): 0x0
0:00:00:02.673 cpu2:2097154)MTRR: 691: MTRR: cap=0xd0a with 10 variable MTRRs on AP 2
0:00:00:02.673 cpu2:2097154)Cpu: 106: Changed PAT MSR from 0x7040600070406 to 0x7010600070106
0:00:00:02.674 cpu2:2097154)TSCSync: 432: TSC in sync with cpu0; offset within [-88,92]
0:00:00:02.674 cpu0:2097152)SMP: 1418: Kicking pcpu 3, apicID 0x00000003
0:00:00:02.685 cpu3:1)SMP: 141: pcpu 3 is alive
0:00:00:02.686 cpu3:2097155)Cpu: 942: id1.version 206c2
0:00:00:02.686 cpu3:2097155)MicrocodeUpdate: 247: Microcode Update Signature (MSR 0x8b): 0x0000001f
0:00:00:02.686 cpu3:2097155)MicrocodeUpdate: 248: Platform ID (MSR 0x17): 0x0
0:00:00:02.686 cpu3:2097155)Cpu: 106: Changed PAT MSR from 0x7040600070406 to 0x7010600070106
0:00:00:02.687 cpu3:2097155)TSCSync: 432: TSC in sync with cpu2; offset within [-44,48]
0:00:00:02.688 cpu3:2097155)TSCSync: 432: TSC in sync with cpu0; offset within [-92,92]
0:00:00:02.688 cpu0:2097152)SMP: 1418: Kicking pcpu 4, apicID 0x00000004
0:00:00:02.699 cpu4:1)SMP: 141: pcpu 4 is alive
0:00:00:02.700 cpu4:2097156)MicrocodeUpdate: 209: Updated CPU4 from patch level 1a to 1f
0:00:00:02.700 cpu4:2097156)Cpu: 942: id1.version 206c2
0:00:00:02.700 cpu4:2097156)MicrocodeUpdate: 247: Microcode Update Signature (MSR 0x8b): 0x0000001f
0:00:00:02.700 cpu4:2097156)MicrocodeUpdate: 248: Platform ID (MSR 0x17): 0x0
0:00:00:02.700 cpu4:2097156)MTRR: 691: MTRR: cap=0xd0a with 10 variable MTRRs on AP 4
0:00:00:02.700 cpu4:2097156)Cpu: 106: Changed PAT MSR from 0x7040600070406 to 0x7010600070106
0:00:00:02.701 cpu4:2097156)TSCSync: 432: TSC in sync with cpu0; offset within [-88,92]
0:00:00:02.701 cpu0:2097152)SMP: 1418: Kicking pcpu 5, apicID 0x00000005
0:00:00:02.712 cpu5:1)SMP: 141: pcpu 5 is alive
0:00:00:02.712 cpu5:2097157)Cpu: 942: id1.version 206c2
0:00:00:02.712 cpu5:2097157)MicrocodeUpdate: 247: Microcode Update Signature (MSR 0x8b): 0x0000001f
0:00:00:02.712 cpu5:2097157)MicrocodeUpdate: 248: Platform ID (MSR 0x17): 0x0
0:00:00:02.712 cpu5:2097157)Cpu: 106: Changed PAT MSR from 0x7040600070406 to 0x7010600070106
0:00:00:02.714 cpu5:2097157)TSCSync: 432: TSC in sync with cpu4; offset within [-44,48]
0:00:00:02.715 cpu5:2097157)TSCSync: 432: TSC in sync with cpu0; offset within [-92,92]
0:00:00:02.715 cpu0:2097152)SMP: 1418: Kicking pcpu 6, apicID 0x00000010
0:00:00:02.726 cpu6:1)SMP: 141: pcpu 6 is alive
0:00:00:02.727 cpu6:2097158)MicrocodeUpdate: 209: Updated CPU6 from patch level 1a to 1f
0:00:00:02.727 cpu6:2097158)Cpu: 942: id1.version 206c2
0:00:00:02.727 cpu6:2097158)MicrocodeUpdate: 247: Microcode Update Signature (MSR 0x8b): 0x0000001f
0:00:00:02.727 cpu6:2097158)MicrocodeUpdate: 248: Platform ID (MSR 0x17): 0x0
0:00:00:02.727 cpu6:2097158)MTRR: 691: MTRR: cap=0xd0a with 10 variable MTRRs on AP 6
0:00:00:02.727 cpu6:2097158)Cpu: 106: Changed PAT MSR from 0x7040600070406 to 0x7010600070106
0:00:00:02.728 cpu6:2097158)TSCSync: 432: TSC in sync with cpu0; offset within [-88,92]
0:00:00:02.728 cpu0:2097152)SMP: 1418: Kicking pcpu 7, apicID 0x00000011
0:00:00:02.739 cpu7:1)SMP: 141: pcpu 7 is alive
0:00:00:02.739 cpu7:2097159)Cpu: 942: id1.version 206c2
0:00:00:02.739 cpu7:2097159)MicrocodeUpdate: 247: Microcode Update Signature (MSR 0x8b): 0x0000001f
0:00:00:02.739 cpu7:2097159)MicrocodeUpdate: 248: Platform ID (MSR 0x17): 0x0
0:00:00:02.739 cpu7:2097159)Cpu: 106: Changed PAT MSR from 0x7040600070406 to 0x7010600070106
0:00:00:02.740 cpu7:2097159)TSCSync: 432: TSC in sync with cpu6; offset within [-44,48]
0:00:00:02.742 cpu7:2097159)TSCSync: 432: TSC in sync with cpu0; offset within [-92,92]
0:00:00:02.742 cpu0:2097152)SMP: 1418: Kicking pcpu 8, apicID 0x00000012
0:00:00:02.753 cpu8:1)SMP: 141: pcpu 8 is alive
0:00:00:02.753 cpu8:2097160)MicrocodeUpdate: 209: Updated CPU8 from patch level 1a to 1f
0:00:00:02.753 cpu8:2097160)Cpu: 942: id1.version 206c2
0:00:00:02.753 cpu8:2097160)MicrocodeUpdate: 247: Microcode Update Signature (MSR 0x8b): 0x0000001f
0:00:00:02.753 cpu8:2097160)MicrocodeUpdate: 248: Platform ID (MSR 0x17): 0x0
0:00:00:02.753 cpu8:2097160)MTRR: 691: MTRR: cap=0xd0a with 10 variable MTRRs on AP 8
0:00:00:02.753 cpu8:2097160)Cpu: 106: Changed PAT MSR from 0x7040600070406 to 0x7010600070106
0:00:00:02.754 cpu8:2097160)TSCSync: 432: TSC in sync with cpu0; offset within [-88,88]
0:00:00:02.755 cpu0:2097152)SMP: 1418: Kicking pcpu 9, apicID 0x00000013
0:00:00:02.765 cpu9:1)SMP: 141: pcpu 9 is alive
0:00:00:02.766 cpu9:2097161)Cpu: 942: id1.version 206c2
0:00:00:02.766 cpu9:2097161)MicrocodeUpdate: 247: Microcode Update Signature (MSR 0x8b): 0x0000001f
0:00:00:02.766 cpu9:2097161)MicrocodeUpdate: 248: Platform ID (MSR 0x17): 0x0
0:00:00:02.766 cpu9:2097161)Cpu: 106: Changed PAT MSR from 0x7040600070406 to 0x7010600070106
0:00:00:02.767 cpu9:2097161)TSCSync: 432: TSC in sync with cpu8; offset within [-44,44]
0:00:00:02.768 cpu9:2097161)TSCSync: 432: TSC in sync with cpu0; offset within [-88,88]
0:00:00:02.768 cpu0:2097152)SMP: 1418: Kicking pcpu 10, apicID 0x00000014
0:00:00:02.779 cpu10:1)SMP: 141: pcpu 10 is alive
0:00:00:02.780 cpu10:2097162)MicrocodeUpdate: 209: Updated CPU10 from patch level 1a to 1f
0:00:00:02.780 cpu10:2097162)Cpu: 942: id1.version 206c2
0:00:00:02.780 cpu10:2097162)MicrocodeUpdate: 247: Microcode Update Signature (MSR 0x8b): 0x0000001f
0:00:00:02.780 cpu10:2097162)MicrocodeUpdate: 248: Platform ID (MSR 0x17): 0x0
0:00:00:02.780 cpu10:2097162)MTRR: 691: MTRR: cap=0xd0a with 10 variable MTRRs on AP 10
0:00:00:02.780 cpu10:2097162)Cpu: 106: Changed PAT MSR from 0x7040600070406 to 0x7010600070106
0:00:00:02.781 cpu10:2097162)TSCSync: 432: TSC in sync with cpu0; offset within [-88,88]
0:00:00:02.781 cpu0:2097152)SMP: 1418: Kicking pcpu 11, apicID 0x00000015
0:00:00:02.792 cpu11:1)SMP: 141: pcpu 11 is alive
0:00:00:02.792 cpu11:2097163)Cpu: 942: id1.version 206c2
0:00:00:02.792 cpu11:2097163)MicrocodeUpdate: 247: Microcode Update Signature (MSR 0x8b): 0x0000001f
0:00:00:02.792 cpu11:2097163)MicrocodeUpdate: 248: Platform ID (MSR 0x17): 0x0
0:00:00:02.792 cpu11:2097163)Cpu: 106: Changed PAT MSR from 0x7040600070406 to 0x7010600070106
0:00:00:02.794 cpu11:2097163)TSCSync: 432: TSC in sync with cpu10; offset within [-48,44]
0:00:00:02.795 cpu11:2097163)TSCSync: 432: TSC in sync with cpu0; offset within [-88,88]
0:00:00:02.795 cpu0:2097152)SMP: 1418: Kicking pcpu 12, apicID 0x00000020
0:00:00:02.806 cpu12:1)SMP: 141: pcpu 12 is alive
0:00:00:02.807 cpu12:2097164)MicrocodeUpdate: 209: Updated CPU12 from patch level 1a to 1f
0:00:00:02.807 cpu12:2097164)Cpu: 942: id1.version 206c2
0:00:00:02.807 cpu12:2097164)MicrocodeUpdate: 247: Microcode Update Signature (MSR 0x8b): 0x0000001f
0:00:00:02.807 cpu12:2097164)MicrocodeUpdate: 248: Platform ID (MSR 0x17): 0x0
0:00:00:02.807 cpu12:2097164)MTRR: 691: MTRR: cap=0xd0a with 10 variable MTRRs on AP 12
0:00:00:02.807 cpu12:2097164)Cpu: 106: Changed PAT MSR from 0x7040600070406 to 0x7010600070106
0:00:00:02.809 cpu12:2097164)TSCSync: 432: TSC in sync with cpu0; offset within [-176,184]
0:00:00:02.809 cpu0:2097152)SMP: 1418: Kicking pcpu 13, apicID 0x00000021
0:00:00:02.820 cpu13:1)SMP: 141: pcpu 13 is alive
0:00:00:02.821 cpu13:2097165)Cpu: 942: id1.version 206c2
0:00:00:02.821 cpu13:2097165)MicrocodeUpdate: 247: Microcode Update Signature (MSR 0x8b): 0x0000001f
0:00:00:02.821 cpu13:2097165)MicrocodeUpdate: 248: Platform ID (MSR 0x17): 0x0
0:00:00:02.821 cpu13:2097165)Cpu: 106: Changed PAT MSR from 0x7040600070406 to 0x7010600070106
0:00:00:02.822 cpu13:2097165)TSCSync: 432: TSC in sync with cpu12; offset within [-44,48]
0:00:00:02.826 cpu13:2097165)TSCSync: 432: TSC in sync with cpu0; offset within [-184,184]
0:00:00:02.827 cpu0:2097152)SMP: 1418: Kicking pcpu 14, apicID 0x00000022
0:00:00:02.837 cpu14:1)SMP: 141: pcpu 14 is alive
0:00:00:02.838 cpu14:2097166)MicrocodeUpdate: 209: Updated CPU14 from patch level 1a to 1f
0:00:00:02.838 cpu14:2097166)Cpu: 942: id1.version 206c2
0:00:00:02.838 cpu14:2097166)MicrocodeUpdate: 247: Microcode Update Signature (MSR 0x8b): 0x0000001f
0:00:00:02.838 cpu14:2097166)MicrocodeUpdate: 248: Platform ID (MSR 0x17): 0x0
0:00:00:02.838 cpu14:2097166)MTRR: 691: MTRR: cap=0xd0a with 10 variable MTRRs on AP 14
0:00:00:02.838 cpu14:2097166)Cpu: 106: Changed PAT MSR from 0x7040600070406 to 0x7010600070106
0:00:00:02.841 cpu14:2097166)TSCSync: 432: TSC in sync with cpu12; offset within [-88,88]
0:00:00:02.843 cpu14:2097166)TSCSync: 432: TSC in sync with cpu0; offset within [-176,184]
0:00:00:02.844 cpu0:2097152)SMP: 1418: Kicking pcpu 15, apicID 0x00000023
0:00:00:02.854 cpu15:1)SMP: 141: pcpu 15 is alive
0:00:00:02.855 cpu15:2097167)Cpu: 942: id1.version 206c2
0:00:00:02.855 cpu15:2097167)MicrocodeUpdate: 247: Microcode Update Signature (MSR 0x8b): 0x0000001f
0:00:00:02.855 cpu15:2097167)MicrocodeUpdate: 248: Platform ID (MSR 0x17): 0x0
0:00:00:02.855 cpu15:2097167)Cpu: 106: Changed PAT MSR from 0x7040600070406 to 0x7010600070106
0:00:00:02.856 cpu15:2097167)TSCSync: 432: TSC in sync with cpu14; offset within [-44,48]
0:00:00:02.861 cpu15:2097167)TSCSync: 432: TSC in sync with cpu0; offset within [-180,184]
0:00:00:02.861 cpu0:2097152)SMP: 1418: Kicking pcpu 16, apicID 0x00000024
0:00:00:02.872 cpu16:1)SMP: 141: pcpu 16 is alive
0:00:00:02.873 cpu16:2097168)MicrocodeUpdate: 209: Updated CPU16 from patch level 1a to 1f
0:00:00:02.873 cpu16:2097168)Cpu: 942: id1.version 206c2
0:00:00:02.873 cpu16:2097168)MicrocodeUpdate: 247: Microcode Update Signature (MSR 0x8b): 0x0000001f
0:00:00:02.873 cpu16:2097168)MicrocodeUpdate: 248: Platform ID (MSR 0x17): 0x0
0:00:00:02.873 cpu16:2097168)MTRR: 691: MTRR: cap=0xd0a with 10 variable MTRRs on AP 16
0:00:00:02.873 cpu16:2097168)Cpu: 106: Changed PAT MSR from 0x7040600070406 to 0x7010600070106
0:00:00:02.875 cpu16:2097168)TSCSync: 432: TSC in sync with cpu12; offset within [-88,88]
0:00:00:02.878 cpu16:2097168)TSCSync: 432: TSC in sync with cpu0; offset within [-176,184]
0:00:00:02.878 cpu0:2097152)SMP: 1418: Kicking pcpu 17, apicID 0x00000025
0:00:00:02.889 cpu17:1)SMP: 141: pcpu 17 is alive
0:00:00:02.889 cpu17:2097169)Cpu: 942: id1.version 206c2
0:00:00:02.889 cpu17:2097169)MicrocodeUpdate: 247: Microcode Update Signature (MSR 0x8b): 0x0000001f
0:00:00:02.889 cpu17:2097169)MicrocodeUpdate: 248: Platform ID (MSR 0x17): 0x0
0:00:00:02.889 cpu17:2097169)Cpu: 106: Changed PAT MSR from 0x7040600070406 to 0x7010600070106
0:00:00:02.891 cpu17:2097169)TSCSync: 432: TSC in sync with cpu16; offset within [-44,48]
0:00:00:02.895 cpu17:2097169)TSCSync: 432: TSC in sync with cpu0; offset within [-184,184]
0:00:00:02.895 cpu0:2097152)SMP: 1418: Kicking pcpu 18, apicID 0x00000030
0:00:00:02.906 cpu18:1)SMP: 141: pcpu 18 is alive
0:00:00:02.907 cpu18:2097170)MicrocodeUpdate: 209: Updated CPU18 from patch level 1a to 1f
0:00:00:02.907 cpu18:2097170)Cpu: 942: id1.version 206c2
0:00:00:02.907 cpu18:2097170)MicrocodeUpdate: 247: Microcode Update Signature (MSR 0x8b): 0x0000001f
0:00:00:02.907 cpu18:2097170)MicrocodeUpdate: 248: Platform ID (MSR 0x17): 0x0
0:00:00:02.907 cpu18:2097170)MTRR: 691: MTRR: cap=0xd0a with 10 variable MTRRs on AP 18
0:00:00:02.907 cpu18:2097170)Cpu: 106: Changed PAT MSR from 0x7040600070406 to 0x7010600070106
0:00:00:02.910 cpu18:2097170)TSCSync: 432: TSC in sync with cpu12; offset within [-88,88]
0:00:00:02.912 cpu18:2097170)TSCSync: 432: TSC in sync with cpu0; offset within [-172,184]
0:00:00:02.912 cpu0:2097152)SMP: 1418: Kicking pcpu 19, apicID 0x00000031
0:00:00:02.923 cpu19:1)SMP: 141: pcpu 19 is alive
0:00:00:02.924 cpu19:2097171)Cpu: 942: id1.version 206c2
0:00:00:02.924 cpu19:2097171)MicrocodeUpdate: 247: Microcode Update Signature (MSR 0x8b): 0x0000001f
0:00:00:02.924 cpu19:2097171)MicrocodeUpdate: 248: Platform ID (MSR 0x17): 0x0
0:00:00:02.924 cpu19:2097171)Cpu: 106: Changed PAT MSR from 0x7040600070406 to 0x7010600070106
0:00:00:02.925 cpu19:2097171)TSCSync: 432: TSC in sync with cpu18; offset within [-48,48]
0:00:00:02.930 cpu19:2097171)TSCSync: 432: TSC in sync with cpu0; offset within [-184,184]
0:00:00:02.930 cpu0:2097152)SMP: 1418: Kicking pcpu 20, apicID 0x00000032
0:00:00:02.940 cpu20:1)SMP: 141: pcpu 20 is alive
0:00:00:02.941 cpu20:2097172)MicrocodeUpdate: 209: Updated CPU20 from patch level 1a to 1f
0:00:00:02.941 cpu20:2097172)Cpu: 942: id1.version 206c2
0:00:00:02.941 cpu20:2097172)MicrocodeUpdate: 247: Microcode Update Signature (MSR 0x8b): 0x0000001f
0:00:00:02.941 cpu20:2097172)MicrocodeUpdate: 248: Platform ID (MSR 0x17): 0x0
0:00:00:02.941 cpu20:2097172)MTRR: 691: MTRR: cap=0xd0a with 10 variable MTRRs on AP 20
0:00:00:02.941 cpu20:2097172)Cpu: 106: Changed PAT MSR from 0x7040600070406 to 0x7010600070106
0:00:00:02.944 cpu20:2097172)TSCSync: 432: TSC in sync with cpu12; offset within [-84,88]
0:00:00:02.946 cpu20:2097172)TSCSync: 432: TSC in sync with cpu0; offset within [-188,180]
0:00:00:02.946 cpu0:2097152)SMP: 1418: Kicking pcpu 21, apicID 0x00000033
0:00:00:02.957 cpu21:1)SMP: 141: pcpu 21 is alive
0:00:00:02.958 cpu21:2097173)Cpu: 942: id1.version 206c2
0:00:00:02.958 cpu21:2097173)MicrocodeUpdate: 247: Microcode Update Signature (MSR 0x8b): 0x0000001f
0:00:00:02.958 cpu21:2097173)MicrocodeUpdate: 248: Platform ID (MSR 0x17): 0x0
0:00:00:02.958 cpu21:2097173)Cpu: 106: Changed PAT MSR from 0x7040600070406 to 0x7010600070106
0:00:00:02.959 cpu21:2097173)TSCSync: 432: TSC in sync with cpu20; offset within [-44,48]
0:00:00:02.963 cpu21:2097173)TSCSync: 432: TSC in sync with cpu0; offset within [-176,180]
0:00:00:02.964 cpu0:2097152)SMP: 1418: Kicking pcpu 22, apicID 0x00000034
0:00:00:02.974 cpu22:1)SMP: 141: pcpu 22 is alive
0:00:00:02.975 cpu22:2097174)MicrocodeUpdate: 209: Updated CPU22 from patch level 1a to 1f
0:00:00:02.975 cpu22:2097174)Cpu: 942: id1.version 206c2
0:00:00:02.975 cpu22:2097174)MicrocodeUpdate: 247: Microcode Update Signature (MSR 0x8b): 0x0000001f
0:00:00:02.975 cpu22:2097174)MicrocodeUpdate: 248: Platform ID (MSR 0x17): 0x0
0:00:00:02.975 cpu22:2097174)MTRR: 691: MTRR: cap=0xd0a with 10 variable MTRRs on AP 22
0:00:00:02.975 cpu22:2097174)Cpu: 106: Changed PAT MSR from 0x7040600070406 to 0x7010600070106
0:00:00:02.978 cpu22:2097174)TSCSync: 432: TSC in sync with cpu12; offset within [-88,88]
0:00:00:02.980 cpu22:2097174)TSCSync: 432: TSC in sync with cpu0; offset within [-188,180]
0:00:00:02.980 cpu0:2097152)SMP: 1418: Kicking pcpu 23, apicID 0x00000035
0:00:00:02.991 cpu23:1)SMP: 141: pcpu 23 is alive
0:00:00:02.992 cpu23:2097175)Cpu: 942: id1.version 206c2
0:00:00:02.992 cpu23:2097175)MicrocodeUpdate: 247: Microcode Update Signature (MSR 0x8b): 0x0000001f
0:00:00:02.992 cpu23:2097175)MicrocodeUpdate: 248: Platform ID (MSR 0x17): 0x0
0:00:00:02.992 cpu23:2097175)Cpu: 106: Changed PAT MSR from 0x7040600070406 to 0x7010600070106
0:00:00:02.993 cpu23:2097175)TSCSync: 432: TSC in sync with cpu22; offset within [-48,48]
0:00:00:02.997 cpu23:2097175)TSCSync: 432: TSC in sync with cpu0; offset within [-176,180]
0:00:00:02.997 cpu0:2097152)CpuTopology: 1380: CPU distance map 0: 0:7:7 1:7:7 2:3:3 3:3:3 4:3:3 5:3:3 6:3:3 7:3:3 8:3:3 9:3:3 10:3:3 11:3:3 12:0:0 13:0:0 14:0:0 15:0:0 16:0:0 17:0:0 18:0:0
0:00:00:02.997 cpu0:2097152)CpuTopology: 1380: CPU distance map 1: 1:7:7 0:7:7 2:3:3 3:3:3 4:3:3 5:3:3 6:3:3 7:3:3 8:3:3 9:3:3 10:3:3 11:3:3 12:0:0 13:0:0 14:0:0 15:0:0 16:0:0 17:0:0 18:0:0
0:00:00:02.997 cpu0:2097152)CpuTopology: 1380: CPU distance map 2: 2:7:7 3:7:7 0:3:3 1:3:3 4:3:3 5:3:3 6:3:3 7:3:3 8:3:3 9:3:3 10:3:3 11:3:3 12:0:0 13:0:0 14:0:0 15:0:0 16:0:0 17:0:0 18:0:0
0:00:00:02.997 cpu0:2097152)CpuTopology: 1380: CPU distance map 3: 3:7:7 2:7:7 0:3:3 1:3:3 4:3:3 5:3:3 6:3:3 7:3:3 8:3:3 9:3:3 10:3:3 11:3:3 12:0:0 13:0:0 14:0:0 15:0:0 16:0:0 17:0:0 18:0:0
0:00:00:02.997 cpu0:2097152)CpuTopology: 1380: CPU distance map 4: 4:7:7 5:7:7 0:3:3 1:3:3 2:3:3 3:3:3 6:3:3 7:3:3 8:3:3 9:3:3 10:3:3 11:3:3 12:0:0 13:0:0 14:0:0 15:0:0 16:0:0 17:0:0 18:0:0
0:00:00:02.998 cpu0:2097152)CpuTopology: 1380: CPU distance map 5: 5:7:7 4:7:7 0:3:3 1:3:3 2:3:3 3:3:3 6:3:3 7:3:3 8:3:3 9:3:3 10:3:3 11:3:3 12:0:0 13:0:0 14:0:0 15:0:0 16:0:0 17:0:0 18:0:0
0:00:00:02.998 cpu0:2097152)CpuTopology: 1380: CPU distance map 6: 6:7:7 7:7:7 0:3:3 1:3:3 2:3:3 3:3:3 4:3:3 5:3:3 8:3:3 9:3:3 10:3:3 11:3:3 12:0:0 13:0:0 14:0:0 15:0:0 16:0:0 17:0:0 18:0:0
0:00:00:02.998 cpu0:2097152)CpuTopology: 1380: CPU distance map 7: 7:7:7 6:7:7 0:3:3 1:3:3 2:3:3 3:3:3 4:3:3 5:3:3 8:3:3 9:3:3 10:3:3 11:3:3 12:0:0 13:0:0 14:0:0 15:0:0 16:0:0 17:0:0 18:0:0
0:00:00:02.998 cpu0:2097152)CpuTopology: 1380: CPU distance map 8: 8:7:7 9:7:7 0:3:3 1:3:3 2:3:3 3:3:3 4:3:3 5:3:3 6:3:3 7:3:3 10:3:3 11:3:3 12:0:0 13:0:0 14:0:0 15:0:0 16:0:0 17:0:0 18:0:0
0:00:00:02.998 cpu0:2097152)CpuTopology: 1380: CPU distance map 9: 9:7:7 8:7:7 0:3:3 1:3:3 2:3:3 3:3:3 4:3:3 5:3:3 6:3:3 7:3:3 10:3:3 11:3:3 12:0:0 13:0:0 14:0:0 15:0:0 16:0:0 17:0:0 18:0:0
0:00:00:02.998 cpu0:2097152)CpuTopology: 1380: CPU distance map 10: 10:7:7 11:7:7 0:3:3 1:3:3 2:3:3 3:3:3 4:3:3 5:3:3 6:3:3 7:3:3 8:3:3 9:3:3 12:0:0 13:0:0 14:0:0 15:0:0 16:0:0 17:0:0 18:0:0
0:00:00:02.998 cpu0:2097152)CpuTopology: 1380: CPU distance map 11: 11:7:7 10:7:7 0:3:3 1:3:3 2:3:3 3:3:3 4:3:3 5:3:3 6:3:3 7:3:3 8:3:3 9:3:3 12:0:0 13:0:0 14:0:0 15:0:0 16:0:0 17:0:0 18:0:0
0:00:00:02.998 cpu0:2097152)CpuTopology: 1380: CPU distance map 12: 12:7:7 13:7:7 14:3:3 15:3:3 16:3:3 17:3:3 18:3:3 19:3:3 20:3:3 21:3:3 22:3:3 23:3:3 0:0:0 1:0:0 2:0:0 3:0:0 4:0:0 5:0:0 6:0:0
0:00:00:02.998 cpu0:2097152)CpuTopology: 1380: CPU distance map 13: 13:7:7 12:7:7 14:3:3 15:3:3 16:3:3 17:3:3 18:3:3 19:3:3 20:3:3 21:3:3 22:3:3 23:3:3 0:0:0 1:0:0 2:0:0 3:0:0 4:0:0 5:0:0 6:0:0
0:00:00:02.998 cpu0:2097152)CpuTopology: 1380: CPU distance map 14: 14:7:7 15:7:7 12:3:3 13:3:3 16:3:3 17:3:3 18:3:3 19:3:3 20:3:3 21:3:3 22:3:3 23:3:3 0:0:0 1:0:0 2:0:0 3:0:0 4:0:0 5:0:0 6:0:0
0:00:00:02.998 cpu0:2097152)CpuTopology: 1380: CPU distance map 15: 15:7:7 14:7:7 12:3:3 13:3:3 16:3:3 17:3:3 18:3:3 19:3:3 20:3:3 21:3:3 22:3:3 23:3:3 0:0:0 1:0:0 2:0:0 3:0:0 4:0:0 5:0:0 6:0:0
0:00:00:02.998 cpu0:2097152)CpuTopology: 1380: CPU distance map 16: 16:7:7 17:7:7 12:3:3 13:3:3 14:3:3 15:3:3 18:3:3 19:3:3 20:3:3 21:3:3 22:3:3 23:3:3 0:0:0 1:0:0 2:0:0 3:0:0 4:0:0 5:0:0 6:0:0
0:00:00:02.998 cpu0:2097152)CpuTopology: 1380: CPU distance map 17: 17:7:7 16:7:7 12:3:3 13:3:3 14:3:3 15:3:3 18:3:3 19:3:3 20:3:3 21:3:3 22:3:3 23:3:3 0:0:0 1:0:0 2:0:0 3:0:0 4:0:0 5:0:0 6:0:0
0:00:00:02.998 cpu0:2097152)CpuTopology: 1380: CPU distance map 18: 18:7:7 19:7:7 12:3:3 13:3:3 14:3:3 15:3:3 16:3:3 17:3:3 20:3:3 21:3:3 22:3:3 23:3:3 0:0:0 1:0:0 2:0:0 3:0:0 4:0:0 5:0:0 6:0:0
0:00:00:02.998 cpu0:2097152)CpuTopology: 1380: CPU distance map 19: 19:7:7 18:7:7 12:3:3 13:3:3 14:3:3 15:3:3 16:3:3 17:3:3 20:3:3 21:3:3 22:3:3 23:3:3 0:0:0 1:0:0 2:0:0 3:0:0 4:0:0 5:0:0 6:0:0
0:00:00:02.998 cpu0:2097152)CpuTopology: 1380: CPU distance map 20: 20:7:7 21:7:7 12:3:3 13:3:3 14:3:3 15:3:3 16:3:3 17:3:3 18:3:3 19:3:3 22:3:3 23:3:3 0:0:0 1:0:0 2:0:0 3:0:0 4:0:0 5:0:0 6:0:0
0:00:00:02.998 cpu0:2097152)CpuTopology: 1380: CPU distance map 21: 21:7:7 20:7:7 12:3:3 13:3:3 14:3:3 15:3:3 16:3:3 17:3:3 18:3:3 19:3:3 22:3:3 23:3:3 0:0:0 1:0:0 2:0:0 3:0:0 4:0:0 5:0:0 6:0:0
0:00:00:02.998 cpu0:2097152)CpuTopology: 1380: CPU distance map 22: 22:7:7 23:7:7 12:3:3 13:3:3 14:3:3 15:3:3 16:3:3 17:3:3 18:3:3 19:3:3 20:3:3 21:3:3 0:0:0 1:0:0 2:0:0 3:0:0 4:0:0 5:0:0 6:0:0
0:00:00:02.998 cpu0:2097152)CpuTopology: 1380: CPU distance map 23: 23:7:7 22:7:7 12:3:3 13:3:3 14:3:3 15:3:3 16:3:3 17:3:3 18:3:3 19:3:3 20:3:3 21:3:3 0:0:0 1:0:0 2:0:0 3:0:0 4:0:0 5:0:0 6:0:0
0:00:00:02.998 cpu0:2097152)CpuSched: 17839: Switching to NHCC performance counter for CPU time accounting
0:00:00:02.998 cpu0:2097152)Vmkperf: 3862: Enabled NHCC performance counter (counter 1 ctrType 1)
0:00:00:04.998 cpu12:2097164)SMP: 293: cpu 12: measured cpu speed: 2666761158 Hz, TSC speed: 2666761158 Hz, bus speed: 133338039 Hz
0:00:00:05.198 cpu0:2097152)SMP: 1593: ...finished booting APs, numPCPUs=24
0:00:00:05.198 cpu0:2097152)MCA: 1245: Detected 9 MCE banks. MCG_CAP MSR:0x1c09
0:00:00:05.235 cpu0:2097152)Initializing device support ...
0:00:00:05.238 cpu0:2097152)CpuSched: 699: user latency of 2097180 logSysAlert 0 changed by 2097152 bootstrap -6
0:00:00:05.238 cpu0:2097152)CpuSched: 699: user latency of 2097181 serialLogger 0 changed by 2097152 bootstrap -6
0:00:00:05.238 cpu0:2097152)Initializing processors ...
0:00:00:05.248 cpu0:2097152)DMA: 166: 'DMANull' DMA mapper is now available..
0:00:00:05.262 cpu0:2097152)CpuSched: 699: user latency of 2097186 netLegacyRx 0 changed by 2097152 bootstrap -6
0:00:00:05.262 cpu0:2097152)CpuSched: 699: user latency of 2097187 NetEventWorld 0 changed by 2097152 bootstrap -6
0:00:00:05.262 cpu0:2097152)Net: 318: Created slab 'NetPktAttrSlab(64B)' objSize 64 minObjs 0 (0 KB) maxObjs 75497472 (4608 MB)
0:00:00:05.263 cpu0:2097152)Net: 318: Created slab 'NetPktAttrSlab(256B)' objSize 256 minObjs 1024 (256 KB) maxObjs 18874368 (4608 MB)
0:00:00:05.263 cpu0:2097152)Net: 318: Created slab 'NetPktAttrSlab(512B)' objSize 512 minObjs 1024 (512 KB) maxObjs 9437184 (4608 MB)
0:00:00:05.263 cpu0:2097152)Net: 391: netPktPool reservation 0 MB , limit 21600 MB
0:00:00:05.263 cpu0:2097152)Net: 443: Created slab 'NetPktSlab-PktHandle' objSize 256 minObjs 0 (0 MB) maxObjs 88473600 (21600 MB)
0:00:00:05.263 cpu0:2097152)Net: 443: Created slab 'NetPktSlab-Clone' objSize 1152 minObjs 0 (0 MB) maxObjs 19660800 (21600 MB)
0:00:00:05.263 cpu0:2097152)Net: 443: Created slab 'NetPktSlab-StdMTU' objSize 2368 minObjs 0 (0 MB) maxObjs 9564713 (21600 MB)
0:00:00:05.263 cpu0:2097152)Net: 443: Created slab 'NetPktSlab-2K' objSize 2880 minObjs 0 (0 MB) maxObjs 7864320 (21600 MB)
0:00:00:05.263 cpu0:2097152)Net: 443: Created slab 'NetPktSlab-3K' objSize 3904 minObjs 0 (0 MB) maxObjs 5801547 (21600 MB)
0:00:00:05.263 cpu0:2097152)Net: 443: Created slab 'NetPktSlab-Jumbo' objSize 10048 minObjs 0 (0 MB) maxObjs 2254104 (21600 MB)
0:00:00:05.263 cpu0:2097152)Net: 443: Created slab 'NetPktSlab-Clone(LowMem)' objSize 1152 minObjs 0 (0 MB) maxObjs 19660800 (21600 MB)
0:00:00:05.263 cpu0:2097152)Net: 443: Created slab 'NetPktSlab-2K(LowMem)' objSize 2880 minObjs 0 (0 MB) maxObjs 7864320 (21600 MB)
0:00:00:05.263 cpu0:2097152)Net: 443: Created slab 'NetPktSlab-Jumbo(LowMem)' objSize 10048 minObjs 0 (0 MB) maxObjs 2254104 (21600 MB)
0:00:00:05.263 cpu0:2097152)Net: 477: Created slab 'NetPktSlab-Attr' objSize 96 minObjs 0 (0 MB) maxObjs 235929600 (21600 MB)
0:00:00:05.263 cpu0:2097152)Net: 67: NetPktHeapLow minSize 0 MB maxSize 1728 MB
0:00:00:05.263 cpu0:2097152)Net: 78: NetPktHeapAny minSize 0 MB maxSize 1728 MB
0:00:00:05.263 cpu0:2097152)PktHeader: 124: Initialized static packet header types.
0:00:00:05.263 cpu0:2097152)PktParser: 133: Initialized packet parsing infrastructure.
0:00:00:05.263 cpu0:2097152)PktParser: 224: Registered parser for Ethernet
0:00:00:05.263 cpu0:2097152)PktParser: 224: Registered parser for ARP
0:00:00:05.263 cpu0:2097152)PktParser: 224: Registered parser for RARP
0:00:00:05.263 cpu0:2097152)PktParser: 224: Registered parser for IPv4
0:00:00:05.263 cpu0:2097152)PktParser: 224: Registered parser for IPv6
0:00:00:05.263 cpu0:2097152)PktParser: 224: Registered parser for TCP
0:00:00:05.263 cpu0:2097152)PktParser: 224: Registered parser for UDP
0:00:00:05.263 cpu0:2097152)PktParser: 224: Registered parser for ICMP
0:00:00:05.263 cpu0:2097152)PktParser: 224: Registered parser for IGMP
0:00:00:05.263 cpu0:2097152)PktParser: 224: Registered parser for PIM
0:00:00:05.263 cpu0:2097152)PktParser: 224: Registered parser for GRE
0:00:00:05.263 cpu0:2097152)PktParser: 224: Registered parser for IPv6 Extension Header
0:00:00:05.263 cpu0:2097152)PktParser: 224: Registered parser for VXLAN
0:00:00:05.263 cpu0:2097152)PktParser: 224: Registered parser for Geneve
0:00:00:05.264 cpu0:2097152)CpuSched: 699: user latency of 2097188 netCoalesce2World 0 changed by 2097152 bootstrap -6
0:00:00:05.264 cpu0:2097152)CpuSched: 699: user latency of 2097189 netCoalesce2FineWorld 0 changed by 2097152 bootstrap -6
0:00:00:05.264 cpu0:2097152)NetqueueBal: 11095: netqueueBal max heap size=31309824 bytes
0:00:00:05.264 cpu0:2097152)NetqueueBal: 11102: netqueueBal maxNetqFiltersPerDev=4096, maxHostwideStaticFilters=10240, maxHostwideLearnedFilters=9216
0:00:00:05.265 cpu0:2097152)Net: 4508: PktCap framework initialized successfully
0:00:00:05.265 cpu0:2097152)ScsiCore: 504: Storage stack configured with 1024 SCSI devices and 4096 SCSI paths
0:00:00:05.265 cpu0:2097152)ScsiCore: 524: Storage heap max size 215674674 (maxDevices 1024, maxPaths 4096)
0:00:00:05.269 cpu0:2097152)CpuSched: 699: user latency of 2097195 CmdCompl-0 0 changed by 2097152 bootstrap -6
0:00:00:05.269 cpu0:2097152)CpuSched: 699: user latency of 2097196 CmdCompl-1 0 changed by 2097152 bootstrap -6
0:00:00:05.269 cpu0:2097152)CpuSched: 699: user latency of 2097197 CmdCompl-2 0 changed by 2097152 bootstrap -6
0:00:00:05.269 cpu0:2097152)CpuSched: 699: user latency of 2097198 CmdCompl-3 0 changed by 2097152 bootstrap -6
0:00:00:05.269 cpu0:2097152)CpuSched: 699: user latency of 2097199 CmdCompl-4 0 changed by 2097152 bootstrap -6
0:00:00:05.269 cpu0:2097152)CpuSched: 699: user latency of 2097200 CmdCompl-5 0 changed by 2097152 bootstrap -6
0:00:00:05.269 cpu0:2097152)CpuSched: 699: user latency of 2097201 CmdCompl-6 0 changed by 2097152 bootstrap -6
0:00:00:05.269 cpu0:2097152)CpuSched: 699: user latency of 2097202 CmdCompl-7 0 changed by 2097152 bootstrap -6
0:00:00:05.269 cpu0:2097152)CpuSched: 699: user latency of 2097203 CmdCompl-8 0 changed by 2097152 bootstrap -6
0:00:00:05.269 cpu0:2097152)CpuSched: 699: user latency of 2097204 CmdCompl-9 0 changed by 2097152 bootstrap -6
0:00:00:05.269 cpu0:2097152)CpuSched: 699: user latency of 2097205 CmdCompl-10 0 changed by 2097152 bootstrap -6
0:00:00:05.269 cpu0:2097152)CpuSched: 699: user latency of 2097206 CmdCompl-11 0 changed by 2097152 bootstrap -6
0:00:00:05.269 cpu0:2097152)CpuSched: 699: user latency of 2097207 CmdCompl-12 0 changed by 2097152 bootstrap -6
0:00:00:05.269 cpu0:2097152)CpuSched: 699: user latency of 2097208 CmdCompl-13 0 changed by 2097152 bootstrap -6
0:00:00:05.269 cpu0:2097152)CpuSched: 699: user latency of 2097209 CmdCompl-14 0 changed by 2097152 bootstrap -6
0:00:00:05.269 cpu0:2097152)CpuSched: 699: user latency of 2097210 CmdCompl-15 0 changed by 2097152 bootstrap -6
0:00:00:05.270 cpu0:2097152)CpuSched: 699: user latency of 2097211 CmdCompl-16 0 changed by 2097152 bootstrap -6
0:00:00:05.270 cpu0:2097152)CpuSched: 699: user latency of 2097212 CmdCompl-17 0 changed by 2097152 bootstrap -6
0:00:00:05.270 cpu0:2097152)CpuSched: 699: user latency of 2097213 CmdCompl-18 0 changed by 2097152 bootstrap -6
0:00:00:05.270 cpu0:2097152)CpuSched: 699: user latency of 2097214 CmdCompl-19 0 changed by 2097152 bootstrap -6
0:00:00:05.270 cpu0:2097152)CpuSched: 699: user latency of 2097215 CmdCompl-20 0 changed by 2097152 bootstrap -6
0:00:00:05.270 cpu0:2097152)CpuSched: 699: user latency of 2097216 CmdCompl-21 0 changed by 2097152 bootstrap -6
0:00:00:05.270 cpu0:2097152)CpuSched: 699: user latency of 2097217 CmdCompl-22 0 changed by 2097152 bootstrap -6
0:00:00:05.270 cpu0:2097152)CpuSched: 699: user latency of 2097218 CmdCompl-23 0 changed by 2097152 bootstrap -6
0:00:00:05.271 cpu0:2097152)ScsiEvents: 501: Event Subsystem: APD_Event_Subsystem, Created!
0:00:00:05.271 cpu0:2097152)ScsiEvents: 300: EventSubsystem: APD_Event_Subsystem, Event Mask: 0, Parameter: 0x0, Registered!
0:00:00:05.271 cpu0:2097152)ScsiEvents: 501: Event Subsystem: ScsiDHE_Subsystem, Created!
0:00:00:05.271 cpu0:2097152)ScsiEvents: 300: EventSubsystem: ScsiDHE_Subsystem, Event Mask: 0, Parameter: 0x0, Registered!
0:00:00:05.276 cpu0:2097152)CpuSched: 699: user latency of 2097223 Pool-DeferredWork-0 0 changed by 2097152 bootstrap -6
0:00:00:05.278 cpu0:2097152)Timer: 4730: reference timer is TSC at 2666760978 Hz
0:00:00:05.278 cpu23:2097175)Sched: vm 2097175: 1519: name='idle23'
0:00:00:05.278 cpu12:2097164)Sched: vm 2097164: 1519: name='idle12'
0:00:00:05.278 cpu13:2097165)Sched: vm 2097165: 1519: name='idle13'
0:00:00:05.278 cpu14:2097166)Sched: vm 2097166: 1519: name='idle14'
0:00:00:05.278 cpu20:2097172)Sched: vm 2097172: 1519: name='idle20'
0:00:00:05.278 cpu15:2097167)Sched: vm 2097167: 1519: name='idle15'
0:00:00:05.278 cpu17:2097169)Sched: vm 2097169: 1519: name='idle17'
0:00:00:05.278 cpu1:2097153)Sched: vm 2097153: 1519: name='idle1'
0:00:00:05.278 cpu16:2097168)Sched: vm 2097168: 1519: name='idle16'
0:00:00:05.278 cpu22:2097174)Sched: vm 2097174: 1519: name='idle22'
0:00:00:05.278 cpu19:2097171)Sched: vm 2097171: 1519: name='idle19'
0:00:00:05.278 cpu18:2097170)Sched: vm 2097170: 1519: name='idle18'
0:00:00:05.278 cpu2:2097154)Sched: vm 2097154: 1519: name='idle2'
0:00:00:05.278 cpu21:2097173)Sched: vm 2097173: 1519: name='idle21'
0:00:00:05.278 cpu9:2097161)Sched: vm 2097161: 1519: name='idle9'
0:00:00:05.278 cpu3:2097155)Sched: vm 2097155: 1519: name='idle3'
0:00:00:05.278 cpu5:2097157)Sched: vm 2097157: 1519: name='idle5'
0:00:00:05.278 cpu11:2097163)Sched: vm 2097163: 1519: name='idle11'
0:00:00:05.278 cpu8:2097160)Sched: vm 2097160: 1519: name='idle8'
0:00:00:05.278 cpu10:2097162)Sched: vm 2097162: 1519: name='idle10'
0:00:00:05.278 cpu7:2097159)Sched: vm 2097159: 1519: name='idle7'
0:00:00:05.278 cpu6:2097158)Sched: vm 2097158: 1519: name='idle6'
0:00:00:05.278 cpu4:2097156)Sched: vm 2097156: 1519: name='idle4'
0:00:00:05.278 cpu0:2097152)Cpu: 2047: Cache latency measurement: min= 188 max= 916 avg= 208
0:00:00:05.278 cpu0:2097152)CacheSched: 388: cache miss cost is 49 cycles on average (ignore= 75874120531968)
0:00:00:05.279 cpu0:2097152)CacheSched: 388: cache miss cost is 49 cycles on average (ignore= 75874120531968)
0:00:00:05.279 cpu0:2097152)CacheSched: 388: cache miss cost is 50 cycles on average (ignore= 75874120531968)
0:00:00:05.286 cpu0:2097152)CpuSched: 699: user latency of 2097324 retireWld.0000 0 changed by 2097152 bootstrap -6
0:00:00:05.286 cpu0:2097152)CpuSched: 699: user latency of 2097325 retireWld.0001 0 changed by 2097152 bootstrap -6
0:00:00:05.286 cpu0:2097152)CpuSched: 699: user latency of 2097326 retireWld.0002 0 changed by 2097152 bootstrap -6
0:00:00:05.286 cpu0:2097152)CpuSched: 699: user latency of 2097327 retireWld.0003 0 changed by 2097152 bootstrap -6
0:00:00:05.286 cpu0:2097152)CpuSched: 699: user latency of 2097328 retireWld.0004 0 changed by 2097152 bootstrap -6
0:00:00:05.287 cpu0:2097152)CpuSched: 699: user latency of 2097329 retireWld.0005 0 changed by 2097152 bootstrap -6
0:00:00:05.287 cpu0:2097152)CpuSched: 699: user latency of 2097330 retireWld.0006 0 changed by 2097152 bootstrap -6
0:00:00:05.287 cpu0:2097152)CpuSched: 699: user latency of 2097331 retireWld.0007 0 changed by 2097152 bootstrap -6
0:00:00:05.287 cpu0:2097152)CpuSched: 699: user latency of 2097332 retireWld.0008 0 changed by 2097152 bootstrap -6
0:00:00:05.287 cpu0:2097152)CpuSched: 699: user latency of 2097333 retireWld.0009 0 changed by 2097152 bootstrap -6
0:00:00:05.287 cpu0:2097152)CpuSched: 699: user latency of 2097334 retireWld.0010 0 changed by 2097152 bootstrap -6
0:00:00:05.287 cpu0:2097152)CpuSched: 699: user latency of 2097335 retireWld.0011 0 changed by 2097152 bootstrap -6
0:00:00:05.287 cpu0:2097152)CpuSched: 699: user latency of 2097336 retireWld.0012 0 changed by 2097152 bootstrap -6
0:00:00:05.287 cpu0:2097152)CpuSched: 699: user latency of 2097337 retireWld.0013 0 changed by 2097152 bootstrap -6
0:00:00:05.287 cpu0:2097152)CpuSched: 699: user latency of 2097338 retireWld.0014 0 changed by 2097152 bootstrap -6
0:00:00:05.287 cpu0:2097152)CpuSched: 699: user latency of 2097339 retireWld.0015 0 changed by 2097152 bootstrap -6
0:00:00:05.287 cpu0:2097152)CpuSched: 699: user latency of 2097340 retireWld.0016 0 changed by 2097152 bootstrap -6
0:00:00:05.287 cpu0:2097152)CpuSched: 699: user latency of 2097341 retireWld.0017 0 changed by 2097152 bootstrap -6
0:00:00:05.287 cpu0:2097152)CpuSched: 699: user latency of 2097342 retireWld.0018 0 changed by 2097152 bootstrap -6
0:00:00:05.287 cpu0:2097152)CpuSched: 699: user latency of 2097343 retireWld.0019 0 changed by 2097152 bootstrap -6
0:00:00:05.287 cpu0:2097152)CpuSched: 699: user latency of 2097344 retireWld.0020 0 changed by 2097152 bootstrap -6
0:00:00:05.287 cpu0:2097152)CpuSched: 699: user latency of 2097345 retireWld.0021 0 changed by 2097152 bootstrap -6
0:00:00:05.287 cpu0:2097152)CpuSched: 699: user latency of 2097346 retireWld.0022 0 changed by 2097152 bootstrap -6
0:00:00:05.287 cpu0:2097152)CpuSched: 699: user latency of 2097347 retireWld.0023 0 changed by 2097152 bootstrap -6
0:00:00:05.287 cpu0:2097152)Late chipset initialization ...
0:00:00:05.290 cpu0:2097152)IOAPIC: 731: Found 0 (id 08 @ 0xfec00000)
0:00:00:05.290 cpu0:2097152)IOAPIC: 779: version 0x20, number of entries 24
0:00:00:05.290 cpu0:2097152)IOAPIC: 731: Found 1 (id 09 @ 0xfec80000)
0:00:00:05.290 cpu0:2097152)IOAPIC: 779: version 0x20, number of entries 24
0:00:00:05.290 cpu0:2097152)Initializing PCI ...
0:00:00:05.293 cpu0:2097152)Initializing IOV ...
0:00:00:05.295 cpu0:2097152)VTD: 1129: Initializing VT-d driver ...
0:00:00:05.295 cpu0:2097152)WARNING: VTD: 715: ACPI DMAR table not found
0:00:00:05.295 cpu0:2097152)VTD: 1168: Initialization of VT-d driver failed!
0:00:00:05.295 cpu0:2097152)WARNING: IOV: 231: IOV initialization failed
0:00:00:05.295 cpu0:2097152)CpuSched: 699: user latency of 2097348 itRebalance 0 changed by 2097152 bootstrap -6
0:00:00:05.295 cpu0:2097152)CpuSched: 699: user latency of 2097349 memschedRealloc-fast 0 changed by 2097152 bootstrap -6
0:00:00:05.296 cpu0:2097152)ENS: 273: ENS initialized successfully.
0:00:00:05.298 cpu0:2097152)Enabling interrupts ...
0:00:00:05.301 cpu0:2097152)Init: 894: vmkernel build Number = 19195723
0:00:00:05.301 cpu0:2097152)Device: 192: Registered driver 'vmkernel' from 0
0:00:00:05.301 cpu0:2097152)Device: 327: Found driver vmkernel for device 0x27e24306f2778225
0:00:00:05.301 cpu0:2097152)Device: 1466: Registered device: 0x4306f2778070 swdevroot swdevroot (parent=0x27e24306f2778225)
0:00:00:05.301 cpu0:2097152)Device: 327: Found driver vmkernel for device 0x1c4306f2778398
0:00:00:05.301 cpu0:2097152)Initializing ACPI ...
0:00:00:05.308 cpu0:2097152)Writing 0xa0 to SMI port 0xb2
0:00:00:05.309 cpu0:2097152)Done writing to SMI port
0:00:00:05.309 cpu0:2097152)ACPI: 162: Found override for IRQ 9: ic 0, pin: 9, polarity: 2, trigger: 2
0:00:00:05.309 cpu0:2097152)IOAPIC: 1272: IOAPIC Id 8: Allocated vector 0x20 for pin 9
0:00:00:05.318 cpu0:2097152)VMKAcpi: 106: ISA irq 2 uses ioapicID 8, intIn 2 which is already present with trigger=1, polarity=2
0:00:00:05.318 cpu0:2097152)VMKAcpi: 208: Found ACPI device quirk for \_SB_.PCI0 (0x4300f5864df0) pnpID PNP0A08 ignore 0 flags 0x10.
0:00:00:05.318 cpu0:2097152)VMKAcpi: 208: Found ACPI device quirk for \_SB_.PCI0 (0x4300f5864df0) pnpID PNP0A03 ignore 0 flags 0x10.
0:00:00:05.318 cpu0:2097152)VMKAcpi: 390: \_SB_.PCI0: found VMKAPI-capable ACPI PNP Device.
0:00:00:05.318 cpu0:2097152)VMKAcpi: 983: \_SB_.PCI0: produced Bus Number resource base: 0x0 limit: 0xff size: 0x100 translationOffset: 0x0
0:00:00:05.318 cpu0:2097152)VMKAcpi: 983: \_SB_.PCI0: produced I/O resource base: 0x0 limit: 0xcf7 size: 0xcf8 translationOffset: 0x0
0:00:00:05.318 cpu0:2097152)VMKAcpi: 983: \_SB_.PCI0: produced I/O resource base: 0xd00 limit: 0xffff size: 0xf300 translationOffset: 0x0
0:00:00:05.318 cpu0:2097152)VMKAcpi: 983: \_SB_.PCI0: produced MMIO resource base: 0xa0000 limit: 0xbffff size: 0x20000 translationOffset: 0x0
0:00:00:05.318 cpu0:2097152)VMKAcpi: 983: \_SB_.PCI0: produced MMIO resource base: 0x90000000 limit: 0xfdffffff size: 0x6e000000 translationOffset: 0x0
0:00:00:05.318 cpu0:2097152)VMKAcpi: 983: \_SB_.PCI0: produced MMIO resource base: 0x7f00000000 limit: 0x7f00000000 size: 0x8100000000 translationOffset: 0x0
0:00:00:05.318 cpu0:2097152)WARNING: VMKAcpi: 1012: \_SB_.PCI0: resource length bad, using base/limit values
0:00:00:05.318 cpu0:2097152)VMKAcpi: 390: \_SB_.PCI0.PCI1: found VMKAPI-capable ACPI PNP Device.
0:00:00:05.318 cpu0:2097152)VMKAcpi: 390: \_SB_.PCI0.PCI3: found VMKAPI-capable ACPI PNP Device.
0:00:00:05.318 cpu0:2097152)VMKAcpi: 390: \_SB_.PCI0.PCI3.PCX0: found VMKAPI-capable ACPI PNP Device.
0:00:00:05.318 cpu0:2097152)VMKAcpi: 390: \_SB_.PCI0.PCI3.PCX1: found VMKAPI-capable ACPI PNP Device.
0:00:00:05.318 cpu0:2097152)VMKAcpi: 390: \_SB_.PCI0.PCI5: found VMKAPI-capable ACPI PNP Device.
0:00:00:05.318 cpu0:2097152)VMKAcpi: 390: \_SB_.PCI0.PCI5.PCX2: found VMKAPI-capable ACPI PNP Device.
0:00:00:05.318 cpu0:2097152)VMKAcpi: 390: \_SB_.PCI0.PCI5.PCX3: found VMKAPI-capable ACPI PNP Device.
0:00:00:05.318 cpu0:2097152)VMKAcpi: 390: \_SB_.PCI0.PCI6: found VMKAPI-capable ACPI PNP Device.
0:00:00:05.318 cpu0:2097152)VMKAcpi: 390: \_SB_.PCI0.PCI7: found VMKAPI-capable ACPI PNP Device.
0:00:00:05.318 cpu0:2097152)VMKAcpi: 390: \_SB_.PCI0.PCI7.PCX5: found VMKAPI-capable ACPI PNP Device.
0:00:00:05.318 cpu0:2097152)VMKAcpi: 390: \_SB_.PCI0.PCI7.PCX6: found VMKAPI-capable ACPI PNP Device.
0:00:00:05.318 cpu0:2097152)VMKAcpi: 390: \_SB_.PCI0.PCI9: found VMKAPI-capable ACPI PNP Device.
0:00:00:05.318 cpu0:2097152)VMKAcpi: 390: \_SB_.PCI0.PCI9.PCX7: found VMKAPI-capable ACPI PNP Device.
0:00:00:05.318 cpu0:2097152)VMKAcpi: 390: \_SB_.PCI0.PCI9.PCX8: found VMKAPI-capable ACPI PNP Device.
0:00:00:05.318 cpu0:2097152)VMKAcpi: 390: \_SB_.PCI0.PCIA: found VMKAPI-capable ACPI PNP Device.
0:00:00:05.318 cpu0:2097152)VMKAcpi: 390: \_SB_.PCI0.PCIA.PCX9: found VMKAPI-capable ACPI PNP Device.
0:00:00:05.318 cpu0:2097152)VMKAcpi: 390: \_SB_.PCI0.PCIA.PCXA: found VMKAPI-capable ACPI PNP Device.
0:00:00:05.318 cpu0:2097152)VMKAcpi: 390: \_SB_.PCI0.LPC0: found VMKAPI-capable ACPI PNP Device.
0:00:00:05.318 cpu0:2097152)VMKAcpi: 208: Found ACPI device quirk for \_SB_.PCI0.LPC0.LNKA (0x4300f58671d0) pnpID PNP0C0F ignore 1 flags 0x1.
0:00:00:05.319 cpu0:2097152)VMKAcpi: 208: Found ACPI device quirk for \_SB_.PCI0.LPC0.LNKB (0x4300f5867490) pnpID PNP0C0F ignore 1 flags 0x1.
0:00:00:05.319 cpu0:2097152)VMKAcpi: 208: Found ACPI device quirk for \_SB_.PCI0.LPC0.LNKC (0x4300f5867750) pnpID PNP0C0F ignore 1 flags 0x1.
0:00:00:05.319 cpu0:2097152)VMKAcpi: 208: Found ACPI device quirk for \_SB_.PCI0.LPC0.LNKD (0x4300f5867a10) pnpID PNP0C0F ignore 1 flags 0x1.
0:00:00:05.319 cpu0:2097152)VMKAcpi: 208: Found ACPI device quirk for \_SB_.PCI0.LPC0.LNKE (0x4300f5867cd0) pnpID PNP0C0F ignore 1 flags 0x1.
0:00:00:05.319 cpu0:2097152)VMKAcpi: 208: Found ACPI device quirk for \_SB_.PCI0.LPC0.LNKF (0x4300f5867f90) pnpID PNP0C0F ignore 1 flags 0x1.
0:00:00:05.319 cpu0:2097152)VMKAcpi: 208: Found ACPI device quirk for \_SB_.PCI0.LPC0.LNKG (0x4300f5868250) pnpID PNP0C0F ignore 1 flags 0x1.
0:00:00:05.319 cpu0:2097152)VMKAcpi: 208: Found ACPI device quirk for \_SB_.PCI0.LPC0.LNKH (0x4300f5868510) pnpID PNP0C0F ignore 1 flags 0x1.
0:00:00:05.319 cpu0:2097152)VMKAcpi: 390: \_SB_.PCI0.LPC0.DMAC: found VMKAPI-capable ACPI PNP Device.
0:00:00:05.319 cpu0:2097152)VMKAcpi: 390: \_SB_.PCI0.LPC0.RTC_: found VMKAPI-capable ACPI PNP Device.
0:00:00:05.319 cpu0:2097152)VMKAcpi: 390: \_SB_.PCI0.LPC0.PIC_: found VMKAPI-capable ACPI PNP Device.
0:00:00:05.319 cpu0:2097152)VMKAcpi: 390: \_SB_.PCI0.LPC0.FPU_: found VMKAPI-capable ACPI PNP Device.
0:00:00:05.319 cpu0:2097152)VMKAcpi: 390: \_SB_.PCI0.LPC0.TMR_: found VMKAPI-capable ACPI PNP Device.
0:00:00:05.319 cpu0:2097152)WARNING: VMKAcpi: 318: \_SB_.PCI0.LPC0.TMR_: skipping GSIV 0 conflict
0:00:00:05.319 cpu0:2097152)VMKAcpi: 390: \_SB_.PCI0.LPC0.SPKR: found VMKAPI-capable ACPI PNP Device.
0:00:00:05.320 cpu0:2097152)VMKAcpi: 390: \_SB_.PCI0.LPC0.HPET: found VMKAPI-capable ACPI PNP Device.
0:00:00:05.320 cpu0:2097152)VMKAcpi: 390: \_SB_.PCI0.LPC0.XTRA: found VMKAPI-capable ACPI PNP Device.
0:00:00:05.320 cpu0:2097152)VMKAcpi: 390: \_SB_.PCI0.LPC0.UAR1: found VMKAPI-capable ACPI PNP Device.
0:00:00:05.320 cpu0:2097152)VMKAcpi: 390: \_SB_.PCI0.LPC0.UAR2: found VMKAPI-capable ACPI PNP Device.
0:00:00:05.320 cpu0:2097152)VMKAcpi: 390: \_SB_.PCI0.LPC0.TPM_: found VMKAPI-capable ACPI PNP Device.
0:00:00:05.320 cpu0:2097152)VMKAcpi: 390: \_SB_.PCI0.AMAP: found VMKAPI-capable ACPI PNP Device.
0:00:00:05.320 cpu0:2097152)VMKAcpi: 390: \_SB_.PCI0.ISCS: found VMKAPI-capable ACPI PNP Device.
0:00:00:05.320 cpu0:2097152)VMKAcpi: 390: \_SB_.PCI0.IOCM: found VMKAPI-capable ACPI PNP Device.
0:00:00:05.320 cpu0:2097152)VMKAcpi: 390: \_SB_.PCI0.MIBM: found VMKAPI-capable ACPI PNP Device.
0:00:00:05.320 cpu0:2097152)VMKAcpi: 208: Found ACPI device quirk for \_SB_.PCI0.MI00 (0x4300f586a700) pnpID IPI0001 ignore 1 flags 0x1.
0:00:00:05.320 cpu0:2097152)VMKAcpi: 211: ACPI quirk handler for \_SB_.PCI0.MI00 (0x4300f586a700) pnpID IPI0001.
0:00:00:05.320 cpu0:2097152)VMKAcpi: 1821: IPMI present (PNP id IPI0001 found)
0:00:00:05.320 cpu0:2097152)VMKAcpi: 390: \_SB_.PCI0.UHC1: found VMKAPI-capable ACPI PNP Device.
0:00:00:05.320 cpu0:2097152)VMKAcpi: 390: \_SB_.PCI0.UHC2: found VMKAPI-capable ACPI PNP Device.
0:00:00:05.320 cpu0:2097152)VMKAcpi: 390: \_SB_.PCI0.UHC3: found VMKAPI-capable ACPI PNP Device.
0:00:00:05.320 cpu0:2097152)VMKAcpi: 390: \_SB_.PCI0.UHC4: found VMKAPI-capable ACPI PNP Device.
0:00:00:05.320 cpu0:2097152)VMKAcpi: 390: \_SB_.PCI0.UHC5: found VMKAPI-capable ACPI PNP Device.
0:00:00:05.320 cpu0:2097152)VMKAcpi: 390: \_SB_.PCI0.EHC1: found VMKAPI-capable ACPI PNP Device.
0:00:00:05.320 cpu0:2097152)VMKAcpi: 390: \_SB_.PCI0.EHC2: found VMKAPI-capable ACPI PNP Device.
0:00:00:05.321 cpu0:2097152)Device: 192: Registered driver 'acpi' from 0
0:00:00:05.321 cpu0:2097152)Device: 1466: Registered device: 0x4306f2778070 acpi acpi root device (parent=0x27e24306f2778225)
0:00:00:05.321 cpu0:2097152)Device: 327: Found driver acpi for device 0x62fd4306f2778636
0:00:00:05.321 cpu0:2097152)Device: 1466: Registered device: 0x4306f2778410 \_SB_.PCI0 h07PNP0A08x07PNP0A03 (parent=0x62fd4306f2778636)
0:00:00:05.321 cpu0:2097152)IOResource: 331: Registered resource 0x4306f2a15070 from module 0 type 3 @ cf8 len=8
0:00:00:05.321 cpu0:2097152)VMKAcpi: 699: \_SB_.PCI0: registered VMKAPI-capable ACPI PNP Device (h07PNP0A08x07PNP0A03).
0:00:00:05.321 cpu0:2097152)VMKAcpi: 1178: Registered root bridge (0 0).
0:00:00:05.322 cpu0:2097152)VMKAcpi: 1329: 1 root bridges found, 6 configured pci-pci bridges found
0:00:00:05.322 cpu0:2097152)VMKAcpi: 261: Printing ACPI irq routing information
0:00:00:05.322 cpu0:2097152)VMKAcpi: 267: ACPI PCI irq routing information for segment 0000
0:00:00:05.322 cpu0:2097152)VMKAcpi: 276: bus 00, ID 00
0:00:00:05.322 cpu0:2097152)VMKAcpi: 235:  pci bus (00) 00:00, pin INTA, ioapicID=8, intIn=16, trigger=levl, polarity=lo
0:00:00:05.322 cpu0:2097152)VMKAcpi: 235:  pci bus (00) 00:00, pin INTB, ioapicID=8, intIn=17, trigger=levl, polarity=lo
0:00:00:05.322 cpu0:2097152)VMKAcpi: 235:  pci bus (00) 00:00, pin INTC, ioapicID=8, intIn=18, trigger=levl, polarity=lo
0:00:00:05.322 cpu0:2097152)VMKAcpi: 235:  pci bus (00) 00:00, pin INTD, ioapicID=8, intIn=19, trigger=levl, polarity=lo
0:00:00:05.322 cpu0:2097152)VMKAcpi: 235:  pci bus (00) 00:01, pin INTA, ioapicID=9, intIn=4, trigger=levl, polarity=lo
0:00:00:05.322 cpu0:2097152)VMKAcpi: 235:  pci bus (00) 00:01, pin INTB, ioapicID=9, intIn=16, trigger=levl, polarity=lo
0:00:00:05.322 cpu0:2097152)VMKAcpi: 235:  pci bus (00) 00:01, pin INTC, ioapicID=9, intIn=17, trigger=levl, polarity=lo
0:00:00:05.322 cpu0:2097152)VMKAcpi: 235:  pci bus (00) 00:01, pin INTD, ioapicID=9, intIn=23, trigger=levl, polarity=lo
0:00:00:05.322 cpu0:2097152)VMKAcpi: 235:  pci bus (00) 00:02, pin INTA, ioapicID=9, intIn=5, trigger=levl, polarity=lo
0:00:00:05.322 cpu0:2097152)VMKAcpi: 235:  pci bus (00) 00:02, pin INTB, ioapicID=9, intIn=17, trigger=levl, polarity=lo
0:00:00:05.322 cpu0:2097152)VMKAcpi: 235:  pci bus (00) 00:02, pin INTC, ioapicID=9, intIn=16, trigger=levl, polarity=lo
0:00:00:05.322 cpu0:2097152)VMKAcpi: 235:  pci bus (00) 00:02, pin INTD, ioapicID=9, intIn=18, trigger=levl, polarity=lo
0:00:00:05.322 cpu0:2097152)VMKAcpi: 235:  pci bus (00) 00:03, pin INTA, ioapicID=9, intIn=0, trigger=levl, polarity=lo
0:00:00:05.322 cpu0:2097152)VMKAcpi: 235:  pci bus (00) 00:03, pin INTB, ioapicID=9, intIn=10, trigger=levl, polarity=lo
0:00:00:05.322 cpu0:2097152)VMKAcpi: 235:  pci bus (00) 00:03, pin INTC, ioapicID=9, intIn=11, trigger=levl, polarity=lo
0:00:00:05.322 cpu0:2097152)VMKAcpi: 235:  pci bus (00) 00:03, pin INTD, ioapicID=9, intIn=12, trigger=levl, polarity=lo
0:00:00:05.322 cpu0:2097152)VMKAcpi: 235:  pci bus (00) 00:04, pin INTA, ioapicID=9, intIn=1, trigger=levl, polarity=lo
0:00:00:05.322 cpu0:2097152)VMKAcpi: 235:  pci bus (00) 00:04, pin INTB, ioapicID=9, intIn=11, trigger=levl, polarity=lo
0:00:00:05.322 cpu0:2097152)VMKAcpi: 235:  pci bus (00) 00:04, pin INTC, ioapicID=9, intIn=12, trigger=levl, polarity=lo
0:00:00:05.322 cpu0:2097152)VMKAcpi: 235:  pci bus (00) 00:04, pin INTD, ioapicID=9, intIn=10, trigger=levl, polarity=lo
0:00:00:05.322 cpu0:2097152)VMKAcpi: 235:  pci bus (00) 00:05, pin INTA, ioapicID=9, intIn=2, trigger=levl, polarity=lo
0:00:00:05.322 cpu0:2097152)VMKAcpi: 235:  pci bus (00) 00:05, pin INTB, ioapicID=9, intIn=1, trigger=levl, polarity=lo
0:00:00:05.322 cpu0:2097152)VMKAcpi: 235:  pci bus (00) 00:05, pin INTC, ioapicID=9, intIn=3, trigger=levl, polarity=lo
0:00:00:05.322 cpu0:2097152)VMKAcpi: 235:  pci bus (00) 00:05, pin INTD, ioapicID=9, intIn=5, trigger=levl, polarity=lo
0:00:00:05.322 cpu0:2097152)VMKAcpi: 235:  pci bus (00) 00:06, pin INTA, ioapicID=9, intIn=3, trigger=levl, polarity=lo
0:00:00:05.322 cpu0:2097152)VMKAcpi: 235:  pci bus (00) 00:06, pin INTB, ioapicID=9, intIn=14, trigger=levl, polarity=lo
0:00:00:05.322 cpu0:2097152)VMKAcpi: 235:  pci bus (00) 00:06, pin INTC, ioapicID=9, intIn=13, trigger=levl, polarity=lo
0:00:00:05.322 cpu0:2097152)VMKAcpi: 235:  pci bus (00) 00:06, pin INTD, ioapicID=9, intIn=15, trigger=levl, polarity=lo
0:00:00:05.322 cpu0:2097152)VMKAcpi: 235:  pci bus (00) 00:07, pin INTA, ioapicID=9, intIn=6, trigger=levl, polarity=lo
0:00:00:05.322 cpu0:2097152)VMKAcpi: 235:  pci bus (00) 00:07, pin INTB, ioapicID=9, intIn=13, trigger=levl, polarity=lo
0:00:00:05.322 cpu0:2097152)VMKAcpi: 235:  pci bus (00) 00:07, pin INTC, ioapicID=9, intIn=15, trigger=levl, polarity=lo
0:00:00:05.322 cpu0:2097152)VMKAcpi: 235:  pci bus (00) 00:07, pin INTD, ioapicID=9, intIn=14, trigger=levl, polarity=lo
0:00:00:05.322 cpu0:2097152)VMKAcpi: 235:  pci bus (00) 00:08, pin INTA, ioapicID=9, intIn=7, trigger=levl, polarity=lo
0:00:00:05.322 cpu0:2097152)VMKAcpi: 235:  pci bus (00) 00:08, pin INTB, ioapicID=9, intIn=15, trigger=levl, polarity=lo
0:00:00:05.322 cpu0:2097152)VMKAcpi: 235:  pci bus (00) 00:08, pin INTC, ioapicID=9, intIn=14, trigger=levl, polarity=lo
0:00:00:05.322 cpu0:2097152)VMKAcpi: 235:  pci bus (00) 00:08, pin INTD, ioapicID=9, intIn=13, trigger=levl, polarity=lo
0:00:00:05.322 cpu0:2097152)VMKAcpi: 235:  pci bus (00) 00:09, pin INTA, ioapicID=9, intIn=8, trigger=levl, polarity=lo
0:00:00:05.322 cpu0:2097152)VMKAcpi: 235:  pci bus (00) 00:09, pin INTB, ioapicID=9, intIn=18, trigger=levl, polarity=lo
0:00:00:05.322 cpu0:2097152)VMKAcpi: 235:  pci bus (00) 00:09, pin INTC, ioapicID=9, intIn=23, trigger=levl, polarity=lo
0:00:00:05.322 cpu0:2097152)VMKAcpi: 235:  pci bus (00) 00:09, pin INTD, ioapicID=9, intIn=17, trigger=levl, polarity=lo
0:00:00:05.322 cpu0:2097152)VMKAcpi: 235:  pci bus (00) 00:0a, pin INTA, ioapicID=9, intIn=9, trigger=levl, polarity=lo
0:00:00:05.322 cpu0:2097152)VMKAcpi: 235:  pci bus (00) 00:0a, pin INTB, ioapicID=9, intIn=7, trigger=levl, polarity=lo
0:00:00:05.322 cpu0:2097152)VMKAcpi: 235:  pci bus (00) 00:0a, pin INTC, ioapicID=9, intIn=22, trigger=levl, polarity=lo
0:00:00:05.322 cpu0:2097152)VMKAcpi: 235:  pci bus (00) 00:0a, pin INTD, ioapicID=9, intIn=21, trigger=levl, polarity=lo
0:00:00:05.322 cpu0:2097152)VMKAcpi: 235:  pci bus (00) 00:0d, pin INTA, ioapicID=8, intIn=16, trigger=levl, polarity=lo
0:00:00:05.322 cpu0:2097152)VMKAcpi: 235:  pci bus (00) 00:0d, pin INTB, ioapicID=8, intIn=17, trigger=levl, polarity=lo
0:00:00:05.322 cpu0:2097152)VMKAcpi: 235:  pci bus (00) 00:0d, pin INTC, ioapicID=8, intIn=18, trigger=levl, polarity=lo
0:00:00:05.322 cpu0:2097152)VMKAcpi: 235:  pci bus (00) 00:0d, pin INTD, ioapicID=8, intIn=19, trigger=levl, polarity=lo
0:00:00:05.322 cpu0:2097152)VMKAcpi: 235:  pci bus (00) 00:16, pin INTA, ioapicID=8, intIn=16, trigger=levl, polarity=lo
0:00:00:05.322 cpu0:2097152)VMKAcpi: 235:  pci bus (00) 00:16, pin INTB, ioapicID=8, intIn=17, trigger=levl, polarity=lo
0:00:00:05.322 cpu0:2097152)VMKAcpi: 235:  pci bus (00) 00:16, pin INTC, ioapicID=8, intIn=18, trigger=levl, polarity=lo
0:00:00:05.322 cpu0:2097152)VMKAcpi: 235:  pci bus (00) 00:16, pin INTD, ioapicID=8, intIn=19, trigger=levl, polarity=lo
0:00:00:05.322 cpu0:2097152)VMKAcpi: 235:  pci bus (00) 00:1a, pin INTA, ioapicID=8, intIn=17, trigger=levl, polarity=lo
0:00:00:05.322 cpu0:2097152)VMKAcpi: 235:  pci bus (00) 00:1a, pin INTB, ioapicID=8, intIn=18, trigger=levl, polarity=lo
0:00:00:05.322 cpu0:2097152)VMKAcpi: 235:  pci bus (00) 00:1a, pin INTC, ioapicID=8, intIn=19, trigger=levl, polarity=lo
0:00:00:05.322 cpu0:2097152)VMKAcpi: 235:  pci bus (00) 00:1a, pin INTD, ioapicID=8, intIn=16, trigger=levl, polarity=lo
0:00:00:05.322 cpu0:2097152)VMKAcpi: 235:  pci bus (00) 00:1c, pin INTA, ioapicID=8, intIn=16, trigger=levl, polarity=lo
0:00:00:05.322 cpu0:2097152)VMKAcpi: 235:  pci bus (00) 00:1c, pin INTB, ioapicID=8, intIn=17, trigger=levl, polarity=lo
0:00:00:05.322 cpu0:2097152)VMKAcpi: 235:  pci bus (00) 00:1c, pin INTC, ioapicID=8, intIn=18, trigger=levl, polarity=lo
0:00:00:05.322 cpu0:2097152)VMKAcpi: 235:  pci bus (00) 00:1c, pin INTD, ioapicID=8, intIn=19, trigger=levl, polarity=lo
0:00:00:05.322 cpu0:2097152)VMKAcpi: 235:  pci bus (00) 00:1d, pin INTA, ioapicID=8, intIn=17, trigger=levl, polarity=lo
0:00:00:05.322 cpu0:2097152)VMKAcpi: 235:  pci bus (00) 00:1d, pin INTB, ioapicID=8, intIn=18, trigger=levl, polarity=lo
0:00:00:05.322 cpu0:2097152)VMKAcpi: 235:  pci bus (00) 00:1d, pin INTC, ioapicID=8, intIn=19, trigger=levl, polarity=lo
0:00:00:05.322 cpu0:2097152)VMKAcpi: 235:  pci bus (00) 00:1d, pin INTD, ioapicID=8, intIn=16, trigger=levl, polarity=lo
0:00:00:05.322 cpu0:2097152)VMKAcpi: 235:  pci bus (00) 00:1f, pin INTA, ioapicID=8, intIn=16, trigger=levl, polarity=lo
0:00:00:05.322 cpu0:2097152)VMKAcpi: 235:  pci bus (00) 00:1f, pin INTB, ioapicID=8, intIn=22, trigger=levl, polarity=lo
0:00:00:05.322 cpu0:2097152)VMKAcpi: 235:  pci bus (00) 00:1f, pin INTC, ioapicID=8, intIn=21, trigger=levl, polarity=lo
0:00:00:05.322 cpu0:2097152)VMKAcpi: 235:  pci bus (00) 00:1f, pin INTD, ioapicID=8, intIn=16, trigger=levl, polarity=lo
0:00:00:05.322 cpu0:2097152)VMKAcpi: 276: bus 01, ID 0b
0:00:00:05.322 cpu0:2097152)VMKAcpi: 235:  pci bus (01) 0b:00, pin INTA, ioapicID=9, intIn=4, trigger=levl, polarity=lo
0:00:00:05.322 cpu0:2097152)VMKAcpi: 235:  pci bus (01) 0b:00, pin INTB, ioapicID=9, intIn=16, trigger=levl, polarity=lo
0:00:00:05.322 cpu0:2097152)VMKAcpi: 235:  pci bus (01) 0b:00, pin INTC, ioapicID=9, intIn=17, trigger=levl, polarity=lo
0:00:00:05.322 cpu0:2097152)VMKAcpi: 235:  pci bus (01) 0b:00, pin INTD, ioapicID=9, intIn=23, trigger=levl, polarity=lo
0:00:00:05.322 cpu0:2097152)VMKAcpi: 276: bus 02, ID 15
0:00:00:05.322 cpu0:2097152)VMKAcpi: 235:  pci bus (02) 15:00, pin INTA, ioapicID=9, intIn=0, trigger=levl, polarity=lo
0:00:00:05.322 cpu0:2097152)VMKAcpi: 235:  pci bus (02) 15:00, pin INTB, ioapicID=9, intIn=10, trigger=levl, polarity=lo
0:00:00:05.322 cpu0:2097152)VMKAcpi: 235:  pci bus (02) 15:00, pin INTC, ioapicID=9, intIn=11, trigger=levl, polarity=lo
0:00:00:05.322 cpu0:2097152)VMKAcpi: 235:  pci bus (02) 15:00, pin INTD, ioapicID=9, intIn=12, trigger=levl, polarity=lo
0:00:00:05.322 cpu0:2097152)VMKAcpi: 276: bus 03, ID ffff
0:00:00:05.322 cpu0:2097152)VMKAcpi: 235:  pci bus (03) ffff:00, pin INTA, ioapicID=9, intIn=3, trigger=levl, polarity=lo
0:00:00:05.322 cpu0:2097152)VMKAcpi: 235:  pci bus (03) ffff:00, pin INTB, ioapicID=9, intIn=14, trigger=levl, polarity=lo
0:00:00:05.322 cpu0:2097152)VMKAcpi: 235:  pci bus (03) ffff:00, pin INTC, ioapicID=9, intIn=13, trigger=levl, polarity=lo
0:00:00:05.322 cpu0:2097152)VMKAcpi: 235:  pci bus (03) ffff:00, pin INTD, ioapicID=9, intIn=15, trigger=levl, polarity=lo
0:00:00:05.322 cpu0:2097152)VMKAcpi: 276: bus 04, ID 1a
0:00:00:05.322 cpu0:2097152)VMKAcpi: 235:  pci bus (04) 1a:00, pin INTA, ioapicID=9, intIn=6, trigger=levl, polarity=lo
0:00:00:05.322 cpu0:2097152)VMKAcpi: 235:  pci bus (04) 1a:00, pin INTB, ioapicID=9, intIn=13, trigger=levl, polarity=lo
0:00:00:05.322 cpu0:2097152)VMKAcpi: 235:  pci bus (04) 1a:00, pin INTC, ioapicID=9, intIn=15, trigger=levl, polarity=lo
0:00:00:05.322 cpu0:2097152)VMKAcpi: 235:  pci bus (04) 1a:00, pin INTD, ioapicID=9, intIn=14, trigger=levl, polarity=lo
0:00:00:05.322 cpu0:2097152)VMKAcpi: 276: bus 05, ID ffff
0:00:00:05.322 cpu0:2097152)VMKAcpi: 235:  pci bus (05) ffff:00, pin INTA, ioapicID=9, intIn=8, trigger=levl, polarity=lo
0:00:00:05.322 cpu0:2097152)VMKAcpi: 235:  pci bus (05) ffff:00, pin INTB, ioapicID=9, intIn=18, trigger=levl, polarity=lo
0:00:00:05.322 cpu0:2097152)VMKAcpi: 235:  pci bus (05) ffff:00, pin INTC, ioapicID=9, intIn=23, trigger=levl, polarity=lo
0:00:00:05.322 cpu0:2097152)VMKAcpi: 235:  pci bus (05) ffff:00, pin INTD, ioapicID=9, intIn=17, trigger=levl, polarity=lo
0:00:00:05.322 cpu0:2097152)VMKAcpi: 276: bus 06, ID 01
0:00:00:05.322 cpu0:2097152)VMKAcpi: 290: ACPI legacy irq routing information
0:00:00:05.322 cpu0:2097152)VMKAcpi: 235: legacy* bus (100) 00:00, pin INT , ioapicID=8, intIn=2, trigger=edge, polarity=hi
0:00:00:05.322 cpu0:2097152)VMKAcpi: 235: legacy bus (100) 00:01, pin INT , ioapicID=8, intIn=1, trigger=edge, polarity=hi
0:00:00:05.322 cpu0:2097152)VMKAcpi: 235: legacy bus (100) 00:03, pin INT , ioapicID=8, intIn=3, trigger=edge, polarity=hi
0:00:00:05.322 cpu0:2097152)VMKAcpi: 235: legacy bus (100) 00:04, pin INT , ioapicID=8, intIn=4, trigger=edge, polarity=hi
0:00:00:05.322 cpu0:2097152)VMKAcpi: 235: legacy bus (100) 00:05, pin INT , ioapicID=8, intIn=5, trigger=edge, polarity=hi
0:00:00:05.322 cpu0:2097152)VMKAcpi: 235: legacy bus (100) 00:06, pin INT , ioapicID=8, intIn=6, trigger=edge, polarity=hi
0:00:00:05.322 cpu0:2097152)VMKAcpi: 235: legacy bus (100) 00:07, pin INT , ioapicID=8, intIn=7, trigger=edge, polarity=hi
0:00:00:05.322 cpu0:2097152)VMKAcpi: 235: legacy bus (100) 00:08, pin INT , ioapicID=8, intIn=8, trigger=edge, polarity=hi
0:00:00:05.322 cpu0:2097152)VMKAcpi: 235: legacy* bus (100) 00:09, pin INT , ioapicID=8, intIn=9, trigger=levl, polarity=hi
0:00:00:05.322 cpu0:2097152)VMKAcpi: 235: legacy bus (100) 00:0a, pin INT , ioapicID=8, intIn=10, trigger=edge, polarity=hi
0:00:00:05.322 cpu0:2097152)VMKAcpi: 235: legacy bus (100) 00:0b, pin INT , ioapicID=8, intIn=11, trigger=edge, polarity=hi
0:00:00:05.322 cpu0:2097152)VMKAcpi: 235: legacy bus (100) 00:0c, pin INT , ioapicID=8, intIn=12, trigger=edge, polarity=hi
0:00:00:05.322 cpu0:2097152)VMKAcpi: 235: legacy bus (100) 00:0d, pin INT , ioapicID=8, intIn=13, trigger=edge, polarity=hi
0:00:00:05.322 cpu0:2097152)VMKAcpi: 235: legacy bus (100) 00:0e, pin INT , ioapicID=8, intIn=14, trigger=edge, polarity=hi
0:00:00:05.322 cpu0:2097152)VMKAcpi: 235: legacy bus (100) 00:0f, pin INT , ioapicID=8, intIn=15, trigger=edge, polarity=hi
0:00:00:05.322 cpu0:2097152)Device: 192: Registered driver 'nvdroot' from 0
0:00:00:05.322 cpu0:2097152)VMKAcpi: 307: Installing fixed event power handler
0:00:00:05.323 cpu0:2097152)TPM FixedMem: start = 0xfed40000, end = 0xfed44fff, write protect = 0
0:00:00:05.323 cpu0:2097152)RTC: 300: Getting initial time from legacy CMOS device
0:00:00:05.323 cpu0:2097152)Initializing storage stack ...
0:00:00:05.326 cpu0:2097152)FDS: 414: Registered FDS Driver genscsi
0:00:00:05.326 cpu0:2097152)FDS: 414: Registered FDS Driver disks
0:00:00:05.329 cpu0:2097152)FSS: 959: Initialized file system switch to support 65536 [not clamped] file handles
0:00:00:05.334 cpu0:2097152)FSS: 1147: Registered fs vcfs, module 0, fsTypeNum 0xbcf5
0:00:00:05.335 cpu0:2097152)VisorFSRam: 882: root with (32,32,4096,20224,755)
0:00:00:05.336 cpu0:2097152)VisorFSRam: 882: etc with (28,28,1024,4096,755)
0:00:00:05.336 cpu0:2097152)VisorFSRam: 882: opt with (0,32,1024,8192,755)
0:00:00:05.336 cpu0:2097152)VisorFSRam: 882: var with (5,48,128,8192,755)
0:00:00:05.336 cpu0:2097152)FSS: 1147: Registered fs visorfs, module 0, fsTypeNum 0x1
0:00:00:05.336 cpu0:2097152)FSS: 1147: Registered fs devfs, module 0, fsTypeNum 0xdef5
0:00:00:05.341 cpu0:2097152)FDS: 414: Registered FDS Driver char
0:00:00:05.341 cpu0:2097152)FDS: 414: Registered FDS Driver cdrom
0:00:00:05.343 cpu0:2097152)VSCSIFilter: 1143: Successfully created directory for VSCSI-Filter character devices
0:00:00:05.345 cpu0:2097152)CpuSched: 699: user latency of 2097484 VSCSIPoll 0 changed by 2097152 bootstrap -6
0:00:00:05.346 cpu0:2097152)CpuSched: 699: user latency of 2097495 Storage-APD 0 changed by 2097152 bootstrap -6
0:00:00:05.348 cpu0:2097152)ScsiPeriodicProbe: 364: SCSI periodic probe interval changed to 300 Sec.
0:00:00:05.348 cpu0:2097152)ScsiPeriodicProbe: 364: SCSI periodic probe interval changed to 300 Sec.
0:00:00:05.350 cpu0:2097152)ScsiPsaDriver: 182: SCSI PSA Driver Heap Initialized.
0:00:00:05.350 cpu0:2097152)Chipset: 520: Chipset PCI bus irq routing information for segment 0000
0:00:00:05.350 cpu0:2097152)Chipset: 377: Setting ACPI bus 0 to ID 00
0:00:00:05.350 cpu0:2097152)Chipset: 377: Setting ACPI bus 1 to ID 0b
0:00:00:05.350 cpu0:2097152)Chipset: 377: Setting ACPI bus 2 to ID 15
0:00:00:05.350 cpu0:2097152)Chipset: 377: Setting ACPI bus 3 to ID ffff
0:00:00:05.350 cpu0:2097152)Chipset: 377: Setting ACPI bus 4 to ID 1a
0:00:00:05.350 cpu0:2097152)Chipset: 377: Setting ACPI bus 5 to ID ffff
0:00:00:05.350 cpu0:2097152)Chipset: 377: Setting ACPI bus 6 to ID 01
0:00:00:05.350 cpu0:2097152)IOAPIC: 100: IOAPIC 0, id=8 @ 0xfec00000
0:00:00:05.350 cpu0:2097152)IOAPIC: 100: IOAPIC 1, id=9 @ 0xfec80000
0:00:00:05.350 cpu0:2097152)Chipset: 287: Printing Chipset IRQ information for segment 0000
0:00:00:05.350 cpu0:2097152)Chipset: 243: bus pci, id 00
0:00:00:05.350 cpu0:2097152)Chipset: 253: 00:A (0) 00-16 trg 2 pol 1
0:00:00:05.350 cpu0:2097152)Chipset: 253: 00:B (1) 00-17 trg 2 pol 1
0:00:00:05.350 cpu0:2097152)Chipset: 253: 00:C (2) 00-18 trg 2 pol 1
0:00:00:05.350 cpu0:2097152)Chipset: 253: 00:D (3) 00-19 trg 2 pol 1
0:00:00:05.350 cpu0:2097152)Chipset: 253: 01:A (4) 01-04 trg 2 pol 1
0:00:00:05.350 cpu0:2097152)Chipset: 253: 01:B (5) 01-16 trg 2 pol 1
0:00:00:05.350 cpu0:2097152)Chipset: 253: 01:C (6) 01-17 trg 2 pol 1
0:00:00:05.350 cpu0:2097152)Chipset: 253: 01:D (7) 01-23 trg 2 pol 1
0:00:00:05.350 cpu0:2097152)Chipset: 253: 02:A (8) 01-05 trg 2 pol 1
0:00:00:05.350 cpu0:2097152)Chipset: 253: 02:B (9) 01-17 trg 2 pol 1
0:00:00:05.350 cpu0:2097152)Chipset: 253: 02:C (10) 01-16 trg 2 pol 1
0:00:00:05.350 cpu0:2097152)Chipset: 253: 02:D (11) 01-18 trg 2 pol 1
0:00:00:05.350 cpu0:2097152)Chipset: 253: 03:A (12) 01-00 trg 2 pol 1
0:00:00:05.350 cpu0:2097152)Chipset: 253: 03:B (13) 01-10 trg 2 pol 1
0:00:00:05.350 cpu0:2097152)Chipset: 253: 03:C (14) 01-11 trg 2 pol 1
0:00:00:05.350 cpu0:2097152)Chipset: 253: 03:D (15) 01-12 trg 2 pol 1
0:00:00:05.350 cpu0:2097152)Chipset: 253: 04:A (16) 01-01 trg 2 pol 1
0:00:00:05.350 cpu0:2097152)Chipset: 253: 04:B (17) 01-11 trg 2 pol 1
0:00:00:05.350 cpu0:2097152)Chipset: 253: 04:C (18) 01-12 trg 2 pol 1
0:00:00:05.350 cpu0:2097152)Chipset: 253: 04:D (19) 01-10 trg 2 pol 1
0:00:00:05.350 cpu0:2097152)Chipset: 253: 05:A (20) 01-02 trg 2 pol 1
0:00:00:05.350 cpu0:2097152)Chipset: 253: 05:B (21) 01-01 trg 2 pol 1
0:00:00:05.350 cpu0:2097152)Chipset: 253: 05:C (22) 01-03 trg 2 pol 1
0:00:00:05.350 cpu0:2097152)Chipset: 253: 05:D (23) 01-05 trg 2 pol 1
0:00:00:05.350 cpu0:2097152)Chipset: 253: 06:A (24) 01-03 trg 2 pol 1
0:00:00:05.350 cpu0:2097152)Chipset: 253: 06:B (25) 01-14 trg 2 pol 1
0:00:00:05.350 cpu0:2097152)Chipset: 253: 06:C (26) 01-13 trg 2 pol 1
0:00:00:05.350 cpu0:2097152)Chipset: 253: 06:D (27) 01-15 trg 2 pol 1
0:00:00:05.350 cpu0:2097152)Chipset: 253: 07:A (28) 01-06 trg 2 pol 1
0:00:00:05.350 cpu0:2097152)Chipset: 253: 07:B (29) 01-13 trg 2 pol 1
0:00:00:05.350 cpu0:2097152)Chipset: 253: 07:C (30) 01-15 trg 2 pol 1
0:00:00:05.350 cpu0:2097152)Chipset: 253: 07:D (31) 01-14 trg 2 pol 1
0:00:00:05.350 cpu0:2097152)Chipset: 253: 08:A (32) 01-07 trg 2 pol 1
0:00:00:05.350 cpu0:2097152)Chipset: 253: 08:B (33) 01-15 trg 2 pol 1
0:00:00:05.350 cpu0:2097152)Chipset: 253: 08:C (34) 01-14 trg 2 pol 1
0:00:00:05.350 cpu0:2097152)Chipset: 253: 08:D (35) 01-13 trg 2 pol 1
0:00:00:05.350 cpu0:2097152)Chipset: 253: 09:A (36) 01-08 trg 2 pol 1
0:00:00:05.350 cpu0:2097152)Chipset: 253: 09:B (37) 01-18 trg 2 pol 1
0:00:00:05.350 cpu0:2097152)Chipset: 253: 09:C (38) 01-23 trg 2 pol 1
0:00:00:05.350 cpu0:2097152)Chipset: 253: 09:D (39) 01-17 trg 2 pol 1
0:00:00:05.350 cpu0:2097152)Chipset: 253: 0a:A (40) 01-09 trg 2 pol 1
0:00:00:05.350 cpu0:2097152)Chipset: 253: 0a:B (41) 01-07 trg 2 pol 1
0:00:00:05.350 cpu0:2097152)Chipset: 253: 0a:C (42) 01-22 trg 2 pol 1
0:00:00:05.350 cpu0:2097152)Chipset: 253: 0a:D (43) 01-21 trg 2 pol 1
0:00:00:05.350 cpu0:2097152)Chipset: 253: 0d:A (52) 00-16 trg 2 pol 1
0:00:00:05.350 cpu0:2097152)Chipset: 253: 0d:B (53) 00-17 trg 2 pol 1
0:00:00:05.350 cpu0:2097152)Chipset: 253: 0d:C (54) 00-18 trg 2 pol 1
0:00:00:05.350 cpu0:2097152)Chipset: 253: 0d:D (55) 00-19 trg 2 pol 1
0:00:00:05.350 cpu0:2097152)Chipset: 253: 16:A (88) 00-16 trg 2 pol 1
0:00:00:05.350 cpu0:2097152)Chipset: 253: 16:B (89) 00-17 trg 2 pol 1
0:00:00:05.350 cpu0:2097152)Chipset: 253: 16:C (90) 00-18 trg 2 pol 1
0:00:00:05.350 cpu0:2097152)Chipset: 253: 16:D (91) 00-19 trg 2 pol 1
0:00:00:05.350 cpu0:2097152)Chipset: 253: 1a:A (104) 00-17 trg 2 pol 1
0:00:00:05.350 cpu0:2097152)Chipset: 253: 1a:B (105) 00-18 trg 2 pol 1
0:00:00:05.350 cpu0:2097152)Chipset: 253: 1a:C (106) 00-19 trg 2 pol 1
0:00:00:05.350 cpu0:2097152)Chipset: 253: 1a:D (107) 00-16 trg 2 pol 1
0:00:00:05.350 cpu0:2097152)Chipset: 253: 1c:A (112) 00-16 trg 2 pol 1
0:00:00:05.350 cpu0:2097152)Chipset: 253: 1c:B (113) 00-17 trg 2 pol 1
0:00:00:05.351 cpu0:2097152)Chipset: 253: 1c:C (114) 00-18 trg 2 pol 1
0:00:00:05.351 cpu0:2097152)Chipset: 253: 1c:D (115) 00-19 trg 2 pol 1
0:00:00:05.351 cpu0:2097152)Chipset: 253: 1d:A (116) 00-17 trg 2 pol 1
0:00:00:05.351 cpu0:2097152)Chipset: 253: 1d:B (117) 00-18 trg 2 pol 1
0:00:00:05.351 cpu0:2097152)Chipset: 253: 1d:C (118) 00-19 trg 2 pol 1
0:00:00:05.351 cpu0:2097152)Chipset: 253: 1d:D (119) 00-16 trg 2 pol 1
0:00:00:05.351 cpu0:2097152)Chipset: 253: 1f:A (124) 00-16 trg 2 pol 1
0:00:00:05.351 cpu0:2097152)Chipset: 253: 1f:B (125) 00-22 trg 2 pol 1
0:00:00:05.351 cpu0:2097152)Chipset: 253: 1f:C (126) 00-21 trg 2 pol 1
0:00:00:05.351 cpu0:2097152)Chipset: 253: 1f:D (127) 00-16 trg 2 pol 1
0:00:00:05.351 cpu0:2097152)Chipset: 243: bus pci, id 01
0:00:00:05.351 cpu0:2097152)Chipset: 243: bus pci, id 0b
0:00:00:05.351 cpu0:2097152)Chipset: 253: 00:A (0) 01-04 trg 2 pol 1
0:00:00:05.351 cpu0:2097152)Chipset: 253: 00:B (1) 01-16 trg 2 pol 1
0:00:00:05.351 cpu0:2097152)Chipset: 253: 00:C (2) 01-17 trg 2 pol 1
0:00:00:05.351 cpu0:2097152)Chipset: 253: 00:D (3) 01-23 trg 2 pol 1
0:00:00:05.351 cpu0:2097152)Chipset: 243: bus pci, id 15
0:00:00:05.351 cpu0:2097152)Chipset: 253: 00:A (0) 01-00 trg 2 pol 1
0:00:00:05.351 cpu0:2097152)Chipset: 253: 00:B (1) 01-10 trg 2 pol 1
0:00:00:05.351 cpu0:2097152)Chipset: 253: 00:C (2) 01-11 trg 2 pol 1
0:00:00:05.351 cpu0:2097152)Chipset: 253: 00:D (3) 01-12 trg 2 pol 1
0:00:00:05.351 cpu0:2097152)Chipset: 243: bus pci, id 1a
0:00:00:05.351 cpu0:2097152)Chipset: 253: 00:A (0) 01-06 trg 2 pol 1
0:00:00:05.351 cpu0:2097152)Chipset: 253: 00:B (1) 01-13 trg 2 pol 1
0:00:00:05.351 cpu0:2097152)Chipset: 253: 00:C (2) 01-15 trg 2 pol 1
0:00:00:05.351 cpu0:2097152)Chipset: 253: 00:D (3) 01-14 trg 2 pol 1
0:00:00:05.351 cpu0:2097152)Chipset: 243: bus non-pci, id 100
0:00:00:05.351 cpu0:2097152)Chipset: 253: 00:  (0) 00-02 trg 1 pol 2
0:00:00:05.351 cpu0:2097152)Chipset: 253: 01:  (1) 00-01 trg 1 pol 2
0:00:00:05.351 cpu0:2097152)Chipset: 253: 03:  (3) 00-03 trg 1 pol 2
0:00:00:05.351 cpu0:2097152)Chipset: 253: 04:  (4) 00-04 trg 1 pol 2
0:00:00:05.351 cpu0:2097152)Chipset: 253: 05:  (5) 00-05 trg 1 pol 2
0:00:00:05.351 cpu0:2097152)Chipset: 253: 06:  (6) 00-06 trg 1 pol 2
0:00:00:05.351 cpu0:2097152)Chipset: 253: 07:  (7) 00-07 trg 1 pol 2
0:00:00:05.351 cpu0:2097152)Chipset: 253: 08:  (8) 00-08 trg 1 pol 2
0:00:00:05.351 cpu0:2097152)Chipset: 253: 09:  (9) 00-09 trg 2 pol 2
0:00:00:05.351 cpu0:2097152)Chipset: 253: 0a:  (10) 00-10 trg 1 pol 2
0:00:00:05.351 cpu0:2097152)Chipset: 253: 0b:  (11) 00-11 trg 1 pol 2
0:00:00:05.351 cpu0:2097152)Chipset: 253: 0c:  (12) 00-12 trg 1 pol 2
0:00:00:05.351 cpu0:2097152)Chipset: 253: 0d:  (13) 00-13 trg 1 pol 2
0:00:00:05.351 cpu0:2097152)Chipset: 253: 0e:  (14) 00-14 trg 1 pol 2
0:00:00:05.351 cpu0:2097152)Chipset: 253: 0f:  (15) 00-15 trg 1 pol 2
0:00:00:05.351 cpu0:2097152)ISA: 112: Setting up ISA devices interrupts
0:00:00:05.351 cpu0:2097152)ISA: 128: irq 0
0:00:00:05.351 cpu0:2097152)IOAPIC: 1272: IOAPIC Id 8: Allocated vector 0x21 for pin 2
0:00:00:05.351 cpu0:2097152)ISA: 128: irq 1
0:00:00:05.351 cpu0:2097152)IOAPIC: 1272: IOAPIC Id 8: Allocated vector 0x22 for pin 1
0:00:00:05.351 cpu0:2097152)ISA: 128: irq 3
0:00:00:05.351 cpu0:2097152)IOAPIC: 1272: IOAPIC Id 8: Allocated vector 0x23 for pin 3
0:00:00:05.351 cpu0:2097152)ISA: 128: irq 4
0:00:00:05.351 cpu0:2097152)IOAPIC: 1272: IOAPIC Id 8: Allocated vector 0x24 for pin 4
0:00:00:05.351 cpu0:2097152)ISA: 128: irq 5
0:00:00:05.351 cpu0:2097152)IOAPIC: 1272: IOAPIC Id 8: Allocated vector 0x25 for pin 5
0:00:00:05.351 cpu0:2097152)ISA: 128: irq 6
0:00:00:05.351 cpu0:2097152)IOAPIC: 1272: IOAPIC Id 8: Allocated vector 0x26 for pin 6
0:00:00:05.351 cpu0:2097152)ISA: 128: irq 7
0:00:00:05.351 cpu0:2097152)IOAPIC: 1272: IOAPIC Id 8: Allocated vector 0x27 for pin 7
0:00:00:05.351 cpu0:2097152)ISA: 128: irq 8
0:00:00:05.351 cpu0:2097152)IOAPIC: 1272: IOAPIC Id 8: Allocated vector 0x28 for pin 8
0:00:00:05.351 cpu0:2097152)ISA: 117: Ignoring sci interrupt: 0x9
0:00:00:05.351 cpu0:2097152)ISA: 128: irq 10
0:00:00:05.351 cpu0:2097152)IOAPIC: 1272: IOAPIC Id 8: Allocated vector 0x29 for pin 10
0:00:00:05.351 cpu0:2097152)ISA: 128: irq 11
0:00:00:05.351 cpu0:2097152)IOAPIC: 1272: IOAPIC Id 8: Allocated vector 0x2a for pin 11
0:00:00:05.351 cpu0:2097152)ISA: 128: irq 12
0:00:00:05.351 cpu0:2097152)IOAPIC: 1272: IOAPIC Id 8: Allocated vector 0x2b for pin 12
0:00:00:05.351 cpu0:2097152)ISA: 128: irq 13
0:00:00:05.351 cpu0:2097152)IOAPIC: 1272: IOAPIC Id 8: Allocated vector 0x2c for pin 13
0:00:00:05.351 cpu0:2097152)ISA: 128: irq 14
0:00:00:05.351 cpu0:2097152)IOAPIC: 1272: IOAPIC Id 8: Allocated vector 0x2d for pin 14
0:00:00:05.351 cpu0:2097152)ISA: 128: irq 15
0:00:00:05.351 cpu0:2097152)IOAPIC: 1272: IOAPIC Id 8: Allocated vector 0x2e for pin 15
0:00:00:05.351 cpu0:2097152)PCI: 218: enablePCIErrors: 0, enableValidPCIDevices: 1, pciSetBusMaster: 1, disableACSCheck: 0, disableACSCheckForRP: 1, enablePCIEHotplug: 1, pciBarAllocPolicy: 1, disablePciPassthrough: 0
0:00:00:05.351 cpu0:2097152)Device: 192: Registered driver 'pci' from 0
0:00:00:05.351 cpu0:2097152)PCI: 312: Assuming default resources for root bridge 0000:00
0:00:00:05.351 cpu0:2097152)PCI: 59: Evaluating _OSC for 0000:00
0:00:00:05.351 cpu0:2097152)PCI: 73: _OSC controls available for 0000:00: 0x0
0:00:00:05.351 cpu0:2097152)PCI: 81: Requested control flags 0x0 available; 0x11 unavailable
0:00:00:05.351 cpu0:2097152)Device: 327: Found driver pci for device 0x7ec54306f27788ff
0:00:00:05.351 cpu0:2097152)PCI: 305: probe-scanning host/root bridge @ seg 0000 (spawned-bus 00)
0:00:00:05.351 cpu0:2097152)PCI: 488: 0000:00:00.0: PCIe v2 PCI Express Root Complex Port
0:00:00:05.351 cpu0:2097152)PCI: 248: 0000:00:00.0: Found support for extended capability 0x1 (Advanced Error Reporting)
0:00:00:05.351 cpu0:2097152)PCI: 248: 0000:00:00.0: Found support for extended capability 0xd (Enhanced Access Control)
0:00:00:05.351 cpu0:2097152)PCI: 248: 0000:00:00.0: Found support for extended capability 0xb (Vendor Specific)
0:00:00:05.351 cpu0:2097152)PCI: 423: 0000:00:00.0: PCIe v2 PCI Express Root Complex Port
0:00:00:05.351 cpu0:2097152)PCI: 431: ACS capable device
0:00:00:05.351 cpu0:2097152)PCI: 1097: 0000:00:00.0: probing 8086:3406 1014:7270
0:00:00:05.351 cpu0:2097152)PCI: 1099:   classCode 0600 progIFRevID 0022
0:00:00:05.351 cpu0:2097152)PCI: 488: 0000:00:01.0: PCIe v2 PCI Express Root Complex Port
0:00:00:05.351 cpu0:2097152)PCI: 248: 0000:00:01.0: Found support for extended capability 0x1 (Advanced Error Reporting)
0:00:00:05.351 cpu0:2097152)PCI: 248: 0000:00:01.0: Found support for extended capability 0xd (Enhanced Access Control)
0:00:00:05.351 cpu0:2097152)PCI: 248: 0000:00:01.0: Found support for extended capability 0xb (Vendor Specific)
0:00:00:05.351 cpu0:2097152)PCI: 1305: Found a PCIe-to-PCIe bridge at 0000:00:01.0
0:00:00:05.351 cpu0:2097152)PCI: 423: 0000:00:01.0: PCIe v2 PCI Express Root Complex Port
0:00:00:05.351 cpu0:2097152)PCI: 431: ACS capable device
0:00:00:05.351 cpu0:2097152)PCI: 1097: 0000:00:01.0: probing 8086:3408 0000:0000
0:00:00:05.351 cpu0:2097152)PCI: 1099:   classCode 0604 progIFRevID 0022
0:00:00:05.351 cpu0:2097152)PCI: 404: 0000:00:01.0: Adding to resource tracker under parent Root.
0:00:00:05.351 cpu0:2097152)PCI: 544:   Adding bus 0b with parent 00
0:00:00:05.351 cpu0:2097152)PCI: 354: probe-scanning pcie bridge @ seg:bus:slot 0000:00:01 (spawned-bus = 0b)
0:00:00:05.351 cpu0:2097152)PCI: 488: 0000:0b:00.0: PCIe v2 PCI Express Endpoint
0:00:00:05.351 cpu0:2097152)PCI: 248: 0000:0b:00.0: Found support for extended capability 0x3 (Device Serial Number)
0:00:00:05.351 cpu0:2097152)PCI: 248: 0000:0b:00.0: Found support for extended capability 0x1 (Advanced Error Reporting)
0:00:00:05.351 cpu0:2097152)PCI: 248: 0000:0b:00.0: Found support for extended capability 0x4 (Power Budgeting)
0:00:00:05.351 cpu0:2097152)PCI: 248: 0000:0b:00.0: Found support for extended capability 0x2 (Virtual Channel)
0:00:00:05.351 cpu0:2097152)PCI: 441: Found onboard instance 0x8501 from SMBIOS for 0000:0b:00.0
0:00:00:05.351 cpu0:2097152)PCI: 423: 0000:0b:00.0: PCIe v2 PCI Express Endpoint
0:00:00:05.351 cpu0:2097152)PCI: 427: Not a ACS capable device
0:00:00:05.351 cpu0:2097152)PCI: 488: 0000:0b:00.1: PCIe v2 PCI Express Endpoint
0:00:00:05.351 cpu0:2097152)PCI: 248: 0000:0b:00.1: Found support for extended capability 0x3 (Device Serial Number)
0:00:00:05.351 cpu0:2097152)PCI: 248: 0000:0b:00.1: Found support for extended capability 0x1 (Advanced Error Reporting)
0:00:00:05.351 cpu0:2097152)PCI: 248: 0000:0b:00.1: Found support for extended capability 0x4 (Power Budgeting)
0:00:00:05.351 cpu0:2097152)PCI: 248: 0000:0b:00.1: Found support for extended capability 0x2 (Virtual Channel)
0:00:00:05.351 cpu0:2097152)PCI: 441: Found onboard instance 0x8502 from SMBIOS for 0000:0b:00.1
0:00:00:05.352 cpu0:2097152)PCI: 423: 0000:0b:00.1: PCIe v2 PCI Express Endpoint
0:00:00:05.352 cpu0:2097152)PCI: 427: Not a ACS capable device
0:00:00:05.352 cpu0:2097152)PCI: 1097: 0000:0b:00.0: probing 14e4:1639 1014:03a9
0:00:00:05.352 cpu0:2097152)PCI: 1099:   classCode 0200 progIFRevID 0020
0:00:00:05.352 cpu0:2097152)PCI: 404: 0000:0b:00.0: Adding to resource tracker under parent 0000:00:01.0.
0:00:00:05.352 cpu0:2097152)PCI: 1097: 0000:0b:00.1: probing 14e4:1639 1014:03a9
0:00:00:05.352 cpu0:2097152)PCI: 1099:   classCode 0200 progIFRevID 0020
0:00:00:05.352 cpu0:2097152)PCI: 404: 0000:0b:00.1: Adding to resource tracker under parent 0000:00:01.0.
0:00:00:05.352 cpu0:2097152)PCI: 488: 0000:00:02.0: PCIe v2 PCI Express Root Complex Port
0:00:00:05.352 cpu0:2097152)PCI: 248: 0000:00:02.0: Found support for extended capability 0x1 (Advanced Error Reporting)
0:00:00:05.352 cpu0:2097152)PCI: 248: 0000:00:02.0: Found support for extended capability 0xd (Enhanced Access Control)
0:00:00:05.352 cpu0:2097152)PCI: 1305: Found a PCIe-to-PCIe bridge at 0000:00:02.0
0:00:00:05.352 cpu0:2097152)PCI: 423: 0000:00:02.0: PCIe v2 PCI Express Root Complex Port
0:00:00:05.352 cpu0:2097152)PCI: 431: ACS capable device
0:00:00:05.352 cpu0:2097152)PCI: 1097: 0000:00:02.0: probing 8086:3409 0000:0000
0:00:00:05.352 cpu0:2097152)PCI: 1099:   classCode 0604 progIFRevID 0022
0:00:00:05.352 cpu0:2097152)PCI: 404: 0000:00:02.0: Adding to resource tracker under parent Root.
0:00:00:05.352 cpu0:2097152)PCI: 544:   Adding bus 10 with parent 00
0:00:00:05.352 cpu0:2097152)PCI: 354: probe-scanning pcie bridge @ seg:bus:slot 0000:00:02 (spawned-bus = 10)
0:00:00:05.352 cpu0:2097152)PCI: 488: 0000:10:00.0: PCIe v2 PCI Express Endpoint
0:00:00:05.352 cpu0:2097152)PCI: 248: 0000:10:00.0: Found support for extended capability 0x3 (Device Serial Number)
0:00:00:05.352 cpu0:2097152)PCI: 248: 0000:10:00.0: Found support for extended capability 0x1 (Advanced Error Reporting)
0:00:00:05.352 cpu0:2097152)PCI: 248: 0000:10:00.0: Found support for extended capability 0x4 (Power Budgeting)
0:00:00:05.352 cpu0:2097152)PCI: 248: 0000:10:00.0: Found support for extended capability 0x2 (Virtual Channel)
0:00:00:05.352 cpu0:2097152)PCI: 441: Found onboard instance 0x8503 from SMBIOS for 0000:10:00.0
0:00:00:05.352 cpu0:2097152)PCI: 423: 0000:10:00.0: PCIe v2 PCI Express Endpoint
0:00:00:05.352 cpu0:2097152)PCI: 427: Not a ACS capable device
0:00:00:05.352 cpu0:2097152)PCI: 488: 0000:10:00.1: PCIe v2 PCI Express Endpoint
0:00:00:05.352 cpu0:2097152)PCI: 248: 0000:10:00.1: Found support for extended capability 0x3 (Device Serial Number)
0:00:00:05.352 cpu0:2097152)PCI: 248: 0000:10:00.1: Found support for extended capability 0x1 (Advanced Error Reporting)
0:00:00:05.352 cpu0:2097152)PCI: 248: 0000:10:00.1: Found support for extended capability 0x4 (Power Budgeting)
0:00:00:05.352 cpu0:2097152)PCI: 248: 0000:10:00.1: Found support for extended capability 0x2 (Virtual Channel)
0:00:00:05.352 cpu0:2097152)PCI: 441: Found onboard instance 0x8504 from SMBIOS for 0000:10:00.1
0:00:00:05.352 cpu0:2097152)PCI: 423: 0000:10:00.1: PCIe v2 PCI Express Endpoint
0:00:00:05.352 cpu0:2097152)PCI: 427: Not a ACS capable device
0:00:00:05.352 cpu0:2097152)PCI: 1097: 0000:10:00.0: probing 14e4:1639 1014:03a9
0:00:00:05.352 cpu0:2097152)PCI: 1099:   classCode 0200 progIFRevID 0020
0:00:00:05.352 cpu0:2097152)PCI: 404: 0000:10:00.0: Adding to resource tracker under parent 0000:00:02.0.
0:00:00:05.352 cpu0:2097152)PCI: 1097: 0000:10:00.1: probing 14e4:1639 1014:03a9
0:00:00:05.352 cpu0:2097152)PCI: 1099:   classCode 0200 progIFRevID 0020
0:00:00:05.352 cpu0:2097152)PCI: 404: 0000:10:00.1: Adding to resource tracker under parent 0000:00:02.0.
0:00:00:05.352 cpu0:2097152)PCI: 488: 0000:00:03.0: PCIe v2 PCI Express Root Complex Port
0:00:00:05.352 cpu0:2097152)PCI: 248: 0000:00:03.0: Found support for extended capability 0x1 (Advanced Error Reporting)
0:00:00:05.352 cpu0:2097152)PCI: 248: 0000:00:03.0: Found support for extended capability 0xd (Enhanced Access Control)
0:00:00:05.352 cpu0:2097152)PCI: 248: 0000:00:03.0: Found support for extended capability 0xb (Vendor Specific)
0:00:00:05.352 cpu0:2097152)PCI: 1305: Found a PCIe-to-PCIe bridge at 0000:00:03.0
0:00:00:05.352 cpu0:2097152)PCI: 423: 0000:00:03.0: PCIe v2 PCI Express Root Complex Port
0:00:00:05.352 cpu0:2097152)PCI: 431: ACS capable device
0:00:00:05.352 cpu0:2097152)PCI: 1097: 0000:00:03.0: probing 8086:340a 0000:0000
0:00:00:05.352 cpu0:2097152)PCI: 1099:   classCode 0604 progIFRevID 0022
0:00:00:05.352 cpu0:2097152)PCI: 404: 0000:00:03.0: Adding to resource tracker under parent Root.
0:00:00:05.352 cpu0:2097152)PCI: 544:   Adding bus 15 with parent 00
0:00:00:05.352 cpu0:2097152)PCI: 354: probe-scanning pcie bridge @ seg:bus:slot 0000:00:03 (spawned-bus = 15)
0:00:00:05.352 cpu0:2097152)PCI: 2163: 0000:15:00.0: Device is disabled by the BIOS, Command register 0x40
0:00:00:05.352 cpu0:2097152)PCI: 488: 0000:15:00.0: PCIe v2 PCI Express Endpoint
0:00:00:05.352 cpu0:2097152)PCI: 248: 0000:15:00.0: Found support for extended capability 0x1 (Advanced Error Reporting)
0:00:00:05.352 cpu0:2097152)PCI: 248: 0000:15:00.0: Found support for extended capability 0x3 (Device Serial Number)
0:00:00:05.352 cpu0:2097152)PCI: 248: 0000:15:00.0: Found support for extended capability 0xe (Alternative Routing-ID Interpretation)
0:00:00:05.352 cpu0:2097152)PCI: 248: 0000:15:00.0: Found support for extended capability 0x10 (Single Root I/O Virtualization)
0:00:00:05.352 cpu0:2097152)PCI: 248: 0000:15:00.0: Found support for extended capability 0x17 (TLP Processing Hints)
0:00:00:05.352 cpu0:2097152)PCI: 248: 0000:15:00.0: Found support for extended capability 0x18 (Latency Tolerance Reporting)
0:00:00:05.352 cpu0:2097152)PCI: 248: 0000:15:00.0: Found support for extended capability 0xd (Enhanced Access Control)
0:00:00:05.352 cpu0:2097152)PCI: 146: Found physical slot 0x1 from ACPI _SUN for 0000:15:00.0
0:00:00:05.352 cpu0:2097152)PCI: 423: 0000:15:00.0: PCIe v2 PCI Express Endpoint
0:00:00:05.352 cpu0:2097152)PCI: 431: ACS capable device
0:00:00:05.353 cpu0:2097152)PCI: 2163: 0000:15:00.1: Device is disabled by the BIOS, Command register 0x40
0:00:00:05.353 cpu0:2097152)PCI: 488: 0000:15:00.1: PCIe v2 PCI Express Endpoint
0:00:00:05.353 cpu0:2097152)PCI: 248: 0000:15:00.1: Found support for extended capability 0x1 (Advanced Error Reporting)
0:00:00:05.353 cpu0:2097152)PCI: 248: 0000:15:00.1: Found support for extended capability 0x3 (Device Serial Number)
0:00:00:05.353 cpu0:2097152)PCI: 248: 0000:15:00.1: Found support for extended capability 0xe (Alternative Routing-ID Interpretation)
0:00:00:05.353 cpu0:2097152)PCI: 248: 0000:15:00.1: Found support for extended capability 0x10 (Single Root I/O Virtualization)
0:00:00:05.353 cpu0:2097152)PCI: 248: 0000:15:00.1: Found support for extended capability 0x17 (TLP Processing Hints)
0:00:00:05.353 cpu0:2097152)PCI: 248: 0000:15:00.1: Found support for extended capability 0xd (Enhanced Access Control)
0:00:00:05.353 cpu0:2097152)PCI: 146: Found physical slot 0x1 from ACPI _SUN for 0000:15:00.1
0:00:00:05.353 cpu0:2097152)PCI: 423: 0000:15:00.1: PCIe v2 PCI Express Endpoint
0:00:00:05.353 cpu0:2097152)PCI: 431: ACS capable device
0:00:00:05.353 cpu0:2097152)PCI: 1097: 0000:15:00.0: probing 8086:1521 8086:0002
0:00:00:05.353 cpu0:2097152)PCI: 1099:   classCode 0200 progIFRevID 0001
0:00:00:05.353 cpu0:2097152)PCI: 404: 0000:15:00.0: Adding to resource tracker under parent 0000:00:03.0.
0:00:00:05.353 cpu0:2097152)PCI: 1097: 0000:15:00.1: probing 8086:1521 8086:0002
0:00:00:05.353 cpu0:2097152)PCI: 1099:   classCode 0200 progIFRevID 0001
0:00:00:05.353 cpu0:2097152)PCI: 404: 0000:15:00.1: Adding to resource tracker under parent 0000:00:03.0.
0:00:00:05.353 cpu0:2097152)PCI: 488: 0000:00:07.0: PCIe v2 PCI Express Root Complex Port
0:00:00:05.353 cpu0:2097152)PCI: 248: 0000:00:07.0: Found support for extended capability 0x1 (Advanced Error Reporting)
0:00:00:05.353 cpu0:2097152)PCI: 248: 0000:00:07.0: Found support for extended capability 0xd (Enhanced Access Control)
0:00:00:05.353 cpu0:2097152)PCI: 248: 0000:00:07.0: Found support for extended capability 0xb (Vendor Specific)
0:00:00:05.353 cpu0:2097152)PCI: 1305: Found a PCIe-to-PCIe bridge at 0000:00:07.0
0:00:00:05.353 cpu0:2097152)PCI: 423: 0000:00:07.0: PCIe v2 PCI Express Root Complex Port
0:00:00:05.353 cpu0:2097152)PCI: 431: ACS capable device
0:00:00:05.353 cpu0:2097152)PCI: 1097: 0000:00:07.0: probing 8086:340e 0000:0000
0:00:00:05.353 cpu0:2097152)PCI: 1099:   classCode 0604 progIFRevID 0022
0:00:00:05.353 cpu0:2097152)PCI: 404: 0000:00:07.0: Adding to resource tracker under parent Root.
0:00:00:05.353 cpu0:2097152)PCI: 544:   Adding bus 1a with parent 00
0:00:00:05.353 cpu0:2097152)PCI: 354: probe-scanning pcie bridge @ seg:bus:slot 0000:00:07 (spawned-bus = 1a)
0:00:00:05.353 cpu0:2097152)PCI: 488: 0000:1a:00.0: PCIe v2 PCI Express Endpoint
0:00:00:05.353 cpu0:2097152)PCI: 248: 0000:1a:00.0: Found support for extended capability 0x1 (Advanced Error Reporting)
0:00:00:05.353 cpu0:2097152)PCI: 248: 0000:1a:00.0: Found support for extended capability 0x4 (Power Budgeting)
0:00:00:05.353 cpu0:2097152)PCI: 146: Found physical slot 0x3 from ACPI _SUN for 0000:1a:00.0
0:00:00:05.353 cpu0:2097152)PCI: 423: 0000:1a:00.0: PCIe v2 PCI Express Endpoint
0:00:00:05.353 cpu0:2097152)PCI: 427: Not a ACS capable device
0:00:00:05.354 cpu0:2097152)PCI: 488: 0000:1a:00.1: PCIe v2 PCI Express Endpoint
0:00:00:05.354 cpu0:2097152)PCI: 248: 0000:1a:00.1: Found support for extended capability 0x1 (Advanced Error Reporting)
0:00:00:05.354 cpu0:2097152)PCI: 248: 0000:1a:00.1: Found support for extended capability 0x4 (Power Budgeting)
0:00:00:05.354 cpu0:2097152)PCI: 146: Found physical slot 0x3 from ACPI _SUN for 0000:1a:00.1
0:00:00:05.354 cpu0:2097152)PCI: 423: 0000:1a:00.1: PCIe v2 PCI Express Endpoint
0:00:00:05.354 cpu0:2097152)PCI: 427: Not a ACS capable device
0:00:00:05.354 cpu0:2097152)PCI: 1097: 0000:1a:00.0: probing 10df:f100 10df:f100
0:00:00:05.354 cpu0:2097152)PCI: 1099:   classCode 0c04 progIFRevID 0003
0:00:00:05.354 cpu0:2097152)PCI: 404: 0000:1a:00.0: Adding to resource tracker under parent 0000:00:07.0.
0:00:00:05.354 cpu0:2097152)PCI: 1097: 0000:1a:00.1: probing 10df:f100 10df:f100
0:00:00:05.354 cpu0:2097152)PCI: 1099:   classCode 0c04 progIFRevID 0003
0:00:00:05.354 cpu0:2097152)PCI: 404: 0000:1a:00.1: Adding to resource tracker under parent 0000:00:07.0.
0:00:00:05.354 cpu0:2097152)PCI: 1097: 0000:00:10.0: probing 8086:3425 0000:0000
0:00:00:05.354 cpu0:2097152)PCI: 1099:   classCode 0800 progIFRevID 0022
0:00:00:05.354 cpu0:2097152)PCI: 404: 0000:00:10.0: Adding to resource tracker under parent Root.
0:00:00:05.354 cpu0:2097152)PCI: 1097: 0000:00:10.1: probing 8086:3426 0000:0000
0:00:00:05.354 cpu0:2097152)PCI: 1099:   classCode 0800 progIFRevID 0022
0:00:00:05.354 cpu0:2097152)PCI: 404: 0000:00:10.1: Adding to resource tracker under parent Root.
0:00:00:05.354 cpu0:2097152)PCI: 1097: 0000:00:11.0: probing 8086:3427 0000:0000
0:00:00:05.354 cpu0:2097152)PCI: 1099:   classCode 0800 progIFRevID 0022
0:00:00:05.354 cpu0:2097152)PCI: 404: 0000:00:11.0: Adding to resource tracker under parent Root.
0:00:00:05.354 cpu0:2097152)PCI: 1097: 0000:00:11.1: probing 8086:3428 0000:0000
0:00:00:05.354 cpu0:2097152)PCI: 1099:   classCode 0800 progIFRevID 0022
0:00:00:05.354 cpu0:2097152)PCI: 404: 0000:00:11.1: Adding to resource tracker under parent Root.
0:00:00:05.354 cpu0:2097152)PCI: 488: 0000:00:14.0: PCIe v2 Root Complex Integrated Endpoint
0:00:00:05.354 cpu0:2097152)PCI: 488: 0000:00:14.1: PCIe v2 Root Complex Integrated Endpoint
0:00:00:05.354 cpu0:2097152)PCI: 488: 0000:00:14.2: PCIe v2 Root Complex Integrated Endpoint
0:00:00:05.354 cpu0:2097152)PCI: 1097: 0000:00:14.0: probing 8086:342e 0000:0000
0:00:00:05.354 cpu0:2097152)PCI: 1099:   classCode 0800 progIFRevID 0022
0:00:00:05.354 cpu0:2097152)PCI: 404: 0000:00:14.0: Adding to resource tracker under parent Root.
0:00:00:05.354 cpu0:2097152)PCI: 1097: 0000:00:14.1: probing 8086:3422 0000:0000
0:00:00:05.354 cpu0:2097152)PCI: 1099:   classCode 0800 progIFRevID 0022
0:00:00:05.354 cpu0:2097152)PCI: 404: 0000:00:14.1: Adding to resource tracker under parent Root.
0:00:00:05.354 cpu0:2097152)PCI: 1097: 0000:00:14.2: probing 8086:3423 0000:0000
0:00:00:05.354 cpu0:2097152)PCI: 1099:   classCode 0800 progIFRevID 0022
0:00:00:05.354 cpu0:2097152)PCI: 404: 0000:00:14.2: Adding to resource tracker under parent Root.
0:00:00:05.354 cpu0:2097152)PCI: 1097: 0000:00:14.3: probing 8086:3438 0000:0000
0:00:00:05.354 cpu0:2097152)PCI: 1099:   classCode 0800 progIFRevID 0022
0:00:00:05.354 cpu0:2097152)PCI: 404: 0000:00:14.3: Adding to resource tracker under parent Root.
0:00:00:05.354 cpu0:2097152)PCI: 1097: 0000:00:15.0: probing 8086:342f 0000:0000
0:00:00:05.354 cpu0:2097152)PCI: 1099:   classCode 0800 progIFRevID 2022
0:00:00:05.354 cpu0:2097152)PCI: 404: 0000:00:15.0: Adding to resource tracker under parent Root.
0:00:00:05.355 cpu0:2097152)PCI: 2163: 0000:00:16.0: Device is disabled by the BIOS, Command register 0x0
0:00:00:05.355 cpu0:2097152)PCI: 488: 0000:00:16.0: PCIe v2 Root Complex Integrated Endpoint
0:00:00:05.355 cpu0:2097152)PCI: 2163: 0000:00:16.1: Device is disabled by the BIOS, Command register 0x0
0:00:00:05.355 cpu0:2097152)PCI: 488: 0000:00:16.1: PCIe v2 Root Complex Integrated Endpoint
0:00:00:05.355 cpu0:2097152)PCI: 2163: 0000:00:16.2: Device is disabled by the BIOS, Command register 0x0
0:00:00:05.355 cpu0:2097152)PCI: 488: 0000:00:16.2: PCIe v2 Root Complex Integrated Endpoint
0:00:00:05.355 cpu0:2097152)PCI: 2163: 0000:00:16.3: Device is disabled by the BIOS, Command register 0x0
0:00:00:05.355 cpu0:2097152)PCI: 488: 0000:00:16.3: PCIe v2 Root Complex Integrated Endpoint
0:00:00:05.355 cpu0:2097152)PCI: 2163: 0000:00:16.4: Device is disabled by the BIOS, Command register 0x0
0:00:00:05.355 cpu0:2097152)PCI: 488: 0000:00:16.4: PCIe v2 Root Complex Integrated Endpoint
0:00:00:05.355 cpu0:2097152)PCI: 2163: 0000:00:16.5: Device is disabled by the BIOS, Command register 0x0
0:00:00:05.355 cpu0:2097152)PCI: 488: 0000:00:16.5: PCIe v2 Root Complex Integrated Endpoint
0:00:00:05.355 cpu0:2097152)PCI: 2163: 0000:00:16.6: Device is disabled by the BIOS, Command register 0x0
0:00:00:05.355 cpu0:2097152)PCI: 488: 0000:00:16.6: PCIe v2 Root Complex Integrated Endpoint
0:00:00:05.355 cpu0:2097152)PCI: 2163: 0000:00:16.7: Device is disabled by the BIOS, Command register 0x0
0:00:00:05.355 cpu0:2097152)PCI: 488: 0000:00:16.7: PCIe v2 Root Complex Integrated Endpoint
0:00:00:05.355 cpu0:2097152)PCI: 1097: 0000:00:16.0: probing 8086:3430 1014:3430
0:00:00:05.355 cpu0:2097152)PCI: 1099:   classCode 0880 progIFRevID 0022
0:00:00:05.355 cpu0:2097152)PCI: 404: 0000:00:16.0: Adding to resource tracker under parent Root.
0:00:00:05.355 cpu0:2097152)PCI: 1097: 0000:00:16.1: probing 8086:3431 1014:3431
0:00:00:05.355 cpu0:2097152)PCI: 1099:   classCode 0880 progIFRevID 0022
0:00:00:05.355 cpu0:2097152)PCI: 404: 0000:00:16.1: Adding to resource tracker under parent Root.
0:00:00:05.355 cpu0:2097152)PCI: 1097: 0000:00:16.2: probing 8086:3432 1014:3432
0:00:00:05.355 cpu0:2097152)PCI: 1099:   classCode 0880 progIFRevID 0022
0:00:00:05.355 cpu0:2097152)PCI: 404: 0000:00:16.2: Adding to resource tracker under parent Root.
0:00:00:05.355 cpu0:2097152)PCI: 1097: 0000:00:16.3: probing 8086:3433 1014:3433
0:00:00:05.355 cpu0:2097152)PCI: 1099:   classCode 0880 progIFRevID 0022
0:00:00:05.355 cpu0:2097152)PCI: 404: 0000:00:16.3: Adding to resource tracker under parent Root.
0:00:00:05.355 cpu0:2097152)PCI: 1097: 0000:00:16.4: probing 8086:3429 1014:3429
0:00:00:05.355 cpu0:2097152)PCI: 1099:   classCode 0880 progIFRevID 0022
0:00:00:05.355 cpu0:2097152)PCI: 404: 0000:00:16.4: Adding to resource tracker under parent Root.
0:00:00:05.355 cpu0:2097152)PCI: 1097: 0000:00:16.5: probing 8086:342a 1014:342a
0:00:00:05.355 cpu0:2097152)PCI: 1099:   classCode 0880 progIFRevID 0022
0:00:00:05.355 cpu0:2097152)PCI: 404: 0000:00:16.5: Adding to resource tracker under parent Root.
0:00:00:05.355 cpu0:2097152)PCI: 1097: 0000:00:16.6: probing 8086:342b 1014:342b
0:00:00:05.355 cpu0:2097152)PCI: 1099:   classCode 0880 progIFRevID 0022
0:00:00:05.355 cpu0:2097152)PCI: 404: 0000:00:16.6: Adding to resource tracker under parent Root.
0:00:00:05.355 cpu0:2097152)PCI: 1097: 0000:00:16.7: probing 8086:342c 1014:342c
0:00:00:05.355 cpu0:2097152)PCI: 1099:   classCode 0880 progIFRevID 0022
0:00:00:05.355 cpu0:2097152)PCI: 404: 0000:00:16.7: Adding to resource tracker under parent Root.
0:00:00:05.356 cpu0:2097152)PCI: 1097: 0000:00:1a.0: probing 8086:3a37 1014:3a37
0:00:00:05.356 cpu0:2097152)PCI: 1099:   classCode 0c03 progIFRevID 0000
0:00:00:05.356 cpu0:2097152)PCI: 404: 0000:00:1a.0: Adding to resource tracker under parent Root.
0:00:00:05.356 cpu0:2097152)PCI: 1097: 0000:00:1a.1: probing 8086:3a38 1014:3a38
0:00:00:05.356 cpu0:2097152)PCI: 1099:   classCode 0c03 progIFRevID 0000
0:00:00:05.356 cpu0:2097152)PCI: 404: 0000:00:1a.1: Adding to resource tracker under parent Root.
0:00:00:05.356 cpu0:2097152)PCI: 1097: 0000:00:1a.7: probing 8086:3a3c 1014:3a3c
0:00:00:05.356 cpu0:2097152)PCI: 1099:   classCode 0c03 progIFRevID 2000
0:00:00:05.356 cpu0:2097152)PCI: 404: 0000:00:1a.7: Adding to resource tracker under parent Root.
0:00:00:05.356 cpu0:2097152)PCI: 488: 0000:00:1c.0: PCIe v1 PCI Express Root Complex Port
0:00:00:05.356 cpu0:2097152)PCI: 248: 0000:00:1c.0: Found support for extended capability 0x2 (Virtual Channel)
0:00:00:05.356 cpu0:2097152)PCI: 248: 0000:00:1c.0: Found support for extended capability 0x5 (Root Complex Link Declaration)
0:00:00:05.356 cpu0:2097152)PCI: 1305: Found a PCIe-to-PCIe bridge at 0000:00:1c.0
0:00:00:05.356 cpu0:2097152)PCI: 423: 0000:00:1c.0: PCIe v1 PCI Express Root Complex Port
0:00:00:05.356 cpu0:2097152)PCI: 427: Not a ACS capable device
0:00:00:05.356 cpu0:2097152)PCI: 488: 0000:00:1c.4: PCIe v1 PCI Express Root Complex Port
0:00:00:05.356 cpu0:2097152)PCI: 248: 0000:00:1c.4: Found support for extended capability 0x2 (Virtual Channel)
0:00:00:05.356 cpu0:2097152)PCI: 248: 0000:00:1c.4: Found support for extended capability 0x5 (Root Complex Link Declaration)
0:00:00:05.356 cpu0:2097152)PCI: 1305: Found a PCIe-to-PCIe bridge at 0000:00:1c.4
0:00:00:05.356 cpu0:2097152)PCI: 423: 0000:00:1c.4: PCIe v1 PCI Express Root Complex Port
0:00:00:05.356 cpu0:2097152)PCI: 427: Not a ACS capable device
0:00:00:05.356 cpu0:2097152)PCI: 1097: 0000:00:1c.0: probing 8086:3a40 0000:0000
0:00:00:05.356 cpu0:2097152)PCI: 1099:   classCode 0604 progIFRevID 0000
0:00:00:05.356 cpu0:2097152)PCI: 404: 0000:00:1c.0: Adding to resource tracker under parent Root.
0:00:00:05.356 cpu0:2097152)PCI: 544:   Adding bus 01 with parent 00
0:00:00:05.356 cpu0:2097152)PCI: 354: probe-scanning pcie bridge @ seg:bus:slot 0000:00:1c (spawned-bus = 01)
0:00:00:05.356 cpu0:2097152)PCI: 488: 0000:01:00.0: PCIe v2 PCI Express Endpoint
0:00:00:05.356 cpu0:2097152)PCI: 248: 0000:01:00.0: Found support for extended capability 0x1 (Advanced Error Reporting)
0:00:00:05.356 cpu0:2097152)PCI: 248: 0000:01:00.0: Found support for extended capability 0x4 (Power Budgeting)
0:00:00:05.356 cpu0:2097152)PCI: 146: Found physical slot 0x5 from ACPI _SUN for 0000:01:00.0
0:00:00:05.356 cpu0:2097152)PCI: 441: Found onboard instance 0x8a01 from SMBIOS for 0000:01:00.0
0:00:00:05.356 cpu0:2097152)PCI: 423: 0000:01:00.0: PCIe v2 PCI Express Endpoint
0:00:00:05.356 cpu0:2097152)PCI: 427: Not a ACS capable device
0:00:00:05.356 cpu0:2097152)PCI: 1097: 0000:01:00.0: probing 1000:0079 1014:03b2
0:00:00:05.356 cpu0:2097152)PCI: 1099:   classCode 0104 progIFRevID 0005
0:00:00:05.356 cpu0:2097152)PCI: 404: 0000:01:00.0: Adding to resource tracker under parent 0000:00:1c.0.
0:00:00:05.356 cpu0:2097152)PCI: 1097: 0000:00:1c.4: probing 8086:3a48 0000:0000
0:00:00:05.356 cpu0:2097152)PCI: 1099:   classCode 0604 progIFRevID 0000
0:00:00:05.356 cpu0:2097152)PCI: 404: 0000:00:1c.4: Adding to resource tracker under parent Root.
0:00:00:05.356 cpu0:2097152)PCI: 544:   Adding bus 06 with parent 00
0:00:00:05.356 cpu0:2097152)PCI: 354: probe-scanning pcie bridge @ seg:bus:slot 0000:00:1c (spawned-bus = 06)
0:00:00:05.356 cpu0:2097152)PCI: 488: 0000:06:00.0: PCIe v1 PCI Express to PCI/PCI-X Bridge
0:00:00:05.356 cpu0:2097152)PCI: 248: 0000:06:00.0: Found support for extended capability 0x2 (Virtual Channel)
0:00:00:05.356 cpu0:2097152)PCI: 1310: Found a PCIe-to-PCI/PCI-X bridge at 0000:06:00.0
0:00:00:05.356 cpu0:2097152)PCI: 1326: PCI bridge at 0000:06:00.0 is an aliasing bridge
0:00:00:05.356 cpu0:2097152)PCI: 1097: 0000:06:00.0: probing 101b:0452 0000:0000
0:00:00:05.356 cpu0:2097152)PCI: 1099:   classCode 0604 progIFRevID 0001
0:00:00:05.356 cpu0:2097152)PCI: 404: 0000:06:00.0: Adding to resource tracker under parent 0000:00:1c.4.
0:00:00:05.356 cpu0:2097152)PCI: 544:   Adding bus 07 with parent 06
0:00:00:05.356 cpu0:2097152)PCI: 354: probe-scanning pcie bridge @ seg:bus:slot 0000:06:00 (spawned-bus = 07)
0:00:00:05.357 cpu0:2097152)PCI: 441: Found onboard instance 0x8301 from SMBIOS for 0000:07:00.0
0:00:00:05.357 cpu0:2097152)PCI: 1097: 0000:07:00.0: probing 102b:0530 1014:0369
0:00:00:05.357 cpu0:2097152)PCI: 1099:   classCode 0300 progIFRevID 0000
0:00:00:05.357 cpu0:2097152)PCI: 404: 0000:07:00.0: Adding to resource tracker under parent 0000:06:00.0.
0:00:00:05.357 cpu0:2097152)PCI: 1097: 0000:00:1d.0: probing 8086:3a34 1014:3a34
0:00:00:05.357 cpu0:2097152)PCI: 1099:   classCode 0c03 progIFRevID 0000
0:00:00:05.357 cpu0:2097152)PCI: 404: 0000:00:1d.0: Adding to resource tracker under parent Root.
0:00:00:05.357 cpu0:2097152)PCI: 1097: 0000:00:1d.1: probing 8086:3a35 1014:3a35
0:00:00:05.357 cpu0:2097152)PCI: 1099:   classCode 0c03 progIFRevID 0000
0:00:00:05.357 cpu0:2097152)PCI: 404: 0000:00:1d.1: Adding to resource tracker under parent Root.
0:00:00:05.357 cpu0:2097152)PCI: 1097: 0000:00:1d.2: probing 8086:3a36 1014:3a36
0:00:00:05.357 cpu0:2097152)PCI: 1099:   classCode 0c03 progIFRevID 0000
0:00:00:05.357 cpu0:2097152)PCI: 404: 0000:00:1d.2: Adding to resource tracker under parent Root.
0:00:00:05.357 cpu0:2097152)PCI: 1097: 0000:00:1d.7: probing 8086:3a3a 1014:3a3a
0:00:00:05.357 cpu0:2097152)PCI: 1099:   classCode 0c03 progIFRevID 2000
0:00:00:05.357 cpu0:2097152)PCI: 404: 0000:00:1d.7: Adding to resource tracker under parent Root.
0:00:00:05.357 cpu0:2097152)PCI: 1295: Found a PCI-to-PCI bridge at 0000:00:1e.0
0:00:00:05.357 cpu0:2097152)PCI: 1326: PCI bridge at 0000:00:1e.0 is an aliasing bridge
0:00:00:05.357 cpu0:2097152)PCI: 1097: 0000:00:1e.0: probing 8086:244e 0000:0000
0:00:00:05.357 cpu0:2097152)PCI: 1099:   classCode 0604 progIFRevID 0190
0:00:00:05.357 cpu0:2097152)PCI: 404: 0000:00:1e.0: Adding to resource tracker under parent Root.
0:00:00:05.357 cpu0:2097152)PCI: 544:   Adding bus 1f with parent 00
0:00:00:05.357 cpu0:2097152)PCI: 354: probe-scanning pci bridge @ seg:bus:slot 0000:00:1e (spawned-bus = 1f)
0:00:00:05.357 cpu0:2097152)PCI: 2163: 0000:00:1f.3: Device is disabled by the BIOS, Command register 0x140
0:00:00:05.357 cpu0:2097152)PCI: 1097: 0000:00:1f.0: probing 8086:3a18 1014:3a18
0:00:00:05.357 cpu0:2097152)PCI: 1099:   classCode 0601 progIFRevID 0000
0:00:00:05.357 cpu0:2097152)PCI: 404: 0000:00:1f.0: Adding to resource tracker under parent Root.
0:00:00:05.357 cpu0:2097152)PCI: 1097: 0000:00:1f.2: probing 8086:3a20 1014:3a20
0:00:00:05.357 cpu0:2097152)PCI: 1099:   classCode 0101 progIFRevID 8f00
0:00:00:05.357 cpu0:2097152)PCI: 404: 0000:00:1f.2: Adding to resource tracker under parent Root.
0:00:00:05.357 cpu0:2097152)PCI: 1097: 0000:00:1f.3: probing 8086:3a30 1014:3a30
0:00:00:05.357 cpu0:2097152)PCI: 1099:   classCode 0c05 progIFRevID 0000
0:00:00:05.357 cpu0:2097152)PCI: 404: 0000:00:1f.3: Adding to resource tracker under parent Root.
0:00:00:05.357 cpu0:2097152)PCI: 1097: 0000:00:1f.5: probing 8086:3a26 1014:3a26
0:00:00:05.357 cpu0:2097152)PCI: 1099:   classCode 0101 progIFRevID 8500
0:00:00:05.357 cpu0:2097152)PCI: 404: 0000:00:1f.5: Adding to resource tracker under parent Root.
0:00:00:05.357 cpu0:2097152)PCI: 305: register-scanning host/root bridge @ seg 0000 (spawned-bus 00)
0:00:00:05.357 cpu0:2097152)PCI: 1312: 0000:00:00.0: registering 8086:3406 1014:7270
0:00:00:05.357 cpu0:2097152)Device: 1466: Registered device: 0x4306f2778790 p0000:00:00.0 8086340610147270060000 (parent=0x7ec54306f27788ff)
0:00:00:05.358 cpu0:2097152)PCI: 1312: 0000:00:01.0: registering 8086:3408 0000:0000
0:00:00:05.358 cpu0:2097152)Device: 1466: Registered device: 0x4306f2778790 p0000:00:01.0 8086340800000000060400 (parent=0x7ec54306f27788ff)
0:00:00:05.358 cpu0:2097152)Device: 327: Found driver pci for device 0x47c94306f2778bf4
0:00:00:05.358 cpu0:2097152)PCI: 321: skipping probe-scanning pcie bridge @ seg:bus:slot 0000:00:01 (spawned-bus = 0b)
0:00:00:05.358 cpu0:2097152)PCI: 354: register-scanning pcie bridge @ seg:bus:slot 0000:00:01 (spawned-bus = 0b)
0:00:00:05.358 cpu0:2097152)PCI: 1312: 0000:0b:00.0: registering 14e4:1639 1014:03a9
0:00:00:05.358 cpu0:2097152)Device: 1466: Registered device: 0x4306f2778790 m00008501 14e41639101403a9020000 (parent=0x47c94306f2778bf4)
0:00:00:05.358 cpu0:2097152)IOResource: 331: Registered resource 0x4306f2a150e0 from module 0 type 2 @ 96000000 len=33554432
0:00:00:05.358 cpu0:2097152)PCI: 1312: 0000:0b:00.1: registering 14e4:1639 1014:03a9
0:00:00:05.358 cpu0:2097152)Device: 1466: Registered device: 0x4306f2778790 m00008502 14e41639101403a9020000 (parent=0x47c94306f2778bf4)
0:00:00:05.358 cpu0:2097152)IOResource: 331: Registered resource 0x4306f2a15150 from module 0 type 2 @ 98000000 len=33554432
0:00:00:05.358 cpu0:2097152)PCI: 1312: 0000:00:02.0: registering 8086:3409 0000:0000
0:00:00:05.358 cpu0:2097152)Device: 1466: Registered device: 0x4306f2778790 p0000:00:02.0 8086340900000000060400 (parent=0x7ec54306f27788ff)
0:00:00:05.358 cpu0:2097152)Device: 327: Found driver pci for device 0x4d554306f27792bf
0:00:00:05.358 cpu0:2097152)PCI: 321: skipping probe-scanning pcie bridge @ seg:bus:slot 0000:00:02 (spawned-bus = 10)
0:00:00:05.358 cpu0:2097152)PCI: 354: register-scanning pcie bridge @ seg:bus:slot 0000:00:02 (spawned-bus = 10)
0:00:00:05.358 cpu0:2097152)PCI: 1312: 0000:10:00.0: registering 14e4:1639 1014:03a9
0:00:00:05.358 cpu0:2097152)Device: 1466: Registered device: 0x4306f2778790 m00008503 14e41639101403a9020000 (parent=0x4d554306f27792bf)
0:00:00:05.358 cpu0:2097152)IOResource: 331: Registered resource 0x4306f2a151c0 from module 0 type 2 @ 92000000 len=33554432
0:00:00:05.358 cpu0:2097152)PCI: 1312: 0000:10:00.1: registering 14e4:1639 1014:03a9
0:00:00:05.358 cpu0:2097152)Device: 1466: Registered device: 0x4306f2778790 m00008504 14e41639101403a9020000 (parent=0x4d554306f27792bf)
0:00:00:05.358 cpu0:2097152)IOResource: 331: Registered resource 0x4306f2a15230 from module 0 type 2 @ 94000000 len=33554432
0:00:00:05.358 cpu0:2097152)PCI: 1312: 0000:00:03.0: registering 8086:340a 0000:0000
0:00:00:05.358 cpu0:2097152)Device: 1466: Registered device: 0x4306f2778790 p0000:00:03.0 8086340a00000000060400 (parent=0x7ec54306f27788ff)
0:00:00:05.358 cpu0:2097152)Device: 327: Found driver pci for device 0x19904306f2779522
0:00:00:05.358 cpu0:2097152)PCI: 321: skipping probe-scanning pcie bridge @ seg:bus:slot 0000:00:03 (spawned-bus = 15)
0:00:00:05.358 cpu0:2097152)PCI: 354: register-scanning pcie bridge @ seg:bus:slot 0000:00:03 (spawned-bus = 15)
0:00:00:05.358 cpu0:2097152)PCI: 1312: 0000:15:00.0: registering 8086:1521 8086:0002
0:00:00:05.358 cpu0:2097152)PCI: 2236: 0000:15:00.0: Enabling device, Command register mask: 0x2
0:00:00:05.358 cpu0:2097152)Device: 1466: Registered device: 0x4306f2778790 s00000001.00 8086152180860002020000 (parent=0x19904306f2779522)
0:00:00:05.358 cpu0:2097152)IOResource: 331: Registered resource 0x4306f2a152a0 from module 0 type 2 @ 9bc00000 len=1048576
0:00:00:05.358 cpu0:2097152)IOResource: 331: Registered resource 0x4306f2a15310 from module 0 type 2 @ 9bd04000 len=16384
0:00:00:05.358 cpu0:2097152)PCI: 1312: 0000:15:00.1: registering 8086:1521 8086:0002
0:00:00:05.358 cpu0:2097152)PCI: 2236: 0000:15:00.1: Enabling device, Command register mask: 0x2
0:00:00:05.358 cpu0:2097152)Device: 1466: Registered device: 0x4306f2778790 s00000001.01 8086152180860002020000 (parent=0x19904306f2779522)
0:00:00:05.358 cpu0:2097152)IOResource: 331: Registered resource 0x4306f2a15380 from module 0 type 2 @ 9bb00000 len=1048576
0:00:00:05.358 cpu0:2097152)IOResource: 331: Registered resource 0x4306f2a153f0 from module 0 type 2 @ 9bd00000 len=16384
0:00:00:05.359 cpu0:2097152)PCI: 1312: 0000:00:07.0: registering 8086:340e 0000:0000
0:00:00:05.359 cpu0:2097152)Device: 1466: Registered device: 0x4306f2778790 p0000:00:07.0 8086340e00000000060400 (parent=0x7ec54306f27788ff)
0:00:00:05.359 cpu0:2097152)Device: 327: Found driver pci for device 0x7f624306f27799b7
0:00:00:05.359 cpu0:2097152)PCI: 321: skipping probe-scanning pcie bridge @ seg:bus:slot 0000:00:07 (spawned-bus = 1a)
0:00:00:05.359 cpu0:2097152)PCI: 354: register-scanning pcie bridge @ seg:bus:slot 0000:00:07 (spawned-bus = 1a)
0:00:00:05.359 cpu0:2097152)PCI: 1312: 0000:1a:00.0: registering 10df:f100 10df:f100
0:00:00:05.359 cpu0:2097152)Device: 1466: Registered device: 0x4306f2778790 s00000003.00 10dff10010dff1000c0400 (parent=0x7f624306f27799b7)
0:00:00:05.359 cpu0:2097152)IOResource: 331: Registered resource 0x4306f2a15460 from module 0 type 2 @ 9ba08000 len=4096
0:00:00:05.359 cpu0:2097152)IOResource: 331: Registered resource 0x4306f2a154d0 from module 0 type 2 @ 9ba00000 len=16384
0:00:00:05.359 cpu0:2097152)PCI: 1312: 0000:1a:00.1: registering 10df:f100 10df:f100
0:00:00:05.359 cpu0:2097152)Device: 1466: Registered device: 0x4306f2778790 s00000003.01 10dff10010dff1000c0400 (parent=0x7f624306f27799b7)
0:00:00:05.359 cpu0:2097152)IOResource: 331: Registered resource 0x4306f2a15540 from module 0 type 2 @ 9ba09000 len=4096
0:00:00:05.359 cpu0:2097152)IOResource: 331: Registered resource 0x4306f2a155b0 from module 0 type 2 @ 9ba04000 len=16384
0:00:00:05.359 cpu0:2097152)PCI: 1312: 0000:00:10.0: registering 8086:3425 0000:0000
0:00:00:05.359 cpu0:2097152)Device: 1466: Registered device: 0x4306f2778790 p0000:00:10.0 8086342500000000080000 (parent=0x7ec54306f27788ff)
0:00:00:05.359 cpu0:2097152)PCI: 1312: 0000:00:10.1: registering 8086:3426 0000:0000
0:00:00:05.359 cpu0:2097152)Device: 1466: Registered device: 0x4306f2778790 p0000:00:10.1 8086342600000000080000 (parent=0x7ec54306f27788ff)
0:00:00:05.359 cpu0:2097152)PCI: 1312: 0000:00:11.0: registering 8086:3427 0000:0000
0:00:00:05.359 cpu0:2097152)Device: 1466: Registered device: 0x4306f2778790 p0000:00:11.0 8086342700000000080000 (parent=0x7ec54306f27788ff)
0:00:00:05.359 cpu0:2097152)PCI: 1312: 0000:00:11.1: registering 8086:3428 0000:0000
0:00:00:05.359 cpu0:2097152)Device: 1466: Registered device: 0x4306f2778790 p0000:00:11.1 8086342800000000080000 (parent=0x7ec54306f27788ff)
0:00:00:05.359 cpu0:2097152)PCI: 1312: 0000:00:14.0: registering 8086:342e 0000:0000
0:00:00:05.359 cpu0:2097152)Device: 1466: Registered device: 0x4306f2778790 p0000:00:14.0 8086342e00000000080000 (parent=0x7ec54306f27788ff)
0:00:00:05.359 cpu0:2097152)PCI: 1312: 0000:00:14.1: registering 8086:3422 0000:0000
0:00:00:05.359 cpu0:2097152)Device: 1466: Registered device: 0x4306f2778790 p0000:00:14.1 8086342200000000080000 (parent=0x7ec54306f27788ff)
0:00:00:05.359 cpu0:2097152)PCI: 1312: 0000:00:14.2: registering 8086:3423 0000:0000
0:00:00:05.359 cpu0:2097152)Device: 1466: Registered device: 0x4306f2778790 p0000:00:14.2 8086342300000000080000 (parent=0x7ec54306f27788ff)
0:00:00:05.359 cpu0:2097152)PCI: 1312: 0000:00:14.3: registering 8086:3438 0000:0000
0:00:00:05.359 cpu0:2097152)Device: 1466: Registered device: 0x4306f2778790 p0000:00:14.3 8086343800000000080000 (parent=0x7ec54306f27788ff)
0:00:00:05.359 cpu0:2097152)PCI: 1312: 0000:00:15.0: registering 8086:342f 0000:0000
0:00:00:05.359 cpu0:2097152)Device: 1466: Registered device: 0x4306f2778790 p0000:00:15.0 8086342f00000000080020 (parent=0x7ec54306f27788ff)
0:00:00:05.359 cpu0:2097152)PCI: 1312: 0000:00:16.0: registering 8086:3430 1014:3430
0:00:00:05.359 cpu0:2097152)PCI: 2236: 0000:00:16.0: Enabling device, Command register mask: 0x2
0:00:00:05.359 cpu0:2097152)Device: 1466: Registered device: 0x4306f2778790 p0000:00:16.0 8086343010143430088000 (parent=0x7ec54306f27788ff)
0:00:00:05.359 cpu0:2097152)IOResource: 331: Registered resource 0x4306f2a15620 from module 0 type 2 @ 9be00000 len=16384
0:00:00:05.359 cpu0:2097152)PCI: 1312: 0000:00:16.1: registering 8086:3431 1014:3431
0:00:00:05.359 cpu0:2097152)PCI: 2236: 0000:00:16.1: Enabling device, Command register mask: 0x2
0:00:00:05.359 cpu0:2097152)Device: 1466: Registered device: 0x4306f2778790 p0000:00:16.1 8086343110143431088000 (parent=0x7ec54306f27788ff)
0:00:00:05.359 cpu0:2097152)IOResource: 331: Registered resource 0x4306f2a15690 from module 0 type 2 @ 9be04000 len=16384
0:00:00:05.359 cpu0:2097152)PCI: 1312: 0000:00:16.2: registering 8086:3432 1014:3432
0:00:00:05.359 cpu0:2097152)PCI: 2236: 0000:00:16.2: Enabling device, Command register mask: 0x2
0:00:00:05.359 cpu0:2097152)Device: 1466: Registered device: 0x4306f2778790 p0000:00:16.2 8086343210143432088000 (parent=0x7ec54306f27788ff)
0:00:00:05.359 cpu0:2097152)IOResource: 331: Registered resource 0x4306f2a15700 from module 0 type 2 @ 9be08000 len=16384
0:00:00:05.360 cpu0:2097152)PCI: 1312: 0000:00:16.3: registering 8086:3433 1014:3433
0:00:00:05.360 cpu0:2097152)PCI: 2236: 0000:00:16.3: Enabling device, Command register mask: 0x2
0:00:00:05.360 cpu0:2097152)Device: 1466: Registered device: 0x4306f2778790 p0000:00:16.3 8086343310143433088000 (parent=0x7ec54306f27788ff)
0:00:00:05.360 cpu0:2097152)IOResource: 331: Registered resource 0x4306f2a15770 from module 0 type 2 @ 9be0c000 len=16384
0:00:00:05.360 cpu0:2097152)PCI: 1312: 0000:00:16.4: registering 8086:3429 1014:3429
0:00:00:05.360 cpu0:2097152)PCI: 2236: 0000:00:16.4: Enabling device, Command register mask: 0x2
0:00:00:05.360 cpu0:2097152)Device: 1466: Registered device: 0x4306f2778790 p0000:00:16.4 8086342910143429088000 (parent=0x7ec54306f27788ff)
0:00:00:05.360 cpu0:2097152)IOResource: 331: Registered resource 0x4306f2a157e0 from module 0 type 2 @ 9be10000 len=16384
0:00:00:05.360 cpu0:2097152)PCI: 1312: 0000:00:16.5: registering 8086:342a 1014:342a
0:00:00:05.360 cpu0:2097152)PCI: 2236: 0000:00:16.5: Enabling device, Command register mask: 0x2
0:00:00:05.360 cpu0:2097152)Device: 1466: Registered device: 0x4306f2778790 p0000:00:16.5 8086342a1014342a088000 (parent=0x7ec54306f27788ff)
0:00:00:05.360 cpu0:2097152)IOResource: 331: Registered resource 0x4306f2a15850 from module 0 type 2 @ 9be14000 len=16384
0:00:00:05.360 cpu0:2097152)PCI: 1312: 0000:00:16.6: registering 8086:342b 1014:342b
0:00:00:05.360 cpu0:2097152)PCI: 2236: 0000:00:16.6: Enabling device, Command register mask: 0x2
0:00:00:05.360 cpu0:2097152)Device: 1466: Registered device: 0x4306f2778790 p0000:00:16.6 8086342b1014342b088000 (parent=0x7ec54306f27788ff)
0:00:00:05.360 cpu0:2097152)IOResource: 331: Registered resource 0x4306f2a158c0 from module 0 type 2 @ 9be18000 len=16384
0:00:00:05.360 cpu0:2097152)PCI: 1312: 0000:00:16.7: registering 8086:342c 1014:342c
0:00:00:05.360 cpu0:2097152)PCI: 2236: 0000:00:16.7: Enabling device, Command register mask: 0x2
0:00:00:05.360 cpu0:2097152)Device: 1466: Registered device: 0x4306f2778790 p0000:00:16.7 8086342c1014342c088000 (parent=0x7ec54306f27788ff)
0:00:00:05.360 cpu0:2097152)IOResource: 331: Registered resource 0x4306f2a15930 from module 0 type 2 @ 9be1c000 len=16384
0:00:00:05.360 cpu0:2097152)PCI: 1312: 0000:00:1a.0: registering 8086:3a37 1014:3a37
0:00:00:05.360 cpu0:2097152)Device: 1466: Registered device: 0x4306f2778790 p0000:00:1a.0 80863a3710143a370c0300 (parent=0x7ec54306f27788ff)
0:00:00:05.360 cpu0:2097152)IOResource: 331: Registered resource 0x4306f2a159a0 from module 0 type 3 @ 20a0 len=32
0:00:00:05.360 cpu0:2097152)PCI: 1312: 0000:00:1a.1: registering 8086:3a38 1014:3a38
0:00:00:05.360 cpu0:2097152)Device: 1466: Registered device: 0x4306f2778790 p0000:00:1a.1 80863a3810143a380c0300 (parent=0x7ec54306f27788ff)
0:00:00:05.360 cpu0:2097152)IOResource: 331: Registered resource 0x4306f2a15a10 from module 0 type 3 @ 2080 len=32
0:00:00:05.360 cpu0:2097152)PCI: 1312: 0000:00:1a.7: registering 8086:3a3c 1014:3a3c
0:00:00:05.360 cpu0:2097152)Device: 1466: Registered device: 0x4306f2778790 p0000:00:1a.7 80863a3c10143a3c0c0320 (parent=0x7ec54306f27788ff)
0:00:00:05.360 cpu0:2097152)IOResource: 331: Registered resource 0x4306f2a15a80 from module 0 type 2 @ 9be21000 len=1024
0:00:00:05.360 cpu0:2097152)PCI: 1312: 0000:00:1c.0: registering 8086:3a40 0000:0000
0:00:00:05.360 cpu0:2097152)Device: 1466: Registered device: 0x4306f2778790 p0000:00:1c.0 80863a4000000000060400 (parent=0x7ec54306f27788ff)
0:00:00:05.360 cpu0:2097152)Device: 327: Found driver pci for device 0x66e4306f277bc5c
0:00:00:05.360 cpu0:2097152)PCI: 354: probe-scanning pcie bridge @ seg:bus:slot 0000:00:1c (spawned-bus = 01)
0:00:00:05.360 cpu0:2097152)PCI: 1659: 0000:01:00.0 1000:0079 1014:03b2 unchanged, done with probe-scan phase already.
0:00:00:05.360 cpu0:2097152)PCI: 354: register-scanning pcie bridge @ seg:bus:slot 0000:00:1c (spawned-bus = 01)
0:00:00:05.360 cpu0:2097152)PCI: 1312: 0000:01:00.0: registering 1000:0079 1014:03b2
0:00:00:05.360 cpu0:2097152)Device: 1466: Registered device: 0x4306f2778790 m00008a01 10000079101403b2010400 (parent=0x66e4306f277bc5c)
0:00:00:05.360 cpu0:2097152)IOResource: 331: Registered resource 0x4306f2a15af0 from module 0 type 3 @ 1000 len=256
0:00:00:05.360 cpu0:2097152)IOResource: 331: Registered resource 0x4306f2a15b60 from module 0 type 2 @ 9b940000 len=16384
0:00:00:05.360 cpu0:2097152)IOResource: 331: Registered resource 0x4306f2a15bd0 from module 0 type 2 @ 9b900000 len=262144
0:00:00:05.360 cpu0:2097152)PCI: 1312: 0000:00:1c.4: registering 8086:3a48 0000:0000
0:00:00:05.360 cpu0:2097152)Device: 1466: Registered device: 0x4306f2778790 p0000:00:1c.4 80863a4800000000060400 (parent=0x7ec54306f27788ff)
0:00:00:05.360 cpu0:2097152)Device: 327: Found driver pci for device 0x61564306f277bf7c
0:00:00:05.360 cpu0:2097152)PCI: 321: skipping probe-scanning pcie bridge @ seg:bus:slot 0000:00:1c (spawned-bus = 06)
0:00:00:05.360 cpu0:2097152)PCI: 354: register-scanning pcie bridge @ seg:bus:slot 0000:00:1c (spawned-bus = 06)
0:00:00:05.360 cpu0:2097152)PCI: 1312: 0000:06:00.0: registering 101b:0452 0000:0000
0:00:00:05.360 cpu0:2097152)Device: 1466: Registered device: 0x4306f2778790 p0000:06:00.0 101b045200000000060400 (parent=0x61564306f277bf7c)
0:00:00:05.360 cpu0:2097152)Device: 327: Found driver pci for device 0x7b2e4306f277c0d0
0:00:00:05.360 cpu0:2097152)PCI: 321: skipping probe-scanning pcie bridge @ seg:bus:slot 0000:06:00 (spawned-bus = 07)
0:00:00:05.360 cpu0:2097152)PCI: 354: register-scanning pcie bridge @ seg:bus:slot 0000:06:00 (spawned-bus = 07)
0:00:00:05.360 cpu0:2097152)PCI: 1312: 0000:07:00.0: registering 102b:0530 1014:0369
0:00:00:05.360 cpu0:2097152)Device: 1466: Registered device: 0x4306f2778790 m00008301 102b053010140369030000 (parent=0x7b2e4306f277c0d0)
0:00:00:05.360 cpu0:2097152)IOResource: 331: Registered resource 0x4306f2a15c40 from module 0 type 2 @ 9a000000 len=16777216
0:00:00:05.360 cpu0:2097152)IOResource: 331: Registered resource 0x4306f2a15cb0 from module 0 type 2 @ 9b800000 len=16384
0:00:00:05.360 cpu0:2097152)IOResource: 331: Registered resource 0x4306f2a15d20 from module 0 type 2 @ 9b000000 len=8388608
0:00:00:05.361 cpu0:2097152)PCI: 1312: 0000:00:1d.0: registering 8086:3a34 1014:3a34
0:00:00:05.361 cpu0:2097152)Device: 1466: Registered device: 0x4306f2778790 p0000:00:1d.0 80863a3410143a340c0300 (parent=0x7ec54306f27788ff)
0:00:00:05.361 cpu0:2097152)IOResource: 331: Registered resource 0x4306f2a15d90 from module 0 type 3 @ 2060 len=32
0:00:00:05.361 cpu0:2097152)PCI: 1312: 0000:00:1d.1: registering 8086:3a35 1014:3a35
0:00:00:05.361 cpu0:2097152)Device: 1466: Registered device: 0x4306f2778790 p0000:00:1d.1 80863a3510143a350c0300 (parent=0x7ec54306f27788ff)
0:00:00:05.361 cpu0:2097152)IOResource: 331: Registered resource 0x4306f2a15e00 from module 0 type 3 @ 2040 len=32
0:00:00:05.361 cpu0:2097152)PCI: 1312: 0000:00:1d.2: registering 8086:3a36 1014:3a36
0:00:00:05.361 cpu0:2097152)Device: 1466: Registered device: 0x4306f2778790 p0000:00:1d.2 80863a3610143a360c0300 (parent=0x7ec54306f27788ff)
0:00:00:05.361 cpu0:2097152)IOResource: 331: Registered resource 0x4306f2a15e70 from module 0 type 3 @ 2020 len=32
0:00:00:05.361 cpu0:2097152)PCI: 1312: 0000:00:1d.7: registering 8086:3a3a 1014:3a3a
0:00:00:05.361 cpu0:2097152)Device: 1466: Registered device: 0x4306f2778790 p0000:00:1d.7 80863a3a10143a3a0c0320 (parent=0x7ec54306f27788ff)
0:00:00:05.361 cpu0:2097152)IOResource: 331: Registered resource 0x4306f2a15ee0 from module 0 type 2 @ 9be20000 len=1024
0:00:00:05.361 cpu0:2097152)PCI: 1312: 0000:00:1e.0: registering 8086:244e 0000:0000
0:00:00:05.361 cpu0:2097152)Device: 1466: Registered device: 0x4306f2778790 p0000:00:1e.0 8086244e00000000060401 (parent=0x7ec54306f27788ff)
0:00:00:05.361 cpu0:2097152)Device: 327: Found driver pci for device 0x7a6a4306f277c997
0:00:00:05.361 cpu0:2097152)PCI: 321: skipping probe-scanning pci bridge @ seg:bus:slot 0000:00:1e (spawned-bus = 1f)
0:00:00:05.361 cpu0:2097152)PCI: 354: register-scanning pci bridge @ seg:bus:slot 0000:00:1e (spawned-bus = 1f)
0:00:00:05.361 cpu0:2097152)PCI: 1312: 0000:00:1f.0: registering 8086:3a18 1014:3a18
0:00:00:05.361 cpu0:2097152)Device: 1466: Registered device: 0x4306f2778790 p0000:00:1f.0 80863a1810143a18060100 (parent=0x7ec54306f27788ff)
0:00:00:05.361 cpu0:2097152)PCI: 1312: 0000:00:1f.2: registering 8086:3a20 1014:3a20
0:00:00:05.361 cpu0:2097152)Device: 1466: Registered device: 0x4306f2778790 p0000:00:1f.2 80863a2010143a2001018f (parent=0x7ec54306f27788ff)
0:00:00:05.361 cpu0:2097152)IOResource: 331: Registered resource 0x4306f2a15f50 from module 0 type 3 @ 2118 len=8
0:00:00:05.361 cpu0:2097152)IOResource: 331: Registered resource 0x4306f2a15fc0 from module 0 type 3 @ 212c len=4
0:00:00:05.361 cpu0:2097152)IOResource: 331: Registered resource 0x4306f2a16030 from module 0 type 3 @ 2110 len=8
0:00:00:05.361 cpu0:2097152)IOResource: 331: Registered resource 0x4306f2a160a0 from module 0 type 3 @ 2128 len=4
0:00:00:05.361 cpu0:2097152)IOResource: 331: Registered resource 0x4306f2a16110 from module 0 type 3 @ 20f0 len=16
0:00:00:05.361 cpu0:2097152)IOResource: 331: Registered resource 0x4306f2a16180 from module 0 type 3 @ 20e0 len=16
0:00:00:05.361 cpu0:2097152)PCI: 1312: 0000:00:1f.3: registering 8086:3a30 1014:3a30
0:00:00:05.361 cpu0:2097152)PCI: 2236: 0000:00:1f.3: Enabling device, Command register mask: 0x3
0:00:00:05.361 cpu0:2097152)Device: 1466: Registered device: 0x4306f2778790 p0000:00:1f.3 80863a3010143a300c0500 (parent=0x7ec54306f27788ff)
0:00:00:05.361 cpu0:2097152)IOResource: 331: Registered resource 0x4306f2a161f0 from module 0 type 2 @ 9be22000 len=256
0:00:00:05.361 cpu0:2097152)IOResource: 331: Registered resource 0x4306f2a16260 from module 0 type 3 @ 2000 len=32
0:00:00:05.361 cpu0:2097152)PCI: 1312: 0000:00:1f.5: registering 8086:3a26 1014:3a26
0:00:00:05.361 cpu0:2097152)Device: 1466: Registered device: 0x4306f2778790 p0000:00:1f.5 80863a2610143a26010185 (parent=0x7ec54306f27788ff)
0:00:00:05.361 cpu0:2097152)IOResource: 331: Registered resource 0x4306f2a162d0 from module 0 type 3 @ 2108 len=8
0:00:00:05.361 cpu0:2097152)IOResource: 331: Registered resource 0x4306f2a16340 from module 0 type 3 @ 2124 len=4
0:00:00:05.361 cpu0:2097152)IOResource: 331: Registered resource 0x4306f2a163b0 from module 0 type 3 @ 2100 len=8
0:00:00:05.361 cpu0:2097152)IOResource: 331: Registered resource 0x4306f2a16420 from module 0 type 3 @ 2120 len=4
0:00:00:05.361 cpu0:2097152)IOResource: 331: Registered resource 0x4306f2a16490 from module 0 type 3 @ 20d0 len=16
0:00:00:05.361 cpu0:2097152)IOResource: 331: Registered resource 0x4306f2a16500 from module 0 type 3 @ 20c0 len=16
0:00:00:05.361 cpu0:2097152)PCI: 816: 0000:07:00.0 to 4
0:00:00:05.361 cpu0:2097152)HPET: 516: HPET timer 0 capabilities 0xf0000000000030
0:00:00:05.361 cpu0:2097152)IOAPIC: 1635: 0x21 retriggerred
0:00:00:05.361 cpu0:2097152)HPET: 292: Got an HPET interrupt, counter = 68208612
0:00:00:05.364 cpu0:2097152)HPET: 362: 1000 calls to HPET_SetTimeout(hpetHz) took 3491040 TSC cycles
0:00:00:05.374 cpu0:2097152)HPET: 292: Got an HPET interrupt, counter = 68384988
0:00:00:05.394 cpu0:2097152)HPET: 516: HPET timer 0 capabilities 0xf0000000000034
0:00:00:05.394 cpu0:2097152)GlobalTimer: 80: GlobalTimer service available
0:00:00:05.394 cpu0:2097152)Initializing power management ...
0:00:00:05.402 cpu0:2097152)MCAIntel: 1294: Machine check recovery is not supported by this processor
0:00:00:05.406 cpu0:2097152)Initializing page cache ...
0:00:00:05.409 cpu0:2097152)Initializing PCI passthru ...
0:00:00:05.411 cpu0:2097152)Initializing events ...
0:00:00:05.414 cpu0:2097152)CpuSched: 699: user latency of 2097544 pmemArs 0 changed by 2097152 bootstrap -6
0:00:00:05.414 cpu0:2097152)FDS: 414: Registered FDS Driver PMemNamespaces
0:00:00:05.414 cpu0:2097152)FDS: 414: Registered FDS Driver PMemVolumes
0:00:00:05.414 cpu0:2097152)PMemDS: 142: pmem data store = 1
0:00:00:05.414 cpu0:2097152)FDS: 414: Registered FDS Driver PMemDS
0:00:00:05.414 cpu0:2097152)FDS: 414: Registered FDS Driver PMemDisk
0:00:00:05.414 cpu0:2097152)Initializing heartbeat ...
0:00:00:05.418 cpu0:2097152)NUMASched: 6283: Reset NUMASched statistics
0:00:00:05.418 cpu0:2097152)CpuSched: 16357: Reset scheduler statistics
0:00:00:05.418 cpu0:2097152)NRandomHwrng: 589: HWRNG not found.
0:00:00:05.419 cpu0:2097152)NRandom: 2293: Random subsystem initialized.
0:00:00:05.419 cpu0:2097152)Device: 192: Registered driver 'chardevlayer' from 0
0:00:00:05.419 cpu0:2097152)Init: 1009: Vmkernel initialization done.
0:00:00:05.419 cpu0:2097152)VMKernel loaded successfully.
2026-01-10T07:55:10.103Z cpu8:2097485)VSCSI: 2838: Starting reset handler world 2097485/1
2026-01-10T07:55:10.103Z cpu9:2097486)VSCSI: 3041: Starting reset watchdog world 2097486
2026-01-10T07:55:10.104Z cpu0:2097221)ScsiCore: 175: Starting taskMgmt watchdog world 2097221
2026-01-10T07:55:10.104Z cpu4:2097551)ScsiCore: 104: Starting taskmgmt handler world 2097551/1
2026-01-10T07:55:10.104Z cpu0:2097222)ScsiCore: 175: Starting taskMgmt watchdog world 2097222
2026-01-10T07:55:10.104Z cpu2:2097552)ScsiCore: 104: Starting taskmgmt handler world 2097552/1
2026-01-10T07:55:10.105Z cpu0:2097152)Power: 1545: Current power management policy was set to "Balanced"
2026-01-10T07:55:10.106Z cpu0:2097152)Boot: 572: 25231 symbols, 573057
2026-01-10T07:55:16.338Z cpu0:2097152)BootModule: 1076: Loading kernel boot module chardevs.b00
2026-01-10T07:55:16.338Z cpu0:2097152)Loading module chardevs ...
2026-01-10T07:55:16.341Z cpu0:2097152)Elf: 2101: module chardevs has license VMware
2026-01-10T07:55:16.341Z cpu0:2097152)TTY: 262: Allocated 4 out of 4 ttys
2026-01-10T07:55:16.341Z cpu0:2097152)SerialDev: 237: Added serial device uart0, index 15, id 0
2026-01-10T07:55:16.341Z cpu0:2097152)SerialDev: 237: Added serial device uart1, index 16, id 1
2026-01-10T07:55:16.342Z cpu0:2097152)Mod: 4962: Initialization of chardevs succeeded with module ID 1.
2026-01-10T07:55:16.342Z cpu0:2097152)chardevs loaded successfully.
2026-01-10T07:55:16.344Z cpu0:2097152)BootModule: 1076: Loading kernel boot module user.b00
2026-01-10T07:55:16.344Z cpu0:2097152)Loading module user ...
2026-01-10T07:55:16.348Z cpu0:2097152)Elf: 2101: module user has license VMware
2026-01-10T07:55:16.368Z cpu0:2097152)Mod: 4962: Initialization of user succeeded with module ID 2.
2026-01-10T07:55:16.368Z cpu0:2097152)user loaded successfully.
2026-01-10T07:55:16.371Z cpu0:2097152)BootModule: 1076: Loading kernel boot module procfs.b00
2026-01-10T07:55:16.371Z cpu0:2097152)Loading module procfs ...
2026-01-10T07:55:16.373Z cpu0:2097152)Elf: 2101: module procfs has license VMware
2026-01-10T07:55:16.373Z cpu0:2097152)FSS: 1147: Registered fs procfs, module 3, fsTypeNum 0xdff6
2026-01-10T07:55:16.373Z cpu0:2097152)Mod: 4962: Initialization of procfs succeeded with module ID 3.
2026-01-10T07:55:16.373Z cpu0:2097152)procfs loaded successfully.
2026-01-10T07:55:16.376Z cpu0:2097152)VisorFSTar: 1856: vmx.v00 for 0x676f24b bytes
2026-01-10T07:55:16.377Z cpu0:2097152)VisorFSTar: 1856: vim.v00 for 0x7061902 bytes
2026-01-10T07:55:16.378Z cpu0:2097152)VisorFSTar: 1856: sb.v00 for 0xbd53250 bytes
2026-01-10T07:55:16.390Z cpu0:2097152)VisorFSTar: 1856: s.v00 for 0x3b57558 bytes
2026-01-10T07:55:16.396Z cpu0:2097152)VisorFSTar: 1856: lsi_msgp.v00 for 0x87625 bytes
2026-01-10T07:55:16.397Z cpu0:2097152)VisorFSTar: 1856: bnxtnet.v00 for 0xeb2d0 bytes
2026-01-10T07:55:16.400Z cpu0:2097152)VisorFSTar: 1856: bnxtroce.v00 for 0x65f10 bytes
2026-01-10T07:55:16.401Z cpu0:2097152)VisorFSTar: 1856: lsi_mr3.v00 for 0x5ee3f bytes
2026-01-10T07:55:16.402Z cpu0:2097152)VisorFSTar: 1856: lsi_msgp.v01 for 0x9c43f bytes
2026-01-10T07:55:16.404Z cpu0:2097152)VisorFSTar: 1856: elx_esx_.v00 for 0x6686d1 bytes
2026-01-10T07:55:16.421Z cpu0:2097152)VisorFSTar: 1856: brcmfcoe.v00 for 0x237cd0 bytes
2026-01-10T07:55:16.427Z cpu0:2097152)VisorFSTar: 1856: elxiscsi.v00 for 0x81990 bytes
2026-01-10T07:55:16.429Z cpu0:2097152)VisorFSTar: 1856: elxnet.v00 for 0xa1ac0 bytes
2026-01-10T07:55:16.431Z cpu0:2097152)VisorFSTar: 1856: lpfc.v00 for 0x2d72c3 bytes
2026-01-10T07:55:16.438Z cpu0:2097152)VisorFSTar: 1856: i40en.v00 for 0xcbae0 bytes
2026-01-10T07:55:16.440Z cpu0:2097152)VisorFSTar: 1856: iavmd.v00 for 0xb65a8 bytes
2026-01-10T07:55:16.442Z cpu0:2097152)VisorFSTar: 1856: icen.v00 for 0x266260 bytes
2026-01-10T07:55:16.449Z cpu0:2097152)VisorFSTar: 1856: igbn.v00 for 0x714c0 bytes
2026-01-10T07:55:16.450Z cpu0:2097152)VisorFSTar: 1856: ixgben.v00 for 0xaf530 bytes
2026-01-10T07:55:16.452Z cpu0:2097152)VisorFSTar: 1856: nmlx4_co.v00 for 0xa6020 bytes
2026-01-10T07:55:16.454Z cpu0:2097152)VisorFSTar: 1856: nmlx4_en.v00 for 0xad498 bytes
2026-01-10T07:55:16.456Z cpu0:2097152)VisorFSTar: 1856: nmlx4_rd.v00 for 0x40010 bytes
2026-01-10T07:55:16.457Z cpu0:2097152)VisorFSTar: 1856: nmlx5_co.v00 for 0x1ff56a bytes
2026-01-10T07:55:16.462Z cpu0:2097152)VisorFSTar: 1856: nmlx5_rd.v00 for 0x43730 bytes
2026-01-10T07:55:16.463Z cpu0:2097152)VisorFSTar: 1856: smartpqi.v00 for 0xa5a64 bytes
2026-01-10T07:55:16.465Z cpu0:2097152)VisorFSTar: 1856: qlnative.v00 for 0x29b6b8 bytes
2026-01-10T07:55:16.472Z cpu0:2097152)VisorFSTar: 1856: qcnic.v00 for 0x491d8 bytes
2026-01-10T07:55:16.473Z cpu0:2097152)VisorFSTar: 1856: qedentv_.v00 for 0x390458 bytes
2026-01-10T07:55:16.482Z cpu0:2097152)VisorFSTar: 1856: qedentv.v00 for 0x3b7458 bytes
2026-01-10T07:55:16.492Z cpu0:2097152)VisorFSTar: 1856: qedf.v00 for 0x44c830 bytes
2026-01-10T07:55:16.504Z cpu0:2097152)VisorFSTar: 1856: qedi.v00 for 0x35bb30 bytes
2026-01-10T07:55:16.513Z cpu0:2097152)VisorFSTar: 1856: qedrntv.v00 for 0x2f9b30 bytes
2026-01-10T07:55:16.521Z cpu0:2097152)VisorFSTar: 1856: qfle3.v00 for 0x2ae5f2 bytes
2026-01-10T07:55:16.529Z cpu0:2097152)VisorFSTar: 1856: qfle3f.v00 for 0x156a08 bytes
2026-01-10T07:55:16.532Z cpu0:2097152)VisorFSTar: 1856: qfle3i.v00 for 0x5b2a0 bytes
2026-01-10T07:55:16.533Z cpu0:2097152)VisorFSTar: 1856: ata_liba.v00 for 0x49b98 bytes
2026-01-10T07:55:16.534Z cpu0:2097152)VisorFSTar: 1856: ata_pata.v00 for 0xb200 bytes
2026-01-10T07:55:16.534Z cpu0:2097152)VisorFSTar: 1856: ata_pata.v01 for 0x8c28 bytes
2026-01-10T07:55:16.534Z cpu0:2097152)VisorFSTar: 1856: ata_pata.v02 for 0x9350 bytes
2026-01-10T07:55:16.535Z cpu0:2097152)VisorFSTar: 1856: ata_pata.v03 for 0x96c0 bytes
2026-01-10T07:55:16.535Z cpu0:2097152)VisorFSTar: 1856: ata_pata.v04 for 0xa550 bytes
2026-01-10T07:55:16.535Z cpu0:2097152)VisorFSTar: 1856: ata_pata.v05 for 0x9968 bytes
2026-01-10T07:55:16.535Z cpu0:2097152)VisorFSTar: 1856: ata_pata.v06 for 0x8c98 bytes
2026-01-10T07:55:16.535Z cpu0:2097152)VisorFSTar: 1856: ata_pata.v07 for 0x9d40 bytes
2026-01-10T07:55:16.535Z cpu0:2097152)VisorFSTar: 1856: block_cc.v00 for 0x151d8 bytes
2026-01-10T07:55:16.536Z cpu0:2097152)VisorFSTar: 1856: char_ran.v00 for 0xce58 bytes
2026-01-10T07:55:16.536Z cpu0:2097152)VisorFSTar: 1856: ehci_ehc.v00 for 0x17fb0 bytes
2026-01-10T07:55:16.536Z cpu0:2097152)VisorFSTar: 1856: hid_hid.v00 for 0xf3e8 bytes
2026-01-10T07:55:16.536Z cpu0:2097152)VisorFSTar: 1856: ima_qla4.v00 for 0x13c2a4 bytes
2026-01-10T07:55:16.540Z cpu0:2097152)VisorFSTar: 1856: ipmi_ipm.v00 for 0xa368 bytes
2026-01-10T07:55:16.540Z cpu0:2097152)VisorFSTar: 1856: ipmi_ipm.v01 for 0x14b68 bytes
2026-01-10T07:55:16.540Z cpu0:2097152)VisorFSTar: 1856: ipmi_ipm.v02 for 0x198b0 bytes
2026-01-10T07:55:16.540Z cpu0:2097152)VisorFSTar: 1856: iser.v00 for 0x3a8e0 bytes
2026-01-10T07:55:16.541Z cpu0:2097152)VisorFSTar: 1856: lpnic.v00 for 0xa0710 bytes
2026-01-10T07:55:16.543Z cpu0:2097152)VisorFSTar: 1856: lsi_msgp.v02 for 0x80dc0 bytes
2026-01-10T07:55:16.544Z cpu0:2097152)VisorFSTar: 1856: misc_cni.v00 for 0x59c8 bytes
2026-01-10T07:55:16.544Z cpu0:2097152)VisorFSTar: 1856: misc_dri.v00 for 0x1477d0 bytes
2026-01-10T07:55:16.548Z cpu0:2097152)VisorFSTar: 1856: mtip32xx.v00 for 0x3f858 bytes
2026-01-10T07:55:16.549Z cpu0:2097152)VisorFSTar: 1856: ne1000.v00 for 0x9ffd0 bytes
2026-01-10T07:55:16.550Z cpu0:2097152)VisorFSTar: 1856: nenic.v00 for 0x43910 bytes
2026-01-10T07:55:16.551Z cpu0:2097152)VisorFSTar: 1856: net_bnx2.v00 for 0x47b10 bytes
2026-01-10T07:55:16.552Z cpu0:2097152)VisorFSTar: 1856: net_bnx2.v01 for 0x2044f8 bytes
2026-01-10T07:55:16.557Z cpu0:2097152)VisorFSTar: 1856: net_cdc_.v00 for 0x6420 bytes
2026-01-10T07:55:16.558Z cpu0:2097152)VisorFSTar: 1856: net_cnic.v00 for 0x24448 bytes
2026-01-10T07:55:16.558Z cpu0:2097152)VisorFSTar: 1856: net_e100.v00 for 0x4de38 bytes
2026-01-10T07:55:16.559Z cpu0:2097152)VisorFSTar: 1856: net_e100.v01 for 0x584f8 bytes
2026-01-10T07:55:16.560Z cpu0:2097152)VisorFSTar: 1856: net_enic.v00 for 0x2bdd8 bytes
2026-01-10T07:55:16.560Z cpu0:2097152)VisorFSTar: 1856: net_fcoe.v00 for 0x13c20 bytes
2026-01-10T07:55:16.561Z cpu0:2097152)VisorFSTar: 1856: net_forc.v00 for 0x1f770 bytes
2026-01-10T07:55:16.561Z cpu0:2097152)VisorFSTar: 1856: net_igb.v00 for 0x50420 bytes
2026-01-10T07:55:16.562Z cpu0:2097152)VisorFSTar: 1856: net_ixgb.v00 for 0x66668 bytes
2026-01-10T07:55:16.563Z cpu0:2097152)VisorFSTar: 1856: net_libf.v00 for 0x12d38 bytes
2026-01-10T07:55:16.563Z cpu0:2097152)VisorFSTar: 1856: net_mlx4.v00 for 0x58ea0 bytes
2026-01-10T07:55:16.564Z cpu0:2097152)VisorFSTar: 1856: net_mlx4.v01 for 0x3b10a bytes
2026-01-10T07:55:16.565Z cpu0:2097152)VisorFSTar: 1856: net_nx_n.v00 for 0x1e7130 bytes
2026-01-10T07:55:16.570Z cpu0:2097152)VisorFSTar: 1856: net_tg3.v00 for 0x4e368 bytes
2026-01-10T07:55:16.571Z cpu0:2097152)VisorFSTar: 1856: net_usbn.v00 for 0xd500 bytes
2026-01-10T07:55:16.571Z cpu0:2097152)VisorFSTar: 1856: net_vmxn.v00 for 0x1b280 bytes
2026-01-10T07:55:16.572Z cpu0:2097152)VisorFSTar: 1856: nfnic.v00 for 0x883a0 bytes
2026-01-10T07:55:16.573Z cpu0:2097152)VisorFSTar: 1856: nhpsa.v00 for 0x8d428 bytes
2026-01-10T07:55:16.575Z cpu0:2097152)VisorFSTar: 1856: ntg3.v00 for 0x1dca8 bytes
2026-01-10T07:55:16.575Z cpu0:2097152)VisorFSTar: 1856: nvme.v00 for 0x496b0 bytes
2026-01-10T07:55:16.576Z cpu0:2097152)VisorFSTar: 1856: nvmxnet3.v00 for 0x2ad70 bytes
2026-01-10T07:55:16.576Z cpu0:2097152)VisorFSTar: 1856: nvmxnet3.v01 for 0x2ab70 bytes
2026-01-10T07:55:16.577Z cpu0:2097152)VisorFSTar: 1856: ohci_usb.v00 for 0xffc8 bytes
2026-01-10T07:55:16.577Z cpu0:2097152)VisorFSTar: 1856: pvscsi.v00 for 0x1d948 bytes
2026-01-10T07:55:16.577Z cpu0:2097152)VisorFSTar: 1856: qflge.v00 for 0x7d0b0 bytes
2026-01-10T07:55:16.579Z cpu0:2097152)VisorFSTar: 1856: sata_ahc.v00 for 0x15f80 bytes
2026-01-10T07:55:16.579Z cpu0:2097152)VisorFSTar: 1856: sata_ata.v00 for 0xe088 bytes
2026-01-10T07:55:16.579Z cpu0:2097152)VisorFSTar: 1856: sata_sat.v00 for 0x10828 bytes
2026-01-10T07:55:16.580Z cpu0:2097152)VisorFSTar: 1856: sata_sat.v01 for 0xb9c8 bytes
2026-01-10T07:55:16.580Z cpu0:2097152)VisorFSTar: 1856: sata_sat.v02 for 0xc1b0 bytes
2026-01-10T07:55:16.580Z cpu0:2097152)VisorFSTar: 1856: sata_sat.v03 for 0x9c70 bytes
2026-01-10T07:55:16.580Z cpu0:2097152)VisorFSTar: 1856: sata_sat.v04 for 0x8a38 bytes
2026-01-10T07:55:16.580Z cpu0:2097152)VisorFSTar: 1856: scsi_aac.v00 for 0x2c898 bytes
2026-01-10T07:55:16.581Z cpu0:2097152)VisorFSTar: 1856: scsi_adp.v00 for 0x70bf0 bytes
2026-01-10T07:55:16.582Z cpu0:2097152)VisorFSTar: 1856: scsi_aic.v00 for 0x49108 bytes
2026-01-10T07:55:16.583Z cpu0:2097152)VisorFSTar: 1856: scsi_bnx.v00 for 0x460eb bytes
2026-01-10T07:55:16.584Z cpu0:2097152)VisorFSTar: 1856: scsi_bnx.v01 for 0x32f60 bytes
2026-01-10T07:55:16.584Z cpu0:2097152)VisorFSTar: 1856: scsi_fni.v00 for 0x3ca40 bytes
2026-01-10T07:55:16.585Z cpu0:2097152)VisorFSTar: 1856: scsi_hps.v00 for 0x34fd0 bytes
2026-01-10T07:55:16.586Z cpu0:2097152)VisorFSTar: 1856: scsi_ips.v00 for 0x1ab00 bytes
2026-01-10T07:55:16.586Z cpu0:2097152)VisorFSTar: 1856: scsi_isc.v00 for 0xa980 bytes
2026-01-10T07:55:16.586Z cpu0:2097152)VisorFSTar: 1856: scsi_lib.v00 for 0x34da8 bytes
2026-01-10T07:55:16.587Z cpu0:2097152)VisorFSTar: 1856: scsi_meg.v00 for 0x18c60 bytes
2026-01-10T07:55:16.587Z cpu0:2097152)VisorFSTar: 1856: scsi_meg.v01 for 0x2b7c8 bytes
2026-01-10T07:55:16.587Z cpu0:2097152)VisorFSTar: 1856: scsi_meg.v02 for 0x17658 bytes
2026-01-10T07:55:16.588Z cpu0:2097152)VisorFSTar: 1856: scsi_mpt.v00 for 0x72f70 bytes
2026-01-10T07:55:16.589Z cpu0:2097152)VisorFSTar: 1856: scsi_mpt.v01 for 0x7d420 bytes
2026-01-10T07:55:16.590Z cpu0:2097152)VisorFSTar: 1856: scsi_mpt.v02 for 0x6b688 bytes
2026-01-10T07:55:16.592Z cpu0:2097152)VisorFSTar: 1856: scsi_qla.v00 for 0x48558 bytes
2026-01-10T07:55:16.592Z cpu0:2097152)VisorFSTar: 1856: sfvmk.v00 for 0x96810 bytes
2026-01-10T07:55:16.594Z cpu0:2097152)VisorFSTar: 1856: shim_isc.v00 for 0x3f18 bytes
2026-01-10T07:55:16.594Z cpu0:2097152)VisorFSTar: 1856: shim_isc.v01 for 0x3f18 bytes
2026-01-10T07:55:16.594Z cpu0:2097152)VisorFSTar: 1856: shim_lib.v00 for 0xaee8 bytes
2026-01-10T07:55:16.594Z cpu0:2097152)VisorFSTar: 1856: shim_lib.v01 for 0xaee8 bytes
2026-01-10T07:55:16.595Z cpu0:2097152)VisorFSTar: 1856: shim_lib.v02 for 0x5340 bytes
2026-01-10T07:55:16.595Z cpu0:2097152)VisorFSTar: 1856: shim_lib.v03 for 0x5340 bytes
2026-01-10T07:55:16.595Z cpu0:2097152)VisorFSTar: 1856: shim_lib.v04 for 0x26d0 bytes
2026-01-10T07:55:16.595Z cpu0:2097152)VisorFSTar: 1856: shim_lib.v05 for 0x26d0 bytes
2026-01-10T07:55:16.595Z cpu0:2097152)VisorFSTar: 1856: shim_vmk.v00 for 0x36550 bytes
2026-01-10T07:55:16.596Z cpu0:2097152)VisorFSTar: 1856: shim_vmk.v01 for 0x393f0 bytes
2026-01-10T07:55:16.596Z cpu0:2097152)VisorFSTar: 1856: shim_vmk.v02 for 0x3a3a0 bytes
2026-01-10T07:55:16.597Z cpu0:2097152)VisorFSTar: 1856: uhci_usb.v00 for 0xfe50 bytes
2026-01-10T07:55:16.597Z cpu0:2097152)VisorFSTar: 1856: usb_stor.v00 for 0x288f0 bytes
2026-01-10T07:55:16.598Z cpu0:2097152)VisorFSTar: 1856: usbcore_.v00 for 0x4f948 bytes
2026-01-10T07:55:16.599Z cpu0:2097152)VisorFSTar: 1856: vmkata.v00 for 0x32720 bytes
2026-01-10T07:55:16.599Z cpu0:2097152)VisorFSTar: 1856: vmkfcoe.v00 for 0xe9fe8 bytes
2026-01-10T07:55:16.602Z cpu0:2097152)VisorFSTar: 1856: vmkplexe.v00 for 0xb8e0 bytes
2026-01-10T07:55:16.602Z cpu0:2097152)VisorFSTar: 1856: vmkusb.v00 for 0xf6a70 bytes
2026-01-10T07:55:16.605Z cpu0:2097152)VisorFSTar: 1856: vmw_ahci.v00 for 0x3b360 bytes
2026-01-10T07:55:16.605Z cpu0:2097152)VisorFSTar: 1856: xhci_xhc.v00 for 0x3ac40 bytes
2026-01-10T07:55:16.606Z cpu0:2097152)VisorFSTar: 1856: elx_esx_.v01 for 0x4d0d2c bytes
2026-01-10T07:55:16.619Z cpu0:2097152)VisorFSTar: 1856: btldr.t00 for 0x921b8 bytes
2026-01-10T07:55:16.621Z cpu0:2097152)VisorFSTar: 1856: esx_dvfi.v00 for 0x7a218 bytes
2026-01-10T07:55:16.622Z cpu0:2097152)VisorFSTar: 1856: esx_ui.v00 for 0xec36e5 bytes
2026-01-10T07:55:16.662Z cpu0:2097152)VisorFSTar: 1856: esxupdt.v00 for 0x8f173 bytes
2026-01-10T07:55:16.664Z cpu0:2097152)VisorFSTar: 1856: weaselin.t00 for 0x483000 bytes
2026-01-10T07:55:16.677Z cpu0:2097152)VisorFSTar: 1856: lsu_hp_h.v00 for 0x2579c bytes
2026-01-10T07:55:16.677Z cpu0:2097152)VisorFSTar: 1856: lsu_inte.v00 for 0xa66c bytes
2026-01-10T07:55:16.678Z cpu0:2097152)VisorFSTar: 1856: lsu_lsi_.v00 for 0x68630 bytes
2026-01-10T07:55:16.679Z cpu0:2097152)VisorFSTar: 1856: lsu_lsi_.v01 for 0x3b62c bytes
2026-01-10T07:55:16.679Z cpu0:2097152)VisorFSTar: 1856: lsu_lsi_.v02 for 0x7b630 bytes
2026-01-10T07:55:16.681Z cpu0:2097152)VisorFSTar: 1856: lsu_lsi_.v03 for 0x4112c bytes
2026-01-10T07:55:16.682Z cpu0:2097152)VisorFSTar: 1856: lsu_lsi_.v04 for 0x8b630 bytes
2026-01-10T07:55:16.683Z cpu0:2097152)VisorFSTar: 1856: lsu_smar.v00 for 0x23684 bytes
2026-01-10T07:55:16.684Z cpu0:2097152)VisorFSTar: 1856: native_m.v00 for 0xcc898 bytes
2026-01-10T07:55:16.686Z cpu0:2097152)VisorFSTar: 1856: rste.v00 for 0xce7d0 bytes
2026-01-10T07:55:16.688Z cpu0:2097152)VisorFSTar: 1856: vmware_e.v00 for 0x2e87c bytes
2026-01-10T07:55:16.689Z cpu0:2097152)VisorFSTar: 1856: vsan.v00 for 0x2b5e858 bytes
2026-01-10T07:55:16.806Z cpu0:2097152)VisorFSTar: 1856: vsanheal.v00 for 0x7a6904 bytes
2026-01-10T07:55:16.827Z cpu0:2097152)VisorFSTar: 1856: vsanmgmt.v00 for 0x194a58f bytes
2026-01-10T07:55:16.895Z cpu0:2097152)VisorFSTar: 1856: lnvcusto.v00 for 0xebb bytes
2026-01-10T07:55:16.895Z cpu0:2097152)VisorFSTar: 1856: xorg.v00 for 0x349b00 bytes
2026-01-10T07:55:16.904Z cpu0:2097152)VisorFSTar: 1856: imgdb.tgz for 0x1d6000 bytes
2026-01-10T07:55:16.911Z cpu0:2097152)VisorFSTar: 1856: state.tgz for 0x5600 bytes
2026-01-10T07:55:16.911Z cpu0:2097152)RamDisk: 151: Auto-mounting devfs on /dev
2026-01-10T07:55:16.911Z cpu0:2097152)FSS: 8148: Mounting fs devfs (4306f359e6a0) with -o  on file descriptor 430717322830
2026-01-10T07:55:16.911Z cpu0:2097152)RamDisk: 151: Auto-mounting procfs on /proc
2026-01-10T07:55:16.911Z cpu0:2097152)FSS: 8148: Mounting fs procfs (4306f35dee40) with -o  on file descriptor 430717322c10
2026-01-10T07:55:16.911Z cpu0:2097152)User: 5100: /bin/init
2026-01-10T07:55:16.912Z cpu0:2097152)User: 5291: user code is at 0x3390a2
2026-01-10T07:55:19.617Z cpu1:2097558)VisorFSTar: 1106: etc/vmware/support exists already, replacing
2026-01-10T07:55:20.610Z cpu8:2097606)Activating Jumpstart Plugins
2026-01-10T07:55:20.617Z cpu3:2097655)Activating Jumpstart plugin check-required-memory.
2026-01-10T07:55:20.636Z cpu3:2097655)Jumpstart plugin check-required-memory activated.
2026-01-10T07:55:20.636Z cpu3:2097655)Activating Jumpstart plugin restore-configuration.
2026-01-10T07:55:20.749Z cpu3:2097655)Jumpstart plugin restore-configuration activated.
2026-01-10T07:55:20.749Z cpu3:2097655)Activating Jumpstart plugin vmkeventd.
2026-01-10T07:55:20.816Z cpu3:2097655)Jumpstart plugin vmkeventd activated.
2026-01-10T07:55:20.816Z cpu3:2097655)Activating Jumpstart plugin lfHelper.
2026-01-10T07:55:20.989Z cpu20:2097667)Loading module lfHelper ...
2026-01-10T07:55:20.991Z cpu20:2097667)Elf: 2101: module lfHelper has license VMware
2026-01-10T07:55:20.992Z cpu20:2097667)Mod: 4962: Initialization of lfHelper succeeded with module ID 4.
2026-01-10T07:55:20.992Z cpu20:2097667)lfHelper loaded successfully.
2026-01-10T07:55:20.995Z cpu3:2097655)Jumpstart plugin lfHelper activated.
2026-01-10T07:55:20.995Z cpu3:2097655)Activating Jumpstart plugin autodeploy-enabled.
2026-01-10T07:55:21.045Z cpu3:2097655)Jumpstart plugin autodeploy-enabled activated.
2026-01-10T07:55:21.045Z cpu3:2097655)Activating Jumpstart plugin advanced-user-configuration-options.
2026-01-10T07:55:21.169Z cpu3:2097655)Jumpstart plugin advanced-user-configuration-options activated.
2026-01-10T07:55:21.169Z cpu3:2097655)Activating Jumpstart plugin vsan-early.
2026-01-10T07:55:21.188Z cpu1:2097670)Loading module vsanapi ...
2026-01-10T07:55:21.191Z cpu1:2097670)Elf: 2101: module vsanapi has license VMware
2026-01-10T07:55:21.195Z cpu1:2097670)Initialized VSAN API module.
2026-01-10T07:55:21.195Z cpu1:2097670)Mod: 4962: Initialization of vsanapi succeeded with module ID 5.
2026-01-10T07:55:21.195Z cpu1:2097670)vsanapi loaded successfully.
2026-01-10T07:55:21.217Z cpu8:2097671)Loading module vsanbase ...
2026-01-10T07:55:21.219Z cpu8:2097671)Elf: 2101: module vsanbase has license VMware
2026-01-10T07:55:21.228Z cpu8:2097671)Initialized vsan base module.
2026-01-10T07:55:21.228Z cpu8:2097671)Mod: 4962: Initialization of vsanbase succeeded with module ID 6.
2026-01-10T07:55:21.228Z cpu8:2097671)vsanbase loaded successfully.
2026-01-10T07:55:21.231Z cpu3:2097655)Jumpstart plugin vsan-early activated.
2026-01-10T07:55:21.231Z cpu3:2097655)Activating Jumpstart plugin restore-advanced-configuration.
2026-01-10T07:55:21.648Z cpu7:2097634)Config: 703: "DiskDumpSlotSize" = 2560, Old Value: 0, (Status: 0x0)
2026-01-10T07:55:21.730Z cpu7:2097634)Config: 862: "HostName" = "SGRL-ESX01", Old value: "localhost" (Status: 0x0)
2026-01-10T07:55:21.734Z cpu7:2097634)Config: 862: "HostIPAddr" = "192.168.1.100", Old value: "127.0.0.1" (Status: 0x0)
2026-01-10T07:55:22.024Z cpu7:2097634)Config: 862: "ManagementIface" = "vmk0", Old value: "" (Status: 0x0)
2026-01-10T07:55:22.024Z cpu7:2097634)Config: 862: "ManagementAddr" = "192.168.1.100", Old value: "127.0.0.1" (Status: 0x0)
2026-01-10T07:55:22.069Z cpu7:2097634)Config: 703: "UserMemASRandomSeed" = 2045907027, Old Value: 0, (Status: 0x0)
2026-01-10T07:55:22.195Z cpu7:2097634)Boot: 208: Parsing boot option module /jumpstrt.gz
2026-01-10T07:55:22.195Z cpu7:2097634)Boot: 208: Parsing boot option module /useropts.gz
2026-01-10T07:55:22.195Z cpu7:2097634)Boot: 200: Skipping empty boot option module /features.gz
2026-01-10T07:55:22.195Z cpu7:2097634)Boot: 217: Parsing advanced command line boot options
2026-01-10T07:55:22.195Z cpu3:2097655)Jumpstart plugin restore-advanced-configuration activated.
2026-01-10T07:55:22.195Z cpu3:2097655)Activating Jumpstart plugin PSA-boot-config.
2026-01-10T07:55:22.202Z cpu7:2097634)ScsiClaimrule: 2518: Disabling claimrules for MP plugins.
2026-01-10T07:55:22.202Z cpu3:2097655)Jumpstart plugin PSA-boot-config activated.
2026-01-10T07:55:22.202Z cpu3:2097655)Activating Jumpstart plugin vprobe.
2026-01-10T07:55:22.207Z cpu0:2097672)Loading module vprobe ...
2026-01-10T07:55:22.210Z cpu0:2097672)Elf: 2101: module vprobe has license VMware
2026-01-10T07:55:22.215Z cpu0:2097672)VProbe: 376: VProbes heap: initial size 1 MB, max size 32 MB
2026-01-10T07:55:22.216Z cpu0:2097672)VProbe: 854: Host vpheap size: 128KB
2026-01-10T07:55:22.216Z cpu0:2097672)VProbe: 869: VMK vpheap size: 128KB
2026-01-10T07:55:22.216Z cpu0:2097672)VProbe: 803: Loaded 210 static probes from: vmkernel
2026-01-10T07:55:22.216Z cpu0:2097672)VProbe: 803: Loaded   4 static probes from: user
2026-01-10T07:55:22.216Z cpu0:2097672)VProbe: 803: Loaded  16 static probes from: vprobe
2026-01-10T07:55:22.217Z cpu0:2097672)Mod: 4962: Initialization of vprobe succeeded with module ID 7.
2026-01-10T07:55:22.217Z cpu0:2097672)vprobe loaded successfully.
2026-01-10T07:55:22.219Z cpu3:2097655)Jumpstart plugin vprobe activated.
2026-01-10T07:55:22.219Z cpu3:2097655)Activating Jumpstart plugin vmkapi-mgmt.
2026-01-10T07:55:22.225Z cpu22:2097674)Loading module vmkapi_mgmt ...
2026-01-10T07:55:22.228Z cpu22:2097674)Elf: 2101: module vmkapi_mgmt has license VMware
2026-01-10T07:55:22.228Z cpu22:2097674)Mod: 4962: Initialization of vmkapi_mgmt succeeded with module ID 8.
2026-01-10T07:55:22.228Z cpu22:2097674)vmkapi_mgmt loaded successfully.
2026-01-10T07:55:22.231Z cpu3:2097655)Jumpstart plugin vmkapi-mgmt activated.
2026-01-10T07:55:22.231Z cpu3:2097655)Activating Jumpstart plugin iodm.
2026-01-10T07:55:22.236Z cpu10:2097675)Loading module iodm ...
2026-01-10T07:55:22.238Z cpu10:2097675)Elf: 2101: module iodm has license VMware
2026-01-10T07:55:22.239Z cpu10:2097675)Mod: 4962: Initialization of iodm succeeded with module ID 9.
2026-01-10T07:55:22.239Z cpu10:2097675)iodm loaded successfully.
2026-01-10T07:55:22.241Z cpu3:2097655)Jumpstart plugin iodm activated.
2026-01-10T07:55:22.241Z cpu3:2097655)Activating Jumpstart plugin dma-engine.
2026-01-10T07:55:22.294Z cpu3:2097655)Jumpstart plugin dma-engine activated.
2026-01-10T07:55:22.294Z cpu3:2097655)Activating Jumpstart plugin hardware-config.
2026-01-10T07:55:22.438Z cpu3:2097655)Jumpstart plugin hardware-config activated.
2026-01-10T07:55:22.438Z cpu3:2097655)Activating Jumpstart plugin mgmt-vmkapi-compatibility.
2026-01-10T07:55:22.497Z cpu12:2097679)Loading module vmkapi_v2_4_0_0_mgmt_shim ...
2026-01-10T07:55:22.499Z cpu12:2097679)Elf: 2101: module vmkapi_v2_4_0_0_mgmt_shim has license VMware
2026-01-10T07:55:22.500Z cpu12:2097679)Vmkapiv2_4_0_0MgmtShim: init_module:88: Shim for mgmt vmkapi 2.4.0-0 to vmkapi 2.5.0-0 is active.
2026-01-10T07:55:22.500Z cpu12:2097679)Mod: 4962: Initialization of vmkapi_v2_4_0_0_mgmt_shim succeeded with module ID 10.
2026-01-10T07:55:22.500Z cpu12:2097679)vmkapi_v2_4_0_0_mgmt_shim loaded successfully.
2026-01-10T07:55:22.507Z cpu15:2097680)Loading module vmkapi_v2_3_0_0_mgmt_shim ...
2026-01-10T07:55:22.510Z cpu15:2097680)Elf: 2101: module vmkapi_v2_3_0_0_mgmt_shim has license VMware
2026-01-10T07:55:22.510Z cpu15:2097680)Vmkapiv2_3_0_0MgmtShim: init_module:88: Shim for mgmt vmkapi 2.3.0-0 to vmkapi 2.5.0-0 is active.
2026-01-10T07:55:22.510Z cpu15:2097680)Mod: 4962: Initialization of vmkapi_v2_3_0_0_mgmt_shim succeeded with module ID 11.
2026-01-10T07:55:22.510Z cpu15:2097680)vmkapi_v2_3_0_0_mgmt_shim loaded successfully.
2026-01-10T07:55:22.517Z cpu9:2097681)Loading module vmkapi_v2_2_0_0_mgmt_shim ...
2026-01-10T07:55:22.519Z cpu9:2097681)Elf: 2101: module vmkapi_v2_2_0_0_mgmt_shim has license VMware
2026-01-10T07:55:22.519Z cpu9:2097681)Vmkapiv2_2_0_0MgmtShim: init_module:88: Shim for mgmt vmkapi 2.2.0-0 to vmkapi 2.5.0-0 is active.
2026-01-10T07:55:22.519Z cpu9:2097681)Mod: 4962: Initialization of vmkapi_v2_2_0_0_mgmt_shim succeeded with module ID 12.
2026-01-10T07:55:22.519Z cpu9:2097681)vmkapi_v2_2_0_0_mgmt_shim loaded successfully.
2026-01-10T07:55:22.524Z cpu3:2097655)Jumpstart plugin mgmt-vmkapi-compatibility activated.
2026-01-10T07:55:22.525Z cpu3:2097655)Activating Jumpstart plugin vmkernel-vmkapi-compatibility.
2026-01-10T07:55:22.585Z cpu1:2097683)Loading module vmkapi_v2_2_0_0_vmkernel_shim ...
2026-01-10T07:55:22.588Z cpu1:2097683)Elf: 2101: module vmkapi_v2_2_0_0_vmkernel_shim has license VMware
2026-01-10T07:55:22.594Z cpu1:2097683)Vmkapiv2_2_0_0VmkernelShim: init_module:103: Shim for vmkernel vmkapi 2.2.0-0 to vmkapi 2.5.0-0 is active.
2026-01-10T07:55:22.594Z cpu1:2097683)Mod: 4962: Initialization of vmkapi_v2_2_0_0_vmkernel_shim succeeded with module ID 13.
2026-01-10T07:55:22.594Z cpu1:2097683)vmkapi_v2_2_0_0_vmkernel_shim loaded successfully.
2026-01-10T07:55:22.601Z cpu0:2097684)Loading module vmkapi_v2_4_0_0_vmkernel_shim ...
2026-01-10T07:55:22.604Z cpu0:2097684)Elf: 2101: module vmkapi_v2_4_0_0_vmkernel_shim has license VMware
2026-01-10T07:55:22.611Z cpu0:2097684)Vmkapiv2_4_0_0VmkernelShim: init_module:103: Shim for vmkernel vmkapi 2.4.0-0 to vmkapi 2.5.0-0 is active.
2026-01-10T07:55:22.611Z cpu0:2097684)Mod: 4962: Initialization of vmkapi_v2_4_0_0_vmkernel_shim succeeded with module ID 14.
2026-01-10T07:55:22.611Z cpu0:2097684)vmkapi_v2_4_0_0_vmkernel_shim loaded successfully.
2026-01-10T07:55:22.621Z cpu22:2097685)Loading module vmkapi_v2_3_0_0_vmkernel_shim ...
2026-01-10T07:55:22.624Z cpu22:2097685)Elf: 2101: module vmkapi_v2_3_0_0_vmkernel_shim has license VMware
2026-01-10T07:55:22.632Z cpu22:2097685)Vmkapiv2_3_0_0VmkernelShim: init_module:100: Shim for vmkernel vmkapi 2.3.0-0 to vmkapi 2.5.0-0 is active.
2026-01-10T07:55:22.632Z cpu22:2097685)Mod: 4962: Initialization of vmkapi_v2_3_0_0_vmkernel_shim succeeded with module ID 15.
2026-01-10T07:55:22.632Z cpu22:2097685)vmkapi_v2_3_0_0_vmkernel_shim loaded successfully.
2026-01-10T07:55:22.637Z cpu3:2097655)Jumpstart plugin vmkernel-vmkapi-compatibility activated.
2026-01-10T07:55:22.637Z cpu3:2097655)Activating Jumpstart plugin driver-status-check.
2026-01-10T07:55:22.686Z cpu3:2097655)Jumpstart plugin driver-status-check activated.
2026-01-10T07:55:22.686Z cpu3:2097655)Activating Jumpstart plugin lineage-tags.
2026-01-10T07:55:22.775Z cpu0:2097655)Jumpstart plugin lineage-tags activated.
2026-01-10T07:55:22.775Z cpu0:2097655)Activating Jumpstart plugin restore-software-devices.
2026-01-10T07:55:22.775Z cpu0:2097655)Jumpstart plugin restore-software-devices activated.
2026-01-10T07:55:22.775Z cpu0:2097655)Activating Jumpstart plugin vmklinux.
2026-01-10T07:55:22.775Z cpu0:2097655)Jumpstart plugin vmklinux activated.
2026-01-10T07:55:22.775Z cpu0:2097655)Activating Jumpstart plugin vmkdevmgr.
2026-01-10T07:55:22.983Z cpu14:2097689)PCI: 1256: 0000:0b:00.0 named 'vmnic0' (was '')
2026-01-10T07:55:22.998Z cpu14:2097689)PCI: 1256: 0000:0b:00.1 named 'vmnic1' (was '')
2026-01-10T07:55:23.013Z cpu14:2097689)PCI: 1256: 0000:01:00.0 named 'vmhba0' (was '')
2026-01-10T07:55:23.028Z cpu14:2097689)PCI: 1256: 0000:00:1f.2 named 'vmhba1' (was '')
2026-01-10T07:55:23.043Z cpu14:2097689)PCI: 1256: 0000:10:00.0 named 'vmnic2' (was '')
2026-01-10T07:55:23.058Z cpu14:2097689)PCI: 1256: 0000:00:1f.5 named 'vmhba2' (was '')
2026-01-10T07:55:23.073Z cpu14:2097689)PCI: 1256: 0000:10:00.1 named 'vmnic3' (was '')
2026-01-10T07:55:23.088Z cpu14:2097689)PCI: 1256: 0000:15:00.1 named 'vmnic5' (was '')
2026-01-10T07:55:23.103Z cpu14:2097689)PCI: 1256: 0000:15:00.0 named 'vmnic4' (was '')
2026-01-10T07:55:23.280Z cpu0:2097690)Loading module vmkbsd ...
2026-01-10T07:55:23.284Z cpu0:2097690)Elf: 2101: module vmkbsd has license VMware
2026-01-10T07:55:23.292Z cpu0:2097690)Mod: 4962: Initialization of vmkbsd succeeded with module ID 16.
2026-01-10T07:55:23.292Z cpu0:2097690)vmkbsd loaded successfully.
2026-01-10T07:55:23.299Z cpu0:2097690)Loading module vmkusb ...
2026-01-10T07:55:23.302Z cpu0:2097690)Elf: 2101: module vmkusb has license VMware
2026-01-10T07:55:23.311Z cpu0:2097690)Device: 192: Registered driver 'vmkusb' from 17
2026-01-10T07:55:23.311Z cpu0:2097690)Mod: 4962: Initialization of vmkusb succeeded with module ID 17.
2026-01-10T07:55:23.311Z cpu0:2097690)vmkusb loaded successfully.
2026-01-10T07:55:23.322Z cpu14:2097689)VMK_PCI: 914: device 0000:00:1a.0 pciBar 4 bus_addr 0x20a0 size 0x20
2026-01-10T07:55:23.334Z cpu14:2097689)DMA: 679: DMA Engine 'uhci0 dma' created using mapper 'DMANull'.
2026-01-10T07:55:23.334Z cpu14:2097689)IOAPIC: 1272: IOAPIC Id 8: Allocated vector 0x2f for pin 17
2026-01-10T07:55:23.334Z cpu14:2097689)PCI: 1514: 0000:00:1a.0: intPIN A intLine 255 irq 255 vector 0x2f
2026-01-10T07:55:23.334Z cpu14:2097689)VMK_PCI: 764: device 0000:00:1a.0 allocated 1 INTx interrupt
2026-01-10T07:55:23.490Z cpu14:2097689)CpuSched: 699: user latency of 2097703 usbus0 0 changed by 2097689 vmkdevmgr -6
2026-01-10T07:55:23.490Z cpu14:2097689)CpuSched: 699: user latency of 2097704 usbus0 0 changed by 2097689 vmkdevmgr -6
2026-01-10T07:55:23.490Z cpu14:2097689)Device: 327: Found driver vmkusb for device 0x72d54306f277b7d3
2026-01-10T07:55:23.521Z cpu14:2097689)VMK_PCI: 914: device 0000:00:1a.1 pciBar 4 bus_addr 0x2080 size 0x20
2026-01-10T07:55:23.533Z cpu14:2097689)DMA: 679: DMA Engine 'uhci1 dma' created using mapper 'DMANull'.
2026-01-10T07:55:23.534Z cpu14:2097689)IOAPIC: 1272: IOAPIC Id 8: Allocated vector 0x30 for pin 18
2026-01-10T07:55:23.534Z cpu14:2097689)PCI: 1514: 0000:00:1a.1: intPIN B intLine 255 irq 255 vector 0x30
2026-01-10T07:55:23.534Z cpu14:2097689)VMK_PCI: 764: device 0000:00:1a.1 allocated 1 INTx interrupt
2026-01-10T07:55:23.690Z cpu14:2097689)CpuSched: 699: user latency of 2097708 usbus1 0 changed by 2097689 vmkdevmgr -6
2026-01-10T07:55:23.690Z cpu14:2097689)CpuSched: 699: user latency of 2097709 usbus1 0 changed by 2097689 vmkdevmgr -6
2026-01-10T07:55:23.691Z cpu14:2097689)Device: 327: Found driver vmkusb for device 0x7ff44306f277b98a
2026-01-10T07:55:23.727Z cpu14:2097689)VMK_PCI: 914: device 0000:00:1a.7 pciBar 0 bus_addr 0x9be21000 size 0x400
2026-01-10T07:55:23.728Z cpu14:2097689)IOAPIC: 1272: IOAPIC Id 8: Allocated vector 0x31 for pin 19
2026-01-10T07:55:23.728Z cpu14:2097689)PCI: 1514: 0000:00:1a.7: intPIN C intLine 255 irq 255 vector 0x31
2026-01-10T07:55:23.728Z cpu14:2097689)VMK_PCI: 764: device 0000:00:1a.7 allocated 1 INTx interrupt
2026-01-10T07:55:23.728Z cpu14:2097689)DMA: 679: DMA Engine 'ehci0 dma' created using mapper 'DMANull'.
2026-01-10T07:55:23.764Z cpu14:2097689)CpuSched: 699: user latency of 2097713 usbus2 0 changed by 2097689 vmkdevmgr -6
2026-01-10T07:55:23.764Z cpu14:2097689)CpuSched: 699: user latency of 2097714 usbus2 0 changed by 2097689 vmkdevmgr -6
2026-01-10T07:55:23.764Z cpu14:2097689)Device: 327: Found driver vmkusb for device 0x27ce4306f277baa7
2026-01-10T07:55:23.795Z cpu14:2097689)VMK_PCI: 914: device 0000:00:1d.0 pciBar 4 bus_addr 0x2060 size 0x20
2026-01-10T07:55:23.806Z cpu14:2097689)DMA: 679: DMA Engine 'uhci2 dma' created using mapper 'DMANull'.
2026-01-10T07:55:23.807Z cpu14:2097689)IOAPIC: 1159: IOAPIC Id 8: Allowing sharing of vector 0x2f for pin 17
2026-01-10T07:55:23.807Z cpu14:2097689)PCI: 1514: 0000:00:1d.0: intPIN A intLine 255 irq 255 vector 0x2f
2026-01-10T07:55:23.807Z cpu14:2097689)VMK_PCI: 764: device 0000:00:1d.0 allocated 1 INTx interrupt
2026-01-10T07:55:23.965Z cpu14:2097689)CpuSched: 699: user latency of 2097718 usbus3 0 changed by 2097689 vmkdevmgr -6
2026-01-10T07:55:23.965Z cpu14:2097689)CpuSched: 699: user latency of 2097719 usbus3 0 changed by 2097689 vmkdevmgr -6
2026-01-10T07:55:23.965Z cpu14:2097689)Device: 327: Found driver vmkusb for device 0x1c574306f277c3b3
2026-01-10T07:55:23.996Z cpu14:2097689)VMK_PCI: 914: device 0000:00:1d.1 pciBar 4 bus_addr 0x2040 size 0x20
2026-01-10T07:55:24.006Z cpu14:2097689)DMA: 679: DMA Engine 'uhci3 dma' created using mapper 'DMANull'.
2026-01-10T07:55:24.007Z cpu14:2097689)IOAPIC: 1159: IOAPIC Id 8: Allowing sharing of vector 0x30 for pin 18
2026-01-10T07:55:24.007Z cpu14:2097689)PCI: 1514: 0000:00:1d.1: intPIN B intLine 255 irq 255 vector 0x30
2026-01-10T07:55:24.007Z cpu14:2097689)VMK_PCI: 764: device 0000:00:1d.1 allocated 1 INTx interrupt
2026-01-10T07:55:24.165Z cpu14:2097689)CpuSched: 699: user latency of 2097723 usbus4 0 changed by 2097689 vmkdevmgr -6
2026-01-10T07:55:24.165Z cpu14:2097689)CpuSched: 699: user latency of 2097724 usbus4 0 changed by 2097689 vmkdevmgr -6
2026-01-10T07:55:24.165Z cpu14:2097689)Device: 327: Found driver vmkusb for device 0x477b4306f277c54e
2026-01-10T07:55:24.169Z cpu14:2097689)VMK_PCI: 914: device 0000:00:1d.2 pciBar 4 bus_addr 0x2020 size 0x20
2026-01-10T07:55:24.181Z cpu14:2097689)DMA: 679: DMA Engine 'uhci4 dma' created using mapper 'DMANull'.
2026-01-10T07:55:24.182Z cpu14:2097689)IOAPIC: 1159: IOAPIC Id 8: Allowing sharing of vector 0x31 for pin 19
2026-01-10T07:55:24.182Z cpu14:2097689)PCI: 1514: 0000:00:1d.2: intPIN C intLine 255 irq 255 vector 0x31
2026-01-10T07:55:24.182Z cpu14:2097689)VMK_PCI: 764: device 0000:00:1d.2 allocated 1 INTx interrupt
2026-01-10T07:55:24.338Z cpu14:2097689)CpuSched: 699: user latency of 2097728 usbus5 0 changed by 2097689 vmkdevmgr -6
2026-01-10T07:55:24.338Z cpu14:2097689)CpuSched: 699: user latency of 2097729 usbus5 0 changed by 2097689 vmkdevmgr -6
2026-01-10T07:55:24.338Z cpu14:2097689)Device: 327: Found driver vmkusb for device 0x61b34306f277c68b
2026-01-10T07:55:24.341Z cpu14:2097689)VMK_PCI: 914: device 0000:00:1d.7 pciBar 0 bus_addr 0x9be20000 size 0x400
2026-01-10T07:55:24.341Z cpu14:2097689)IOAPIC: 1159: IOAPIC Id 8: Allowing sharing of vector 0x2f for pin 17
2026-01-10T07:55:24.341Z cpu14:2097689)PCI: 1514: 0000:00:1d.7: intPIN A intLine 255 irq 255 vector 0x2f
2026-01-10T07:55:24.341Z cpu14:2097689)VMK_PCI: 764: device 0000:00:1d.7 allocated 1 INTx interrupt
2026-01-10T07:55:24.341Z cpu14:2097689)DMA: 679: DMA Engine 'ehci1 dma' created using mapper 'DMANull'.
2026-01-10T07:55:24.376Z cpu14:2097689)CpuSched: 699: user latency of 2097733 usbus6 0 changed by 2097689 vmkdevmgr -6
2026-01-10T07:55:24.376Z cpu14:2097689)CpuSched: 699: user latency of 2097734 usbus6 0 changed by 2097689 vmkdevmgr -6
2026-01-10T07:55:24.376Z cpu14:2097689)Device: 327: Found driver vmkusb for device 0x664d4306f277c8c9
2026-01-10T07:55:24.383Z cpu0:2097737)Loading module vmkata ...
2026-01-10T07:55:24.386Z cpu0:2097737)Elf: 2101: module vmkata has license BSD
2026-01-10T07:55:24.387Z cpu0:2097737)Device: 192: Registered driver 'vmkata' from 18
2026-01-10T07:55:24.387Z cpu0:2097737)Mod: 4962: Initialization of vmkata succeeded with module ID 18.
2026-01-10T07:55:24.387Z cpu0:2097737)vmkata loaded successfully.
2026-01-10T07:55:24.391Z cpu14:2097689)VMK_PCI: 914: device 0000:00:1f.2 pciBar 4 bus_addr 0x20f0 size 0x10
2026-01-10T07:55:24.391Z cpu14:2097689)DMA: 679: DMA Engine 'atapci0 dma' created using mapper 'DMANull'.
2026-01-10T07:55:24.391Z cpu14:2097689)IOAPIC: 1272: IOAPIC Id 8: Allocated vector 0x32 for pin 16
2026-01-10T07:55:24.391Z cpu14:2097689)PCI: 1514: 0000:00:1f.2: intPIN A intLine 255 irq 255 vector 0x32
2026-01-10T07:55:24.391Z cpu14:2097689)VMK_PCI: 764: device 0000:00:1f.2 allocated 1 INTx interrupt
2026-01-10T07:55:24.391Z cpu14:2097689)VMK_PCI: 914: device 0000:00:1f.2 pciBar 5 bus_addr 0x20e0 size 0x10
2026-01-10T07:55:24.391Z cpu14:2097689)VMK_PCI: 914: device 0000:00:1f.2 pciBar 0 bus_addr 0x2118 size 0x8
2026-01-10T07:55:24.391Z cpu14:2097689)VMK_PCI: 914: device 0000:00:1f.2 pciBar 1 bus_addr 0x212c size 0x4
2026-01-10T07:55:24.391Z cpu14:2097689)DMA: 679: DMA Engine 'ata2_dma_engine' created using mapper 'DMANull'.
2026-01-10T07:55:24.391Z cpu14:2097689)VMK_PCI: 914: device 0000:00:1f.2 pciBar 2 bus_addr 0x2110 size 0x8
2026-01-10T07:55:24.391Z cpu14:2097689)VMK_PCI: 914: device 0000:00:1f.2 pciBar 3 bus_addr 0x2128 size 0x4
2026-01-10T07:55:24.391Z cpu14:2097689)DMA: 679: DMA Engine 'ata3_dma_engine' created using mapper 'DMANull'.
2026-01-10T07:55:24.391Z cpu14:2097689)Device: 327: Found driver vmkata for device 0x3abe4306f277cc86
2026-01-10T07:55:24.391Z cpu14:2097689)Device: 1466: Registered device: 0x4306f2778070 pci#p0000:00:1f.2#0 com.vmware.HBAPort (parent=0x3abe4306f277cc86)
2026-01-10T07:55:24.391Z cpu14:2097689)Device: 1466: Registered device: 0x4306f2778070 pci#p0000:00:1f.2#1 com.vmware.HBAPort (parent=0x3abe4306f277cc86)
2026-01-10T07:55:24.394Z cpu14:2097689)VMK_PCI: 914: device 0000:00:1f.5 pciBar 4 bus_addr 0x20d0 size 0x10
2026-01-10T07:55:24.394Z cpu14:2097689)DMA: 679: DMA Engine 'atapci1 dma' created using mapper 'DMANull'.
2026-01-10T07:55:24.394Z cpu14:2097689)IOAPIC: 1272: IOAPIC Id 8: Allocated vector 0x33 for pin 21
2026-01-10T07:55:24.394Z cpu14:2097689)PCI: 1514: 0000:00:1f.5: intPIN C intLine 255 irq 255 vector 0x33
2026-01-10T07:55:24.394Z cpu14:2097689)VMK_PCI: 764: device 0000:00:1f.5 allocated 1 INTx interrupt
2026-01-10T07:55:24.394Z cpu14:2097689)VMK_PCI: 914: device 0000:00:1f.5 pciBar 5 bus_addr 0x20c0 size 0x10
2026-01-10T07:55:24.394Z cpu14:2097689)VMK_PCI: 914: device 0000:00:1f.5 pciBar 0 bus_addr 0x2108 size 0x8
2026-01-10T07:55:24.394Z cpu14:2097689)VMK_PCI: 914: device 0000:00:1f.5 pciBar 1 bus_addr 0x2124 size 0x4
2026-01-10T07:55:24.394Z cpu14:2097689)DMA: 679: DMA Engine 'ata4_dma_engine' created using mapper 'DMANull'.
2026-01-10T07:55:24.394Z cpu14:2097689)VMK_PCI: 914: device 0000:00:1f.5 pciBar 2 bus_addr 0x2100 size 0x8
2026-01-10T07:55:24.394Z cpu14:2097689)VMK_PCI: 914: device 0000:00:1f.5 pciBar 3 bus_addr 0x2120 size 0x4
2026-01-10T07:55:24.394Z cpu14:2097689)DMA: 679: DMA Engine 'ata5_dma_engine' created using mapper 'DMANull'.
2026-01-10T07:55:24.394Z cpu14:2097689)Device: 327: Found driver vmkata for device 0x578e4306f277cf63
2026-01-10T07:55:24.394Z cpu14:2097689)Device: 1466: Registered device: 0x4306f2778070 pci#p0000:00:1f.5#0 com.vmware.HBAPort (parent=0x578e4306f277cf63)
2026-01-10T07:55:24.394Z cpu14:2097689)Device: 1466: Registered device: 0x4306f2778070 pci#p0000:00:1f.5#1 com.vmware.HBAPort (parent=0x578e4306f277cf63)
2026-01-10T07:55:24.403Z cpu9:2097738)Loading module iscsi_trans ...
2026-01-10T07:55:24.406Z cpu9:2097738)Elf: 2101: module iscsi_trans has license VMware
2026-01-10T07:55:24.408Z cpu9:2097738)iscsitrans: iscsi_transport_init:5792: XXX iscsi_transport_init: Built @ 23:14:37 Jan 11 2022
2026-01-10T07:55:24.408Z cpu9:2097738)Mod: 4962: Initialization of iscsi_trans succeeded with module ID 19.
2026-01-10T07:55:24.408Z cpu9:2097738)iscsi_trans loaded successfully.
2026-01-10T07:55:24.410Z cpu9:2097738)Loading module iscsi_trans_compat_shim ...
2026-01-10T07:55:24.413Z cpu9:2097738)Elf: 2101: module iscsi_trans_compat_shim has license VMware
2026-01-10T07:55:24.413Z cpu9:2097738)Mod: 4962: Initialization of iscsi_trans_compat_shim succeeded with module ID 20.
2026-01-10T07:55:24.413Z cpu9:2097738)iscsi_trans_compat_shim loaded successfully.
2026-01-10T07:55:24.416Z cpu9:2097738)Loading module vmkapi_v2_3_0_0_vmklinux_shim ...
2026-01-10T07:55:24.418Z cpu9:2097738)Elf: 2101: module vmkapi_v2_3_0_0_vmklinux_shim has license VMware
2026-01-10T07:55:24.419Z cpu9:2097738)Mod: 4962: Initialization of vmkapi_v2_3_0_0_vmklinux_shim succeeded with module ID 21.
2026-01-10T07:55:24.419Z cpu9:2097738)vmkapi_v2_3_0_0_vmklinux_shim loaded successfully.
2026-01-10T07:55:24.422Z cpu9:2097738)Loading module vmkplexer ...
2026-01-10T07:55:24.425Z cpu9:2097738)Elf: 2101: module vmkplexer has license GPLv2
2026-01-10T07:55:24.425Z cpu9:2097738)vmkplexer-heap:  initial size : 262144, max size: 20971520
2026-01-10T07:55:24.425Z cpu9:2097738)vmkplexer-heap: heap creation succeeded. id = 0x4308df915000
2026-01-10T07:55:24.425Z cpu9:2097738)vmkplexer registration succeeded!
2026-01-10T07:55:24.425Z cpu9:2097738)Mod: 4962: Initialization of vmkplexer succeeded with module ID 4118.
2026-01-10T07:55:24.425Z cpu9:2097738)vmkplexer loaded successfully.
2026-01-10T07:55:24.428Z cpu9:2097738)Loading module vmklinux_9 ...
2026-01-10T07:55:24.432Z cpu9:2097738)Elf: 2101: module vmklinux_9 has license GPLv2
2026-01-10T07:55:24.452Z cpu9:2097738)module heap vmklinux_9: Initial heap size = 262144, max heap size = 26673152
2026-01-10T07:55:24.452Z cpu9:2097738)vmklnx_module_mempool_init: Mempool max 26673152 being used for module: 4119
2026-01-10T07:55:24.452Z cpu9:2097738)vmk_MemPoolCreate passed for 64 pages
2026-01-10T07:55:24.452Z cpu9:2097738)module heap vmklinux_9: using memType 0
2026-01-10T07:55:24.452Z cpu9:2097738)module heap vmklinux_9: creation succeeded. id = 0x4308e0d18000
2026-01-10T07:55:24.452Z cpu9:2097738)vmklinux: init_module:2093: vmklinux module load starting...
2026-01-10T07:55:24.452Z cpu9:2097738)vmklinux: init_module:2096: Module Version = 6.7.0-9.2
2026-01-10T07:55:24.452Z cpu9:2097738)vmklinux: init_module:2099: max_pfn = 0x487ffff
2026-01-10T07:55:24.462Z cpu9:2097738)Device: 192: Registered driver 'vmklinux' from 4119
2026-01-10T07:55:24.464Z cpu9:2097738)<6>DMI 2.5 present.
2026-01-10T07:55:24.464Z cpu9:2097738)WARNING: Keyboard: 777: Ignoring registration attempt: External USB driver already registered.
2026-01-10T07:55:24.464Z cpu9:2097738)WARNING: VMKAPICore: 2472: Failed to register external keyboard driver, type: 1
2026-01-10T07:55:24.464Z cpu9:2097738)<6>mice: PS/2 mouse device common for all mice
2026-01-10T07:55:24.464Z cpu9:2097738)vmklinux: init_module:2295: vmklinux module load successful.
2026-01-10T07:55:24.464Z cpu9:2097738)Mod: 4962: Initialization of vmklinux_9 succeeded with module ID 4119.
2026-01-10T07:55:24.464Z cpu9:2097738)vmklinux_9 loaded successfully.
2026-01-10T07:55:24.468Z cpu14:2097689)PCI: 1335: No direct hookup for 0000:01:00.0
2026-01-10T07:55:24.468Z cpu14:2097689)PCI: 1366: Trying through pin 0 on bridge 0000:00:1c.0
2026-01-10T07:55:24.468Z cpu14:2097689)IOAPIC: 1159: IOAPIC Id 8: Allowing sharing of vector 0x32 for pin 16
2026-01-10T07:55:24.468Z cpu14:2097689)PCI: 1514: 0000:01:00.0: intPIN A intLine 255 irq 255 vector 0x32
2026-01-10T07:55:24.468Z cpu14:2097689)VMK_PCI: 764: device 0000:01:00.0 allocated 1 INTx interrupt
2026-01-10T07:55:24.468Z cpu14:2097689)Device: 327: Found driver vmklinux for device 0x5e2b4306f277bd50
2026-01-10T07:55:24.476Z cpu6:2097765)Loading module qflge ...
2026-01-10T07:55:24.480Z cpu6:2097765)Elf: 2101: module qflge has license ThirdParty
2026-01-10T07:55:24.482Z cpu6:2097765)Device: 192: Registered driver 'qflge' from 24
2026-01-10T07:55:24.482Z cpu6:2097765)qflge: qflge_modinfo_init:221: Successfully load QLogic Gigabit Ethernet Driver qflge 1.1.0.11 built on: 2018-04-03
2026-01-10T07:55:24.482Z cpu6:2097765)Mod: 4962: Initialization of qflge succeeded with module ID 24.
2026-01-10T07:55:24.482Z cpu6:2097765)qflge loaded successfully.
2026-01-10T07:55:24.485Z cpu14:2097689)qflge: qflge_drv_attach:571: [0000:0b:00.0] PCI ID 14e4:1639 1014:03a9
2026-01-10T07:55:24.485Z cpu14:2097689)VMK_PCI: 914: device 0000:0b:00.0 pciBar 0 bus_addr 0x96000000 size 0x2000000
2026-01-10T07:55:24.490Z cpu14:2097689)qflge: qflge_init_hw:4913: [0000:0b:00.0] chip id 0x57092003
2026-01-10T07:55:24.490Z cpu14:2097689)qflge: qflge_init_hw:5147: [0000:0b:00.0] MAC addr: 5c:f3:fc:e8:46:f8
2026-01-10T07:55:24.490Z cpu14:2097689)VMK_PCI: 764: device 0000:0b:00.0 allocated 1 MSIX interrupt
2026-01-10T07:55:24.490Z cpu14:2097689)qflge: qflge_alloc_interrupt:297: [0000:0b:00.0] Using MSI-X PCI interrupt
2026-01-10T07:55:24.490Z cpu14:2097689)DMA: 679: DMA Engine 'qflge-0000:0b:00.0' created using mapper 'DMANull'.
2026-01-10T07:55:24.490Z cpu14:2097689)DMA: 679: DMA Engine 'qflge-co-0000:0b:00.0' created using mapper 'DMANull'.
2026-01-10T07:55:24.491Z cpu14:2097689)Device: 327: Found driver qflge for device 0x7adb4306f2778dfd
2026-01-10T07:55:24.491Z cpu14:2097689)CpuSched: 699: user latency of 2097766 netpoll-backup 0 changed by 2097689 vmkdevmgr -6
2026-01-10T07:55:24.491Z cpu14:2097689)Device: 1466: Registered device: 0x4306f2778070 pci#m00008501#0 com.vmware.uplink (parent=0x7adb4306f2778dfd)
2026-01-10T07:55:24.491Z cpu14:2097689)qflge: qflge_drv_scan:717: [0000:0b:00.0] Uplink device 0x5b2b4306f277db4a registered
2026-01-10T07:55:24.493Z cpu14:2097689)qflge: qflge_drv_attach:571: [0000:0b:00.1] PCI ID 14e4:1639 1014:03a9
2026-01-10T07:55:24.493Z cpu14:2097689)VMK_PCI: 914: device 0000:0b:00.1 pciBar 0 bus_addr 0x98000000 size 0x2000000
2026-01-10T07:55:24.495Z cpu14:2097689)qflge: qflge_init_hw:4913: [0000:0b:00.1] chip id 0x57092003
2026-01-10T07:55:24.496Z cpu14:2097689)qflge: qflge_init_hw:5147: [0000:0b:00.1] MAC addr: 5c:f3:fc:e8:46:fa
2026-01-10T07:55:24.496Z cpu14:2097689)VMK_PCI: 764: device 0000:0b:00.1 allocated 1 MSIX interrupt
2026-01-10T07:55:24.496Z cpu14:2097689)qflge: qflge_alloc_interrupt:297: [0000:0b:00.1] Using MSI-X PCI interrupt
2026-01-10T07:55:24.496Z cpu14:2097689)DMA: 679: DMA Engine 'qflge-0000:0b:00.1' created using mapper 'DMANull'.
2026-01-10T07:55:24.496Z cpu14:2097689)DMA: 679: DMA Engine 'qflge-co-0000:0b:00.1' created using mapper 'DMANull'.
2026-01-10T07:55:24.496Z cpu14:2097689)Device: 327: Found driver qflge for device 0x70544306f277910e
2026-01-10T07:55:24.496Z cpu14:2097689)CpuSched: 699: user latency of 2097767 netpoll-backup 0 changed by 2097689 vmkdevmgr -6
2026-01-10T07:55:24.496Z cpu14:2097689)Device: 1466: Registered device: 0x4306f2778070 pci#m00008502#0 com.vmware.uplink (parent=0x70544306f277910e)
2026-01-10T07:55:24.496Z cpu14:2097689)qflge: qflge_drv_scan:717: [0000:0b:00.1] Uplink device 0x543a4306f277dc84 registered
2026-01-10T07:55:24.498Z cpu14:2097689)qflge: qflge_drv_attach:571: [0000:10:00.0] PCI ID 14e4:1639 1014:03a9
2026-01-10T07:55:24.498Z cpu14:2097689)VMK_PCI: 914: device 0000:10:00.0 pciBar 0 bus_addr 0x92000000 size 0x2000000
2026-01-10T07:55:24.500Z cpu14:2097689)qflge: qflge_init_hw:4913: [0000:10:00.0] chip id 0x57092003
2026-01-10T07:55:24.501Z cpu14:2097689)qflge: qflge_init_hw:5147: [0000:10:00.0] MAC addr: 5c:f3:fc:6a:ac:60
2026-01-10T07:55:24.501Z cpu14:2097689)VMK_PCI: 764: device 0000:10:00.0 allocated 1 MSIX interrupt
2026-01-10T07:55:24.501Z cpu14:2097689)qflge: qflge_alloc_interrupt:297: [0000:10:00.0] Using MSI-X PCI interrupt
2026-01-10T07:55:24.501Z cpu14:2097689)DMA: 679: DMA Engine 'qflge-0000:10:00.0' created using mapper 'DMANull'.
2026-01-10T07:55:24.501Z cpu14:2097689)DMA: 679: DMA Engine 'qflge-co-0000:10:00.0' created using mapper 'DMANull'.
2026-01-10T07:55:24.501Z cpu14:2097689)Device: 327: Found driver qflge for device 0x1ced4306f2779343
2026-01-10T07:55:24.501Z cpu14:2097689)CpuSched: 699: user latency of 2097768 netpoll-backup 0 changed by 2097689 vmkdevmgr -6
2026-01-10T07:55:24.501Z cpu14:2097689)Device: 1466: Registered device: 0x4306f2778070 pci#m00008503#0 com.vmware.uplink (parent=0x1ced4306f2779343)
2026-01-10T07:55:24.501Z cpu14:2097689)qflge: qflge_drv_scan:717: [0000:10:00.0] Uplink device 0x3d3b4306f277de0e registered
2026-01-10T07:55:24.503Z cpu14:2097689)qflge: qflge_drv_attach:571: [0000:10:00.1] PCI ID 14e4:1639 1014:03a9
2026-01-10T07:55:24.503Z cpu14:2097689)VMK_PCI: 914: device 0000:10:00.1 pciBar 0 bus_addr 0x94000000 size 0x2000000
2026-01-10T07:55:24.506Z cpu14:2097689)qflge: qflge_init_hw:4913: [0000:10:00.1] chip id 0x57092003
2026-01-10T07:55:24.506Z cpu14:2097689)qflge: qflge_init_hw:5147: [0000:10:00.1] MAC addr: 5c:f3:fc:6a:ac:62
2026-01-10T07:55:24.506Z cpu14:2097689)VMK_PCI: 764: device 0000:10:00.1 allocated 1 MSIX interrupt
2026-01-10T07:55:24.506Z cpu14:2097689)qflge: qflge_alloc_interrupt:297: [0000:10:00.1] Using MSI-X PCI interrupt
2026-01-10T07:55:24.506Z cpu14:2097689)DMA: 679: DMA Engine 'qflge-0000:10:00.1' created using mapper 'DMANull'.
2026-01-10T07:55:24.506Z cpu14:2097689)DMA: 679: DMA Engine 'qflge-co-0000:10:00.1' created using mapper 'DMANull'.
2026-01-10T07:55:24.506Z cpu14:2097689)Device: 327: Found driver qflge for device 0x1e234306f277948b
2026-01-10T07:55:24.506Z cpu14:2097689)CpuSched: 699: user latency of 2097769 netpoll-backup 0 changed by 2097689 vmkdevmgr -6
2026-01-10T07:55:24.506Z cpu14:2097689)Device: 1466: Registered device: 0x4306f2778070 pci#m00008504#0 com.vmware.uplink (parent=0x1e234306f277948b)
2026-01-10T07:55:24.506Z cpu14:2097689)qflge: qflge_drv_scan:717: [0000:10:00.1] Uplink device 0x5734306f277df51 registered
2026-01-10T07:55:24.512Z cpu23:2097770)Loading module igbn ...
2026-01-10T07:55:24.515Z cpu23:2097770)Elf: 2101: module igbn has license ThirdParty
2026-01-10T07:55:24.519Z cpu23:2097770)Device: 192: Registered driver 'igbn' from 25
2026-01-10T07:55:24.519Z cpu23:2097770)Mod: 4962: Initialization of igbn succeeded with module ID 25.
2026-01-10T07:55:24.519Z cpu23:2097770)igbn loaded successfully.
2026-01-10T07:55:24.523Z cpu14:2097689)igbn: indrv_Attach:2329: Attaching igbn driver
2026-01-10T07:55:24.523Z cpu14:2097689)VMK_PCI: 914: device 0000:15:00.0 pciBar 0 bus_addr 0x9bc00000 size 0x100000
2026-01-10T07:55:24.523Z cpu14:2097689)DMA: 679: DMA Engine 'igbn' created using mapper 'DMANull'.
2026-01-10T07:55:24.547Z cpu14:2097689)igbn: igbn_InitSharedCode:386: MAC address: a0:36:9f:03:25:88
2026-01-10T07:55:24.566Z cpu14:2097689)VMK_PCI: 764: device 0000:15:00.0 allocated 3 MSIX interrupts
2026-01-10T07:55:24.566Z cpu14:2097689)CpuSched: 699: user latency of 2097774 netpoll-backup 0 changed by 2097689 vmkdevmgr -6
2026-01-10T07:55:24.566Z cpu14:2097689)CpuSched: 699: user latency of 2097775 netpoll-backup 0 changed by 2097689 vmkdevmgr -6
2026-01-10T07:55:24.566Z cpu14:2097689)Device: 327: Found driver igbn for device 0x4f6f4306f277964a
2026-01-10T07:55:24.582Z cpu14:2097689)Device: 1466: Registered device: 0x4306f2778070 pci#s00000001.00#0 com.vmware.uplink (parent=0x4f6f4306f277964a)
2026-01-10T07:55:24.582Z cpu14:2097689)igbn: indrv_Scan:547: Successfully registered PF device: Success
2026-01-10T07:55:24.584Z cpu14:2097689)igbn: indrv_Attach:2329: Attaching igbn driver
2026-01-10T07:55:24.584Z cpu14:2097689)VMK_PCI: 914: device 0000:15:00.1 pciBar 0 bus_addr 0x9bb00000 size 0x100000
2026-01-10T07:55:24.584Z cpu14:2097689)DMA: 679: DMA Engine 'igbn' created using mapper 'DMANull'.
2026-01-10T07:55:24.608Z cpu14:2097689)igbn: igbn_InitSharedCode:386: MAC address: a0:36:9f:03:25:89
2026-01-10T07:55:24.627Z cpu14:2097689)igbn: igbn_InitSharedCode:419: Thermal sensor is not available for this NIC
2026-01-10T07:55:24.627Z cpu14:2097689)VMK_PCI: 764: device 0000:15:00.1 allocated 3 MSIX interrupts
2026-01-10T07:55:24.627Z cpu14:2097689)CpuSched: 699: user latency of 2097778 netpoll-backup 0 changed by 2097689 vmkdevmgr -6
2026-01-10T07:55:24.627Z cpu14:2097689)CpuSched: 699: user latency of 2097779 netpoll-backup 0 changed by 2097689 vmkdevmgr -6
2026-01-10T07:55:24.627Z cpu14:2097689)Device: 327: Found driver igbn for device 0x30f44306f2779804
2026-01-10T07:55:24.643Z cpu14:2097689)Device: 1466: Registered device: 0x4306f2778070 pci#s00000001.01#0 com.vmware.uplink (parent=0x30f44306f2779804)
2026-01-10T07:55:24.643Z cpu14:2097689)igbn: indrv_Scan:547: Successfully registered PF device: Success
2026-01-10T07:55:24.649Z cpu0:2097655)Jumpstart plugin vmkdevmgr activated.
2026-01-10T07:55:24.649Z cpu0:2097655)Activating Jumpstart plugin register-vmw-satp.
2026-01-10T07:55:24.651Z cpu0:2097655)Jumpstart plugin register-vmw-satp activated.
2026-01-10T07:55:24.651Z cpu0:2097655)Activating Jumpstart plugin register-vmw-mpp.
2026-01-10T07:55:24.651Z cpu0:2097655)Jumpstart plugin register-vmw-mpp activated.
2026-01-10T07:55:24.651Z cpu0:2097655)Activating Jumpstart plugin register-vmw-psp.
2026-01-10T07:55:24.651Z cpu0:2097655)Jumpstart plugin register-vmw-psp activated.
2026-01-10T07:55:24.651Z cpu0:2097655)Activating Jumpstart plugin etherswitch.
2026-01-10T07:55:24.658Z cpu10:2097781)Loading module vmkapi_v2_2_0_0_iscsiInc_shim ...
2026-01-10T07:55:24.661Z cpu10:2097781)Elf: 2101: module vmkapi_v2_2_0_0_iscsiInc_shim has license VMware
2026-01-10T07:55:24.661Z cpu10:2097781)Mod: 4962: Initialization of vmkapi_v2_2_0_0_iscsiInc_shim succeeded with module ID 26.
2026-01-10T07:55:24.661Z cpu10:2097781)vmkapi_v2_2_0_0_iscsiInc_shim loaded successfully.
2026-01-10T07:55:24.668Z cpu5:2097782)Loading module vmkapi_v2_3_0_0_iscsiInc_shim ...
2026-01-10T07:55:24.671Z cpu5:2097782)Elf: 2101: module vmkapi_v2_3_0_0_iscsiInc_shim has license VMware
2026-01-10T07:55:24.671Z cpu5:2097782)Mod: 4962: Initialization of vmkapi_v2_3_0_0_iscsiInc_shim succeeded with module ID 27.
2026-01-10T07:55:24.671Z cpu5:2097782)vmkapi_v2_3_0_0_iscsiInc_shim loaded successfully.
2026-01-10T07:55:24.682Z cpu12:2097783)Loading module etherswitch ...
2026-01-10T07:55:24.686Z cpu12:2097783)Elf: 2101: module etherswitch has license VMware
2026-01-10T07:55:24.694Z cpu12:2097783)WARNING: etherswitch: PortCfg_ModInit:910: Skipped initializing etherswitch portcfg for VSS to use cswitch and portcfg module
2026-01-10T07:55:24.694Z cpu12:2097783)CpuSched: 699: user latency of 2097784 advUnicastAddrWorld 0 changed by 2097783 vmkeventd -6
2026-01-10T07:55:24.695Z cpu12:2097783)etherswitch: EtherswitchDispatchDataSlabInit:3307: Created dispatch data slab 'etherswitchDispatchDataSlab' objSize 12208, minObj 72, maxObj 2880
2026-01-10T07:55:24.695Z cpu12:2097783)VProbe: 803: Loaded   7 static probes from: etherswitch
2026-01-10T07:55:24.695Z cpu12:2097783)Mod: 4962: Initialization of etherswitch succeeded with module ID 28.
2026-01-10T07:55:24.695Z cpu12:2097783)etherswitch loaded successfully.
2026-01-10T07:55:24.699Z cpu21:2097780)PCI: 91: Device 0x4354306f277d343 is not a PCI vmkDevice
2026-01-10T07:55:24.699Z cpu21:2097780)Device: 2628: Module 0 did not claim device 0x4354306f277d343.
2026-01-10T07:55:24.700Z cpu21:2097780)PCI: 91: Device 0x51864306f277d53a is not a PCI vmkDevice
2026-01-10T07:55:24.700Z cpu21:2097780)Device: 2628: Module 0 did not claim device 0x51864306f277d53a.
2026-01-10T07:55:24.701Z cpu21:2097780)PCI: 91: Device 0x21cd4306f277d6aa is not a PCI vmkDevice
2026-01-10T07:55:24.701Z cpu21:2097780)Device: 2628: Module 0 did not claim device 0x21cd4306f277d6aa.
2026-01-10T07:55:24.702Z cpu21:2097780)PCI: 91: Device 0x54e4306f277d857 is not a PCI vmkDevice
2026-01-10T07:55:24.702Z cpu21:2097780)Device: 2628: Module 0 did not claim device 0x54e4306f277d857.
2026-01-10T07:55:24.702Z cpu21:2097780)PCI: 91: Device 0x5b2b4306f277db4a is not a PCI vmkDevice
2026-01-10T07:55:24.702Z cpu21:2097780)Device: 2628: Module 0 did not claim device 0x5b2b4306f277db4a.
2026-01-10T07:55:24.703Z cpu21:2097780)PCI: 91: Device 0x543a4306f277dc84 is not a PCI vmkDevice
2026-01-10T07:55:24.703Z cpu21:2097780)Device: 2628: Module 0 did not claim device 0x543a4306f277dc84.
2026-01-10T07:55:24.704Z cpu21:2097780)PCI: 91: Device 0x3d3b4306f277de0e is not a PCI vmkDevice
2026-01-10T07:55:24.704Z cpu21:2097780)Device: 2628: Module 0 did not claim device 0x3d3b4306f277de0e.
2026-01-10T07:55:24.705Z cpu21:2097780)PCI: 91: Device 0x5734306f277df51 is not a PCI vmkDevice
2026-01-10T07:55:24.705Z cpu21:2097780)Device: 2628: Module 0 did not claim device 0x5734306f277df51.
2026-01-10T07:55:24.706Z cpu21:2097780)PCI: 91: Device 0x38124306f277e2be is not a PCI vmkDevice
2026-01-10T07:55:24.706Z cpu21:2097780)Device: 2628: Module 0 did not claim device 0x38124306f277e2be.
2026-01-10T07:55:24.706Z cpu21:2097780)PCI: 91: Device 0x62c84306f277e369 is not a PCI vmkDevice
2026-01-10T07:55:24.706Z cpu21:2097780)Device: 2628: Module 0 did not claim device 0x62c84306f277e369.
2026-01-10T07:55:24.725Z cpu4:2097787)Loading module portcfg ...
2026-01-10T07:55:24.728Z cpu4:2097787)Elf: 2101: module portcfg has license VMware
2026-01-10T07:55:24.733Z cpu4:2097787)Mod: 4962: Initialization of portcfg succeeded with module ID 29.
2026-01-10T07:55:24.733Z cpu4:2097787)portcfg loaded successfully.
2026-01-10T07:55:24.742Z cpu4:2097788)Loading module vswitch ...
2026-01-10T07:55:24.745Z cpu4:2097788)Elf: 2101: module vswitch has license VMware
2026-01-10T07:55:24.750Z cpu4:2097788)CpuSched: 699: user latency of 2097790 advUnicastAddrWorld 0 changed by 2097788 vmkeventd -6
2026-01-10T07:55:24.751Z cpu4:2097788)cswitch: VSwitchDispatchDataSlabInit:5179: [nsx@6876 comp="nsx-esx" subcomp="vswitch"]Created dispatch data slab 'vswitchDispatchDataSlab' objSize 1328, minObj 72, maxObj 24480
2026-01-10T07:55:24.751Z cpu4:2097788)Mod: 4962: Initialization of vswitch succeeded with module ID 30.
2026-01-10T07:55:24.751Z cpu4:2097788)vswitch loaded successfully.
2026-01-10T07:55:24.758Z cpu16:2097794)Loading module netsched_fifo ...
2026-01-10T07:55:24.760Z cpu16:2097794)Elf: 2101: module netsched_fifo has license VMware
2026-01-10T07:55:24.761Z cpu16:2097794)Mod: 4962: Initialization of netsched_fifo succeeded with module ID 31.
2026-01-10T07:55:24.761Z cpu16:2097794)netsched_fifo loaded successfully.
2026-01-10T07:55:24.768Z cpu6:2097795)Loading module netsched_hclk ...
2026-01-10T07:55:24.771Z cpu6:2097795)Elf: 2101: module netsched_hclk has license VMware
2026-01-10T07:55:24.772Z cpu6:2097795)Mod: 4962: Initialization of netsched_hclk succeeded with module ID 32.
2026-01-10T07:55:24.772Z cpu6:2097795)netsched_hclk loaded successfully.
2026-01-10T07:55:24.779Z cpu9:2097796)Loading module netioc ...
2026-01-10T07:55:24.782Z cpu9:2097796)Elf: 2101: module netioc has license VMware
2026-01-10T07:55:24.782Z cpu9:2097796)netioc: init_module:141: NetIOC successfully initialized
2026-01-10T07:55:24.782Z cpu9:2097796)Mod: 4962: Initialization of netioc succeeded with module ID 33.
2026-01-10T07:55:24.782Z cpu9:2097796)netioc loaded successfully.
2026-01-10T07:55:24.789Z cpu5:2097797)Loading module lb_netqueue_bal ...
2026-01-10T07:55:24.792Z cpu5:2097797)Elf: 2101: module lb_netqueue_bal has license VMware
2026-01-10T07:55:24.792Z cpu5:2097797)Mod: 4962: Initialization of lb_netqueue_bal succeeded with module ID 34.
2026-01-10T07:55:24.792Z cpu5:2097797)lb_netqueue_bal loaded successfully.
2026-01-10T07:55:24.795Z cpu6:2097634)NetPortset: 1959: Activating portset #0 as pps (etherswitch) with 129 ports, index mask is 0x1fff status Success
2026-01-10T07:55:24.795Z cpu6:2097634)Team.etherswitch: TeamES_Activate:959: porset pps subscribing to LACP events after recieving switch activate event
2026-01-10T07:55:24.795Z cpu6:2097634)NetPort: 1359: enabled port 0x1 with mac 00:00:00:00:00:00
2026-01-10T07:55:24.795Z cpu6:2097634)NetPortset: 3789: Created parking portset pps.
2026-01-10T07:55:24.795Z cpu0:2097655)Jumpstart plugin etherswitch activated.
2026-01-10T07:55:24.795Z cpu0:2097655)Activating Jumpstart plugin aslr.
2026-01-10T07:55:24.795Z cpu6:2097634)Config: 703: "UserMemASRandomSeed" = 635743212, Old Value: 2045907027, (Status: 0x0)
2026-01-10T07:55:24.796Z cpu0:2097655)Jumpstart plugin aslr activated.
2026-01-10T07:55:24.796Z cpu0:2097655)Activating Jumpstart plugin random.
2026-01-10T07:55:24.796Z cpu0:2097655)Jumpstart plugin random activated.
2026-01-10T07:55:24.796Z cpu0:2097655)Activating Jumpstart plugin storage-early-config-dev-settings.
2026-01-10T07:55:24.853Z cpu0:2097655)Jumpstart plugin storage-early-config-dev-settings activated.
2026-01-10T07:55:24.853Z cpu0:2097655)Activating Jumpstart plugin networking-drivers.
2026-01-10T07:55:24.925Z cpu20:2097800)Loading module vmklinux_9_2_3_0 ...
2026-01-10T07:55:24.928Z cpu20:2097800)Elf: 2101: module vmklinux_9_2_3_0 has license GPLv2
2026-01-10T07:55:24.933Z cpu20:2097800)Mod: 4962: Initialization of vmklinux_9_2_3_0 succeeded with module ID 4131.
2026-01-10T07:55:24.933Z cpu20:2097800)vmklinux_9_2_3_0 loaded successfully.
2026-01-10T07:55:24.939Z cpu20:2097800)Loading module cnic_register ...
2026-01-10T07:55:24.942Z cpu20:2097800)Elf: 2101: module cnic_register has license GPL
2026-01-10T07:55:24.942Z cpu20:2097800)module heap vmklnx_cnic_register: Initial heap size = 16384, max heap size = 5488640
2026-01-10T07:55:24.942Z cpu20:2097800)vmklnx_module_mempool_init: Mempool max 5488640 being used for module: 4132
2026-01-10T07:55:24.942Z cpu20:2097800)vmk_MemPoolCreate passed for 4 pages
2026-01-10T07:55:24.942Z cpu20:2097800)module heap vmklnx_cnic_register: using memType 0
2026-01-10T07:55:24.942Z cpu20:2097800)module heap vmklnx_cnic_register: creation succeeded. id = 0x4308f37c6000
<6>QLogic NetXtreme II CNIC Registration Agent cnic_register v1.78.75.v60.7 (May 21, 2014)
2026-01-10T07:55:24.942Z cpu20:2097800)Mod: 4962: Initialization of cnic_register succeeded with module ID 4132.
2026-01-10T07:55:24.942Z cpu20:2097800)cnic_register loaded successfully.
2026-01-10T07:55:25.058Z cpu0:2097655)Jumpstart plugin networking-drivers activated.
2026-01-10T07:55:25.058Z cpu0:2097655)Activating Jumpstart plugin register-vmw-vaai.
2026-01-10T07:55:25.059Z cpu0:2097655)Jumpstart plugin register-vmw-vaai activated.
2026-01-10T07:55:25.059Z cpu0:2097655)Activating Jumpstart plugin usb.
2026-01-10T07:55:25.109Z cpu4:2097655)Jumpstart plugin usb activated.
2026-01-10T07:55:25.109Z cpu4:2097655)Activating Jumpstart plugin local-storage.
2026-01-10T07:55:25.117Z cpu14:2097802)Loading module dm ...
2026-01-10T07:55:25.120Z cpu14:2097802)Elf: 2101: module dm has license VMware
2026-01-10T07:55:25.121Z cpu14:2097802)Mod: 4962: Initialization of dm succeeded with module ID 37.
2026-01-10T07:55:25.121Z cpu14:2097802)dm loaded successfully.
2026-01-10T07:55:25.130Z cpu16:2097803)Loading module nmp ...
2026-01-10T07:55:25.133Z cpu16:2097803)Elf: 2101: module nmp has license VMware
2026-01-10T07:55:25.137Z cpu16:2097803)Mod: 4962: Initialization of nmp succeeded with module ID 38.
2026-01-10T07:55:25.137Z cpu16:2097803)nmp loaded successfully.
2026-01-10T07:55:25.145Z cpu7:2097807)Loading module hpp ...
2026-01-10T07:55:25.147Z cpu7:2097807)Elf: 2101: module hpp has license VMware
2026-01-10T07:55:25.149Z cpu7:2097807)HPP: HppStartPlugin:2618: Plugin 'HPP' started successfully.
2026-01-10T07:55:25.149Z cpu7:2097807)Mod: 4962: Initialization of hpp succeeded with module ID 39.
2026-01-10T07:55:25.149Z cpu7:2097807)hpp loaded successfully.
2026-01-10T07:55:25.157Z cpu12:2097811)Loading module vmw_satp_local ...
2026-01-10T07:55:25.159Z cpu12:2097811)Elf: 2101: module vmw_satp_local has license VMware
2026-01-10T07:55:25.160Z cpu12:2097811)Mod: 4962: Initialization of vmw_satp_local succeeded with module ID 40.
2026-01-10T07:55:25.160Z cpu12:2097811)vmw_satp_local loaded successfully.
2026-01-10T07:55:25.168Z cpu14:2097813)Loading module vmw_satp_default_aa ...
2026-01-10T07:55:25.170Z cpu14:2097813)Elf: 2101: module vmw_satp_default_aa has license VMware
2026-01-10T07:55:25.170Z cpu14:2097813)Mod: 4962: Initialization of vmw_satp_default_aa succeeded with module ID 41.
2026-01-10T07:55:25.170Z cpu14:2097813)vmw_satp_default_aa loaded successfully.
2026-01-10T07:55:25.177Z cpu13:2097814)Loading module vmw_psp_lib ...
2026-01-10T07:55:25.180Z cpu13:2097814)Elf: 2101: module vmw_psp_lib has license VMware
2026-01-10T07:55:25.181Z cpu13:2097814)Mod: 4962: Initialization of vmw_psp_lib succeeded with module ID 42.
2026-01-10T07:55:25.181Z cpu13:2097814)vmw_psp_lib loaded successfully.
2026-01-10T07:55:25.188Z cpu0:2097815)Loading module vmw_psp_fixed ...
2026-01-10T07:55:25.190Z cpu0:2097815)Elf: 2101: module vmw_psp_fixed has license VMware
2026-01-10T07:55:25.191Z cpu0:2097815)Mod: 4962: Initialization of vmw_psp_fixed succeeded with module ID 43.
2026-01-10T07:55:25.191Z cpu0:2097815)vmw_psp_fixed loaded successfully.
2026-01-10T07:55:25.198Z cpu2:2097816)Loading module vmw_psp_rr ...
2026-01-10T07:55:25.200Z cpu2:2097816)Elf: 2101: module vmw_psp_rr has license VMware
2026-01-10T07:55:25.202Z cpu2:2097816)Mod: 4962: Initialization of vmw_psp_rr succeeded with module ID 44.
2026-01-10T07:55:25.202Z cpu2:2097816)vmw_psp_rr loaded successfully.
2026-01-10T07:55:25.211Z cpu13:2097818)Loading module vmw_psp_mru ...
2026-01-10T07:55:25.213Z cpu13:2097818)Elf: 2101: module vmw_psp_mru has license VMware
2026-01-10T07:55:25.213Z cpu13:2097818)Mod: 4962: Initialization of vmw_psp_mru succeeded with module ID 45.
2026-01-10T07:55:25.213Z cpu13:2097818)vmw_psp_mru loaded successfully.
2026-01-10T07:55:25.222Z cpu4:2097655)Jumpstart plugin local-storage activated.
2026-01-10T07:55:25.222Z cpu4:2097655)Activating Jumpstart plugin psa-mask-paths.
2026-01-10T07:55:25.224Z cpu4:2097655)Jumpstart plugin psa-mask-paths activated.
2026-01-10T07:55:25.224Z cpu4:2097655)Activating Jumpstart plugin network-uplink-init.
2026-01-10T07:55:25.242Z cpu2:2097819)Device: 192: Registered driver 'uplink_drv' from 0
2026-01-10T07:55:25.251Z cpu21:2097780)PCI: 91: Device 0x5b2b4306f277db4a is not a PCI vmkDevice
2026-01-10T07:55:25.251Z cpu0:2097268)qflge: qflge_uplink_associate:1701: [vmnic0] Associate with uplink 0x43049b7da040
2026-01-10T07:55:25.251Z cpu21:2097780)Uplink: 11676: Device vmnic0 not yet opened
2026-01-10T07:55:25.251Z cpu21:2097780)Device: 327: Found driver uplink_drv for device 0x5b2b4306f277db4a
2026-01-10T07:55:25.251Z cpu21:2097780)Uplink: 13967: Opening device vmnic0
2026-01-10T07:55:25.251Z cpu0:2097268)qflge: qflge_uplink_cap_enable:1741: [vmnic0] HW always strips VLAN. SW insertion disabled in driver.
2026-01-10T07:55:25.251Z cpu16:2097377)CpuSched: 699: user latency of 2097820 vmnic0-0-tx 0 changed by 2097377 NetSchedHelper -6
2026-01-10T07:55:25.252Z cpu21:2097780)Uplink: 11694: enabled port 0x2 with mac 5c:f3:fc:e8:46:f8
2026-01-10T07:55:25.252Z cpu0:2097268)qflge: qflge_uplink_state_set:1599: [vmnic0] Set uplink state to 0x1d
2026-01-10T07:55:25.277Z cpu0:2097268)qflge: qflge_print_cpu_fw_versions:811: [vmnic0] CPU firmware versions: TXP: 'txp6.2.6' TPAT: 'tpa6.2.6' RXP: 'rxp6.2.6' COM: 'com6.2.6' CP: 'cp6.2.6'
2026-01-10T07:55:25.288Z cpu0:2097268)qflge: qflge_setup_copper_phy:2890: [vmnic0] Restarting auto-negotiation
2026-01-10T07:55:25.288Z cpu0:2097268)qflge: qflge_txq_enable:658: [vmnic0] Enabled txq
2026-01-10T07:55:25.288Z cpu0:2097268)qflge: qflge_rxq_enable:716: [vmnic0] Enabled rxq
2026-01-10T07:55:25.293Z cpu21:2097780)PCI: 91: Device 0x543a4306f277dc84 is not a PCI vmkDevice
2026-01-10T07:55:25.293Z cpu0:2097268)qflge: qflge_uplink_associate:1701: [vmnic1] Associate with uplink 0x43049b7e3740
2026-01-10T07:55:25.293Z cpu21:2097780)Uplink: 11676: Device vmnic1 not yet opened
2026-01-10T07:55:25.293Z cpu21:2097780)Device: 327: Found driver uplink_drv for device 0x543a4306f277dc84
2026-01-10T07:55:25.293Z cpu21:2097780)Uplink: 13967: Opening device vmnic1
2026-01-10T07:55:25.293Z cpu0:2097268)qflge: qflge_uplink_cap_enable:1741: [vmnic1] HW always strips VLAN. SW insertion disabled in driver.
2026-01-10T07:55:25.293Z cpu21:2097780)Uplink: 11694: enabled port 0x3 with mac 5c:f3:fc:e8:46:fa
2026-01-10T07:55:25.293Z cpu0:2097268)qflge: qflge_uplink_state_set:1599: [vmnic1] Set uplink state to 0x1d
2026-01-10T07:55:25.293Z cpu16:2097377)CpuSched: 699: user latency of 2097822 vmnic1-0-tx 0 changed by 2097377 NetSchedHelper -6
2026-01-10T07:55:25.318Z cpu0:2097268)qflge: qflge_print_cpu_fw_versions:811: [vmnic1] CPU firmware versions: TXP: 'txp6.2.6' TPAT: 'tpa6.2.6' RXP: 'rxp6.2.6' COM: 'com6.2.6' CP: 'cp6.2.6'
2026-01-10T07:55:25.329Z cpu0:2097268)qflge: qflge_setup_copper_phy:2890: [vmnic1] Restarting auto-negotiation
2026-01-10T07:55:25.330Z cpu0:2097268)qflge: qflge_txq_enable:658: [vmnic1] Enabled txq
2026-01-10T07:55:25.330Z cpu0:2097268)qflge: qflge_rxq_enable:716: [vmnic1] Enabled rxq
2026-01-10T07:55:25.337Z cpu21:2097780)PCI: 91: Device 0x3d3b4306f277de0e is not a PCI vmkDevice
2026-01-10T07:55:25.337Z cpu0:2097268)qflge: qflge_uplink_associate:1701: [vmnic2] Associate with uplink 0x43049b7edd00
2026-01-10T07:55:25.337Z cpu21:2097780)Uplink: 11676: Device vmnic2 not yet opened
2026-01-10T07:55:25.337Z cpu21:2097780)Device: 327: Found driver uplink_drv for device 0x3d3b4306f277de0e
2026-01-10T07:55:25.337Z cpu21:2097780)Uplink: 13967: Opening device vmnic2
2026-01-10T07:55:25.337Z cpu0:2097268)qflge: qflge_uplink_cap_enable:1741: [vmnic2] HW always strips VLAN. SW insertion disabled in driver.
2026-01-10T07:55:25.337Z cpu21:2097780)Uplink: 11694: enabled port 0x4 with mac 5c:f3:fc:6a:ac:60
2026-01-10T07:55:25.337Z cpu16:2097377)CpuSched: 699: user latency of 2097824 vmnic2-0-tx 0 changed by 2097377 NetSchedHelper -6
2026-01-10T07:55:25.337Z cpu0:2097268)qflge: qflge_uplink_state_set:1599: [vmnic2] Set uplink state to 0x1d
2026-01-10T07:55:25.362Z cpu0:2097268)qflge: qflge_print_cpu_fw_versions:811: [vmnic2] CPU firmware versions: TXP: 'txp6.2.6' TPAT: 'tpa6.2.6' RXP: 'rxp6.2.6' COM: 'com6.2.6' CP: 'cp6.2.6'
2026-01-10T07:55:25.374Z cpu0:2097268)qflge: qflge_setup_copper_phy:2890: [vmnic2] Restarting auto-negotiation
2026-01-10T07:55:25.374Z cpu0:2097268)qflge: qflge_txq_enable:658: [vmnic2] Enabled txq
2026-01-10T07:55:25.374Z cpu0:2097268)qflge: qflge_rxq_enable:716: [vmnic2] Enabled rxq
2026-01-10T07:55:25.379Z cpu21:2097780)PCI: 91: Device 0x5734306f277df51 is not a PCI vmkDevice
2026-01-10T07:55:25.379Z cpu0:2097268)qflge: qflge_uplink_associate:1701: [vmnic3] Associate with uplink 0x43049b7f82c0
2026-01-10T07:55:25.379Z cpu21:2097780)Uplink: 11676: Device vmnic3 not yet opened
2026-01-10T07:55:25.379Z cpu21:2097780)Device: 327: Found driver uplink_drv for device 0x5734306f277df51
2026-01-10T07:55:25.379Z cpu21:2097780)Uplink: 13967: Opening device vmnic3
2026-01-10T07:55:25.379Z cpu0:2097268)qflge: qflge_uplink_cap_enable:1741: [vmnic3] HW always strips VLAN. SW insertion disabled in driver.
2026-01-10T07:55:25.379Z cpu21:2097780)Uplink: 11694: enabled port 0x5 with mac 5c:f3:fc:6a:ac:62
2026-01-10T07:55:25.379Z cpu16:2097377)CpuSched: 699: user latency of 2097826 vmnic3-0-tx 0 changed by 2097377 NetSchedHelper -6
2026-01-10T07:55:25.379Z cpu0:2097268)qflge: qflge_uplink_state_set:1599: [vmnic3] Set uplink state to 0x1d
2026-01-10T07:55:25.404Z cpu0:2097268)qflge: qflge_print_cpu_fw_versions:811: [vmnic3] CPU firmware versions: TXP: 'txp6.2.6' TPAT: 'tpa6.2.6' RXP: 'rxp6.2.6' COM: 'com6.2.6' CP: 'cp6.2.6'
2026-01-10T07:55:25.415Z cpu0:2097268)qflge: qflge_setup_copper_phy:2890: [vmnic3] Restarting auto-negotiation
2026-01-10T07:55:25.415Z cpu0:2097268)qflge: qflge_txq_enable:658: [vmnic3] Enabled txq
2026-01-10T07:55:25.415Z cpu0:2097268)qflge: qflge_rxq_enable:716: [vmnic3] Enabled rxq
2026-01-10T07:55:25.423Z cpu21:2097780)PCI: 91: Device 0x38124306f277e2be is not a PCI vmkDevice
2026-01-10T07:55:25.423Z cpu0:2097268)igbn: indrv_UplinkAssociate:1524: Associate igbn driver with vmnic4
2026-01-10T07:55:25.423Z cpu21:2097780)Uplink: 11676: Device vmnic4 not yet opened
2026-01-10T07:55:25.423Z cpu21:2097780)Device: 327: Found driver uplink_drv for device 0x38124306f277e2be
2026-01-10T07:55:25.423Z cpu21:2097780)Uplink: 13967: Opening device vmnic4
2026-01-10T07:55:25.424Z cpu0:2097268)igbn: igbn_ChangeUplinkCap:1415: toggled hw VLAN TX offload on
2026-01-10T07:55:25.424Z cpu0:2097268)igbn: igbn_ChangeUplinkCap:1406: toggled hw VLAN RX offload on
2026-01-10T07:55:25.424Z cpu21:2097780)Uplink: 11694: enabled port 0x6 with mac a0:36:9f:03:25:88
2026-01-10T07:55:25.424Z cpu16:2097377)CpuSched: 699: user latency of 2097828 vmnic4-0-tx 0 changed by 2097377 NetSchedHelper -6
2026-01-10T07:55:25.424Z cpu0:2097268)igbn: indrv_UplinkStartIo:2174: Starting I/O on vmnic4
2026-01-10T07:55:25.424Z cpu0:2097268)igbn: igbn_Up:2002: vmnic4-: bringing up recv
2026-01-10T07:55:25.424Z cpu0:2097268)igbn: igbn_Up:2022: vmnic4: bringing up xmit
2026-01-10T07:55:25.431Z cpu21:2097780)PCI: 91: Device 0x62c84306f277e369 is not a PCI vmkDevice
2026-01-10T07:55:25.431Z cpu0:2097268)igbn: indrv_UplinkAssociate:1524: Associate igbn driver with vmnic5
2026-01-10T07:55:25.431Z cpu21:2097780)Uplink: 11676: Device vmnic5 not yet opened
2026-01-10T07:55:25.431Z cpu21:2097780)Device: 327: Found driver uplink_drv for device 0x62c84306f277e369
2026-01-10T07:55:25.431Z cpu21:2097780)Uplink: 13967: Opening device vmnic5
2026-01-10T07:55:25.431Z cpu0:2097268)igbn: igbn_ChangeUplinkCap:1415: toggled hw VLAN TX offload on
2026-01-10T07:55:25.431Z cpu0:2097268)igbn: igbn_ChangeUplinkCap:1406: toggled hw VLAN RX offload on
2026-01-10T07:55:25.431Z cpu21:2097780)Uplink: 11694: enabled port 0x7 with mac a0:36:9f:03:25:89
2026-01-10T07:55:25.432Z cpu16:2097377)CpuSched: 699: user latency of 2097829 vmnic5-0-tx 0 changed by 2097377 NetSchedHelper -6
2026-01-10T07:55:25.432Z cpu0:2097268)igbn: indrv_UplinkStartIo:2174: Starting I/O on vmnic5
2026-01-10T07:55:25.432Z cpu0:2097268)igbn: igbn_Up:2002: vmnic5-: bringing up recv
2026-01-10T07:55:25.432Z cpu0:2097268)igbn: igbn_Up:2022: vmnic5: bringing up xmit
2026-01-10T07:55:25.439Z cpu21:2097780)PCI: 91: Device 0x4354306f277d343 is not a PCI vmkDevice
2026-01-10T07:55:25.439Z cpu21:2097780)Device: 2628: Module 0 did not claim device 0x4354306f277d343.
2026-01-10T07:55:25.444Z cpu21:2097780)PCI: 91: Device 0x51864306f277d53a is not a PCI vmkDevice
2026-01-10T07:55:25.444Z cpu21:2097780)Device: 2628: Module 0 did not claim device 0x51864306f277d53a.
2026-01-10T07:55:25.449Z cpu21:2097780)PCI: 91: Device 0x21cd4306f277d6aa is not a PCI vmkDevice
2026-01-10T07:55:25.449Z cpu21:2097780)Device: 2628: Module 0 did not claim device 0x21cd4306f277d6aa.
2026-01-10T07:55:25.454Z cpu21:2097780)PCI: 91: Device 0x54e4306f277d857 is not a PCI vmkDevice
2026-01-10T07:55:25.454Z cpu21:2097780)Device: 2628: Module 0 did not claim device 0x54e4306f277d857.
2026-01-10T07:55:25.579Z cpu21:2097780)PCI: 91: Device 0x4354306f277d343 is not a PCI vmkDevice
2026-01-10T07:55:25.579Z cpu21:2097780)Device: 2628: Module 0 did not claim device 0x4354306f277d343.
2026-01-10T07:55:25.584Z cpu21:2097780)PCI: 91: Device 0x51864306f277d53a is not a PCI vmkDevice
2026-01-10T07:55:25.584Z cpu21:2097780)Device: 2628: Module 0 did not claim device 0x51864306f277d53a.
2026-01-10T07:55:25.589Z cpu21:2097780)PCI: 91: Device 0x21cd4306f277d6aa is not a PCI vmkDevice
2026-01-10T07:55:25.589Z cpu21:2097780)Device: 2628: Module 0 did not claim device 0x21cd4306f277d6aa.
2026-01-10T07:55:25.594Z cpu21:2097780)PCI: 91: Device 0x54e4306f277d857 is not a PCI vmkDevice
2026-01-10T07:55:25.594Z cpu21:2097780)Device: 2628: Module 0 did not claim device 0x54e4306f277d857.
2026-01-10T07:55:25.721Z cpu21:2097780)PCI: 91: Device 0x4354306f277d343 is not a PCI vmkDevice
2026-01-10T07:55:25.721Z cpu21:2097780)Device: 2628: Module 0 did not claim device 0x4354306f277d343.
2026-01-10T07:55:25.726Z cpu21:2097780)PCI: 91: Device 0x51864306f277d53a is not a PCI vmkDevice
2026-01-10T07:55:25.726Z cpu21:2097780)Device: 2628: Module 0 did not claim device 0x51864306f277d53a.
2026-01-10T07:55:25.731Z cpu21:2097780)PCI: 91: Device 0x21cd4306f277d6aa is not a PCI vmkDevice
2026-01-10T07:55:25.731Z cpu21:2097780)Device: 2628: Module 0 did not claim device 0x21cd4306f277d6aa.
2026-01-10T07:55:25.736Z cpu21:2097780)PCI: 91: Device 0x54e4306f277d857 is not a PCI vmkDevice
2026-01-10T07:55:25.736Z cpu21:2097780)Device: 2628: Module 0 did not claim device 0x54e4306f277d857.
2026-01-10T07:55:25.859Z cpu4:2097655)Jumpstart plugin network-uplink-init activated.
2026-01-10T07:55:25.859Z cpu4:2097655)Activating Jumpstart plugin psa-nmp-pre-claim-config.
2026-01-10T07:55:26.038Z cpu4:2097655)Jumpstart plugin psa-nmp-pre-claim-config activated.
2026-01-10T07:55:26.038Z cpu4:2097655)Activating Jumpstart plugin vmci.
2026-01-10T07:55:26.045Z cpu21:2097830)Loading module vmci ...
2026-01-10T07:55:26.048Z cpu21:2097830)Elf: 2101: module vmci has license VMware
2026-01-10T07:55:26.051Z cpu21:2097830)Mod: 4962: Initialization of vmci succeeded with module ID 46.
2026-01-10T07:55:26.052Z cpu21:2097830)vmci loaded successfully.
2026-01-10T07:55:26.054Z cpu4:2097655)Jumpstart plugin vmci activated.
2026-01-10T07:55:26.054Z cpu4:2097655)Activating Jumpstart plugin psa-filter-pre-claim-config.
2026-01-10T07:55:26.168Z cpu4:2097655)Jumpstart plugin psa-filter-pre-claim-config activated.
2026-01-10T07:55:26.168Z cpu4:2097655)Activating Jumpstart plugin restore-system-uuid.
2026-01-10T07:55:26.173Z cpu4:2097655)Jumpstart plugin restore-system-uuid activated.
2026-01-10T07:55:26.173Z cpu4:2097655)Activating Jumpstart plugin restore-storage-multipathing.
2026-01-10T07:55:26.177Z cpu4:2097655)Jumpstart plugin restore-storage-multipathing activated.
2026-01-10T07:55:26.178Z cpu4:2097655)Activating Jumpstart plugin network-support.
2026-01-10T07:55:26.197Z cpu11:2097833)Loading module healthchk ...
2026-01-10T07:55:26.200Z cpu11:2097833)Elf: 2101: module healthchk has license VMware
2026-01-10T07:55:26.205Z cpu11:2097833)NetHealthcheck: NHC_Initialize:1945: Networking health check plugin L2ECHO initialized.
2026-01-10T07:55:26.205Z cpu11:2097833)Mod: 4962: Initialization of healthchk succeeded with module ID 47.
2026-01-10T07:55:26.205Z cpu11:2097833)healthchk loaded successfully.
2026-01-10T07:55:26.227Z cpu8:2097837)Loading module teamcheck ...
2026-01-10T07:55:26.230Z cpu8:2097837)Elf: 2101: module teamcheck has license VMware
2026-01-10T07:55:26.235Z cpu8:2097837)Mod: 4962: Initialization of teamcheck succeeded with module ID 48.
2026-01-10T07:55:26.235Z cpu8:2097837)teamcheck loaded successfully.
2026-01-10T07:55:26.260Z cpu18:2097838)Loading module vlanmtucheck ...
2026-01-10T07:55:26.263Z cpu18:2097838)Elf: 2101: module vlanmtucheck has license VMware
2026-01-10T07:55:26.268Z cpu18:2097838)Mod: 4962: Initialization of vlanmtucheck succeeded with module ID 49.
2026-01-10T07:55:26.268Z cpu18:2097838)vlanmtucheck loaded successfully.
2026-01-10T07:55:26.290Z cpu1:2097840)Loading module heartbeat ...
2026-01-10T07:55:26.293Z cpu1:2097840)Elf: 2101: module heartbeat has license VMware
2026-01-10T07:55:26.298Z cpu1:2097840)Mod: 4962: Initialization of heartbeat succeeded with module ID 50.
2026-01-10T07:55:26.298Z cpu1:2097840)heartbeat loaded successfully.
2026-01-10T07:55:26.320Z cpu3:2097842)Loading module shaper ...
2026-01-10T07:55:26.323Z cpu3:2097842)Elf: 2101: module shaper has license VMware
2026-01-10T07:55:26.328Z cpu3:2097842)CpuSched: 699: user latency of 2097843 tq:Shaper Schedule 0 changed by 2097842 vmkeventd -6
2026-01-10T07:55:26.328Z cpu3:2097842)Mod: 4962: Initialization of shaper succeeded with module ID 51.
2026-01-10T07:55:26.328Z cpu3:2097842)shaper loaded successfully.
2026-01-10T07:55:26.349Z cpu6:2097844)Loading module lldp ...
2026-01-10T07:55:26.352Z cpu6:2097844)Elf: 2101: module lldp has license VMware
2026-01-10T07:55:26.352Z cpu6:2097844)Mod: 4962: Initialization of lldp succeeded with module ID 52.
2026-01-10T07:55:26.352Z cpu6:2097844)lldp loaded successfully.
2026-01-10T07:55:26.374Z cpu3:2097846)Loading module cdp ...
2026-01-10T07:55:26.377Z cpu3:2097846)Elf: 2101: module cdp has license VMware
2026-01-10T07:55:26.382Z cpu3:2097846)Mod: 4962: Initialization of cdp succeeded with module ID 53.
2026-01-10T07:55:26.382Z cpu3:2097846)cdp loaded successfully.
2026-01-10T07:55:26.404Z cpu11:2097847)Loading module ipfix ...
2026-01-10T07:55:26.407Z cpu11:2097847)Elf: 2101: module ipfix has license VMware
2026-01-10T07:55:26.413Z cpu11:2097847)System memory is 288 GB, IPFix:ipfixFlowMaxCount: 4194304, ipfixHashTableSize: 131072.
2026-01-10T07:55:26.413Z cpu11:2097847)Ipfix hashTableSize:131072 bucket count :524288
2026-01-10T07:55:26.413Z cpu11:2097847)Ipfix export world count: 4, each world handles records on 6 PCPUs
2026-01-10T07:55:26.414Z cpu11:2097847)Ipfix: IpfixClient_Register:299: Client "VXLAN" from module(54) is registered.priority: 321, beginTemplateID: 256, templateCount :8
2026-01-10T07:55:26.414Z cpu11:2097847)Ipfix: IpfixClient_Register:299: Client "TCP" from module(54) is registered.priority: 577, beginTemplateID: 264, templateCount :2
2026-01-10T07:55:26.414Z cpu11:2097847)Ipfix: IpfixClient_Register:299: Client "UDP" from module(54) is registered.priority: 578, beginTemplateID: 266, templateCount :2
2026-01-10T07:55:26.414Z cpu11:2097847)Ipfix: IpfixClient_Register:299: Client "ICMPv4" from module(54) is registered.priority: 579, beginTemplateID: 268, templateCount :1
2026-01-10T07:55:26.414Z cpu11:2097847)Ipfix: IpfixClient_Register:299: Client "ICMPv6" from module(54) is registered.priority: 580, beginTemplateID: 269, templateCount :1
2026-01-10T07:55:26.414Z cpu11:2097847)Mod: 4962: Initialization of ipfix succeeded with module ID 54.
2026-01-10T07:55:26.414Z cpu11:2097847)ipfix loaded successfully.
2026-01-10T07:55:26.435Z cpu9:2097851)Loading module tcpip4 ...
2026-01-10T07:55:26.441Z cpu9:2097851)Elf: 2101: module tcpip4 has license VMware
2026-01-10T07:55:26.467Z cpu9:2097851)Tcpip: 181: max clusters: 15728
2026-01-10T07:55:26.467Z cpu9:2097851)Tcpip_Vmk: 718: tcpip: Number RX Dispatch Queues: 1
2026-01-10T07:55:26.468Z cpu9:2097851)Tcpip_Vmk: 124: crypto: <crypto core>
2026-01-10T07:55:26.468Z cpu9:2097851)Tcpip_Vmk: 124: crypto: assign swcrypto driver id 0, flags 100663296
2026-01-10T07:55:26.468Z cpu9:2097851)Tcpip_Vmk: 124: crypto: swcrypto registers alg 2 flags 0 maxoplen 0
2026-01-10T07:55:26.468Z cpu9:2097851)Tcpip_Vmk: 124: crypto: swcrypto registers alg 16 flags 0 maxoplen 0
2026-01-10T07:55:26.468Z cpu9:2097851)Tcpip_Vmk: 124: crypto: swcrypto registers alg 7 flags 0 maxoplen 0
2026-01-10T07:55:26.468Z cpu9:2097851)Tcpip_Vmk: 124: crypto: swcrypto registers alg 18 flags 0 maxoplen 0
2026-01-10T07:55:26.468Z cpu9:2097851)Tcpip_Vmk: 124: crypto: swcrypto registers alg 15 flags 0 maxoplen 0
2026-01-10T07:55:26.468Z cpu9:2097851)Tcpip_Vmk: 124: crypto: swcrypto registers alg 11 flags 0 maxoplen 0
2026-01-10T07:55:26.468Z cpu9:2097851)Tcpip_Vmk: 124: crypto: swcrypto registers alg 22 flags 0 maxoplen 0
2026-01-10T07:55:26.469Z cpu9:2097851)Tcpip_Vmk: 124: ip6_init: Finished init
2026-01-10T07:55:26.469Z cpu9:2097851)Tcpip_Vmk: 124: IPsec: Initialized Security Association Processing.
2026-01-10T07:55:26.469Z cpu9:2097851)Tcpip_Vmk: 124: numfibs in use: 1
2026-01-10T07:55:26.469Z cpu9:2097851)Tcpip_Vmk: 124: in6_domifattach: for ifname=lo0
2026-01-10T07:55:26.469Z cpu9:2097851)Tcpip_Vmk: 124: rn_addmask bcmp(addmask_key=0x451a4f19acc0, x->rn_key=0x430d7e308380, mlen=0xc) != 0
2026-01-10T07:55:26.469Z cpu9:2097851)Tcpip_Vmk: 124: rn_addmask bcmp(addmask_key=0x451a4f19ab60, x->rn_key=0x430d7e308380, mlen=0x10) != 0
2026-01-10T07:55:26.470Z cpu9:2097851)CpuSched: 699: user latency of 2097852 tq:tcpip4 0 changed by 2097851 vmkeventd -6
2026-01-10T07:55:26.470Z cpu9:2097851)Tcpip: 272: Exported 54 sysctls to VSI
2026-01-10T07:55:26.470Z cpu9:2097851)Tcpip: 170: Sysctl '_net_inet_tcp_rfc3465' set to '1'
2026-01-10T07:55:26.471Z cpu9:2097851)Tcpip_Vmk: 124: toggling flowtable on
2026-01-10T07:55:26.471Z cpu9:2097851)CpuSched: 699: user latency of 2097871 tcpip-isr 0 changed by 2097851 vmkeventd -6
2026-01-10T07:55:26.471Z cpu9:2097851)CpuSched: 699: user latency of 2097873 TcpipPktComp#0 0 changed by 2097851 vmkeventd -6
2026-01-10T07:55:26.471Z cpu9:2097851)VProbe: 803: Loaded  12 static probes from: tcpip4
2026-01-10T07:55:26.471Z cpu9:2097851)Mod: 4962: Initialization of tcpip4 succeeded with module ID 55.
2026-01-10T07:55:26.471Z cpu9:2097851)tcpip4 loaded successfully.
2026-01-10T07:55:26.497Z cpu17:2097875)Loading module dvsdev ...
2026-01-10T07:55:26.500Z cpu17:2097875)Elf: 2101: module dvsdev has license VMware
2026-01-10T07:55:26.500Z cpu17:2097875)Mod: 4962: Initialization of dvsdev succeeded with module ID 56.
2026-01-10T07:55:26.500Z cpu17:2097875)dvsdev loaded successfully.
2026-01-10T07:55:26.522Z cpu7:2097876)Loading module dvfilter ...
2026-01-10T07:55:26.525Z cpu7:2097876)Elf: 2101: module dvfilter has license VMware
2026-01-10T07:55:26.528Z cpu7:2097876)CpuSched: 699: user latency of 2097881 DVFilter-Comm-2 0 changed by 2097876 vmkeventd -6
2026-01-10T07:55:26.528Z cpu7:2097876)NetPortset: 1959: Activating portset #1 as DVFilter Coalesce Portset (nulldev) with 256 ports, index mask is 0x1fff status Success
2026-01-10T07:55:26.528Z cpu7:2097876)DVFilter: 2721: DVFilterShm portset DVFilter Coalesce Portset created.
2026-01-10T07:55:26.528Z cpu7:2097876)Mod: 4962: Initialization of dvfilter succeeded with module ID 57.
2026-01-10T07:55:26.528Z cpu7:2097876)dvfilter loaded successfully.
2026-01-10T07:55:26.550Z cpu20:2097882)Loading module lacp ...
2026-01-10T07:55:26.553Z cpu20:2097882)Elf: 2101: module lacp has license VMware
2026-01-10T07:55:26.557Z cpu20:2097882)Mod: 4962: Initialization of lacp succeeded with module ID 58.
2026-01-10T07:55:26.557Z cpu20:2097882)lacp loaded successfully.
2026-01-10T07:55:26.560Z cpu4:2097655)Jumpstart plugin network-support activated.
2026-01-10T07:55:26.560Z cpu4:2097655)Activating Jumpstart plugin psa-load-rules.
2026-01-10T07:55:26.575Z cpu4:2097655)Jumpstart plugin psa-load-rules activated.
2026-01-10T07:55:26.575Z cpu4:2097655)Activating Jumpstart plugin vds-vmkapi-compatibility.
2026-01-10T07:55:26.575Z cpu4:2097655)Jumpstart plugin vds-vmkapi-compatibility activated.
2026-01-10T07:55:26.575Z cpu4:2097655)Activating Jumpstart plugin psa-filter-post-claim-config.
2026-01-10T07:55:26.575Z cpu4:2097655)Jumpstart plugin psa-filter-post-claim-config activated.
2026-01-10T07:55:26.575Z cpu4:2097655)Activating Jumpstart plugin psa-nmp-post-claim-config.
2026-01-10T07:55:26.575Z cpu4:2097655)Jumpstart plugin psa-nmp-post-claim-config activated.
2026-01-10T07:55:26.575Z cpu4:2097655)Activating Jumpstart plugin vmkdrbg.
2026-01-10T07:55:26.604Z cpu22:2097884)Loading module drbg ...
2026-01-10T07:55:26.606Z cpu22:2097884)Elf: 2101: module drbg has license VMware
2026-01-10T07:55:26.607Z cpu22:2097884)drbgModuleLog: BoringSslWrapper_Init:220: FIPS-140-2 POST successful
2026-01-10T07:55:26.607Z cpu22:2097884)Mod: 4962: Initialization of drbg succeeded with module ID 59.
2026-01-10T07:55:26.607Z cpu22:2097884)drbg loaded successfully.
2026-01-10T07:55:26.611Z cpu4:2097655)Jumpstart plugin vmkdrbg activated.
2026-01-10T07:55:26.611Z cpu4:2097655)Activating Jumpstart plugin mlx4_en.
2026-01-10T07:55:26.611Z cpu4:2097655)Jumpstart plugin mlx4_en activated.
2026-01-10T07:55:26.611Z cpu4:2097655)Activating Jumpstart plugin dvfilters-vmkapi-compatibility.
2026-01-10T07:55:26.681Z cpu23:2097886)Loading module vmkapi_v2_4_0_0_dvfilter_shim ...
2026-01-10T07:55:26.683Z cpu23:2097886)Elf: 2101: module vmkapi_v2_4_0_0_dvfilter_shim has license VMware
2026-01-10T07:55:26.684Z cpu23:2097886)Vmkapiv2_4_0_0DvfilterShim: init_module:89: Shim for dvfilter vmkapi 2.4.0-0 to vmkapi 2.5.0-0 is active.
2026-01-10T07:55:26.684Z cpu23:2097886)Mod: 4962: Initialization of vmkapi_v2_4_0_0_dvfilter_shim succeeded with module ID 60.
2026-01-10T07:55:26.684Z cpu23:2097886)vmkapi_v2_4_0_0_dvfilter_shim loaded successfully.
2026-01-10T07:55:26.701Z cpu12:2097887)Loading module vmkapi_v2_2_0_0_dvfilter_shim ...
2026-01-10T07:55:26.704Z cpu12:2097887)Elf: 2101: module vmkapi_v2_2_0_0_dvfilter_shim has license VMware
2026-01-10T07:55:26.704Z cpu12:2097887)Vmkapiv2_2_0_0DvfilterShim: init_module:85: Shim for dvfilter vmkapi 2.2.0-0 to vmkapi 2.5.0-0 is active.
2026-01-10T07:55:26.704Z cpu12:2097887)Mod: 4962: Initialization of vmkapi_v2_2_0_0_dvfilter_shim succeeded with module ID 61.
2026-01-10T07:55:26.704Z cpu12:2097887)vmkapi_v2_2_0_0_dvfilter_shim loaded successfully.
2026-01-10T07:55:26.721Z cpu14:2097888)Loading module vmkapi_v2_3_0_0_dvfilter_shim ...
2026-01-10T07:55:26.724Z cpu14:2097888)Elf: 2101: module vmkapi_v2_3_0_0_dvfilter_shim has license VMware
2026-01-10T07:55:26.724Z cpu14:2097888)Vmkapiv2_3_0_0DvfilterShim: init_module:85: Shim for dvfilter vmkapi 2.3.0-0 to vmkapi 2.5.0-0 is active.
2026-01-10T07:55:26.724Z cpu14:2097888)Mod: 4962: Initialization of vmkapi_v2_3_0_0_dvfilter_shim succeeded with module ID 62.
2026-01-10T07:55:26.724Z cpu14:2097888)vmkapi_v2_3_0_0_dvfilter_shim loaded successfully.
2026-01-10T07:55:26.730Z cpu4:2097655)Jumpstart plugin dvfilters-vmkapi-compatibility activated.
2026-01-10T07:55:26.730Z cpu4:2097655)Activating Jumpstart plugin vds-config.
2026-01-10T07:55:26.730Z cpu4:2097655)Jumpstart plugin vds-config activated.
2026-01-10T07:55:26.730Z cpu4:2097655)Activating Jumpstart plugin storage-drivers.
2026-01-10T07:55:26.839Z cpu0:2097889)Loading module megaraid_sas ...
2026-01-10T07:55:26.842Z cpu0:2097889)Elf: 2101: module megaraid_sas has license GPL
2026-01-10T07:55:26.843Z cpu0:2097889)module heap vmklnx_megaraid_sas: Initial heap size = 1048576, max heap size = 47415296
2026-01-10T07:55:26.843Z cpu0:2097889)vmklnx_module_mempool_init: Mempool max 47415296 being used for module: 4159
2026-01-10T07:55:26.843Z cpu0:2097889)vmk_MemPoolCreate passed for 256 pages
2026-01-10T07:55:26.843Z cpu0:2097889)module heap vmklnx_megaraid_sas: using memType 2
2026-01-10T07:55:26.843Z cpu0:2097889)module heap vmklnx_megaraid_sas: creation succeeded. id = 0x430dd9ff6000
2026-01-10T07:55:26.843Z cpu0:2097889)<6>megasas: 6.603.55.00.2vmw
2026-01-10T07:55:26.843Z cpu0:2097889)PCI: driver megaraid_sas is looking for devices
<6>megasas: 0x1000:0x79:0x1014:0x3b2: 2026-01-10T07:55:26.843Z cpu0:2097889)domain 0 bus 1:slot 0:func 0
2026-01-10T07:55:26.843Z cpu0:2097889)DMA: 679: DMA Engine 'vmklnxpci-0:1:0.0' created using mapper 'DMANull'.
2026-01-10T07:55:26.843Z cpu0:2097889)DMA: 679: DMA Engine 'vmklnxpci-0:1:0.0' created using mapper 'DMANull'.
 megasas_init_mfi:  Line 4346: gen2 Template. SAS 1078Gen2, 0079Gen2 instance->pdev->device = 0x792026-01-10T07:55:26.843Z cpu0:2097889)megasas: FW now in Ready state
2026-01-10T07:55:26.843Z cpu0:2097889)VMK_PCI: 764: device 0000:01:00.0 allocated 1 MSIX interrupt
2026-01-10T07:55:26.843Z cpu0:2097889)MSIX enabled for dev 0000:01:00.0
2026-01-10T07:55:26.843Z cpu0:2097889)<6>[scsi4]: FW supports <0> MSIX vector, OnlineCPUs: <24>, Current MSIX <1>
megasas_init: fw_support_ieee=02026-01-10T07:55:26.932Z cpu0:2097889)<3>megasas: INIT adapter done
2026-01-10T07:55:26.998Z cpu0:2097889)megaraid_sas: Controller type: MR, Memory size is: 512MB
2026-01-10T07:55:26.998Z cpu0:2097889)<3>megasas: max_sectors_per_req = 0x280
2026-01-10T07:55:26.998Z cpu0:2097889)<3>megasas: tmp_sectors = 0x2a0
2026-01-10T07:55:27.020Z cpu0:2097889)megasas: controller 0x4308f1fc15d0 has firmware version 12.15.0-0248.
2026-01-10T07:55:27.020Z cpu0:2097889)<6>megasas: io_attach:  host->irq: 16  host->unique_id: 256  host->can_queue: 975.
2026-01-10T07:55:27.020Z cpu0:2097889)<6>megasas: cmd_per_lun should be > 0 and<= 128
2026-01-10T07:55:27.020Z cpu0:2097889)<7>megasas: max_sectors : 0x280, cmd_per_lun : 0x80
2026-01-10T07:55:27.020Z cpu0:2097889)LinPCI: LinuxPCI_DeviceIsPAECapable:581: PAE capable device at 0000:01:00.0
2026-01-10T07:55:27.020Z cpu0:2097889)VMK_PCI: 392: Device 0000:01:00.0 name: vmhba0
2026-01-10T07:55:27.020Z cpu0:2097889)DMA: 679: DMA Engine 'vmhba0' created using mapper 'DMANull'.
2026-01-10T07:55:27.020Z cpu0:2097889)CpuSched: 699: user latency of 2097890 wdt-vmhba0-0 0 changed by 2097889 vmkeventd -6
2026-01-10T07:55:27.020Z cpu0:2097889)CpuSched: 699: user latency of 2097891 wdt-vmhba0-1 0 changed by 2097889 vmkeventd -6
2026-01-10T07:55:27.023Z cpu0:2097889)megasas_slave_configure: do not export physical disk devices to upper layer.
2026-01-10T07:55:27.023Z cpu0:2097889)WARNING: ScsiScan: 1638: Failed to add path vmhba0:C0:T9:L0 : Not found
2026-01-10T07:55:27.036Z cpu0:2097889)megasas_slave_configure: do not export physical disk devices to upper layer.
2026-01-10T07:55:27.036Z cpu0:2097889)WARNING: ScsiScan: 1638: Failed to add path vmhba0:C0:T10:L0 : Not found
2026-01-10T07:55:27.046Z cpu0:2097889)megasas_slave_configure: do not export physical disk devices to upper layer.
2026-01-10T07:55:27.046Z cpu0:2097889)WARNING: ScsiScan: 1638: Failed to add path vmhba0:C0:T11:L0 : Not found
2026-01-10T07:55:27.053Z cpu0:2097889)megasas_slave_configure: do not export physical disk devices to upper layer.
2026-01-10T07:55:27.053Z cpu0:2097889)WARNING: ScsiScan: 1638: Failed to add path vmhba0:C0:T13:L0 : Not found
2026-01-10T07:55:27.055Z cpu0:2097889)megasas_slave_configure: do not export physical disk devices to upper layer.
2026-01-10T07:55:27.055Z cpu0:2097889)WARNING: ScsiScan: 1638: Failed to add path vmhba0:C0:T14:L0 : Not found
2026-01-10T07:55:27.063Z cpu0:2097889)megasas_slave_configure: do not export physical disk devices to upper layer.
2026-01-10T07:55:27.063Z cpu0:2097889)WARNING: ScsiScan: 1638: Failed to add path vmhba0:C0:T15:L0 : Not found
2026-01-10T07:55:27.075Z cpu0:2097889)megasas_slave_configure: do not export physical disk devices to upper layer.
2026-01-10T07:55:27.075Z cpu0:2097889)WARNING: ScsiScan: 1638: Failed to add path vmhba0:C0:T16:L0 : Not found
2026-01-10T07:55:27.098Z cpu0:2097889)PCI: driver megaraid_sas claimed device 0000:01:00.0
2026-01-10T07:55:27.098Z cpu0:2097889)PCI: driver megaraid_sas claimed 1 device
2026-01-10T07:55:27.098Z cpu0:2097889)ScsiNpiv: 1519: GetInfo for adapter vmhba0, [0x430548ae62c0], max_vports=0, vports_inuse=0, linktype=0, state=0, failreason=0, sts=bad0020
2026-01-10T07:55:27.098Z cpu0:2097889)Mod: 4962: Initialization of megaraid_sas succeeded with module ID 4159.
2026-01-10T07:55:27.098Z cpu0:2097889)megaraid_sas loaded successfully.
2026-01-10T07:55:27.123Z cpu4:2097655)Jumpstart plugin storage-drivers activated.
2026-01-10T07:55:27.123Z cpu4:2097655)Activating Jumpstart plugin vxlan-base.
2026-01-10T07:55:27.123Z cpu4:2097655)Jumpstart plugin vxlan-base activated.
2026-01-10T07:55:27.123Z cpu4:2097655)Activating Jumpstart plugin firewall.
2026-01-10T07:55:27.128Z cpu3:2097892)Loading module esxfw ...
2026-01-10T07:55:27.131Z cpu3:2097892)Elf: 2101: module esxfw has license VMware
2026-01-10T07:55:27.136Z cpu3:2097892)Mod: 4962: Initialization of esxfw succeeded with module ID 64.
2026-01-10T07:55:27.136Z cpu3:2097892)esxfw loaded successfully.
2026-01-10T07:55:27.154Z cpu3:2097655)Jumpstart plugin firewall activated.
2026-01-10T07:55:27.154Z cpu3:2097655)Activating Jumpstart plugin vmkcrypto.
2026-01-10T07:55:27.545Z cpu18:2097894)Loading module crypto_fips ...
2026-01-10T07:55:27.548Z cpu18:2097894)Elf: 2101: module crypto_fips has license VMware
2026-01-10T07:55:27.550Z cpu18:2097894)cryptoModuleLog: CryptoWrapper_Init:444: FIPS-140-2 POST successful
2026-01-10T07:55:27.550Z cpu18:2097894)Crypto: 842: Successfully registered aes-ecb-generic with crypto framework.
2026-01-10T07:55:27.550Z cpu18:2097894)Crypto: 842: Successfully registered aes-ecb-AES-NI with crypto framework.
2026-01-10T07:55:27.550Z cpu18:2097894)Crypto: 842: Successfully registered aes-cbc-generic with crypto framework.
2026-01-10T07:55:27.550Z cpu18:2097894)Crypto: 842: Successfully registered aes-cbc-AES-NI with crypto framework.
2026-01-10T07:55:27.550Z cpu18:2097894)Crypto: 842: Successfully registered aes-ctr-generic with crypto framework.
2026-01-10T07:55:27.550Z cpu18:2097894)Crypto: 842: Successfully registered aes-ctr-AES-NI with crypto framework.
2026-01-10T07:55:27.550Z cpu18:2097894)Crypto: 842: Successfully registered aes-xts-generic with crypto framework.
2026-01-10T07:55:27.550Z cpu18:2097894)Crypto: 842: Successfully registered aes-xts-AES-NI with crypto framework.
2026-01-10T07:55:27.550Z cpu18:2097894)Crypto: 842: Successfully registered aes-cts-generic with crypto framework.
2026-01-10T07:55:27.550Z cpu18:2097894)Crypto: 842: Successfully registered aes-cts-AES-NI with crypto framework.
2026-01-10T07:55:27.550Z cpu18:2097894)Crypto: 842: Successfully registered aes-gcm-GHASHASM with crypto framework.
2026-01-10T07:55:27.550Z cpu18:2097894)Crypto: 842: Successfully registered aes-gcm-AES-NI with crypto framework.
2026-01-10T07:55:27.550Z cpu18:2097894)Crypto: 842: Successfully registered sha-1-generic with crypto framework.
2026-01-10T07:55:27.550Z cpu18:2097894)Crypto: 842: Successfully registered sha-1-SHAASM with crypto framework.
2026-01-10T07:55:27.550Z cpu18:2097894)Crypto: 842: Successfully registered sha-256-generic with crypto framework.
2026-01-10T07:55:27.550Z cpu18:2097894)Crypto: 842: Successfully registered sha-256-SHAASM with crypto framework.
2026-01-10T07:55:27.550Z cpu18:2097894)Crypto: 842: Successfully registered sha-512-generic with crypto framework.
2026-01-10T07:55:27.550Z cpu18:2097894)Crypto: 842: Successfully registered sha-512-SHAASM with crypto framework.
2026-01-10T07:55:27.550Z cpu18:2097894)Crypto: 842: Successfully registered hmac-sha1-generic with crypto framework.
2026-01-10T07:55:27.550Z cpu18:2097894)Crypto: 842: Successfully registered hmac-sha1-SHAASM with crypto framework.
2026-01-10T07:55:27.550Z cpu18:2097894)Crypto: 842: Successfully registered hmac-sha256-generic with crypto framework.
2026-01-10T07:55:27.550Z cpu18:2097894)Crypto: 842: Successfully registered hmac-sha256-SHAASM with crypto framework.
2026-01-10T07:55:27.550Z cpu18:2097894)Mod: 4962: Initialization of crypto_fips succeeded with module ID 65.
2026-01-10T07:55:27.550Z cpu18:2097894)crypto_fips loaded successfully.
2026-01-10T07:55:27.553Z cpu3:2097655)Jumpstart plugin vmkcrypto activated.
2026-01-10T07:55:27.553Z cpu3:2097655)Activating Jumpstart plugin dvfilter-config.
2026-01-10T07:55:27.553Z cpu3:2097655)Jumpstart plugin dvfilter-config activated.
2026-01-10T07:55:27.553Z cpu3:2097655)Activating Jumpstart plugin dvfilter-generic-fastpath.
2026-01-10T07:55:27.559Z cpu6:2097902)Loading module dvfilter-generic-fastpath ...
2026-01-10T07:55:27.562Z cpu6:2097902)Elf: 2101: module dvfilter-generic-fastpath has license VMware
2026-01-10T07:55:27.567Z cpu6:2097902)dvfilter-generic-fastpath: DVFGenericInit:1597: Registered dvfilter generic create agent property handler
2026-01-10T07:55:27.567Z cpu6:2097902)dvfilter-generic-fastpath: init_module:60: Loading dvfilter-generic-fastpath (platform)
2026-01-10T07:55:27.567Z cpu6:2097902)dvfilter-generic-fastpath: DVFGenericFWInitCharDev:309: dvfilter-generic-vmware: Registered fw character device
2026-01-10T07:55:27.567Z cpu6:2097902)dvfilter-generic-fastpath: DVFGenericFWInitProperty:187: dvfilter-generic-vmware: Registered fw rules property handler
2026-01-10T07:55:27.567Z cpu6:2097902)Mod: 4962: Initialization of dvfilter-generic-fastpath succeeded with module ID 66.
2026-01-10T07:55:27.567Z cpu6:2097902)dvfilter-generic-fastpath loaded successfully.
2026-01-10T07:55:27.570Z cpu3:2097655)Jumpstart plugin dvfilter-generic-fastpath activated.
2026-01-10T07:55:27.570Z cpu3:2097655)Activating Jumpstart plugin lacp-daemon.
2026-01-10T07:55:27.661Z cpu3:2097655)Jumpstart plugin lacp-daemon activated.
2026-01-10T07:55:27.661Z cpu3:2097655)Activating Jumpstart plugin storage-psa-init.
2026-01-10T07:55:27.684Z cpu18:2097924)Device: 192: Registered driver 'psa' from 0
2026-01-10T07:55:27.684Z cpu18:2097924)Device: 192: Registered driver 'psa_vport' from 0
2026-01-10T07:55:27.684Z cpu18:2097924)ScsiPsaDriver: 226: SCSI PSA Driver Initialized.
2026-01-10T07:55:27.688Z cpu21:2097780)PCI: 91: Device 0x4354306f277d343 is not a PCI vmkDevice
2026-01-10T07:55:27.689Z cpu21:2097780)CpuSched: 699: user latency of 2097927 Cmpl-vmhba1-0 0 changed by 2097780 vmkdevmgr -6
2026-01-10T07:55:27.689Z cpu21:2097780)Device: 327: Found driver psa for device 0x4354306f277d343
2026-01-10T07:55:27.689Z cpu21:2097780)PCI: 91: Device 0x51864306f277d53a is not a PCI vmkDevice
2026-01-10T07:55:27.689Z cpu21:2097780)CpuSched: 699: user latency of 2097928 Cmpl-vmhba64-0 0 changed by 2097780 vmkdevmgr -6
2026-01-10T07:55:27.689Z cpu21:2097780)Device: 327: Found driver psa for device 0x51864306f277d53a
2026-01-10T07:55:27.690Z cpu21:2097780)PCI: 91: Device 0x21cd4306f277d6aa is not a PCI vmkDevice
2026-01-10T07:55:27.690Z cpu21:2097780)CpuSched: 699: user latency of 2097929 Cmpl-vmhba2-0 0 changed by 2097780 vmkdevmgr -6
2026-01-10T07:55:27.690Z cpu21:2097780)Device: 327: Found driver psa for device 0x21cd4306f277d6aa
2026-01-10T07:55:27.691Z cpu21:2097780)PCI: 91: Device 0x54e4306f277d857 is not a PCI vmkDevice
2026-01-10T07:55:27.691Z cpu21:2097780)Device: 327: Found driver psa for device 0x54e4306f277d857
2026-01-10T07:55:27.699Z cpu0:2097265)ScsiNpiv: 1519: GetInfo for adapter vmhba1, [0x430548ae1200], max_vports=0, vports_inuse=0, linktype=0, state=0, failreason=0, sts=bad0020
2026-01-10T07:55:27.699Z cpu0:2097265)ScsiNpiv: 1519: GetInfo for adapter vmhba64, [0x430548ae1a80], max_vports=0, vports_inuse=0, linktype=0, state=0, failreason=0, sts=bad0020
2026-01-10T07:55:27.700Z cpu0:2097265)ScsiNpiv: 1519: GetInfo for adapter vmhba2, [0x430548ae2300], max_vports=0, vports_inuse=0, linktype=0, state=0, failreason=0, sts=bad0020
2026-01-10T07:55:27.701Z cpu0:2097265)ScsiNpiv: 1519: GetInfo for adapter vmhba65, [0x430548ae2b80], max_vports=0, vports_inuse=0, linktype=0, state=0, failreason=0, sts=bad0020
2026-01-10T07:55:27.717Z cpu3:2097655)Jumpstart plugin storage-psa-init activated.
2026-01-10T07:55:27.717Z cpu3:2097655)Activating Jumpstart plugin restore-networking.
2026-01-10T07:55:27.722Z cpu4:2097634)NetDVS: 484: DVS enabled
2026-01-10T07:55:27.723Z cpu4:2097634)NetPortset: 3774: Parking portset pps already created.
2026-01-10T07:55:27.723Z cpu4:2097634)CDP: CdpEnableListen:3690: listening  on pps
2026-01-10T07:55:27.723Z cpu4:2097634)NetPortset: 1959: Activating portset #2 as vSwitch0 (cswitch) with 5376 ports, index mask is 0x1fff status Success
2026-01-10T07:55:27.723Z cpu4:2097634)NetPort: 1359: enabled port 0x2000001 with mac 00:00:00:00:00:00
2026-01-10T07:55:27.724Z cpu11:2097793)cswitch: VSwitchCreateAgingWorld:319: [nsx@6876 comp="nsx-esx" subcomp="vswitch"]Created aging timer world for vswitch vSwitch0
2026-01-10T07:55:27.724Z cpu4:2097634)NetPort: 1580: disabled port 0x2
2026-01-10T07:55:27.724Z cpu10:2097820)NetSched: 654: vmnic0-0-tx: worldID = 2097820 exits
2026-01-10T07:55:27.724Z cpu3:2097268)qflge: qflge_uplink_cap_disable:1773: [vmnic0] HW always strips VLAN. SW insertion enabled in driver.
2026-01-10T07:55:27.724Z cpu3:2097268)qflge: qflge_uplink_cap_enable:1741: [vmnic0] HW always strips VLAN. SW insertion disabled in driver.
2026-01-10T07:55:27.724Z cpu4:2097634)Uplink: 11694: enabled port 0x2000002 with mac 5c:f3:fc:e8:46:f8
2026-01-10T07:55:27.724Z cpu15:2097835)Net: 2457: connected Shadow of vmnic0  to null config, portID 0x2000003
2026-01-10T07:55:27.724Z cpu15:2097835)NetPort: 1359: enabled port 0x2000003 with mac 00:50:56:57:22:29
2026-01-10T07:55:27.760Z cpu4:2097634)CDP: CdpEnableListen:3690: listening  on vSwitch0
2026-01-10T07:55:27.765Z cpu4:2097634)Net: 2457: connected vmk0  to Management Network, portID 0x2000004
2026-01-10T07:55:27.766Z cpu4:2097634)Tcpip_Vmk: 1610: mcast[0] = 33:33:ff:e8:46:f8
2026-01-10T07:55:27.766Z cpu4:2097634)Tcpip_Vmk: 1610: mcast[1] = 33:33:00:00:00:01
2026-01-10T07:55:27.766Z cpu4:2097634)Tcpip: 1211: NIC supports Tso
2026-01-10T07:55:27.766Z cpu4:2097634)Tcpip: 1218: NIC support IPv4 TX checksum offloading
2026-01-10T07:55:27.766Z cpu4:2097634)Tcpip: 1225: NIC support IPv6 TX checksum offloading
2026-01-10T07:55:27.766Z cpu4:2097634)Tcpip: 1231: NIC supports Scatter-Gather transmits
2026-01-10T07:55:27.766Z cpu4:2097634)Tcpip_Vmk: 124: in6_domifattach: for ifname=vmk0
2026-01-10T07:55:27.766Z cpu4:2097634)Tcpip_Vmk: 124: vmk0:
2026-01-10T07:55:27.766Z cpu4:2097634)Tcpip_Vmk: 124: Ethernet address: 5c:f3:fc:e8:46:f8
2026-01-10T07:55:27.766Z cpu4:2097634)Tcpip: 1286: ether attach complete vmk 0 0
2026-01-10T07:55:27.766Z cpu4:2097634)Tcpip_Vmk: 124: rn_delete: return NULL after checking rn_dupedkey
2026-01-10T07:55:27.766Z cpu4:2097634)NetPort: 1359: enabled port 0x2000004 with mac 5c:f3:fc:e8:46:f8
2026-01-10T07:55:27.769Z cpu4:2097634)Tcpip: 1089: ip_addr = 0x6401a8c0, netmask = 0xffffff
2026-01-10T07:55:27.769Z cpu4:2097634)Tcpip_Vmk: 124: rn_addmask bcmp(addmask_key=0x451a4999afd0, x->rn_key=0x430d7e308380, mlen=0x7) != 0
2026-01-10T07:55:27.769Z cpu4:2097634)Tcpip: 1161: gateway = 0xfe01a8c0
2026-01-10T07:55:27.775Z cpu4:2097634)Tcpip_Vmk: 124: rn_delete: return NULL after checking rn_dupedkey
2026-01-10T07:55:27.810Z cpu0:2097655)Jumpstart plugin restore-networking activated.
2026-01-10T07:55:27.810Z cpu0:2097655)Activating Jumpstart plugin random-seed.
2026-01-10T07:55:27.829Z cpu0:2097655)Jumpstart plugin random-seed activated.
2026-01-10T07:55:27.829Z cpu0:2097655)Activating Jumpstart plugin dvfilters.
2026-01-10T07:55:27.879Z cpu0:2097655)Jumpstart plugin dvfilters activated.
2026-01-10T07:55:27.879Z cpu0:2097655)Activating Jumpstart plugin restore-pxe-marker.
2026-01-10T07:55:27.879Z cpu0:2097655)Jumpstart plugin restore-pxe-marker activated.
2026-01-10T07:55:27.879Z cpu0:2097655)Activating Jumpstart plugin auto-configure-networking.
2026-01-10T07:55:27.880Z cpu0:2097655)Jumpstart plugin auto-configure-networking activated.
2026-01-10T07:55:27.880Z cpu0:2097655)Activating Jumpstart plugin storage-early-configuration.
2026-01-10T07:55:28.004Z cpu0:2097655)Jumpstart plugin storage-early-configuration activated.
2026-01-10T07:55:28.004Z cpu0:2097655)Activating Jumpstart plugin bnx2fc.
2026-01-10T07:55:28.005Z cpu0:2097655)Jumpstart plugin bnx2fc activated.
2026-01-10T07:55:28.005Z cpu0:2097655)Activating Jumpstart plugin software-iscsi.
2026-01-10T07:55:28.011Z cpu3:2097942)Loading module vmkibft ...
2026-01-10T07:55:28.014Z cpu3:2097942)Elf: 2101: module vmkibft has license VMware
2026-01-10T07:55:28.015Z cpu3:2097942)vmkibft: vmkibftEnumerateIbftStructure:237: Did not find any iBFT header.
2026-01-10T07:55:28.015Z cpu3:2097942)Mod: 4962: Initialization of vmkibft succeeded with module ID 67.
2026-01-10T07:55:28.015Z cpu3:2097942)vmkibft loaded successfully.
2026-01-10T07:55:28.018Z cpu0:2097655)Jumpstart plugin software-iscsi activated.
2026-01-10T07:55:28.018Z cpu0:2097655)Activating Jumpstart plugin mount-filesystems.
2026-01-10T07:55:28.039Z cpu19:2097943)FSS: 8148: Mounting fs vcfs (4306f359e640) with -o  on file descriptor 430717335a50
2026-01-10T07:55:28.039Z cpu19:2097943)VisorFSRam: 882: tmp with (2,256,256,8192,1777)
2026-01-10T07:55:28.039Z cpu19:2097943)FSS: 8148: Mounting fs visorfs (4306f359e670) with -o 2,256,256,8192,0,01777,tmp on file descriptor 430717335e30
2026-01-10T07:55:28.039Z cpu19:2097943)VisorFSRam: 882: iofilters with (0,32,0,10240,1700)
2026-01-10T07:55:28.039Z cpu19:2097943)FSS: 8148: Mounting fs visorfs (4306f359e670) with -o 0,32,0,10240,0,01700,iofilters on file descriptor 4307174c4f20
2026-01-10T07:55:28.039Z cpu19:2097943)VisorFSRam: 882: shm with (0,1024,0,512,1766)
2026-01-10T07:55:28.039Z cpu19:2097943)FSS: 8148: Mounting fs visorfs (4306f359e670) with -o 0,1024,0,512,0,01766,shm on file descriptor 4307173367e0
2026-01-10T07:55:28.040Z cpu0:2097655)Jumpstart plugin mount-filesystems activated.
2026-01-10T07:55:28.040Z cpu0:2097655)Activating Jumpstart plugin fcoe-config.
2026-01-10T07:55:28.047Z cpu10:2097944)Loading module vmkfbft ...
2026-01-10T07:55:28.050Z cpu10:2097944)Elf: 2101: module vmkfbft has license VMware
2026-01-10T07:55:28.050Z cpu10:2097944)vmkfbft: vmkfbftEnumerateFbftStructure:89: Did not find any FBFT header, status 0xbad0003:VMK_NOT_FOUND.
2026-01-10T07:55:28.050Z cpu10:2097944)WARNING: FBFT not enabled
2026-01-10T07:55:28.050Z cpu10:2097944)Mod: 4962: Initialization of vmkfbft succeeded with module ID 68.
2026-01-10T07:55:28.050Z cpu10:2097944)vmkfbft loaded successfully.
2026-01-10T07:55:28.061Z cpu0:2097655)Jumpstart plugin fcoe-config activated.
2026-01-10T07:55:28.061Z cpu0:2097655)Activating Jumpstart plugin storage-path-claim.
2026-01-10T07:55:28.541Z cpu16:2097766)qflge: qflge_resolve_flow_ctrl:2607: [vmnic0] Local flow control settings.
2026-01-10T07:55:28.541Z cpu16:2097766)qflge: qflge_resolve_flow_ctrl:2609: [vmnic0]    PAUSE capable.
2026-01-10T07:55:28.541Z cpu16:2097766)qflge: qflge_resolve_flow_ctrl:2614: [vmnic0] Remote flow control settings.
2026-01-10T07:55:28.541Z cpu16:2097766)qflge: qflge_report_link:2531: [vmnic0] NIC Copper Link is Up, 1000 Mbps full duplex
2026-01-10T07:55:28.541Z cpu16:2097766)qflge: qflge_report_link:2540: [vmnic0] Flow control OFF
2026-01-10T07:55:28.676Z cpu3:2097268)NetqueueBal: 4979: vmnic0: new netq module, reset logical space needed
2026-01-10T07:55:28.676Z cpu3:2097268)NetqueueBal: 5008: vmnic0: plugins to call differs, reset logical space
2026-01-10T07:55:28.676Z cpu3:2097268)NetqueueBal: 5044: vmnic0: device Up notification, reset logical space needed
2026-01-10T07:55:28.676Z cpu3:2097268)Uplink: 537: Driver claims supporting 0 RX queues, and 0 queues are accepted.
2026-01-10T07:55:28.676Z cpu3:2097268)Uplink: 533: Driver claims supporting 0 TX queues, and 0 queues are accepted.
2026-01-10T07:55:28.676Z cpu3:2097268)NetPort: 1580: disabled port 0x2000002
2026-01-10T07:55:28.676Z cpu4:2097936)NetSched: 654: vmnic0-0-tx: worldID = 2097936 exits
2026-01-10T07:55:28.676Z cpu3:2097268)Uplink: 11694: enabled port 0x2000002 with mac 5c:f3:fc:e8:46:f8
2026-01-10T07:55:28.677Z cpu3:2097268)qflge: qflge_uplink_cap_disable:1773: [vmnic0] HW always strips VLAN. SW insertion enabled in driver.
2026-01-10T07:55:28.677Z cpu3:2097268)qflge: qflge_uplink_cap_enable:1741: [vmnic0] HW always strips VLAN. SW insertion disabled in driver.
2026-01-10T07:55:28.849Z cpu20:2097735)vmkusb: umass_attach:1120: umass_attach: Attach device cached_name NULL, cached data ff
2026-01-10T07:55:29.145Z cpu21:2097780)Uplink: 11676: Device vusb0 not yet opened
2026-01-10T07:55:29.145Z cpu21:2097780)DMA: 679: DMA Engine 'vusb0-dma-engine' created using mapper 'DMANull'.
2026-01-10T07:55:29.145Z cpu21:2097780)Uplink: 13967: Opening device vusb0
2026-01-10T07:55:29.145Z cpu3:2097268)Uplink: 13816: Detected pseudo-NIC for 'vusb0'
2026-01-10T07:55:29.145Z cpu21:2097780)Uplink: 11694: enabled port 0x8 with mac 5e:f3:fc:e0:46:fb
2026-01-10T07:55:29.676Z cpu1:2097268)NetqueueBal: 4979: vusb0: new netq module, reset logical space needed
2026-01-10T07:55:29.676Z cpu1:2097268)NetqueueBal: 5008: vusb0: plugins to call differs, reset logical space
2026-01-10T07:55:29.676Z cpu1:2097268)NetqueueBal: 5044: vusb0: device Up notification, reset logical space needed
2026-01-10T07:55:29.676Z cpu1:2097268)NetPort: 1580: disabled port 0x8
2026-01-10T07:55:29.676Z cpu13:2097948)NetSched: 654: vusb0-0-tx: worldID = 2097948 exits
2026-01-10T07:55:29.676Z cpu1:2097268)Uplink: 11694: enabled port 0x8 with mac 5e:f3:fc:e0:46:fb
2026-01-10T07:55:29.851Z cpu15:2097691)vmkusb: umass_watchdog:1012: umass_watchdog: Register SIM for New Device with 0 sec(s) delay
2026-01-10T07:55:32.070Z cpu4:2097634)ScsiClaimrule: 2492: Enabling claimrules for MP plugins.
2026-01-10T07:55:32.071Z cpu4:2097634)StorageApdHandler: 977: APD Handle  Created with lock[StorageApd-0x430548ae9280]
2026-01-10T07:55:32.071Z cpu4:2097634)ScsiEvents: 501: Event Subsystem: Device Events, Created!
2026-01-10T07:55:32.071Z cpu4:2097634)VMWARE SCSI Id: Id for vmhba0:C2:T0:L0
0x60 0x06 0x05 0xb0 0x04 0x21 0x3b 0xc0 0x01 0xe2 0x93 0x50 0x3a 0xf4 0x9a 0xfb 0x53 0x65 0x72 0x76 0x65 0x52
2026-01-10T07:55:32.071Z cpu4:2097634)ScsiDeviceIO: 9855: Get VPD 86 Inquiry for device "naa.600605b004213bc001e293503af49afb" from Plugin "NMP" failed. Not supported
2026-01-10T07:55:32.071Z cpu4:2097634)ScsiDeviceIO: 8530: Could not detect setting of QErr for device naa.600605b004213bc001e293503af49afb. Error Not supported.
2026-01-10T07:55:32.071Z cpu4:2097634)ScsiDeviceIO: 9045: Could not detect setting of sitpua for device naa.600605b004213bc001e293503af49afb. Error Not supported.
2026-01-10T07:55:32.072Z cpu3:2097890)ScsiDeviceIO: 3470: Cmd(0x459a80fff6c0) 0x1a, CmdSN 0xe from world 0 to dev "naa.600605b004213bc001e293503af49afb" failed H:0x0 D:0x2 P:0x0 Valid sense data: 0x5 0x24 0x0.
2026-01-10T07:55:32.072Z cpu4:2097634)ScsiEvents: 300: EventSubsystem: Device Events, Event Mask: 40, Parameter: 0x430548ae8040, Registered!
2026-01-10T07:55:32.072Z cpu4:2097634)ScsiEvents: 300: EventSubsystem: Device Events, Event Mask: 200, Parameter: 0x430548ae8040, Registered!
2026-01-10T07:55:32.072Z cpu4:2097634)ScsiEvents: 300: EventSubsystem: Device Events, Event Mask: 800, Parameter: 0x430548ae8040, Registered!
2026-01-10T07:55:32.072Z cpu4:2097634)ScsiEvents: 300: EventSubsystem: Device Events, Event Mask: 400, Parameter: 0x430548ae8040, Registered!
2026-01-10T07:55:32.072Z cpu4:2097634)ScsiEvents: 300: EventSubsystem: Device Events, Event Mask: 8, Parameter: 0x430548ae8040, Registered!
2026-01-10T07:55:32.072Z cpu4:2097634)ScsiDevice: 5312: Successfully registered device "naa.600605b004213bc001e293503af49afb" from plugin "NMP" of type 0
2026-01-10T07:55:32.072Z cpu4:2097634)ScsiEvents: 300: EventSubsystem: Device Events, Event Mask: 180, Parameter: 0x430d3bc39e20, Registered!
2026-01-10T07:55:36.087Z cpu2:2097655)Jumpstart plugin storage-path-claim activated.
2026-01-10T07:55:36.087Z cpu2:2097655)Activating Jumpstart plugin vfat.
2026-01-10T07:55:36.091Z cpu8:2097950)Loading module vfat ...
2026-01-10T07:55:36.094Z cpu8:2097950)Elf: 2101: module vfat has license VMware
2026-01-10T07:55:36.095Z cpu8:2097950)FSS: 1147: Registered fs vfat, module 45, fsTypeNum 0xfa7
2026-01-10T07:55:36.095Z cpu8:2097950)VProbe: 803: Loaded   2 static probes from: vfat
2026-01-10T07:55:36.095Z cpu8:2097950)Mod: 4962: Initialization of vfat succeeded with module ID 69.
2026-01-10T07:55:36.095Z cpu8:2097950)vfat loaded successfully.
2026-01-10T07:55:36.098Z cpu2:2097655)Jumpstart plugin vfat activated.
2026-01-10T07:55:36.098Z cpu2:2097655)Activating Jumpstart plugin restore-paths.
2026-01-10T07:55:36.100Z cpu2:2097655)Jumpstart plugin restore-paths activated.
2026-01-10T07:55:36.100Z cpu2:2097655)Activating Jumpstart plugin filesystem-drivers.
2026-01-10T07:55:36.104Z cpu4:2097951)Loading module lvmdriver ...
2026-01-10T07:55:36.107Z cpu4:2097951)Elf: 2101: module lvmdriver has license VMware
2026-01-10T07:55:36.109Z cpu4:2097951)LVM: 1053: LVM max heap size: 32768KB
2026-01-10T07:55:36.109Z cpu4:2097951)FDS: 414: Registered FDS Driver lvm
2026-01-10T07:55:36.109Z cpu4:2097951)Mod: 4962: Initialization of lvmdriver succeeded with module ID 70.
2026-01-10T07:55:36.109Z cpu4:2097951)lvmdriver loaded successfully.
2026-01-10T07:55:36.119Z cpu18:2097952)Loading module deltadisk ...
2026-01-10T07:55:36.122Z cpu18:2097952)Elf: 2101: module deltadisk has license VMware
2026-01-10T07:55:36.127Z cpu18:2097952)Cow: 98: COW maximum heap Size :1280 MB
2026-01-10T07:55:36.127Z cpu18:2097952)FDS: 414: Registered FDS Driver deltadisks
2026-01-10T07:55:36.127Z cpu18:2097952)VmfsSparse: 9171: VMFSSparse max memory pool size : 162 MB
2026-01-10T07:55:36.134Z cpu18:2097952)VmfsSparse: 783: COW root entry cache initialized with highWater 1481 MB, lowWater 1325 MB
2026-01-10T07:55:36.135Z cpu18:2097952)SESparse: 297: SESparse Memory Size :3071 MB
2026-01-10T07:55:36.137Z cpu18:2097952)Mod: 4962: Initialization of deltadisk succeeded with module ID 71.
2026-01-10T07:55:36.137Z cpu18:2097952)deltadisk loaded successfully.
2026-01-10T07:55:36.144Z cpu4:2097979)Loading module vdfm ...
2026-01-10T07:55:36.147Z cpu4:2097979)Elf: 2101: module vdfm has license VMware
2026-01-10T07:55:36.147Z cpu4:2097979)FDS: 414: Registered FDS Driver vdfm
2026-01-10T07:55:36.147Z cpu4:2097979)VDFM: 144: Successfully loaded VDFM module
2026-01-10T07:55:36.147Z cpu4:2097979)Mod: 4962: Initialization of vdfm succeeded with module ID 72.
2026-01-10T07:55:36.147Z cpu4:2097979)vdfm loaded successfully.
2026-01-10T07:55:36.150Z cpu2:2097655)Jumpstart plugin filesystem-drivers activated.
2026-01-10T07:55:36.150Z cpu2:2097655)Activating Jumpstart plugin restore-bootbanks.
2026-01-10T07:55:36.167Z cpu10:2097404)NRandom: 545: Entropy INTR health check passed
2026-01-10T07:55:36.187Z cpu3:2097696)WARNING: ScsiPath: 9274: Adapter Invalid does not exist
2026-01-10T07:55:36.187Z cpu19:2097698)WARNING: PCI: 1211: 0000:00:1d.7 is nameless
2026-01-10T07:55:36.187Z cpu19:2097698)VMK_PCI: 395: Device 0000:00:1d.7 has no name
2026-01-10T07:55:36.187Z cpu19:2097698)PCI: 1256: 0000:00:1d.7 named 'vmhba32' (was '')
2026-01-10T07:55:36.187Z cpu19:2097698)DMA: 679: DMA Engine 'vmhba32' created using mapper 'DMANull'.
2026-01-10T07:55:36.188Z cpu11:2097634)VC: 4616: Device rescan time 20 msec (total number of devices 4)
2026-01-10T07:55:36.188Z cpu11:2097634)VC: 4619: Filesystem probe time 18 msec (devices probed 4 of 4)
2026-01-10T07:55:36.188Z cpu11:2097634)VC: 4621: Refresh open volume time 0 msec
2026-01-10T07:55:36.196Z cpu2:2097655)Jumpstart plugin restore-bootbanks activated.
2026-01-10T07:55:36.196Z cpu2:2097655)Activating Jumpstart plugin vsan-base.
2026-01-10T07:55:36.196Z cpu2:2097655)Jumpstart plugin vsan-base activated.
2026-01-10T07:55:36.196Z cpu2:2097655)Activating Jumpstart plugin restore-resource-groups.
2026-01-10T07:55:36.197Z cpu2:2097655)Jumpstart plugin restore-resource-groups activated.
2026-01-10T07:55:36.197Z cpu2:2097655)Activating Jumpstart plugin gss.
2026-01-10T07:55:36.199Z cpu0:2097265)ScsiUid: 304: Path 'vmhba32:C0:T0:L0' does not support VPD Device Id page.
2026-01-10T07:55:36.199Z cpu0:2097265)ScsiScan: 1268: Path 'vmhba32:C0:T0:L0' : No standard UID: Failure. ANSI version 'SCSI-2' (0x2).
2026-01-10T07:55:36.200Z cpu0:2097265)VMWARE SCSI Id: Could not get disk id for vmhba32:C0:T0:L0
2026-01-10T07:55:36.201Z cpu0:2097265)ScsiUid: 304: Path 'vmhba32:C0:T0:L0' does not support VPD Device Id page.
2026-01-10T07:55:36.201Z cpu0:2097265)VMWARE SCSI Id: Could not get disk id for vmhba32:C0:T0:L0
2026-01-10T07:55:36.201Z cpu0:2097265)StorageApdHandler: 977: APD Handle  Created with lock[StorageApd-0x430548af0ad0]
2026-01-10T07:55:36.201Z cpu0:2097265)ScsiEvents: 501: Event Subsystem: Device Events, Created!
2026-01-10T07:55:36.202Z cpu6:2097980)Loading module gss ...
2026-01-10T07:55:36.202Z cpu0:2097265)VMWARE SCSI Id: Could not get disk id for vmhba32:C0:T0:L0
2026-01-10T07:55:36.202Z cpu0:2097265)ScsiDeviceIO: 9808: Get VPD 80 Inquiry for device "mpx.vmhba32:C0:T0:L0" from Plugin "NMP" failed. Not supported
2026-01-10T07:55:36.202Z cpu0:2097265)ScsiDeviceIO: 9818: Get VPD 83 Inquiry for device "mpx.vmhba32:C0:T0:L0" from Plugin "NMP" failed. Not supported
2026-01-10T07:55:36.202Z cpu0:2097265)ScsiDeviceIO: 9855: Get VPD 86 Inquiry for device "mpx.vmhba32:C0:T0:L0" from Plugin "NMP" failed. Not supported
2026-01-10T07:55:36.202Z cpu1:2097265)ScsiDeviceIO: 8547: QErr is correctly set to 0x0 for device mpx.vmhba32:C0:T0:L0.
2026-01-10T07:55:36.202Z cpu11:2097196)NMP: nmp_ThrottleLogForDevice:3872: Cmd 0x1a (0x459a80ff7ec0, 0) to dev "mpx.vmhba32:C0:T0:L0" on path "vmhba32:C0:T0:L0" Failed: H:0x0 D:0x2 P:0x0 Valid sense data: 0x5 0x0 0x0. Act:NONE
2026-01-10T07:55:36.202Z cpu11:2097196)ScsiDeviceIO: 3484: Cmd(0x459a80ff7ec0) 0x1a, CmdSN 0x82 from world 0 to dev "mpx.vmhba32:C0:T0:L0" failed H:0x0 D:0x2 P:0x0 Valid sense data: 0x5 0x0 0x0.
2026-01-10T07:55:36.202Z cpu1:2097265)ScsiDeviceIO: 9045: Could not detect setting of sitpua for device mpx.vmhba32:C0:T0:L0. Error Not supported.
2026-01-10T07:55:36.205Z cpu6:2097980)Elf: 2101: module gss has license VMware
2026-01-10T07:55:36.206Z cpu6:2097980)Mod: 4962: Initialization of gss succeeded with module ID 73.
2026-01-10T07:55:36.206Z cpu6:2097980)gss loaded successfully.
2026-01-10T07:55:36.209Z cpu2:2097655)Jumpstart plugin gss activated.
2026-01-10T07:55:36.209Z cpu2:2097655)Activating Jumpstart plugin vsan-devel.
2026-01-10T07:55:36.277Z cpu13:2097981)Config: 703: "DevelBootDelay" = 0, Old Value: 0, (Status: 0x0)
2026-01-10T07:55:36.291Z cpu2:2097655)Jumpstart plugin vsan-devel activated.
2026-01-10T07:55:36.291Z cpu2:2097655)Activating Jumpstart plugin vmfs.
2026-01-10T07:55:36.347Z cpu21:2097983)Loading module vmfs3 ...
2026-01-10T07:55:36.352Z cpu21:2097983)Elf: 2101: module vmfs3 has license VMware
2026-01-10T07:55:36.365Z cpu21:2097983)Vol3: 271: Destroy log channel for global trace handle
2026-01-10T07:55:36.365Z cpu15:2097984)FS3Stats: 2307: FS3 Stats world started (stat data 0x417fd2658320)
2026-01-10T07:55:36.365Z cpu21:2097983)Vol3: 311: Trace disable for volume vmfsGlobalTrace (dataTracing 0, size 8MB, status Success)
2026-01-10T07:55:36.370Z cpu21:2097983)PB3: 668: 'VMFS6': Open Addressable Space for FS major v24 [0 , 32] TB => [2052 absMin, 0 min, 65664 max] PBs; obj size 4288, au 1048576, alignment 4096 (Slab mem usage [0 KB, 274968 KB])
2026-01-10T07:55:36.370Z cpu21:2097983)PB3: 719: FS major v24 PB global cache 'VMFS6-PB3-PBGC-4096-cache-unit' initialized with max size 268 MB, highWater 255 MB, lowWater 214 MB (NLRU)
2026-01-10T07:55:36.382Z cpu21:2097983)Res6: 657: 'AffMgr-LFBC-Slab': slab initialization for [256, 8192] KB => [56, 1807] LFBCs: Success
2026-01-10T07:55:36.382Z cpu21:2097983)Res6: 670: 'Res6AffinityMgrWorld': system world creation: Success
2026-01-10T07:55:36.382Z cpu21:2097983)Res6: 684: 'AffMgr-Helper-Queue': helper queue creation: Success
2026-01-10T07:55:36.394Z cpu21:2097983)Vol3: 2092: 'Vol3JournalExtendMgrWorld': system world creation: Success
2026-01-10T07:55:36.394Z cpu21:2097983)Fil3: 772: fdUnlockMgr Enabled
2026-01-10T07:55:36.394Z cpu21:2097983)Fil3: 785: 'FS3FdUnlockMgr': system world creation: Success
2026-01-10T07:55:36.394Z cpu21:2097983)FSDisk: 633: Initialized SCSI-3 registration key: 5cf3fce846f8
2026-01-10T07:55:36.394Z cpu21:2097983)FSS: 1147: Registered fs vmfs-l, module 4a, fsTypeNum 0xf531
2026-01-10T07:55:36.394Z cpu21:2097983)FSS: 1147: Registered fs vmfs3, module 4a, fsTypeNum 0xf530
2026-01-10T07:55:36.394Z cpu21:2097983)FSS: 1147: Registered fs vmfs6l, module 4a, fsTypeNum 0xf533
2026-01-10T07:55:36.394Z cpu21:2097983)FSS: 1147: Registered fs vmfs6, module 4a, fsTypeNum 0xf532
2026-01-10T07:55:36.394Z cpu21:2097983)VProbe: 803: Loaded  28 static probes from: vmfs3
2026-01-10T07:55:36.394Z cpu21:2097983)Mod: 4962: Initialization of vmfs3 succeeded with module ID 74.
2026-01-10T07:55:36.394Z cpu21:2097983)vmfs3 loaded successfully.
2026-01-10T07:55:36.399Z cpu2:2097655)Jumpstart plugin vmfs activated.
2026-01-10T07:55:36.399Z cpu2:2097655)Activating Jumpstart plugin dump-partition.
2026-01-10T07:55:36.401Z cpu2:2097655)Jumpstart plugin dump-partition activated.
2026-01-10T07:55:36.401Z cpu2:2097655)Activating Jumpstart plugin rpc.
2026-01-10T07:55:36.406Z cpu15:2098302)Loading module sunrpc ...
2026-01-10T07:55:36.409Z cpu15:2098302)Elf: 2101: module sunrpc has license VMware
2026-01-10T07:55:36.412Z cpu15:2098302)VProbe: 803: Loaded   5 static probes from: sunrpc
2026-01-10T07:55:36.412Z cpu15:2098302)Mod: 4962: Initialization of sunrpc succeeded with module ID 75.
2026-01-10T07:55:36.412Z cpu15:2098302)sunrpc loaded successfully.
2026-01-10T07:55:36.414Z cpu0:2097655)Jumpstart plugin rpc activated.
2026-01-10T07:55:36.414Z cpu0:2097655)Activating Jumpstart plugin vsan.
2026-01-10T07:55:36.419Z cpu16:2098306)Loading module vmklink_mpi ...
2026-01-10T07:55:36.422Z cpu16:2098306)Elf: 2101: module vmklink_mpi has license VMware
2026-01-10T07:55:36.423Z cpu16:2098306)Mod: 4962: Initialization of vmklink_mpi succeeded with module ID 76.
2026-01-10T07:55:36.423Z cpu16:2098306)vmklink_mpi loaded successfully.
2026-01-10T07:55:36.426Z cpu16:2098306)Loading module swapobj ...
2026-01-10T07:55:36.428Z cpu16:2098306)Elf: 2101: module swapobj has license VMware
2026-01-10T07:55:36.430Z cpu16:2098306)SwapObj: 63: SwapObj backend registration successful.
2026-01-10T07:55:36.430Z cpu16:2098306)Mod: 4962: Initialization of swapobj succeeded with module ID 77.
2026-01-10T07:55:36.430Z cpu16:2098306)swapobj loaded successfully.
2026-01-10T07:55:36.433Z cpu0:2097655)Jumpstart plugin vsan activated.
2026-01-10T07:55:36.433Z cpu0:2097655)Activating Jumpstart plugin krb5.
2026-01-10T07:55:36.462Z cpu0:2097655)Jumpstart plugin krb5 activated.
2026-01-10T07:55:36.462Z cpu0:2097655)Activating Jumpstart plugin etc-hosts.
2026-01-10T07:55:36.462Z cpu0:2097655)Jumpstart plugin etc-hosts activated.
2026-01-10T07:55:36.462Z cpu0:2097655)Activating Jumpstart plugin nfs.
2026-01-10T07:55:36.467Z cpu2:2098308)Loading module nfsclient ...
2026-01-10T07:55:36.470Z cpu2:2098308)Elf: 2101: module nfsclient has license VMware
2026-01-10T07:55:36.473Z cpu2:2098308)FSS: 1147: Registered fs nfs, module 4e, fsTypeNum 0xb00f
2026-01-10T07:55:36.473Z cpu2:2098308)NFS: 104: Multiple outstanding NFS requests are supported
2026-01-10T07:55:36.473Z cpu2:2098308)VProbe: 803: Loaded   3 static probes from: nfsclient
2026-01-10T07:55:36.473Z cpu2:2098308)Mod: 4962: Initialization of nfsclient succeeded with module ID 78.
2026-01-10T07:55:36.473Z cpu2:2098308)nfsclient loaded successfully.
2026-01-10T07:55:36.476Z cpu0:2097655)Jumpstart plugin nfs activated.
2026-01-10T07:55:36.476Z cpu0:2097655)Activating Jumpstart plugin nfs41.
2026-01-10T07:55:36.483Z cpu0:2098312)Loading module nfs41client ...
2026-01-10T07:55:36.486Z cpu0:2098312)Elf: 2101: module nfs41client has license VMware
2026-01-10T07:55:36.495Z cpu0:2098312)NFS41: NFS41ClientInfoInit:467: co_ownerid 3a4fce74-dcaf-bab0-d120-5cf3fce846f8
2026-01-10T07:55:36.495Z cpu0:2098312)NFS41: NFS41ClientInfoInit:515: IO scheduler is enabled
2026-01-10T07:55:36.495Z cpu0:2098312)FSS: 1147: Registered fs NFS41, module 4f, fsTypeNum 0x2f54
2026-01-10T07:55:36.495Z cpu0:2098312)VProbe: 803: Loaded   5 static probes from: nfs41client
2026-01-10T07:55:36.495Z cpu0:2098312)Mod: 4962: Initialization of nfs41client succeeded with module ID 79.
2026-01-10T07:55:36.495Z cpu0:2098312)nfs41client loaded successfully.
2026-01-10T07:55:36.498Z cpu2:2097655)Jumpstart plugin nfs41 activated.
2026-01-10T07:55:36.498Z cpu2:2097655)Activating Jumpstart plugin mount-disk-fs.
2026-01-10T07:55:36.644Z cpu0:2097206)NRandom: 811: random: nonblocking pool is initialized
2026-01-10T07:55:36.887Z cpu3:2097890)ScsiDeviceIO: 3470: Cmd(0x459a80fea900) 0x1a, CmdSN 0x101 from world 0 to dev "naa.600605b004213bc001e293503af49afb" failed H:0x0 D:0x2 P:0x0 Valid sense data: 0x5 0x24 0x0.
2026-01-10T07:55:36.888Z cpu4:2097418)FSS: 2827: Failed to probe device mpx.vmhba32:C0:T0:L0:6 : Busy
2026-01-10T07:55:36.888Z cpu4:2097418)FSS: 2881: Failed to probe device mpx.vmhba32:C0:T0:L0:6 : Busy
2026-01-10T07:55:36.893Z cpu3:2097890)ScsiDeviceIO: 3470: Cmd(0x459a80fe8ec0) 0x1a, CmdSN 0x16a from world 0 to dev "naa.600605b004213bc001e293503af49afb" failed H:0x0 D:0x2 P:0x0 Valid sense data: 0x5 0x24 0x0.
2026-01-10T07:55:37.371Z cpu0:2097415)WARNING: NFS: 1226: Invalid volume UUID mpx.vmhba32:C0:T0:L0:8
2026-01-10T07:55:37.419Z cpu11:2097265)FSS: 2881: Failed to probe device mpx.vmhba32:C0:T0:L0:8 : Busy
2026-01-10T07:55:37.419Z cpu11:2097265)ScsiEvents: 300: EventSubsystem: Device Events, Event Mask: 40, Parameter: 0x430548aefb40, Registered!
2026-01-10T07:55:37.419Z cpu11:2097265)ScsiEvents: 300: EventSubsystem: Device Events, Event Mask: 200, Parameter: 0x430548aefb40, Registered!
2026-01-10T07:55:37.419Z cpu11:2097265)ScsiEvents: 300: EventSubsystem: Device Events, Event Mask: 800, Parameter: 0x430548aefb40, Registered!
2026-01-10T07:55:37.419Z cpu11:2097265)ScsiEvents: 300: EventSubsystem: Device Events, Event Mask: 400, Parameter: 0x430548aefb40, Registered!
2026-01-10T07:55:37.419Z cpu11:2097265)ScsiEvents: 300: EventSubsystem: Device Events, Event Mask: 8, Parameter: 0x430548aefb40, Registered!
2026-01-10T07:55:37.419Z cpu11:2097265)ScsiDevice: 5312: Successfully registered device "mpx.vmhba32:C0:T0:L0" from plugin "NMP" of type 0
2026-01-10T07:55:37.420Z cpu11:2097265)ScsiEvents: 300: EventSubsystem: Device Events, Event Mask: 180, Parameter: 0x430d3bc3a8a0, Registered!
2026-01-10T07:55:37.628Z cpu2:2097634)VC: 4616: Device rescan time 389 msec (total number of devices 7)
2026-01-10T07:55:37.628Z cpu2:2097634)VC: 4619: Filesystem probe time 739 msec (devices probed 7 of 7)
2026-01-10T07:55:37.628Z cpu2:2097634)VC: 4621: Refresh open volume time 0 msec
2026-01-10T07:55:37.663Z cpu2:2097634)WARNING: NFS: 1226: Invalid volume UUID 3a4fd8ce-f2fb6b00-6359-5cf3fce846f8
2026-01-10T07:55:37.729Z cpu2:2097634)LVM: 16776: File system '[datastore1, 3a4fd8ce-fc4375c4-effb-5cf3fce846f8]' (LV 3a4fd8ce-f2fb6b00-6359-5cf3fce846f8) mounted in 'rw' mode.
2026-01-10T07:55:37.729Z cpu0:2097655)Jumpstart plugin mount-disk-fs activated.
2026-01-10T07:55:37.729Z cpu0:2097655)Activating Jumpstart plugin auto-configure-pmem.
2026-01-10T07:55:38.337Z cpu0:2097655)Jumpstart plugin auto-configure-pmem activated.
2026-01-10T07:55:38.337Z cpu0:2097655)Activating Jumpstart plugin restore-nfs-volumes.
2026-01-10T07:55:38.339Z cpu0:2097655)Jumpstart plugin restore-nfs-volumes activated.
2026-01-10T07:55:38.339Z cpu0:2097655)Activating Jumpstart plugin auto-configure-storage.
2026-01-10T07:55:38.339Z cpu0:2097655)Jumpstart plugin auto-configure-storage activated.
2026-01-10T07:55:38.339Z cpu0:2097655)Activating Jumpstart plugin configure-locker.
2026-01-10T07:55:38.496Z cpu0:2097655)Jumpstart plugin configure-locker activated.
2026-01-10T07:55:38.496Z cpu0:2097655)Activating Jumpstart plugin restore-host-cache.
2026-01-10T07:55:38.506Z cpu0:2097655)Jumpstart plugin restore-host-cache activated.
2026-01-10T07:55:38.506Z cpu0:2097655)Activating Jumpstart plugin pciPassthru.
2026-01-10T07:55:38.529Z cpu17:2098328)Loading module pciPassthru ...
2026-01-10T07:55:38.532Z cpu17:2098328)Elf: 2101: module pciPassthru has license VMware
2026-01-10T07:55:38.534Z cpu17:2098328)Device: 192: Registered driver 'PCIPassthru' from 80
2026-01-10T07:55:38.534Z cpu17:2098328)Mod: 4962: Initialization of pciPassthru succeeded with module ID 80.
2026-01-10T07:55:38.534Z cpu17:2098328)pciPassthru loaded successfully.
2026-01-10T07:55:38.536Z cpu0:2097655)Jumpstart plugin pciPassthru activated.
2026-01-10T07:55:38.536Z cpu0:2097655)Activating Jumpstart plugin vflash.
2026-01-10T07:55:38.555Z cpu11:2098330)Loading module vflash ...
2026-01-10T07:55:38.558Z cpu11:2098330)Elf: 2101: module vflash has license VMware
2026-01-10T07:55:38.559Z cpu11:2098330)FDS: 414: Registered FDS Driver vflash
2026-01-10T07:55:38.560Z cpu11:2098330)Mod: 4962: Initialization of vflash succeeded with module ID 81.
2026-01-10T07:55:38.560Z cpu11:2098330)vflash loaded successfully.
2026-01-10T07:55:38.563Z cpu0:2097655)Jumpstart plugin vflash activated.
2026-01-10T07:55:38.563Z cpu0:2097655)Activating Jumpstart plugin dump-file.
2026-01-10T07:55:38.615Z cpu0:2097655)Jumpstart plugin dump-file activated.
2026-01-10T07:55:38.615Z cpu0:2097655)Activating Jumpstart plugin coredump-partition-boot-device-expand.
2026-01-10T07:55:38.795Z cpu0:2097655)Jumpstart plugin coredump-partition-boot-device-expand activated.
2026-01-10T07:55:38.795Z cpu0:2097655)Activating Jumpstart plugin iofilters.
2026-01-10T07:55:38.815Z cpu2:2098347)Loading module filtmod ...
2026-01-10T07:55:38.818Z cpu2:2098347)Elf: 2101: module filtmod has license VMware
2026-01-10T07:55:38.820Z cpu2:2098347)VDFM: 716: Successfully registered VDFM filter FiltMod.
2026-01-10T07:55:38.821Z cpu2:2098347)Mod: 4962: Initialization of filtmod succeeded with module ID 82.
2026-01-10T07:55:38.821Z cpu2:2098347)filtmod loaded successfully.
2026-01-10T07:55:38.823Z cpu0:2097655)Jumpstart plugin iofilters activated.
2026-01-10T07:55:38.823Z cpu0:2097655)Activating Jumpstart plugin vsan-late.
2026-01-10T07:55:38.829Z cpu0:2097655)Jumpstart plugin vsan-late activated.
2026-01-10T07:55:38.829Z cpu0:2097655)Activating Jumpstart plugin restore-system-swap.
2026-01-10T07:55:39.045Z cpu0:2097655)Jumpstart plugin restore-system-swap activated.
2026-01-10T07:55:39.045Z cpu0:2097655)Activating Jumpstart plugin bootimgdb.
2026-01-10T07:55:39.102Z cpu0:2097655)Jumpstart plugin bootimgdb activated.
2026-01-10T07:55:39.102Z cpu0:2097655)Activating Jumpstart plugin oem-modules.
2026-01-10T07:55:39.153Z cpu0:2097655)Jumpstart plugin oem-modules activated.
2026-01-10T07:55:39.153Z cpu0:2097655)Activating Jumpstart plugin procMisc.
2026-01-10T07:55:39.158Z cpu19:2098353)Loading module procMisc ...
2026-01-10T07:55:39.160Z cpu19:2098353)Elf: 2101: module procMisc has license VMware
2026-01-10T07:55:39.160Z cpu19:2098353)Mod: 4962: Initialization of procMisc succeeded with module ID 83.
2026-01-10T07:55:39.160Z cpu19:2098353)procMisc loaded successfully.
2026-01-10T07:55:39.163Z cpu0:2097655)Jumpstart plugin procMisc activated.
2026-01-10T07:55:39.163Z cpu0:2097655)Activating Jumpstart plugin restore-security-policies.
2026-01-10T07:55:39.171Z cpu11:2097163)LVM: 16795: One or more LVM devices have been discovered.
2026-01-10T07:55:39.228Z cpu0:2097655)Jumpstart plugin restore-security-policies activated.
2026-01-10T07:55:39.228Z cpu0:2097655)Activating Jumpstart plugin apei.
2026-01-10T07:55:39.294Z cpu16:2098356)Loading module vmkapei ...
2026-01-10T07:55:39.297Z cpu16:2098356)Elf: 2101: module vmkapei has license VMware
2026-01-10T07:55:39.298Z cpu16:2098356)WARNING: APEI: 290: Could not initialize HEST
2026-01-10T07:55:39.298Z cpu16:2098356)WARNING: APEI: 319: Could not initialize EINJ
2026-01-10T07:55:39.298Z cpu16:2098356)Mod: 4962: Initialization of vmkapei succeeded with module ID 84.
2026-01-10T07:55:39.298Z cpu16:2098356)vmkapei loaded successfully.
2026-01-10T07:55:39.303Z cpu0:2097655)Jumpstart plugin apei activated.
2026-01-10T07:55:39.303Z cpu0:2097655)Activating Jumpstart plugin crond.
2026-01-10T07:55:39.324Z cpu0:2097655)Jumpstart plugin crond activated.
2026-01-10T07:55:39.324Z cpu0:2097655)Activating Jumpstart plugin rdma-vmkapi-compatibility.
2026-01-10T07:55:39.398Z cpu5:2098361)Loading module nrdma ...
2026-01-10T07:55:39.401Z cpu5:2098361)Elf: 2101: module nrdma has license BSD
2026-01-10T07:55:39.411Z cpu5:2098361)Device: 192: Registered driver 'rdmaDriver' from 85
2026-01-10T07:55:39.416Z cpu5:2098361)Mod: 4962: Initialization of nrdma succeeded with module ID 85.
2026-01-10T07:55:39.416Z cpu5:2098361)nrdma loaded successfully.
2026-01-10T07:55:39.423Z cpu5:2098361)Loading module nrdma_vmkapi_shim ...
2026-01-10T07:55:39.425Z cpu5:2098361)Elf: 2101: module nrdma_vmkapi_shim has license VMware
2026-01-10T07:55:39.426Z cpu5:2098361)Mod: 4962: Initialization of nrdma_vmkapi_shim succeeded with module ID 86.
2026-01-10T07:55:39.426Z cpu5:2098361)nrdma_vmkapi_shim loaded successfully.
2026-01-10T07:55:39.433Z cpu5:2098361)Loading module vmkapi_v2_4_0_0_rdma_shim ...
2026-01-10T07:55:39.435Z cpu5:2098361)Elf: 2101: module vmkapi_v2_4_0_0_rdma_shim has license VMware
2026-01-10T07:55:39.435Z cpu5:2098361)Vmkapiv2_4_0_0RdmaShim: init_module:92: Shim for rdma vmkapi 2.4.0-0 to vmkapi 2.5.0-0 is active.
2026-01-10T07:55:39.435Z cpu5:2098361)Mod: 4962: Initialization of vmkapi_v2_4_0_0_rdma_shim succeeded with module ID 87.
2026-01-10T07:55:39.435Z cpu5:2098361)vmkapi_v2_4_0_0_rdma_shim loaded successfully.
2026-01-10T07:55:39.455Z cpu15:2098411)Loading module vmkapi_v2_3_0_0_rdma_shim ...
2026-01-10T07:55:39.458Z cpu15:2098411)Elf: 2101: module vmkapi_v2_3_0_0_rdma_shim has license VMware
2026-01-10T07:55:39.458Z cpu15:2098411)Vmkapiv2_3_0_0RdmaShim: init_module:620: Shim for rdma vmkapi 2.3.0-0 to vmkapi 2.5.0-0 is active.
2026-01-10T07:55:39.458Z cpu15:2098411)Mod: 4962: Initialization of vmkapi_v2_3_0_0_rdma_shim succeeded with module ID 88.
2026-01-10T07:55:39.458Z cpu15:2098411)vmkapi_v2_3_0_0_rdma_shim loaded successfully.
2026-01-10T07:55:39.463Z cpu0:2097655)Jumpstart plugin rdma-vmkapi-compatibility activated.
2026-01-10T07:55:39.463Z cpu0:2097655)Activating Jumpstart plugin ipmi.
2026-01-10T07:55:39.541Z cpu21:2098413)Loading module ipmi ...
2026-01-10T07:55:39.544Z cpu21:2098413)Elf: 2101: module ipmi has license VMware
2026-01-10T07:55:39.547Z cpu21:2098413)ipmi: ACPI IPMI Entry: Address: 0xca2, System Interface: 0, Map Type: 0
2026-01-10T07:55:39.547Z cpu21:2098413)ipmi: SMBIOS IPMI Entry: Address: 0xca2, System Interface: 0, Alignment: 1, Map Type: 0
2026-01-10T07:55:39.547Z cpu21:2098413)IOResource: 331: Registered resource 0x4306f2a16570 from module 0 type 3 @ ca2 len=2
2026-01-10T07:55:39.547Z cpu21:2098413)ipmi: KCS Port Map: Command Port: 0xca3 Data Port: 0xca2
2026-01-10T07:55:39.560Z cpu21:2098413)Mod: 4962: Initialization of ipmi succeeded with module ID 89.
2026-01-10T07:55:39.560Z cpu21:2098413)ipmi loaded successfully.
2026-01-10T07:55:39.565Z cpu0:2097655)Jumpstart plugin ipmi activated.
2026-01-10T07:55:39.565Z cpu0:2097655)Activating Jumpstart plugin restore-keymap.
2026-01-10T07:55:39.566Z cpu0:2097655)Jumpstart plugin restore-keymap activated.
2026-01-10T07:55:39.566Z cpu0:2097655)Activating Jumpstart plugin nmp-vmkapi-compatibility.
2026-01-10T07:55:39.630Z cpu16:2098418)Loading module vmkapi_v2_3_0_0_nmp_shim ...
2026-01-10T07:55:39.633Z cpu16:2098418)Elf: 2101: module vmkapi_v2_3_0_0_nmp_shim has license VMware
2026-01-10T07:55:39.633Z cpu16:2098418)Vmkapiv2_3_0_0NmpShim: init_module:157: Shim for nmp vmkapi 2.3.0-0 to vmkapi 2.5.0-0 is active.
2026-01-10T07:55:39.633Z cpu16:2098418)Mod: 4962: Initialization of vmkapi_v2_3_0_0_nmp_shim succeeded with module ID 90.
2026-01-10T07:55:39.633Z cpu16:2098418)vmkapi_v2_3_0_0_nmp_shim loaded successfully.
2026-01-10T07:55:39.650Z cpu18:2098419)Loading module vmkapi_v2_4_0_0_nmp_shim ...
2026-01-10T07:55:39.652Z cpu18:2098419)Elf: 2101: module vmkapi_v2_4_0_0_nmp_shim has license VMware
2026-01-10T07:55:39.653Z cpu18:2098419)Vmkapiv2_4_0_0NmpShim: init_module:161: Shim for nmp vmkapi 2.4.0-0 to vmkapi 2.5.0-0 is active.
2026-01-10T07:55:39.653Z cpu18:2098419)Mod: 4962: Initialization of vmkapi_v2_4_0_0_nmp_shim succeeded with module ID 91.
2026-01-10T07:55:39.653Z cpu18:2098419)vmkapi_v2_4_0_0_nmp_shim loaded successfully.
2026-01-10T07:55:39.670Z cpu17:2098420)Loading module vmkapi_v2_2_0_0_nmp_shim ...
2026-01-10T07:55:39.672Z cpu17:2098420)Elf: 2101: module vmkapi_v2_2_0_0_nmp_shim has license VMware
2026-01-10T07:55:39.673Z cpu17:2098420)Vmkapiv2_2_0_0NmpShim: init_module:158: Shim for nmp vmkapi 2.2.0-0 to vmkapi 2.5.0-0 is active.
2026-01-10T07:55:39.673Z cpu17:2098420)Mod: 4962: Initialization of vmkapi_v2_2_0_0_nmp_shim succeeded with module ID 92.
2026-01-10T07:55:39.673Z cpu17:2098420)vmkapi_v2_2_0_0_nmp_shim loaded successfully.
2026-01-10T07:55:39.678Z cpu0:2097655)Jumpstart plugin nmp-vmkapi-compatibility activated.
2026-01-10T07:55:39.678Z cpu0:2097655)Activating Jumpstart plugin iscsi-vmkapi-compatibility.
2026-01-10T07:55:39.743Z cpu11:2098422)Loading module vmkapi_v2_4_0_0_iscsi_shim ...
2026-01-10T07:55:39.745Z cpu11:2098422)Elf: 2101: module vmkapi_v2_4_0_0_iscsi_shim has license VMware
2026-01-10T07:55:39.746Z cpu11:2098422)Vmkapiv2_4_0_0IscsiShim: init_module:89: Shim for iscsi vmkapi 2.4.0-0 to vmkapi 2.5.0-0 is active.
2026-01-10T07:55:39.746Z cpu11:2098422)Mod: 4962: Initialization of vmkapi_v2_4_0_0_iscsi_shim succeeded with module ID 93.
2026-01-10T07:55:39.746Z cpu11:2098422)vmkapi_v2_4_0_0_iscsi_shim loaded successfully.
2026-01-10T07:55:39.765Z cpu15:2098423)Loading module vmkapi_v2_3_0_0_iscsi_shim ...
2026-01-10T07:55:39.768Z cpu15:2098423)Elf: 2101: module vmkapi_v2_3_0_0_iscsi_shim has license VMware
2026-01-10T07:55:39.768Z cpu15:2098423)Vmkapiv2_3_0_0IscsiShim: init_module:85: Shim for iscsi vmkapi 2.3.0-0 to vmkapi 2.5.0-0 is active.
2026-01-10T07:55:39.768Z cpu15:2098423)Mod: 4962: Initialization of vmkapi_v2_3_0_0_iscsi_shim succeeded with module ID 94.
2026-01-10T07:55:39.768Z cpu15:2098423)vmkapi_v2_3_0_0_iscsi_shim loaded successfully.
2026-01-10T07:55:39.787Z cpu20:2098424)Loading module vmkapi_v2_2_0_0_iscsi_shim ...
2026-01-10T07:55:39.789Z cpu20:2098424)Elf: 2101: module vmkapi_v2_2_0_0_iscsi_shim has license VMware
2026-01-10T07:55:39.789Z cpu20:2098424)Vmkapiv2_2_0_0IscsiShim: init_module:85: Shim for iscsi vmkapi 2.2.0-0 to vmkapi 2.5.0-0 is active.
2026-01-10T07:55:39.789Z cpu20:2098424)Mod: 4962: Initialization of vmkapi_v2_2_0_0_iscsi_shim succeeded with module ID 95.
2026-01-10T07:55:39.789Z cpu20:2098424)vmkapi_v2_2_0_0_iscsi_shim loaded successfully.
2026-01-10T07:55:39.794Z cpu0:2097655)Jumpstart plugin iscsi-vmkapi-compatibility activated.
2026-01-10T07:55:39.794Z cpu0:2097655)Activating Jumpstart plugin vrdma.
2026-01-10T07:55:39.814Z cpu8:2098425)Loading module vrdma ...
2026-01-10T07:55:39.817Z cpu8:2098425)Elf: 2101: module vrdma has license VMware
2026-01-10T07:55:39.819Z cpu8:2098425)Mod: 4962: Initialization of vrdma succeeded with module ID 96.
2026-01-10T07:55:39.819Z cpu8:2098425)vrdma loaded successfully.
2026-01-10T07:55:39.822Z cpu0:2097655)Jumpstart plugin vrdma activated.
2026-01-10T07:55:39.822Z cpu0:2097655)Activating Jumpstart plugin balloonVMCI.
2026-01-10T07:55:39.847Z cpu19:2098427)Loading module balloonVMCI ...
2026-01-10T07:55:39.849Z cpu19:2098427)Elf: 2101: module balloonVMCI has license VMware
2026-01-10T07:55:39.849Z cpu19:2098427)Mod: 4962: Initialization of balloonVMCI succeeded with module ID 97.
2026-01-10T07:55:39.849Z cpu19:2098427)balloonVMCI loaded successfully.
2026-01-10T07:55:39.852Z cpu0:2097655)Jumpstart plugin balloonVMCI activated.
2026-01-10T07:55:39.852Z cpu0:2097655)Activating Jumpstart plugin hbr.
2026-01-10T07:55:39.872Z cpu5:2098429)Loading module hbr_filter ...
2026-01-10T07:55:39.875Z cpu5:2098429)Elf: 2101: module hbr_filter has license VMware
2026-01-10T07:55:39.878Z cpu5:2098429)Hbr: 939: Hbr Extent Breaks: min 2048GB lower 8192GB upper 32768GB
2026-01-10T07:55:39.878Z cpu5:2098429)Hbr: 942: Hbr Extent Sizes: min 8K lower 16K upper 32K max 64K
2026-01-10T07:55:39.878Z cpu5:2098429)Hbr: 837: Hbr initialize initial heap: (8841040:52678304)
2026-01-10T07:55:39.878Z cpu5:2098429)VSCSIFilter: 1011: Registered VSCSI filter type hbr_filter
2026-01-10T07:55:39.879Z cpu5:2098429)Hbr: 155: HBR bitmap mempool initializing (4096:3221225470)
2026-01-10T07:55:39.879Z cpu5:2098429)VProbe: 803: Loaded  15 static probes from: hbr_filter
2026-01-10T07:55:39.879Z cpu5:2098429)Mod: 4962: Initialization of hbr_filter succeeded with module ID 98.
2026-01-10T07:55:39.879Z cpu5:2098429)hbr_filter loaded successfully.
2026-01-10T07:55:39.882Z cpu0:2097655)Jumpstart plugin hbr activated.
2026-01-10T07:55:39.882Z cpu0:2097655)Activating Jumpstart plugin ftcpt.
2026-01-10T07:55:39.908Z cpu18:2098440)Loading module ftcpt ...
2026-01-10T07:55:39.911Z cpu18:2098440)Elf: 2101: module ftcpt has license VMware
2026-01-10T07:55:39.916Z cpu18:2098440)FTCpt: 114: Registering ftCpt module version 1.0
2026-01-10T07:55:39.916Z cpu18:2098440)FTCpt: 638: Netstack at module load time: defaultTcpipStack
2026-01-10T07:55:39.916Z cpu18:2098440)FTCpt: 1089: Server netstack: defaultTcpipStack
2026-01-10T07:55:39.916Z cpu18:2098440)FTCpt: 977: Using IPv6 address to start server listener
2026-01-10T07:55:39.916Z cpu18:2098440)Tcpip_Vmk: 124: INFO: sosetopt set SO_AUTOBIND
2026-01-10T07:55:39.916Z cpu18:2098440)VProbe: 803: Loaded  43 static probes from: ftcpt
2026-01-10T07:55:39.916Z cpu18:2098440)Mod: 4962: Initialization of ftcpt succeeded with module ID 99.
2026-01-10T07:55:39.916Z cpu18:2098440)ftcpt loaded successfully.
2026-01-10T07:55:39.919Z cpu0:2097655)Jumpstart plugin ftcpt activated.
2026-01-10T07:55:39.919Z cpu0:2097655)Activating Jumpstart plugin tpm.
2026-01-10T07:55:39.968Z cpu0:2097655)Jumpstart plugin tpm activation failed: tpm->start() failed: exited with code 1
2026-01-10T07:55:39.968Z cpu0:2097655)Activating Jumpstart plugin cbrc.
2026-01-10T07:55:40.020Z cpu0:2097655)Jumpstart plugin cbrc activated.
2026-01-10T07:55:40.020Z cpu0:2097655)Activating Jumpstart plugin autodeploy-setpassword.
2026-01-10T07:55:40.075Z cpu0:2097655)Jumpstart plugin autodeploy-setpassword activated.
2026-01-10T07:55:40.075Z cpu0:2097655)Activating Jumpstart plugin inetd.
2026-01-10T07:55:40.094Z cpu0:2097655)Jumpstart plugin inetd activated.
2026-01-10T07:55:40.094Z cpu0:2097655)Activating Jumpstart plugin tag-boot-bank.
2026-01-10T07:55:40.151Z cpu0:2097655)Jumpstart plugin tag-boot-bank activated.
2026-01-10T07:55:40.151Z cpu0:2097655)Activating Jumpstart plugin bootloader-update-check.
2026-01-10T07:55:41.126Z cpu23:2097891)ScsiDeviceIO: 3470: Cmd(0x45ba809d1480) 0x1a, CmdSN 0x255 from world 0 to dev "naa.600605b004213bc001e293503af49afb" failed H:0x0 D:0x2 P:0x0 Valid sense data: 0x5 0x24 0x0.
2026-01-10T07:55:41.175Z cpu0:2097655)Jumpstart plugin bootloader-update-check activated.
2026-01-10T07:55:41.175Z cpu0:2097655)Activating Jumpstart plugin set-acceptance-level.
2026-01-10T07:55:41.546Z cpu1:2097852)Tcpip_Vmk: 124: nd6_rs_timer: no routers on 'vmk0'. Giving up
2026-01-10T07:55:42.678Z cpu0:2097655)Jumpstart plugin set-acceptance-level activated.
2026-01-10T07:55:42.678Z cpu0:2097655)Activating Jumpstart plugin system-image-cache.
2026-01-10T07:55:42.679Z cpu0:2097655)Jumpstart plugin system-image-cache activated.
2026-01-10T07:55:42.679Z cpu0:2097655)Activating Jumpstart plugin vmotion.
2026-01-10T07:55:42.686Z cpu2:2098468)Loading module svmmirror ...
2026-01-10T07:55:42.689Z cpu2:2098468)Elf: 2101: module svmmirror has license VMware
2026-01-10T07:55:42.691Z cpu2:2098468)FDS: 414: Registered FDS Driver svm
2026-01-10T07:55:42.691Z cpu2:2098468)VProbe: 803: Loaded  17 static probes from: svmmirror
2026-01-10T07:55:42.691Z cpu2:2098468)Mod: 4962: Initialization of svmmirror succeeded with module ID 100.
2026-01-10T07:55:42.691Z cpu2:2098468)svmmirror loaded successfully.
2026-01-10T07:55:42.698Z cpu4:2098469)Loading module cbt ...
2026-01-10T07:55:42.701Z cpu4:2098469)Elf: 2101: module cbt has license VMware
2026-01-10T07:55:42.701Z cpu4:2098469)FDS: 414: Registered FDS Driver cbt
2026-01-10T07:55:42.701Z cpu4:2098469)Mod: 4962: Initialization of cbt succeeded with module ID 101.
2026-01-10T07:55:42.701Z cpu4:2098469)cbt loaded successfully.
2026-01-10T07:55:42.710Z cpu5:2098470)Loading module migrate ...
2026-01-10T07:55:42.713Z cpu5:2098470)Elf: 2101: module migrate has license VMware
2026-01-10T07:55:42.720Z cpu5:2098470)Migrate: 123: Registering migration module version 3.0
2026-01-10T07:55:42.720Z cpu5:2098470)Migrate: 3364: Initializing migration module with module id 66.
2026-01-10T07:55:42.721Z cpu5:2098470)Migrate: 1215: Migrate: Using a default heap size of 80535707 bytes, based on a 589797 MB VM.
2026-01-10T07:55:42.721Z cpu5:2098470)Migrate: 3547: Registering module 'VMotion' version 3.0 for migrate type 1
2026-01-10T07:55:42.721Z cpu5:2098470)Migrate: 3547: Registering module 'FTCpt' version 3.0 for migrate type 6
2026-01-10T07:55:42.721Z cpu5:2098470)Migrate: 3547: Registering module 'FSR' version 3.0 for migrate type 2
2026-01-10T07:55:42.721Z cpu5:2098470)Migrate: 3547: Registering module 'InstantClone' version 3.0 for migrate type 7
2026-01-10T07:55:42.723Z cpu5:2098470)MigrateNet: 892: Set vMotion to AUTOBIND mode
2026-01-10T07:55:42.723Z cpu5:2098470)Tcpip_Vmk: 124: INFO: sosetopt set SO_AUTOBIND
2026-01-10T07:55:42.723Z cpu5:2098470)Migrate: 3643: Successfully enabled migration support.
2026-01-10T07:55:42.723Z cpu5:2098470)VProbe: 803: Loaded  19 static probes from: migrate
2026-01-10T07:55:42.723Z cpu5:2098470)Mod: 4962: Initialization of migrate succeeded with module ID 102.
2026-01-10T07:55:42.723Z cpu5:2098470)migrate loaded successfully.
2026-01-10T07:55:42.726Z cpu0:2097655)Jumpstart plugin vmotion activated.
2026-01-10T07:55:42.726Z cpu0:2097655)Activating Jumpstart plugin pcipassthrupool.
2026-01-10T07:55:42.776Z cpu0:2097655)Jumpstart plugin pcipassthrupool activated.
2026-01-10T07:55:42.776Z cpu0:2097655)Activating Jumpstart plugin vfc.
2026-01-10T07:55:42.784Z cpu17:2098473)Loading module vfc ...
2026-01-10T07:55:42.787Z cpu17:2098473)Elf: 2101: module vfc has license VMware
2026-01-10T07:55:42.792Z cpu17:2098473)VFLASHAPI: 195: Registered vflash module vfc
2026-01-10T07:55:42.792Z cpu17:2098473)'VFlashCache' module loaded successfully.
2026-01-10T07:55:42.792Z cpu17:2098473)Mod: 4962: Initialization of vfc succeeded with module ID 103.
2026-01-10T07:55:42.792Z cpu17:2098473)vfc loaded successfully.
2026-01-10T07:55:42.794Z cpu0:2097655)Jumpstart plugin vfc activated.
2026-01-10T07:55:42.794Z cpu0:2097655)Activating Jumpstart plugin coredump-configuration.
2026-01-10T07:55:43.514Z cpu0:2097655)Jumpstart plugin coredump-configuration activated.
2026-01-10T07:55:43.514Z cpu0:2097655)Activating Jumpstart plugin iofilters_castore.
2026-01-10T07:55:43.533Z cpu0:2097655)Jumpstart plugin iofilters_castore activated.
2026-01-10T07:55:43.533Z cpu0:2097655)Activating Jumpstart plugin vit.
2026-01-10T07:55:43.534Z cpu0:2097655)Jumpstart plugin vit activated.
2026-01-10T07:55:43.534Z cpu0:2097655)Activating Jumpstart plugin nvme-nguid-config.
2026-01-10T07:55:43.906Z cpu0:2097655)Jumpstart plugin nvme-nguid-config activated.
2026-01-10T07:55:43.906Z cpu0:2097655)Activating Jumpstart plugin scratch-storage.
2026-01-10T07:55:44.576Z cpu0:2097655)Jumpstart plugin scratch-storage activated.
2026-01-10T07:55:44.576Z cpu0:2097655)Activating Jumpstart plugin pingback.
2026-01-10T07:55:44.627Z cpu0:2097655)Jumpstart plugin pingback activated.
2026-01-10T07:55:44.627Z cpu0:2097655)Activating Jumpstart plugin vmswapcleanup.
2026-01-10T07:55:44.627Z cpu0:2097655)Jumpstart plugin vmswapcleanup activated.
2026-01-10T07:55:45.625Z cpu10:2098548)Starting service SSH
2026-01-10T07:55:45.626Z cpu10:2098548)Activating Jumpstart plugin SSH.
2026-01-10T07:55:45.829Z cpu10:2098548)Jumpstart plugin SSH activated.
2026-01-10T07:55:45.830Z cpu10:2098548)Starting service DCUI
2026-01-10T07:55:45.832Z cpu10:2098548)Activating Jumpstart plugin DCUI.
2026-01-10T07:55:46.034Z cpu10:2098548)Jumpstart plugin DCUI activated.
2026-01-10T07:55:46.036Z cpu10:2098548)Starting service esxui
2026-01-10T07:55:46.037Z cpu10:2098548)Activating Jumpstart plugin esxui.
2026-01-10T07:55:46.846Z cpu10:2098548)Jumpstart plugin esxui activated.
2026-01-10T07:55:46.847Z cpu10:2098548)Starting service usbarbitrator
2026-01-10T07:55:46.848Z cpu10:2098548)Activating Jumpstart plugin usbarbitrator.
2026-01-10T07:55:47.224Z cpu3:2097890)ScsiDeviceIO: 3470: Cmd(0x459a80f696c0) 0x1a, CmdSN 0x2e3 from world 0 to dev "naa.600605b004213bc001e293503af49afb" failed H:0x0 D:0x2 P:0x0 Valid sense data: 0x5 0x24 0x0.
2026-01-10T07:55:47.970Z cpu0:2098586)VC: 4616: Device rescan time 194 msec (total number of devices 8)
2026-01-10T07:55:47.970Z cpu0:2098586)VC: 4619: Filesystem probe time 736 msec (devices probed 6 of 8)
2026-01-10T07:55:47.970Z cpu0:2098586)VC: 4621: Refresh open volume time 13 msec
2026-01-10T07:55:48.196Z cpu10:2097695)vmkusb: umass_detach:1281: umass_detach: Device umass0 is detaching
2026-01-10T07:55:48.196Z cpu10:2097695)vmkusb: umass_detach:1297: umass_detach: Detaching umass0 with cached_name NULL, adapter name vmhba32, is_reserved 0
2026-01-10T07:55:48.196Z cpu10:2097695)vmkusb: umass_detach:1305: umass_detach: Save the USB Storage device vmhba32 as cached name!
2026-01-10T07:55:48.219Z cpu0:2097203)NMP: nmp_ThrottleLogForDevice:3872: Cmd 0x1a (0x459a80f2cb80, 0) to dev "mpx.vmhba32:C0:T0:L0" on path "vmhba32:C0:T0:L0" Failed: H:0x0 D:0x2 P:0x0 Valid sense data: 0x5 0x0 0x0. Act:NONE
2026-01-10T07:55:48.219Z cpu0:2097203)ScsiDeviceIO: 3484: Cmd(0x459a80f2cb80) 0x1a, CmdSN 0x37d from world 0 to dev "mpx.vmhba32:C0:T0:L0" failed H:0x0 D:0x2 P:0x0 Valid sense data: 0x5 0x0 0x0.
2026-01-10T07:55:48.219Z cpu1:2097518)ScsiPath: 8850: DeletePath : adapter=vmhba32, channel=0, target=0, lun=0
2026-01-10T07:55:48.219Z cpu1:2097518)NMP: nmp_UnregisterDeviceEvents:2404: Failed to unregister events 0x180 from device "mpx.vmhba32:C0:T0:L0". Not found
2026-01-10T07:55:48.219Z cpu1:2097518)ScsiDevice: 5706: Unregistered device 'mpx.vmhba32:C0:T0:L0' [0x430548aefb40]
2026-01-10T07:55:48.219Z cpu1:2097518)ScsiEvents: 545: Event Subsystem: Device Events, Destroyed!
2026-01-10T07:55:48.219Z cpu1:2097518)StorageApdHandler: 1063: Freeing APD handle 0x430548af0ad0 [mpx.vmhba32:C0:T0:L0]
2026-01-10T07:55:48.219Z cpu1:2097518)StorageApdHandler: 1147: APD Handle freed!
2026-01-10T07:55:48.219Z cpu1:2097518)WARNING: NMP: nmpUnclaimPath:1646: Physical path "vmhba32:C0:T0:L0" is the last path to NMP device "Unregistered Device". The device has been unregistered.
2026-01-10T07:55:48.219Z cpu1:2097518)WARNING: ScsiPath: 8929: Remove path: vmhba32:C0:T0:L0
2026-01-10T07:55:48.219Z cpu8:2097700)ScsiAdapter: 3424: Unregistering adapter vmhba32
2026-01-10T07:55:48.219Z cpu8:2097700)DMA: 724: DMA Engine 'vmhba32' destroyed.
2026-01-10T07:55:48.344Z cpu3:2097890)ScsiDeviceIO: 3470: Cmd(0x459a80f2bc80) 0x1a, CmdSN 0x3c5 from world 0 to dev "naa.600605b004213bc001e293503af49afb" failed H:0x0 D:0x2 P:0x0 Valid sense data: 0x5 0x24 0x0.
2026-01-10T07:55:48.347Z cpu3:2098590)VC: 777: Removing unused volume '6113eae0-017e72cb-dd88-7c4fe078f4fa' (fa7) state 3
2026-01-10T07:55:48.347Z cpu3:2098590)VC: 777: Removing unused volume '3aa697ed-3301c127-ab77-6b3f94b30287' (fa7) state 3
2026-01-10T07:55:48.347Z cpu3:2098590)VC: 777: Removing unused volume '3a4fcbb5-bccfa3cc-15bf-5cf3fce846f8' (fa7) state 3
2026-01-10T07:55:48.348Z cpu3:2098590)VC: 4616: Device rescan time 2 msec (total number of devices 5)
2026-01-10T07:55:48.348Z cpu3:2098590)VC: 4619: Filesystem probe time 5 msec (devices probed 3 of 5)
2026-01-10T07:55:48.348Z cpu3:2098590)VC: 4621: Refresh open volume time 1 msec
2026-01-10T07:55:48.495Z cpu17:2098591)megasas_slave_configure: do not export physical disk devices to upper layer.
2026-01-10T07:55:48.495Z cpu17:2098591)WARNING: ScsiScan: 1638: Failed to add path vmhba0:C0:T9:L0 : Not found
2026-01-10T07:55:48.497Z cpu17:2098591)megasas_slave_configure: do not export physical disk devices to upper layer.
2026-01-10T07:55:48.497Z cpu17:2098591)WARNING: ScsiScan: 1638: Failed to add path vmhba0:C0:T10:L0 : Not found
2026-01-10T07:55:48.501Z cpu17:2098591)megasas_slave_configure: do not export physical disk devices to upper layer.
2026-01-10T07:55:48.501Z cpu17:2098591)WARNING: ScsiScan: 1638: Failed to add path vmhba0:C0:T11:L0 : Not found
2026-01-10T07:55:48.509Z cpu17:2098591)megasas_slave_configure: do not export physical disk devices to upper layer.
2026-01-10T07:55:48.509Z cpu17:2098591)WARNING: ScsiScan: 1638: Failed to add path vmhba0:C0:T13:L0 : Not found
2026-01-10T07:55:48.511Z cpu17:2098591)megasas_slave_configure: do not export physical disk devices to upper layer.
2026-01-10T07:55:48.511Z cpu17:2098591)WARNING: ScsiScan: 1638: Failed to add path vmhba0:C0:T14:L0 : Not found
2026-01-10T07:55:48.512Z cpu17:2098591)megasas_slave_configure: do not export physical disk devices to upper layer.
2026-01-10T07:55:48.512Z cpu17:2098591)WARNING: ScsiScan: 1638: Failed to add path vmhba0:C0:T15:L0 : Not found
2026-01-10T07:55:48.514Z cpu17:2098591)megasas_slave_configure: do not export physical disk devices to upper layer.
2026-01-10T07:55:48.514Z cpu17:2098591)WARNING: ScsiScan: 1638: Failed to add path vmhba0:C0:T16:L0 : Not found
2026-01-10T07:55:48.664Z cpu0:2098548)Jumpstart plugin usbarbitrator activated.
2026-01-10T07:55:48.666Z cpu0:2098548)Starting service iofilterd-spm
2026-01-10T07:55:48.667Z cpu0:2098548)Activating Jumpstart plugin iofilterd-spm.
2026-01-10T07:55:49.757Z cpu3:2097890)ScsiDeviceIO: 3470: Cmd(0x459a80f2a9c0) 0x1a, CmdSN 0x429 from world 0 to dev "naa.600605b004213bc001e293503af49afb" failed H:0x0 D:0x2 P:0x0 Valid sense data: 0x5 0x24 0x0.
2026-01-10T07:55:49.771Z cpu16:2098676)VC: 4616: Device rescan time 2 msec (total number of devices 5)
2026-01-10T07:55:49.771Z cpu16:2098676)VC: 4619: Filesystem probe time 8 msec (devices probed 3 of 5)
2026-01-10T07:55:49.771Z cpu16:2098676)VC: 4621: Refresh open volume time 7 msec
2026-01-10T07:55:49.914Z cpu18:2098677)megasas_slave_configure: do not export physical disk devices to upper layer.
2026-01-10T07:55:49.914Z cpu18:2098677)WARNING: ScsiScan: 1638: Failed to add path vmhba0:C0:T9:L0 : Not found
2026-01-10T07:55:49.916Z cpu18:2098677)megasas_slave_configure: do not export physical disk devices to upper layer.
2026-01-10T07:55:49.916Z cpu18:2098677)WARNING: ScsiScan: 1638: Failed to add path vmhba0:C0:T10:L0 : Not found
2026-01-10T07:55:49.918Z cpu18:2098677)megasas_slave_configure: do not export physical disk devices to upper layer.
2026-01-10T07:55:49.918Z cpu18:2098677)WARNING: ScsiScan: 1638: Failed to add path vmhba0:C0:T11:L0 : Not found
2026-01-10T07:55:49.920Z cpu18:2098677)megasas_slave_configure: do not export physical disk devices to upper layer.
2026-01-10T07:55:49.920Z cpu18:2098677)WARNING: ScsiScan: 1638: Failed to add path vmhba0:C0:T13:L0 : Not found
2026-01-10T07:55:49.922Z cpu18:2098677)megasas_slave_configure: do not export physical disk devices to upper layer.
2026-01-10T07:55:49.922Z cpu18:2098677)WARNING: ScsiScan: 1638: Failed to add path vmhba0:C0:T14:L0 : Not found
2026-01-10T07:55:49.923Z cpu18:2098677)megasas_slave_configure: do not export physical disk devices to upper layer.
2026-01-10T07:55:49.923Z cpu18:2098677)WARNING: ScsiScan: 1638: Failed to add path vmhba0:C0:T15:L0 : Not found
2026-01-10T07:55:49.924Z cpu18:2098677)megasas_slave_configure: do not export physical disk devices to upper layer.
2026-01-10T07:55:49.924Z cpu18:2098677)WARNING: ScsiScan: 1638: Failed to add path vmhba0:C0:T16:L0 : Not found
2026-01-10T07:55:51.286Z cpu2:2098548)Jumpstart plugin iofilterd-spm activated.
2026-01-10T07:55:51.288Z cpu2:2098548)Starting service swapobjd
2026-01-10T07:55:51.289Z cpu2:2098548)Activating Jumpstart plugin swapobjd.
2026-01-10T07:55:51.694Z cpu2:2098548)Jumpstart plugin swapobjd activated.
2026-01-10T07:55:51.695Z cpu2:2098548)Starting service iofilterd-vmwarevmcrypt
2026-01-10T07:55:51.696Z cpu2:2098548)Activating Jumpstart plugin iofilterd-vmwarevmcrypt.
2026-01-10T07:55:51.897Z cpu7:2098548)Jumpstart plugin iofilterd-vmwarevmcrypt activated.
2026-01-10T07:55:51.898Z cpu7:2098548)Starting service vvold
2026-01-10T07:55:51.899Z cpu7:2098548)Activating Jumpstart plugin vvold.
2026-01-10T07:55:53.514Z cpu9:2098548)Jumpstart plugin vvold activated.
2026-01-10T07:55:53.516Z cpu9:2098548)Starting service hostdCgiServer
2026-01-10T07:55:53.517Z cpu9:2098548)Activating Jumpstart plugin hostdCgiServer.
2026-01-10T07:55:53.719Z cpu9:2098548)Jumpstart plugin hostdCgiServer activated.
2026-01-10T07:55:53.721Z cpu9:2098548)Starting service hostd
2026-01-10T07:55:53.722Z cpu9:2098548)Activating Jumpstart plugin hostd.
2026-01-10T07:55:54.057Z cpu8:2098842)VisorFSRam: 882: hostdstats with (0,803,0,0,755)
2026-01-10T07:55:54.058Z cpu8:2098842)FSS: 8148: Mounting fs visorfs (4306f359e670) with -o 0,803,0,0,0,0755,hostdstats on file descriptor 4307174dd490
2026-01-10T07:55:54.530Z cpu3:2098548)Jumpstart plugin hostd activated.
2026-01-10T07:55:54.532Z cpu3:2098548)Starting service rhttpproxy
2026-01-10T07:55:54.533Z cpu3:2098548)Activating Jumpstart plugin rhttpproxy.
2026-01-10T07:55:54.936Z cpu3:2098548)Jumpstart plugin rhttpproxy activated.
2026-01-10T07:55:54.938Z cpu3:2098548)Starting service sdrsInjector
2026-01-10T07:55:54.939Z cpu3:2098548)Activating Jumpstart plugin sdrsInjector.
2026-01-10T07:55:55.028Z cpu22:2098937)Config: 703: "SIOControlFlag1" = 0, Old Value: 0, (Status: 0x0)
2026-01-10T07:55:55.141Z cpu8:2098548)Jumpstart plugin sdrsInjector activated.
2026-01-10T07:55:55.143Z cpu8:2098548)Starting service storageRM
2026-01-10T07:55:55.144Z cpu8:2098548)Activating Jumpstart plugin storageRM.
2026-01-10T07:55:55.346Z cpu8:2098548)Jumpstart plugin storageRM activated.
2026-01-10T07:55:55.348Z cpu8:2098548)Starting service sensord
2026-01-10T07:55:55.349Z cpu8:2098548)Activating Jumpstart plugin sensord.
2026-01-10T07:55:55.600Z cpu19:2098878)Config: 703: "SIOControlFlag2" = 0, Old Value: 0, (Status: 0x0)
2026-01-10T07:55:55.751Z cpu8:2098548)Jumpstart plugin sensord activated.
2026-01-10T07:55:55.753Z cpu8:2098548)Starting service lbtd
2026-01-10T07:55:55.754Z cpu8:2098548)Activating Jumpstart plugin lbtd.
2026-01-10T07:55:55.956Z cpu8:2098548)Jumpstart plugin lbtd activated.
2026-01-10T07:55:55.958Z cpu8:2098548)Starting service nfcd
2026-01-10T07:55:55.959Z cpu8:2098548)Activating Jumpstart plugin nfcd.
2026-01-10T07:55:56.161Z cpu8:2098548)Jumpstart plugin nfcd activated.
2026-01-10T07:55:56.163Z cpu8:2098548)Starting service vmfstraced
2026-01-10T07:55:56.164Z cpu8:2098548)Activating Jumpstart plugin vmfstraced.
2026-01-10T07:55:56.366Z cpu8:2098548)Jumpstart plugin vmfstraced activated.
2026-01-10T07:55:56.368Z cpu8:2098548)Starting service rabbitmqproxy
2026-01-10T07:55:56.369Z cpu8:2098548)Activating Jumpstart plugin rabbitmqproxy.
2026-01-10T07:55:56.975Z cpu2:2098548)Jumpstart plugin rabbitmqproxy activated.
2026-01-10T07:55:56.977Z cpu2:2098548)Starting service slpd
2026-01-10T07:55:56.978Z cpu2:2098548)Activating Jumpstart plugin slpd.
2026-01-10T07:55:57.180Z cpu6:2098548)Jumpstart plugin slpd activated.
2026-01-10T07:55:57.181Z cpu6:2098548)Starting service dcbd
2026-01-10T07:55:57.183Z cpu6:2098548)Activating Jumpstart plugin dcbd.
2026-01-10T07:55:57.385Z cpu6:2098548)Jumpstart plugin dcbd activated.
2026-01-10T07:55:57.387Z cpu6:2098548)Starting service cdp
2026-01-10T07:55:57.388Z cpu6:2098548)Activating Jumpstart plugin cdp.
2026-01-10T07:55:57.590Z cpu6:2098548)Jumpstart plugin cdp activated.
2026-01-10T07:55:57.592Z cpu6:2098548)Starting service nscd
2026-01-10T07:55:57.593Z cpu6:2098548)Activating Jumpstart plugin nscd.
2026-01-10T07:55:57.796Z cpu6:2098548)Jumpstart plugin nscd activated.
2026-01-10T07:55:57.797Z cpu6:2098548)Starting service nicmgmtd
2026-01-10T07:55:57.798Z cpu6:2098548)Activating Jumpstart plugin nicmgmtd.
2026-01-10T07:55:58.201Z cpu2:2098548)Jumpstart plugin nicmgmtd activated.
2026-01-10T07:55:58.202Z cpu2:2098548)Starting service lacp
2026-01-10T07:55:58.204Z cpu2:2098548)Activating Jumpstart plugin lacp.
2026-01-10T07:55:58.406Z cpu2:2098548)Jumpstart plugin lacp activated.
2026-01-10T07:55:58.408Z cpu2:2098548)Starting service memscrubd
2026-01-10T07:55:58.409Z cpu2:2098548)Activating Jumpstart plugin memscrubd.
2026-01-10T07:55:58.611Z cpu2:2098548)Jumpstart plugin memscrubd activated.
2026-01-10T07:55:58.613Z cpu2:2098548)Starting service smartd
2026-01-10T07:55:58.614Z cpu2:2098548)Activating Jumpstart plugin smartd.
2026-01-10T07:55:58.816Z cpu0:2098548)Jumpstart plugin smartd activated.
2026-01-10T07:55:58.818Z cpu0:2098548)Starting service vpxa
2026-01-10T07:55:58.819Z cpu0:2098548)Activating Jumpstart plugin vpxa.
2026-01-10T07:55:59.022Z cpu0:2098548)Jumpstart plugin vpxa activated.
2026-01-10T07:55:59.023Z cpu0:2098548)Starting service sfcbd-watchdog
2026-01-10T07:55:59.024Z cpu0:2098548)Activating Jumpstart plugin sfcbd-watchdog.
2026-01-10T07:55:59.426Z cpu0:2098548)Jumpstart plugin sfcbd-watchdog activated.
2026-01-10T07:55:59.428Z cpu0:2098548)Starting service wsman
2026-01-10T07:55:59.429Z cpu0:2098548)Activating Jumpstart plugin wsman.
2026-01-10T07:55:59.632Z cpu0:2098548)Jumpstart plugin wsman activated.
2026-01-10T07:55:59.633Z cpu0:2098548)Starting service snmpd
2026-01-10T07:55:59.634Z cpu0:2098548)Activating Jumpstart plugin snmpd.
2026-01-10T07:56:00.039Z cpu0:2098548)Jumpstart plugin snmpd activated.
2026-01-10T07:56:00.040Z cpu0:2098548)Starting service xorg
2026-01-10T07:56:00.041Z cpu0:2098548)Activating Jumpstart plugin xorg.
2026-01-10T07:56:00.444Z cpu0:2098548)Jumpstart plugin xorg activated.
2026-01-10T07:56:00.446Z cpu0:2098548)Starting service vmtoolsd
2026-01-10T07:56:00.447Z cpu0:2098548)Activating Jumpstart plugin vmtoolsd.
2026-01-10T07:56:00.649Z cpu0:2098548)Jumpstart plugin vmtoolsd activated.
2026-01-10T07:56:00.825Z cpu7:2099420)Hardware: 573: Reading cpu0 MSR 0x17
2026-01-10T07:56:01.081Z cpu3:2098878)Config: 703: "VMOverheadGrowthLimit" = 4294967295, Old Value: -1, (Status: 0x0)
2026-01-10T07:56:02.692Z cpu12:2097891)ScsiDeviceIO: 3470: Cmd(0x45ba80879ec0) 0x1a, CmdSN 0x4e7 from world 0 to dev "naa.600605b004213bc001e293503af49afb" failed H:0x0 D:0x2 P:0x0 Valid sense data: 0x5 0x24 0x0.
2026-01-10T07:56:03.784Z cpu18:2099496)Boot Successful
2026-01-10T07:56:04.200Z cpu9:2099508)Starting up rc scripts
2026-01-10T07:57:49.400Z cpu12:2098975 opID=9255f0e1)World: 11950: VC opID esxui-38f4-efae maps to vmkernel opID 9255f0e1
2026-01-10T07:57:49.400Z cpu12:2098975 opID=9255f0e1)Config: 703: "SIOControlFlag2" = 1, Old Value: 0, (Status: 0x0)
2026-01-10T07:57:49.622Z cpu22:2099653)MemSched: vm 2099653: 5745: extended swap to 20480 pgs
2026-01-10T07:57:49.689Z cpu22:2099653)World: vm 2099654: 7083: Starting world vmm0:VyOS-Router of type 8
2026-01-10T07:57:49.689Z cpu22:2099653)Sched: vm 2099654: 6206: Adding world 'vmm0:VyOS-Router', group 'host/user', cpu: shares=-1 min=-1 minLimit=-1 max=-1, mem: shares=-1 min=-1 minLimit=-1 max=-1
2026-01-10T07:57:49.689Z cpu22:2099653)Sched: vm 2099654: 6221: renamed group 11033 to vm.2099653
2026-01-10T07:57:49.689Z cpu22:2099653)Sched: vm 2099654: 6238: group 11033 is located under group 4
2026-01-10T07:57:50.142Z cpu13:2099653)FDS: 617: Enabling IO coalescing on driver 'deltadisks' device 'e0b07-VyOS-Router-000003-sesparse.vmdk'
2026-01-10T07:57:50.157Z cpu13:2099653)VSCSI: 3877: handle 8192(vscsi0:0):Creating Virtual Device for world 2099654 (FSS handle 592652) numBlocks=10485760 (bs=512)
2026-01-10T07:57:50.157Z cpu13:2099653)VSCSI: 273: handle 8192(vscsi0:0):Input values: res=0 limit=-1 bw=-1 Shares=-1
2026-01-10T07:57:50.197Z cpu11:2099654)LSI: 1781: LSI: Initialized rings for scsi0 async=1
2026-01-10T07:57:50.200Z cpu11:2099662)Net: 2457: connected VyOS-Router eth0 to VyOS-Trunk, portID 0x2000005
2026-01-10T07:57:50.200Z cpu11:2099662)NetPort: 1359: enabled port 0x2000005 with mac 00:00:00:00:00:00
2026-01-10T07:57:50.216Z cpu12:2098974)Config: 703: "SIOControlFlag2" = 0, Old Value: 1, (Status: 0x0)
2026-01-10T07:57:50.218Z cpu11:2099654)----------------  ----------------  ----------------  ----------------  ----------------
2026-01-10T07:57:50.218Z cpu11:2099654)            name       reserved,KB   peakReserved,KB          alloc,KB      peakAlloc,KB
2026-01-10T07:57:50.219Z cpu11:2099654)----------------  ----------------  ----------------  ----------------  ----------------
2026-01-10T07:57:50.219Z cpu11:2099654)             VMM              9156              9156              3784              3784
2026-01-10T07:57:50.219Z cpu11:2099654)          PFRAME              2056              2056                 8                 8
2026-01-10T07:57:50.219Z cpu11:2099654)      SWAP_CACHE               512               512               512               512
2026-01-10T07:57:50.219Z cpu11:2099654)       CANDIDATE                 4                 4                 4                 4
2026-01-10T07:57:50.219Z cpu11:2099654)  CHECKPOINT_BUF               256               256                 0                 0
2026-01-10T07:57:50.219Z cpu11:2099654)      PSHARE_P2M                20                20                20                20
2026-01-10T07:57:50.219Z cpu11:2099654)            CBRC                 0                 0                 0                 0
2026-01-10T07:57:50.219Z cpu11:2099654)           FTCPT                 0                 0                 0                 0
2026-01-10T07:57:50.219Z cpu11:2099654)      ASYNCREMAP                 4                 4                 4                 4
2026-01-10T07:57:50.219Z cpu11:2099654)   VMMEMSERVICES                64                64                64                64
2026-01-10T07:57:50.219Z cpu11:2099654)FSR_UNSHARED_GBL                 0                 0                 0                 0
2026-01-10T07:57:50.219Z cpu11:2099654)----------------  ----------------  ----------------  ----------------  ----------------
2026-01-10T07:57:50.219Z cpu11:2099654)------------------------------  ------------  ------------  ------------  ------------  ------------
2026-01-10T07:57:50.219Z cpu11:2099654)                          name        min,KB        max,KB   minLimit,KB       eMin,KB   rMinPeak,KB
2026-01-10T07:57:50.219Z cpu11:2099654)------------------------------  ------------  ------------  ------------  ------------  ------------
2026-01-10T07:57:50.219Z cpu11:2099654)                    vm.2099653             0            -1            -1         37696         39376
2026-01-10T07:57:50.219Z cpu11:2099654)            worldGroup.2099653             0            -1            -1           764           764
2026-01-10T07:57:50.219Z cpu11:2099654)                    uw.2099653         19360            -1            -1         19360         21152
2026-01-10T07:57:50.219Z cpu11:2099654)               vsiHeap.2099653             0            -1            -1           136           136
2026-01-10T07:57:50.219Z cpu11:2099654)                    pt.2099653           304            -1            -1           548           548
2026-01-10T07:57:50.219Z cpu11:2099654)            cartelheap.2099653             0            -1            -1           296           296
2026-01-10T07:57:50.219Z cpu11:2099654)             uwshmempt.2099653             0            -1            -1             0             0
2026-01-10T07:57:50.219Z cpu11:2099654)      uwAsyncRemapHeap.2099653             0            -1            -1           136           136
2026-01-10T07:57:50.219Z cpu11:2099654)               uwCrypt.2099653          4096          4096          4096          4096          4096
2026-01-10T07:57:50.219Z cpu11:2099654)              uwregbmp.2099653             8            -1            -1             8             8
2026-01-10T07:57:50.219Z cpu11:2099654)                   vmm.2099653             0            -1            -1             0             0
2026-01-10T07:57:50.219Z cpu11:2099654)               vmmanon.2099653         12072            -1            -1         12072         12072
2026-01-10T07:57:50.219Z cpu11:2099654)                 vmcpt.2099654            80            -1            -1            80            80
2026-01-10T07:57:50.219Z cpu11:2099654)             vmmregbmp.2099653            64            -1            -1            64            64
2026-01-10T07:57:50.219Z cpu11:2099654)     vmmAsyncRemapHeap.2099653             0            -1            -1           136           136
2026-01-10T07:57:50.219Z cpu11:2099654)------------------------------  ------------  ------------  ------------  ------------  ------------
2026-01-10T07:57:50.856Z cpu11:2099654)VSCSI: 2685: handle 8192(vscsi0:0):Reset request on FSS handle 592652 (0 outstanding commands) from (vmm0:VyOS-Router)
2026-01-10T07:57:50.856Z cpu8:2097485)VSCSI: 2970: handle 8192(vscsi0:0):Reset [Retries: 0/0] from (vmm0:VyOS-Router)
2026-01-10T07:57:50.856Z cpu8:2097485)VSCSI: 2753: handle 8192(vscsi0:0):Completing reset (0 outstanding commands)
2026-01-10T07:58:01.245Z cpu11:2099654)VSCSI: 2685: handle 8192(vscsi0:0):Reset request on FSS handle 592652 (0 outstanding commands) from (vmm0:VyOS-Router)
2026-01-10T07:58:01.245Z cpu8:2097485)VSCSI: 2970: handle 8192(vscsi0:0):Reset [Retries: 0/0] from (vmm0:VyOS-Router)
2026-01-10T07:58:01.245Z cpu8:2097485)VSCSI: 2753: handle 8192(vscsi0:0):Completing reset (0 outstanding commands)
2026-01-10T07:58:01.423Z cpu11:2099654)VSCSI: 2685: handle 8192(vscsi0:0):Reset request on FSS handle 592652 (0 outstanding commands) from (vmm0:VyOS-Router)
2026-01-10T07:58:01.423Z cpu8:2097485)VSCSI: 2970: handle 8192(vscsi0:0):Reset [Retries: 0/0] from (vmm0:VyOS-Router)
2026-01-10T07:58:01.423Z cpu8:2097485)VSCSI: 2753: handle 8192(vscsi0:0):Completing reset (0 outstanding commands)
2026-01-10T07:59:48.570Z cpu20:2099451 opID=8eedf803)World: 11950: VC opID esxui-3e5d-f08d maps to vmkernel opID 8eedf803
2026-01-10T07:59:48.570Z cpu20:2099451 opID=8eedf803)Config: 703: "SIOControlFlag2" = 1, Old Value: 0, (Status: 0x0)
2026-01-10T07:59:48.576Z cpu19:2097891)ScsiDeviceIO: 3470: Cmd(0x45ba995d3dc0) 0x1a, CmdSN 0x631 from world 0 to dev "naa.600605b004213bc001e293503af49afb" failed H:0x0 D:0x2 P:0x0 Valid sense data: 0x5 0x24 0x0.
2026-01-10T07:59:48.896Z cpu23:2099800)MemSched: vm 2099800: 5745: extended swap to 20480 pgs
2026-01-10T07:59:49.127Z cpu23:2099800)MemSched: vm 2099800: 5745: extended swap to 20992 pgs
2026-01-10T07:59:49.128Z cpu23:2099800)World: vm 2099801: 7083: Starting world vmm0:SGRL-VCSA01 of type 8
2026-01-10T07:59:49.128Z cpu23:2099800)Sched: vm 2099801: 6206: Adding world 'vmm0:SGRL-VCSA01', group 'host/user', cpu: shares=-3 min=0 minLimit=-1 max=-1, mem: shares=-3 min=0 minLimit=-1 max=-1
2026-01-10T07:59:49.128Z cpu23:2099800)Sched: vm 2099801: 6221: renamed group 12088 to vm.2099800
2026-01-10T07:59:49.128Z cpu23:2099800)Sched: vm 2099801: 6238: group 12088 is located under group 4
2026-01-10T07:59:49.709Z cpu23:2099800)VSCSI: 3877: handle 8193(vscsi0:0):Creating Virtual Device for world 2099801 (FSS handle 920403) numBlocks=25165824 (bs=512)
2026-01-10T07:59:49.709Z cpu23:2099800)VSCSI: 273: handle 8193(vscsi0:0):Input values: res=0 limit=-2 bw=-1 Shares=1000
2026-01-10T07:59:49.709Z cpu23:2099800)VSCSI: 3877: handle 8194(vscsi0:1):Creating Virtual Device for world 2099801 (FSS handle 723794) numBlocks=3602432 (bs=512)
2026-01-10T07:59:49.709Z cpu23:2099800)VSCSI: 273: handle 8194(vscsi0:1):Input values: res=0 limit=-2 bw=-1 Shares=1000
2026-01-10T07:59:49.709Z cpu23:2099800)VSCSI: 3877: handle 8195(vscsi0:2):Creating Virtual Device for world 2099801 (FSS handle 854865) numBlocks=52428800 (bs=512)
2026-01-10T07:59:49.709Z cpu23:2099800)VSCSI: 273: handle 8195(vscsi0:2):Input values: res=0 limit=-2 bw=-1 Shares=1000
2026-01-10T07:59:49.709Z cpu23:2099800)VSCSI: 3877: handle 8196(vscsi0:3):Creating Virtual Device for world 2099801 (FSS handle 527181) numBlocks=52428800 (bs=512)
2026-01-10T07:59:49.709Z cpu23:2099800)VSCSI: 273: handle 8196(vscsi0:3):Input values: res=0 limit=-2 bw=-1 Shares=1000
2026-01-10T07:59:49.709Z cpu23:2099800)VSCSI: 3877: handle 8197(vscsi0:4):Creating Virtual Device for world 2099801 (FSS handle 1117014) numBlocks=20971520 (bs=512)
2026-01-10T07:59:49.709Z cpu23:2099800)VSCSI: 273: handle 8197(vscsi0:4):Input values: res=0 limit=-2 bw=-1 Shares=1000
2026-01-10T07:59:49.709Z cpu23:2099800)VSCSI: 3877: handle 8198(vscsi0:5):Creating Virtual Device for world 2099801 (FSS handle 658254) numBlocks=20971520 (bs=512)
2026-01-10T07:59:49.709Z cpu23:2099800)VSCSI: 273: handle 8198(vscsi0:5):Input values: res=0 limit=-2 bw=-1 Shares=1000
2026-01-10T07:59:49.710Z cpu23:2099800)VSCSI: 3877: handle 8199(vscsi0:6):Creating Virtual Device for world 2099801 (FSS handle 658255) numBlocks=31457280 (bs=512)
2026-01-10T07:59:49.710Z cpu23:2099800)VSCSI: 273: handle 8199(vscsi0:6):Input values: res=0 limit=-2 bw=-1 Shares=1000
2026-01-10T07:59:49.710Z cpu23:2099800)VSCSI: 3877: handle 8200(vscsi0:8):Creating Virtual Device for world 2099801 (FSS handle 1313611) numBlocks=20971520 (bs=512)
2026-01-10T07:59:49.710Z cpu23:2099800)VSCSI: 273: handle 8200(vscsi0:8):Input values: res=0 limit=-2 bw=-1 Shares=1000
2026-01-10T07:59:49.710Z cpu23:2099800)VSCSI: 3877: handle 8201(vscsi0:9):Creating Virtual Device for world 2099801 (FSS handle 985930) numBlocks=2097152 (bs=512)
2026-01-10T07:59:49.710Z cpu23:2099800)VSCSI: 273: handle 8201(vscsi0:9):Input values: res=0 limit=-2 bw=-1 Shares=1000
2026-01-10T07:59:49.710Z cpu23:2099800)VSCSI: 3877: handle 8202(vscsi0:10):Creating Virtual Device for world 2099801 (FSS handle 854854) numBlocks=20971520 (bs=512)
2026-01-10T07:59:49.710Z cpu23:2099800)VSCSI: 273: handle 8202(vscsi0:10):Input values: res=0 limit=-2 bw=-1 Shares=1000
2026-01-10T07:59:49.710Z cpu23:2099800)VSCSI: 3877: handle 8203(vscsi0:11):Creating Virtual Device for world 2099801 (FSS handle 920389) numBlocks=20971520 (bs=512)
2026-01-10T07:59:49.710Z cpu23:2099800)VSCSI: 273: handle 8203(vscsi0:11):Input values: res=0 limit=-2 bw=-1 Shares=1000
2026-01-10T07:59:49.710Z cpu23:2099800)VSCSI: 3877: handle 8204(vscsi0:12):Creating Virtual Device for world 2099801 (FSS handle 4852553) numBlocks=209715200 (bs=512)
2026-01-10T07:59:49.710Z cpu23:2099800)VSCSI: 273: handle 8204(vscsi0:12):Input values: res=0 limit=-2 bw=-1 Shares=1000
2026-01-10T07:59:49.710Z cpu23:2099800)VSCSI: 3877: handle 8205(vscsi0:13):Creating Virtual Device for world 2099801 (FSS handle 592716) numBlocks=104857600 (bs=512)
2026-01-10T07:59:49.710Z cpu23:2099800)VSCSI: 273: handle 8205(vscsi0:13):Input values: res=0 limit=-2 bw=-1 Shares=1000
2026-01-10T07:59:49.753Z cpu1:2099801)LSI: 1781: LSI: Initialized rings for scsi0 async=1
2026-01-10T07:59:49.753Z cpu1:2099801)LSI: 1781: LSI: Initialized rings for scsi1 async=1
2026-01-10T07:59:49.756Z cpu14:2099822)Net: 2457: connected SGRL-VCSA01 eth0 to VM Network, portID 0x2000006
2026-01-10T07:59:49.759Z cpu5:2099455)Config: 703: "SIOControlFlag2" = 0, Old Value: 1, (Status: 0x0)
2026-01-10T07:59:49.764Z cpu14:2099801)----------------  ----------------  ----------------  ----------------  ----------------
2026-01-10T07:59:49.764Z cpu14:2099801)            name       reserved,KB   peakReserved,KB          alloc,KB      peakAlloc,KB
2026-01-10T07:59:49.764Z cpu14:2099801)----------------  ----------------  ----------------  ----------------  ----------------
2026-01-10T07:59:49.764Z cpu14:2099801)             VMM             44148             44148             15276             15276
2026-01-10T07:59:49.764Z cpu14:2099801)          PFRAME             20524             20524                44                44
2026-01-10T07:59:49.764Z cpu14:2099801)      SWAP_CACHE               512               512               512               512
2026-01-10T07:59:49.764Z cpu14:2099801)       CANDIDATE                 4                 4                 4                 4
2026-01-10T07:59:49.764Z cpu14:2099801)  CHECKPOINT_BUF               256               256                 0                 0
2026-01-10T07:59:49.764Z cpu14:2099801)      PSHARE_P2M                20                20                20                20
2026-01-10T07:59:49.764Z cpu14:2099801)            CBRC                 0                 0                 0                 0
2026-01-10T07:59:49.764Z cpu14:2099801)           FTCPT                 0                 0                 0                 0
2026-01-10T07:59:49.764Z cpu14:2099801)      ASYNCREMAP                 4                 4                 4                 4
2026-01-10T07:59:49.764Z cpu14:2099801)   VMMEMSERVICES                64                64                64                64
2026-01-10T07:59:49.764Z cpu14:2099801)FSR_UNSHARED_GBL                 0                 0                 0                 0
2026-01-10T07:59:49.764Z cpu14:2099801)----------------  ----------------  ----------------  ----------------  ----------------
2026-01-10T07:59:49.764Z cpu14:2099801)------------------------------  ------------  ------------  ------------  ------------  ------------
2026-01-10T07:59:49.764Z cpu14:2099801)                          name        min,KB        max,KB   minLimit,KB       eMin,KB   rMinPeak,KB
2026-01-10T07:59:49.764Z cpu14:2099801)------------------------------  ------------  ------------  ------------  ------------  ------------
2026-01-10T07:59:49.764Z cpu14:2099801)                    vm.2099800             0            -1            -1         81228         82620
2026-01-10T07:59:49.764Z cpu14:2099801)            worldGroup.2099800             0            -1            -1           896           896
2026-01-10T07:59:49.764Z cpu14:2099801)                    uw.2099800          7856            -1            -1          7856          9648
2026-01-10T07:59:49.764Z cpu14:2099801)               vsiHeap.2099800             0            -1            -1           136           136
2026-01-10T07:59:49.764Z cpu14:2099801)                    pt.2099800           336            -1            -1           840           840
2026-01-10T07:59:49.764Z cpu14:2099801)            cartelheap.2099800             0            -1            -1           296           296
2026-01-10T07:59:49.764Z cpu14:2099801)             uwshmempt.2099800             0            -1            -1             0             0
2026-01-10T07:59:49.764Z cpu14:2099801)      uwAsyncRemapHeap.2099800             0            -1            -1           136           136
2026-01-10T07:59:49.764Z cpu14:2099801)               uwCrypt.2099800          4096          4096          4096          4096          4096
2026-01-10T07:59:49.764Z cpu14:2099801)              uwregbmp.2099800             8            -1            -1             8             8
2026-01-10T07:59:49.764Z cpu14:2099801)                   vmm.2099800             0            -1            -1             0             0
2026-01-10T07:59:49.764Z cpu14:2099801)               vmmanon.2099800         65532            -1            -1         65532         65532
2026-01-10T07:59:49.764Z cpu14:2099801)                 vmcpt.2099801           656            -1            -1           656           656
2026-01-10T07:59:49.764Z cpu14:2099801)             vmmregbmp.2099800           640            -1            -1           640           640
2026-01-10T07:59:49.764Z cpu14:2099801)     vmmAsyncRemapHeap.2099800             0            -1            -1           136           136
2026-01-10T07:59:49.764Z cpu14:2099801)------------------------------  ------------  ------------  ------------  ------------  ------------
2026-01-10T07:59:50.387Z cpu18:2099801)VSCSI: 2685: handle 8193(vscsi0:0):Reset request on FSS handle 920403 (0 outstanding commands) from (vmm0:SGRL-VCSA01)
2026-01-10T07:59:50.387Z cpu8:2097485)VSCSI: 2970: handle 8193(vscsi0:0):Reset [Retries: 0/0] from (vmm0:SGRL-VCSA01)
2026-01-10T07:59:50.387Z cpu18:2099801)VSCSI: 2685: handle 8194(vscsi0:1):Reset request on FSS handle 723794 (0 outstanding commands) from (vmm0:SGRL-VCSA01)
2026-01-10T07:59:50.387Z cpu18:2099801)VSCSI: 2685: handle 8195(vscsi0:2):Reset request on FSS handle 854865 (0 outstanding commands) from (vmm0:SGRL-VCSA01)
2026-01-10T07:59:50.387Z cpu8:2097485)VSCSI: 2753: handle 8193(vscsi0:0):Completing reset (0 outstanding commands)
2026-01-10T07:59:50.387Z cpu8:2097485)VSCSI: 2970: handle 8194(vscsi0:1):Reset [Retries: 0/0] from (vmm0:SGRL-VCSA01)
2026-01-10T07:59:50.387Z cpu18:2099801)VSCSI: 2685: handle 8196(vscsi0:3):Reset request on FSS handle 527181 (0 outstanding commands) from (vmm0:SGRL-VCSA01)
2026-01-10T07:59:50.387Z cpu18:2099801)VSCSI: 2685: handle 8197(vscsi0:4):Reset request on FSS handle 1117014 (0 outstanding commands) from (vmm0:SGRL-VCSA01)
2026-01-10T07:59:50.387Z cpu8:2097485)VSCSI: 2753: handle 8194(vscsi0:1):Completing reset (0 outstanding commands)
2026-01-10T07:59:50.387Z cpu8:2097485)VSCSI: 2970: handle 8195(vscsi0:2):Reset [Retries: 0/0] from (vmm0:SGRL-VCSA01)
2026-01-10T07:59:50.387Z cpu18:2099801)VSCSI: 2685: handle 8198(vscsi0:5):Reset request on FSS handle 658254 (0 outstanding commands) from (vmm0:SGRL-VCSA01)
2026-01-10T07:59:50.387Z cpu18:2099801)VSCSI: 2685: handle 8199(vscsi0:6):Reset request on FSS handle 658255 (0 outstanding commands) from (vmm0:SGRL-VCSA01)
2026-01-10T07:59:50.387Z cpu8:2097485)VSCSI: 2753: handle 8195(vscsi0:2):Completing reset (0 outstanding commands)
2026-01-10T07:59:50.387Z cpu8:2097485)VSCSI: 2970: handle 8196(vscsi0:3):Reset [Retries: 0/0] from (vmm0:SGRL-VCSA01)
2026-01-10T07:59:50.387Z cpu18:2099801)VSCSI: 2685: handle 8200(vscsi0:8):Reset request on FSS handle 1313611 (0 outstanding commands) from (vmm0:SGRL-VCSA01)
2026-01-10T07:59:50.387Z cpu18:2099801)VSCSI: 2685: handle 8201(vscsi0:9):Reset request on FSS handle 985930 (0 outstanding commands) from (vmm0:SGRL-VCSA01)
2026-01-10T07:59:50.387Z cpu8:2097485)VSCSI: 2753: handle 8196(vscsi0:3):Completing reset (0 outstanding commands)
2026-01-10T07:59:50.387Z cpu8:2097485)VSCSI: 2970: handle 8197(vscsi0:4):Reset [Retries: 0/0] from (vmm0:SGRL-VCSA01)
2026-01-10T07:59:50.387Z cpu18:2099801)VSCSI: 2685: handle 8202(vscsi0:10):Reset request on FSS handle 854854 (0 outstanding commands) from (vmm0:SGRL-VCSA01)
2026-01-10T07:59:50.387Z cpu18:2099801)VSCSI: 2685: handle 8203(vscsi0:11):Reset request on FSS handle 920389 (0 outstanding commands) from (vmm0:SGRL-VCSA01)
2026-01-10T07:59:50.387Z cpu8:2097485)VSCSI: 2753: handle 8197(vscsi0:4):Completing reset (0 outstanding commands)
2026-01-10T07:59:50.387Z cpu8:2097485)VSCSI: 2970: handle 8198(vscsi0:5):Reset [Retries: 0/0] from (vmm0:SGRL-VCSA01)
2026-01-10T07:59:50.387Z cpu18:2099801)VSCSI: 2685: handle 8204(vscsi0:12):Reset request on FSS handle 4852553 (0 outstanding commands) from (vmm0:SGRL-VCSA01)
2026-01-10T07:59:50.387Z cpu18:2099801)VSCSI: 2685: handle 8205(vscsi0:13):Reset request on FSS handle 592716 (0 outstanding commands) from (vmm0:SGRL-VCSA01)
2026-01-10T07:59:50.387Z cpu8:2097485)VSCSI: 2753: handle 8198(vscsi0:5):Completing reset (0 outstanding commands)
2026-01-10T07:59:50.387Z cpu8:2097485)VSCSI: 2970: handle 8199(vscsi0:6):Reset [Retries: 0/0] from (vmm0:SGRL-VCSA01)
2026-01-10T07:59:50.387Z cpu8:2097485)VSCSI: 2753: handle 8199(vscsi0:6):Completing reset (0 outstanding commands)
2026-01-10T07:59:50.387Z cpu8:2097485)VSCSI: 2970: handle 8200(vscsi0:8):Reset [Retries: 0/0] from (vmm0:SGRL-VCSA01)
2026-01-10T07:59:50.387Z cpu8:2097485)VSCSI: 2753: handle 8200(vscsi0:8):Completing reset (0 outstanding commands)
2026-01-10T07:59:50.387Z cpu8:2097485)VSCSI: 2970: handle 8201(vscsi0:9):Reset [Retries: 0/0] from (vmm0:SGRL-VCSA01)
2026-01-10T07:59:50.387Z cpu8:2097485)VSCSI: 2753: handle 8201(vscsi0:9):Completing reset (0 outstanding commands)
2026-01-10T07:59:50.387Z cpu8:2097485)VSCSI: 2970: handle 8202(vscsi0:10):Reset [Retries: 0/0] from (vmm0:SGRL-VCSA01)
2026-01-10T07:59:50.387Z cpu8:2097485)VSCSI: 2753: handle 8202(vscsi0:10):Completing reset (0 outstanding commands)
2026-01-10T07:59:50.387Z cpu8:2097485)VSCSI: 2970: handle 8203(vscsi0:11):Reset [Retries: 0/0] from (vmm0:SGRL-VCSA01)
2026-01-10T07:59:50.387Z cpu8:2097485)VSCSI: 2753: handle 8203(vscsi0:11):Completing reset (0 outstanding commands)
2026-01-10T07:59:50.387Z cpu8:2097485)VSCSI: 2970: handle 8204(vscsi0:12):Reset [Retries: 0/0] from (vmm0:SGRL-VCSA01)
2026-01-10T07:59:50.387Z cpu8:2097485)VSCSI: 2753: handle 8204(vscsi0:12):Completing reset (0 outstanding commands)
2026-01-10T07:59:50.387Z cpu8:2097485)VSCSI: 2970: handle 8205(vscsi0:13):Reset [Retries: 0/0] from (vmm0:SGRL-VCSA01)
2026-01-10T07:59:50.387Z cpu8:2097485)VSCSI: 2753: handle 8205(vscsi0:13):Completing reset (0 outstanding commands)
2026-01-10T07:59:58.155Z cpu20:2099805)VSCSI: 2685: handle 8193(vscsi0:0):Reset request on FSS handle 920403 (0 outstanding commands) from (vmm0:SGRL-VCSA01)
2026-01-10T07:59:58.155Z cpu20:2099805)VSCSI: 2685: handle 8194(vscsi0:1):Reset request on FSS handle 723794 (0 outstanding commands) from (vmm0:SGRL-VCSA01)
2026-01-10T07:59:58.155Z cpu7:2097485)VSCSI: 2970: handle 8193(vscsi0:0):Reset [Retries: 0/0] from (vmm0:SGRL-VCSA01)
2026-01-10T07:59:58.155Z cpu20:2099805)VSCSI: 2685: handle 8195(vscsi0:2):Reset request on FSS handle 854865 (0 outstanding commands) from (vmm0:SGRL-VCSA01)
2026-01-10T07:59:58.155Z cpu20:2099805)VSCSI: 2685: handle 8196(vscsi0:3):Reset request on FSS handle 527181 (0 outstanding commands) from (vmm0:SGRL-VCSA01)
2026-01-10T07:59:58.155Z cpu20:2099805)VSCSI: 2685: handle 8197(vscsi0:4):Reset request on FSS handle 1117014 (0 outstanding commands) from (vmm0:SGRL-VCSA01)
2026-01-10T07:59:58.155Z cpu20:2099805)VSCSI: 2685: handle 8198(vscsi0:5):Reset request on FSS handle 658254 (0 outstanding commands) from (vmm0:SGRL-VCSA01)
2026-01-10T07:59:58.155Z cpu20:2099805)VSCSI: 2685: handle 8199(vscsi0:6):Reset request on FSS handle 658255 (0 outstanding commands) from (vmm0:SGRL-VCSA01)
2026-01-10T07:59:58.155Z cpu7:2097485)VSCSI: 2753: handle 8193(vscsi0:0):Completing reset (0 outstanding commands)
2026-01-10T07:59:58.155Z cpu20:2099805)VSCSI: 2685: handle 8200(vscsi0:8):Reset request on FSS handle 1313611 (0 outstanding commands) from (vmm0:SGRL-VCSA01)
2026-01-10T07:59:58.155Z cpu7:2097485)VSCSI: 2970: handle 8194(vscsi0:1):Reset [Retries: 0/0] from (vmm0:SGRL-VCSA01)
2026-01-10T07:59:58.155Z cpu20:2099805)VSCSI: 2685: handle 8201(vscsi0:9):Reset request on FSS handle 985930 (0 outstanding commands) from (vmm0:SGRL-VCSA01)
2026-01-10T07:59:58.155Z cpu7:2097485)VSCSI: 2753: handle 8194(vscsi0:1):Completing reset (0 outstanding commands)
2026-01-10T07:59:58.155Z cpu20:2099805)VSCSI: 2685: handle 8202(vscsi0:10):Reset request on FSS handle 854854 (0 outstanding commands) from (vmm0:SGRL-VCSA01)
2026-01-10T07:59:58.155Z cpu7:2097485)VSCSI: 2970: handle 8195(vscsi0:2):Reset [Retries: 0/0] from (vmm0:SGRL-VCSA01)
2026-01-10T07:59:58.155Z cpu20:2099805)VSCSI: 2685: handle 8203(vscsi0:11):Reset request on FSS handle 920389 (0 outstanding commands) from (vmm0:SGRL-VCSA01)
2026-01-10T07:59:58.155Z cpu20:2099805)VSCSI: 2685: handle 8204(vscsi0:12):Reset request on FSS handle 4852553 (0 outstanding commands) from (vmm0:SGRL-VCSA01)
2026-01-10T07:59:58.155Z cpu7:2097485)VSCSI: 2753: handle 8195(vscsi0:2):Completing reset (0 outstanding commands)
2026-01-10T07:59:58.155Z cpu7:2097485)VSCSI: 2970: handle 8196(vscsi0:3):Reset [Retries: 0/0] from (vmm0:SGRL-VCSA01)
2026-01-10T07:59:58.155Z cpu20:2099805)VSCSI: 2685: handle 8205(vscsi0:13):Reset request on FSS handle 592716 (0 outstanding commands) from (vmm0:SGRL-VCSA01)
2026-01-10T07:59:58.155Z cpu7:2097485)VSCSI: 2753: handle 8196(vscsi0:3):Completing reset (0 outstanding commands)
2026-01-10T07:59:58.155Z cpu7:2097485)VSCSI: 2970: handle 8197(vscsi0:4):Reset [Retries: 0/0] from (vmm0:SGRL-VCSA01)
2026-01-10T07:59:58.155Z cpu7:2097485)VSCSI: 2753: handle 8197(vscsi0:4):Completing reset (0 outstanding commands)
2026-01-10T07:59:58.155Z cpu7:2097485)VSCSI: 2970: handle 8198(vscsi0:5):Reset [Retries: 0/0] from (vmm0:SGRL-VCSA01)
2026-01-10T07:59:58.155Z cpu7:2097485)VSCSI: 2753: handle 8198(vscsi0:5):Completing reset (0 outstanding commands)
2026-01-10T07:59:58.155Z cpu7:2097485)VSCSI: 2970: handle 8199(vscsi0:6):Reset [Retries: 0/0] from (vmm0:SGRL-VCSA01)
2026-01-10T07:59:58.155Z cpu7:2097485)VSCSI: 2753: handle 8199(vscsi0:6):Completing reset (0 outstanding commands)
2026-01-10T07:59:58.155Z cpu7:2097485)VSCSI: 2970: handle 8200(vscsi0:8):Reset [Retries: 0/0] from (vmm0:SGRL-VCSA01)
2026-01-10T07:59:58.155Z cpu7:2097485)VSCSI: 2753: handle 8200(vscsi0:8):Completing reset (0 outstanding commands)
2026-01-10T07:59:58.155Z cpu7:2097485)VSCSI: 2970: handle 8201(vscsi0:9):Reset [Retries: 0/0] from (vmm0:SGRL-VCSA01)
2026-01-10T07:59:58.155Z cpu7:2097485)VSCSI: 2753: handle 8201(vscsi0:9):Completing reset (0 outstanding commands)
2026-01-10T07:59:58.155Z cpu7:2097485)VSCSI: 2970: handle 8202(vscsi0:10):Reset [Retries: 0/0] from (vmm0:SGRL-VCSA01)
2026-01-10T07:59:58.155Z cpu7:2097485)VSCSI: 2753: handle 8202(vscsi0:10):Completing reset (0 outstanding commands)
2026-01-10T07:59:58.155Z cpu7:2097485)VSCSI: 2970: handle 8203(vscsi0:11):Reset [Retries: 0/0] from (vmm0:SGRL-VCSA01)
2026-01-10T07:59:58.155Z cpu7:2097485)VSCSI: 2753: handle 8203(vscsi0:11):Completing reset (0 outstanding commands)
2026-01-10T07:59:58.155Z cpu7:2097485)VSCSI: 2970: handle 8204(vscsi0:12):Reset [Retries: 0/0] from (vmm0:SGRL-VCSA01)
2026-01-10T07:59:58.155Z cpu7:2097485)VSCSI: 2753: handle 8204(vscsi0:12):Completing reset (0 outstanding commands)
2026-01-10T07:59:58.155Z cpu7:2097485)VSCSI: 2970: handle 8205(vscsi0:13):Reset [Retries: 0/0] from (vmm0:SGRL-VCSA01)
2026-01-10T07:59:58.155Z cpu7:2097485)VSCSI: 2753: handle 8205(vscsi0:13):Completing reset (0 outstanding commands)
2026-01-10T07:59:58.499Z cpu18:2099801)VSCSI: 2685: handle 8193(vscsi0:0):Reset request on FSS handle 920403 (0 outstanding commands) from (vmm0:SGRL-VCSA01)
2026-01-10T07:59:58.499Z cpu18:2099801)VSCSI: 2685: handle 8194(vscsi0:1):Reset request on FSS handle 723794 (0 outstanding commands) from (vmm0:SGRL-VCSA01)
2026-01-10T07:59:58.499Z cpu7:2097485)VSCSI: 2970: handle 8193(vscsi0:0):Reset [Retries: 0/0] from (vmm0:SGRL-VCSA01)
2026-01-10T07:59:58.499Z cpu18:2099801)VSCSI: 2685: handle 8195(vscsi0:2):Reset request on FSS handle 854865 (0 outstanding commands) from (vmm0:SGRL-VCSA01)
2026-01-10T07:59:58.499Z cpu18:2099801)VSCSI: 2685: handle 8196(vscsi0:3):Reset request on FSS handle 527181 (0 outstanding commands) from (vmm0:SGRL-VCSA01)
2026-01-10T07:59:58.499Z cpu18:2099801)VSCSI: 2685: handle 8197(vscsi0:4):Reset request on FSS handle 1117014 (0 outstanding commands) from (vmm0:SGRL-VCSA01)
2026-01-10T07:59:58.499Z cpu18:2099801)VSCSI: 2685: handle 8198(vscsi0:5):Reset request on FSS handle 658254 (0 outstanding commands) from (vmm0:SGRL-VCSA01)
2026-01-10T07:59:58.499Z cpu7:2097485)VSCSI: 2753: handle 8193(vscsi0:0):Completing reset (0 outstanding commands)
2026-01-10T07:59:58.499Z cpu7:2097485)VSCSI: 2970: handle 8194(vscsi0:1):Reset [Retries: 0/0] from (vmm0:SGRL-VCSA01)
2026-01-10T07:59:58.499Z cpu18:2099801)VSCSI: 2685: handle 8199(vscsi0:6):Reset request on FSS handle 658255 (0 outstanding commands) from (vmm0:SGRL-VCSA01)
2026-01-10T07:59:58.499Z cpu7:2097485)VSCSI: 2753: handle 8194(vscsi0:1):Completing reset (0 outstanding commands)
2026-01-10T07:59:58.499Z cpu18:2099801)VSCSI: 2685: handle 8200(vscsi0:8):Reset request on FSS handle 1313611 (0 outstanding commands) from (vmm0:SGRL-VCSA01)
2026-01-10T07:59:58.499Z cpu7:2097485)VSCSI: 2970: handle 8195(vscsi0:2):Reset [Retries: 0/0] from (vmm0:SGRL-VCSA01)
2026-01-10T07:59:58.499Z cpu18:2099801)VSCSI: 2685: handle 8201(vscsi0:9):Reset request on FSS handle 985930 (0 outstanding commands) from (vmm0:SGRL-VCSA01)
2026-01-10T07:59:58.499Z cpu7:2097485)VSCSI: 2753: handle 8195(vscsi0:2):Completing reset (0 outstanding commands)
2026-01-10T07:59:58.499Z cpu18:2099801)VSCSI: 2685: handle 8202(vscsi0:10):Reset request on FSS handle 854854 (0 outstanding commands) from (vmm0:SGRL-VCSA01)
2026-01-10T07:59:58.499Z cpu7:2097485)VSCSI: 2970: handle 8196(vscsi0:3):Reset [Retries: 0/0] from (vmm0:SGRL-VCSA01)
2026-01-10T07:59:58.499Z cpu18:2099801)VSCSI: 2685: handle 8203(vscsi0:11):Reset request on FSS handle 920389 (0 outstanding commands) from (vmm0:SGRL-VCSA01)
2026-01-10T07:59:58.499Z cpu7:2097485)VSCSI: 2753: handle 8196(vscsi0:3):Completing reset (0 outstanding commands)
2026-01-10T07:59:58.499Z cpu18:2099801)VSCSI: 2685: handle 8204(vscsi0:12):Reset request on FSS handle 4852553 (0 outstanding commands) from (vmm0:SGRL-VCSA01)
2026-01-10T07:59:58.499Z cpu7:2097485)VSCSI: 2970: handle 8197(vscsi0:4):Reset [Retries: 0/0] from (vmm0:SGRL-VCSA01)
2026-01-10T07:59:58.499Z cpu18:2099801)VSCSI: 2685: handle 8205(vscsi0:13):Reset request on FSS handle 592716 (0 outstanding commands) from (vmm0:SGRL-VCSA01)
2026-01-10T07:59:58.499Z cpu7:2097485)VSCSI: 2753: handle 8197(vscsi0:4):Completing reset (0 outstanding commands)
2026-01-10T07:59:58.499Z cpu7:2097485)VSCSI: 2970: handle 8198(vscsi0:5):Reset [Retries: 0/0] from (vmm0:SGRL-VCSA01)
2026-01-10T07:59:58.499Z cpu7:2097485)VSCSI: 2753: handle 8198(vscsi0:5):Completing reset (0 outstanding commands)
2026-01-10T07:59:58.499Z cpu7:2097485)VSCSI: 2970: handle 8199(vscsi0:6):Reset [Retries: 0/0] from (vmm0:SGRL-VCSA01)
2026-01-10T07:59:58.499Z cpu7:2097485)VSCSI: 2753: handle 8199(vscsi0:6):Completing reset (0 outstanding commands)
2026-01-10T07:59:58.499Z cpu7:2097485)VSCSI: 2970: handle 8200(vscsi0:8):Reset [Retries: 0/0] from (vmm0:SGRL-VCSA01)
2026-01-10T07:59:58.499Z cpu7:2097485)VSCSI: 2753: handle 8200(vscsi0:8):Completing reset (0 outstanding commands)
2026-01-10T07:59:58.499Z cpu7:2097485)VSCSI: 2970: handle 8201(vscsi0:9):Reset [Retries: 0/0] from (vmm0:SGRL-VCSA01)
2026-01-10T07:59:58.499Z cpu7:2097485)VSCSI: 2753: handle 8201(vscsi0:9):Completing reset (0 outstanding commands)
2026-01-10T07:59:58.499Z cpu7:2097485)VSCSI: 2970: handle 8202(vscsi0:10):Reset [Retries: 0/0] from (vmm0:SGRL-VCSA01)
2026-01-10T07:59:58.499Z cpu7:2097485)VSCSI: 2753: handle 8202(vscsi0:10):Completing reset (0 outstanding commands)
2026-01-10T07:59:58.499Z cpu7:2097485)VSCSI: 2970: handle 8203(vscsi0:11):Reset [Retries: 0/0] from (vmm0:SGRL-VCSA01)
2026-01-10T07:59:58.499Z cpu7:2097485)VSCSI: 2753: handle 8203(vscsi0:11):Completing reset (0 outstanding commands)
2026-01-10T07:59:58.499Z cpu7:2097485)VSCSI: 2970: handle 8204(vscsi0:12):Reset [Retries: 0/0] from (vmm0:SGRL-VCSA01)
2026-01-10T07:59:58.499Z cpu7:2097485)VSCSI: 2753: handle 8204(vscsi0:12):Completing reset (0 outstanding commands)
2026-01-10T07:59:58.499Z cpu7:2097485)VSCSI: 2970: handle 8205(vscsi0:13):Reset [Retries: 0/0] from (vmm0:SGRL-VCSA01)
2026-01-10T07:59:58.499Z cpu7:2097485)VSCSI: 2753: handle 8205(vscsi0:13):Completing reset (0 outstanding commands)
2026-01-10T08:00:03.779Z cpu18:2099822)Vmxnet3: 18624: indLROPktToGuest: 0, vcd->umkShared->vrrsSelected: 1 port 0x2000006
2026-01-10T08:00:03.779Z cpu18:2099822)Vmxnet3: 18865: Using default queue delivery for vmxnet3 for port 0x2000006
2026-01-10T08:00:03.779Z cpu18:2099822)NetPort: 1359: enabled port 0x2000006 with mac 00:0c:29:09:c0:d9
2026-01-10T08:00:08.868Z cpu18:2099822)NetPort: 1580: disabled port 0x2000006
2026-01-10T08:00:08.877Z cpu18:2099822)Vmxnet3: 18624: indLROPktToGuest: 0, vcd->umkShared->vrrsSelected: 1 port 0x2000006
2026-01-10T08:00:08.877Z cpu18:2099822)Vmxnet3: 18865: Using default queue delivery for vmxnet3 for port 0x2000006
2026-01-10T08:00:08.877Z cpu18:2099822)NetPort: 1359: enabled port 0x2000006 with mac 00:0c:29:09:c0:d9
2026-01-10T08:03:58.162Z cpu8:2099050 opID=ed4ef27)World: 11950: VC opID HB-SpecSync-host-12@0-3162604f-2e-f1c5 maps to vmkernel opID ed4ef27
2026-01-10T08:03:58.162Z cpu8:2099050 opID=ed4ef27)Config: 703: "HostLocalSwapDirEnabled" = 0, Old Value: 0, (Status: 0x0)
2026-01-10T08:05:04.676Z cpu14:2097877)DVFilter: 6068: Checking disconnected filters for timeouts
2026-01-10T08:06:42.910Z cpu10:2098416)<6>megasas_service_aen[4]: aen received
2026-01-10T08:06:42.910Z cpu0:2097764)<6>megasas_hotplug_work[4]: event code 0x00f2
2026-01-10T08:06:43.096Z cpu0:2097764)<6>megasas_hotplug_work[4]: aen registered
2026-01-10T08:07:51.394Z cpu12:2097891)ScsiDeviceIO: 3470: Cmd(0x45ba80816140) 0x1a, CmdSN 0x747 from world 0 to dev "naa.600605b004213bc001e293503af49afb" failed H:0x0 D:0x2 P:0x0 Valid sense data: 0x5 0x24 0x0.
2026-01-10T08:10:44.641Z cpu6:2099381 opID=b291005e)World: 11950: VC opID mk89wodo-364-auto-a5-h5:70000205-a7-01-ad maps to vmkernel opID b291005e
2026-01-10T08:10:44.641Z cpu6:2099381 opID=b291005e)Fil3: 15413: datastore1: Converting 128 LFBs to SFB clusters: Success
2026-01-10T08:12:06.218Z cpu9:2099446 opID=1e89001a)World: 11950: VC opID mk89wodo-364-auto-a5-h5:70000205-a7-02-01-9-f3bf maps to vmkernel opID 1e89001a
2026-01-10T08:12:06.218Z cpu9:2099446 opID=1e89001a)Config: 703: "SIOControlFlag2" = 1, Old Value: 0, (Status: 0x0)
2026-01-10T08:12:06.305Z cpu12:2100358)MemSched: vm 2100358: 5745: extended swap to 20480 pgs
2026-01-10T08:12:06.371Z cpu23:2100358)MemSched: vm 2100358: 5745: extended swap to 24064 pgs
2026-01-10T08:12:06.373Z cpu23:2100358)World: vm 2100359: 7083: Starting world vmm0:SGRL-LLM001 of type 8
2026-01-10T08:12:06.373Z cpu23:2100358)Sched: vm 2100359: 6206: Adding world 'vmm0:SGRL-LLM001', group 'host/user', cpu: shares=-3 min=0 minLimit=-1 max=-1, mem: shares=-3 min=0 minLimit=-1 max=-1
2026-01-10T08:12:06.373Z cpu23:2100358)Sched: vm 2100359: 6221: renamed group 15783 to vm.2100358
2026-01-10T08:12:06.373Z cpu23:2100358)Sched: vm 2100359: 6238: group 15783 is located under group 4
2026-01-10T08:12:06.429Z cpu23:2100358)VSCSI: 3877: handle 8206(vscsi0:0):Creating Virtual Device for world 2100359 (FSS handle 5704709) numBlocks=314572800 (bs=512)
2026-01-10T08:12:06.429Z cpu23:2100358)VSCSI: 273: handle 8206(vscsi0:0):Input values: res=0 limit=-2 bw=-1 Shares=1000
2026-01-10T08:12:06.460Z cpu11:2100359)LSI: 1781: LSI: Initialized rings for scsi0 async=1
2026-01-10T08:12:06.467Z cpu11:2100374)Net: 2457: connected SGRL-LLM001 eth0 to 172.10.0.0/24_MGMT, portID 0x2000007
2026-01-10T08:12:06.467Z cpu11:2100374)NetPort: 1359: enabled port 0x2000007 with mac 00:00:00:00:00:00
2026-01-10T08:12:06.470Z cpu16:2099442)Config: 703: "SIOControlFlag2" = 0, Old Value: 1, (Status: 0x0)
2026-01-10T08:12:06.488Z cpu11:2100359)----------------  ----------------  ----------------  ----------------  ----------------
2026-01-10T08:12:06.488Z cpu11:2100359)            name       reserved,KB   peakReserved,KB          alloc,KB      peakAlloc,KB
2026-01-10T08:12:06.488Z cpu11:2100359)----------------  ----------------  ----------------  ----------------  ----------------
2026-01-10T08:12:06.488Z cpu11:2100359)             VMM            487032            487032            150616            150616
2026-01-10T08:12:06.488Z cpu11:2100359)          PFRAME            262660            262660               516               516
2026-01-10T08:12:06.488Z cpu11:2100359)      SWAP_CACHE               512               512               512               512
2026-01-10T08:12:06.488Z cpu11:2100359)       CANDIDATE                 4                 4                 4                 4
2026-01-10T08:12:06.488Z cpu11:2100359)  CHECKPOINT_BUF               256               256                 0                 0
2026-01-10T08:12:06.488Z cpu11:2100359)      PSHARE_P2M                20                20                20                20
2026-01-10T08:12:06.488Z cpu11:2100359)            CBRC                 0                 0                 0                 0
2026-01-10T08:12:06.488Z cpu11:2100359)           FTCPT                 0                 0                 0                 0
2026-01-10T08:12:06.488Z cpu11:2100359)      ASYNCREMAP                 4                 4                 4                 4
2026-01-10T08:12:06.488Z cpu11:2100359)   VMMEMSERVICES                64                64                64                64
2026-01-10T08:12:06.488Z cpu11:2100359)FSR_UNSHARED_GBL                 0                 0                 0                 0
2026-01-10T08:12:06.488Z cpu11:2100359)----------------  ----------------  ----------------  ----------------  ----------------
2026-01-10T08:12:06.488Z cpu11:2100359)------------------------------  ------------  ------------  ------------  ------------  ------------
2026-01-10T08:12:06.488Z cpu11:2100359)                          name        min,KB        max,KB   minLimit,KB       eMin,KB   rMinPeak,KB
2026-01-10T08:12:06.488Z cpu11:2100359)------------------------------  ------------  ------------  ------------  ------------  ------------
2026-01-10T08:12:06.488Z cpu11:2100359)                    vm.2100358             0            -1            -1        790100        791864
2026-01-10T08:12:06.489Z cpu11:2100359)            worldGroup.2100358             0            -1            -1           884           884
2026-01-10T08:12:06.489Z cpu11:2100359)                    uw.2100358         15864            -1            -1         15864         17656
2026-01-10T08:12:06.489Z cpu11:2100359)               vsiHeap.2100358             0            -1            -1           136           136
2026-01-10T08:12:06.489Z cpu11:2100359)                    pt.2100358          1168            -1            -1          1592          1592
2026-01-10T08:12:06.489Z cpu11:2100359)            cartelheap.2100358             0            -1            -1           296           296
2026-01-10T08:12:06.489Z cpu11:2100359)             uwshmempt.2100358             0            -1            -1             0             0
2026-01-10T08:12:06.489Z cpu11:2100359)      uwAsyncRemapHeap.2100358             0            -1            -1           136           136
2026-01-10T08:12:06.489Z cpu11:2100359)               uwCrypt.2100358          4096          4096          4096          4096          4096
2026-01-10T08:12:06.489Z cpu11:2100359)              uwregbmp.2100358             8            -1            -1             8             8
2026-01-10T08:12:06.489Z cpu11:2100359)                   vmm.2100358             0            -1            -1             0             0
2026-01-10T08:12:06.489Z cpu11:2100359)               vmmanon.2100358        750552            -1            -1        750552        750552
2026-01-10T08:12:06.489Z cpu11:2100359)                 vmcpt.2100359          8208            -1            -1          8208          8208
2026-01-10T08:12:06.489Z cpu11:2100359)             vmmregbmp.2100358          8192            -1            -1          8192          8192
2026-01-10T08:12:06.489Z cpu11:2100359)     vmmAsyncRemapHeap.2100358             0            -1            -1           136           136
2026-01-10T08:12:06.489Z cpu11:2100359)------------------------------  ------------  ------------  ------------  ------------  ------------
2026-01-10T08:12:07.736Z cpu7:2100359)VSCSI: 2685: handle 8206(vscsi0:0):Reset request on FSS handle 5704709 (0 outstanding commands) from (vmm0:SGRL-LLM001)
2026-01-10T08:12:07.737Z cpu2:2097485)VSCSI: 2970: handle 8206(vscsi0:0):Reset [Retries: 0/0] from (vmm0:SGRL-LLM001)
2026-01-10T08:12:07.737Z cpu2:2097485)VSCSI: 2753: handle 8206(vscsi0:0):Completing reset (0 outstanding commands)
2026-01-10T08:12:07.737Z cpu7:2100359)VSCSI: 2685: handle 8206(vscsi0:0):Reset request on FSS handle 5704709 (0 outstanding commands) from (vmm0:SGRL-LLM001)
2026-01-10T08:12:07.737Z cpu2:2097485)VSCSI: 2970: handle 8206(vscsi0:0):Reset [Retries: 0/0] from (vmm0:SGRL-LLM001)
2026-01-10T08:12:07.737Z cpu2:2097485)VSCSI: 2753: handle 8206(vscsi0:0):Completing reset (0 outstanding commands)
2026-01-10T08:12:18.902Z cpu19:2100369)VSCSI: 2685: handle 8206(vscsi0:0):Reset request on FSS handle 5704709 (0 outstanding commands) from (vmm0:SGRL-LLM001)
2026-01-10T08:12:18.902Z cpu2:2097485)VSCSI: 2970: handle 8206(vscsi0:0):Reset [Retries: 0/0] from (vmm0:SGRL-LLM001)
2026-01-10T08:12:18.902Z cpu2:2097485)VSCSI: 2753: handle 8206(vscsi0:0):Completing reset (0 outstanding commands)
2026-01-10T08:13:38.950Z cpu14:2097891)ScsiDeviceIO: 3470: Cmd(0x45ba8083b940) 0x1a, CmdSN 0xa1c from world 0 to dev "naa.600605b004213bc001e293503af49afb" failed H:0x0 D:0x2 P:0x0 Valid sense data: 0x5 0x24 0x0.
2026-01-10T08:13:41.434Z cpu7:2100359)VSCSI: 2685: handle 8206(vscsi0:0):Reset request on FSS handle 5704709 (0 outstanding commands) from (vmm0:SGRL-LLM001)
2026-01-10T08:13:41.434Z cpu2:2097485)VSCSI: 2970: handle 8206(vscsi0:0):Reset [Retries: 0/0] from (vmm0:SGRL-LLM001)
2026-01-10T08:13:41.434Z cpu2:2097485)VSCSI: 2753: handle 8206(vscsi0:0):Completing reset (0 outstanding commands)
2026-01-10T08:13:43.692Z cpu7:2100374)VSCSI: 6669: handle 8206(vscsi0:0):Destroying Device for world 2100359 (pendCom 0)
2026-01-10T08:13:43.692Z cpu7:2100374)NetPort: 1580: disabled port 0x2000007
2026-01-10T08:13:43.787Z cpu1:2100374)VSCSI: 3877: handle 8207(vscsi0:0):Creating Virtual Device for world 2100359 (FSS handle 6163461) numBlocks=314572800 (bs=512)
2026-01-10T08:13:43.787Z cpu1:2100374)VSCSI: 273: handle 8207(vscsi0:0):Input values: res=0 limit=-2 bw=-1 Shares=1000
2026-01-10T08:13:43.787Z cpu1:2100374)NetPort: 1359: enabled port 0x2000007 with mac 00:50:56:87:05:d6
2026-01-10T08:13:45.034Z cpu10:2100359)VSCSI: 2685: handle 8207(vscsi0:0):Reset request on FSS handle 6163461 (0 outstanding commands) from (vmm0:SGRL-LLM001)
2026-01-10T08:13:45.034Z cpu2:2097485)VSCSI: 2970: handle 8207(vscsi0:0):Reset [Retries: 0/0] from (vmm0:SGRL-LLM001)
2026-01-10T08:13:45.034Z cpu2:2097485)VSCSI: 2753: handle 8207(vscsi0:0):Completing reset (0 outstanding commands)
2026-01-10T08:13:45.034Z cpu10:2100359)VSCSI: 2685: handle 8207(vscsi0:0):Reset request on FSS handle 6163461 (0 outstanding commands) from (vmm0:SGRL-LLM001)
2026-01-10T08:13:45.034Z cpu2:2097485)VSCSI: 2970: handle 8207(vscsi0:0):Reset [Retries: 0/0] from (vmm0:SGRL-LLM001)
2026-01-10T08:13:45.034Z cpu2:2097485)VSCSI: 2753: handle 8207(vscsi0:0):Completing reset (0 outstanding commands)
2026-01-10T08:13:53.810Z cpu16:2100366)VSCSI: 2685: handle 8207(vscsi0:0):Reset request on FSS handle 6163461 (0 outstanding commands) from (vmm0:SGRL-LLM001)
2026-01-10T08:13:53.811Z cpu2:2097485)VSCSI: 2970: handle 8207(vscsi0:0):Reset [Retries: 0/0] from (vmm0:SGRL-LLM001)
2026-01-10T08:13:53.811Z cpu2:2097485)VSCSI: 2753: handle 8207(vscsi0:0):Completing reset (0 outstanding commands)
2026-01-10T08:15:04.676Z cpu22:2097877)DVFilter: 6068: Checking disconnected filters for timeouts
2026-01-10T08:17:49.514Z cpu18:2100367)VSCSI: 2685: handle 8207(vscsi0:0):Reset request on FSS handle 6163461 (0 outstanding commands) from (vmm0:SGRL-LLM001)
2026-01-10T08:17:49.514Z cpu2:2097485)VSCSI: 2970: handle 8207(vscsi0:0):Reset [Retries: 0/0] from (vmm0:SGRL-LLM001)
2026-01-10T08:17:49.514Z cpu2:2097485)VSCSI: 2753: handle 8207(vscsi0:0):Completing reset (0 outstanding commands)
2026-01-10T08:17:51.599Z cpu11:2100374)VSCSI: 6669: handle 8207(vscsi0:0):Destroying Device for world 2100359 (pendCom 0)
2026-01-10T08:17:51.599Z cpu11:2100374)NetPort: 1580: disabled port 0x2000007
2026-01-10T08:17:51.693Z cpu6:2100374)VSCSI: 3877: handle 8208(vscsi0:0):Creating Virtual Device for world 2100359 (FSS handle 6622213) numBlocks=314572800 (bs=512)
2026-01-10T08:17:51.693Z cpu6:2100374)VSCSI: 273: handle 8208(vscsi0:0):Input values: res=0 limit=-2 bw=-1 Shares=1000
2026-01-10T08:17:51.693Z cpu6:2100374)NetPort: 1359: enabled port 0x2000007 with mac 00:50:56:87:05:d6
2026-01-10T08:17:52.942Z cpu10:2100359)VSCSI: 2685: handle 8208(vscsi0:0):Reset request on FSS handle 6622213 (0 outstanding commands) from (vmm0:SGRL-LLM001)
2026-01-10T08:17:52.942Z cpu2:2097485)VSCSI: 2970: handle 8208(vscsi0:0):Reset [Retries: 0/0] from (vmm0:SGRL-LLM001)
2026-01-10T08:17:52.942Z cpu2:2097485)VSCSI: 2753: handle 8208(vscsi0:0):Completing reset (0 outstanding commands)
2026-01-10T08:17:52.942Z cpu10:2100359)VSCSI: 2685: handle 8208(vscsi0:0):Reset request on FSS handle 6622213 (0 outstanding commands) from (vmm0:SGRL-LLM001)
2026-01-10T08:17:52.942Z cpu2:2097485)VSCSI: 2970: handle 8208(vscsi0:0):Reset [Retries: 0/0] from (vmm0:SGRL-LLM001)
2026-01-10T08:17:52.942Z cpu2:2097485)VSCSI: 2753: handle 8208(vscsi0:0):Completing reset (0 outstanding commands)
2026-01-10T08:18:01.839Z cpu22:2100366)VSCSI: 2685: handle 8208(vscsi0:0):Reset request on FSS handle 6622213 (0 outstanding commands) from (vmm0:SGRL-LLM001)
2026-01-10T08:18:01.839Z cpu0:2097485)VSCSI: 2970: handle 8208(vscsi0:0):Reset [Retries: 0/0] from (vmm0:SGRL-LLM001)
2026-01-10T08:18:01.840Z cpu0:2097485)VSCSI: 2753: handle 8208(vscsi0:0):Completing reset (0 outstanding commands)
2026-01-10T08:20:06.012Z cpu12:2097891)ScsiDeviceIO: 3470: Cmd(0x45ba994eae40) 0x1a, CmdSN 0xb04 from world 0 to dev "naa.600605b004213bc001e293503af49afb" failed H:0x0 D:0x2 P:0x0 Valid sense data: 0x5 0x24 0x0.
2026-01-10T08:23:09.364Z cpu19:2099440 opID=184dc57a)World: 11950: VC opID mk89wodo-1438-auto-13z-h5:70000384-74-01-01-c8-f683 maps to vmkernel opID 184dc57a
2026-01-10T08:23:09.364Z cpu19:2099440 opID=184dc57a)Config: 703: "SIOControlFlag2" = 1, Old Value: 0, (Status: 0x0)
2026-01-10T08:23:09.454Z cpu19:2100646)MemSched: vm 2100646: 5745: extended swap to 20480 pgs
2026-01-10T08:23:09.534Z cpu19:2100646)MemSched: vm 2100646: 5745: extended swap to 20992 pgs
2026-01-10T08:23:09.534Z cpu19:2100646)World: vm 2100647: 7083: Starting world vmm0:SGRL-WSU001 of type 8
2026-01-10T08:23:09.535Z cpu19:2100646)Sched: vm 2100647: 6206: Adding world 'vmm0:SGRL-WSU001', group 'host/user', cpu: shares=-3 min=0 minLimit=-1 max=-1, mem: shares=-3 min=0 minLimit=-1 max=-1
2026-01-10T08:23:09.535Z cpu19:2100646)Sched: vm 2100647: 6221: renamed group 16910 to vm.2100646
2026-01-10T08:23:09.535Z cpu19:2100646)Sched: vm 2100647: 6238: group 16910 is located under group 4
2026-01-10T08:23:10.175Z cpu17:2100646)VSCSI: 3877: handle 8209(vscsi0:0):Creating Virtual Device for world 2100647 (FSS handle 2296923) numBlocks=314572800 (bs=512)
2026-01-10T08:23:10.175Z cpu17:2100646)VSCSI: 273: handle 8209(vscsi0:0):Input values: res=0 limit=-2 bw=-1 Shares=1000
2026-01-10T08:23:10.175Z cpu17:2100646)VSCSI: 3877: handle 8210(vscsi0:1):Creating Virtual Device for world 2100647 (FSS handle 1903708) numBlocks=1048576000 (bs=512)
2026-01-10T08:23:10.175Z cpu17:2100646)VSCSI: 273: handle 8210(vscsi0:1):Input values: res=0 limit=-2 bw=-1 Shares=1000
2026-01-10T08:23:10.211Z cpu9:2100647)PVSCSI: 3462: scsi0: ioWorld=1 intrCoalescingMode=2 flags=0x1f
2026-01-10T08:23:10.214Z cpu12:2100657)Net: 2457: connected SGRL-WSU001 eth0 to 172.10.0.0/24_MGMT, portID 0x2000008
2026-01-10T08:23:10.214Z cpu12:2100657)NetPort: 1359: enabled port 0x2000008 with mac 00:00:00:00:00:00
2026-01-10T08:23:10.218Z cpu8:2099450)Config: 703: "SIOControlFlag2" = 0, Old Value: 1, (Status: 0x0)
2026-01-10T08:23:10.222Z cpu12:2100647)----------------  ----------------  ----------------  ----------------  ----------------
2026-01-10T08:23:10.222Z cpu12:2100647)            name       reserved,KB   peakReserved,KB          alloc,KB      peakAlloc,KB
2026-01-10T08:23:10.222Z cpu12:2100647)----------------  ----------------  ----------------  ----------------  ----------------
2026-01-10T08:23:10.222Z cpu12:2100647)             VMM             37116             37116             13256             13256
2026-01-10T08:23:10.222Z cpu12:2100647)          PFRAME             16420             16420                36                36
2026-01-10T08:23:10.222Z cpu12:2100647)      SWAP_CACHE               512               512               512               512
2026-01-10T08:23:10.222Z cpu12:2100647)       CANDIDATE                 4                 4                 4                 4
2026-01-10T08:23:10.222Z cpu12:2100647)  CHECKPOINT_BUF               256               256                 0                 0
2026-01-10T08:23:10.222Z cpu12:2100647)      PSHARE_P2M                20                20                20                20
2026-01-10T08:23:10.222Z cpu12:2100647)            CBRC                 0                 0                 0                 0
2026-01-10T08:23:10.222Z cpu12:2100647)           FTCPT                 0                 0                 0                 0
2026-01-10T08:23:10.222Z cpu12:2100647)      ASYNCREMAP                 4                 4                 4                 4
2026-01-10T08:23:10.222Z cpu12:2100647)   VMMEMSERVICES                64                64                64                64
2026-01-10T08:23:10.222Z cpu12:2100647)FSR_UNSHARED_GBL                 0                 0                 0                 0
2026-01-10T08:23:10.222Z cpu12:2100647)----------------  ----------------  ----------------  ----------------  ----------------
2026-01-10T08:23:10.222Z cpu12:2100647)------------------------------  ------------  ------------  ------------  ------------  ------------
2026-01-10T08:23:10.222Z cpu12:2100647)                          name        min,KB        max,KB   minLimit,KB       eMin,KB   rMinPeak,KB
2026-01-10T08:23:10.222Z cpu12:2100647)------------------------------  ------------  ------------  ------------  ------------  ------------
2026-01-10T08:23:10.222Z cpu12:2100647)                    vm.2100646             0            -1            -1         70892         72592
2026-01-10T08:23:10.222Z cpu12:2100647)            worldGroup.2100646             0            -1            -1           612           612
2026-01-10T08:23:10.222Z cpu12:2100647)                    uw.2100646          9328            -1            -1          9328         11120
2026-01-10T08:23:10.222Z cpu12:2100647)               vsiHeap.2100646             0            -1            -1           136           136
2026-01-10T08:23:10.222Z cpu12:2100647)                    pt.2100646           352            -1            -1           708           708
2026-01-10T08:23:10.222Z cpu12:2100647)            cartelheap.2100646             0            -1            -1           296           296
2026-01-10T08:23:10.222Z cpu12:2100647)             uwshmempt.2100646             0            -1            -1             0             0
2026-01-10T08:23:10.222Z cpu12:2100647)      uwAsyncRemapHeap.2100646             0            -1            -1           136           136
2026-01-10T08:23:10.222Z cpu12:2100647)               uwCrypt.2100646          4096          4096          4096          4096          4096
2026-01-10T08:23:10.222Z cpu12:2100647)              uwregbmp.2100646             8            -1            -1             8             8
2026-01-10T08:23:10.222Z cpu12:2100647)                   vmm.2100646             0            -1            -1             0             0
2026-01-10T08:23:10.222Z cpu12:2100647)               vmmanon.2100646         54396            -1            -1         54396         54396
2026-01-10T08:23:10.222Z cpu12:2100647)                 vmcpt.2100647           528            -1            -1           528           528
2026-01-10T08:23:10.222Z cpu12:2100647)             vmmregbmp.2100646           512            -1            -1           512           512
2026-01-10T08:23:10.222Z cpu12:2100647)     vmmAsyncRemapHeap.2100646             0            -1            -1           136           136
2026-01-10T08:23:10.222Z cpu12:2100647)------------------------------  ------------  ------------  ------------  ------------  ------------
2026-01-10T08:23:14.571Z cpu15:2100647)PVSCSI: 2612: Failed to issue sync i/o : Busy (btstat=0x0 sdstat=0x8)
2026-01-10T08:23:45.008Z cpu0:2097890)ScsiDeviceIO: 3470: Cmd(0x459aac87e940) 0x1a, CmdSN 0xbdc from world 0 to dev "naa.600605b004213bc001e293503af49afb" failed H:0x0 D:0x2 P:0x0 Valid sense data: 0x5 0x24 0x0.
2026-01-10T08:25:04.676Z cpu22:2097877)DVFilter: 6068: Checking disconnected filters for timeouts
2026-01-10T08:28:46.475Z cpu9:2097890)ScsiDeviceIO: 3470: Cmd(0x459a80f65340) 0x1a, CmdSN 0xc58 from world 0 to dev "naa.600605b004213bc001e293503af49afb" failed H:0x0 D:0x2 P:0x0 Valid sense data: 0x5 0x24 0x0.
2026-01-10T08:29:01.590Z cpu2:2100363)VSCSIFs: 4068: handle 8208(vscsi0:0):Invalid Opcode (0x4d) from (vmm0:SGRL-LLM001)
2026-01-10T08:30:54.202Z cpu4:2100358)VSCSI: 3877: handle 8211(vscsi0:1):Creating Virtual Device for world 2100359 (FSS handle 3342523) numBlocks=838860800 (bs=512)
2026-01-10T08:30:54.202Z cpu4:2100358)VSCSI: 273: handle 8211(vscsi0:1):Input values: res=0 limit=-2 bw=-1 Shares=1000
2026-01-10T08:31:28.358Z cpu13:2099448 opID=1438a53c)World: 11950: VC opID mk89wodo-1670-auto-1af-h5:70000539-d1-01-01-db-f848 maps to vmkernel opID 1438a53c
2026-01-10T08:31:28.358Z cpu13:2099448 opID=1438a53c)Config: 703: "SIOControlFlag2" = 1, Old Value: 0, (Status: 0x0)
2026-01-10T08:31:28.597Z cpu0:2100898)MemSched: vm 2100898: 5745: extended swap to 20480 pgs
2026-01-10T08:31:28.702Z cpu6:2100898)MemSched: vm 2100898: 5745: extended swap to 20992 pgs
2026-01-10T08:31:28.702Z cpu6:2100898)World: vm 2100899: 7083: Starting world vmm0:SGRL-ADC001 of type 8
2026-01-10T08:31:28.703Z cpu6:2100898)Sched: vm 2100899: 6206: Adding world 'vmm0:SGRL-ADC001', group 'host/user', cpu: shares=-3 min=0 minLimit=-1 max=-1, mem: shares=-3 min=0 minLimit=-1 max=-1
2026-01-10T08:31:28.703Z cpu6:2100898)Sched: vm 2100899: 6221: renamed group 18037 to vm.2100898
2026-01-10T08:31:28.703Z cpu6:2100898)Sched: vm 2100899: 6238: group 18037 is located under group 4
2026-01-10T08:31:30.028Z cpu6:2100898)FDS: 617: Enabling IO coalescing on driver 'deltadisks' device 'd00d7-SGRL-ADC001-000001-sesparse.vmdk'
2026-01-10T08:31:30.048Z cpu6:2100898)VSCSI: 3877: handle 8212(vscsi0:0):Creating Virtual Device for world 2100899 (FSS handle 327897) numBlocks=314572800 (bs=512)
2026-01-10T08:31:30.048Z cpu6:2100898)VSCSI: 273: handle 8212(vscsi0:0):Input values: res=0 limit=-2 bw=-1 Shares=1000
2026-01-10T08:31:30.072Z cpu5:2100899)LSI: 1781: LSI: Initialized rings for scsi0 async=1
2026-01-10T08:31:30.076Z cpu12:2100908)Net: 2457: connected SGRL-ADC001 eth0 to 172.10.0.0/24_MGMT, portID 0x2000009
2026-01-10T08:31:30.078Z cpu4:2098906)Config: 703: "SIOControlFlag2" = 0, Old Value: 1, (Status: 0x0)
2026-01-10T08:31:30.082Z cpu12:2100899)----------------  ----------------  ----------------  ----------------  ----------------
2026-01-10T08:31:30.082Z cpu12:2100899)            name       reserved,KB   peakReserved,KB          alloc,KB      peakAlloc,KB
2026-01-10T08:31:30.082Z cpu12:2100899)----------------  ----------------  ----------------  ----------------  ----------------
2026-01-10T08:31:30.082Z cpu12:2100899)             VMM             37020             37020             13144             13144
2026-01-10T08:31:30.082Z cpu12:2100899)          PFRAME             16420             16420                36                36
2026-01-10T08:31:30.082Z cpu12:2100899)      SWAP_CACHE               512               512               512               512
2026-01-10T08:31:30.082Z cpu12:2100899)       CANDIDATE                 4                 4                 4                 4
2026-01-10T08:31:30.082Z cpu12:2100899)  CHECKPOINT_BUF               256               256                 0                 0
2026-01-10T08:31:30.082Z cpu12:2100899)      PSHARE_P2M                20                20                20                20
2026-01-10T08:31:30.082Z cpu12:2100899)            CBRC                 0                 0                 0                 0
2026-01-10T08:31:30.082Z cpu12:2100899)           FTCPT                 0                 0                 0                 0
2026-01-10T08:31:30.082Z cpu12:2100899)      ASYNCREMAP                 4                 4                 4                 4
2026-01-10T08:31:30.082Z cpu12:2100899)   VMMEMSERVICES                64                64                64                64
2026-01-10T08:31:30.082Z cpu12:2100899)FSR_UNSHARED_GBL                 0                 0                 0                 0
2026-01-10T08:31:30.082Z cpu12:2100899)----------------  ----------------  ----------------  ----------------  ----------------
2026-01-10T08:31:30.082Z cpu12:2100899)------------------------------  ------------  ------------  ------------  ------------  ------------
2026-01-10T08:31:30.082Z cpu12:2100899)                          name        min,KB        max,KB   minLimit,KB       eMin,KB   rMinPeak,KB
2026-01-10T08:31:30.082Z cpu12:2100899)------------------------------  ------------  ------------  ------------  ------------  ------------
2026-01-10T08:31:30.082Z cpu12:2100899)                    vm.2100898             0            -1            -1         70812         72520
2026-01-10T08:31:30.082Z cpu12:2100899)            worldGroup.2100898             0            -1            -1           612           612
2026-01-10T08:31:30.082Z cpu12:2100899)                    uw.2100898          9352            -1            -1          9352         11144
2026-01-10T08:31:30.082Z cpu12:2100899)               vsiHeap.2100898             0            -1            -1           136           136
2026-01-10T08:31:30.082Z cpu12:2100899)                    pt.2100898           352            -1            -1           700           700
2026-01-10T08:31:30.082Z cpu12:2100899)            cartelheap.2100898             0            -1            -1           296           296
2026-01-10T08:31:30.082Z cpu12:2100899)             uwshmempt.2100898             0            -1            -1             0             0
2026-01-10T08:31:30.082Z cpu12:2100899)      uwAsyncRemapHeap.2100898             0            -1            -1           136           136
2026-01-10T08:31:30.082Z cpu12:2100899)               uwCrypt.2100898          4096          4096          4096          4096          4096
2026-01-10T08:31:30.082Z cpu12:2100899)              uwregbmp.2100898             8            -1            -1             8             8
2026-01-10T08:31:30.082Z cpu12:2100899)                   vmm.2100898             0            -1            -1             0             0
2026-01-10T08:31:30.082Z cpu12:2100899)               vmmanon.2100898         54300            -1            -1         54300         54300
2026-01-10T08:31:30.082Z cpu12:2100899)                 vmcpt.2100899           528            -1            -1           528           528
2026-01-10T08:31:30.082Z cpu12:2100899)             vmmregbmp.2100898           512            -1            -1           512           512
2026-01-10T08:31:30.082Z cpu12:2100899)     vmmAsyncRemapHeap.2100898             0            -1            -1           136           136
2026-01-10T08:31:30.082Z cpu12:2100899)------------------------------  ------------  ------------  ------------  ------------  ------------
2026-01-10T08:31:31.264Z cpu13:2100899)VSCSI: 2685: handle 8212(vscsi0:0):Reset request on FSS handle 327897 (0 outstanding commands) from (vmm0:SGRL-ADC001)
2026-01-10T08:31:31.264Z cpu0:2097485)VSCSI: 2970: handle 8212(vscsi0:0):Reset [Retries: 0/0] from (vmm0:SGRL-ADC001)
2026-01-10T08:31:31.264Z cpu0:2097485)VSCSI: 2753: handle 8212(vscsi0:0):Completing reset (0 outstanding commands)
2026-01-10T08:31:31.264Z cpu13:2100899)VSCSI: 2685: handle 8212(vscsi0:0):Reset request on FSS handle 327897 (0 outstanding commands) from (vmm0:SGRL-ADC001)
2026-01-10T08:31:31.264Z cpu0:2097485)VSCSI: 2970: handle 8212(vscsi0:0):Reset [Retries: 0/0] from (vmm0:SGRL-ADC001)
2026-01-10T08:31:31.264Z cpu0:2097485)VSCSI: 2753: handle 8212(vscsi0:0):Completing reset (0 outstanding commands)
2026-01-10T08:31:31.462Z cpu13:2100908)Vmxnet3: 18624: indLROPktToGuest: 0, vcd->umkShared->vrrsSelected: 1 port 0x2000009
2026-01-10T08:31:31.462Z cpu13:2100908)Vmxnet3: 18865: Using default queue delivery for vmxnet3 for port 0x2000009
2026-01-10T08:31:31.462Z cpu13:2100908)NetPort: 1359: enabled port 0x2000009 with mac 00:50:56:87:af:26
2026-01-10T08:31:38.210Z cpu15:2100908)NetPort: 1580: disabled port 0x2000009
2026-01-10T08:31:41.126Z cpu15:2100903)VSCSI: 2685: handle 8212(vscsi0:0):Reset request on FSS handle 327897 (0 outstanding commands) from (vmm0:SGRL-ADC001)
2026-01-10T08:31:41.126Z cpu0:2097485)VSCSI: 2970: handle 8212(vscsi0:0):Reset [Retries: 0/0] from (vmm0:SGRL-ADC001)
2026-01-10T08:31:41.126Z cpu0:2097485)VSCSI: 2753: handle 8212(vscsi0:0):Completing reset (0 outstanding commands)
2026-01-10T08:31:46.647Z cpu20:2100910)Vmxnet3: 18624: indLROPktToGuest: 1, vcd->umkShared->vrrsSelected: 3 port 0x2000009
2026-01-10T08:31:46.647Z cpu20:2100910)Vmxnet3: 18865: Using default queue delivery for vmxnet3 for port 0x2000009
2026-01-10T08:31:46.647Z cpu20:2100910)NetPort: 1359: enabled port 0x2000009 with mac 00:50:56:87:af:26
2026-01-10T08:31:46.751Z cpu23:2100910)NetPort: 1580: disabled port 0x2000009
2026-01-10T08:31:46.752Z cpu23:2100910)Vmxnet3: 18624: indLROPktToGuest: 1, vcd->umkShared->vrrsSelected: 3 port 0x2000009
2026-01-10T08:31:46.752Z cpu23:2100910)Vmxnet3: 18865: Using default queue delivery for vmxnet3 for port 0x2000009
2026-01-10T08:31:46.752Z cpu23:2100910)NetPort: 1359: enabled port 0x2000009 with mac 00:50:56:87:af:26
2026-01-10T08:31:46.753Z cpu23:2100910)NetPort: 1580: disabled port 0x2000009
2026-01-10T08:31:46.785Z cpu23:2100910)Vmxnet3: 18624: indLROPktToGuest: 1, vcd->umkShared->vrrsSelected: 3 port 0x2000009
2026-01-10T08:31:46.785Z cpu23:2100910)Vmxnet3: 18865: Using default queue delivery for vmxnet3 for port 0x2000009
2026-01-10T08:31:46.785Z cpu23:2100910)NetPort: 1359: enabled port 0x2000009 with mac 00:50:56:87:af:26
2026-01-10T08:32:52.013Z cpu0:2097890)ScsiDeviceIO: 3470: Cmd(0x459a80e14680) 0x1a, CmdSN 0xd5d from world 0 to dev "naa.600605b004213bc001e293503af49afb" failed H:0x0 D:0x2 P:0x0 Valid sense data: 0x5 0x24 0x0.
2026-01-10T08:34:19.331Z cpu17:2100647)VSCSIFs: 4068: handle 8209(vscsi0:0):Invalid Opcode (0x4d) from (vmm0:SGRL-WSU001)
2026-01-10T08:34:19.331Z cpu22:2100651)VSCSIFs: 4068: handle 8210(vscsi0:1):Invalid Opcode (0x4d) from (vmm0:SGRL-WSU001)
2026-01-10T08:35:04.676Z cpu18:2097877)DVFilter: 6068: Checking disconnected filters for timeouts
2026-01-10T08:38:46.690Z cpu3:2097890)ScsiDeviceIO: 3470: Cmd(0x459a80ec4a80) 0x1a, CmdSN 0xe4e from world 0 to dev "naa.600605b004213bc001e293503af49afb" failed H:0x0 D:0x2 P:0x0 Valid sense data: 0x5 0x24 0x0.
2026-01-10T08:42:40.425Z cpu13:2100899)VSCSIFs: 4068: handle 8212(vscsi0:0):Invalid Opcode (0x4d) from (vmm0:SGRL-ADC001)
2026-01-10T08:45:04.676Z cpu12:2097877)DVFilter: 6068: Checking disconnected filters for timeouts
2026-01-10T08:45:07.025Z cpu12:2097891)ScsiDeviceIO: 3470: Cmd(0x45ba99573c40) 0x1a, CmdSN 0xee2 from world 0 to dev "naa.600605b004213bc001e293503af49afb" failed H:0x0 D:0x2 P:0x0 Valid sense data: 0x5 0x24 0x0.
2026-01-10T08:50:23.528Z cpu4:2097890)ScsiDeviceIO: 3470: Cmd(0x459ab3b21780) 0x1a, CmdSN 0xf6f from world 0 to dev "naa.600605b004213bc001e293503af49afb" failed H:0x0 D:0x2 P:0x0 Valid sense data: 0x5 0x24 0x0.
2026-01-10T08:51:21.403Z cpu10:2097352)<6>megasas_service_aen[4]: aen received
2026-01-10T08:51:21.403Z cpu4:2100337)<6>megasas_hotplug_work[4]: event code 0x005e
2026-01-10T08:51:21.412Z cpu4:2100337)<6>megasas_hotplug_work[4]: aen registered
2026-01-10T08:51:57.581Z cpu10:2098301)<6>megasas_service_aen[4]: aen received
2026-01-10T08:51:57.581Z cpu6:2100337)<6>megasas_hotplug_work[4]: event code 0x005e
2026-01-10T08:51:57.591Z cpu6:2100337)<6>megasas_hotplug_work[4]: aen registered
2026-01-10T08:52:03.958Z cpu7:2099655)WARNING: E1000: 4325: End of the next rx packet
2026-01-10T08:52:03.958Z cpu7:2099655)WARNING: E1000: 4325: End of the next rx packet
2026-01-10T08:52:12.088Z cpu10:2099655)WARNING: E1000: 4325: End of the next rx packet
2026-01-10T08:52:12.089Z cpu10:2099655)WARNING: E1000: 4325: End of the next rx packet
2026-01-10T08:52:12.089Z cpu10:2099655)WARNING: E1000: 4325: End of the next rx packet
2026-01-10T08:52:12.091Z cpu10:2099655)WARNING: E1000: 4325: End of the next rx packet
2026-01-10T08:52:12.091Z cpu10:2099655)WARNING: E1000: 4325: End of the next rx packet
2026-01-10T08:52:12.094Z cpu10:2099655)WARNING: E1000: 4325: End of the next rx packet
2026-01-10T08:52:12.095Z cpu10:2099655)WARNING: E1000: 4325: End of the next rx packet
2026-01-10T08:52:12.095Z cpu10:2099655)WARNING: E1000: 4325: End of the next rx packet
2026-01-10T08:52:12.095Z cpu10:2099655)WARNING: E1000: 4325: End of the next rx packet
2026-01-10T08:52:12.096Z cpu10:2099655)WARNING: E1000: 4325: End of the next rx packet
2026-01-10T08:52:12.097Z cpu10:2099655)WARNING: E1000: 4325: End of the next rx packet
2026-01-10T08:52:12.097Z cpu10:2099655)WARNING: E1000: 4325: End of the next rx packet
2026-01-10T08:52:12.099Z cpu10:2099655)WARNING: E1000: 4325: End of the next rx packet
2026-01-10T08:52:12.099Z cpu10:2099655)WARNING: E1000: 4325: End of the next rx packet
2026-01-10T08:52:12.100Z cpu10:2099655)WARNING: E1000: 4325: End of the next rx packet
2026-01-10T08:52:12.101Z cpu10:2099655)WARNING: E1000: 4325: End of the next rx packet
2026-01-10T08:52:12.107Z cpu10:2099655)WARNING: E1000: 4325: End of the next rx packet
2026-01-10T08:52:14.760Z cpu9:2099655)WARNING: E1000: 4325: End of the next rx packet
2026-01-10T08:52:14.760Z cpu9:2099655)WARNING: E1000: 4325: End of the next rx packet
2026-01-10T08:52:14.761Z cpu9:2099655)WARNING: E1000: 4325: End of the next rx packet
2026-01-10T08:52:14.762Z cpu9:2099655)WARNING: E1000: 4325: End of the next rx packet
2026-01-10T08:52:14.762Z cpu9:2099655)WARNING: E1000: 4325: End of the next rx packet
2026-01-10T08:52:14.763Z cpu9:2099655)WARNING: E1000: 4325: End of the next rx packet
2026-01-10T08:52:14.766Z cpu9:2099655)WARNING: E1000: 4325: End of the next rx packet
2026-01-10T08:52:18.708Z cpu2:2099655)WARNING: E1000: 4325: End of the next rx packet
2026-01-10T08:52:18.710Z cpu2:2099655)WARNING: E1000: 4325: End of the next rx packet
2026-01-10T08:52:18.711Z cpu2:2099655)WARNING: E1000: 4325: End of the next rx packet
2026-01-10T08:52:18.711Z cpu2:2099655)WARNING: E1000: 4325: End of the next rx packet
2026-01-10T08:52:18.712Z cpu2:2099655)WARNING: E1000: 4325: End of the next rx packet
2026-01-10T08:52:18.712Z cpu2:2099655)WARNING: E1000: 4325: End of the next rx packet
2026-01-10T08:52:18.717Z cpu2:2099655)WARNING: E1000: 4325: End of the next rx packet
2026-01-10T08:52:18.718Z cpu2:2099655)WARNING: E1000: 4325: End of the next rx packet
2026-01-10T08:52:18.719Z cpu2:2099655)WARNING: E1000: 4325: End of the next rx packet
2026-01-10T08:52:18.719Z cpu2:2099655)WARNING: E1000: 4325: End of the next rx packet
2026-01-10T08:52:18.720Z cpu2:2099655)WARNING: E1000: 4325: End of the next rx packet
2026-01-10T08:52:18.721Z cpu2:2099655)WARNING: E1000: 4325: End of the next rx packet
2026-01-10T08:52:18.721Z cpu2:2099655)WARNING: E1000: 4325: End of the next rx packet
2026-01-10T08:52:18.721Z cpu2:2099655)WARNING: E1000: 4325: End of the next rx packet
2026-01-10T08:52:18.722Z cpu2:2099655)WARNING: E1000: 4325: End of the next rx packet
2026-01-10T08:52:18.726Z cpu2:2099655)WARNING: E1000: 4325: End of the next rx packet
2026-01-10T08:52:18.727Z cpu2:2099655)WARNING: E1000: 4325: End of the next rx packet
2026-01-10T08:52:18.729Z cpu2:2099655)WARNING: E1000: 4325: End of the next rx packet
2026-01-10T08:52:21.425Z cpu6:2099655)WARNING: E1000: 4325: End of the next rx packet
2026-01-10T08:52:21.426Z cpu6:2099655)WARNING: E1000: 4325: End of the next rx packet
2026-01-10T08:52:21.429Z cpu2:2099655)WARNING: E1000: 4325: End of the next rx packet
2026-01-10T08:52:21.542Z cpu6:2099655)WARNING: E1000: 4325: End of the next rx packet
2026-01-10T08:52:21.585Z cpu7:2099655)WARNING: E1000: 4325: End of the next rx packet
2026-01-10T08:52:24.464Z cpu6:2099655)WARNING: E1000: 4325: End of the next rx packet
2026-01-10T08:52:24.464Z cpu6:2099655)WARNING: E1000: 4325: End of the next rx packet
2026-01-10T08:52:24.465Z cpu6:2099655)WARNING: E1000: 4325: End of the next rx packet
2026-01-10T08:52:24.470Z cpu6:2099655)WARNING: E1000: 4325: End of the next rx packet
2026-01-10T08:52:24.471Z cpu6:2099655)WARNING: E1000: 4325: End of the next rx packet
2026-01-10T08:52:24.472Z cpu6:2099655)WARNING: E1000: 4325: End of the next rx packet
2026-01-10T08:52:24.474Z cpu6:2099655)WARNING: E1000: 4325: End of the next rx packet
2026-01-10T08:52:24.474Z cpu6:2099655)WARNING: E1000: 4325: End of the next rx packet
2026-01-10T08:52:24.710Z cpu0:2099655)WARNING: E1000: 4325: End of the next rx packet
2026-01-10T08:52:24.711Z cpu0:2099655)WARNING: E1000: 4325: End of the next rx packet
2026-01-10T08:52:27.201Z cpu4:2099655)WARNING: E1000: 4325: End of the next rx packet
2026-01-10T08:52:28.072Z cpu0:2099655)WARNING: E1000: 4325: End of the next rx packet
2026-01-10T08:52:28.075Z cpu0:2099655)WARNING: E1000: 4325: End of the next rx packet
2026-01-10T08:52:28.076Z cpu0:2099655)WARNING: E1000: 4325: End of the next rx packet
2026-01-10T08:52:28.077Z cpu0:2099655)WARNING: E1000: 4325: End of the next rx packet
2026-01-10T08:52:28.077Z cpu0:2099655)WARNING: E1000: 4325: End of the next rx packet
2026-01-10T08:52:28.084Z cpu8:2099655)WARNING: E1000: 4325: End of the next rx packet
2026-01-10T08:52:28.085Z cpu8:2099655)WARNING: E1000: 4325: End of the next rx packet
2026-01-10T08:52:28.086Z cpu8:2099655)WARNING: E1000: 4325: End of the next rx packet
2026-01-10T08:52:31.411Z cpu8:2099655)WARNING: E1000: 4325: End of the next rx packet
2026-01-10T08:52:31.414Z cpu8:2099655)WARNING: E1000: 4325: End of the next rx packet
2026-01-10T08:52:31.415Z cpu8:2099655)WARNING: E1000: 4325: End of the next rx packet
2026-01-10T08:52:31.417Z cpu8:2099655)WARNING: E1000: 4325: End of the next rx packet
2026-01-10T08:52:31.418Z cpu8:2099655)WARNING: E1000: 4325: End of the next rx packet
2026-01-10T08:52:31.419Z cpu8:2099655)WARNING: E1000: 4325: End of the next rx packet
2026-01-10T08:52:31.419Z cpu8:2099655)WARNING: E1000: 4325: End of the next rx packet
2026-01-10T08:52:31.419Z cpu8:2099655)WARNING: E1000: 4325: End of the next rx packet
2026-01-10T08:52:36.396Z cpu4:2099655)WARNING: E1000: 4325: End of the next rx packet
2026-01-10T08:52:36.397Z cpu4:2099655)WARNING: E1000: 4325: End of the next rx packet
2026-01-10T08:52:36.398Z cpu4:2099655)WARNING: E1000: 4325: End of the next rx packet
2026-01-10T08:52:36.398Z cpu4:2099655)WARNING: E1000: 4325: End of the next rx packet
2026-01-10T08:52:36.399Z cpu4:2099655)WARNING: E1000: 4325: End of the next rx packet
2026-01-10T08:52:36.399Z cpu4:2099655)WARNING: E1000: 4325: End of the next rx packet
2026-01-10T08:52:36.400Z cpu4:2099655)WARNING: E1000: 4325: End of the next rx packet
2026-01-10T08:52:36.401Z cpu4:2099655)WARNING: E1000: 4325: End of the next rx packet
2026-01-10T08:52:36.402Z cpu4:2099655)WARNING: E1000: 4325: End of the next rx packet
2026-01-10T08:52:36.404Z cpu4:2099655)WARNING: E1000: 4325: End of the next rx packet
2026-01-10T08:52:36.635Z cpu2:2099655)WARNING: E1000: 4325: End of the next rx packet
2026-01-10T08:52:36.636Z cpu2:2099655)WARNING: E1000: 4325: End of the next rx packet
2026-01-10T08:52:38.013Z cpu8:2099655)WARNING: E1000: 4325: End of the next rx packet
2026-01-10T08:52:38.015Z cpu8:2099655)WARNING: E1000: 4325: End of the next rx packet
2026-01-10T08:52:38.016Z cpu8:2099655)WARNING: E1000: 4325: End of the next rx packet
2026-01-10T08:52:38.017Z cpu8:2099655)WARNING: E1000: 4325: End of the next rx packet
2026-01-10T08:52:38.017Z cpu8:2099655)WARNING: E1000: 4325: End of the next rx packet
2026-01-10T08:52:38.018Z cpu8:2099655)WARNING: E1000: 4325: End of the next rx packet
2026-01-10T08:52:38.019Z cpu8:2099655)WARNING: E1000: 4325: End of the next rx packet
2026-01-10T08:52:38.020Z cpu8:2099655)WARNING: E1000: 4325: End of the next rx packet
2026-01-10T08:52:38.020Z cpu8:2099655)WARNING: E1000: 4325: End of the next rx packet
2026-01-10T08:52:38.021Z cpu8:2099655)WARNING: E1000: 4325: End of the next rx packet
2026-01-10T08:52:38.021Z cpu8:2099655)WARNING: E1000: 4325: End of the next rx packet
2026-01-10T08:52:38.021Z cpu8:2099655)WARNING: E1000: 4325: End of the next rx packet
2026-01-10T08:55:04.676Z cpu12:2097877)DVFilter: 6068: Checking disconnected filters for timeouts
2026-01-10T08:57:17.810Z cpu5:2097890)ScsiDeviceIO: 3470: Cmd(0x459a80e34840) 0x1a, CmdSN 0xff0 from world 0 to dev "naa.600605b004213bc001e293503af49afb" failed H:0x0 D:0x2 P:0x0 Valid sense data: 0x5 0x24 0x0.
2026-01-10T09:01:00.494Z cpu2:2097890)ScsiDeviceIO: 3470: Cmd(0x459a80ff6c00) 0x1a, CmdSN 0x103c from world 0 to dev "naa.600605b004213bc001e293503af49afb" failed H:0x0 D:0x2 P:0x0 Valid sense data: 0x5 0x24 0x0.
2026-01-10T09:05:04.676Z cpu14:2097877)DVFilter: 6068: Checking disconnected filters for timeouts
2026-01-10T09:07:53.254Z cpu11:2097890)ScsiDeviceIO: 3470: Cmd(0x459aac8a1800) 0x1a, CmdSN 0x10ab from world 0 to dev "naa.600605b004213bc001e293503af49afb" failed H:0x0 D:0x2 P:0x0 Valid sense data: 0x5 0x24 0x0.
2026-01-10T09:08:43.058Z cpu10:2098415)<6>megasas_service_aen[4]: aen received
2026-01-10T09:08:43.058Z cpu0:2100337)<6>megasas_hotplug_work[4]: event code 0x005e
2026-01-10T09:08:43.068Z cpu0:2100337)<6>megasas_hotplug_work[4]: aen registered
2026-01-10T09:12:36.437Z cpu10:2100359)<6>megasas_service_aen[4]: aen received
2026-01-10T09:12:36.437Z cpu3:2100337)<6>megasas_hotplug_work[4]: event code 0x005e
2026-01-10T09:12:36.447Z cpu3:2100337)<6>megasas_hotplug_work[4]: aen registered
2026-01-10T09:12:44.391Z cpu10:2099654)<6>megasas_service_aen[4]: aen received
2026-01-10T09:12:44.391Z cpu3:2100337)<6>megasas_hotplug_work[4]: event code 0x005e
2026-01-10T09:12:44.400Z cpu3:2100337)<6>megasas_hotplug_work[4]: aen registered
2026-01-10T09:12:52.937Z cpu13:2100367)VSCSI: 2685: handle 8208(vscsi0:0):Reset request on FSS handle 6622213 (0 outstanding commands) from (vmm0:SGRL-LLM001)
2026-01-10T09:12:52.938Z cpu13:2100367)VSCSI: 2685: handle 8211(vscsi0:1):Reset request on FSS handle 3342523 (0 outstanding commands) from (vmm0:SGRL-LLM001)
2026-01-10T09:12:52.938Z cpu0:2097485)VSCSI: 2970: handle 8208(vscsi0:0):Reset [Retries: 0/0] from (vmm0:SGRL-LLM001)
2026-01-10T09:12:52.938Z cpu0:2097485)VSCSI: 2753: handle 8208(vscsi0:0):Completing reset (0 outstanding commands)
2026-01-10T09:12:52.938Z cpu0:2097485)VSCSI: 2970: handle 8211(vscsi0:1):Reset [Retries: 0/0] from (vmm0:SGRL-LLM001)
2026-01-10T09:12:52.938Z cpu0:2097485)VSCSI: 2753: handle 8211(vscsi0:1):Completing reset (0 outstanding commands)
2026-01-10T09:12:54.024Z cpu4:2100374)VSCSI: 6669: handle 8208(vscsi0:0):Destroying Device for world 2100359 (pendCom 0)
2026-01-10T09:12:54.024Z cpu4:2100374)VSCSI: 6669: handle 8211(vscsi0:1):Destroying Device for world 2100359 (pendCom 0)
2026-01-10T09:12:54.025Z cpu4:2100374)NetPort: 1580: disabled port 0x2000007
2026-01-10T09:12:54.133Z cpu8:2100374)VSCSI: 3877: handle 8213(vscsi0:0):Creating Virtual Device for world 2100359 (FSS handle 7015429) numBlocks=314572800 (bs=512)
2026-01-10T09:12:54.133Z cpu8:2100374)VSCSI: 273: handle 8213(vscsi0:0):Input values: res=0 limit=-2 bw=-1 Shares=1000
2026-01-10T09:12:54.134Z cpu8:2100374)VSCSI: 3877: handle 8214(vscsi0:1):Creating Virtual Device for world 2100359 (FSS handle 29559815) numBlocks=838860800 (bs=512)
2026-01-10T09:12:54.134Z cpu8:2100374)VSCSI: 273: handle 8214(vscsi0:1):Input values: res=0 limit=-2 bw=-1 Shares=1000
2026-01-10T09:12:54.134Z cpu8:2100374)NetPort: 1359: enabled port 0x2000007 with mac 00:50:56:87:05:d6
2026-01-10T09:12:55.383Z cpu6:2100359)VSCSI: 2685: handle 8213(vscsi0:0):Reset request on FSS handle 7015429 (0 outstanding commands) from (vmm0:SGRL-LLM001)
2026-01-10T09:12:55.383Z cpu0:2097485)VSCSI: 2970: handle 8213(vscsi0:0):Reset [Retries: 0/0] from (vmm0:SGRL-LLM001)
2026-01-10T09:12:55.384Z cpu0:2097485)VSCSI: 2753: handle 8213(vscsi0:0):Completing reset (0 outstanding commands)
2026-01-10T09:12:55.384Z cpu6:2100359)VSCSI: 2685: handle 8214(vscsi0:1):Reset request on FSS handle 29559815 (0 outstanding commands) from (vmm0:SGRL-LLM001)
2026-01-10T09:12:55.384Z cpu0:2097485)VSCSI: 2970: handle 8214(vscsi0:1):Reset [Retries: 0/0] from (vmm0:SGRL-LLM001)
2026-01-10T09:12:55.384Z cpu0:2097485)VSCSI: 2753: handle 8214(vscsi0:1):Completing reset (0 outstanding commands)
2026-01-10T09:12:55.384Z cpu6:2100359)VSCSI: 2685: handle 8213(vscsi0:0):Reset request on FSS handle 7015429 (0 outstanding commands) from (vmm0:SGRL-LLM001)
2026-01-10T09:12:55.384Z cpu0:2097485)VSCSI: 2970: handle 8213(vscsi0:0):Reset [Retries: 0/0] from (vmm0:SGRL-LLM001)
2026-01-10T09:12:55.384Z cpu6:2100359)VSCSI: 2685: handle 8214(vscsi0:1):Reset request on FSS handle 29559815 (0 outstanding commands) from (vmm0:SGRL-LLM001)
2026-01-10T09:12:55.384Z cpu0:2097485)VSCSI: 2753: handle 8213(vscsi0:0):Completing reset (0 outstanding commands)
2026-01-10T09:12:55.384Z cpu0:2097485)VSCSI: 2970: handle 8214(vscsi0:1):Reset [Retries: 0/0] from (vmm0:SGRL-LLM001)
2026-01-10T09:12:55.384Z cpu0:2097485)VSCSI: 2753: handle 8214(vscsi0:1):Completing reset (0 outstanding commands)
2026-01-10T09:13:05.059Z cpu18:2100369)VSCSI: 2685: handle 8213(vscsi0:0):Reset request on FSS handle 7015429 (0 outstanding commands) from (vmm0:SGRL-LLM001)
2026-01-10T09:13:05.059Z cpu18:2100369)VSCSI: 2685: handle 8214(vscsi0:1):Reset request on FSS handle 29559815 (0 outstanding commands) from (vmm0:SGRL-LLM001)
2026-01-10T09:13:05.059Z cpu0:2097485)VSCSI: 2970: handle 8213(vscsi0:0):Reset [Retries: 0/0] from (vmm0:SGRL-LLM001)
2026-01-10T09:13:05.059Z cpu0:2097485)VSCSI: 2753: handle 8213(vscsi0:0):Completing reset (0 outstanding commands)
2026-01-10T09:13:05.059Z cpu0:2097485)VSCSI: 2970: handle 8214(vscsi0:1):Reset [Retries: 0/0] from (vmm0:SGRL-LLM001)
2026-01-10T09:13:05.059Z cpu0:2097485)VSCSI: 2753: handle 8214(vscsi0:1):Completing reset (0 outstanding commands)
2026-01-10T09:15:04.676Z cpu7:2097877)DVFilter: 6068: Checking disconnected filters for timeouts
2026-01-10T09:15:07.921Z cpu2:2097890)ScsiDeviceIO: 3470: Cmd(0x459aac901200) 0x1a, CmdSN 0x1207 from world 0 to dev "naa.600605b004213bc001e293503af49afb" failed H:0x0 D:0x2 P:0x0 Valid sense data: 0x5 0x24 0x0.
2026-01-10T09:16:40.437Z cpu10:2097162)<6>megasas_service_aen[4]: aen received
2026-01-10T09:16:40.437Z cpu11:2100337)<6>megasas_hotplug_work[4]: event code 0x005e
2026-01-10T09:16:40.447Z cpu11:2100337)<6>megasas_hotplug_work[4]: aen registered
2026-01-10T09:20:27.946Z cpu1:2097890)ScsiDeviceIO: 3470: Cmd(0x459ab3a29800) 0x1a, CmdSN 0x126e from world 0 to dev "naa.600605b004213bc001e293503af49afb" failed H:0x0 D:0x2 P:0x0 Valid sense data: 0x5 0x24 0x0.
2026-01-10T09:24:04.374Z cpu0:2100363)VSCSIFs: 4068: handle 8213(vscsi0:0):Invalid Opcode (0x4d) from (vmm0:SGRL-LLM001)
2026-01-10T09:24:04.374Z cpu8:2100359)VSCSIFs: 4068: handle 8214(vscsi0:1):Invalid Opcode (0x4d) from (vmm0:SGRL-LLM001)
2026-01-10T09:24:10.774Z cpu11:2100646)NetPort: 1580: disabled port 0x2000008
2026-01-10T09:24:10.774Z cpu11:2100646)Net: 3713: disconnected client from port 0x2000008
2026-01-10T09:24:10.774Z cpu11:2100646)VSCSI: 6669: handle 8209(vscsi0:0):Destroying Device for world 2100647 (pendCom 0)
2026-01-10T09:24:10.774Z cpu11:2100646)VSCSI: 6669: handle 8210(vscsi0:1):Destroying Device for world 2100647 (pendCom 0)
2026-01-10T09:25:04.676Z cpu4:2097877)DVFilter: 6068: Checking disconnected filters for timeouts
2026-01-10T09:26:01.825Z cpu1:2097890)ScsiDeviceIO: 3470: Cmd(0x459a80ec9940) 0x1a, CmdSN 0x1355 from world 0 to dev "naa.600605b004213bc001e293503af49afb" failed H:0x0 D:0x2 P:0x0 Valid sense data: 0x5 0x24 0x0.
2026-01-10T09:31:01.864Z cpu5:2097890)ScsiDeviceIO: 3470: Cmd(0x459a80fb3b80) 0x1a, CmdSN 0x13a3 from world 0 to dev "naa.600605b004213bc001e293503af49afb" failed H:0x0 D:0x2 P:0x0 Valid sense data: 0x5 0x24 0x0.
2026-01-10T09:35:04.676Z cpu4:2097877)DVFilter: 6068: Checking disconnected filters for timeouts
2026-01-10T09:35:23.143Z cpu9:2100358)NetPort: 1580: disabled port 0x2000007
2026-01-10T09:35:23.143Z cpu9:2100358)Net: 3713: disconnected client from port 0x2000007
2026-01-10T09:35:23.144Z cpu9:2100358)VSCSI: 6669: handle 8213(vscsi0:0):Destroying Device for world 2100359 (pendCom 0)
2026-01-10T09:35:23.144Z cpu9:2100358)VSCSI: 6669: handle 8214(vscsi0:1):Destroying Device for world 2100359 (pendCom 0)
2026-01-10T09:37:20.865Z cpu8:2097890)ScsiDeviceIO: 3470: Cmd(0x459a80e1a440) 0x1a, CmdSN 0x14e4 from world 0 to dev "naa.600605b004213bc001e293503af49afb" failed H:0x0 D:0x2 P:0x0 Valid sense data: 0x5 0x24 0x0.
2026-01-10T09:39:20.256Z cpu1:2102712)VMKStats: 610: Failed to acquire page pool stats for WorldYieldTarget (Operation not permitted), used memory count won't be useful
2026-01-10T09:39:20.256Z cpu1:2102712)VMKStats: 610: Failed to acquire page pool stats for Interrupts (Operation not permitted), used memory count won't be useful
2026-01-10T09:39:20.256Z cpu1:2102712)VMKStats: 610: Failed to acquire page pool stats for Default (Operation not permitted), used memory count won't be useful
2026-01-10T09:39:20.257Z cpu1:2102712)VMKStats: 610: Failed to acquire page pool stats for Default (Operation not permitted), used memory count won't be useful
2026-01-10T09:39:20.268Z cpu1:2102712)HPP: HppPluginStateLogger:2678: Logging '':
2026-01-10T09:39:20.268Z cpu1:2102712)HPP: HppPluginStateLogger:2684: HPP module ID: 27.
2026-01-10T09:39:20.268Z cpu1:2102712)HPP: HppPluginStateLogger:2702: HPP plugin is not managing any devices.
2026-01-10T09:39:20.268Z cpu1:2102712)NMP: nmpStateLogger:3441: NMP module ID: 26.
2026-01-10T09:39:20.268Z cpu1:2102712)NMP: nmpStateLogger:3442: NMP heap ID: 0x430d3bc10000.
2026-01-10T09:39:20.268Z cpu1:2102712)NMP: nmpStateLogger:3454: NMP is managing 1 devices:
2026-01-10T09:39:21.800Z cpu5:2102712)VFLASHVSI: 875: Module vfc does not support VFLASH_IOCTL_GET_PRIVATE_INFO.
2026-01-10T09:39:25.795Z cpu15:2102740)VMKStats: 610: Failed to acquire page pool stats for WorldYieldTarget (Operation not permitted), used memory count won't be useful
2026-01-10T09:39:25.795Z cpu15:2102740)VMKStats: 610: Failed to acquire page pool stats for Interrupts (Operation not permitted), used memory count won't be useful
2026-01-10T09:39:25.795Z cpu15:2102740)VMKStats: 610: Failed to acquire page pool stats for Default (Operation not permitted), used memory count won't be useful
2026-01-10T09:39:25.795Z cpu15:2102740)VMKStats: 610: Failed to acquire page pool stats for Default (Operation not permitted), used memory count won't be useful
2026-01-10T09:39:25.806Z cpu15:2102740)HPP: HppPluginStateLogger:2678: Logging '':
2026-01-10T09:39:25.806Z cpu15:2102740)HPP: HppPluginStateLogger:2684: HPP module ID: 27.
2026-01-10T09:39:25.806Z cpu15:2102740)HPP: HppPluginStateLogger:2702: HPP plugin is not managing any devices.
2026-01-10T09:39:25.806Z cpu15:2102740)NMP: nmpStateLogger:3441: NMP module ID: 26.
2026-01-10T09:39:25.806Z cpu15:2102740)NMP: nmpStateLogger:3442: NMP heap ID: 0x430d3bc10000.
2026-01-10T09:39:25.806Z cpu15:2102740)NMP: nmpStateLogger:3454: NMP is managing 1 devices:
2026-01-10T09:39:27.795Z cpu15:2102740)VFLASHVSI: 875: Module vfc does not support VFLASH_IOCTL_GET_PRIVATE_INFO.
2026-01-10T09:39:28.173Z cpu10:2102712)NVDManagement: 1461: No nvdimms found on the system
2026-01-10T09:39:28.811Z cpu3:2102712)Hardware: 4094: No TXT launch performed. Unable to retrieve ACM version.
2026-01-10T09:39:28.904Z cpu7:2102712)WARNING: PCI: 189: 0000:00:1c.0: Bypassing non-ACS capable device in hierarchy
2026-01-10T09:39:28.911Z cpu7:2102712)WARNING: PCI: 189: 0000:00:1c.4: Bypassing non-ACS capable device in hierarchy
2026-01-10T09:39:28.963Z cpu10:2102712)WARNING: PCI: 189: 0000:01:00.0: Bypassing non-ACS capable device in hierarchy
2026-01-10T09:39:28.970Z cpu10:2102712)WARNING: PCI: 189: 0000:06:00.0: Bypassing non-ACS capable device in hierarchy
2026-01-10T09:39:28.979Z cpu10:2102712)WARNING: PCI: 189: 0000:07:00.0: Bypassing non-ACS capable device in hierarchy
2026-01-10T09:39:36.730Z cpu10:2102712)WARNING: cswitch: VLAN_PortGetVLANData:397: [nsx@6876 comp="nsx-esx" subcomp="vswitch"]No vlan data for non dvs ports or ports without port group 0x2000001
2026-01-10T09:39:36.730Z cpu10:2102712)NetVsi: 4189: Failed to get vlan tp data for port 0x2000001: Not found
2026-01-10T09:39:36.731Z cpu10:2102712)WARNING: cswitch: VLAN_PortGetVLANData:397: [nsx@6876 comp="nsx-esx" subcomp="vswitch"]No vlan data for non dvs ports or ports without port group 0x2000002
2026-01-10T09:39:36.731Z cpu10:2102712)NetVsi: 4189: Failed to get vlan tp data for port 0x2000002: Not found
2026-01-10T09:39:36.731Z cpu10:2102712)WARNING: cswitch: VLAN_PortGetVLANData:397: [nsx@6876 comp="nsx-esx" subcomp="vswitch"]No vlan data for non dvs ports or ports without port group 0x2000003
2026-01-10T09:39:36.731Z cpu10:2102712)NetVsi: 4189: Failed to get vlan tp data for port 0x2000003: Not found
2026-01-10T09:39:36.741Z cpu10:2102712)Uplink: 533: Driver claims supporting 0 TX queues, and 0 queues are accepted.
2026-01-10T09:39:36.741Z cpu10:2102712)Uplink: 537: Driver claims supporting 0 RX queues, and 0 queues are accepted.
2026-01-10T09:39:38.000Z cpu10:2102712)Tcpip_Vmk: 143: get connection pkt trace failed with error code 195887136
2026-01-10T09:39:38.000Z cpu10:2102712)Tcpip_Vmk: 143: get connection pkt trace failed with error code 195887136
2026-01-10T09:39:38.000Z cpu10:2102712)Tcpip_Vmk: 103: get connection stats failed with error code 195887136
2026-01-10T09:39:38.001Z cpu10:2102712)Tcpip_Vmk: 143: get connection pkt trace failed with error code 195887136
2026-01-10T09:39:38.001Z cpu10:2102712)Tcpip_Vmk: 143: get connection pkt trace failed with error code 195887136
2026-01-10T09:39:38.002Z cpu10:2102712)Tcpip_Vmk: 103: get connection stats failed with error code 195887136
2026-01-10T09:39:38.842Z cpu22:2102740)NVDManagement: 1461: No nvdimms found on the system
2026-01-10T09:39:38.987Z cpu22:2102740)Hardware: 4094: No TXT launch performed. Unable to retrieve ACM version.
2026-01-10T09:39:39.083Z cpu22:2102740)WARNING: PCI: 189: 0000:00:1c.0: Bypassing non-ACS capable device in hierarchy
2026-01-10T09:39:39.090Z cpu22:2102740)WARNING: PCI: 189: 0000:00:1c.4: Bypassing non-ACS capable device in hierarchy
2026-01-10T09:39:39.142Z cpu22:2102740)WARNING: PCI: 189: 0000:01:00.0: Bypassing non-ACS capable device in hierarchy
2026-01-10T09:39:39.151Z cpu22:2102740)WARNING: PCI: 189: 0000:06:00.0: Bypassing non-ACS capable device in hierarchy
2026-01-10T09:39:39.159Z cpu22:2102740)WARNING: PCI: 189: 0000:07:00.0: Bypassing non-ACS capable device in hierarchy
2026-01-10T09:39:44.811Z cpu22:2102740)WARNING: cswitch: VLAN_PortGetVLANData:397: [nsx@6876 comp="nsx-esx" subcomp="vswitch"]No vlan data for non dvs ports or ports without port group 0x2000001
2026-01-10T09:39:44.811Z cpu22:2102740)NetVsi: 4189: Failed to get vlan tp data for port 0x2000001: Not found
2026-01-10T09:39:44.812Z cpu22:2102740)WARNING: cswitch: VLAN_PortGetVLANData:397: [nsx@6876 comp="nsx-esx" subcomp="vswitch"]No vlan data for non dvs ports or ports without port group 0x2000002
2026-01-10T09:39:44.812Z cpu22:2102740)NetVsi: 4189: Failed to get vlan tp data for port 0x2000002: Not found
2026-01-10T09:39:44.812Z cpu22:2102740)WARNING: cswitch: VLAN_PortGetVLANData:397: [nsx@6876 comp="nsx-esx" subcomp="vswitch"]No vlan data for non dvs ports or ports without port group 0x2000003
2026-01-10T09:39:44.812Z cpu22:2102740)NetVsi: 4189: Failed to get vlan tp data for port 0x2000003: Not found
2026-01-10T09:39:44.822Z cpu22:2102740)Uplink: 533: Driver claims supporting 0 TX queues, and 0 queues are accepted.
2026-01-10T09:39:44.822Z cpu22:2102740)Uplink: 537: Driver claims supporting 0 RX queues, and 0 queues are accepted.
2026-01-10T09:39:45.910Z cpu22:2102740)Tcpip_Vmk: 143: get connection pkt trace failed with error code 195887136
2026-01-10T09:39:45.910Z cpu22:2102740)Tcpip_Vmk: 143: get connection pkt trace failed with error code 195887136
2026-01-10T09:39:45.910Z cpu22:2102740)Tcpip_Vmk: 103: get connection stats failed with error code 195887136
2026-01-10T09:39:45.911Z cpu22:2102740)Tcpip_Vmk: 143: get connection pkt trace failed with error code 195887136
2026-01-10T09:39:45.911Z cpu22:2102740)Tcpip_Vmk: 143: get connection pkt trace failed with error code 195887136
2026-01-10T09:39:45.911Z cpu22:2102740)Tcpip_Vmk: 103: get connection stats failed with error code 195887136
2026-01-10T09:40:50.634Z cpu14:2097891)ScsiDeviceIO: 3470: Cmd(0x45babc36d6c0) 0x1a, CmdSN 0x177b from world 0 to dev "naa.600605b004213bc001e293503af49afb" failed H:0x0 D:0x2 P:0x0 Valid sense data: 0x5 0x24 0x0.
2026-01-10T09:40:51.446Z cpu7:2097890)ScsiDeviceIO: 3470: Cmd(0x459a80ee7580) 0x1a, CmdSN 0x17e0 from world 0 to dev "naa.600605b004213bc001e293503af49afb" failed H:0x0 D:0x2 P:0x0 Valid sense data: 0x5 0x24 0x0.
2026-01-10T09:40:51.451Z cpu0:2103340)VC: 4616: Device rescan time 3 msec (total number of devices 5)
2026-01-10T09:40:51.451Z cpu0:2103340)VC: 4619: Filesystem probe time 9 msec (devices probed 3 of 5)
2026-01-10T09:40:51.451Z cpu0:2103340)VC: 4621: Refresh open volume time 1 msec
2026-01-10T09:40:58.067Z cpu14:2097891)ScsiDeviceIO: 3470: Cmd(0x45babc37e880) 0x1a, CmdSN 0x1845 from world 0 to dev "naa.600605b004213bc001e293503af49afb" failed H:0x0 D:0x2 P:0x0 Valid sense data: 0x5 0x24 0x0.
2026-01-10T09:40:58.075Z cpu9:2103340)VC: 4616: Device rescan time 3 msec (total number of devices 5)
2026-01-10T09:40:58.075Z cpu9:2103340)VC: 4619: Filesystem probe time 8 msec (devices probed 3 of 5)
2026-01-10T09:40:58.075Z cpu9:2103340)VC: 4621: Refresh open volume time 1 msec
2026-01-10T09:42:03.914Z cpu20:2103962)Config: 703: "NetTraceEnable" = 1, Old Value: 0, (Status: 0x0)
2026-01-10T09:42:03.915Z cpu20:2103962)Config: 703: "NetTraceEnable" = 0, Old Value: 1, (Status: 0x0)
2026-01-10T09:42:03.915Z cpu20:2103962)Config: 703: "NetTraceEnable" = 0, Old Value: 0, (Status: 0x0)
2026-01-10T09:42:05.804Z cpu23:2097891)ScsiDeviceIO: 3470: Cmd(0x45babc249280) 0x1a, CmdSN 0x18a7 from world 0 to dev "naa.600605b004213bc001e293503af49afb" failed H:0x0 D:0x2 P:0x0 Valid sense data: 0x5 0x24 0x0.
