0:00:00:05.344 cpu0:2097152)WARNING: VTD: 715: ACPI DMAR table not found
0:00:00:05.344 cpu0:2097152)WARNING: IOV: 231: IOV initialization failed
0:00:00:05.367 cpu0:2097152)WARNING: VMKAcpi: 1012: \_SB_.PCI0: resource length bad, using base/limit values
0:00:00:05.369 cpu0:2097152)WARNING: VMKAcpi: 318: \_SB_.PCI0.LPC0.TMR_: skipping GSIV 0 conflict
2001-01-01T01:16:16.574Z cpu2:2097558)ALERT: Failed to verify signatures of the following vib(s): [lsi-msgpt3 bnxtnet bnxtroce lsi-mr3 lsi-msgpt35 elx-esx-libelxima-8169922.so brcmfcoe elxiscsi elxnet lpfc i40en iavmd icen igbn ixgben lnvcust$
2001-01-01T01:16:20.469Z cpu7:2097735)WARNING: Keyboard: 777: Ignoring registration attempt: External USB driver already registered.
2001-01-01T01:16:20.469Z cpu7:2097735)WARNING: VMKAPICore: 2472: Failed to register external keyboard driver, type: 1
2001-01-01T01:16:20.721Z cpu3:2097780)WARNING: etherswitch: PortCfg_ModInit:910: Skipped initializing etherswitch portcfg for VSS to use cswitch and portcfg module
2001-01-01T01:16:22.961Z cpu2:2097886)WARNING: ScsiScan: 1638: Failed to add path vmhba0:C0:T9:L0 : Not found
2001-01-01T01:16:22.962Z cpu2:2097886)WARNING: ScsiScan: 1638: Failed to add path vmhba0:C0:T10:L0 : Not found
2001-01-01T01:16:22.964Z cpu2:2097886)WARNING: ScsiScan: 1638: Failed to add path vmhba0:C0:T11:L0 : Not found
2001-01-01T01:16:22.965Z cpu2:2097886)WARNING: ScsiScan: 1638: Failed to add path vmhba0:C0:T12:L0 : Not found
2001-01-01T01:16:22.967Z cpu2:2097886)WARNING: ScsiScan: 1638: Failed to add path vmhba0:C0:T13:L0 : Not found
2001-01-01T01:16:22.968Z cpu2:2097886)WARNING: ScsiScan: 1638: Failed to add path vmhba0:C0:T14:L0 : Not found
2001-01-01T01:16:22.970Z cpu2:2097886)WARNING: ScsiScan: 1638: Failed to add path vmhba0:C0:T15:L0 : Not found
2001-01-01T01:16:22.971Z cpu2:2097886)WARNING: ScsiScan: 1638: Failed to add path vmhba0:C0:T16:L0 : Not found
2001-01-01T01:16:23.850Z cpu20:2097935)WARNING: Tcpip: 1309: failed to unset gateway (error = 0x31)
2001-01-01T01:16:24.004Z cpu18:2097939)WARNING: UserMem: 5073: openssl: Unable to create heap mmInfo: Already exists start 0x90d064b000 end 0x90d066c000
2001-01-01T01:16:25.262Z cpu20:2097941)WARNING: UserMem: 5073: openssl: Unable to create heap mmInfo: Already exists start 0x9df520b000 end 0x9df522c000
2001-01-01T01:16:25.286Z cpu0:2097942)WARNING: UserMem: 5073: openssl: Unable to create heap mmInfo: Already exists start 0x2da5025000 end 0x2da5046000
2001-01-01T01:16:25.309Z cpu9:2097943)WARNING: UserMem: 5073: openssl: Unable to create heap mmInfo: Already exists start 0xcc92389000 end 0xcc923aa000
2001-01-01T01:16:26.594Z cpu16:2097947)WARNING: UserMem: 5073: openssl: Unable to create heap mmInfo: Already exists start 0xdc6e578000 end 0xdc6e599000
2001-01-01T01:16:26.782Z cpu18:2097954)WARNING: FBFT not enabled
2001-01-01T01:16:32.278Z cpu4:2097693)WARNING: ScsiPath: 9274: Adapter Invalid does not exist
2001-01-01T01:16:32.278Z cpu7:2097695)WARNING: PCI: 1211: 0000:00:1d.7 is nameless
2001-01-01T01:16:38.847Z cpu12:2097632)WARNING: NFS: 1226: Invalid volume UUID 3a4fd8ce-f2fb6b00-6359-5cf3fce846f8
2001-01-01T01:16:41.260Z cpu14:2098369)WARNING: APEI: 290: Could not initialize HEST
2001-01-01T01:16:41.260Z cpu14:2098369)WARNING: APEI: 319: Could not initialize EINJ
2001-01-01T01:16:51.224Z cpu8:2097518)WARNING: NMP: nmpUnclaimPath:1646: Physical path "vmhba32:C0:T0:L0" is the last path to NMP device "Unregistered Device". The device has been unregistered.
2001-01-01T01:16:51.224Z cpu8:2097518)WARNING: ScsiPath: 8929: Remove path: vmhba32:C0:T0:L0
2001-01-01T01:16:51.492Z cpu11:2098702)WARNING: ScsiScan: 1638: Failed to add path vmhba0:C0:T9:L0 : Not found
2001-01-01T01:16:51.494Z cpu11:2098702)WARNING: ScsiScan: 1638: Failed to add path vmhba0:C0:T10:L0 : Not found
2001-01-01T01:16:51.495Z cpu11:2098702)WARNING: ScsiScan: 1638: Failed to add path vmhba0:C0:T11:L0 : Not found
2001-01-01T01:16:51.497Z cpu11:2098702)WARNING: ScsiScan: 1638: Failed to add path vmhba0:C0:T12:L0 : Not found
2001-01-01T01:16:51.498Z cpu11:2098702)WARNING: ScsiScan: 1638: Failed to add path vmhba0:C0:T13:L0 : Not found
2001-01-01T01:16:51.500Z cpu11:2098702)WARNING: ScsiScan: 1638: Failed to add path vmhba0:C0:T14:L0 : Not found
2001-01-01T01:16:51.501Z cpu11:2098702)WARNING: ScsiScan: 1638: Failed to add path vmhba0:C0:T15:L0 : Not found
2001-01-01T01:16:51.503Z cpu11:2098702)WARNING: ScsiScan: 1638: Failed to add path vmhba0:C0:T16:L0 : Not found
2001-01-01T01:16:52.914Z cpu5:2098788)WARNING: ScsiScan: 1638: Failed to add path vmhba0:C0:T9:L0 : Not found
2001-01-01T01:16:52.915Z cpu5:2098788)WARNING: ScsiScan: 1638: Failed to add path vmhba0:C0:T10:L0 : Not found
2001-01-01T01:16:52.917Z cpu5:2098788)WARNING: ScsiScan: 1638: Failed to add path vmhba0:C0:T11:L0 : Not found
2001-01-01T01:16:52.918Z cpu5:2098788)WARNING: ScsiScan: 1638: Failed to add path vmhba0:C0:T12:L0 : Not found
2001-01-01T01:16:52.920Z cpu5:2098788)WARNING: ScsiScan: 1638: Failed to add path vmhba0:C0:T13:L0 : Not found
2001-01-01T01:16:52.921Z cpu5:2098788)WARNING: ScsiScan: 1638: Failed to add path vmhba0:C0:T14:L0 : Not found
2001-01-01T01:16:52.923Z cpu5:2098788)WARNING: ScsiScan: 1638: Failed to add path vmhba0:C0:T15:L0 : Not found
2001-01-01T01:16:52.924Z cpu5:2098788)WARNING: ScsiScan: 1638: Failed to add path vmhba0:C0:T16:L0 : Not found
2001-01-01T01:20:52.399Z cpu12:2099646)WARNING: Tcpip_Vmk: 1156: Failed to set default gateway (51): Network unreachable
2001-01-01T09:18:16.035Z cpu21:2097888)WARNING: ScsiDeviceIO: 1565: Device naa.600605b004213bc001e293503af49afb performance has deteriorated. I/O latency increased from average value of 1944 microseconds to 67773 microseconds.
2001-01-01T09:19:41.764Z cpu11:2097887)WARNING: ScsiDeviceIO: 1565: Device naa.600605b004213bc001e293503af49afb performance has deteriorated. I/O latency increased from average value of 2058 microseconds to 81270 microseconds.
2001-01-01T09:21:20.635Z cpu19:2097888)WARNING: ScsiDeviceIO: 1565: Device naa.600605b004213bc001e293503af49afb performance has deteriorated. I/O latency increased from average value of 2144 microseconds to 66144 microseconds.
0:00:00:05.292 cpu0:2097152)WARNING: VTD: 715: ACPI DMAR table not found
0:00:00:05.292 cpu0:2097152)WARNING: IOV: 231: IOV initialization failed
0:00:00:05.315 cpu0:2097152)WARNING: VMKAcpi: 1012: \_SB_.PCI0: resource length bad, using base/limit values
0:00:00:05.316 cpu0:2097152)WARNING: VMKAcpi: 318: \_SB_.PCI0.LPC0.TMR_: skipping GSIV 0 conflict
2001-01-01T00:01:55.595Z cpu17:2097558)ALERT: Failed to verify signatures of the following vib(s): [lsi-msgpt3 bnxtnet bnxtroce lsi-mr3 lsi-msgpt35 elx-esx-libelxima-8169922.so brcmfcoe elxiscsi elxnet lpfc i40en iavmd icen igbn ixgben lnvcus$
2001-01-01T00:02:00.425Z cpu15:2097738)WARNING: Keyboard: 777: Ignoring registration attempt: External USB driver already registered.
2001-01-01T00:02:00.425Z cpu15:2097738)WARNING: VMKAPICore: 2472: Failed to register external keyboard driver, type: 1
2001-01-01T00:02:00.672Z cpu6:2097783)WARNING: etherswitch: PortCfg_ModInit:910: Skipped initializing etherswitch portcfg for VSS to use cswitch and portcfg module
2001-01-01T00:02:02.979Z cpu21:2097889)WARNING: ScsiScan: 1638: Failed to add path vmhba0:C0:T9:L0 : Not found
2001-01-01T00:02:02.981Z cpu21:2097889)WARNING: ScsiScan: 1638: Failed to add path vmhba0:C0:T10:L0 : Not found
2001-01-01T00:02:02.983Z cpu21:2097889)WARNING: ScsiScan: 1638: Failed to add path vmhba0:C0:T11:L0 : Not found
2001-01-01T00:02:02.984Z cpu21:2097889)WARNING: ScsiScan: 1638: Failed to add path vmhba0:C0:T12:L0 : Not found
2001-01-01T00:02:02.986Z cpu21:2097889)WARNING: ScsiScan: 1638: Failed to add path vmhba0:C0:T13:L0 : Not found
2001-01-01T00:02:02.987Z cpu21:2097889)WARNING: ScsiScan: 1638: Failed to add path vmhba0:C0:T14:L0 : Not found
2001-01-01T00:02:02.989Z cpu21:2097889)WARNING: ScsiScan: 1638: Failed to add path vmhba0:C0:T15:L0 : Not found
2001-01-01T00:02:02.990Z cpu21:2097889)WARNING: ScsiScan: 1638: Failed to add path vmhba0:C0:T16:L0 : Not found
2001-01-01T00:02:03.982Z cpu22:2097942)WARNING: FBFT not enabled
2001-01-01T00:02:12.310Z cpu14:2097696)WARNING: ScsiPath: 9274: Adapter Invalid does not exist
2001-01-01T00:02:12.310Z cpu3:2097698)WARNING: PCI: 1211: 0000:00:1d.7 is nameless
2001-01-01T00:02:13.327Z cpu7:2097418)WARNING: NFS: 1226: Invalid volume UUID mpx.vmhba32:C0:T0:L0:6
2001-01-01T00:02:13.468Z cpu3:2097414)WARNING: NFS: 1226: Invalid volume UUID mpx.vmhba32:C0:T0:L0:8
2001-01-01T00:02:14.121Z cpu8:2097634)WARNING: NFS: 1226: Invalid volume UUID 3a4fd8ce-f2fb6b00-6359-5cf3fce846f8
2001-01-01T00:02:15.703Z cpu5:2098354)WARNING: APEI: 290: Could not initialize HEST
2001-01-01T00:02:15.703Z cpu5:2098354)WARNING: APEI: 319: Could not initialize EINJ
2001-01-01T00:02:24.240Z cpu8:2097518)WARNING: NMP: nmpUnclaimPath:1646: Physical path "vmhba32:C0:T0:L0" is the last path to NMP device "Unregistered Device". The device has been unregistered.
2001-01-01T00:02:24.240Z cpu8:2097518)WARNING: ScsiPath: 8929: Remove path: vmhba32:C0:T0:L0
2001-01-01T00:02:24.513Z cpu12:2098579)WARNING: ScsiScan: 1638: Failed to add path vmhba0:C0:T9:L0 : Not found
2001-01-01T00:02:24.515Z cpu12:2098579)WARNING: ScsiScan: 1638: Failed to add path vmhba0:C0:T10:L0 : Not found
2001-01-01T00:02:24.517Z cpu12:2098579)WARNING: ScsiScan: 1638: Failed to add path vmhba0:C0:T11:L0 : Not found
2001-01-01T00:02:24.518Z cpu12:2098579)WARNING: ScsiScan: 1638: Failed to add path vmhba0:C0:T12:L0 : Not found
2001-01-01T00:02:24.519Z cpu12:2098579)WARNING: ScsiScan: 1638: Failed to add path vmhba0:C0:T13:L0 : Not found
2001-01-01T00:02:24.521Z cpu12:2098579)WARNING: ScsiScan: 1638: Failed to add path vmhba0:C0:T14:L0 : Not found
2001-01-01T00:02:24.523Z cpu12:2098579)WARNING: ScsiScan: 1638: Failed to add path vmhba0:C0:T15:L0 : Not found
2001-01-01T00:02:24.524Z cpu12:2098579)WARNING: ScsiScan: 1638: Failed to add path vmhba0:C0:T16:L0 : Not found
2001-01-01T00:02:25.940Z cpu12:2098667)WARNING: ScsiScan: 1638: Failed to add path vmhba0:C0:T9:L0 : Not found
2001-01-01T00:02:25.942Z cpu12:2098667)WARNING: ScsiScan: 1638: Failed to add path vmhba0:C0:T10:L0 : Not found
2001-01-01T00:02:25.943Z cpu12:2098667)WARNING: ScsiScan: 1638: Failed to add path vmhba0:C0:T11:L0 : Not found
2001-01-01T00:02:25.944Z cpu12:2098667)WARNING: ScsiScan: 1638: Failed to add path vmhba0:C0:T12:L0 : Not found
2001-01-01T00:02:25.946Z cpu12:2098667)WARNING: ScsiScan: 1638: Failed to add path vmhba0:C0:T13:L0 : Not found
2001-01-01T00:02:25.948Z cpu12:2098667)WARNING: ScsiScan: 1638: Failed to add path vmhba0:C0:T14:L0 : Not found
2001-01-01T00:02:25.949Z cpu12:2098667)WARNING: ScsiScan: 1638: Failed to add path vmhba0:C0:T15:L0 : Not found
2001-01-01T00:02:25.950Z cpu12:2098667)WARNING: ScsiScan: 1638: Failed to add path vmhba0:C0:T16:L0 : Not found
2001-01-01T01:49:26.341Z cpu8:2099425 opID=32dcba8e)WARNING: NTPClock: 1251: system clock stepped to 1756604947.195000000, but delta 778291182 > 172800 seconds
2025-08-31T01:51:23.254Z cpu18:2101227)WARNING: VisorFS: 1093: Attempt to remove non sticky dir/file from tar mount
2025-08-31T01:51:23.254Z cpu18:2101227)WARNING: VisorFS: 1093: Attempt to remove non sticky dir/file from tar mount
2025-08-31T01:51:23.254Z cpu18:2101227)WARNING: VisorFS: 1093: Attempt to remove non sticky dir/file from tar mount
2025-08-31T01:51:23.254Z cpu18:2101227)WARNING: VisorFS: 1093: Attempt to remove non sticky dir/file from tar mount
2025-08-31T01:51:23.254Z cpu18:2101227)WARNING: VisorFS: 1093: Attempt to remove non sticky dir/file from tar mount
2025-08-31T01:51:23.254Z cpu18:2101227)WARNING: VisorFS: 1093: Attempt to remove non sticky dir/file from tar mount
2025-08-31T01:51:23.255Z cpu18:2101227)WARNING: VisorFS: 1093: Attempt to remove non sticky dir/file from tar mount
2025-08-31T01:51:23.255Z cpu18:2101227)WARNING: VisorFS: 1093: Attempt to remove non sticky dir/file from tar mount
2025-08-31T01:51:23.255Z cpu18:2101227)WARNING: VisorFS: 1093: Attempt to remove non sticky dir/file from tar mount
2025-08-31T01:51:23.255Z cpu18:2101227)WARNING: VisorFS: 1093: Attempt to remove non sticky dir/file from tar mount
2025-08-31T01:51:23.255Z cpu18:2101227)WARNING: VisorFS: 1093: Attempt to remove non sticky dir/file from tar mount
2025-08-31T01:51:23.255Z cpu18:2101227)WARNING: VisorFS: 1093: Attempt to remove non sticky dir/file from tar mount
2025-08-31T01:51:23.255Z cpu18:2101227)WARNING: VisorFS: 1093: Attempt to remove non sticky dir/file from tar mount
2025-08-31T01:51:23.255Z cpu18:2101227)WARNING: VisorFS: 1093: Attempt to remove non sticky dir/file from tar mount
2025-08-31T01:51:23.255Z cpu18:2101227)WARNING: VisorFS: 1093: Attempt to remove non sticky dir/file from tar mount
2025-08-31T01:51:23.255Z cpu18:2101227)WARNING: VisorFS: 1093: Attempt to remove non sticky dir/file from tar mount
2025-08-31T01:51:23.255Z cpu18:2101227)WARNING: VisorFS: 1093: Attempt to remove non sticky dir/file from tar mount
2025-08-31T01:51:23.255Z cpu18:2101227)WARNING: VisorFS: 1093: Attempt to remove non sticky dir/file from tar mount
2025-08-31T01:51:23.255Z cpu18:2101227)WARNING: VisorFS: 1093: Attempt to remove non sticky dir/file from tar mount
2025-08-31T01:51:23.256Z cpu18:2101227)WARNING: VisorFS: 1093: Attempt to remove non sticky dir/file from tar mount
2025-08-31T01:51:23.256Z cpu18:2101227)WARNING: VisorFS: 1093: Attempt to remove non sticky dir/file from tar mount
2025-08-31T01:51:23.256Z cpu18:2101227)WARNING: VisorFS: 1093: Attempt to remove non sticky dir/file from tar mount
2025-08-31T01:51:23.256Z cpu18:2101227)WARNING: VisorFS: 1093: Attempt to remove non sticky dir/file from tar mount
2025-08-31T01:51:23.256Z cpu18:2101227)WARNING: VisorFS: 1093: Attempt to remove non sticky dir/file from tar mount
2025-08-31T01:51:23.256Z cpu18:2101227)WARNING: VisorFS: 1093: Attempt to remove non sticky dir/file from tar mount
2025-08-31T01:51:23.256Z cpu18:2101227)WARNING: VisorFS: 1093: Attempt to remove non sticky dir/file from tar mount
2025-08-31T01:51:23.256Z cpu18:2101227)WARNING: VisorFS: 1093: Attempt to remove non sticky dir/file from tar mount
2025-08-31T01:51:23.256Z cpu18:2101227)WARNING: VisorFS: 1093: Attempt to remove non sticky dir/file from tar mount
2025-08-31T01:51:23.257Z cpu18:2101227)WARNING: VisorFS: 1093: Attempt to remove non sticky dir/file from tar mount
2025-08-31T01:51:23.257Z cpu18:2101227)WARNING: VisorFS: 1093: Attempt to remove non sticky dir/file from tar mount
2025-08-31T01:51:23.257Z cpu18:2101227)WARNING: VisorFS: 1093: Attempt to remove non sticky dir/file from tar mount
2025-08-31T01:51:23.257Z cpu18:2101227)WARNING: VisorFS: 1093: Attempt to remove non sticky dir/file from tar mount
2025-08-31T01:51:23.257Z cpu18:2101227)WARNING: VisorFS: 1093: Attempt to remove non sticky dir/file from tar mount
2025-08-31T01:51:23.257Z cpu18:2101227)WARNING: VisorFS: 1093: Attempt to remove non sticky dir/file from tar mount
2025-08-31T01:51:23.257Z cpu18:2101227)WARNING: VisorFS: 1093: Attempt to remove non sticky dir/file from tar mount
2025-08-31T01:51:23.257Z cpu18:2101227)WARNING: VisorFS: 1093: Attempt to remove non sticky dir/file from tar mount
2025-08-31T01:51:23.257Z cpu18:2101227)WARNING: VisorFS: 1093: Attempt to remove non sticky dir/file from tar mount
2025-08-31T01:51:23.258Z cpu18:2101227)WARNING: VisorFS: 1093: Attempt to remove non sticky dir/file from tar mount
2025-08-31T01:51:23.258Z cpu18:2101227)WARNING: VisorFS: 1093: Attempt to remove non sticky dir/file from tar mount
2025-08-31T01:51:23.258Z cpu18:2101227)WARNING: VisorFS: 1093: Attempt to remove non sticky dir/file from tar mount
2025-08-31T01:51:23.258Z cpu18:2101227)WARNING: VisorFS: 1093: Attempt to remove non sticky dir/file from tar mount
2025-08-31T01:51:23.258Z cpu18:2101227)WARNING: VisorFS: 1093: Attempt to remove non sticky dir/file from tar mount
2025-08-31T01:51:23.258Z cpu18:2101227)WARNING: VisorFS: 1093: Attempt to remove non sticky dir/file from tar mount
2025-08-31T01:51:23.258Z cpu18:2101227)WARNING: VisorFS: 1093: Attempt to remove non sticky dir/file from tar mount
2025-08-31T01:51:23.258Z cpu18:2101227)WARNING: VisorFS: 1093: Attempt to remove non sticky dir/file from tar mount
2025-08-31T01:51:23.258Z cpu18:2101227)WARNING: VisorFS: 1093: Attempt to remove non sticky dir/file from tar mount
2025-08-31T01:51:23.258Z cpu18:2101227)WARNING: VisorFS: 1093: Attempt to remove non sticky dir/file from tar mount
2025-08-31T01:51:23.258Z cpu18:2101227)WARNING: VisorFS: 1093: Attempt to remove non sticky dir/file from tar mount
2025-08-31T01:51:23.258Z cpu18:2101227)WARNING: VisorFS: 1093: Attempt to remove non sticky dir/file from tar mount
2025-08-31T01:51:23.258Z cpu18:2101227)WARNING: VisorFS: 1093: Attempt to remove non sticky dir/file from tar mount
2025-08-31T01:51:23.259Z cpu18:2101227)WARNING: VisorFS: 1093: Attempt to remove non sticky dir/file from tar mount
2025-08-31T01:51:23.259Z cpu18:2101227)WARNING: VisorFS: 1093: Attempt to remove non sticky dir/file from tar mount
2025-08-31T01:51:23.259Z cpu18:2101227)WARNING: VisorFS: 1093: Attempt to remove non sticky dir/file from tar mount
2025-08-31T01:51:23.259Z cpu18:2101227)WARNING: VisorFS: 1093: Attempt to remove non sticky dir/file from tar mount
2025-08-31T01:51:23.259Z cpu18:2101227)WARNING: VisorFS: 1093: Attempt to remove non sticky dir/file from tar mount
2025-08-31T01:51:23.259Z cpu18:2101227)WARNING: VisorFS: 1093: Attempt to remove non sticky dir/file from tar mount
2025-08-31T01:51:23.259Z cpu18:2101227)WARNING: VisorFS: 1093: Attempt to remove non sticky dir/file from tar mount
2025-08-31T01:51:23.259Z cpu18:2101227)WARNING: VisorFS: 1093: Attempt to remove non sticky dir/file from tar mount
2025-08-31T01:51:23.259Z cpu18:2101227)WARNING: VisorFS: 1093: Attempt to remove non sticky dir/file from tar mount
2025-08-31T01:51:23.259Z cpu18:2101227)WARNING: VisorFS: 1093: Attempt to remove non sticky dir/file from tar mount
2025-08-31T01:51:23.259Z cpu18:2101227)WARNING: VisorFS: 1093: Attempt to remove non sticky dir/file from tar mount
2025-08-31T01:51:23.259Z cpu18:2101227)WARNING: VisorFS: 1093: Attempt to remove non sticky dir/file from tar mount
2025-08-31T01:51:23.259Z cpu18:2101227)WARNING: VisorFS: 1093: Attempt to remove non sticky dir/file from tar mount
2025-08-31T01:51:23.260Z cpu18:2101227)WARNING: VisorFS: 1093: Attempt to remove non sticky dir/file from tar mount
2025-08-31T01:51:23.260Z cpu18:2101227)WARNING: VisorFS: 1093: Attempt to remove non sticky dir/file from tar mount
2025-08-31T01:51:23.260Z cpu18:2101227)WARNING: VisorFS: 1093: Attempt to remove non sticky dir/file from tar mount
2025-08-31T01:51:23.260Z cpu18:2101227)WARNING: VisorFS: 1093: Attempt to remove non sticky dir/file from tar mount
2025-08-31T01:51:23.260Z cpu18:2101227)WARNING: VisorFS: 1093: Attempt to remove non sticky dir/file from tar mount
2025-08-31T01:51:23.260Z cpu18:2101227)WARNING: VisorFS: 1093: Attempt to remove non sticky dir/file from tar mount
2025-08-31T01:51:23.260Z cpu18:2101227)WARNING: VisorFS: 1093: Attempt to remove non sticky dir/file from tar mount
2025-08-31T01:51:23.260Z cpu18:2101227)WARNING: VisorFS: 1093: Attempt to remove non sticky dir/file from tar mount
2025-08-31T01:51:23.260Z cpu18:2101227)WARNING: VisorFS: 1093: Attempt to remove non sticky dir/file from tar mount
2025-08-31T01:51:23.260Z cpu18:2101227)WARNING: VisorFS: 1093: Attempt to remove non sticky dir/file from tar mount
2025-08-31T01:51:23.260Z cpu18:2101227)WARNING: VisorFS: 1093: Attempt to remove non sticky dir/file from tar mount
2025-08-31T01:51:23.260Z cpu18:2101227)WARNING: VisorFS: 1093: Attempt to remove non sticky dir/file from tar mount
2025-08-31T01:51:23.260Z cpu18:2101227)WARNING: VisorFS: 1093: Attempt to remove non sticky dir/file from tar mount
2025-08-31T01:51:23.261Z cpu18:2101227)WARNING: VisorFS: 1093: Attempt to remove non sticky dir/file from tar mount
2025-08-31T01:51:23.261Z cpu18:2101227)WARNING: VisorFS: 1093: Attempt to remove non sticky dir/file from tar mount
2025-08-31T01:51:23.262Z cpu18:2101227)WARNING: VisorFS: 1093: Attempt to remove non sticky dir/file from tar mount
2025-08-31T01:51:23.262Z cpu18:2101227)WARNING: VisorFS: 1093: Attempt to remove non sticky dir/file from tar mount
2025-08-31T01:51:23.262Z cpu18:2101227)WARNING: VisorFS: 1093: Attempt to remove non sticky dir/file from tar mount
2025-08-31T01:51:23.262Z cpu18:2101227)WARNING: VisorFS: 1093: Attempt to remove non sticky dir/file from tar mount
2025-08-31T01:51:23.262Z cpu18:2101227)WARNING: VisorFS: 1093: Attempt to remove non sticky dir/file from tar mount
2025-08-31T01:51:23.262Z cpu18:2101227)WARNING: VisorFS: 1093: Attempt to remove non sticky dir/file from tar mount
2025-08-31T01:51:23.262Z cpu18:2101227)WARNING: VisorFS: 1093: Attempt to remove non sticky dir/file from tar mount
2025-08-31T01:51:23.262Z cpu18:2101227)WARNING: VisorFS: 1093: Attempt to remove non sticky dir/file from tar mount
2025-08-31T01:51:23.262Z cpu18:2101227)WARNING: VisorFS: 1093: Attempt to remove non sticky dir/file from tar mount
2025-08-31T01:51:23.262Z cpu18:2101227)WARNING: VisorFS: 1093: Attempt to remove non sticky dir/file from tar mount
2025-08-31T01:51:23.262Z cpu18:2101227)WARNING: VisorFS: 1093: Attempt to remove non sticky dir/file from tar mount
2025-08-31T01:51:23.262Z cpu18:2101227)WARNING: VisorFS: 1093: Attempt to remove non sticky dir/file from tar mount
2025-08-31T01:51:23.262Z cpu18:2101227)WARNING: VisorFS: 1093: Attempt to remove non sticky dir/file from tar mount
2025-08-31T01:51:23.262Z cpu18:2101227)WARNING: VisorFS: 1093: Attempt to remove non sticky dir/file from tar mount
2025-08-31T01:51:23.262Z cpu18:2101227)WARNING: VisorFS: 1093: Attempt to remove non sticky dir/file from tar mount
2025-08-31T01:51:23.262Z cpu18:2101227)WARNING: VisorFS: 1093: Attempt to remove non sticky dir/file from tar mount
2025-08-31T01:51:23.262Z cpu18:2101227)WARNING: VisorFS: 1093: Attempt to remove non sticky dir/file from tar mount
2025-08-31T01:51:23.262Z cpu18:2101227)WARNING: VisorFS: 1093: Attempt to remove non sticky dir/file from tar mount
2025-08-31T01:51:23.263Z cpu18:2101227)WARNING: VisorFS: 1093: Attempt to remove non sticky dir/file from tar mount
2025-08-31T01:51:23.263Z cpu18:2101227)WARNING: VisorFS: 1093: Attempt to remove non sticky dir/file from tar mount
2025-08-31T01:51:23.263Z cpu18:2101227)WARNING: VisorFS: 1093: Attempt to remove non sticky dir/file from tar mount
2025-08-31T01:51:23.263Z cpu18:2101227)WARNING: VisorFS: 1093: Attempt to remove non sticky dir/file from tar mount
2025-08-31T01:51:23.263Z cpu18:2101227)WARNING: VisorFS: 1093: Attempt to remove non sticky dir/file from tar mount
2025-08-31T01:51:23.263Z cpu18:2101227)WARNING: VisorFS: 1093: Attempt to remove non sticky dir/file from tar mount
2025-08-31T01:51:23.263Z cpu18:2101227)WARNING: VisorFS: 1093: Attempt to remove non sticky dir/file from tar mount
2025-08-31T01:51:23.263Z cpu18:2101227)WARNING: VisorFS: 1093: Attempt to remove non sticky dir/file from tar mount
2025-08-31T01:51:23.263Z cpu18:2101227)WARNING: VisorFS: 1093: Attempt to remove non sticky dir/file from tar mount
2025-08-31T01:51:23.263Z cpu18:2101227)WARNING: VisorFS: 1093: Attempt to remove non sticky dir/file from tar mount
2025-08-31T01:51:23.263Z cpu18:2101227)WARNING: VisorFS: 1093: Attempt to remove non sticky dir/file from tar mount
2025-08-31T01:51:23.263Z cpu18:2101227)WARNING: VisorFS: 1093: Attempt to remove non sticky dir/file from tar mount
2025-08-31T01:51:23.263Z cpu18:2101227)WARNING: VisorFS: 1093: Attempt to remove non sticky dir/file from tar mount
2025-08-31T01:51:23.263Z cpu18:2101227)WARNING: VisorFS: 1093: Attempt to remove non sticky dir/file from tar mount
2025-08-31T01:51:23.263Z cpu18:2101227)WARNING: VisorFS: 1093: Attempt to remove non sticky dir/file from tar mount
2025-08-31T01:51:23.263Z cpu18:2101227)WARNING: VisorFS: 1093: Attempt to remove non sticky dir/file from tar mount
2025-08-31T01:51:23.263Z cpu18:2101227)WARNING: VisorFS: 1093: Attempt to remove non sticky dir/file from tar mount
2025-08-31T01:51:23.263Z cpu18:2101227)WARNING: VisorFS: 1093: Attempt to remove non sticky dir/file from tar mount
2025-08-31T01:51:23.263Z cpu18:2101227)WARNING: VisorFS: 1093: Attempt to remove non sticky dir/file from tar mount
2025-08-31T01:51:23.263Z cpu18:2101227)WARNING: VisorFS: 1093: Attempt to remove non sticky dir/file from tar mount
2025-08-31T01:51:23.263Z cpu18:2101227)WARNING: VisorFS: 1093: Attempt to remove non sticky dir/file from tar mount
2025-08-31T01:51:23.263Z cpu18:2101227)WARNING: VisorFS: 1093: Attempt to remove non sticky dir/file from tar mount
2025-08-31T01:51:23.263Z cpu18:2101227)WARNING: VisorFS: 1093: Attempt to remove non sticky dir/file from tar mount
2025-08-31T01:51:23.263Z cpu18:2101227)WARNING: VisorFS: 1093: Attempt to remove non sticky dir/file from tar mount
2025-08-31T01:51:23.263Z cpu18:2101227)WARNING: VisorFS: 1093: Attempt to remove non sticky dir/file from tar mount
2025-08-31T01:51:23.264Z cpu18:2101227)WARNING: VisorFS: 1093: Attempt to remove non sticky dir/file from tar mount
2025-08-31T01:51:23.264Z cpu18:2101227)WARNING: VisorFS: 1093: Attempt to remove non sticky dir/file from tar mount
2025-08-31T01:51:23.264Z cpu18:2101227)WARNING: VisorFS: 1093: Attempt to remove non sticky dir/file from tar mount
2025-08-31T01:51:23.264Z cpu18:2101227)WARNING: VisorFS: 1093: Attempt to remove non sticky dir/file from tar mount
2025-08-31T01:51:23.264Z cpu18:2101227)WARNING: VisorFS: 1093: Attempt to remove non sticky dir/file from tar mount
2025-08-31T01:51:23.264Z cpu18:2101227)WARNING: VisorFS: 1093: Attempt to remove non sticky dir/file from tar mount
2025-08-31T01:51:23.264Z cpu18:2101227)WARNING: VisorFS: 1093: Attempt to remove non sticky dir/file from tar mount
2025-08-31T01:51:23.264Z cpu18:2101227)WARNING: VisorFS: 1093: Attempt to remove non sticky dir/file from tar mount
2025-08-31T01:51:23.265Z cpu18:2101227)WARNING: VisorFS: 1093: Attempt to remove non sticky dir/file from tar mount
2025-08-31T01:51:23.265Z cpu18:2101227)WARNING: VisorFS: 1093: Attempt to remove non sticky dir/file from tar mount
2025-08-31T01:51:23.265Z cpu18:2101227)WARNING: VisorFS: 1093: Attempt to remove non sticky dir/file from tar mount
2025-08-31T01:51:23.265Z cpu18:2101227)WARNING: VisorFS: 1093: Attempt to remove non sticky dir/file from tar mount
2025-08-31T01:51:23.265Z cpu18:2101227)WARNING: VisorFS: 1093: Attempt to remove non sticky dir/file from tar mount
2025-08-31T01:51:23.266Z cpu18:2101227)WARNING: VisorFS: 1093: Attempt to remove non sticky dir/file from tar mount
2025-08-31T01:51:23.266Z cpu18:2101227)WARNING: VisorFS: 1093: Attempt to remove non sticky dir/file from tar mount
2025-08-31T01:51:23.266Z cpu18:2101227)WARNING: VisorFS: 1093: Attempt to remove non sticky dir/file from tar mount
2025-08-31T01:51:23.266Z cpu18:2101227)WARNING: VisorFS: 1093: Attempt to remove non sticky dir/file from tar mount
2025-08-31T01:51:23.266Z cpu18:2101227)WARNING: VisorFS: 1093: Attempt to remove non sticky dir/file from tar mount
2025-08-31T01:51:23.266Z cpu18:2101227)WARNING: VisorFS: 1093: Attempt to remove non sticky dir/file from tar mount
2025-08-31T01:51:23.266Z cpu18:2101227)WARNING: VisorFS: 1093: Attempt to remove non sticky dir/file from tar mount
2025-08-31T01:51:23.266Z cpu18:2101227)WARNING: VisorFS: 1093: Attempt to remove non sticky dir/file from tar mount
2025-08-31T01:51:23.267Z cpu18:2101227)WARNING: VisorFS: 1093: Attempt to remove non sticky dir/file from tar mount
2025-08-31T01:51:23.267Z cpu18:2101227)WARNING: VisorFS: 1093: Attempt to remove non sticky dir/file from tar mount
2025-08-31T01:51:23.267Z cpu18:2101227)WARNING: VisorFS: 1093: Attempt to remove non sticky dir/file from tar mount
2025-08-31T01:51:23.267Z cpu18:2101227)WARNING: VisorFS: 1093: Attempt to remove non sticky dir/file from tar mount
2025-08-31T01:51:23.267Z cpu18:2101227)WARNING: VisorFS: 1093: Attempt to remove non sticky dir/file from tar mount
2025-08-31T01:51:23.267Z cpu18:2101227)WARNING: VisorFS: 1093: Attempt to remove non sticky dir/file from tar mount
2025-08-31T01:51:23.267Z cpu18:2101227)WARNING: VisorFS: 1093: Attempt to remove non sticky dir/file from tar mount
2025-08-31T01:51:23.267Z cpu18:2101227)WARNING: VisorFS: 1093: Attempt to remove non sticky dir/file from tar mount
2025-08-31T01:51:23.267Z cpu18:2101227)WARNING: VisorFS: 1093: Attempt to remove non sticky dir/file from tar mount
2025-08-31T01:51:23.267Z cpu18:2101227)WARNING: VisorFS: 1093: Attempt to remove non sticky dir/file from tar mount
2025-08-31T01:51:23.267Z cpu18:2101227)WARNING: VisorFS: 1093: Attempt to remove non sticky dir/file from tar mount
2025-08-31T01:51:23.268Z cpu18:2101227)WARNING: VisorFS: 1093: Attempt to remove non sticky dir/file from tar mount
2025-08-31T01:51:23.268Z cpu18:2101227)WARNING: VisorFS: 1093: Attempt to remove non sticky dir/file from tar mount
2025-08-31T01:51:23.268Z cpu18:2101227)WARNING: VisorFS: 1093: Attempt to remove non sticky dir/file from tar mount
2025-08-31T01:51:23.268Z cpu18:2101227)WARNING: VisorFS: 1093: Attempt to remove non sticky dir/file from tar mount
2025-08-31T01:51:23.268Z cpu18:2101227)WARNING: VisorFS: 1093: Attempt to remove non sticky dir/file from tar mount
2025-08-31T01:51:23.268Z cpu18:2101227)WARNING: VisorFS: 1093: Attempt to remove non sticky dir/file from tar mount
2025-08-31T01:51:23.268Z cpu18:2101227)WARNING: VisorFS: 1093: Attempt to remove non sticky dir/file from tar mount
2025-08-31T01:51:23.268Z cpu18:2101227)WARNING: VisorFS: 1093: Attempt to remove non sticky dir/file from tar mount
2025-08-31T01:51:23.268Z cpu18:2101227)WARNING: VisorFS: 1093: Attempt to remove non sticky dir/file from tar mount
2025-08-31T01:51:23.268Z cpu18:2101227)WARNING: VisorFS: 1093: Attempt to remove non sticky dir/file from tar mount
2025-08-31T01:51:23.268Z cpu18:2101227)WARNING: VisorFS: 1093: Attempt to remove non sticky dir/file from tar mount
2025-08-31T01:51:23.268Z cpu18:2101227)WARNING: VisorFS: 1093: Attempt to remove non sticky dir/file from tar mount
2025-08-31T01:51:23.268Z cpu18:2101227)WARNING: VisorFS: 1093: Attempt to remove non sticky dir/file from tar mount
2025-08-31T01:51:23.268Z cpu18:2101227)WARNING: VisorFS: 1093: Attempt to remove non sticky dir/file from tar mount
2025-08-31T01:51:23.268Z cpu18:2101227)WARNING: VisorFS: 1093: Attempt to remove non sticky dir/file from tar mount
2025-08-31T01:51:23.268Z cpu18:2101227)WARNING: VisorFS: 1093: Attempt to remove non sticky dir/file from tar mount
2025-08-31T01:51:23.268Z cpu18:2101227)WARNING: VisorFS: 1093: Attempt to remove non sticky dir/file from tar mount
2025-08-31T01:51:23.268Z cpu18:2101227)WARNING: VisorFS: 1093: Attempt to remove non sticky dir/file from tar mount
2025-08-31T01:51:23.268Z cpu18:2101227)WARNING: VisorFS: 1093: Attempt to remove non sticky dir/file from tar mount
2025-08-31T01:51:23.269Z cpu18:2101227)WARNING: VisorFS: 1093: Attempt to remove non sticky dir/file from tar mount
2025-08-31T01:51:23.269Z cpu18:2101227)WARNING: VisorFS: 1093: Attempt to remove non sticky dir/file from tar mount
2025-08-31T01:51:23.269Z cpu18:2101227)WARNING: VisorFS: 1093: Attempt to remove non sticky dir/file from tar mount
2025-08-31T01:51:23.269Z cpu18:2101227)WARNING: VisorFS: 1093: Attempt to remove non sticky dir/file from tar mount
2025-08-31T01:51:23.269Z cpu18:2101227)WARNING: VisorFS: 1093: Attempt to remove non sticky dir/file from tar mount
2025-08-31T01:51:23.269Z cpu18:2101227)WARNING: VisorFS: 1093: Attempt to remove non sticky dir/file from tar mount
2025-08-31T01:51:23.269Z cpu18:2101227)WARNING: VisorFS: 1093: Attempt to remove non sticky dir/file from tar mount
2025-08-31T01:51:23.269Z cpu18:2101227)WARNING: VisorFS: 1093: Attempt to remove non sticky dir/file from tar mount
2025-08-31T01:51:23.269Z cpu18:2101227)WARNING: VisorFS: 1093: Attempt to remove non sticky dir/file from tar mount
2025-08-31T01:51:23.269Z cpu18:2101227)WARNING: VisorFS: 1093: Attempt to remove non sticky dir/file from tar mount
2025-08-31T01:51:23.269Z cpu18:2101227)WARNING: VisorFS: 1093: Attempt to remove non sticky dir/file from tar mount
2025-08-31T01:51:23.269Z cpu18:2101227)WARNING: VisorFS: 1093: Attempt to remove non sticky dir/file from tar mount
2025-08-31T01:51:23.269Z cpu18:2101227)WARNING: VisorFS: 1093: Attempt to remove non sticky dir/file from tar mount
2025-08-31T01:51:23.269Z cpu18:2101227)WARNING: VisorFS: 1093: Attempt to remove non sticky dir/file from tar mount
2025-08-31T01:51:23.269Z cpu18:2101227)WARNING: VisorFS: 1093: Attempt to remove non sticky dir/file from tar mount
2025-08-31T01:51:23.269Z cpu18:2101227)WARNING: VisorFS: 1093: Attempt to remove non sticky dir/file from tar mount
2025-08-31T01:51:23.269Z cpu18:2101227)WARNING: VisorFS: 1093: Attempt to remove non sticky dir/file from tar mount
2025-08-31T01:51:23.270Z cpu18:2101227)WARNING: VisorFS: 1093: Attempt to remove non sticky dir/file from tar mount
2025-08-31T01:51:23.270Z cpu18:2101227)WARNING: VisorFS: 1093: Attempt to remove non sticky dir/file from tar mount
2025-08-31T01:51:23.270Z cpu18:2101227)WARNING: VisorFS: 1093: Attempt to remove non sticky dir/file from tar mount
2025-08-31T01:51:23.270Z cpu18:2101227)WARNING: VisorFS: 1093: Attempt to remove non sticky dir/file from tar mount
2025-08-31T01:51:23.270Z cpu18:2101227)WARNING: VisorFS: 1093: Attempt to remove non sticky dir/file from tar mount
2025-08-31T01:51:23.270Z cpu18:2101227)WARNING: VisorFS: 1093: Attempt to remove non sticky dir/file from tar mount
2025-08-31T01:51:23.270Z cpu18:2101227)WARNING: VisorFS: 1093: Attempt to remove non sticky dir/file from tar mount
2025-08-31T01:51:23.270Z cpu18:2101227)WARNING: VisorFS: 1093: Attempt to remove non sticky dir/file from tar mount
2025-08-31T01:51:23.270Z cpu18:2101227)WARNING: VisorFS: 1093: Attempt to remove non sticky dir/file from tar mount
2025-08-31T01:51:23.270Z cpu18:2101227)WARNING: VisorFS: 1093: Attempt to remove non sticky dir/file from tar mount
2025-08-31T01:51:23.270Z cpu18:2101227)WARNING: VisorFS: 1093: Attempt to remove non sticky dir/file from tar mount
2025-08-31T01:51:23.270Z cpu18:2101227)WARNING: VisorFS: 1093: Attempt to remove non sticky dir/file from tar mount
2025-08-31T01:51:23.270Z cpu18:2101227)WARNING: VisorFS: 1093: Attempt to remove non sticky dir/file from tar mount
2025-08-31T01:51:23.270Z cpu18:2101227)WARNING: VisorFS: 1093: Attempt to remove non sticky dir/file from tar mount
2025-08-31T01:51:23.270Z cpu18:2101227)WARNING: VisorFS: 1093: Attempt to remove non sticky dir/file from tar mount
2025-08-31T01:51:23.271Z cpu18:2101227)WARNING: VisorFS: 1093: Attempt to remove non sticky dir/file from tar mount
2025-08-31T01:51:23.271Z cpu18:2101227)WARNING: VisorFS: 1093: Attempt to remove non sticky dir/file from tar mount
2025-08-31T01:51:23.271Z cpu18:2101227)WARNING: VisorFS: 1093: Attempt to remove non sticky dir/file from tar mount
2025-08-31T01:51:23.271Z cpu18:2101227)WARNING: VisorFS: 1093: Attempt to remove non sticky dir/file from tar mount
2025-08-31T01:51:23.271Z cpu18:2101227)WARNING: VisorFS: 1093: Attempt to remove non sticky dir/file from tar mount
2025-08-31T01:51:23.271Z cpu18:2101227)WARNING: VisorFS: 1093: Attempt to remove non sticky dir/file from tar mount
2025-08-31T01:51:23.271Z cpu18:2101227)WARNING: VisorFS: 1093: Attempt to remove non sticky dir/file from tar mount
2025-08-31T01:51:23.271Z cpu18:2101227)WARNING: VisorFS: 1093: Attempt to remove non sticky dir/file from tar mount
2025-08-31T01:51:23.271Z cpu18:2101227)WARNING: VisorFS: 1093: Attempt to remove non sticky dir/file from tar mount
2025-08-31T01:51:23.271Z cpu18:2101227)WARNING: VisorFS: 1093: Attempt to remove non sticky dir/file from tar mount
2025-08-31T01:51:23.271Z cpu18:2101227)WARNING: VisorFS: 1093: Attempt to remove non sticky dir/file from tar mount
2025-08-31T01:51:23.271Z cpu18:2101227)WARNING: VisorFS: 1093: Attempt to remove non sticky dir/file from tar mount
2025-08-31T01:51:23.271Z cpu18:2101227)WARNING: VisorFS: 1093: Attempt to remove non sticky dir/file from tar mount
2025-08-31T01:51:23.271Z cpu18:2101227)WARNING: VisorFS: 1093: Attempt to remove non sticky dir/file from tar mount
2025-08-31T01:51:23.271Z cpu18:2101227)WARNING: VisorFS: 1093: Attempt to remove non sticky dir/file from tar mount
2025-08-31T01:51:23.271Z cpu18:2101227)WARNING: VisorFS: 1093: Attempt to remove non sticky dir/file from tar mount
2025-08-31T01:51:23.272Z cpu18:2101227)WARNING: VisorFS: 1093: Attempt to remove non sticky dir/file from tar mount
2025-08-31T01:51:23.272Z cpu18:2101227)WARNING: VisorFS: 1093: Attempt to remove non sticky dir/file from tar mount
2025-08-31T01:51:23.272Z cpu18:2101227)WARNING: VisorFS: 1093: Attempt to remove non sticky dir/file from tar mount
2025-08-31T01:51:23.272Z cpu18:2101227)WARNING: VisorFS: 1093: Attempt to remove non sticky dir/file from tar mount
2025-08-31T01:51:23.272Z cpu18:2101227)WARNING: VisorFS: 1093: Attempt to remove non sticky dir/file from tar mount
2025-08-31T01:51:23.272Z cpu18:2101227)WARNING: VisorFS: 1093: Attempt to remove non sticky dir/file from tar mount
2025-08-31T01:51:23.272Z cpu18:2101227)WARNING: VisorFS: 1093: Attempt to remove non sticky dir/file from tar mount
2025-08-31T01:51:23.272Z cpu18:2101227)WARNING: VisorFS: 1093: Attempt to remove non sticky dir/file from tar mount
2025-08-31T01:51:23.272Z cpu18:2101227)WARNING: VisorFS: 1093: Attempt to remove non sticky dir/file from tar mount
2025-08-31T01:51:23.272Z cpu18:2101227)WARNING: VisorFS: 1093: Attempt to remove non sticky dir/file from tar mount
2025-08-31T01:51:23.272Z cpu18:2101227)WARNING: VisorFS: 1093: Attempt to remove non sticky dir/file from tar mount
2025-08-31T01:51:23.272Z cpu18:2101227)WARNING: VisorFS: 1093: Attempt to remove non sticky dir/file from tar mount
2025-08-31T01:51:23.272Z cpu18:2101227)WARNING: VisorFS: 1093: Attempt to remove non sticky dir/file from tar mount
2025-08-31T01:51:23.272Z cpu18:2101227)WARNING: VisorFS: 1093: Attempt to remove non sticky dir/file from tar mount
2025-08-31T01:51:23.272Z cpu18:2101227)WARNING: VisorFS: 1093: Attempt to remove non sticky dir/file from tar mount
2025-08-31T01:51:23.272Z cpu18:2101227)WARNING: VisorFS: 1093: Attempt to remove non sticky dir/file from tar mount
2025-08-31T01:51:23.272Z cpu18:2101227)WARNING: VisorFS: 1093: Attempt to remove non sticky dir/file from tar mount
2025-08-31T01:51:23.272Z cpu18:2101227)WARNING: VisorFS: 1093: Attempt to remove non sticky dir/file from tar mount
2025-08-31T01:51:23.272Z cpu18:2101227)WARNING: VisorFS: 1093: Attempt to remove non sticky dir/file from tar mount
2025-08-31T01:51:23.273Z cpu18:2101227)WARNING: VisorFS: 1093: Attempt to remove non sticky dir/file from tar mount
2025-08-31T01:51:23.273Z cpu18:2101227)WARNING: VisorFS: 1093: Attempt to remove non sticky dir/file from tar mount
2025-08-31T01:51:23.273Z cpu18:2101227)WARNING: VisorFS: 1093: Attempt to remove non sticky dir/file from tar mount
2025-08-31T01:51:23.273Z cpu18:2101227)WARNING: VisorFS: 1093: Attempt to remove non sticky dir/file from tar mount
2025-08-31T01:51:23.273Z cpu18:2101227)WARNING: VisorFS: 1093: Attempt to remove non sticky dir/file from tar mount
2025-08-31T01:51:23.273Z cpu18:2101227)WARNING: VisorFS: 1093: Attempt to remove non sticky dir/file from tar mount
2025-08-31T01:51:23.273Z cpu18:2101227)WARNING: VisorFS: 1093: Attempt to remove non sticky dir/file from tar mount
2025-08-31T01:51:23.273Z cpu18:2101227)WARNING: VisorFS: 1093: Attempt to remove non sticky dir/file from tar mount
2025-08-31T01:51:23.273Z cpu18:2101227)WARNING: VisorFS: 1093: Attempt to remove non sticky dir/file from tar mount
2025-08-31T01:51:23.274Z cpu18:2101227)WARNING: VisorFS: 1093: Attempt to remove non sticky dir/file from tar mount
2025-08-31T01:51:23.274Z cpu18:2101227)WARNING: VisorFS: 1093: Attempt to remove non sticky dir/file from tar mount
2025-08-31T01:51:23.274Z cpu18:2101227)WARNING: VisorFS: 1093: Attempt to remove non sticky dir/file from tar mount
2025-08-31T01:51:23.274Z cpu18:2101227)WARNING: VisorFS: 1093: Attempt to remove non sticky dir/file from tar mount
2025-08-31T01:51:23.274Z cpu18:2101227)WARNING: VisorFS: 1093: Attempt to remove non sticky dir/file from tar mount
2025-08-31T01:51:23.274Z cpu18:2101227)WARNING: VisorFS: 1093: Attempt to remove non sticky dir/file from tar mount
2025-08-31T01:51:23.274Z cpu18:2101227)WARNING: VisorFS: 1093: Attempt to remove non sticky dir/file from tar mount
2025-08-31T01:51:23.274Z cpu18:2101227)WARNING: VisorFS: 1093: Attempt to remove non sticky dir/file from tar mount
2025-08-31T01:51:23.274Z cpu18:2101227)WARNING: VisorFS: 1093: Attempt to remove non sticky dir/file from tar mount
2025-08-31T01:51:23.274Z cpu18:2101227)WARNING: VisorFS: 1093: Attempt to remove non sticky dir/file from tar mount
2025-08-31T01:51:23.274Z cpu18:2101227)WARNING: VisorFS: 1093: Attempt to remove non sticky dir/file from tar mount
2025-08-31T01:51:23.274Z cpu18:2101227)WARNING: VisorFS: 1093: Attempt to remove non sticky dir/file from tar mount
2025-08-31T01:51:23.274Z cpu18:2101227)WARNING: VisorFS: 1093: Attempt to remove non sticky dir/file from tar mount
2025-08-31T01:51:23.274Z cpu18:2101227)WARNING: VisorFS: 1093: Attempt to remove non sticky dir/file from tar mount
2025-08-31T01:51:23.274Z cpu18:2101227)WARNING: VisorFS: 1093: Attempt to remove non sticky dir/file from tar mount
2025-08-31T01:51:23.275Z cpu18:2101227)WARNING: VisorFS: 1093: Attempt to remove non sticky dir/file from tar mount
2025-08-31T01:51:23.275Z cpu18:2101227)WARNING: VisorFS: 1093: Attempt to remove non sticky dir/file from tar mount
2025-08-31T01:51:23.275Z cpu18:2101227)WARNING: VisorFS: 1093: Attempt to remove non sticky dir/file from tar mount
2025-08-31T01:51:23.275Z cpu18:2101227)WARNING: VisorFS: 1093: Attempt to remove non sticky dir/file from tar mount
2025-08-31T01:51:23.275Z cpu18:2101227)WARNING: VisorFS: 1093: Attempt to remove non sticky dir/file from tar mount
2025-08-31T01:51:23.275Z cpu18:2101227)WARNING: VisorFS: 1093: Attempt to remove non sticky dir/file from tar mount
2025-08-31T01:51:23.275Z cpu18:2101227)WARNING: VisorFS: 1093: Attempt to remove non sticky dir/file from tar mount
2025-08-31T01:51:23.275Z cpu18:2101227)WARNING: VisorFS: 1093: Attempt to remove non sticky dir/file from tar mount
2025-08-31T01:51:23.275Z cpu18:2101227)WARNING: VisorFS: 1093: Attempt to remove non sticky dir/file from tar mount
2025-08-31T01:51:23.275Z cpu18:2101227)WARNING: VisorFS: 1093: Attempt to remove non sticky dir/file from tar mount
2025-08-31T01:51:23.276Z cpu18:2101227)WARNING: VisorFS: 1093: Attempt to remove non sticky dir/file from tar mount
2025-08-31T01:51:23.276Z cpu18:2101227)WARNING: VisorFS: 1093: Attempt to remove non sticky dir/file from tar mount
2025-08-31T01:51:23.276Z cpu18:2101227)WARNING: VisorFS: 1093: Attempt to remove non sticky dir/file from tar mount
2025-08-31T01:51:23.276Z cpu18:2101227)WARNING: VisorFS: 1093: Attempt to remove non sticky dir/file from tar mount
2025-08-31T01:51:23.276Z cpu18:2101227)WARNING: VisorFS: 1093: Attempt to remove non sticky dir/file from tar mount
2025-08-31T01:51:23.276Z cpu18:2101227)WARNING: VisorFS: 1093: Attempt to remove non sticky dir/file from tar mount
2025-08-31T01:51:23.276Z cpu18:2101227)WARNING: VisorFS: 1093: Attempt to remove non sticky dir/file from tar mount
2025-08-31T01:51:23.277Z cpu18:2101227)WARNING: VisorFS: 1093: Attempt to remove non sticky dir/file from tar mount
2025-08-31T01:51:23.277Z cpu18:2101227)WARNING: VisorFS: 1093: Attempt to remove non sticky dir/file from tar mount
2025-08-31T01:51:23.277Z cpu18:2101227)WARNING: VisorFS: 1093: Attempt to remove non sticky dir/file from tar mount
2025-08-31T01:51:23.277Z cpu18:2101227)WARNING: VisorFS: 1093: Attempt to remove non sticky dir/file from tar mount
2025-08-31T01:51:23.277Z cpu18:2101227)WARNING: VisorFS: 1093: Attempt to remove non sticky dir/file from tar mount
2025-08-31T01:51:23.277Z cpu18:2101227)WARNING: VisorFS: 1093: Attempt to remove non sticky dir/file from tar mount
2025-08-31T01:51:23.277Z cpu18:2101227)WARNING: VisorFS: 1093: Attempt to remove non sticky dir/file from tar mount
2025-08-31T01:51:23.277Z cpu18:2101227)WARNING: VisorFS: 1093: Attempt to remove non sticky dir/file from tar mount
2025-08-31T01:51:23.277Z cpu18:2101227)WARNING: VisorFS: 1093: Attempt to remove non sticky dir/file from tar mount
2025-08-31T01:51:23.277Z cpu18:2101227)WARNING: VisorFS: 1093: Attempt to remove non sticky dir/file from tar mount
2025-08-31T01:51:23.277Z cpu18:2101227)WARNING: VisorFS: 1093: Attempt to remove non sticky dir/file from tar mount
2025-08-31T01:51:23.277Z cpu18:2101227)WARNING: VisorFS: 1093: Attempt to remove non sticky dir/file from tar mount
2025-08-31T01:51:23.277Z cpu18:2101227)WARNING: VisorFS: 1093: Attempt to remove non sticky dir/file from tar mount
2025-08-31T01:51:23.277Z cpu18:2101227)WARNING: VisorFS: 1093: Attempt to remove non sticky dir/file from tar mount
2025-08-31T01:51:23.277Z cpu18:2101227)WARNING: VisorFS: 1093: Attempt to remove non sticky dir/file from tar mount
2025-08-31T01:51:23.277Z cpu18:2101227)WARNING: VisorFS: 1093: Attempt to remove non sticky dir/file from tar mount
2025-08-31T01:51:23.277Z cpu18:2101227)WARNING: VisorFS: 1093: Attempt to remove non sticky dir/file from tar mount
2025-08-31T01:51:23.278Z cpu18:2101227)WARNING: VisorFS: 1093: Attempt to remove non sticky dir/file from tar mount
2025-08-31T01:51:23.278Z cpu18:2101227)WARNING: VisorFS: 1093: Attempt to remove non sticky dir/file from tar mount
2025-08-31T01:51:23.278Z cpu18:2101227)WARNING: VisorFS: 1093: Attempt to remove non sticky dir/file from tar mount
2025-08-31T01:51:23.278Z cpu18:2101227)WARNING: VisorFS: 1093: Attempt to remove non sticky dir/file from tar mount
2025-08-31T01:51:23.278Z cpu18:2101227)WARNING: VisorFS: 1093: Attempt to remove non sticky dir/file from tar mount
2025-08-31T01:51:23.278Z cpu18:2101227)WARNING: VisorFS: 1093: Attempt to remove non sticky dir/file from tar mount
2025-08-31T01:51:23.278Z cpu18:2101227)WARNING: VisorFS: 1093: Attempt to remove non sticky dir/file from tar mount
2025-08-31T01:51:23.278Z cpu18:2101227)WARNING: VisorFS: 1093: Attempt to remove non sticky dir/file from tar mount
2025-08-31T01:51:23.278Z cpu18:2101227)WARNING: VisorFS: 1093: Attempt to remove non sticky dir/file from tar mount
2025-08-31T01:51:23.278Z cpu18:2101227)WARNING: VisorFS: 1093: Attempt to remove non sticky dir/file from tar mount
2025-08-31T01:51:23.278Z cpu18:2101227)WARNING: VisorFS: 1093: Attempt to remove non sticky dir/file from tar mount
2025-08-31T01:51:23.278Z cpu18:2101227)WARNING: VisorFS: 1093: Attempt to remove non sticky dir/file from tar mount
0:00:00:05.301 cpu0:2097152)WARNING: VTD: 715: ACPI DMAR table not found
0:00:00:05.301 cpu0:2097152)WARNING: IOV: 231: IOV initialization failed
0:00:00:05.324 cpu0:2097152)WARNING: VMKAcpi: 1012: \_SB_.PCI0: resource length bad, using base/limit values
0:00:00:05.326 cpu0:2097152)WARNING: VMKAcpi: 318: \_SB_.PCI0.LPC0.TMR_: skipping GSIV 0 conflict
2001-01-01T00:01:54.578Z cpu14:2097558)ALERT: Failed to verify signatures of the following vib(s): [lsi-msgpt3 bnxtnet bnxtroce lsi-mr3 lsi-msgpt35 elx-esx-libelxima-8169922.so brcmfcoe elxiscsi elxnet lpfc i40en iavmd icen igbn ixgben lnvcus$
2001-01-01T00:01:59.428Z cpu13:2097738)WARNING: Keyboard: 777: Ignoring registration attempt: External USB driver already registered.
2001-01-01T00:01:59.428Z cpu13:2097738)WARNING: VMKAPICore: 2472: Failed to register external keyboard driver, type: 1
2001-01-01T00:01:59.697Z cpu2:2097783)WARNING: etherswitch: PortCfg_ModInit:910: Skipped initializing etherswitch portcfg for VSS to use cswitch and portcfg module
2001-01-01T00:02:01.990Z cpu4:2097889)WARNING: ScsiScan: 1638: Failed to add path vmhba0:C0:T9:L0 : Not found
2001-01-01T00:02:01.992Z cpu4:2097889)WARNING: ScsiScan: 1638: Failed to add path vmhba0:C0:T10:L0 : Not found
2001-01-01T00:02:01.994Z cpu4:2097889)WARNING: ScsiScan: 1638: Failed to add path vmhba0:C0:T11:L0 : Not found
2001-01-01T00:02:01.995Z cpu4:2097889)WARNING: ScsiScan: 1638: Failed to add path vmhba0:C0:T12:L0 : Not found
2001-01-01T00:02:01.996Z cpu4:2097889)WARNING: ScsiScan: 1638: Failed to add path vmhba0:C0:T13:L0 : Not found
2001-01-01T00:02:01.998Z cpu4:2097889)WARNING: ScsiScan: 1638: Failed to add path vmhba0:C0:T14:L0 : Not found
2001-01-01T00:02:01.999Z cpu4:2097889)WARNING: ScsiScan: 1638: Failed to add path vmhba0:C0:T15:L0 : Not found
2001-01-01T00:02:02.002Z cpu4:2097889)WARNING: ScsiScan: 1638: Failed to add path vmhba0:C0:T16:L0 : Not found
2001-01-01T00:02:02.958Z cpu17:2097942)WARNING: FBFT not enabled
2001-01-01T00:02:11.295Z cpu21:2097696)WARNING: ScsiPath: 9274: Adapter Invalid does not exist
2001-01-01T00:02:11.295Z cpu2:2097698)WARNING: PCI: 1211: 0000:00:1d.7 is nameless
2001-01-01T00:02:11.495Z cpu2:2097265)WARNING: NFS: 1226: Invalid volume UUID mpx.vmhba32:C0:T0:L0:5
2001-01-01T00:02:12.367Z cpu0:2097406)WARNING: NFS: 1226: Invalid volume UUID mpx.vmhba32:C0:T0:L0:6
2001-01-01T00:02:12.413Z cpu9:2097407)WARNING: NFS: 1226: Invalid volume UUID mpx.vmhba32:C0:T0:L0:8
2001-01-01T00:02:12.916Z cpu4:2097635)WARNING: NFS: 1226: Invalid volume UUID 3a4fd8ce-f2fb6b00-6359-5cf3fce846f8
2001-01-01T00:02:14.519Z cpu22:2098354)WARNING: APEI: 290: Could not initialize HEST
2001-01-01T00:02:14.519Z cpu22:2098354)WARNING: APEI: 319: Could not initialize EINJ
2001-01-01T00:02:22.901Z cpu8:2097518)WARNING: NMP: nmpUnclaimPath:1646: Physical path "vmhba32:C0:T0:L0" is the last path to NMP device "Unregistered Device". The device has been unregistered.
2001-01-01T00:02:22.901Z cpu8:2097518)WARNING: ScsiPath: 8929: Remove path: vmhba32:C0:T0:L0
2001-01-01T00:02:23.172Z cpu18:2098579)WARNING: ScsiScan: 1638: Failed to add path vmhba0:C0:T9:L0 : Not found
2001-01-01T00:02:23.173Z cpu18:2098579)WARNING: ScsiScan: 1638: Failed to add path vmhba0:C0:T10:L0 : Not found
2001-01-01T00:02:23.175Z cpu18:2098579)WARNING: ScsiScan: 1638: Failed to add path vmhba0:C0:T11:L0 : Not found
2001-01-01T00:02:23.176Z cpu18:2098579)WARNING: ScsiScan: 1638: Failed to add path vmhba0:C0:T12:L0 : Not found
2001-01-01T00:02:23.178Z cpu18:2098579)WARNING: ScsiScan: 1638: Failed to add path vmhba0:C0:T13:L0 : Not found
2001-01-01T00:02:23.179Z cpu18:2098579)WARNING: ScsiScan: 1638: Failed to add path vmhba0:C0:T14:L0 : Not found
2001-01-01T00:02:23.181Z cpu18:2098579)WARNING: ScsiScan: 1638: Failed to add path vmhba0:C0:T15:L0 : Not found
2001-01-01T00:02:23.182Z cpu18:2098579)WARNING: ScsiScan: 1638: Failed to add path vmhba0:C0:T16:L0 : Not found
2001-01-01T00:02:24.590Z cpu20:2098665)WARNING: ScsiScan: 1638: Failed to add path vmhba0:C0:T9:L0 : Not found
2001-01-01T00:02:24.592Z cpu20:2098665)WARNING: ScsiScan: 1638: Failed to add path vmhba0:C0:T10:L0 : Not found
2001-01-01T00:02:24.593Z cpu20:2098665)WARNING: ScsiScan: 1638: Failed to add path vmhba0:C0:T11:L0 : Not found
2001-01-01T00:02:24.595Z cpu20:2098665)WARNING: ScsiScan: 1638: Failed to add path vmhba0:C0:T12:L0 : Not found
2001-01-01T00:02:24.596Z cpu20:2098665)WARNING: ScsiScan: 1638: Failed to add path vmhba0:C0:T13:L0 : Not found
2001-01-01T00:02:24.597Z cpu20:2098665)WARNING: ScsiScan: 1638: Failed to add path vmhba0:C0:T14:L0 : Not found
2001-01-01T00:02:24.599Z cpu20:2098665)WARNING: ScsiScan: 1638: Failed to add path vmhba0:C0:T15:L0 : Not found
2001-01-01T00:02:24.600Z cpu20:2098665)WARNING: ScsiScan: 1638: Failed to add path vmhba0:C0:T16:L0 : Not found
2001-01-01T01:19:02.711Z cpu9:2098869 opID=acb74838)WARNING: NTPClock: 1251: system clock stepped to 1756694437.000000000, but delta 778382495 > 172800 seconds
2025-09-01T03:09:11.931Z cpu1:2101199)WARNING: World: vm 2101199: 8470: vmm0:VyOS-Router:vcpu-0:This virtual machine has tried to execute an invalid part of memory. It is possible that the virtual disk or CD media you are using is not bootable o$
2025-09-01T03:19:23.864Z cpu13:2102336)WARNING: NTPClock: 1561: system clock synchronized to upstream time servers
2025-09-01T04:10:08.777Z cpu3:2104782)WARNING: Supported VMs 384, Max VSAN VMs 400, SystemMemoryInGB 288
2025-09-01T04:10:08.777Z cpu3:2104782)WARNING: MaxFileHandles: 11520, Prealloc 1, Prealloc limit: 32 GB, Host scaling factor: 1 
2025-09-01T04:10:08.777Z cpu3:2104782)WARNING: DOM memory will be preallocated.
2025-09-01T04:20:12.671Z cpu0:2104810)WARNING: UserSocketInet: 2266: vsanmgmtd: waiters list not empty!
2025-09-01T04:20:12.671Z cpu0:2104810)WARNING: UserSocketInet: 2266: vsanmgmtd: waiters list not empty!
0:00:00:05.290 cpu0:2097152)WARNING: VTD: 715: ACPI DMAR table not found
0:00:00:05.290 cpu0:2097152)WARNING: IOV: 231: IOV initialization failed
0:00:00:05.312 cpu0:2097152)WARNING: VMKAcpi: 1012: \_SB_.PCI0: resource length bad, using base/limit values
0:00:00:05.314 cpu0:2097152)WARNING: VMKAcpi: 318: \_SB_.PCI0.LPC0.TMR_: skipping GSIV 0 conflict
2001-01-01T00:01:54.573Z cpu0:2097558)ALERT: Failed to verify signatures of the following vib(s): [lsi-msgpt3 bnxtnet bnxtroce lsi-mr3 lsi-msgpt35 elx-esx-libelxima-8169922.so brcmfcoe elxiscsi elxnet lpfc i40en iavmd icen igbn ixgben lnvcust$
2001-01-01T00:01:59.417Z cpu15:2097738)WARNING: Keyboard: 777: Ignoring registration attempt: External USB driver already registered.
2001-01-01T00:01:59.417Z cpu15:2097738)WARNING: VMKAPICore: 2472: Failed to register external keyboard driver, type: 1
2001-01-01T00:01:59.661Z cpu0:2097783)WARNING: etherswitch: PortCfg_ModInit:910: Skipped initializing etherswitch portcfg for VSS to use cswitch and portcfg module
2001-01-01T00:02:01.964Z cpu10:2097889)WARNING: ScsiScan: 1638: Failed to add path vmhba0:C0:T9:L0 : Not found
2001-01-01T00:02:01.965Z cpu10:2097889)WARNING: ScsiScan: 1638: Failed to add path vmhba0:C0:T10:L0 : Not found
2001-01-01T00:02:01.967Z cpu10:2097889)WARNING: ScsiScan: 1638: Failed to add path vmhba0:C0:T11:L0 : Not found
2001-01-01T00:02:01.968Z cpu10:2097889)WARNING: ScsiScan: 1638: Failed to add path vmhba0:C0:T12:L0 : Not found
2001-01-01T00:02:01.970Z cpu10:2097889)WARNING: ScsiScan: 1638: Failed to add path vmhba0:C0:T13:L0 : Not found
2001-01-01T00:02:01.971Z cpu10:2097889)WARNING: ScsiScan: 1638: Failed to add path vmhba0:C0:T14:L0 : Not found
2001-01-01T00:02:01.973Z cpu10:2097889)WARNING: ScsiScan: 1638: Failed to add path vmhba0:C0:T15:L0 : Not found
2001-01-01T00:02:01.975Z cpu10:2097889)WARNING: ScsiScan: 1638: Failed to add path vmhba0:C0:T16:L0 : Not found
2001-01-01T00:02:02.944Z cpu23:2097942)WARNING: FBFT not enabled
2001-01-01T00:02:11.252Z cpu2:2097696)WARNING: ScsiPath: 9274: Adapter Invalid does not exist
2001-01-01T00:02:11.252Z cpu11:2097698)WARNING: PCI: 1211: 0000:00:1d.7 is nameless
2001-01-01T00:02:11.412Z cpu1:2097265)WARNING: NFS: 1226: Invalid volume UUID mpx.vmhba32:C0:T0:L0:5
2001-01-01T00:02:12.282Z cpu8:2097405)WARNING: NFS: 1226: Invalid volume UUID mpx.vmhba32:C0:T0:L0:6
2001-01-01T00:02:12.425Z cpu7:2097418)WARNING: NFS: 1226: Invalid volume UUID mpx.vmhba32:C0:T0:L0:8
2001-01-01T00:02:12.863Z cpu2:2097635)WARNING: NFS: 1226: Invalid volume UUID 3a4fd8ce-f2fb6b00-6359-5cf3fce846f8
2001-01-01T00:02:14.464Z cpu7:2098354)WARNING: APEI: 290: Could not initialize HEST
2001-01-01T00:02:14.464Z cpu7:2098354)WARNING: APEI: 319: Could not initialize EINJ
2001-01-01T00:02:26.265Z cpu5:2098580)WARNING: NTPClock: 1561: system clock synchronized to upstream time servers
2001-01-01T00:02:28.453Z cpu0:2097518)WARNING: NMP: nmpUnclaimPath:1646: Physical path "vmhba32:C0:T0:L0" is the last path to NMP device "Unregistered Device". The device has been unregistered.
2001-01-01T00:02:28.453Z cpu0:2097518)WARNING: ScsiPath: 8929: Remove path: vmhba32:C0:T0:L0
2001-01-01T00:02:28.726Z cpu16:2098611)WARNING: ScsiScan: 1638: Failed to add path vmhba0:C0:T9:L0 : Not found
2001-01-01T00:02:28.728Z cpu16:2098611)WARNING: ScsiScan: 1638: Failed to add path vmhba0:C0:T10:L0 : Not found
2001-01-01T00:02:28.729Z cpu16:2098611)WARNING: ScsiScan: 1638: Failed to add path vmhba0:C0:T11:L0 : Not found
2001-01-01T00:02:28.731Z cpu16:2098611)WARNING: ScsiScan: 1638: Failed to add path vmhba0:C0:T12:L0 : Not found
2001-01-01T00:02:28.732Z cpu16:2098611)WARNING: ScsiScan: 1638: Failed to add path vmhba0:C0:T13:L0 : Not found
2001-01-01T00:02:28.734Z cpu16:2098611)WARNING: ScsiScan: 1638: Failed to add path vmhba0:C0:T14:L0 : Not found
2001-01-01T00:02:28.735Z cpu16:2098611)WARNING: ScsiScan: 1638: Failed to add path vmhba0:C0:T15:L0 : Not found
2001-01-01T00:02:28.737Z cpu16:2098611)WARNING: ScsiScan: 1638: Failed to add path vmhba0:C0:T16:L0 : Not found
2001-01-01T00:02:30.181Z cpu20:2098697)WARNING: ScsiScan: 1638: Failed to add path vmhba0:C0:T9:L0 : Not found
2001-01-01T00:02:30.182Z cpu20:2098697)WARNING: ScsiScan: 1638: Failed to add path vmhba0:C0:T10:L0 : Not found
2001-01-01T00:02:30.184Z cpu20:2098697)WARNING: ScsiScan: 1638: Failed to add path vmhba0:C0:T11:L0 : Not found
2001-01-01T00:02:30.185Z cpu20:2098697)WARNING: ScsiScan: 1638: Failed to add path vmhba0:C0:T12:L0 : Not found
2001-01-01T00:02:30.186Z cpu20:2098697)WARNING: ScsiScan: 1638: Failed to add path vmhba0:C0:T13:L0 : Not found
2001-01-01T00:02:30.188Z cpu20:2098697)WARNING: ScsiScan: 1638: Failed to add path vmhba0:C0:T14:L0 : Not found
2001-01-01T00:02:30.189Z cpu20:2098697)WARNING: ScsiScan: 1638: Failed to add path vmhba0:C0:T15:L0 : Not found
2001-01-01T00:02:30.191Z cpu20:2098697)WARNING: ScsiScan: 1638: Failed to add path vmhba0:C0:T16:L0 : Not found
2001-01-01T00:52:45.173Z cpu21:2099467 opID=16c6d8d)WARNING: NTPClock: 1251: system clock stepped to 1756810204.995000000, but delta 778499840 > 172800 seconds
0:00:00:05.295 cpu0:2097152)WARNING: VTD: 715: ACPI DMAR table not found
0:00:00:05.295 cpu0:2097152)WARNING: IOV: 231: IOV initialization failed
0:00:00:05.318 cpu0:2097152)WARNING: VMKAcpi: 1012: \_SB_.PCI0: resource length bad, using base/limit values
0:00:00:05.320 cpu0:2097152)WARNING: VMKAcpi: 318: \_SB_.PCI0.LPC0.TMR_: skipping GSIV 0 conflict
2025-09-02T10:58:31.444Z cpu3:2097738)WARNING: Keyboard: 777: Ignoring registration attempt: External USB driver already registered.
2025-09-02T10:58:31.444Z cpu3:2097738)WARNING: VMKAPICore: 2472: Failed to register external keyboard driver, type: 1
2025-09-02T10:58:31.675Z cpu18:2097783)WARNING: etherswitch: PortCfg_ModInit:910: Skipped initializing etherswitch portcfg for VSS to use cswitch and portcfg module
2025-09-02T10:58:34.004Z cpu20:2097889)WARNING: ScsiScan: 1638: Failed to add path vmhba0:C0:T9:L0 : Not found
2025-09-02T10:58:34.012Z cpu20:2097889)WARNING: ScsiScan: 1638: Failed to add path vmhba0:C0:T10:L0 : Not found
2025-09-02T10:58:34.024Z cpu20:2097889)WARNING: ScsiScan: 1638: Failed to add path vmhba0:C0:T11:L0 : Not found
2025-09-02T10:58:34.026Z cpu20:2097889)WARNING: ScsiScan: 1638: Failed to add path vmhba0:C0:T12:L0 : Not found
2025-09-02T10:58:34.032Z cpu20:2097889)WARNING: ScsiScan: 1638: Failed to add path vmhba0:C0:T13:L0 : Not found
2025-09-02T10:58:34.034Z cpu20:2097889)WARNING: ScsiScan: 1638: Failed to add path vmhba0:C0:T14:L0 : Not found
2025-09-02T10:58:34.036Z cpu20:2097889)WARNING: ScsiScan: 1638: Failed to add path vmhba0:C0:T15:L0 : Not found
2025-09-02T10:58:34.049Z cpu20:2097889)WARNING: ScsiScan: 1638: Failed to add path vmhba0:C0:T16:L0 : Not found
2025-09-02T10:58:35.019Z cpu22:2097942)WARNING: FBFT not enabled
2025-09-02T10:58:43.303Z cpu8:2097696)WARNING: ScsiPath: 9274: Adapter Invalid does not exist
2025-09-02T10:58:43.303Z cpu14:2097698)WARNING: PCI: 1211: 0000:00:1d.7 is nameless
2025-09-02T10:58:44.321Z cpu7:2097418)WARNING: NFS: 1226: Invalid volume UUID mpx.vmhba32:C0:T0:L0:6
2025-09-02T10:58:44.466Z cpu4:2097407)WARNING: NFS: 1226: Invalid volume UUID mpx.vmhba32:C0:T0:L0:8
2025-09-02T10:58:44.915Z cpu14:2097634)WARNING: NFS: 1226: Invalid volume UUID 3a4fd8ce-f2fb6b00-6359-5cf3fce846f8
2025-09-02T10:58:46.580Z cpu16:2098354)WARNING: APEI: 290: Could not initialize HEST
2025-09-02T10:58:46.580Z cpu16:2098354)WARNING: APEI: 319: Could not initialize EINJ
2025-09-02T10:58:59.383Z cpu0:2098580)WARNING: NTPClock: 1561: system clock synchronized to upstream time servers
2025-09-02T10:59:01.663Z cpu8:2097518)WARNING: NMP: nmpUnclaimPath:1646: Physical path "vmhba32:C0:T0:L0" is the last path to NMP device "Unregistered Device". The device has been unregistered.
2025-09-02T10:59:01.663Z cpu8:2097518)WARNING: ScsiPath: 8929: Remove path: vmhba32:C0:T0:L0
2025-09-02T10:59:01.943Z cpu14:2098611)WARNING: ScsiScan: 1638: Failed to add path vmhba0:C0:T9:L0 : Not found
2025-09-02T10:59:01.953Z cpu14:2098611)WARNING: ScsiScan: 1638: Failed to add path vmhba0:C0:T10:L0 : Not found
2025-09-02T10:59:01.958Z cpu14:2098611)WARNING: ScsiScan: 1638: Failed to add path vmhba0:C0:T11:L0 : Not found
2025-09-02T10:59:01.960Z cpu14:2098611)WARNING: ScsiScan: 1638: Failed to add path vmhba0:C0:T12:L0 : Not found
2025-09-02T10:59:01.963Z cpu14:2098611)WARNING: ScsiScan: 1638: Failed to add path vmhba0:C0:T13:L0 : Not found
2025-09-02T10:59:01.964Z cpu14:2098611)WARNING: ScsiScan: 1638: Failed to add path vmhba0:C0:T14:L0 : Not found
2025-09-02T10:59:01.968Z cpu14:2098611)WARNING: ScsiScan: 1638: Failed to add path vmhba0:C0:T15:L0 : Not found
2025-09-02T10:59:01.976Z cpu14:2098611)WARNING: ScsiScan: 1638: Failed to add path vmhba0:C0:T16:L0 : Not found
2025-09-02T10:59:03.379Z cpu5:2098697)WARNING: ScsiScan: 1638: Failed to add path vmhba0:C0:T9:L0 : Not found
2025-09-02T10:59:03.380Z cpu5:2098697)WARNING: ScsiScan: 1638: Failed to add path vmhba0:C0:T10:L0 : Not found
2025-09-02T10:59:03.382Z cpu5:2098697)WARNING: ScsiScan: 1638: Failed to add path vmhba0:C0:T11:L0 : Not found
2025-09-02T10:59:03.383Z cpu5:2098697)WARNING: ScsiScan: 1638: Failed to add path vmhba0:C0:T12:L0 : Not found
2025-09-02T10:59:03.385Z cpu5:2098697)WARNING: ScsiScan: 1638: Failed to add path vmhba0:C0:T13:L0 : Not found
2025-09-02T10:59:03.386Z cpu5:2098697)WARNING: ScsiScan: 1638: Failed to add path vmhba0:C0:T14:L0 : Not found
2025-09-02T10:59:03.388Z cpu5:2098697)WARNING: ScsiScan: 1638: Failed to add path vmhba0:C0:T15:L0 : Not found
2025-09-02T10:59:03.389Z cpu5:2098697)WARNING: ScsiScan: 1638: Failed to add path vmhba0:C0:T16:L0 : Not found
2025-09-02T11:46:47.704Z cpu18:2101484)WARNING: Supported VMs 384, Max VSAN VMs 400, SystemMemoryInGB 288
2025-09-02T11:46:47.704Z cpu18:2101484)WARNING: MaxFileHandles: 11520, Prealloc 1, Prealloc limit: 32 GB, Host scaling factor: 1 
2025-09-02T11:46:47.704Z cpu18:2101484)WARNING: DOM memory will be preallocated.
2025-09-02T11:56:51.307Z cpu13:2101511)WARNING: UserSocketInet: 2266: vsanmgmtd: waiters list not empty!
2025-09-02T11:56:51.307Z cpu13:2101511)WARNING: UserSocketInet: 2266: vsanmgmtd: waiters list not empty!
2025-09-02T12:28:40.636Z cpu17:2102691)WARNING: NetDVS: 4454: zero ports to be restored
0:00:00:05.291 cpu0:2097152)WARNING: VTD: 715: ACPI DMAR table not found
0:00:00:05.291 cpu0:2097152)WARNING: IOV: 231: IOV initialization failed
0:00:00:05.314 cpu0:2097152)WARNING: VMKAcpi: 1012: \_SB_.PCI0: resource length bad, using base/limit values
0:00:00:05.315 cpu0:2097152)WARNING: VMKAcpi: 318: \_SB_.PCI0.LPC0.TMR_: skipping GSIV 0 conflict
2001-01-01T00:01:55.556Z cpu14:2097558)ALERT: Failed to verify signatures of the following vib(s): [lsi-msgpt3 bnxtnet bnxtroce lsi-mr3 lsi-msgpt35 elx-esx-libelxima-8169922.so brcmfcoe elxiscsi elxnet lpfc i40en iavmd icen igbn ixgben lnvcus$
2001-01-01T00:02:00.439Z cpu4:2097738)WARNING: Keyboard: 777: Ignoring registration attempt: External USB driver already registered.
2001-01-01T00:02:00.439Z cpu4:2097738)WARNING: VMKAPICore: 2472: Failed to register external keyboard driver, type: 1
2001-01-01T00:02:00.691Z cpu8:2097783)WARNING: etherswitch: PortCfg_ModInit:910: Skipped initializing etherswitch portcfg for VSS to use cswitch and portcfg module
2001-01-01T00:02:02.986Z cpu23:2097889)WARNING: ScsiScan: 1638: Failed to add path vmhba0:C0:T9:L0 : Not found
2001-01-01T00:02:02.996Z cpu23:2097889)WARNING: ScsiScan: 1638: Failed to add path vmhba0:C0:T10:L0 : Not found
2001-01-01T00:02:03.008Z cpu23:2097889)WARNING: ScsiScan: 1638: Failed to add path vmhba0:C0:T11:L0 : Not found
2001-01-01T00:02:03.009Z cpu23:2097889)WARNING: ScsiScan: 1638: Failed to add path vmhba0:C0:T12:L0 : Not found
2001-01-01T00:02:03.020Z cpu23:2097889)WARNING: ScsiScan: 1638: Failed to add path vmhba0:C0:T13:L0 : Not found
2001-01-01T00:02:03.021Z cpu23:2097889)WARNING: ScsiScan: 1638: Failed to add path vmhba0:C0:T14:L0 : Not found
2001-01-01T00:02:03.024Z cpu23:2097889)WARNING: ScsiScan: 1638: Failed to add path vmhba0:C0:T15:L0 : Not found
2001-01-01T00:02:03.037Z cpu23:2097889)WARNING: ScsiScan: 1638: Failed to add path vmhba0:C0:T16:L0 : Not found
2001-01-01T00:02:04.005Z cpu5:2097942)WARNING: FBFT not enabled
2001-01-01T00:02:12.327Z cpu3:2097696)WARNING: ScsiPath: 9274: Adapter Invalid does not exist
2001-01-01T00:02:12.327Z cpu12:2097698)WARNING: PCI: 1211: 0000:00:1d.7 is nameless
2001-01-01T00:02:12.530Z cpu0:2097265)WARNING: NFS: 1226: Invalid volume UUID mpx.vmhba32:C0:T0:L0:5
2001-01-01T00:02:13.299Z cpu11:2097420)WARNING: NFS: 1226: Invalid volume UUID mpx.vmhba32:C0:T0:L0:8
2001-01-01T00:02:13.540Z cpu3:2097412)WARNING: NFS: 1226: Invalid volume UUID mpx.vmhba32:C0:T0:L0:6
2001-01-01T00:02:13.947Z cpu10:2097634)WARNING: NFS: 1226: Invalid volume UUID 3a4fd8ce-f2fb6b00-6359-5cf3fce846f8
2001-01-01T00:02:15.533Z cpu14:2098354)WARNING: APEI: 290: Could not initialize HEST
2001-01-01T00:02:15.533Z cpu14:2098354)WARNING: APEI: 319: Could not initialize EINJ
2001-01-01T00:02:28.367Z cpu11:2098579)WARNING: NTPClock: 1561: system clock synchronized to upstream time servers
2001-01-01T00:02:30.655Z cpu3:2097518)WARNING: NMP: nmpUnclaimPath:1646: Physical path "vmhba32:C0:T0:L0" is the last path to NMP device "Unregistered Device". The device has been unregistered.
2001-01-01T00:02:30.655Z cpu3:2097518)WARNING: ScsiPath: 8929: Remove path: vmhba32:C0:T0:L0
2001-01-01T00:02:30.939Z cpu12:2098611)WARNING: ScsiScan: 1638: Failed to add path vmhba0:C0:T9:L0 : Not found
2001-01-01T00:02:30.942Z cpu12:2098611)WARNING: ScsiScan: 1638: Failed to add path vmhba0:C0:T10:L0 : Not found
2001-01-01T00:02:30.944Z cpu12:2098611)WARNING: ScsiScan: 1638: Failed to add path vmhba0:C0:T11:L0 : Not found
2001-01-01T00:02:30.945Z cpu12:2098611)WARNING: ScsiScan: 1638: Failed to add path vmhba0:C0:T12:L0 : Not found
2001-01-01T00:02:30.954Z cpu12:2098611)WARNING: ScsiScan: 1638: Failed to add path vmhba0:C0:T13:L0 : Not found
2001-01-01T00:02:30.955Z cpu12:2098611)WARNING: ScsiScan: 1638: Failed to add path vmhba0:C0:T14:L0 : Not found
2001-01-01T00:02:30.960Z cpu12:2098611)WARNING: ScsiScan: 1638: Failed to add path vmhba0:C0:T15:L0 : Not found
2001-01-01T00:02:30.970Z cpu12:2098611)WARNING: ScsiScan: 1638: Failed to add path vmhba0:C0:T16:L0 : Not found
2001-01-01T00:02:32.368Z cpu10:2098697)WARNING: ScsiScan: 1638: Failed to add path vmhba0:C0:T9:L0 : Not found
2001-01-01T00:02:32.370Z cpu10:2098697)WARNING: ScsiScan: 1638: Failed to add path vmhba0:C0:T10:L0 : Not found
2001-01-01T00:02:32.371Z cpu10:2098697)WARNING: ScsiScan: 1638: Failed to add path vmhba0:C0:T11:L0 : Not found
2001-01-01T00:02:32.372Z cpu10:2098697)WARNING: ScsiScan: 1638: Failed to add path vmhba0:C0:T12:L0 : Not found
2001-01-01T00:02:32.374Z cpu10:2098697)WARNING: ScsiScan: 1638: Failed to add path vmhba0:C0:T13:L0 : Not found
2001-01-01T00:02:32.376Z cpu10:2098697)WARNING: ScsiScan: 1638: Failed to add path vmhba0:C0:T14:L0 : Not found
2001-01-01T00:02:32.377Z cpu10:2098697)WARNING: ScsiScan: 1638: Failed to add path vmhba0:C0:T15:L0 : Not found
2001-01-01T00:02:32.378Z cpu10:2098697)WARNING: ScsiScan: 1638: Failed to add path vmhba0:C0:T16:L0 : Not found
2001-01-01T00:04:56.643Z cpu19:2099463 opID=9cd9a75)WARNING: NTPClock: 1251: system clock stepped to 1756857877.485000000, but delta 778550382 > 172800 seconds
0:00:00:05.290 cpu0:2097152)WARNING: VTD: 715: ACPI DMAR table not found
0:00:00:05.290 cpu0:2097152)WARNING: IOV: 231: IOV initialization failed
0:00:00:05.313 cpu0:2097152)WARNING: VMKAcpi: 1012: \_SB_.PCI0: resource length bad, using base/limit values
0:00:00:05.314 cpu0:2097152)WARNING: VMKAcpi: 318: \_SB_.PCI0.LPC0.TMR_: skipping GSIV 0 conflict
2001-01-01T00:01:54.598Z cpu2:2097558)ALERT: Failed to verify signatures of the following vib(s): [lsi-msgpt3 bnxtnet bnxtroce lsi-mr3 lsi-msgpt35 elx-esx-libelxima-8169922.so brcmfcoe elxiscsi elxnet lpfc i40en iavmd icen igbn ixgben lnvcust$
2001-01-01T00:01:59.434Z cpu8:2097738)WARNING: Keyboard: 777: Ignoring registration attempt: External USB driver already registered.
2001-01-01T00:01:59.434Z cpu8:2097738)WARNING: VMKAPICore: 2472: Failed to register external keyboard driver, type: 1
2001-01-01T00:01:59.657Z cpu12:2097783)WARNING: etherswitch: PortCfg_ModInit:910: Skipped initializing etherswitch portcfg for VSS to use cswitch and portcfg module
2001-01-01T00:02:01.960Z cpu21:2097889)WARNING: ScsiScan: 1638: Failed to add path vmhba0:C0:T9:L0 : Not found
2001-01-01T00:02:01.962Z cpu21:2097889)WARNING: ScsiScan: 1638: Failed to add path vmhba0:C0:T10:L0 : Not found
2001-01-01T00:02:01.963Z cpu21:2097889)WARNING: ScsiScan: 1638: Failed to add path vmhba0:C0:T11:L0 : Not found
2001-01-01T00:02:01.964Z cpu21:2097889)WARNING: ScsiScan: 1638: Failed to add path vmhba0:C0:T12:L0 : Not found
2001-01-01T00:02:01.966Z cpu21:2097889)WARNING: ScsiScan: 1638: Failed to add path vmhba0:C0:T13:L0 : Not found
2001-01-01T00:02:01.969Z cpu21:2097889)WARNING: ScsiScan: 1638: Failed to add path vmhba0:C0:T14:L0 : Not found
2001-01-01T00:02:01.971Z cpu21:2097889)WARNING: ScsiScan: 1638: Failed to add path vmhba0:C0:T15:L0 : Not found
2001-01-01T00:02:01.972Z cpu21:2097889)WARNING: ScsiScan: 1638: Failed to add path vmhba0:C0:T16:L0 : Not found
2001-01-01T00:02:02.939Z cpu15:2097942)WARNING: FBFT not enabled
2001-01-01T00:02:11.272Z cpu12:2097696)WARNING: ScsiPath: 9274: Adapter Invalid does not exist
2001-01-01T00:02:11.272Z cpu19:2097698)WARNING: PCI: 1211: 0000:00:1d.7 is nameless
2001-01-01T00:02:11.476Z cpu2:2097265)WARNING: NFS: 1226: Invalid volume UUID mpx.vmhba32:C0:T0:L0:5
2001-01-01T00:02:12.343Z cpu14:2097415)WARNING: NFS: 1226: Invalid volume UUID mpx.vmhba32:C0:T0:L0:6
2001-01-01T00:02:12.392Z cpu2:2097412)WARNING: NFS: 1226: Invalid volume UUID mpx.vmhba32:C0:T0:L0:8
2001-01-01T00:02:12.884Z cpu17:2097635)WARNING: NFS: 1226: Invalid volume UUID 3a4fd8ce-f2fb6b00-6359-5cf3fce846f8
2001-01-01T00:02:14.472Z cpu4:2098354)WARNING: APEI: 290: Could not initialize HEST
2001-01-01T00:02:14.472Z cpu4:2098354)WARNING: APEI: 319: Could not initialize EINJ
2001-01-01T00:02:26.307Z cpu15:2098580)WARNING: NTPClock: 1561: system clock synchronized to upstream time servers
2001-01-01T00:02:28.688Z cpu8:2097518)WARNING: NMP: nmpUnclaimPath:1646: Physical path "vmhba32:C0:T0:L0" is the last path to NMP device "Unregistered Device". The device has been unregistered.
2001-01-01T00:02:28.688Z cpu8:2097518)WARNING: ScsiPath: 8929: Remove path: vmhba32:C0:T0:L0
2001-01-01T00:02:28.958Z cpu20:2098611)WARNING: ScsiScan: 1638: Failed to add path vmhba0:C0:T9:L0 : Not found
2001-01-01T00:02:28.960Z cpu20:2098611)WARNING: ScsiScan: 1638: Failed to add path vmhba0:C0:T10:L0 : Not found
2001-01-01T00:02:28.961Z cpu20:2098611)WARNING: ScsiScan: 1638: Failed to add path vmhba0:C0:T11:L0 : Not found
2001-01-01T00:02:28.963Z cpu20:2098611)WARNING: ScsiScan: 1638: Failed to add path vmhba0:C0:T12:L0 : Not found
2001-01-01T00:02:28.964Z cpu20:2098611)WARNING: ScsiScan: 1638: Failed to add path vmhba0:C0:T13:L0 : Not found
2001-01-01T00:02:28.966Z cpu20:2098611)WARNING: ScsiScan: 1638: Failed to add path vmhba0:C0:T14:L0 : Not found
2001-01-01T00:02:28.967Z cpu20:2098611)WARNING: ScsiScan: 1638: Failed to add path vmhba0:C0:T15:L0 : Not found
2001-01-01T00:02:28.969Z cpu20:2098611)WARNING: ScsiScan: 1638: Failed to add path vmhba0:C0:T16:L0 : Not found
2001-01-01T00:02:30.361Z cpu11:2098697)WARNING: ScsiScan: 1638: Failed to add path vmhba0:C0:T9:L0 : Not found
2001-01-01T00:02:30.363Z cpu11:2098697)WARNING: ScsiScan: 1638: Failed to add path vmhba0:C0:T10:L0 : Not found
2001-01-01T00:02:30.364Z cpu11:2098697)WARNING: ScsiScan: 1638: Failed to add path vmhba0:C0:T11:L0 : Not found
2001-01-01T00:02:30.365Z cpu11:2098697)WARNING: ScsiScan: 1638: Failed to add path vmhba0:C0:T12:L0 : Not found
2001-01-01T00:02:30.367Z cpu11:2098697)WARNING: ScsiScan: 1638: Failed to add path vmhba0:C0:T13:L0 : Not found
2001-01-01T00:02:30.368Z cpu11:2098697)WARNING: ScsiScan: 1638: Failed to add path vmhba0:C0:T14:L0 : Not found
2001-01-01T00:02:30.370Z cpu11:2098697)WARNING: ScsiScan: 1638: Failed to add path vmhba0:C0:T15:L0 : Not found
2001-01-01T00:02:30.371Z cpu11:2098697)WARNING: ScsiScan: 1638: Failed to add path vmhba0:C0:T16:L0 : Not found
2001-01-01T00:08:08.778Z cpu21:2098995 opID=ddaaee5f)WARNING: NTPClock: 1251: system clock stepped to 1756944468.342000000, but delta 778636780 > 172800 seconds
0:00:00:05.306 cpu0:2097152)WARNING: VTD: 715: ACPI DMAR table not found
0:00:00:05.306 cpu0:2097152)WARNING: IOV: 231: IOV initialization failed
0:00:00:05.329 cpu0:2097152)WARNING: VMKAcpi: 1012: \_SB_.PCI0: resource length bad, using base/limit values
0:00:00:05.330 cpu0:2097152)WARNING: VMKAcpi: 318: \_SB_.PCI0.LPC0.TMR_: skipping GSIV 0 conflict
2001-01-01T00:01:55.591Z cpu15:2097558)ALERT: Failed to verify signatures of the following vib(s): [lsi-msgpt3 bnxtnet bnxtroce lsi-mr3 lsi-msgpt35 elx-esx-libelxima-8169922.so brcmfcoe elxiscsi elxnet lpfc i40en iavmd icen igbn ixgben lnvcus$
2001-01-01T00:02:00.437Z cpu16:2097738)WARNING: Keyboard: 777: Ignoring registration attempt: External USB driver already registered.
2001-01-01T00:02:00.437Z cpu16:2097738)WARNING: VMKAPICore: 2472: Failed to register external keyboard driver, type: 1
2001-01-01T00:02:00.658Z cpu12:2097783)WARNING: etherswitch: PortCfg_ModInit:910: Skipped initializing etherswitch portcfg for VSS to use cswitch and portcfg module
2001-01-01T00:02:02.977Z cpu9:2097889)WARNING: ScsiScan: 1638: Failed to add path vmhba0:C0:T9:L0 : Not found
2001-01-01T00:02:02.979Z cpu9:2097889)WARNING: ScsiScan: 1638: Failed to add path vmhba0:C0:T10:L0 : Not found
2001-01-01T00:02:02.980Z cpu9:2097889)WARNING: ScsiScan: 1638: Failed to add path vmhba0:C0:T11:L0 : Not found
2001-01-01T00:02:02.982Z cpu9:2097889)WARNING: ScsiScan: 1638: Failed to add path vmhba0:C0:T12:L0 : Not found
2001-01-01T00:02:02.983Z cpu9:2097889)WARNING: ScsiScan: 1638: Failed to add path vmhba0:C0:T13:L0 : Not found
2001-01-01T00:02:02.990Z cpu9:2097889)WARNING: ScsiScan: 1638: Failed to add path vmhba0:C0:T14:L0 : Not found
2001-01-01T00:02:02.991Z cpu9:2097889)WARNING: ScsiScan: 1638: Failed to add path vmhba0:C0:T15:L0 : Not found
2001-01-01T00:02:02.993Z cpu9:2097889)WARNING: ScsiScan: 1638: Failed to add path vmhba0:C0:T16:L0 : Not found
2001-01-01T00:02:03.960Z cpu0:2097942)WARNING: FBFT not enabled
2001-01-01T00:02:12.331Z cpu16:2097696)WARNING: ScsiPath: 9274: Adapter Invalid does not exist
2001-01-01T00:02:12.331Z cpu5:2097698)WARNING: PCI: 1211: 0000:00:1d.7 is nameless
2001-01-01T00:02:12.584Z cpu0:2097265)WARNING: NFS: 1226: Invalid volume UUID mpx.vmhba32:C0:T0:L0:5
2001-01-01T00:02:13.308Z cpu7:2097418)WARNING: NFS: 1226: Invalid volume UUID mpx.vmhba32:C0:T0:L0:8
2001-01-01T00:02:13.598Z cpu2:2097416)WARNING: NFS: 1226: Invalid volume UUID mpx.vmhba32:C0:T0:L0:6
2001-01-01T00:02:13.958Z cpu14:2097635)WARNING: NFS: 1226: Invalid volume UUID 3a4fd8ce-f2fb6b00-6359-5cf3fce846f8
2001-01-01T00:02:15.544Z cpu2:2098354)WARNING: APEI: 290: Could not initialize HEST
2001-01-01T00:02:15.544Z cpu2:2098354)WARNING: APEI: 319: Could not initialize EINJ
2001-01-01T00:02:27.319Z cpu15:2098579)WARNING: NTPClock: 1561: system clock synchronized to upstream time servers
2001-01-01T00:02:29.525Z cpu8:2097518)WARNING: NMP: nmpUnclaimPath:1646: Physical path "vmhba32:C0:T0:L0" is the last path to NMP device "Unregistered Device". The device has been unregistered.
2001-01-01T00:02:29.525Z cpu8:2097518)WARNING: ScsiPath: 8929: Remove path: vmhba32:C0:T0:L0
2001-01-01T00:02:29.807Z cpu11:2098611)WARNING: ScsiScan: 1638: Failed to add path vmhba0:C0:T9:L0 : Not found
2001-01-01T00:02:29.809Z cpu11:2098611)WARNING: ScsiScan: 1638: Failed to add path vmhba0:C0:T10:L0 : Not found
2001-01-01T00:02:29.810Z cpu11:2098611)WARNING: ScsiScan: 1638: Failed to add path vmhba0:C0:T11:L0 : Not found
2001-01-01T00:02:29.812Z cpu11:2098611)WARNING: ScsiScan: 1638: Failed to add path vmhba0:C0:T12:L0 : Not found
2001-01-01T00:02:29.813Z cpu11:2098611)WARNING: ScsiScan: 1638: Failed to add path vmhba0:C0:T13:L0 : Not found
2001-01-01T00:02:29.815Z cpu11:2098611)WARNING: ScsiScan: 1638: Failed to add path vmhba0:C0:T14:L0 : Not found
2001-01-01T00:02:29.816Z cpu11:2098611)WARNING: ScsiScan: 1638: Failed to add path vmhba0:C0:T15:L0 : Not found
2001-01-01T00:02:29.817Z cpu11:2098611)WARNING: ScsiScan: 1638: Failed to add path vmhba0:C0:T16:L0 : Not found
2001-01-01T00:02:31.231Z cpu22:2098697)WARNING: ScsiScan: 1638: Failed to add path vmhba0:C0:T9:L0 : Not found
2001-01-01T00:02:31.233Z cpu22:2098697)WARNING: ScsiScan: 1638: Failed to add path vmhba0:C0:T10:L0 : Not found
2001-01-01T00:02:31.234Z cpu22:2098697)WARNING: ScsiScan: 1638: Failed to add path vmhba0:C0:T11:L0 : Not found
2001-01-01T00:02:31.235Z cpu22:2098697)WARNING: ScsiScan: 1638: Failed to add path vmhba0:C0:T12:L0 : Not found
2001-01-01T00:02:31.237Z cpu22:2098697)WARNING: ScsiScan: 1638: Failed to add path vmhba0:C0:T13:L0 : Not found
2001-01-01T00:02:31.239Z cpu22:2098697)WARNING: ScsiScan: 1638: Failed to add path vmhba0:C0:T14:L0 : Not found
2001-01-01T00:02:31.240Z cpu22:2098697)WARNING: ScsiScan: 1638: Failed to add path vmhba0:C0:T15:L0 : Not found
2001-01-01T00:02:31.241Z cpu22:2098697)WARNING: ScsiScan: 1638: Failed to add path vmhba0:C0:T16:L0 : Not found
2001-01-01T03:29:55.251Z cpu14:2105745)WARNING: Supported VMs 384, Max VSAN VMs 400, SystemMemoryInGB 288
2001-01-01T03:29:55.251Z cpu14:2105745)WARNING: MaxFileHandles: 11520, Prealloc 1, Prealloc limit: 32 GB, Host scaling factor: 1 
2001-01-01T03:29:55.251Z cpu14:2105745)WARNING: DOM memory will be preallocated.
2001-01-01T03:39:58.889Z cpu15:2105772)WARNING: UserSocketInet: 2266: vsanmgmtd: waiters list not empty!
2001-01-01T03:39:58.889Z cpu15:2105772)WARNING: UserSocketInet: 2266: vsanmgmtd: waiters list not empty!
2001-01-01T07:03:51.353Z cpu1:2099668)WARNING: E1000: 4325: End of the next rx packet
2001-01-01T09:43:50.827Z cpu12:2108869)WARNING: UserSocketInet: 2266: vsanmgmtd: waiters list not empty!
2001-01-01T09:43:50.827Z cpu16:2108869)WARNING: UserSocketInet: 2266: vsanmgmtd: waiters list not empty!
2001-01-01T09:49:42.769Z cpu5:2099668)WARNING: E1000: 4325: End of the next rx packet
2001-01-01T09:49:48.783Z cpu7:2099668)WARNING: E1000: 4325: End of the next rx packet
2001-01-01T09:49:53.669Z cpu4:2099668)WARNING: E1000: 4325: End of the next rx packet
2001-01-01T09:50:36.772Z cpu1:2099668)WARNING: E1000: 4325: End of the next rx packet
2001-01-01T09:50:43.779Z cpu0:2099668)WARNING: E1000: 4325: End of the next rx packet
2001-01-01T09:51:01.774Z cpu9:2099668)WARNING: E1000: 4325: End of the next rx packet
2001-01-01T09:51:20.770Z cpu7:2099668)WARNING: E1000: 4325: End of the next rx packet
2001-01-01T09:51:25.778Z cpu11:2099668)WARNING: E1000: 4325: End of the next rx packet
2001-01-01T09:51:28.770Z cpu0:2099668)WARNING: E1000: 4325: End of the next rx packet
2001-01-01T09:51:42.770Z cpu9:2099668)WARNING: E1000: 4325: End of the next rx packet
2001-01-01T09:51:48.776Z cpu7:2099668)WARNING: E1000: 4325: End of the next rx packet
2001-01-01T09:51:50.770Z cpu4:2099668)WARNING: E1000: 4325: End of the next rx packet
2001-01-01T09:51:53.772Z cpu4:2099668)WARNING: E1000: 4325: End of the next rx packet
2001-01-01T09:51:56.669Z cpu6:2099668)WARNING: E1000: 4325: End of the next rx packet
2001-01-01T09:51:56.770Z cpu6:2099668)WARNING: E1000: 4325: End of the next rx packet
2001-01-01T09:51:59.769Z cpu0:2099668)WARNING: E1000: 4325: End of the next rx packet
2001-01-01T09:52:08.794Z cpu1:2099668)WARNING: E1000: 4325: End of the next rx packet
2001-01-01T09:52:08.797Z cpu1:2099668)WARNING: E1000: 4325: End of the next rx packet
2001-01-01T09:52:08.799Z cpu1:2099668)WARNING: E1000: 4325: End of the next rx packet
2001-01-01T09:52:12.768Z cpu8:2099668)WARNING: E1000: 4325: End of the next rx packet
2001-01-01T09:52:21.774Z cpu10:2099668)WARNING: E1000: 4325: End of the next rx packet
2001-01-01T09:52:23.774Z cpu1:2099668)WARNING: E1000: 4325: End of the next rx packet
2001-01-01T09:52:53.770Z cpu4:2099668)WARNING: E1000: 4325: End of the next rx packet
2001-01-01T09:53:08.773Z cpu8:2099668)WARNING: E1000: 4325: End of the next rx packet
2001-01-01T09:55:40.769Z cpu8:2099668)WARNING: E1000: 4325: End of the next rx packet
2001-01-01T09:55:41.770Z cpu2:2099668)WARNING: E1000: 4325: End of the next rx packet
2001-01-01T09:55:59.770Z cpu6:2099668)WARNING: E1000: 4325: End of the next rx packet
2001-01-01T09:55:59.770Z cpu6:2099668)WARNING: E1000: 4325: End of the next rx packet
2001-01-01T10:03:08.669Z cpu1:2099668)WARNING: E1000: 4325: End of the next rx packet
2001-01-01T10:04:03.028Z cpu20:2109271)WARNING: UserSocketInet: 2266: vsanmgmtd: waiters list not empty!
2001-01-01T10:04:03.028Z cpu20:2109271)WARNING: UserSocketInet: 2266: vsanmgmtd: waiters list not empty!
2001-01-01T10:07:00.458Z cpu0:2099668)WARNING: E1000: 4325: End of the next rx packet
2001-01-01T10:07:00.461Z cpu0:2099668)WARNING: E1000: 4325: End of the next rx packet
2001-01-01T10:07:00.978Z cpu0:2099668)WARNING: E1000: 4325: End of the next rx packet
2001-01-01T10:07:01.880Z cpu4:2099668)WARNING: E1000: 4325: End of the next rx packet
2001-01-01T10:07:03.022Z cpu5:2099668)WARNING: E1000: 4325: End of the next rx packet
2001-01-01T10:07:03.023Z cpu5:2099668)WARNING: E1000: 4325: End of the next rx packet
2001-01-01T10:07:03.025Z cpu5:2099668)WARNING: E1000: 4325: End of the next rx packet
2001-01-01T10:07:03.046Z cpu5:2099668)WARNING: E1000: 4325: End of the next rx packet
2001-01-01T10:07:03.342Z cpu4:2099668)WARNING: E1000: 4325: End of the next rx packet
2001-01-01T10:07:03.342Z cpu4:2099668)WARNING: E1000: 4325: End of the next rx packet
2001-01-01T10:07:03.937Z cpu0:2099668)WARNING: E1000: 4325: End of the next rx packet
2001-01-01T10:07:03.938Z cpu0:2099668)WARNING: E1000: 4325: End of the next rx packet
2001-01-01T10:07:06.047Z cpu1:2099668)WARNING: E1000: 4325: End of the next rx packet
2001-01-01T10:07:06.047Z cpu1:2099668)WARNING: E1000: 4325: End of the next rx packet
2001-01-01T10:07:06.049Z cpu1:2099668)WARNING: E1000: 4325: End of the next rx packet
2001-01-01T10:07:06.374Z cpu1:2099668)WARNING: E1000: 4325: End of the next rx packet
2001-01-01T10:07:06.376Z cpu1:2099668)WARNING: E1000: 4325: End of the next rx packet
2001-01-01T10:07:09.521Z cpu10:2099668)WARNING: E1000: 4325: End of the next rx packet
2001-01-01T10:07:12.770Z cpu7:2099668)WARNING: E1000: 4325: End of the next rx packet
2001-01-01T10:07:16.770Z cpu11:2099668)WARNING: E1000: 4325: End of the next rx packet
2001-01-01T10:07:17.670Z cpu11:2099668)WARNING: E1000: 4325: End of the next rx packet
2001-01-01T10:07:17.672Z cpu11:2099668)WARNING: E1000: 4325: End of the next rx packet
2001-01-01T10:16:21.669Z cpu0:2099668)WARNING: E1000: 4325: End of the next rx packet
2001-01-01T10:17:23.669Z cpu7:2099668)WARNING: E1000: 4325: End of the next rx packet
2001-01-01T10:57:42.172Z cpu15:2097891)WARNING: ScsiDeviceIO: 1565: Device naa.600605b004213bc001e293503af49afb performance has deteriorated. I/O latency increased from average value of 2236 microseconds to 79559 microseconds.
2001-01-01T12:04:50.632Z cpu15:2099668)WARNING: E1000: 4325: End of the next rx packet
2001-01-01T12:04:50.728Z cpu15:2099668)WARNING: E1000: 4325: End of the next rx packet
2001-01-01T12:04:50.730Z cpu15:2099668)WARNING: E1000: 4325: End of the next rx packet
2001-01-01T12:04:50.739Z cpu15:2099668)WARNING: E1000: 4325: End of the next rx packet
2001-01-01T12:44:23.028Z cpu15:2099668)WARNING: E1000: 4325: End of the next rx packet
2001-01-01T12:44:23.043Z cpu15:2099668)WARNING: E1000: 4325: End of the next rx packet
2001-01-01T12:44:23.425Z cpu15:2099668)WARNING: E1000: 4325: End of the next rx packet
2001-01-01T12:44:28.671Z cpu18:2099668)WARNING: E1000: 4325: End of the next rx packet
2001-01-01T13:13:25.667Z cpu16:2097357)WARNING: CpuSched: 996: Automatic relation removal from 2113020(vmx-vcpu-0:SGRL-TOR01, zombie) to 2113021(PVSCSI-2113012:0)
2001-01-01T13:13:25.667Z cpu16:2097357)WARNING: CpuSched: 996: Automatic relation removal from 2113020(vmx-vcpu-0:SGRL-TOR01, zombie) to 2113013(NetWorld-VM-2113012)
0:00:00:05.300 cpu0:2097152)WARNING: VTD: 715: ACPI DMAR table not found
0:00:00:05.300 cpu0:2097152)WARNING: IOV: 231: IOV initialization failed
0:00:00:05.323 cpu0:2097152)WARNING: VMKAcpi: 1012: \_SB_.PCI0: resource length bad, using base/limit values
0:00:00:05.325 cpu0:2097152)WARNING: VMKAcpi: 318: \_SB_.PCI0.LPC0.TMR_: skipping GSIV 0 conflict
2001-01-01T00:01:54.558Z cpu13:2097558)ALERT: Failed to verify signatures of the following vib(s): [lsi-msgpt3 bnxtnet bnxtroce lsi-mr3 lsi-msgpt35 elx-esx-libelxima-8169922.so brcmfcoe elxiscsi elxnet lpfc i40en iavmd icen igbn ixgben lnvcus$
2001-01-01T00:01:59.449Z cpu14:2097738)WARNING: Keyboard: 777: Ignoring registration attempt: External USB driver already registered.
2001-01-01T00:01:59.449Z cpu14:2097738)WARNING: VMKAPICore: 2472: Failed to register external keyboard driver, type: 1
2001-01-01T00:01:59.670Z cpu4:2097783)WARNING: etherswitch: PortCfg_ModInit:910: Skipped initializing etherswitch portcfg for VSS to use cswitch and portcfg module
2001-01-01T00:02:02.046Z cpu15:2097889)WARNING: ScsiScan: 1638: Failed to add path vmhba0:C0:T9:L0 : Not found
2001-01-01T00:02:02.048Z cpu15:2097889)WARNING: ScsiScan: 1638: Failed to add path vmhba0:C0:T10:L0 : Not found
2001-01-01T00:02:02.052Z cpu15:2097889)WARNING: ScsiScan: 1638: Failed to add path vmhba0:C0:T11:L0 : Not found
2001-01-01T00:02:02.054Z cpu15:2097889)WARNING: ScsiScan: 1638: Failed to add path vmhba0:C0:T12:L0 : Not found
2001-01-01T00:02:02.055Z cpu15:2097889)WARNING: ScsiScan: 1638: Failed to add path vmhba0:C0:T13:L0 : Not found
2001-01-01T00:02:02.058Z cpu15:2097889)WARNING: ScsiScan: 1638: Failed to add path vmhba0:C0:T14:L0 : Not found
2001-01-01T00:02:02.059Z cpu15:2097889)WARNING: ScsiScan: 1638: Failed to add path vmhba0:C0:T15:L0 : Not found
2001-01-01T00:02:02.061Z cpu15:2097889)WARNING: ScsiScan: 1638: Failed to add path vmhba0:C0:T16:L0 : Not found
2001-01-01T00:02:03.039Z cpu15:2097942)WARNING: FBFT not enabled
2001-01-01T00:02:11.254Z cpu2:2097696)WARNING: ScsiPath: 9274: Adapter Invalid does not exist
2001-01-01T00:02:11.254Z cpu15:2097698)WARNING: PCI: 1211: 0000:00:1d.7 is nameless
2001-01-01T00:02:12.276Z cpu6:2097412)WARNING: NFS: 1226: Invalid volume UUID mpx.vmhba32:C0:T0:L0:8
2001-01-01T00:02:12.421Z cpu2:2097407)WARNING: NFS: 1226: Invalid volume UUID mpx.vmhba32:C0:T0:L0:6
2001-01-01T00:02:12.850Z cpu4:2097635)WARNING: NFS: 1226: Invalid volume UUID 3a4fd8ce-f2fb6b00-6359-5cf3fce846f8
2001-01-01T00:02:14.485Z cpu14:2098354)WARNING: APEI: 290: Could not initialize HEST
2001-01-01T00:02:14.485Z cpu14:2098354)WARNING: APEI: 319: Could not initialize EINJ
2001-01-01T00:02:27.297Z cpu9:2098580)WARNING: NTPClock: 1561: system clock synchronized to upstream time servers
2001-01-01T00:02:29.592Z cpu8:2097518)WARNING: NMP: nmpUnclaimPath:1646: Physical path "vmhba32:C0:T0:L0" is the last path to NMP device "Unregistered Device". The device has been unregistered.
2001-01-01T00:02:29.593Z cpu8:2097518)WARNING: ScsiPath: 8929: Remove path: vmhba32:C0:T0:L0
2001-01-01T00:02:29.871Z cpu17:2098611)WARNING: ScsiScan: 1638: Failed to add path vmhba0:C0:T9:L0 : Not found
2001-01-01T00:02:29.872Z cpu17:2098611)WARNING: ScsiScan: 1638: Failed to add path vmhba0:C0:T10:L0 : Not found
2001-01-01T00:02:29.874Z cpu17:2098611)WARNING: ScsiScan: 1638: Failed to add path vmhba0:C0:T11:L0 : Not found
2001-01-01T00:02:29.875Z cpu17:2098611)WARNING: ScsiScan: 1638: Failed to add path vmhba0:C0:T12:L0 : Not found
2001-01-01T00:02:29.877Z cpu17:2098611)WARNING: ScsiScan: 1638: Failed to add path vmhba0:C0:T13:L0 : Not found
2001-01-01T00:02:29.878Z cpu17:2098611)WARNING: ScsiScan: 1638: Failed to add path vmhba0:C0:T14:L0 : Not found
2001-01-01T00:02:29.880Z cpu17:2098611)WARNING: ScsiScan: 1638: Failed to add path vmhba0:C0:T15:L0 : Not found
2001-01-01T00:02:29.881Z cpu17:2098611)WARNING: ScsiScan: 1638: Failed to add path vmhba0:C0:T16:L0 : Not found
2001-01-01T00:02:31.305Z cpu18:2098697)WARNING: ScsiScan: 1638: Failed to add path vmhba0:C0:T9:L0 : Not found
2001-01-01T00:02:31.307Z cpu18:2098697)WARNING: ScsiScan: 1638: Failed to add path vmhba0:C0:T10:L0 : Not found
2001-01-01T00:02:31.308Z cpu18:2098697)WARNING: ScsiScan: 1638: Failed to add path vmhba0:C0:T11:L0 : Not found
2001-01-01T00:02:31.309Z cpu18:2098697)WARNING: ScsiScan: 1638: Failed to add path vmhba0:C0:T12:L0 : Not found
2001-01-01T00:02:31.311Z cpu18:2098697)WARNING: ScsiScan: 1638: Failed to add path vmhba0:C0:T13:L0 : Not found
2001-01-01T00:02:31.312Z cpu18:2098697)WARNING: ScsiScan: 1638: Failed to add path vmhba0:C0:T14:L0 : Not found
2001-01-01T00:02:31.314Z cpu18:2098697)WARNING: ScsiScan: 1638: Failed to add path vmhba0:C0:T15:L0 : Not found
2001-01-01T00:02:31.315Z cpu18:2098697)WARNING: ScsiScan: 1638: Failed to add path vmhba0:C0:T16:L0 : Not found
2001-01-01T00:05:01.628Z cpu0:2098996 opID=32148abe)WARNING: NTPClock: 1251: system clock stepped to 1757203476.122000000, but delta 778895976 > 172800 seconds
0:00:00:05.294 cpu0:2097152)WARNING: VTD: 715: ACPI DMAR table not found
0:00:00:05.294 cpu0:2097152)WARNING: IOV: 231: IOV initialization failed
0:00:00:05.317 cpu0:2097152)WARNING: VMKAcpi: 1012: \_SB_.PCI0: resource length bad, using base/limit values
0:00:00:05.318 cpu0:2097152)WARNING: VMKAcpi: 318: \_SB_.PCI0.LPC0.TMR_: skipping GSIV 0 conflict
2001-01-01T00:01:55.562Z cpu18:2097558)ALERT: Failed to verify signatures of the following vib(s): [lsi-msgpt3 bnxtnet bnxtroce lsi-mr3 lsi-msgpt35 elx-esx-libelxima-8169922.so brcmfcoe elxiscsi elxnet lpfc i40en iavmd icen igbn ixgben lnvcus$
2001-01-01T00:02:00.467Z cpu10:2097738)WARNING: Keyboard: 777: Ignoring registration attempt: External USB driver already registered.
2001-01-01T00:02:00.467Z cpu10:2097738)WARNING: VMKAPICore: 2472: Failed to register external keyboard driver, type: 1
2001-01-01T00:02:00.699Z cpu19:2097783)WARNING: etherswitch: PortCfg_ModInit:910: Skipped initializing etherswitch portcfg for VSS to use cswitch and portcfg module
2001-01-01T00:02:03.014Z cpu23:2097889)WARNING: ScsiScan: 1638: Failed to add path vmhba0:C0:T9:L0 : Not found
2001-01-01T00:02:03.019Z cpu23:2097889)WARNING: ScsiScan: 1638: Failed to add path vmhba0:C0:T10:L0 : Not found
2001-01-01T00:02:03.021Z cpu23:2097889)WARNING: ScsiScan: 1638: Failed to add path vmhba0:C0:T11:L0 : Not found
2001-01-01T00:02:03.023Z cpu23:2097889)WARNING: ScsiScan: 1638: Failed to add path vmhba0:C0:T12:L0 : Not found
2001-01-01T00:02:03.024Z cpu23:2097889)WARNING: ScsiScan: 1638: Failed to add path vmhba0:C0:T13:L0 : Not found
2001-01-01T00:02:03.026Z cpu23:2097889)WARNING: ScsiScan: 1638: Failed to add path vmhba0:C0:T14:L0 : Not found
2001-01-01T00:02:03.027Z cpu23:2097889)WARNING: ScsiScan: 1638: Failed to add path vmhba0:C0:T15:L0 : Not found
2001-01-01T00:02:03.029Z cpu23:2097889)WARNING: ScsiScan: 1638: Failed to add path vmhba0:C0:T16:L0 : Not found
2001-01-01T00:02:04.011Z cpu12:2097942)WARNING: FBFT not enabled
2001-01-01T00:02:12.339Z cpu0:2097696)WARNING: ScsiPath: 9274: Adapter Invalid does not exist
2001-01-01T00:02:12.339Z cpu2:2097698)WARNING: PCI: 1211: 0000:00:1d.7 is nameless
2001-01-01T00:02:12.590Z cpu0:2097265)WARNING: NFS: 1226: Invalid volume UUID mpx.vmhba32:C0:T0:L0:5
2001-01-01T00:02:13.360Z cpu7:2097418)WARNING: NFS: 1226: Invalid volume UUID mpx.vmhba32:C0:T0:L0:6
2001-01-01T00:02:13.556Z cpu1:2097412)WARNING: NFS: 1226: Invalid volume UUID mpx.vmhba32:C0:T0:L0:8
2001-01-01T00:02:13.949Z cpu14:2097635)WARNING: NFS: 1226: Invalid volume UUID 3a4fd8ce-f2fb6b00-6359-5cf3fce846f8
2001-01-01T00:02:15.529Z cpu5:2098354)WARNING: APEI: 290: Could not initialize HEST
2001-01-01T00:02:15.529Z cpu5:2098354)WARNING: APEI: 319: Could not initialize EINJ
2001-01-01T00:02:23.894Z cpu7:2097518)WARNING: NMP: nmpUnclaimPath:1646: Physical path "vmhba32:C0:T0:L0" is the last path to NMP device "Unregistered Device". The device has been unregistered.
2001-01-01T00:02:23.894Z cpu7:2097518)WARNING: ScsiPath: 8929: Remove path: vmhba32:C0:T0:L0
2001-01-01T00:02:24.164Z cpu7:2098579)WARNING: ScsiScan: 1638: Failed to add path vmhba0:C0:T9:L0 : Not found
2001-01-01T00:02:24.167Z cpu7:2098579)WARNING: ScsiScan: 1638: Failed to add path vmhba0:C0:T10:L0 : Not found
2001-01-01T00:02:24.169Z cpu7:2098579)WARNING: ScsiScan: 1638: Failed to add path vmhba0:C0:T11:L0 : Not found
2001-01-01T00:02:24.170Z cpu7:2098579)WARNING: ScsiScan: 1638: Failed to add path vmhba0:C0:T12:L0 : Not found
2001-01-01T00:02:24.171Z cpu7:2098579)WARNING: ScsiScan: 1638: Failed to add path vmhba0:C0:T13:L0 : Not found
2001-01-01T00:02:24.173Z cpu7:2098579)WARNING: ScsiScan: 1638: Failed to add path vmhba0:C0:T14:L0 : Not found
2001-01-01T00:02:24.174Z cpu7:2098579)WARNING: ScsiScan: 1638: Failed to add path vmhba0:C0:T15:L0 : Not found
2001-01-01T00:02:24.176Z cpu7:2098579)WARNING: ScsiScan: 1638: Failed to add path vmhba0:C0:T16:L0 : Not found
2001-01-01T00:02:25.592Z cpu19:2098665)WARNING: ScsiScan: 1638: Failed to add path vmhba0:C0:T9:L0 : Not found
2001-01-01T00:02:25.594Z cpu19:2098665)WARNING: ScsiScan: 1638: Failed to add path vmhba0:C0:T10:L0 : Not found
2001-01-01T00:02:25.595Z cpu19:2098665)WARNING: ScsiScan: 1638: Failed to add path vmhba0:C0:T11:L0 : Not found
2001-01-01T00:02:25.597Z cpu19:2098665)WARNING: ScsiScan: 1638: Failed to add path vmhba0:C0:T12:L0 : Not found
2001-01-01T00:02:25.598Z cpu19:2098665)WARNING: ScsiScan: 1638: Failed to add path vmhba0:C0:T13:L0 : Not found
2001-01-01T00:02:25.600Z cpu19:2098665)WARNING: ScsiScan: 1638: Failed to add path vmhba0:C0:T14:L0 : Not found
2001-01-01T00:02:25.601Z cpu19:2098665)WARNING: ScsiScan: 1638: Failed to add path vmhba0:C0:T15:L0 : Not found
2001-01-01T00:02:25.602Z cpu19:2098665)WARNING: ScsiScan: 1638: Failed to add path vmhba0:C0:T16:L0 : Not found
2001-01-01T01:04:20.095Z cpu7:2099452 opID=f9a81310)WARNING: NTPClock: 1251: system clock stepped to 1758271833.626000000, but delta 779960774 > 172800 seconds
2025-09-19T09:47:28.310Z cpu1:2100467)WARNING: E1000: 4325: End of the next rx packet
2025-09-19T09:48:00.317Z cpu10:2100467)WARNING: E1000: 4325: End of the next rx packet
2025-09-19T10:43:36.032Z cpu22:2099453 opID=7430a0ae)WARNING: NTPClock: 1251: system clock stepped to 1757673804.010000000, but delta 604811 > 172800 seconds
2025-09-12T12:32:45.791Z cpu5:2106980)WARNING: Supported VMs 384, Max VSAN VMs 400, SystemMemoryInGB 288
2025-09-12T12:32:45.791Z cpu5:2106980)WARNING: MaxFileHandles: 11520, Prealloc 1, Prealloc limit: 32 GB, Host scaling factor: 1 
2025-09-12T12:32:45.791Z cpu5:2106980)WARNING: DOM memory will be preallocated.
2025-09-12T12:42:49.646Z cpu14:2107007)WARNING: UserSocketInet: 2266: vsanmgmtd: waiters list not empty!
2025-09-12T12:42:49.646Z cpu14:2107007)WARNING: UserSocketInet: 2266: vsanmgmtd: waiters list not empty!
2025-09-12T15:00:37.320Z cpu10:2109076)WARNING: UserSocketInet: 2266: vsanmgmtd: waiters list not empty!
2025-09-12T15:00:37.321Z cpu10:2109076)WARNING: UserSocketInet: 2266: vsanmgmtd: waiters list not empty!
2025-09-12T17:32:14.336Z cpu3:2115025)WARNING: UserSocketInet: 2266: vsanmgmtd: waiters list not empty!
2025-09-12T17:32:14.336Z cpu3:2115025)WARNING: UserSocketInet: 2266: vsanmgmtd: waiters list not empty!
0:00:00:05.294 cpu0:2097152)WARNING: VTD: 715: ACPI DMAR table not found
0:00:00:05.294 cpu0:2097152)WARNING: IOV: 231: IOV initialization failed
0:00:00:05.316 cpu0:2097152)WARNING: VMKAcpi: 1012: \_SB_.PCI0: resource length bad, using base/limit values
0:00:00:05.317 cpu0:2097152)WARNING: VMKAcpi: 318: \_SB_.PCI0.LPC0.TMR_: skipping GSIV 0 conflict
2001-01-01T00:01:54.556Z cpu18:2097558)ALERT: Failed to verify signatures of the following vib(s): [lsi-msgpt3 bnxtnet bnxtroce lsi-mr3 lsi-msgpt35 elx-esx-libelxima-8169922.so brcmfcoe elxiscsi elxnet lpfc i40en iavmd icen igbn ixgben lnvcus$
2001-01-01T00:01:59.458Z cpu12:2097738)WARNING: Keyboard: 777: Ignoring registration attempt: External USB driver already registered.
2001-01-01T00:01:59.458Z cpu12:2097738)WARNING: VMKAPICore: 2472: Failed to register external keyboard driver, type: 1
2001-01-01T00:01:59.705Z cpu4:2097783)WARNING: etherswitch: PortCfg_ModInit:910: Skipped initializing etherswitch portcfg for VSS to use cswitch and portcfg module
2001-01-01T00:02:02.013Z cpu23:2097889)WARNING: ScsiScan: 1638: Failed to add path vmhba0:C0:T9:L0 : Not found
2001-01-01T00:02:02.014Z cpu23:2097889)WARNING: ScsiScan: 1638: Failed to add path vmhba0:C0:T10:L0 : Not found
2001-01-01T00:02:02.016Z cpu23:2097889)WARNING: ScsiScan: 1638: Failed to add path vmhba0:C0:T11:L0 : Not found
2001-01-01T00:02:02.017Z cpu23:2097889)WARNING: ScsiScan: 1638: Failed to add path vmhba0:C0:T12:L0 : Not found
2001-01-01T00:02:02.019Z cpu23:2097889)WARNING: ScsiScan: 1638: Failed to add path vmhba0:C0:T13:L0 : Not found
2001-01-01T00:02:02.021Z cpu23:2097889)WARNING: ScsiScan: 1638: Failed to add path vmhba0:C0:T14:L0 : Not found
2001-01-01T00:02:02.022Z cpu23:2097889)WARNING: ScsiScan: 1638: Failed to add path vmhba0:C0:T15:L0 : Not found
2001-01-01T00:02:02.024Z cpu23:2097889)WARNING: ScsiScan: 1638: Failed to add path vmhba0:C0:T16:L0 : Not found
2001-01-01T00:02:03.010Z cpu14:2097942)WARNING: FBFT not enabled
2001-01-01T00:02:11.307Z cpu13:2097696)WARNING: ScsiPath: 9274: Adapter Invalid does not exist
2001-01-01T00:02:11.307Z cpu0:2097698)WARNING: PCI: 1211: 0000:00:1d.7 is nameless
2001-01-01T00:02:11.513Z cpu2:2097265)WARNING: NFS: 1226: Invalid volume UUID mpx.vmhba32:C0:T0:L0:5
2001-01-01T00:02:12.283Z cpu8:2097414)WARNING: NFS: 1226: Invalid volume UUID mpx.vmhba32:C0:T0:L0:6
2001-01-01T00:02:12.523Z cpu0:2097412)WARNING: NFS: 1226: Invalid volume UUID mpx.vmhba32:C0:T0:L0:8
2001-01-01T00:02:12.909Z cpu6:2097634)WARNING: NFS: 1226: Invalid volume UUID 3a4fd8ce-f2fb6b00-6359-5cf3fce846f8
2001-01-01T00:02:14.497Z cpu13:2098354)WARNING: APEI: 290: Could not initialize HEST
2001-01-01T00:02:14.497Z cpu13:2098354)WARNING: APEI: 319: Could not initialize EINJ
2001-01-01T00:02:22.838Z cpu7:2097518)WARNING: NMP: nmpUnclaimPath:1646: Physical path "vmhba32:C0:T0:L0" is the last path to NMP device "Unregistered Device". The device has been unregistered.
2001-01-01T00:02:22.838Z cpu7:2097518)WARNING: ScsiPath: 8929: Remove path: vmhba32:C0:T0:L0
2001-01-01T00:02:23.107Z cpu5:2098579)WARNING: ScsiScan: 1638: Failed to add path vmhba0:C0:T9:L0 : Not found
2001-01-01T00:02:23.109Z cpu5:2098579)WARNING: ScsiScan: 1638: Failed to add path vmhba0:C0:T10:L0 : Not found
2001-01-01T00:02:23.110Z cpu5:2098579)WARNING: ScsiScan: 1638: Failed to add path vmhba0:C0:T11:L0 : Not found
2001-01-01T00:02:23.111Z cpu5:2098579)WARNING: ScsiScan: 1638: Failed to add path vmhba0:C0:T12:L0 : Not found
2001-01-01T00:02:23.113Z cpu5:2098579)WARNING: ScsiScan: 1638: Failed to add path vmhba0:C0:T13:L0 : Not found
2001-01-01T00:02:23.114Z cpu5:2098579)WARNING: ScsiScan: 1638: Failed to add path vmhba0:C0:T14:L0 : Not found
2001-01-01T00:02:23.116Z cpu5:2098579)WARNING: ScsiScan: 1638: Failed to add path vmhba0:C0:T15:L0 : Not found
2001-01-01T00:02:23.117Z cpu5:2098579)WARNING: ScsiScan: 1638: Failed to add path vmhba0:C0:T16:L0 : Not found
2001-01-01T00:02:24.529Z cpu9:2098665)WARNING: ScsiScan: 1638: Failed to add path vmhba0:C0:T9:L0 : Not found
2001-01-01T00:02:24.530Z cpu9:2098665)WARNING: ScsiScan: 1638: Failed to add path vmhba0:C0:T10:L0 : Not found
2001-01-01T00:02:24.532Z cpu9:2098665)WARNING: ScsiScan: 1638: Failed to add path vmhba0:C0:T11:L0 : Not found
2001-01-01T00:02:24.533Z cpu9:2098665)WARNING: ScsiScan: 1638: Failed to add path vmhba0:C0:T12:L0 : Not found
2001-01-01T00:02:24.535Z cpu9:2098665)WARNING: ScsiScan: 1638: Failed to add path vmhba0:C0:T13:L0 : Not found
2001-01-01T00:02:24.536Z cpu9:2098665)WARNING: ScsiScan: 1638: Failed to add path vmhba0:C0:T14:L0 : Not found
2001-01-01T00:02:24.538Z cpu9:2098665)WARNING: ScsiScan: 1638: Failed to add path vmhba0:C0:T15:L0 : Not found
2001-01-01T00:02:24.539Z cpu9:2098665)WARNING: ScsiScan: 1638: Failed to add path vmhba0:C0:T16:L0 : Not found
2001-01-01T05:59:04.064Z cpu10:2099429 opID=93fe2eae)WARNING: NTPClock: 1251: system clock stepped to 1757743118.415000000, but delta 779414375 > 172800 seconds
2025-09-13T07:53:10.957Z cpu16:2103317)WARNING: Supported VMs 384, Max VSAN VMs 400, SystemMemoryInGB 288
2025-09-13T07:53:10.957Z cpu16:2103317)WARNING: MaxFileHandles: 11520, Prealloc 1, Prealloc limit: 32 GB, Host scaling factor: 1 
2025-09-13T07:53:10.957Z cpu16:2103317)WARNING: DOM memory will be preallocated.
2025-09-13T08:03:14.608Z cpu0:2103344)WARNING: UserSocketInet: 2266: vsanmgmtd: waiters list not empty!
2025-09-13T08:03:14.608Z cpu0:2103344)WARNING: UserSocketInet: 2266: vsanmgmtd: waiters list not empty!
0:00:00:05.292 cpu0:2097152)WARNING: VTD: 715: ACPI DMAR table not found
0:00:00:05.292 cpu0:2097152)WARNING: IOV: 231: IOV initialization failed
0:00:00:05.314 cpu0:2097152)WARNING: VMKAcpi: 1012: \_SB_.PCI0: resource length bad, using base/limit values
0:00:00:05.316 cpu0:2097152)WARNING: VMKAcpi: 318: \_SB_.PCI0.LPC0.TMR_: skipping GSIV 0 conflict
2001-01-01T00:01:55.594Z cpu14:2097558)ALERT: Failed to verify signatures of the following vib(s): [lsi-msgpt3 bnxtnet bnxtroce lsi-mr3 lsi-msgpt35 elx-esx-libelxima-8169922.so brcmfcoe elxiscsi elxnet lpfc i40en iavmd icen igbn ixgben lnvcus$
2001-01-01T00:02:00.460Z cpu21:2097738)WARNING: Keyboard: 777: Ignoring registration attempt: External USB driver already registered.
2001-01-01T00:02:00.460Z cpu21:2097738)WARNING: VMKAPICore: 2472: Failed to register external keyboard driver, type: 1
2001-01-01T00:02:00.686Z cpu22:2097783)WARNING: etherswitch: PortCfg_ModInit:910: Skipped initializing etherswitch portcfg for VSS to use cswitch and portcfg module
2001-01-01T00:02:03.026Z cpu2:2097889)WARNING: ScsiScan: 1638: Failed to add path vmhba0:C0:T9:L0 : Not found
2001-01-01T00:02:03.028Z cpu2:2097889)WARNING: ScsiScan: 1638: Failed to add path vmhba0:C0:T10:L0 : Not found
2001-01-01T00:02:03.029Z cpu2:2097889)WARNING: ScsiScan: 1638: Failed to add path vmhba0:C0:T11:L0 : Not found
2001-01-01T00:02:03.031Z cpu2:2097889)WARNING: ScsiScan: 1638: Failed to add path vmhba0:C0:T12:L0 : Not found
2001-01-01T00:02:03.032Z cpu2:2097889)WARNING: ScsiScan: 1638: Failed to add path vmhba0:C0:T13:L0 : Not found
2001-01-01T00:02:03.034Z cpu2:2097889)WARNING: ScsiScan: 1638: Failed to add path vmhba0:C0:T14:L0 : Not found
2001-01-01T00:02:03.036Z cpu2:2097889)WARNING: ScsiScan: 1638: Failed to add path vmhba0:C0:T15:L0 : Not found
2001-01-01T00:02:03.037Z cpu2:2097889)WARNING: ScsiScan: 1638: Failed to add path vmhba0:C0:T16:L0 : Not found
2001-01-01T00:02:04.012Z cpu2:2097942)WARNING: FBFT not enabled
2001-01-01T00:02:12.284Z cpu8:2097696)WARNING: ScsiPath: 9274: Adapter Invalid does not exist
2001-01-01T00:02:12.284Z cpu10:2097698)WARNING: PCI: 1211: 0000:00:1d.7 is nameless
2001-01-01T00:02:12.489Z cpu4:2097265)WARNING: NFS: 1226: Invalid volume UUID mpx.vmhba32:C0:T0:L0:5
2001-01-01T00:02:13.255Z cpu8:2097413)WARNING: NFS: 1226: Invalid volume UUID mpx.vmhba32:C0:T0:L0:8
2001-01-01T00:02:13.303Z cpu4:2097420)WARNING: NFS: 1226: Invalid volume UUID mpx.vmhba32:C0:T0:L0:6
2001-01-01T00:02:13.839Z cpu6:2097635)WARNING: NFS: 1226: Invalid volume UUID 3a4fd8ce-f2fb6b00-6359-5cf3fce846f8
2001-01-01T00:02:15.417Z cpu19:2098354)WARNING: APEI: 290: Could not initialize HEST
2001-01-01T00:02:15.417Z cpu19:2098354)WARNING: APEI: 319: Could not initialize EINJ
2001-01-01T00:02:23.821Z cpu0:2097518)WARNING: NMP: nmpUnclaimPath:1646: Physical path "vmhba32:C0:T0:L0" is the last path to NMP device "Unregistered Device". The device has been unregistered.
2001-01-01T00:02:23.821Z cpu0:2097518)WARNING: ScsiPath: 8929: Remove path: vmhba32:C0:T0:L0
2001-01-01T00:02:24.099Z cpu0:2098579)WARNING: ScsiScan: 1638: Failed to add path vmhba0:C0:T9:L0 : Not found
2001-01-01T00:02:24.100Z cpu2:2098579)WARNING: ScsiScan: 1638: Failed to add path vmhba0:C0:T10:L0 : Not found
2001-01-01T00:02:24.102Z cpu2:2098579)WARNING: ScsiScan: 1638: Failed to add path vmhba0:C0:T11:L0 : Not found
2001-01-01T00:02:24.103Z cpu2:2098579)WARNING: ScsiScan: 1638: Failed to add path vmhba0:C0:T12:L0 : Not found
2001-01-01T00:02:24.301Z cpu2:2098579)WARNING: ScsiScan: 1638: Failed to add path vmhba0:C0:T13:L0 : Not found
2001-01-01T00:02:24.303Z cpu2:2098579)WARNING: ScsiScan: 1638: Failed to add path vmhba0:C0:T14:L0 : Not found
2001-01-01T00:02:24.304Z cpu2:2098579)WARNING: ScsiScan: 1638: Failed to add path vmhba0:C0:T15:L0 : Not found
2001-01-01T00:02:24.306Z cpu2:2098579)WARNING: ScsiScan: 1638: Failed to add path vmhba0:C0:T16:L0 : Not found
2001-01-01T00:02:25.703Z cpu11:2098665)WARNING: ScsiScan: 1638: Failed to add path vmhba0:C0:T9:L0 : Not found
2001-01-01T00:02:25.704Z cpu11:2098665)WARNING: ScsiScan: 1638: Failed to add path vmhba0:C0:T10:L0 : Not found
2001-01-01T00:02:25.705Z cpu11:2098665)WARNING: ScsiScan: 1638: Failed to add path vmhba0:C0:T11:L0 : Not found
2001-01-01T00:02:25.706Z cpu11:2098665)WARNING: ScsiScan: 1638: Failed to add path vmhba0:C0:T12:L0 : Not found
2001-01-01T00:02:25.708Z cpu11:2098665)WARNING: ScsiScan: 1638: Failed to add path vmhba0:C0:T13:L0 : Not found
2001-01-01T00:02:25.710Z cpu11:2098665)WARNING: ScsiScan: 1638: Failed to add path vmhba0:C0:T14:L0 : Not found
2001-01-01T00:02:25.711Z cpu11:2098665)WARNING: ScsiScan: 1638: Failed to add path vmhba0:C0:T15:L0 : Not found
2001-01-01T00:02:25.712Z cpu11:2098665)WARNING: ScsiScan: 1638: Failed to add path vmhba0:C0:T16:L0 : Not found
2001-01-01T00:06:38.367Z cpu17:2098956 opID=b14c4540)WARNING: NTPClock: 1251: system clock stepped to 1761264375.253000000, but delta 782956778 > 172800 seconds
0:00:00:05.337 cpu0:2097152)WARNING: VTD: 715: ACPI DMAR table not found
0:00:00:05.337 cpu0:2097152)WARNING: IOV: 231: IOV initialization failed
0:00:00:05.359 cpu0:2097152)WARNING: VMKAcpi: 1012: \_SB_.PCI0: resource length bad, using base/limit values
0:00:00:05.361 cpu0:2097152)WARNING: VMKAcpi: 318: \_SB_.PCI0.LPC0.TMR_: skipping GSIV 0 conflict
2001-01-01T00:41:29.569Z cpu18:2097558)ALERT: Failed to verify signatures of the following vib(s): [lsi-msgpt3 bnxtnet bnxtroce lsi-mr3 lsi-msgpt35 elx-esx-libelxima-8169922.so brcmfcoe elxiscsi elxnet lpfc i40en iavmd icen igbn ixgben lnvcus$
2001-01-01T00:41:34.470Z cpu17:2097738)WARNING: Keyboard: 777: Ignoring registration attempt: External USB driver already registered.
2001-01-01T00:41:34.470Z cpu17:2097738)WARNING: VMKAPICore: 2472: Failed to register external keyboard driver, type: 1
2001-01-01T00:41:34.719Z cpu5:2097783)WARNING: etherswitch: PortCfg_ModInit:910: Skipped initializing etherswitch portcfg for VSS to use cswitch and portcfg module
2001-01-01T00:41:37.045Z cpu0:2097889)WARNING: ScsiScan: 1638: Failed to add path vmhba0:C0:T9:L0 : Not found
2001-01-01T00:41:37.046Z cpu0:2097889)WARNING: ScsiScan: 1638: Failed to add path vmhba0:C0:T10:L0 : Not found
2001-01-01T00:41:37.048Z cpu0:2097889)WARNING: ScsiScan: 1638: Failed to add path vmhba0:C0:T11:L0 : Not found
2001-01-01T00:41:37.049Z cpu0:2097889)WARNING: ScsiScan: 1638: Failed to add path vmhba0:C0:T12:L0 : Not found
2001-01-01T00:41:37.051Z cpu0:2097889)WARNING: ScsiScan: 1638: Failed to add path vmhba0:C0:T13:L0 : Not found
2001-01-01T00:41:37.053Z cpu0:2097889)WARNING: ScsiScan: 1638: Failed to add path vmhba0:C0:T14:L0 : Not found
2001-01-01T00:41:37.054Z cpu0:2097889)WARNING: ScsiScan: 1638: Failed to add path vmhba0:C0:T15:L0 : Not found
2001-01-01T00:41:37.056Z cpu0:2097889)WARNING: ScsiScan: 1638: Failed to add path vmhba0:C0:T16:L0 : Not found
2001-01-01T00:41:38.046Z cpu13:2097942)WARNING: FBFT not enabled
2001-01-01T00:41:46.297Z cpu4:2097698)WARNING: PCI: 1211: 0000:00:1d.7 is nameless
2001-01-01T00:41:46.297Z cpu0:2097696)WARNING: ScsiPath: 9274: Adapter Invalid does not exist
2001-01-01T00:41:47.324Z cpu8:2097416)WARNING: NFS: 1226: Invalid volume UUID mpx.vmhba32:C0:T0:L0:8
2001-01-01T00:41:47.468Z cpu6:2097415)WARNING: NFS: 1226: Invalid volume UUID mpx.vmhba32:C0:T0:L0:6
2001-01-01T00:41:47.937Z cpu4:2097635)WARNING: NFS: 1226: Invalid volume UUID 3a4fd8ce-f2fb6b00-6359-5cf3fce846f8
2001-01-01T00:41:49.906Z cpu2:2098354)WARNING: APEI: 290: Could not initialize HEST
2001-01-01T00:41:49.906Z cpu2:2098354)WARNING: APEI: 319: Could not initialize EINJ
2001-01-01T00:41:58.554Z cpu8:2097518)WARNING: NMP: nmpUnclaimPath:1646: Physical path "vmhba32:C0:T0:L0" is the last path to NMP device "Unregistered Device". The device has been unregistered.
2001-01-01T00:41:58.554Z cpu8:2097518)WARNING: ScsiPath: 8929: Remove path: vmhba32:C0:T0:L0
2001-01-01T00:41:58.835Z cpu1:2098579)WARNING: ScsiScan: 1638: Failed to add path vmhba0:C0:T9:L0 : Not found
2001-01-01T00:41:58.836Z cpu2:2098579)WARNING: ScsiScan: 1638: Failed to add path vmhba0:C0:T10:L0 : Not found
2001-01-01T00:41:58.838Z cpu2:2098579)WARNING: ScsiScan: 1638: Failed to add path vmhba0:C0:T11:L0 : Not found
2001-01-01T00:41:58.839Z cpu2:2098579)WARNING: ScsiScan: 1638: Failed to add path vmhba0:C0:T12:L0 : Not found
2001-01-01T00:41:58.840Z cpu2:2098579)WARNING: ScsiScan: 1638: Failed to add path vmhba0:C0:T13:L0 : Not found
2001-01-01T00:41:58.842Z cpu2:2098579)WARNING: ScsiScan: 1638: Failed to add path vmhba0:C0:T14:L0 : Not found
2001-01-01T00:41:58.843Z cpu2:2098579)WARNING: ScsiScan: 1638: Failed to add path vmhba0:C0:T15:L0 : Not found
2001-01-01T00:41:58.845Z cpu2:2098579)WARNING: ScsiScan: 1638: Failed to add path vmhba0:C0:T16:L0 : Not found
2001-01-01T00:42:00.290Z cpu14:2098665)WARNING: ScsiScan: 1638: Failed to add path vmhba0:C0:T9:L0 : Not found
2001-01-01T00:42:00.291Z cpu14:2098665)WARNING: ScsiScan: 1638: Failed to add path vmhba0:C0:T10:L0 : Not found
2001-01-01T00:42:00.293Z cpu14:2098665)WARNING: ScsiScan: 1638: Failed to add path vmhba0:C0:T11:L0 : Not found
2001-01-01T00:42:00.294Z cpu14:2098665)WARNING: ScsiScan: 1638: Failed to add path vmhba0:C0:T12:L0 : Not found
2001-01-01T00:42:00.295Z cpu14:2098665)WARNING: ScsiScan: 1638: Failed to add path vmhba0:C0:T13:L0 : Not found
2001-01-01T00:42:00.297Z cpu14:2098665)WARNING: ScsiScan: 1638: Failed to add path vmhba0:C0:T14:L0 : Not found
2001-01-01T00:42:00.298Z cpu14:2098665)WARNING: ScsiScan: 1638: Failed to add path vmhba0:C0:T15:L0 : Not found
2001-01-01T00:42:00.300Z cpu14:2098665)WARNING: ScsiScan: 1638: Failed to add path vmhba0:C0:T16:L0 : Not found
2001-01-01T00:45:15.465Z cpu2:2099425 opID=6ff76e54)WARNING: NTPClock: 1251: system clock stepped to 1762649072.855000000, but delta 784339158 > 172800 seconds
2025-11-09T00:54:54.950Z cpu3:2099792)WARNING: E1000: 4325: End of the next rx packet
2025-11-09T00:54:55.244Z cpu3:2099792)WARNING: E1000: 4325: End of the next rx packet
2025-11-09T01:03:11.809Z cpu3:2099792)WARNING: E1000: 4325: End of the next rx packet
2025-11-09T01:03:11.823Z cpu3:2099792)WARNING: E1000: 4325: End of the next rx packet
2025-11-09T01:03:11.824Z cpu3:2099792)WARNING: E1000: 4325: End of the next rx packet
2025-11-09T01:03:11.825Z cpu3:2099792)WARNING: E1000: 4325: End of the next rx packet
2025-11-09T01:03:11.827Z cpu3:2099792)WARNING: E1000: 4325: End of the next rx packet
2025-11-09T01:03:11.829Z cpu3:2099792)WARNING: E1000: 4325: End of the next rx packet
2025-11-09T01:03:11.830Z cpu3:2099792)WARNING: E1000: 4325: End of the next rx packet
2025-11-09T01:03:11.830Z cpu3:2099792)WARNING: E1000: 4325: End of the next rx packet
2025-11-09T01:03:11.831Z cpu3:2099792)WARNING: E1000: 4325: End of the next rx packet
2025-11-09T01:03:12.164Z cpu2:2099792)WARNING: E1000: 4325: End of the next rx packet
2025-11-09T01:03:12.183Z cpu2:2099792)WARNING: E1000: 4325: End of the next rx packet
2025-11-09T01:03:12.212Z cpu10:2099792)WARNING: E1000: 4325: End of the next rx packet
2025-11-09T01:03:12.213Z cpu3:2099792)WARNING: E1000: 4325: End of the next rx packet
2025-11-09T01:03:12.213Z cpu3:2099792)WARNING: E1000: 4325: End of the next rx packet
2025-11-09T01:03:12.232Z cpu3:2099792)WARNING: E1000: 4325: End of the next rx packet
2025-11-09T01:03:12.232Z cpu3:2099792)WARNING: E1000: 4325: End of the next rx packet
2025-11-09T01:03:12.264Z cpu3:2099792)WARNING: E1000: 4325: End of the next rx packet
2025-11-09T01:03:12.802Z cpu0:2099792)WARNING: E1000: 4325: End of the next rx packet
2025-11-09T01:03:12.803Z cpu0:2099792)WARNING: E1000: 4325: End of the next rx packet
2025-11-09T01:03:13.222Z cpu0:2099792)WARNING: E1000: 4325: End of the next rx packet
2025-11-09T01:03:13.342Z cpu0:2099792)WARNING: E1000: 4325: End of the next rx packet
2025-11-09T01:03:13.343Z cpu0:2099792)WARNING: E1000: 4325: End of the next rx packet
2025-11-09T01:03:13.346Z cpu0:2099792)WARNING: E1000: 4325: End of the next rx packet
2025-11-09T01:03:13.791Z cpu3:2099792)WARNING: E1000: 4325: End of the next rx packet
2025-11-09T01:03:13.792Z cpu3:2099792)WARNING: E1000: 4325: End of the next rx packet
2025-11-09T01:03:13.792Z cpu3:2099792)WARNING: E1000: 4325: End of the next rx packet
2025-11-09T01:07:41.017Z cpu6:2099792)WARNING: E1000: 4325: End of the next rx packet
2025-11-09T01:07:41.018Z cpu6:2099792)WARNING: E1000: 4325: End of the next rx packet
2025-11-09T01:07:49.128Z cpu3:2099792)WARNING: E1000: 4325: End of the next rx packet
2025-11-09T01:07:49.131Z cpu3:2099792)WARNING: E1000: 4325: End of the next rx packet
0:00:00:05.328 cpu0:2097152)WARNING: VTD: 715: ACPI DMAR table not found
0:00:00:05.328 cpu0:2097152)WARNING: IOV: 231: IOV initialization failed
0:00:00:05.351 cpu0:2097152)WARNING: VMKAcpi: 1012: \_SB_.PCI0: resource length bad, using base/limit values
0:00:00:05.353 cpu0:2097152)WARNING: VMKAcpi: 318: \_SB_.PCI0.LPC0.TMR_: skipping GSIV 0 conflict
2001-01-01T00:06:15.601Z cpu0:2097558)ALERT: Failed to verify signatures of the following vib(s): [lsi-msgpt3 bnxtnet bnxtroce lsi-mr3 lsi-msgpt35 elx-esx-libelxima-8169922.so brcmfcoe elxiscsi elxnet lpfc i40en iavmd icen igbn ixgben lnvcust$
2001-01-01T00:06:20.470Z cpu9:2097738)WARNING: Keyboard: 777: Ignoring registration attempt: External USB driver already registered.
2001-01-01T00:06:20.470Z cpu9:2097738)WARNING: VMKAPICore: 2472: Failed to register external keyboard driver, type: 1
2001-01-01T00:06:20.702Z cpu4:2097783)WARNING: etherswitch: PortCfg_ModInit:910: Skipped initializing etherswitch portcfg for VSS to use cswitch and portcfg module
2001-01-01T00:06:23.035Z cpu12:2097889)WARNING: ScsiScan: 1638: Failed to add path vmhba0:C0:T9:L0 : Not found
2001-01-01T00:06:23.037Z cpu12:2097889)WARNING: ScsiScan: 1638: Failed to add path vmhba0:C0:T10:L0 : Not found
2001-01-01T00:06:23.038Z cpu12:2097889)WARNING: ScsiScan: 1638: Failed to add path vmhba0:C0:T11:L0 : Not found
2001-01-01T00:06:23.040Z cpu12:2097889)WARNING: ScsiScan: 1638: Failed to add path vmhba0:C0:T12:L0 : Not found
2001-01-01T00:06:23.041Z cpu12:2097889)WARNING: ScsiScan: 1638: Failed to add path vmhba0:C0:T13:L0 : Not found
2001-01-01T00:06:23.043Z cpu12:2097889)WARNING: ScsiScan: 1638: Failed to add path vmhba0:C0:T14:L0 : Not found
2001-01-01T00:06:23.044Z cpu12:2097889)WARNING: ScsiScan: 1638: Failed to add path vmhba0:C0:T15:L0 : Not found
2001-01-01T00:06:23.046Z cpu12:2097889)WARNING: ScsiScan: 1638: Failed to add path vmhba0:C0:T16:L0 : Not found
2001-01-01T00:06:24.020Z cpu22:2097942)WARNING: FBFT not enabled
2001-01-01T00:06:32.308Z cpu18:2097696)WARNING: ScsiPath: 9274: Adapter Invalid does not exist
2001-01-01T00:06:32.308Z cpu9:2097698)WARNING: PCI: 1211: 0000:00:1d.7 is nameless
2001-01-01T00:06:32.514Z cpu0:2097265)WARNING: NFS: 1226: Invalid volume UUID mpx.vmhba32:C0:T0:L0:5
2001-01-01T00:06:33.284Z cpu5:2097416)WARNING: NFS: 1226: Invalid volume UUID mpx.vmhba32:C0:T0:L0:8
2001-01-01T00:06:33.576Z cpu1:2097412)WARNING: NFS: 1226: Invalid volume UUID mpx.vmhba32:C0:T0:L0:6
2001-01-01T00:06:33.954Z cpu14:2097635)WARNING: NFS: 1226: Invalid volume UUID 3a4fd8ce-f2fb6b00-6359-5cf3fce846f8
2001-01-01T00:06:35.565Z cpu11:2098354)WARNING: APEI: 290: Could not initialize HEST
2001-01-01T00:06:35.565Z cpu11:2098354)WARNING: APEI: 319: Could not initialize EINJ
2001-01-01T00:06:44.032Z cpu4:2097518)WARNING: NMP: nmpUnclaimPath:1646: Physical path "vmhba32:C0:T0:L0" is the last path to NMP device "Unregistered Device". The device has been unregistered.
2001-01-01T00:06:44.032Z cpu4:2097518)WARNING: ScsiPath: 8929: Remove path: vmhba32:C0:T0:L0
2001-01-01T00:06:44.301Z cpu9:2098579)WARNING: ScsiScan: 1638: Failed to add path vmhba0:C0:T9:L0 : Not found
2001-01-01T00:06:44.304Z cpu9:2098579)WARNING: ScsiScan: 1638: Failed to add path vmhba0:C0:T10:L0 : Not found
2001-01-01T00:06:44.305Z cpu9:2098579)WARNING: ScsiScan: 1638: Failed to add path vmhba0:C0:T11:L0 : Not found
2001-01-01T00:06:44.307Z cpu9:2098579)WARNING: ScsiScan: 1638: Failed to add path vmhba0:C0:T12:L0 : Not found
2001-01-01T00:06:44.308Z cpu9:2098579)WARNING: ScsiScan: 1638: Failed to add path vmhba0:C0:T13:L0 : Not found
2001-01-01T00:06:44.310Z cpu9:2098579)WARNING: ScsiScan: 1638: Failed to add path vmhba0:C0:T14:L0 : Not found
2001-01-01T00:06:44.311Z cpu9:2098579)WARNING: ScsiScan: 1638: Failed to add path vmhba0:C0:T15:L0 : Not found
2001-01-01T00:06:44.313Z cpu9:2098579)WARNING: ScsiScan: 1638: Failed to add path vmhba0:C0:T16:L0 : Not found
2001-01-01T00:06:45.723Z cpu9:2098665)WARNING: ScsiScan: 1638: Failed to add path vmhba0:C0:T9:L0 : Not found
2001-01-01T00:06:45.724Z cpu9:2098665)WARNING: ScsiScan: 1638: Failed to add path vmhba0:C0:T10:L0 : Not found
2001-01-01T00:06:45.725Z cpu9:2098665)WARNING: ScsiScan: 1638: Failed to add path vmhba0:C0:T11:L0 : Not found
2001-01-01T00:06:45.727Z cpu9:2098665)WARNING: ScsiScan: 1638: Failed to add path vmhba0:C0:T12:L0 : Not found
2001-01-01T00:06:45.728Z cpu9:2098665)WARNING: ScsiScan: 1638: Failed to add path vmhba0:C0:T13:L0 : Not found
2001-01-01T00:06:45.730Z cpu9:2098665)WARNING: ScsiScan: 1638: Failed to add path vmhba0:C0:T14:L0 : Not found
2001-01-01T00:06:45.731Z cpu9:2098665)WARNING: ScsiScan: 1638: Failed to add path vmhba0:C0:T15:L0 : Not found
2001-01-01T00:06:45.732Z cpu9:2098665)WARNING: ScsiScan: 1638: Failed to add path vmhba0:C0:T16:L0 : Not found
2001-01-01T02:58:42.746Z cpu6:2099662)WARNING: E1000: 4325: End of the next rx packet
2001-01-01T02:58:42.788Z cpu6:2099662)WARNING: E1000: 4325: End of the next rx packet
2001-01-01T02:58:43.747Z cpu6:2099662)WARNING: E1000: 4325: End of the next rx packet
2001-01-01T02:58:58.745Z cpu3:2099662)WARNING: E1000: 4325: End of the next rx packet
2001-01-01T02:59:00.747Z cpu1:2099662)WARNING: E1000: 4325: End of the next rx packet
2001-01-01T02:59:04.746Z cpu9:2099662)WARNING: E1000: 4325: End of the next rx packet
2001-01-01T02:59:04.749Z cpu9:2099662)WARNING: E1000: 4325: End of the next rx packet
2001-01-01T02:59:05.749Z cpu9:2099662)WARNING: E1000: 4325: End of the next rx packet
2001-01-01T02:59:06.750Z cpu9:2099662)WARNING: E1000: 4325: End of the next rx packet
2001-01-01T02:59:06.755Z cpu9:2099662)WARNING: E1000: 4325: End of the next rx packet
2001-01-01T02:59:07.746Z cpu9:2099662)WARNING: E1000: 4325: End of the next rx packet
2001-01-01T02:59:07.749Z cpu9:2099662)WARNING: E1000: 4325: End of the next rx packet
2001-01-01T02:59:08.747Z cpu9:2099662)WARNING: E1000: 4325: End of the next rx packet
2001-01-01T02:59:08.749Z cpu9:2099662)WARNING: E1000: 4325: End of the next rx packet
2001-01-01T02:59:08.749Z cpu9:2099662)WARNING: E1000: 4325: End of the next rx packet
2001-01-01T02:59:08.755Z cpu9:2099662)WARNING: E1000: 4325: End of the next rx packet
2001-01-01T02:59:08.761Z cpu9:2099662)WARNING: E1000: 4325: End of the next rx packet
2001-01-01T02:59:10.746Z cpu9:2099662)WARNING: E1000: 4325: End of the next rx packet
2001-01-01T02:59:10.749Z cpu9:2099662)WARNING: E1000: 4325: End of the next rx packet
2001-01-01T02:59:10.786Z cpu9:2099662)WARNING: E1000: 4325: End of the next rx packet
2001-01-01T02:59:10.821Z cpu9:2099662)WARNING: E1000: 4325: End of the next rx packet
2001-01-01T02:59:10.835Z cpu3:2099662)WARNING: E1000: 4325: End of the next rx packet
2001-01-01T02:59:10.868Z cpu3:2099662)WARNING: E1000: 4325: End of the next rx packet
2001-01-01T02:59:10.890Z cpu3:2099662)WARNING: E1000: 4325: End of the next rx packet
2001-01-01T03:00:05.990Z cpu6:2099662)WARNING: E1000: 4325: End of the next rx packet
2001-01-01T03:00:06.206Z cpu6:2099662)WARNING: E1000: 4325: End of the next rx packet
2001-01-01T03:00:06.206Z cpu6:2099662)WARNING: E1000: 4325: End of the next rx packet
2001-01-01T03:00:06.207Z cpu6:2099662)WARNING: E1000: 4325: End of the next rx packet
2001-01-01T03:00:06.207Z cpu6:2099662)WARNING: E1000: 4325: End of the next rx packet
2001-01-01T03:00:08.433Z cpu1:2099662)WARNING: E1000: 4325: End of the next rx packet
2001-01-01T03:03:07.746Z cpu10:2099662)WARNING: E1000: 4325: End of the next rx packet
2001-01-01T03:40:39.371Z cpu5:2099662)WARNING: E1000: 4325: End of the next rx packet
2001-01-01T03:54:48.621Z cpu22:2097936)WARNING: E1000: 4325: End of the next rx packet
2001-01-01T03:56:34.313Z cpu12:2100331)WARNING: E1000: 4325: End of the next rx packet
2001-01-01T03:56:34.404Z cpu12:2100331)WARNING: E1000: 4325: End of the next rx packet
2001-01-01T03:56:34.612Z cpu14:2100331)WARNING: E1000: 4325: End of the next rx packet
2001-01-01T03:56:34.612Z cpu14:2100331)WARNING: E1000: 4325: End of the next rx packet
2001-01-01T03:56:34.815Z cpu2:2099662)WARNING: E1000: 4325: End of the next rx packet
2001-01-01T03:56:34.821Z cpu14:2100331)WARNING: E1000: 4325: End of the next rx packet
2001-01-01T03:56:35.027Z cpu0:2099662)WARNING: E1000: 4325: End of the next rx packet
2001-01-01T03:56:35.027Z cpu0:2099662)WARNING: E1000: 4325: End of the next rx packet
2001-01-01T03:56:35.028Z cpu15:2100331)WARNING: E1000: 4325: End of the next rx packet
2001-01-01T03:56:35.028Z cpu15:2100331)WARNING: E1000: 4325: End of the next rx packet
2001-01-01T03:56:35.028Z cpu1:2099662)WARNING: E1000: 4325: End of the next rx packet
2001-01-01T03:56:35.029Z cpu1:2099662)WARNING: E1000: 4325: End of the next rx packet
2001-01-01T03:56:35.030Z cpu1:2099662)WARNING: E1000: 4325: End of the next rx packet
2001-01-01T03:57:04.588Z cpu0:2099662)WARNING: E1000: 4325: End of the next rx packet
2001-01-01T03:57:04.589Z cpu0:2099662)WARNING: E1000: 4325: End of the next rx packet
2001-01-01T03:57:04.589Z cpu14:2100331)WARNING: E1000: 4325: End of the next rx packet
2001-01-01T03:57:04.590Z cpu0:2099662)WARNING: E1000: 4325: End of the next rx packet
2001-01-01T03:57:04.590Z cpu14:2100331)WARNING: E1000: 4325: End of the next rx packet
2001-01-01T03:57:04.591Z cpu0:2099662)WARNING: E1000: 4325: End of the next rx packet
2001-01-01T03:57:04.591Z cpu0:2099662)WARNING: E1000: 4325: End of the next rx packet
2001-01-01T03:57:04.794Z cpu14:2100331)WARNING: E1000: 4325: End of the next rx packet
2001-01-01T03:57:04.795Z cpu4:2099662)WARNING: E1000: 4325: End of the next rx packet
2001-01-01T04:01:07.301Z cpu0:2099662)WARNING: E1000: 4325: End of the next rx packet
2001-01-01T04:01:19.337Z cpu10:2099662)WARNING: E1000: 4325: End of the next rx packet
2001-01-01T04:01:19.338Z cpu10:2099662)WARNING: E1000: 4325: End of the next rx packet
2001-01-01T13:05:51.643Z cpu22:2097357)WARNING: CpuSched: 996: Automatic relation removal from 2100035(vmx-vcpu-0:SGRL-ADC001, zombie) to 2100036(PVSCSI-2100026:0)
0:00:00:05.306 cpu0:2097152)WARNING: VTD: 715: ACPI DMAR table not found
0:00:00:05.306 cpu0:2097152)WARNING: IOV: 231: IOV initialization failed
0:00:00:05.328 cpu0:2097152)WARNING: VMKAcpi: 1012: \_SB_.PCI0: resource length bad, using base/limit values
0:00:00:05.330 cpu0:2097152)WARNING: VMKAcpi: 318: \_SB_.PCI0.LPC0.TMR_: skipping GSIV 0 conflict
2001-01-01T00:01:55.551Z cpu21:2097558)ALERT: Failed to verify signatures of the following vib(s): [lsi-msgpt3 bnxtnet bnxtroce lsi-mr3 lsi-msgpt35 elx-esx-libelxima-8169922.so brcmfcoe elxiscsi elxnet lpfc i40en iavmd icen igbn ixgben lnvcus$
2001-01-01T00:02:00.456Z cpu15:2097738)WARNING: Keyboard: 777: Ignoring registration attempt: External USB driver already registered.
2001-01-01T00:02:00.456Z cpu15:2097738)WARNING: VMKAPICore: 2472: Failed to register external keyboard driver, type: 1
2001-01-01T00:02:00.681Z cpu19:2097783)WARNING: etherswitch: PortCfg_ModInit:910: Skipped initializing etherswitch portcfg for VSS to use cswitch and portcfg module
2001-01-01T00:02:03.011Z cpu20:2097889)WARNING: ScsiScan: 1638: Failed to add path vmhba0:C0:T9:L0 : Not found
2001-01-01T00:02:03.012Z cpu20:2097889)WARNING: ScsiScan: 1638: Failed to add path vmhba0:C0:T10:L0 : Not found
2001-01-01T00:02:03.014Z cpu20:2097889)WARNING: ScsiScan: 1638: Failed to add path vmhba0:C0:T11:L0 : Not found
2001-01-01T00:02:03.015Z cpu20:2097889)WARNING: ScsiScan: 1638: Failed to add path vmhba0:C0:T12:L0 : Not found
2001-01-01T00:02:03.017Z cpu20:2097889)WARNING: ScsiScan: 1638: Failed to add path vmhba0:C0:T13:L0 : Not found
2001-01-01T00:02:03.019Z cpu20:2097889)WARNING: ScsiScan: 1638: Failed to add path vmhba0:C0:T14:L0 : Not found
2001-01-01T00:02:03.021Z cpu20:2097889)WARNING: ScsiScan: 1638: Failed to add path vmhba0:C0:T15:L0 : Not found
2001-01-01T00:02:03.022Z cpu20:2097889)WARNING: ScsiScan: 1638: Failed to add path vmhba0:C0:T16:L0 : Not found
2001-01-01T00:02:04.010Z cpu3:2097942)WARNING: FBFT not enabled
2001-01-01T00:02:12.295Z cpu7:2097696)WARNING: ScsiPath: 9274: Adapter Invalid does not exist
2001-01-01T00:02:12.295Z cpu10:2097698)WARNING: PCI: 1211: 0000:00:1d.7 is nameless
2001-01-01T00:02:13.364Z cpu8:2097419)WARNING: NFS: 1226: Invalid volume UUID mpx.vmhba32:C0:T0:L0:8
2001-01-01T00:02:13.411Z cpu4:2097412)WARNING: NFS: 1226: Invalid volume UUID mpx.vmhba32:C0:T0:L0:6
2001-01-01T00:02:14.105Z cpu5:2097635)WARNING: NFS: 1226: Invalid volume UUID 3a4fd8ce-f2fb6b00-6359-5cf3fce846f8
2001-01-01T00:02:15.675Z cpu15:2098354)WARNING: APEI: 290: Could not initialize HEST
2001-01-01T00:02:15.675Z cpu15:2098354)WARNING: APEI: 319: Could not initialize EINJ
2001-01-01T00:02:24.065Z cpu8:2097518)WARNING: NMP: nmpUnclaimPath:1646: Physical path "vmhba32:C0:T0:L0" is the last path to NMP device "Unregistered Device". The device has been unregistered.
2001-01-01T00:02:24.066Z cpu8:2097518)WARNING: ScsiPath: 8929: Remove path: vmhba32:C0:T0:L0
2001-01-01T00:02:24.335Z cpu9:2098579)WARNING: ScsiScan: 1638: Failed to add path vmhba0:C0:T9:L0 : Not found
2001-01-01T00:02:24.337Z cpu9:2098579)WARNING: ScsiScan: 1638: Failed to add path vmhba0:C0:T10:L0 : Not found
2001-01-01T00:02:24.338Z cpu9:2098579)WARNING: ScsiScan: 1638: Failed to add path vmhba0:C0:T11:L0 : Not found
2001-01-01T00:02:24.340Z cpu9:2098579)WARNING: ScsiScan: 1638: Failed to add path vmhba0:C0:T12:L0 : Not found
2001-01-01T00:02:24.341Z cpu9:2098579)WARNING: ScsiScan: 1638: Failed to add path vmhba0:C0:T13:L0 : Not found
2001-01-01T00:02:24.343Z cpu9:2098579)WARNING: ScsiScan: 1638: Failed to add path vmhba0:C0:T14:L0 : Not found
2001-01-01T00:02:24.344Z cpu9:2098579)WARNING: ScsiScan: 1638: Failed to add path vmhba0:C0:T15:L0 : Not found
2001-01-01T00:02:24.345Z cpu9:2098579)WARNING: ScsiScan: 1638: Failed to add path vmhba0:C0:T16:L0 : Not found
2001-01-01T00:02:25.750Z cpu13:2098665)WARNING: ScsiScan: 1638: Failed to add path vmhba0:C0:T9:L0 : Not found
2001-01-01T00:02:25.751Z cpu13:2098665)WARNING: ScsiScan: 1638: Failed to add path vmhba0:C0:T10:L0 : Not found
2001-01-01T00:02:25.753Z cpu13:2098665)WARNING: ScsiScan: 1638: Failed to add path vmhba0:C0:T11:L0 : Not found
2001-01-01T00:02:25.754Z cpu13:2098665)WARNING: ScsiScan: 1638: Failed to add path vmhba0:C0:T12:L0 : Not found
2001-01-01T00:02:25.756Z cpu13:2098665)WARNING: ScsiScan: 1638: Failed to add path vmhba0:C0:T13:L0 : Not found
2001-01-01T00:02:25.758Z cpu13:2098665)WARNING: ScsiScan: 1638: Failed to add path vmhba0:C0:T14:L0 : Not found
2001-01-01T00:02:25.759Z cpu13:2098665)WARNING: ScsiScan: 1638: Failed to add path vmhba0:C0:T15:L0 : Not found
2001-01-01T00:02:25.760Z cpu13:2098665)WARNING: ScsiScan: 1638: Failed to add path vmhba0:C0:T16:L0 : Not found
2001-01-01T00:20:55.267Z cpu1:2099445 opID=996e2758)WARNING: NTPClock: 1251: system clock stepped to 1763168475.992000000, but delta 784860021 > 172800 seconds
2025-11-15T01:31:36.393Z cpu0:2099726)WARNING: E1000: 4325: End of the next rx packet
2025-11-15T01:31:36.395Z cpu0:2099726)WARNING: E1000: 4325: End of the next rx packet
2025-11-15T01:32:04.585Z cpu11:2099726)WARNING: E1000: 4325: End of the next rx packet
2025-11-15T01:32:14.129Z cpu4:2099726)WARNING: E1000: 4325: End of the next rx packet
2025-11-15T01:32:38.396Z cpu4:2099726)WARNING: E1000: 4325: End of the next rx packet
2025-11-15T01:32:55.166Z cpu4:2099726)WARNING: E1000: 4325: End of the next rx packet
2025-11-15T01:33:04.494Z cpu9:2099726)WARNING: E1000: 4325: End of the next rx packet
2025-11-15T01:33:04.546Z cpu9:2099726)WARNING: E1000: 4325: End of the next rx packet
2025-11-15T01:33:04.561Z cpu9:2099726)WARNING: E1000: 4325: End of the next rx packet
2025-11-15T01:33:19.494Z cpu6:2099726)WARNING: E1000: 4325: End of the next rx packet
2025-11-15T01:33:21.396Z cpu4:2099726)WARNING: E1000: 4325: End of the next rx packet
2025-11-15T01:33:21.493Z cpu9:2099726)WARNING: E1000: 4325: End of the next rx packet
2025-11-15T01:33:21.506Z cpu9:2099726)WARNING: E1000: 4325: End of the next rx packet
2025-11-15T01:33:21.522Z cpu9:2099726)WARNING: E1000: 4325: End of the next rx packet
2025-11-15T01:33:21.540Z cpu9:2099726)WARNING: E1000: 4325: End of the next rx packet
2025-11-15T01:33:22.395Z cpu4:2099726)WARNING: E1000: 4325: End of the next rx packet
2025-11-15T01:33:22.397Z cpu4:2099726)WARNING: E1000: 4325: End of the next rx packet
2025-11-15T01:33:22.399Z cpu4:2099726)WARNING: E1000: 4325: End of the next rx packet
2025-11-15T01:33:22.401Z cpu4:2099726)WARNING: E1000: 4325: End of the next rx packet
2025-11-15T01:33:25.494Z cpu10:2099726)WARNING: E1000: 4325: End of the next rx packet
2025-11-15T01:33:26.494Z cpu10:2099726)WARNING: E1000: 4325: End of the next rx packet
2025-11-15T01:33:27.398Z cpu10:2099726)WARNING: E1000: 4325: End of the next rx packet
2025-11-15T01:33:27.400Z cpu10:2099726)WARNING: E1000: 4325: End of the next rx packet
2025-11-15T01:33:27.401Z cpu10:2099726)WARNING: E1000: 4325: End of the next rx packet
2025-11-15T01:33:27.494Z cpu10:2099726)WARNING: E1000: 4325: End of the next rx packet
2025-11-15T01:33:30.520Z cpu0:2099726)WARNING: E1000: 4325: End of the next rx packet
2025-11-15T01:33:33.494Z cpu5:2099726)WARNING: E1000: 4325: End of the next rx packet
2025-11-15T01:33:35.494Z cpu5:2099726)WARNING: E1000: 4325: End of the next rx packet
2025-11-15T01:33:41.494Z cpu9:2099726)WARNING: E1000: 4325: End of the next rx packet
2025-11-15T01:33:41.517Z cpu9:2099726)WARNING: E1000: 4325: End of the next rx packet
2025-11-15T01:33:45.495Z cpu9:2099726)WARNING: E1000: 4325: End of the next rx packet
2025-11-15T01:33:47.502Z cpu9:2099726)WARNING: E1000: 4325: End of the next rx packet
2025-11-15T01:33:48.494Z cpu9:2099726)WARNING: E1000: 4325: End of the next rx packet
2025-11-15T01:33:48.508Z cpu9:2099726)WARNING: E1000: 4325: End of the next rx packet
2025-11-15T01:33:49.494Z cpu9:2099726)WARNING: E1000: 4325: End of the next rx packet
2025-11-15T01:33:50.494Z cpu7:2099726)WARNING: E1000: 4325: End of the next rx packet
2025-11-15T01:33:51.495Z cpu7:2099726)WARNING: E1000: 4325: End of the next rx packet
2025-11-15T01:33:51.509Z cpu7:2099726)WARNING: E1000: 4325: End of the next rx packet
2025-11-15T01:33:52.493Z cpu7:2099726)WARNING: E1000: 4325: End of the next rx packet
2025-11-15T01:33:57.494Z cpu0:2099726)WARNING: E1000: 4325: End of the next rx packet
2025-11-15T01:33:58.493Z cpu0:2099726)WARNING: E1000: 4325: End of the next rx packet
2025-11-15T01:33:59.495Z cpu0:2099726)WARNING: E1000: 4325: End of the next rx packet
2025-11-15T01:34:00.494Z cpu5:2099726)WARNING: E1000: 4325: End of the next rx packet
2025-11-15T01:34:07.494Z cpu6:2099726)WARNING: E1000: 4325: End of the next rx packet
2025-11-15T01:34:08.500Z cpu6:2099726)WARNING: E1000: 4325: End of the next rx packet
2025-11-15T01:34:09.494Z cpu9:2099726)WARNING: E1000: 4325: End of the next rx packet
2025-11-15T01:34:10.494Z cpu0:2099726)WARNING: E1000: 4325: End of the next rx packet
2025-11-15T01:34:12.501Z cpu9:2099726)WARNING: E1000: 4325: End of the next rx packet
2025-11-15T01:34:13.494Z cpu9:2099726)WARNING: E1000: 4325: End of the next rx packet
2025-11-15T01:34:15.494Z cpu9:2099726)WARNING: E1000: 4325: End of the next rx packet
2025-11-15T01:34:15.506Z cpu9:2099726)WARNING: E1000: 4325: End of the next rx packet
2025-11-15T01:34:16.507Z cpu9:2099726)WARNING: E1000: 4325: End of the next rx packet
2025-11-15T01:34:17.500Z cpu9:2099726)WARNING: E1000: 4325: End of the next rx packet
2025-11-15T01:34:17.504Z cpu9:2099726)WARNING: E1000: 4325: End of the next rx packet
2025-11-15T01:34:18.395Z cpu9:2099726)WARNING: E1000: 4325: End of the next rx packet
2025-11-15T01:47:37.997Z cpu8:2099726)WARNING: E1000: 4325: End of the next rx packet
0:00:00:05.300 cpu0:2097152)WARNING: VTD: 715: ACPI DMAR table not found
0:00:00:05.300 cpu0:2097152)WARNING: IOV: 231: IOV initialization failed
0:00:00:05.322 cpu0:2097152)WARNING: VMKAcpi: 1012: \_SB_.PCI0: resource length bad, using base/limit values
0:00:00:05.324 cpu0:2097152)WARNING: VMKAcpi: 318: \_SB_.PCI0.LPC0.TMR_: skipping GSIV 0 conflict
2001-01-01T00:01:53.578Z cpu22:2097558)ALERT: Failed to verify signatures of the following vib(s): [lsi-msgpt3 bnxtnet bnxtroce lsi-mr3 lsi-msgpt35 elx-esx-libelxima-8169922.so brcmfcoe elxiscsi elxnet lpfc i40en iavmd icen igbn ixgben lnvcus$
2001-01-01T00:01:58.463Z cpu13:2097738)WARNING: Keyboard: 777: Ignoring registration attempt: External USB driver already registered.
2001-01-01T00:01:58.463Z cpu13:2097738)WARNING: VMKAPICore: 2472: Failed to register external keyboard driver, type: 1
2001-01-01T00:01:58.709Z cpu6:2097783)WARNING: etherswitch: PortCfg_ModInit:910: Skipped initializing etherswitch portcfg for VSS to use cswitch and portcfg module
2001-01-01T00:02:01.039Z cpu20:2097889)WARNING: ScsiScan: 1638: Failed to add path vmhba0:C0:T9:L0 : Not found
2001-01-01T00:02:01.040Z cpu20:2097889)WARNING: ScsiScan: 1638: Failed to add path vmhba0:C0:T10:L0 : Not found
2001-01-01T00:02:01.042Z cpu20:2097889)WARNING: ScsiScan: 1638: Failed to add path vmhba0:C0:T11:L0 : Not found
2001-01-01T00:02:01.043Z cpu20:2097889)WARNING: ScsiScan: 1638: Failed to add path vmhba0:C0:T12:L0 : Not found
2001-01-01T00:02:01.045Z cpu20:2097889)WARNING: ScsiScan: 1638: Failed to add path vmhba0:C0:T13:L0 : Not found
2001-01-01T00:02:01.046Z cpu20:2097889)WARNING: ScsiScan: 1638: Failed to add path vmhba0:C0:T14:L0 : Not found
2001-01-01T00:02:01.048Z cpu20:2097889)WARNING: ScsiScan: 1638: Failed to add path vmhba0:C0:T15:L0 : Not found
2001-01-01T00:02:01.049Z cpu20:2097889)WARNING: ScsiScan: 1638: Failed to add path vmhba0:C0:T16:L0 : Not found
2001-01-01T00:02:02.032Z cpu11:2097942)WARNING: FBFT not enabled
2001-01-01T00:02:10.252Z cpu11:2097696)WARNING: ScsiPath: 9274: Adapter Invalid does not exist
2001-01-01T00:02:10.252Z cpu23:2097698)WARNING: PCI: 1211: 0000:00:1d.7 is nameless
2001-01-01T00:02:11.425Z cpu8:2097416)WARNING: NFS: 1226: Invalid volume UUID mpx.vmhba32:C0:T0:L0:8
2001-01-01T00:02:11.730Z cpu5:2097635)WARNING: NFS: 1226: Invalid volume UUID 3a4fd8ce-f2fb6b00-6359-5cf3fce846f8
2001-01-01T00:02:13.374Z cpu8:2098354)WARNING: APEI: 290: Could not initialize HEST
2001-01-01T00:02:13.374Z cpu8:2098354)WARNING: APEI: 319: Could not initialize EINJ
2001-01-01T00:02:21.819Z cpu2:2097518)WARNING: NMP: nmpUnclaimPath:1646: Physical path "vmhba32:C0:T0:L0" is the last path to NMP device "Unregistered Device". The device has been unregistered.
2001-01-01T00:02:21.819Z cpu2:2097518)WARNING: ScsiPath: 8929: Remove path: vmhba32:C0:T0:L0
2001-01-01T00:02:22.088Z cpu3:2098579)WARNING: ScsiScan: 1638: Failed to add path vmhba0:C0:T9:L0 : Not found
2001-01-01T00:02:22.090Z cpu3:2098579)WARNING: ScsiScan: 1638: Failed to add path vmhba0:C0:T10:L0 : Not found
2001-01-01T00:02:22.091Z cpu3:2098579)WARNING: ScsiScan: 1638: Failed to add path vmhba0:C0:T11:L0 : Not found
2001-01-01T00:02:22.093Z cpu3:2098579)WARNING: ScsiScan: 1638: Failed to add path vmhba0:C0:T12:L0 : Not found
2001-01-01T00:02:22.094Z cpu3:2098579)WARNING: ScsiScan: 1638: Failed to add path vmhba0:C0:T13:L0 : Not found
2001-01-01T00:02:22.096Z cpu3:2098579)WARNING: ScsiScan: 1638: Failed to add path vmhba0:C0:T14:L0 : Not found
2001-01-01T00:02:22.097Z cpu3:2098579)WARNING: ScsiScan: 1638: Failed to add path vmhba0:C0:T15:L0 : Not found
2001-01-01T00:02:22.099Z cpu3:2098579)WARNING: ScsiScan: 1638: Failed to add path vmhba0:C0:T16:L0 : Not found
2001-01-01T00:02:23.490Z cpu23:2098665)WARNING: ScsiScan: 1638: Failed to add path vmhba0:C0:T9:L0 : Not found
2001-01-01T00:02:23.492Z cpu23:2098665)WARNING: ScsiScan: 1638: Failed to add path vmhba0:C0:T10:L0 : Not found
2001-01-01T00:02:23.493Z cpu23:2098665)WARNING: ScsiScan: 1638: Failed to add path vmhba0:C0:T11:L0 : Not found
2001-01-01T00:02:23.495Z cpu23:2098665)WARNING: ScsiScan: 1638: Failed to add path vmhba0:C0:T12:L0 : Not found
2001-01-01T00:02:23.496Z cpu23:2098665)WARNING: ScsiScan: 1638: Failed to add path vmhba0:C0:T13:L0 : Not found
2001-01-01T00:02:23.498Z cpu23:2098665)WARNING: ScsiScan: 1638: Failed to add path vmhba0:C0:T14:L0 : Not found
2001-01-01T00:02:23.499Z cpu23:2098665)WARNING: ScsiScan: 1638: Failed to add path vmhba0:C0:T15:L0 : Not found
2001-01-01T00:02:23.501Z cpu23:2098665)WARNING: ScsiScan: 1638: Failed to add path vmhba0:C0:T16:L0 : Not found
2001-01-01T00:18:48.197Z cpu8:2099425 opID=63d69ea9)WARNING: NTPClock: 1251: system clock stepped to 1763165904.233000000, but delta 784857577 > 172800 seconds
0:00:00:05.293 cpu0:2097152)WARNING: VTD: 715: ACPI DMAR table not found
0:00:00:05.293 cpu0:2097152)WARNING: IOV: 231: IOV initialization failed
0:00:00:05.315 cpu0:2097152)WARNING: VMKAcpi: 1012: \_SB_.PCI0: resource length bad, using base/limit values
0:00:00:05.316 cpu0:2097152)WARNING: VMKAcpi: 318: \_SB_.PCI0.LPC0.TMR_: skipping GSIV 0 conflict
2025-11-15T00:22:33.439Z cpu7:2097738)WARNING: Keyboard: 777: Ignoring registration attempt: External USB driver already registered.
2025-11-15T00:22:33.439Z cpu7:2097738)WARNING: VMKAPICore: 2472: Failed to register external keyboard driver, type: 1
2025-11-15T00:22:33.667Z cpu22:2097783)WARNING: etherswitch: PortCfg_ModInit:910: Skipped initializing etherswitch portcfg for VSS to use cswitch and portcfg module
2025-11-15T00:22:35.994Z cpu12:2097889)WARNING: ScsiScan: 1638: Failed to add path vmhba0:C0:T9:L0 : Not found
2025-11-15T00:22:36.002Z cpu12:2097889)WARNING: ScsiScan: 1638: Failed to add path vmhba0:C0:T10:L0 : Not found
2025-11-15T00:22:36.013Z cpu12:2097889)WARNING: ScsiScan: 1638: Failed to add path vmhba0:C0:T11:L0 : Not found
2025-11-15T00:22:36.015Z cpu12:2097889)WARNING: ScsiScan: 1638: Failed to add path vmhba0:C0:T12:L0 : Not found
2025-11-15T00:22:36.025Z cpu12:2097889)WARNING: ScsiScan: 1638: Failed to add path vmhba0:C0:T13:L0 : Not found
2025-11-15T00:22:36.027Z cpu12:2097889)WARNING: ScsiScan: 1638: Failed to add path vmhba0:C0:T14:L0 : Not found
2025-11-15T00:22:36.039Z cpu12:2097889)WARNING: ScsiScan: 1638: Failed to add path vmhba0:C0:T15:L0 : Not found
2025-11-15T00:22:36.050Z cpu12:2097889)WARNING: ScsiScan: 1638: Failed to add path vmhba0:C0:T16:L0 : Not found
2025-11-15T00:22:37.027Z cpu20:2097942)WARNING: FBFT not enabled
2025-11-15T00:22:45.337Z cpu8:2097696)WARNING: ScsiPath: 9274: Adapter Invalid does not exist
2025-11-15T00:22:45.337Z cpu0:2097698)WARNING: PCI: 1211: 0000:00:1d.7 is nameless
2025-11-15T00:22:45.539Z cpu0:2097265)WARNING: NFS: 1226: Invalid volume UUID mpx.vmhba32:C0:T0:L0:5
2025-11-15T00:22:46.402Z cpu7:2097418)WARNING: NFS: 1226: Invalid volume UUID mpx.vmhba32:C0:T0:L0:8
2025-11-15T00:22:46.451Z cpu1:2097412)WARNING: NFS: 1226: Invalid volume UUID mpx.vmhba32:C0:T0:L0:6
2025-11-15T00:22:46.956Z cpu16:2097635)WARNING: NFS: 1226: Invalid volume UUID 3a4fd8ce-f2fb6b00-6359-5cf3fce846f8
2025-11-15T00:22:48.557Z cpu4:2098354)WARNING: APEI: 290: Could not initialize HEST
2025-11-15T00:22:48.557Z cpu4:2098354)WARNING: APEI: 319: Could not initialize EINJ
2025-11-15T00:22:56.979Z cpu8:2097518)WARNING: NMP: nmpUnclaimPath:1646: Physical path "vmhba32:C0:T0:L0" is the last path to NMP device "Unregistered Device". The device has been unregistered.
2025-11-15T00:22:56.979Z cpu8:2097518)WARNING: ScsiPath: 8929: Remove path: vmhba32:C0:T0:L0
2025-11-15T00:22:57.253Z cpu8:2098579)WARNING: ScsiScan: 1638: Failed to add path vmhba0:C0:T9:L0 : Not found
2025-11-15T00:22:57.255Z cpu8:2098579)WARNING: ScsiScan: 1638: Failed to add path vmhba0:C0:T10:L0 : Not found
2025-11-15T00:22:57.257Z cpu8:2098579)WARNING: ScsiScan: 1638: Failed to add path vmhba0:C0:T11:L0 : Not found
2025-11-15T00:22:57.258Z cpu8:2098579)WARNING: ScsiScan: 1638: Failed to add path vmhba0:C0:T12:L0 : Not found
2025-11-15T00:22:57.260Z cpu8:2098579)WARNING: ScsiScan: 1638: Failed to add path vmhba0:C0:T13:L0 : Not found
2025-11-15T00:22:57.261Z cpu8:2098579)WARNING: ScsiScan: 1638: Failed to add path vmhba0:C0:T14:L0 : Not found
2025-11-15T00:22:57.267Z cpu8:2098579)WARNING: ScsiScan: 1638: Failed to add path vmhba0:C0:T15:L0 : Not found
2025-11-15T00:22:57.278Z cpu8:2098579)WARNING: ScsiScan: 1638: Failed to add path vmhba0:C0:T16:L0 : Not found
2025-11-15T00:22:58.699Z cpu20:2098665)WARNING: ScsiScan: 1638: Failed to add path vmhba0:C0:T9:L0 : Not found
2025-11-15T00:22:58.701Z cpu20:2098665)WARNING: ScsiScan: 1638: Failed to add path vmhba0:C0:T10:L0 : Not found
2025-11-15T00:22:58.702Z cpu20:2098665)WARNING: ScsiScan: 1638: Failed to add path vmhba0:C0:T11:L0 : Not found
2025-11-15T00:22:58.704Z cpu20:2098665)WARNING: ScsiScan: 1638: Failed to add path vmhba0:C0:T12:L0 : Not found
2025-11-15T00:22:58.705Z cpu20:2098665)WARNING: ScsiScan: 1638: Failed to add path vmhba0:C0:T13:L0 : Not found
2025-11-15T00:22:58.707Z cpu20:2098665)WARNING: ScsiScan: 1638: Failed to add path vmhba0:C0:T14:L0 : Not found
2025-11-15T00:22:58.708Z cpu20:2098665)WARNING: ScsiScan: 1638: Failed to add path vmhba0:C0:T15:L0 : Not found
2025-11-15T00:22:58.710Z cpu20:2098665)WARNING: ScsiScan: 1638: Failed to add path vmhba0:C0:T16:L0 : Not found
0:00:00:05.291 cpu0:2097152)WARNING: VTD: 715: ACPI DMAR table not found
0:00:00:05.291 cpu0:2097152)WARNING: IOV: 231: IOV initialization failed
0:00:00:05.313 cpu0:2097152)WARNING: VMKAcpi: 1012: \_SB_.PCI0: resource length bad, using base/limit values
0:00:00:05.315 cpu0:2097152)WARNING: VMKAcpi: 318: \_SB_.PCI0.LPC0.TMR_: skipping GSIV 0 conflict
2025-11-15T06:06:33.449Z cpu10:2097738)WARNING: Keyboard: 777: Ignoring registration attempt: External USB driver already registered.
2025-11-15T06:06:33.449Z cpu10:2097738)WARNING: VMKAPICore: 2472: Failed to register external keyboard driver, type: 1
2025-11-15T06:06:33.680Z cpu21:2097783)WARNING: etherswitch: PortCfg_ModInit:910: Skipped initializing etherswitch portcfg for VSS to use cswitch and portcfg module
2025-11-15T06:06:36.042Z cpu13:2097889)WARNING: ScsiScan: 1638: Failed to add path vmhba0:C0:T9:L0 : Not found
2025-11-15T06:06:36.054Z cpu13:2097889)WARNING: ScsiScan: 1638: Failed to add path vmhba0:C0:T10:L0 : Not found
2025-11-15T06:06:36.057Z cpu13:2097889)WARNING: ScsiScan: 1638: Failed to add path vmhba0:C0:T11:L0 : Not found
2025-11-15T06:06:36.058Z cpu13:2097889)WARNING: ScsiScan: 1638: Failed to add path vmhba0:C0:T12:L0 : Not found
2025-11-15T06:06:36.070Z cpu13:2097889)WARNING: ScsiScan: 1638: Failed to add path vmhba0:C0:T13:L0 : Not found
2025-11-15T06:06:36.072Z cpu13:2097889)WARNING: ScsiScan: 1638: Failed to add path vmhba0:C0:T14:L0 : Not found
2025-11-15T06:06:36.091Z cpu13:2097889)WARNING: ScsiScan: 1638: Failed to add path vmhba0:C0:T15:L0 : Not found
2025-11-15T06:06:36.093Z cpu13:2097889)WARNING: ScsiScan: 1638: Failed to add path vmhba0:C0:T16:L0 : Not found
2025-11-15T06:06:37.042Z cpu11:2097942)WARNING: FBFT not enabled
2025-11-15T06:06:45.276Z cpu15:2097696)WARNING: ScsiPath: 9274: Adapter Invalid does not exist
2025-11-15T06:06:45.276Z cpu4:2097698)WARNING: PCI: 1211: 0000:00:1d.7 is nameless
2025-11-15T06:06:46.292Z cpu4:2097407)WARNING: NFS: 1226: Invalid volume UUID mpx.vmhba32:C0:T0:L0:6
2025-11-15T06:06:46.434Z cpu2:2097412)WARNING: NFS: 1226: Invalid volume UUID mpx.vmhba32:C0:T0:L0:8
2025-11-15T06:06:47.143Z cpu18:2097635)WARNING: NFS: 1226: Invalid volume UUID 3a4fd8ce-f2fb6b00-6359-5cf3fce846f8
2025-11-15T06:06:48.897Z cpu3:2098354)WARNING: APEI: 290: Could not initialize HEST
2025-11-15T06:06:48.897Z cpu3:2098354)WARNING: APEI: 319: Could not initialize EINJ
2025-11-15T06:06:57.368Z cpu11:2097518)WARNING: NMP: nmpUnclaimPath:1646: Physical path "vmhba32:C0:T0:L0" is the last path to NMP device "Unregistered Device". The device has been unregistered.
2025-11-15T06:06:57.368Z cpu11:2097518)WARNING: ScsiPath: 8929: Remove path: vmhba32:C0:T0:L0
2025-11-15T06:06:57.660Z cpu17:2098579)WARNING: ScsiScan: 1638: Failed to add path vmhba0:C0:T9:L0 : Not found
2025-11-15T06:06:57.661Z cpu17:2098579)WARNING: ScsiScan: 1638: Failed to add path vmhba0:C0:T10:L0 : Not found
2025-11-15T06:06:57.663Z cpu17:2098579)WARNING: ScsiScan: 1638: Failed to add path vmhba0:C0:T11:L0 : Not found
2025-11-15T06:06:57.664Z cpu17:2098579)WARNING: ScsiScan: 1638: Failed to add path vmhba0:C0:T12:L0 : Not found
2025-11-15T06:06:57.666Z cpu17:2098579)WARNING: ScsiScan: 1638: Failed to add path vmhba0:C0:T13:L0 : Not found
2025-11-15T06:06:57.678Z cpu17:2098579)WARNING: ScsiScan: 1638: Failed to add path vmhba0:C0:T14:L0 : Not found
2025-11-15T06:06:57.679Z cpu17:2098579)WARNING: ScsiScan: 1638: Failed to add path vmhba0:C0:T15:L0 : Not found
2025-11-15T06:06:57.680Z cpu17:2098579)WARNING: ScsiScan: 1638: Failed to add path vmhba0:C0:T16:L0 : Not found
2025-11-15T06:06:59.090Z cpu5:2098665)WARNING: ScsiScan: 1638: Failed to add path vmhba0:C0:T9:L0 : Not found
2025-11-15T06:06:59.092Z cpu5:2098665)WARNING: ScsiScan: 1638: Failed to add path vmhba0:C0:T10:L0 : Not found
2025-11-15T06:06:59.094Z cpu5:2098665)WARNING: ScsiScan: 1638: Failed to add path vmhba0:C0:T11:L0 : Not found
2025-11-15T06:06:59.095Z cpu5:2098665)WARNING: ScsiScan: 1638: Failed to add path vmhba0:C0:T12:L0 : Not found
2025-11-15T06:06:59.096Z cpu5:2098665)WARNING: ScsiScan: 1638: Failed to add path vmhba0:C0:T13:L0 : Not found
2025-11-15T06:06:59.098Z cpu5:2098665)WARNING: ScsiScan: 1638: Failed to add path vmhba0:C0:T14:L0 : Not found
2025-11-15T06:06:59.099Z cpu5:2098665)WARNING: ScsiScan: 1638: Failed to add path vmhba0:C0:T15:L0 : Not found
2025-11-15T06:06:59.100Z cpu5:2098665)WARNING: ScsiScan: 1638: Failed to add path vmhba0:C0:T16:L0 : Not found
2025-11-15T07:40:37.452Z cpu12:2100251)WARNING: E1000: 4325: End of the next rx packet
2025-11-15T10:35:13.702Z cpu22:2103168)WARNING: E1000: 4325: End of the next rx packet
2025-11-15T10:35:13.702Z cpu22:2103168)WARNING: E1000: 4325: End of the next rx packet
2025-11-15T10:35:13.703Z cpu22:2103168)WARNING: E1000: 4325: End of the next rx packet
2025-11-15T10:35:13.703Z cpu22:2103168)WARNING: E1000: 4325: End of the next rx packet
0:00:00:05.306 cpu0:2097152)WARNING: VTD: 715: ACPI DMAR table not found
0:00:00:05.306 cpu0:2097152)WARNING: IOV: 231: IOV initialization failed
0:00:00:05.329 cpu0:2097152)WARNING: VMKAcpi: 1012: \_SB_.PCI0: resource length bad, using base/limit values
0:00:00:05.330 cpu0:2097152)WARNING: VMKAcpi: 318: \_SB_.PCI0.LPC0.TMR_: skipping GSIV 0 conflict
2025-11-15T20:03:01.459Z cpu22:2097738)WARNING: Keyboard: 777: Ignoring registration attempt: External USB driver already registered.
2025-11-15T20:03:01.459Z cpu22:2097738)WARNING: VMKAPICore: 2472: Failed to register external keyboard driver, type: 1
2025-11-15T20:03:01.689Z cpu23:2097783)WARNING: etherswitch: PortCfg_ModInit:910: Skipped initializing etherswitch portcfg for VSS to use cswitch and portcfg module
2025-11-15T20:03:04.040Z cpu4:2097889)WARNING: ScsiScan: 1638: Failed to add path vmhba0:C0:T9:L0 : Not found
2025-11-15T20:03:04.042Z cpu4:2097889)WARNING: ScsiScan: 1638: Failed to add path vmhba0:C0:T10:L0 : Not found
2025-11-15T20:03:04.043Z cpu4:2097889)WARNING: ScsiScan: 1638: Failed to add path vmhba0:C0:T11:L0 : Not found
2025-11-15T20:03:04.045Z cpu4:2097889)WARNING: ScsiScan: 1638: Failed to add path vmhba0:C0:T12:L0 : Not found
2025-11-15T20:03:04.122Z cpu4:2097889)WARNING: ScsiScan: 1638: Failed to add path vmhba0:C0:T13:L0 : Not found
2025-11-15T20:03:04.125Z cpu4:2097889)WARNING: ScsiScan: 1638: Failed to add path vmhba0:C0:T14:L0 : Not found
2025-11-15T20:03:04.126Z cpu4:2097889)WARNING: ScsiScan: 1638: Failed to add path vmhba0:C0:T15:L0 : Not found
2025-11-15T20:03:04.128Z cpu4:2097889)WARNING: ScsiScan: 1638: Failed to add path vmhba0:C0:T16:L0 : Not found
2025-11-15T20:03:05.053Z cpu16:2097942)WARNING: FBFT not enabled
2025-11-15T20:03:13.323Z cpu18:2097696)WARNING: ScsiPath: 9274: Adapter Invalid does not exist
2025-11-15T20:03:13.323Z cpu0:2097698)WARNING: PCI: 1211: 0000:00:1d.7 is nameless
2025-11-15T20:03:13.581Z cpu4:2097265)WARNING: NFS: 1226: Invalid volume UUID mpx.vmhba32:C0:T0:L0:6
2025-11-15T20:03:14.447Z cpu11:2097411)WARNING: NFS: 1226: Invalid volume UUID mpx.vmhba32:C0:T0:L0:8
2025-11-15T20:03:14.868Z cpu22:2097635)WARNING: NFS: 1226: Invalid volume UUID 3a4fd8ce-f2fb6b00-6359-5cf3fce846f8
2025-11-15T20:03:16.474Z cpu7:2098354)WARNING: APEI: 290: Could not initialize HEST
2025-11-15T20:03:16.474Z cpu7:2098354)WARNING: APEI: 319: Could not initialize EINJ
2025-11-15T20:03:24.895Z cpu10:2097518)WARNING: NMP: nmpUnclaimPath:1646: Physical path "vmhba32:C0:T0:L0" is the last path to NMP device "Unregistered Device". The device has been unregistered.
2025-11-15T20:03:24.895Z cpu10:2097518)WARNING: ScsiPath: 8929: Remove path: vmhba32:C0:T0:L0
2025-11-15T20:03:25.163Z cpu1:2098579)WARNING: ScsiScan: 1638: Failed to add path vmhba0:C0:T9:L0 : Not found
2025-11-15T20:03:25.165Z cpu1:2098579)WARNING: ScsiScan: 1638: Failed to add path vmhba0:C0:T10:L0 : Not found
2025-11-15T20:03:25.166Z cpu1:2098579)WARNING: ScsiScan: 1638: Failed to add path vmhba0:C0:T11:L0 : Not found
2025-11-15T20:03:25.168Z cpu1:2098579)WARNING: ScsiScan: 1638: Failed to add path vmhba0:C0:T12:L0 : Not found
2025-11-15T20:03:25.169Z cpu1:2098579)WARNING: ScsiScan: 1638: Failed to add path vmhba0:C0:T13:L0 : Not found
2025-11-15T20:03:25.183Z cpu1:2098579)WARNING: ScsiScan: 1638: Failed to add path vmhba0:C0:T14:L0 : Not found
2025-11-15T20:03:25.184Z cpu1:2098579)WARNING: ScsiScan: 1638: Failed to add path vmhba0:C0:T15:L0 : Not found
2025-11-15T20:03:25.185Z cpu1:2098579)WARNING: ScsiScan: 1638: Failed to add path vmhba0:C0:T16:L0 : Not found
2025-11-15T20:03:26.600Z cpu21:2098665)WARNING: ScsiScan: 1638: Failed to add path vmhba0:C0:T9:L0 : Not found
2025-11-15T20:03:26.602Z cpu21:2098665)WARNING: ScsiScan: 1638: Failed to add path vmhba0:C0:T10:L0 : Not found
2025-11-15T20:03:26.604Z cpu21:2098665)WARNING: ScsiScan: 1638: Failed to add path vmhba0:C0:T11:L0 : Not found
2025-11-15T20:03:26.605Z cpu21:2098665)WARNING: ScsiScan: 1638: Failed to add path vmhba0:C0:T12:L0 : Not found
2025-11-15T20:03:26.607Z cpu21:2098665)WARNING: ScsiScan: 1638: Failed to add path vmhba0:C0:T13:L0 : Not found
2025-11-15T20:03:26.608Z cpu21:2098665)WARNING: ScsiScan: 1638: Failed to add path vmhba0:C0:T14:L0 : Not found
2025-11-15T20:03:26.609Z cpu21:2098665)WARNING: ScsiScan: 1638: Failed to add path vmhba0:C0:T15:L0 : Not found
2025-11-15T20:03:26.611Z cpu21:2098665)WARNING: ScsiScan: 1638: Failed to add path vmhba0:C0:T16:L0 : Not found
0:00:00:05.305 cpu0:2097152)WARNING: VTD: 715: ACPI DMAR table not found
0:00:00:05.305 cpu0:2097152)WARNING: IOV: 231: IOV initialization failed
0:00:00:05.328 cpu0:2097152)WARNING: VMKAcpi: 1012: \_SB_.PCI0: resource length bad, using base/limit values
0:00:00:05.329 cpu0:2097152)WARNING: VMKAcpi: 318: \_SB_.PCI0.LPC0.TMR_: skipping GSIV 0 conflict
2025-11-16T05:14:02.466Z cpu17:2097738)WARNING: Keyboard: 777: Ignoring registration attempt: External USB driver already registered.
2025-11-16T05:14:02.466Z cpu17:2097738)WARNING: VMKAPICore: 2472: Failed to register external keyboard driver, type: 1
2025-11-16T05:14:02.696Z cpu9:2097783)WARNING: etherswitch: PortCfg_ModInit:910: Skipped initializing etherswitch portcfg for VSS to use cswitch and portcfg module
2025-11-16T05:14:05.019Z cpu10:2097889)WARNING: ScsiScan: 1638: Failed to add path vmhba0:C0:T9:L0 : Not found
2025-11-16T05:14:05.020Z cpu10:2097889)WARNING: ScsiScan: 1638: Failed to add path vmhba0:C0:T10:L0 : Not found
2025-11-16T05:14:05.022Z cpu10:2097889)WARNING: ScsiScan: 1638: Failed to add path vmhba0:C0:T11:L0 : Not found
2025-11-16T05:14:05.023Z cpu10:2097889)WARNING: ScsiScan: 1638: Failed to add path vmhba0:C0:T12:L0 : Not found
2025-11-16T05:14:05.025Z cpu10:2097889)WARNING: ScsiScan: 1638: Failed to add path vmhba0:C0:T13:L0 : Not found
2025-11-16T05:14:05.026Z cpu10:2097889)WARNING: ScsiScan: 1638: Failed to add path vmhba0:C0:T14:L0 : Not found
2025-11-16T05:14:05.028Z cpu10:2097889)WARNING: ScsiScan: 1638: Failed to add path vmhba0:C0:T15:L0 : Not found
2025-11-16T05:14:05.029Z cpu10:2097889)WARNING: ScsiScan: 1638: Failed to add path vmhba0:C0:T16:L0 : Not found
2025-11-16T05:14:06.010Z cpu22:2097942)WARNING: FBFT not enabled
2025-11-16T05:14:14.357Z cpu20:2097696)WARNING: ScsiPath: 9274: Adapter Invalid does not exist
2025-11-16T05:14:14.357Z cpu19:2097698)WARNING: PCI: 1211: 0000:00:1d.7 is nameless
2025-11-16T05:14:14.513Z cpu2:2097265)WARNING: NFS: 1226: Invalid volume UUID mpx.vmhba32:C0:T0:L0:5
2025-11-16T05:14:15.380Z cpu0:2097420)WARNING: NFS: 1226: Invalid volume UUID mpx.vmhba32:C0:T0:L0:6
2025-11-16T05:14:15.525Z cpu8:2097414)WARNING: NFS: 1226: Invalid volume UUID mpx.vmhba32:C0:T0:L0:8
2025-11-16T05:14:15.967Z cpu4:2097635)WARNING: NFS: 1226: Invalid volume UUID 3a4fd8ce-f2fb6b00-6359-5cf3fce846f8
2025-11-16T05:14:17.548Z cpu0:2098354)WARNING: APEI: 290: Could not initialize HEST
2025-11-16T05:14:17.548Z cpu0:2098354)WARNING: APEI: 319: Could not initialize EINJ
2025-11-16T05:14:26.174Z cpu8:2097518)WARNING: NMP: nmpUnclaimPath:1646: Physical path "vmhba32:C0:T0:L0" is the last path to NMP device "Unregistered Device". The device has been unregistered.
2025-11-16T05:14:26.174Z cpu8:2097518)WARNING: ScsiPath: 8929: Remove path: vmhba32:C0:T0:L0
2025-11-16T05:14:26.444Z cpu23:2098579)WARNING: ScsiScan: 1638: Failed to add path vmhba0:C0:T9:L0 : Not found
2025-11-16T05:14:26.446Z cpu23:2098579)WARNING: ScsiScan: 1638: Failed to add path vmhba0:C0:T10:L0 : Not found
2025-11-16T05:14:26.447Z cpu23:2098579)WARNING: ScsiScan: 1638: Failed to add path vmhba0:C0:T11:L0 : Not found
2025-11-16T05:14:26.448Z cpu23:2098579)WARNING: ScsiScan: 1638: Failed to add path vmhba0:C0:T12:L0 : Not found
2025-11-16T05:14:26.450Z cpu23:2098579)WARNING: ScsiScan: 1638: Failed to add path vmhba0:C0:T13:L0 : Not found
2025-11-16T05:14:26.458Z cpu23:2098579)WARNING: ScsiScan: 1638: Failed to add path vmhba0:C0:T14:L0 : Not found
2025-11-16T05:14:26.460Z cpu23:2098579)WARNING: ScsiScan: 1638: Failed to add path vmhba0:C0:T15:L0 : Not found
2025-11-16T05:14:26.461Z cpu23:2098579)WARNING: ScsiScan: 1638: Failed to add path vmhba0:C0:T16:L0 : Not found
2025-11-16T05:14:27.861Z cpu7:2098665)WARNING: ScsiScan: 1638: Failed to add path vmhba0:C0:T9:L0 : Not found
2025-11-16T05:14:27.862Z cpu7:2098665)WARNING: ScsiScan: 1638: Failed to add path vmhba0:C0:T10:L0 : Not found
2025-11-16T05:14:27.864Z cpu7:2098665)WARNING: ScsiScan: 1638: Failed to add path vmhba0:C0:T11:L0 : Not found
2025-11-16T05:14:27.865Z cpu7:2098665)WARNING: ScsiScan: 1638: Failed to add path vmhba0:C0:T12:L0 : Not found
2025-11-16T05:14:27.866Z cpu7:2098665)WARNING: ScsiScan: 1638: Failed to add path vmhba0:C0:T13:L0 : Not found
2025-11-16T05:14:27.868Z cpu7:2098665)WARNING: ScsiScan: 1638: Failed to add path vmhba0:C0:T14:L0 : Not found
2025-11-16T05:14:27.869Z cpu7:2098665)WARNING: ScsiScan: 1638: Failed to add path vmhba0:C0:T15:L0 : Not found
2025-11-16T05:14:27.871Z cpu7:2098665)WARNING: ScsiScan: 1638: Failed to add path vmhba0:C0:T16:L0 : Not found
0:00:00:05.310 cpu0:2097152)WARNING: VTD: 715: ACPI DMAR table not found
0:00:00:05.310 cpu0:2097152)WARNING: IOV: 231: IOV initialization failed
0:00:00:05.333 cpu0:2097152)WARNING: VMKAcpi: 1012: \_SB_.PCI0: resource length bad, using base/limit values
0:00:00:05.334 cpu0:2097152)WARNING: VMKAcpi: 318: \_SB_.PCI0.LPC0.TMR_: skipping GSIV 0 conflict
2025-12-06T23:50:02.451Z cpu19:2097738)WARNING: Keyboard: 777: Ignoring registration attempt: External USB driver already registered.
2025-12-06T23:50:02.451Z cpu19:2097738)WARNING: VMKAPICore: 2472: Failed to register external keyboard driver, type: 1
2025-12-06T23:50:02.676Z cpu13:2097783)WARNING: etherswitch: PortCfg_ModInit:910: Skipped initializing etherswitch portcfg for VSS to use cswitch and portcfg module
2025-12-06T23:50:04.997Z cpu0:2097889)WARNING: ScsiScan: 1638: Failed to add path vmhba0:C0:T9:L0 : Not found
2025-12-06T23:50:05.008Z cpu0:2097889)WARNING: ScsiScan: 1638: Failed to add path vmhba0:C0:T10:L0 : Not found
2025-12-06T23:50:05.014Z cpu0:2097889)WARNING: ScsiScan: 1638: Failed to add path vmhba0:C0:T11:L0 : Not found
2025-12-06T23:50:05.015Z cpu0:2097889)WARNING: ScsiScan: 1638: Failed to add path vmhba0:C0:T12:L0 : Not found
2025-12-06T23:50:05.021Z cpu0:2097889)WARNING: ScsiScan: 1638: Failed to add path vmhba0:C0:T13:L0 : Not found
2025-12-06T23:50:05.023Z cpu0:2097889)WARNING: ScsiScan: 1638: Failed to add path vmhba0:C0:T14:L0 : Not found
2025-12-06T23:50:05.028Z cpu0:2097889)WARNING: ScsiScan: 1638: Failed to add path vmhba0:C0:T15:L0 : Not found
2025-12-06T23:50:05.031Z cpu0:2097889)WARNING: ScsiScan: 1638: Failed to add path vmhba0:C0:T16:L0 : Not found
2025-12-06T23:50:06.010Z cpu9:2097942)WARNING: FBFT not enabled
2025-12-06T23:50:14.280Z cpu18:2097696)WARNING: ScsiPath: 9274: Adapter Invalid does not exist
2025-12-06T23:50:14.280Z cpu13:2097698)WARNING: PCI: 1211: 0000:00:1d.7 is nameless
2025-12-06T23:50:15.298Z cpu8:2097407)WARNING: NFS: 1226: Invalid volume UUID mpx.vmhba32:C0:T0:L0:6
2025-12-06T23:50:15.443Z cpu5:2097416)WARNING: NFS: 1226: Invalid volume UUID mpx.vmhba32:C0:T0:L0:8
2025-12-06T23:50:15.901Z cpu15:2097635)WARNING: NFS: 1226: Invalid volume UUID 3a4fd8ce-f2fb6b00-6359-5cf3fce846f8
2025-12-06T23:50:17.499Z cpu8:2098354)WARNING: APEI: 290: Could not initialize HEST
2025-12-06T23:50:17.499Z cpu8:2098354)WARNING: APEI: 319: Could not initialize EINJ
2025-12-06T23:50:25.987Z cpu4:2097518)WARNING: NMP: nmpUnclaimPath:1646: Physical path "vmhba32:C0:T0:L0" is the last path to NMP device "Unregistered Device". The device has been unregistered.
2025-12-06T23:50:25.987Z cpu4:2097518)WARNING: ScsiPath: 8929: Remove path: vmhba32:C0:T0:L0
2025-12-06T23:50:26.259Z cpu1:2098579)WARNING: ScsiScan: 1638: Failed to add path vmhba0:C0:T9:L0 : Not found
2025-12-06T23:50:26.261Z cpu1:2098579)WARNING: ScsiScan: 1638: Failed to add path vmhba0:C0:T10:L0 : Not found
2025-12-06T23:50:26.262Z cpu1:2098579)WARNING: ScsiScan: 1638: Failed to add path vmhba0:C0:T11:L0 : Not found
2025-12-06T23:50:26.264Z cpu1:2098579)WARNING: ScsiScan: 1638: Failed to add path vmhba0:C0:T12:L0 : Not found
2025-12-06T23:50:26.265Z cpu1:2098579)WARNING: ScsiScan: 1638: Failed to add path vmhba0:C0:T13:L0 : Not found
2025-12-06T23:50:26.266Z cpu1:2098579)WARNING: ScsiScan: 1638: Failed to add path vmhba0:C0:T14:L0 : Not found
2025-12-06T23:50:26.268Z cpu1:2098579)WARNING: ScsiScan: 1638: Failed to add path vmhba0:C0:T15:L0 : Not found
2025-12-06T23:50:26.269Z cpu1:2098579)WARNING: ScsiScan: 1638: Failed to add path vmhba0:C0:T16:L0 : Not found
2025-12-06T23:50:27.675Z cpu14:2098665)WARNING: ScsiScan: 1638: Failed to add path vmhba0:C0:T9:L0 : Not found
2025-12-06T23:50:27.677Z cpu14:2098665)WARNING: ScsiScan: 1638: Failed to add path vmhba0:C0:T10:L0 : Not found
2025-12-06T23:50:27.680Z cpu14:2098665)WARNING: ScsiScan: 1638: Failed to add path vmhba0:C0:T11:L0 : Not found
2025-12-06T23:50:27.681Z cpu14:2098665)WARNING: ScsiScan: 1638: Failed to add path vmhba0:C0:T12:L0 : Not found
2025-12-06T23:50:27.683Z cpu14:2098665)WARNING: ScsiScan: 1638: Failed to add path vmhba0:C0:T13:L0 : Not found
2025-12-06T23:50:27.684Z cpu14:2098665)WARNING: ScsiScan: 1638: Failed to add path vmhba0:C0:T14:L0 : Not found
2025-12-06T23:50:27.686Z cpu14:2098665)WARNING: ScsiScan: 1638: Failed to add path vmhba0:C0:T15:L0 : Not found
2025-12-06T23:50:27.687Z cpu14:2098665)WARNING: ScsiScan: 1638: Failed to add path vmhba0:C0:T16:L0 : Not found
2025-12-07T01:06:01.667Z cpu7:2099929)WARNING: E1000: 4325: End of the next rx packet
2025-12-07T01:06:01.669Z cpu7:2099929)WARNING: E1000: 4325: End of the next rx packet
2025-12-07T01:06:01.670Z cpu7:2099929)WARNING: E1000: 4325: End of the next rx packet
2025-12-07T01:06:12.666Z cpu1:2099929)WARNING: E1000: 4325: End of the next rx packet
2025-12-07T01:06:22.666Z cpu10:2099929)WARNING: E1000: 4325: End of the next rx packet
2025-12-07T05:46:03.816Z cpu6:2099929)WARNING: E1000: 4325: End of the next rx packet
2025-12-07T05:46:04.210Z cpu2:2099929)WARNING: E1000: 4325: End of the next rx packet
2025-12-07T05:46:04.256Z cpu2:2099929)WARNING: E1000: 4325: End of the next rx packet
2025-12-07T05:46:04.256Z cpu2:2099929)WARNING: E1000: 4325: End of the next rx packet
0:00:00:05.286 cpu0:2097152)WARNING: VTD: 715: ACPI DMAR table not found
0:00:00:05.286 cpu0:2097152)WARNING: IOV: 231: IOV initialization failed
0:00:00:05.308 cpu0:2097152)WARNING: VMKAcpi: 1012: \_SB_.PCI0: resource length bad, using base/limit values
0:00:00:05.310 cpu0:2097152)WARNING: VMKAcpi: 318: \_SB_.PCI0.LPC0.TMR_: skipping GSIV 0 conflict
2025-12-08T11:31:11.451Z cpu20:2097738)WARNING: Keyboard: 777: Ignoring registration attempt: External USB driver already registered.
2025-12-08T11:31:11.451Z cpu20:2097738)WARNING: VMKAPICore: 2472: Failed to register external keyboard driver, type: 1
2025-12-08T11:31:11.691Z cpu10:2097783)WARNING: etherswitch: PortCfg_ModInit:910: Skipped initializing etherswitch portcfg for VSS to use cswitch and portcfg module
2025-12-08T11:31:14.026Z cpu0:2097889)WARNING: ScsiScan: 1638: Failed to add path vmhba0:C0:T9:L0 : Not found
2025-12-08T11:31:14.028Z cpu0:2097889)WARNING: ScsiScan: 1638: Failed to add path vmhba0:C0:T10:L0 : Not found
2025-12-08T11:31:14.029Z cpu0:2097889)WARNING: ScsiScan: 1638: Failed to add path vmhba0:C0:T11:L0 : Not found
2025-12-08T11:31:14.031Z cpu0:2097889)WARNING: ScsiScan: 1638: Failed to add path vmhba0:C0:T12:L0 : Not found
2025-12-08T11:31:14.032Z cpu0:2097889)WARNING: ScsiScan: 1638: Failed to add path vmhba0:C0:T13:L0 : Not found
2025-12-08T11:31:14.034Z cpu0:2097889)WARNING: ScsiScan: 1638: Failed to add path vmhba0:C0:T14:L0 : Not found
2025-12-08T11:31:14.036Z cpu0:2097889)WARNING: ScsiScan: 1638: Failed to add path vmhba0:C0:T15:L0 : Not found
2025-12-08T11:31:14.038Z cpu0:2097889)WARNING: ScsiScan: 1638: Failed to add path vmhba0:C0:T16:L0 : Not found
2025-12-08T11:31:15.028Z cpu18:2097942)WARNING: FBFT not enabled
2025-12-08T11:31:23.329Z cpu3:2097696)WARNING: ScsiPath: 9274: Adapter Invalid does not exist
2025-12-08T11:31:23.329Z cpu7:2097698)WARNING: PCI: 1211: 0000:00:1d.7 is nameless
2025-12-08T11:31:23.535Z cpu0:2097265)WARNING: NFS: 1226: Invalid volume UUID mpx.vmhba32:C0:T0:L0:5
2025-12-08T11:31:24.307Z cpu0:2097412)WARNING: NFS: 1226: Invalid volume UUID mpx.vmhba32:C0:T0:L0:8
2025-12-08T11:31:24.548Z cpu8:2097419)WARNING: NFS: 1226: Invalid volume UUID mpx.vmhba32:C0:T0:L0:6
2025-12-08T11:31:25.071Z cpu2:2097635)WARNING: NFS: 1226: Invalid volume UUID 3a4fd8ce-f2fb6b00-6359-5cf3fce846f8
2025-12-08T11:31:26.665Z cpu3:2098354)WARNING: APEI: 290: Could not initialize HEST
2025-12-08T11:31:26.665Z cpu3:2098354)WARNING: APEI: 319: Could not initialize EINJ
2025-12-08T11:31:34.931Z cpu6:2097518)WARNING: NMP: nmpUnclaimPath:1646: Physical path "vmhba32:C0:T0:L0" is the last path to NMP device "Unregistered Device". The device has been unregistered.
2025-12-08T11:31:34.931Z cpu6:2097518)WARNING: ScsiPath: 8929: Remove path: vmhba32:C0:T0:L0
2025-12-08T11:31:35.200Z cpu16:2098579)WARNING: ScsiScan: 1638: Failed to add path vmhba0:C0:T9:L0 : Not found
2025-12-08T11:31:35.202Z cpu16:2098579)WARNING: ScsiScan: 1638: Failed to add path vmhba0:C0:T10:L0 : Not found
2025-12-08T11:31:35.203Z cpu16:2098579)WARNING: ScsiScan: 1638: Failed to add path vmhba0:C0:T11:L0 : Not found
2025-12-08T11:31:35.204Z cpu16:2098579)WARNING: ScsiScan: 1638: Failed to add path vmhba0:C0:T12:L0 : Not found
2025-12-08T11:31:35.206Z cpu16:2098579)WARNING: ScsiScan: 1638: Failed to add path vmhba0:C0:T13:L0 : Not found
2025-12-08T11:31:35.207Z cpu16:2098579)WARNING: ScsiScan: 1638: Failed to add path vmhba0:C0:T14:L0 : Not found
2025-12-08T11:31:35.209Z cpu16:2098579)WARNING: ScsiScan: 1638: Failed to add path vmhba0:C0:T15:L0 : Not found
2025-12-08T11:31:35.210Z cpu16:2098579)WARNING: ScsiScan: 1638: Failed to add path vmhba0:C0:T16:L0 : Not found
2025-12-08T11:31:36.734Z cpu13:2098665)WARNING: ScsiScan: 1638: Failed to add path vmhba0:C0:T9:L0 : Not found
2025-12-08T11:31:36.736Z cpu13:2098665)WARNING: ScsiScan: 1638: Failed to add path vmhba0:C0:T10:L0 : Not found
2025-12-08T11:31:36.737Z cpu13:2098665)WARNING: ScsiScan: 1638: Failed to add path vmhba0:C0:T11:L0 : Not found
2025-12-08T11:31:36.739Z cpu13:2098665)WARNING: ScsiScan: 1638: Failed to add path vmhba0:C0:T12:L0 : Not found
2025-12-08T11:31:36.740Z cpu13:2098665)WARNING: ScsiScan: 1638: Failed to add path vmhba0:C0:T13:L0 : Not found
2025-12-08T11:31:36.742Z cpu13:2098665)WARNING: ScsiScan: 1638: Failed to add path vmhba0:C0:T14:L0 : Not found
2025-12-08T11:31:36.743Z cpu13:2098665)WARNING: ScsiScan: 1638: Failed to add path vmhba0:C0:T15:L0 : Not found
2025-12-08T11:31:36.744Z cpu13:2098665)WARNING: ScsiScan: 1638: Failed to add path vmhba0:C0:T16:L0 : Not found
0:00:00:05.285 cpu0:2097152)WARNING: VTD: 715: ACPI DMAR table not found
0:00:00:05.285 cpu0:2097152)WARNING: IOV: 231: IOV initialization failed
0:00:00:05.307 cpu0:2097152)WARNING: VMKAcpi: 1012: \_SB_.PCI0: resource length bad, using base/limit values
0:00:00:05.309 cpu0:2097152)WARNING: VMKAcpi: 318: \_SB_.PCI0.LPC0.TMR_: skipping GSIV 0 conflict
2025-12-08T19:30:56.447Z cpu2:2097738)WARNING: Keyboard: 777: Ignoring registration attempt: External USB driver already registered.
2025-12-08T19:30:56.447Z cpu2:2097738)WARNING: VMKAPICore: 2472: Failed to register external keyboard driver, type: 1
2025-12-08T19:30:56.673Z cpu22:2097783)WARNING: etherswitch: PortCfg_ModInit:910: Skipped initializing etherswitch portcfg for VSS to use cswitch and portcfg module
2025-12-08T19:30:59.035Z cpu5:2097889)WARNING: ScsiScan: 1638: Failed to add path vmhba0:C0:T9:L0 : Not found
2025-12-08T19:30:59.037Z cpu5:2097889)WARNING: ScsiScan: 1638: Failed to add path vmhba0:C0:T10:L0 : Not found
2025-12-08T19:30:59.038Z cpu5:2097889)WARNING: ScsiScan: 1638: Failed to add path vmhba0:C0:T11:L0 : Not found
2025-12-08T19:30:59.040Z cpu5:2097889)WARNING: ScsiScan: 1638: Failed to add path vmhba0:C0:T12:L0 : Not found
2025-12-08T19:30:59.041Z cpu5:2097889)WARNING: ScsiScan: 1638: Failed to add path vmhba0:C0:T13:L0 : Not found
2025-12-08T19:30:59.043Z cpu5:2097889)WARNING: ScsiScan: 1638: Failed to add path vmhba0:C0:T14:L0 : Not found
2025-12-08T19:30:59.044Z cpu5:2097889)WARNING: ScsiScan: 1638: Failed to add path vmhba0:C0:T15:L0 : Not found
2025-12-08T19:30:59.046Z cpu5:2097889)WARNING: ScsiScan: 1638: Failed to add path vmhba0:C0:T16:L0 : Not found
2025-12-08T19:31:00.034Z cpu0:2097942)WARNING: FBFT not enabled
2025-12-08T19:31:08.203Z cpu10:2097696)WARNING: ScsiPath: 9274: Adapter Invalid does not exist
2025-12-08T19:31:08.203Z cpu14:2097698)WARNING: PCI: 1211: 0000:00:1d.7 is nameless
2025-12-08T19:31:08.463Z cpu4:2097265)WARNING: NFS: 1226: Invalid volume UUID mpx.vmhba32:C0:T0:L0:6
2025-12-08T19:31:09.372Z cpu6:2097416)WARNING: NFS: 1226: Invalid volume UUID mpx.vmhba32:C0:T0:L0:8
2025-12-08T19:31:09.683Z cpu12:2097635)WARNING: NFS: 1226: Invalid volume UUID 3a4fd8ce-f2fb6b00-6359-5cf3fce846f8
2025-12-08T19:31:11.318Z cpu22:2098354)WARNING: APEI: 290: Could not initialize HEST
2025-12-08T19:31:11.318Z cpu22:2098354)WARNING: APEI: 319: Could not initialize EINJ
2025-12-08T19:31:19.774Z cpu8:2097518)WARNING: NMP: nmpUnclaimPath:1646: Physical path "vmhba32:C0:T0:L0" is the last path to NMP device "Unregistered Device". The device has been unregistered.
2025-12-08T19:31:19.774Z cpu8:2097518)WARNING: ScsiPath: 8929: Remove path: vmhba32:C0:T0:L0
2025-12-08T19:31:20.043Z cpu10:2098579)WARNING: ScsiScan: 1638: Failed to add path vmhba0:C0:T9:L0 : Not found
2025-12-08T19:31:20.045Z cpu10:2098579)WARNING: ScsiScan: 1638: Failed to add path vmhba0:C0:T10:L0 : Not found
2025-12-08T19:31:20.046Z cpu10:2098579)WARNING: ScsiScan: 1638: Failed to add path vmhba0:C0:T11:L0 : Not found
2025-12-08T19:31:20.047Z cpu10:2098579)WARNING: ScsiScan: 1638: Failed to add path vmhba0:C0:T12:L0 : Not found
2025-12-08T19:31:20.049Z cpu10:2098579)WARNING: ScsiScan: 1638: Failed to add path vmhba0:C0:T13:L0 : Not found
2025-12-08T19:31:20.050Z cpu10:2098579)WARNING: ScsiScan: 1638: Failed to add path vmhba0:C0:T14:L0 : Not found
2025-12-08T19:31:20.052Z cpu10:2098579)WARNING: ScsiScan: 1638: Failed to add path vmhba0:C0:T15:L0 : Not found
2025-12-08T19:31:20.053Z cpu10:2098579)WARNING: ScsiScan: 1638: Failed to add path vmhba0:C0:T16:L0 : Not found
2025-12-08T19:31:21.459Z cpu22:2098665)WARNING: ScsiScan: 1638: Failed to add path vmhba0:C0:T9:L0 : Not found
2025-12-08T19:31:21.460Z cpu22:2098665)WARNING: ScsiScan: 1638: Failed to add path vmhba0:C0:T10:L0 : Not found
2025-12-08T19:31:21.462Z cpu22:2098665)WARNING: ScsiScan: 1638: Failed to add path vmhba0:C0:T11:L0 : Not found
2025-12-08T19:31:21.463Z cpu22:2098665)WARNING: ScsiScan: 1638: Failed to add path vmhba0:C0:T12:L0 : Not found
2025-12-08T19:31:21.465Z cpu22:2098665)WARNING: ScsiScan: 1638: Failed to add path vmhba0:C0:T13:L0 : Not found
2025-12-08T19:31:21.466Z cpu22:2098665)WARNING: ScsiScan: 1638: Failed to add path vmhba0:C0:T14:L0 : Not found
2025-12-08T19:31:21.468Z cpu22:2098665)WARNING: ScsiScan: 1638: Failed to add path vmhba0:C0:T15:L0 : Not found
2025-12-08T19:31:21.469Z cpu22:2098665)WARNING: ScsiScan: 1638: Failed to add path vmhba0:C0:T16:L0 : Not found
0:00:00:05.293 cpu0:2097152)WARNING: VTD: 715: ACPI DMAR table not found
0:00:00:05.293 cpu0:2097152)WARNING: IOV: 231: IOV initialization failed
0:00:00:05.315 cpu0:2097152)WARNING: VMKAcpi: 1012: \_SB_.PCI0: resource length bad, using base/limit values
0:00:00:05.317 cpu0:2097152)WARNING: VMKAcpi: 318: \_SB_.PCI0.LPC0.TMR_: skipping GSIV 0 conflict
2025-12-10T13:08:22.440Z cpu12:2097738)WARNING: Keyboard: 777: Ignoring registration attempt: External USB driver already registered.
2025-12-10T13:08:22.440Z cpu12:2097738)WARNING: VMKAPICore: 2472: Failed to register external keyboard driver, type: 1
2025-12-10T13:08:22.684Z cpu15:2097783)WARNING: etherswitch: PortCfg_ModInit:910: Skipped initializing etherswitch portcfg for VSS to use cswitch and portcfg module
2025-12-10T13:08:24.993Z cpu7:2097889)WARNING: ScsiScan: 1638: Failed to add path vmhba0:C0:T9:L0 : Not found
2025-12-10T13:08:24.995Z cpu7:2097889)WARNING: ScsiScan: 1638: Failed to add path vmhba0:C0:T10:L0 : Not found
2025-12-10T13:08:24.996Z cpu7:2097889)WARNING: ScsiScan: 1638: Failed to add path vmhba0:C0:T11:L0 : Not found
2025-12-10T13:08:24.998Z cpu7:2097889)WARNING: ScsiScan: 1638: Failed to add path vmhba0:C0:T12:L0 : Not found
2025-12-10T13:08:24.999Z cpu7:2097889)WARNING: ScsiScan: 1638: Failed to add path vmhba0:C0:T13:L0 : Not found
2025-12-10T13:08:25.002Z cpu7:2097889)WARNING: ScsiScan: 1638: Failed to add path vmhba0:C0:T14:L0 : Not found
2025-12-10T13:08:25.004Z cpu7:2097889)WARNING: ScsiScan: 1638: Failed to add path vmhba0:C0:T15:L0 : Not found
2025-12-10T13:08:25.005Z cpu7:2097889)WARNING: ScsiScan: 1638: Failed to add path vmhba0:C0:T16:L0 : Not found
2025-12-10T13:08:26.009Z cpu15:2097942)WARNING: FBFT not enabled
2025-12-10T13:08:34.302Z cpu0:2097696)WARNING: ScsiPath: 9274: Adapter Invalid does not exist
2025-12-10T13:08:34.302Z cpu6:2097698)WARNING: PCI: 1211: 0000:00:1d.7 is nameless
2025-12-10T13:08:34.504Z cpu0:2097265)WARNING: NFS: 1226: Invalid volume UUID mpx.vmhba32:C0:T0:L0:5
2025-12-10T13:08:35.322Z cpu7:2097418)WARNING: NFS: 1226: Invalid volume UUID mpx.vmhba32:C0:T0:L0:6
2025-12-10T13:08:35.518Z cpu4:2097413)WARNING: NFS: 1226: Invalid volume UUID mpx.vmhba32:C0:T0:L0:8
2025-12-10T13:08:35.902Z cpu12:2097635)WARNING: NFS: 1226: Invalid volume UUID 3a4fd8ce-f2fb6b00-6359-5cf3fce846f8
2025-12-10T13:08:37.491Z cpu22:2098354)WARNING: APEI: 290: Could not initialize HEST
2025-12-10T13:08:37.491Z cpu22:2098354)WARNING: APEI: 319: Could not initialize EINJ
2025-12-10T13:08:45.938Z cpu8:2097518)WARNING: NMP: nmpUnclaimPath:1646: Physical path "vmhba32:C0:T0:L0" is the last path to NMP device "Unregistered Device". The device has been unregistered.
2025-12-10T13:08:45.938Z cpu8:2097518)WARNING: ScsiPath: 8929: Remove path: vmhba32:C0:T0:L0
2025-12-10T13:08:46.209Z cpu4:2098579)WARNING: ScsiScan: 1638: Failed to add path vmhba0:C0:T9:L0 : Not found
2025-12-10T13:08:46.210Z cpu4:2098579)WARNING: ScsiScan: 1638: Failed to add path vmhba0:C0:T10:L0 : Not found
2025-12-10T13:08:46.212Z cpu4:2098579)WARNING: ScsiScan: 1638: Failed to add path vmhba0:C0:T11:L0 : Not found
2025-12-10T13:08:46.213Z cpu4:2098579)WARNING: ScsiScan: 1638: Failed to add path vmhba0:C0:T12:L0 : Not found
2025-12-10T13:08:46.215Z cpu4:2098579)WARNING: ScsiScan: 1638: Failed to add path vmhba0:C0:T13:L0 : Not found
2025-12-10T13:08:46.216Z cpu4:2098579)WARNING: ScsiScan: 1638: Failed to add path vmhba0:C0:T14:L0 : Not found
2025-12-10T13:08:46.218Z cpu4:2098579)WARNING: ScsiScan: 1638: Failed to add path vmhba0:C0:T15:L0 : Not found
2025-12-10T13:08:46.219Z cpu4:2098579)WARNING: ScsiScan: 1638: Failed to add path vmhba0:C0:T16:L0 : Not found
2025-12-10T13:08:47.619Z cpu22:2098665)WARNING: ScsiScan: 1638: Failed to add path vmhba0:C0:T9:L0 : Not found
2025-12-10T13:08:47.620Z cpu22:2098665)WARNING: ScsiScan: 1638: Failed to add path vmhba0:C0:T10:L0 : Not found
2025-12-10T13:08:47.622Z cpu22:2098665)WARNING: ScsiScan: 1638: Failed to add path vmhba0:C0:T11:L0 : Not found
2025-12-10T13:08:47.623Z cpu22:2098665)WARNING: ScsiScan: 1638: Failed to add path vmhba0:C0:T12:L0 : Not found
2025-12-10T13:08:47.626Z cpu22:2098665)WARNING: ScsiScan: 1638: Failed to add path vmhba0:C0:T13:L0 : Not found
2025-12-10T13:08:47.629Z cpu22:2098665)WARNING: ScsiScan: 1638: Failed to add path vmhba0:C0:T14:L0 : Not found
2025-12-10T13:08:47.630Z cpu22:2098665)WARNING: ScsiScan: 1638: Failed to add path vmhba0:C0:T15:L0 : Not found
2025-12-10T13:08:47.632Z cpu22:2098665)WARNING: ScsiScan: 1638: Failed to add path vmhba0:C0:T16:L0 : Not found
0:00:00:05.296 cpu0:2097152)WARNING: VTD: 715: ACPI DMAR table not found
0:00:00:05.296 cpu0:2097152)WARNING: IOV: 231: IOV initialization failed
0:00:00:05.319 cpu0:2097152)WARNING: VMKAcpi: 1012: \_SB_.PCI0: resource length bad, using base/limit values
0:00:00:05.320 cpu0:2097152)WARNING: VMKAcpi: 318: \_SB_.PCI0.LPC0.TMR_: skipping GSIV 0 conflict
2025-12-11T06:45:56.446Z cpu18:2097738)WARNING: Keyboard: 777: Ignoring registration attempt: External USB driver already registered.
2025-12-11T06:45:56.446Z cpu18:2097738)WARNING: VMKAPICore: 2472: Failed to register external keyboard driver, type: 1
2025-12-11T06:45:56.670Z cpu2:2097783)WARNING: etherswitch: PortCfg_ModInit:910: Skipped initializing etherswitch portcfg for VSS to use cswitch and portcfg module
2025-12-11T06:45:59.022Z cpu19:2097889)WARNING: ScsiScan: 1638: Failed to add path vmhba0:C0:T9:L0 : Not found
2025-12-11T06:45:59.024Z cpu19:2097889)WARNING: ScsiScan: 1638: Failed to add path vmhba0:C0:T10:L0 : Not found
2025-12-11T06:45:59.025Z cpu19:2097889)WARNING: ScsiScan: 1638: Failed to add path vmhba0:C0:T11:L0 : Not found
2025-12-11T06:45:59.026Z cpu19:2097889)WARNING: ScsiScan: 1638: Failed to add path vmhba0:C0:T12:L0 : Not found
2025-12-11T06:45:59.028Z cpu19:2097889)WARNING: ScsiScan: 1638: Failed to add path vmhba0:C0:T13:L0 : Not found
2025-12-11T06:45:59.030Z cpu19:2097889)WARNING: ScsiScan: 1638: Failed to add path vmhba0:C0:T14:L0 : Not found
2025-12-11T06:45:59.031Z cpu19:2097889)WARNING: ScsiScan: 1638: Failed to add path vmhba0:C0:T15:L0 : Not found
2025-12-11T06:45:59.033Z cpu19:2097889)WARNING: ScsiScan: 1638: Failed to add path vmhba0:C0:T16:L0 : Not found
2025-12-11T06:46:00.011Z cpu16:2097942)WARNING: FBFT not enabled
2025-12-11T06:46:08.294Z cpu17:2097696)WARNING: ScsiPath: 9274: Adapter Invalid does not exist
2025-12-11T06:46:08.294Z cpu21:2097698)WARNING: PCI: 1211: 0000:00:1d.7 is nameless
2025-12-11T06:46:08.495Z cpu10:2097265)WARNING: NFS: 1226: Invalid volume UUID mpx.vmhba32:C0:T0:L0:5
2025-12-11T06:46:09.313Z cpu3:2097414)WARNING: NFS: 1226: Invalid volume UUID mpx.vmhba32:C0:T0:L0:8
2025-12-11T06:46:09.410Z cpu4:2097407)WARNING: NFS: 1226: Invalid volume UUID mpx.vmhba32:C0:T0:L0:6
2025-12-11T06:46:09.892Z cpu16:2097634)WARNING: NFS: 1226: Invalid volume UUID 3a4fd8ce-f2fb6b00-6359-5cf3fce846f8
2025-12-11T06:46:11.499Z cpu18:2098354)WARNING: APEI: 290: Could not initialize HEST
2025-12-11T06:46:11.499Z cpu18:2098354)WARNING: APEI: 319: Could not initialize EINJ
2025-12-11T06:46:20.362Z cpu5:2097518)WARNING: NMP: nmpUnclaimPath:1646: Physical path "vmhba32:C0:T0:L0" is the last path to NMP device "Unregistered Device". The device has been unregistered.
2025-12-11T06:46:20.362Z cpu5:2097518)WARNING: ScsiPath: 8929: Remove path: vmhba32:C0:T0:L0
2025-12-11T06:46:20.639Z cpu19:2098579)WARNING: ScsiScan: 1638: Failed to add path vmhba0:C0:T9:L0 : Not found
2025-12-11T06:46:20.641Z cpu19:2098579)WARNING: ScsiScan: 1638: Failed to add path vmhba0:C0:T10:L0 : Not found
2025-12-11T06:46:20.642Z cpu19:2098579)WARNING: ScsiScan: 1638: Failed to add path vmhba0:C0:T11:L0 : Not found
2025-12-11T06:46:20.643Z cpu19:2098579)WARNING: ScsiScan: 1638: Failed to add path vmhba0:C0:T12:L0 : Not found
2025-12-11T06:46:20.714Z cpu19:2098579)WARNING: ScsiScan: 1638: Failed to add path vmhba0:C0:T13:L0 : Not found
2025-12-11T06:46:20.716Z cpu19:2098579)WARNING: ScsiScan: 1638: Failed to add path vmhba0:C0:T14:L0 : Not found
2025-12-11T06:46:20.717Z cpu19:2098579)WARNING: ScsiScan: 1638: Failed to add path vmhba0:C0:T15:L0 : Not found
2025-12-11T06:46:20.718Z cpu19:2098579)WARNING: ScsiScan: 1638: Failed to add path vmhba0:C0:T16:L0 : Not found
2025-12-11T06:46:22.108Z cpu14:2098665)WARNING: ScsiScan: 1638: Failed to add path vmhba0:C0:T9:L0 : Not found
2025-12-11T06:46:22.110Z cpu14:2098665)WARNING: ScsiScan: 1638: Failed to add path vmhba0:C0:T10:L0 : Not found
2025-12-11T06:46:22.111Z cpu18:2098665)WARNING: ScsiScan: 1638: Failed to add path vmhba0:C0:T11:L0 : Not found
2025-12-11T06:46:22.112Z cpu18:2098665)WARNING: ScsiScan: 1638: Failed to add path vmhba0:C0:T12:L0 : Not found
2025-12-11T06:46:22.114Z cpu18:2098665)WARNING: ScsiScan: 1638: Failed to add path vmhba0:C0:T13:L0 : Not found
2025-12-11T06:46:22.116Z cpu18:2098665)WARNING: ScsiScan: 1638: Failed to add path vmhba0:C0:T14:L0 : Not found
2025-12-11T06:46:22.117Z cpu18:2098665)WARNING: ScsiScan: 1638: Failed to add path vmhba0:C0:T15:L0 : Not found
2025-12-11T06:46:22.118Z cpu18:2098665)WARNING: ScsiScan: 1638: Failed to add path vmhba0:C0:T16:L0 : Not found
2025-12-11T09:43:54.676Z cpu3:2097357)WARNING: CpuSched: 996: Automatic relation removal from 2100154(vmx-vcpu-0:SGRL-ANS001, zombie) to 2100155(PVSCSI-2100145:0)
0:00:00:05.300 cpu0:2097152)WARNING: VTD: 715: ACPI DMAR table not found
0:00:00:05.300 cpu0:2097152)WARNING: IOV: 231: IOV initialization failed
0:00:00:05.322 cpu0:2097152)WARNING: VMKAcpi: 1012: \_SB_.PCI0: resource length bad, using base/limit values
0:00:00:05.324 cpu0:2097152)WARNING: VMKAcpi: 318: \_SB_.PCI0.LPC0.TMR_: skipping GSIV 0 conflict
2025-12-18T19:28:59.453Z cpu13:2097738)WARNING: Keyboard: 777: Ignoring registration attempt: External USB driver already registered.
2025-12-18T19:28:59.453Z cpu13:2097738)WARNING: VMKAPICore: 2472: Failed to register external keyboard driver, type: 1
2025-12-18T19:28:59.682Z cpu19:2097783)WARNING: etherswitch: PortCfg_ModInit:910: Skipped initializing etherswitch portcfg for VSS to use cswitch and portcfg module
2025-12-18T19:29:02.033Z cpu12:2097889)WARNING: ScsiScan: 1638: Failed to add path vmhba0:C0:T9:L0 : Not found
2025-12-18T19:29:02.046Z cpu12:2097889)WARNING: ScsiScan: 1638: Failed to add path vmhba0:C0:T10:L0 : Not found
2025-12-18T19:29:02.051Z cpu12:2097889)WARNING: ScsiScan: 1638: Failed to add path vmhba0:C0:T11:L0 : Not found
2025-12-18T19:29:02.053Z cpu12:2097889)WARNING: ScsiScan: 1638: Failed to add path vmhba0:C0:T12:L0 : Not found
2025-12-18T19:29:02.064Z cpu12:2097889)WARNING: ScsiScan: 1638: Failed to add path vmhba0:C0:T13:L0 : Not found
2025-12-18T19:29:02.075Z cpu12:2097889)WARNING: ScsiScan: 1638: Failed to add path vmhba0:C0:T14:L0 : Not found
2025-12-18T19:29:02.077Z cpu12:2097889)WARNING: ScsiScan: 1638: Failed to add path vmhba0:C0:T15:L0 : Not found
2025-12-18T19:29:02.088Z cpu12:2097889)WARNING: ScsiScan: 1638: Failed to add path vmhba0:C0:T16:L0 : Not found
2025-12-18T19:29:03.043Z cpu6:2097942)WARNING: FBFT not enabled
2025-12-18T19:29:11.325Z cpu21:2097696)WARNING: ScsiPath: 9274: Adapter Invalid does not exist
2025-12-18T19:29:11.325Z cpu16:2097698)WARNING: PCI: 1211: 0000:00:1d.7 is nameless
2025-12-18T19:29:11.484Z cpu7:2097265)WARNING: NFS: 1226: Invalid volume UUID mpx.vmhba32:C0:T0:L0:5
2025-12-18T19:29:12.302Z cpu10:2097418)WARNING: NFS: 1226: Invalid volume UUID mpx.vmhba32:C0:T0:L0:8
2025-12-18T19:29:12.542Z cpu16:2097413)WARNING: NFS: 1226: Invalid volume UUID mpx.vmhba32:C0:T0:L0:6
2025-12-18T19:29:12.938Z cpu2:2097635)WARNING: NFS: 1226: Invalid volume UUID 3a4fd8ce-f2fb6b00-6359-5cf3fce846f8
2025-12-18T19:29:14.521Z cpu19:2098354)WARNING: APEI: 290: Could not initialize HEST
2025-12-18T19:29:14.521Z cpu19:2098354)WARNING: APEI: 319: Could not initialize EINJ
2025-12-18T19:29:22.961Z cpu8:2097518)WARNING: NMP: nmpUnclaimPath:1646: Physical path "vmhba32:C0:T0:L0" is the last path to NMP device "Unregistered Device". The device has been unregistered.
2025-12-18T19:29:22.961Z cpu8:2097518)WARNING: ScsiPath: 8929: Remove path: vmhba32:C0:T0:L0
2025-12-18T19:29:23.230Z cpu11:2098579)WARNING: ScsiScan: 1638: Failed to add path vmhba0:C0:T9:L0 : Not found
2025-12-18T19:29:23.231Z cpu11:2098579)WARNING: ScsiScan: 1638: Failed to add path vmhba0:C0:T10:L0 : Not found
2025-12-18T19:29:23.233Z cpu11:2098579)WARNING: ScsiScan: 1638: Failed to add path vmhba0:C0:T11:L0 : Not found
2025-12-18T19:29:23.234Z cpu11:2098579)WARNING: ScsiScan: 1638: Failed to add path vmhba0:C0:T12:L0 : Not found
2025-12-18T19:29:23.236Z cpu11:2098579)WARNING: ScsiScan: 1638: Failed to add path vmhba0:C0:T13:L0 : Not found
2025-12-18T19:29:23.237Z cpu11:2098579)WARNING: ScsiScan: 1638: Failed to add path vmhba0:C0:T14:L0 : Not found
2025-12-18T19:29:23.239Z cpu11:2098579)WARNING: ScsiScan: 1638: Failed to add path vmhba0:C0:T15:L0 : Not found
2025-12-18T19:29:23.240Z cpu11:2098579)WARNING: ScsiScan: 1638: Failed to add path vmhba0:C0:T16:L0 : Not found
2025-12-18T19:29:24.654Z cpu20:2098665)WARNING: ScsiScan: 1638: Failed to add path vmhba0:C0:T9:L0 : Not found
2025-12-18T19:29:24.656Z cpu20:2098665)WARNING: ScsiScan: 1638: Failed to add path vmhba0:C0:T10:L0 : Not found
2025-12-18T19:29:24.657Z cpu20:2098665)WARNING: ScsiScan: 1638: Failed to add path vmhba0:C0:T11:L0 : Not found
2025-12-18T19:29:24.659Z cpu20:2098665)WARNING: ScsiScan: 1638: Failed to add path vmhba0:C0:T12:L0 : Not found
2025-12-18T19:29:24.660Z cpu20:2098665)WARNING: ScsiScan: 1638: Failed to add path vmhba0:C0:T13:L0 : Not found
2025-12-18T19:29:24.662Z cpu20:2098665)WARNING: ScsiScan: 1638: Failed to add path vmhba0:C0:T14:L0 : Not found
2025-12-18T19:29:24.663Z cpu20:2098665)WARNING: ScsiScan: 1638: Failed to add path vmhba0:C0:T15:L0 : Not found
2025-12-18T19:29:24.665Z cpu20:2098665)WARNING: ScsiScan: 1638: Failed to add path vmhba0:C0:T16:L0 : Not found
2025-12-18T19:51:17.045Z cpu22:2099525)WARNING: Tcpip_Vmk: 1156: Failed to set default gateway (51): Network unreachable
0:00:00:05.326 cpu0:2097152)WARNING: VTD: 715: ACPI DMAR table not found
0:00:00:05.326 cpu0:2097152)WARNING: IOV: 231: IOV initialization failed
0:00:00:05.349 cpu0:2097152)WARNING: VMKAcpi: 1012: \_SB_.PCI0: resource length bad, using base/limit values
0:00:00:05.351 cpu0:2097152)WARNING: VMKAcpi: 318: \_SB_.PCI0.LPC0.TMR_: skipping GSIV 0 conflict
2025-12-18T19:55:41.470Z cpu12:2097738)WARNING: Keyboard: 777: Ignoring registration attempt: External USB driver already registered.
2025-12-18T19:55:41.470Z cpu12:2097738)WARNING: VMKAPICore: 2472: Failed to register external keyboard driver, type: 1
2025-12-18T19:55:41.731Z cpu15:2097783)WARNING: etherswitch: PortCfg_ModInit:910: Skipped initializing etherswitch portcfg for VSS to use cswitch and portcfg module
2025-12-18T19:55:44.036Z cpu8:2097889)WARNING: ScsiScan: 1638: Failed to add path vmhba0:C0:T9:L0 : Not found
2025-12-18T19:55:44.041Z cpu8:2097889)WARNING: ScsiScan: 1638: Failed to add path vmhba0:C0:T10:L0 : Not found
2025-12-18T19:55:44.045Z cpu8:2097889)WARNING: ScsiScan: 1638: Failed to add path vmhba0:C0:T11:L0 : Not found
2025-12-18T19:55:44.046Z cpu8:2097889)WARNING: ScsiScan: 1638: Failed to add path vmhba0:C0:T12:L0 : Not found
2025-12-18T19:55:44.049Z cpu8:2097889)WARNING: ScsiScan: 1638: Failed to add path vmhba0:C0:T13:L0 : Not found
2025-12-18T19:55:44.051Z cpu8:2097889)WARNING: ScsiScan: 1638: Failed to add path vmhba0:C0:T14:L0 : Not found
2025-12-18T19:55:44.062Z cpu8:2097889)WARNING: ScsiScan: 1638: Failed to add path vmhba0:C0:T15:L0 : Not found
2025-12-18T19:55:44.067Z cpu8:2097889)WARNING: ScsiScan: 1638: Failed to add path vmhba0:C0:T16:L0 : Not found
2025-12-18T19:55:45.032Z cpu2:2097942)WARNING: FBFT not enabled
2025-12-18T19:55:53.338Z cpu11:2097696)WARNING: ScsiPath: 9274: Adapter Invalid does not exist
2025-12-18T19:55:53.338Z cpu2:2097698)WARNING: PCI: 1211: 0000:00:1d.7 is nameless
2025-12-18T19:55:53.492Z cpu2:2097265)WARNING: NFS: 1226: Invalid volume UUID mpx.vmhba32:C0:T0:L0:5
2025-12-18T19:55:54.354Z cpu4:2097415)WARNING: NFS: 1226: Invalid volume UUID mpx.vmhba32:C0:T0:L0:6
2025-12-18T19:55:54.497Z cpu7:2097418)WARNING: NFS: 1226: Invalid volume UUID mpx.vmhba32:C0:T0:L0:8
2025-12-18T19:55:54.942Z cpu13:2097635)WARNING: NFS: 1226: Invalid volume UUID 3a4fd8ce-f2fb6b00-6359-5cf3fce846f8
2025-12-18T19:55:56.533Z cpu1:2098354)WARNING: APEI: 290: Could not initialize HEST
2025-12-18T19:55:56.533Z cpu1:2098354)WARNING: APEI: 319: Could not initialize EINJ
2025-12-18T19:56:04.968Z cpu1:2097518)WARNING: NMP: nmpUnclaimPath:1646: Physical path "vmhba32:C0:T0:L0" is the last path to NMP device "Unregistered Device". The device has been unregistered.
2025-12-18T19:56:04.968Z cpu1:2097518)WARNING: ScsiPath: 8929: Remove path: vmhba32:C0:T0:L0
2025-12-18T19:56:05.237Z cpu9:2098579)WARNING: ScsiScan: 1638: Failed to add path vmhba0:C0:T9:L0 : Not found
2025-12-18T19:56:05.239Z cpu9:2098579)WARNING: ScsiScan: 1638: Failed to add path vmhba0:C0:T10:L0 : Not found
2025-12-18T19:56:05.240Z cpu9:2098579)WARNING: ScsiScan: 1638: Failed to add path vmhba0:C0:T11:L0 : Not found
2025-12-18T19:56:05.242Z cpu9:2098579)WARNING: ScsiScan: 1638: Failed to add path vmhba0:C0:T12:L0 : Not found
2025-12-18T19:56:05.243Z cpu9:2098579)WARNING: ScsiScan: 1638: Failed to add path vmhba0:C0:T13:L0 : Not found
2025-12-18T19:56:05.245Z cpu9:2098579)WARNING: ScsiScan: 1638: Failed to add path vmhba0:C0:T14:L0 : Not found
2025-12-18T19:56:05.246Z cpu9:2098579)WARNING: ScsiScan: 1638: Failed to add path vmhba0:C0:T15:L0 : Not found
2025-12-18T19:56:05.248Z cpu9:2098579)WARNING: ScsiScan: 1638: Failed to add path vmhba0:C0:T16:L0 : Not found
2025-12-18T19:56:06.643Z cpu21:2098665)WARNING: ScsiScan: 1638: Failed to add path vmhba0:C0:T9:L0 : Not found
2025-12-18T19:56:06.644Z cpu21:2098665)WARNING: ScsiScan: 1638: Failed to add path vmhba0:C0:T10:L0 : Not found
2025-12-18T19:56:06.646Z cpu21:2098665)WARNING: ScsiScan: 1638: Failed to add path vmhba0:C0:T11:L0 : Not found
2025-12-18T19:56:06.647Z cpu21:2098665)WARNING: ScsiScan: 1638: Failed to add path vmhba0:C0:T12:L0 : Not found
2025-12-18T19:56:06.649Z cpu21:2098665)WARNING: ScsiScan: 1638: Failed to add path vmhba0:C0:T13:L0 : Not found
2025-12-18T19:56:06.650Z cpu21:2098665)WARNING: ScsiScan: 1638: Failed to add path vmhba0:C0:T14:L0 : Not found
2025-12-18T19:56:06.652Z cpu21:2098665)WARNING: ScsiScan: 1638: Failed to add path vmhba0:C0:T15:L0 : Not found
2025-12-18T19:56:06.653Z cpu21:2098665)WARNING: ScsiScan: 1638: Failed to add path vmhba0:C0:T16:L0 : Not found
0:00:00:05.328 cpu0:2097152)WARNING: VTD: 715: ACPI DMAR table not found
0:00:00:05.328 cpu0:2097152)WARNING: IOV: 231: IOV initialization failed
0:00:00:05.352 cpu0:2097152)WARNING: VMKAcpi: 1012: \_SB_.PCI0: resource length bad, using base/limit values
0:00:00:05.353 cpu0:2097152)WARNING: VMKAcpi: 318: \_SB_.PCI0.LPC0.TMR_: skipping GSIV 0 conflict
2025-12-27T00:20:20.468Z cpu8:2097738)WARNING: Keyboard: 777: Ignoring registration attempt: External USB driver already registered.
2025-12-27T00:20:20.468Z cpu8:2097738)WARNING: VMKAPICore: 2472: Failed to register external keyboard driver, type: 1
2025-12-27T00:20:20.704Z cpu19:2097783)WARNING: etherswitch: PortCfg_ModInit:910: Skipped initializing etherswitch portcfg for VSS to use cswitch and portcfg module
2025-12-27T00:20:23.038Z cpu0:2097889)WARNING: ScsiScan: 1638: Failed to add path vmhba0:C0:T9:L0 : Not found
2025-12-27T00:20:23.053Z cpu0:2097889)WARNING: ScsiScan: 1638: Failed to add path vmhba0:C0:T10:L0 : Not found
2025-12-27T00:20:23.055Z cpu0:2097889)WARNING: ScsiScan: 1638: Failed to add path vmhba0:C0:T11:L0 : Not found
2025-12-27T00:20:24.291Z cpu0:2097889)WARNING: ScsiScan: 1638: Failed to add path vmhba0:C0:T12:L0 : Not found
2025-12-27T00:20:24.300Z cpu0:2097889)WARNING: ScsiScan: 1638: Failed to add path vmhba0:C0:T13:L0 : Not found
2025-12-27T00:20:24.302Z cpu0:2097889)WARNING: ScsiScan: 1638: Failed to add path vmhba0:C0:T14:L0 : Not found
2025-12-27T00:20:24.311Z cpu0:2097889)WARNING: ScsiScan: 1638: Failed to add path vmhba0:C0:T15:L0 : Not found
2025-12-27T00:20:24.328Z cpu0:2097889)WARNING: ScsiScan: 1638: Failed to add path vmhba0:C0:T16:L0 : Not found
2025-12-27T00:20:25.311Z cpu17:2097943)WARNING: FBFT not enabled
2025-12-27T00:20:32.299Z cpu15:2097696)WARNING: ScsiPath: 9274: Adapter Invalid does not exist
2025-12-27T00:20:32.299Z cpu3:2097698)WARNING: PCI: 1211: 0000:00:1d.7 is nameless
2025-12-27T00:20:38.376Z cpu20:2097635)WARNING: NFS: 1226: Invalid volume UUID 3a4fd8ce-f2fb6b00-6359-5cf3fce846f8
2025-12-27T00:20:40.430Z cpu3:2098355)WARNING: APEI: 290: Could not initialize HEST
2025-12-27T00:20:40.430Z cpu3:2098355)WARNING: APEI: 319: Could not initialize EINJ
2025-12-27T00:20:49.662Z cpu8:2097518)WARNING: NMP: nmpUnclaimPath:1646: Physical path "vmhba32:C0:T0:L0" is the last path to NMP device "Unregistered Device". The device has been unregistered.
2025-12-27T00:20:49.662Z cpu8:2097518)WARNING: ScsiPath: 8929: Remove path: vmhba32:C0:T0:L0
2025-12-27T00:20:49.936Z cpu20:2098590)WARNING: ScsiScan: 1638: Failed to add path vmhba0:C0:T9:L0 : Not found
2025-12-27T00:20:49.938Z cpu20:2098590)WARNING: ScsiScan: 1638: Failed to add path vmhba0:C0:T10:L0 : Not found
2025-12-27T00:20:49.939Z cpu20:2098590)WARNING: ScsiScan: 1638: Failed to add path vmhba0:C0:T11:L0 : Not found
2025-12-27T00:20:49.940Z cpu20:2098590)WARNING: ScsiScan: 1638: Failed to add path vmhba0:C0:T12:L0 : Not found
2025-12-27T00:20:49.942Z cpu20:2098590)WARNING: ScsiScan: 1638: Failed to add path vmhba0:C0:T13:L0 : Not found
2025-12-27T00:20:49.943Z cpu20:2098590)WARNING: ScsiScan: 1638: Failed to add path vmhba0:C0:T14:L0 : Not found
2025-12-27T00:20:49.944Z cpu20:2098590)WARNING: ScsiScan: 1638: Failed to add path vmhba0:C0:T15:L0 : Not found
2025-12-27T00:20:49.946Z cpu20:2098590)WARNING: ScsiScan: 1638: Failed to add path vmhba0:C0:T16:L0 : Not found
2025-12-27T00:20:51.393Z cpu9:2098676)WARNING: ScsiScan: 1638: Failed to add path vmhba0:C0:T9:L0 : Not found
2025-12-27T00:20:51.395Z cpu9:2098676)WARNING: ScsiScan: 1638: Failed to add path vmhba0:C0:T10:L0 : Not found
2025-12-27T00:20:51.396Z cpu9:2098676)WARNING: ScsiScan: 1638: Failed to add path vmhba0:C0:T11:L0 : Not found
2025-12-27T00:20:53.022Z cpu9:2098676)WARNING: ScsiScan: 1638: Failed to add path vmhba0:C0:T12:L0 : Not found
2025-12-27T00:20:53.037Z cpu9:2098676)WARNING: ScsiScan: 1638: Failed to add path vmhba0:C0:T13:L0 : Not found
2025-12-27T00:20:53.038Z cpu9:2098676)WARNING: ScsiScan: 1638: Failed to add path vmhba0:C0:T14:L0 : Not found
2025-12-27T00:20:53.046Z cpu9:2098676)WARNING: ScsiScan: 1638: Failed to add path vmhba0:C0:T15:L0 : Not found
2025-12-27T00:20:53.048Z cpu9:2098676)WARNING: ScsiScan: 1638: Failed to add path vmhba0:C0:T16:L0 : Not found
2025-12-27T00:33:28.344Z cpu18:2099891)WARNING: UserMem: 5073: openssl: Unable to create heap mmInfo: Already exists start 0x15a81ab000 end 0x15a81cc000
2025-12-27T00:33:30.783Z cpu0:2099894)WARNING: UserMem: 5073: openssl: Unable to create heap mmInfo: Already exists start 0x9057ce7000 end 0x9057d08000
2025-12-27T00:34:44.206Z cpu20:2099538)WARNING: Tcpip_Vmk: 1156: Failed to set default gateway (51): Network unreachable
2025-12-27T00:35:12.795Z cpu9:2099986)WARNING: UserMem: 5073: openssl: Unable to create heap mmInfo: Already exists start 0x448402a000 end 0x448404b000
0:00:00:05.318 cpu0:2097152)WARNING: VTD: 715: ACPI DMAR table not found
0:00:00:05.318 cpu0:2097152)WARNING: IOV: 231: IOV initialization failed
0:00:00:05.341 cpu0:2097152)WARNING: VMKAcpi: 1012: \_SB_.PCI0: resource length bad, using base/limit values
0:00:00:05.343 cpu0:2097152)WARNING: VMKAcpi: 318: \_SB_.PCI0.LPC0.TMR_: skipping GSIV 0 conflict
2025-12-27T00:44:13.477Z cpu4:2097738)WARNING: Keyboard: 777: Ignoring registration attempt: External USB driver already registered.
2025-12-27T00:44:13.477Z cpu4:2097738)WARNING: VMKAPICore: 2472: Failed to register external keyboard driver, type: 1
2025-12-27T00:44:13.706Z cpu7:2097783)WARNING: etherswitch: PortCfg_ModInit:910: Skipped initializing etherswitch portcfg for VSS to use cswitch and portcfg module
2025-12-27T00:44:16.057Z cpu5:2097889)WARNING: ScsiScan: 1638: Failed to add path vmhba0:C0:T9:L0 : Not found
2025-12-27T00:44:16.070Z cpu5:2097889)WARNING: ScsiScan: 1638: Failed to add path vmhba0:C0:T10:L0 : Not found
2025-12-27T00:44:16.079Z cpu5:2097889)WARNING: ScsiScan: 1638: Failed to add path vmhba0:C0:T11:L0 : Not found
2025-12-27T00:44:16.098Z cpu5:2097889)WARNING: ScsiScan: 1638: Failed to add path vmhba0:C0:T13:L0 : Not found
2025-12-27T00:44:16.099Z cpu5:2097889)WARNING: ScsiScan: 1638: Failed to add path vmhba0:C0:T14:L0 : Not found
2025-12-27T00:44:16.117Z cpu5:2097889)WARNING: ScsiScan: 1638: Failed to add path vmhba0:C0:T15:L0 : Not found
2025-12-27T00:44:16.132Z cpu5:2097889)WARNING: ScsiScan: 1638: Failed to add path vmhba0:C0:T16:L0 : Not found
2025-12-27T00:44:17.053Z cpu19:2097942)WARNING: FBFT not enabled
2025-12-27T00:44:25.264Z cpu10:2097696)WARNING: ScsiPath: 9274: Adapter Invalid does not exist
2025-12-27T00:44:25.264Z cpu5:2097698)WARNING: PCI: 1211: 0000:00:1d.7 is nameless
2025-12-27T00:44:26.386Z cpu0:2097407)WARNING: NFS: 1226: Invalid volume UUID mpx.vmhba32:C0:T0:L0:8
2025-12-27T00:44:26.763Z cpu4:2097635)WARNING: NFS: 1226: Invalid volume UUID 3a4fd8ce-f2fb6b00-6359-5cf3fce846f8
2025-12-27T00:44:28.635Z cpu12:2098354)WARNING: APEI: 290: Could not initialize HEST
2025-12-27T00:44:28.635Z cpu12:2098354)WARNING: APEI: 319: Could not initialize EINJ
2025-12-27T00:44:37.858Z cpu8:2097518)WARNING: NMP: nmpUnclaimPath:1646: Physical path "vmhba32:C0:T0:L0" is the last path to NMP device "Unregistered Device". The device has been unregistered.
2025-12-27T00:44:37.858Z cpu8:2097518)WARNING: ScsiPath: 8929: Remove path: vmhba32:C0:T0:L0
2025-12-27T00:44:38.142Z cpu9:2098589)WARNING: ScsiScan: 1638: Failed to add path vmhba0:C0:T9:L0 : Not found
2025-12-27T00:44:38.143Z cpu9:2098589)WARNING: ScsiScan: 1638: Failed to add path vmhba0:C0:T10:L0 : Not found
2025-12-27T00:44:38.144Z cpu9:2098589)WARNING: ScsiScan: 1638: Failed to add path vmhba0:C0:T11:L0 : Not found
2025-12-27T00:44:38.146Z cpu9:2098589)WARNING: ScsiScan: 1638: Failed to add path vmhba0:C0:T13:L0 : Not found
2025-12-27T00:44:38.147Z cpu9:2098589)WARNING: ScsiScan: 1638: Failed to add path vmhba0:C0:T14:L0 : Not found
2025-12-27T00:44:38.149Z cpu9:2098589)WARNING: ScsiScan: 1638: Failed to add path vmhba0:C0:T15:L0 : Not found
2025-12-27T00:44:38.150Z cpu9:2098589)WARNING: ScsiScan: 1638: Failed to add path vmhba0:C0:T16:L0 : Not found
2025-12-27T00:44:39.593Z cpu6:2098675)WARNING: ScsiScan: 1638: Failed to add path vmhba0:C0:T9:L0 : Not found
2025-12-27T00:44:39.594Z cpu6:2098675)WARNING: ScsiScan: 1638: Failed to add path vmhba0:C0:T10:L0 : Not found
2025-12-27T00:44:39.595Z cpu6:2098675)WARNING: ScsiScan: 1638: Failed to add path vmhba0:C0:T11:L0 : Not found
2025-12-27T00:44:39.597Z cpu6:2098675)WARNING: ScsiScan: 1638: Failed to add path vmhba0:C0:T13:L0 : Not found
2025-12-27T00:44:39.598Z cpu6:2098675)WARNING: ScsiScan: 1638: Failed to add path vmhba0:C0:T14:L0 : Not found
2025-12-27T00:44:39.600Z cpu6:2098675)WARNING: ScsiScan: 1638: Failed to add path vmhba0:C0:T15:L0 : Not found
2025-12-27T00:44:39.601Z cpu6:2098675)WARNING: ScsiScan: 1638: Failed to add path vmhba0:C0:T16:L0 : Not found
0:00:00:05.295 cpu0:2097152)WARNING: VTD: 715: ACPI DMAR table not found
0:00:00:05.295 cpu0:2097152)WARNING: IOV: 231: IOV initialization failed
0:00:00:05.318 cpu0:2097152)WARNING: VMKAcpi: 1012: \_SB_.PCI0: resource length bad, using base/limit values
0:00:00:05.319 cpu0:2097152)WARNING: VMKAcpi: 318: \_SB_.PCI0.LPC0.TMR_: skipping GSIV 0 conflict
2026-01-10T07:55:24.464Z cpu9:2097738)WARNING: Keyboard: 777: Ignoring registration attempt: External USB driver already registered.
2026-01-10T07:55:24.464Z cpu9:2097738)WARNING: VMKAPICore: 2472: Failed to register external keyboard driver, type: 1
2026-01-10T07:55:24.694Z cpu12:2097783)WARNING: etherswitch: PortCfg_ModInit:910: Skipped initializing etherswitch portcfg for VSS to use cswitch and portcfg module
2026-01-10T07:55:27.023Z cpu0:2097889)WARNING: ScsiScan: 1638: Failed to add path vmhba0:C0:T9:L0 : Not found
2026-01-10T07:55:27.036Z cpu0:2097889)WARNING: ScsiScan: 1638: Failed to add path vmhba0:C0:T10:L0 : Not found
2026-01-10T07:55:27.046Z cpu0:2097889)WARNING: ScsiScan: 1638: Failed to add path vmhba0:C0:T11:L0 : Not found
2026-01-10T07:55:27.053Z cpu0:2097889)WARNING: ScsiScan: 1638: Failed to add path vmhba0:C0:T13:L0 : Not found
2026-01-10T07:55:27.055Z cpu0:2097889)WARNING: ScsiScan: 1638: Failed to add path vmhba0:C0:T14:L0 : Not found
2026-01-10T07:55:27.063Z cpu0:2097889)WARNING: ScsiScan: 1638: Failed to add path vmhba0:C0:T15:L0 : Not found
2026-01-10T07:55:27.075Z cpu0:2097889)WARNING: ScsiScan: 1638: Failed to add path vmhba0:C0:T16:L0 : Not found
2026-01-10T07:55:28.050Z cpu10:2097944)WARNING: FBFT not enabled
2026-01-10T07:55:36.187Z cpu3:2097696)WARNING: ScsiPath: 9274: Adapter Invalid does not exist
2026-01-10T07:55:36.187Z cpu19:2097698)WARNING: PCI: 1211: 0000:00:1d.7 is nameless
2026-01-10T07:55:37.371Z cpu0:2097415)WARNING: NFS: 1226: Invalid volume UUID mpx.vmhba32:C0:T0:L0:8
2026-01-10T07:55:37.663Z cpu2:2097634)WARNING: NFS: 1226: Invalid volume UUID 3a4fd8ce-f2fb6b00-6359-5cf3fce846f8
2026-01-10T07:55:39.298Z cpu16:2098356)WARNING: APEI: 290: Could not initialize HEST
2026-01-10T07:55:39.298Z cpu16:2098356)WARNING: APEI: 319: Could not initialize EINJ
2026-01-10T07:55:48.219Z cpu1:2097518)WARNING: NMP: nmpUnclaimPath:1646: Physical path "vmhba32:C0:T0:L0" is the last path to NMP device "Unregistered Device". The device has been unregistered.
2026-01-10T07:55:48.219Z cpu1:2097518)WARNING: ScsiPath: 8929: Remove path: vmhba32:C0:T0:L0
2026-01-10T07:55:48.495Z cpu17:2098591)WARNING: ScsiScan: 1638: Failed to add path vmhba0:C0:T9:L0 : Not found
2026-01-10T07:55:48.497Z cpu17:2098591)WARNING: ScsiScan: 1638: Failed to add path vmhba0:C0:T10:L0 : Not found
2026-01-10T07:55:48.501Z cpu17:2098591)WARNING: ScsiScan: 1638: Failed to add path vmhba0:C0:T11:L0 : Not found
2026-01-10T07:55:48.509Z cpu17:2098591)WARNING: ScsiScan: 1638: Failed to add path vmhba0:C0:T13:L0 : Not found
2026-01-10T07:55:48.511Z cpu17:2098591)WARNING: ScsiScan: 1638: Failed to add path vmhba0:C0:T14:L0 : Not found
2026-01-10T07:55:48.512Z cpu17:2098591)WARNING: ScsiScan: 1638: Failed to add path vmhba0:C0:T15:L0 : Not found
2026-01-10T07:55:48.514Z cpu17:2098591)WARNING: ScsiScan: 1638: Failed to add path vmhba0:C0:T16:L0 : Not found
2026-01-10T07:55:49.914Z cpu18:2098677)WARNING: ScsiScan: 1638: Failed to add path vmhba0:C0:T9:L0 : Not found
2026-01-10T07:55:49.916Z cpu18:2098677)WARNING: ScsiScan: 1638: Failed to add path vmhba0:C0:T10:L0 : Not found
2026-01-10T07:55:49.918Z cpu18:2098677)WARNING: ScsiScan: 1638: Failed to add path vmhba0:C0:T11:L0 : Not found
2026-01-10T07:55:49.920Z cpu18:2098677)WARNING: ScsiScan: 1638: Failed to add path vmhba0:C0:T13:L0 : Not found
2026-01-10T07:55:49.922Z cpu18:2098677)WARNING: ScsiScan: 1638: Failed to add path vmhba0:C0:T14:L0 : Not found
2026-01-10T07:55:49.923Z cpu18:2098677)WARNING: ScsiScan: 1638: Failed to add path vmhba0:C0:T15:L0 : Not found
2026-01-10T07:55:49.924Z cpu18:2098677)WARNING: ScsiScan: 1638: Failed to add path vmhba0:C0:T16:L0 : Not found
2026-01-10T08:52:03.958Z cpu7:2099655)WARNING: E1000: 4325: End of the next rx packet
2026-01-10T08:52:03.958Z cpu7:2099655)WARNING: E1000: 4325: End of the next rx packet
2026-01-10T08:52:12.088Z cpu10:2099655)WARNING: E1000: 4325: End of the next rx packet
2026-01-10T08:52:12.089Z cpu10:2099655)WARNING: E1000: 4325: End of the next rx packet
2026-01-10T08:52:12.089Z cpu10:2099655)WARNING: E1000: 4325: End of the next rx packet
2026-01-10T08:52:12.091Z cpu10:2099655)WARNING: E1000: 4325: End of the next rx packet
2026-01-10T08:52:12.091Z cpu10:2099655)WARNING: E1000: 4325: End of the next rx packet
2026-01-10T08:52:12.094Z cpu10:2099655)WARNING: E1000: 4325: End of the next rx packet
2026-01-10T08:52:12.095Z cpu10:2099655)WARNING: E1000: 4325: End of the next rx packet
2026-01-10T08:52:12.095Z cpu10:2099655)WARNING: E1000: 4325: End of the next rx packet
2026-01-10T08:52:12.095Z cpu10:2099655)WARNING: E1000: 4325: End of the next rx packet
2026-01-10T08:52:12.096Z cpu10:2099655)WARNING: E1000: 4325: End of the next rx packet
2026-01-10T08:52:12.097Z cpu10:2099655)WARNING: E1000: 4325: End of the next rx packet
2026-01-10T08:52:12.097Z cpu10:2099655)WARNING: E1000: 4325: End of the next rx packet
2026-01-10T08:52:12.099Z cpu10:2099655)WARNING: E1000: 4325: End of the next rx packet
2026-01-10T08:52:12.099Z cpu10:2099655)WARNING: E1000: 4325: End of the next rx packet
2026-01-10T08:52:12.100Z cpu10:2099655)WARNING: E1000: 4325: End of the next rx packet
2026-01-10T08:52:12.101Z cpu10:2099655)WARNING: E1000: 4325: End of the next rx packet
2026-01-10T08:52:12.107Z cpu10:2099655)WARNING: E1000: 4325: End of the next rx packet
2026-01-10T08:52:14.760Z cpu9:2099655)WARNING: E1000: 4325: End of the next rx packet
2026-01-10T08:52:14.760Z cpu9:2099655)WARNING: E1000: 4325: End of the next rx packet
2026-01-10T08:52:14.761Z cpu9:2099655)WARNING: E1000: 4325: End of the next rx packet
2026-01-10T08:52:14.762Z cpu9:2099655)WARNING: E1000: 4325: End of the next rx packet
2026-01-10T08:52:14.762Z cpu9:2099655)WARNING: E1000: 4325: End of the next rx packet
2026-01-10T08:52:14.763Z cpu9:2099655)WARNING: E1000: 4325: End of the next rx packet
2026-01-10T08:52:14.766Z cpu9:2099655)WARNING: E1000: 4325: End of the next rx packet
2026-01-10T08:52:18.708Z cpu2:2099655)WARNING: E1000: 4325: End of the next rx packet
2026-01-10T08:52:18.710Z cpu2:2099655)WARNING: E1000: 4325: End of the next rx packet
2026-01-10T08:52:18.711Z cpu2:2099655)WARNING: E1000: 4325: End of the next rx packet
2026-01-10T08:52:18.711Z cpu2:2099655)WARNING: E1000: 4325: End of the next rx packet
2026-01-10T08:52:18.712Z cpu2:2099655)WARNING: E1000: 4325: End of the next rx packet
2026-01-10T08:52:18.712Z cpu2:2099655)WARNING: E1000: 4325: End of the next rx packet
2026-01-10T08:52:18.717Z cpu2:2099655)WARNING: E1000: 4325: End of the next rx packet
2026-01-10T08:52:18.718Z cpu2:2099655)WARNING: E1000: 4325: End of the next rx packet
2026-01-10T08:52:18.719Z cpu2:2099655)WARNING: E1000: 4325: End of the next rx packet
2026-01-10T08:52:18.719Z cpu2:2099655)WARNING: E1000: 4325: End of the next rx packet
2026-01-10T08:52:18.720Z cpu2:2099655)WARNING: E1000: 4325: End of the next rx packet
2026-01-10T08:52:18.721Z cpu2:2099655)WARNING: E1000: 4325: End of the next rx packet
2026-01-10T08:52:18.721Z cpu2:2099655)WARNING: E1000: 4325: End of the next rx packet
2026-01-10T08:52:18.721Z cpu2:2099655)WARNING: E1000: 4325: End of the next rx packet
2026-01-10T08:52:18.722Z cpu2:2099655)WARNING: E1000: 4325: End of the next rx packet
2026-01-10T08:52:18.726Z cpu2:2099655)WARNING: E1000: 4325: End of the next rx packet
2026-01-10T08:52:18.727Z cpu2:2099655)WARNING: E1000: 4325: End of the next rx packet
2026-01-10T08:52:18.729Z cpu2:2099655)WARNING: E1000: 4325: End of the next rx packet
2026-01-10T08:52:21.425Z cpu6:2099655)WARNING: E1000: 4325: End of the next rx packet
2026-01-10T08:52:21.426Z cpu6:2099655)WARNING: E1000: 4325: End of the next rx packet
2026-01-10T08:52:21.429Z cpu2:2099655)WARNING: E1000: 4325: End of the next rx packet
2026-01-10T08:52:21.542Z cpu6:2099655)WARNING: E1000: 4325: End of the next rx packet
2026-01-10T08:52:21.585Z cpu7:2099655)WARNING: E1000: 4325: End of the next rx packet
2026-01-10T08:52:24.464Z cpu6:2099655)WARNING: E1000: 4325: End of the next rx packet
2026-01-10T08:52:24.464Z cpu6:2099655)WARNING: E1000: 4325: End of the next rx packet
2026-01-10T08:52:24.465Z cpu6:2099655)WARNING: E1000: 4325: End of the next rx packet
2026-01-10T08:52:24.470Z cpu6:2099655)WARNING: E1000: 4325: End of the next rx packet
2026-01-10T08:52:24.471Z cpu6:2099655)WARNING: E1000: 4325: End of the next rx packet
2026-01-10T08:52:24.472Z cpu6:2099655)WARNING: E1000: 4325: End of the next rx packet
2026-01-10T08:52:24.474Z cpu6:2099655)WARNING: E1000: 4325: End of the next rx packet
2026-01-10T08:52:24.474Z cpu6:2099655)WARNING: E1000: 4325: End of the next rx packet
2026-01-10T08:52:24.710Z cpu0:2099655)WARNING: E1000: 4325: End of the next rx packet
2026-01-10T08:52:24.711Z cpu0:2099655)WARNING: E1000: 4325: End of the next rx packet
2026-01-10T08:52:27.201Z cpu4:2099655)WARNING: E1000: 4325: End of the next rx packet
2026-01-10T08:52:28.072Z cpu0:2099655)WARNING: E1000: 4325: End of the next rx packet
2026-01-10T08:52:28.075Z cpu0:2099655)WARNING: E1000: 4325: End of the next rx packet
2026-01-10T08:52:28.076Z cpu0:2099655)WARNING: E1000: 4325: End of the next rx packet
2026-01-10T08:52:28.077Z cpu0:2099655)WARNING: E1000: 4325: End of the next rx packet
2026-01-10T08:52:28.077Z cpu0:2099655)WARNING: E1000: 4325: End of the next rx packet
2026-01-10T08:52:28.084Z cpu8:2099655)WARNING: E1000: 4325: End of the next rx packet
2026-01-10T08:52:28.085Z cpu8:2099655)WARNING: E1000: 4325: End of the next rx packet
2026-01-10T08:52:28.086Z cpu8:2099655)WARNING: E1000: 4325: End of the next rx packet
2026-01-10T08:52:31.411Z cpu8:2099655)WARNING: E1000: 4325: End of the next rx packet
2026-01-10T08:52:31.414Z cpu8:2099655)WARNING: E1000: 4325: End of the next rx packet
2026-01-10T08:52:31.415Z cpu8:2099655)WARNING: E1000: 4325: End of the next rx packet
2026-01-10T08:52:31.417Z cpu8:2099655)WARNING: E1000: 4325: End of the next rx packet
2026-01-10T08:52:31.418Z cpu8:2099655)WARNING: E1000: 4325: End of the next rx packet
2026-01-10T08:52:31.419Z cpu8:2099655)WARNING: E1000: 4325: End of the next rx packet
2026-01-10T08:52:31.419Z cpu8:2099655)WARNING: E1000: 4325: End of the next rx packet
2026-01-10T08:52:31.419Z cpu8:2099655)WARNING: E1000: 4325: End of the next rx packet
2026-01-10T08:52:36.396Z cpu4:2099655)WARNING: E1000: 4325: End of the next rx packet
2026-01-10T08:52:36.397Z cpu4:2099655)WARNING: E1000: 4325: End of the next rx packet
2026-01-10T08:52:36.398Z cpu4:2099655)WARNING: E1000: 4325: End of the next rx packet
2026-01-10T08:52:36.398Z cpu4:2099655)WARNING: E1000: 4325: End of the next rx packet
2026-01-10T08:52:36.399Z cpu4:2099655)WARNING: E1000: 4325: End of the next rx packet
2026-01-10T08:52:36.399Z cpu4:2099655)WARNING: E1000: 4325: End of the next rx packet
2026-01-10T08:52:36.400Z cpu4:2099655)WARNING: E1000: 4325: End of the next rx packet
2026-01-10T08:52:36.401Z cpu4:2099655)WARNING: E1000: 4325: End of the next rx packet
2026-01-10T08:52:36.402Z cpu4:2099655)WARNING: E1000: 4325: End of the next rx packet
2026-01-10T08:52:36.404Z cpu4:2099655)WARNING: E1000: 4325: End of the next rx packet
2026-01-10T08:52:36.635Z cpu2:2099655)WARNING: E1000: 4325: End of the next rx packet
2026-01-10T08:52:36.636Z cpu2:2099655)WARNING: E1000: 4325: End of the next rx packet
2026-01-10T08:52:38.013Z cpu8:2099655)WARNING: E1000: 4325: End of the next rx packet
2026-01-10T08:52:38.015Z cpu8:2099655)WARNING: E1000: 4325: End of the next rx packet
2026-01-10T08:52:38.016Z cpu8:2099655)WARNING: E1000: 4325: End of the next rx packet
2026-01-10T08:52:38.017Z cpu8:2099655)WARNING: E1000: 4325: End of the next rx packet
2026-01-10T08:52:38.017Z cpu8:2099655)WARNING: E1000: 4325: End of the next rx packet
2026-01-10T08:52:38.018Z cpu8:2099655)WARNING: E1000: 4325: End of the next rx packet
2026-01-10T08:52:38.019Z cpu8:2099655)WARNING: E1000: 4325: End of the next rx packet
2026-01-10T08:52:38.020Z cpu8:2099655)WARNING: E1000: 4325: End of the next rx packet
2026-01-10T08:52:38.020Z cpu8:2099655)WARNING: E1000: 4325: End of the next rx packet
2026-01-10T08:52:38.021Z cpu8:2099655)WARNING: E1000: 4325: End of the next rx packet
2026-01-10T08:52:38.021Z cpu8:2099655)WARNING: E1000: 4325: End of the next rx packet
2026-01-10T08:52:38.021Z cpu8:2099655)WARNING: E1000: 4325: End of the next rx packet
2026-01-10T09:39:28.904Z cpu7:2102712)WARNING: PCI: 189: 0000:00:1c.0: Bypassing non-ACS capable device in hierarchy
2026-01-10T09:39:28.911Z cpu7:2102712)WARNING: PCI: 189: 0000:00:1c.4: Bypassing non-ACS capable device in hierarchy
2026-01-10T09:39:28.963Z cpu10:2102712)WARNING: PCI: 189: 0000:01:00.0: Bypassing non-ACS capable device in hierarchy
2026-01-10T09:39:28.970Z cpu10:2102712)WARNING: PCI: 189: 0000:06:00.0: Bypassing non-ACS capable device in hierarchy
2026-01-10T09:39:28.979Z cpu10:2102712)WARNING: PCI: 189: 0000:07:00.0: Bypassing non-ACS capable device in hierarchy
2026-01-10T09:39:36.730Z cpu10:2102712)WARNING: cswitch: VLAN_PortGetVLANData:397: [nsx@6876 comp="nsx-esx" subcomp="vswitch"]No vlan data for non dvs ports or ports without port group 0x2000001
2026-01-10T09:39:36.731Z cpu10:2102712)WARNING: cswitch: VLAN_PortGetVLANData:397: [nsx@6876 comp="nsx-esx" subcomp="vswitch"]No vlan data for non dvs ports or ports without port group 0x2000002
2026-01-10T09:39:36.731Z cpu10:2102712)WARNING: cswitch: VLAN_PortGetVLANData:397: [nsx@6876 comp="nsx-esx" subcomp="vswitch"]No vlan data for non dvs ports or ports without port group 0x2000003
2026-01-10T09:39:39.083Z cpu22:2102740)WARNING: PCI: 189: 0000:00:1c.0: Bypassing non-ACS capable device in hierarchy
2026-01-10T09:39:39.090Z cpu22:2102740)WARNING: PCI: 189: 0000:00:1c.4: Bypassing non-ACS capable device in hierarchy
2026-01-10T09:39:39.142Z cpu22:2102740)WARNING: PCI: 189: 0000:01:00.0: Bypassing non-ACS capable device in hierarchy
2026-01-10T09:39:39.151Z cpu22:2102740)WARNING: PCI: 189: 0000:06:00.0: Bypassing non-ACS capable device in hierarchy
2026-01-10T09:39:39.159Z cpu22:2102740)WARNING: PCI: 189: 0000:07:00.0: Bypassing non-ACS capable device in hierarchy
2026-01-10T09:39:44.811Z cpu22:2102740)WARNING: cswitch: VLAN_PortGetVLANData:397: [nsx@6876 comp="nsx-esx" subcomp="vswitch"]No vlan data for non dvs ports or ports without port group 0x2000001
2026-01-10T09:39:44.812Z cpu22:2102740)WARNING: cswitch: VLAN_PortGetVLANData:397: [nsx@6876 comp="nsx-esx" subcomp="vswitch"]No vlan data for non dvs ports or ports without port group 0x2000002
2026-01-10T09:39:44.812Z cpu22:2102740)WARNING: cswitch: VLAN_PortGetVLANData:397: [nsx@6876 comp="nsx-esx" subcomp="vswitch"]No vlan data for non dvs ports or ports without port group 0x2000003
