2025-09-01T04:10:09.550Z info vsand[2104810] [opID=MainThread VsanVmomiPatcher::PatchPyVmomi] Python 3.5.10 (default, Jul  1 2021, 03:54:37)  [GCC 4.6.3] on linux, optimize: 0
2025-09-01T04:10:09.713Z info vsand[2104810] [opID=MainThread VsanVmomiPatcher::PatchPyVmomi] Loaded bindings 'pyVmomi.PbmObjects'
2025-09-01T04:10:09.714Z info vsand[2104810] [opID=MainThread VsanVmomiPatcher::PatchPyVmomi] Loaded bindings 'pyVmomi.QueryTypes'
2025-09-01T04:10:09.714Z info vsand[2104810] [opID=MainThread VsanVmomiPatcher::PatchPyVmomi] Loaded bindings 'pyVmomi.VsanDpTypes'
2025-09-01T04:10:09.714Z info vsand[2104810] [opID=MainThread VsanVmomiPatcher::PatchPyVmomi] Loaded bindings 'pyVmomi.CoreTypes'
2025-09-01T04:10:09.714Z info vsand[2104810] [opID=MainThread VsanVmomiPatcher::PatchPyVmomi] Loaded bindings 'pyVmomi.ReflectTypes'
2025-09-01T04:10:09.714Z info vsand[2104810] [opID=MainThread VsanVmomiPatcher::PatchPyVmomi] Loaded bindings 'pyVmomi.ServerObjects'
2025-09-01T04:10:09.714Z info vsand[2104810] [opID=MainThread VsanVmomiPatcher::PatchPyVmomi] Supported top level names: {'vim', 'ManagedObject', 'pbm', 'vmodl', 'DataObject'}
2025-09-01T04:10:09.846Z info vsand[2104810] [opID=MainThread VsanVmomiPatcher::PatchPyVmomi] Patched VmomiSupport.LazyType
2025-09-01T04:10:09.846Z info vsand[2104810] [opID=MainThread VsanVmomiPatcher::PatchPyVmomi] Patched vmodl.RuntimeFault
2025-09-01T04:10:09.846Z info vsand[2104810] [opID=MainThread VsanVmomiPatcher::PatchPyVmomi] Patched vmodl.LocalizedMethodFault
2025-09-01T04:10:09.846Z info vsand[2104810] [opID=MainThread VsanVmomiPatcher::PatchPyVmomi] Patched vmodl.MethodFault
2025-09-01T04:10:09.847Z info vsand[2104810] [opID=MainThread VsanVmomiPatcher::PatchPyVmomi] Patched vmodl.DynamicData
2025-09-01T04:10:09.847Z info vsand[2104810] [opID=MainThread VsanVmomiPatcher::PatchPyVmomi] Patched VmomiSupport.DataObject
2025-09-01T04:10:09.847Z info vsand[2104810] [opID=MainThread VsanVmomiPatcher::PatchPyVmomi] pyvmomi is patched!
2025-09-01T04:10:09.851Z info vsand[2104810] [opID=MainThread VsanMgmtUtil::__init__] Initialized ObjectCache: 'ProfilerStatsCache', maxSize=10000, ttl=None
2025-09-01T04:10:10.277Z info vsand[2104810] [opID=MainThread statsdaemon::LoadAndRegisterManagedObjects] Loading VcsaDeployerSystem__ext_init__
2025-09-01T04:10:10.278Z info vsand[2104810] [opID=MainThread VcsaDeployerSystem__ext_init__::<module>] loading vcsaDeployer
2025-09-01T04:10:10.315Z info vsand[2104810] [opID=MainThread statsdaemon::LoadAndRegisterManagedObjects] Loading VsanCapabilitySystem__ext_init__
2025-09-01T04:10:10.319Z info vsand[2104810] [opID=MainThread statsdaemon::LoadAndRegisterManagedObjects] Loading VsanDebugSystem__ext_init__
2025-09-01T04:10:10.322Z info vsand[2104810] [opID=MainThread statsdaemon::LoadAndRegisterManagedObjects] Loading VsanDiskManagementSystem__ext_init__
2025-09-01T04:10:10.340Z info vsand[2104810] [opID=MainThread statsdaemon::LoadAndRegisterManagedObjects] Loading VsanHealth__ext_init__
2025-09-01T04:10:10.341Z info vsand[2104810] [opID=MainThread VsanPyVmomiProfiler::log] Profiler:
2025-09-01T04:10:10.342Z info vsand[2104810] [opID=MainThread VsanPyVmomiProfiler::logProfile]   Import VsanHealth sub modules: VsanHealthSystem: 0.00s, consumed: 26992KB (+0KB), consumedPeak: 26992KB (+0KB), effectiveMin: 102400KB (+0KB), effectiveMinPeak: 102400KB (+0KB), requestedMinPeak: 102400KB (+0KB)
2025-09-01T04:10:10.396Z info vsand[2104810] [opID=MainThread VsanHealthDaemon::run] Start VSAN Health Daemon Thread...
2025-09-01T04:10:10.398Z info vsand[2104810] [opID=MainThread VsanPyVmomiProfiler::log] Profiler:
2025-09-01T04:10:10.398Z info vsand[2104810] [opID=MainThread VsanPyVmomiProfiler::logProfile]   Import VsanHealth sub modules: VsanHealthSystemImpl: 0.06s, consumed: 26992KB (+0KB), consumedPeak: 26992KB (+0KB), effectiveMin: 102400KB (+0KB), effectiveMinPeak: 102400KB (+0KB), requestedMinPeak: 102400KB (+0KB)
2025-09-01T04:10:10.398Z info vsand[2104810] [opID=MainThread VsanPyVmomiProfiler::log] Profiler:
2025-09-01T04:10:10.399Z info vsand[2104810] [opID=MainThread VsanPyVmomiProfiler::logProfile]   Import VsanHealth sub modules: VsanClusterHealthSystem: 0.00s, consumed: 26992KB (+0KB), consumedPeak: 26992KB (+0KB), effectiveMin: 102400KB (+0KB), effectiveMinPeak: 102400KB (+0KB), requestedMinPeak: 102400KB (+0KB)
2025-09-01T04:10:10.399Z info vsand[2104810] [opID=MainThread VsanPyVmomiProfiler::log] Profiler:
2025-09-01T04:10:10.399Z info vsand[2104810] [opID=MainThread VsanPyVmomiProfiler::logProfile]   Import VsanHealth sub modules: VsanClusterHealthSystemImpl: 0.00s, consumed: 26992KB (+0KB), consumedPeak: 26992KB (+0KB), effectiveMin: 102400KB (+0KB), effectiveMinPeak: 102400KB (+0KB), requestedMinPeak: 102400KB (+0KB)
2025-09-01T04:10:10.401Z info vsand[2104810] [opID=MainThread VsanPyVmomiProfiler::log] Profiler:
2025-09-01T04:10:10.401Z info vsand[2104810] [opID=MainThread VsanPyVmomiProfiler::logProfile]   Import VsanHealth sub modules: VsanDataProtectionHostRecoverySystemImpl: 0.00s, consumed: 26992KB (+0KB), consumedPeak: 26992KB (+0KB), effectiveMin: 102400KB (+0KB), effectiveMinPeak: 102400KB (+0KB), requestedMinPeak: 102400KB (+0KB)
2025-09-01T04:10:10.428Z info vsand[2104810] [opID=MainThread VsanPyVmomiProfiler::log] Profiler:
2025-09-01T04:10:10.428Z info vsand[2104810] [opID=MainThread VsanPyVmomiProfiler::logProfile]   Import VsanHealth sub modules: VsanVcClusterHealthSystem: 0.03s, consumed: 26992KB (+0KB), consumedPeak: 26992KB (+0KB), effectiveMin: 102400KB (+0KB), effectiveMinPeak: 102400KB (+0KB), requestedMinPeak: 102400KB (+0KB)
2025-09-01T04:10:10.441Z info vsand[2104810] [opID=MainThread VsanPyVmomiProfiler::log] Profiler:
2025-09-01T04:10:10.441Z info vsand[2104810] [opID=MainThread VsanPyVmomiProfiler::logProfile]   Import VsanHealth sub modules: VsanVcClusterHealthSystemImpl: 0.01s, consumed: 26992KB (+0KB), consumedPeak: 26992KB (+0KB), effectiveMin: 102400KB (+0KB), effectiveMinPeak: 102400KB (+0KB), requestedMinPeak: 102400KB (+0KB)
2025-09-01T04:10:10.441Z info vsand[2104810] [opID=MainThread VsanPyVmomiProfiler::log] Profiler:
2025-09-01T04:10:10.441Z info vsand[2104810] [opID=MainThread VsanPyVmomiProfiler::logProfile]   Import VsanHealth sub modules: VsanSpaceReportSystem: 0.00s, consumed: 26992KB (+0KB), consumedPeak: 26992KB (+0KB), effectiveMin: 102400KB (+0KB), effectiveMinPeak: 102400KB (+0KB), requestedMinPeak: 102400KB (+0KB)
2025-09-01T04:10:10.443Z info vsand[2104810] [opID=MainThread VsanPyVmomiProfiler::log] Profiler:
2025-09-01T04:10:10.443Z info vsand[2104810] [opID=MainThread VsanPyVmomiProfiler::logProfile]   Import VsanHealth sub modules: VsanDataProtectionSpaceSystem: 0.00s, consumed: 26992KB (+0KB), consumedPeak: 26992KB (+0KB), effectiveMin: 102400KB (+0KB), effectiveMinPeak: 102400KB (+0KB), requestedMinPeak: 102400KB (+0KB)
2025-09-01T04:10:10.552Z info vsand[2104810] [opID=MainThread VsanPyVmomiProfiler::log] Profiler:
2025-09-01T04:10:10.552Z info vsand[2104810] [opID=MainThread VsanPyVmomiProfiler::logProfile]   Import VsanHealth sub modules: VsanDataProtectionSpaceSystemImpl: 0.11s, consumed: 26992KB (+0KB), consumedPeak: 26992KB (+0KB), effectiveMin: 102400KB (+0KB), effectiveMinPeak: 102400KB (+0KB), requestedMinPeak: 102400KB (+0KB)
2025-09-01T04:10:10.558Z info vsand[2104810] [opID=MainThread VsanPyVmomiProfiler::log] Profiler:
2025-09-01T04:10:10.558Z info vsand[2104810] [opID=MainThread VsanPyVmomiProfiler::logProfile]   Import VsanHealth sub modules: VsanVdsSystem: 0.01s, consumed: 26992KB (+0KB), consumedPeak: 26992KB (+0KB), effectiveMin: 102400KB (+0KB), effectiveMinPeak: 102400KB (+0KB), requestedMinPeak: 102400KB (+0KB)
2025-09-01T04:10:10.560Z info vsand[2104810] [opID=MainThread VsanPyVmomiProfiler::log] Profiler:
2025-09-01T04:10:10.560Z info vsand[2104810] [opID=MainThread VsanPyVmomiProfiler::logProfile]   Import VsanHealth sub modules: VsanVdsSystemImpl: 0.00s, consumed: 26992KB (+0KB), consumedPeak: 26992KB (+0KB), effectiveMin: 102400KB (+0KB), effectiveMinPeak: 102400KB (+0KB), requestedMinPeak: 102400KB (+0KB)
2025-09-01T04:10:10.564Z info vsand[2104810] [opID=MainThread VsanPyVmomiProfiler::log] Profiler:
2025-09-01T04:10:10.565Z info vsand[2104810] [opID=MainThread VsanPyVmomiProfiler::logProfile]   Import VsanHealth sub modules: VsanHostSystemProxyImpl: 0.00s, consumed: 26992KB (+0KB), consumedPeak: 26992KB (+0KB), effectiveMin: 102400KB (+0KB), effectiveMinPeak: 102400KB (+0KB), requestedMinPeak: 102400KB (+0KB)
2025-09-01T04:10:10.567Z info vsand[2104810] [opID=MainThread VsanPyVmomiProfiler::log] Profiler:
2025-09-01T04:10:10.567Z info vsand[2104810] [opID=MainThread VsanPyVmomiProfiler::logProfile]   Import VsanHealth sub modules: VsanVcPerformanceManagerImpl: 0.00s, consumed: 26992KB (+0KB), consumedPeak: 26992KB (+0KB), effectiveMin: 102400KB (+0KB), effectiveMinPeak: 102400KB (+0KB), requestedMinPeak: 102400KB (+0KB)
2025-09-01T04:10:10.567Z info vsand[2104810] [opID=MainThread VsanPyVmomiProfiler::log] Profiler:
2025-09-01T04:10:10.568Z info vsand[2104810] [opID=MainThread VsanPyVmomiProfiler::logProfile]   Import VsanHealth sub modules: VsanCommonTypes: 0.00s, consumed: 26992KB (+0KB), consumedPeak: 26992KB (+0KB), effectiveMin: 102400KB (+0KB), effectiveMinPeak: 102400KB (+0KB), requestedMinPeak: 102400KB (+0KB)
2025-09-01T04:10:10.575Z info vsand[2104810] [opID=MainThread VsanPyVmomiProfiler::log] Profiler:
2025-09-01T04:10:10.576Z info vsand[2104810] [opID=MainThread VsanPyVmomiProfiler::logProfile]   Import VsanHealth sub modules: VsanVcDiskFormatConverter: 0.01s, consumed: 26992KB (+0KB), consumedPeak: 26992KB (+0KB), effectiveMin: 102400KB (+0KB), effectiveMinPeak: 102400KB (+0KB), requestedMinPeak: 102400KB (+0KB)
2025-09-01T04:10:10.589Z info vsand[2104810] [opID=MainThread VsanPyVmomiProfiler::log] Profiler:
2025-09-01T04:10:10.589Z info vsand[2104810] [opID=MainThread VsanPyVmomiProfiler::logProfile]   Import VsanHealth sub modules: VsanVcDiskFormatConverterImpl: 0.01s, consumed: 26992KB (+0KB), consumedPeak: 26992KB (+0KB), effectiveMin: 102400KB (+0KB), effectiveMinPeak: 102400KB (+0KB), requestedMinPeak: 102400KB (+0KB)
2025-09-01T04:10:10.595Z info vsand[2104810] [opID=MainThread VsanPyVmomiProfiler::log] Profiler:
2025-09-01T04:10:10.596Z info vsand[2104810] [opID=MainThread VsanPyVmomiProfiler::logProfile]   Import VsanHealth sub modules: VsanMassCollector: 0.01s, consumed: 26992KB (+0KB), consumedPeak: 26992KB (+0KB), effectiveMin: 102400KB (+0KB), effectiveMinPeak: 102400KB (+0KB), requestedMinPeak: 102400KB (+0KB)
2025-09-01T04:10:10.598Z info vsand[2104810] [opID=MainThread VsanMgmtUtil::__init__] Initialized ObjectCache: 'ph_obfuscationLookupTable', maxSize=10000, ttl=None
2025-09-01T04:10:10.598Z info vsand[2104810] [opID=MainThread VsanMgmtUtil::__init__] Initialized ObjectCache: 'ph_database', maxSize=10000, ttl=None
2025-09-01T04:10:10.598Z info vsand[2104810] [opID=MainThread VsanMgmtUtil::__init__] Initialized ObjectCache: 'ph_exception_database', maxSize=10000, ttl=None
2025-09-01T04:10:10.604Z error vsand[2104810] [opID=MainThread VsanConfigUtil::isFeatureEnabledOnHost] Failed to get value for /config/VSAN/intOpts/CloudHealth Traceback (most recent call last):   File "/build/mts/release/bora-19184740/bora/build/vsan/release/vsanhealth/usr/lib/vmware/vsan/perfsvc/VsanConfigUtil.py", line 549, in isFeatureEnabledOnHost Exception: Not found
2025-09-01T04:10:10.606Z info vsand[2104810] [opID=MainThread VsanPyVmomiProfiler::log] Profiler:
2025-09-01T04:10:10.606Z info vsand[2104810] [opID=MainThread VsanPyVmomiProfiler::logProfile]   Import VsanHealth sub modules: VsanMassCollectorImpl: 0.01s, consumed: 26992KB (+0KB), consumedPeak: 26992KB (+0KB), effectiveMin: 102400KB (+0KB), effectiveMinPeak: 102400KB (+0KB), requestedMinPeak: 102400KB (+0KB)
2025-09-01T04:10:10.607Z info vsand[2104810] [opID=MainThread VsanPyVmomiProfiler::log] Profiler:
2025-09-01T04:10:10.607Z info vsand[2104810] [opID=MainThread VsanPyVmomiProfiler::logProfile]   Import VsanHealth sub modules: ServiceInstanceImpl: 0.00s, consumed: 26992KB (+0KB), consumedPeak: 26992KB (+0KB), effectiveMin: 102400KB (+0KB), effectiveMinPeak: 102400KB (+0KB), requestedMinPeak: 102400KB (+0KB)
2025-09-01T04:10:10.607Z info vsand[2104810] [opID=MainThread statsdaemon::LoadAndRegisterManagedObjects] Loading VsanIscsiTargetSystem__ext_init__
2025-09-01T04:10:10.631Z info vsand[2104810] [opID=MainThread statsdaemon::LoadAndRegisterManagedObjects] Loading VsanObjectSystem__ext_init__
2025-09-01T04:10:10.635Z info vsand[2104810] [opID=MainThread statsdaemon::LoadAndRegisterManagedObjects] Loading VsanPhoneHomeHostSystem__ext_init__
2025-09-01T04:10:10.640Z info vsand[2104810] [opID=MainThread statsdaemon::LoadAndRegisterManagedObjects] Loading VsanPrecheckerSystem__ext_init__
2025-09-01T04:10:10.645Z info vsand[2104810] [opID=MainThread statsdaemon::LoadAndRegisterManagedObjects] Loading VsanResourceCheckSystem__ext_init__
2025-09-01T04:10:10.652Z info vsand[2104810] [opID=MainThread statsdaemon::LoadAndRegisterManagedObjects] Loading VsanStretchedCluster__ext_init__
2025-09-01T04:10:10.658Z info vsand[2104810] [opID=MainThread statsdaemon::LoadAndRegisterManagedObjects] Loading VsanSystem__ext_init__
2025-09-01T04:10:10.660Z info vsand[2104856] [opID=Thread-5 VsanTaskTrackerImpl::_Reinit] Start connecting to hostd
2025-09-01T04:10:10.664Z info vsand[2104810] [opID=MainThread statsdaemon::LoadAndRegisterManagedObjects] Loading VsanVcDiskManagementSystem__ext_init__
2025-09-01T04:10:10.669Z info vsand[2104810] [opID=MainThread statsdaemon::LoadAndRegisterManagedObjects] Loading VsanVcIscsiTargetSystem__ext_init__
2025-09-01T04:10:10.673Z info vsand[2104810] [opID=MainThread statsdaemon::LoadAndRegisterManagedObjects] Loaded vSAN managed objects: 22 ({('ha-vsan-disk-management-system', None): 'VsanDiskManagementSystemImpl:ha-vsan-disk-management-system', ('ha-phonehome-host-system', None): 'VsanPhoneHomeHostSystemImpl:ha-phonehome-host-system', ('ha-vsan-prechecker-system', None): 'VsanPrecheckerSystemImpl:ha-vsan-prechecker-system', ('vsan-performance-manager', None): 'VsanPerformanceManagerImpl:vsan-performance-manager', ('vsan-vcsa-deployer-system', None): 'VsanVcsaDeployerSystemImpl:vsan-vcsa-deployer-system', ('ha-vsan-stretched-cluster-system', None): 'VsanStretchedClusterSystem:ha-vsan-stretched-cluster-system', ('vsan-iscsi-target-system', None): 'VsanIscsiTargetSystemImpl:vsan-iscsi-target-system', ('ha-vsan-task-tracker', None): 'VsanTaskTrackerImpl:ha-vsan-task-tracker', ('ha-
cli-info-python', None): 'CLIInfoImpl:ha-cli-info-python', ('ha-vsan-health-system', None): 'VsanHealthSystemImpl:ha-vsan-health-system', ('vsan-internal-statsprovider', None): 'VsanInternalStatsProviderImpl:vsan-internal-statsprovider', ('ServiceInstance', None): 'ServiceInstanceImpl:ServiceInstance', ('ha-vsan-async-system', None): 'VsanAsyncSystemImpl:ha-vsan-async-system', ('ha-vsan-cluster-health-system', None): 'VsanClusterHealthSystemImpl:ha-vsan-cluster-health-system', ('ha-dynamic-type-manager-python', None): 'DynamicTypeManager:ha-dynamic-type-manager-python', ('vsanSystemEx', None): 'VsanSystemExImpl:vsanSystemEx', ('vsan-object-system', None): 'VsanObjectSystemImpl:vsan-object-system', ('vsan-capability-system', None): 'VsanCapabilitySystemImpl:vsan-capability-system', ('ha-vsan-internal-system', None): 'VsanInternalSystem:ha-vsan-internal-system', ('ha-vsan-dp-space-system', None):
'VsanDataProtectionSpaceSystemImpl:ha-vsan-dp-space-system', ('vsanSystem', None): 'VsanSystemImpl:vsanSystem', ('vsanDebugSystem', None): 'VsanDebugSystemImpl:vsanDebugSystem'})
2025-09-01T04:10:10.674Z info vsand[2104810] [opID=MainThread VsanPyVmomiProfiler::log] Profiler:
2025-09-01T04:10:10.674Z info vsand[2104810] [opID=MainThread VsanPyVmomiProfiler::logProfile]   LoadAndRegisterManagedObjects: 0.42s, consumed: 26992KB (+0KB), consumedPeak: 26992KB (+0KB), effectiveMin: 102400KB (+0KB), effectiveMinPeak: 102400KB (+0KB), requestedMinPeak: 102400KB (+0KB)
2025-09-01T04:10:10.674Z info vsand[2104810] [opID=MainThread VsanPyVmomiProfiler::logProfile]   __import__VcsaDeployerSystem__ext_init__: 0.04s, consumed: 26992KB (+0KB), consumedPeak: 26992KB (+0KB), effectiveMin: 102400KB (+0KB), effectiveMinPeak: 102400KB (+0KB), requestedMinPeak: 102400KB (+0KB)
2025-09-01T04:10:10.674Z info vsand[2104810] [opID=MainThread VsanPyVmomiProfiler::logProfile]   __import__VsanCapabilitySystem__ext_init__: 0.00s, consumed: 26992KB (+0KB), consumedPeak: 26992KB (+0KB), effectiveMin: 102400KB (+0KB), effectiveMinPeak: 102400KB (+0KB), requestedMinPeak: 102400KB (+0KB)
2025-09-01T04:10:10.675Z info vsand[2104810] [opID=MainThread VsanPyVmomiProfiler::logProfile]   __import__VsanDebugSystem__ext_init__: 0.00s, consumed: 26992KB (+0KB), consumedPeak: 26992KB (+0KB), effectiveMin: 102400KB (+0KB), effectiveMinPeak: 102400KB (+0KB), requestedMinPeak: 102400KB (+0KB)
2025-09-01T04:10:10.675Z info vsand[2104810] [opID=MainThread VsanPyVmomiProfiler::logProfile]   __import__VsanDiskManagementSystem__ext_init__: 0.02s, consumed: 26992KB (+0KB), consumedPeak: 26992KB (+0KB), effectiveMin: 102400KB (+0KB), effectiveMinPeak: 102400KB (+0KB), requestedMinPeak: 102400KB (+0KB)
2025-09-01T04:10:10.675Z info vsand[2104810] [opID=MainThread VsanPyVmomiProfiler::logProfile]   __import__VsanHealth__ext_init__: 0.27s, consumed: 26992KB (+0KB), consumedPeak: 26992KB (+0KB), effectiveMin: 102400KB (+0KB), effectiveMinPeak: 102400KB (+0KB), requestedMinPeak: 102400KB (+0KB)
2025-09-01T04:10:10.675Z info vsand[2104810] [opID=MainThread VsanPyVmomiProfiler::logProfile]   __import__VsanIscsiTargetSystem__ext_init__: 0.02s, consumed: 26992KB (+0KB), consumedPeak: 26992KB (+0KB), effectiveMin: 102400KB (+0KB), effectiveMinPeak: 102400KB (+0KB), requestedMinPeak: 102400KB (+0KB)
2025-09-01T04:10:10.676Z info vsand[2104810] [opID=MainThread VsanPyVmomiProfiler::logProfile]   __import__VsanObjectSystem__ext_init__: 0.00s, consumed: 26992KB (+0KB), consumedPeak: 26992KB (+0KB), effectiveMin: 102400KB (+0KB), effectiveMinPeak: 102400KB (+0KB), requestedMinPeak: 102400KB (+0KB)
2025-09-01T04:10:10.676Z info vsand[2104810] [opID=MainThread VsanPyVmomiProfiler::logProfile]   __import__VsanPhoneHomeHostSystem__ext_init__: 0.00s, consumed: 26992KB (+0KB), consumedPeak: 26992KB (+0KB), effectiveMin: 102400KB (+0KB), effectiveMinPeak: 102400KB (+0KB), requestedMinPeak: 102400KB (+0KB)
2025-09-01T04:10:10.676Z info vsand[2104810] [opID=MainThread VsanPyVmomiProfiler::logProfile]   __import__VsanPrecheckerSystem__ext_init__: 0.00s, consumed: 26992KB (+0KB), consumedPeak: 26992KB (+0KB), effectiveMin: 102400KB (+0KB), effectiveMinPeak: 102400KB (+0KB), requestedMinPeak: 102400KB (+0KB)
2025-09-01T04:10:10.676Z info vsand[2104810] [opID=MainThread VsanPyVmomiProfiler::logProfile]   __import__VsanResourceCheckSystem__ext_init__: 0.01s, consumed: 26992KB (+0KB), consumedPeak: 26992KB (+0KB), effectiveMin: 102400KB (+0KB), effectiveMinPeak: 102400KB (+0KB), requestedMinPeak: 102400KB (+0KB)
2025-09-01T04:10:10.677Z info vsand[2104810] [opID=MainThread VsanPyVmomiProfiler::logProfile]   __import__VsanStretchedCluster__ext_init__: 0.01s, consumed: 26992KB (+0KB), consumedPeak: 26992KB (+0KB), effectiveMin: 102400KB (+0KB), effectiveMinPeak: 102400KB (+0KB), requestedMinPeak: 102400KB (+0KB)
2025-09-01T04:10:10.677Z info vsand[2104810] [opID=MainThread VsanPyVmomiProfiler::logProfile]   __import__VsanSystem__ext_init__: 0.01s, consumed: 26992KB (+0KB), consumedPeak: 26992KB (+0KB), effectiveMin: 102400KB (+0KB), effectiveMinPeak: 102400KB (+0KB), requestedMinPeak: 102400KB (+0KB)
2025-09-01T04:10:10.677Z info vsand[2104810] [opID=MainThread VsanPyVmomiProfiler::logProfile]   __import__VsanVcDiskManagementSystem__ext_init__: 0.00s, consumed: 26992KB (+0KB), consumedPeak: 26992KB (+0KB), effectiveMin: 102400KB (+0KB), effectiveMinPeak: 102400KB (+0KB), requestedMinPeak: 102400KB (+0KB)
2025-09-01T04:10:10.677Z info vsand[2104810] [opID=MainThread VsanPyVmomiProfiler::logProfile]   __import__VsanVcIscsiTargetSystem__ext_init__: 0.00s, consumed: 26992KB (+0KB), consumedPeak: 26992KB (+0KB), effectiveMin: 102400KB (+0KB), effectiveMinPeak: 102400KB (+0KB), requestedMinPeak: 102400KB (+0KB)
2025-09-01T04:10:10.677Z info vsand[2104810] [opID=MainThread VsanPyVmomiProfiler::logProfile]   scanExtInitFiles: 0.01s, consumed: 26992KB (+0KB), consumedPeak: 26992KB (+0KB), effectiveMin: 102400KB (+0KB), effectiveMinPeak: 102400KB (+0KB), requestedMinPeak: 102400KB (+0KB)
2025-09-01T04:10:10.678Z info vsand[2104810] [opID=MainThread VsanPyVmomiProfiler::logProfile]   vsanPerfMgr: 0.01s, consumed: 26992KB (+0KB), consumedPeak: 26992KB (+0KB), effectiveMin: 102400KB (+0KB), effectiveMinPeak: 102400KB (+0KB), requestedMinPeak: 102400KB (+0KB)
2025-09-01T04:10:10.678Z info vsand[2104810] [opID=MainThread VsanPyVmomiProfiler::logProfile]   vsanPerfPyMo: 0.00s, consumed: 26992KB (+0KB), consumedPeak: 26992KB (+0KB), effectiveMin: 102400KB (+0KB), effectiveMinPeak: 102400KB (+0KB), requestedMinPeak: 102400KB (+0KB)
2025-09-01T04:10:10.678Z info vsand[2104810] [opID=MainThread VsanVmomiPatcher::PatchMoManager] MoManager is patched!
2025-09-01T04:10:10.738Z info vsand[2104856] [opID=Thread-5 VsanHealthUtil::LoginLocalHostd] Done login/relogin to local hostd.
2025-09-01T04:10:10.766Z info vsand[2104856] [opID=Thread-5 VsanTaskTrackerImpl::_Reinit] Done connecting to hostd
2025-09-01T04:10:10.882Z info vsand[2104810] [opID=MainThread statsdaemon::run] Connected to hostd, VMware ESXi 6.7.0 build-19195723
2025-09-01T04:10:10.960Z info vsand[2104810] [opID=MainThread VsanHealthUtil::importEsxcliTypes] Begin to import esxcli types
2025-09-01T04:10:11.336Z info vsand[2104810] [opID=MainThread statsdaemon::run] import network type successfully
2025-09-01T04:10:11.337Z error vsand[2104810] [opID=MainThread cliutils::SubscribeToCMMDS] uninstalling subscription Traceback (most recent call last):   File "/build/mts/release/bora-19184740/bora/build/vsan/release/vsanhealth/usr/lib/vmware/vsan/perfsvc/cliutils.py", line 333, in SubscribeToCMMDS RuntimeError: Operation not allowed because the VMKernel is shutting down
2025-09-01T04:10:11.337Z error vsand[2104810] [opID=MainThread cliutils::GetVSANClusterInfo] Failed to query cluster info: Operation not allowed because the VMKernel is shutting down
2025-09-01T04:10:11.338Z info vsand[2104810] [opID=MainThread statsdaemon::_logDaemonMemoryStats] Daemon memory stats: eMin=102.400MB, eMinPeak=102.400MB, rMinPeak=102.400MB
2025-09-01T04:10:11.338Z info vsand[2104810] [opID=MainThread statsdaemon::_logDaemonMemoryStats]   'python.2104810' memory stats: eMin=78.748MB, eMinPeak=78.748MB, rMinPeak=78.748MB
2025-09-01T04:10:12.398Z info vsand[2104848] [opID=Thread-2 VsanHealthDaemon::_subscribeCmmds] Subscribe CMMDS entry change listener
2025-09-01T04:10:12.399Z error vsand[2104848] [opID=Thread-2 cliutils::SubscribeToCMMDS] uninstalling subscription Traceback (most recent call last):   File "/build/mts/release/bora-19184740/bora/build/vsan/release/vsanhealth/usr/lib/vmware/vsan/perfsvc/cliutils.py", line 333, in SubscribeToCMMDS RuntimeError: Operation not allowed because the VMKernel is shutting down
2025-09-01T04:10:12.399Z error vsand[2104848] [opID=Thread-2 cliutils::SubscribeToCMMDS] uninstalling subscription Traceback (most recent call last):   File "/build/mts/release/bora-19184740/bora/build/vsan/release/vsanhealth/usr/lib/vmware/vsan/perfsvc/cliutils.py", line 333, in SubscribeToCMMDS RuntimeError: Operation not allowed because the VMKernel is shutting down
2025-09-01T04:10:12.399Z error vsand[2104848] [opID=Thread-2 cliutils::SubscribeToCMMDS] uninstalling subscription Traceback (most recent call last):   File "/build/mts/release/bora-19184740/bora/build/vsan/release/vsanhealth/usr/lib/vmware/vsan/perfsvc/cliutils.py", line 333, in SubscribeToCMMDS RuntimeError: Operation not allowed because the VMKernel is shutting down
2025-09-01T04:10:12.400Z error vsand[2104848] [opID=Thread-2 cliutils::SubscribeToCMMDS] uninstalling subscription Traceback (most recent call last):   File "/build/mts/release/bora-19184740/bora/build/vsan/release/vsanhealth/usr/lib/vmware/vsan/perfsvc/cliutils.py", line 333, in SubscribeToCMMDS RuntimeError: Operation not allowed because the VMKernel is shutting down
2025-09-01T04:10:12.400Z error vsand[2104848] [opID=Thread-2 cliutils::SubscribeToCMMDS] uninstalling subscription Traceback (most recent call last):   File "/build/mts/release/bora-19184740/bora/build/vsan/release/vsanhealth/usr/lib/vmware/vsan/perfsvc/cliutils.py", line 333, in SubscribeToCMMDS RuntimeError: Operation not allowed because the VMKernel is shutting down
2025-09-01T04:10:12.400Z info vsand[2104848] [opID=Thread-2 VsanHealthDaemon::doVsanHealthCheck] Skip VSAN health check due to the VSAN is disabled
2025-09-01T04:10:14.480Z info vsand[2104841] [opID=556937ec VsanCapabilitySystemImpl::_GetConfigOptionValue] _GetConfigOptionValue value 1 for Encryption
2025-09-01T04:10:14.480Z info vsand[2104841] [opID=556937ec VsanCapabilitySystemImpl::_GetConfigOptionValue] _GetConfigOptionValue value 1 for DecomWhatIf
2025-09-01T04:10:14.480Z info vsand[2104841] [opID=556937ec VsanCapabilitySystemImpl::_GetConfigOptionValue] _GetConfigOptionValue value 1 for ThrottleResync
2025-09-01T04:10:14.480Z info vsand[2104841] [opID=556937ec VsanCapabilitySystemImpl::_GetConfigOptionValue] _GetConfigOptionValue value 1 for UnicastMode
2025-09-01T04:10:14.480Z info vsand[2104841] [opID=556937ec VsanCapabilitySystemImpl::_GetConfigOptionValue] _GetConfigOptionValue value 1 for Device4KSupport
2025-09-01T04:10:14.480Z info vsand[2104841] [opID=556937ec VsanCapabilitySystemImpl::_GetConfigOptionValue] _GetConfigOptionValue value 1 for NestedFD
2025-09-01T04:10:14.481Z info vsand[2104841] [opID=556937ec VsanCapabilitySystemImpl::_GetConfigOptionValue] _GetConfigOptionValue value 0 for CompliancePrecheck
2025-09-01T04:10:14.481Z info vsand[2104841] [opID=556937ec VsanCapabilitySystemImpl::_GetConfigOptionValue] _GetConfigOptionValue value 1 for VumIntegration
2025-09-01T04:10:14.481Z info vsand[2104841] [opID=556937ec VsanCapabilitySystemImpl::_GetConfigOptionValue] _GetConfigOptionValue value 1 for FirmwareUpdate
2025-09-01T04:10:14.481Z error vsand[2104841] [opID=556937ec VsanCapabilitySystemImpl::_GetConfigOptionValue] Unable to get value for FullStackFw due to: Not found
2025-09-01T04:10:14.481Z info vsand[2104841] [opID=556937ec VsanCapabilitySystemImpl::_GetConfigOptionValue] _GetConfigOptionValue value 1 for ConfigAssist
2025-09-01T04:10:14.481Z error vsand[2104841] [opID=556937ec VsanCapabilitySystemImpl::_GetConfigOptionValue] Unable to get value for Fcd due to: Not found
2025-09-01T04:10:14.481Z info vsand[2104841] [opID=556937ec VsanCapabilitySystemImpl::_GetConfigOptionValue] _GetConfigOptionValue value 0 for GenericNestedFD
2025-09-01T04:10:14.482Z info vsand[2104841] [opID=556937ec VsanCapabilitySystemImpl::_GetConfigOptionValue] _GetConfigOptionValue value 1 for HostAffinity
2025-09-01T04:10:14.482Z info vsand[2104841] [opID=556937ec VsanCapabilitySystemImpl::_GetConfigOptionValue] _GetConfigOptionValue value 1 for PolicyAssociation
2025-09-01T04:10:14.482Z info vsand[2104841] [opID=556937ec VsanCapabilitySystemImpl::_GetConfigOptionValue] _GetConfigOptionValue value 0 for VSAN_RDMA
2025-09-01T04:10:14.482Z info vsand[2104841] [opID=556937ec VsanCapabilitySystemImpl::_GetConfigOptionValue] _GetConfigOptionValue value 1 for ClomBgProRebalanceSwitch
2025-09-01T04:10:14.483Z info vsand[2104841] [opID=556937ec VsanCapabilitySystemImpl::_GetConfigOptionValue] _GetConfigOptionValue value 1 for ResourcePrecheck
2025-09-01T04:10:14.483Z info vsand[2104841] [opID=556937ec VsanCapabilitySystemImpl::_GetConfigOptionValue] _GetConfigOptionValue value 1 for EnableUpgradeAudit
2025-09-01T04:10:14.483Z info vsand[2104841] [opID=556937ec VsanCapabilitySystemImpl::_GetConfigOptionValue] _GetConfigOptionValue value 1 for ResyncEtaImprovement
2025-09-01T04:10:14.483Z info vsand[2104841] [opID=556937ec VsanCapabilitySystemImpl::_GetConfigOptionValue] _GetConfigOptionValue value 1 for VitOnlineResize
2025-09-01T04:10:14.483Z info vsand[2104841] [opID=556937ec VsanCapabilitySystemImpl::_GetConfigOptionValue] _GetConfigOptionValue value 0 for LargeCapacityDrive
2025-09-01T04:10:14.483Z info vsand[2104841] [opID=556937ec VsanCapabilitySystemImpl::GetCapabilities] Capabilities: ['netperftest', 'objectidentities', 'upgrade', 'device4ksupport', 'historicalcapacity', 'dataefficiency', 'throttleresync', 'hostaffinity', 'resourceprecheck', 'decomwhatif', 'cloudhealth', 'configassist', 'repairtimerinresyncstats', 'fileservices', 'vitonlineresize', 'stretchedcluster', 'policyassociation', 'healthcheck2018q2', 'automaticrebalance', 'enhancedresyncapi', 'unicastmode', 'masspropertycollector', 'diagnosticmode', 'upgraderesourceprecheck', 'resyncetaimprovement', 'iscsitargets', 'nestedfd', 'vumintegration', 'allflash', 'encryption', 'purgeinaccessiblevmswapobjects', 'capability', 'clusterconfig', 'firmwareupdate']
2025-09-01T04:10:14.538Z info vsand[2104840] [opID=6256d02f-37ef VsanVcObjectHelper::wrapper] Ready to get single executor result for the key ['_QueryVerifyNetworkSettings', 'ha-vsan-health-system', '', '', '', 'False'] in timeout 600
2025-09-01T04:10:14.538Z info vsand[2104840] [opID=6256d02f-37ef VsanVcObjectHelper::wrapper] Ready to call original function for execution
2025-09-01T04:10:14.539Z info vsand[2104840] [opID=6256d02f-37ef VsanHealthSystemImpl::_QueryVerifyNetworkSettings] Query network settings: (str) []:(str) []
2025-09-01T04:10:14.546Z info vsand[2104840] [opID=6256d02f-37ef VsanPyVmomiProfiler::logProfile]   invoke-method:ha-cli-handler-vsan-network:List: 0.00s, consumed: 66388KB (+0KB), consumedPeak: 66388KB (+0KB), effectiveMin: 102400KB (+0KB), effectiveMinPeak: 102400KB (+0KB), requestedMinPeak: 102400KB (+0KB)
2025-09-01T04:10:14.552Z info vsand[2104840] [opID=6256d02f-37ef VsanPyVmomiProfiler::logProfile]   invoke-method:ha-cli-handler-network-ip-interface:List: 0.00s, consumed: 66388KB (+0KB), consumedPeak: 66388KB (+0KB), effectiveMin: 102400KB (+0KB), effectiveMinPeak: 102400KB (+0KB), requestedMinPeak: 102400KB (+0KB)
2025-09-01T04:10:14.557Z info vsand[2104840] [opID=6256d02f-37ef VsanPyVmomiProfiler::logProfile]   invoke-method:ha-cli-handler-network-ip-interface-ipv6-address:List: 0.00s, consumed: 66388KB (+0KB), consumedPeak: 66388KB (+0KB), effectiveMin: 102400KB (+0KB), effectiveMinPeak: 102400KB (+0KB), requestedMinPeak: 102400KB (+0KB)
2025-09-01T04:10:14.561Z info vsand[2104840] [opID=6256d02f-37ef VsanPyVmomiProfiler::logProfile]   invoke-method:ha-cli-handler-network-ip-interface-ipv4:Get: 0.00s, consumed: 66388KB (+0KB), consumedPeak: 66388KB (+0KB), effectiveMin: 102400KB (+0KB), effectiveMinPeak: 102400KB (+0KB), requestedMinPeak: 102400KB (+0KB)
2025-09-01T04:10:14.565Z info vsand[2104840] [opID=6256d02f-37ef VsanPyVmomiProfiler::logProfile]   invoke-method:ha-cli-handler-network-ip-route-ipv4:List: 0.00s, consumed: 66388KB (+0KB), consumedPeak: 66388KB (+0KB), effectiveMin: 102400KB (+0KB), effectiveMinPeak: 102400KB (+0KB), requestedMinPeak: 102400KB (+0KB)
2025-09-01T04:10:14.570Z info vsand[2104840] [opID=6256d02f-37ef VsanPyVmomiProfiler::logProfile]   invoke-method:ha-cli-handler-network-ip-route-ipv6:List: 0.00s, consumed: 66388KB (+0KB), consumedPeak: 66388KB (+0KB), effectiveMin: 102400KB (+0KB), effectiveMinPeak: 102400KB (+0KB), requestedMinPeak: 102400KB (+0KB)
2025-09-01T04:10:14.570Z info vsand[2104840] [opID=6256d02f-37ef VsanVcObjectHelper::wrapper] Finish execute _QueryVerifyNetworkSettings
2025-09-01T04:10:14.570Z info vsand[2104840] [opID=6256d02f-37ef VsanVcObjectHelper::AddCallResultAndNotify] delete the single concurrent execution key
2025-09-01T04:10:14.571Z info vsand[2104840] [opID=6256d02f-37ef VsanPyVmomiProfiler::log] Profiler:
2025-09-01T04:10:14.571Z info vsand[2104840] [opID=6256d02f-37ef VsanPyVmomiProfiler::logProfile]   GetVsanVmknicConfigFromEsxCLI: 0.03s, consumed: 66388KB (+0KB), consumedPeak: 66388KB (+0KB), effectiveMin: 102400KB (+0KB), effectiveMinPeak: 102400KB (+0KB), requestedMinPeak: 102400KB (+0KB)
2025-09-01T04:10:14.571Z info vsand[2104840] [opID=6256d02f-37ef VsanPyVmomiProfiler::logProfile]   impl._QueryVerifyNetworkSettings: 0.03s, consumed: 66388KB (+0KB), consumedPeak: 66388KB (+0KB), effectiveMin: 102400KB (+0KB), effectiveMinPeak: 102400KB (+0KB), requestedMinPeak: 102400KB (+0KB)
2025-09-01T04:10:14.598Z error vsand[2104841] [opID=6256d02f-37f0 cliutils::GetVSANClusterInfo] Failed to query cluster info: Operation not allowed because the VMKernel is shutting down
2025-09-01T04:10:14.621Z error vsand[2104841] [opID=6256d02f-37f0 VsanHealthSystemImpl::CheckHostDaemonHealth] Failed to check status of epd Traceback (most recent call last):   File "/build/mts/release/bora-19184740/bora/build/vsan/release/vsanhealth/usr/lib/vmware/vsan/perfsvc/VsanHealthSystemImpl.py", line 3447, in CheckHostDaemonHealth   File "/build/mts/release/bora-19184740/bora/build/vsan/release/vsanhealth/usr/lib/vmware/vsan/perfsvc/VsanHealthHelpers.py", line 1221, in IsWitnessNode KeyError: 'Local Node UUID'
2025-09-01T04:10:14.646Z error vsand[2104841] [opID=6256d02f-37f0 VsanHealthSystemImpl::CheckHostDaemonHealth] Service cmmdsd is not running: ret: 3, err:
2025-09-01T04:10:14.663Z info vsand[2104830] [opID=6256d02f-37f1 VsanSystemImpl::_ConfigInfoPrintLog] configInfo: enabled=False, hostSystem='vim.HostSystem:ha-host'
2025-09-01T04:10:14.664Z info vsand[2104830] [opID=6256d02f-37f1 VsanSystemImpl::_ConfigInfoPrintLog]    clusterInfo: uuid=, nodeUuid=
2025-09-01T04:10:14.664Z info vsand[2104830] [opID=6256d02f-37f1 VsanSystemImpl::_ConfigInfoPrintLog]    storageInfo: autoClaimStorage=False, checksumEnabled=None
2025-09-01T04:10:14.664Z info vsand[2104830] [opID=6256d02f-37f1 VsanSystemImpl::_ConfigInfoPrintLog]       diskMapping[]:
2025-09-01T04:10:14.664Z info vsand[2104830] [opID=6256d02f-37f1 VsanSystemImpl::_ConfigInfoPrintLog]       diskMapInfo[]:
2025-09-01T04:10:14.664Z info vsand[2104830] [opID=6256d02f-37f1 VsanSystemImpl::_ConfigInfoPrintLog]    networkInfo:
2025-09-01T04:10:14.664Z info vsand[2104830] [opID=6256d02f-37f1 VsanSystemImpl::_ConfigInfoPrintLog]       port[]:
2025-09-01T04:10:14.664Z info vsand[2104830] [opID=6256d02f-37f1 VsanSystemImpl::_ConfigInfoPrintLog]    faultDomainInfo: name=
2025-09-01T04:10:14.664Z info vsand[2104830] [opID=6256d02f-37f1 VsanSystemImpl::_ConfigInfoPrintLog]    encryptionInfo: enabled=False, kekId=, hostKeyId=, clientKey=None, clientCert=(not set), dekGenerationId=0, changing=False, eraseDisksBeforeUse=False
2025-09-01T04:10:14.665Z info vsand[2104830] [opID=6256d02f-37f1 VsanSystemImpl::_ConfigInfoPrintLog]       kmipServers[]:
2025-09-01T04:10:14.665Z info vsand[2104830] [opID=6256d02f-37f1 VsanSystemImpl::_ConfigInfoPrintLog]       kmsServerCerts[]:
2025-09-01T04:10:14.665Z info vsand[2104830] [opID=6256d02f-37f1 VsanSystemImpl::_ConfigInfoPrintLog]    dataEfficiencyInfo: dedupEnabled=False, compressionEnabled=None
2025-09-01T04:10:14.665Z info vsand[2104830] [opID=6256d02f-37f1 VsanSystemImpl::_ConfigInfoPrintLog]    resyncIopsLimitInfo: resyncIops=0
2025-09-01T04:10:14.665Z info vsand[2104830] [opID=6256d02f-37f1 VsanSystemImpl::_ConfigInfoPrintLog]    extendedConfig: objectRepairTimer=60, disableSiteReadLocality=False, enableCustomizedSwapObject=True, largeScaleClusterSupport=False
2025-09-01T04:10:14.665Z info vsand[2104830] [opID=6256d02f-37f1 VsanSystemImpl::_ConfigInfoPrintLog]       proactiveRebalanceInfo: enabled=False, threshold=30
2025-09-01T04:10:14.665Z info vsand[2104830] [opID=6256d02f-37f1 VsanSystemImpl::_ConfigInfoPrintLog]    datastoreInfo:
2025-09-01T04:10:14.666Z info vsand[2104830] [opID=6256d02f-37f1 VsanSystemImpl::_ConfigInfoPrintLog]       datastores[]:
2025-09-01T04:10:14.666Z info vsand[2104830] [opID=6256d02f-37f1 VsanSystemImpl::_ConfigInfoPrintLog]          uuid=, name=vsanDatastore
2025-09-01T04:10:14.666Z info vsand[2104830] [opID=6256d02f-37f1 VsanSystemImpl::_ConfigInfoPrintLog]    unmapConfig: enable=False
2025-09-01T04:10:14.666Z info vsand[2104830] [opID=6256d02f-37f1 VsanSystemImpl::_ConfigInfoPrintLog]    internalExtendedConfig: vcMaxDiskVersion=0
2025-09-01T04:10:14.666Z info vsand[2104830] [opID=6256d02f-37f1 VsanSystemImpl::_ConfigInfoPrintLog]    rdmaConfig: None
2025-09-01T04:10:14.667Z info vsand[2104830] [opID=6256d02f-37f1 VsanSystemImpl::_ConfigInfoPrintLog]    dataProtectionInfo: None
2025-09-01T04:10:14.667Z info vsand[2104830] [opID=6256d02f-37f1 VsanSystemImpl::_ConfigInfoPrintLog]    witnessHostConfig[]:
2025-09-01T04:10:14.667Z info vsand[2104830] [opID=6256d02f-37f1 VsanPyVmomiProfiler::log] Profiler:
2025-09-01T04:10:14.668Z info vsand[2104830] [opID=6256d02f-37f1 VsanPyVmomiProfiler::logProfile]   impl.QueryVsanConfigByFilter: 0.01s, consumed: 66388KB (+0KB), consumedPeak: 66388KB (+0KB), effectiveMin: 102400KB (+0KB), effectiveMinPeak: 102400KB (+0KB), requestedMinPeak: 102400KB (+0KB)
2025-09-01T04:10:14.795Z info vsand[2104829] [opID=6256d02f-37f4 VsanTaskTrackerImpl::CreateAndMonitorTask] Created task vmodlTask-ha-host-1902544503
2025-09-01T04:10:14.800Z info vsand[2104829] [opID=6256d02f-37f4 VsanSystemImpl::Update] Calling VsanMOProvider.Update with config: ['config: enabled=None, hostSystem=None', '   clusterInfo: None', '   storageInfo: None', '   networkInfo: None', '   faultDomainInfo: None', '   encryptionInfo: None', '   dataEfficiencyInfo: None', '   resyncIopsLimitInfo: None', '   extendedConfig: None', '   datastoreInfo: None', '   unmapConfig: None', '   internalExtendedConfig: vcMaxDiskVersion=0', '   rdmaConfig: None', '   dataProtectionInfo: None', '   witnessHostConfig[]:']  Task: vmodlTask-ha-host-1902544503
2025-09-01T04:10:14.800Z info vsand[2104829] [opID=6256d02f-37f4 VsanSystemImpl::Update] extendedConfig: {}
2025-09-01T04:10:14.803Z info vsand[2104856] [opID=Thread-5 VsanTaskTrackerImpl::_ThreadMain] PC Update: version = 1
2025-09-01T04:10:14.809Z info vsand[2104856] [opID=Thread-5 VsanTaskTrackerImpl::_ThreadMain] PC Update: version = 2
2025-09-01T04:10:14.818Z info vsand[2104856] [opID=Thread-5 VsanTaskTrackerImpl::_ThreadMain] PC Update: version = 3
2025-09-01T04:10:15.206Z info vsand[2104841] [opID=556937f8 VsanTaskTrackerImpl::_RemoveTaskLocked] Remove task vmodlTask-ha-host-1902544503 from cache table.
2025-09-01T04:10:16.341Z error vsand[2104810] [opID=MainThread cliutils::GetVSANClusterInfo] Failed to query cluster info: Operation not allowed because the VMKernel is shutting down
2025-09-01T04:10:16.381Z info vsand[2104847] [opID=Thread-1 VsanPyVmomiProfiler::logProfile]   invoke-method:ServiceInstance:RetrieveContent: 0.01s, consumed: 66888KB (+0KB), consumedPeak: 66888KB (+0KB), effectiveMin: 102400KB (+0KB), effectiveMinPeak: 102400KB (+0KB), requestedMinPeak: 102400KB (+0KB)
2025-09-01T04:10:16.401Z info vsand[2104847] [opID=Thread-1 VsanMgmtUtil::__init__] Initialized ObjectCache: 'healthSummaryCache', maxSize=1024, ttl=None
2025-09-01T04:10:16.402Z info vsand[2104847] [opID=Thread-1 VsanMgmtUtil::__init__] Initialized ObjectCache: 'healthHistoricalCache', maxSize=1024, ttl=4000
2025-09-01T04:10:16.403Z info vsand[2104847] [opID=Thread-1 VsanVcPerformanceManagerImpl::__init__] VsanVcPerformanceManagerImpl init
2025-09-01T04:10:16.406Z info vsand[2104847] [opID=Thread-1 VsanVcObjectSystemImpl::__init__] VsanVcObjectSystemImpl init
2025-09-01T04:10:16.407Z info vsand[2104847] [opID=Thread-1 VsanResourceCheckSystemImpl::__init__] VsanResourceCheckSystemImpl init
2025-09-01T04:10:16.407Z info vsand[2104847] [opID=Thread-1 VsanMgmtUtil::__init__] Initialized ObjectCache: 'DiskMappingCache', maxSize=2000, ttl=None
2025-09-01T04:10:16.407Z info vsand[2104847] [opID=Thread-1 VsanVcIscsiTargetSystemImpl::__init__] VsanVcIscsiTargetSystemImpl init
2025-09-01T04:10:21.342Z error vsand[2104810] [opID=MainThread cliutils::GetVSANClusterInfo] Failed to query cluster info: Operation not allowed because the VMKernel is shutting down
2025-09-01T04:10:25.077Z info vsand[2104827] [opID=6256d034-37ff VsanVcObjectHelper::wrapper] Ready to get single executor result for the key ['_GetVsanStorageList', '', 'vmware_soap_session="475f397373dc40df42b29ef52c1694ce1d76c8cb"; Path=/; HttpOnly; Secure; '] in timeout 20
2025-09-01T04:10:25.077Z info vsand[2104827] [opID=6256d034-37ff VsanVcObjectHelper::wrapper] Ready to call original function for execution
2025-09-01T04:10:25.082Z info vsand[2104827] [opID=6256d034-37ff VsanVcObjectHelper::wrapper] Finish execute _GetVsanStorageList
2025-09-01T04:10:25.082Z info vsand[2104827] [opID=6256d034-37ff VsanVcObjectHelper::AddCallResultAndNotify] delete the single concurrent execution key
2025-09-01T04:10:25.083Z info vsand[2104827] [opID=6256d034-37ff VsanVcObjectHelper::wrapper] Ready to get single executor result for the key ['_GetCoreDeviceList', '', 'vmware_soap_session="475f397373dc40df42b29ef52c1694ce1d76c8cb"; Path=/; HttpOnly; Secure; '] in timeout 20
2025-09-01T04:10:25.083Z info vsand[2104827] [opID=6256d034-37ff VsanVcObjectHelper::wrapper] Ready to call original function for execution
2025-09-01T04:10:25.165Z info vsand[2104827] [opID=6256d034-37ff VsanVcObjectHelper::wrapper] Finish execute _GetCoreDeviceList
2025-09-01T04:10:25.165Z info vsand[2104827] [opID=6256d034-37ff VsanVcObjectHelper::AddCallResultAndNotify] delete the single concurrent execution key
2025-09-01T04:10:25.238Z info vsand[2104827] [opID=6256d034-37ff VsanVcObjectHelper::wrapper] Ready to get single executor result for the key ['_GetVendorToolAbstraction', '', 'vmware_soap_session="475f397373dc40df42b29ef52c1694ce1d76c8cb"; Path=/; HttpOnly; Secure; '] in timeout 20
2025-09-01T04:10:25.238Z info vsand[2104827] [opID=6256d034-37ff VsanVcObjectHelper::wrapper] Ready to call original function for execution
2025-09-01T04:10:25.281Z info vsand[2104827] [opID=6256d034-37ff VsanVcObjectHelper::wrapper] Finish execute _GetVendorToolAbstraction
2025-09-01T04:10:25.282Z info vsand[2104827] [opID=6256d034-37ff VsanVcObjectHelper::AddCallResultAndNotify] delete the single concurrent execution key
2025-09-01T04:10:25.282Z info vsand[2104827] [opID=6256d034-37ff VsanEsxHclUtil::ManipulateControllersWithStressOptions] Adding following devices: {}
2025-09-01T04:10:25.285Z info vsand[2104827] [opID=6256d034-37ff VsanEsxHclUtil::findController] Looking up pciAddress: 00:00:1f:05
2025-09-01T04:10:25.287Z info vsand[2104827] [opID=6256d034-37ff VsanEsxHclUtil::findController] Looking up pciAddress: 00:01:00:00
2025-09-01T04:10:25.287Z info vsand[2104827] [opID=6256d034-37ff VsanEsxHclUtil::findController] Looking up pciAddress: 00:00:1f:02
2025-09-01T04:10:25.288Z info vsand[2104827] [opID=6256d034-37ff VsanEsxHclUtil::ManipulateControllersWithStressOptions] Adding following devices: {}
2025-09-01T04:10:25.291Z warning vsand[2104827] [opID=6256d034-37ff VsanEsxHclUtil::_GetPhysicalNicInfo] Not found pci device of device vusb0
2025-09-01T04:10:25.291Z info vsand[2104827] [opID=6256d034-37ff VsanPyVmomiProfiler::log] Profiler:
2025-09-01T04:10:25.291Z info vsand[2104827] [opID=6256d034-37ff VsanPyVmomiProfiler::logProfile]   Get storage-core-path,                             core-adapter,                             hardware-pci,                             system-version: 0.07s, consumed: 68132KB (+0KB), consumedPeak: 68132KB (+0KB), effectiveMin: 102400KB (+0KB), effectiveMinPeak: 102400KB (+0KB), requestedMinPeak: 102400KB (+0KB)
2025-09-01T04:10:25.292Z info vsand[2104827] [opID=6256d034-37ff VsanPyVmomiProfiler::logProfile]   GetPhysicalNicInfo._PopulatePnicDriverFwVersion: 0.00s, 0.00s, 0.00s, 0.00s, 0.00s, 0.00s, 0.00s, consumed: 68132KB (+0KB), consumedPeak: 68132KB (+0KB), effectiveMin: 102400KB (+0KB), effectiveMinPeak: 102400KB (+0KB), requestedMinPeak: 102400KB (+0KB)
2025-09-01T04:10:25.292Z info vsand[2104827] [opID=6256d034-37ff VsanPyVmomiProfiler::logProfile]   cls.ManipulateControllersWithStressOptions: 0.00s, consumed: 68132KB (+0KB), consumedPeak: 68132KB (+0KB), effectiveMin: 102400KB (+0KB), effectiveMinPeak: 102400KB (+0KB), requestedMinPeak: 102400KB (+0KB)
2025-09-01T04:10:25.292Z info vsand[2104827] [opID=6256d034-37ff VsanPyVmomiProfiler::logProfile]   cls._GetPhysicalNicInfo: 0.00s, consumed: 68132KB (+0KB), consumedPeak: 68132KB (+0KB), effectiveMin: 102400KB (+0KB), effectiveMinPeak: 102400KB (+0KB), requestedMinPeak: 102400KB (+0KB)
2025-09-01T04:10:25.292Z info vsand[2104827] [opID=6256d034-37ff VsanPyVmomiProfiler::logProfile]   cls._LookupControllerQueueDepth: 0.00s, 0.00s, 0.00s, 0.00s, 0.00s, consumed: 68132KB (+0KB), consumedPeak: 68132KB (+0KB), effectiveMin: 102400KB (+0KB), effectiveMinPeak: 102400KB (+0KB), requestedMinPeak: 102400KB (+0KB)
2025-09-01T04:10:25.293Z info vsand[2104827] [opID=6256d034-37ff VsanPyVmomiProfiler::logProfile]   cls._LookupDriverVersion: 0.00s, 0.00s, 0.00s, 0.00s, 0.00s, consumed: 68132KB (+0KB), consumedPeak: 68132KB (+0KB), effectiveMin: 102400KB (+0KB), effectiveMinPeak: 102400KB (+0KB), requestedMinPeak: 102400KB (+0KB)
2025-09-01T04:10:25.293Z info vsand[2104827] [opID=6256d034-37ff VsanPyVmomiProfiler::logProfile]   cls.checkDiskMode: 0.00s, 0.00s, 0.00s, 0.00s, 0.00s, consumed: 68132KB (+0KB), consumedPeak: 68132KB (+0KB), effectiveMin: 102400KB (+0KB), effectiveMinPeak: 102400KB (+0KB), requestedMinPeak: 102400KB (+0KB)
2025-09-01T04:10:25.293Z info vsand[2104827] [opID=6256d034-37ff VsanPyVmomiProfiler::logProfile]   rdma-device: 0.00s, consumed: 68132KB (+0KB), consumedPeak: 68132KB (+0KB), effectiveMin: 102400KB (+0KB), effectiveMinPeak: 102400KB (+0KB), requestedMinPeak: 102400KB (+0KB)
2025-09-01T04:10:25.294Z info vsand[2104827] [opID=6256d034-37ff VsanPyVmomiProfiler::logProfile]   vim.EsxCLI.storage.core.device: 0.08s, consumed: 68132KB (+0KB), consumedPeak: 68132KB (+0KB), effectiveMin: 102400KB (+0KB), effectiveMinPeak: 102400KB (+0KB), requestedMinPeak: 102400KB (+0KB)
2025-09-01T04:10:25.294Z info vsand[2104827] [opID=6256d034-37ff VsanPyVmomiProfiler::logProfile]   vim.EsxCLI.vsan.storage: 0.01s, consumed: 68132KB (+0KB), consumedPeak: 68132KB (+0KB), effectiveMin: 102400KB (+0KB), effectiveMinPeak: 102400KB (+0KB), requestedMinPeak: 102400KB (+0KB)
2025-09-01T04:10:25.297Z info vsand[2104827] [opID=6256d034-37ff VsanPyVmomiProfiler::log] Profiler:
2025-09-01T04:10:25.297Z info vsand[2104827] [opID=6256d034-37ff VsanPyVmomiProfiler::logProfile]   impl.GetHclInfo: 0.24s, consumed: 68132KB (+0KB), consumedPeak: 68132KB (+0KB), effectiveMin: 102400KB (+0KB), effectiveMinPeak: 102400KB (+0KB), requestedMinPeak: 102400KB (+0KB)
2025-09-01T04:10:25.493Z info vsand[2104843] [opID=6256d034-3801 VsanPyVmomiProfiler::log] Profiler:
2025-09-01T04:10:25.493Z info vsand[2104843] [opID=6256d034-3801 VsanPyVmomiProfiler::logProfile]   impl.DetermineObjectStatus 1: 0.00s, consumed: 68132KB (+0KB), consumedPeak: 68132KB (+0KB), effectiveMin: 102400KB (+0KB), effectiveMinPeak: 102400KB (+0KB), requestedMinPeak: 102400KB (+0KB)
2025-09-01T04:10:25.494Z info vsand[2104843] [opID=6256d034-3801 VsanPyVmomiProfiler::logProfile]   impl._QueryObjectHealthSummary: 0.01s, consumed: 68132KB (+0KB), consumedPeak: 68132KB (+0KB), effectiveMin: 102400KB (+0KB), effectiveMinPeak: 102400KB (+0KB), requestedMinPeak: 102400KB (+0KB)
2025-09-01T04:10:25.494Z info vsand[2104843] [opID=6256d034-3801 VsanVcObjectHelper::wrapper] Ready to get single executor result for the key ['_QueryVerifyNetworkSettings', 'ha-vsan-health-system', '', '', '', 'False'] in timeout 600
2025-09-01T04:10:25.494Z info vsand[2104843] [opID=6256d034-3801 VsanVcObjectHelper::wrapper] Ready to call original function for execution
2025-09-01T04:10:25.494Z info vsand[2104843] [opID=6256d034-3801 VsanHealthSystemImpl::_QueryVerifyNetworkSettings] Query network settings: (str) []:(str) []
2025-09-01T04:10:25.499Z info vsand[2104843] [opID=6256d034-3801 VsanPyVmomiProfiler::logProfile]   invoke-method:ha-cli-handler-vsan-network:List: 0.00s, consumed: 68132KB (+0KB), consumedPeak: 68132KB (+0KB), effectiveMin: 102400KB (+0KB), effectiveMinPeak: 102400KB (+0KB), requestedMinPeak: 102400KB (+0KB)
2025-09-01T04:10:25.503Z info vsand[2104843] [opID=6256d034-3801 VsanPyVmomiProfiler::logProfile]   invoke-method:ha-cli-handler-network-ip-interface:List: 0.00s, consumed: 68132KB (+0KB), consumedPeak: 68132KB (+0KB), effectiveMin: 102400KB (+0KB), effectiveMinPeak: 102400KB (+0KB), requestedMinPeak: 102400KB (+0KB)
2025-09-01T04:10:25.507Z info vsand[2104843] [opID=6256d034-3801 VsanPyVmomiProfiler::logProfile]   invoke-method:ha-cli-handler-network-ip-interface-ipv6-address:List: 0.00s, consumed: 68132KB (+0KB), consumedPeak: 68132KB (+0KB), effectiveMin: 102400KB (+0KB), effectiveMinPeak: 102400KB (+0KB), requestedMinPeak: 102400KB (+0KB)
2025-09-01T04:10:25.510Z info vsand[2104843] [opID=6256d034-3801 VsanPyVmomiProfiler::logProfile]   invoke-method:ha-cli-handler-network-ip-interface-ipv4:Get: 0.00s, consumed: 68132KB (+0KB), consumedPeak: 68132KB (+0KB), effectiveMin: 102400KB (+0KB), effectiveMinPeak: 102400KB (+0KB), requestedMinPeak: 102400KB (+0KB)
2025-09-01T04:10:25.514Z info vsand[2104843] [opID=6256d034-3801 VsanPyVmomiProfiler::logProfile]   invoke-method:ha-cli-handler-network-ip-route-ipv4:List: 0.00s, consumed: 68132KB (+0KB), consumedPeak: 68132KB (+0KB), effectiveMin: 102400KB (+0KB), effectiveMinPeak: 102400KB (+0KB), requestedMinPeak: 102400KB (+0KB)
2025-09-01T04:10:25.518Z info vsand[2104843] [opID=6256d034-3801 VsanPyVmomiProfiler::logProfile]   invoke-method:ha-cli-handler-network-ip-route-ipv6:List: 0.00s, consumed: 68132KB (+0KB), consumedPeak: 68132KB (+0KB), effectiveMin: 102400KB (+0KB), effectiveMinPeak: 102400KB (+0KB), requestedMinPeak: 102400KB (+0KB)
2025-09-01T04:10:25.518Z info vsand[2104843] [opID=6256d034-3801 VsanVcObjectHelper::wrapper] Finish execute _QueryVerifyNetworkSettings
2025-09-01T04:10:25.519Z info vsand[2104843] [opID=6256d034-3801 VsanVcObjectHelper::AddCallResultAndNotify] delete the single concurrent execution key
2025-09-01T04:10:25.519Z info vsand[2104843] [opID=6256d034-3801 VsanPyVmomiProfiler::log] Profiler:
2025-09-01T04:10:25.519Z info vsand[2104843] [opID=6256d034-3801 VsanPyVmomiProfiler::logProfile]   GetVsanVmknicConfigFromEsxCLI: 0.02s, consumed: 68132KB (+0KB), consumedPeak: 68132KB (+0KB), effectiveMin: 102400KB (+0KB), effectiveMinPeak: 102400KB (+0KB), requestedMinPeak: 102400KB (+0KB)
2025-09-01T04:10:25.519Z info vsand[2104843] [opID=6256d034-3801 VsanPyVmomiProfiler::logProfile]   impl._QueryVerifyNetworkSettings: 0.02s, consumed: 68132KB (+0KB), consumedPeak: 68132KB (+0KB), effectiveMin: 102400KB (+0KB), effectiveMinPeak: 102400KB (+0KB), requestedMinPeak: 102400KB (+0KB)
2025-09-01T04:10:26.346Z error vsand[2104810] [opID=MainThread cliutils::GetVSANClusterInfo] Failed to query cluster info: Operation not allowed because the VMKernel is shutting down
2025-09-01T04:10:31.349Z error vsand[2104810] [opID=MainThread cliutils::GetVSANClusterInfo] Failed to query cluster info: Operation not allowed because the VMKernel is shutting down
2025-09-01T04:10:31.774Z info vsand[2104830] [opID=6256d036-3803 VsanVcObjectHelper::wrapper] Ready to get single executor result for the key ['_GetVsanStorageList', '', 'vmware_soap_session="475f397373dc40df42b29ef52c1694ce1d76c8cb"; Path=/; HttpOnly; Secure; '] in timeout 20
2025-09-01T04:10:31.774Z info vsand[2104830] [opID=6256d036-3803 VsanVcObjectHelper::wrapper] Ready to call original function for execution
2025-09-01T04:10:31.779Z info vsand[2104830] [opID=6256d036-3803 VsanVcObjectHelper::wrapper] Finish execute _GetVsanStorageList
2025-09-01T04:10:31.779Z info vsand[2104830] [opID=6256d036-3803 VsanVcObjectHelper::AddCallResultAndNotify] delete the single concurrent execution key
2025-09-01T04:10:31.780Z info vsand[2104830] [opID=6256d036-3803 VsanVcObjectHelper::wrapper] Ready to get single executor result for the key ['_GetCoreDeviceList', '', 'vmware_soap_session="475f397373dc40df42b29ef52c1694ce1d76c8cb"; Path=/; HttpOnly; Secure; '] in timeout 20
2025-09-01T04:10:31.780Z info vsand[2104830] [opID=6256d036-3803 VsanVcObjectHelper::wrapper] Ready to call original function for execution
2025-09-01T04:10:31.812Z info vsand[2104830] [opID=6256d036-3803 VsanVcObjectHelper::wrapper] Finish execute _GetCoreDeviceList
2025-09-01T04:10:31.812Z info vsand[2104830] [opID=6256d036-3803 VsanVcObjectHelper::AddCallResultAndNotify] delete the single concurrent execution key
2025-09-01T04:10:31.881Z info vsand[2104830] [opID=6256d036-3803 VsanVcObjectHelper::wrapper] Ready to get single executor result for the key ['_GetVendorToolAbstraction', '', 'vmware_soap_session="475f397373dc40df42b29ef52c1694ce1d76c8cb"; Path=/; HttpOnly; Secure; '] in timeout 20
2025-09-01T04:10:31.882Z info vsand[2104830] [opID=6256d036-3803 VsanVcObjectHelper::wrapper] Ready to call original function for execution
2025-09-01T04:10:31.921Z info vsand[2104830] [opID=6256d036-3803 VsanVcObjectHelper::wrapper] Finish execute _GetVendorToolAbstraction
2025-09-01T04:10:31.921Z info vsand[2104830] [opID=6256d036-3803 VsanVcObjectHelper::AddCallResultAndNotify] delete the single concurrent execution key
2025-09-01T04:10:31.921Z info vsand[2104830] [opID=6256d036-3803 VsanEsxHclUtil::ManipulateControllersWithStressOptions] Adding following devices: {}
2025-09-01T04:10:31.923Z info vsand[2104830] [opID=6256d036-3803 VsanEsxHclUtil::findController] Looking up pciAddress: 00:00:1f:05
2025-09-01T04:10:31.924Z info vsand[2104830] [opID=6256d036-3803 VsanEsxHclUtil::findController] Looking up pciAddress: 00:01:00:00
2025-09-01T04:10:31.925Z info vsand[2104830] [opID=6256d036-3803 VsanEsxHclUtil::findController] Looking up pciAddress: 00:00:1f:02
2025-09-01T04:10:31.926Z info vsand[2104830] [opID=6256d036-3803 VsanEsxHclUtil::ManipulateControllersWithStressOptions] Adding following devices: {}
2025-09-01T04:10:31.928Z warning vsand[2104830] [opID=6256d036-3803 VsanEsxHclUtil::_GetPhysicalNicInfo] Not found pci device of device vusb0
2025-09-01T04:10:31.929Z info vsand[2104830] [opID=6256d036-3803 VsanPyVmomiProfiler::log] Profiler:
2025-09-01T04:10:31.929Z info vsand[2104830] [opID=6256d036-3803 VsanPyVmomiProfiler::logProfile]   Get storage-core-path,                             core-adapter,                             hardware-pci,                             system-version: 0.07s, consumed: 68248KB (+0KB), consumedPeak: 68248KB (+0KB), effectiveMin: 102400KB (+0KB), effectiveMinPeak: 102400KB (+0KB), requestedMinPeak: 102400KB (+0KB)
2025-09-01T04:10:31.929Z info vsand[2104830] [opID=6256d036-3803 VsanPyVmomiProfiler::logProfile]   GetPhysicalNicInfo._PopulatePnicDriverFwVersion: 0.00s, 0.00s, 0.00s, 0.00s, 0.00s, 0.00s, 0.00s, consumed: 68248KB (+0KB), consumedPeak: 68248KB (+0KB), effectiveMin: 102400KB (+0KB), effectiveMinPeak: 102400KB (+0KB), requestedMinPeak: 102400KB (+0KB)
2025-09-01T04:10:31.929Z info vsand[2104830] [opID=6256d036-3803 VsanPyVmomiProfiler::logProfile]   cls.ManipulateControllersWithStressOptions: 0.00s, consumed: 68248KB (+0KB), consumedPeak: 68248KB (+0KB), effectiveMin: 102400KB (+0KB), effectiveMinPeak: 102400KB (+0KB), requestedMinPeak: 102400KB (+0KB)
2025-09-01T04:10:31.930Z info vsand[2104830] [opID=6256d036-3803 VsanPyVmomiProfiler::logProfile]   cls._GetPhysicalNicInfo: 0.00s, consumed: 68248KB (+0KB), consumedPeak: 68248KB (+0KB), effectiveMin: 102400KB (+0KB), effectiveMinPeak: 102400KB (+0KB), requestedMinPeak: 102400KB (+0KB)
2025-09-01T04:10:31.930Z info vsand[2104830] [opID=6256d036-3803 VsanPyVmomiProfiler::logProfile]   cls._LookupControllerQueueDepth: 0.00s, 0.00s, 0.00s, 0.00s, 0.00s, consumed: 68248KB (+0KB), consumedPeak: 68248KB (+0KB), effectiveMin: 102400KB (+0KB), effectiveMinPeak: 102400KB (+0KB), requestedMinPeak: 102400KB (+0KB)
2025-09-01T04:10:31.930Z info vsand[2104830] [opID=6256d036-3803 VsanPyVmomiProfiler::logProfile]   cls._LookupDriverVersion: 0.00s, 0.00s, 0.00s, 0.00s, 0.00s, consumed: 68248KB (+0KB), consumedPeak: 68248KB (+0KB), effectiveMin: 102400KB (+0KB), effectiveMinPeak: 102400KB (+0KB), requestedMinPeak: 102400KB (+0KB)
2025-09-01T04:10:31.931Z info vsand[2104830] [opID=6256d036-3803 VsanPyVmomiProfiler::logProfile]   cls.checkDiskMode: 0.00s, 0.00s, 0.00s, 0.00s, 0.00s, consumed: 68248KB (+0KB), consumedPeak: 68248KB (+0KB), effectiveMin: 102400KB (+0KB), effectiveMinPeak: 102400KB (+0KB), requestedMinPeak: 102400KB (+0KB)
2025-09-01T04:10:31.931Z info vsand[2104830] [opID=6256d036-3803 VsanPyVmomiProfiler::logProfile]   rdma-device: 0.00s, consumed: 68248KB (+0KB), consumedPeak: 68248KB (+0KB), effectiveMin: 102400KB (+0KB), effectiveMinPeak: 102400KB (+0KB), requestedMinPeak: 102400KB (+0KB)
2025-09-01T04:10:31.931Z info vsand[2104830] [opID=6256d036-3803 VsanPyVmomiProfiler::logProfile]   vim.EsxCLI.storage.core.device: 0.03s, consumed: 68248KB (+0KB), consumedPeak: 68248KB (+0KB), effectiveMin: 102400KB (+0KB), effectiveMinPeak: 102400KB (+0KB), requestedMinPeak: 102400KB (+0KB)
2025-09-01T04:10:31.931Z info vsand[2104830] [opID=6256d036-3803 VsanPyVmomiProfiler::logProfile]   vim.EsxCLI.vsan.storage: 0.01s, consumed: 68248KB (+0KB), consumedPeak: 68248KB (+0KB), effectiveMin: 102400KB (+0KB), effectiveMinPeak: 102400KB (+0KB), requestedMinPeak: 102400KB (+0KB)
2025-09-01T04:10:31.934Z info vsand[2104830] [opID=6256d036-3803 VsanPyVmomiProfiler::log] Profiler:
2025-09-01T04:10:31.934Z info vsand[2104830] [opID=6256d036-3803 VsanPyVmomiProfiler::logProfile]   impl.GetHclInfo: 0.16s, consumed: 68248KB (+0KB), consumedPeak: 68248KB (+0KB), effectiveMin: 102400KB (+0KB), effectiveMinPeak: 102400KB (+0KB), requestedMinPeak: 102400KB (+0KB)
2025-09-01T04:10:31.988Z info vsand[2104839] [opID=6256d036-3805 VsanPyVmomiProfiler::log] Profiler:
2025-09-01T04:10:31.989Z info vsand[2104839] [opID=6256d036-3805 VsanPyVmomiProfiler::logProfile]   impl.DetermineObjectStatus 1: 0.00s, consumed: 68260KB (+0KB), consumedPeak: 68260KB (+0KB), effectiveMin: 102400KB (+0KB), effectiveMinPeak: 102400KB (+0KB), requestedMinPeak: 102400KB (+0KB)
2025-09-01T04:10:31.989Z info vsand[2104839] [opID=6256d036-3805 VsanPyVmomiProfiler::logProfile]   impl._QueryObjectHealthSummary: 0.00s, consumed: 68260KB (+0KB), consumedPeak: 68260KB (+0KB), effectiveMin: 102400KB (+0KB), effectiveMinPeak: 102400KB (+0KB), requestedMinPeak: 102400KB (+0KB)
2025-09-01T04:10:31.989Z info vsand[2104839] [opID=6256d036-3805 VsanVcObjectHelper::wrapper] Ready to get single executor result for the key ['_QueryVerifyNetworkSettings', 'ha-vsan-health-system', '', '', '', 'False'] in timeout 600
2025-09-01T04:10:31.989Z info vsand[2104839] [opID=6256d036-3805 VsanVcObjectHelper::wrapper] Ready to call original function for execution
2025-09-01T04:10:31.989Z info vsand[2104839] [opID=6256d036-3805 VsanHealthSystemImpl::_QueryVerifyNetworkSettings] Query network settings: (str) []:(str) []
2025-09-01T04:10:31.993Z info vsand[2104839] [opID=6256d036-3805 VsanPyVmomiProfiler::logProfile]   invoke-method:ha-cli-handler-vsan-network:List: 0.00s, consumed: 68260KB (+0KB), consumedPeak: 68260KB (+0KB), effectiveMin: 102400KB (+0KB), effectiveMinPeak: 102400KB (+0KB), requestedMinPeak: 102400KB (+0KB)
2025-09-01T04:10:31.998Z info vsand[2104839] [opID=6256d036-3805 VsanPyVmomiProfiler::logProfile]   invoke-method:ha-cli-handler-network-ip-interface:List: 0.00s, consumed: 68260KB (+0KB), consumedPeak: 68260KB (+0KB), effectiveMin: 102400KB (+0KB), effectiveMinPeak: 102400KB (+0KB), requestedMinPeak: 102400KB (+0KB)
2025-09-01T04:10:32.001Z info vsand[2104839] [opID=6256d036-3805 VsanPyVmomiProfiler::logProfile]   invoke-method:ha-cli-handler-network-ip-interface-ipv6-address:List: 0.00s, consumed: 68260KB (+0KB), consumedPeak: 68260KB (+0KB), effectiveMin: 102400KB (+0KB), effectiveMinPeak: 102400KB (+0KB), requestedMinPeak: 102400KB (+0KB)
2025-09-01T04:10:32.005Z info vsand[2104839] [opID=6256d036-3805 VsanPyVmomiProfiler::logProfile]   invoke-method:ha-cli-handler-network-ip-interface-ipv4:Get: 0.00s, consumed: 68260KB (+0KB), consumedPeak: 68260KB (+0KB), effectiveMin: 102400KB (+0KB), effectiveMinPeak: 102400KB (+0KB), requestedMinPeak: 102400KB (+0KB)
2025-09-01T04:10:32.008Z info vsand[2104839] [opID=6256d036-3805 VsanPyVmomiProfiler::logProfile]   invoke-method:ha-cli-handler-network-ip-route-ipv4:List: 0.00s, consumed: 68260KB (+0KB), consumedPeak: 68260KB (+0KB), effectiveMin: 102400KB (+0KB), effectiveMinPeak: 102400KB (+0KB), requestedMinPeak: 102400KB (+0KB)
2025-09-01T04:10:32.012Z info vsand[2104839] [opID=6256d036-3805 VsanPyVmomiProfiler::logProfile]   invoke-method:ha-cli-handler-network-ip-route-ipv6:List: 0.00s, consumed: 68260KB (+0KB), consumedPeak: 68260KB (+0KB), effectiveMin: 102400KB (+0KB), effectiveMinPeak: 102400KB (+0KB), requestedMinPeak: 102400KB (+0KB)
2025-09-01T04:10:32.012Z info vsand[2104839] [opID=6256d036-3805 VsanVcObjectHelper::wrapper] Finish execute _QueryVerifyNetworkSettings
2025-09-01T04:10:32.012Z info vsand[2104839] [opID=6256d036-3805 VsanVcObjectHelper::AddCallResultAndNotify] delete the single concurrent execution key
2025-09-01T04:10:32.013Z info vsand[2104839] [opID=6256d036-3805 VsanPyVmomiProfiler::log] Profiler:
2025-09-01T04:10:32.013Z info vsand[2104839] [opID=6256d036-3805 VsanPyVmomiProfiler::logProfile]   GetVsanVmknicConfigFromEsxCLI: 0.02s, consumed: 68260KB (+0KB), consumedPeak: 68260KB (+0KB), effectiveMin: 102400KB (+0KB), effectiveMinPeak: 102400KB (+0KB), requestedMinPeak: 102400KB (+0KB)
2025-09-01T04:10:32.013Z info vsand[2104839] [opID=6256d036-3805 VsanPyVmomiProfiler::logProfile]   impl._QueryVerifyNetworkSettings: 0.02s, consumed: 68260KB (+0KB), consumedPeak: 68260KB (+0KB), effectiveMin: 102400KB (+0KB), effectiveMinPeak: 102400KB (+0KB), requestedMinPeak: 102400KB (+0KB)
2025-09-01T04:10:36.352Z error vsand[2104810] [opID=MainThread cliutils::GetVSANClusterInfo] Failed to query cluster info: Operation not allowed because the VMKernel is shutting down
2025-09-01T04:10:37.588Z info vsand[2104842] [opID=6256d037-3807 VsanVcObjectHelper::wrapper] Ready to get single executor result for the key ['_GetVsanStorageList', '', 'vmware_soap_session="475f397373dc40df42b29ef52c1694ce1d76c8cb"; Path=/; HttpOnly; Secure; '] in timeout 20
2025-09-01T04:10:37.589Z info vsand[2104842] [opID=6256d037-3807 VsanVcObjectHelper::wrapper] Ready to call original function for execution
2025-09-01T04:10:37.593Z info vsand[2104842] [opID=6256d037-3807 VsanVcObjectHelper::wrapper] Finish execute _GetVsanStorageList
2025-09-01T04:10:37.593Z info vsand[2104842] [opID=6256d037-3807 VsanVcObjectHelper::AddCallResultAndNotify] delete the single concurrent execution key
2025-09-01T04:10:37.594Z info vsand[2104842] [opID=6256d037-3807 VsanVcObjectHelper::wrapper] Ready to get single executor result for the key ['_GetCoreDeviceList', '', 'vmware_soap_session="475f397373dc40df42b29ef52c1694ce1d76c8cb"; Path=/; HttpOnly; Secure; '] in timeout 20
2025-09-01T04:10:37.594Z info vsand[2104842] [opID=6256d037-3807 VsanVcObjectHelper::wrapper] Ready to call original function for execution
2025-09-01T04:10:37.600Z info vsand[2104842] [opID=6256d037-3807 VsanVcObjectHelper::wrapper] Finish execute _GetCoreDeviceList
2025-09-01T04:10:37.600Z info vsand[2104842] [opID=6256d037-3807 VsanVcObjectHelper::AddCallResultAndNotify] delete the single concurrent execution key
2025-09-01T04:10:37.670Z info vsand[2104842] [opID=6256d037-3807 VsanVcObjectHelper::wrapper] Ready to get single executor result for the key ['_GetVendorToolAbstraction', '', 'vmware_soap_session="475f397373dc40df42b29ef52c1694ce1d76c8cb"; Path=/; HttpOnly; Secure; '] in timeout 20
2025-09-01T04:10:37.670Z info vsand[2104842] [opID=6256d037-3807 VsanVcObjectHelper::wrapper] Ready to call original function for execution
2025-09-01T04:10:37.709Z info vsand[2104842] [opID=6256d037-3807 VsanVcObjectHelper::wrapper] Finish execute _GetVendorToolAbstraction
2025-09-01T04:10:37.709Z info vsand[2104842] [opID=6256d037-3807 VsanVcObjectHelper::AddCallResultAndNotify] delete the single concurrent execution key
2025-09-01T04:10:37.710Z info vsand[2104842] [opID=6256d037-3807 VsanEsxHclUtil::ManipulateControllersWithStressOptions] Adding following devices: {}
2025-09-01T04:10:37.711Z info vsand[2104842] [opID=6256d037-3807 VsanEsxHclUtil::findController] Looking up pciAddress: 00:00:1f:05
2025-09-01T04:10:37.713Z info vsand[2104842] [opID=6256d037-3807 VsanEsxHclUtil::findController] Looking up pciAddress: 00:01:00:00
2025-09-01T04:10:37.714Z info vsand[2104842] [opID=6256d037-3807 VsanEsxHclUtil::findController] Looking up pciAddress: 00:00:1f:02
2025-09-01T04:10:37.715Z info vsand[2104842] [opID=6256d037-3807 VsanEsxHclUtil::ManipulateControllersWithStressOptions] Adding following devices: {}
2025-09-01T04:10:37.717Z warning vsand[2104842] [opID=6256d037-3807 VsanEsxHclUtil::_GetPhysicalNicInfo] Not found pci device of device vusb0
2025-09-01T04:10:37.718Z info vsand[2104842] [opID=6256d037-3807 VsanPyVmomiProfiler::log] Profiler:
2025-09-01T04:10:37.718Z info vsand[2104842] [opID=6256d037-3807 VsanPyVmomiProfiler::logProfile]   Get storage-core-path,                             core-adapter,                             hardware-pci,                             system-version: 0.07s, consumed: 68272KB (+0KB), consumedPeak: 68272KB (+0KB), effectiveMin: 102400KB (+0KB), effectiveMinPeak: 102400KB (+0KB), requestedMinPeak: 102400KB (+0KB)
2025-09-01T04:10:37.718Z info vsand[2104842] [opID=6256d037-3807 VsanPyVmomiProfiler::logProfile]   GetPhysicalNicInfo._PopulatePnicDriverFwVersion: 0.00s, 0.00s, 0.00s, 0.00s, 0.00s, 0.00s, 0.00s, consumed: 68272KB (+0KB), consumedPeak: 68272KB (+0KB), effectiveMin: 102400KB (+0KB), effectiveMinPeak: 102400KB (+0KB), requestedMinPeak: 102400KB (+0KB)
2025-09-01T04:10:37.719Z info vsand[2104842] [opID=6256d037-3807 VsanPyVmomiProfiler::logProfile]   cls.ManipulateControllersWithStressOptions: 0.00s, consumed: 68272KB (+0KB), consumedPeak: 68272KB (+0KB), effectiveMin: 102400KB (+0KB), effectiveMinPeak: 102400KB (+0KB), requestedMinPeak: 102400KB (+0KB)
2025-09-01T04:10:37.719Z info vsand[2104842] [opID=6256d037-3807 VsanPyVmomiProfiler::logProfile]   cls._GetPhysicalNicInfo: 0.00s, consumed: 68272KB (+0KB), consumedPeak: 68272KB (+0KB), effectiveMin: 102400KB (+0KB), effectiveMinPeak: 102400KB (+0KB), requestedMinPeak: 102400KB (+0KB)
2025-09-01T04:10:37.720Z info vsand[2104842] [opID=6256d037-3807 VsanPyVmomiProfiler::logProfile]   cls._LookupControllerQueueDepth: 0.00s, 0.00s, 0.00s, 0.00s, 0.00s, consumed: 68272KB (+0KB), consumedPeak: 68272KB (+0KB), effectiveMin: 102400KB (+0KB), effectiveMinPeak: 102400KB (+0KB), requestedMinPeak: 102400KB (+0KB)
2025-09-01T04:10:37.720Z info vsand[2104842] [opID=6256d037-3807 VsanPyVmomiProfiler::logProfile]   cls._LookupDriverVersion: 0.00s, 0.00s, 0.00s, 0.00s, 0.00s, consumed: 68272KB (+0KB), consumedPeak: 68272KB (+0KB), effectiveMin: 102400KB (+0KB), effectiveMinPeak: 102400KB (+0KB), requestedMinPeak: 102400KB (+0KB)
2025-09-01T04:10:37.720Z info vsand[2104842] [opID=6256d037-3807 VsanPyVmomiProfiler::logProfile]   cls.checkDiskMode: 0.00s, 0.00s, 0.00s, 0.00s, 0.00s, consumed: 68272KB (+0KB), consumedPeak: 68272KB (+0KB), effectiveMin: 102400KB (+0KB), effectiveMinPeak: 102400KB (+0KB), requestedMinPeak: 102400KB (+0KB)
2025-09-01T04:10:37.721Z info vsand[2104842] [opID=6256d037-3807 VsanPyVmomiProfiler::logProfile]   rdma-device: 0.00s, consumed: 68272KB (+0KB), consumedPeak: 68272KB (+0KB), effectiveMin: 102400KB (+0KB), effectiveMinPeak: 102400KB (+0KB), requestedMinPeak: 102400KB (+0KB)
2025-09-01T04:10:37.721Z info vsand[2104842] [opID=6256d037-3807 VsanPyVmomiProfiler::logProfile]   vim.EsxCLI.storage.core.device: 0.01s, consumed: 68272KB (+0KB), consumedPeak: 68272KB (+0KB), effectiveMin: 102400KB (+0KB), effectiveMinPeak: 102400KB (+0KB), requestedMinPeak: 102400KB (+0KB)
2025-09-01T04:10:37.721Z info vsand[2104842] [opID=6256d037-3807 VsanPyVmomiProfiler::logProfile]   vim.EsxCLI.vsan.storage: 0.01s, consumed: 68272KB (+0KB), consumedPeak: 68272KB (+0KB), effectiveMin: 102400KB (+0KB), effectiveMinPeak: 102400KB (+0KB), requestedMinPeak: 102400KB (+0KB)
2025-09-01T04:10:37.724Z info vsand[2104842] [opID=6256d037-3807 VsanPyVmomiProfiler::log] Profiler:
2025-09-01T04:10:37.724Z info vsand[2104842] [opID=6256d037-3807 VsanPyVmomiProfiler::logProfile]   impl.GetHclInfo: 0.14s, consumed: 68272KB (+0KB), consumedPeak: 68272KB (+0KB), effectiveMin: 102400KB (+0KB), effectiveMinPeak: 102400KB (+0KB), requestedMinPeak: 102400KB (+0KB)
2025-09-01T04:10:37.781Z info vsand[2104838] [opID=6256d037-3809 VsanPyVmomiProfiler::log] Profiler:
2025-09-01T04:10:37.781Z info vsand[2104838] [opID=6256d037-3809 VsanPyVmomiProfiler::logProfile]   impl.DetermineObjectStatus 1: 0.00s, consumed: 68272KB (+0KB), consumedPeak: 68272KB (+0KB), effectiveMin: 102400KB (+0KB), effectiveMinPeak: 102400KB (+0KB), requestedMinPeak: 102400KB (+0KB)
2025-09-01T04:10:37.782Z info vsand[2104838] [opID=6256d037-3809 VsanPyVmomiProfiler::logProfile]   impl._QueryObjectHealthSummary: 0.00s, consumed: 68272KB (+0KB), consumedPeak: 68272KB (+0KB), effectiveMin: 102400KB (+0KB), effectiveMinPeak: 102400KB (+0KB), requestedMinPeak: 102400KB (+0KB)
2025-09-01T04:10:37.782Z info vsand[2104838] [opID=6256d037-3809 VsanVcObjectHelper::wrapper] Ready to get single executor result for the key ['_QueryVerifyNetworkSettings', 'ha-vsan-health-system', '', '', '', 'False'] in timeout 600
2025-09-01T04:10:37.782Z info vsand[2104838] [opID=6256d037-3809 VsanVcObjectHelper::wrapper] Ready to call original function for execution
2025-09-01T04:10:37.782Z info vsand[2104838] [opID=6256d037-3809 VsanHealthSystemImpl::_QueryVerifyNetworkSettings] Query network settings: (str) []:(str) []
2025-09-01T04:10:37.786Z info vsand[2104838] [opID=6256d037-3809 VsanPyVmomiProfiler::logProfile]   invoke-method:ha-cli-handler-vsan-network:List: 0.00s, consumed: 68272KB (+0KB), consumedPeak: 68272KB (+0KB), effectiveMin: 102400KB (+0KB), effectiveMinPeak: 102400KB (+0KB), requestedMinPeak: 102400KB (+0KB)
2025-09-01T04:10:37.790Z info vsand[2104838] [opID=6256d037-3809 VsanPyVmomiProfiler::logProfile]   invoke-method:ha-cli-handler-network-ip-interface:List: 0.00s, consumed: 68272KB (+0KB), consumedPeak: 68272KB (+0KB), effectiveMin: 102400KB (+0KB), effectiveMinPeak: 102400KB (+0KB), requestedMinPeak: 102400KB (+0KB)
2025-09-01T04:10:37.794Z info vsand[2104838] [opID=6256d037-3809 VsanPyVmomiProfiler::logProfile]   invoke-method:ha-cli-handler-network-ip-interface-ipv6-address:List: 0.00s, consumed: 68272KB (+0KB), consumedPeak: 68272KB (+0KB), effectiveMin: 102400KB (+0KB), effectiveMinPeak: 102400KB (+0KB), requestedMinPeak: 102400KB (+0KB)
2025-09-01T04:10:37.798Z info vsand[2104838] [opID=6256d037-3809 VsanPyVmomiProfiler::logProfile]   invoke-method:ha-cli-handler-network-ip-interface-ipv4:Get: 0.00s, consumed: 68272KB (+0KB), consumedPeak: 68272KB (+0KB), effectiveMin: 102400KB (+0KB), effectiveMinPeak: 102400KB (+0KB), requestedMinPeak: 102400KB (+0KB)
2025-09-01T04:10:37.801Z info vsand[2104838] [opID=6256d037-3809 VsanPyVmomiProfiler::logProfile]   invoke-method:ha-cli-handler-network-ip-route-ipv4:List: 0.00s, consumed: 68272KB (+0KB), consumedPeak: 68272KB (+0KB), effectiveMin: 102400KB (+0KB), effectiveMinPeak: 102400KB (+0KB), requestedMinPeak: 102400KB (+0KB)
2025-09-01T04:10:37.805Z info vsand[2104838] [opID=6256d037-3809 VsanPyVmomiProfiler::logProfile]   invoke-method:ha-cli-handler-network-ip-route-ipv6:List: 0.00s, consumed: 68272KB (+0KB), consumedPeak: 68272KB (+0KB), effectiveMin: 102400KB (+0KB), effectiveMinPeak: 102400KB (+0KB), requestedMinPeak: 102400KB (+0KB)
2025-09-01T04:10:37.805Z info vsand[2104838] [opID=6256d037-3809 VsanVcObjectHelper::wrapper] Finish execute _QueryVerifyNetworkSettings
2025-09-01T04:10:37.805Z info vsand[2104838] [opID=6256d037-3809 VsanVcObjectHelper::AddCallResultAndNotify] delete the single concurrent execution key
2025-09-01T04:10:37.806Z info vsand[2104838] [opID=6256d037-3809 VsanPyVmomiProfiler::log] Profiler:
2025-09-01T04:10:37.806Z info vsand[2104838] [opID=6256d037-3809 VsanPyVmomiProfiler::logProfile]   GetVsanVmknicConfigFromEsxCLI: 0.02s, consumed: 68272KB (+0KB), consumedPeak: 68272KB (+0KB), effectiveMin: 102400KB (+0KB), effectiveMinPeak: 102400KB (+0KB), requestedMinPeak: 102400KB (+0KB)
2025-09-01T04:10:37.806Z info vsand[2104838] [opID=6256d037-3809 VsanPyVmomiProfiler::logProfile]   impl._QueryVerifyNetworkSettings: 0.02s, consumed: 68272KB (+0KB), consumedPeak: 68272KB (+0KB), effectiveMin: 102400KB (+0KB), effectiveMinPeak: 102400KB (+0KB), requestedMinPeak: 102400KB (+0KB)
2025-09-01T04:10:41.355Z error vsand[2104810] [opID=MainThread cliutils::GetVSANClusterInfo] Failed to query cluster info: Operation not allowed because the VMKernel is shutting down
2025-09-01T04:10:46.358Z error vsand[2104810] [opID=MainThread cliutils::GetVSANClusterInfo] Failed to query cluster info: Operation not allowed because the VMKernel is shutting down
2025-09-01T04:10:51.361Z error vsand[2104810] [opID=MainThread cliutils::GetVSANClusterInfo] Failed to query cluster info: Operation not allowed because the VMKernel is shutting down
2025-09-01T04:10:56.362Z error vsand[2104810] [opID=MainThread cliutils::GetVSANClusterInfo] Failed to query cluster info: Operation not allowed because the VMKernel is shutting down
2025-09-01T04:11:01.365Z error vsand[2104810] [opID=MainThread cliutils::GetVSANClusterInfo] Failed to query cluster info: Operation not allowed because the VMKernel is shutting down
2025-09-01T04:11:06.368Z error vsand[2104810] [opID=MainThread cliutils::GetVSANClusterInfo] Failed to query cluster info: Operation not allowed because the VMKernel is shutting down
2025-09-01T04:11:11.372Z error vsand[2104810] [opID=MainThread cliutils::GetVSANClusterInfo] Failed to query cluster info: Operation not allowed because the VMKernel is shutting down
2025-09-01T04:11:14.133Z info vsand[2104841] [opID=6256d03f-380b VsanVcObjectHelper::wrapper] Ready to get single executor result for the key ['_GetVsanStorageList', '', 'vmware_soap_session="475f397373dc40df42b29ef52c1694ce1d76c8cb"; Path=/; HttpOnly; Secure; '] in timeout 20
2025-09-01T04:11:14.134Z info vsand[2104841] [opID=6256d03f-380b VsanVcObjectHelper::wrapper] Ready to call original function for execution
2025-09-01T04:11:14.138Z info vsand[2104841] [opID=6256d03f-380b VsanVcObjectHelper::wrapper] Finish execute _GetVsanStorageList
2025-09-01T04:11:14.139Z info vsand[2104841] [opID=6256d03f-380b VsanVcObjectHelper::AddCallResultAndNotify] delete the single concurrent execution key
2025-09-01T04:11:14.139Z info vsand[2104841] [opID=6256d03f-380b VsanVcObjectHelper::wrapper] Ready to get single executor result for the key ['_GetCoreDeviceList', '', 'vmware_soap_session="475f397373dc40df42b29ef52c1694ce1d76c8cb"; Path=/; HttpOnly; Secure; '] in timeout 20
2025-09-01T04:11:14.139Z info vsand[2104841] [opID=6256d03f-380b VsanVcObjectHelper::wrapper] Ready to call original function for execution
2025-09-01T04:11:14.162Z info vsand[2104841] [opID=6256d03f-380b VsanVcObjectHelper::wrapper] Finish execute _GetCoreDeviceList
2025-09-01T04:11:14.162Z info vsand[2104841] [opID=6256d03f-380b VsanVcObjectHelper::AddCallResultAndNotify] delete the single concurrent execution key
2025-09-01T04:11:14.232Z info vsand[2104841] [opID=6256d03f-380b VsanVcObjectHelper::wrapper] Ready to get single executor result for the key ['_GetVendorToolAbstraction', '', 'vmware_soap_session="475f397373dc40df42b29ef52c1694ce1d76c8cb"; Path=/; HttpOnly; Secure; '] in timeout 20
2025-09-01T04:11:14.232Z info vsand[2104841] [opID=6256d03f-380b VsanVcObjectHelper::wrapper] Ready to call original function for execution
2025-09-01T04:11:14.272Z info vsand[2104841] [opID=6256d03f-380b VsanVcObjectHelper::wrapper] Finish execute _GetVendorToolAbstraction
2025-09-01T04:11:14.272Z info vsand[2104841] [opID=6256d03f-380b VsanVcObjectHelper::AddCallResultAndNotify] delete the single concurrent execution key
2025-09-01T04:11:14.272Z info vsand[2104841] [opID=6256d03f-380b VsanEsxHclUtil::ManipulateControllersWithStressOptions] Adding following devices: {}
2025-09-01T04:11:14.274Z info vsand[2104841] [opID=6256d03f-380b VsanEsxHclUtil::findController] Looking up pciAddress: 00:00:1f:05
2025-09-01T04:11:14.276Z info vsand[2104841] [opID=6256d03f-380b VsanEsxHclUtil::findController] Looking up pciAddress: 00:01:00:00
2025-09-01T04:11:14.277Z info vsand[2104841] [opID=6256d03f-380b VsanEsxHclUtil::findController] Looking up pciAddress: 00:00:1f:02
2025-09-01T04:11:14.277Z info vsand[2104841] [opID=6256d03f-380b VsanEsxHclUtil::ManipulateControllersWithStressOptions] Adding following devices: {}
2025-09-01T04:11:14.280Z warning vsand[2104841] [opID=6256d03f-380b VsanEsxHclUtil::_GetPhysicalNicInfo] Not found pci device of device vusb0
2025-09-01T04:11:14.280Z info vsand[2104841] [opID=6256d03f-380b VsanPyVmomiProfiler::log] Profiler:
2025-09-01T04:11:14.280Z info vsand[2104841] [opID=6256d03f-380b VsanPyVmomiProfiler::logProfile]   Get storage-core-path,                             core-adapter,                             hardware-pci,                             system-version: 0.07s, consumed: 68304KB (+0KB), consumedPeak: 68304KB (+0KB), effectiveMin: 102400KB (+0KB), effectiveMinPeak: 102400KB (+0KB), requestedMinPeak: 102400KB (+0KB)
2025-09-01T04:11:14.280Z info vsand[2104841] [opID=6256d03f-380b VsanPyVmomiProfiler::logProfile]   GetPhysicalNicInfo._PopulatePnicDriverFwVersion: 0.00s, 0.00s, 0.00s, 0.00s, 0.00s, 0.00s, 0.00s, consumed: 68304KB (+0KB), consumedPeak: 68304KB (+0KB), effectiveMin: 102400KB (+0KB), effectiveMinPeak: 102400KB (+0KB), requestedMinPeak: 102400KB (+0KB)
2025-09-01T04:11:14.281Z info vsand[2104841] [opID=6256d03f-380b VsanPyVmomiProfiler::logProfile]   cls.ManipulateControllersWithStressOptions: 0.00s, consumed: 68304KB (+0KB), consumedPeak: 68304KB (+0KB), effectiveMin: 102400KB (+0KB), effectiveMinPeak: 102400KB (+0KB), requestedMinPeak: 102400KB (+0KB)
2025-09-01T04:11:14.281Z info vsand[2104841] [opID=6256d03f-380b VsanPyVmomiProfiler::logProfile]   cls._GetPhysicalNicInfo: 0.00s, consumed: 68304KB (+0KB), consumedPeak: 68304KB (+0KB), effectiveMin: 102400KB (+0KB), effectiveMinPeak: 102400KB (+0KB), requestedMinPeak: 102400KB (+0KB)
2025-09-01T04:11:14.281Z info vsand[2104841] [opID=6256d03f-380b VsanPyVmomiProfiler::logProfile]   cls._LookupControllerQueueDepth: 0.00s, 0.00s, 0.00s, 0.00s, 0.00s, consumed: 68304KB (+0KB), consumedPeak: 68304KB (+0KB), effectiveMin: 102400KB (+0KB), effectiveMinPeak: 102400KB (+0KB), requestedMinPeak: 102400KB (+0KB)
2025-09-01T04:11:14.281Z info vsand[2104841] [opID=6256d03f-380b VsanPyVmomiProfiler::logProfile]   cls._LookupDriverVersion: 0.00s, 0.00s, 0.00s, 0.00s, 0.00s, consumed: 68304KB (+0KB), consumedPeak: 68304KB (+0KB), effectiveMin: 102400KB (+0KB), effectiveMinPeak: 102400KB (+0KB), requestedMinPeak: 102400KB (+0KB)
2025-09-01T04:11:14.282Z info vsand[2104841] [opID=6256d03f-380b VsanPyVmomiProfiler::logProfile]   cls.checkDiskMode: 0.00s, 0.00s, 0.00s, 0.00s, 0.00s, consumed: 68304KB (+0KB), consumedPeak: 68304KB (+0KB), effectiveMin: 102400KB (+0KB), effectiveMinPeak: 102400KB (+0KB), requestedMinPeak: 102400KB (+0KB)
2025-09-01T04:11:14.282Z info vsand[2104841] [opID=6256d03f-380b VsanPyVmomiProfiler::logProfile]   rdma-device: 0.00s, consumed: 68304KB (+0KB), consumedPeak: 68304KB (+0KB), effectiveMin: 102400KB (+0KB), effectiveMinPeak: 102400KB (+0KB), requestedMinPeak: 102400KB (+0KB)
2025-09-01T04:11:14.282Z info vsand[2104841] [opID=6256d03f-380b VsanPyVmomiProfiler::logProfile]   vim.EsxCLI.storage.core.device: 0.02s, consumed: 68304KB (+0KB), consumedPeak: 68304KB (+0KB), effectiveMin: 102400KB (+0KB), effectiveMinPeak: 102400KB (+0KB), requestedMinPeak: 102400KB (+0KB)
2025-09-01T04:11:14.282Z info vsand[2104841] [opID=6256d03f-380b VsanPyVmomiProfiler::logProfile]   vim.EsxCLI.vsan.storage: 0.01s, consumed: 68304KB (+0KB), consumedPeak: 68304KB (+0KB), effectiveMin: 102400KB (+0KB), effectiveMinPeak: 102400KB (+0KB), requestedMinPeak: 102400KB (+0KB)
2025-09-01T04:11:14.285Z info vsand[2104841] [opID=6256d03f-380b VsanPyVmomiProfiler::log] Profiler:
2025-09-01T04:11:14.285Z info vsand[2104841] [opID=6256d03f-380b VsanPyVmomiProfiler::logProfile]   impl.GetHclInfo: 0.15s, consumed: 68304KB (+0KB), consumedPeak: 68304KB (+0KB), effectiveMin: 102400KB (+0KB), effectiveMinPeak: 102400KB (+0KB), requestedMinPeak: 102400KB (+0KB)
2025-09-01T04:11:14.373Z info vsand[2104835] [opID=6256d03f-380d VsanPyVmomiProfiler::log] Profiler:
2025-09-01T04:11:14.373Z info vsand[2104835] [opID=6256d03f-380d VsanPyVmomiProfiler::logProfile]   impl.DetermineObjectStatus 1: 0.00s, consumed: 68304KB (+0KB), consumedPeak: 68304KB (+0KB), effectiveMin: 102400KB (+0KB), effectiveMinPeak: 102400KB (+0KB), requestedMinPeak: 102400KB (+0KB)
2025-09-01T04:11:14.374Z info vsand[2104835] [opID=6256d03f-380d VsanPyVmomiProfiler::logProfile]   impl._QueryObjectHealthSummary: 0.00s, consumed: 68304KB (+0KB), consumedPeak: 68304KB (+0KB), effectiveMin: 102400KB (+0KB), effectiveMinPeak: 102400KB (+0KB), requestedMinPeak: 102400KB (+0KB)
2025-09-01T04:11:14.374Z info vsand[2104835] [opID=6256d03f-380d VsanVcObjectHelper::wrapper] Ready to get single executor result for the key ['_QueryVerifyNetworkSettings', 'ha-vsan-health-system', '', '', '', 'False'] in timeout 600
2025-09-01T04:11:14.374Z info vsand[2104835] [opID=6256d03f-380d VsanVcObjectHelper::wrapper] Ready to call original function for execution
2025-09-01T04:11:14.374Z info vsand[2104835] [opID=6256d03f-380d VsanHealthSystemImpl::_QueryVerifyNetworkSettings] Query network settings: (str) []:(str) []
2025-09-01T04:11:14.378Z info vsand[2104835] [opID=6256d03f-380d VsanPyVmomiProfiler::logProfile]   invoke-method:ha-cli-handler-vsan-network:List: 0.00s, consumed: 68304KB (+0KB), consumedPeak: 68304KB (+0KB), effectiveMin: 102400KB (+0KB), effectiveMinPeak: 102400KB (+0KB), requestedMinPeak: 102400KB (+0KB)
2025-09-01T04:11:14.383Z info vsand[2104835] [opID=6256d03f-380d VsanPyVmomiProfiler::logProfile]   invoke-method:ha-cli-handler-network-ip-interface:List: 0.00s, consumed: 68304KB (+0KB), consumedPeak: 68304KB (+0KB), effectiveMin: 102400KB (+0KB), effectiveMinPeak: 102400KB (+0KB), requestedMinPeak: 102400KB (+0KB)
2025-09-01T04:11:14.386Z info vsand[2104835] [opID=6256d03f-380d VsanPyVmomiProfiler::logProfile]   invoke-method:ha-cli-handler-network-ip-interface-ipv6-address:List: 0.00s, consumed: 68304KB (+0KB), consumedPeak: 68304KB (+0KB), effectiveMin: 102400KB (+0KB), effectiveMinPeak: 102400KB (+0KB), requestedMinPeak: 102400KB (+0KB)
2025-09-01T04:11:14.390Z info vsand[2104835] [opID=6256d03f-380d VsanPyVmomiProfiler::logProfile]   invoke-method:ha-cli-handler-network-ip-interface-ipv4:Get: 0.00s, consumed: 68304KB (+0KB), consumedPeak: 68304KB (+0KB), effectiveMin: 102400KB (+0KB), effectiveMinPeak: 102400KB (+0KB), requestedMinPeak: 102400KB (+0KB)
2025-09-01T04:11:14.393Z info vsand[2104835] [opID=6256d03f-380d VsanPyVmomiProfiler::logProfile]   invoke-method:ha-cli-handler-network-ip-route-ipv4:List: 0.00s, consumed: 68304KB (+0KB), consumedPeak: 68304KB (+0KB), effectiveMin: 102400KB (+0KB), effectiveMinPeak: 102400KB (+0KB), requestedMinPeak: 102400KB (+0KB)
2025-09-01T04:11:14.397Z info vsand[2104835] [opID=6256d03f-380d VsanPyVmomiProfiler::logProfile]   invoke-method:ha-cli-handler-network-ip-route-ipv6:List: 0.00s, consumed: 68304KB (+0KB), consumedPeak: 68304KB (+0KB), effectiveMin: 102400KB (+0KB), effectiveMinPeak: 102400KB (+0KB), requestedMinPeak: 102400KB (+0KB)
2025-09-01T04:11:14.398Z info vsand[2104835] [opID=6256d03f-380d VsanVcObjectHelper::wrapper] Finish execute _QueryVerifyNetworkSettings
2025-09-01T04:11:14.398Z info vsand[2104835] [opID=6256d03f-380d VsanVcObjectHelper::AddCallResultAndNotify] delete the single concurrent execution key
2025-09-01T04:11:14.398Z info vsand[2104835] [opID=6256d03f-380d VsanPyVmomiProfiler::log] Profiler:
2025-09-01T04:11:14.398Z info vsand[2104835] [opID=6256d03f-380d VsanPyVmomiProfiler::logProfile]   GetVsanVmknicConfigFromEsxCLI: 0.02s, consumed: 68304KB (+0KB), consumedPeak: 68304KB (+0KB), effectiveMin: 102400KB (+0KB), effectiveMinPeak: 102400KB (+0KB), requestedMinPeak: 102400KB (+0KB)
2025-09-01T04:11:14.398Z info vsand[2104835] [opID=6256d03f-380d VsanPyVmomiProfiler::logProfile]   impl._QueryVerifyNetworkSettings: 0.02s, consumed: 68304KB (+0KB), consumedPeak: 68304KB (+0KB), effectiveMin: 102400KB (+0KB), effectiveMinPeak: 102400KB (+0KB), requestedMinPeak: 102400KB (+0KB)
2025-09-01T04:11:16.375Z error vsand[2104810] [opID=MainThread cliutils::GetVSANClusterInfo] Failed to query cluster info: Operation not allowed because the VMKernel is shutting down
2025-09-01T04:11:21.376Z error vsand[2104810] [opID=MainThread cliutils::GetVSANClusterInfo] Failed to query cluster info: Operation not allowed because the VMKernel is shutting down
2025-09-01T04:11:26.379Z error vsand[2104810] [opID=MainThread cliutils::GetVSANClusterInfo] Failed to query cluster info: Operation not allowed because the VMKernel is shutting down
2025-09-01T04:11:31.382Z error vsand[2104810] [opID=MainThread cliutils::GetVSANClusterInfo] Failed to query cluster info: Operation not allowed because the VMKernel is shutting down
2025-09-01T04:11:36.385Z error vsand[2104810] [opID=MainThread cliutils::GetVSANClusterInfo] Failed to query cluster info: Operation not allowed because the VMKernel is shutting down
2025-09-01T04:11:41.389Z error vsand[2104810] [opID=MainThread cliutils::GetVSANClusterInfo] Failed to query cluster info: Operation not allowed because the VMKernel is shutting down
2025-09-01T04:11:46.392Z error vsand[2104810] [opID=MainThread cliutils::GetVSANClusterInfo] Failed to query cluster info: Operation not allowed because the VMKernel is shutting down
2025-09-01T04:11:51.395Z error vsand[2104810] [opID=MainThread cliutils::GetVSANClusterInfo] Failed to query cluster info: Operation not allowed because the VMKernel is shutting down
2025-09-01T04:11:56.398Z error vsand[2104810] [opID=MainThread cliutils::GetVSANClusterInfo] Failed to query cluster info: Operation not allowed because the VMKernel is shutting down
2025-09-01T04:12:01.401Z error vsand[2104810] [opID=MainThread cliutils::GetVSANClusterInfo] Failed to query cluster info: Operation not allowed because the VMKernel is shutting down
2025-09-01T04:12:06.402Z error vsand[2104810] [opID=MainThread cliutils::GetVSANClusterInfo] Failed to query cluster info: Operation not allowed because the VMKernel is shutting down
2025-09-01T04:12:11.405Z error vsand[2104810] [opID=MainThread cliutils::GetVSANClusterInfo] Failed to query cluster info: Operation not allowed because the VMKernel is shutting down
2025-09-01T04:12:16.409Z error vsand[2104810] [opID=MainThread cliutils::GetVSANClusterInfo] Failed to query cluster info: Operation not allowed because the VMKernel is shutting down
2025-09-01T04:12:21.410Z error vsand[2104810] [opID=MainThread cliutils::GetVSANClusterInfo] Failed to query cluster info: Operation not allowed because the VMKernel is shutting down
2025-09-01T04:12:26.412Z error vsand[2104810] [opID=MainThread cliutils::GetVSANClusterInfo] Failed to query cluster info: Operation not allowed because the VMKernel is shutting down
2025-09-01T04:12:31.415Z error vsand[2104810] [opID=MainThread cliutils::GetVSANClusterInfo] Failed to query cluster info: Operation not allowed because the VMKernel is shutting down
2025-09-01T04:12:36.419Z error vsand[2104810] [opID=MainThread cliutils::GetVSANClusterInfo] Failed to query cluster info: Operation not allowed because the VMKernel is shutting down
2025-09-01T04:12:41.421Z error vsand[2104810] [opID=MainThread cliutils::GetVSANClusterInfo] Failed to query cluster info: Operation not allowed because the VMKernel is shutting down
2025-09-01T04:12:46.422Z error vsand[2104810] [opID=MainThread cliutils::GetVSANClusterInfo] Failed to query cluster info: Operation not allowed because the VMKernel is shutting down
2025-09-01T04:12:51.425Z error vsand[2104810] [opID=MainThread cliutils::GetVSANClusterInfo] Failed to query cluster info: Operation not allowed because the VMKernel is shutting down
2025-09-01T04:12:56.428Z error vsand[2104810] [opID=MainThread cliutils::GetVSANClusterInfo] Failed to query cluster info: Operation not allowed because the VMKernel is shutting down
2025-09-01T04:13:01.430Z error vsand[2104810] [opID=MainThread cliutils::GetVSANClusterInfo] Failed to query cluster info: Operation not allowed because the VMKernel is shutting down
2025-09-01T04:13:06.432Z error vsand[2104810] [opID=MainThread cliutils::GetVSANClusterInfo] Failed to query cluster info: Operation not allowed because the VMKernel is shutting down
2025-09-01T04:13:11.435Z error vsand[2104810] [opID=MainThread cliutils::GetVSANClusterInfo] Failed to query cluster info: Operation not allowed because the VMKernel is shutting down
2025-09-01T04:13:16.437Z error vsand[2104810] [opID=MainThread cliutils::GetVSANClusterInfo] Failed to query cluster info: Operation not allowed because the VMKernel is shutting down
2025-09-01T04:13:21.440Z error vsand[2104810] [opID=MainThread cliutils::GetVSANClusterInfo] Failed to query cluster info: Operation not allowed because the VMKernel is shutting down
2025-09-01T04:13:26.442Z error vsand[2104810] [opID=MainThread cliutils::GetVSANClusterInfo] Failed to query cluster info: Operation not allowed because the VMKernel is shutting down
2025-09-01T04:13:31.445Z error vsand[2104810] [opID=MainThread cliutils::GetVSANClusterInfo] Failed to query cluster info: Operation not allowed because the VMKernel is shutting down
2025-09-01T04:13:36.449Z error vsand[2104810] [opID=MainThread cliutils::GetVSANClusterInfo] Failed to query cluster info: Operation not allowed because the VMKernel is shutting down
2025-09-01T04:13:41.450Z error vsand[2104810] [opID=MainThread cliutils::GetVSANClusterInfo] Failed to query cluster info: Operation not allowed because the VMKernel is shutting down
2025-09-01T04:13:46.452Z error vsand[2104810] [opID=MainThread cliutils::GetVSANClusterInfo] Failed to query cluster info: Operation not allowed because the VMKernel is shutting down
2025-09-01T04:13:51.456Z error vsand[2104810] [opID=MainThread cliutils::GetVSANClusterInfo] Failed to query cluster info: Operation not allowed because the VMKernel is shutting down
2025-09-01T04:13:56.457Z error vsand[2104810] [opID=MainThread cliutils::GetVSANClusterInfo] Failed to query cluster info: Operation not allowed because the VMKernel is shutting down
2025-09-01T04:14:01.461Z error vsand[2104810] [opID=MainThread cliutils::GetVSANClusterInfo] Failed to query cluster info: Operation not allowed because the VMKernel is shutting down
2025-09-01T04:14:06.462Z error vsand[2104810] [opID=MainThread cliutils::GetVSANClusterInfo] Failed to query cluster info: Operation not allowed because the VMKernel is shutting down
2025-09-01T04:14:11.465Z error vsand[2104810] [opID=MainThread cliutils::GetVSANClusterInfo] Failed to query cluster info: Operation not allowed because the VMKernel is shutting down
2025-09-01T04:14:16.466Z error vsand[2104810] [opID=MainThread cliutils::GetVSANClusterInfo] Failed to query cluster info: Operation not allowed because the VMKernel is shutting down
2025-09-01T04:14:21.468Z error vsand[2104810] [opID=MainThread cliutils::GetVSANClusterInfo] Failed to query cluster info: Operation not allowed because the VMKernel is shutting down
2025-09-01T04:14:26.471Z error vsand[2104810] [opID=MainThread cliutils::GetVSANClusterInfo] Failed to query cluster info: Operation not allowed because the VMKernel is shutting down
2025-09-01T04:14:31.475Z error vsand[2104810] [opID=MainThread cliutils::GetVSANClusterInfo] Failed to query cluster info: Operation not allowed because the VMKernel is shutting down
2025-09-01T04:14:36.478Z error vsand[2104810] [opID=MainThread cliutils::GetVSANClusterInfo] Failed to query cluster info: Operation not allowed because the VMKernel is shutting down
2025-09-01T04:14:41.481Z error vsand[2104810] [opID=MainThread cliutils::GetVSANClusterInfo] Failed to query cluster info: Operation not allowed because the VMKernel is shutting down
2025-09-01T04:14:46.482Z error vsand[2104810] [opID=MainThread cliutils::GetVSANClusterInfo] Failed to query cluster info: Operation not allowed because the VMKernel is shutting down
2025-09-01T04:14:51.485Z error vsand[2104810] [opID=MainThread cliutils::GetVSANClusterInfo] Failed to query cluster info: Operation not allowed because the VMKernel is shutting down
2025-09-01T04:14:56.489Z error vsand[2104810] [opID=MainThread cliutils::GetVSANClusterInfo] Failed to query cluster info: Operation not allowed because the VMKernel is shutting down
2025-09-01T04:15:00.517Z info vsand[2104838] [opID=6256d066-380f VsanVcObjectHelper::wrapper] Ready to get single executor result for the key ['_GetVsanStorageList', '', 'vmware_soap_session="475f397373dc40df42b29ef52c1694ce1d76c8cb"; Path=/; HttpOnly; Secure; '] in timeout 20
2025-09-01T04:15:00.517Z info vsand[2104838] [opID=6256d066-380f VsanVcObjectHelper::wrapper] Ready to call original function for execution
2025-09-01T04:15:00.522Z info vsand[2104838] [opID=6256d066-380f VsanVcObjectHelper::wrapper] Finish execute _GetVsanStorageList
2025-09-01T04:15:00.522Z info vsand[2104838] [opID=6256d066-380f VsanVcObjectHelper::AddCallResultAndNotify] delete the single concurrent execution key
2025-09-01T04:15:00.522Z info vsand[2104838] [opID=6256d066-380f VsanVcObjectHelper::wrapper] Ready to get single executor result for the key ['_GetCoreDeviceList', '', 'vmware_soap_session="475f397373dc40df42b29ef52c1694ce1d76c8cb"; Path=/; HttpOnly; Secure; '] in timeout 20
2025-09-01T04:15:00.522Z info vsand[2104838] [opID=6256d066-380f VsanVcObjectHelper::wrapper] Ready to call original function for execution
2025-09-01T04:15:00.532Z info vsand[2104838] [opID=6256d066-380f VsanVcObjectHelper::wrapper] Finish execute _GetCoreDeviceList
2025-09-01T04:15:00.532Z info vsand[2104838] [opID=6256d066-380f VsanVcObjectHelper::AddCallResultAndNotify] delete the single concurrent execution key
2025-09-01T04:15:00.603Z info vsand[2104838] [opID=6256d066-380f VsanVcObjectHelper::wrapper] Ready to get single executor result for the key ['_GetVendorToolAbstraction', '', 'vmware_soap_session="475f397373dc40df42b29ef52c1694ce1d76c8cb"; Path=/; HttpOnly; Secure; '] in timeout 20
2025-09-01T04:15:00.603Z info vsand[2104838] [opID=6256d066-380f VsanVcObjectHelper::wrapper] Ready to call original function for execution
2025-09-01T04:15:00.646Z info vsand[2104838] [opID=6256d066-380f VsanVcObjectHelper::wrapper] Finish execute _GetVendorToolAbstraction
2025-09-01T04:15:00.646Z info vsand[2104838] [opID=6256d066-380f VsanVcObjectHelper::AddCallResultAndNotify] delete the single concurrent execution key
2025-09-01T04:15:00.646Z info vsand[2104838] [opID=6256d066-380f VsanEsxHclUtil::ManipulateControllersWithStressOptions] Adding following devices: {}
2025-09-01T04:15:00.648Z info vsand[2104838] [opID=6256d066-380f VsanEsxHclUtil::findController] Looking up pciAddress: 00:00:1f:05
2025-09-01T04:15:00.650Z info vsand[2104838] [opID=6256d066-380f VsanEsxHclUtil::findController] Looking up pciAddress: 00:01:00:00
2025-09-01T04:15:00.651Z info vsand[2104838] [opID=6256d066-380f VsanEsxHclUtil::findController] Looking up pciAddress: 00:00:1f:02
2025-09-01T04:15:00.651Z info vsand[2104838] [opID=6256d066-380f VsanEsxHclUtil::ManipulateControllersWithStressOptions] Adding following devices: {}
2025-09-01T04:15:00.654Z warning vsand[2104838] [opID=6256d066-380f VsanEsxHclUtil::_GetPhysicalNicInfo] Not found pci device of device vusb0
2025-09-01T04:15:00.654Z info vsand[2104838] [opID=6256d066-380f VsanPyVmomiProfiler::log] Profiler:
2025-09-01T04:15:00.654Z info vsand[2104838] [opID=6256d066-380f VsanPyVmomiProfiler::logProfile]   Get storage-core-path,                             core-adapter,                             hardware-pci,                             system-version: 0.07s, consumed: 68316KB (+0KB), consumedPeak: 68316KB (+0KB), effectiveMin: 102400KB (+0KB), effectiveMinPeak: 102400KB (+0KB), requestedMinPeak: 102400KB (+0KB)
2025-09-01T04:15:00.655Z info vsand[2104838] [opID=6256d066-380f VsanPyVmomiProfiler::logProfile]   GetPhysicalNicInfo._PopulatePnicDriverFwVersion: 0.00s, 0.00s, 0.00s, 0.00s, 0.00s, 0.00s, 0.00s, consumed: 68316KB (+0KB), consumedPeak: 68316KB (+0KB), effectiveMin: 102400KB (+0KB), effectiveMinPeak: 102400KB (+0KB), requestedMinPeak: 102400KB (+0KB)
2025-09-01T04:15:00.655Z info vsand[2104838] [opID=6256d066-380f VsanPyVmomiProfiler::logProfile]   cls.ManipulateControllersWithStressOptions: 0.00s, consumed: 68316KB (+0KB), consumedPeak: 68316KB (+0KB), effectiveMin: 102400KB (+0KB), effectiveMinPeak: 102400KB (+0KB), requestedMinPeak: 102400KB (+0KB)
2025-09-01T04:15:00.655Z info vsand[2104838] [opID=6256d066-380f VsanPyVmomiProfiler::logProfile]   cls._GetPhysicalNicInfo: 0.00s, consumed: 68316KB (+0KB), consumedPeak: 68316KB (+0KB), effectiveMin: 102400KB (+0KB), effectiveMinPeak: 102400KB (+0KB), requestedMinPeak: 102400KB (+0KB)
2025-09-01T04:15:00.656Z info vsand[2104838] [opID=6256d066-380f VsanPyVmomiProfiler::logProfile]   cls._LookupControllerQueueDepth: 0.00s, 0.00s, 0.00s, 0.00s, 0.00s, consumed: 68316KB (+0KB), consumedPeak: 68316KB (+0KB), effectiveMin: 102400KB (+0KB), effectiveMinPeak: 102400KB (+0KB), requestedMinPeak: 102400KB (+0KB)
2025-09-01T04:15:00.656Z info vsand[2104838] [opID=6256d066-380f VsanPyVmomiProfiler::logProfile]   cls._LookupDriverVersion: 0.00s, 0.00s, 0.00s, 0.00s, 0.00s, consumed: 68316KB (+0KB), consumedPeak: 68316KB (+0KB), effectiveMin: 102400KB (+0KB), effectiveMinPeak: 102400KB (+0KB), requestedMinPeak: 102400KB (+0KB)
2025-09-01T04:15:00.656Z info vsand[2104838] [opID=6256d066-380f VsanPyVmomiProfiler::logProfile]   cls.checkDiskMode: 0.00s, 0.00s, 0.00s, 0.00s, 0.00s, consumed: 68316KB (+0KB), consumedPeak: 68316KB (+0KB), effectiveMin: 102400KB (+0KB), effectiveMinPeak: 102400KB (+0KB), requestedMinPeak: 102400KB (+0KB)
2025-09-01T04:15:00.656Z info vsand[2104838] [opID=6256d066-380f VsanPyVmomiProfiler::logProfile]   rdma-device: 0.00s, consumed: 68316KB (+0KB), consumedPeak: 68316KB (+0KB), effectiveMin: 102400KB (+0KB), effectiveMinPeak: 102400KB (+0KB), requestedMinPeak: 102400KB (+0KB)
2025-09-01T04:15:00.657Z info vsand[2104838] [opID=6256d066-380f VsanPyVmomiProfiler::logProfile]   vim.EsxCLI.storage.core.device: 0.01s, consumed: 68316KB (+0KB), consumedPeak: 68316KB (+0KB), effectiveMin: 102400KB (+0KB), effectiveMinPeak: 102400KB (+0KB), requestedMinPeak: 102400KB (+0KB)
2025-09-01T04:15:00.657Z info vsand[2104838] [opID=6256d066-380f VsanPyVmomiProfiler::logProfile]   vim.EsxCLI.vsan.storage: 0.01s, consumed: 68316KB (+0KB), consumedPeak: 68316KB (+0KB), effectiveMin: 102400KB (+0KB), effectiveMinPeak: 102400KB (+0KB), requestedMinPeak: 102400KB (+0KB)
2025-09-01T04:15:00.660Z info vsand[2104838] [opID=6256d066-380f VsanPyVmomiProfiler::log] Profiler:
2025-09-01T04:15:00.660Z info vsand[2104838] [opID=6256d066-380f VsanPyVmomiProfiler::logProfile]   impl.GetHclInfo: 0.15s, consumed: 68316KB (+0KB), consumedPeak: 68316KB (+0KB), effectiveMin: 102400KB (+0KB), effectiveMinPeak: 102400KB (+0KB), requestedMinPeak: 102400KB (+0KB)
2025-09-01T04:15:00.717Z info vsand[2104842] [opID=6256d066-3811 VsanPyVmomiProfiler::log] Profiler:
2025-09-01T04:15:00.717Z info vsand[2104842] [opID=6256d066-3811 VsanPyVmomiProfiler::logProfile]   impl.DetermineObjectStatus 1: 0.00s, consumed: 68316KB (+0KB), consumedPeak: 68316KB (+0KB), effectiveMin: 102400KB (+0KB), effectiveMinPeak: 102400KB (+0KB), requestedMinPeak: 102400KB (+0KB)
2025-09-01T04:15:00.717Z info vsand[2104842] [opID=6256d066-3811 VsanPyVmomiProfiler::logProfile]   impl._QueryObjectHealthSummary: 0.00s, consumed: 68316KB (+0KB), consumedPeak: 68316KB (+0KB), effectiveMin: 102400KB (+0KB), effectiveMinPeak: 102400KB (+0KB), requestedMinPeak: 102400KB (+0KB)
2025-09-01T04:15:00.718Z info vsand[2104842] [opID=6256d066-3811 VsanVcObjectHelper::wrapper] Ready to get single executor result for the key ['_QueryVerifyNetworkSettings', 'ha-vsan-health-system', '', '', '', 'False'] in timeout 600
2025-09-01T04:15:00.718Z info vsand[2104842] [opID=6256d066-3811 VsanVcObjectHelper::wrapper] Ready to call original function for execution
2025-09-01T04:15:00.718Z info vsand[2104842] [opID=6256d066-3811 VsanHealthSystemImpl::_QueryVerifyNetworkSettings] Query network settings: (str) []:(str) []
2025-09-01T04:15:00.722Z info vsand[2104842] [opID=6256d066-3811 VsanPyVmomiProfiler::logProfile]   invoke-method:ha-cli-handler-vsan-network:List: 0.00s, consumed: 68316KB (+0KB), consumedPeak: 68316KB (+0KB), effectiveMin: 102400KB (+0KB), effectiveMinPeak: 102400KB (+0KB), requestedMinPeak: 102400KB (+0KB)
2025-09-01T04:15:00.727Z info vsand[2104842] [opID=6256d066-3811 VsanPyVmomiProfiler::logProfile]   invoke-method:ha-cli-handler-network-ip-interface:List: 0.00s, consumed: 68316KB (+0KB), consumedPeak: 68316KB (+0KB), effectiveMin: 102400KB (+0KB), effectiveMinPeak: 102400KB (+0KB), requestedMinPeak: 102400KB (+0KB)
2025-09-01T04:15:00.730Z info vsand[2104842] [opID=6256d066-3811 VsanPyVmomiProfiler::logProfile]   invoke-method:ha-cli-handler-network-ip-interface-ipv6-address:List: 0.00s, consumed: 68316KB (+0KB), consumedPeak: 68316KB (+0KB), effectiveMin: 102400KB (+0KB), effectiveMinPeak: 102400KB (+0KB), requestedMinPeak: 102400KB (+0KB)
2025-09-01T04:15:00.734Z info vsand[2104842] [opID=6256d066-3811 VsanPyVmomiProfiler::logProfile]   invoke-method:ha-cli-handler-network-ip-interface-ipv4:Get: 0.00s, consumed: 68316KB (+0KB), consumedPeak: 68316KB (+0KB), effectiveMin: 102400KB (+0KB), effectiveMinPeak: 102400KB (+0KB), requestedMinPeak: 102400KB (+0KB)
2025-09-01T04:15:00.738Z info vsand[2104842] [opID=6256d066-3811 VsanPyVmomiProfiler::logProfile]   invoke-method:ha-cli-handler-network-ip-route-ipv4:List: 0.00s, consumed: 68316KB (+0KB), consumedPeak: 68316KB (+0KB), effectiveMin: 102400KB (+0KB), effectiveMinPeak: 102400KB (+0KB), requestedMinPeak: 102400KB (+0KB)
2025-09-01T04:15:00.742Z info vsand[2104842] [opID=6256d066-3811 VsanPyVmomiProfiler::logProfile]   invoke-method:ha-cli-handler-network-ip-route-ipv6:List: 0.00s, consumed: 68316KB (+0KB), consumedPeak: 68316KB (+0KB), effectiveMin: 102400KB (+0KB), effectiveMinPeak: 102400KB (+0KB), requestedMinPeak: 102400KB (+0KB)
2025-09-01T04:15:00.742Z info vsand[2104842] [opID=6256d066-3811 VsanVcObjectHelper::wrapper] Finish execute _QueryVerifyNetworkSettings
2025-09-01T04:15:00.742Z info vsand[2104842] [opID=6256d066-3811 VsanVcObjectHelper::AddCallResultAndNotify] delete the single concurrent execution key
2025-09-01T04:15:00.743Z info vsand[2104842] [opID=6256d066-3811 VsanPyVmomiProfiler::log] Profiler:
2025-09-01T04:15:00.743Z info vsand[2104842] [opID=6256d066-3811 VsanPyVmomiProfiler::logProfile]   GetVsanVmknicConfigFromEsxCLI: 0.02s, consumed: 68316KB (+0KB), consumedPeak: 68316KB (+0KB), effectiveMin: 102400KB (+0KB), effectiveMinPeak: 102400KB (+0KB), requestedMinPeak: 102400KB (+0KB)
2025-09-01T04:15:00.743Z info vsand[2104842] [opID=6256d066-3811 VsanPyVmomiProfiler::logProfile]   impl._QueryVerifyNetworkSettings: 0.02s, consumed: 68316KB (+0KB), consumedPeak: 68316KB (+0KB), effectiveMin: 102400KB (+0KB), effectiveMinPeak: 102400KB (+0KB), requestedMinPeak: 102400KB (+0KB)
2025-09-01T04:15:01.492Z error vsand[2104810] [opID=MainThread cliutils::GetVSANClusterInfo] Failed to query cluster info: Operation not allowed because the VMKernel is shutting down
2025-09-01T04:15:06.495Z error vsand[2104810] [opID=MainThread cliutils::GetVSANClusterInfo] Failed to query cluster info: Operation not allowed because the VMKernel is shutting down
2025-09-01T04:15:11.499Z error vsand[2104810] [opID=MainThread cliutils::GetVSANClusterInfo] Failed to query cluster info: Operation not allowed because the VMKernel is shutting down
2025-09-01T04:15:12.402Z info vsand[2104848] [opID=Thread-2 VsanHealthDaemon::doVsanHealthCheck] Skip VSAN health check due to the VSAN is disabled
2025-09-01T04:15:16.502Z error vsand[2104810] [opID=MainThread cliutils::GetVSANClusterInfo] Failed to query cluster info: Operation not allowed because the VMKernel is shutting down
2025-09-01T04:15:21.505Z error vsand[2104810] [opID=MainThread cliutils::GetVSANClusterInfo] Failed to query cluster info: Operation not allowed because the VMKernel is shutting down
2025-09-01T04:15:26.508Z error vsand[2104810] [opID=MainThread cliutils::GetVSANClusterInfo] Failed to query cluster info: Operation not allowed because the VMKernel is shutting down
2025-09-01T04:15:31.511Z error vsand[2104810] [opID=MainThread cliutils::GetVSANClusterInfo] Failed to query cluster info: Operation not allowed because the VMKernel is shutting down
2025-09-01T04:15:36.514Z error vsand[2104810] [opID=MainThread cliutils::GetVSANClusterInfo] Failed to query cluster info: Operation not allowed because the VMKernel is shutting down
2025-09-01T04:15:41.516Z error vsand[2104810] [opID=MainThread cliutils::GetVSANClusterInfo] Failed to query cluster info: Operation not allowed because the VMKernel is shutting down
2025-09-01T04:15:46.519Z error vsand[2104810] [opID=MainThread cliutils::GetVSANClusterInfo] Failed to query cluster info: Operation not allowed because the VMKernel is shutting down
2025-09-01T04:15:51.522Z error vsand[2104810] [opID=MainThread cliutils::GetVSANClusterInfo] Failed to query cluster info: Operation not allowed because the VMKernel is shutting down
2025-09-01T04:15:56.525Z error vsand[2104810] [opID=MainThread cliutils::GetVSANClusterInfo] Failed to query cluster info: Operation not allowed because the VMKernel is shutting down
2025-09-01T04:16:01.529Z error vsand[2104810] [opID=MainThread cliutils::GetVSANClusterInfo] Failed to query cluster info: Operation not allowed because the VMKernel is shutting down
2025-09-01T04:16:06.532Z error vsand[2104810] [opID=MainThread cliutils::GetVSANClusterInfo] Failed to query cluster info: Operation not allowed because the VMKernel is shutting down
2025-09-01T04:16:11.535Z error vsand[2104810] [opID=MainThread cliutils::GetVSANClusterInfo] Failed to query cluster info: Operation not allowed because the VMKernel is shutting down
2025-09-01T04:16:16.538Z error vsand[2104810] [opID=MainThread cliutils::GetVSANClusterInfo] Failed to query cluster info: Operation not allowed because the VMKernel is shutting down
2025-09-01T04:16:21.541Z error vsand[2104810] [opID=MainThread cliutils::GetVSANClusterInfo] Failed to query cluster info: Operation not allowed because the VMKernel is shutting down
2025-09-01T04:16:26.542Z error vsand[2104810] [opID=MainThread cliutils::GetVSANClusterInfo] Failed to query cluster info: Operation not allowed because the VMKernel is shutting down
2025-09-01T04:16:31.545Z error vsand[2104810] [opID=MainThread cliutils::GetVSANClusterInfo] Failed to query cluster info: Operation not allowed because the VMKernel is shutting down
2025-09-01T04:16:36.549Z error vsand[2104810] [opID=MainThread cliutils::GetVSANClusterInfo] Failed to query cluster info: Operation not allowed because the VMKernel is shutting down
2025-09-01T04:16:41.552Z error vsand[2104810] [opID=MainThread cliutils::GetVSANClusterInfo] Failed to query cluster info: Operation not allowed because the VMKernel is shutting down
2025-09-01T04:16:46.555Z error vsand[2104810] [opID=MainThread cliutils::GetVSANClusterInfo] Failed to query cluster info: Operation not allowed because the VMKernel is shutting down
2025-09-01T04:16:51.558Z error vsand[2104810] [opID=MainThread cliutils::GetVSANClusterInfo] Failed to query cluster info: Operation not allowed because the VMKernel is shutting down
2025-09-01T04:16:56.560Z error vsand[2104810] [opID=MainThread cliutils::GetVSANClusterInfo] Failed to query cluster info: Operation not allowed because the VMKernel is shutting down
2025-09-01T04:17:01.562Z error vsand[2104810] [opID=MainThread cliutils::GetVSANClusterInfo] Failed to query cluster info: Operation not allowed because the VMKernel is shutting down
2025-09-01T04:17:06.565Z error vsand[2104810] [opID=MainThread cliutils::GetVSANClusterInfo] Failed to query cluster info: Operation not allowed because the VMKernel is shutting down
2025-09-01T04:17:11.569Z error vsand[2104810] [opID=MainThread cliutils::GetVSANClusterInfo] Failed to query cluster info: Operation not allowed because the VMKernel is shutting down
2025-09-01T04:17:16.572Z error vsand[2104810] [opID=MainThread cliutils::GetVSANClusterInfo] Failed to query cluster info: Operation not allowed because the VMKernel is shutting down
2025-09-01T04:17:21.575Z error vsand[2104810] [opID=MainThread cliutils::GetVSANClusterInfo] Failed to query cluster info: Operation not allowed because the VMKernel is shutting down
2025-09-01T04:17:26.578Z error vsand[2104810] [opID=MainThread cliutils::GetVSANClusterInfo] Failed to query cluster info: Operation not allowed because the VMKernel is shutting down
2025-09-01T04:17:31.581Z error vsand[2104810] [opID=MainThread cliutils::GetVSANClusterInfo] Failed to query cluster info: Operation not allowed because the VMKernel is shutting down
2025-09-01T04:17:36.582Z error vsand[2104810] [opID=MainThread cliutils::GetVSANClusterInfo] Failed to query cluster info: Operation not allowed because the VMKernel is shutting down
2025-09-01T04:17:41.586Z error vsand[2104810] [opID=MainThread cliutils::GetVSANClusterInfo] Failed to query cluster info: Operation not allowed because the VMKernel is shutting down
2025-09-01T04:17:46.589Z error vsand[2104810] [opID=MainThread cliutils::GetVSANClusterInfo] Failed to query cluster info: Operation not allowed because the VMKernel is shutting down
2025-09-01T04:17:51.592Z error vsand[2104810] [opID=MainThread cliutils::GetVSANClusterInfo] Failed to query cluster info: Operation not allowed because the VMKernel is shutting down
2025-09-01T04:17:56.593Z error vsand[2104810] [opID=MainThread cliutils::GetVSANClusterInfo] Failed to query cluster info: Operation not allowed because the VMKernel is shutting down
2025-09-01T04:18:01.596Z error vsand[2104810] [opID=MainThread cliutils::GetVSANClusterInfo] Failed to query cluster info: Operation not allowed because the VMKernel is shutting down
2025-09-01T04:18:06.598Z error vsand[2104810] [opID=MainThread cliutils::GetVSANClusterInfo] Failed to query cluster info: Operation not allowed because the VMKernel is shutting down
2025-09-01T04:18:11.601Z error vsand[2104810] [opID=MainThread cliutils::GetVSANClusterInfo] Failed to query cluster info: Operation not allowed because the VMKernel is shutting down
2025-09-01T04:18:16.605Z error vsand[2104810] [opID=MainThread cliutils::GetVSANClusterInfo] Failed to query cluster info: Operation not allowed because the VMKernel is shutting down
2025-09-01T04:18:21.608Z error vsand[2104810] [opID=MainThread cliutils::GetVSANClusterInfo] Failed to query cluster info: Operation not allowed because the VMKernel is shutting down
2025-09-01T04:18:26.611Z error vsand[2104810] [opID=MainThread cliutils::GetVSANClusterInfo] Failed to query cluster info: Operation not allowed because the VMKernel is shutting down
2025-09-01T04:18:31.612Z error vsand[2104810] [opID=MainThread cliutils::GetVSANClusterInfo] Failed to query cluster info: Operation not allowed because the VMKernel is shutting down
2025-09-01T04:18:36.615Z error vsand[2104810] [opID=MainThread cliutils::GetVSANClusterInfo] Failed to query cluster info: Operation not allowed because the VMKernel is shutting down
2025-09-01T04:18:41.618Z error vsand[2104810] [opID=MainThread cliutils::GetVSANClusterInfo] Failed to query cluster info: Operation not allowed because the VMKernel is shutting down
2025-09-01T04:18:46.622Z error vsand[2104810] [opID=MainThread cliutils::GetVSANClusterInfo] Failed to query cluster info: Operation not allowed because the VMKernel is shutting down
2025-09-01T04:18:51.625Z error vsand[2104810] [opID=MainThread cliutils::GetVSANClusterInfo] Failed to query cluster info: Operation not allowed because the VMKernel is shutting down
2025-09-01T04:18:56.627Z error vsand[2104810] [opID=MainThread cliutils::GetVSANClusterInfo] Failed to query cluster info: Operation not allowed because the VMKernel is shutting down
2025-09-01T04:19:01.630Z error vsand[2104810] [opID=MainThread cliutils::GetVSANClusterInfo] Failed to query cluster info: Operation not allowed because the VMKernel is shutting down
2025-09-01T04:19:06.632Z error vsand[2104810] [opID=MainThread cliutils::GetVSANClusterInfo] Failed to query cluster info: Operation not allowed because the VMKernel is shutting down
2025-09-01T04:19:11.635Z error vsand[2104810] [opID=MainThread cliutils::GetVSANClusterInfo] Failed to query cluster info: Operation not allowed because the VMKernel is shutting down
2025-09-01T04:19:16.639Z error vsand[2104810] [opID=MainThread cliutils::GetVSANClusterInfo] Failed to query cluster info: Operation not allowed because the VMKernel is shutting down
2025-09-01T04:19:21.641Z error vsand[2104810] [opID=MainThread cliutils::GetVSANClusterInfo] Failed to query cluster info: Operation not allowed because the VMKernel is shutting down
2025-09-01T04:19:26.644Z error vsand[2104810] [opID=MainThread cliutils::GetVSANClusterInfo] Failed to query cluster info: Operation not allowed because the VMKernel is shutting down
2025-09-01T04:19:31.646Z error vsand[2104810] [opID=MainThread cliutils::GetVSANClusterInfo] Failed to query cluster info: Operation not allowed because the VMKernel is shutting down
2025-09-01T04:19:36.650Z error vsand[2104810] [opID=MainThread cliutils::GetVSANClusterInfo] Failed to query cluster info: Operation not allowed because the VMKernel is shutting down
2025-09-01T04:19:41.652Z error vsand[2104810] [opID=MainThread cliutils::GetVSANClusterInfo] Failed to query cluster info: Operation not allowed because the VMKernel is shutting down
2025-09-01T04:19:46.654Z error vsand[2104810] [opID=MainThread cliutils::GetVSANClusterInfo] Failed to query cluster info: Operation not allowed because the VMKernel is shutting down
2025-09-01T04:19:51.657Z error vsand[2104810] [opID=MainThread cliutils::GetVSANClusterInfo] Failed to query cluster info: Operation not allowed because the VMKernel is shutting down
2025-09-01T04:19:56.658Z error vsand[2104810] [opID=MainThread cliutils::GetVSANClusterInfo] Failed to query cluster info: Operation not allowed because the VMKernel is shutting down
2025-09-01T04:20:01.662Z error vsand[2104810] [opID=MainThread cliutils::GetVSANClusterInfo] Failed to query cluster info: Operation not allowed because the VMKernel is shutting down
2025-09-01T04:20:06.665Z error vsand[2104810] [opID=MainThread cliutils::GetVSANClusterInfo] Failed to query cluster info: Operation not allowed because the VMKernel is shutting down
2025-09-01T04:20:11.668Z info vsand[2104810] [opID=MainThread statsdaemon::UnsubscribeFromCMMDS] unsubscribe the CMMDS subscription for handler <statsdaemon.StatsDaemon object at 0xf8c3912320>
2025-09-01T04:20:11.668Z info vsand[2104810] [opID=MainThread statsdaemon::UnsubscribeFromCMMDS] unsubscribe the CMMDS subscription for handler <VsanHealthDaemon.CmmdsEntryDefaultHandler object at 0xf8d90020f0>
2025-09-01T04:20:11.668Z info vsand[2104810] [opID=MainThread statsdaemon::UnsubscribeFromCMMDS] unsubscribe the CMMDS subscription for handler <VsanHealthDaemon.CmmdsEntryDefaultHandler object at 0xf8d9015f28>
2025-09-01T04:20:11.669Z info vsand[2104810] [opID=MainThread statsdaemon::UnsubscribeFromCMMDS] unsubscribe the CMMDS subscription for handler <VsanHealthDaemon.CmmdsEntryDefaultHandler object at 0xf8d9015748>
2025-09-01T04:20:11.669Z info vsand[2104810] [opID=MainThread statsdaemon::UnsubscribeFromCMMDS] unsubscribe the CMMDS subscription for handler <VsanHealthDaemon.CmmdsEntryDefaultHandler object at 0xf8d9015898>
2025-09-01T04:20:11.669Z info vsand[2104810] [opID=MainThread statsdaemon::UnsubscribeFromCMMDS] unsubscribe the CMMDS subscription for handler <VsanHealthDaemon.CmmdsDiskHealthStatusHandler object at 0xf8d9015ba8>
2025-09-01T04:20:12.670Z info vsand[2104810] [opID=MainThread VsanHealthDaemon::stop] vSAN health daemon thread has quit
2025-09-01T04:20:12.687Z warning vsand[2104856] [opID=Thread-5 VsanTaskTrackerImpl::_ThreadMain] Connection to hostd is down, need to reconnect
2025-09-01T04:20:12.688Z info vsand[2104810] [opID=MainThread VsanHealthUtil::LogoutLocalHostd] Done logout from local hostd.
2025-09-01T04:20:12.689Z info vsand[2104810] [opID=Dummy-19 VsanTaskTrackerImpl::StopTaskTracker] Stop task tracker
2025-09-01T05:41:26.113Z info vsand[2106153] [opID=MainThread VsanVmomiPatcher::PatchPyVmomi] Python 3.5.10 (default, Jul  1 2021, 03:54:37)  [GCC 4.6.3] on linux, optimize: 0
2025-09-01T05:41:26.280Z info vsand[2106153] [opID=MainThread VsanVmomiPatcher::PatchPyVmomi] Loaded bindings 'pyVmomi.QueryTypes'
2025-09-01T05:41:26.281Z info vsand[2106153] [opID=MainThread VsanVmomiPatcher::PatchPyVmomi] Loaded bindings 'pyVmomi.CoreTypes'
2025-09-01T05:41:26.281Z info vsand[2106153] [opID=MainThread VsanVmomiPatcher::PatchPyVmomi] Loaded bindings 'pyVmomi.ServerObjects'
2025-09-01T05:41:26.281Z info vsand[2106153] [opID=MainThread VsanVmomiPatcher::PatchPyVmomi] Loaded bindings 'pyVmomi.ReflectTypes'
2025-09-01T05:41:26.281Z info vsand[2106153] [opID=MainThread VsanVmomiPatcher::PatchPyVmomi] Loaded bindings 'pyVmomi.VsanDpTypes'
2025-09-01T05:41:26.281Z info vsand[2106153] [opID=MainThread VsanVmomiPatcher::PatchPyVmomi] Loaded bindings 'pyVmomi.PbmObjects'
2025-09-01T05:41:26.281Z info vsand[2106153] [opID=MainThread VsanVmomiPatcher::PatchPyVmomi] Supported top level names: {'pbm', 'ManagedObject', 'vmodl', 'vim', 'DataObject'}
2025-09-01T05:41:26.418Z info vsand[2106153] [opID=MainThread VsanVmomiPatcher::PatchPyVmomi] Patched VmomiSupport.LazyType
2025-09-01T05:41:26.418Z info vsand[2106153] [opID=MainThread VsanVmomiPatcher::PatchPyVmomi] Patched vmodl.LocalizedMethodFault
2025-09-01T05:41:26.418Z info vsand[2106153] [opID=MainThread VsanVmomiPatcher::PatchPyVmomi] Patched vmodl.RuntimeFault
2025-09-01T05:41:26.418Z info vsand[2106153] [opID=MainThread VsanVmomiPatcher::PatchPyVmomi] Patched vmodl.MethodFault
2025-09-01T05:41:26.419Z info vsand[2106153] [opID=MainThread VsanVmomiPatcher::PatchPyVmomi] Patched vmodl.DynamicData
2025-09-01T05:41:26.419Z info vsand[2106153] [opID=MainThread VsanVmomiPatcher::PatchPyVmomi] Patched VmomiSupport.DataObject
2025-09-01T05:41:26.419Z info vsand[2106153] [opID=MainThread VsanVmomiPatcher::PatchPyVmomi] pyvmomi is patched!
2025-09-01T05:41:26.424Z info vsand[2106153] [opID=MainThread VsanMgmtUtil::__init__] Initialized ObjectCache: 'ProfilerStatsCache', maxSize=10000, ttl=None
2025-09-01T05:41:26.875Z info vsand[2106153] [opID=MainThread statsdaemon::LoadAndRegisterManagedObjects] Loading VcsaDeployerSystem__ext_init__
2025-09-01T05:41:26.876Z info vsand[2106153] [opID=MainThread VcsaDeployerSystem__ext_init__::<module>] loading vcsaDeployer
2025-09-01T05:41:26.915Z info vsand[2106153] [opID=MainThread statsdaemon::LoadAndRegisterManagedObjects] Loading VsanCapabilitySystem__ext_init__
2025-09-01T05:41:26.920Z info vsand[2106153] [opID=MainThread statsdaemon::LoadAndRegisterManagedObjects] Loading VsanDebugSystem__ext_init__
2025-09-01T05:41:26.922Z info vsand[2106153] [opID=MainThread statsdaemon::LoadAndRegisterManagedObjects] Loading VsanDiskManagementSystem__ext_init__
2025-09-01T05:41:26.942Z info vsand[2106153] [opID=MainThread statsdaemon::LoadAndRegisterManagedObjects] Loading VsanHealth__ext_init__
2025-09-01T05:41:26.942Z info vsand[2106153] [opID=MainThread VsanPyVmomiProfiler::log] Profiler:
2025-09-01T05:41:26.943Z info vsand[2106153] [opID=MainThread VsanPyVmomiProfiler::logProfile]   Import VsanHealth sub modules: VsanHealthSystem: 0.00s, consumed: 0KB (+0KB), consumedPeak: 68816KB (+0KB), effectiveMin: 102400KB (+0KB), effectiveMinPeak: 102400KB (+0KB), requestedMinPeak: 102400KB (+0KB)
2025-09-01T05:41:26.999Z info vsand[2106153] [opID=MainThread VsanHealthDaemon::run] Start VSAN Health Daemon Thread...
2025-09-01T05:41:27.000Z info vsand[2106153] [opID=MainThread VsanPyVmomiProfiler::log] Profiler:
2025-09-01T05:41:27.000Z info vsand[2106153] [opID=MainThread VsanPyVmomiProfiler::logProfile]   Import VsanHealth sub modules: VsanHealthSystemImpl: 0.06s, consumed: 48436KB (+48436KB), consumedPeak: 68816KB (+0KB), effectiveMin: 102400KB (+0KB), effectiveMinPeak: 102400KB (+0KB), requestedMinPeak: 102400KB (+0KB)
2025-09-01T05:41:27.001Z info vsand[2106153] [opID=MainThread VsanPyVmomiProfiler::log] Profiler:
2025-09-01T05:41:27.001Z info vsand[2106153] [opID=MainThread VsanPyVmomiProfiler::logProfile]   Import VsanHealth sub modules: VsanClusterHealthSystem: 0.00s, consumed: 48436KB (+0KB), consumedPeak: 68816KB (+0KB), effectiveMin: 102400KB (+0KB), effectiveMinPeak: 102400KB (+0KB), requestedMinPeak: 102400KB (+0KB)
2025-09-01T05:41:27.001Z info vsand[2106153] [opID=MainThread VsanPyVmomiProfiler::log] Profiler:
2025-09-01T05:41:27.001Z info vsand[2106153] [opID=MainThread VsanPyVmomiProfiler::logProfile]   Import VsanHealth sub modules: VsanClusterHealthSystemImpl: 0.00s, consumed: 48436KB (+0KB), consumedPeak: 68816KB (+0KB), effectiveMin: 102400KB (+0KB), effectiveMinPeak: 102400KB (+0KB), requestedMinPeak: 102400KB (+0KB)
2025-09-01T05:41:27.003Z info vsand[2106153] [opID=MainThread VsanPyVmomiProfiler::log] Profiler:
2025-09-01T05:41:27.003Z info vsand[2106153] [opID=MainThread VsanPyVmomiProfiler::logProfile]   Import VsanHealth sub modules: VsanDataProtectionHostRecoverySystemImpl: 0.00s, consumed: 48436KB (+0KB), consumedPeak: 68816KB (+0KB), effectiveMin: 102400KB (+0KB), effectiveMinPeak: 102400KB (+0KB), requestedMinPeak: 102400KB (+0KB)
2025-09-01T05:41:27.031Z info vsand[2106153] [opID=MainThread VsanPyVmomiProfiler::log] Profiler:
2025-09-01T05:41:27.031Z info vsand[2106153] [opID=MainThread VsanPyVmomiProfiler::logProfile]   Import VsanHealth sub modules: VsanVcClusterHealthSystem: 0.03s, consumed: 48436KB (+0KB), consumedPeak: 68816KB (+0KB), effectiveMin: 102400KB (+0KB), effectiveMinPeak: 102400KB (+0KB), requestedMinPeak: 102400KB (+0KB)
2025-09-01T05:41:27.045Z info vsand[2106153] [opID=MainThread VsanPyVmomiProfiler::log] Profiler:
2025-09-01T05:41:27.045Z info vsand[2106153] [opID=MainThread VsanPyVmomiProfiler::logProfile]   Import VsanHealth sub modules: VsanVcClusterHealthSystemImpl: 0.01s, consumed: 48436KB (+0KB), consumedPeak: 68816KB (+0KB), effectiveMin: 102400KB (+0KB), effectiveMinPeak: 102400KB (+0KB), requestedMinPeak: 102400KB (+0KB)
2025-09-01T05:41:27.045Z info vsand[2106153] [opID=MainThread VsanPyVmomiProfiler::log] Profiler:
2025-09-01T05:41:27.045Z info vsand[2106153] [opID=MainThread VsanPyVmomiProfiler::logProfile]   Import VsanHealth sub modules: VsanSpaceReportSystem: 0.00s, consumed: 48436KB (+0KB), consumedPeak: 68816KB (+0KB), effectiveMin: 102400KB (+0KB), effectiveMinPeak: 102400KB (+0KB), requestedMinPeak: 102400KB (+0KB)
2025-09-01T05:41:27.047Z info vsand[2106153] [opID=MainThread VsanPyVmomiProfiler::log] Profiler:
2025-09-01T05:41:27.048Z info vsand[2106153] [opID=MainThread VsanPyVmomiProfiler::logProfile]   Import VsanHealth sub modules: VsanDataProtectionSpaceSystem: 0.00s, consumed: 48436KB (+0KB), consumedPeak: 68816KB (+0KB), effectiveMin: 102400KB (+0KB), effectiveMinPeak: 102400KB (+0KB), requestedMinPeak: 102400KB (+0KB)
2025-09-01T05:41:27.160Z info vsand[2106153] [opID=MainThread VsanPyVmomiProfiler::log] Profiler:
2025-09-01T05:41:27.160Z info vsand[2106153] [opID=MainThread VsanPyVmomiProfiler::logProfile]   Import VsanHealth sub modules: VsanDataProtectionSpaceSystemImpl: 0.11s, consumed: 48436KB (+0KB), consumedPeak: 68816KB (+0KB), effectiveMin: 102400KB (+0KB), effectiveMinPeak: 102400KB (+0KB), requestedMinPeak: 102400KB (+0KB)
2025-09-01T05:41:27.166Z info vsand[2106153] [opID=MainThread VsanPyVmomiProfiler::log] Profiler:
2025-09-01T05:41:27.166Z info vsand[2106153] [opID=MainThread VsanPyVmomiProfiler::logProfile]   Import VsanHealth sub modules: VsanVdsSystem: 0.01s, consumed: 48436KB (+0KB), consumedPeak: 68816KB (+0KB), effectiveMin: 102400KB (+0KB), effectiveMinPeak: 102400KB (+0KB), requestedMinPeak: 102400KB (+0KB)
2025-09-01T05:41:27.168Z info vsand[2106153] [opID=MainThread VsanPyVmomiProfiler::log] Profiler:
2025-09-01T05:41:27.168Z info vsand[2106153] [opID=MainThread VsanPyVmomiProfiler::logProfile]   Import VsanHealth sub modules: VsanVdsSystemImpl: 0.00s, consumed: 48436KB (+0KB), consumedPeak: 68816KB (+0KB), effectiveMin: 102400KB (+0KB), effectiveMinPeak: 102400KB (+0KB), requestedMinPeak: 102400KB (+0KB)
2025-09-01T05:41:27.173Z info vsand[2106153] [opID=MainThread VsanPyVmomiProfiler::log] Profiler:
2025-09-01T05:41:27.173Z info vsand[2106153] [opID=MainThread VsanPyVmomiProfiler::logProfile]   Import VsanHealth sub modules: VsanHostSystemProxyImpl: 0.00s, consumed: 48436KB (+0KB), consumedPeak: 68816KB (+0KB), effectiveMin: 102400KB (+0KB), effectiveMinPeak: 102400KB (+0KB), requestedMinPeak: 102400KB (+0KB)
2025-09-01T05:41:27.176Z info vsand[2106153] [opID=MainThread VsanPyVmomiProfiler::log] Profiler:
2025-09-01T05:41:27.176Z info vsand[2106153] [opID=MainThread VsanPyVmomiProfiler::logProfile]   Import VsanHealth sub modules: VsanVcPerformanceManagerImpl: 0.00s, consumed: 48436KB (+0KB), consumedPeak: 68816KB (+0KB), effectiveMin: 102400KB (+0KB), effectiveMinPeak: 102400KB (+0KB), requestedMinPeak: 102400KB (+0KB)
2025-09-01T05:41:27.176Z info vsand[2106153] [opID=MainThread VsanPyVmomiProfiler::log] Profiler:
2025-09-01T05:41:27.177Z info vsand[2106153] [opID=MainThread VsanPyVmomiProfiler::logProfile]   Import VsanHealth sub modules: VsanCommonTypes: 0.00s, consumed: 48436KB (+0KB), consumedPeak: 68816KB (+0KB), effectiveMin: 102400KB (+0KB), effectiveMinPeak: 102400KB (+0KB), requestedMinPeak: 102400KB (+0KB)
2025-09-01T05:41:27.185Z info vsand[2106153] [opID=MainThread VsanPyVmomiProfiler::log] Profiler:
2025-09-01T05:41:27.186Z info vsand[2106153] [opID=MainThread VsanPyVmomiProfiler::logProfile]   Import VsanHealth sub modules: VsanVcDiskFormatConverter: 0.01s, consumed: 48436KB (+0KB), consumedPeak: 68816KB (+0KB), effectiveMin: 102400KB (+0KB), effectiveMinPeak: 102400KB (+0KB), requestedMinPeak: 102400KB (+0KB)
2025-09-01T05:41:27.200Z info vsand[2106153] [opID=MainThread VsanPyVmomiProfiler::log] Profiler:
2025-09-01T05:41:27.200Z info vsand[2106153] [opID=MainThread VsanPyVmomiProfiler::logProfile]   Import VsanHealth sub modules: VsanVcDiskFormatConverterImpl: 0.01s, consumed: 48436KB (+0KB), consumedPeak: 68816KB (+0KB), effectiveMin: 102400KB (+0KB), effectiveMinPeak: 102400KB (+0KB), requestedMinPeak: 102400KB (+0KB)
2025-09-01T05:41:27.207Z info vsand[2106153] [opID=MainThread VsanPyVmomiProfiler::log] Profiler:
2025-09-01T05:41:27.207Z info vsand[2106153] [opID=MainThread VsanPyVmomiProfiler::logProfile]   Import VsanHealth sub modules: VsanMassCollector: 0.01s, consumed: 48436KB (+0KB), consumedPeak: 68816KB (+0KB), effectiveMin: 102400KB (+0KB), effectiveMinPeak: 102400KB (+0KB), requestedMinPeak: 102400KB (+0KB)
2025-09-01T05:41:27.210Z info vsand[2106153] [opID=MainThread VsanMgmtUtil::__init__] Initialized ObjectCache: 'ph_obfuscationLookupTable', maxSize=10000, ttl=None
2025-09-01T05:41:27.210Z info vsand[2106153] [opID=MainThread VsanMgmtUtil::__init__] Initialized ObjectCache: 'ph_database', maxSize=10000, ttl=None
2025-09-01T05:41:27.210Z info vsand[2106153] [opID=MainThread VsanMgmtUtil::__init__] Initialized ObjectCache: 'ph_exception_database', maxSize=10000, ttl=None
2025-09-01T05:41:27.217Z error vsand[2106153] [opID=MainThread VsanConfigUtil::isFeatureEnabledOnHost] Failed to get value for /config/VSAN/intOpts/CloudHealth Traceback (most recent call last):   File "/build/mts/release/bora-19184740/bora/build/vsan/release/vsanhealth/usr/lib/vmware/vsan/perfsvc/VsanConfigUtil.py", line 549, in isFeatureEnabledOnHost Exception: Not found
2025-09-01T05:41:27.218Z info vsand[2106153] [opID=MainThread VsanPyVmomiProfiler::log] Profiler:
2025-09-01T05:41:27.219Z info vsand[2106153] [opID=MainThread VsanPyVmomiProfiler::logProfile]   Import VsanHealth sub modules: VsanMassCollectorImpl: 0.01s, consumed: 48436KB (+0KB), consumedPeak: 68816KB (+0KB), effectiveMin: 102400KB (+0KB), effectiveMinPeak: 102400KB (+0KB), requestedMinPeak: 102400KB (+0KB)
2025-09-01T05:41:27.220Z info vsand[2106153] [opID=MainThread VsanPyVmomiProfiler::log] Profiler:
2025-09-01T05:41:27.220Z info vsand[2106153] [opID=MainThread VsanPyVmomiProfiler::logProfile]   Import VsanHealth sub modules: ServiceInstanceImpl: 0.00s, consumed: 48436KB (+0KB), consumedPeak: 68816KB (+0KB), effectiveMin: 102400KB (+0KB), effectiveMinPeak: 102400KB (+0KB), requestedMinPeak: 102400KB (+0KB)
2025-09-01T05:41:27.220Z info vsand[2106153] [opID=MainThread statsdaemon::LoadAndRegisterManagedObjects] Loading VsanIscsiTargetSystem__ext_init__
2025-09-01T05:41:27.246Z info vsand[2106153] [opID=MainThread statsdaemon::LoadAndRegisterManagedObjects] Loading VsanObjectSystem__ext_init__
2025-09-01T05:41:27.251Z info vsand[2106153] [opID=MainThread statsdaemon::LoadAndRegisterManagedObjects] Loading VsanPhoneHomeHostSystem__ext_init__
2025-09-01T05:41:27.256Z info vsand[2106153] [opID=MainThread statsdaemon::LoadAndRegisterManagedObjects] Loading VsanPrecheckerSystem__ext_init__
2025-09-01T05:41:27.262Z info vsand[2106153] [opID=MainThread statsdaemon::LoadAndRegisterManagedObjects] Loading VsanResourceCheckSystem__ext_init__
2025-09-01T05:41:27.269Z info vsand[2106153] [opID=MainThread statsdaemon::LoadAndRegisterManagedObjects] Loading VsanStretchedCluster__ext_init__
2025-09-01T05:41:27.276Z info vsand[2106153] [opID=MainThread statsdaemon::LoadAndRegisterManagedObjects] Loading VsanSystem__ext_init__
2025-09-01T05:41:27.279Z info vsand[2106197] [opID=Thread-5 VsanTaskTrackerImpl::_Reinit] Start connecting to hostd
2025-09-01T05:41:27.282Z info vsand[2106153] [opID=MainThread statsdaemon::LoadAndRegisterManagedObjects] Loading VsanVcDiskManagementSystem__ext_init__
2025-09-01T05:41:27.288Z info vsand[2106153] [opID=MainThread statsdaemon::LoadAndRegisterManagedObjects] Loading VsanVcIscsiTargetSystem__ext_init__
2025-09-01T05:41:27.293Z info vsand[2106153] [opID=MainThread statsdaemon::LoadAndRegisterManagedObjects] Loaded vSAN managed objects: 22 ({('vsan-performance-manager', None): 'VsanPerformanceManagerImpl:vsan-performance-manager', ('ha-vsan-cluster-health-system', None): 'VsanClusterHealthSystemImpl:ha-vsan-cluster-health-system', ('ha-vsan-async-system', None): 'VsanAsyncSystemImpl:ha-vsan-async-system', ('vsan-iscsi-target-system', None): 'VsanIscsiTargetSystemImpl:vsan-iscsi-target-system', ('ServiceInstance', None): 'ServiceInstanceImpl:ServiceInstance', ('ha-vsan-health-system', None): 'VsanHealthSystemImpl:ha-vsan-health-system', ('vsan-vcsa-deployer-system', None): 'VsanVcsaDeployerSystemImpl:vsan-vcsa-deployer-system', ('vsanSystem', None): 'VsanSystemImpl:vsanSystem', ('ha-vsan-stretched-cluster-system', None): 'VsanStretchedClusterSystem:ha-vsan-stretched-cluster-syst
em', ('ha-vsan-internal-system', None): 'VsanInternalSystem:ha-vsan-internal-system', ('ha-cli-info-python', None): 'CLIInfoImpl:ha-cli-info-python', ('ha-vsan-task-tracker', None): 'VsanTaskTrackerImpl:ha-vsan-task-tracker', ('ha-vsan-prechecker-system', None): 'VsanPrecheckerSystemImpl:ha-vsan-prechecker-system', ('vsan-object-system', None): 'VsanObjectSystemImpl:vsan-object-system', ('vsanDebugSystem', None): 'VsanDebugSystemImpl:vsanDebugSystem', ('ha-phonehome-host-system', None): 'VsanPhoneHomeHostSystemImpl:ha-phonehome-host-system', ('vsanSystemEx', None): 'VsanSystemExImpl:vsanSystemEx', ('ha-dynamic-type-manager-python', None): 'DynamicTypeManager:ha-dynamic-type-manager-python', ('ha-vsan-dp-space-system', None): 'VsanDataProtectionSpaceSystemImpl:ha-vsan-dp-space-system', ('vsan-capability-system', None): 'VsanCapabilitySystemImpl:vsan-capability-system', ('ha-vsan-disk-management-
system', None): 'VsanDiskManagementSystemImpl:ha-vsan-disk-management-system', ('vsan-internal-statsprovider', None): 'VsanInternalStatsProviderImpl:vsan-internal-statsprovider'})
2025-09-01T05:41:27.293Z info vsand[2106153] [opID=MainThread VsanPyVmomiProfiler::log] Profiler:
2025-09-01T05:41:27.294Z info vsand[2106153] [opID=MainThread VsanPyVmomiProfiler::logProfile]   LoadAndRegisterManagedObjects: 0.44s, consumed: 48436KB (+48436KB), consumedPeak: 68816KB (+0KB), effectiveMin: 102400KB (+0KB), effectiveMinPeak: 102400KB (+0KB), requestedMinPeak: 102400KB (+0KB)
2025-09-01T05:41:27.294Z info vsand[2106153] [opID=MainThread VsanPyVmomiProfiler::logProfile]   __import__VcsaDeployerSystem__ext_init__: 0.04s, consumed: 0KB (+0KB), consumedPeak: 68816KB (+0KB), effectiveMin: 102400KB (+0KB), effectiveMinPeak: 102400KB (+0KB), requestedMinPeak: 102400KB (+0KB)
2025-09-01T05:41:27.294Z info vsand[2106153] [opID=MainThread VsanPyVmomiProfiler::logProfile]   __import__VsanCapabilitySystem__ext_init__: 0.00s, consumed: 0KB (+0KB), consumedPeak: 68816KB (+0KB), effectiveMin: 102400KB (+0KB), effectiveMinPeak: 102400KB (+0KB), requestedMinPeak: 102400KB (+0KB)
2025-09-01T05:41:27.294Z info vsand[2106153] [opID=MainThread VsanPyVmomiProfiler::logProfile]   __import__VsanDebugSystem__ext_init__: 0.00s, consumed: 0KB (+0KB), consumedPeak: 68816KB (+0KB), effectiveMin: 102400KB (+0KB), effectiveMinPeak: 102400KB (+0KB), requestedMinPeak: 102400KB (+0KB)
2025-09-01T05:41:27.295Z info vsand[2106153] [opID=MainThread VsanPyVmomiProfiler::logProfile]   __import__VsanDiskManagementSystem__ext_init__: 0.02s, consumed: 0KB (+0KB), consumedPeak: 68816KB (+0KB), effectiveMin: 102400KB (+0KB), effectiveMinPeak: 102400KB (+0KB), requestedMinPeak: 102400KB (+0KB)
2025-09-01T05:41:27.295Z info vsand[2106153] [opID=MainThread VsanPyVmomiProfiler::logProfile]   __import__VsanHealth__ext_init__: 0.28s, consumed: 48436KB (+48436KB), consumedPeak: 68816KB (+0KB), effectiveMin: 102400KB (+0KB), effectiveMinPeak: 102400KB (+0KB), requestedMinPeak: 102400KB (+0KB)
2025-09-01T05:41:27.295Z info vsand[2106153] [opID=MainThread VsanPyVmomiProfiler::logProfile]   __import__VsanIscsiTargetSystem__ext_init__: 0.03s, consumed: 48436KB (+0KB), consumedPeak: 68816KB (+0KB), effectiveMin: 102400KB (+0KB), effectiveMinPeak: 102400KB (+0KB), requestedMinPeak: 102400KB (+0KB)
2025-09-01T05:41:27.296Z info vsand[2106153] [opID=MainThread VsanPyVmomiProfiler::logProfile]   __import__VsanObjectSystem__ext_init__: 0.00s, consumed: 48436KB (+0KB), consumedPeak: 68816KB (+0KB), effectiveMin: 102400KB (+0KB), effectiveMinPeak: 102400KB (+0KB), requestedMinPeak: 102400KB (+0KB)
2025-09-01T05:41:27.296Z info vsand[2106153] [opID=MainThread VsanPyVmomiProfiler::logProfile]   __import__VsanPhoneHomeHostSystem__ext_init__: 0.00s, consumed: 48436KB (+0KB), consumedPeak: 68816KB (+0KB), effectiveMin: 102400KB (+0KB), effectiveMinPeak: 102400KB (+0KB), requestedMinPeak: 102400KB (+0KB)
2025-09-01T05:41:27.296Z info vsand[2106153] [opID=MainThread VsanPyVmomiProfiler::logProfile]   __import__VsanPrecheckerSystem__ext_init__: 0.01s, consumed: 48436KB (+0KB), consumedPeak: 68816KB (+0KB), effectiveMin: 102400KB (+0KB), effectiveMinPeak: 102400KB (+0KB), requestedMinPeak: 102400KB (+0KB)
2025-09-01T05:41:27.296Z info vsand[2106153] [opID=MainThread VsanPyVmomiProfiler::logProfile]   __import__VsanResourceCheckSystem__ext_init__: 0.01s, consumed: 48436KB (+0KB), consumedPeak: 68816KB (+0KB), effectiveMin: 102400KB (+0KB), effectiveMinPeak: 102400KB (+0KB), requestedMinPeak: 102400KB (+0KB)
2025-09-01T05:41:27.297Z info vsand[2106153] [opID=MainThread VsanPyVmomiProfiler::logProfile]   __import__VsanStretchedCluster__ext_init__: 0.01s, consumed: 48436KB (+0KB), consumedPeak: 68816KB (+0KB), effectiveMin: 102400KB (+0KB), effectiveMinPeak: 102400KB (+0KB), requestedMinPeak: 102400KB (+0KB)
2025-09-01T05:41:27.297Z info vsand[2106153] [opID=MainThread VsanPyVmomiProfiler::logProfile]   __import__VsanSystem__ext_init__: 0.01s, consumed: 48436KB (+0KB), consumedPeak: 68816KB (+0KB), effectiveMin: 102400KB (+0KB), effectiveMinPeak: 102400KB (+0KB), requestedMinPeak: 102400KB (+0KB)
2025-09-01T05:41:27.297Z info vsand[2106153] [opID=MainThread VsanPyVmomiProfiler::logProfile]   __import__VsanVcDiskManagementSystem__ext_init__: 0.00s, consumed: 48436KB (+0KB), consumedPeak: 68816KB (+0KB), effectiveMin: 102400KB (+0KB), effectiveMinPeak: 102400KB (+0KB), requestedMinPeak: 102400KB (+0KB)
2025-09-01T05:41:27.297Z info vsand[2106153] [opID=MainThread VsanPyVmomiProfiler::logProfile]   __import__VsanVcIscsiTargetSystem__ext_init__: 0.00s, consumed: 48436KB (+0KB), consumedPeak: 68816KB (+0KB), effectiveMin: 102400KB (+0KB), effectiveMinPeak: 102400KB (+0KB), requestedMinPeak: 102400KB (+0KB)
2025-09-01T05:41:27.298Z info vsand[2106153] [opID=MainThread VsanPyVmomiProfiler::logProfile]   scanExtInitFiles: 0.01s, consumed: 0KB (+0KB), consumedPeak: 68816KB (+0KB), effectiveMin: 102400KB (+0KB), effectiveMinPeak: 102400KB (+0KB), requestedMinPeak: 102400KB (+0KB)
2025-09-01T05:41:27.298Z info vsand[2106153] [opID=MainThread VsanPyVmomiProfiler::logProfile]   vsanPerfMgr: 0.01s, consumed: 0KB (+0KB), consumedPeak: 68816KB (+0KB), effectiveMin: 102400KB (+0KB), effectiveMinPeak: 102400KB (+0KB), requestedMinPeak: 102400KB (+0KB)
2025-09-01T05:41:27.298Z info vsand[2106153] [opID=MainThread VsanPyVmomiProfiler::logProfile]   vsanPerfPyMo: 0.00s, consumed: 0KB (+0KB), consumedPeak: 68816KB (+0KB), effectiveMin: 102400KB (+0KB), effectiveMinPeak: 102400KB (+0KB), requestedMinPeak: 102400KB (+0KB)
2025-09-01T05:41:27.299Z info vsand[2106153] [opID=MainThread VsanVmomiPatcher::PatchMoManager] MoManager is patched!
2025-09-01T05:41:27.360Z info vsand[2106197] [opID=Thread-5 VsanHealthUtil::LoginLocalHostd] Done login/relogin to local hostd.
2025-09-01T05:41:27.390Z info vsand[2106197] [opID=Thread-5 VsanTaskTrackerImpl::_Reinit] Done connecting to hostd
2025-09-01T05:41:27.397Z info vsand[2106153] [opID=MainThread statsdaemon::run] Connected to hostd, VMware ESXi 6.7.0 build-19195723
2025-09-01T05:41:27.482Z info vsand[2106153] [opID=MainThread VsanHealthUtil::importEsxcliTypes] Begin to import esxcli types
2025-09-01T05:41:27.878Z info vsand[2106153] [opID=MainThread statsdaemon::run] import network type successfully
2025-09-01T05:41:27.879Z error vsand[2106153] [opID=MainThread cliutils::SubscribeToCMMDS] uninstalling subscription Traceback (most recent call last):   File "/build/mts/release/bora-19184740/bora/build/vsan/release/vsanhealth/usr/lib/vmware/vsan/perfsvc/cliutils.py", line 333, in SubscribeToCMMDS RuntimeError: Operation not allowed because the VMKernel is shutting down
2025-09-01T05:41:27.879Z error vsand[2106153] [opID=MainThread cliutils::GetVSANClusterInfo] Failed to query cluster info: Operation not allowed because the VMKernel is shutting down
2025-09-01T05:41:27.880Z info vsand[2106153] [opID=MainThread statsdaemon::_logDaemonMemoryStats] Daemon memory stats: eMin=102.400MB, eMinPeak=102.400MB, rMinPeak=102.400MB
2025-09-01T05:41:27.881Z info vsand[2106153] [opID=MainThread statsdaemon::_logDaemonMemoryStats]   'python.2106153' memory stats: eMin=79.092MB, eMinPeak=79.092MB, rMinPeak=79.092MB
2025-09-01T05:41:29.002Z info vsand[2106191] [opID=Thread-2 VsanHealthDaemon::_subscribeCmmds] Subscribe CMMDS entry change listener
2025-09-01T05:41:29.002Z error vsand[2106191] [opID=Thread-2 cliutils::SubscribeToCMMDS] uninstalling subscription Traceback (most recent call last):   File "/build/mts/release/bora-19184740/bora/build/vsan/release/vsanhealth/usr/lib/vmware/vsan/perfsvc/cliutils.py", line 333, in SubscribeToCMMDS RuntimeError: Operation not allowed because the VMKernel is shutting down
2025-09-01T05:41:29.003Z error vsand[2106191] [opID=Thread-2 cliutils::SubscribeToCMMDS] uninstalling subscription Traceback (most recent call last):   File "/build/mts/release/bora-19184740/bora/build/vsan/release/vsanhealth/usr/lib/vmware/vsan/perfsvc/cliutils.py", line 333, in SubscribeToCMMDS RuntimeError: Operation not allowed because the VMKernel is shutting down
2025-09-01T05:41:29.003Z error vsand[2106191] [opID=Thread-2 cliutils::SubscribeToCMMDS] uninstalling subscription Traceback (most recent call last):   File "/build/mts/release/bora-19184740/bora/build/vsan/release/vsanhealth/usr/lib/vmware/vsan/perfsvc/cliutils.py", line 333, in SubscribeToCMMDS RuntimeError: Operation not allowed because the VMKernel is shutting down
2025-09-01T05:41:29.004Z error vsand[2106191] [opID=Thread-2 cliutils::SubscribeToCMMDS] uninstalling subscription Traceback (most recent call last):   File "/build/mts/release/bora-19184740/bora/build/vsan/release/vsanhealth/usr/lib/vmware/vsan/perfsvc/cliutils.py", line 333, in SubscribeToCMMDS RuntimeError: Operation not allowed because the VMKernel is shutting down
2025-09-01T05:41:29.004Z error vsand[2106191] [opID=Thread-2 cliutils::SubscribeToCMMDS] uninstalling subscription Traceback (most recent call last):   File "/build/mts/release/bora-19184740/bora/build/vsan/release/vsanhealth/usr/lib/vmware/vsan/perfsvc/cliutils.py", line 333, in SubscribeToCMMDS RuntimeError: Operation not allowed because the VMKernel is shutting down
2025-09-01T05:41:29.004Z info vsand[2106191] [opID=Thread-2 VsanHealthDaemon::doVsanHealthCheck] Skip VSAN health check due to the VSAN is disabled
2025-09-01T05:41:29.028Z info vsand[2106184] [opID=9bd712e8 VsanCapabilitySystemImpl::_GetConfigOptionValue] _GetConfigOptionValue value 1 for Encryption
2025-09-01T05:41:29.029Z info vsand[2106184] [opID=9bd712e8 VsanCapabilitySystemImpl::_GetConfigOptionValue] _GetConfigOptionValue value 1 for DecomWhatIf
2025-09-01T05:41:29.029Z info vsand[2106184] [opID=9bd712e8 VsanCapabilitySystemImpl::_GetConfigOptionValue] _GetConfigOptionValue value 1 for ThrottleResync
2025-09-01T05:41:29.029Z info vsand[2106184] [opID=9bd712e8 VsanCapabilitySystemImpl::_GetConfigOptionValue] _GetConfigOptionValue value 1 for UnicastMode
2025-09-01T05:41:29.029Z info vsand[2106184] [opID=9bd712e8 VsanCapabilitySystemImpl::_GetConfigOptionValue] _GetConfigOptionValue value 1 for Device4KSupport
2025-09-01T05:41:29.029Z info vsand[2106184] [opID=9bd712e8 VsanCapabilitySystemImpl::_GetConfigOptionValue] _GetConfigOptionValue value 1 for NestedFD
2025-09-01T05:41:29.029Z info vsand[2106184] [opID=9bd712e8 VsanCapabilitySystemImpl::_GetConfigOptionValue] _GetConfigOptionValue value 0 for CompliancePrecheck
2025-09-01T05:41:29.029Z info vsand[2106184] [opID=9bd712e8 VsanCapabilitySystemImpl::_GetConfigOptionValue] _GetConfigOptionValue value 1 for VumIntegration
2025-09-01T05:41:29.030Z info vsand[2106184] [opID=9bd712e8 VsanCapabilitySystemImpl::_GetConfigOptionValue] _GetConfigOptionValue value 1 for FirmwareUpdate
2025-09-01T05:41:29.030Z error vsand[2106184] [opID=9bd712e8 VsanCapabilitySystemImpl::_GetConfigOptionValue] Unable to get value for FullStackFw due to: Not found
2025-09-01T05:41:29.030Z info vsand[2106184] [opID=9bd712e8 VsanCapabilitySystemImpl::_GetConfigOptionValue] _GetConfigOptionValue value 1 for ConfigAssist
2025-09-01T05:41:29.030Z error vsand[2106184] [opID=9bd712e8 VsanCapabilitySystemImpl::_GetConfigOptionValue] Unable to get value for Fcd due to: Not found
2025-09-01T05:41:29.030Z info vsand[2106184] [opID=9bd712e8 VsanCapabilitySystemImpl::_GetConfigOptionValue] _GetConfigOptionValue value 0 for GenericNestedFD
2025-09-01T05:41:29.030Z info vsand[2106184] [opID=9bd712e8 VsanCapabilitySystemImpl::_GetConfigOptionValue] _GetConfigOptionValue value 1 for HostAffinity
2025-09-01T05:41:29.031Z info vsand[2106184] [opID=9bd712e8 VsanCapabilitySystemImpl::_GetConfigOptionValue] _GetConfigOptionValue value 1 for PolicyAssociation
2025-09-01T05:41:29.031Z info vsand[2106184] [opID=9bd712e8 VsanCapabilitySystemImpl::_GetConfigOptionValue] _GetConfigOptionValue value 0 for VSAN_RDMA
2025-09-01T05:41:29.031Z info vsand[2106184] [opID=9bd712e8 VsanCapabilitySystemImpl::_GetConfigOptionValue] _GetConfigOptionValue value 1 for ClomBgProRebalanceSwitch
2025-09-01T05:41:29.031Z info vsand[2106184] [opID=9bd712e8 VsanCapabilitySystemImpl::_GetConfigOptionValue] _GetConfigOptionValue value 1 for ResourcePrecheck
2025-09-01T05:41:29.031Z info vsand[2106184] [opID=9bd712e8 VsanCapabilitySystemImpl::_GetConfigOptionValue] _GetConfigOptionValue value 1 for EnableUpgradeAudit
2025-09-01T05:41:29.032Z info vsand[2106184] [opID=9bd712e8 VsanCapabilitySystemImpl::_GetConfigOptionValue] _GetConfigOptionValue value 1 for ResyncEtaImprovement
2025-09-01T05:41:29.032Z info vsand[2106184] [opID=9bd712e8 VsanCapabilitySystemImpl::_GetConfigOptionValue] _GetConfigOptionValue value 1 for VitOnlineResize
2025-09-01T05:41:29.032Z info vsand[2106184] [opID=9bd712e8 VsanCapabilitySystemImpl::_GetConfigOptionValue] _GetConfigOptionValue value 0 for LargeCapacityDrive
2025-09-01T05:41:29.032Z info vsand[2106184] [opID=9bd712e8 VsanCapabilitySystemImpl::GetCapabilities] Capabilities: ['upgrade', 'repairtimerinresyncstats', 'allflash', 'decomwhatif', 'dataefficiency', 'diagnosticmode', 'device4ksupport', 'encryption', 'netperftest', 'cloudhealth', 'stretchedcluster', 'iscsitargets', 'enhancedresyncapi', 'vitonlineresize', 'vumintegration', 'automaticrebalance', 'resyncetaimprovement', 'upgraderesourceprecheck', 'objectidentities', 'nestedfd', 'healthcheck2018q2', 'configassist', 'capability', 'purgeinaccessiblevmswapobjects', 'hostaffinity', 'clusterconfig', 'historicalcapacity', 'fileservices', 'masspropertycollector', 'resourceprecheck', 'unicastmode', 'firmwareupdate', 'throttleresync', 'policyassociation']
2025-09-01T05:41:29.140Z info vsand[2106182] [opID=6256d2c8-12ed VsanVcObjectHelper::wrapper] Ready to get single executor result for the key ['_GetVsanStorageList', '', 'vmware_soap_session="b08892bf69b81b1e16a9b0d9d849e8985405d1c2"; Path=/; HttpOnly; Secure; '] in timeout 20
2025-09-01T05:41:29.140Z info vsand[2106182] [opID=6256d2c8-12ed VsanVcObjectHelper::wrapper] Ready to call original function for execution
2025-09-01T05:41:29.146Z info vsand[2106182] [opID=6256d2c8-12ed VsanVcObjectHelper::wrapper] Finish execute _GetVsanStorageList
2025-09-01T05:41:29.146Z info vsand[2106182] [opID=6256d2c8-12ed VsanVcObjectHelper::AddCallResultAndNotify] delete the single concurrent execution key
2025-09-01T05:41:29.146Z info vsand[2106182] [opID=6256d2c8-12ed VsanVcObjectHelper::wrapper] Ready to get single executor result for the key ['_GetCoreDeviceList', '', 'vmware_soap_session="b08892bf69b81b1e16a9b0d9d849e8985405d1c2"; Path=/; HttpOnly; Secure; '] in timeout 20
2025-09-01T05:41:29.146Z info vsand[2106182] [opID=6256d2c8-12ed VsanVcObjectHelper::wrapper] Ready to call original function for execution
2025-09-01T05:41:29.205Z info vsand[2106182] [opID=6256d2c8-12ed VsanVcObjectHelper::wrapper] Finish execute _GetCoreDeviceList
2025-09-01T05:41:29.205Z info vsand[2106182] [opID=6256d2c8-12ed VsanVcObjectHelper::AddCallResultAndNotify] delete the single concurrent execution key
2025-09-01T05:41:29.283Z info vsand[2106182] [opID=6256d2c8-12ed VsanVcObjectHelper::wrapper] Ready to get single executor result for the key ['_GetVendorToolAbstraction', '', 'vmware_soap_session="b08892bf69b81b1e16a9b0d9d849e8985405d1c2"; Path=/; HttpOnly; Secure; '] in timeout 20
2025-09-01T05:41:29.283Z info vsand[2106182] [opID=6256d2c8-12ed VsanVcObjectHelper::wrapper] Ready to call original function for execution
2025-09-01T05:41:29.327Z info vsand[2106182] [opID=6256d2c8-12ed VsanVcObjectHelper::wrapper] Finish execute _GetVendorToolAbstraction
2025-09-01T05:41:29.327Z info vsand[2106182] [opID=6256d2c8-12ed VsanVcObjectHelper::AddCallResultAndNotify] delete the single concurrent execution key
2025-09-01T05:41:29.327Z info vsand[2106182] [opID=6256d2c8-12ed VsanEsxHclUtil::ManipulateControllersWithStressOptions] Adding following devices: {}
2025-09-01T05:41:29.331Z info vsand[2106182] [opID=6256d2c8-12ed VsanEsxHclUtil::findController] Looking up pciAddress: 00:01:00:00
2025-09-01T05:41:29.332Z info vsand[2106182] [opID=6256d2c8-12ed VsanEsxHclUtil::findController] Looking up pciAddress: 00:00:1f:02
2025-09-01T05:41:29.333Z info vsand[2106182] [opID=6256d2c8-12ed VsanEsxHclUtil::findController] Looking up pciAddress: 00:00:1f:05
2025-09-01T05:41:29.333Z info vsand[2106182] [opID=6256d2c8-12ed VsanEsxHclUtil::ManipulateControllersWithStressOptions] Adding following devices: {}
2025-09-01T05:41:29.336Z warning vsand[2106182] [opID=6256d2c8-12ed VsanEsxHclUtil::_GetPhysicalNicInfo] Not found pci device of device vusb0
2025-09-01T05:41:29.336Z info vsand[2106182] [opID=6256d2c8-12ed VsanPyVmomiProfiler::log] Profiler:
2025-09-01T05:41:29.337Z info vsand[2106182] [opID=6256d2c8-12ed VsanPyVmomiProfiler::logProfile]   Get storage-core-path,                             core-adapter,                             hardware-pci,                             system-version: 0.08s, consumed: 66644KB (+0KB), consumedPeak: 68816KB (+0KB), effectiveMin: 102400KB (+0KB), effectiveMinPeak: 102400KB (+0KB), requestedMinPeak: 102400KB (+0KB)
2025-09-01T05:41:29.337Z info vsand[2106182] [opID=6256d2c8-12ed VsanPyVmomiProfiler::logProfile]   GetPhysicalNicInfo._PopulatePnicDriverFwVersion: 0.00s, 0.00s, 0.00s, 0.00s, 0.00s, 0.00s, 0.00s, consumed: 66644KB (+0KB), consumedPeak: 68816KB (+0KB), effectiveMin: 102400KB (+0KB), effectiveMinPeak: 102400KB (+0KB), requestedMinPeak: 102400KB (+0KB)
2025-09-01T05:41:29.337Z info vsand[2106182] [opID=6256d2c8-12ed VsanPyVmomiProfiler::logProfile]   cls.ManipulateControllersWithStressOptions: 0.00s, consumed: 66644KB (+0KB), consumedPeak: 68816KB (+0KB), effectiveMin: 102400KB (+0KB), effectiveMinPeak: 102400KB (+0KB), requestedMinPeak: 102400KB (+0KB)
2025-09-01T05:41:29.337Z info vsand[2106182] [opID=6256d2c8-12ed VsanPyVmomiProfiler::logProfile]   cls._GetPhysicalNicInfo: 0.00s, consumed: 66644KB (+0KB), consumedPeak: 68816KB (+0KB), effectiveMin: 102400KB (+0KB), effectiveMinPeak: 102400KB (+0KB), requestedMinPeak: 102400KB (+0KB)
2025-09-01T05:41:29.338Z info vsand[2106182] [opID=6256d2c8-12ed VsanPyVmomiProfiler::logProfile]   cls._LookupControllerQueueDepth: 0.00s, 0.00s, 0.00s, 0.00s, 0.00s, consumed: 66644KB (+0KB), consumedPeak: 68816KB (+0KB), effectiveMin: 102400KB (+0KB), effectiveMinPeak: 102400KB (+0KB), requestedMinPeak: 102400KB (+0KB)
2025-09-01T05:41:29.338Z info vsand[2106182] [opID=6256d2c8-12ed VsanPyVmomiProfiler::logProfile]   cls._LookupDriverVersion: 0.00s, 0.00s, 0.00s, 0.00s, 0.00s, consumed: 66644KB (+0KB), consumedPeak: 68816KB (+0KB), effectiveMin: 102400KB (+0KB), effectiveMinPeak: 102400KB (+0KB), requestedMinPeak: 102400KB (+0KB)
2025-09-01T05:41:29.338Z info vsand[2106182] [opID=6256d2c8-12ed VsanPyVmomiProfiler::logProfile]   cls.checkDiskMode: 0.00s, 0.00s, 0.00s, 0.00s, 0.00s, consumed: 66644KB (+0KB), consumedPeak: 68816KB (+0KB), effectiveMin: 102400KB (+0KB), effectiveMinPeak: 102400KB (+0KB), requestedMinPeak: 102400KB (+0KB)
2025-09-01T05:41:29.339Z info vsand[2106182] [opID=6256d2c8-12ed VsanPyVmomiProfiler::logProfile]   rdma-device: 0.00s, consumed: 66644KB (+0KB), consumedPeak: 68816KB (+0KB), effectiveMin: 102400KB (+0KB), effectiveMinPeak: 102400KB (+0KB), requestedMinPeak: 102400KB (+0KB)
2025-09-01T05:41:29.339Z info vsand[2106182] [opID=6256d2c8-12ed VsanPyVmomiProfiler::logProfile]   vim.EsxCLI.storage.core.device: 0.06s, consumed: 66644KB (+0KB), consumedPeak: 68816KB (+0KB), effectiveMin: 102400KB (+0KB), effectiveMinPeak: 102400KB (+0KB), requestedMinPeak: 102400KB (+0KB)
2025-09-01T05:41:29.339Z info vsand[2106182] [opID=6256d2c8-12ed VsanPyVmomiProfiler::logProfile]   vim.EsxCLI.vsan.storage: 0.01s, consumed: 66644KB (+0KB), consumedPeak: 68816KB (+0KB), effectiveMin: 102400KB (+0KB), effectiveMinPeak: 102400KB (+0KB), requestedMinPeak: 102400KB (+0KB)
2025-09-01T05:41:29.343Z info vsand[2106182] [opID=6256d2c8-12ed VsanPyVmomiProfiler::log] Profiler:
2025-09-01T05:41:29.343Z info vsand[2106182] [opID=6256d2c8-12ed VsanPyVmomiProfiler::logProfile]   impl.GetHclInfo: 0.22s, consumed: 66644KB (+0KB), consumedPeak: 68816KB (+0KB), effectiveMin: 102400KB (+0KB), effectiveMinPeak: 102400KB (+0KB), requestedMinPeak: 102400KB (+0KB)
2025-09-01T05:41:29.446Z info vsand[2106181] [opID=6256d2c8-12ef VsanPyVmomiProfiler::log] Profiler:
2025-09-01T05:41:29.446Z info vsand[2106181] [opID=6256d2c8-12ef VsanPyVmomiProfiler::logProfile]   impl.DetermineObjectStatus 1: 0.00s, consumed: 66644KB (+0KB), consumedPeak: 68816KB (+0KB), effectiveMin: 102400KB (+0KB), effectiveMinPeak: 102400KB (+0KB), requestedMinPeak: 102400KB (+0KB)
2025-09-01T05:41:29.446Z info vsand[2106181] [opID=6256d2c8-12ef VsanPyVmomiProfiler::logProfile]   impl._QueryObjectHealthSummary: 0.01s, consumed: 66644KB (+0KB), consumedPeak: 68816KB (+0KB), effectiveMin: 102400KB (+0KB), effectiveMinPeak: 102400KB (+0KB), requestedMinPeak: 102400KB (+0KB)
2025-09-01T05:41:29.447Z info vsand[2106181] [opID=6256d2c8-12ef VsanVcObjectHelper::wrapper] Ready to get single executor result for the key ['_QueryVerifyNetworkSettings', 'ha-vsan-health-system', '', '', '', 'False'] in timeout 600
2025-09-01T05:41:29.447Z info vsand[2106181] [opID=6256d2c8-12ef VsanVcObjectHelper::wrapper] Ready to call original function for execution
2025-09-01T05:41:29.448Z info vsand[2106181] [opID=6256d2c8-12ef VsanHealthSystemImpl::_QueryVerifyNetworkSettings] Query network settings: (str) []:(str) []
2025-09-01T05:41:29.453Z info vsand[2106181] [opID=6256d2c8-12ef VsanPyVmomiProfiler::logProfile]   invoke-method:ha-cli-handler-vsan-network:List: 0.00s, consumed: 66644KB (+0KB), consumedPeak: 68816KB (+0KB), effectiveMin: 102400KB (+0KB), effectiveMinPeak: 102400KB (+0KB), requestedMinPeak: 102400KB (+0KB)
2025-09-01T05:41:29.459Z info vsand[2106181] [opID=6256d2c8-12ef VsanPyVmomiProfiler::logProfile]   invoke-method:ha-cli-handler-network-ip-interface:List: 0.01s, consumed: 66644KB (+0KB), consumedPeak: 68816KB (+0KB), effectiveMin: 102400KB (+0KB), effectiveMinPeak: 102400KB (+0KB), requestedMinPeak: 102400KB (+0KB)
2025-09-01T05:41:29.463Z info vsand[2106181] [opID=6256d2c8-12ef VsanPyVmomiProfiler::logProfile]   invoke-method:ha-cli-handler-network-ip-interface-ipv6-address:List: 0.00s, consumed: 66644KB (+0KB), consumedPeak: 68816KB (+0KB), effectiveMin: 102400KB (+0KB), effectiveMinPeak: 102400KB (+0KB), requestedMinPeak: 102400KB (+0KB)
2025-09-01T05:41:29.468Z info vsand[2106181] [opID=6256d2c8-12ef VsanPyVmomiProfiler::logProfile]   invoke-method:ha-cli-handler-network-ip-interface-ipv4:Get: 0.00s, consumed: 66644KB (+0KB), consumedPeak: 68816KB (+0KB), effectiveMin: 102400KB (+0KB), effectiveMinPeak: 102400KB (+0KB), requestedMinPeak: 102400KB (+0KB)
2025-09-01T05:41:29.472Z info vsand[2106181] [opID=6256d2c8-12ef VsanPyVmomiProfiler::logProfile]   invoke-method:ha-cli-handler-network-ip-route-ipv4:List: 0.00s, consumed: 66644KB (+0KB), consumedPeak: 68816KB (+0KB), effectiveMin: 102400KB (+0KB), effectiveMinPeak: 102400KB (+0KB), requestedMinPeak: 102400KB (+0KB)
2025-09-01T05:41:29.477Z info vsand[2106181] [opID=6256d2c8-12ef VsanPyVmomiProfiler::logProfile]   invoke-method:ha-cli-handler-network-ip-route-ipv6:List: 0.00s, consumed: 66644KB (+0KB), consumedPeak: 68816KB (+0KB), effectiveMin: 102400KB (+0KB), effectiveMinPeak: 102400KB (+0KB), requestedMinPeak: 102400KB (+0KB)
2025-09-01T05:41:29.477Z info vsand[2106181] [opID=6256d2c8-12ef VsanVcObjectHelper::wrapper] Finish execute _QueryVerifyNetworkSettings
2025-09-01T05:41:29.478Z info vsand[2106181] [opID=6256d2c8-12ef VsanVcObjectHelper::AddCallResultAndNotify] delete the single concurrent execution key
2025-09-01T05:41:29.478Z info vsand[2106181] [opID=6256d2c8-12ef VsanPyVmomiProfiler::log] Profiler:
2025-09-01T05:41:29.478Z info vsand[2106181] [opID=6256d2c8-12ef VsanPyVmomiProfiler::logProfile]   GetVsanVmknicConfigFromEsxCLI: 0.03s, consumed: 66644KB (+0KB), consumedPeak: 68816KB (+0KB), effectiveMin: 102400KB (+0KB), effectiveMinPeak: 102400KB (+0KB), requestedMinPeak: 102400KB (+0KB)
2025-09-01T05:41:29.478Z info vsand[2106181] [opID=6256d2c8-12ef VsanPyVmomiProfiler::logProfile]   impl._QueryVerifyNetworkSettings: 0.03s, consumed: 66644KB (+0KB), consumedPeak: 68816KB (+0KB), effectiveMin: 102400KB (+0KB), effectiveMinPeak: 102400KB (+0KB), requestedMinPeak: 102400KB (+0KB)
2025-09-01T05:41:32.882Z error vsand[2106153] [opID=MainThread cliutils::GetVSANClusterInfo] Failed to query cluster info: Operation not allowed because the VMKernel is shutting down
2025-09-01T05:41:32.984Z info vsand[2106190] [opID=Thread-1 VsanPyVmomiProfiler::logProfile]   invoke-method:ServiceInstance:RetrieveContent: 0.01s, consumed: 67176KB (+0KB), consumedPeak: 68816KB (+0KB), effectiveMin: 102400KB (+0KB), effectiveMinPeak: 102400KB (+0KB), requestedMinPeak: 102400KB (+0KB)
2025-09-01T05:41:33.005Z info vsand[2106190] [opID=Thread-1 VsanMgmtUtil::__init__] Initialized ObjectCache: 'healthSummaryCache', maxSize=1024, ttl=None
2025-09-01T05:41:33.005Z info vsand[2106190] [opID=Thread-1 VsanMgmtUtil::__init__] Initialized ObjectCache: 'healthHistoricalCache', maxSize=1024, ttl=4000
2025-09-01T05:41:33.006Z info vsand[2106190] [opID=Thread-1 VsanVcPerformanceManagerImpl::__init__] VsanVcPerformanceManagerImpl init
2025-09-01T05:41:33.010Z info vsand[2106190] [opID=Thread-1 VsanVcObjectSystemImpl::__init__] VsanVcObjectSystemImpl init
2025-09-01T05:41:33.010Z info vsand[2106190] [opID=Thread-1 VsanResourceCheckSystemImpl::__init__] VsanResourceCheckSystemImpl init
2025-09-01T05:41:33.011Z info vsand[2106190] [opID=Thread-1 VsanMgmtUtil::__init__] Initialized ObjectCache: 'DiskMappingCache', maxSize=2000, ttl=None
2025-09-01T05:41:33.011Z info vsand[2106190] [opID=Thread-1 VsanVcIscsiTargetSystemImpl::__init__] VsanVcIscsiTargetSystemImpl init
2025-09-01T05:41:37.886Z error vsand[2106153] [opID=MainThread cliutils::GetVSANClusterInfo] Failed to query cluster info: Operation not allowed because the VMKernel is shutting down
2025-09-01T05:41:42.889Z error vsand[2106153] [opID=MainThread cliutils::GetVSANClusterInfo] Failed to query cluster info: Operation not allowed because the VMKernel is shutting down
2025-09-01T05:41:47.892Z error vsand[2106153] [opID=MainThread cliutils::GetVSANClusterInfo] Failed to query cluster info: Operation not allowed because the VMKernel is shutting down
2025-09-01T05:41:52.896Z error vsand[2106153] [opID=MainThread cliutils::GetVSANClusterInfo] Failed to query cluster info: Operation not allowed because the VMKernel is shutting down
2025-09-01T05:41:57.899Z error vsand[2106153] [opID=MainThread cliutils::GetVSANClusterInfo] Failed to query cluster info: Operation not allowed because the VMKernel is shutting down
2025-09-01T05:42:02.902Z error vsand[2106153] [opID=MainThread cliutils::GetVSANClusterInfo] Failed to query cluster info: Operation not allowed because the VMKernel is shutting down
2025-09-01T05:42:07.906Z error vsand[2106153] [opID=MainThread cliutils::GetVSANClusterInfo] Failed to query cluster info: Operation not allowed because the VMKernel is shutting down
2025-09-01T05:42:12.909Z error vsand[2106153] [opID=MainThread cliutils::GetVSANClusterInfo] Failed to query cluster info: Operation not allowed because the VMKernel is shutting down
2025-09-01T05:42:17.912Z error vsand[2106153] [opID=MainThread cliutils::GetVSANClusterInfo] Failed to query cluster info: Operation not allowed because the VMKernel is shutting down
2025-09-01T05:42:22.916Z error vsand[2106153] [opID=MainThread cliutils::GetVSANClusterInfo] Failed to query cluster info: Operation not allowed because the VMKernel is shutting down
2025-09-01T05:42:27.920Z error vsand[2106153] [opID=MainThread cliutils::GetVSANClusterInfo] Failed to query cluster info: Operation not allowed because the VMKernel is shutting down
2025-09-01T05:42:32.922Z error vsand[2106153] [opID=MainThread cliutils::GetVSANClusterInfo] Failed to query cluster info: Operation not allowed because the VMKernel is shutting down
2025-09-01T05:42:37.926Z error vsand[2106153] [opID=MainThread cliutils::GetVSANClusterInfo] Failed to query cluster info: Operation not allowed because the VMKernel is shutting down
2025-09-01T05:42:42.929Z error vsand[2106153] [opID=MainThread cliutils::GetVSANClusterInfo] Failed to query cluster info: Operation not allowed because the VMKernel is shutting down
2025-09-01T05:42:47.932Z error vsand[2106153] [opID=MainThread cliutils::GetVSANClusterInfo] Failed to query cluster info: Operation not allowed because the VMKernel is shutting down
2025-09-01T05:42:52.936Z error vsand[2106153] [opID=MainThread cliutils::GetVSANClusterInfo] Failed to query cluster info: Operation not allowed because the VMKernel is shutting down
2025-09-01T05:42:57.939Z error vsand[2106153] [opID=MainThread cliutils::GetVSANClusterInfo] Failed to query cluster info: Operation not allowed because the VMKernel is shutting down
2025-09-01T05:43:02.942Z error vsand[2106153] [opID=MainThread cliutils::GetVSANClusterInfo] Failed to query cluster info: Operation not allowed because the VMKernel is shutting down
2025-09-01T05:43:07.946Z error vsand[2106153] [opID=MainThread cliutils::GetVSANClusterInfo] Failed to query cluster info: Operation not allowed because the VMKernel is shutting down
2025-09-01T05:43:12.950Z error vsand[2106153] [opID=MainThread cliutils::GetVSANClusterInfo] Failed to query cluster info: Operation not allowed because the VMKernel is shutting down
2025-09-01T05:43:17.953Z error vsand[2106153] [opID=MainThread cliutils::GetVSANClusterInfo] Failed to query cluster info: Operation not allowed because the VMKernel is shutting down
2025-09-01T05:43:18.873Z error vsand[2106197] [opID=Thread-5 VsanTaskTrackerImpl::_ThreadMain] WaitForUpdates failed: [Errno 111] Connection refused Traceback (most recent call last):   File "/build/mts/release/bora-19184740/bora/build/vsan/release/vsanhealth/usr/lib/vmware/vsan/perfsvc/VsanTaskTrackerImpl.py", line 52, in _ThreadMain   File "/build/mts/release/bora-19195723/bora/build/esx/release/vmvisor/vim/lib64/python3.5/site-packages/pyVmomi/VmomiSupport.py", line 557, in <lambda>   File "/build/mts/release/bora-19195723/bora/build/esx/release/vmvisor/vim/lib64/python3.5/site-packages/pyVmomi/VmomiSupport.py", line 363, in _InvokeMethod   File "/build/mts/release/bora-19184740/bora/build/vsan/release/vsanhealth/usr/lib/vmware/vsan/perfsvc/VsanHealthUtil.py", line 688, in InvokeMethod   File "/build/mts/release/bora-19184740/bora/build/vsan/release/vsanhealth/usr/lib/vmware
/vsan/perfsvc/VsanHealthUtil.py", line 669, in InvokeMethod   File "/build/mts/release/bora-19195723/bora/build/esx/release/vmvisor/vim/lib64/python3.5/site-packages/pyVmomi/SoapAdapter.py", line 1385, in InvokeMethod   File "/build/mts/release/bora-19195723/bora/build/esx/release/vmvisor/sys-boot/lib64/python3.5/http/client.py", line 1161, in request   File "/build/mts/release/bora-19195723/bora/build/esx/release/vmvisor/sys-boot/lib64/python3.5/http/client.py", line 1206, in _send_request   File "/build/mts/release/bora-19195723/bora/build/esx/release/vmvisor/sys-boot/lib64/python3.5/http/client.py", line 1157, in endheaders   File "/build/mts/release/bora-19195723/bora/build/esx/release/vmvisor/sys-boot/lib64/python3.5/http/client.py", line 949, in _send_output   File "/build/mts/release/bora-19195723/bora/build/esx/release/vmvisor/sys-boot/lib64/python3.5/http/client.py", line 892, in send
File "/build/mts/release/bora-19195723/bora/build/esx/release/vmvisor/vim/lib64/python3.5/site-packages/pyVmomi/SoapAdapter.py", line 1032, in connect   File "/build/mts/release/bora-19195723/bora/build/esx/release/vmvisor/sys-boot/lib64/python3.5/http/client.py", line 1307, in connect   File "/build/mts/release/bora-19195723/bora/build/esx/release/vmvisor/sys-boot/lib64/python3.5/http/client.py", line 864, in connect   File "/build/mts/release/bora-19195723/bora/build/esx/release/vmvisor/sys-boot/lib64/python3.5/socket.py", line 712, in create_connection   File "/build/mts/release/bora-19195723/bora/build/esx/release/vmvisor/sys-boot/lib64/python3.5/socket.py", line 703, in create_connection ConnectionRefusedError: [Errno 111] Connection refused
2025-09-01T05:43:19.288Z error vsand[2106197] [opID=Thread-5 VsanTaskTrackerImpl::_ThreadMain] WaitForUpdates failed: [Errno 111] Connection refused Traceback (most recent call last):   File "/build/mts/release/bora-19184740/bora/build/vsan/release/vsanhealth/usr/lib/vmware/vsan/perfsvc/VsanTaskTrackerImpl.py", line 52, in _ThreadMain   File "/build/mts/release/bora-19195723/bora/build/esx/release/vmvisor/vim/lib64/python3.5/site-packages/pyVmomi/VmomiSupport.py", line 557, in <lambda>   File "/build/mts/release/bora-19195723/bora/build/esx/release/vmvisor/vim/lib64/python3.5/site-packages/pyVmomi/VmomiSupport.py", line 363, in _InvokeMethod   File "/build/mts/release/bora-19184740/bora/build/vsan/release/vsanhealth/usr/lib/vmware/vsan/perfsvc/VsanHealthUtil.py", line 688, in InvokeMethod   File "/build/mts/release/bora-19184740/bora/build/vsan/release/vsanhealth/usr/lib/vmware
/vsan/perfsvc/VsanHealthUtil.py", line 669, in InvokeMethod   File "/build/mts/release/bora-19195723/bora/build/esx/release/vmvisor/vim/lib64/python3.5/site-packages/pyVmomi/SoapAdapter.py", line 1385, in InvokeMethod   File "/build/mts/release/bora-19195723/bora/build/esx/release/vmvisor/sys-boot/lib64/python3.5/http/client.py", line 1161, in request   File "/build/mts/release/bora-19195723/bora/build/esx/release/vmvisor/sys-boot/lib64/python3.5/http/client.py", line 1206, in _send_request   File "/build/mts/release/bora-19195723/bora/build/esx/release/vmvisor/sys-boot/lib64/python3.5/http/client.py", line 1157, in endheaders   File "/build/mts/release/bora-19195723/bora/build/esx/release/vmvisor/sys-boot/lib64/python3.5/http/client.py", line 949, in _send_output   File "/build/mts/release/bora-19195723/bora/build/esx/release/vmvisor/sys-boot/lib64/python3.5/http/client.py", line 892, in send
File "/build/mts/release/bora-19195723/bora/build/esx/release/vmvisor/vim/lib64/python3.5/site-packages/pyVmomi/SoapAdapter.py", line 1032, in connect   File "/build/mts/release/bora-19195723/bora/build/esx/release/vmvisor/sys-boot/lib64/python3.5/http/client.py", line 1307, in connect   File "/build/mts/release/bora-19195723/bora/build/esx/release/vmvisor/sys-boot/lib64/python3.5/http/client.py", line 864, in connect   File "/build/mts/release/bora-19195723/bora/build/esx/release/vmvisor/sys-boot/lib64/python3.5/socket.py", line 712, in create_connection   File "/build/mts/release/bora-19195723/bora/build/esx/release/vmvisor/sys-boot/lib64/python3.5/socket.py", line 703, in create_connection ConnectionRefusedError: [Errno 111] Connection refused
2025-09-01T05:43:19.699Z error vsand[2106197] [opID=Thread-5 VsanTaskTrackerImpl::_ThreadMain] WaitForUpdates failed: [Errno 111] Connection refused Traceback (most recent call last):   File "/build/mts/release/bora-19184740/bora/build/vsan/release/vsanhealth/usr/lib/vmware/vsan/perfsvc/VsanTaskTrackerImpl.py", line 52, in _ThreadMain   File "/build/mts/release/bora-19195723/bora/build/esx/release/vmvisor/vim/lib64/python3.5/site-packages/pyVmomi/VmomiSupport.py", line 557, in <lambda>   File "/build/mts/release/bora-19195723/bora/build/esx/release/vmvisor/vim/lib64/python3.5/site-packages/pyVmomi/VmomiSupport.py", line 363, in _InvokeMethod   File "/build/mts/release/bora-19184740/bora/build/vsan/release/vsanhealth/usr/lib/vmware/vsan/perfsvc/VsanHealthUtil.py", line 688, in InvokeMethod   File "/build/mts/release/bora-19184740/bora/build/vsan/release/vsanhealth/usr/lib/vmware
/vsan/perfsvc/VsanHealthUtil.py", line 669, in InvokeMethod   File "/build/mts/release/bora-19195723/bora/build/esx/release/vmvisor/vim/lib64/python3.5/site-packages/pyVmomi/SoapAdapter.py", line 1385, in InvokeMethod   File "/build/mts/release/bora-19195723/bora/build/esx/release/vmvisor/sys-boot/lib64/python3.5/http/client.py", line 1161, in request   File "/build/mts/release/bora-19195723/bora/build/esx/release/vmvisor/sys-boot/lib64/python3.5/http/client.py", line 1206, in _send_request   File "/build/mts/release/bora-19195723/bora/build/esx/release/vmvisor/sys-boot/lib64/python3.5/http/client.py", line 1157, in endheaders   File "/build/mts/release/bora-19195723/bora/build/esx/release/vmvisor/sys-boot/lib64/python3.5/http/client.py", line 949, in _send_output   File "/build/mts/release/bora-19195723/bora/build/esx/release/vmvisor/sys-boot/lib64/python3.5/http/client.py", line 892, in send
File "/build/mts/release/bora-19195723/bora/build/esx/release/vmvisor/vim/lib64/python3.5/site-packages/pyVmomi/SoapAdapter.py", line 1032, in connect   File "/build/mts/release/bora-19195723/bora/build/esx/release/vmvisor/sys-boot/lib64/python3.5/http/client.py", line 1307, in connect   File "/build/mts/release/bora-19195723/bora/build/esx/release/vmvisor/sys-boot/lib64/python3.5/http/client.py", line 864, in connect   File "/build/mts/release/bora-19195723/bora/build/esx/release/vmvisor/sys-boot/lib64/python3.5/socket.py", line 712, in create_connection   File "/build/mts/release/bora-19195723/bora/build/esx/release/vmvisor/sys-boot/lib64/python3.5/socket.py", line 703, in create_connection ConnectionRefusedError: [Errno 111] Connection refused
2025-09-01T05:43:20.111Z error vsand[2106197] [opID=Thread-5 VsanTaskTrackerImpl::_ThreadMain] WaitForUpdates failed: [Errno 111] Connection refused Traceback (most recent call last):   File "/build/mts/release/bora-19184740/bora/build/vsan/release/vsanhealth/usr/lib/vmware/vsan/perfsvc/VsanTaskTrackerImpl.py", line 52, in _ThreadMain   File "/build/mts/release/bora-19195723/bora/build/esx/release/vmvisor/vim/lib64/python3.5/site-packages/pyVmomi/VmomiSupport.py", line 557, in <lambda>   File "/build/mts/release/bora-19195723/bora/build/esx/release/vmvisor/vim/lib64/python3.5/site-packages/pyVmomi/VmomiSupport.py", line 363, in _InvokeMethod   File "/build/mts/release/bora-19184740/bora/build/vsan/release/vsanhealth/usr/lib/vmware/vsan/perfsvc/VsanHealthUtil.py", line 688, in InvokeMethod   File "/build/mts/release/bora-19184740/bora/build/vsan/release/vsanhealth/usr/lib/vmware
/vsan/perfsvc/VsanHealthUtil.py", line 669, in InvokeMethod   File "/build/mts/release/bora-19195723/bora/build/esx/release/vmvisor/vim/lib64/python3.5/site-packages/pyVmomi/SoapAdapter.py", line 1385, in InvokeMethod   File "/build/mts/release/bora-19195723/bora/build/esx/release/vmvisor/sys-boot/lib64/python3.5/http/client.py", line 1161, in request   File "/build/mts/release/bora-19195723/bora/build/esx/release/vmvisor/sys-boot/lib64/python3.5/http/client.py", line 1206, in _send_request   File "/build/mts/release/bora-19195723/bora/build/esx/release/vmvisor/sys-boot/lib64/python3.5/http/client.py", line 1157, in endheaders   File "/build/mts/release/bora-19195723/bora/build/esx/release/vmvisor/sys-boot/lib64/python3.5/http/client.py", line 949, in _send_output   File "/build/mts/release/bora-19195723/bora/build/esx/release/vmvisor/sys-boot/lib64/python3.5/http/client.py", line 892, in send
File "/build/mts/release/bora-19195723/bora/build/esx/release/vmvisor/vim/lib64/python3.5/site-packages/pyVmomi/SoapAdapter.py", line 1032, in connect   File "/build/mts/release/bora-19195723/bora/build/esx/release/vmvisor/sys-boot/lib64/python3.5/http/client.py", line 1307, in connect   File "/build/mts/release/bora-19195723/bora/build/esx/release/vmvisor/sys-boot/lib64/python3.5/http/client.py", line 864, in connect   File "/build/mts/release/bora-19195723/bora/build/esx/release/vmvisor/sys-boot/lib64/python3.5/socket.py", line 712, in create_connection   File "/build/mts/release/bora-19195723/bora/build/esx/release/vmvisor/sys-boot/lib64/python3.5/socket.py", line 703, in create_connection ConnectionRefusedError: [Errno 111] Connection refused
2025-09-01T05:43:20.522Z error vsand[2106197] [opID=Thread-5 VsanTaskTrackerImpl::_ThreadMain] WaitForUpdates failed: [Errno 111] Connection refused Traceback (most recent call last):   File "/build/mts/release/bora-19184740/bora/build/vsan/release/vsanhealth/usr/lib/vmware/vsan/perfsvc/VsanTaskTrackerImpl.py", line 52, in _ThreadMain   File "/build/mts/release/bora-19195723/bora/build/esx/release/vmvisor/vim/lib64/python3.5/site-packages/pyVmomi/VmomiSupport.py", line 557, in <lambda>   File "/build/mts/release/bora-19195723/bora/build/esx/release/vmvisor/vim/lib64/python3.5/site-packages/pyVmomi/VmomiSupport.py", line 363, in _InvokeMethod   File "/build/mts/release/bora-19184740/bora/build/vsan/release/vsanhealth/usr/lib/vmware/vsan/perfsvc/VsanHealthUtil.py", line 688, in InvokeMethod   File "/build/mts/release/bora-19184740/bora/build/vsan/release/vsanhealth/usr/lib/vmware
/vsan/perfsvc/VsanHealthUtil.py", line 669, in InvokeMethod   File "/build/mts/release/bora-19195723/bora/build/esx/release/vmvisor/vim/lib64/python3.5/site-packages/pyVmomi/SoapAdapter.py", line 1385, in InvokeMethod   File "/build/mts/release/bora-19195723/bora/build/esx/release/vmvisor/sys-boot/lib64/python3.5/http/client.py", line 1161, in request   File "/build/mts/release/bora-19195723/bora/build/esx/release/vmvisor/sys-boot/lib64/python3.5/http/client.py", line 1206, in _send_request   File "/build/mts/release/bora-19195723/bora/build/esx/release/vmvisor/sys-boot/lib64/python3.5/http/client.py", line 1157, in endheaders   File "/build/mts/release/bora-19195723/bora/build/esx/release/vmvisor/sys-boot/lib64/python3.5/http/client.py", line 949, in _send_output   File "/build/mts/release/bora-19195723/bora/build/esx/release/vmvisor/sys-boot/lib64/python3.5/http/client.py", line 892, in send
File "/build/mts/release/bora-19195723/bora/build/esx/release/vmvisor/vim/lib64/python3.5/site-packages/pyVmomi/SoapAdapter.py", line 1032, in connect   File "/build/mts/release/bora-19195723/bora/build/esx/release/vmvisor/sys-boot/lib64/python3.5/http/client.py", line 1307, in connect   File "/build/mts/release/bora-19195723/bora/build/esx/release/vmvisor/sys-boot/lib64/python3.5/http/client.py", line 864, in connect   File "/build/mts/release/bora-19195723/bora/build/esx/release/vmvisor/sys-boot/lib64/python3.5/socket.py", line 712, in create_connection   File "/build/mts/release/bora-19195723/bora/build/esx/release/vmvisor/sys-boot/lib64/python3.5/socket.py", line 703, in create_connection ConnectionRefusedError: [Errno 111] Connection refused
2025-09-01T05:43:20.936Z error vsand[2106197] [opID=Thread-5 VsanTaskTrackerImpl::_ThreadMain] WaitForUpdates failed: [Errno 111] Connection refused Traceback (most recent call last):   File "/build/mts/release/bora-19184740/bora/build/vsan/release/vsanhealth/usr/lib/vmware/vsan/perfsvc/VsanTaskTrackerImpl.py", line 52, in _ThreadMain   File "/build/mts/release/bora-19195723/bora/build/esx/release/vmvisor/vim/lib64/python3.5/site-packages/pyVmomi/VmomiSupport.py", line 557, in <lambda>   File "/build/mts/release/bora-19195723/bora/build/esx/release/vmvisor/vim/lib64/python3.5/site-packages/pyVmomi/VmomiSupport.py", line 363, in _InvokeMethod   File "/build/mts/release/bora-19184740/bora/build/vsan/release/vsanhealth/usr/lib/vmware/vsan/perfsvc/VsanHealthUtil.py", line 688, in InvokeMethod   File "/build/mts/release/bora-19184740/bora/build/vsan/release/vsanhealth/usr/lib/vmware
/vsan/perfsvc/VsanHealthUtil.py", line 669, in InvokeMethod   File "/build/mts/release/bora-19195723/bora/build/esx/release/vmvisor/vim/lib64/python3.5/site-packages/pyVmomi/SoapAdapter.py", line 1385, in InvokeMethod   File "/build/mts/release/bora-19195723/bora/build/esx/release/vmvisor/sys-boot/lib64/python3.5/http/client.py", line 1161, in request   File "/build/mts/release/bora-19195723/bora/build/esx/release/vmvisor/sys-boot/lib64/python3.5/http/client.py", line 1206, in _send_request   File "/build/mts/release/bora-19195723/bora/build/esx/release/vmvisor/sys-boot/lib64/python3.5/http/client.py", line 1157, in endheaders   File "/build/mts/release/bora-19195723/bora/build/esx/release/vmvisor/sys-boot/lib64/python3.5/http/client.py", line 949, in _send_output   File "/build/mts/release/bora-19195723/bora/build/esx/release/vmvisor/sys-boot/lib64/python3.5/http/client.py", line 892, in send
File "/build/mts/release/bora-19195723/bora/build/esx/release/vmvisor/vim/lib64/python3.5/site-packages/pyVmomi/SoapAdapter.py", line 1032, in connect   File "/build/mts/release/bora-19195723/bora/build/esx/release/vmvisor/sys-boot/lib64/python3.5/http/client.py", line 1307, in connect   File "/build/mts/release/bora-19195723/bora/build/esx/release/vmvisor/sys-boot/lib64/python3.5/http/client.py", line 864, in connect   File "/build/mts/release/bora-19195723/bora/build/esx/release/vmvisor/sys-boot/lib64/python3.5/socket.py", line 712, in create_connection   File "/build/mts/release/bora-19195723/bora/build/esx/release/vmvisor/sys-boot/lib64/python3.5/socket.py", line 703, in create_connection ConnectionRefusedError: [Errno 111] Connection refused
2025-09-01T05:43:21.348Z error vsand[2106197] [opID=Thread-5 VsanTaskTrackerImpl::_ThreadMain] WaitForUpdates failed: [Errno 111] Connection refused Traceback (most recent call last):   File "/build/mts/release/bora-19184740/bora/build/vsan/release/vsanhealth/usr/lib/vmware/vsan/perfsvc/VsanTaskTrackerImpl.py", line 52, in _ThreadMain   File "/build/mts/release/bora-19195723/bora/build/esx/release/vmvisor/vim/lib64/python3.5/site-packages/pyVmomi/VmomiSupport.py", line 557, in <lambda>   File "/build/mts/release/bora-19195723/bora/build/esx/release/vmvisor/vim/lib64/python3.5/site-packages/pyVmomi/VmomiSupport.py", line 363, in _InvokeMethod   File "/build/mts/release/bora-19184740/bora/build/vsan/release/vsanhealth/usr/lib/vmware/vsan/perfsvc/VsanHealthUtil.py", line 688, in InvokeMethod   File "/build/mts/release/bora-19184740/bora/build/vsan/release/vsanhealth/usr/lib/vmware
/vsan/perfsvc/VsanHealthUtil.py", line 669, in InvokeMethod   File "/build/mts/release/bora-19195723/bora/build/esx/release/vmvisor/vim/lib64/python3.5/site-packages/pyVmomi/SoapAdapter.py", line 1385, in InvokeMethod   File "/build/mts/release/bora-19195723/bora/build/esx/release/vmvisor/sys-boot/lib64/python3.5/http/client.py", line 1161, in request   File "/build/mts/release/bora-19195723/bora/build/esx/release/vmvisor/sys-boot/lib64/python3.5/http/client.py", line 1206, in _send_request   File "/build/mts/release/bora-19195723/bora/build/esx/release/vmvisor/sys-boot/lib64/python3.5/http/client.py", line 1157, in endheaders   File "/build/mts/release/bora-19195723/bora/build/esx/release/vmvisor/sys-boot/lib64/python3.5/http/client.py", line 949, in _send_output   File "/build/mts/release/bora-19195723/bora/build/esx/release/vmvisor/sys-boot/lib64/python3.5/http/client.py", line 892, in send
File "/build/mts/release/bora-19195723/bora/build/esx/release/vmvisor/vim/lib64/python3.5/site-packages/pyVmomi/SoapAdapter.py", line 1032, in connect   File "/build/mts/release/bora-19195723/bora/build/esx/release/vmvisor/sys-boot/lib64/python3.5/http/client.py", line 1307, in connect   File "/build/mts/release/bora-19195723/bora/build/esx/release/vmvisor/sys-boot/lib64/python3.5/http/client.py", line 864, in connect   File "/build/mts/release/bora-19195723/bora/build/esx/release/vmvisor/sys-boot/lib64/python3.5/socket.py", line 712, in create_connection   File "/build/mts/release/bora-19195723/bora/build/esx/release/vmvisor/sys-boot/lib64/python3.5/socket.py", line 703, in create_connection ConnectionRefusedError: [Errno 111] Connection refused
2025-09-01T05:43:21.761Z error vsand[2106197] [opID=Thread-5 VsanTaskTrackerImpl::_ThreadMain] WaitForUpdates failed: [Errno 111] Connection refused Traceback (most recent call last):   File "/build/mts/release/bora-19184740/bora/build/vsan/release/vsanhealth/usr/lib/vmware/vsan/perfsvc/VsanTaskTrackerImpl.py", line 52, in _ThreadMain   File "/build/mts/release/bora-19195723/bora/build/esx/release/vmvisor/vim/lib64/python3.5/site-packages/pyVmomi/VmomiSupport.py", line 557, in <lambda>   File "/build/mts/release/bora-19195723/bora/build/esx/release/vmvisor/vim/lib64/python3.5/site-packages/pyVmomi/VmomiSupport.py", line 363, in _InvokeMethod   File "/build/mts/release/bora-19184740/bora/build/vsan/release/vsanhealth/usr/lib/vmware/vsan/perfsvc/VsanHealthUtil.py", line 688, in InvokeMethod   File "/build/mts/release/bora-19184740/bora/build/vsan/release/vsanhealth/usr/lib/vmware
/vsan/perfsvc/VsanHealthUtil.py", line 669, in InvokeMethod   File "/build/mts/release/bora-19195723/bora/build/esx/release/vmvisor/vim/lib64/python3.5/site-packages/pyVmomi/SoapAdapter.py", line 1385, in InvokeMethod   File "/build/mts/release/bora-19195723/bora/build/esx/release/vmvisor/sys-boot/lib64/python3.5/http/client.py", line 1161, in request   File "/build/mts/release/bora-19195723/bora/build/esx/release/vmvisor/sys-boot/lib64/python3.5/http/client.py", line 1206, in _send_request   File "/build/mts/release/bora-19195723/bora/build/esx/release/vmvisor/sys-boot/lib64/python3.5/http/client.py", line 1157, in endheaders   File "/build/mts/release/bora-19195723/bora/build/esx/release/vmvisor/sys-boot/lib64/python3.5/http/client.py", line 949, in _send_output   File "/build/mts/release/bora-19195723/bora/build/esx/release/vmvisor/sys-boot/lib64/python3.5/http/client.py", line 892, in send
File "/build/mts/release/bora-19195723/bora/build/esx/release/vmvisor/vim/lib64/python3.5/site-packages/pyVmomi/SoapAdapter.py", line 1032, in connect   File "/build/mts/release/bora-19195723/bora/build/esx/release/vmvisor/sys-boot/lib64/python3.5/http/client.py", line 1307, in connect   File "/build/mts/release/bora-19195723/bora/build/esx/release/vmvisor/sys-boot/lib64/python3.5/http/client.py", line 864, in connect   File "/build/mts/release/bora-19195723/bora/build/esx/release/vmvisor/sys-boot/lib64/python3.5/socket.py", line 712, in create_connection   File "/build/mts/release/bora-19195723/bora/build/esx/release/vmvisor/sys-boot/lib64/python3.5/socket.py", line 703, in create_connection ConnectionRefusedError: [Errno 111] Connection refused
2025-09-01T05:43:22.172Z error vsand[2106197] [opID=Thread-5 VsanTaskTrackerImpl::_ThreadMain] WaitForUpdates failed: [Errno 111] Connection refused Traceback (most recent call last):   File "/build/mts/release/bora-19184740/bora/build/vsan/release/vsanhealth/usr/lib/vmware/vsan/perfsvc/VsanTaskTrackerImpl.py", line 52, in _ThreadMain   File "/build/mts/release/bora-19195723/bora/build/esx/release/vmvisor/vim/lib64/python3.5/site-packages/pyVmomi/VmomiSupport.py", line 557, in <lambda>   File "/build/mts/release/bora-19195723/bora/build/esx/release/vmvisor/vim/lib64/python3.5/site-packages/pyVmomi/VmomiSupport.py", line 363, in _InvokeMethod   File "/build/mts/release/bora-19184740/bora/build/vsan/release/vsanhealth/usr/lib/vmware/vsan/perfsvc/VsanHealthUtil.py", line 688, in InvokeMethod   File "/build/mts/release/bora-19184740/bora/build/vsan/release/vsanhealth/usr/lib/vmware
/vsan/perfsvc/VsanHealthUtil.py", line 669, in InvokeMethod   File "/build/mts/release/bora-19195723/bora/build/esx/release/vmvisor/vim/lib64/python3.5/site-packages/pyVmomi/SoapAdapter.py", line 1385, in InvokeMethod   File "/build/mts/release/bora-19195723/bora/build/esx/release/vmvisor/sys-boot/lib64/python3.5/http/client.py", line 1161, in request   File "/build/mts/release/bora-19195723/bora/build/esx/release/vmvisor/sys-boot/lib64/python3.5/http/client.py", line 1206, in _send_request   File "/build/mts/release/bora-19195723/bora/build/esx/release/vmvisor/sys-boot/lib64/python3.5/http/client.py", line 1157, in endheaders   File "/build/mts/release/bora-19195723/bora/build/esx/release/vmvisor/sys-boot/lib64/python3.5/http/client.py", line 949, in _send_output   File "/build/mts/release/bora-19195723/bora/build/esx/release/vmvisor/sys-boot/lib64/python3.5/http/client.py", line 892, in send
File "/build/mts/release/bora-19195723/bora/build/esx/release/vmvisor/vim/lib64/python3.5/site-packages/pyVmomi/SoapAdapter.py", line 1032, in connect   File "/build/mts/release/bora-19195723/bora/build/esx/release/vmvisor/sys-boot/lib64/python3.5/http/client.py", line 1307, in connect   File "/build/mts/release/bora-19195723/bora/build/esx/release/vmvisor/sys-boot/lib64/python3.5/http/client.py", line 864, in connect   File "/build/mts/release/bora-19195723/bora/build/esx/release/vmvisor/sys-boot/lib64/python3.5/socket.py", line 712, in create_connection   File "/build/mts/release/bora-19195723/bora/build/esx/release/vmvisor/sys-boot/lib64/python3.5/socket.py", line 703, in create_connection ConnectionRefusedError: [Errno 111] Connection refused
2025-09-01T05:43:22.585Z error vsand[2106197] [opID=Thread-5 VsanTaskTrackerImpl::_ThreadMain] WaitForUpdates failed: [Errno 111] Connection refused Traceback (most recent call last):   File "/build/mts/release/bora-19184740/bora/build/vsan/release/vsanhealth/usr/lib/vmware/vsan/perfsvc/VsanTaskTrackerImpl.py", line 52, in _ThreadMain   File "/build/mts/release/bora-19195723/bora/build/esx/release/vmvisor/vim/lib64/python3.5/site-packages/pyVmomi/VmomiSupport.py", line 557, in <lambda>   File "/build/mts/release/bora-19195723/bora/build/esx/release/vmvisor/vim/lib64/python3.5/site-packages/pyVmomi/VmomiSupport.py", line 363, in _InvokeMethod   File "/build/mts/release/bora-19184740/bora/build/vsan/release/vsanhealth/usr/lib/vmware/vsan/perfsvc/VsanHealthUtil.py", line 688, in InvokeMethod   File "/build/mts/release/bora-19184740/bora/build/vsan/release/vsanhealth/usr/lib/vmware
/vsan/perfsvc/VsanHealthUtil.py", line 669, in InvokeMethod   File "/build/mts/release/bora-19195723/bora/build/esx/release/vmvisor/vim/lib64/python3.5/site-packages/pyVmomi/SoapAdapter.py", line 1385, in InvokeMethod   File "/build/mts/release/bora-19195723/bora/build/esx/release/vmvisor/sys-boot/lib64/python3.5/http/client.py", line 1161, in request   File "/build/mts/release/bora-19195723/bora/build/esx/release/vmvisor/sys-boot/lib64/python3.5/http/client.py", line 1206, in _send_request   File "/build/mts/release/bora-19195723/bora/build/esx/release/vmvisor/sys-boot/lib64/python3.5/http/client.py", line 1157, in endheaders   File "/build/mts/release/bora-19195723/bora/build/esx/release/vmvisor/sys-boot/lib64/python3.5/http/client.py", line 949, in _send_output   File "/build/mts/release/bora-19195723/bora/build/esx/release/vmvisor/sys-boot/lib64/python3.5/http/client.py", line 892, in send
File "/build/mts/release/bora-19195723/bora/build/esx/release/vmvisor/vim/lib64/python3.5/site-packages/pyVmomi/SoapAdapter.py", line 1032, in connect   File "/build/mts/release/bora-19195723/bora/build/esx/release/vmvisor/sys-boot/lib64/python3.5/http/client.py", line 1307, in connect   File "/build/mts/release/bora-19195723/bora/build/esx/release/vmvisor/sys-boot/lib64/python3.5/http/client.py", line 864, in connect   File "/build/mts/release/bora-19195723/bora/build/esx/release/vmvisor/sys-boot/lib64/python3.5/socket.py", line 712, in create_connection   File "/build/mts/release/bora-19195723/bora/build/esx/release/vmvisor/sys-boot/lib64/python3.5/socket.py", line 703, in create_connection ConnectionRefusedError: [Errno 111] Connection refused
2025-09-01T05:43:22.957Z error vsand[2106153] [opID=MainThread cliutils::GetVSANClusterInfo] Failed to query cluster info: Operation not allowed because the VMKernel is shutting down
2025-09-01T05:43:22.998Z error vsand[2106197] [opID=Thread-5 VsanTaskTrackerImpl::_ThreadMain] WaitForUpdates failed: [Errno 111] Connection refused Traceback (most recent call last):   File "/build/mts/release/bora-19184740/bora/build/vsan/release/vsanhealth/usr/lib/vmware/vsan/perfsvc/VsanTaskTrackerImpl.py", line 52, in _ThreadMain   File "/build/mts/release/bora-19195723/bora/build/esx/release/vmvisor/vim/lib64/python3.5/site-packages/pyVmomi/VmomiSupport.py", line 557, in <lambda>   File "/build/mts/release/bora-19195723/bora/build/esx/release/vmvisor/vim/lib64/python3.5/site-packages/pyVmomi/VmomiSupport.py", line 363, in _InvokeMethod   File "/build/mts/release/bora-19184740/bora/build/vsan/release/vsanhealth/usr/lib/vmware/vsan/perfsvc/VsanHealthUtil.py", line 688, in InvokeMethod   File "/build/mts/release/bora-19184740/bora/build/vsan/release/vsanhealth/usr/lib/vmware
/vsan/perfsvc/VsanHealthUtil.py", line 669, in InvokeMethod   File "/build/mts/release/bora-19195723/bora/build/esx/release/vmvisor/vim/lib64/python3.5/site-packages/pyVmomi/SoapAdapter.py", line 1385, in InvokeMethod   File "/build/mts/release/bora-19195723/bora/build/esx/release/vmvisor/sys-boot/lib64/python3.5/http/client.py", line 1161, in request   File "/build/mts/release/bora-19195723/bora/build/esx/release/vmvisor/sys-boot/lib64/python3.5/http/client.py", line 1206, in _send_request   File "/build/mts/release/bora-19195723/bora/build/esx/release/vmvisor/sys-boot/lib64/python3.5/http/client.py", line 1157, in endheaders   File "/build/mts/release/bora-19195723/bora/build/esx/release/vmvisor/sys-boot/lib64/python3.5/http/client.py", line 949, in _send_output   File "/build/mts/release/bora-19195723/bora/build/esx/release/vmvisor/sys-boot/lib64/python3.5/http/client.py", line 892, in send
File "/build/mts/release/bora-19195723/bora/build/esx/release/vmvisor/vim/lib64/python3.5/site-packages/pyVmomi/SoapAdapter.py", line 1032, in connect   File "/build/mts/release/bora-19195723/bora/build/esx/release/vmvisor/sys-boot/lib64/python3.5/http/client.py", line 1307, in connect   File "/build/mts/release/bora-19195723/bora/build/esx/release/vmvisor/sys-boot/lib64/python3.5/http/client.py", line 864, in connect   File "/build/mts/release/bora-19195723/bora/build/esx/release/vmvisor/sys-boot/lib64/python3.5/socket.py", line 712, in create_connection   File "/build/mts/release/bora-19195723/bora/build/esx/release/vmvisor/sys-boot/lib64/python3.5/socket.py", line 703, in create_connection ConnectionRefusedError: [Errno 111] Connection refused
2025-09-02T11:46:48.316Z info vsand[2101511] [opID=MainThread VsanVmomiPatcher::PatchPyVmomi] Python 3.5.10 (default, Jul  1 2021, 03:54:37)  [GCC 4.6.3] on linux, optimize: 0
2025-09-02T11:46:48.476Z info vsand[2101511] [opID=MainThread VsanVmomiPatcher::PatchPyVmomi] Loaded bindings 'pyVmomi.PbmObjects'
2025-09-02T11:46:48.477Z info vsand[2101511] [opID=MainThread VsanVmomiPatcher::PatchPyVmomi] Loaded bindings 'pyVmomi.ServerObjects'
2025-09-02T11:46:48.477Z info vsand[2101511] [opID=MainThread VsanVmomiPatcher::PatchPyVmomi] Loaded bindings 'pyVmomi.QueryTypes'
2025-09-02T11:46:48.477Z info vsand[2101511] [opID=MainThread VsanVmomiPatcher::PatchPyVmomi] Loaded bindings 'pyVmomi.CoreTypes'
2025-09-02T11:46:48.477Z info vsand[2101511] [opID=MainThread VsanVmomiPatcher::PatchPyVmomi] Loaded bindings 'pyVmomi.ReflectTypes'
2025-09-02T11:46:48.477Z info vsand[2101511] [opID=MainThread VsanVmomiPatcher::PatchPyVmomi] Loaded bindings 'pyVmomi.VsanDpTypes'
2025-09-02T11:46:48.477Z info vsand[2101511] [opID=MainThread VsanVmomiPatcher::PatchPyVmomi] Supported top level names: {'vmodl', 'ManagedObject', 'vim', 'DataObject', 'pbm'}
2025-09-02T11:46:48.608Z info vsand[2101511] [opID=MainThread VsanVmomiPatcher::PatchPyVmomi] Patched VmomiSupport.LazyType
2025-09-02T11:46:48.609Z info vsand[2101511] [opID=MainThread VsanVmomiPatcher::PatchPyVmomi] Patched vmodl.LocalizedMethodFault
2025-09-02T11:46:48.609Z info vsand[2101511] [opID=MainThread VsanVmomiPatcher::PatchPyVmomi] Patched vmodl.MethodFault
2025-09-02T11:46:48.609Z info vsand[2101511] [opID=MainThread VsanVmomiPatcher::PatchPyVmomi] Patched vmodl.RuntimeFault
2025-09-02T11:46:48.609Z info vsand[2101511] [opID=MainThread VsanVmomiPatcher::PatchPyVmomi] Patched vmodl.DynamicData
2025-09-02T11:46:48.610Z info vsand[2101511] [opID=MainThread VsanVmomiPatcher::PatchPyVmomi] Patched VmomiSupport.DataObject
2025-09-02T11:46:48.610Z info vsand[2101511] [opID=MainThread VsanVmomiPatcher::PatchPyVmomi] pyvmomi is patched!
2025-09-02T11:46:48.614Z info vsand[2101511] [opID=MainThread VsanMgmtUtil::__init__] Initialized ObjectCache: 'ProfilerStatsCache', maxSize=10000, ttl=None
2025-09-02T11:46:49.038Z info vsand[2101511] [opID=MainThread statsdaemon::LoadAndRegisterManagedObjects] Loading VcsaDeployerSystem__ext_init__
2025-09-02T11:46:49.039Z info vsand[2101511] [opID=MainThread VcsaDeployerSystem__ext_init__::<module>] loading vcsaDeployer
2025-09-02T11:46:49.076Z info vsand[2101511] [opID=MainThread statsdaemon::LoadAndRegisterManagedObjects] Loading VsanCapabilitySystem__ext_init__
2025-09-02T11:46:49.080Z info vsand[2101511] [opID=MainThread statsdaemon::LoadAndRegisterManagedObjects] Loading VsanDebugSystem__ext_init__
2025-09-02T11:46:49.082Z info vsand[2101511] [opID=MainThread statsdaemon::LoadAndRegisterManagedObjects] Loading VsanDiskManagementSystem__ext_init__
2025-09-02T11:46:49.101Z info vsand[2101511] [opID=MainThread statsdaemon::LoadAndRegisterManagedObjects] Loading VsanHealth__ext_init__
2025-09-02T11:46:49.102Z info vsand[2101511] [opID=MainThread VsanPyVmomiProfiler::log] Profiler:
2025-09-02T11:46:49.102Z info vsand[2101511] [opID=MainThread VsanPyVmomiProfiler::logProfile]   Import VsanHealth sub modules: VsanHealthSystem: 0.00s, consumed: 25020KB (+0KB), consumedPeak: 25020KB (+0KB), effectiveMin: 102400KB (+0KB), effectiveMinPeak: 102400KB (+0KB), requestedMinPeak: 102400KB (+0KB)
2025-09-02T11:46:49.158Z info vsand[2101511] [opID=MainThread VsanHealthDaemon::run] Start VSAN Health Daemon Thread...
2025-09-02T11:46:49.160Z info vsand[2101511] [opID=MainThread VsanPyVmomiProfiler::log] Profiler:
2025-09-02T11:46:49.160Z info vsand[2101511] [opID=MainThread VsanPyVmomiProfiler::logProfile]   Import VsanHealth sub modules: VsanHealthSystemImpl: 0.06s, consumed: 25020KB (+0KB), consumedPeak: 25020KB (+0KB), effectiveMin: 102400KB (+0KB), effectiveMinPeak: 102400KB (+0KB), requestedMinPeak: 102400KB (+0KB)
2025-09-02T11:46:49.161Z info vsand[2101511] [opID=MainThread VsanPyVmomiProfiler::log] Profiler:
2025-09-02T11:46:49.161Z info vsand[2101511] [opID=MainThread VsanPyVmomiProfiler::logProfile]   Import VsanHealth sub modules: VsanClusterHealthSystem: 0.00s, consumed: 25020KB (+0KB), consumedPeak: 25020KB (+0KB), effectiveMin: 102400KB (+0KB), effectiveMinPeak: 102400KB (+0KB), requestedMinPeak: 102400KB (+0KB)
2025-09-02T11:46:49.161Z info vsand[2101511] [opID=MainThread VsanPyVmomiProfiler::log] Profiler:
2025-09-02T11:46:49.161Z info vsand[2101511] [opID=MainThread VsanPyVmomiProfiler::logProfile]   Import VsanHealth sub modules: VsanClusterHealthSystemImpl: 0.00s, consumed: 25020KB (+0KB), consumedPeak: 25020KB (+0KB), effectiveMin: 102400KB (+0KB), effectiveMinPeak: 102400KB (+0KB), requestedMinPeak: 102400KB (+0KB)
2025-09-02T11:46:49.163Z info vsand[2101511] [opID=MainThread VsanPyVmomiProfiler::log] Profiler:
2025-09-02T11:46:49.163Z info vsand[2101511] [opID=MainThread VsanPyVmomiProfiler::logProfile]   Import VsanHealth sub modules: VsanDataProtectionHostRecoverySystemImpl: 0.00s, consumed: 25020KB (+0KB), consumedPeak: 25020KB (+0KB), effectiveMin: 102400KB (+0KB), effectiveMinPeak: 102400KB (+0KB), requestedMinPeak: 102400KB (+0KB)
2025-09-02T11:46:49.190Z info vsand[2101511] [opID=MainThread VsanPyVmomiProfiler::log] Profiler:
2025-09-02T11:46:49.190Z info vsand[2101511] [opID=MainThread VsanPyVmomiProfiler::logProfile]   Import VsanHealth sub modules: VsanVcClusterHealthSystem: 0.03s, consumed: 25020KB (+0KB), consumedPeak: 25020KB (+0KB), effectiveMin: 102400KB (+0KB), effectiveMinPeak: 102400KB (+0KB), requestedMinPeak: 102400KB (+0KB)
2025-09-02T11:46:49.202Z info vsand[2101511] [opID=MainThread VsanPyVmomiProfiler::log] Profiler:
2025-09-02T11:46:49.203Z info vsand[2101511] [opID=MainThread VsanPyVmomiProfiler::logProfile]   Import VsanHealth sub modules: VsanVcClusterHealthSystemImpl: 0.01s, consumed: 25020KB (+0KB), consumedPeak: 25020KB (+0KB), effectiveMin: 102400KB (+0KB), effectiveMinPeak: 102400KB (+0KB), requestedMinPeak: 102400KB (+0KB)
2025-09-02T11:46:49.203Z info vsand[2101511] [opID=MainThread VsanPyVmomiProfiler::log] Profiler:
2025-09-02T11:46:49.203Z info vsand[2101511] [opID=MainThread VsanPyVmomiProfiler::logProfile]   Import VsanHealth sub modules: VsanSpaceReportSystem: 0.00s, consumed: 25020KB (+0KB), consumedPeak: 25020KB (+0KB), effectiveMin: 102400KB (+0KB), effectiveMinPeak: 102400KB (+0KB), requestedMinPeak: 102400KB (+0KB)
2025-09-02T11:46:49.205Z info vsand[2101511] [opID=MainThread VsanPyVmomiProfiler::log] Profiler:
2025-09-02T11:46:49.205Z info vsand[2101511] [opID=MainThread VsanPyVmomiProfiler::logProfile]   Import VsanHealth sub modules: VsanDataProtectionSpaceSystem: 0.00s, consumed: 25020KB (+0KB), consumedPeak: 25020KB (+0KB), effectiveMin: 102400KB (+0KB), effectiveMinPeak: 102400KB (+0KB), requestedMinPeak: 102400KB (+0KB)
2025-09-02T11:46:49.313Z info vsand[2101511] [opID=MainThread VsanPyVmomiProfiler::log] Profiler:
2025-09-02T11:46:49.313Z info vsand[2101511] [opID=MainThread VsanPyVmomiProfiler::logProfile]   Import VsanHealth sub modules: VsanDataProtectionSpaceSystemImpl: 0.11s, consumed: 25020KB (+0KB), consumedPeak: 25020KB (+0KB), effectiveMin: 102400KB (+0KB), effectiveMinPeak: 102400KB (+0KB), requestedMinPeak: 102400KB (+0KB)
2025-09-02T11:46:49.318Z info vsand[2101511] [opID=MainThread VsanPyVmomiProfiler::log] Profiler:
2025-09-02T11:46:49.319Z info vsand[2101511] [opID=MainThread VsanPyVmomiProfiler::logProfile]   Import VsanHealth sub modules: VsanVdsSystem: 0.01s, consumed: 25020KB (+0KB), consumedPeak: 25020KB (+0KB), effectiveMin: 102400KB (+0KB), effectiveMinPeak: 102400KB (+0KB), requestedMinPeak: 102400KB (+0KB)
2025-09-02T11:46:49.320Z info vsand[2101511] [opID=MainThread VsanPyVmomiProfiler::log] Profiler:
2025-09-02T11:46:49.320Z info vsand[2101511] [opID=MainThread VsanPyVmomiProfiler::logProfile]   Import VsanHealth sub modules: VsanVdsSystemImpl: 0.00s, consumed: 25020KB (+0KB), consumedPeak: 25020KB (+0KB), effectiveMin: 102400KB (+0KB), effectiveMinPeak: 102400KB (+0KB), requestedMinPeak: 102400KB (+0KB)
2025-09-02T11:46:49.325Z info vsand[2101511] [opID=MainThread VsanPyVmomiProfiler::log] Profiler:
2025-09-02T11:46:49.325Z info vsand[2101511] [opID=MainThread VsanPyVmomiProfiler::logProfile]   Import VsanHealth sub modules: VsanHostSystemProxyImpl: 0.00s, consumed: 25020KB (+0KB), consumedPeak: 25020KB (+0KB), effectiveMin: 102400KB (+0KB), effectiveMinPeak: 102400KB (+0KB), requestedMinPeak: 102400KB (+0KB)
2025-09-02T11:46:49.328Z info vsand[2101511] [opID=MainThread VsanPyVmomiProfiler::log] Profiler:
2025-09-02T11:46:49.328Z info vsand[2101511] [opID=MainThread VsanPyVmomiProfiler::logProfile]   Import VsanHealth sub modules: VsanVcPerformanceManagerImpl: 0.00s, consumed: 25020KB (+0KB), consumedPeak: 25020KB (+0KB), effectiveMin: 102400KB (+0KB), effectiveMinPeak: 102400KB (+0KB), requestedMinPeak: 102400KB (+0KB)
2025-09-02T11:46:49.328Z info vsand[2101511] [opID=MainThread VsanPyVmomiProfiler::log] Profiler:
2025-09-02T11:46:49.328Z info vsand[2101511] [opID=MainThread VsanPyVmomiProfiler::logProfile]   Import VsanHealth sub modules: VsanCommonTypes: 0.00s, consumed: 25020KB (+0KB), consumedPeak: 25020KB (+0KB), effectiveMin: 102400KB (+0KB), effectiveMinPeak: 102400KB (+0KB), requestedMinPeak: 102400KB (+0KB)
2025-09-02T11:46:49.336Z info vsand[2101511] [opID=MainThread VsanPyVmomiProfiler::log] Profiler:
2025-09-02T11:46:49.336Z info vsand[2101511] [opID=MainThread VsanPyVmomiProfiler::logProfile]   Import VsanHealth sub modules: VsanVcDiskFormatConverter: 0.01s, consumed: 25020KB (+0KB), consumedPeak: 25020KB (+0KB), effectiveMin: 102400KB (+0KB), effectiveMinPeak: 102400KB (+0KB), requestedMinPeak: 102400KB (+0KB)
2025-09-02T11:46:49.349Z info vsand[2101511] [opID=MainThread VsanPyVmomiProfiler::log] Profiler:
2025-09-02T11:46:49.349Z info vsand[2101511] [opID=MainThread VsanPyVmomiProfiler::logProfile]   Import VsanHealth sub modules: VsanVcDiskFormatConverterImpl: 0.01s, consumed: 25020KB (+0KB), consumedPeak: 25020KB (+0KB), effectiveMin: 102400KB (+0KB), effectiveMinPeak: 102400KB (+0KB), requestedMinPeak: 102400KB (+0KB)
2025-09-02T11:46:49.356Z info vsand[2101511] [opID=MainThread VsanPyVmomiProfiler::log] Profiler:
2025-09-02T11:46:49.356Z info vsand[2101511] [opID=MainThread VsanPyVmomiProfiler::logProfile]   Import VsanHealth sub modules: VsanMassCollector: 0.01s, consumed: 25020KB (+0KB), consumedPeak: 25020KB (+0KB), effectiveMin: 102400KB (+0KB), effectiveMinPeak: 102400KB (+0KB), requestedMinPeak: 102400KB (+0KB)
2025-09-02T11:46:49.358Z info vsand[2101511] [opID=MainThread VsanMgmtUtil::__init__] Initialized ObjectCache: 'ph_obfuscationLookupTable', maxSize=10000, ttl=None
2025-09-02T11:46:49.358Z info vsand[2101511] [opID=MainThread VsanMgmtUtil::__init__] Initialized ObjectCache: 'ph_database', maxSize=10000, ttl=None
2025-09-02T11:46:49.359Z info vsand[2101511] [opID=MainThread VsanMgmtUtil::__init__] Initialized ObjectCache: 'ph_exception_database', maxSize=10000, ttl=None
2025-09-02T11:46:49.364Z error vsand[2101511] [opID=MainThread VsanConfigUtil::isFeatureEnabledOnHost] Failed to get value for /config/VSAN/intOpts/CloudHealth Traceback (most recent call last):   File "/build/mts/release/bora-19184740/bora/build/vsan/release/vsanhealth/usr/lib/vmware/vsan/perfsvc/VsanConfigUtil.py", line 549, in isFeatureEnabledOnHost Exception: Not found
2025-09-02T11:46:49.366Z info vsand[2101511] [opID=MainThread VsanPyVmomiProfiler::log] Profiler:
2025-09-02T11:46:49.366Z info vsand[2101511] [opID=MainThread VsanPyVmomiProfiler::logProfile]   Import VsanHealth sub modules: VsanMassCollectorImpl: 0.01s, consumed: 25020KB (+0KB), consumedPeak: 25020KB (+0KB), effectiveMin: 102400KB (+0KB), effectiveMinPeak: 102400KB (+0KB), requestedMinPeak: 102400KB (+0KB)
2025-09-02T11:46:49.367Z info vsand[2101511] [opID=MainThread VsanPyVmomiProfiler::log] Profiler:
2025-09-02T11:46:49.367Z info vsand[2101511] [opID=MainThread VsanPyVmomiProfiler::logProfile]   Import VsanHealth sub modules: ServiceInstanceImpl: 0.00s, consumed: 25020KB (+0KB), consumedPeak: 25020KB (+0KB), effectiveMin: 102400KB (+0KB), effectiveMinPeak: 102400KB (+0KB), requestedMinPeak: 102400KB (+0KB)
2025-09-02T11:46:49.368Z info vsand[2101511] [opID=MainThread statsdaemon::LoadAndRegisterManagedObjects] Loading VsanIscsiTargetSystem__ext_init__
2025-09-02T11:46:49.391Z info vsand[2101511] [opID=MainThread statsdaemon::LoadAndRegisterManagedObjects] Loading VsanObjectSystem__ext_init__
2025-09-02T11:46:49.395Z info vsand[2101511] [opID=MainThread statsdaemon::LoadAndRegisterManagedObjects] Loading VsanPhoneHomeHostSystem__ext_init__
2025-09-02T11:46:49.400Z info vsand[2101511] [opID=MainThread statsdaemon::LoadAndRegisterManagedObjects] Loading VsanPrecheckerSystem__ext_init__
2025-09-02T11:46:49.405Z info vsand[2101511] [opID=MainThread statsdaemon::LoadAndRegisterManagedObjects] Loading VsanResourceCheckSystem__ext_init__
2025-09-02T11:46:49.411Z info vsand[2101511] [opID=MainThread statsdaemon::LoadAndRegisterManagedObjects] Loading VsanStretchedCluster__ext_init__
2025-09-02T11:46:49.417Z info vsand[2101511] [opID=MainThread statsdaemon::LoadAndRegisterManagedObjects] Loading VsanSystem__ext_init__
2025-09-02T11:46:49.420Z info vsand[2101557] [opID=Thread-5 VsanTaskTrackerImpl::_Reinit] Start connecting to hostd
2025-09-02T11:46:49.423Z info vsand[2101511] [opID=MainThread statsdaemon::LoadAndRegisterManagedObjects] Loading VsanVcDiskManagementSystem__ext_init__
2025-09-02T11:46:49.427Z info vsand[2101511] [opID=MainThread statsdaemon::LoadAndRegisterManagedObjects] Loading VsanVcIscsiTargetSystem__ext_init__
2025-09-02T11:46:49.432Z info vsand[2101511] [opID=MainThread statsdaemon::LoadAndRegisterManagedObjects] Loaded vSAN managed objects: 22 ({('ServiceInstance', None): 'ServiceInstanceImpl:ServiceInstance', ('vsan-iscsi-target-system', None): 'VsanIscsiTargetSystemImpl:vsan-iscsi-target-system', ('vsan-object-system', None): 'VsanObjectSystemImpl:vsan-object-system', ('vsan-capability-system', None): 'VsanCapabilitySystemImpl:vsan-capability-system', ('vsanDebugSystem', None): 'VsanDebugSystemImpl:vsanDebugSystem', ('vsanSystemEx', None): 'VsanSystemExImpl:vsanSystemEx', ('vsan-performance-manager', None): 'VsanPerformanceManagerImpl:vsan-performance-manager', ('ha-vsan-async-system', None): 'VsanAsyncSystemImpl:ha-vsan-async-system', ('ha-cli-info-python', None): 'CLIInfoImpl:ha-cli-info-python', ('ha-vsan-dp-space-system', None): 'VsanDataProtectionSpaceSystemImpl:ha-vsan-dp-s
pace-system', ('ha-vsan-disk-management-system', None): 'VsanDiskManagementSystemImpl:ha-vsan-disk-management-system', ('ha-dynamic-type-manager-python', None): 'DynamicTypeManager:ha-dynamic-type-manager-python', ('vsan-vcsa-deployer-system', None): 'VsanVcsaDeployerSystemImpl:vsan-vcsa-deployer-system', ('ha-vsan-task-tracker', None): 'VsanTaskTrackerImpl:ha-vsan-task-tracker', ('vsan-internal-statsprovider', None): 'VsanInternalStatsProviderImpl:vsan-internal-statsprovider', ('ha-vsan-cluster-health-system', None): 'VsanClusterHealthSystemImpl:ha-vsan-cluster-health-system', ('vsanSystem', None): 'VsanSystemImpl:vsanSystem', ('ha-vsan-prechecker-system', None): 'VsanPrecheckerSystemImpl:ha-vsan-prechecker-system', ('ha-vsan-internal-system', None): 'VsanInternalSystem:ha-vsan-internal-system', ('ha-vsan-stretched-cluster-system', None): 'VsanStretchedClusterSystem:ha-vsan-stretched-cluster-s
ystem', ('ha-vsan-health-system', None): 'VsanHealthSystemImpl:ha-vsan-health-system', ('ha-phonehome-host-system', None): 'VsanPhoneHomeHostSystemImpl:ha-phonehome-host-system'})
2025-09-02T11:46:49.432Z info vsand[2101511] [opID=MainThread VsanPyVmomiProfiler::log] Profiler:
2025-09-02T11:46:49.432Z info vsand[2101511] [opID=MainThread VsanPyVmomiProfiler::logProfile]   LoadAndRegisterManagedObjects: 0.41s, consumed: 25020KB (+0KB), consumedPeak: 25020KB (+0KB), effectiveMin: 102400KB (+0KB), effectiveMinPeak: 102400KB (+0KB), requestedMinPeak: 102400KB (+0KB)
2025-09-02T11:46:49.432Z info vsand[2101511] [opID=MainThread VsanPyVmomiProfiler::logProfile]   __import__VcsaDeployerSystem__ext_init__: 0.04s, consumed: 25020KB (+0KB), consumedPeak: 25020KB (+0KB), effectiveMin: 102400KB (+0KB), effectiveMinPeak: 102400KB (+0KB), requestedMinPeak: 102400KB (+0KB)
2025-09-02T11:46:49.433Z info vsand[2101511] [opID=MainThread VsanPyVmomiProfiler::logProfile]   __import__VsanCapabilitySystem__ext_init__: 0.00s, consumed: 25020KB (+0KB), consumedPeak: 25020KB (+0KB), effectiveMin: 102400KB (+0KB), effectiveMinPeak: 102400KB (+0KB), requestedMinPeak: 102400KB (+0KB)
2025-09-02T11:46:49.433Z info vsand[2101511] [opID=MainThread VsanPyVmomiProfiler::logProfile]   __import__VsanDebugSystem__ext_init__: 0.00s, consumed: 25020KB (+0KB), consumedPeak: 25020KB (+0KB), effectiveMin: 102400KB (+0KB), effectiveMinPeak: 102400KB (+0KB), requestedMinPeak: 102400KB (+0KB)
2025-09-02T11:46:49.433Z info vsand[2101511] [opID=MainThread VsanPyVmomiProfiler::logProfile]   __import__VsanDiskManagementSystem__ext_init__: 0.02s, consumed: 25020KB (+0KB), consumedPeak: 25020KB (+0KB), effectiveMin: 102400KB (+0KB), effectiveMinPeak: 102400KB (+0KB), requestedMinPeak: 102400KB (+0KB)
2025-09-02T11:46:49.433Z info vsand[2101511] [opID=MainThread VsanPyVmomiProfiler::logProfile]   __import__VsanHealth__ext_init__: 0.27s, consumed: 25020KB (+0KB), consumedPeak: 25020KB (+0KB), effectiveMin: 102400KB (+0KB), effectiveMinPeak: 102400KB (+0KB), requestedMinPeak: 102400KB (+0KB)
2025-09-02T11:46:49.434Z info vsand[2101511] [opID=MainThread VsanPyVmomiProfiler::logProfile]   __import__VsanIscsiTargetSystem__ext_init__: 0.02s, consumed: 25020KB (+0KB), consumedPeak: 25020KB (+0KB), effectiveMin: 102400KB (+0KB), effectiveMinPeak: 102400KB (+0KB), requestedMinPeak: 102400KB (+0KB)
2025-09-02T11:46:49.434Z info vsand[2101511] [opID=MainThread VsanPyVmomiProfiler::logProfile]   __import__VsanObjectSystem__ext_init__: 0.00s, consumed: 25020KB (+0KB), consumedPeak: 25020KB (+0KB), effectiveMin: 102400KB (+0KB), effectiveMinPeak: 102400KB (+0KB), requestedMinPeak: 102400KB (+0KB)
2025-09-02T11:46:49.434Z info vsand[2101511] [opID=MainThread VsanPyVmomiProfiler::logProfile]   __import__VsanPhoneHomeHostSystem__ext_init__: 0.00s, consumed: 25020KB (+0KB), consumedPeak: 25020KB (+0KB), effectiveMin: 102400KB (+0KB), effectiveMinPeak: 102400KB (+0KB), requestedMinPeak: 102400KB (+0KB)
2025-09-02T11:46:49.434Z info vsand[2101511] [opID=MainThread VsanPyVmomiProfiler::logProfile]   __import__VsanPrecheckerSystem__ext_init__: 0.00s, consumed: 25020KB (+0KB), consumedPeak: 25020KB (+0KB), effectiveMin: 102400KB (+0KB), effectiveMinPeak: 102400KB (+0KB), requestedMinPeak: 102400KB (+0KB)
2025-09-02T11:46:49.434Z info vsand[2101511] [opID=MainThread VsanPyVmomiProfiler::logProfile]   __import__VsanResourceCheckSystem__ext_init__: 0.01s, consumed: 25020KB (+0KB), consumedPeak: 25020KB (+0KB), effectiveMin: 102400KB (+0KB), effectiveMinPeak: 102400KB (+0KB), requestedMinPeak: 102400KB (+0KB)
2025-09-02T11:46:49.435Z info vsand[2101511] [opID=MainThread VsanPyVmomiProfiler::logProfile]   __import__VsanStretchedCluster__ext_init__: 0.01s, consumed: 25020KB (+0KB), consumedPeak: 25020KB (+0KB), effectiveMin: 102400KB (+0KB), effectiveMinPeak: 102400KB (+0KB), requestedMinPeak: 102400KB (+0KB)
2025-09-02T11:46:49.435Z info vsand[2101511] [opID=MainThread VsanPyVmomiProfiler::logProfile]   __import__VsanSystem__ext_init__: 0.01s, consumed: 25020KB (+0KB), consumedPeak: 25020KB (+0KB), effectiveMin: 102400KB (+0KB), effectiveMinPeak: 102400KB (+0KB), requestedMinPeak: 102400KB (+0KB)
2025-09-02T11:46:49.435Z info vsand[2101511] [opID=MainThread VsanPyVmomiProfiler::logProfile]   __import__VsanVcDiskManagementSystem__ext_init__: 0.00s, consumed: 25020KB (+0KB), consumedPeak: 25020KB (+0KB), effectiveMin: 102400KB (+0KB), effectiveMinPeak: 102400KB (+0KB), requestedMinPeak: 102400KB (+0KB)
2025-09-02T11:46:49.435Z info vsand[2101511] [opID=MainThread VsanPyVmomiProfiler::logProfile]   __import__VsanVcIscsiTargetSystem__ext_init__: 0.00s, consumed: 25020KB (+0KB), consumedPeak: 25020KB (+0KB), effectiveMin: 102400KB (+0KB), effectiveMinPeak: 102400KB (+0KB), requestedMinPeak: 102400KB (+0KB)
2025-09-02T11:46:49.436Z info vsand[2101511] [opID=MainThread VsanPyVmomiProfiler::logProfile]   scanExtInitFiles: 0.01s, consumed: 25020KB (+0KB), consumedPeak: 25020KB (+0KB), effectiveMin: 102400KB (+0KB), effectiveMinPeak: 102400KB (+0KB), requestedMinPeak: 102400KB (+0KB)
2025-09-02T11:46:49.436Z info vsand[2101511] [opID=MainThread VsanPyVmomiProfiler::logProfile]   vsanPerfMgr: 0.01s, consumed: 25020KB (+0KB), consumedPeak: 25020KB (+0KB), effectiveMin: 102400KB (+0KB), effectiveMinPeak: 102400KB (+0KB), requestedMinPeak: 102400KB (+0KB)
2025-09-02T11:46:49.436Z info vsand[2101511] [opID=MainThread VsanPyVmomiProfiler::logProfile]   vsanPerfPyMo: 0.00s, consumed: 25020KB (+0KB), consumedPeak: 25020KB (+0KB), effectiveMin: 102400KB (+0KB), effectiveMinPeak: 102400KB (+0KB), requestedMinPeak: 102400KB (+0KB)
2025-09-02T11:46:49.436Z info vsand[2101511] [opID=MainThread VsanVmomiPatcher::PatchMoManager] MoManager is patched!
2025-09-02T11:46:49.494Z info vsand[2101557] [opID=Thread-5 VsanHealthUtil::LoginLocalHostd] Done login/relogin to local hostd.
2025-09-02T11:46:49.520Z info vsand[2101557] [opID=Thread-5 VsanTaskTrackerImpl::_Reinit] Done connecting to hostd
2025-09-02T11:46:49.523Z info vsand[2101511] [opID=MainThread statsdaemon::run] Connected to hostd, VMware ESXi 6.7.0 build-19195723
2025-09-02T11:46:49.601Z info vsand[2101511] [opID=MainThread VsanHealthUtil::importEsxcliTypes] Begin to import esxcli types
2025-09-02T11:46:49.977Z info vsand[2101511] [opID=MainThread statsdaemon::run] import network type successfully
2025-09-02T11:46:49.977Z error vsand[2101511] [opID=MainThread cliutils::SubscribeToCMMDS] uninstalling subscription Traceback (most recent call last):   File "/build/mts/release/bora-19184740/bora/build/vsan/release/vsanhealth/usr/lib/vmware/vsan/perfsvc/cliutils.py", line 333, in SubscribeToCMMDS RuntimeError: Operation not allowed because the VMKernel is shutting down
2025-09-02T11:46:49.978Z error vsand[2101511] [opID=MainThread cliutils::GetVSANClusterInfo] Failed to query cluster info: Operation not allowed because the VMKernel is shutting down
2025-09-02T11:46:49.979Z info vsand[2101511] [opID=MainThread statsdaemon::_logDaemonMemoryStats] Daemon memory stats: eMin=102.400MB, eMinPeak=102.400MB, rMinPeak=102.400MB
2025-09-02T11:46:49.979Z info vsand[2101511] [opID=MainThread statsdaemon::_logDaemonMemoryStats]   'python.2101511' memory stats: eMin=78.960MB, eMinPeak=78.960MB, rMinPeak=78.960MB
2025-09-02T11:46:51.160Z info vsand[2101549] [opID=Thread-2 VsanHealthDaemon::_subscribeCmmds] Subscribe CMMDS entry change listener
2025-09-02T11:46:51.160Z error vsand[2101549] [opID=Thread-2 cliutils::SubscribeToCMMDS] uninstalling subscription Traceback (most recent call last):   File "/build/mts/release/bora-19184740/bora/build/vsan/release/vsanhealth/usr/lib/vmware/vsan/perfsvc/cliutils.py", line 333, in SubscribeToCMMDS RuntimeError: Operation not allowed because the VMKernel is shutting down
2025-09-02T11:46:51.160Z error vsand[2101549] [opID=Thread-2 cliutils::SubscribeToCMMDS] uninstalling subscription Traceback (most recent call last):   File "/build/mts/release/bora-19184740/bora/build/vsan/release/vsanhealth/usr/lib/vmware/vsan/perfsvc/cliutils.py", line 333, in SubscribeToCMMDS RuntimeError: Operation not allowed because the VMKernel is shutting down
2025-09-02T11:46:51.161Z error vsand[2101549] [opID=Thread-2 cliutils::SubscribeToCMMDS] uninstalling subscription Traceback (most recent call last):   File "/build/mts/release/bora-19184740/bora/build/vsan/release/vsanhealth/usr/lib/vmware/vsan/perfsvc/cliutils.py", line 333, in SubscribeToCMMDS RuntimeError: Operation not allowed because the VMKernel is shutting down
2025-09-02T11:46:51.161Z error vsand[2101549] [opID=Thread-2 cliutils::SubscribeToCMMDS] uninstalling subscription Traceback (most recent call last):   File "/build/mts/release/bora-19184740/bora/build/vsan/release/vsanhealth/usr/lib/vmware/vsan/perfsvc/cliutils.py", line 333, in SubscribeToCMMDS RuntimeError: Operation not allowed because the VMKernel is shutting down
2025-09-02T11:46:51.161Z error vsand[2101549] [opID=Thread-2 cliutils::SubscribeToCMMDS] uninstalling subscription Traceback (most recent call last):   File "/build/mts/release/bora-19184740/bora/build/vsan/release/vsanhealth/usr/lib/vmware/vsan/perfsvc/cliutils.py", line 333, in SubscribeToCMMDS RuntimeError: Operation not allowed because the VMKernel is shutting down
2025-09-02T11:46:51.162Z info vsand[2101549] [opID=Thread-2 VsanHealthDaemon::doVsanHealthCheck] Skip VSAN health check due to the VSAN is disabled
2025-09-02T11:46:51.225Z info vsand[2101536] [opID=addcda55 VsanCapabilitySystemImpl::_GetConfigOptionValue] _GetConfigOptionValue value 1 for Encryption
2025-09-02T11:46:51.225Z info vsand[2101536] [opID=addcda55 VsanCapabilitySystemImpl::_GetConfigOptionValue] _GetConfigOptionValue value 1 for DecomWhatIf
2025-09-02T11:46:51.225Z info vsand[2101536] [opID=addcda55 VsanCapabilitySystemImpl::_GetConfigOptionValue] _GetConfigOptionValue value 1 for ThrottleResync
2025-09-02T11:46:51.226Z info vsand[2101536] [opID=addcda55 VsanCapabilitySystemImpl::_GetConfigOptionValue] _GetConfigOptionValue value 1 for UnicastMode
2025-09-02T11:46:51.226Z info vsand[2101536] [opID=addcda55 VsanCapabilitySystemImpl::_GetConfigOptionValue] _GetConfigOptionValue value 1 for Device4KSupport
2025-09-02T11:46:51.226Z info vsand[2101536] [opID=addcda55 VsanCapabilitySystemImpl::_GetConfigOptionValue] _GetConfigOptionValue value 1 for NestedFD
2025-09-02T11:46:51.226Z info vsand[2101536] [opID=addcda55 VsanCapabilitySystemImpl::_GetConfigOptionValue] _GetConfigOptionValue value 0 for CompliancePrecheck
2025-09-02T11:46:51.227Z info vsand[2101536] [opID=addcda55 VsanCapabilitySystemImpl::_GetConfigOptionValue] _GetConfigOptionValue value 1 for VumIntegration
2025-09-02T11:46:51.227Z info vsand[2101536] [opID=addcda55 VsanCapabilitySystemImpl::_GetConfigOptionValue] _GetConfigOptionValue value 1 for FirmwareUpdate
2025-09-02T11:46:51.227Z error vsand[2101536] [opID=addcda55 VsanCapabilitySystemImpl::_GetConfigOptionValue] Unable to get value for FullStackFw due to: Not found
2025-09-02T11:46:51.227Z info vsand[2101536] [opID=addcda55 VsanCapabilitySystemImpl::_GetConfigOptionValue] _GetConfigOptionValue value 1 for ConfigAssist
2025-09-02T11:46:51.227Z error vsand[2101536] [opID=addcda55 VsanCapabilitySystemImpl::_GetConfigOptionValue] Unable to get value for Fcd due to: Not found
2025-09-02T11:46:51.228Z info vsand[2101536] [opID=addcda55 VsanCapabilitySystemImpl::_GetConfigOptionValue] _GetConfigOptionValue value 0 for GenericNestedFD
2025-09-02T11:46:51.228Z info vsand[2101536] [opID=addcda55 VsanCapabilitySystemImpl::_GetConfigOptionValue] _GetConfigOptionValue value 1 for HostAffinity
2025-09-02T11:46:51.228Z info vsand[2101536] [opID=addcda55 VsanCapabilitySystemImpl::_GetConfigOptionValue] _GetConfigOptionValue value 1 for PolicyAssociation
2025-09-02T11:46:51.229Z info vsand[2101536] [opID=addcda55 VsanCapabilitySystemImpl::_GetConfigOptionValue] _GetConfigOptionValue value 0 for VSAN_RDMA
2025-09-02T11:46:51.229Z info vsand[2101536] [opID=addcda55 VsanCapabilitySystemImpl::_GetConfigOptionValue] _GetConfigOptionValue value 1 for ClomBgProRebalanceSwitch
2025-09-02T11:46:51.229Z info vsand[2101536] [opID=addcda55 VsanCapabilitySystemImpl::_GetConfigOptionValue] _GetConfigOptionValue value 1 for ResourcePrecheck
2025-09-02T11:46:51.229Z info vsand[2101536] [opID=addcda55 VsanCapabilitySystemImpl::_GetConfigOptionValue] _GetConfigOptionValue value 1 for EnableUpgradeAudit
2025-09-02T11:46:51.230Z info vsand[2101536] [opID=addcda55 VsanCapabilitySystemImpl::_GetConfigOptionValue] _GetConfigOptionValue value 1 for ResyncEtaImprovement
2025-09-02T11:46:51.230Z info vsand[2101536] [opID=addcda55 VsanCapabilitySystemImpl::_GetConfigOptionValue] _GetConfigOptionValue value 1 for VitOnlineResize
2025-09-02T11:46:51.230Z info vsand[2101536] [opID=addcda55 VsanCapabilitySystemImpl::_GetConfigOptionValue] _GetConfigOptionValue value 0 for LargeCapacityDrive
2025-09-02T11:46:51.230Z info vsand[2101536] [opID=addcda55 VsanCapabilitySystemImpl::GetCapabilities] Capabilities: ['stretchedcluster', 'enhancedresyncapi', 'policyassociation', 'allflash', 'resourceprecheck', 'cloudhealth', 'unicastmode', 'masspropertycollector', 'upgraderesourceprecheck', 'nestedfd', 'encryption', 'vitonlineresize', 'capability', 'automaticrebalance', 'hostaffinity', 'purgeinaccessiblevmswapobjects', 'firmwareupdate', 'objectidentities', 'vumintegration', 'throttleresync', 'upgrade', 'configassist', 'repairtimerinresyncstats', 'decomwhatif', 'diagnosticmode', 'netperftest', 'clusterconfig', 'historicalcapacity', 'healthcheck2018q2', 'resyncetaimprovement', 'iscsitargets', 'fileservices', 'device4ksupport', 'dataefficiency']
2025-09-02T11:46:51.281Z info vsand[2101529] [opID=39620404-da58 VsanVcObjectHelper::wrapper] Ready to get single executor result for the key ['_QueryVerifyNetworkSettings', 'ha-vsan-health-system', '', '', '', 'False'] in timeout 600
2025-09-02T11:46:51.282Z info vsand[2101529] [opID=39620404-da58 VsanVcObjectHelper::wrapper] Ready to call original function for execution
2025-09-02T11:46:51.282Z info vsand[2101529] [opID=39620404-da58 VsanHealthSystemImpl::_QueryVerifyNetworkSettings] Query network settings: (str) []:(str) []
2025-09-02T11:46:51.291Z info vsand[2101529] [opID=39620404-da58 VsanPyVmomiProfiler::logProfile]   invoke-method:ha-cli-handler-vsan-network:List: 0.01s, consumed: 66340KB (+0KB), consumedPeak: 66340KB (+0KB), effectiveMin: 102400KB (+0KB), effectiveMinPeak: 102400KB (+0KB), requestedMinPeak: 102400KB (+0KB)
2025-09-02T11:46:51.296Z info vsand[2101529] [opID=39620404-da58 VsanPyVmomiProfiler::logProfile]   invoke-method:ha-cli-handler-network-ip-interface:List: 0.00s, consumed: 66340KB (+0KB), consumedPeak: 66340KB (+0KB), effectiveMin: 102400KB (+0KB), effectiveMinPeak: 102400KB (+0KB), requestedMinPeak: 102400KB (+0KB)
2025-09-02T11:46:51.301Z info vsand[2101529] [opID=39620404-da58 VsanPyVmomiProfiler::logProfile]   invoke-method:ha-cli-handler-network-ip-interface-ipv6-address:List: 0.00s, consumed: 66340KB (+0KB), consumedPeak: 66340KB (+0KB), effectiveMin: 102400KB (+0KB), effectiveMinPeak: 102400KB (+0KB), requestedMinPeak: 102400KB (+0KB)
2025-09-02T11:46:51.305Z info vsand[2101529] [opID=39620404-da58 VsanPyVmomiProfiler::logProfile]   invoke-method:ha-cli-handler-network-ip-interface-ipv4:Get: 0.00s, consumed: 66340KB (+0KB), consumedPeak: 66340KB (+0KB), effectiveMin: 102400KB (+0KB), effectiveMinPeak: 102400KB (+0KB), requestedMinPeak: 102400KB (+0KB)
2025-09-02T11:46:51.309Z info vsand[2101529] [opID=39620404-da58 VsanPyVmomiProfiler::logProfile]   invoke-method:ha-cli-handler-network-ip-route-ipv4:List: 0.00s, consumed: 66340KB (+0KB), consumedPeak: 66340KB (+0KB), effectiveMin: 102400KB (+0KB), effectiveMinPeak: 102400KB (+0KB), requestedMinPeak: 102400KB (+0KB)
2025-09-02T11:46:51.313Z info vsand[2101529] [opID=39620404-da58 VsanPyVmomiProfiler::logProfile]   invoke-method:ha-cli-handler-network-ip-route-ipv6:List: 0.00s, consumed: 66340KB (+0KB), consumedPeak: 66340KB (+0KB), effectiveMin: 102400KB (+0KB), effectiveMinPeak: 102400KB (+0KB), requestedMinPeak: 102400KB (+0KB)
2025-09-02T11:46:51.314Z info vsand[2101529] [opID=39620404-da58 VsanVcObjectHelper::wrapper] Finish execute _QueryVerifyNetworkSettings
2025-09-02T11:46:51.314Z info vsand[2101529] [opID=39620404-da58 VsanVcObjectHelper::AddCallResultAndNotify] delete the single concurrent execution key
2025-09-02T11:46:51.314Z info vsand[2101529] [opID=39620404-da58 VsanPyVmomiProfiler::log] Profiler:
2025-09-02T11:46:51.314Z info vsand[2101529] [opID=39620404-da58 VsanPyVmomiProfiler::logProfile]   GetVsanVmknicConfigFromEsxCLI: 0.03s, consumed: 66340KB (+0KB), consumedPeak: 66340KB (+0KB), effectiveMin: 102400KB (+0KB), effectiveMinPeak: 102400KB (+0KB), requestedMinPeak: 102400KB (+0KB)
2025-09-02T11:46:51.315Z info vsand[2101529] [opID=39620404-da58 VsanPyVmomiProfiler::logProfile]   impl._QueryVerifyNetworkSettings: 0.03s, consumed: 66340KB (+0KB), consumedPeak: 66340KB (+0KB), effectiveMin: 102400KB (+0KB), effectiveMinPeak: 102400KB (+0KB), requestedMinPeak: 102400KB (+0KB)
2025-09-02T11:46:51.332Z error vsand[2101536] [opID=39620404-da59 cliutils::GetVSANClusterInfo] Failed to query cluster info: Operation not allowed because the VMKernel is shutting down
2025-09-02T11:46:51.353Z error vsand[2101536] [opID=39620404-da59 VsanHealthSystemImpl::CheckHostDaemonHealth] Failed to check status of epd Traceback (most recent call last):   File "/build/mts/release/bora-19184740/bora/build/vsan/release/vsanhealth/usr/lib/vmware/vsan/perfsvc/VsanHealthSystemImpl.py", line 3447, in CheckHostDaemonHealth   File "/build/mts/release/bora-19184740/bora/build/vsan/release/vsanhealth/usr/lib/vmware/vsan/perfsvc/VsanHealthHelpers.py", line 1221, in IsWitnessNode KeyError: 'Local Node UUID'
2025-09-02T11:46:51.377Z error vsand[2101536] [opID=39620404-da59 VsanHealthSystemImpl::CheckHostDaemonHealth] Service cmmdsd is not running: ret: 3, err:
2025-09-02T11:46:51.394Z info vsand[2101539] [opID=39620404-da5a VsanSystemImpl::_ConfigInfoPrintLog] configInfo: enabled=False, hostSystem='vim.HostSystem:ha-host'
2025-09-02T11:46:51.394Z info vsand[2101539] [opID=39620404-da5a VsanSystemImpl::_ConfigInfoPrintLog]    clusterInfo: uuid=, nodeUuid=
2025-09-02T11:46:51.394Z info vsand[2101539] [opID=39620404-da5a VsanSystemImpl::_ConfigInfoPrintLog]    storageInfo: autoClaimStorage=False, checksumEnabled=None
2025-09-02T11:46:51.394Z info vsand[2101539] [opID=39620404-da5a VsanSystemImpl::_ConfigInfoPrintLog]       diskMapping[]:
2025-09-02T11:46:51.394Z info vsand[2101539] [opID=39620404-da5a VsanSystemImpl::_ConfigInfoPrintLog]       diskMapInfo[]:
2025-09-02T11:46:51.394Z info vsand[2101539] [opID=39620404-da5a VsanSystemImpl::_ConfigInfoPrintLog]    networkInfo:
2025-09-02T11:46:51.394Z info vsand[2101539] [opID=39620404-da5a VsanSystemImpl::_ConfigInfoPrintLog]       port[]:
2025-09-02T11:46:51.394Z info vsand[2101539] [opID=39620404-da5a VsanSystemImpl::_ConfigInfoPrintLog]    faultDomainInfo: name=
2025-09-02T11:46:51.395Z info vsand[2101539] [opID=39620404-da5a VsanSystemImpl::_ConfigInfoPrintLog]    encryptionInfo: enabled=False, kekId=, hostKeyId=, clientKey=None, clientCert=(not set), dekGenerationId=0, changing=False, eraseDisksBeforeUse=False
2025-09-02T11:46:51.395Z info vsand[2101539] [opID=39620404-da5a VsanSystemImpl::_ConfigInfoPrintLog]       kmipServers[]:
2025-09-02T11:46:51.395Z info vsand[2101539] [opID=39620404-da5a VsanSystemImpl::_ConfigInfoPrintLog]       kmsServerCerts[]:
2025-09-02T11:46:51.395Z info vsand[2101539] [opID=39620404-da5a VsanSystemImpl::_ConfigInfoPrintLog]    dataEfficiencyInfo: dedupEnabled=False, compressionEnabled=None
2025-09-02T11:46:51.395Z info vsand[2101539] [opID=39620404-da5a VsanSystemImpl::_ConfigInfoPrintLog]    resyncIopsLimitInfo: resyncIops=0
2025-09-02T11:46:51.395Z info vsand[2101539] [opID=39620404-da5a VsanSystemImpl::_ConfigInfoPrintLog]    extendedConfig: objectRepairTimer=60, disableSiteReadLocality=False, enableCustomizedSwapObject=True, largeScaleClusterSupport=False
2025-09-02T11:46:51.395Z info vsand[2101539] [opID=39620404-da5a VsanSystemImpl::_ConfigInfoPrintLog]       proactiveRebalanceInfo: enabled=False, threshold=30
2025-09-02T11:46:51.395Z info vsand[2101539] [opID=39620404-da5a VsanSystemImpl::_ConfigInfoPrintLog]    datastoreInfo:
2025-09-02T11:46:51.395Z info vsand[2101539] [opID=39620404-da5a VsanSystemImpl::_ConfigInfoPrintLog]       datastores[]:
2025-09-02T11:46:51.396Z info vsand[2101539] [opID=39620404-da5a VsanSystemImpl::_ConfigInfoPrintLog]          uuid=, name=vsanDatastore
2025-09-02T11:46:51.396Z info vsand[2101539] [opID=39620404-da5a VsanSystemImpl::_ConfigInfoPrintLog]    unmapConfig: enable=False
2025-09-02T11:46:51.396Z info vsand[2101539] [opID=39620404-da5a VsanSystemImpl::_ConfigInfoPrintLog]    internalExtendedConfig: vcMaxDiskVersion=0
2025-09-02T11:46:51.396Z info vsand[2101539] [opID=39620404-da5a VsanSystemImpl::_ConfigInfoPrintLog]    rdmaConfig: None
2025-09-02T11:46:51.396Z info vsand[2101539] [opID=39620404-da5a VsanSystemImpl::_ConfigInfoPrintLog]    dataProtectionInfo: None
2025-09-02T11:46:51.396Z info vsand[2101539] [opID=39620404-da5a VsanSystemImpl::_ConfigInfoPrintLog]    witnessHostConfig[]:
2025-09-02T11:46:51.397Z info vsand[2101539] [opID=39620404-da5a VsanPyVmomiProfiler::log] Profiler:
2025-09-02T11:46:51.397Z info vsand[2101539] [opID=39620404-da5a VsanPyVmomiProfiler::logProfile]   impl.QueryVsanConfigByFilter: 0.01s, consumed: 66340KB (+0KB), consumedPeak: 66340KB (+0KB), effectiveMin: 102400KB (+0KB), effectiveMinPeak: 102400KB (+0KB), requestedMinPeak: 102400KB (+0KB)
2025-09-02T11:46:51.500Z info vsand[2101537] [opID=39620404-da5d VsanTaskTrackerImpl::CreateAndMonitorTask] Created task vmodlTask-ha-host-4212438203
2025-09-02T11:46:51.505Z info vsand[2101537] [opID=39620404-da5d VsanSystemImpl::Update] Calling VsanMOProvider.Update with config: ['config: enabled=None, hostSystem=None', '   clusterInfo: None', '   storageInfo: None', '   networkInfo: None', '   faultDomainInfo: None', '   encryptionInfo: None', '   dataEfficiencyInfo: None', '   resyncIopsLimitInfo: None', '   extendedConfig: None', '   datastoreInfo: None', '   unmapConfig: None', '   internalExtendedConfig: vcMaxDiskVersion=0', '   rdmaConfig: None', '   dataProtectionInfo: None', '   witnessHostConfig[]:']  Task: vmodlTask-ha-host-4212438203
2025-09-02T11:46:51.505Z info vsand[2101537] [opID=39620404-da5d VsanSystemImpl::Update] extendedConfig: {}
2025-09-02T11:46:51.508Z info vsand[2101557] [opID=Thread-5 VsanTaskTrackerImpl::_ThreadMain] PC Update: version = 1
2025-09-02T11:46:51.514Z info vsand[2101557] [opID=Thread-5 VsanTaskTrackerImpl::_ThreadMain] PC Update: version = 2
2025-09-02T11:46:51.519Z info vsand[2101557] [opID=Thread-5 VsanTaskTrackerImpl::_ThreadMain] PC Update: version = 3
2025-09-02T11:46:51.558Z info vsand[2101542] [opID=addcda60 VsanTaskTrackerImpl::_RemoveTaskLocked] Remove task vmodlTask-ha-host-4212438203 from cache table.
2025-09-02T11:46:54.981Z error vsand[2101511] [opID=MainThread cliutils::GetVSANClusterInfo] Failed to query cluster info: Operation not allowed because the VMKernel is shutting down
2025-09-02T11:46:55.141Z info vsand[2101548] [opID=Thread-1 VsanPyVmomiProfiler::logProfile]   invoke-method:ServiceInstance:RetrieveContent: 0.00s, consumed: 67036KB (+0KB), consumedPeak: 67036KB (+0KB), effectiveMin: 102400KB (+0KB), effectiveMinPeak: 102400KB (+0KB), requestedMinPeak: 102400KB (+0KB)
2025-09-02T11:46:55.162Z info vsand[2101548] [opID=Thread-1 VsanMgmtUtil::__init__] Initialized ObjectCache: 'healthSummaryCache', maxSize=1024, ttl=None
2025-09-02T11:46:55.162Z info vsand[2101548] [opID=Thread-1 VsanMgmtUtil::__init__] Initialized ObjectCache: 'healthHistoricalCache', maxSize=1024, ttl=4000
2025-09-02T11:46:55.163Z info vsand[2101548] [opID=Thread-1 VsanVcPerformanceManagerImpl::__init__] VsanVcPerformanceManagerImpl init
2025-09-02T11:46:55.167Z info vsand[2101548] [opID=Thread-1 VsanVcObjectSystemImpl::__init__] VsanVcObjectSystemImpl init
2025-09-02T11:46:55.167Z info vsand[2101548] [opID=Thread-1 VsanResourceCheckSystemImpl::__init__] VsanResourceCheckSystemImpl init
2025-09-02T11:46:55.167Z info vsand[2101548] [opID=Thread-1 VsanMgmtUtil::__init__] Initialized ObjectCache: 'DiskMappingCache', maxSize=2000, ttl=None
2025-09-02T11:46:55.168Z info vsand[2101548] [opID=Thread-1 VsanVcIscsiTargetSystemImpl::__init__] VsanVcIscsiTargetSystemImpl init
2025-09-02T11:46:59.984Z error vsand[2101511] [opID=MainThread cliutils::GetVSANClusterInfo] Failed to query cluster info: Operation not allowed because the VMKernel is shutting down
2025-09-02T11:47:04.986Z error vsand[2101511] [opID=MainThread cliutils::GetVSANClusterInfo] Failed to query cluster info: Operation not allowed because the VMKernel is shutting down
2025-09-02T11:47:09.989Z error vsand[2101511] [opID=MainThread cliutils::GetVSANClusterInfo] Failed to query cluster info: Operation not allowed because the VMKernel is shutting down
2025-09-02T11:47:14.992Z error vsand[2101511] [opID=MainThread cliutils::GetVSANClusterInfo] Failed to query cluster info: Operation not allowed because the VMKernel is shutting down
2025-09-02T11:47:19.996Z error vsand[2101511] [opID=MainThread cliutils::GetVSANClusterInfo] Failed to query cluster info: Operation not allowed because the VMKernel is shutting down
2025-09-02T11:47:24.999Z error vsand[2101511] [opID=MainThread cliutils::GetVSANClusterInfo] Failed to query cluster info: Operation not allowed because the VMKernel is shutting down
2025-09-02T11:47:30.002Z error vsand[2101511] [opID=MainThread cliutils::GetVSANClusterInfo] Failed to query cluster info: Operation not allowed because the VMKernel is shutting down
2025-09-02T11:47:35.005Z error vsand[2101511] [opID=MainThread cliutils::GetVSANClusterInfo] Failed to query cluster info: Operation not allowed because the VMKernel is shutting down
2025-09-02T11:47:40.007Z error vsand[2101511] [opID=MainThread cliutils::GetVSANClusterInfo] Failed to query cluster info: Operation not allowed because the VMKernel is shutting down
2025-09-02T11:47:45.010Z error vsand[2101511] [opID=MainThread cliutils::GetVSANClusterInfo] Failed to query cluster info: Operation not allowed because the VMKernel is shutting down
2025-09-02T11:47:50.013Z error vsand[2101511] [opID=MainThread cliutils::GetVSANClusterInfo] Failed to query cluster info: Operation not allowed because the VMKernel is shutting down
2025-09-02T11:47:55.016Z error vsand[2101511] [opID=MainThread cliutils::GetVSANClusterInfo] Failed to query cluster info: Operation not allowed because the VMKernel is shutting down
2025-09-02T11:48:00.019Z error vsand[2101511] [opID=MainThread cliutils::GetVSANClusterInfo] Failed to query cluster info: Operation not allowed because the VMKernel is shutting down
2025-09-02T11:48:05.023Z error vsand[2101511] [opID=MainThread cliutils::GetVSANClusterInfo] Failed to query cluster info: Operation not allowed because the VMKernel is shutting down
2025-09-02T11:48:10.026Z error vsand[2101511] [opID=MainThread cliutils::GetVSANClusterInfo] Failed to query cluster info: Operation not allowed because the VMKernel is shutting down
2025-09-02T11:48:15.029Z error vsand[2101511] [opID=MainThread cliutils::GetVSANClusterInfo] Failed to query cluster info: Operation not allowed because the VMKernel is shutting down
2025-09-02T11:48:20.031Z error vsand[2101511] [opID=MainThread cliutils::GetVSANClusterInfo] Failed to query cluster info: Operation not allowed because the VMKernel is shutting down
2025-09-02T11:48:25.034Z error vsand[2101511] [opID=MainThread cliutils::GetVSANClusterInfo] Failed to query cluster info: Operation not allowed because the VMKernel is shutting down
2025-09-02T11:48:30.036Z error vsand[2101511] [opID=MainThread cliutils::GetVSANClusterInfo] Failed to query cluster info: Operation not allowed because the VMKernel is shutting down
2025-09-02T11:48:35.038Z error vsand[2101511] [opID=MainThread cliutils::GetVSANClusterInfo] Failed to query cluster info: Operation not allowed because the VMKernel is shutting down
2025-09-02T11:48:40.041Z error vsand[2101511] [opID=MainThread cliutils::GetVSANClusterInfo] Failed to query cluster info: Operation not allowed because the VMKernel is shutting down
2025-09-02T11:48:45.045Z error vsand[2101511] [opID=MainThread cliutils::GetVSANClusterInfo] Failed to query cluster info: Operation not allowed because the VMKernel is shutting down
2025-09-02T11:48:50.046Z error vsand[2101511] [opID=MainThread cliutils::GetVSANClusterInfo] Failed to query cluster info: Operation not allowed because the VMKernel is shutting down
2025-09-02T11:48:55.048Z error vsand[2101511] [opID=MainThread cliutils::GetVSANClusterInfo] Failed to query cluster info: Operation not allowed because the VMKernel is shutting down
2025-09-02T11:49:00.050Z error vsand[2101511] [opID=MainThread cliutils::GetVSANClusterInfo] Failed to query cluster info: Operation not allowed because the VMKernel is shutting down
2025-09-02T11:49:05.053Z error vsand[2101511] [opID=MainThread cliutils::GetVSANClusterInfo] Failed to query cluster info: Operation not allowed because the VMKernel is shutting down
2025-09-02T11:49:10.056Z error vsand[2101511] [opID=MainThread cliutils::GetVSANClusterInfo] Failed to query cluster info: Operation not allowed because the VMKernel is shutting down
2025-09-02T11:49:15.059Z error vsand[2101511] [opID=MainThread cliutils::GetVSANClusterInfo] Failed to query cluster info: Operation not allowed because the VMKernel is shutting down
2025-09-02T11:49:20.062Z error vsand[2101511] [opID=MainThread cliutils::GetVSANClusterInfo] Failed to query cluster info: Operation not allowed because the VMKernel is shutting down
2025-09-02T11:49:25.065Z error vsand[2101511] [opID=MainThread cliutils::GetVSANClusterInfo] Failed to query cluster info: Operation not allowed because the VMKernel is shutting down
2025-09-02T11:49:30.069Z error vsand[2101511] [opID=MainThread cliutils::GetVSANClusterInfo] Failed to query cluster info: Operation not allowed because the VMKernel is shutting down
2025-09-02T11:49:35.070Z error vsand[2101511] [opID=MainThread cliutils::GetVSANClusterInfo] Failed to query cluster info: Operation not allowed because the VMKernel is shutting down
2025-09-02T11:49:40.073Z error vsand[2101511] [opID=MainThread cliutils::GetVSANClusterInfo] Failed to query cluster info: Operation not allowed because the VMKernel is shutting down
2025-09-02T11:49:45.076Z error vsand[2101511] [opID=MainThread cliutils::GetVSANClusterInfo] Failed to query cluster info: Operation not allowed because the VMKernel is shutting down
2025-09-02T11:49:50.079Z error vsand[2101511] [opID=MainThread cliutils::GetVSANClusterInfo] Failed to query cluster info: Operation not allowed because the VMKernel is shutting down
2025-09-02T11:49:55.083Z error vsand[2101511] [opID=MainThread cliutils::GetVSANClusterInfo] Failed to query cluster info: Operation not allowed because the VMKernel is shutting down
2025-09-02T11:50:00.085Z error vsand[2101511] [opID=MainThread cliutils::GetVSANClusterInfo] Failed to query cluster info: Operation not allowed because the VMKernel is shutting down
2025-09-02T11:50:05.088Z error vsand[2101511] [opID=MainThread cliutils::GetVSANClusterInfo] Failed to query cluster info: Operation not allowed because the VMKernel is shutting down
2025-09-02T11:50:10.091Z error vsand[2101511] [opID=MainThread cliutils::GetVSANClusterInfo] Failed to query cluster info: Operation not allowed because the VMKernel is shutting down
2025-09-02T11:50:15.095Z error vsand[2101511] [opID=MainThread cliutils::GetVSANClusterInfo] Failed to query cluster info: Operation not allowed because the VMKernel is shutting down
2025-09-02T11:50:20.096Z error vsand[2101511] [opID=MainThread cliutils::GetVSANClusterInfo] Failed to query cluster info: Operation not allowed because the VMKernel is shutting down
2025-09-02T11:50:25.099Z error vsand[2101511] [opID=MainThread cliutils::GetVSANClusterInfo] Failed to query cluster info: Operation not allowed because the VMKernel is shutting down
2025-09-02T11:50:30.103Z error vsand[2101511] [opID=MainThread cliutils::GetVSANClusterInfo] Failed to query cluster info: Operation not allowed because the VMKernel is shutting down
2025-09-02T11:50:35.106Z error vsand[2101511] [opID=MainThread cliutils::GetVSANClusterInfo] Failed to query cluster info: Operation not allowed because the VMKernel is shutting down
2025-09-02T11:50:40.109Z error vsand[2101511] [opID=MainThread cliutils::GetVSANClusterInfo] Failed to query cluster info: Operation not allowed because the VMKernel is shutting down
2025-09-02T11:50:45.112Z error vsand[2101511] [opID=MainThread cliutils::GetVSANClusterInfo] Failed to query cluster info: Operation not allowed because the VMKernel is shutting down
2025-09-02T11:50:50.116Z error vsand[2101511] [opID=MainThread cliutils::GetVSANClusterInfo] Failed to query cluster info: Operation not allowed because the VMKernel is shutting down
2025-09-02T11:50:55.119Z error vsand[2101511] [opID=MainThread cliutils::GetVSANClusterInfo] Failed to query cluster info: Operation not allowed because the VMKernel is shutting down
2025-09-02T11:51:00.122Z error vsand[2101511] [opID=MainThread cliutils::GetVSANClusterInfo] Failed to query cluster info: Operation not allowed because the VMKernel is shutting down
2025-09-02T11:51:05.125Z error vsand[2101511] [opID=MainThread cliutils::GetVSANClusterInfo] Failed to query cluster info: Operation not allowed because the VMKernel is shutting down
2025-09-02T11:51:10.128Z error vsand[2101511] [opID=MainThread cliutils::GetVSANClusterInfo] Failed to query cluster info: Operation not allowed because the VMKernel is shutting down
2025-09-02T11:51:15.131Z error vsand[2101511] [opID=MainThread cliutils::GetVSANClusterInfo] Failed to query cluster info: Operation not allowed because the VMKernel is shutting down
2025-09-02T11:51:20.135Z error vsand[2101511] [opID=MainThread cliutils::GetVSANClusterInfo] Failed to query cluster info: Operation not allowed because the VMKernel is shutting down
2025-09-02T11:51:25.136Z error vsand[2101511] [opID=MainThread cliutils::GetVSANClusterInfo] Failed to query cluster info: Operation not allowed because the VMKernel is shutting down
2025-09-02T11:51:30.139Z error vsand[2101511] [opID=MainThread cliutils::GetVSANClusterInfo] Failed to query cluster info: Operation not allowed because the VMKernel is shutting down
2025-09-02T11:51:35.142Z error vsand[2101511] [opID=MainThread cliutils::GetVSANClusterInfo] Failed to query cluster info: Operation not allowed because the VMKernel is shutting down
2025-09-02T11:51:40.146Z error vsand[2101511] [opID=MainThread cliutils::GetVSANClusterInfo] Failed to query cluster info: Operation not allowed because the VMKernel is shutting down
2025-09-02T11:51:45.149Z error vsand[2101511] [opID=MainThread cliutils::GetVSANClusterInfo] Failed to query cluster info: Operation not allowed because the VMKernel is shutting down
2025-09-02T11:51:50.150Z error vsand[2101511] [opID=MainThread cliutils::GetVSANClusterInfo] Failed to query cluster info: Operation not allowed because the VMKernel is shutting down
2025-09-02T11:51:51.164Z info vsand[2101549] [opID=Thread-2 VsanHealthDaemon::doVsanHealthCheck] Skip VSAN health check due to the VSAN is disabled
2025-09-02T11:51:55.151Z error vsand[2101511] [opID=MainThread cliutils::GetVSANClusterInfo] Failed to query cluster info: Operation not allowed because the VMKernel is shutting down
2025-09-02T11:52:00.154Z error vsand[2101511] [opID=MainThread cliutils::GetVSANClusterInfo] Failed to query cluster info: Operation not allowed because the VMKernel is shutting down
2025-09-02T11:52:05.156Z error vsand[2101511] [opID=MainThread cliutils::GetVSANClusterInfo] Failed to query cluster info: Operation not allowed because the VMKernel is shutting down
2025-09-02T11:52:10.159Z error vsand[2101511] [opID=MainThread cliutils::GetVSANClusterInfo] Failed to query cluster info: Operation not allowed because the VMKernel is shutting down
2025-09-02T11:52:15.163Z error vsand[2101511] [opID=MainThread cliutils::GetVSANClusterInfo] Failed to query cluster info: Operation not allowed because the VMKernel is shutting down
2025-09-02T11:52:20.166Z error vsand[2101511] [opID=MainThread cliutils::GetVSANClusterInfo] Failed to query cluster info: Operation not allowed because the VMKernel is shutting down
2025-09-02T11:52:25.167Z error vsand[2101511] [opID=MainThread cliutils::GetVSANClusterInfo] Failed to query cluster info: Operation not allowed because the VMKernel is shutting down
2025-09-02T11:52:30.171Z error vsand[2101511] [opID=MainThread cliutils::GetVSANClusterInfo] Failed to query cluster info: Operation not allowed because the VMKernel is shutting down
2025-09-02T11:52:35.174Z error vsand[2101511] [opID=MainThread cliutils::GetVSANClusterInfo] Failed to query cluster info: Operation not allowed because the VMKernel is shutting down
2025-09-02T11:52:40.176Z error vsand[2101511] [opID=MainThread cliutils::GetVSANClusterInfo] Failed to query cluster info: Operation not allowed because the VMKernel is shutting down
2025-09-02T11:52:45.179Z error vsand[2101511] [opID=MainThread cliutils::GetVSANClusterInfo] Failed to query cluster info: Operation not allowed because the VMKernel is shutting down
2025-09-02T11:52:50.183Z error vsand[2101511] [opID=MainThread cliutils::GetVSANClusterInfo] Failed to query cluster info: Operation not allowed because the VMKernel is shutting down
2025-09-02T11:52:55.186Z error vsand[2101511] [opID=MainThread cliutils::GetVSANClusterInfo] Failed to query cluster info: Operation not allowed because the VMKernel is shutting down
2025-09-02T11:53:00.189Z error vsand[2101511] [opID=MainThread cliutils::GetVSANClusterInfo] Failed to query cluster info: Operation not allowed because the VMKernel is shutting down
2025-09-02T11:53:05.190Z error vsand[2101511] [opID=MainThread cliutils::GetVSANClusterInfo] Failed to query cluster info: Operation not allowed because the VMKernel is shutting down
2025-09-02T11:53:10.193Z error vsand[2101511] [opID=MainThread cliutils::GetVSANClusterInfo] Failed to query cluster info: Operation not allowed because the VMKernel is shutting down
2025-09-02T11:53:15.195Z error vsand[2101511] [opID=MainThread cliutils::GetVSANClusterInfo] Failed to query cluster info: Operation not allowed because the VMKernel is shutting down
2025-09-02T11:53:20.196Z error vsand[2101511] [opID=MainThread cliutils::GetVSANClusterInfo] Failed to query cluster info: Operation not allowed because the VMKernel is shutting down
2025-09-02T11:53:25.198Z error vsand[2101511] [opID=MainThread cliutils::GetVSANClusterInfo] Failed to query cluster info: Operation not allowed because the VMKernel is shutting down
2025-09-02T11:53:30.201Z error vsand[2101511] [opID=MainThread cliutils::GetVSANClusterInfo] Failed to query cluster info: Operation not allowed because the VMKernel is shutting down
2025-09-02T11:53:35.202Z error vsand[2101511] [opID=MainThread cliutils::GetVSANClusterInfo] Failed to query cluster info: Operation not allowed because the VMKernel is shutting down
2025-09-02T11:53:40.205Z error vsand[2101511] [opID=MainThread cliutils::GetVSANClusterInfo] Failed to query cluster info: Operation not allowed because the VMKernel is shutting down
2025-09-02T11:53:45.209Z error vsand[2101511] [opID=MainThread cliutils::GetVSANClusterInfo] Failed to query cluster info: Operation not allowed because the VMKernel is shutting down
2025-09-02T11:53:50.212Z error vsand[2101511] [opID=MainThread cliutils::GetVSANClusterInfo] Failed to query cluster info: Operation not allowed because the VMKernel is shutting down
2025-09-02T11:53:55.213Z error vsand[2101511] [opID=MainThread cliutils::GetVSANClusterInfo] Failed to query cluster info: Operation not allowed because the VMKernel is shutting down
2025-09-02T11:54:00.216Z error vsand[2101511] [opID=MainThread cliutils::GetVSANClusterInfo] Failed to query cluster info: Operation not allowed because the VMKernel is shutting down
2025-09-02T11:54:05.219Z error vsand[2101511] [opID=MainThread cliutils::GetVSANClusterInfo] Failed to query cluster info: Operation not allowed because the VMKernel is shutting down
2025-09-02T11:54:10.223Z error vsand[2101511] [opID=MainThread cliutils::GetVSANClusterInfo] Failed to query cluster info: Operation not allowed because the VMKernel is shutting down
2025-09-02T11:54:15.224Z error vsand[2101511] [opID=MainThread cliutils::GetVSANClusterInfo] Failed to query cluster info: Operation not allowed because the VMKernel is shutting down
2025-09-02T11:54:20.226Z error vsand[2101511] [opID=MainThread cliutils::GetVSANClusterInfo] Failed to query cluster info: Operation not allowed because the VMKernel is shutting down
2025-09-02T11:54:25.229Z error vsand[2101511] [opID=MainThread cliutils::GetVSANClusterInfo] Failed to query cluster info: Operation not allowed because the VMKernel is shutting down
2025-09-02T11:54:30.230Z error vsand[2101511] [opID=MainThread cliutils::GetVSANClusterInfo] Failed to query cluster info: Operation not allowed because the VMKernel is shutting down
2025-09-02T11:54:35.233Z error vsand[2101511] [opID=MainThread cliutils::GetVSANClusterInfo] Failed to query cluster info: Operation not allowed because the VMKernel is shutting down
2025-09-02T11:54:40.235Z error vsand[2101511] [opID=MainThread cliutils::GetVSANClusterInfo] Failed to query cluster info: Operation not allowed because the VMKernel is shutting down
2025-09-02T11:54:45.236Z error vsand[2101511] [opID=MainThread cliutils::GetVSANClusterInfo] Failed to query cluster info: Operation not allowed because the VMKernel is shutting down
2025-09-02T11:54:50.239Z error vsand[2101511] [opID=MainThread cliutils::GetVSANClusterInfo] Failed to query cluster info: Operation not allowed because the VMKernel is shutting down
2025-09-02T11:54:55.242Z error vsand[2101511] [opID=MainThread cliutils::GetVSANClusterInfo] Failed to query cluster info: Operation not allowed because the VMKernel is shutting down
2025-09-02T11:55:00.245Z error vsand[2101511] [opID=MainThread cliutils::GetVSANClusterInfo] Failed to query cluster info: Operation not allowed because the VMKernel is shutting down
2025-09-02T11:55:05.249Z error vsand[2101511] [opID=MainThread cliutils::GetVSANClusterInfo] Failed to query cluster info: Operation not allowed because the VMKernel is shutting down
2025-09-02T11:55:10.252Z error vsand[2101511] [opID=MainThread cliutils::GetVSANClusterInfo] Failed to query cluster info: Operation not allowed because the VMKernel is shutting down
2025-09-02T11:55:15.255Z error vsand[2101511] [opID=MainThread cliutils::GetVSANClusterInfo] Failed to query cluster info: Operation not allowed because the VMKernel is shutting down
2025-09-02T11:55:20.258Z error vsand[2101511] [opID=MainThread cliutils::GetVSANClusterInfo] Failed to query cluster info: Operation not allowed because the VMKernel is shutting down
2025-09-02T11:55:25.261Z error vsand[2101511] [opID=MainThread cliutils::GetVSANClusterInfo] Failed to query cluster info: Operation not allowed because the VMKernel is shutting down
2025-09-02T11:55:30.265Z error vsand[2101511] [opID=MainThread cliutils::GetVSANClusterInfo] Failed to query cluster info: Operation not allowed because the VMKernel is shutting down
2025-09-02T11:55:35.266Z error vsand[2101511] [opID=MainThread cliutils::GetVSANClusterInfo] Failed to query cluster info: Operation not allowed because the VMKernel is shutting down
2025-09-02T11:55:40.269Z error vsand[2101511] [opID=MainThread cliutils::GetVSANClusterInfo] Failed to query cluster info: Operation not allowed because the VMKernel is shutting down
2025-09-02T11:55:45.273Z error vsand[2101511] [opID=MainThread cliutils::GetVSANClusterInfo] Failed to query cluster info: Operation not allowed because the VMKernel is shutting down
2025-09-02T11:55:50.275Z error vsand[2101511] [opID=MainThread cliutils::GetVSANClusterInfo] Failed to query cluster info: Operation not allowed because the VMKernel is shutting down
2025-09-02T11:55:55.276Z error vsand[2101511] [opID=MainThread cliutils::GetVSANClusterInfo] Failed to query cluster info: Operation not allowed because the VMKernel is shutting down
2025-09-02T11:56:00.278Z error vsand[2101511] [opID=MainThread cliutils::GetVSANClusterInfo] Failed to query cluster info: Operation not allowed because the VMKernel is shutting down
2025-09-02T11:56:05.281Z error vsand[2101511] [opID=MainThread cliutils::GetVSANClusterInfo] Failed to query cluster info: Operation not allowed because the VMKernel is shutting down
2025-09-02T11:56:10.284Z error vsand[2101511] [opID=MainThread cliutils::GetVSANClusterInfo] Failed to query cluster info: Operation not allowed because the VMKernel is shutting down
2025-09-02T11:56:15.286Z error vsand[2101511] [opID=MainThread cliutils::GetVSANClusterInfo] Failed to query cluster info: Operation not allowed because the VMKernel is shutting down
2025-09-02T11:56:20.288Z error vsand[2101511] [opID=MainThread cliutils::GetVSANClusterInfo] Failed to query cluster info: Operation not allowed because the VMKernel is shutting down
2025-09-02T11:56:25.291Z error vsand[2101511] [opID=MainThread cliutils::GetVSANClusterInfo] Failed to query cluster info: Operation not allowed because the VMKernel is shutting down
2025-09-02T11:56:30.295Z error vsand[2101511] [opID=MainThread cliutils::GetVSANClusterInfo] Failed to query cluster info: Operation not allowed because the VMKernel is shutting down
2025-09-02T11:56:35.296Z error vsand[2101511] [opID=MainThread cliutils::GetVSANClusterInfo] Failed to query cluster info: Operation not allowed because the VMKernel is shutting down
2025-09-02T11:56:40.299Z error vsand[2101511] [opID=MainThread cliutils::GetVSANClusterInfo] Failed to query cluster info: Operation not allowed because the VMKernel is shutting down
2025-09-02T11:56:45.303Z error vsand[2101511] [opID=MainThread cliutils::GetVSANClusterInfo] Failed to query cluster info: Operation not allowed because the VMKernel is shutting down
2025-09-02T11:56:50.305Z info vsand[2101511] [opID=MainThread statsdaemon::UnsubscribeFromCMMDS] unsubscribe the CMMDS subscription for handler <statsdaemon.StatsDaemon object at 0xf002510320>
2025-09-02T11:56:50.305Z info vsand[2101511] [opID=MainThread statsdaemon::UnsubscribeFromCMMDS] unsubscribe the CMMDS subscription for handler <VsanHealthDaemon.CmmdsEntryDefaultHandler object at 0xf017cfef28>
2025-09-02T11:56:50.305Z info vsand[2101511] [opID=MainThread statsdaemon::UnsubscribeFromCMMDS] unsubscribe the CMMDS subscription for handler <VsanHealthDaemon.CmmdsEntryDefaultHandler object at 0xf017c16b38>
2025-09-02T11:56:50.305Z info vsand[2101511] [opID=MainThread statsdaemon::UnsubscribeFromCMMDS] unsubscribe the CMMDS subscription for handler <VsanHealthDaemon.CmmdsEntryDefaultHandler object at 0xf017c16cf8>
2025-09-02T11:56:50.305Z info vsand[2101511] [opID=MainThread statsdaemon::UnsubscribeFromCMMDS] unsubscribe the CMMDS subscription for handler <VsanHealthDaemon.CmmdsEntryDefaultHandler object at 0xf017c16898>
2025-09-02T11:56:50.305Z info vsand[2101511] [opID=MainThread statsdaemon::UnsubscribeFromCMMDS] unsubscribe the CMMDS subscription for handler <VsanHealthDaemon.CmmdsDiskHealthStatusHandler object at 0xf017c16cc0>
2025-09-02T11:56:51.306Z info vsand[2101511] [opID=MainThread VsanHealthDaemon::stop] vSAN health daemon thread has quit
2025-09-02T11:56:51.323Z warning vsand[2101557] [opID=Thread-5 VsanTaskTrackerImpl::_ThreadMain] Connection to hostd is down, need to reconnect
2025-09-02T11:56:51.323Z info vsand[2101511] [opID=MainThread VsanHealthUtil::LogoutLocalHostd] Done logout from local hostd.
2025-09-02T11:56:51.324Z info vsand[2101511] [opID=Dummy-14 VsanTaskTrackerImpl::StopTaskTracker] Stop task tracker
2001-01-01T03:29:55.871Z info vsand[2105772] [opID=MainThread VsanVmomiPatcher::PatchPyVmomi] Python 3.5.10 (default, Jul  1 2021, 03:54:37)  [GCC 4.6.3] on linux, optimize: 0
2001-01-01T03:29:56.032Z info vsand[2105772] [opID=MainThread VsanVmomiPatcher::PatchPyVmomi] Loaded bindings 'pyVmomi.VsanDpTypes'
2001-01-01T03:29:56.032Z info vsand[2105772] [opID=MainThread VsanVmomiPatcher::PatchPyVmomi] Loaded bindings 'pyVmomi.ReflectTypes'
2001-01-01T03:29:56.032Z info vsand[2105772] [opID=MainThread VsanVmomiPatcher::PatchPyVmomi] Loaded bindings 'pyVmomi.PbmObjects'
2001-01-01T03:29:56.032Z info vsand[2105772] [opID=MainThread VsanVmomiPatcher::PatchPyVmomi] Loaded bindings 'pyVmomi.QueryTypes'
2001-01-01T03:29:56.032Z info vsand[2105772] [opID=MainThread VsanVmomiPatcher::PatchPyVmomi] Loaded bindings 'pyVmomi.ServerObjects'
2001-01-01T03:29:56.033Z info vsand[2105772] [opID=MainThread VsanVmomiPatcher::PatchPyVmomi] Loaded bindings 'pyVmomi.CoreTypes'
2001-01-01T03:29:56.033Z info vsand[2105772] [opID=MainThread VsanVmomiPatcher::PatchPyVmomi] Supported top level names: {'vim', 'vmodl', 'ManagedObject', 'DataObject', 'pbm'}
2001-01-01T03:29:56.163Z info vsand[2105772] [opID=MainThread VsanVmomiPatcher::PatchPyVmomi] Patched VmomiSupport.LazyType
2001-01-01T03:29:56.163Z info vsand[2105772] [opID=MainThread VsanVmomiPatcher::PatchPyVmomi] Patched vmodl.MethodFault
2001-01-01T03:29:56.164Z info vsand[2105772] [opID=MainThread VsanVmomiPatcher::PatchPyVmomi] Patched vmodl.LocalizedMethodFault
2001-01-01T03:29:56.164Z info vsand[2105772] [opID=MainThread VsanVmomiPatcher::PatchPyVmomi] Patched vmodl.RuntimeFault
2001-01-01T03:29:56.164Z info vsand[2105772] [opID=MainThread VsanVmomiPatcher::PatchPyVmomi] Patched vmodl.DynamicData
2001-01-01T03:29:56.164Z info vsand[2105772] [opID=MainThread VsanVmomiPatcher::PatchPyVmomi] Patched VmomiSupport.DataObject
2001-01-01T03:29:56.164Z info vsand[2105772] [opID=MainThread VsanVmomiPatcher::PatchPyVmomi] pyvmomi is patched!
2001-01-01T03:29:56.169Z info vsand[2105772] [opID=MainThread VsanMgmtUtil::__init__] Initialized ObjectCache: 'ProfilerStatsCache', maxSize=10000, ttl=None
2001-01-01T03:29:56.593Z info vsand[2105772] [opID=MainThread statsdaemon::LoadAndRegisterManagedObjects] Loading VcsaDeployerSystem__ext_init__
2001-01-01T03:29:56.593Z info vsand[2105772] [opID=MainThread VcsaDeployerSystem__ext_init__::<module>] loading vcsaDeployer
2001-01-01T03:29:56.630Z info vsand[2105772] [opID=MainThread statsdaemon::LoadAndRegisterManagedObjects] Loading VsanCapabilitySystem__ext_init__
2001-01-01T03:29:56.634Z info vsand[2105772] [opID=MainThread statsdaemon::LoadAndRegisterManagedObjects] Loading VsanDebugSystem__ext_init__
2001-01-01T03:29:56.637Z info vsand[2105772] [opID=MainThread statsdaemon::LoadAndRegisterManagedObjects] Loading VsanDiskManagementSystem__ext_init__
2001-01-01T03:29:56.655Z info vsand[2105772] [opID=MainThread statsdaemon::LoadAndRegisterManagedObjects] Loading VsanHealth__ext_init__
2001-01-01T03:29:56.656Z info vsand[2105772] [opID=MainThread VsanPyVmomiProfiler::log] Profiler:
2001-01-01T03:29:56.657Z info vsand[2105772] [opID=MainThread VsanPyVmomiProfiler::logProfile]   Import VsanHealth sub modules: VsanHealthSystem: 0.00s, consumed: 0KB (+0KB), consumedPeak: 0KB (+0KB), effectiveMin: 102400KB (+0KB), effectiveMinPeak: 102400KB (+0KB), requestedMinPeak: 102400KB (+0KB)
2001-01-01T03:29:56.709Z info vsand[2105772] [opID=MainThread VsanHealthDaemon::run] Start VSAN Health Daemon Thread...
2001-01-01T03:29:56.711Z info vsand[2105772] [opID=MainThread VsanPyVmomiProfiler::log] Profiler:
2001-01-01T03:29:56.711Z info vsand[2105772] [opID=MainThread VsanPyVmomiProfiler::logProfile]   Import VsanHealth sub modules: VsanHealthSystemImpl: 0.05s, consumed: 48340KB (+48340KB), consumedPeak: 48340KB (+48340KB), effectiveMin: 102400KB (+0KB), effectiveMinPeak: 102400KB (+0KB), requestedMinPeak: 102400KB (+0KB)
2001-01-01T03:29:56.712Z info vsand[2105772] [opID=MainThread VsanPyVmomiProfiler::log] Profiler:
2001-01-01T03:29:56.712Z info vsand[2105772] [opID=MainThread VsanPyVmomiProfiler::logProfile]   Import VsanHealth sub modules: VsanClusterHealthSystem: 0.00s, consumed: 48340KB (+0KB), consumedPeak: 48340KB (+0KB), effectiveMin: 102400KB (+0KB), effectiveMinPeak: 102400KB (+0KB), requestedMinPeak: 102400KB (+0KB)
2001-01-01T03:29:56.712Z info vsand[2105772] [opID=MainThread VsanPyVmomiProfiler::log] Profiler:
2001-01-01T03:29:56.712Z info vsand[2105772] [opID=MainThread VsanPyVmomiProfiler::logProfile]   Import VsanHealth sub modules: VsanClusterHealthSystemImpl: 0.00s, consumed: 48340KB (+0KB), consumedPeak: 48340KB (+0KB), effectiveMin: 102400KB (+0KB), effectiveMinPeak: 102400KB (+0KB), requestedMinPeak: 102400KB (+0KB)
2001-01-01T03:29:56.714Z info vsand[2105772] [opID=MainThread VsanPyVmomiProfiler::log] Profiler:
2001-01-01T03:29:56.714Z info vsand[2105772] [opID=MainThread VsanPyVmomiProfiler::logProfile]   Import VsanHealth sub modules: VsanDataProtectionHostRecoverySystemImpl: 0.00s, consumed: 48340KB (+0KB), consumedPeak: 48340KB (+0KB), effectiveMin: 102400KB (+0KB), effectiveMinPeak: 102400KB (+0KB), requestedMinPeak: 102400KB (+0KB)
2001-01-01T03:29:56.741Z info vsand[2105772] [opID=MainThread VsanPyVmomiProfiler::log] Profiler:
2001-01-01T03:29:56.741Z info vsand[2105772] [opID=MainThread VsanPyVmomiProfiler::logProfile]   Import VsanHealth sub modules: VsanVcClusterHealthSystem: 0.03s, consumed: 48340KB (+0KB), consumedPeak: 48340KB (+0KB), effectiveMin: 102400KB (+0KB), effectiveMinPeak: 102400KB (+0KB), requestedMinPeak: 102400KB (+0KB)
2001-01-01T03:29:56.753Z info vsand[2105772] [opID=MainThread VsanPyVmomiProfiler::log] Profiler:
2001-01-01T03:29:56.754Z info vsand[2105772] [opID=MainThread VsanPyVmomiProfiler::logProfile]   Import VsanHealth sub modules: VsanVcClusterHealthSystemImpl: 0.01s, consumed: 48340KB (+0KB), consumedPeak: 48340KB (+0KB), effectiveMin: 102400KB (+0KB), effectiveMinPeak: 102400KB (+0KB), requestedMinPeak: 102400KB (+0KB)
2001-01-01T03:29:56.754Z info vsand[2105772] [opID=MainThread VsanPyVmomiProfiler::log] Profiler:
2001-01-01T03:29:56.754Z info vsand[2105772] [opID=MainThread VsanPyVmomiProfiler::logProfile]   Import VsanHealth sub modules: VsanSpaceReportSystem: 0.00s, consumed: 48340KB (+0KB), consumedPeak: 48340KB (+0KB), effectiveMin: 102400KB (+0KB), effectiveMinPeak: 102400KB (+0KB), requestedMinPeak: 102400KB (+0KB)
2001-01-01T03:29:56.756Z info vsand[2105772] [opID=MainThread VsanPyVmomiProfiler::log] Profiler:
2001-01-01T03:29:56.756Z info vsand[2105772] [opID=MainThread VsanPyVmomiProfiler::logProfile]   Import VsanHealth sub modules: VsanDataProtectionSpaceSystem: 0.00s, consumed: 48340KB (+0KB), consumedPeak: 48340KB (+0KB), effectiveMin: 102400KB (+0KB), effectiveMinPeak: 102400KB (+0KB), requestedMinPeak: 102400KB (+0KB)
2001-01-01T03:29:56.863Z info vsand[2105772] [opID=MainThread VsanPyVmomiProfiler::log] Profiler:
2001-01-01T03:29:56.863Z info vsand[2105772] [opID=MainThread VsanPyVmomiProfiler::logProfile]   Import VsanHealth sub modules: VsanDataProtectionSpaceSystemImpl: 0.11s, consumed: 48340KB (+0KB), consumedPeak: 48340KB (+0KB), effectiveMin: 102400KB (+0KB), effectiveMinPeak: 102400KB (+0KB), requestedMinPeak: 102400KB (+0KB)
2001-01-01T03:29:56.868Z info vsand[2105772] [opID=MainThread VsanPyVmomiProfiler::log] Profiler:
2001-01-01T03:29:56.869Z info vsand[2105772] [opID=MainThread VsanPyVmomiProfiler::logProfile]   Import VsanHealth sub modules: VsanVdsSystem: 0.01s, consumed: 48340KB (+0KB), consumedPeak: 48340KB (+0KB), effectiveMin: 102400KB (+0KB), effectiveMinPeak: 102400KB (+0KB), requestedMinPeak: 102400KB (+0KB)
2001-01-01T03:29:56.870Z info vsand[2105772] [opID=MainThread VsanPyVmomiProfiler::log] Profiler:
2001-01-01T03:29:56.871Z info vsand[2105772] [opID=MainThread VsanPyVmomiProfiler::logProfile]   Import VsanHealth sub modules: VsanVdsSystemImpl: 0.00s, consumed: 48340KB (+0KB), consumedPeak: 48340KB (+0KB), effectiveMin: 102400KB (+0KB), effectiveMinPeak: 102400KB (+0KB), requestedMinPeak: 102400KB (+0KB)
2001-01-01T03:29:56.875Z info vsand[2105772] [opID=MainThread VsanPyVmomiProfiler::log] Profiler:
2001-01-01T03:29:56.875Z info vsand[2105772] [opID=MainThread VsanPyVmomiProfiler::logProfile]   Import VsanHealth sub modules: VsanHostSystemProxyImpl: 0.00s, consumed: 48340KB (+0KB), consumedPeak: 48340KB (+0KB), effectiveMin: 102400KB (+0KB), effectiveMinPeak: 102400KB (+0KB), requestedMinPeak: 102400KB (+0KB)
2001-01-01T03:29:56.878Z info vsand[2105772] [opID=MainThread VsanPyVmomiProfiler::log] Profiler:
2001-01-01T03:29:56.878Z info vsand[2105772] [opID=MainThread VsanPyVmomiProfiler::logProfile]   Import VsanHealth sub modules: VsanVcPerformanceManagerImpl: 0.00s, consumed: 48340KB (+0KB), consumedPeak: 48340KB (+0KB), effectiveMin: 102400KB (+0KB), effectiveMinPeak: 102400KB (+0KB), requestedMinPeak: 102400KB (+0KB)
2001-01-01T03:29:56.878Z info vsand[2105772] [opID=MainThread VsanPyVmomiProfiler::log] Profiler:
2001-01-01T03:29:56.878Z info vsand[2105772] [opID=MainThread VsanPyVmomiProfiler::logProfile]   Import VsanHealth sub modules: VsanCommonTypes: 0.00s, consumed: 48340KB (+0KB), consumedPeak: 48340KB (+0KB), effectiveMin: 102400KB (+0KB), effectiveMinPeak: 102400KB (+0KB), requestedMinPeak: 102400KB (+0KB)
2001-01-01T03:29:56.886Z info vsand[2105772] [opID=MainThread VsanPyVmomiProfiler::log] Profiler:
2001-01-01T03:29:56.886Z info vsand[2105772] [opID=MainThread VsanPyVmomiProfiler::logProfile]   Import VsanHealth sub modules: VsanVcDiskFormatConverter: 0.01s, consumed: 48340KB (+0KB), consumedPeak: 48340KB (+0KB), effectiveMin: 102400KB (+0KB), effectiveMinPeak: 102400KB (+0KB), requestedMinPeak: 102400KB (+0KB)
2001-01-01T03:29:56.899Z info vsand[2105772] [opID=MainThread VsanPyVmomiProfiler::log] Profiler:
2001-01-01T03:29:56.899Z info vsand[2105772] [opID=MainThread VsanPyVmomiProfiler::logProfile]   Import VsanHealth sub modules: VsanVcDiskFormatConverterImpl: 0.01s, consumed: 48340KB (+0KB), consumedPeak: 48340KB (+0KB), effectiveMin: 102400KB (+0KB), effectiveMinPeak: 102400KB (+0KB), requestedMinPeak: 102400KB (+0KB)
2001-01-01T03:29:56.906Z info vsand[2105772] [opID=MainThread VsanPyVmomiProfiler::log] Profiler:
2001-01-01T03:29:56.906Z info vsand[2105772] [opID=MainThread VsanPyVmomiProfiler::logProfile]   Import VsanHealth sub modules: VsanMassCollector: 0.01s, consumed: 48340KB (+0KB), consumedPeak: 48340KB (+0KB), effectiveMin: 102400KB (+0KB), effectiveMinPeak: 102400KB (+0KB), requestedMinPeak: 102400KB (+0KB)
2001-01-01T03:29:56.908Z info vsand[2105772] [opID=MainThread VsanMgmtUtil::__init__] Initialized ObjectCache: 'ph_obfuscationLookupTable', maxSize=10000, ttl=None
2001-01-01T03:29:56.909Z info vsand[2105772] [opID=MainThread VsanMgmtUtil::__init__] Initialized ObjectCache: 'ph_database', maxSize=10000, ttl=None
2001-01-01T03:29:56.909Z info vsand[2105772] [opID=MainThread VsanMgmtUtil::__init__] Initialized ObjectCache: 'ph_exception_database', maxSize=10000, ttl=None
2001-01-01T03:29:56.914Z error vsand[2105772] [opID=MainThread VsanConfigUtil::isFeatureEnabledOnHost] Failed to get value for /config/VSAN/intOpts/CloudHealth Traceback (most recent call last):   File "/build/mts/release/bora-19184740/bora/build/vsan/release/vsanhealth/usr/lib/vmware/vsan/perfsvc/VsanConfigUtil.py", line 549, in isFeatureEnabledOnHost Exception: Not found
2001-01-01T03:29:56.916Z info vsand[2105772] [opID=MainThread VsanPyVmomiProfiler::log] Profiler:
2001-01-01T03:29:56.916Z info vsand[2105772] [opID=MainThread VsanPyVmomiProfiler::logProfile]   Import VsanHealth sub modules: VsanMassCollectorImpl: 0.01s, consumed: 48340KB (+0KB), consumedPeak: 48340KB (+0KB), effectiveMin: 102400KB (+0KB), effectiveMinPeak: 102400KB (+0KB), requestedMinPeak: 102400KB (+0KB)
2001-01-01T03:29:56.917Z info vsand[2105772] [opID=MainThread VsanPyVmomiProfiler::log] Profiler:
2001-01-01T03:29:56.917Z info vsand[2105772] [opID=MainThread VsanPyVmomiProfiler::logProfile]   Import VsanHealth sub modules: ServiceInstanceImpl: 0.00s, consumed: 48340KB (+0KB), consumedPeak: 48340KB (+0KB), effectiveMin: 102400KB (+0KB), effectiveMinPeak: 102400KB (+0KB), requestedMinPeak: 102400KB (+0KB)
2001-01-01T03:29:56.918Z info vsand[2105772] [opID=MainThread statsdaemon::LoadAndRegisterManagedObjects] Loading VsanIscsiTargetSystem__ext_init__
2001-01-01T03:29:56.964Z info vsand[2105772] [opID=MainThread statsdaemon::LoadAndRegisterManagedObjects] Loading VsanObjectSystem__ext_init__
2001-01-01T03:29:56.968Z info vsand[2105772] [opID=MainThread statsdaemon::LoadAndRegisterManagedObjects] Loading VsanPhoneHomeHostSystem__ext_init__
2001-01-01T03:29:56.972Z info vsand[2105772] [opID=MainThread statsdaemon::LoadAndRegisterManagedObjects] Loading VsanPrecheckerSystem__ext_init__
2001-01-01T03:29:56.977Z info vsand[2105772] [opID=MainThread statsdaemon::LoadAndRegisterManagedObjects] Loading VsanResourceCheckSystem__ext_init__
2001-01-01T03:29:56.984Z info vsand[2105772] [opID=MainThread statsdaemon::LoadAndRegisterManagedObjects] Loading VsanStretchedCluster__ext_init__
2001-01-01T03:29:56.990Z info vsand[2105772] [opID=MainThread statsdaemon::LoadAndRegisterManagedObjects] Loading VsanSystem__ext_init__
2001-01-01T03:29:56.992Z info vsand[2105819] [opID=Thread-5 VsanTaskTrackerImpl::_Reinit] Start connecting to hostd
2001-01-01T03:29:56.996Z info vsand[2105772] [opID=MainThread statsdaemon::LoadAndRegisterManagedObjects] Loading VsanVcDiskManagementSystem__ext_init__
2001-01-01T03:29:57.000Z info vsand[2105772] [opID=MainThread statsdaemon::LoadAndRegisterManagedObjects] Loading VsanVcIscsiTargetSystem__ext_init__
2001-01-01T03:29:57.004Z info vsand[2105772] [opID=MainThread statsdaemon::LoadAndRegisterManagedObjects] Loaded vSAN managed objects: 22 ({('vsanSystem', None): 'VsanSystemImpl:vsanSystem', ('ha-vsan-health-system', None): 'VsanHealthSystemImpl:ha-vsan-health-system', ('ha-cli-info-python', None): 'CLIInfoImpl:ha-cli-info-python', ('ha-vsan-disk-management-system', None): 'VsanDiskManagementSystemImpl:ha-vsan-disk-management-system', ('ha-dynamic-type-manager-python', None): 'DynamicTypeManager:ha-dynamic-type-manager-python', ('vsan-object-system', None): 'VsanObjectSystemImpl:vsan-object-system', ('ha-vsan-async-system', None): 'VsanAsyncSystemImpl:ha-vsan-async-system', ('vsan-iscsi-target-system', None): 'VsanIscsiTargetSystemImpl:vsan-iscsi-target-system', ('ha-vsan-cluster-health-system', None): 'VsanClusterHealthSystemImpl:ha-vsan-cluster-health-system', ('vsanDebugSyst
em', None): 'VsanDebugSystemImpl:vsanDebugSystem', ('ha-vsan-stretched-cluster-system', None): 'VsanStretchedClusterSystem:ha-vsan-stretched-cluster-system', ('vsan-internal-statsprovider', None): 'VsanInternalStatsProviderImpl:vsan-internal-statsprovider', ('ha-vsan-internal-system', None): 'VsanInternalSystem:ha-vsan-internal-system', ('ServiceInstance', None): 'ServiceInstanceImpl:ServiceInstance', ('vsan-performance-manager', None): 'VsanPerformanceManagerImpl:vsan-performance-manager', ('ha-vsan-prechecker-system', None): 'VsanPrecheckerSystemImpl:ha-vsan-prechecker-system', ('vsanSystemEx', None): 'VsanSystemExImpl:vsanSystemEx', ('vsan-vcsa-deployer-system', None): 'VsanVcsaDeployerSystemImpl:vsan-vcsa-deployer-system', ('ha-vsan-task-tracker', None): 'VsanTaskTrackerImpl:ha-vsan-task-tracker', ('vsan-capability-system', None): 'VsanCapabilitySystemImpl:vsan-capability-system', ('ha-vsan
-dp-space-system', None): 'VsanDataProtectionSpaceSystemImpl:ha-vsan-dp-space-system', ('ha-phonehome-host-system', None): 'VsanPhoneHomeHostSystemImpl:ha-phonehome-host-system'})
2001-01-01T03:29:57.005Z info vsand[2105772] [opID=MainThread VsanPyVmomiProfiler::log] Profiler:
2001-01-01T03:29:57.005Z info vsand[2105772] [opID=MainThread VsanPyVmomiProfiler::logProfile]   LoadAndRegisterManagedObjects: 0.43s, consumed: 48340KB (+48340KB), consumedPeak: 48340KB (+48340KB), effectiveMin: 102400KB (+0KB), effectiveMinPeak: 102400KB (+0KB), requestedMinPeak: 102400KB (+0KB)
2001-01-01T03:29:57.005Z info vsand[2105772] [opID=MainThread VsanPyVmomiProfiler::logProfile]   __import__VcsaDeployerSystem__ext_init__: 0.04s, consumed: 0KB (+0KB), consumedPeak: 0KB (+0KB), effectiveMin: 102400KB (+0KB), effectiveMinPeak: 102400KB (+0KB), requestedMinPeak: 102400KB (+0KB)
2001-01-01T03:29:57.005Z info vsand[2105772] [opID=MainThread VsanPyVmomiProfiler::logProfile]   __import__VsanCapabilitySystem__ext_init__: 0.00s, consumed: 0KB (+0KB), consumedPeak: 0KB (+0KB), effectiveMin: 102400KB (+0KB), effectiveMinPeak: 102400KB (+0KB), requestedMinPeak: 102400KB (+0KB)
2001-01-01T03:29:57.006Z info vsand[2105772] [opID=MainThread VsanPyVmomiProfiler::logProfile]   __import__VsanDebugSystem__ext_init__: 0.00s, consumed: 0KB (+0KB), consumedPeak: 0KB (+0KB), effectiveMin: 102400KB (+0KB), effectiveMinPeak: 102400KB (+0KB), requestedMinPeak: 102400KB (+0KB)
2001-01-01T03:29:57.006Z info vsand[2105772] [opID=MainThread VsanPyVmomiProfiler::logProfile]   __import__VsanDiskManagementSystem__ext_init__: 0.02s, consumed: 0KB (+0KB), consumedPeak: 0KB (+0KB), effectiveMin: 102400KB (+0KB), effectiveMinPeak: 102400KB (+0KB), requestedMinPeak: 102400KB (+0KB)
2001-01-01T03:29:57.006Z info vsand[2105772] [opID=MainThread VsanPyVmomiProfiler::logProfile]   __import__VsanHealth__ext_init__: 0.26s, consumed: 48340KB (+48340KB), consumedPeak: 48340KB (+48340KB), effectiveMin: 102400KB (+0KB), effectiveMinPeak: 102400KB (+0KB), requestedMinPeak: 102400KB (+0KB)
2001-01-01T03:29:57.006Z info vsand[2105772] [opID=MainThread VsanPyVmomiProfiler::logProfile]   __import__VsanIscsiTargetSystem__ext_init__: 0.05s, consumed: 48340KB (+0KB), consumedPeak: 48340KB (+0KB), effectiveMin: 102400KB (+0KB), effectiveMinPeak: 102400KB (+0KB), requestedMinPeak: 102400KB (+0KB)
2001-01-01T03:29:57.006Z info vsand[2105772] [opID=MainThread VsanPyVmomiProfiler::logProfile]   __import__VsanObjectSystem__ext_init__: 0.00s, consumed: 48340KB (+0KB), consumedPeak: 48340KB (+0KB), effectiveMin: 102400KB (+0KB), effectiveMinPeak: 102400KB (+0KB), requestedMinPeak: 102400KB (+0KB)
2001-01-01T03:29:57.007Z info vsand[2105772] [opID=MainThread VsanPyVmomiProfiler::logProfile]   __import__VsanPhoneHomeHostSystem__ext_init__: 0.00s, consumed: 48340KB (+0KB), consumedPeak: 48340KB (+0KB), effectiveMin: 102400KB (+0KB), effectiveMinPeak: 102400KB (+0KB), requestedMinPeak: 102400KB (+0KB)
2001-01-01T03:29:57.007Z info vsand[2105772] [opID=MainThread VsanPyVmomiProfiler::logProfile]   __import__VsanPrecheckerSystem__ext_init__: 0.00s, consumed: 48340KB (+0KB), consumedPeak: 48340KB (+0KB), effectiveMin: 102400KB (+0KB), effectiveMinPeak: 102400KB (+0KB), requestedMinPeak: 102400KB (+0KB)
2001-01-01T03:29:57.007Z info vsand[2105772] [opID=MainThread VsanPyVmomiProfiler::logProfile]   __import__VsanResourceCheckSystem__ext_init__: 0.01s, consumed: 48340KB (+0KB), consumedPeak: 48340KB (+0KB), effectiveMin: 102400KB (+0KB), effectiveMinPeak: 102400KB (+0KB), requestedMinPeak: 102400KB (+0KB)
2001-01-01T03:29:57.007Z info vsand[2105772] [opID=MainThread VsanPyVmomiProfiler::logProfile]   __import__VsanStretchedCluster__ext_init__: 0.01s, consumed: 48340KB (+0KB), consumedPeak: 48340KB (+0KB), effectiveMin: 102400KB (+0KB), effectiveMinPeak: 102400KB (+0KB), requestedMinPeak: 102400KB (+0KB)
2001-01-01T03:29:57.007Z info vsand[2105772] [opID=MainThread VsanPyVmomiProfiler::logProfile]   __import__VsanSystem__ext_init__: 0.01s, consumed: 48340KB (+0KB), consumedPeak: 48340KB (+0KB), effectiveMin: 102400KB (+0KB), effectiveMinPeak: 102400KB (+0KB), requestedMinPeak: 102400KB (+0KB)
2001-01-01T03:29:57.008Z info vsand[2105772] [opID=MainThread VsanPyVmomiProfiler::logProfile]   __import__VsanVcDiskManagementSystem__ext_init__: 0.00s, consumed: 48340KB (+0KB), consumedPeak: 48340KB (+0KB), effectiveMin: 102400KB (+0KB), effectiveMinPeak: 102400KB (+0KB), requestedMinPeak: 102400KB (+0KB)
2001-01-01T03:29:57.008Z info vsand[2105772] [opID=MainThread VsanPyVmomiProfiler::logProfile]   __import__VsanVcIscsiTargetSystem__ext_init__: 0.00s, consumed: 48340KB (+0KB), consumedPeak: 48340KB (+0KB), effectiveMin: 102400KB (+0KB), effectiveMinPeak: 102400KB (+0KB), requestedMinPeak: 102400KB (+0KB)
2001-01-01T03:29:57.008Z info vsand[2105772] [opID=MainThread VsanPyVmomiProfiler::logProfile]   scanExtInitFiles: 0.01s, consumed: 0KB (+0KB), consumedPeak: 0KB (+0KB), effectiveMin: 102400KB (+0KB), effectiveMinPeak: 102400KB (+0KB), requestedMinPeak: 102400KB (+0KB)
2001-01-01T03:29:57.008Z info vsand[2105772] [opID=MainThread VsanPyVmomiProfiler::logProfile]   vsanPerfMgr: 0.01s, consumed: 0KB (+0KB), consumedPeak: 0KB (+0KB), effectiveMin: 102400KB (+0KB), effectiveMinPeak: 102400KB (+0KB), requestedMinPeak: 102400KB (+0KB)
2001-01-01T03:29:57.009Z info vsand[2105772] [opID=MainThread VsanPyVmomiProfiler::logProfile]   vsanPerfPyMo: 0.00s, consumed: 0KB (+0KB), consumedPeak: 0KB (+0KB), effectiveMin: 102400KB (+0KB), effectiveMinPeak: 102400KB (+0KB), requestedMinPeak: 102400KB (+0KB)
2001-01-01T03:29:57.009Z info vsand[2105772] [opID=MainThread VsanVmomiPatcher::PatchMoManager] MoManager is patched!
2001-01-01T03:29:57.066Z info vsand[2105819] [opID=Thread-5 VsanHealthUtil::LoginLocalHostd] Done login/relogin to local hostd.
2001-01-01T03:29:57.093Z info vsand[2105819] [opID=Thread-5 VsanTaskTrackerImpl::_Reinit] Done connecting to hostd
2001-01-01T03:29:57.096Z info vsand[2105772] [opID=MainThread statsdaemon::run] Connected to hostd, VMware ESXi 6.7.0 build-19195723
2001-01-01T03:29:57.174Z info vsand[2105772] [opID=MainThread VsanHealthUtil::importEsxcliTypes] Begin to import esxcli types
2001-01-01T03:29:57.545Z info vsand[2105772] [opID=MainThread statsdaemon::run] import network type successfully
2001-01-01T03:29:57.546Z error vsand[2105772] [opID=MainThread cliutils::SubscribeToCMMDS] uninstalling subscription Traceback (most recent call last):   File "/build/mts/release/bora-19184740/bora/build/vsan/release/vsanhealth/usr/lib/vmware/vsan/perfsvc/cliutils.py", line 333, in SubscribeToCMMDS RuntimeError: Operation not allowed because the VMKernel is shutting down
2001-01-01T03:29:57.546Z error vsand[2105772] [opID=MainThread cliutils::GetVSANClusterInfo] Failed to query cluster info: Operation not allowed because the VMKernel is shutting down
2001-01-01T03:29:57.547Z info vsand[2105772] [opID=MainThread statsdaemon::_logDaemonMemoryStats] Daemon memory stats: eMin=102.400MB, eMinPeak=102.400MB, rMinPeak=102.400MB
2001-01-01T03:29:57.548Z info vsand[2105772] [opID=MainThread statsdaemon::_logDaemonMemoryStats]   'python.2105772' memory stats: eMin=79.216MB, eMinPeak=79.216MB, rMinPeak=79.216MB
2001-01-01T03:29:58.711Z info vsand[2105811] [opID=Thread-2 VsanHealthDaemon::_subscribeCmmds] Subscribe CMMDS entry change listener
2001-01-01T03:29:58.712Z error vsand[2105811] [opID=Thread-2 cliutils::SubscribeToCMMDS] uninstalling subscription Traceback (most recent call last):   File "/build/mts/release/bora-19184740/bora/build/vsan/release/vsanhealth/usr/lib/vmware/vsan/perfsvc/cliutils.py", line 333, in SubscribeToCMMDS RuntimeError: Operation not allowed because the VMKernel is shutting down
2001-01-01T03:29:58.712Z error vsand[2105811] [opID=Thread-2 cliutils::SubscribeToCMMDS] uninstalling subscription Traceback (most recent call last):   File "/build/mts/release/bora-19184740/bora/build/vsan/release/vsanhealth/usr/lib/vmware/vsan/perfsvc/cliutils.py", line 333, in SubscribeToCMMDS RuntimeError: Operation not allowed because the VMKernel is shutting down
2001-01-01T03:29:58.712Z error vsand[2105811] [opID=Thread-2 cliutils::SubscribeToCMMDS] uninstalling subscription Traceback (most recent call last):   File "/build/mts/release/bora-19184740/bora/build/vsan/release/vsanhealth/usr/lib/vmware/vsan/perfsvc/cliutils.py", line 333, in SubscribeToCMMDS RuntimeError: Operation not allowed because the VMKernel is shutting down
2001-01-01T03:29:58.713Z error vsand[2105811] [opID=Thread-2 cliutils::SubscribeToCMMDS] uninstalling subscription Traceback (most recent call last):   File "/build/mts/release/bora-19184740/bora/build/vsan/release/vsanhealth/usr/lib/vmware/vsan/perfsvc/cliutils.py", line 333, in SubscribeToCMMDS RuntimeError: Operation not allowed because the VMKernel is shutting down
2001-01-01T03:29:58.713Z error vsand[2105811] [opID=Thread-2 cliutils::SubscribeToCMMDS] uninstalling subscription Traceback (most recent call last):   File "/build/mts/release/bora-19184740/bora/build/vsan/release/vsanhealth/usr/lib/vmware/vsan/perfsvc/cliutils.py", line 333, in SubscribeToCMMDS RuntimeError: Operation not allowed because the VMKernel is shutting down
2001-01-01T03:29:58.713Z info vsand[2105811] [opID=Thread-2 VsanHealthDaemon::doVsanHealthCheck] Skip VSAN health check due to the VSAN is disabled
2001-01-01T03:29:58.780Z info vsand[2105806] [opID=e8ca298d VsanCapabilitySystemImpl::_GetConfigOptionValue] _GetConfigOptionValue value 1 for Encryption
2001-01-01T03:29:58.780Z info vsand[2105806] [opID=e8ca298d VsanCapabilitySystemImpl::_GetConfigOptionValue] _GetConfigOptionValue value 1 for DecomWhatIf
2001-01-01T03:29:58.780Z info vsand[2105806] [opID=e8ca298d VsanCapabilitySystemImpl::_GetConfigOptionValue] _GetConfigOptionValue value 1 for ThrottleResync
2001-01-01T03:29:58.780Z info vsand[2105806] [opID=e8ca298d VsanCapabilitySystemImpl::_GetConfigOptionValue] _GetConfigOptionValue value 1 for UnicastMode
2001-01-01T03:29:58.780Z info vsand[2105806] [opID=e8ca298d VsanCapabilitySystemImpl::_GetConfigOptionValue] _GetConfigOptionValue value 1 for Device4KSupport
2001-01-01T03:29:58.780Z info vsand[2105806] [opID=e8ca298d VsanCapabilitySystemImpl::_GetConfigOptionValue] _GetConfigOptionValue value 1 for NestedFD
2001-01-01T03:29:58.780Z info vsand[2105806] [opID=e8ca298d VsanCapabilitySystemImpl::_GetConfigOptionValue] _GetConfigOptionValue value 0 for CompliancePrecheck
2001-01-01T03:29:58.781Z info vsand[2105806] [opID=e8ca298d VsanCapabilitySystemImpl::_GetConfigOptionValue] _GetConfigOptionValue value 1 for VumIntegration
2001-01-01T03:29:58.781Z info vsand[2105806] [opID=e8ca298d VsanCapabilitySystemImpl::_GetConfigOptionValue] _GetConfigOptionValue value 1 for FirmwareUpdate
2001-01-01T03:29:58.781Z error vsand[2105806] [opID=e8ca298d VsanCapabilitySystemImpl::_GetConfigOptionValue] Unable to get value for FullStackFw due to: Not found
2001-01-01T03:29:58.781Z info vsand[2105806] [opID=e8ca298d VsanCapabilitySystemImpl::_GetConfigOptionValue] _GetConfigOptionValue value 1 for ConfigAssist
2001-01-01T03:29:58.781Z error vsand[2105806] [opID=e8ca298d VsanCapabilitySystemImpl::_GetConfigOptionValue] Unable to get value for Fcd due to: Not found
2001-01-01T03:29:58.781Z info vsand[2105806] [opID=e8ca298d VsanCapabilitySystemImpl::_GetConfigOptionValue] _GetConfigOptionValue value 0 for GenericNestedFD
2001-01-01T03:29:58.782Z info vsand[2105806] [opID=e8ca298d VsanCapabilitySystemImpl::_GetConfigOptionValue] _GetConfigOptionValue value 1 for HostAffinity
2001-01-01T03:29:58.782Z info vsand[2105806] [opID=e8ca298d VsanCapabilitySystemImpl::_GetConfigOptionValue] _GetConfigOptionValue value 1 for PolicyAssociation
2001-01-01T03:29:58.782Z info vsand[2105806] [opID=e8ca298d VsanCapabilitySystemImpl::_GetConfigOptionValue] _GetConfigOptionValue value 0 for VSAN_RDMA
2001-01-01T03:29:58.782Z info vsand[2105806] [opID=e8ca298d VsanCapabilitySystemImpl::_GetConfigOptionValue] _GetConfigOptionValue value 1 for ClomBgProRebalanceSwitch
2001-01-01T03:29:58.782Z info vsand[2105806] [opID=e8ca298d VsanCapabilitySystemImpl::_GetConfigOptionValue] _GetConfigOptionValue value 1 for ResourcePrecheck
2001-01-01T03:29:58.783Z info vsand[2105806] [opID=e8ca298d VsanCapabilitySystemImpl::_GetConfigOptionValue] _GetConfigOptionValue value 1 for EnableUpgradeAudit
2001-01-01T03:29:58.783Z info vsand[2105806] [opID=e8ca298d VsanCapabilitySystemImpl::_GetConfigOptionValue] _GetConfigOptionValue value 1 for ResyncEtaImprovement
2001-01-01T03:29:58.783Z info vsand[2105806] [opID=e8ca298d VsanCapabilitySystemImpl::_GetConfigOptionValue] _GetConfigOptionValue value 1 for VitOnlineResize
2001-01-01T03:29:58.783Z info vsand[2105806] [opID=e8ca298d VsanCapabilitySystemImpl::_GetConfigOptionValue] _GetConfigOptionValue value 0 for LargeCapacityDrive
2001-01-01T03:29:58.783Z info vsand[2105806] [opID=e8ca298d VsanCapabilitySystemImpl::GetCapabilities] Capabilities: ['hostaffinity', 'healthcheck2018q2', 'decomwhatif', 'historicalcapacity', 'resourceprecheck', 'resyncetaimprovement', 'upgraderesourceprecheck', 'objectidentities', 'encryption', 'enhancedresyncapi', 'configassist', 'stretchedcluster', 'throttleresync', 'netperftest', 'upgrade', 'clusterconfig', 'unicastmode', 'dataefficiency', 'policyassociation', 'nestedfd', 'purgeinaccessiblevmswapobjects', 'masspropertycollector', 'capability', 'firmwareupdate', 'device4ksupport', 'vitonlineresize', 'vumintegration', 'repairtimerinresyncstats', 'fileservices', 'allflash', 'diagnosticmode', 'automaticrebalance', 'cloudhealth', 'iscsitargets']
2001-01-01T03:29:58.848Z info vsand[2105791] [opID=0f897a61-2990 VsanVcObjectHelper::wrapper] Ready to get single executor result for the key ['_QueryVerifyNetworkSettings', 'ha-vsan-health-system', '', '', '', 'False'] in timeout 600
2001-01-01T03:29:58.848Z info vsand[2105791] [opID=0f897a61-2990 VsanVcObjectHelper::wrapper] Ready to call original function for execution
2001-01-01T03:29:58.848Z info vsand[2105791] [opID=0f897a61-2990 VsanHealthSystemImpl::_QueryVerifyNetworkSettings] Query network settings: (str) []:(str) []
2001-01-01T03:29:58.857Z info vsand[2105791] [opID=0f897a61-2990 VsanPyVmomiProfiler::logProfile]   invoke-method:ha-cli-handler-vsan-network:List: 0.01s, consumed: 66356KB (+0KB), consumedPeak: 66356KB (+0KB), effectiveMin: 102400KB (+0KB), effectiveMinPeak: 102400KB (+0KB), requestedMinPeak: 102400KB (+0KB)
2001-01-01T03:29:58.863Z info vsand[2105791] [opID=0f897a61-2990 VsanPyVmomiProfiler::logProfile]   invoke-method:ha-cli-handler-network-ip-interface:List: 0.00s, consumed: 66356KB (+0KB), consumedPeak: 66356KB (+0KB), effectiveMin: 102400KB (+0KB), effectiveMinPeak: 102400KB (+0KB), requestedMinPeak: 102400KB (+0KB)
2001-01-01T03:29:58.867Z info vsand[2105791] [opID=0f897a61-2990 VsanPyVmomiProfiler::logProfile]   invoke-method:ha-cli-handler-network-ip-interface-ipv6-address:List: 0.00s, consumed: 66356KB (+0KB), consumedPeak: 66356KB (+0KB), effectiveMin: 102400KB (+0KB), effectiveMinPeak: 102400KB (+0KB), requestedMinPeak: 102400KB (+0KB)
2001-01-01T03:29:58.871Z info vsand[2105791] [opID=0f897a61-2990 VsanPyVmomiProfiler::logProfile]   invoke-method:ha-cli-handler-network-ip-interface-ipv4:Get: 0.00s, consumed: 66356KB (+0KB), consumedPeak: 66356KB (+0KB), effectiveMin: 102400KB (+0KB), effectiveMinPeak: 102400KB (+0KB), requestedMinPeak: 102400KB (+0KB)
2001-01-01T03:29:58.875Z info vsand[2105791] [opID=0f897a61-2990 VsanPyVmomiProfiler::logProfile]   invoke-method:ha-cli-handler-network-ip-route-ipv4:List: 0.00s, consumed: 66356KB (+0KB), consumedPeak: 66356KB (+0KB), effectiveMin: 102400KB (+0KB), effectiveMinPeak: 102400KB (+0KB), requestedMinPeak: 102400KB (+0KB)
2001-01-01T03:29:58.880Z info vsand[2105791] [opID=0f897a61-2990 VsanPyVmomiProfiler::logProfile]   invoke-method:ha-cli-handler-network-ip-route-ipv6:List: 0.00s, consumed: 66356KB (+0KB), consumedPeak: 66356KB (+0KB), effectiveMin: 102400KB (+0KB), effectiveMinPeak: 102400KB (+0KB), requestedMinPeak: 102400KB (+0KB)
2001-01-01T03:29:58.881Z info vsand[2105791] [opID=0f897a61-2990 VsanVcObjectHelper::wrapper] Finish execute _QueryVerifyNetworkSettings
2001-01-01T03:29:58.881Z info vsand[2105791] [opID=0f897a61-2990 VsanVcObjectHelper::AddCallResultAndNotify] delete the single concurrent execution key
2001-01-01T03:29:58.881Z info vsand[2105791] [opID=0f897a61-2990 VsanPyVmomiProfiler::log] Profiler:
2001-01-01T03:29:58.881Z info vsand[2105791] [opID=0f897a61-2990 VsanPyVmomiProfiler::logProfile]   GetVsanVmknicConfigFromEsxCLI: 0.03s, consumed: 66356KB (+0KB), consumedPeak: 66356KB (+0KB), effectiveMin: 102400KB (+0KB), effectiveMinPeak: 102400KB (+0KB), requestedMinPeak: 102400KB (+0KB)
2001-01-01T03:29:58.881Z info vsand[2105791] [opID=0f897a61-2990 VsanPyVmomiProfiler::logProfile]   impl._QueryVerifyNetworkSettings: 0.03s, consumed: 66356KB (+0KB), consumedPeak: 66356KB (+0KB), effectiveMin: 102400KB (+0KB), effectiveMinPeak: 102400KB (+0KB), requestedMinPeak: 102400KB (+0KB)
2001-01-01T03:29:58.900Z error vsand[2105798] [opID=0f897a61-2991 cliutils::GetVSANClusterInfo] Failed to query cluster info: Operation not allowed because the VMKernel is shutting down
2001-01-01T03:29:58.922Z error vsand[2105798] [opID=0f897a61-2991 VsanHealthSystemImpl::CheckHostDaemonHealth] Failed to check status of epd Traceback (most recent call last):   File "/build/mts/release/bora-19184740/bora/build/vsan/release/vsanhealth/usr/lib/vmware/vsan/perfsvc/VsanHealthSystemImpl.py", line 3447, in CheckHostDaemonHealth   File "/build/mts/release/bora-19184740/bora/build/vsan/release/vsanhealth/usr/lib/vmware/vsan/perfsvc/VsanHealthHelpers.py", line 1221, in IsWitnessNode KeyError: 'Local Node UUID'
2001-01-01T03:29:58.945Z error vsand[2105798] [opID=0f897a61-2991 VsanHealthSystemImpl::CheckHostDaemonHealth] Service cmmdsd is not running: ret: 3, err:
2001-01-01T03:29:58.962Z info vsand[2105805] [opID=0f897a61-2992 VsanSystemImpl::_ConfigInfoPrintLog] configInfo: enabled=False, hostSystem='vim.HostSystem:ha-host'
2001-01-01T03:29:58.962Z info vsand[2105805] [opID=0f897a61-2992 VsanSystemImpl::_ConfigInfoPrintLog]    clusterInfo: uuid=, nodeUuid=
2001-01-01T03:29:58.962Z info vsand[2105805] [opID=0f897a61-2992 VsanSystemImpl::_ConfigInfoPrintLog]    storageInfo: autoClaimStorage=False, checksumEnabled=None
2001-01-01T03:29:58.962Z info vsand[2105805] [opID=0f897a61-2992 VsanSystemImpl::_ConfigInfoPrintLog]       diskMapping[]:
2001-01-01T03:29:58.962Z info vsand[2105805] [opID=0f897a61-2992 VsanSystemImpl::_ConfigInfoPrintLog]       diskMapInfo[]:
2001-01-01T03:29:58.963Z info vsand[2105805] [opID=0f897a61-2992 VsanSystemImpl::_ConfigInfoPrintLog]    networkInfo:
2001-01-01T03:29:58.963Z info vsand[2105805] [opID=0f897a61-2992 VsanSystemImpl::_ConfigInfoPrintLog]       port[]:
2001-01-01T03:29:58.963Z info vsand[2105805] [opID=0f897a61-2992 VsanSystemImpl::_ConfigInfoPrintLog]    faultDomainInfo: name=
2001-01-01T03:29:58.963Z info vsand[2105805] [opID=0f897a61-2992 VsanSystemImpl::_ConfigInfoPrintLog]    encryptionInfo: enabled=False, kekId=, hostKeyId=, clientKey=None, clientCert=(not set), dekGenerationId=0, changing=False, eraseDisksBeforeUse=False
2001-01-01T03:29:58.963Z info vsand[2105805] [opID=0f897a61-2992 VsanSystemImpl::_ConfigInfoPrintLog]       kmipServers[]:
2001-01-01T03:29:58.963Z info vsand[2105805] [opID=0f897a61-2992 VsanSystemImpl::_ConfigInfoPrintLog]       kmsServerCerts[]:
2001-01-01T03:29:58.963Z info vsand[2105805] [opID=0f897a61-2992 VsanSystemImpl::_ConfigInfoPrintLog]    dataEfficiencyInfo: dedupEnabled=False, compressionEnabled=None
2001-01-01T03:29:58.963Z info vsand[2105805] [opID=0f897a61-2992 VsanSystemImpl::_ConfigInfoPrintLog]    resyncIopsLimitInfo: resyncIops=0
2001-01-01T03:29:58.963Z info vsand[2105805] [opID=0f897a61-2992 VsanSystemImpl::_ConfigInfoPrintLog]    extendedConfig: objectRepairTimer=60, disableSiteReadLocality=False, enableCustomizedSwapObject=True, largeScaleClusterSupport=False
2001-01-01T03:29:58.964Z info vsand[2105805] [opID=0f897a61-2992 VsanSystemImpl::_ConfigInfoPrintLog]       proactiveRebalanceInfo: enabled=False, threshold=30
2001-01-01T03:29:58.964Z info vsand[2105805] [opID=0f897a61-2992 VsanSystemImpl::_ConfigInfoPrintLog]    datastoreInfo:
2001-01-01T03:29:58.964Z info vsand[2105805] [opID=0f897a61-2992 VsanSystemImpl::_ConfigInfoPrintLog]       datastores[]:
2001-01-01T03:29:58.964Z info vsand[2105805] [opID=0f897a61-2992 VsanSystemImpl::_ConfigInfoPrintLog]          uuid=, name=vsanDatastore
2001-01-01T03:29:58.964Z info vsand[2105805] [opID=0f897a61-2992 VsanSystemImpl::_ConfigInfoPrintLog]    unmapConfig: enable=False
2001-01-01T03:29:58.964Z info vsand[2105805] [opID=0f897a61-2992 VsanSystemImpl::_ConfigInfoPrintLog]    internalExtendedConfig: vcMaxDiskVersion=0
2001-01-01T03:29:58.964Z info vsand[2105805] [opID=0f897a61-2992 VsanSystemImpl::_ConfigInfoPrintLog]    rdmaConfig: None
2001-01-01T03:29:58.964Z info vsand[2105805] [opID=0f897a61-2992 VsanSystemImpl::_ConfigInfoPrintLog]    dataProtectionInfo: None
2001-01-01T03:29:58.965Z info vsand[2105805] [opID=0f897a61-2992 VsanSystemImpl::_ConfigInfoPrintLog]    witnessHostConfig[]:
2001-01-01T03:29:58.965Z info vsand[2105805] [opID=0f897a61-2992 VsanPyVmomiProfiler::log] Profiler:
2001-01-01T03:29:58.965Z info vsand[2105805] [opID=0f897a61-2992 VsanPyVmomiProfiler::logProfile]   impl.QueryVsanConfigByFilter: 0.01s, consumed: 66356KB (+0KB), consumedPeak: 66356KB (+0KB), effectiveMin: 102400KB (+0KB), effectiveMinPeak: 102400KB (+0KB), requestedMinPeak: 102400KB (+0KB)
2001-01-01T03:29:59.064Z info vsand[2105800] [opID=0f897a61-2995 VsanTaskTrackerImpl::CreateAndMonitorTask] Created task vmodlTask-ha-host-4290182706
2001-01-01T03:29:59.069Z info vsand[2105800] [opID=0f897a61-2995 VsanSystemImpl::Update] Calling VsanMOProvider.Update with config: ['config: enabled=None, hostSystem=None', '   clusterInfo: None', '   storageInfo: None', '   networkInfo: None', '   faultDomainInfo: None', '   encryptionInfo: None', '   dataEfficiencyInfo: None', '   resyncIopsLimitInfo: None', '   extendedConfig: None', '   datastoreInfo: None', '   unmapConfig: None', '   internalExtendedConfig: vcMaxDiskVersion=0', '   rdmaConfig: None', '   dataProtectionInfo: None', '   witnessHostConfig[]:']  Task: vmodlTask-ha-host-4290182706
2001-01-01T03:29:59.069Z info vsand[2105800] [opID=0f897a61-2995 VsanSystemImpl::Update] extendedConfig: {}
2001-01-01T03:29:59.072Z info vsand[2105819] [opID=Thread-5 VsanTaskTrackerImpl::_ThreadMain] PC Update: version = 1
2001-01-01T03:29:59.077Z info vsand[2105819] [opID=Thread-5 VsanTaskTrackerImpl::_ThreadMain] PC Update: version = 2
2001-01-01T03:29:59.082Z info vsand[2105819] [opID=Thread-5 VsanTaskTrackerImpl::_ThreadMain] PC Update: version = 3
2001-01-01T03:29:59.152Z info vsand[2105797] [opID=e8ca2999 VsanTaskTrackerImpl::_RemoveTaskLocked] Remove task vmodlTask-ha-host-4290182706 from cache table.
2001-01-01T03:30:02.550Z error vsand[2105772] [opID=MainThread cliutils::GetVSANClusterInfo] Failed to query cluster info: Operation not allowed because the VMKernel is shutting down
2001-01-01T03:30:02.694Z info vsand[2105810] [opID=Thread-1 VsanPyVmomiProfiler::logProfile]   invoke-method:ServiceInstance:RetrieveContent: 0.01s, consumed: 67100KB (+0KB), consumedPeak: 67100KB (+0KB), effectiveMin: 102400KB (+0KB), effectiveMinPeak: 102400KB (+0KB), requestedMinPeak: 102400KB (+0KB)
2001-01-01T03:30:02.714Z info vsand[2105810] [opID=Thread-1 VsanMgmtUtil::__init__] Initialized ObjectCache: 'healthSummaryCache', maxSize=1024, ttl=None
2001-01-01T03:30:02.715Z info vsand[2105810] [opID=Thread-1 VsanMgmtUtil::__init__] Initialized ObjectCache: 'healthHistoricalCache', maxSize=1024, ttl=4000
2001-01-01T03:30:02.716Z info vsand[2105810] [opID=Thread-1 VsanVcPerformanceManagerImpl::__init__] VsanVcPerformanceManagerImpl init
2001-01-01T03:30:02.719Z info vsand[2105810] [opID=Thread-1 VsanVcObjectSystemImpl::__init__] VsanVcObjectSystemImpl init
2001-01-01T03:30:02.720Z info vsand[2105810] [opID=Thread-1 VsanResourceCheckSystemImpl::__init__] VsanResourceCheckSystemImpl init
2001-01-01T03:30:02.720Z info vsand[2105810] [opID=Thread-1 VsanMgmtUtil::__init__] Initialized ObjectCache: 'DiskMappingCache', maxSize=2000, ttl=None
2001-01-01T03:30:02.720Z info vsand[2105810] [opID=Thread-1 VsanVcIscsiTargetSystemImpl::__init__] VsanVcIscsiTargetSystemImpl init
2001-01-01T03:30:07.553Z error vsand[2105772] [opID=MainThread cliutils::GetVSANClusterInfo] Failed to query cluster info: Operation not allowed because the VMKernel is shutting down
2001-01-01T03:30:12.556Z error vsand[2105772] [opID=MainThread cliutils::GetVSANClusterInfo] Failed to query cluster info: Operation not allowed because the VMKernel is shutting down
2001-01-01T03:30:17.559Z error vsand[2105772] [opID=MainThread cliutils::GetVSANClusterInfo] Failed to query cluster info: Operation not allowed because the VMKernel is shutting down
2001-01-01T03:30:22.562Z error vsand[2105772] [opID=MainThread cliutils::GetVSANClusterInfo] Failed to query cluster info: Operation not allowed because the VMKernel is shutting down
2001-01-01T03:30:27.565Z error vsand[2105772] [opID=MainThread cliutils::GetVSANClusterInfo] Failed to query cluster info: Operation not allowed because the VMKernel is shutting down
2001-01-01T03:30:32.568Z error vsand[2105772] [opID=MainThread cliutils::GetVSANClusterInfo] Failed to query cluster info: Operation not allowed because the VMKernel is shutting down
2001-01-01T03:30:37.571Z error vsand[2105772] [opID=MainThread cliutils::GetVSANClusterInfo] Failed to query cluster info: Operation not allowed because the VMKernel is shutting down
2001-01-01T03:30:42.574Z error vsand[2105772] [opID=MainThread cliutils::GetVSANClusterInfo] Failed to query cluster info: Operation not allowed because the VMKernel is shutting down
2001-01-01T03:30:47.576Z error vsand[2105772] [opID=MainThread cliutils::GetVSANClusterInfo] Failed to query cluster info: Operation not allowed because the VMKernel is shutting down
2001-01-01T03:30:52.579Z error vsand[2105772] [opID=MainThread cliutils::GetVSANClusterInfo] Failed to query cluster info: Operation not allowed because the VMKernel is shutting down
2001-01-01T03:30:57.582Z error vsand[2105772] [opID=MainThread cliutils::GetVSANClusterInfo] Failed to query cluster info: Operation not allowed because the VMKernel is shutting down
2001-01-01T03:31:02.585Z error vsand[2105772] [opID=MainThread cliutils::GetVSANClusterInfo] Failed to query cluster info: Operation not allowed because the VMKernel is shutting down
2001-01-01T03:31:07.588Z error vsand[2105772] [opID=MainThread cliutils::GetVSANClusterInfo] Failed to query cluster info: Operation not allowed because the VMKernel is shutting down
2001-01-01T03:31:12.591Z error vsand[2105772] [opID=MainThread cliutils::GetVSANClusterInfo] Failed to query cluster info: Operation not allowed because the VMKernel is shutting down
2001-01-01T03:31:17.594Z error vsand[2105772] [opID=MainThread cliutils::GetVSANClusterInfo] Failed to query cluster info: Operation not allowed because the VMKernel is shutting down
2001-01-01T03:31:22.596Z error vsand[2105772] [opID=MainThread cliutils::GetVSANClusterInfo] Failed to query cluster info: Operation not allowed because the VMKernel is shutting down
2001-01-01T03:31:27.599Z error vsand[2105772] [opID=MainThread cliutils::GetVSANClusterInfo] Failed to query cluster info: Operation not allowed because the VMKernel is shutting down
2001-01-01T03:31:32.602Z error vsand[2105772] [opID=MainThread cliutils::GetVSANClusterInfo] Failed to query cluster info: Operation not allowed because the VMKernel is shutting down
2001-01-01T03:31:37.605Z error vsand[2105772] [opID=MainThread cliutils::GetVSANClusterInfo] Failed to query cluster info: Operation not allowed because the VMKernel is shutting down
2001-01-01T03:31:42.608Z error vsand[2105772] [opID=MainThread cliutils::GetVSANClusterInfo] Failed to query cluster info: Operation not allowed because the VMKernel is shutting down
2001-01-01T03:31:47.611Z error vsand[2105772] [opID=MainThread cliutils::GetVSANClusterInfo] Failed to query cluster info: Operation not allowed because the VMKernel is shutting down
2001-01-01T03:31:52.614Z error vsand[2105772] [opID=MainThread cliutils::GetVSANClusterInfo] Failed to query cluster info: Operation not allowed because the VMKernel is shutting down
2001-01-01T03:31:57.618Z error vsand[2105772] [opID=MainThread cliutils::GetVSANClusterInfo] Failed to query cluster info: Operation not allowed because the VMKernel is shutting down
2001-01-01T03:32:02.621Z error vsand[2105772] [opID=MainThread cliutils::GetVSANClusterInfo] Failed to query cluster info: Operation not allowed because the VMKernel is shutting down
2001-01-01T03:32:07.624Z error vsand[2105772] [opID=MainThread cliutils::GetVSANClusterInfo] Failed to query cluster info: Operation not allowed because the VMKernel is shutting down
2001-01-01T03:32:12.626Z error vsand[2105772] [opID=MainThread cliutils::GetVSANClusterInfo] Failed to query cluster info: Operation not allowed because the VMKernel is shutting down
2001-01-01T03:32:17.629Z error vsand[2105772] [opID=MainThread cliutils::GetVSANClusterInfo] Failed to query cluster info: Operation not allowed because the VMKernel is shutting down
2001-01-01T03:32:22.632Z error vsand[2105772] [opID=MainThread cliutils::GetVSANClusterInfo] Failed to query cluster info: Operation not allowed because the VMKernel is shutting down
2001-01-01T03:32:27.635Z error vsand[2105772] [opID=MainThread cliutils::GetVSANClusterInfo] Failed to query cluster info: Operation not allowed because the VMKernel is shutting down
2001-01-01T03:32:32.638Z error vsand[2105772] [opID=MainThread cliutils::GetVSANClusterInfo] Failed to query cluster info: Operation not allowed because the VMKernel is shutting down
2001-01-01T03:32:37.641Z error vsand[2105772] [opID=MainThread cliutils::GetVSANClusterInfo] Failed to query cluster info: Operation not allowed because the VMKernel is shutting down
2001-01-01T03:32:42.644Z error vsand[2105772] [opID=MainThread cliutils::GetVSANClusterInfo] Failed to query cluster info: Operation not allowed because the VMKernel is shutting down
2001-01-01T03:32:47.646Z error vsand[2105772] [opID=MainThread cliutils::GetVSANClusterInfo] Failed to query cluster info: Operation not allowed because the VMKernel is shutting down
2001-01-01T03:32:52.649Z error vsand[2105772] [opID=MainThread cliutils::GetVSANClusterInfo] Failed to query cluster info: Operation not allowed because the VMKernel is shutting down
2001-01-01T03:32:57.651Z error vsand[2105772] [opID=MainThread cliutils::GetVSANClusterInfo] Failed to query cluster info: Operation not allowed because the VMKernel is shutting down
2001-01-01T03:33:02.654Z error vsand[2105772] [opID=MainThread cliutils::GetVSANClusterInfo] Failed to query cluster info: Operation not allowed because the VMKernel is shutting down
2001-01-01T03:33:07.656Z error vsand[2105772] [opID=MainThread cliutils::GetVSANClusterInfo] Failed to query cluster info: Operation not allowed because the VMKernel is shutting down
2001-01-01T03:33:12.658Z error vsand[2105772] [opID=MainThread cliutils::GetVSANClusterInfo] Failed to query cluster info: Operation not allowed because the VMKernel is shutting down
2001-01-01T03:33:17.659Z error vsand[2105772] [opID=MainThread cliutils::GetVSANClusterInfo] Failed to query cluster info: Operation not allowed because the VMKernel is shutting down
2001-01-01T03:33:22.661Z error vsand[2105772] [opID=MainThread cliutils::GetVSANClusterInfo] Failed to query cluster info: Operation not allowed because the VMKernel is shutting down
2001-01-01T03:33:27.664Z error vsand[2105772] [opID=MainThread cliutils::GetVSANClusterInfo] Failed to query cluster info: Operation not allowed because the VMKernel is shutting down
2001-01-01T03:33:32.666Z error vsand[2105772] [opID=MainThread cliutils::GetVSANClusterInfo] Failed to query cluster info: Operation not allowed because the VMKernel is shutting down
2001-01-01T03:33:37.669Z error vsand[2105772] [opID=MainThread cliutils::GetVSANClusterInfo] Failed to query cluster info: Operation not allowed because the VMKernel is shutting down
2001-01-01T03:33:42.672Z error vsand[2105772] [opID=MainThread cliutils::GetVSANClusterInfo] Failed to query cluster info: Operation not allowed because the VMKernel is shutting down
2001-01-01T03:33:47.675Z error vsand[2105772] [opID=MainThread cliutils::GetVSANClusterInfo] Failed to query cluster info: Operation not allowed because the VMKernel is shutting down
2001-01-01T03:33:52.678Z error vsand[2105772] [opID=MainThread cliutils::GetVSANClusterInfo] Failed to query cluster info: Operation not allowed because the VMKernel is shutting down
2001-01-01T03:33:57.681Z error vsand[2105772] [opID=MainThread cliutils::GetVSANClusterInfo] Failed to query cluster info: Operation not allowed because the VMKernel is shutting down
2001-01-01T03:34:02.684Z error vsand[2105772] [opID=MainThread cliutils::GetVSANClusterInfo] Failed to query cluster info: Operation not allowed because the VMKernel is shutting down
2001-01-01T03:34:07.686Z error vsand[2105772] [opID=MainThread cliutils::GetVSANClusterInfo] Failed to query cluster info: Operation not allowed because the VMKernel is shutting down
2001-01-01T03:34:12.689Z error vsand[2105772] [opID=MainThread cliutils::GetVSANClusterInfo] Failed to query cluster info: Operation not allowed because the VMKernel is shutting down
2001-01-01T03:34:17.692Z error vsand[2105772] [opID=MainThread cliutils::GetVSANClusterInfo] Failed to query cluster info: Operation not allowed because the VMKernel is shutting down
2001-01-01T03:34:22.695Z error vsand[2105772] [opID=MainThread cliutils::GetVSANClusterInfo] Failed to query cluster info: Operation not allowed because the VMKernel is shutting down
2001-01-01T03:34:27.698Z error vsand[2105772] [opID=MainThread cliutils::GetVSANClusterInfo] Failed to query cluster info: Operation not allowed because the VMKernel is shutting down
2001-01-01T03:34:32.701Z error vsand[2105772] [opID=MainThread cliutils::GetVSANClusterInfo] Failed to query cluster info: Operation not allowed because the VMKernel is shutting down
2001-01-01T03:34:37.704Z error vsand[2105772] [opID=MainThread cliutils::GetVSANClusterInfo] Failed to query cluster info: Operation not allowed because the VMKernel is shutting down
2001-01-01T03:34:42.706Z error vsand[2105772] [opID=MainThread cliutils::GetVSANClusterInfo] Failed to query cluster info: Operation not allowed because the VMKernel is shutting down
2001-01-01T03:34:47.709Z error vsand[2105772] [opID=MainThread cliutils::GetVSANClusterInfo] Failed to query cluster info: Operation not allowed because the VMKernel is shutting down
2001-01-01T03:34:52.712Z error vsand[2105772] [opID=MainThread cliutils::GetVSANClusterInfo] Failed to query cluster info: Operation not allowed because the VMKernel is shutting down
2001-01-01T03:34:57.715Z error vsand[2105772] [opID=MainThread cliutils::GetVSANClusterInfo] Failed to query cluster info: Operation not allowed because the VMKernel is shutting down
2001-01-01T03:34:58.715Z info vsand[2105811] [opID=Thread-2 VsanHealthDaemon::doVsanHealthCheck] Skip VSAN health check due to the VSAN is disabled
2001-01-01T03:35:02.718Z error vsand[2105772] [opID=MainThread cliutils::GetVSANClusterInfo] Failed to query cluster info: Operation not allowed because the VMKernel is shutting down
2001-01-01T03:35:07.721Z error vsand[2105772] [opID=MainThread cliutils::GetVSANClusterInfo] Failed to query cluster info: Operation not allowed because the VMKernel is shutting down
2001-01-01T03:35:12.724Z error vsand[2105772] [opID=MainThread cliutils::GetVSANClusterInfo] Failed to query cluster info: Operation not allowed because the VMKernel is shutting down
2001-01-01T03:35:17.726Z error vsand[2105772] [opID=MainThread cliutils::GetVSANClusterInfo] Failed to query cluster info: Operation not allowed because the VMKernel is shutting down
2001-01-01T03:35:22.729Z error vsand[2105772] [opID=MainThread cliutils::GetVSANClusterInfo] Failed to query cluster info: Operation not allowed because the VMKernel is shutting down
2001-01-01T03:35:27.732Z error vsand[2105772] [opID=MainThread cliutils::GetVSANClusterInfo] Failed to query cluster info: Operation not allowed because the VMKernel is shutting down
2001-01-01T03:35:32.735Z error vsand[2105772] [opID=MainThread cliutils::GetVSANClusterInfo] Failed to query cluster info: Operation not allowed because the VMKernel is shutting down
2001-01-01T03:35:37.738Z error vsand[2105772] [opID=MainThread cliutils::GetVSANClusterInfo] Failed to query cluster info: Operation not allowed because the VMKernel is shutting down
2001-01-01T03:35:42.741Z error vsand[2105772] [opID=MainThread cliutils::GetVSANClusterInfo] Failed to query cluster info: Operation not allowed because the VMKernel is shutting down
2001-01-01T03:35:47.744Z error vsand[2105772] [opID=MainThread cliutils::GetVSANClusterInfo] Failed to query cluster info: Operation not allowed because the VMKernel is shutting down
2001-01-01T03:35:52.746Z error vsand[2105772] [opID=MainThread cliutils::GetVSANClusterInfo] Failed to query cluster info: Operation not allowed because the VMKernel is shutting down
2001-01-01T03:35:57.749Z error vsand[2105772] [opID=MainThread cliutils::GetVSANClusterInfo] Failed to query cluster info: Operation not allowed because the VMKernel is shutting down
2001-01-01T03:36:02.752Z error vsand[2105772] [opID=MainThread cliutils::GetVSANClusterInfo] Failed to query cluster info: Operation not allowed because the VMKernel is shutting down
2001-01-01T03:36:07.755Z error vsand[2105772] [opID=MainThread cliutils::GetVSANClusterInfo] Failed to query cluster info: Operation not allowed because the VMKernel is shutting down
2001-01-01T03:36:12.758Z error vsand[2105772] [opID=MainThread cliutils::GetVSANClusterInfo] Failed to query cluster info: Operation not allowed because the VMKernel is shutting down
2001-01-01T03:36:17.761Z error vsand[2105772] [opID=MainThread cliutils::GetVSANClusterInfo] Failed to query cluster info: Operation not allowed because the VMKernel is shutting down
2001-01-01T03:36:22.764Z error vsand[2105772] [opID=MainThread cliutils::GetVSANClusterInfo] Failed to query cluster info: Operation not allowed because the VMKernel is shutting down
2001-01-01T03:36:27.766Z error vsand[2105772] [opID=MainThread cliutils::GetVSANClusterInfo] Failed to query cluster info: Operation not allowed because the VMKernel is shutting down
2001-01-01T03:36:32.769Z error vsand[2105772] [opID=MainThread cliutils::GetVSANClusterInfo] Failed to query cluster info: Operation not allowed because the VMKernel is shutting down
2001-01-01T03:36:37.772Z error vsand[2105772] [opID=MainThread cliutils::GetVSANClusterInfo] Failed to query cluster info: Operation not allowed because the VMKernel is shutting down
2001-01-01T03:36:42.775Z error vsand[2105772] [opID=MainThread cliutils::GetVSANClusterInfo] Failed to query cluster info: Operation not allowed because the VMKernel is shutting down
2001-01-01T03:36:47.778Z error vsand[2105772] [opID=MainThread cliutils::GetVSANClusterInfo] Failed to query cluster info: Operation not allowed because the VMKernel is shutting down
2001-01-01T03:36:52.781Z error vsand[2105772] [opID=MainThread cliutils::GetVSANClusterInfo] Failed to query cluster info: Operation not allowed because the VMKernel is shutting down
2001-01-01T03:36:57.784Z error vsand[2105772] [opID=MainThread cliutils::GetVSANClusterInfo] Failed to query cluster info: Operation not allowed because the VMKernel is shutting down
2001-01-01T03:37:02.786Z error vsand[2105772] [opID=MainThread cliutils::GetVSANClusterInfo] Failed to query cluster info: Operation not allowed because the VMKernel is shutting down
2001-01-01T03:37:07.789Z error vsand[2105772] [opID=MainThread cliutils::GetVSANClusterInfo] Failed to query cluster info: Operation not allowed because the VMKernel is shutting down
2001-01-01T03:37:12.792Z error vsand[2105772] [opID=MainThread cliutils::GetVSANClusterInfo] Failed to query cluster info: Operation not allowed because the VMKernel is shutting down
2001-01-01T03:37:17.795Z error vsand[2105772] [opID=MainThread cliutils::GetVSANClusterInfo] Failed to query cluster info: Operation not allowed because the VMKernel is shutting down
2001-01-01T03:37:22.798Z error vsand[2105772] [opID=MainThread cliutils::GetVSANClusterInfo] Failed to query cluster info: Operation not allowed because the VMKernel is shutting down
2001-01-01T03:37:27.801Z error vsand[2105772] [opID=MainThread cliutils::GetVSANClusterInfo] Failed to query cluster info: Operation not allowed because the VMKernel is shutting down
2001-01-01T03:37:32.804Z error vsand[2105772] [opID=MainThread cliutils::GetVSANClusterInfo] Failed to query cluster info: Operation not allowed because the VMKernel is shutting down
2001-01-01T03:37:37.806Z error vsand[2105772] [opID=MainThread cliutils::GetVSANClusterInfo] Failed to query cluster info: Operation not allowed because the VMKernel is shutting down
2001-01-01T03:37:42.809Z error vsand[2105772] [opID=MainThread cliutils::GetVSANClusterInfo] Failed to query cluster info: Operation not allowed because the VMKernel is shutting down
2001-01-01T03:37:47.812Z error vsand[2105772] [opID=MainThread cliutils::GetVSANClusterInfo] Failed to query cluster info: Operation not allowed because the VMKernel is shutting down
2001-01-01T03:37:52.815Z error vsand[2105772] [opID=MainThread cliutils::GetVSANClusterInfo] Failed to query cluster info: Operation not allowed because the VMKernel is shutting down
2001-01-01T03:37:57.818Z error vsand[2105772] [opID=MainThread cliutils::GetVSANClusterInfo] Failed to query cluster info: Operation not allowed because the VMKernel is shutting down
2001-01-01T03:38:02.821Z error vsand[2105772] [opID=MainThread cliutils::GetVSANClusterInfo] Failed to query cluster info: Operation not allowed because the VMKernel is shutting down
2001-01-01T03:38:07.824Z error vsand[2105772] [opID=MainThread cliutils::GetVSANClusterInfo] Failed to query cluster info: Operation not allowed because the VMKernel is shutting down
2001-01-01T03:38:12.826Z error vsand[2105772] [opID=MainThread cliutils::GetVSANClusterInfo] Failed to query cluster info: Operation not allowed because the VMKernel is shutting down
2001-01-01T03:38:17.829Z error vsand[2105772] [opID=MainThread cliutils::GetVSANClusterInfo] Failed to query cluster info: Operation not allowed because the VMKernel is shutting down
2001-01-01T03:38:22.832Z error vsand[2105772] [opID=MainThread cliutils::GetVSANClusterInfo] Failed to query cluster info: Operation not allowed because the VMKernel is shutting down
2001-01-01T03:38:27.835Z error vsand[2105772] [opID=MainThread cliutils::GetVSANClusterInfo] Failed to query cluster info: Operation not allowed because the VMKernel is shutting down
2001-01-01T03:38:32.838Z error vsand[2105772] [opID=MainThread cliutils::GetVSANClusterInfo] Failed to query cluster info: Operation not allowed because the VMKernel is shutting down
2001-01-01T03:38:37.841Z error vsand[2105772] [opID=MainThread cliutils::GetVSANClusterInfo] Failed to query cluster info: Operation not allowed because the VMKernel is shutting down
2001-01-01T03:38:42.844Z error vsand[2105772] [opID=MainThread cliutils::GetVSANClusterInfo] Failed to query cluster info: Operation not allowed because the VMKernel is shutting down
2001-01-01T03:38:47.846Z error vsand[2105772] [opID=MainThread cliutils::GetVSANClusterInfo] Failed to query cluster info: Operation not allowed because the VMKernel is shutting down
2001-01-01T03:38:52.849Z error vsand[2105772] [opID=MainThread cliutils::GetVSANClusterInfo] Failed to query cluster info: Operation not allowed because the VMKernel is shutting down
2001-01-01T03:38:57.852Z error vsand[2105772] [opID=MainThread cliutils::GetVSANClusterInfo] Failed to query cluster info: Operation not allowed because the VMKernel is shutting down
2001-01-01T03:39:02.855Z error vsand[2105772] [opID=MainThread cliutils::GetVSANClusterInfo] Failed to query cluster info: Operation not allowed because the VMKernel is shutting down
2001-01-01T03:39:07.858Z error vsand[2105772] [opID=MainThread cliutils::GetVSANClusterInfo] Failed to query cluster info: Operation not allowed because the VMKernel is shutting down
2001-01-01T03:39:12.861Z error vsand[2105772] [opID=MainThread cliutils::GetVSANClusterInfo] Failed to query cluster info: Operation not allowed because the VMKernel is shutting down
2001-01-01T03:39:17.864Z error vsand[2105772] [opID=MainThread cliutils::GetVSANClusterInfo] Failed to query cluster info: Operation not allowed because the VMKernel is shutting down
2001-01-01T03:39:22.866Z error vsand[2105772] [opID=MainThread cliutils::GetVSANClusterInfo] Failed to query cluster info: Operation not allowed because the VMKernel is shutting down
2001-01-01T03:39:27.868Z error vsand[2105772] [opID=MainThread cliutils::GetVSANClusterInfo] Failed to query cluster info: Operation not allowed because the VMKernel is shutting down
2001-01-01T03:39:32.871Z error vsand[2105772] [opID=MainThread cliutils::GetVSANClusterInfo] Failed to query cluster info: Operation not allowed because the VMKernel is shutting down
2001-01-01T03:39:37.874Z error vsand[2105772] [opID=MainThread cliutils::GetVSANClusterInfo] Failed to query cluster info: Operation not allowed because the VMKernel is shutting down
2001-01-01T03:39:42.876Z error vsand[2105772] [opID=MainThread cliutils::GetVSANClusterInfo] Failed to query cluster info: Operation not allowed because the VMKernel is shutting down
2001-01-01T03:39:47.879Z error vsand[2105772] [opID=MainThread cliutils::GetVSANClusterInfo] Failed to query cluster info: Operation not allowed because the VMKernel is shutting down
2001-01-01T03:39:52.882Z error vsand[2105772] [opID=MainThread cliutils::GetVSANClusterInfo] Failed to query cluster info: Operation not allowed because the VMKernel is shutting down
2001-01-01T03:39:57.885Z info vsand[2105772] [opID=MainThread statsdaemon::UnsubscribeFromCMMDS] unsubscribe the CMMDS subscription for handler <statsdaemon.StatsDaemon object at 0xb0d2b96320>
2001-01-01T03:39:57.885Z info vsand[2105772] [opID=MainThread statsdaemon::UnsubscribeFromCMMDS] unsubscribe the CMMDS subscription for handler <VsanHealthDaemon.CmmdsEntryDefaultHandler object at 0xb0e836a470>
2001-01-01T03:39:57.885Z info vsand[2105772] [opID=MainThread statsdaemon::UnsubscribeFromCMMDS] unsubscribe the CMMDS subscription for handler <VsanHealthDaemon.CmmdsEntryDefaultHandler object at 0xb0e82db898>
2001-01-01T03:39:57.886Z info vsand[2105772] [opID=MainThread statsdaemon::UnsubscribeFromCMMDS] unsubscribe the CMMDS subscription for handler <VsanHealthDaemon.CmmdsEntryDefaultHandler object at 0xb0e82dbba8>
2001-01-01T03:39:57.886Z info vsand[2105772] [opID=MainThread statsdaemon::UnsubscribeFromCMMDS] unsubscribe the CMMDS subscription for handler <VsanHealthDaemon.CmmdsEntryDefaultHandler object at 0xb0e82dbcc0>
2001-01-01T03:39:57.886Z info vsand[2105772] [opID=MainThread statsdaemon::UnsubscribeFromCMMDS] unsubscribe the CMMDS subscription for handler <VsanHealthDaemon.CmmdsDiskHealthStatusHandler object at 0xb0e82e3240>
2001-01-01T03:39:58.888Z info vsand[2105772] [opID=MainThread VsanHealthDaemon::stop] vSAN health daemon thread has quit
2001-01-01T03:39:58.904Z warning vsand[2105819] [opID=Thread-5 VsanTaskTrackerImpl::_ThreadMain] Connection to hostd is down, need to reconnect
2001-01-01T03:39:58.904Z info vsand[2105772] [opID=MainThread VsanHealthUtil::LogoutLocalHostd] Done logout from local hostd.
2001-01-01T03:39:58.905Z info vsand[2105772] [opID=Dummy-18 VsanTaskTrackerImpl::StopTaskTracker] Stop task tracker
2001-01-01T09:33:47.823Z info vsand[2108869] [opID=MainThread VsanVmomiPatcher::PatchPyVmomi] Python 3.5.10 (default, Jul  1 2021, 03:54:37)  [GCC 4.6.3] on linux, optimize: 0
2001-01-01T09:33:47.984Z info vsand[2108869] [opID=MainThread VsanVmomiPatcher::PatchPyVmomi] Loaded bindings 'pyVmomi.ReflectTypes'
2001-01-01T09:33:47.985Z info vsand[2108869] [opID=MainThread VsanVmomiPatcher::PatchPyVmomi] Loaded bindings 'pyVmomi.QueryTypes'
2001-01-01T09:33:47.985Z info vsand[2108869] [opID=MainThread VsanVmomiPatcher::PatchPyVmomi] Loaded bindings 'pyVmomi.PbmObjects'
2001-01-01T09:33:47.985Z info vsand[2108869] [opID=MainThread VsanVmomiPatcher::PatchPyVmomi] Loaded bindings 'pyVmomi.ServerObjects'
2001-01-01T09:33:47.985Z info vsand[2108869] [opID=MainThread VsanVmomiPatcher::PatchPyVmomi] Loaded bindings 'pyVmomi.VsanDpTypes'
2001-01-01T09:33:47.985Z info vsand[2108869] [opID=MainThread VsanVmomiPatcher::PatchPyVmomi] Loaded bindings 'pyVmomi.CoreTypes'
2001-01-01T09:33:47.986Z info vsand[2108869] [opID=MainThread VsanVmomiPatcher::PatchPyVmomi] Supported top level names: {'vmodl', 'DataObject', 'vim', 'ManagedObject', 'pbm'}
2001-01-01T09:33:48.112Z info vsand[2108869] [opID=MainThread VsanVmomiPatcher::PatchPyVmomi] Patched VmomiSupport.LazyType
2001-01-01T09:33:48.113Z info vsand[2108869] [opID=MainThread VsanVmomiPatcher::PatchPyVmomi] Patched vmodl.RuntimeFault
2001-01-01T09:33:48.113Z info vsand[2108869] [opID=MainThread VsanVmomiPatcher::PatchPyVmomi] Patched vmodl.MethodFault
2001-01-01T09:33:48.113Z info vsand[2108869] [opID=MainThread VsanVmomiPatcher::PatchPyVmomi] Patched vmodl.LocalizedMethodFault
2001-01-01T09:33:48.113Z info vsand[2108869] [opID=MainThread VsanVmomiPatcher::PatchPyVmomi] Patched vmodl.DynamicData
2001-01-01T09:33:48.114Z info vsand[2108869] [opID=MainThread VsanVmomiPatcher::PatchPyVmomi] Patched VmomiSupport.DataObject
2001-01-01T09:33:48.114Z info vsand[2108869] [opID=MainThread VsanVmomiPatcher::PatchPyVmomi] pyvmomi is patched!
2001-01-01T09:33:48.118Z info vsand[2108869] [opID=MainThread VsanMgmtUtil::__init__] Initialized ObjectCache: 'ProfilerStatsCache', maxSize=10000, ttl=None
2001-01-01T09:33:48.552Z info vsand[2108869] [opID=MainThread statsdaemon::LoadAndRegisterManagedObjects] Loading VcsaDeployerSystem__ext_init__
2001-01-01T09:33:48.553Z info vsand[2108869] [opID=MainThread VcsaDeployerSystem__ext_init__::<module>] loading vcsaDeployer
2001-01-01T09:33:48.590Z info vsand[2108869] [opID=MainThread statsdaemon::LoadAndRegisterManagedObjects] Loading VsanCapabilitySystem__ext_init__
2001-01-01T09:33:48.594Z info vsand[2108869] [opID=MainThread statsdaemon::LoadAndRegisterManagedObjects] Loading VsanDebugSystem__ext_init__
2001-01-01T09:33:48.597Z info vsand[2108869] [opID=MainThread statsdaemon::LoadAndRegisterManagedObjects] Loading VsanDiskManagementSystem__ext_init__
2001-01-01T09:33:48.616Z info vsand[2108869] [opID=MainThread statsdaemon::LoadAndRegisterManagedObjects] Loading VsanHealth__ext_init__
2001-01-01T09:33:48.617Z info vsand[2108869] [opID=MainThread VsanPyVmomiProfiler::log] Profiler:
2001-01-01T09:33:48.618Z info vsand[2108869] [opID=MainThread VsanPyVmomiProfiler::logProfile]   Import VsanHealth sub modules: VsanHealthSystem: 0.00s, consumed: 0KB (+0KB), consumedPeak: 70692KB (+0KB), effectiveMin: 102400KB (+0KB), effectiveMinPeak: 102400KB (+0KB), requestedMinPeak: 102400KB (+0KB)
2001-01-01T09:33:48.674Z info vsand[2108869] [opID=MainThread VsanHealthDaemon::run] Start VSAN Health Daemon Thread...
2001-01-01T09:33:48.674Z info vsand[2108869] [opID=MainThread VsanPyVmomiProfiler::log] Profiler:
2001-01-01T09:33:48.675Z info vsand[2108869] [opID=MainThread VsanPyVmomiProfiler::logProfile]   Import VsanHealth sub modules: VsanHealthSystemImpl: 0.06s, consumed: 49808KB (+49808KB), consumedPeak: 70692KB (+0KB), effectiveMin: 102400KB (+0KB), effectiveMinPeak: 102400KB (+0KB), requestedMinPeak: 102400KB (+0KB)
2001-01-01T09:33:48.675Z info vsand[2108869] [opID=MainThread VsanPyVmomiProfiler::log] Profiler:
2001-01-01T09:33:48.675Z info vsand[2108869] [opID=MainThread VsanPyVmomiProfiler::logProfile]   Import VsanHealth sub modules: VsanClusterHealthSystem: 0.00s, consumed: 49808KB (+0KB), consumedPeak: 70692KB (+0KB), effectiveMin: 102400KB (+0KB), effectiveMinPeak: 102400KB (+0KB), requestedMinPeak: 102400KB (+0KB)
2001-01-01T09:33:48.676Z info vsand[2108869] [opID=MainThread VsanPyVmomiProfiler::log] Profiler:
2001-01-01T09:33:48.676Z info vsand[2108869] [opID=MainThread VsanPyVmomiProfiler::logProfile]   Import VsanHealth sub modules: VsanClusterHealthSystemImpl: 0.00s, consumed: 49808KB (+0KB), consumedPeak: 70692KB (+0KB), effectiveMin: 102400KB (+0KB), effectiveMinPeak: 102400KB (+0KB), requestedMinPeak: 102400KB (+0KB)
2001-01-01T09:33:48.677Z info vsand[2108869] [opID=MainThread VsanPyVmomiProfiler::log] Profiler:
2001-01-01T09:33:48.677Z info vsand[2108869] [opID=MainThread VsanPyVmomiProfiler::logProfile]   Import VsanHealth sub modules: VsanDataProtectionHostRecoverySystemImpl: 0.00s, consumed: 49808KB (+0KB), consumedPeak: 70692KB (+0KB), effectiveMin: 102400KB (+0KB), effectiveMinPeak: 102400KB (+0KB), requestedMinPeak: 102400KB (+0KB)
2001-01-01T09:33:48.704Z info vsand[2108869] [opID=MainThread VsanPyVmomiProfiler::log] Profiler:
2001-01-01T09:33:48.705Z info vsand[2108869] [opID=MainThread VsanPyVmomiProfiler::logProfile]   Import VsanHealth sub modules: VsanVcClusterHealthSystem: 0.03s, consumed: 49808KB (+0KB), consumedPeak: 70692KB (+0KB), effectiveMin: 102400KB (+0KB), effectiveMinPeak: 102400KB (+0KB), requestedMinPeak: 102400KB (+0KB)
2001-01-01T09:33:48.717Z info vsand[2108869] [opID=MainThread VsanPyVmomiProfiler::log] Profiler:
2001-01-01T09:33:48.717Z info vsand[2108869] [opID=MainThread VsanPyVmomiProfiler::logProfile]   Import VsanHealth sub modules: VsanVcClusterHealthSystemImpl: 0.01s, consumed: 49808KB (+0KB), consumedPeak: 70692KB (+0KB), effectiveMin: 102400KB (+0KB), effectiveMinPeak: 102400KB (+0KB), requestedMinPeak: 102400KB (+0KB)
2001-01-01T09:33:48.717Z info vsand[2108869] [opID=MainThread VsanPyVmomiProfiler::log] Profiler:
2001-01-01T09:33:48.718Z info vsand[2108869] [opID=MainThread VsanPyVmomiProfiler::logProfile]   Import VsanHealth sub modules: VsanSpaceReportSystem: 0.00s, consumed: 49808KB (+0KB), consumedPeak: 70692KB (+0KB), effectiveMin: 102400KB (+0KB), effectiveMinPeak: 102400KB (+0KB), requestedMinPeak: 102400KB (+0KB)
2001-01-01T09:33:48.719Z info vsand[2108869] [opID=MainThread VsanPyVmomiProfiler::log] Profiler:
2001-01-01T09:33:48.720Z info vsand[2108869] [opID=MainThread VsanPyVmomiProfiler::logProfile]   Import VsanHealth sub modules: VsanDataProtectionSpaceSystem: 0.00s, consumed: 49808KB (+0KB), consumedPeak: 70692KB (+0KB), effectiveMin: 102400KB (+0KB), effectiveMinPeak: 102400KB (+0KB), requestedMinPeak: 102400KB (+0KB)
2001-01-01T09:33:48.828Z info vsand[2108869] [opID=MainThread VsanPyVmomiProfiler::log] Profiler:
2001-01-01T09:33:48.828Z info vsand[2108869] [opID=MainThread VsanPyVmomiProfiler::logProfile]   Import VsanHealth sub modules: VsanDataProtectionSpaceSystemImpl: 0.11s, consumed: 49808KB (+0KB), consumedPeak: 70692KB (+0KB), effectiveMin: 102400KB (+0KB), effectiveMinPeak: 102400KB (+0KB), requestedMinPeak: 102400KB (+0KB)
2001-01-01T09:33:48.834Z info vsand[2108869] [opID=MainThread VsanPyVmomiProfiler::log] Profiler:
2001-01-01T09:33:48.834Z info vsand[2108869] [opID=MainThread VsanPyVmomiProfiler::logProfile]   Import VsanHealth sub modules: VsanVdsSystem: 0.01s, consumed: 49808KB (+0KB), consumedPeak: 70692KB (+0KB), effectiveMin: 102400KB (+0KB), effectiveMinPeak: 102400KB (+0KB), requestedMinPeak: 102400KB (+0KB)
2001-01-01T09:33:48.836Z info vsand[2108869] [opID=MainThread VsanPyVmomiProfiler::log] Profiler:
2001-01-01T09:33:48.836Z info vsand[2108869] [opID=MainThread VsanPyVmomiProfiler::logProfile]   Import VsanHealth sub modules: VsanVdsSystemImpl: 0.00s, consumed: 49808KB (+0KB), consumedPeak: 70692KB (+0KB), effectiveMin: 102400KB (+0KB), effectiveMinPeak: 102400KB (+0KB), requestedMinPeak: 102400KB (+0KB)
2001-01-01T09:33:48.841Z info vsand[2108869] [opID=MainThread VsanPyVmomiProfiler::log] Profiler:
2001-01-01T09:33:48.841Z info vsand[2108869] [opID=MainThread VsanPyVmomiProfiler::logProfile]   Import VsanHealth sub modules: VsanHostSystemProxyImpl: 0.00s, consumed: 49808KB (+0KB), consumedPeak: 70692KB (+0KB), effectiveMin: 102400KB (+0KB), effectiveMinPeak: 102400KB (+0KB), requestedMinPeak: 102400KB (+0KB)
2001-01-01T09:33:48.843Z info vsand[2108869] [opID=MainThread VsanPyVmomiProfiler::log] Profiler:
2001-01-01T09:33:48.843Z info vsand[2108869] [opID=MainThread VsanPyVmomiProfiler::logProfile]   Import VsanHealth sub modules: VsanVcPerformanceManagerImpl: 0.00s, consumed: 49808KB (+0KB), consumedPeak: 70692KB (+0KB), effectiveMin: 102400KB (+0KB), effectiveMinPeak: 102400KB (+0KB), requestedMinPeak: 102400KB (+0KB)
2001-01-01T09:33:48.844Z info vsand[2108869] [opID=MainThread VsanPyVmomiProfiler::log] Profiler:
2001-01-01T09:33:48.844Z info vsand[2108869] [opID=MainThread VsanPyVmomiProfiler::logProfile]   Import VsanHealth sub modules: VsanCommonTypes: 0.00s, consumed: 49808KB (+0KB), consumedPeak: 70692KB (+0KB), effectiveMin: 102400KB (+0KB), effectiveMinPeak: 102400KB (+0KB), requestedMinPeak: 102400KB (+0KB)
2001-01-01T09:33:48.851Z info vsand[2108869] [opID=MainThread VsanPyVmomiProfiler::log] Profiler:
2001-01-01T09:33:48.852Z info vsand[2108869] [opID=MainThread VsanPyVmomiProfiler::logProfile]   Import VsanHealth sub modules: VsanVcDiskFormatConverter: 0.01s, consumed: 49808KB (+0KB), consumedPeak: 70692KB (+0KB), effectiveMin: 102400KB (+0KB), effectiveMinPeak: 102400KB (+0KB), requestedMinPeak: 102400KB (+0KB)
2001-01-01T09:33:48.865Z info vsand[2108869] [opID=MainThread VsanPyVmomiProfiler::log] Profiler:
2001-01-01T09:33:48.865Z info vsand[2108869] [opID=MainThread VsanPyVmomiProfiler::logProfile]   Import VsanHealth sub modules: VsanVcDiskFormatConverterImpl: 0.01s, consumed: 49808KB (+0KB), consumedPeak: 70692KB (+0KB), effectiveMin: 102400KB (+0KB), effectiveMinPeak: 102400KB (+0KB), requestedMinPeak: 102400KB (+0KB)
2001-01-01T09:33:48.871Z info vsand[2108869] [opID=MainThread VsanPyVmomiProfiler::log] Profiler:
2001-01-01T09:33:48.872Z info vsand[2108869] [opID=MainThread VsanPyVmomiProfiler::logProfile]   Import VsanHealth sub modules: VsanMassCollector: 0.01s, consumed: 49808KB (+0KB), consumedPeak: 70692KB (+0KB), effectiveMin: 102400KB (+0KB), effectiveMinPeak: 102400KB (+0KB), requestedMinPeak: 102400KB (+0KB)
2001-01-01T09:33:48.874Z info vsand[2108869] [opID=MainThread VsanMgmtUtil::__init__] Initialized ObjectCache: 'ph_obfuscationLookupTable', maxSize=10000, ttl=None
2001-01-01T09:33:48.874Z info vsand[2108869] [opID=MainThread VsanMgmtUtil::__init__] Initialized ObjectCache: 'ph_database', maxSize=10000, ttl=None
2001-01-01T09:33:48.874Z info vsand[2108869] [opID=MainThread VsanMgmtUtil::__init__] Initialized ObjectCache: 'ph_exception_database', maxSize=10000, ttl=None
2001-01-01T09:33:48.880Z error vsand[2108869] [opID=MainThread VsanConfigUtil::isFeatureEnabledOnHost] Failed to get value for /config/VSAN/intOpts/CloudHealth Traceback (most recent call last):   File "/build/mts/release/bora-19184740/bora/build/vsan/release/vsanhealth/usr/lib/vmware/vsan/perfsvc/VsanConfigUtil.py", line 549, in isFeatureEnabledOnHost Exception: Not found
2001-01-01T09:33:48.882Z info vsand[2108869] [opID=MainThread VsanPyVmomiProfiler::log] Profiler:
2001-01-01T09:33:48.882Z info vsand[2108869] [opID=MainThread VsanPyVmomiProfiler::logProfile]   Import VsanHealth sub modules: VsanMassCollectorImpl: 0.01s, consumed: 49808KB (+0KB), consumedPeak: 70692KB (+0KB), effectiveMin: 102400KB (+0KB), effectiveMinPeak: 102400KB (+0KB), requestedMinPeak: 102400KB (+0KB)
2001-01-01T09:33:48.883Z info vsand[2108869] [opID=MainThread VsanPyVmomiProfiler::log] Profiler:
2001-01-01T09:33:48.883Z info vsand[2108869] [opID=MainThread VsanPyVmomiProfiler::logProfile]   Import VsanHealth sub modules: ServiceInstanceImpl: 0.00s, consumed: 49808KB (+0KB), consumedPeak: 70692KB (+0KB), effectiveMin: 102400KB (+0KB), effectiveMinPeak: 102400KB (+0KB), requestedMinPeak: 102400KB (+0KB)
2001-01-01T09:33:48.883Z info vsand[2108869] [opID=MainThread statsdaemon::LoadAndRegisterManagedObjects] Loading VsanIscsiTargetSystem__ext_init__
2001-01-01T09:33:48.907Z info vsand[2108869] [opID=MainThread statsdaemon::LoadAndRegisterManagedObjects] Loading VsanObjectSystem__ext_init__
2001-01-01T09:33:48.912Z info vsand[2108869] [opID=MainThread statsdaemon::LoadAndRegisterManagedObjects] Loading VsanPhoneHomeHostSystem__ext_init__
2001-01-01T09:33:48.916Z info vsand[2108869] [opID=MainThread statsdaemon::LoadAndRegisterManagedObjects] Loading VsanPrecheckerSystem__ext_init__
2001-01-01T09:33:48.921Z info vsand[2108869] [opID=MainThread statsdaemon::LoadAndRegisterManagedObjects] Loading VsanResourceCheckSystem__ext_init__
2001-01-01T09:33:48.927Z info vsand[2108869] [opID=MainThread statsdaemon::LoadAndRegisterManagedObjects] Loading VsanStretchedCluster__ext_init__
2001-01-01T09:33:48.933Z info vsand[2108869] [opID=MainThread statsdaemon::LoadAndRegisterManagedObjects] Loading VsanSystem__ext_init__
2001-01-01T09:33:48.936Z info vsand[2108913] [opID=Thread-5 VsanTaskTrackerImpl::_Reinit] Start connecting to hostd
2001-01-01T09:33:48.939Z info vsand[2108869] [opID=MainThread statsdaemon::LoadAndRegisterManagedObjects] Loading VsanVcDiskManagementSystem__ext_init__
2001-01-01T09:33:48.944Z info vsand[2108869] [opID=MainThread statsdaemon::LoadAndRegisterManagedObjects] Loading VsanVcIscsiTargetSystem__ext_init__
2001-01-01T09:33:48.950Z info vsand[2108869] [opID=MainThread statsdaemon::LoadAndRegisterManagedObjects] Loaded vSAN managed objects: 22 ({('ha-vsan-dp-space-system', None): 'VsanDataProtectionSpaceSystemImpl:ha-vsan-dp-space-system', ('ha-dynamic-type-manager-python', None): 'DynamicTypeManager:ha-dynamic-type-manager-python', ('ha-vsan-async-system', None): 'VsanAsyncSystemImpl:ha-vsan-async-system', ('ha-vsan-health-system', None): 'VsanHealthSystemImpl:ha-vsan-health-system', ('ha-vsan-task-tracker', None): 'VsanTaskTrackerImpl:ha-vsan-task-tracker', ('ha-vsan-internal-system', None): 'VsanInternalSystem:ha-vsan-internal-system', ('vsan-object-system', None): 'VsanObjectSystemImpl:vsan-object-system', ('vsanSystemEx', None): 'VsanSystemExImpl:vsanSystemEx', ('vsanDebugSystem', None): 'VsanDebugSystemImpl:vsanDebugSystem', ('ha-vsan-cluster-health-system', None): 'VsanClust
erHealthSystemImpl:ha-vsan-cluster-health-system', ('vsan-iscsi-target-system', None): 'VsanIscsiTargetSystemImpl:vsan-iscsi-target-system', ('ha-vsan-disk-management-system', None): 'VsanDiskManagementSystemImpl:ha-vsan-disk-management-system', ('vsan-capability-system', None): 'VsanCapabilitySystemImpl:vsan-capability-system', ('vsan-vcsa-deployer-system', None): 'VsanVcsaDeployerSystemImpl:vsan-vcsa-deployer-system', ('ha-phonehome-host-system', None): 'VsanPhoneHomeHostSystemImpl:ha-phonehome-host-system', ('ha-cli-info-python', None): 'CLIInfoImpl:ha-cli-info-python', ('vsan-performance-manager', None): 'VsanPerformanceManagerImpl:vsan-performance-manager', ('ServiceInstance', None): 'ServiceInstanceImpl:ServiceInstance', ('ha-vsan-stretched-cluster-system', None): 'VsanStretchedClusterSystem:ha-vsan-stretched-cluster-system', ('vsan-internal-statsprovider', None): 'VsanInternalStatsProvid
erImpl:vsan-internal-statsprovider', ('vsanSystem', None): 'VsanSystemImpl:vsanSystem', ('ha-vsan-prechecker-system', None): 'VsanPrecheckerSystemImpl:ha-vsan-prechecker-system'})
2001-01-01T09:33:48.950Z info vsand[2108869] [opID=MainThread VsanPyVmomiProfiler::log] Profiler:
2001-01-01T09:33:48.950Z info vsand[2108869] [opID=MainThread VsanPyVmomiProfiler::logProfile]   LoadAndRegisterManagedObjects: 0.42s, consumed: 49808KB (+49808KB), consumedPeak: 70692KB (+0KB), effectiveMin: 102400KB (+0KB), effectiveMinPeak: 102400KB (+0KB), requestedMinPeak: 102400KB (+0KB)
2001-01-01T09:33:48.951Z info vsand[2108869] [opID=MainThread VsanPyVmomiProfiler::logProfile]   __import__VcsaDeployerSystem__ext_init__: 0.04s, consumed: 0KB (+0KB), consumedPeak: 70692KB (+0KB), effectiveMin: 102400KB (+0KB), effectiveMinPeak: 102400KB (+0KB), requestedMinPeak: 102400KB (+0KB)
2001-01-01T09:33:48.951Z info vsand[2108869] [opID=MainThread VsanPyVmomiProfiler::logProfile]   __import__VsanCapabilitySystem__ext_init__: 0.00s, consumed: 0KB (+0KB), consumedPeak: 70692KB (+0KB), effectiveMin: 102400KB (+0KB), effectiveMinPeak: 102400KB (+0KB), requestedMinPeak: 102400KB (+0KB)
2001-01-01T09:33:48.951Z info vsand[2108869] [opID=MainThread VsanPyVmomiProfiler::logProfile]   __import__VsanDebugSystem__ext_init__: 0.00s, consumed: 0KB (+0KB), consumedPeak: 70692KB (+0KB), effectiveMin: 102400KB (+0KB), effectiveMinPeak: 102400KB (+0KB), requestedMinPeak: 102400KB (+0KB)
2001-01-01T09:33:48.952Z info vsand[2108869] [opID=MainThread VsanPyVmomiProfiler::logProfile]   __import__VsanDiskManagementSystem__ext_init__: 0.02s, consumed: 0KB (+0KB), consumedPeak: 70692KB (+0KB), effectiveMin: 102400KB (+0KB), effectiveMinPeak: 102400KB (+0KB), requestedMinPeak: 102400KB (+0KB)
2001-01-01T09:33:48.952Z info vsand[2108869] [opID=MainThread VsanPyVmomiProfiler::logProfile]   __import__VsanHealth__ext_init__: 0.27s, consumed: 49808KB (+49808KB), consumedPeak: 70692KB (+0KB), effectiveMin: 102400KB (+0KB), effectiveMinPeak: 102400KB (+0KB), requestedMinPeak: 102400KB (+0KB)
2001-01-01T09:33:48.952Z info vsand[2108869] [opID=MainThread VsanPyVmomiProfiler::logProfile]   __import__VsanIscsiTargetSystem__ext_init__: 0.02s, consumed: 49808KB (+0KB), consumedPeak: 70692KB (+0KB), effectiveMin: 102400KB (+0KB), effectiveMinPeak: 102400KB (+0KB), requestedMinPeak: 102400KB (+0KB)
2001-01-01T09:33:48.952Z info vsand[2108869] [opID=MainThread VsanPyVmomiProfiler::logProfile]   __import__VsanObjectSystem__ext_init__: 0.00s, consumed: 49808KB (+0KB), consumedPeak: 70692KB (+0KB), effectiveMin: 102400KB (+0KB), effectiveMinPeak: 102400KB (+0KB), requestedMinPeak: 102400KB (+0KB)
2001-01-01T09:33:48.952Z info vsand[2108869] [opID=MainThread VsanPyVmomiProfiler::logProfile]   __import__VsanPhoneHomeHostSystem__ext_init__: 0.00s, consumed: 49808KB (+0KB), consumedPeak: 70692KB (+0KB), effectiveMin: 102400KB (+0KB), effectiveMinPeak: 102400KB (+0KB), requestedMinPeak: 102400KB (+0KB)
2001-01-01T09:33:48.953Z info vsand[2108869] [opID=MainThread VsanPyVmomiProfiler::logProfile]   __import__VsanPrecheckerSystem__ext_init__: 0.00s, consumed: 49808KB (+0KB), consumedPeak: 70692KB (+0KB), effectiveMin: 102400KB (+0KB), effectiveMinPeak: 102400KB (+0KB), requestedMinPeak: 102400KB (+0KB)
2001-01-01T09:33:48.953Z info vsand[2108869] [opID=MainThread VsanPyVmomiProfiler::logProfile]   __import__VsanResourceCheckSystem__ext_init__: 0.01s, consumed: 49808KB (+0KB), consumedPeak: 70692KB (+0KB), effectiveMin: 102400KB (+0KB), effectiveMinPeak: 102400KB (+0KB), requestedMinPeak: 102400KB (+0KB)
2001-01-01T09:33:48.953Z info vsand[2108869] [opID=MainThread VsanPyVmomiProfiler::logProfile]   __import__VsanStretchedCluster__ext_init__: 0.01s, consumed: 49808KB (+0KB), consumedPeak: 70692KB (+0KB), effectiveMin: 102400KB (+0KB), effectiveMinPeak: 102400KB (+0KB), requestedMinPeak: 102400KB (+0KB)
2001-01-01T09:33:48.953Z info vsand[2108869] [opID=MainThread VsanPyVmomiProfiler::logProfile]   __import__VsanSystem__ext_init__: 0.01s, consumed: 49808KB (+0KB), consumedPeak: 70692KB (+0KB), effectiveMin: 102400KB (+0KB), effectiveMinPeak: 102400KB (+0KB), requestedMinPeak: 102400KB (+0KB)
2001-01-01T09:33:48.954Z info vsand[2108869] [opID=MainThread VsanPyVmomiProfiler::logProfile]   __import__VsanVcDiskManagementSystem__ext_init__: 0.00s, consumed: 49808KB (+0KB), consumedPeak: 70692KB (+0KB), effectiveMin: 102400KB (+0KB), effectiveMinPeak: 102400KB (+0KB), requestedMinPeak: 102400KB (+0KB)
2001-01-01T09:33:48.954Z info vsand[2108869] [opID=MainThread VsanPyVmomiProfiler::logProfile]   __import__VsanVcIscsiTargetSystem__ext_init__: 0.01s, consumed: 49808KB (+0KB), consumedPeak: 70692KB (+0KB), effectiveMin: 102400KB (+0KB), effectiveMinPeak: 102400KB (+0KB), requestedMinPeak: 102400KB (+0KB)
2001-01-01T09:33:48.954Z info vsand[2108869] [opID=MainThread VsanPyVmomiProfiler::logProfile]   scanExtInitFiles: 0.01s, consumed: 0KB (+0KB), consumedPeak: 70692KB (+0KB), effectiveMin: 102400KB (+0KB), effectiveMinPeak: 102400KB (+0KB), requestedMinPeak: 102400KB (+0KB)
2001-01-01T09:33:48.954Z info vsand[2108869] [opID=MainThread VsanPyVmomiProfiler::logProfile]   vsanPerfMgr: 0.01s, consumed: 0KB (+0KB), consumedPeak: 70692KB (+0KB), effectiveMin: 102400KB (+0KB), effectiveMinPeak: 102400KB (+0KB), requestedMinPeak: 102400KB (+0KB)
2001-01-01T09:33:48.955Z info vsand[2108869] [opID=MainThread VsanPyVmomiProfiler::logProfile]   vsanPerfPyMo: 0.00s, consumed: 0KB (+0KB), consumedPeak: 70692KB (+0KB), effectiveMin: 102400KB (+0KB), effectiveMinPeak: 102400KB (+0KB), requestedMinPeak: 102400KB (+0KB)
2001-01-01T09:33:48.955Z info vsand[2108869] [opID=MainThread VsanVmomiPatcher::PatchMoManager] MoManager is patched!
2001-01-01T09:33:49.012Z info vsand[2108913] [opID=Thread-5 VsanHealthUtil::LoginLocalHostd] Done login/relogin to local hostd.
2001-01-01T09:33:49.039Z info vsand[2108913] [opID=Thread-5 VsanTaskTrackerImpl::_Reinit] Done connecting to hostd
2001-01-01T09:33:49.042Z info vsand[2108869] [opID=MainThread statsdaemon::run] Connected to hostd, VMware ESXi 6.7.0 build-19195723
2001-01-01T09:33:49.118Z info vsand[2108869] [opID=MainThread VsanHealthUtil::importEsxcliTypes] Begin to import esxcli types
2001-01-01T09:33:49.497Z info vsand[2108869] [opID=MainThread statsdaemon::run] import network type successfully
2001-01-01T09:33:49.498Z error vsand[2108869] [opID=MainThread cliutils::SubscribeToCMMDS] uninstalling subscription Traceback (most recent call last):   File "/build/mts/release/bora-19184740/bora/build/vsan/release/vsanhealth/usr/lib/vmware/vsan/perfsvc/cliutils.py", line 333, in SubscribeToCMMDS RuntimeError: Operation not allowed because the VMKernel is shutting down
2001-01-01T09:33:49.498Z error vsand[2108869] [opID=MainThread cliutils::GetVSANClusterInfo] Failed to query cluster info: Operation not allowed because the VMKernel is shutting down
2001-01-01T09:33:49.500Z info vsand[2108869] [opID=MainThread statsdaemon::_logDaemonMemoryStats] Daemon memory stats: eMin=102.400MB, eMinPeak=102.400MB, rMinPeak=102.400MB
2001-01-01T09:33:49.500Z info vsand[2108869] [opID=MainThread statsdaemon::_logDaemonMemoryStats]   'python.2108869' memory stats: eMin=78.804MB, eMinPeak=78.804MB, rMinPeak=78.804MB
2001-01-01T09:33:50.675Z info vsand[2108907] [opID=Thread-2 VsanHealthDaemon::_subscribeCmmds] Subscribe CMMDS entry change listener
2001-01-01T09:33:50.675Z error vsand[2108907] [opID=Thread-2 cliutils::SubscribeToCMMDS] uninstalling subscription Traceback (most recent call last):   File "/build/mts/release/bora-19184740/bora/build/vsan/release/vsanhealth/usr/lib/vmware/vsan/perfsvc/cliutils.py", line 333, in SubscribeToCMMDS RuntimeError: Operation not allowed because the VMKernel is shutting down
2001-01-01T09:33:50.675Z error vsand[2108907] [opID=Thread-2 cliutils::SubscribeToCMMDS] uninstalling subscription Traceback (most recent call last):   File "/build/mts/release/bora-19184740/bora/build/vsan/release/vsanhealth/usr/lib/vmware/vsan/perfsvc/cliutils.py", line 333, in SubscribeToCMMDS RuntimeError: Operation not allowed because the VMKernel is shutting down
2001-01-01T09:33:50.676Z error vsand[2108907] [opID=Thread-2 cliutils::SubscribeToCMMDS] uninstalling subscription Traceback (most recent call last):   File "/build/mts/release/bora-19184740/bora/build/vsan/release/vsanhealth/usr/lib/vmware/vsan/perfsvc/cliutils.py", line 333, in SubscribeToCMMDS RuntimeError: Operation not allowed because the VMKernel is shutting down
2001-01-01T09:33:50.676Z error vsand[2108907] [opID=Thread-2 cliutils::SubscribeToCMMDS] uninstalling subscription Traceback (most recent call last):   File "/build/mts/release/bora-19184740/bora/build/vsan/release/vsanhealth/usr/lib/vmware/vsan/perfsvc/cliutils.py", line 333, in SubscribeToCMMDS RuntimeError: Operation not allowed because the VMKernel is shutting down
2001-01-01T09:33:50.676Z error vsand[2108907] [opID=Thread-2 cliutils::SubscribeToCMMDS] uninstalling subscription Traceback (most recent call last):   File "/build/mts/release/bora-19184740/bora/build/vsan/release/vsanhealth/usr/lib/vmware/vsan/perfsvc/cliutils.py", line 333, in SubscribeToCMMDS RuntimeError: Operation not allowed because the VMKernel is shutting down
2001-01-01T09:33:50.677Z info vsand[2108907] [opID=Thread-2 VsanHealthDaemon::doVsanHealthCheck] Skip VSAN health check due to the VSAN is disabled
2001-01-01T09:33:50.765Z info vsand[2108895] [opID=fe134602 VsanCapabilitySystemImpl::_GetConfigOptionValue] _GetConfigOptionValue value 1 for Encryption
2001-01-01T09:33:50.766Z info vsand[2108895] [opID=fe134602 VsanCapabilitySystemImpl::_GetConfigOptionValue] _GetConfigOptionValue value 1 for DecomWhatIf
2001-01-01T09:33:50.766Z info vsand[2108895] [opID=fe134602 VsanCapabilitySystemImpl::_GetConfigOptionValue] _GetConfigOptionValue value 1 for ThrottleResync
2001-01-01T09:33:50.766Z info vsand[2108895] [opID=fe134602 VsanCapabilitySystemImpl::_GetConfigOptionValue] _GetConfigOptionValue value 1 for UnicastMode
2001-01-01T09:33:50.766Z info vsand[2108895] [opID=fe134602 VsanCapabilitySystemImpl::_GetConfigOptionValue] _GetConfigOptionValue value 1 for Device4KSupport
2001-01-01T09:33:50.766Z info vsand[2108895] [opID=fe134602 VsanCapabilitySystemImpl::_GetConfigOptionValue] _GetConfigOptionValue value 1 for NestedFD
2001-01-01T09:33:50.766Z info vsand[2108895] [opID=fe134602 VsanCapabilitySystemImpl::_GetConfigOptionValue] _GetConfigOptionValue value 0 for CompliancePrecheck
2001-01-01T09:33:50.767Z info vsand[2108895] [opID=fe134602 VsanCapabilitySystemImpl::_GetConfigOptionValue] _GetConfigOptionValue value 1 for VumIntegration
2001-01-01T09:33:50.767Z info vsand[2108895] [opID=fe134602 VsanCapabilitySystemImpl::_GetConfigOptionValue] _GetConfigOptionValue value 1 for FirmwareUpdate
2001-01-01T09:33:50.767Z error vsand[2108895] [opID=fe134602 VsanCapabilitySystemImpl::_GetConfigOptionValue] Unable to get value for FullStackFw due to: Not found
2001-01-01T09:33:50.767Z info vsand[2108895] [opID=fe134602 VsanCapabilitySystemImpl::_GetConfigOptionValue] _GetConfigOptionValue value 1 for ConfigAssist
2001-01-01T09:33:50.767Z error vsand[2108895] [opID=fe134602 VsanCapabilitySystemImpl::_GetConfigOptionValue] Unable to get value for Fcd due to: Not found
2001-01-01T09:33:50.767Z info vsand[2108895] [opID=fe134602 VsanCapabilitySystemImpl::_GetConfigOptionValue] _GetConfigOptionValue value 0 for GenericNestedFD
2001-01-01T09:33:50.767Z info vsand[2108895] [opID=fe134602 VsanCapabilitySystemImpl::_GetConfigOptionValue] _GetConfigOptionValue value 1 for HostAffinity
2001-01-01T09:33:50.768Z info vsand[2108895] [opID=fe134602 VsanCapabilitySystemImpl::_GetConfigOptionValue] _GetConfigOptionValue value 1 for PolicyAssociation
2001-01-01T09:33:50.768Z info vsand[2108895] [opID=fe134602 VsanCapabilitySystemImpl::_GetConfigOptionValue] _GetConfigOptionValue value 0 for VSAN_RDMA
2001-01-01T09:33:50.768Z info vsand[2108895] [opID=fe134602 VsanCapabilitySystemImpl::_GetConfigOptionValue] _GetConfigOptionValue value 1 for ClomBgProRebalanceSwitch
2001-01-01T09:33:50.768Z info vsand[2108895] [opID=fe134602 VsanCapabilitySystemImpl::_GetConfigOptionValue] _GetConfigOptionValue value 1 for ResourcePrecheck
2001-01-01T09:33:50.769Z info vsand[2108895] [opID=fe134602 VsanCapabilitySystemImpl::_GetConfigOptionValue] _GetConfigOptionValue value 1 for EnableUpgradeAudit
2001-01-01T09:33:50.769Z info vsand[2108895] [opID=fe134602 VsanCapabilitySystemImpl::_GetConfigOptionValue] _GetConfigOptionValue value 1 for ResyncEtaImprovement
2001-01-01T09:33:50.769Z info vsand[2108895] [opID=fe134602 VsanCapabilitySystemImpl::_GetConfigOptionValue] _GetConfigOptionValue value 1 for VitOnlineResize
2001-01-01T09:33:50.769Z info vsand[2108895] [opID=fe134602 VsanCapabilitySystemImpl::_GetConfigOptionValue] _GetConfigOptionValue value 0 for LargeCapacityDrive
2001-01-01T09:33:50.769Z info vsand[2108895] [opID=fe134602 VsanCapabilitySystemImpl::GetCapabilities] Capabilities: ['diagnosticmode', 'automaticrebalance', 'unicastmode', 'vitonlineresize', 'vumintegration', 'configassist', 'healthcheck2018q2', 'fileservices', 'upgraderesourceprecheck', 'repairtimerinresyncstats', 'capability', 'cloudhealth', 'masspropertycollector', 'iscsitargets', 'nestedfd', 'dataefficiency', 'allflash', 'policyassociation', 'device4ksupport', 'clusterconfig', 'enhancedresyncapi', 'netperftest', 'stretchedcluster', 'throttleresync', 'historicalcapacity', 'encryption', 'objectidentities', 'resyncetaimprovement', 'firmwareupdate', 'hostaffinity', 'purgeinaccessiblevmswapobjects', 'upgrade', 'resourceprecheck', 'decomwhatif']
2001-01-01T09:33:50.840Z info vsand[2108894] [opID=0f89846b-4605 VsanVcObjectHelper::wrapper] Ready to get single executor result for the key ['_QueryVerifyNetworkSettings', 'ha-vsan-health-system', '', '', '', 'False'] in timeout 600
2001-01-01T09:33:50.840Z info vsand[2108894] [opID=0f89846b-4605 VsanVcObjectHelper::wrapper] Ready to call original function for execution
2001-01-01T09:33:50.840Z info vsand[2108894] [opID=0f89846b-4605 VsanHealthSystemImpl::_QueryVerifyNetworkSettings] Query network settings: (str) []:(str) []
2001-01-01T09:33:50.848Z info vsand[2108894] [opID=0f89846b-4605 VsanPyVmomiProfiler::logProfile]   invoke-method:ha-cli-handler-vsan-network:List: 0.00s, consumed: 66540KB (+0KB), consumedPeak: 70692KB (+0KB), effectiveMin: 102400KB (+0KB), effectiveMinPeak: 102400KB (+0KB), requestedMinPeak: 102400KB (+0KB)
2001-01-01T09:33:50.854Z info vsand[2108894] [opID=0f89846b-4605 VsanPyVmomiProfiler::logProfile]   invoke-method:ha-cli-handler-network-ip-interface:List: 0.00s, consumed: 66540KB (+0KB), consumedPeak: 70692KB (+0KB), effectiveMin: 102400KB (+0KB), effectiveMinPeak: 102400KB (+0KB), requestedMinPeak: 102400KB (+0KB)
2001-01-01T09:33:50.859Z info vsand[2108894] [opID=0f89846b-4605 VsanPyVmomiProfiler::logProfile]   invoke-method:ha-cli-handler-network-ip-interface-ipv6-address:List: 0.00s, consumed: 66540KB (+0KB), consumedPeak: 70692KB (+0KB), effectiveMin: 102400KB (+0KB), effectiveMinPeak: 102400KB (+0KB), requestedMinPeak: 102400KB (+0KB)
2001-01-01T09:33:50.864Z info vsand[2108894] [opID=0f89846b-4605 VsanPyVmomiProfiler::logProfile]   invoke-method:ha-cli-handler-network-ip-interface-ipv4:Get: 0.00s, consumed: 66540KB (+0KB), consumedPeak: 70692KB (+0KB), effectiveMin: 102400KB (+0KB), effectiveMinPeak: 102400KB (+0KB), requestedMinPeak: 102400KB (+0KB)
2001-01-01T09:33:50.868Z info vsand[2108894] [opID=0f89846b-4605 VsanPyVmomiProfiler::logProfile]   invoke-method:ha-cli-handler-network-ip-route-ipv4:List: 0.00s, consumed: 66540KB (+0KB), consumedPeak: 70692KB (+0KB), effectiveMin: 102400KB (+0KB), effectiveMinPeak: 102400KB (+0KB), requestedMinPeak: 102400KB (+0KB)
2001-01-01T09:33:50.873Z info vsand[2108894] [opID=0f89846b-4605 VsanPyVmomiProfiler::logProfile]   invoke-method:ha-cli-handler-network-ip-route-ipv6:List: 0.00s, consumed: 66540KB (+0KB), consumedPeak: 70692KB (+0KB), effectiveMin: 102400KB (+0KB), effectiveMinPeak: 102400KB (+0KB), requestedMinPeak: 102400KB (+0KB)
2001-01-01T09:33:50.873Z info vsand[2108894] [opID=0f89846b-4605 VsanVcObjectHelper::wrapper] Finish execute _QueryVerifyNetworkSettings
2001-01-01T09:33:50.874Z info vsand[2108894] [opID=0f89846b-4605 VsanVcObjectHelper::AddCallResultAndNotify] delete the single concurrent execution key
2001-01-01T09:33:50.874Z info vsand[2108894] [opID=0f89846b-4605 VsanPyVmomiProfiler::log] Profiler:
2001-01-01T09:33:50.874Z info vsand[2108894] [opID=0f89846b-4605 VsanPyVmomiProfiler::logProfile]   GetVsanVmknicConfigFromEsxCLI: 0.03s, consumed: 66540KB (+0KB), consumedPeak: 70692KB (+0KB), effectiveMin: 102400KB (+0KB), effectiveMinPeak: 102400KB (+0KB), requestedMinPeak: 102400KB (+0KB)
2001-01-01T09:33:50.874Z info vsand[2108894] [opID=0f89846b-4605 VsanPyVmomiProfiler::logProfile]   impl._QueryVerifyNetworkSettings: 0.03s, consumed: 66540KB (+0KB), consumedPeak: 70692KB (+0KB), effectiveMin: 102400KB (+0KB), effectiveMinPeak: 102400KB (+0KB), requestedMinPeak: 102400KB (+0KB)
2001-01-01T09:33:50.895Z error vsand[2108895] [opID=0f89846b-4606 cliutils::GetVSANClusterInfo] Failed to query cluster info: Operation not allowed because the VMKernel is shutting down
2001-01-01T09:33:50.917Z error vsand[2108895] [opID=0f89846b-4606 VsanHealthSystemImpl::CheckHostDaemonHealth] Failed to check status of epd Traceback (most recent call last):   File "/build/mts/release/bora-19184740/bora/build/vsan/release/vsanhealth/usr/lib/vmware/vsan/perfsvc/VsanHealthSystemImpl.py", line 3447, in CheckHostDaemonHealth   File "/build/mts/release/bora-19184740/bora/build/vsan/release/vsanhealth/usr/lib/vmware/vsan/perfsvc/VsanHealthHelpers.py", line 1221, in IsWitnessNode KeyError: 'Local Node UUID'
2001-01-01T09:33:50.941Z error vsand[2108895] [opID=0f89846b-4606 VsanHealthSystemImpl::CheckHostDaemonHealth] Service cmmdsd is not running: ret: 3, err:
2001-01-01T09:33:50.961Z info vsand[2108902] [opID=0f89846b-4607 VsanSystemImpl::_ConfigInfoPrintLog] configInfo: enabled=False, hostSystem='vim.HostSystem:ha-host'
2001-01-01T09:33:50.962Z info vsand[2108902] [opID=0f89846b-4607 VsanSystemImpl::_ConfigInfoPrintLog]    clusterInfo: uuid=, nodeUuid=
2001-01-01T09:33:50.962Z info vsand[2108902] [opID=0f89846b-4607 VsanSystemImpl::_ConfigInfoPrintLog]    storageInfo: autoClaimStorage=False, checksumEnabled=None
2001-01-01T09:33:50.962Z info vsand[2108902] [opID=0f89846b-4607 VsanSystemImpl::_ConfigInfoPrintLog]       diskMapping[]:
2001-01-01T09:33:50.962Z info vsand[2108902] [opID=0f89846b-4607 VsanSystemImpl::_ConfigInfoPrintLog]       diskMapInfo[]:
2001-01-01T09:33:50.962Z info vsand[2108902] [opID=0f89846b-4607 VsanSystemImpl::_ConfigInfoPrintLog]    networkInfo:
2001-01-01T09:33:50.962Z info vsand[2108902] [opID=0f89846b-4607 VsanSystemImpl::_ConfigInfoPrintLog]       port[]:
2001-01-01T09:33:50.962Z info vsand[2108902] [opID=0f89846b-4607 VsanSystemImpl::_ConfigInfoPrintLog]    faultDomainInfo: name=
2001-01-01T09:33:50.962Z info vsand[2108902] [opID=0f89846b-4607 VsanSystemImpl::_ConfigInfoPrintLog]    encryptionInfo: enabled=False, kekId=, hostKeyId=, clientKey=None, clientCert=(not set), dekGenerationId=0, changing=False, eraseDisksBeforeUse=False
2001-01-01T09:33:50.963Z info vsand[2108902] [opID=0f89846b-4607 VsanSystemImpl::_ConfigInfoPrintLog]       kmipServers[]:
2001-01-01T09:33:50.963Z info vsand[2108902] [opID=0f89846b-4607 VsanSystemImpl::_ConfigInfoPrintLog]       kmsServerCerts[]:
2001-01-01T09:33:50.963Z info vsand[2108902] [opID=0f89846b-4607 VsanSystemImpl::_ConfigInfoPrintLog]    dataEfficiencyInfo: dedupEnabled=False, compressionEnabled=None
2001-01-01T09:33:50.963Z info vsand[2108902] [opID=0f89846b-4607 VsanSystemImpl::_ConfigInfoPrintLog]    resyncIopsLimitInfo: resyncIops=0
2001-01-01T09:33:50.963Z info vsand[2108902] [opID=0f89846b-4607 VsanSystemImpl::_ConfigInfoPrintLog]    extendedConfig: objectRepairTimer=60, disableSiteReadLocality=False, enableCustomizedSwapObject=True, largeScaleClusterSupport=False
2001-01-01T09:33:50.963Z info vsand[2108902] [opID=0f89846b-4607 VsanSystemImpl::_ConfigInfoPrintLog]       proactiveRebalanceInfo: enabled=False, threshold=30
2001-01-01T09:33:50.963Z info vsand[2108902] [opID=0f89846b-4607 VsanSystemImpl::_ConfigInfoPrintLog]    datastoreInfo:
2001-01-01T09:33:50.963Z info vsand[2108902] [opID=0f89846b-4607 VsanSystemImpl::_ConfigInfoPrintLog]       datastores[]:
2001-01-01T09:33:50.963Z info vsand[2108902] [opID=0f89846b-4607 VsanSystemImpl::_ConfigInfoPrintLog]          uuid=, name=vsanDatastore
2001-01-01T09:33:50.964Z info vsand[2108902] [opID=0f89846b-4607 VsanSystemImpl::_ConfigInfoPrintLog]    unmapConfig: enable=False
2001-01-01T09:33:50.964Z info vsand[2108902] [opID=0f89846b-4607 VsanSystemImpl::_ConfigInfoPrintLog]    internalExtendedConfig: vcMaxDiskVersion=0
2001-01-01T09:33:50.964Z info vsand[2108902] [opID=0f89846b-4607 VsanSystemImpl::_ConfigInfoPrintLog]    rdmaConfig: None
2001-01-01T09:33:50.964Z info vsand[2108902] [opID=0f89846b-4607 VsanSystemImpl::_ConfigInfoPrintLog]    dataProtectionInfo: None
2001-01-01T09:33:50.964Z info vsand[2108902] [opID=0f89846b-4607 VsanSystemImpl::_ConfigInfoPrintLog]    witnessHostConfig[]:
2001-01-01T09:33:50.964Z info vsand[2108902] [opID=0f89846b-4607 VsanPyVmomiProfiler::log] Profiler:
2001-01-01T09:33:50.965Z info vsand[2108902] [opID=0f89846b-4607 VsanPyVmomiProfiler::logProfile]   impl.QueryVsanConfigByFilter: 0.01s, consumed: 66540KB (+0KB), consumedPeak: 70692KB (+0KB), effectiveMin: 102400KB (+0KB), effectiveMinPeak: 102400KB (+0KB), requestedMinPeak: 102400KB (+0KB)
2001-01-01T09:33:51.082Z info vsand[2108901] [opID=0f89846b-460b VsanTaskTrackerImpl::CreateAndMonitorTask] Created task vmodlTask-ha-host-4290189878
2001-01-01T09:33:51.087Z info vsand[2108901] [opID=0f89846b-460b VsanSystemImpl::Update] Calling VsanMOProvider.Update with config: ['config: enabled=None, hostSystem=None', '   clusterInfo: None', '   storageInfo: None', '   networkInfo: None', '   faultDomainInfo: None', '   encryptionInfo: None', '   dataEfficiencyInfo: None', '   resyncIopsLimitInfo: None', '   extendedConfig: None', '   datastoreInfo: None', '   unmapConfig: None', '   internalExtendedConfig: vcMaxDiskVersion=0', '   rdmaConfig: None', '   dataProtectionInfo: None', '   witnessHostConfig[]:']  Task: vmodlTask-ha-host-4290189878
2001-01-01T09:33:51.087Z info vsand[2108901] [opID=0f89846b-460b VsanSystemImpl::Update] extendedConfig: {}
2001-01-01T09:33:51.090Z info vsand[2108913] [opID=Thread-5 VsanTaskTrackerImpl::_ThreadMain] PC Update: version = 1
2001-01-01T09:33:51.095Z info vsand[2108913] [opID=Thread-5 VsanTaskTrackerImpl::_ThreadMain] PC Update: version = 2
2001-01-01T09:33:51.101Z info vsand[2108913] [opID=Thread-5 VsanTaskTrackerImpl::_ThreadMain] PC Update: version = 3
2001-01-01T09:33:51.187Z info vsand[2108888] [opID=fe134610 VsanTaskTrackerImpl::_RemoveTaskLocked] Remove task vmodlTask-ha-host-4290189878 from cache table.
2001-01-01T09:33:54.500Z error vsand[2108869] [opID=MainThread cliutils::GetVSANClusterInfo] Failed to query cluster info: Operation not allowed because the VMKernel is shutting down
2001-01-01T09:33:54.658Z info vsand[2108906] [opID=Thread-1 VsanPyVmomiProfiler::logProfile]   invoke-method:ServiceInstance:RetrieveContent: 0.01s, consumed: 67176KB (+0KB), consumedPeak: 70692KB (+0KB), effectiveMin: 102400KB (+0KB), effectiveMinPeak: 102400KB (+0KB), requestedMinPeak: 102400KB (+0KB)
2001-01-01T09:33:54.678Z info vsand[2108906] [opID=Thread-1 VsanMgmtUtil::__init__] Initialized ObjectCache: 'healthSummaryCache', maxSize=1024, ttl=None
2001-01-01T09:33:54.678Z info vsand[2108906] [opID=Thread-1 VsanMgmtUtil::__init__] Initialized ObjectCache: 'healthHistoricalCache', maxSize=1024, ttl=4000
2001-01-01T09:33:54.679Z info vsand[2108906] [opID=Thread-1 VsanVcPerformanceManagerImpl::__init__] VsanVcPerformanceManagerImpl init
2001-01-01T09:33:54.683Z info vsand[2108906] [opID=Thread-1 VsanVcObjectSystemImpl::__init__] VsanVcObjectSystemImpl init
2001-01-01T09:33:54.683Z info vsand[2108906] [opID=Thread-1 VsanResourceCheckSystemImpl::__init__] VsanResourceCheckSystemImpl init
2001-01-01T09:33:54.684Z info vsand[2108906] [opID=Thread-1 VsanMgmtUtil::__init__] Initialized ObjectCache: 'DiskMappingCache', maxSize=2000, ttl=None
2001-01-01T09:33:54.684Z info vsand[2108906] [opID=Thread-1 VsanVcIscsiTargetSystemImpl::__init__] VsanVcIscsiTargetSystemImpl init
2001-01-01T09:33:59.504Z error vsand[2108869] [opID=MainThread cliutils::GetVSANClusterInfo] Failed to query cluster info: Operation not allowed because the VMKernel is shutting down
2001-01-01T09:34:04.506Z error vsand[2108869] [opID=MainThread cliutils::GetVSANClusterInfo] Failed to query cluster info: Operation not allowed because the VMKernel is shutting down
2001-01-01T09:34:09.509Z error vsand[2108869] [opID=MainThread cliutils::GetVSANClusterInfo] Failed to query cluster info: Operation not allowed because the VMKernel is shutting down
2001-01-01T09:34:14.513Z error vsand[2108869] [opID=MainThread cliutils::GetVSANClusterInfo] Failed to query cluster info: Operation not allowed because the VMKernel is shutting down
2001-01-01T09:34:19.515Z error vsand[2108869] [opID=MainThread cliutils::GetVSANClusterInfo] Failed to query cluster info: Operation not allowed because the VMKernel is shutting down
2001-01-01T09:34:24.516Z error vsand[2108869] [opID=MainThread cliutils::GetVSANClusterInfo] Failed to query cluster info: Operation not allowed because the VMKernel is shutting down
2001-01-01T09:34:29.520Z error vsand[2108869] [opID=MainThread cliutils::GetVSANClusterInfo] Failed to query cluster info: Operation not allowed because the VMKernel is shutting down
2001-01-01T09:34:34.523Z error vsand[2108869] [opID=MainThread cliutils::GetVSANClusterInfo] Failed to query cluster info: Operation not allowed because the VMKernel is shutting down
2001-01-01T09:34:39.524Z error vsand[2108869] [opID=MainThread cliutils::GetVSANClusterInfo] Failed to query cluster info: Operation not allowed because the VMKernel is shutting down
2001-01-01T09:34:44.526Z error vsand[2108869] [opID=MainThread cliutils::GetVSANClusterInfo] Failed to query cluster info: Operation not allowed because the VMKernel is shutting down
2001-01-01T09:34:49.529Z error vsand[2108869] [opID=MainThread cliutils::GetVSANClusterInfo] Failed to query cluster info: Operation not allowed because the VMKernel is shutting down
2001-01-01T09:34:54.533Z error vsand[2108869] [opID=MainThread cliutils::GetVSANClusterInfo] Failed to query cluster info: Operation not allowed because the VMKernel is shutting down
2001-01-01T09:34:59.536Z error vsand[2108869] [opID=MainThread cliutils::GetVSANClusterInfo] Failed to query cluster info: Operation not allowed because the VMKernel is shutting down
2001-01-01T09:35:04.539Z error vsand[2108869] [opID=MainThread cliutils::GetVSANClusterInfo] Failed to query cluster info: Operation not allowed because the VMKernel is shutting down
2001-01-01T09:35:09.543Z error vsand[2108869] [opID=MainThread cliutils::GetVSANClusterInfo] Failed to query cluster info: Operation not allowed because the VMKernel is shutting down
2001-01-01T09:35:14.546Z error vsand[2108869] [opID=MainThread cliutils::GetVSANClusterInfo] Failed to query cluster info: Operation not allowed because the VMKernel is shutting down
2001-01-01T09:35:19.549Z error vsand[2108869] [opID=MainThread cliutils::GetVSANClusterInfo] Failed to query cluster info: Operation not allowed because the VMKernel is shutting down
2001-01-01T09:35:24.552Z error vsand[2108869] [opID=MainThread cliutils::GetVSANClusterInfo] Failed to query cluster info: Operation not allowed because the VMKernel is shutting down
2001-01-01T09:35:29.554Z error vsand[2108869] [opID=MainThread cliutils::GetVSANClusterInfo] Failed to query cluster info: Operation not allowed because the VMKernel is shutting down
2001-01-01T09:35:34.556Z error vsand[2108869] [opID=MainThread cliutils::GetVSANClusterInfo] Failed to query cluster info: Operation not allowed because the VMKernel is shutting down
2001-01-01T09:35:39.559Z error vsand[2108869] [opID=MainThread cliutils::GetVSANClusterInfo] Failed to query cluster info: Operation not allowed because the VMKernel is shutting down
2001-01-01T09:35:44.563Z error vsand[2108869] [opID=MainThread cliutils::GetVSANClusterInfo] Failed to query cluster info: Operation not allowed because the VMKernel is shutting down
2001-01-01T09:35:49.564Z error vsand[2108869] [opID=MainThread cliutils::GetVSANClusterInfo] Failed to query cluster info: Operation not allowed because the VMKernel is shutting down
2001-01-01T09:35:54.566Z error vsand[2108869] [opID=MainThread cliutils::GetVSANClusterInfo] Failed to query cluster info: Operation not allowed because the VMKernel is shutting down
2001-01-01T09:35:59.570Z error vsand[2108869] [opID=MainThread cliutils::GetVSANClusterInfo] Failed to query cluster info: Operation not allowed because the VMKernel is shutting down
2001-01-01T09:36:04.573Z error vsand[2108869] [opID=MainThread cliutils::GetVSANClusterInfo] Failed to query cluster info: Operation not allowed because the VMKernel is shutting down
2001-01-01T09:36:09.575Z error vsand[2108869] [opID=MainThread cliutils::GetVSANClusterInfo] Failed to query cluster info: Operation not allowed because the VMKernel is shutting down
2001-01-01T09:36:14.576Z error vsand[2108869] [opID=MainThread cliutils::GetVSANClusterInfo] Failed to query cluster info: Operation not allowed because the VMKernel is shutting down
2001-01-01T09:36:19.578Z error vsand[2108869] [opID=MainThread cliutils::GetVSANClusterInfo] Failed to query cluster info: Operation not allowed because the VMKernel is shutting down
2001-01-01T09:36:24.579Z error vsand[2108869] [opID=MainThread cliutils::GetVSANClusterInfo] Failed to query cluster info: Operation not allowed because the VMKernel is shutting down
2001-01-01T09:36:29.581Z error vsand[2108869] [opID=MainThread cliutils::GetVSANClusterInfo] Failed to query cluster info: Operation not allowed because the VMKernel is shutting down
2001-01-01T09:36:34.584Z error vsand[2108869] [opID=MainThread cliutils::GetVSANClusterInfo] Failed to query cluster info: Operation not allowed because the VMKernel is shutting down
2001-01-01T09:36:39.586Z error vsand[2108869] [opID=MainThread cliutils::GetVSANClusterInfo] Failed to query cluster info: Operation not allowed because the VMKernel is shutting down
2001-01-01T09:36:44.590Z error vsand[2108869] [opID=MainThread cliutils::GetVSANClusterInfo] Failed to query cluster info: Operation not allowed because the VMKernel is shutting down
2001-01-01T09:36:49.593Z error vsand[2108869] [opID=MainThread cliutils::GetVSANClusterInfo] Failed to query cluster info: Operation not allowed because the VMKernel is shutting down
2001-01-01T09:36:54.596Z error vsand[2108869] [opID=MainThread cliutils::GetVSANClusterInfo] Failed to query cluster info: Operation not allowed because the VMKernel is shutting down
2001-01-01T09:36:59.599Z error vsand[2108869] [opID=MainThread cliutils::GetVSANClusterInfo] Failed to query cluster info: Operation not allowed because the VMKernel is shutting down
2001-01-01T09:37:04.602Z error vsand[2108869] [opID=MainThread cliutils::GetVSANClusterInfo] Failed to query cluster info: Operation not allowed because the VMKernel is shutting down
2001-01-01T09:37:09.606Z error vsand[2108869] [opID=MainThread cliutils::GetVSANClusterInfo] Failed to query cluster info: Operation not allowed because the VMKernel is shutting down
2001-01-01T09:37:14.608Z error vsand[2108869] [opID=MainThread cliutils::GetVSANClusterInfo] Failed to query cluster info: Operation not allowed because the VMKernel is shutting down
2001-01-01T09:37:19.611Z error vsand[2108869] [opID=MainThread cliutils::GetVSANClusterInfo] Failed to query cluster info: Operation not allowed because the VMKernel is shutting down
2001-01-01T09:37:24.614Z error vsand[2108869] [opID=MainThread cliutils::GetVSANClusterInfo] Failed to query cluster info: Operation not allowed because the VMKernel is shutting down
2001-01-01T09:37:29.616Z error vsand[2108869] [opID=MainThread cliutils::GetVSANClusterInfo] Failed to query cluster info: Operation not allowed because the VMKernel is shutting down
2001-01-01T09:37:34.618Z error vsand[2108869] [opID=MainThread cliutils::GetVSANClusterInfo] Failed to query cluster info: Operation not allowed because the VMKernel is shutting down
2001-01-01T09:37:39.621Z error vsand[2108869] [opID=MainThread cliutils::GetVSANClusterInfo] Failed to query cluster info: Operation not allowed because the VMKernel is shutting down
2001-01-01T09:37:44.624Z error vsand[2108869] [opID=MainThread cliutils::GetVSANClusterInfo] Failed to query cluster info: Operation not allowed because the VMKernel is shutting down
2001-01-01T09:37:49.626Z error vsand[2108869] [opID=MainThread cliutils::GetVSANClusterInfo] Failed to query cluster info: Operation not allowed because the VMKernel is shutting down
2001-01-01T09:37:54.630Z error vsand[2108869] [opID=MainThread cliutils::GetVSANClusterInfo] Failed to query cluster info: Operation not allowed because the VMKernel is shutting down
2001-01-01T09:37:59.633Z error vsand[2108869] [opID=MainThread cliutils::GetVSANClusterInfo] Failed to query cluster info: Operation not allowed because the VMKernel is shutting down
2001-01-01T09:38:04.635Z error vsand[2108869] [opID=MainThread cliutils::GetVSANClusterInfo] Failed to query cluster info: Operation not allowed because the VMKernel is shutting down
2001-01-01T09:38:09.636Z error vsand[2108869] [opID=MainThread cliutils::GetVSANClusterInfo] Failed to query cluster info: Operation not allowed because the VMKernel is shutting down
2001-01-01T09:38:14.639Z error vsand[2108869] [opID=MainThread cliutils::GetVSANClusterInfo] Failed to query cluster info: Operation not allowed because the VMKernel is shutting down
2001-01-01T09:38:19.642Z error vsand[2108869] [opID=MainThread cliutils::GetVSANClusterInfo] Failed to query cluster info: Operation not allowed because the VMKernel is shutting down
2001-01-01T09:38:24.644Z error vsand[2108869] [opID=MainThread cliutils::GetVSANClusterInfo] Failed to query cluster info: Operation not allowed because the VMKernel is shutting down
2001-01-01T09:38:29.646Z error vsand[2108869] [opID=MainThread cliutils::GetVSANClusterInfo] Failed to query cluster info: Operation not allowed because the VMKernel is shutting down
2001-01-01T09:38:34.650Z error vsand[2108869] [opID=MainThread cliutils::GetVSANClusterInfo] Failed to query cluster info: Operation not allowed because the VMKernel is shutting down
2001-01-01T09:38:39.653Z error vsand[2108869] [opID=MainThread cliutils::GetVSANClusterInfo] Failed to query cluster info: Operation not allowed because the VMKernel is shutting down
2001-01-01T09:38:44.656Z error vsand[2108869] [opID=MainThread cliutils::GetVSANClusterInfo] Failed to query cluster info: Operation not allowed because the VMKernel is shutting down
2001-01-01T09:38:49.657Z error vsand[2108869] [opID=MainThread cliutils::GetVSANClusterInfo] Failed to query cluster info: Operation not allowed because the VMKernel is shutting down
2001-01-01T09:38:50.679Z info vsand[2108907] [opID=Thread-2 VsanHealthDaemon::doVsanHealthCheck] Skip VSAN health check due to the VSAN is disabled
2001-01-01T09:38:54.660Z error vsand[2108869] [opID=MainThread cliutils::GetVSANClusterInfo] Failed to query cluster info: Operation not allowed because the VMKernel is shutting down
2001-01-01T09:38:59.664Z error vsand[2108869] [opID=MainThread cliutils::GetVSANClusterInfo] Failed to query cluster info: Operation not allowed because the VMKernel is shutting down
2001-01-01T09:39:04.666Z error vsand[2108869] [opID=MainThread cliutils::GetVSANClusterInfo] Failed to query cluster info: Operation not allowed because the VMKernel is shutting down
2001-01-01T09:39:09.670Z error vsand[2108869] [opID=MainThread cliutils::GetVSANClusterInfo] Failed to query cluster info: Operation not allowed because the VMKernel is shutting down
2001-01-01T09:39:14.673Z error vsand[2108869] [opID=MainThread cliutils::GetVSANClusterInfo] Failed to query cluster info: Operation not allowed because the VMKernel is shutting down
2001-01-01T09:39:19.676Z error vsand[2108869] [opID=MainThread cliutils::GetVSANClusterInfo] Failed to query cluster info: Operation not allowed because the VMKernel is shutting down
2001-01-01T09:39:24.679Z error vsand[2108869] [opID=MainThread cliutils::GetVSANClusterInfo] Failed to query cluster info: Operation not allowed because the VMKernel is shutting down
2001-01-01T09:39:29.682Z error vsand[2108869] [opID=MainThread cliutils::GetVSANClusterInfo] Failed to query cluster info: Operation not allowed because the VMKernel is shutting down
2001-01-01T09:39:34.686Z error vsand[2108869] [opID=MainThread cliutils::GetVSANClusterInfo] Failed to query cluster info: Operation not allowed because the VMKernel is shutting down
2001-01-01T09:39:39.687Z error vsand[2108869] [opID=MainThread cliutils::GetVSANClusterInfo] Failed to query cluster info: Operation not allowed because the VMKernel is shutting down
2001-01-01T09:39:44.689Z error vsand[2108869] [opID=MainThread cliutils::GetVSANClusterInfo] Failed to query cluster info: Operation not allowed because the VMKernel is shutting down
2001-01-01T09:39:49.692Z error vsand[2108869] [opID=MainThread cliutils::GetVSANClusterInfo] Failed to query cluster info: Operation not allowed because the VMKernel is shutting down
2001-01-01T09:39:54.695Z error vsand[2108869] [opID=MainThread cliutils::GetVSANClusterInfo] Failed to query cluster info: Operation not allowed because the VMKernel is shutting down
2001-01-01T09:39:59.698Z error vsand[2108869] [opID=MainThread cliutils::GetVSANClusterInfo] Failed to query cluster info: Operation not allowed because the VMKernel is shutting down
2001-01-01T09:40:04.700Z error vsand[2108869] [opID=MainThread cliutils::GetVSANClusterInfo] Failed to query cluster info: Operation not allowed because the VMKernel is shutting down
2001-01-01T09:40:09.704Z error vsand[2108869] [opID=MainThread cliutils::GetVSANClusterInfo] Failed to query cluster info: Operation not allowed because the VMKernel is shutting down
2001-01-01T09:40:14.706Z error vsand[2108869] [opID=MainThread cliutils::GetVSANClusterInfo] Failed to query cluster info: Operation not allowed because the VMKernel is shutting down
2001-01-01T09:40:19.710Z error vsand[2108869] [opID=MainThread cliutils::GetVSANClusterInfo] Failed to query cluster info: Operation not allowed because the VMKernel is shutting down
2001-01-01T09:40:24.713Z error vsand[2108869] [opID=MainThread cliutils::GetVSANClusterInfo] Failed to query cluster info: Operation not allowed because the VMKernel is shutting down
2001-01-01T09:40:29.716Z error vsand[2108869] [opID=MainThread cliutils::GetVSANClusterInfo] Failed to query cluster info: Operation not allowed because the VMKernel is shutting down
2001-01-01T09:40:34.719Z error vsand[2108869] [opID=MainThread cliutils::GetVSANClusterInfo] Failed to query cluster info: Operation not allowed because the VMKernel is shutting down
2001-01-01T09:40:39.722Z error vsand[2108869] [opID=MainThread cliutils::GetVSANClusterInfo] Failed to query cluster info: Operation not allowed because the VMKernel is shutting down
2001-01-01T09:40:44.726Z error vsand[2108869] [opID=MainThread cliutils::GetVSANClusterInfo] Failed to query cluster info: Operation not allowed because the VMKernel is shutting down
2001-01-01T09:40:49.729Z error vsand[2108869] [opID=MainThread cliutils::GetVSANClusterInfo] Failed to query cluster info: Operation not allowed because the VMKernel is shutting down
2001-01-01T09:40:54.730Z error vsand[2108869] [opID=MainThread cliutils::GetVSANClusterInfo] Failed to query cluster info: Operation not allowed because the VMKernel is shutting down
2001-01-01T09:40:59.732Z error vsand[2108869] [opID=MainThread cliutils::GetVSANClusterInfo] Failed to query cluster info: Operation not allowed because the VMKernel is shutting down
2001-01-01T09:41:04.735Z error vsand[2108869] [opID=MainThread cliutils::GetVSANClusterInfo] Failed to query cluster info: Operation not allowed because the VMKernel is shutting down
2001-01-01T09:41:09.736Z error vsand[2108869] [opID=MainThread cliutils::GetVSANClusterInfo] Failed to query cluster info: Operation not allowed because the VMKernel is shutting down
2001-01-01T09:41:14.739Z error vsand[2108869] [opID=MainThread cliutils::GetVSANClusterInfo] Failed to query cluster info: Operation not allowed because the VMKernel is shutting down
2001-01-01T09:41:19.743Z error vsand[2108869] [opID=MainThread cliutils::GetVSANClusterInfo] Failed to query cluster info: Operation not allowed because the VMKernel is shutting down
2001-01-01T09:41:24.746Z error vsand[2108869] [opID=MainThread cliutils::GetVSANClusterInfo] Failed to query cluster info: Operation not allowed because the VMKernel is shutting down
2001-01-01T09:41:29.747Z error vsand[2108869] [opID=MainThread cliutils::GetVSANClusterInfo] Failed to query cluster info: Operation not allowed because the VMKernel is shutting down
2001-01-01T09:41:34.750Z error vsand[2108869] [opID=MainThread cliutils::GetVSANClusterInfo] Failed to query cluster info: Operation not allowed because the VMKernel is shutting down
2001-01-01T09:41:39.754Z error vsand[2108869] [opID=MainThread cliutils::GetVSANClusterInfo] Failed to query cluster info: Operation not allowed because the VMKernel is shutting down
2001-01-01T09:41:44.756Z error vsand[2108869] [opID=MainThread cliutils::GetVSANClusterInfo] Failed to query cluster info: Operation not allowed because the VMKernel is shutting down
2001-01-01T09:41:49.758Z error vsand[2108869] [opID=MainThread cliutils::GetVSANClusterInfo] Failed to query cluster info: Operation not allowed because the VMKernel is shutting down
2001-01-01T09:41:54.761Z error vsand[2108869] [opID=MainThread cliutils::GetVSANClusterInfo] Failed to query cluster info: Operation not allowed because the VMKernel is shutting down
2001-01-01T09:41:59.764Z error vsand[2108869] [opID=MainThread cliutils::GetVSANClusterInfo] Failed to query cluster info: Operation not allowed because the VMKernel is shutting down
2001-01-01T09:42:04.766Z error vsand[2108869] [opID=MainThread cliutils::GetVSANClusterInfo] Failed to query cluster info: Operation not allowed because the VMKernel is shutting down
2001-01-01T09:42:09.768Z error vsand[2108869] [opID=MainThread cliutils::GetVSANClusterInfo] Failed to query cluster info: Operation not allowed because the VMKernel is shutting down
2001-01-01T09:42:14.770Z error vsand[2108869] [opID=MainThread cliutils::GetVSANClusterInfo] Failed to query cluster info: Operation not allowed because the VMKernel is shutting down
2001-01-01T09:42:19.774Z error vsand[2108869] [opID=MainThread cliutils::GetVSANClusterInfo] Failed to query cluster info: Operation not allowed because the VMKernel is shutting down
2001-01-01T09:42:24.776Z error vsand[2108869] [opID=MainThread cliutils::GetVSANClusterInfo] Failed to query cluster info: Operation not allowed because the VMKernel is shutting down
2001-01-01T09:42:29.777Z error vsand[2108869] [opID=MainThread cliutils::GetVSANClusterInfo] Failed to query cluster info: Operation not allowed because the VMKernel is shutting down
2001-01-01T09:42:34.781Z error vsand[2108869] [opID=MainThread cliutils::GetVSANClusterInfo] Failed to query cluster info: Operation not allowed because the VMKernel is shutting down
2001-01-01T09:42:39.783Z error vsand[2108869] [opID=MainThread cliutils::GetVSANClusterInfo] Failed to query cluster info: Operation not allowed because the VMKernel is shutting down
2001-01-01T09:42:44.786Z error vsand[2108869] [opID=MainThread cliutils::GetVSANClusterInfo] Failed to query cluster info: Operation not allowed because the VMKernel is shutting down
2001-01-01T09:42:49.789Z error vsand[2108869] [opID=MainThread cliutils::GetVSANClusterInfo] Failed to query cluster info: Operation not allowed because the VMKernel is shutting down
2001-01-01T09:42:54.792Z error vsand[2108869] [opID=MainThread cliutils::GetVSANClusterInfo] Failed to query cluster info: Operation not allowed because the VMKernel is shutting down
2001-01-01T09:42:59.796Z error vsand[2108869] [opID=MainThread cliutils::GetVSANClusterInfo] Failed to query cluster info: Operation not allowed because the VMKernel is shutting down
2001-01-01T09:43:04.799Z error vsand[2108869] [opID=MainThread cliutils::GetVSANClusterInfo] Failed to query cluster info: Operation not allowed because the VMKernel is shutting down
2001-01-01T09:43:09.802Z error vsand[2108869] [opID=MainThread cliutils::GetVSANClusterInfo] Failed to query cluster info: Operation not allowed because the VMKernel is shutting down
2001-01-01T09:43:14.805Z error vsand[2108869] [opID=MainThread cliutils::GetVSANClusterInfo] Failed to query cluster info: Operation not allowed because the VMKernel is shutting down
2001-01-01T09:43:19.807Z error vsand[2108869] [opID=MainThread cliutils::GetVSANClusterInfo] Failed to query cluster info: Operation not allowed because the VMKernel is shutting down
2001-01-01T09:43:24.810Z error vsand[2108869] [opID=MainThread cliutils::GetVSANClusterInfo] Failed to query cluster info: Operation not allowed because the VMKernel is shutting down
2001-01-01T09:43:29.813Z error vsand[2108869] [opID=MainThread cliutils::GetVSANClusterInfo] Failed to query cluster info: Operation not allowed because the VMKernel is shutting down
2001-01-01T09:43:34.816Z error vsand[2108869] [opID=MainThread cliutils::GetVSANClusterInfo] Failed to query cluster info: Operation not allowed because the VMKernel is shutting down
2001-01-01T09:43:39.819Z error vsand[2108869] [opID=MainThread cliutils::GetVSANClusterInfo] Failed to query cluster info: Operation not allowed because the VMKernel is shutting down
2001-01-01T09:43:44.820Z error vsand[2108869] [opID=MainThread cliutils::GetVSANClusterInfo] Failed to query cluster info: Operation not allowed because the VMKernel is shutting down
2001-01-01T09:43:49.823Z info vsand[2108869] [opID=MainThread statsdaemon::UnsubscribeFromCMMDS] unsubscribe the CMMDS subscription for handler <statsdaemon.StatsDaemon object at 0x7cf1c22e8>
2001-01-01T09:43:49.823Z info vsand[2108869] [opID=MainThread statsdaemon::UnsubscribeFromCMMDS] unsubscribe the CMMDS subscription for handler <VsanHealthDaemon.CmmdsEntryDefaultHandler object at 0x7e49aef28>
2001-01-01T09:43:49.824Z info vsand[2108869] [opID=MainThread statsdaemon::UnsubscribeFromCMMDS] unsubscribe the CMMDS subscription for handler <VsanHealthDaemon.CmmdsEntryDefaultHandler object at 0x7e48c4b38>
2001-01-01T09:43:49.824Z info vsand[2108869] [opID=MainThread statsdaemon::UnsubscribeFromCMMDS] unsubscribe the CMMDS subscription for handler <VsanHealthDaemon.CmmdsEntryDefaultHandler object at 0x7e48c4cc0>
2001-01-01T09:43:49.824Z info vsand[2108869] [opID=MainThread statsdaemon::UnsubscribeFromCMMDS] unsubscribe the CMMDS subscription for handler <VsanHealthDaemon.CmmdsEntryDefaultHandler object at 0x7e48c4cf8>
2001-01-01T09:43:49.824Z info vsand[2108869] [opID=MainThread statsdaemon::UnsubscribeFromCMMDS] unsubscribe the CMMDS subscription for handler <VsanHealthDaemon.CmmdsDiskHealthStatusHandler object at 0x7e48c0748>
2001-01-01T09:43:50.826Z info vsand[2108869] [opID=MainThread VsanHealthDaemon::stop] vSAN health daemon thread has quit
2001-01-01T09:43:50.842Z warning vsand[2108913] [opID=Thread-5 VsanTaskTrackerImpl::_ThreadMain] Connection to hostd is down, need to reconnect
2001-01-01T09:43:50.843Z info vsand[2108869] [opID=MainThread VsanHealthUtil::LogoutLocalHostd] Done logout from local hostd.
2001-01-01T09:43:50.844Z info vsand[2108869] [opID=Dummy-16 VsanTaskTrackerImpl::StopTaskTracker] Stop task tracker
2001-01-01T09:54:00.013Z info vsand[2109271] [opID=MainThread VsanVmomiPatcher::PatchPyVmomi] Python 3.5.10 (default, Jul  1 2021, 03:54:37)  [GCC 4.6.3] on linux, optimize: 0
2001-01-01T09:54:00.198Z info vsand[2109271] [opID=MainThread VsanVmomiPatcher::PatchPyVmomi] Loaded bindings 'pyVmomi.PbmObjects'
2001-01-01T09:54:00.199Z info vsand[2109271] [opID=MainThread VsanVmomiPatcher::PatchPyVmomi] Loaded bindings 'pyVmomi.VsanDpTypes'
2001-01-01T09:54:00.199Z info vsand[2109271] [opID=MainThread VsanVmomiPatcher::PatchPyVmomi] Loaded bindings 'pyVmomi.ReflectTypes'
2001-01-01T09:54:00.199Z info vsand[2109271] [opID=MainThread VsanVmomiPatcher::PatchPyVmomi] Loaded bindings 'pyVmomi.QueryTypes'
2001-01-01T09:54:00.199Z info vsand[2109271] [opID=MainThread VsanVmomiPatcher::PatchPyVmomi] Loaded bindings 'pyVmomi.CoreTypes'
2001-01-01T09:54:00.199Z info vsand[2109271] [opID=MainThread VsanVmomiPatcher::PatchPyVmomi] Loaded bindings 'pyVmomi.ServerObjects'
2001-01-01T09:54:00.199Z info vsand[2109271] [opID=MainThread VsanVmomiPatcher::PatchPyVmomi] Supported top level names: {'DataObject', 'vim', 'ManagedObject', 'vmodl', 'pbm'}
2001-01-01T09:54:00.329Z info vsand[2109271] [opID=MainThread VsanVmomiPatcher::PatchPyVmomi] Patched VmomiSupport.LazyType
2001-01-01T09:54:00.329Z info vsand[2109271] [opID=MainThread VsanVmomiPatcher::PatchPyVmomi] Patched vmodl.LocalizedMethodFault
2001-01-01T09:54:00.329Z info vsand[2109271] [opID=MainThread VsanVmomiPatcher::PatchPyVmomi] Patched vmodl.MethodFault
2001-01-01T09:54:00.330Z info vsand[2109271] [opID=MainThread VsanVmomiPatcher::PatchPyVmomi] Patched vmodl.RuntimeFault
2001-01-01T09:54:00.330Z info vsand[2109271] [opID=MainThread VsanVmomiPatcher::PatchPyVmomi] Patched vmodl.DynamicData
2001-01-01T09:54:00.330Z info vsand[2109271] [opID=MainThread VsanVmomiPatcher::PatchPyVmomi] Patched VmomiSupport.DataObject
2001-01-01T09:54:00.330Z info vsand[2109271] [opID=MainThread VsanVmomiPatcher::PatchPyVmomi] pyvmomi is patched!
2001-01-01T09:54:00.335Z info vsand[2109271] [opID=MainThread VsanMgmtUtil::__init__] Initialized ObjectCache: 'ProfilerStatsCache', maxSize=10000, ttl=None
2001-01-01T09:54:00.766Z info vsand[2109271] [opID=MainThread statsdaemon::LoadAndRegisterManagedObjects] Loading VcsaDeployerSystem__ext_init__
2001-01-01T09:54:00.766Z info vsand[2109271] [opID=MainThread VcsaDeployerSystem__ext_init__::<module>] loading vcsaDeployer
2001-01-01T09:54:00.803Z info vsand[2109271] [opID=MainThread statsdaemon::LoadAndRegisterManagedObjects] Loading VsanCapabilitySystem__ext_init__
2001-01-01T09:54:00.807Z info vsand[2109271] [opID=MainThread statsdaemon::LoadAndRegisterManagedObjects] Loading VsanDebugSystem__ext_init__
2001-01-01T09:54:00.810Z info vsand[2109271] [opID=MainThread statsdaemon::LoadAndRegisterManagedObjects] Loading VsanDiskManagementSystem__ext_init__
2001-01-01T09:54:00.828Z info vsand[2109271] [opID=MainThread statsdaemon::LoadAndRegisterManagedObjects] Loading VsanHealth__ext_init__
2001-01-01T09:54:00.829Z info vsand[2109271] [opID=MainThread VsanPyVmomiProfiler::log] Profiler:
2001-01-01T09:54:00.830Z info vsand[2109271] [opID=MainThread VsanPyVmomiProfiler::logProfile]   Import VsanHealth sub modules: VsanHealthSystem: 0.00s, consumed: 35892KB (+0KB), consumedPeak: 70832KB (+0KB), effectiveMin: 102400KB (+0KB), effectiveMinPeak: 102400KB (+0KB), requestedMinPeak: 102400KB (+0KB)
2001-01-01T09:54:00.883Z info vsand[2109271] [opID=MainThread VsanHealthDaemon::run] Start VSAN Health Daemon Thread...
2001-01-01T09:54:00.884Z info vsand[2109271] [opID=MainThread VsanPyVmomiProfiler::log] Profiler:
2001-01-01T09:54:00.884Z info vsand[2109271] [opID=MainThread VsanPyVmomiProfiler::logProfile]   Import VsanHealth sub modules: VsanHealthSystemImpl: 0.05s, consumed: 35892KB (+0KB), consumedPeak: 70832KB (+0KB), effectiveMin: 102400KB (+0KB), effectiveMinPeak: 102400KB (+0KB), requestedMinPeak: 102400KB (+0KB)
2001-01-01T09:54:00.884Z info vsand[2109271] [opID=MainThread VsanPyVmomiProfiler::log] Profiler:
2001-01-01T09:54:00.884Z info vsand[2109271] [opID=MainThread VsanPyVmomiProfiler::logProfile]   Import VsanHealth sub modules: VsanClusterHealthSystem: 0.00s, consumed: 35892KB (+0KB), consumedPeak: 70832KB (+0KB), effectiveMin: 102400KB (+0KB), effectiveMinPeak: 102400KB (+0KB), requestedMinPeak: 102400KB (+0KB)
2001-01-01T09:54:00.885Z info vsand[2109271] [opID=MainThread VsanPyVmomiProfiler::log] Profiler:
2001-01-01T09:54:00.885Z info vsand[2109271] [opID=MainThread VsanPyVmomiProfiler::logProfile]   Import VsanHealth sub modules: VsanClusterHealthSystemImpl: 0.00s, consumed: 35892KB (+0KB), consumedPeak: 70832KB (+0KB), effectiveMin: 102400KB (+0KB), effectiveMinPeak: 102400KB (+0KB), requestedMinPeak: 102400KB (+0KB)
2001-01-01T09:54:00.886Z info vsand[2109271] [opID=MainThread VsanPyVmomiProfiler::log] Profiler:
2001-01-01T09:54:00.886Z info vsand[2109271] [opID=MainThread VsanPyVmomiProfiler::logProfile]   Import VsanHealth sub modules: VsanDataProtectionHostRecoverySystemImpl: 0.00s, consumed: 35892KB (+0KB), consumedPeak: 70832KB (+0KB), effectiveMin: 102400KB (+0KB), effectiveMinPeak: 102400KB (+0KB), requestedMinPeak: 102400KB (+0KB)
2001-01-01T09:54:00.913Z info vsand[2109271] [opID=MainThread VsanPyVmomiProfiler::log] Profiler:
2001-01-01T09:54:00.914Z info vsand[2109271] [opID=MainThread VsanPyVmomiProfiler::logProfile]   Import VsanHealth sub modules: VsanVcClusterHealthSystem: 0.03s, consumed: 35892KB (+0KB), consumedPeak: 70832KB (+0KB), effectiveMin: 102400KB (+0KB), effectiveMinPeak: 102400KB (+0KB), requestedMinPeak: 102400KB (+0KB)
2001-01-01T09:54:00.926Z info vsand[2109271] [opID=MainThread VsanPyVmomiProfiler::log] Profiler:
2001-01-01T09:54:00.926Z info vsand[2109271] [opID=MainThread VsanPyVmomiProfiler::logProfile]   Import VsanHealth sub modules: VsanVcClusterHealthSystemImpl: 0.01s, consumed: 35892KB (+0KB), consumedPeak: 70832KB (+0KB), effectiveMin: 102400KB (+0KB), effectiveMinPeak: 102400KB (+0KB), requestedMinPeak: 102400KB (+0KB)
2001-01-01T09:54:00.927Z info vsand[2109271] [opID=MainThread VsanPyVmomiProfiler::log] Profiler:
2001-01-01T09:54:00.927Z info vsand[2109271] [opID=MainThread VsanPyVmomiProfiler::logProfile]   Import VsanHealth sub modules: VsanSpaceReportSystem: 0.00s, consumed: 35892KB (+0KB), consumedPeak: 70832KB (+0KB), effectiveMin: 102400KB (+0KB), effectiveMinPeak: 102400KB (+0KB), requestedMinPeak: 102400KB (+0KB)
2001-01-01T09:54:00.929Z info vsand[2109271] [opID=MainThread VsanPyVmomiProfiler::log] Profiler:
2001-01-01T09:54:00.929Z info vsand[2109271] [opID=MainThread VsanPyVmomiProfiler::logProfile]   Import VsanHealth sub modules: VsanDataProtectionSpaceSystem: 0.00s, consumed: 35892KB (+0KB), consumedPeak: 70832KB (+0KB), effectiveMin: 102400KB (+0KB), effectiveMinPeak: 102400KB (+0KB), requestedMinPeak: 102400KB (+0KB)
2001-01-01T09:54:01.037Z info vsand[2109271] [opID=MainThread VsanPyVmomiProfiler::log] Profiler:
2001-01-01T09:54:01.037Z info vsand[2109271] [opID=MainThread VsanPyVmomiProfiler::logProfile]   Import VsanHealth sub modules: VsanDataProtectionSpaceSystemImpl: 0.11s, consumed: 35892KB (+0KB), consumedPeak: 70832KB (+0KB), effectiveMin: 102400KB (+0KB), effectiveMinPeak: 102400KB (+0KB), requestedMinPeak: 102400KB (+0KB)
2001-01-01T09:54:01.043Z info vsand[2109271] [opID=MainThread VsanPyVmomiProfiler::log] Profiler:
2001-01-01T09:54:01.043Z info vsand[2109271] [opID=MainThread VsanPyVmomiProfiler::logProfile]   Import VsanHealth sub modules: VsanVdsSystem: 0.01s, consumed: 35892KB (+0KB), consumedPeak: 70832KB (+0KB), effectiveMin: 102400KB (+0KB), effectiveMinPeak: 102400KB (+0KB), requestedMinPeak: 102400KB (+0KB)
2001-01-01T09:54:01.045Z info vsand[2109271] [opID=MainThread VsanPyVmomiProfiler::log] Profiler:
2001-01-01T09:54:01.045Z info vsand[2109271] [opID=MainThread VsanPyVmomiProfiler::logProfile]   Import VsanHealth sub modules: VsanVdsSystemImpl: 0.00s, consumed: 35892KB (+0KB), consumedPeak: 70832KB (+0KB), effectiveMin: 102400KB (+0KB), effectiveMinPeak: 102400KB (+0KB), requestedMinPeak: 102400KB (+0KB)
2001-01-01T09:54:01.050Z info vsand[2109271] [opID=MainThread VsanPyVmomiProfiler::log] Profiler:
2001-01-01T09:54:01.050Z info vsand[2109271] [opID=MainThread VsanPyVmomiProfiler::logProfile]   Import VsanHealth sub modules: VsanHostSystemProxyImpl: 0.00s, consumed: 35892KB (+0KB), consumedPeak: 70832KB (+0KB), effectiveMin: 102400KB (+0KB), effectiveMinPeak: 102400KB (+0KB), requestedMinPeak: 102400KB (+0KB)
2001-01-01T09:54:01.052Z info vsand[2109271] [opID=MainThread VsanPyVmomiProfiler::log] Profiler:
2001-01-01T09:54:01.052Z info vsand[2109271] [opID=MainThread VsanPyVmomiProfiler::logProfile]   Import VsanHealth sub modules: VsanVcPerformanceManagerImpl: 0.00s, consumed: 35892KB (+0KB), consumedPeak: 70832KB (+0KB), effectiveMin: 102400KB (+0KB), effectiveMinPeak: 102400KB (+0KB), requestedMinPeak: 102400KB (+0KB)
2001-01-01T09:54:01.053Z info vsand[2109271] [opID=MainThread VsanPyVmomiProfiler::log] Profiler:
2001-01-01T09:54:01.053Z info vsand[2109271] [opID=MainThread VsanPyVmomiProfiler::logProfile]   Import VsanHealth sub modules: VsanCommonTypes: 0.00s, consumed: 35892KB (+0KB), consumedPeak: 70832KB (+0KB), effectiveMin: 102400KB (+0KB), effectiveMinPeak: 102400KB (+0KB), requestedMinPeak: 102400KB (+0KB)
2001-01-01T09:54:01.061Z info vsand[2109271] [opID=MainThread VsanPyVmomiProfiler::log] Profiler:
2001-01-01T09:54:01.061Z info vsand[2109271] [opID=MainThread VsanPyVmomiProfiler::logProfile]   Import VsanHealth sub modules: VsanVcDiskFormatConverter: 0.01s, consumed: 35892KB (+0KB), consumedPeak: 70832KB (+0KB), effectiveMin: 102400KB (+0KB), effectiveMinPeak: 102400KB (+0KB), requestedMinPeak: 102400KB (+0KB)
2001-01-01T09:54:01.074Z info vsand[2109271] [opID=MainThread VsanPyVmomiProfiler::log] Profiler:
2001-01-01T09:54:01.074Z info vsand[2109271] [opID=MainThread VsanPyVmomiProfiler::logProfile]   Import VsanHealth sub modules: VsanVcDiskFormatConverterImpl: 0.01s, consumed: 35892KB (+0KB), consumedPeak: 70832KB (+0KB), effectiveMin: 102400KB (+0KB), effectiveMinPeak: 102400KB (+0KB), requestedMinPeak: 102400KB (+0KB)
2001-01-01T09:54:01.081Z info vsand[2109271] [opID=MainThread VsanPyVmomiProfiler::log] Profiler:
2001-01-01T09:54:01.081Z info vsand[2109271] [opID=MainThread VsanPyVmomiProfiler::logProfile]   Import VsanHealth sub modules: VsanMassCollector: 0.01s, consumed: 35892KB (+0KB), consumedPeak: 70832KB (+0KB), effectiveMin: 102400KB (+0KB), effectiveMinPeak: 102400KB (+0KB), requestedMinPeak: 102400KB (+0KB)
2001-01-01T09:54:01.083Z info vsand[2109271] [opID=MainThread VsanMgmtUtil::__init__] Initialized ObjectCache: 'ph_obfuscationLookupTable', maxSize=10000, ttl=None
2001-01-01T09:54:01.083Z info vsand[2109271] [opID=MainThread VsanMgmtUtil::__init__] Initialized ObjectCache: 'ph_database', maxSize=10000, ttl=None
2001-01-01T09:54:01.084Z info vsand[2109271] [opID=MainThread VsanMgmtUtil::__init__] Initialized ObjectCache: 'ph_exception_database', maxSize=10000, ttl=None
2001-01-01T09:54:01.089Z error vsand[2109271] [opID=MainThread VsanConfigUtil::isFeatureEnabledOnHost] Failed to get value for /config/VSAN/intOpts/CloudHealth Traceback (most recent call last):   File "/build/mts/release/bora-19184740/bora/build/vsan/release/vsanhealth/usr/lib/vmware/vsan/perfsvc/VsanConfigUtil.py", line 549, in isFeatureEnabledOnHost Exception: Not found
2001-01-01T09:54:01.091Z info vsand[2109271] [opID=MainThread VsanPyVmomiProfiler::log] Profiler:
2001-01-01T09:54:01.091Z info vsand[2109271] [opID=MainThread VsanPyVmomiProfiler::logProfile]   Import VsanHealth sub modules: VsanMassCollectorImpl: 0.01s, consumed: 35892KB (+0KB), consumedPeak: 70832KB (+0KB), effectiveMin: 102400KB (+0KB), effectiveMinPeak: 102400KB (+0KB), requestedMinPeak: 102400KB (+0KB)
2001-01-01T09:54:01.092Z info vsand[2109271] [opID=MainThread VsanPyVmomiProfiler::log] Profiler:
2001-01-01T09:54:01.092Z info vsand[2109271] [opID=MainThread VsanPyVmomiProfiler::logProfile]   Import VsanHealth sub modules: ServiceInstanceImpl: 0.00s, consumed: 35892KB (+0KB), consumedPeak: 70832KB (+0KB), effectiveMin: 102400KB (+0KB), effectiveMinPeak: 102400KB (+0KB), requestedMinPeak: 102400KB (+0KB)
2001-01-01T09:54:01.093Z info vsand[2109271] [opID=MainThread statsdaemon::LoadAndRegisterManagedObjects] Loading VsanIscsiTargetSystem__ext_init__
2001-01-01T09:54:01.110Z info vsand[2109271] [opID=MainThread statsdaemon::LoadAndRegisterManagedObjects] Loading VsanObjectSystem__ext_init__
2001-01-01T09:54:01.115Z info vsand[2109271] [opID=MainThread statsdaemon::LoadAndRegisterManagedObjects] Loading VsanPhoneHomeHostSystem__ext_init__
2001-01-01T09:54:01.119Z info vsand[2109271] [opID=MainThread statsdaemon::LoadAndRegisterManagedObjects] Loading VsanPrecheckerSystem__ext_init__
2001-01-01T09:54:01.124Z info vsand[2109271] [opID=MainThread statsdaemon::LoadAndRegisterManagedObjects] Loading VsanResourceCheckSystem__ext_init__
2001-01-01T09:54:01.130Z info vsand[2109271] [opID=MainThread statsdaemon::LoadAndRegisterManagedObjects] Loading VsanStretchedCluster__ext_init__
2001-01-01T09:54:01.136Z info vsand[2109271] [opID=MainThread statsdaemon::LoadAndRegisterManagedObjects] Loading VsanSystem__ext_init__
2001-01-01T09:54:01.139Z info vsand[2109317] [opID=Thread-5 VsanTaskTrackerImpl::_Reinit] Start connecting to hostd
2001-01-01T09:54:01.142Z info vsand[2109271] [opID=MainThread statsdaemon::LoadAndRegisterManagedObjects] Loading VsanVcDiskManagementSystem__ext_init__
2001-01-01T09:54:01.146Z info vsand[2109271] [opID=MainThread statsdaemon::LoadAndRegisterManagedObjects] Loading VsanVcIscsiTargetSystem__ext_init__
2001-01-01T09:54:01.151Z info vsand[2109271] [opID=MainThread statsdaemon::LoadAndRegisterManagedObjects] Loaded vSAN managed objects: 22 ({('vsanSystem', None): 'VsanSystemImpl:vsanSystem', ('ha-vsan-async-system', None): 'VsanAsyncSystemImpl:ha-vsan-async-system', ('ha-vsan-task-tracker', None): 'VsanTaskTrackerImpl:ha-vsan-task-tracker', ('vsan-capability-system', None): 'VsanCapabilitySystemImpl:vsan-capability-system', ('vsan-iscsi-target-system', None): 'VsanIscsiTargetSystemImpl:vsan-iscsi-target-system', ('vsan-object-system', None): 'VsanObjectSystemImpl:vsan-object-system', ('ha-vsan-health-system', None): 'VsanHealthSystemImpl:ha-vsan-health-system', ('ha-vsan-disk-management-system', None): 'VsanDiskManagementSystemImpl:ha-vsan-disk-management-system', ('vsanDebugSystem', None): 'VsanDebugSystemImpl:vsanDebugSystem', ('ha-dynamic-type-manager-python', None): 'Dynami
cTypeManager:ha-dynamic-type-manager-python', ('ServiceInstance', None): 'ServiceInstanceImpl:ServiceInstance', ('vsanSystemEx', None): 'VsanSystemExImpl:vsanSystemEx', ('ha-vsan-prechecker-system', None): 'VsanPrecheckerSystemImpl:ha-vsan-prechecker-system', ('vsan-performance-manager', None): 'VsanPerformanceManagerImpl:vsan-performance-manager', ('ha-phonehome-host-system', None): 'VsanPhoneHomeHostSystemImpl:ha-phonehome-host-system', ('vsan-vcsa-deployer-system', None): 'VsanVcsaDeployerSystemImpl:vsan-vcsa-deployer-system', ('vsan-internal-statsprovider', None): 'VsanInternalStatsProviderImpl:vsan-internal-statsprovider', ('ha-vsan-internal-system', None): 'VsanInternalSystem:ha-vsan-internal-system', ('ha-cli-info-python', None): 'CLIInfoImpl:ha-cli-info-python', ('ha-vsan-stretched-cluster-system', None): 'VsanStretchedClusterSystem:ha-vsan-stretched-cluster-system', ('ha-vsan-cluster-h
ealth-system', None): 'VsanClusterHealthSystemImpl:ha-vsan-cluster-health-system', ('ha-vsan-dp-space-system', None): 'VsanDataProtectionSpaceSystemImpl:ha-vsan-dp-space-system'})
2001-01-01T09:54:01.151Z info vsand[2109271] [opID=MainThread VsanPyVmomiProfiler::log] Profiler:
2001-01-01T09:54:01.151Z info vsand[2109271] [opID=MainThread VsanPyVmomiProfiler::logProfile]   LoadAndRegisterManagedObjects: 0.40s, consumed: 35892KB (+0KB), consumedPeak: 70832KB (+0KB), effectiveMin: 102400KB (+0KB), effectiveMinPeak: 102400KB (+0KB), requestedMinPeak: 102400KB (+0KB)
2001-01-01T09:54:01.152Z info vsand[2109271] [opID=MainThread VsanPyVmomiProfiler::logProfile]   __import__VcsaDeployerSystem__ext_init__: 0.04s, consumed: 35892KB (+0KB), consumedPeak: 70832KB (+0KB), effectiveMin: 102400KB (+0KB), effectiveMinPeak: 102400KB (+0KB), requestedMinPeak: 102400KB (+0KB)
2001-01-01T09:54:01.152Z info vsand[2109271] [opID=MainThread VsanPyVmomiProfiler::logProfile]   __import__VsanCapabilitySystem__ext_init__: 0.00s, consumed: 35892KB (+0KB), consumedPeak: 70832KB (+0KB), effectiveMin: 102400KB (+0KB), effectiveMinPeak: 102400KB (+0KB), requestedMinPeak: 102400KB (+0KB)
2001-01-01T09:54:01.152Z info vsand[2109271] [opID=MainThread VsanPyVmomiProfiler::logProfile]   __import__VsanDebugSystem__ext_init__: 0.00s, consumed: 35892KB (+0KB), consumedPeak: 70832KB (+0KB), effectiveMin: 102400KB (+0KB), effectiveMinPeak: 102400KB (+0KB), requestedMinPeak: 102400KB (+0KB)
2001-01-01T09:54:01.152Z info vsand[2109271] [opID=MainThread VsanPyVmomiProfiler::logProfile]   __import__VsanDiskManagementSystem__ext_init__: 0.02s, consumed: 35892KB (+0KB), consumedPeak: 70832KB (+0KB), effectiveMin: 102400KB (+0KB), effectiveMinPeak: 102400KB (+0KB), requestedMinPeak: 102400KB (+0KB)
2001-01-01T09:54:01.152Z info vsand[2109271] [opID=MainThread VsanPyVmomiProfiler::logProfile]   __import__VsanHealth__ext_init__: 0.26s, consumed: 35892KB (+0KB), consumedPeak: 70832KB (+0KB), effectiveMin: 102400KB (+0KB), effectiveMinPeak: 102400KB (+0KB), requestedMinPeak: 102400KB (+0KB)
2001-01-01T09:54:01.153Z info vsand[2109271] [opID=MainThread VsanPyVmomiProfiler::logProfile]   __import__VsanIscsiTargetSystem__ext_init__: 0.02s, consumed: 35892KB (+0KB), consumedPeak: 70832KB (+0KB), effectiveMin: 102400KB (+0KB), effectiveMinPeak: 102400KB (+0KB), requestedMinPeak: 102400KB (+0KB)
2001-01-01T09:54:01.153Z info vsand[2109271] [opID=MainThread VsanPyVmomiProfiler::logProfile]   __import__VsanObjectSystem__ext_init__: 0.00s, consumed: 35892KB (+0KB), consumedPeak: 70832KB (+0KB), effectiveMin: 102400KB (+0KB), effectiveMinPeak: 102400KB (+0KB), requestedMinPeak: 102400KB (+0KB)
2001-01-01T09:54:01.153Z info vsand[2109271] [opID=MainThread VsanPyVmomiProfiler::logProfile]   __import__VsanPhoneHomeHostSystem__ext_init__: 0.00s, consumed: 35892KB (+0KB), consumedPeak: 70832KB (+0KB), effectiveMin: 102400KB (+0KB), effectiveMinPeak: 102400KB (+0KB), requestedMinPeak: 102400KB (+0KB)
2001-01-01T09:54:01.153Z info vsand[2109271] [opID=MainThread VsanPyVmomiProfiler::logProfile]   __import__VsanPrecheckerSystem__ext_init__: 0.00s, consumed: 35892KB (+0KB), consumedPeak: 70832KB (+0KB), effectiveMin: 102400KB (+0KB), effectiveMinPeak: 102400KB (+0KB), requestedMinPeak: 102400KB (+0KB)
2001-01-01T09:54:01.154Z info vsand[2109271] [opID=MainThread VsanPyVmomiProfiler::logProfile]   __import__VsanResourceCheckSystem__ext_init__: 0.01s, consumed: 35892KB (+0KB), consumedPeak: 70832KB (+0KB), effectiveMin: 102400KB (+0KB), effectiveMinPeak: 102400KB (+0KB), requestedMinPeak: 102400KB (+0KB)
2001-01-01T09:54:01.154Z info vsand[2109271] [opID=MainThread VsanPyVmomiProfiler::logProfile]   __import__VsanStretchedCluster__ext_init__: 0.01s, consumed: 35892KB (+0KB), consumedPeak: 70832KB (+0KB), effectiveMin: 102400KB (+0KB), effectiveMinPeak: 102400KB (+0KB), requestedMinPeak: 102400KB (+0KB)
2001-01-01T09:54:01.154Z info vsand[2109271] [opID=MainThread VsanPyVmomiProfiler::logProfile]   __import__VsanSystem__ext_init__: 0.01s, consumed: 35892KB (+0KB), consumedPeak: 70832KB (+0KB), effectiveMin: 102400KB (+0KB), effectiveMinPeak: 102400KB (+0KB), requestedMinPeak: 102400KB (+0KB)
2001-01-01T09:54:01.154Z info vsand[2109271] [opID=MainThread VsanPyVmomiProfiler::logProfile]   __import__VsanVcDiskManagementSystem__ext_init__: 0.00s, consumed: 35892KB (+0KB), consumedPeak: 70832KB (+0KB), effectiveMin: 102400KB (+0KB), effectiveMinPeak: 102400KB (+0KB), requestedMinPeak: 102400KB (+0KB)
2001-01-01T09:54:01.154Z info vsand[2109271] [opID=MainThread VsanPyVmomiProfiler::logProfile]   __import__VsanVcIscsiTargetSystem__ext_init__: 0.00s, consumed: 35892KB (+0KB), consumedPeak: 70832KB (+0KB), effectiveMin: 102400KB (+0KB), effectiveMinPeak: 102400KB (+0KB), requestedMinPeak: 102400KB (+0KB)
2001-01-01T09:54:01.155Z info vsand[2109271] [opID=MainThread VsanPyVmomiProfiler::logProfile]   scanExtInitFiles: 0.01s, consumed: 35892KB (+0KB), consumedPeak: 70832KB (+0KB), effectiveMin: 102400KB (+0KB), effectiveMinPeak: 102400KB (+0KB), requestedMinPeak: 102400KB (+0KB)
2001-01-01T09:54:01.155Z info vsand[2109271] [opID=MainThread VsanPyVmomiProfiler::logProfile]   vsanPerfMgr: 0.01s, consumed: 35892KB (+0KB), consumedPeak: 70832KB (+0KB), effectiveMin: 102400KB (+0KB), effectiveMinPeak: 102400KB (+0KB), requestedMinPeak: 102400KB (+0KB)
2001-01-01T09:54:01.155Z info vsand[2109271] [opID=MainThread VsanPyVmomiProfiler::logProfile]   vsanPerfPyMo: 0.00s, consumed: 35892KB (+0KB), consumedPeak: 70832KB (+0KB), effectiveMin: 102400KB (+0KB), effectiveMinPeak: 102400KB (+0KB), requestedMinPeak: 102400KB (+0KB)
2001-01-01T09:54:01.155Z info vsand[2109271] [opID=MainThread VsanVmomiPatcher::PatchMoManager] MoManager is patched!
2001-01-01T09:54:01.213Z info vsand[2109317] [opID=Thread-5 VsanHealthUtil::LoginLocalHostd] Done login/relogin to local hostd.
2001-01-01T09:54:01.241Z info vsand[2109317] [opID=Thread-5 VsanTaskTrackerImpl::_Reinit] Done connecting to hostd
2001-01-01T09:54:01.244Z info vsand[2109271] [opID=MainThread statsdaemon::run] Connected to hostd, VMware ESXi 6.7.0 build-19195723
2001-01-01T09:54:01.322Z info vsand[2109271] [opID=MainThread VsanHealthUtil::importEsxcliTypes] Begin to import esxcli types
2001-01-01T09:54:01.715Z info vsand[2109271] [opID=MainThread statsdaemon::run] import network type successfully
2001-01-01T09:54:01.716Z error vsand[2109271] [opID=MainThread cliutils::SubscribeToCMMDS] uninstalling subscription Traceback (most recent call last):   File "/build/mts/release/bora-19184740/bora/build/vsan/release/vsanhealth/usr/lib/vmware/vsan/perfsvc/cliutils.py", line 333, in SubscribeToCMMDS RuntimeError: Operation not allowed because the VMKernel is shutting down
2001-01-01T09:54:01.716Z error vsand[2109271] [opID=MainThread cliutils::GetVSANClusterInfo] Failed to query cluster info: Operation not allowed because the VMKernel is shutting down
2001-01-01T09:54:01.717Z info vsand[2109271] [opID=MainThread statsdaemon::_logDaemonMemoryStats] Daemon memory stats: eMin=102.400MB, eMinPeak=102.400MB, rMinPeak=102.400MB
2001-01-01T09:54:01.717Z info vsand[2109271] [opID=MainThread statsdaemon::_logDaemonMemoryStats]   'python.2109271' memory stats: eMin=78.816MB, eMinPeak=78.816MB, rMinPeak=78.816MB
2001-01-01T09:54:02.883Z info vsand[2109309] [opID=Thread-2 VsanHealthDaemon::_subscribeCmmds] Subscribe CMMDS entry change listener
2001-01-01T09:54:02.884Z error vsand[2109309] [opID=Thread-2 cliutils::SubscribeToCMMDS] uninstalling subscription Traceback (most recent call last):   File "/build/mts/release/bora-19184740/bora/build/vsan/release/vsanhealth/usr/lib/vmware/vsan/perfsvc/cliutils.py", line 333, in SubscribeToCMMDS RuntimeError: Operation not allowed because the VMKernel is shutting down
2001-01-01T09:54:02.884Z error vsand[2109309] [opID=Thread-2 cliutils::SubscribeToCMMDS] uninstalling subscription Traceback (most recent call last):   File "/build/mts/release/bora-19184740/bora/build/vsan/release/vsanhealth/usr/lib/vmware/vsan/perfsvc/cliutils.py", line 333, in SubscribeToCMMDS RuntimeError: Operation not allowed because the VMKernel is shutting down
2001-01-01T09:54:02.884Z error vsand[2109309] [opID=Thread-2 cliutils::SubscribeToCMMDS] uninstalling subscription Traceback (most recent call last):   File "/build/mts/release/bora-19184740/bora/build/vsan/release/vsanhealth/usr/lib/vmware/vsan/perfsvc/cliutils.py", line 333, in SubscribeToCMMDS RuntimeError: Operation not allowed because the VMKernel is shutting down
2001-01-01T09:54:02.885Z error vsand[2109309] [opID=Thread-2 cliutils::SubscribeToCMMDS] uninstalling subscription Traceback (most recent call last):   File "/build/mts/release/bora-19184740/bora/build/vsan/release/vsanhealth/usr/lib/vmware/vsan/perfsvc/cliutils.py", line 333, in SubscribeToCMMDS RuntimeError: Operation not allowed because the VMKernel is shutting down
2001-01-01T09:54:02.885Z error vsand[2109309] [opID=Thread-2 cliutils::SubscribeToCMMDS] uninstalling subscription Traceback (most recent call last):   File "/build/mts/release/bora-19184740/bora/build/vsan/release/vsanhealth/usr/lib/vmware/vsan/perfsvc/cliutils.py", line 333, in SubscribeToCMMDS RuntimeError: Operation not allowed because the VMKernel is shutting down
2001-01-01T09:54:02.885Z info vsand[2109309] [opID=Thread-2 VsanHealthDaemon::doVsanHealthCheck] Skip VSAN health check due to the VSAN is disabled
2001-01-01T09:54:02.909Z info vsand[2109303] [opID=46543a69 VsanCapabilitySystemImpl::_GetConfigOptionValue] _GetConfigOptionValue value 1 for Encryption
2001-01-01T09:54:02.909Z info vsand[2109303] [opID=46543a69 VsanCapabilitySystemImpl::_GetConfigOptionValue] _GetConfigOptionValue value 1 for DecomWhatIf
2001-01-01T09:54:02.909Z info vsand[2109303] [opID=46543a69 VsanCapabilitySystemImpl::_GetConfigOptionValue] _GetConfigOptionValue value 1 for ThrottleResync
2001-01-01T09:54:02.909Z info vsand[2109303] [opID=46543a69 VsanCapabilitySystemImpl::_GetConfigOptionValue] _GetConfigOptionValue value 1 for UnicastMode
2001-01-01T09:54:02.909Z info vsand[2109303] [opID=46543a69 VsanCapabilitySystemImpl::_GetConfigOptionValue] _GetConfigOptionValue value 1 for Device4KSupport
2001-01-01T09:54:02.909Z info vsand[2109303] [opID=46543a69 VsanCapabilitySystemImpl::_GetConfigOptionValue] _GetConfigOptionValue value 1 for NestedFD
2001-01-01T09:54:02.909Z info vsand[2109303] [opID=46543a69 VsanCapabilitySystemImpl::_GetConfigOptionValue] _GetConfigOptionValue value 0 for CompliancePrecheck
2001-01-01T09:54:02.910Z info vsand[2109303] [opID=46543a69 VsanCapabilitySystemImpl::_GetConfigOptionValue] _GetConfigOptionValue value 1 for VumIntegration
2001-01-01T09:54:02.910Z info vsand[2109303] [opID=46543a69 VsanCapabilitySystemImpl::_GetConfigOptionValue] _GetConfigOptionValue value 1 for FirmwareUpdate
2001-01-01T09:54:02.910Z error vsand[2109303] [opID=46543a69 VsanCapabilitySystemImpl::_GetConfigOptionValue] Unable to get value for FullStackFw due to: Not found
2001-01-01T09:54:02.910Z info vsand[2109303] [opID=46543a69 VsanCapabilitySystemImpl::_GetConfigOptionValue] _GetConfigOptionValue value 1 for ConfigAssist
2001-01-01T09:54:02.910Z error vsand[2109303] [opID=46543a69 VsanCapabilitySystemImpl::_GetConfigOptionValue] Unable to get value for Fcd due to: Not found
2001-01-01T09:54:02.910Z info vsand[2109303] [opID=46543a69 VsanCapabilitySystemImpl::_GetConfigOptionValue] _GetConfigOptionValue value 0 for GenericNestedFD
2001-01-01T09:54:02.911Z info vsand[2109303] [opID=46543a69 VsanCapabilitySystemImpl::_GetConfigOptionValue] _GetConfigOptionValue value 1 for HostAffinity
2001-01-01T09:54:02.911Z info vsand[2109303] [opID=46543a69 VsanCapabilitySystemImpl::_GetConfigOptionValue] _GetConfigOptionValue value 1 for PolicyAssociation
2001-01-01T09:54:02.911Z info vsand[2109303] [opID=46543a69 VsanCapabilitySystemImpl::_GetConfigOptionValue] _GetConfigOptionValue value 0 for VSAN_RDMA
2001-01-01T09:54:02.911Z info vsand[2109303] [opID=46543a69 VsanCapabilitySystemImpl::_GetConfigOptionValue] _GetConfigOptionValue value 1 for ClomBgProRebalanceSwitch
2001-01-01T09:54:02.911Z info vsand[2109303] [opID=46543a69 VsanCapabilitySystemImpl::_GetConfigOptionValue] _GetConfigOptionValue value 1 for ResourcePrecheck
2001-01-01T09:54:02.912Z info vsand[2109303] [opID=46543a69 VsanCapabilitySystemImpl::_GetConfigOptionValue] _GetConfigOptionValue value 1 for EnableUpgradeAudit
2001-01-01T09:54:02.912Z info vsand[2109303] [opID=46543a69 VsanCapabilitySystemImpl::_GetConfigOptionValue] _GetConfigOptionValue value 1 for ResyncEtaImprovement
2001-01-01T09:54:02.912Z info vsand[2109303] [opID=46543a69 VsanCapabilitySystemImpl::_GetConfigOptionValue] _GetConfigOptionValue value 1 for VitOnlineResize
2001-01-01T09:54:02.912Z info vsand[2109303] [opID=46543a69 VsanCapabilitySystemImpl::_GetConfigOptionValue] _GetConfigOptionValue value 0 for LargeCapacityDrive
2001-01-01T09:54:02.912Z info vsand[2109303] [opID=46543a69 VsanCapabilitySystemImpl::GetCapabilities] Capabilities: ['nestedfd', 'automaticrebalance', 'upgraderesourceprecheck', 'configassist', 'firmwareupdate', 'stretchedcluster', 'resyncetaimprovement', 'resourceprecheck', 'repairtimerinresyncstats', 'fileservices', 'capability', 'cloudhealth', 'encryption', 'hostaffinity', 'policyassociation', 'clusterconfig', 'healthcheck2018q2', 'objectidentities', 'dataefficiency', 'vumintegration', 'upgrade', 'masspropertycollector', 'purgeinaccessiblevmswapobjects', 'unicastmode', 'enhancedresyncapi', 'iscsitargets', 'decomwhatif', 'vitonlineresize', 'netperftest', 'historicalcapacity', 'device4ksupport', 'throttleresync', 'allflash', 'diagnosticmode']
2001-01-01T09:54:02.962Z info vsand[2109288] [opID=0f898512-3a6c VsanVcObjectHelper::wrapper] Ready to get single executor result for the key ['_QueryVerifyNetworkSettings', 'ha-vsan-health-system', '', '', '', 'False'] in timeout 600
2001-01-01T09:54:02.962Z info vsand[2109288] [opID=0f898512-3a6c VsanVcObjectHelper::wrapper] Ready to call original function for execution
2001-01-01T09:54:02.962Z info vsand[2109288] [opID=0f898512-3a6c VsanHealthSystemImpl::_QueryVerifyNetworkSettings] Query network settings: (str) []:(str) []
2001-01-01T09:54:02.967Z info vsand[2109288] [opID=0f898512-3a6c VsanPyVmomiProfiler::logProfile]   invoke-method:ha-cli-handler-vsan-network:List: 0.00s, consumed: 66304KB (+0KB), consumedPeak: 70832KB (+0KB), effectiveMin: 102400KB (+0KB), effectiveMinPeak: 102400KB (+0KB), requestedMinPeak: 102400KB (+0KB)
2001-01-01T09:54:02.972Z info vsand[2109288] [opID=0f898512-3a6c VsanPyVmomiProfiler::logProfile]   invoke-method:ha-cli-handler-network-ip-interface:List: 0.00s, consumed: 66304KB (+0KB), consumedPeak: 70832KB (+0KB), effectiveMin: 102400KB (+0KB), effectiveMinPeak: 102400KB (+0KB), requestedMinPeak: 102400KB (+0KB)
2001-01-01T09:54:02.976Z info vsand[2109288] [opID=0f898512-3a6c VsanPyVmomiProfiler::logProfile]   invoke-method:ha-cli-handler-network-ip-interface-ipv6-address:List: 0.00s, consumed: 66304KB (+0KB), consumedPeak: 70832KB (+0KB), effectiveMin: 102400KB (+0KB), effectiveMinPeak: 102400KB (+0KB), requestedMinPeak: 102400KB (+0KB)
2001-01-01T09:54:02.980Z info vsand[2109288] [opID=0f898512-3a6c VsanPyVmomiProfiler::logProfile]   invoke-method:ha-cli-handler-network-ip-interface-ipv4:Get: 0.00s, consumed: 66304KB (+0KB), consumedPeak: 70832KB (+0KB), effectiveMin: 102400KB (+0KB), effectiveMinPeak: 102400KB (+0KB), requestedMinPeak: 102400KB (+0KB)
2001-01-01T09:54:02.984Z info vsand[2109288] [opID=0f898512-3a6c VsanPyVmomiProfiler::logProfile]   invoke-method:ha-cli-handler-network-ip-route-ipv4:List: 0.00s, consumed: 66304KB (+0KB), consumedPeak: 70832KB (+0KB), effectiveMin: 102400KB (+0KB), effectiveMinPeak: 102400KB (+0KB), requestedMinPeak: 102400KB (+0KB)
2001-01-01T09:54:02.988Z info vsand[2109288] [opID=0f898512-3a6c VsanPyVmomiProfiler::logProfile]   invoke-method:ha-cli-handler-network-ip-route-ipv6:List: 0.00s, consumed: 66304KB (+0KB), consumedPeak: 70832KB (+0KB), effectiveMin: 102400KB (+0KB), effectiveMinPeak: 102400KB (+0KB), requestedMinPeak: 102400KB (+0KB)
2001-01-01T09:54:02.989Z info vsand[2109288] [opID=0f898512-3a6c VsanVcObjectHelper::wrapper] Finish execute _QueryVerifyNetworkSettings
2001-01-01T09:54:02.989Z info vsand[2109288] [opID=0f898512-3a6c VsanVcObjectHelper::AddCallResultAndNotify] delete the single concurrent execution key
2001-01-01T09:54:02.989Z info vsand[2109288] [opID=0f898512-3a6c VsanPyVmomiProfiler::log] Profiler:
2001-01-01T09:54:02.989Z info vsand[2109288] [opID=0f898512-3a6c VsanPyVmomiProfiler::logProfile]   GetVsanVmknicConfigFromEsxCLI: 0.03s, consumed: 66304KB (+0KB), consumedPeak: 70832KB (+0KB), effectiveMin: 102400KB (+0KB), effectiveMinPeak: 102400KB (+0KB), requestedMinPeak: 102400KB (+0KB)
2001-01-01T09:54:02.989Z info vsand[2109288] [opID=0f898512-3a6c VsanPyVmomiProfiler::logProfile]   impl._QueryVerifyNetworkSettings: 0.03s, consumed: 66304KB (+0KB), consumedPeak: 70832KB (+0KB), effectiveMin: 102400KB (+0KB), effectiveMinPeak: 102400KB (+0KB), requestedMinPeak: 102400KB (+0KB)
2001-01-01T09:54:03.007Z error vsand[2109291] [opID=0f898512-3a6d cliutils::GetVSANClusterInfo] Failed to query cluster info: Operation not allowed because the VMKernel is shutting down
2001-01-01T09:54:03.030Z error vsand[2109291] [opID=0f898512-3a6d VsanHealthSystemImpl::CheckHostDaemonHealth] Failed to check status of epd Traceback (most recent call last):   File "/build/mts/release/bora-19184740/bora/build/vsan/release/vsanhealth/usr/lib/vmware/vsan/perfsvc/VsanHealthSystemImpl.py", line 3447, in CheckHostDaemonHealth   File "/build/mts/release/bora-19184740/bora/build/vsan/release/vsanhealth/usr/lib/vmware/vsan/perfsvc/VsanHealthHelpers.py", line 1221, in IsWitnessNode KeyError: 'Local Node UUID'
2001-01-01T09:54:03.060Z error vsand[2109291] [opID=0f898512-3a6d VsanHealthSystemImpl::CheckHostDaemonHealth] Service cmmdsd is not running: ret: 3, err:
2001-01-01T09:54:03.077Z info vsand[2109307] [opID=0f898512-3a6e VsanSystemImpl::_ConfigInfoPrintLog] configInfo: enabled=False, hostSystem='vim.HostSystem:ha-host'
2001-01-01T09:54:03.078Z info vsand[2109307] [opID=0f898512-3a6e VsanSystemImpl::_ConfigInfoPrintLog]    clusterInfo: uuid=, nodeUuid=
2001-01-01T09:54:03.078Z info vsand[2109307] [opID=0f898512-3a6e VsanSystemImpl::_ConfigInfoPrintLog]    storageInfo: autoClaimStorage=False, checksumEnabled=None
2001-01-01T09:54:03.078Z info vsand[2109307] [opID=0f898512-3a6e VsanSystemImpl::_ConfigInfoPrintLog]       diskMapping[]:
2001-01-01T09:54:03.078Z info vsand[2109307] [opID=0f898512-3a6e VsanSystemImpl::_ConfigInfoPrintLog]       diskMapInfo[]:
2001-01-01T09:54:03.078Z info vsand[2109307] [opID=0f898512-3a6e VsanSystemImpl::_ConfigInfoPrintLog]    networkInfo:
2001-01-01T09:54:03.078Z info vsand[2109307] [opID=0f898512-3a6e VsanSystemImpl::_ConfigInfoPrintLog]       port[]:
2001-01-01T09:54:03.078Z info vsand[2109307] [opID=0f898512-3a6e VsanSystemImpl::_ConfigInfoPrintLog]    faultDomainInfo: name=
2001-01-01T09:54:03.079Z info vsand[2109307] [opID=0f898512-3a6e VsanSystemImpl::_ConfigInfoPrintLog]    encryptionInfo: enabled=False, kekId=, hostKeyId=, clientKey=None, clientCert=(not set), dekGenerationId=0, changing=False, eraseDisksBeforeUse=False
2001-01-01T09:54:03.079Z info vsand[2109307] [opID=0f898512-3a6e VsanSystemImpl::_ConfigInfoPrintLog]       kmipServers[]:
2001-01-01T09:54:03.079Z info vsand[2109307] [opID=0f898512-3a6e VsanSystemImpl::_ConfigInfoPrintLog]       kmsServerCerts[]:
2001-01-01T09:54:03.079Z info vsand[2109307] [opID=0f898512-3a6e VsanSystemImpl::_ConfigInfoPrintLog]    dataEfficiencyInfo: dedupEnabled=False, compressionEnabled=None
2001-01-01T09:54:03.079Z info vsand[2109307] [opID=0f898512-3a6e VsanSystemImpl::_ConfigInfoPrintLog]    resyncIopsLimitInfo: resyncIops=0
2001-01-01T09:54:03.079Z info vsand[2109307] [opID=0f898512-3a6e VsanSystemImpl::_ConfigInfoPrintLog]    extendedConfig: objectRepairTimer=60, disableSiteReadLocality=False, enableCustomizedSwapObject=True, largeScaleClusterSupport=False
2001-01-01T09:54:03.079Z info vsand[2109307] [opID=0f898512-3a6e VsanSystemImpl::_ConfigInfoPrintLog]       proactiveRebalanceInfo: enabled=False, threshold=30
2001-01-01T09:54:03.079Z info vsand[2109307] [opID=0f898512-3a6e VsanSystemImpl::_ConfigInfoPrintLog]    datastoreInfo:
2001-01-01T09:54:03.079Z info vsand[2109307] [opID=0f898512-3a6e VsanSystemImpl::_ConfigInfoPrintLog]       datastores[]:
2001-01-01T09:54:03.080Z info vsand[2109307] [opID=0f898512-3a6e VsanSystemImpl::_ConfigInfoPrintLog]          uuid=, name=vsanDatastore
2001-01-01T09:54:03.080Z info vsand[2109307] [opID=0f898512-3a6e VsanSystemImpl::_ConfigInfoPrintLog]    unmapConfig: enable=False
2001-01-01T09:54:03.080Z info vsand[2109307] [opID=0f898512-3a6e VsanSystemImpl::_ConfigInfoPrintLog]    internalExtendedConfig: vcMaxDiskVersion=0
2001-01-01T09:54:03.080Z info vsand[2109307] [opID=0f898512-3a6e VsanSystemImpl::_ConfigInfoPrintLog]    rdmaConfig: None
2001-01-01T09:54:03.080Z info vsand[2109307] [opID=0f898512-3a6e VsanSystemImpl::_ConfigInfoPrintLog]    dataProtectionInfo: None
2001-01-01T09:54:03.080Z info vsand[2109307] [opID=0f898512-3a6e VsanSystemImpl::_ConfigInfoPrintLog]    witnessHostConfig[]:
2001-01-01T09:54:03.081Z info vsand[2109307] [opID=0f898512-3a6e VsanPyVmomiProfiler::log] Profiler:
2001-01-01T09:54:03.081Z info vsand[2109307] [opID=0f898512-3a6e VsanPyVmomiProfiler::logProfile]   impl.QueryVsanConfigByFilter: 0.01s, consumed: 66304KB (+0KB), consumedPeak: 70832KB (+0KB), effectiveMin: 102400KB (+0KB), effectiveMinPeak: 102400KB (+0KB), requestedMinPeak: 102400KB (+0KB)
2001-01-01T09:54:03.192Z info vsand[2109306] [opID=0f898512-3a72 VsanTaskTrackerImpl::CreateAndMonitorTask] Created task vmodlTask-ha-host-4290190434
2001-01-01T09:54:03.197Z info vsand[2109306] [opID=0f898512-3a72 VsanSystemImpl::Update] Calling VsanMOProvider.Update with config: ['config: enabled=None, hostSystem=None', '   clusterInfo: None', '   storageInfo: None', '   networkInfo: None', '   faultDomainInfo: None', '   encryptionInfo: None', '   dataEfficiencyInfo: None', '   resyncIopsLimitInfo: None', '   extendedConfig: None', '   datastoreInfo: None', '   unmapConfig: None', '   internalExtendedConfig: vcMaxDiskVersion=0', '   rdmaConfig: None', '   dataProtectionInfo: None', '   witnessHostConfig[]:']  Task: vmodlTask-ha-host-4290190434
2001-01-01T09:54:03.197Z info vsand[2109306] [opID=0f898512-3a72 VsanSystemImpl::Update] extendedConfig: {}
2001-01-01T09:54:03.200Z info vsand[2109317] [opID=Thread-5 VsanTaskTrackerImpl::_ThreadMain] PC Update: version = 1
2001-01-01T09:54:03.206Z info vsand[2109317] [opID=Thread-5 VsanTaskTrackerImpl::_ThreadMain] PC Update: version = 2
2001-01-01T09:54:03.211Z info vsand[2109317] [opID=Thread-5 VsanTaskTrackerImpl::_ThreadMain] PC Update: version = 3
2001-01-01T09:54:03.290Z info vsand[2109299] [opID=46543a77 VsanTaskTrackerImpl::_RemoveTaskLocked] Remove task vmodlTask-ha-host-4290190434 from cache table.
2001-01-01T09:54:06.718Z error vsand[2109271] [opID=MainThread cliutils::GetVSANClusterInfo] Failed to query cluster info: Operation not allowed because the VMKernel is shutting down
2001-01-01T09:54:06.869Z info vsand[2109308] [opID=Thread-1 VsanPyVmomiProfiler::logProfile]   invoke-method:ServiceInstance:RetrieveContent: 0.01s, consumed: 67152KB (+0KB), consumedPeak: 70832KB (+0KB), effectiveMin: 102400KB (+0KB), effectiveMinPeak: 102400KB (+0KB), requestedMinPeak: 102400KB (+0KB)
2001-01-01T09:54:06.889Z info vsand[2109308] [opID=Thread-1 VsanMgmtUtil::__init__] Initialized ObjectCache: 'healthSummaryCache', maxSize=1024, ttl=None
2001-01-01T09:54:06.889Z info vsand[2109308] [opID=Thread-1 VsanMgmtUtil::__init__] Initialized ObjectCache: 'healthHistoricalCache', maxSize=1024, ttl=4000
2001-01-01T09:54:06.890Z info vsand[2109308] [opID=Thread-1 VsanVcPerformanceManagerImpl::__init__] VsanVcPerformanceManagerImpl init
2001-01-01T09:54:06.894Z info vsand[2109308] [opID=Thread-1 VsanVcObjectSystemImpl::__init__] VsanVcObjectSystemImpl init
2001-01-01T09:54:06.895Z info vsand[2109308] [opID=Thread-1 VsanResourceCheckSystemImpl::__init__] VsanResourceCheckSystemImpl init
2001-01-01T09:54:06.895Z info vsand[2109308] [opID=Thread-1 VsanMgmtUtil::__init__] Initialized ObjectCache: 'DiskMappingCache', maxSize=2000, ttl=None
2001-01-01T09:54:06.895Z info vsand[2109308] [opID=Thread-1 VsanVcIscsiTargetSystemImpl::__init__] VsanVcIscsiTargetSystemImpl init
2001-01-01T09:54:11.720Z error vsand[2109271] [opID=MainThread cliutils::GetVSANClusterInfo] Failed to query cluster info: Operation not allowed because the VMKernel is shutting down
2001-01-01T09:54:16.721Z error vsand[2109271] [opID=MainThread cliutils::GetVSANClusterInfo] Failed to query cluster info: Operation not allowed because the VMKernel is shutting down
2001-01-01T09:54:21.724Z error vsand[2109271] [opID=MainThread cliutils::GetVSANClusterInfo] Failed to query cluster info: Operation not allowed because the VMKernel is shutting down
2001-01-01T09:54:26.726Z error vsand[2109271] [opID=MainThread cliutils::GetVSANClusterInfo] Failed to query cluster info: Operation not allowed because the VMKernel is shutting down
2001-01-01T09:54:31.730Z error vsand[2109271] [opID=MainThread cliutils::GetVSANClusterInfo] Failed to query cluster info: Operation not allowed because the VMKernel is shutting down
2001-01-01T09:54:36.733Z error vsand[2109271] [opID=MainThread cliutils::GetVSANClusterInfo] Failed to query cluster info: Operation not allowed because the VMKernel is shutting down
2001-01-01T09:54:41.734Z error vsand[2109271] [opID=MainThread cliutils::GetVSANClusterInfo] Failed to query cluster info: Operation not allowed because the VMKernel is shutting down
2001-01-01T09:54:46.736Z error vsand[2109271] [opID=MainThread cliutils::GetVSANClusterInfo] Failed to query cluster info: Operation not allowed because the VMKernel is shutting down
2001-01-01T09:54:51.739Z error vsand[2109271] [opID=MainThread cliutils::GetVSANClusterInfo] Failed to query cluster info: Operation not allowed because the VMKernel is shutting down
2001-01-01T09:54:56.742Z error vsand[2109271] [opID=MainThread cliutils::GetVSANClusterInfo] Failed to query cluster info: Operation not allowed because the VMKernel is shutting down
2001-01-01T09:55:01.746Z error vsand[2109271] [opID=MainThread cliutils::GetVSANClusterInfo] Failed to query cluster info: Operation not allowed because the VMKernel is shutting down
2001-01-01T09:55:06.749Z error vsand[2109271] [opID=MainThread cliutils::GetVSANClusterInfo] Failed to query cluster info: Operation not allowed because the VMKernel is shutting down
2001-01-01T09:55:11.750Z error vsand[2109271] [opID=MainThread cliutils::GetVSANClusterInfo] Failed to query cluster info: Operation not allowed because the VMKernel is shutting down
2001-01-01T09:55:16.754Z error vsand[2109271] [opID=MainThread cliutils::GetVSANClusterInfo] Failed to query cluster info: Operation not allowed because the VMKernel is shutting down
2001-01-01T09:55:21.756Z error vsand[2109271] [opID=MainThread cliutils::GetVSANClusterInfo] Failed to query cluster info: Operation not allowed because the VMKernel is shutting down
2001-01-01T09:55:26.760Z error vsand[2109271] [opID=MainThread cliutils::GetVSANClusterInfo] Failed to query cluster info: Operation not allowed because the VMKernel is shutting down
2001-01-01T09:55:31.763Z error vsand[2109271] [opID=MainThread cliutils::GetVSANClusterInfo] Failed to query cluster info: Operation not allowed because the VMKernel is shutting down
2001-01-01T09:55:36.766Z error vsand[2109271] [opID=MainThread cliutils::GetVSANClusterInfo] Failed to query cluster info: Operation not allowed because the VMKernel is shutting down
2001-01-01T09:55:41.769Z error vsand[2109271] [opID=MainThread cliutils::GetVSANClusterInfo] Failed to query cluster info: Operation not allowed because the VMKernel is shutting down
2001-01-01T09:55:46.773Z error vsand[2109271] [opID=MainThread cliutils::GetVSANClusterInfo] Failed to query cluster info: Operation not allowed because the VMKernel is shutting down
2001-01-01T09:55:51.776Z error vsand[2109271] [opID=MainThread cliutils::GetVSANClusterInfo] Failed to query cluster info: Operation not allowed because the VMKernel is shutting down
2001-01-01T09:55:56.779Z error vsand[2109271] [opID=MainThread cliutils::GetVSANClusterInfo] Failed to query cluster info: Operation not allowed because the VMKernel is shutting down
2001-01-01T09:56:01.783Z error vsand[2109271] [opID=MainThread cliutils::GetVSANClusterInfo] Failed to query cluster info: Operation not allowed because the VMKernel is shutting down
2001-01-01T09:56:06.786Z error vsand[2109271] [opID=MainThread cliutils::GetVSANClusterInfo] Failed to query cluster info: Operation not allowed because the VMKernel is shutting down
2001-01-01T09:56:11.789Z error vsand[2109271] [opID=MainThread cliutils::GetVSANClusterInfo] Failed to query cluster info: Operation not allowed because the VMKernel is shutting down
2001-01-01T09:56:16.793Z error vsand[2109271] [opID=MainThread cliutils::GetVSANClusterInfo] Failed to query cluster info: Operation not allowed because the VMKernel is shutting down
2001-01-01T09:56:21.796Z error vsand[2109271] [opID=MainThread cliutils::GetVSANClusterInfo] Failed to query cluster info: Operation not allowed because the VMKernel is shutting down
2001-01-01T09:56:26.799Z error vsand[2109271] [opID=MainThread cliutils::GetVSANClusterInfo] Failed to query cluster info: Operation not allowed because the VMKernel is shutting down
2001-01-01T09:56:31.802Z error vsand[2109271] [opID=MainThread cliutils::GetVSANClusterInfo] Failed to query cluster info: Operation not allowed because the VMKernel is shutting down
2001-01-01T09:56:36.806Z error vsand[2109271] [opID=MainThread cliutils::GetVSANClusterInfo] Failed to query cluster info: Operation not allowed because the VMKernel is shutting down
2001-01-01T09:56:41.809Z error vsand[2109271] [opID=MainThread cliutils::GetVSANClusterInfo] Failed to query cluster info: Operation not allowed because the VMKernel is shutting down
2001-01-01T09:56:46.811Z error vsand[2109271] [opID=MainThread cliutils::GetVSANClusterInfo] Failed to query cluster info: Operation not allowed because the VMKernel is shutting down
2001-01-01T09:56:51.813Z error vsand[2109271] [opID=MainThread cliutils::GetVSANClusterInfo] Failed to query cluster info: Operation not allowed because the VMKernel is shutting down
2001-01-01T09:56:56.814Z error vsand[2109271] [opID=MainThread cliutils::GetVSANClusterInfo] Failed to query cluster info: Operation not allowed because the VMKernel is shutting down
2001-01-01T09:57:01.815Z error vsand[2109271] [opID=MainThread cliutils::GetVSANClusterInfo] Failed to query cluster info: Operation not allowed because the VMKernel is shutting down
2001-01-01T09:57:06.817Z error vsand[2109271] [opID=MainThread cliutils::GetVSANClusterInfo] Failed to query cluster info: Operation not allowed because the VMKernel is shutting down
2001-01-01T09:57:11.819Z error vsand[2109271] [opID=MainThread cliutils::GetVSANClusterInfo] Failed to query cluster info: Operation not allowed because the VMKernel is shutting down
2001-01-01T09:57:16.822Z error vsand[2109271] [opID=MainThread cliutils::GetVSANClusterInfo] Failed to query cluster info: Operation not allowed because the VMKernel is shutting down
2001-01-01T09:57:21.825Z error vsand[2109271] [opID=MainThread cliutils::GetVSANClusterInfo] Failed to query cluster info: Operation not allowed because the VMKernel is shutting down
2001-01-01T09:57:26.828Z error vsand[2109271] [opID=MainThread cliutils::GetVSANClusterInfo] Failed to query cluster info: Operation not allowed because the VMKernel is shutting down
2001-01-01T09:57:31.830Z error vsand[2109271] [opID=MainThread cliutils::GetVSANClusterInfo] Failed to query cluster info: Operation not allowed because the VMKernel is shutting down
2001-01-01T09:57:36.832Z error vsand[2109271] [opID=MainThread cliutils::GetVSANClusterInfo] Failed to query cluster info: Operation not allowed because the VMKernel is shutting down
2001-01-01T09:57:41.834Z error vsand[2109271] [opID=MainThread cliutils::GetVSANClusterInfo] Failed to query cluster info: Operation not allowed because the VMKernel is shutting down
2001-01-01T09:57:46.836Z error vsand[2109271] [opID=MainThread cliutils::GetVSANClusterInfo] Failed to query cluster info: Operation not allowed because the VMKernel is shutting down
2001-01-01T09:57:51.838Z error vsand[2109271] [opID=MainThread cliutils::GetVSANClusterInfo] Failed to query cluster info: Operation not allowed because the VMKernel is shutting down
2001-01-01T09:57:56.841Z error vsand[2109271] [opID=MainThread cliutils::GetVSANClusterInfo] Failed to query cluster info: Operation not allowed because the VMKernel is shutting down
2001-01-01T09:58:01.844Z error vsand[2109271] [opID=MainThread cliutils::GetVSANClusterInfo] Failed to query cluster info: Operation not allowed because the VMKernel is shutting down
2001-01-01T09:58:06.845Z error vsand[2109271] [opID=MainThread cliutils::GetVSANClusterInfo] Failed to query cluster info: Operation not allowed because the VMKernel is shutting down
2001-01-01T09:58:11.846Z error vsand[2109271] [opID=MainThread cliutils::GetVSANClusterInfo] Failed to query cluster info: Operation not allowed because the VMKernel is shutting down
2001-01-01T09:58:16.848Z error vsand[2109271] [opID=MainThread cliutils::GetVSANClusterInfo] Failed to query cluster info: Operation not allowed because the VMKernel is shutting down
2001-01-01T09:58:21.850Z error vsand[2109271] [opID=MainThread cliutils::GetVSANClusterInfo] Failed to query cluster info: Operation not allowed because the VMKernel is shutting down
2001-01-01T09:58:26.852Z error vsand[2109271] [opID=MainThread cliutils::GetVSANClusterInfo] Failed to query cluster info: Operation not allowed because the VMKernel is shutting down
2001-01-01T09:58:31.854Z error vsand[2109271] [opID=MainThread cliutils::GetVSANClusterInfo] Failed to query cluster info: Operation not allowed because the VMKernel is shutting down
2001-01-01T09:58:36.856Z error vsand[2109271] [opID=MainThread cliutils::GetVSANClusterInfo] Failed to query cluster info: Operation not allowed because the VMKernel is shutting down
2001-01-01T09:58:41.859Z error vsand[2109271] [opID=MainThread cliutils::GetVSANClusterInfo] Failed to query cluster info: Operation not allowed because the VMKernel is shutting down
2001-01-01T09:58:46.861Z error vsand[2109271] [opID=MainThread cliutils::GetVSANClusterInfo] Failed to query cluster info: Operation not allowed because the VMKernel is shutting down
2001-01-01T09:58:51.863Z error vsand[2109271] [opID=MainThread cliutils::GetVSANClusterInfo] Failed to query cluster info: Operation not allowed because the VMKernel is shutting down
2001-01-01T09:58:56.864Z error vsand[2109271] [opID=MainThread cliutils::GetVSANClusterInfo] Failed to query cluster info: Operation not allowed because the VMKernel is shutting down
2001-01-01T09:59:01.866Z error vsand[2109271] [opID=MainThread cliutils::GetVSANClusterInfo] Failed to query cluster info: Operation not allowed because the VMKernel is shutting down
2001-01-01T09:59:02.886Z info vsand[2109309] [opID=Thread-2 VsanHealthDaemon::doVsanHealthCheck] Skip VSAN health check due to the VSAN is disabled
2001-01-01T09:59:06.869Z error vsand[2109271] [opID=MainThread cliutils::GetVSANClusterInfo] Failed to query cluster info: Operation not allowed because the VMKernel is shutting down
2001-01-01T09:59:11.872Z error vsand[2109271] [opID=MainThread cliutils::GetVSANClusterInfo] Failed to query cluster info: Operation not allowed because the VMKernel is shutting down
2001-01-01T09:59:16.875Z error vsand[2109271] [opID=MainThread cliutils::GetVSANClusterInfo] Failed to query cluster info: Operation not allowed because the VMKernel is shutting down
2001-01-01T09:59:21.879Z error vsand[2109271] [opID=MainThread cliutils::GetVSANClusterInfo] Failed to query cluster info: Operation not allowed because the VMKernel is shutting down
2001-01-01T09:59:26.881Z error vsand[2109271] [opID=MainThread cliutils::GetVSANClusterInfo] Failed to query cluster info: Operation not allowed because the VMKernel is shutting down
2001-01-01T09:59:31.885Z error vsand[2109271] [opID=MainThread cliutils::GetVSANClusterInfo] Failed to query cluster info: Operation not allowed because the VMKernel is shutting down
2001-01-01T09:59:36.886Z error vsand[2109271] [opID=MainThread cliutils::GetVSANClusterInfo] Failed to query cluster info: Operation not allowed because the VMKernel is shutting down
2001-01-01T09:59:41.888Z error vsand[2109271] [opID=MainThread cliutils::GetVSANClusterInfo] Failed to query cluster info: Operation not allowed because the VMKernel is shutting down
2001-01-01T09:59:46.892Z error vsand[2109271] [opID=MainThread cliutils::GetVSANClusterInfo] Failed to query cluster info: Operation not allowed because the VMKernel is shutting down
2001-01-01T09:59:51.894Z error vsand[2109271] [opID=MainThread cliutils::GetVSANClusterInfo] Failed to query cluster info: Operation not allowed because the VMKernel is shutting down
2001-01-01T09:59:56.896Z error vsand[2109271] [opID=MainThread cliutils::GetVSANClusterInfo] Failed to query cluster info: Operation not allowed because the VMKernel is shutting down
2001-01-01T10:00:01.898Z error vsand[2109271] [opID=MainThread cliutils::GetVSANClusterInfo] Failed to query cluster info: Operation not allowed because the VMKernel is shutting down
2001-01-01T10:00:06.899Z error vsand[2109271] [opID=MainThread cliutils::GetVSANClusterInfo] Failed to query cluster info: Operation not allowed because the VMKernel is shutting down
2001-01-01T10:00:11.903Z error vsand[2109271] [opID=MainThread cliutils::GetVSANClusterInfo] Failed to query cluster info: Operation not allowed because the VMKernel is shutting down
2001-01-01T10:00:16.904Z error vsand[2109271] [opID=MainThread cliutils::GetVSANClusterInfo] Failed to query cluster info: Operation not allowed because the VMKernel is shutting down
2001-01-01T10:00:21.906Z error vsand[2109271] [opID=MainThread cliutils::GetVSANClusterInfo] Failed to query cluster info: Operation not allowed because the VMKernel is shutting down
2001-01-01T10:00:26.909Z error vsand[2109271] [opID=MainThread cliutils::GetVSANClusterInfo] Failed to query cluster info: Operation not allowed because the VMKernel is shutting down
2001-01-01T10:00:31.913Z error vsand[2109271] [opID=MainThread cliutils::GetVSANClusterInfo] Failed to query cluster info: Operation not allowed because the VMKernel is shutting down
2001-01-01T10:00:36.916Z error vsand[2109271] [opID=MainThread cliutils::GetVSANClusterInfo] Failed to query cluster info: Operation not allowed because the VMKernel is shutting down
2001-01-01T10:00:41.918Z error vsand[2109271] [opID=MainThread cliutils::GetVSANClusterInfo] Failed to query cluster info: Operation not allowed because the VMKernel is shutting down
2001-01-01T10:00:46.921Z error vsand[2109271] [opID=MainThread cliutils::GetVSANClusterInfo] Failed to query cluster info: Operation not allowed because the VMKernel is shutting down
2001-01-01T10:00:51.924Z error vsand[2109271] [opID=MainThread cliutils::GetVSANClusterInfo] Failed to query cluster info: Operation not allowed because the VMKernel is shutting down
2001-01-01T10:00:56.926Z error vsand[2109271] [opID=MainThread cliutils::GetVSANClusterInfo] Failed to query cluster info: Operation not allowed because the VMKernel is shutting down
2001-01-01T10:01:01.928Z error vsand[2109271] [opID=MainThread cliutils::GetVSANClusterInfo] Failed to query cluster info: Operation not allowed because the VMKernel is shutting down
2001-01-01T10:01:06.931Z error vsand[2109271] [opID=MainThread cliutils::GetVSANClusterInfo] Failed to query cluster info: Operation not allowed because the VMKernel is shutting down
2001-01-01T10:01:11.934Z error vsand[2109271] [opID=MainThread cliutils::GetVSANClusterInfo] Failed to query cluster info: Operation not allowed because the VMKernel is shutting down
2001-01-01T10:01:16.936Z error vsand[2109271] [opID=MainThread cliutils::GetVSANClusterInfo] Failed to query cluster info: Operation not allowed because the VMKernel is shutting down
2001-01-01T10:01:21.940Z error vsand[2109271] [opID=MainThread cliutils::GetVSANClusterInfo] Failed to query cluster info: Operation not allowed because the VMKernel is shutting down
2001-01-01T10:01:26.943Z error vsand[2109271] [opID=MainThread cliutils::GetVSANClusterInfo] Failed to query cluster info: Operation not allowed because the VMKernel is shutting down
2001-01-01T10:01:31.946Z error vsand[2109271] [opID=MainThread cliutils::GetVSANClusterInfo] Failed to query cluster info: Operation not allowed because the VMKernel is shutting down
2001-01-01T10:01:36.949Z error vsand[2109271] [opID=MainThread cliutils::GetVSANClusterInfo] Failed to query cluster info: Operation not allowed because the VMKernel is shutting down
2001-01-01T10:01:41.952Z error vsand[2109271] [opID=MainThread cliutils::GetVSANClusterInfo] Failed to query cluster info: Operation not allowed because the VMKernel is shutting down
2001-01-01T10:01:46.956Z error vsand[2109271] [opID=MainThread cliutils::GetVSANClusterInfo] Failed to query cluster info: Operation not allowed because the VMKernel is shutting down
2001-01-01T10:01:51.959Z error vsand[2109271] [opID=MainThread cliutils::GetVSANClusterInfo] Failed to query cluster info: Operation not allowed because the VMKernel is shutting down
2001-01-01T10:01:56.962Z error vsand[2109271] [opID=MainThread cliutils::GetVSANClusterInfo] Failed to query cluster info: Operation not allowed because the VMKernel is shutting down
2001-01-01T10:02:01.965Z error vsand[2109271] [opID=MainThread cliutils::GetVSANClusterInfo] Failed to query cluster info: Operation not allowed because the VMKernel is shutting down
2001-01-01T10:02:06.969Z error vsand[2109271] [opID=MainThread cliutils::GetVSANClusterInfo] Failed to query cluster info: Operation not allowed because the VMKernel is shutting down
2001-01-01T10:02:11.970Z error vsand[2109271] [opID=MainThread cliutils::GetVSANClusterInfo] Failed to query cluster info: Operation not allowed because the VMKernel is shutting down
2001-01-01T10:02:16.972Z error vsand[2109271] [opID=MainThread cliutils::GetVSANClusterInfo] Failed to query cluster info: Operation not allowed because the VMKernel is shutting down
2001-01-01T10:02:21.974Z error vsand[2109271] [opID=MainThread cliutils::GetVSANClusterInfo] Failed to query cluster info: Operation not allowed because the VMKernel is shutting down
2001-01-01T10:02:26.976Z error vsand[2109271] [opID=MainThread cliutils::GetVSANClusterInfo] Failed to query cluster info: Operation not allowed because the VMKernel is shutting down
2001-01-01T10:02:31.978Z error vsand[2109271] [opID=MainThread cliutils::GetVSANClusterInfo] Failed to query cluster info: Operation not allowed because the VMKernel is shutting down
2001-01-01T10:02:36.982Z error vsand[2109271] [opID=MainThread cliutils::GetVSANClusterInfo] Failed to query cluster info: Operation not allowed because the VMKernel is shutting down
2001-01-01T10:02:41.985Z error vsand[2109271] [opID=MainThread cliutils::GetVSANClusterInfo] Failed to query cluster info: Operation not allowed because the VMKernel is shutting down
2001-01-01T10:02:46.986Z error vsand[2109271] [opID=MainThread cliutils::GetVSANClusterInfo] Failed to query cluster info: Operation not allowed because the VMKernel is shutting down
2001-01-01T10:02:51.988Z error vsand[2109271] [opID=MainThread cliutils::GetVSANClusterInfo] Failed to query cluster info: Operation not allowed because the VMKernel is shutting down
2001-01-01T10:02:56.991Z error vsand[2109271] [opID=MainThread cliutils::GetVSANClusterInfo] Failed to query cluster info: Operation not allowed because the VMKernel is shutting down
2001-01-01T10:03:01.993Z error vsand[2109271] [opID=MainThread cliutils::GetVSANClusterInfo] Failed to query cluster info: Operation not allowed because the VMKernel is shutting down
2001-01-01T10:03:06.996Z error vsand[2109271] [opID=MainThread cliutils::GetVSANClusterInfo] Failed to query cluster info: Operation not allowed because the VMKernel is shutting down
2001-01-01T10:03:11.999Z error vsand[2109271] [opID=MainThread cliutils::GetVSANClusterInfo] Failed to query cluster info: Operation not allowed because the VMKernel is shutting down
2001-01-01T10:03:17.002Z error vsand[2109271] [opID=MainThread cliutils::GetVSANClusterInfo] Failed to query cluster info: Operation not allowed because the VMKernel is shutting down
2001-01-01T10:03:22.005Z error vsand[2109271] [opID=MainThread cliutils::GetVSANClusterInfo] Failed to query cluster info: Operation not allowed because the VMKernel is shutting down
2001-01-01T10:03:27.006Z error vsand[2109271] [opID=MainThread cliutils::GetVSANClusterInfo] Failed to query cluster info: Operation not allowed because the VMKernel is shutting down
2001-01-01T10:03:32.010Z error vsand[2109271] [opID=MainThread cliutils::GetVSANClusterInfo] Failed to query cluster info: Operation not allowed because the VMKernel is shutting down
2001-01-01T10:03:37.013Z error vsand[2109271] [opID=MainThread cliutils::GetVSANClusterInfo] Failed to query cluster info: Operation not allowed because the VMKernel is shutting down
2001-01-01T10:03:42.016Z error vsand[2109271] [opID=MainThread cliutils::GetVSANClusterInfo] Failed to query cluster info: Operation not allowed because the VMKernel is shutting down
2001-01-01T10:03:47.019Z error vsand[2109271] [opID=MainThread cliutils::GetVSANClusterInfo] Failed to query cluster info: Operation not allowed because the VMKernel is shutting down
2001-01-01T10:03:52.021Z error vsand[2109271] [opID=MainThread cliutils::GetVSANClusterInfo] Failed to query cluster info: Operation not allowed because the VMKernel is shutting down
2001-01-01T10:03:57.024Z error vsand[2109271] [opID=MainThread cliutils::GetVSANClusterInfo] Failed to query cluster info: Operation not allowed because the VMKernel is shutting down
2001-01-01T10:04:02.026Z info vsand[2109271] [opID=MainThread statsdaemon::UnsubscribeFromCMMDS] unsubscribe the CMMDS subscription for handler <statsdaemon.StatsDaemon object at 0xd20fc1d320>
2001-01-01T10:04:02.026Z info vsand[2109271] [opID=MainThread statsdaemon::UnsubscribeFromCMMDS] unsubscribe the CMMDS subscription for handler <VsanHealthDaemon.CmmdsEntryDefaultHandler object at 0xd22531ecc0>
2001-01-01T10:04:02.026Z info vsand[2109271] [opID=MainThread statsdaemon::UnsubscribeFromCMMDS] unsubscribe the CMMDS subscription for handler <VsanHealthDaemon.CmmdsEntryDefaultHandler object at 0xd22531e748>
2001-01-01T10:04:02.026Z info vsand[2109271] [opID=MainThread statsdaemon::UnsubscribeFromCMMDS] unsubscribe the CMMDS subscription for handler <VsanHealthDaemon.CmmdsEntryDefaultHandler object at 0xd2253264a8>
2001-01-01T10:04:02.027Z info vsand[2109271] [opID=MainThread statsdaemon::UnsubscribeFromCMMDS] unsubscribe the CMMDS subscription for handler <VsanHealthDaemon.CmmdsEntryDefaultHandler object at 0xd225326208>
2001-01-01T10:04:02.027Z info vsand[2109271] [opID=MainThread statsdaemon::UnsubscribeFromCMMDS] unsubscribe the CMMDS subscription for handler <VsanHealthDaemon.CmmdsDiskHealthStatusHandler object at 0xd2253263c8>
2001-01-01T10:04:03.027Z info vsand[2109271] [opID=MainThread VsanHealthDaemon::stop] vSAN health daemon thread has quit
2001-01-01T10:04:03.043Z warning vsand[2109317] [opID=Thread-5 VsanTaskTrackerImpl::_ThreadMain] Connection to hostd is down, need to reconnect
2001-01-01T10:04:03.044Z info vsand[2109271] [opID=MainThread VsanHealthUtil::LogoutLocalHostd] Done logout from local hostd.
2001-01-01T10:04:03.045Z info vsand[2109271] [opID=Dummy-16 VsanTaskTrackerImpl::StopTaskTracker] Stop task tracker
2025-09-12T12:32:46.494Z info vsand[2107007] [opID=MainThread VsanVmomiPatcher::PatchPyVmomi] Python 3.5.10 (default, Jul  1 2021, 03:54:37)  [GCC 4.6.3] on linux, optimize: 0
2025-09-12T12:32:46.661Z info vsand[2107007] [opID=MainThread VsanVmomiPatcher::PatchPyVmomi] Loaded bindings 'pyVmomi.PbmObjects'
2025-09-12T12:32:46.662Z info vsand[2107007] [opID=MainThread VsanVmomiPatcher::PatchPyVmomi] Loaded bindings 'pyVmomi.ServerObjects'
2025-09-12T12:32:46.662Z info vsand[2107007] [opID=MainThread VsanVmomiPatcher::PatchPyVmomi] Loaded bindings 'pyVmomi.CoreTypes'
2025-09-12T12:32:46.662Z info vsand[2107007] [opID=MainThread VsanVmomiPatcher::PatchPyVmomi] Loaded bindings 'pyVmomi.VsanDpTypes'
2025-09-12T12:32:46.662Z info vsand[2107007] [opID=MainThread VsanVmomiPatcher::PatchPyVmomi] Loaded bindings 'pyVmomi.QueryTypes'
2025-09-12T12:32:46.662Z info vsand[2107007] [opID=MainThread VsanVmomiPatcher::PatchPyVmomi] Loaded bindings 'pyVmomi.ReflectTypes'
2025-09-12T12:32:46.663Z info vsand[2107007] [opID=MainThread VsanVmomiPatcher::PatchPyVmomi] Supported top level names: {'ManagedObject', 'DataObject', 'vim', 'pbm', 'vmodl'}
2025-09-12T12:32:46.805Z info vsand[2107007] [opID=MainThread VsanVmomiPatcher::PatchPyVmomi] Patched VmomiSupport.LazyType
2025-09-12T12:32:46.805Z info vsand[2107007] [opID=MainThread VsanVmomiPatcher::PatchPyVmomi] Patched vmodl.MethodFault
2025-09-12T12:32:46.805Z info vsand[2107007] [opID=MainThread VsanVmomiPatcher::PatchPyVmomi] Patched vmodl.RuntimeFault
2025-09-12T12:32:46.806Z info vsand[2107007] [opID=MainThread VsanVmomiPatcher::PatchPyVmomi] Patched vmodl.LocalizedMethodFault
2025-09-12T12:32:46.806Z info vsand[2107007] [opID=MainThread VsanVmomiPatcher::PatchPyVmomi] Patched vmodl.DynamicData
2025-09-12T12:32:46.806Z info vsand[2107007] [opID=MainThread VsanVmomiPatcher::PatchPyVmomi] Patched VmomiSupport.DataObject
2025-09-12T12:32:46.806Z info vsand[2107007] [opID=MainThread VsanVmomiPatcher::PatchPyVmomi] pyvmomi is patched!
2025-09-12T12:32:46.811Z info vsand[2107007] [opID=MainThread VsanMgmtUtil::__init__] Initialized ObjectCache: 'ProfilerStatsCache', maxSize=10000, ttl=None
2025-09-12T12:32:47.282Z info vsand[2107007] [opID=MainThread statsdaemon::LoadAndRegisterManagedObjects] Loading VcsaDeployerSystem__ext_init__
2025-09-12T12:32:47.282Z info vsand[2107007] [opID=MainThread VcsaDeployerSystem__ext_init__::<module>] loading vcsaDeployer
2025-09-12T12:32:47.332Z info vsand[2107007] [opID=MainThread statsdaemon::LoadAndRegisterManagedObjects] Loading VsanCapabilitySystem__ext_init__
2025-09-12T12:32:47.336Z info vsand[2107007] [opID=MainThread statsdaemon::LoadAndRegisterManagedObjects] Loading VsanDebugSystem__ext_init__
2025-09-12T12:32:47.339Z info vsand[2107007] [opID=MainThread statsdaemon::LoadAndRegisterManagedObjects] Loading VsanDiskManagementSystem__ext_init__
2025-09-12T12:32:47.360Z info vsand[2107007] [opID=MainThread statsdaemon::LoadAndRegisterManagedObjects] Loading VsanHealth__ext_init__
2025-09-12T12:32:47.361Z info vsand[2107007] [opID=MainThread VsanPyVmomiProfiler::log] Profiler:
2025-09-12T12:32:47.362Z info vsand[2107007] [opID=MainThread VsanPyVmomiProfiler::logProfile]   Import VsanHealth sub modules: VsanHealthSystem: 0.00s, consumed: 35904KB (+0KB), consumedPeak: 35904KB (+0KB), effectiveMin: 102400KB (+0KB), effectiveMinPeak: 102400KB (+0KB), requestedMinPeak: 102400KB (+0KB)
2025-09-12T12:32:47.423Z info vsand[2107007] [opID=MainThread VsanHealthDaemon::run] Start VSAN Health Daemon Thread...
2025-09-12T12:32:47.425Z info vsand[2107007] [opID=MainThread VsanPyVmomiProfiler::log] Profiler:
2025-09-12T12:32:47.426Z info vsand[2107007] [opID=MainThread VsanPyVmomiProfiler::logProfile]   Import VsanHealth sub modules: VsanHealthSystemImpl: 0.06s, consumed: 35904KB (+0KB), consumedPeak: 35904KB (+0KB), effectiveMin: 102400KB (+0KB), effectiveMinPeak: 102400KB (+0KB), requestedMinPeak: 102400KB (+0KB)
2025-09-12T12:32:47.426Z info vsand[2107007] [opID=MainThread VsanPyVmomiProfiler::log] Profiler:
2025-09-12T12:32:47.426Z info vsand[2107007] [opID=MainThread VsanPyVmomiProfiler::logProfile]   Import VsanHealth sub modules: VsanClusterHealthSystem: 0.00s, consumed: 35904KB (+0KB), consumedPeak: 35904KB (+0KB), effectiveMin: 102400KB (+0KB), effectiveMinPeak: 102400KB (+0KB), requestedMinPeak: 102400KB (+0KB)
2025-09-12T12:32:47.426Z info vsand[2107007] [opID=MainThread VsanPyVmomiProfiler::log] Profiler:
2025-09-12T12:32:47.427Z info vsand[2107007] [opID=MainThread VsanPyVmomiProfiler::logProfile]   Import VsanHealth sub modules: VsanClusterHealthSystemImpl: 0.00s, consumed: 35904KB (+0KB), consumedPeak: 35904KB (+0KB), effectiveMin: 102400KB (+0KB), effectiveMinPeak: 102400KB (+0KB), requestedMinPeak: 102400KB (+0KB)
2025-09-12T12:32:47.428Z info vsand[2107007] [opID=MainThread VsanPyVmomiProfiler::log] Profiler:
2025-09-12T12:32:47.428Z info vsand[2107007] [opID=MainThread VsanPyVmomiProfiler::logProfile]   Import VsanHealth sub modules: VsanDataProtectionHostRecoverySystemImpl: 0.00s, consumed: 35904KB (+0KB), consumedPeak: 35904KB (+0KB), effectiveMin: 102400KB (+0KB), effectiveMinPeak: 102400KB (+0KB), requestedMinPeak: 102400KB (+0KB)
2025-09-12T12:32:47.456Z info vsand[2107007] [opID=MainThread VsanPyVmomiProfiler::log] Profiler:
2025-09-12T12:32:47.457Z info vsand[2107007] [opID=MainThread VsanPyVmomiProfiler::logProfile]   Import VsanHealth sub modules: VsanVcClusterHealthSystem: 0.03s, consumed: 35904KB (+0KB), consumedPeak: 35904KB (+0KB), effectiveMin: 102400KB (+0KB), effectiveMinPeak: 102400KB (+0KB), requestedMinPeak: 102400KB (+0KB)
2025-09-12T12:32:47.470Z info vsand[2107007] [opID=MainThread VsanPyVmomiProfiler::log] Profiler:
2025-09-12T12:32:47.470Z info vsand[2107007] [opID=MainThread VsanPyVmomiProfiler::logProfile]   Import VsanHealth sub modules: VsanVcClusterHealthSystemImpl: 0.01s, consumed: 35904KB (+0KB), consumedPeak: 35904KB (+0KB), effectiveMin: 102400KB (+0KB), effectiveMinPeak: 102400KB (+0KB), requestedMinPeak: 102400KB (+0KB)
2025-09-12T12:32:47.470Z info vsand[2107007] [opID=MainThread VsanPyVmomiProfiler::log] Profiler:
2025-09-12T12:32:47.471Z info vsand[2107007] [opID=MainThread VsanPyVmomiProfiler::logProfile]   Import VsanHealth sub modules: VsanSpaceReportSystem: 0.00s, consumed: 35904KB (+0KB), consumedPeak: 35904KB (+0KB), effectiveMin: 102400KB (+0KB), effectiveMinPeak: 102400KB (+0KB), requestedMinPeak: 102400KB (+0KB)
2025-09-12T12:32:47.472Z info vsand[2107007] [opID=MainThread VsanPyVmomiProfiler::log] Profiler:
2025-09-12T12:32:47.473Z info vsand[2107007] [opID=MainThread VsanPyVmomiProfiler::logProfile]   Import VsanHealth sub modules: VsanDataProtectionSpaceSystem: 0.00s, consumed: 35904KB (+0KB), consumedPeak: 35904KB (+0KB), effectiveMin: 102400KB (+0KB), effectiveMinPeak: 102400KB (+0KB), requestedMinPeak: 102400KB (+0KB)
2025-09-12T12:32:47.584Z info vsand[2107007] [opID=MainThread VsanPyVmomiProfiler::log] Profiler:
2025-09-12T12:32:47.584Z info vsand[2107007] [opID=MainThread VsanPyVmomiProfiler::logProfile]   Import VsanHealth sub modules: VsanDataProtectionSpaceSystemImpl: 0.11s, consumed: 35904KB (+0KB), consumedPeak: 35904KB (+0KB), effectiveMin: 102400KB (+0KB), effectiveMinPeak: 102400KB (+0KB), requestedMinPeak: 102400KB (+0KB)
2025-09-12T12:32:47.590Z info vsand[2107007] [opID=MainThread VsanPyVmomiProfiler::log] Profiler:
2025-09-12T12:32:47.591Z info vsand[2107007] [opID=MainThread VsanPyVmomiProfiler::logProfile]   Import VsanHealth sub modules: VsanVdsSystem: 0.01s, consumed: 35904KB (+0KB), consumedPeak: 35904KB (+0KB), effectiveMin: 102400KB (+0KB), effectiveMinPeak: 102400KB (+0KB), requestedMinPeak: 102400KB (+0KB)
2025-09-12T12:32:47.592Z info vsand[2107007] [opID=MainThread VsanPyVmomiProfiler::log] Profiler:
2025-09-12T12:32:47.593Z info vsand[2107007] [opID=MainThread VsanPyVmomiProfiler::logProfile]   Import VsanHealth sub modules: VsanVdsSystemImpl: 0.00s, consumed: 35904KB (+0KB), consumedPeak: 35904KB (+0KB), effectiveMin: 102400KB (+0KB), effectiveMinPeak: 102400KB (+0KB), requestedMinPeak: 102400KB (+0KB)
2025-09-12T12:32:47.598Z info vsand[2107007] [opID=MainThread VsanPyVmomiProfiler::log] Profiler:
2025-09-12T12:32:47.598Z info vsand[2107007] [opID=MainThread VsanPyVmomiProfiler::logProfile]   Import VsanHealth sub modules: VsanHostSystemProxyImpl: 0.00s, consumed: 35904KB (+0KB), consumedPeak: 35904KB (+0KB), effectiveMin: 102400KB (+0KB), effectiveMinPeak: 102400KB (+0KB), requestedMinPeak: 102400KB (+0KB)
2025-09-12T12:32:47.600Z info vsand[2107007] [opID=MainThread VsanPyVmomiProfiler::log] Profiler:
2025-09-12T12:32:47.601Z info vsand[2107007] [opID=MainThread VsanPyVmomiProfiler::logProfile]   Import VsanHealth sub modules: VsanVcPerformanceManagerImpl: 0.00s, consumed: 35904KB (+0KB), consumedPeak: 35904KB (+0KB), effectiveMin: 102400KB (+0KB), effectiveMinPeak: 102400KB (+0KB), requestedMinPeak: 102400KB (+0KB)
2025-09-12T12:32:47.601Z info vsand[2107007] [opID=MainThread VsanPyVmomiProfiler::log] Profiler:
2025-09-12T12:32:47.601Z info vsand[2107007] [opID=MainThread VsanPyVmomiProfiler::logProfile]   Import VsanHealth sub modules: VsanCommonTypes: 0.00s, consumed: 35904KB (+0KB), consumedPeak: 35904KB (+0KB), effectiveMin: 102400KB (+0KB), effectiveMinPeak: 102400KB (+0KB), requestedMinPeak: 102400KB (+0KB)
2025-09-12T12:32:47.609Z info vsand[2107007] [opID=MainThread VsanPyVmomiProfiler::log] Profiler:
2025-09-12T12:32:47.610Z info vsand[2107007] [opID=MainThread VsanPyVmomiProfiler::logProfile]   Import VsanHealth sub modules: VsanVcDiskFormatConverter: 0.01s, consumed: 35904KB (+0KB), consumedPeak: 35904KB (+0KB), effectiveMin: 102400KB (+0KB), effectiveMinPeak: 102400KB (+0KB), requestedMinPeak: 102400KB (+0KB)
2025-09-12T12:32:47.624Z info vsand[2107007] [opID=MainThread VsanPyVmomiProfiler::log] Profiler:
2025-09-12T12:32:47.624Z info vsand[2107007] [opID=MainThread VsanPyVmomiProfiler::logProfile]   Import VsanHealth sub modules: VsanVcDiskFormatConverterImpl: 0.01s, consumed: 35904KB (+0KB), consumedPeak: 35904KB (+0KB), effectiveMin: 102400KB (+0KB), effectiveMinPeak: 102400KB (+0KB), requestedMinPeak: 102400KB (+0KB)
2025-09-12T12:32:47.631Z info vsand[2107007] [opID=MainThread VsanPyVmomiProfiler::log] Profiler:
2025-09-12T12:32:47.631Z info vsand[2107007] [opID=MainThread VsanPyVmomiProfiler::logProfile]   Import VsanHealth sub modules: VsanMassCollector: 0.01s, consumed: 35904KB (+0KB), consumedPeak: 35904KB (+0KB), effectiveMin: 102400KB (+0KB), effectiveMinPeak: 102400KB (+0KB), requestedMinPeak: 102400KB (+0KB)
2025-09-12T12:32:47.633Z info vsand[2107007] [opID=MainThread VsanMgmtUtil::__init__] Initialized ObjectCache: 'ph_obfuscationLookupTable', maxSize=10000, ttl=None
2025-09-12T12:32:47.634Z info vsand[2107007] [opID=MainThread VsanMgmtUtil::__init__] Initialized ObjectCache: 'ph_database', maxSize=10000, ttl=None
2025-09-12T12:32:47.634Z info vsand[2107007] [opID=MainThread VsanMgmtUtil::__init__] Initialized ObjectCache: 'ph_exception_database', maxSize=10000, ttl=None
2025-09-12T12:32:47.640Z error vsand[2107007] [opID=MainThread VsanConfigUtil::isFeatureEnabledOnHost] Failed to get value for /config/VSAN/intOpts/CloudHealth Traceback (most recent call last):   File "/build/mts/release/bora-19184740/bora/build/vsan/release/vsanhealth/usr/lib/vmware/vsan/perfsvc/VsanConfigUtil.py", line 549, in isFeatureEnabledOnHost Exception: Not found
2025-09-12T12:32:47.642Z info vsand[2107007] [opID=MainThread VsanPyVmomiProfiler::log] Profiler:
2025-09-12T12:32:47.642Z info vsand[2107007] [opID=MainThread VsanPyVmomiProfiler::logProfile]   Import VsanHealth sub modules: VsanMassCollectorImpl: 0.01s, consumed: 35904KB (+0KB), consumedPeak: 35904KB (+0KB), effectiveMin: 102400KB (+0KB), effectiveMinPeak: 102400KB (+0KB), requestedMinPeak: 102400KB (+0KB)
2025-09-12T12:32:47.643Z info vsand[2107007] [opID=MainThread VsanPyVmomiProfiler::log] Profiler:
2025-09-12T12:32:47.643Z info vsand[2107007] [opID=MainThread VsanPyVmomiProfiler::logProfile]   Import VsanHealth sub modules: ServiceInstanceImpl: 0.00s, consumed: 35904KB (+0KB), consumedPeak: 35904KB (+0KB), effectiveMin: 102400KB (+0KB), effectiveMinPeak: 102400KB (+0KB), requestedMinPeak: 102400KB (+0KB)
2025-09-12T12:32:47.644Z info vsand[2107007] [opID=MainThread statsdaemon::LoadAndRegisterManagedObjects] Loading VsanIscsiTargetSystem__ext_init__
2025-09-12T12:32:47.682Z info vsand[2107007] [opID=MainThread statsdaemon::LoadAndRegisterManagedObjects] Loading VsanObjectSystem__ext_init__
2025-09-12T12:32:47.689Z info vsand[2107007] [opID=MainThread statsdaemon::LoadAndRegisterManagedObjects] Loading VsanPhoneHomeHostSystem__ext_init__
2025-09-12T12:32:47.696Z info vsand[2107007] [opID=MainThread statsdaemon::LoadAndRegisterManagedObjects] Loading VsanPrecheckerSystem__ext_init__
2025-09-12T12:32:47.705Z info vsand[2107007] [opID=MainThread statsdaemon::LoadAndRegisterManagedObjects] Loading VsanResourceCheckSystem__ext_init__
2025-09-12T12:32:47.713Z info vsand[2107007] [opID=MainThread statsdaemon::LoadAndRegisterManagedObjects] Loading VsanStretchedCluster__ext_init__
2025-09-12T12:32:47.720Z info vsand[2107007] [opID=MainThread statsdaemon::LoadAndRegisterManagedObjects] Loading VsanSystem__ext_init__
2025-09-12T12:32:47.723Z info vsand[2107051] [opID=Thread-5 VsanTaskTrackerImpl::_Reinit] Start connecting to hostd
2025-09-12T12:32:47.726Z info vsand[2107007] [opID=MainThread statsdaemon::LoadAndRegisterManagedObjects] Loading VsanVcDiskManagementSystem__ext_init__
2025-09-12T12:32:47.732Z info vsand[2107007] [opID=MainThread statsdaemon::LoadAndRegisterManagedObjects] Loading VsanVcIscsiTargetSystem__ext_init__
2025-09-12T12:32:47.736Z info vsand[2107007] [opID=MainThread statsdaemon::LoadAndRegisterManagedObjects] Loaded vSAN managed objects: 22 ({('vsan-capability-system', None): 'VsanCapabilitySystemImpl:vsan-capability-system', ('ha-vsan-async-system', None): 'VsanAsyncSystemImpl:ha-vsan-async-system', ('vsan-iscsi-target-system', None): 'VsanIscsiTargetSystemImpl:vsan-iscsi-target-system', ('ha-vsan-stretched-cluster-system', None): 'VsanStretchedClusterSystem:ha-vsan-stretched-cluster-system', ('ha-vsan-health-system', None): 'VsanHealthSystemImpl:ha-vsan-health-system', ('vsanSystem', None): 'VsanSystemImpl:vsanSystem', ('ha-vsan-prechecker-system', None): 'VsanPrecheckerSystemImpl:ha-vsan-prechecker-system', ('ha-phonehome-host-system', None): 'VsanPhoneHomeHostSystemImpl:ha-phonehome-host-system', ('vsanSystemEx', None): 'VsanSystemExImpl:vsanSystemEx', ('ha-dynamic-type-mana
ger-python', None): 'DynamicTypeManager:ha-dynamic-type-manager-python', ('ha-vsan-disk-management-system', None): 'VsanDiskManagementSystemImpl:ha-vsan-disk-management-system', ('vsan-internal-statsprovider', None): 'VsanInternalStatsProviderImpl:vsan-internal-statsprovider', ('ServiceInstance', None): 'ServiceInstanceImpl:ServiceInstance', ('ha-vsan-dp-space-system', None): 'VsanDataProtectionSpaceSystemImpl:ha-vsan-dp-space-system', ('ha-vsan-task-tracker', None): 'VsanTaskTrackerImpl:ha-vsan-task-tracker', ('ha-vsan-cluster-health-system', None): 'VsanClusterHealthSystemImpl:ha-vsan-cluster-health-system', ('ha-vsan-internal-system', None): 'VsanInternalSystem:ha-vsan-internal-system', ('ha-cli-info-python', None): 'CLIInfoImpl:ha-cli-info-python', ('vsan-vcsa-deployer-system', None): 'VsanVcsaDeployerSystemImpl:vsan-vcsa-deployer-system', ('vsan-object-system', None): 'VsanObjectSystemImpl
:vsan-object-system', ('vsan-performance-manager', None): 'VsanPerformanceManagerImpl:vsan-performance-manager', ('vsanDebugSystem', None): 'VsanDebugSystemImpl:vsanDebugSystem'})
2025-09-12T12:32:47.737Z info vsand[2107007] [opID=MainThread VsanPyVmomiProfiler::log] Profiler:
2025-09-12T12:32:47.737Z info vsand[2107007] [opID=MainThread VsanPyVmomiProfiler::logProfile]   LoadAndRegisterManagedObjects: 0.47s, consumed: 35904KB (+0KB), consumedPeak: 35904KB (+0KB), effectiveMin: 102400KB (+0KB), effectiveMinPeak: 102400KB (+0KB), requestedMinPeak: 102400KB (+0KB)
2025-09-12T12:32:47.737Z info vsand[2107007] [opID=MainThread VsanPyVmomiProfiler::logProfile]   __import__VcsaDeployerSystem__ext_init__: 0.05s, consumed: 35904KB (+0KB), consumedPeak: 35904KB (+0KB), effectiveMin: 102400KB (+0KB), effectiveMinPeak: 102400KB (+0KB), requestedMinPeak: 102400KB (+0KB)
2025-09-12T12:32:47.737Z info vsand[2107007] [opID=MainThread VsanPyVmomiProfiler::logProfile]   __import__VsanCapabilitySystem__ext_init__: 0.00s, consumed: 35904KB (+0KB), consumedPeak: 35904KB (+0KB), effectiveMin: 102400KB (+0KB), effectiveMinPeak: 102400KB (+0KB), requestedMinPeak: 102400KB (+0KB)
2025-09-12T12:32:47.737Z info vsand[2107007] [opID=MainThread VsanPyVmomiProfiler::logProfile]   __import__VsanDebugSystem__ext_init__: 0.00s, consumed: 35904KB (+0KB), consumedPeak: 35904KB (+0KB), effectiveMin: 102400KB (+0KB), effectiveMinPeak: 102400KB (+0KB), requestedMinPeak: 102400KB (+0KB)
2025-09-12T12:32:47.738Z info vsand[2107007] [opID=MainThread VsanPyVmomiProfiler::logProfile]   __import__VsanDiskManagementSystem__ext_init__: 0.02s, consumed: 35904KB (+0KB), consumedPeak: 35904KB (+0KB), effectiveMin: 102400KB (+0KB), effectiveMinPeak: 102400KB (+0KB), requestedMinPeak: 102400KB (+0KB)
2025-09-12T12:32:47.738Z info vsand[2107007] [opID=MainThread VsanPyVmomiProfiler::logProfile]   __import__VsanHealth__ext_init__: 0.28s, consumed: 35904KB (+0KB), consumedPeak: 35904KB (+0KB), effectiveMin: 102400KB (+0KB), effectiveMinPeak: 102400KB (+0KB), requestedMinPeak: 102400KB (+0KB)
2025-09-12T12:32:47.738Z info vsand[2107007] [opID=MainThread VsanPyVmomiProfiler::logProfile]   __import__VsanIscsiTargetSystem__ext_init__: 0.04s, consumed: 35904KB (+0KB), consumedPeak: 35904KB (+0KB), effectiveMin: 102400KB (+0KB), effectiveMinPeak: 102400KB (+0KB), requestedMinPeak: 102400KB (+0KB)
2025-09-12T12:32:47.738Z info vsand[2107007] [opID=MainThread VsanPyVmomiProfiler::logProfile]   __import__VsanObjectSystem__ext_init__: 0.01s, consumed: 35904KB (+0KB), consumedPeak: 35904KB (+0KB), effectiveMin: 102400KB (+0KB), effectiveMinPeak: 102400KB (+0KB), requestedMinPeak: 102400KB (+0KB)
2025-09-12T12:32:47.739Z info vsand[2107007] [opID=MainThread VsanPyVmomiProfiler::logProfile]   __import__VsanPhoneHomeHostSystem__ext_init__: 0.01s, consumed: 35904KB (+0KB), consumedPeak: 35904KB (+0KB), effectiveMin: 102400KB (+0KB), effectiveMinPeak: 102400KB (+0KB), requestedMinPeak: 102400KB (+0KB)
2025-09-12T12:32:47.739Z info vsand[2107007] [opID=MainThread VsanPyVmomiProfiler::logProfile]   __import__VsanPrecheckerSystem__ext_init__: 0.01s, consumed: 35904KB (+0KB), consumedPeak: 35904KB (+0KB), effectiveMin: 102400KB (+0KB), effectiveMinPeak: 102400KB (+0KB), requestedMinPeak: 102400KB (+0KB)
2025-09-12T12:32:47.739Z info vsand[2107007] [opID=MainThread VsanPyVmomiProfiler::logProfile]   __import__VsanResourceCheckSystem__ext_init__: 0.01s, consumed: 35904KB (+0KB), consumedPeak: 35904KB (+0KB), effectiveMin: 102400KB (+0KB), effectiveMinPeak: 102400KB (+0KB), requestedMinPeak: 102400KB (+0KB)
2025-09-12T12:32:47.739Z info vsand[2107007] [opID=MainThread VsanPyVmomiProfiler::logProfile]   __import__VsanStretchedCluster__ext_init__: 0.01s, consumed: 35904KB (+0KB), consumedPeak: 35904KB (+0KB), effectiveMin: 102400KB (+0KB), effectiveMinPeak: 102400KB (+0KB), requestedMinPeak: 102400KB (+0KB)
2025-09-12T12:32:47.739Z info vsand[2107007] [opID=MainThread VsanPyVmomiProfiler::logProfile]   __import__VsanSystem__ext_init__: 0.01s, consumed: 35904KB (+0KB), consumedPeak: 35904KB (+0KB), effectiveMin: 102400KB (+0KB), effectiveMinPeak: 102400KB (+0KB), requestedMinPeak: 102400KB (+0KB)
2025-09-12T12:32:47.740Z info vsand[2107007] [opID=MainThread VsanPyVmomiProfiler::logProfile]   __import__VsanVcDiskManagementSystem__ext_init__: 0.00s, consumed: 35904KB (+0KB), consumedPeak: 35904KB (+0KB), effectiveMin: 102400KB (+0KB), effectiveMinPeak: 102400KB (+0KB), requestedMinPeak: 102400KB (+0KB)
2025-09-12T12:32:47.740Z info vsand[2107007] [opID=MainThread VsanPyVmomiProfiler::logProfile]   __import__VsanVcIscsiTargetSystem__ext_init__: 0.00s, consumed: 35904KB (+0KB), consumedPeak: 35904KB (+0KB), effectiveMin: 102400KB (+0KB), effectiveMinPeak: 102400KB (+0KB), requestedMinPeak: 102400KB (+0KB)
2025-09-12T12:32:47.740Z info vsand[2107007] [opID=MainThread VsanPyVmomiProfiler::logProfile]   scanExtInitFiles: 0.01s, consumed: 35904KB (+0KB), consumedPeak: 35904KB (+0KB), effectiveMin: 102400KB (+0KB), effectiveMinPeak: 102400KB (+0KB), requestedMinPeak: 102400KB (+0KB)
2025-09-12T12:32:47.740Z info vsand[2107007] [opID=MainThread VsanPyVmomiProfiler::logProfile]   vsanPerfMgr: 0.01s, consumed: 35904KB (+0KB), consumedPeak: 35904KB (+0KB), effectiveMin: 102400KB (+0KB), effectiveMinPeak: 102400KB (+0KB), requestedMinPeak: 102400KB (+0KB)
2025-09-12T12:32:47.741Z info vsand[2107007] [opID=MainThread VsanPyVmomiProfiler::logProfile]   vsanPerfPyMo: 0.00s, consumed: 35904KB (+0KB), consumedPeak: 35904KB (+0KB), effectiveMin: 102400KB (+0KB), effectiveMinPeak: 102400KB (+0KB), requestedMinPeak: 102400KB (+0KB)
2025-09-12T12:32:47.741Z info vsand[2107007] [opID=MainThread VsanVmomiPatcher::PatchMoManager] MoManager is patched!
2025-09-12T12:32:47.809Z info vsand[2107051] [opID=Thread-5 VsanHealthUtil::LoginLocalHostd] Done login/relogin to local hostd.
2025-09-12T12:32:47.837Z info vsand[2107051] [opID=Thread-5 VsanTaskTrackerImpl::_Reinit] Done connecting to hostd
2025-09-12T12:32:47.845Z info vsand[2107007] [opID=MainThread statsdaemon::run] Connected to hostd, VMware ESXi 6.7.0 build-19195723
2025-09-12T12:32:47.925Z info vsand[2107007] [opID=MainThread VsanHealthUtil::importEsxcliTypes] Begin to import esxcli types
2025-09-12T12:32:48.304Z info vsand[2107007] [opID=MainThread statsdaemon::run] import network type successfully
2025-09-12T12:32:48.305Z error vsand[2107007] [opID=MainThread cliutils::SubscribeToCMMDS] uninstalling subscription Traceback (most recent call last):   File "/build/mts/release/bora-19184740/bora/build/vsan/release/vsanhealth/usr/lib/vmware/vsan/perfsvc/cliutils.py", line 333, in SubscribeToCMMDS RuntimeError: Operation not allowed because the VMKernel is shutting down
2025-09-12T12:32:48.305Z error vsand[2107007] [opID=MainThread cliutils::GetVSANClusterInfo] Failed to query cluster info: Operation not allowed because the VMKernel is shutting down
2025-09-12T12:32:48.306Z info vsand[2107007] [opID=MainThread statsdaemon::_logDaemonMemoryStats] Daemon memory stats: eMin=102.400MB, eMinPeak=102.400MB, rMinPeak=102.400MB
2025-09-12T12:32:48.306Z info vsand[2107007] [opID=MainThread statsdaemon::_logDaemonMemoryStats]   'python.2107007' memory stats: eMin=78.828MB, eMinPeak=78.828MB, rMinPeak=78.828MB
2025-09-12T12:32:49.405Z info vsand[2107036] [opID=fb83c772 VsanCapabilitySystemImpl::_GetConfigOptionValue] _GetConfigOptionValue value 1 for Encryption
2025-09-12T12:32:49.405Z info vsand[2107036] [opID=fb83c772 VsanCapabilitySystemImpl::_GetConfigOptionValue] _GetConfigOptionValue value 1 for DecomWhatIf
2025-09-12T12:32:49.405Z info vsand[2107036] [opID=fb83c772 VsanCapabilitySystemImpl::_GetConfigOptionValue] _GetConfigOptionValue value 1 for ThrottleResync
2025-09-12T12:32:49.406Z info vsand[2107036] [opID=fb83c772 VsanCapabilitySystemImpl::_GetConfigOptionValue] _GetConfigOptionValue value 1 for UnicastMode
2025-09-12T12:32:49.406Z info vsand[2107036] [opID=fb83c772 VsanCapabilitySystemImpl::_GetConfigOptionValue] _GetConfigOptionValue value 1 for Device4KSupport
2025-09-12T12:32:49.406Z info vsand[2107036] [opID=fb83c772 VsanCapabilitySystemImpl::_GetConfigOptionValue] _GetConfigOptionValue value 1 for NestedFD
2025-09-12T12:32:49.406Z info vsand[2107036] [opID=fb83c772 VsanCapabilitySystemImpl::_GetConfigOptionValue] _GetConfigOptionValue value 0 for CompliancePrecheck
2025-09-12T12:32:49.406Z info vsand[2107036] [opID=fb83c772 VsanCapabilitySystemImpl::_GetConfigOptionValue] _GetConfigOptionValue value 1 for VumIntegration
2025-09-12T12:32:49.406Z info vsand[2107036] [opID=fb83c772 VsanCapabilitySystemImpl::_GetConfigOptionValue] _GetConfigOptionValue value 1 for FirmwareUpdate
2025-09-12T12:32:49.406Z error vsand[2107036] [opID=fb83c772 VsanCapabilitySystemImpl::_GetConfigOptionValue] Unable to get value for FullStackFw due to: Not found
2025-09-12T12:32:49.407Z info vsand[2107036] [opID=fb83c772 VsanCapabilitySystemImpl::_GetConfigOptionValue] _GetConfigOptionValue value 1 for ConfigAssist
2025-09-12T12:32:49.407Z error vsand[2107036] [opID=fb83c772 VsanCapabilitySystemImpl::_GetConfigOptionValue] Unable to get value for Fcd due to: Not found
2025-09-12T12:32:49.407Z info vsand[2107036] [opID=fb83c772 VsanCapabilitySystemImpl::_GetConfigOptionValue] _GetConfigOptionValue value 0 for GenericNestedFD
2025-09-12T12:32:49.407Z info vsand[2107036] [opID=fb83c772 VsanCapabilitySystemImpl::_GetConfigOptionValue] _GetConfigOptionValue value 1 for HostAffinity
2025-09-12T12:32:49.407Z info vsand[2107036] [opID=fb83c772 VsanCapabilitySystemImpl::_GetConfigOptionValue] _GetConfigOptionValue value 1 for PolicyAssociation
2025-09-12T12:32:49.408Z info vsand[2107036] [opID=fb83c772 VsanCapabilitySystemImpl::_GetConfigOptionValue] _GetConfigOptionValue value 0 for VSAN_RDMA
2025-09-12T12:32:49.408Z info vsand[2107036] [opID=fb83c772 VsanCapabilitySystemImpl::_GetConfigOptionValue] _GetConfigOptionValue value 1 for ClomBgProRebalanceSwitch
2025-09-12T12:32:49.408Z info vsand[2107036] [opID=fb83c772 VsanCapabilitySystemImpl::_GetConfigOptionValue] _GetConfigOptionValue value 1 for ResourcePrecheck
2025-09-12T12:32:49.408Z info vsand[2107036] [opID=fb83c772 VsanCapabilitySystemImpl::_GetConfigOptionValue] _GetConfigOptionValue value 1 for EnableUpgradeAudit
2025-09-12T12:32:49.408Z info vsand[2107036] [opID=fb83c772 VsanCapabilitySystemImpl::_GetConfigOptionValue] _GetConfigOptionValue value 1 for ResyncEtaImprovement
2025-09-12T12:32:49.408Z info vsand[2107036] [opID=fb83c772 VsanCapabilitySystemImpl::_GetConfigOptionValue] _GetConfigOptionValue value 1 for VitOnlineResize
2025-09-12T12:32:49.409Z info vsand[2107036] [opID=fb83c772 VsanCapabilitySystemImpl::_GetConfigOptionValue] _GetConfigOptionValue value 0 for LargeCapacityDrive
2025-09-12T12:32:49.409Z info vsand[2107036] [opID=fb83c772 VsanCapabilitySystemImpl::GetCapabilities] Capabilities: ['throttleresync', 'historicalcapacity', 'hostaffinity', 'upgraderesourceprecheck', 'purgeinaccessiblevmswapobjects', 'objectidentities', 'vitonlineresize', 'capability', 'fileservices', 'encryption', 'policyassociation', 'repairtimerinresyncstats', 'allflash', 'configassist', 'resyncetaimprovement', 'device4ksupport', 'nestedfd', 'iscsitargets', 'diagnosticmode', 'dataefficiency', 'masspropertycollector', 'unicastmode', 'upgrade', 'automaticrebalance', 'enhancedresyncapi', 'netperftest', 'clusterconfig', 'healthcheck2018q2', 'firmwareupdate', 'stretchedcluster', 'resourceprecheck', 'vumintegration', 'decomwhatif', 'cloudhealth']
2025-09-12T12:32:49.425Z info vsand[2107045] [opID=Thread-2 VsanHealthDaemon::_subscribeCmmds] Subscribe CMMDS entry change listener
2025-09-12T12:32:49.426Z error vsand[2107045] [opID=Thread-2 cliutils::SubscribeToCMMDS] uninstalling subscription Traceback (most recent call last):   File "/build/mts/release/bora-19184740/bora/build/vsan/release/vsanhealth/usr/lib/vmware/vsan/perfsvc/cliutils.py", line 333, in SubscribeToCMMDS RuntimeError: Operation not allowed because the VMKernel is shutting down
2025-09-12T12:32:49.426Z error vsand[2107045] [opID=Thread-2 cliutils::SubscribeToCMMDS] uninstalling subscription Traceback (most recent call last):   File "/build/mts/release/bora-19184740/bora/build/vsan/release/vsanhealth/usr/lib/vmware/vsan/perfsvc/cliutils.py", line 333, in SubscribeToCMMDS RuntimeError: Operation not allowed because the VMKernel is shutting down
2025-09-12T12:32:49.427Z error vsand[2107045] [opID=Thread-2 cliutils::SubscribeToCMMDS] uninstalling subscription Traceback (most recent call last):   File "/build/mts/release/bora-19184740/bora/build/vsan/release/vsanhealth/usr/lib/vmware/vsan/perfsvc/cliutils.py", line 333, in SubscribeToCMMDS RuntimeError: Operation not allowed because the VMKernel is shutting down
2025-09-12T12:32:49.427Z error vsand[2107045] [opID=Thread-2 cliutils::SubscribeToCMMDS] uninstalling subscription Traceback (most recent call last):   File "/build/mts/release/bora-19184740/bora/build/vsan/release/vsanhealth/usr/lib/vmware/vsan/perfsvc/cliutils.py", line 333, in SubscribeToCMMDS RuntimeError: Operation not allowed because the VMKernel is shutting down
2025-09-12T12:32:49.427Z error vsand[2107045] [opID=Thread-2 cliutils::SubscribeToCMMDS] uninstalling subscription Traceback (most recent call last):   File "/build/mts/release/bora-19184740/bora/build/vsan/release/vsanhealth/usr/lib/vmware/vsan/perfsvc/cliutils.py", line 333, in SubscribeToCMMDS RuntimeError: Operation not allowed because the VMKernel is shutting down
2025-09-12T12:32:49.428Z info vsand[2107045] [opID=Thread-2 VsanHealthDaemon::doVsanHealthCheck] Skip VSAN health check due to the VSAN is disabled
2025-09-12T12:32:49.604Z info vsand[2107042] [opID=0ef1916b-c775 VsanVcObjectHelper::wrapper] Ready to get single executor result for the key ['_QueryVerifyNetworkSettings', 'ha-vsan-health-system', '', '', '', 'False'] in timeout 600
2025-09-12T12:32:49.604Z info vsand[2107042] [opID=0ef1916b-c775 VsanVcObjectHelper::wrapper] Ready to call original function for execution
2025-09-12T12:32:49.604Z info vsand[2107042] [opID=0ef1916b-c775 VsanHealthSystemImpl::_QueryVerifyNetworkSettings] Query network settings: (str) []:(str) []
2025-09-12T12:32:49.615Z info vsand[2107042] [opID=0ef1916b-c775 VsanPyVmomiProfiler::logProfile]   invoke-method:ha-cli-handler-vsan-network:List: 0.01s, consumed: 66396KB (+0KB), consumedPeak: 66396KB (+0KB), effectiveMin: 102400KB (+0KB), effectiveMinPeak: 102400KB (+0KB), requestedMinPeak: 102400KB (+0KB)
2025-09-12T12:32:49.620Z info vsand[2107042] [opID=0ef1916b-c775 VsanPyVmomiProfiler::logProfile]   invoke-method:ha-cli-handler-network-ip-interface:List: 0.00s, consumed: 66396KB (+0KB), consumedPeak: 66396KB (+0KB), effectiveMin: 102400KB (+0KB), effectiveMinPeak: 102400KB (+0KB), requestedMinPeak: 102400KB (+0KB)
2025-09-12T12:32:49.624Z info vsand[2107042] [opID=0ef1916b-c775 VsanPyVmomiProfiler::logProfile]   invoke-method:ha-cli-handler-network-ip-interface-ipv6-address:List: 0.00s, consumed: 66396KB (+0KB), consumedPeak: 66396KB (+0KB), effectiveMin: 102400KB (+0KB), effectiveMinPeak: 102400KB (+0KB), requestedMinPeak: 102400KB (+0KB)
2025-09-12T12:32:49.628Z info vsand[2107042] [opID=0ef1916b-c775 VsanPyVmomiProfiler::logProfile]   invoke-method:ha-cli-handler-network-ip-interface-ipv4:Get: 0.00s, consumed: 66396KB (+0KB), consumedPeak: 66396KB (+0KB), effectiveMin: 102400KB (+0KB), effectiveMinPeak: 102400KB (+0KB), requestedMinPeak: 102400KB (+0KB)
2025-09-12T12:32:49.632Z info vsand[2107042] [opID=0ef1916b-c775 VsanPyVmomiProfiler::logProfile]   invoke-method:ha-cli-handler-network-ip-route-ipv4:List: 0.00s, consumed: 66396KB (+0KB), consumedPeak: 66396KB (+0KB), effectiveMin: 102400KB (+0KB), effectiveMinPeak: 102400KB (+0KB), requestedMinPeak: 102400KB (+0KB)
2025-09-12T12:32:49.637Z info vsand[2107042] [opID=0ef1916b-c775 VsanPyVmomiProfiler::logProfile]   invoke-method:ha-cli-handler-network-ip-route-ipv6:List: 0.00s, consumed: 66396KB (+0KB), consumedPeak: 66396KB (+0KB), effectiveMin: 102400KB (+0KB), effectiveMinPeak: 102400KB (+0KB), requestedMinPeak: 102400KB (+0KB)
2025-09-12T12:32:49.638Z info vsand[2107042] [opID=0ef1916b-c775 VsanVcObjectHelper::wrapper] Finish execute _QueryVerifyNetworkSettings
2025-09-12T12:32:49.638Z info vsand[2107042] [opID=0ef1916b-c775 VsanVcObjectHelper::AddCallResultAndNotify] delete the single concurrent execution key
2025-09-12T12:32:49.638Z info vsand[2107042] [opID=0ef1916b-c775 VsanPyVmomiProfiler::log] Profiler:
2025-09-12T12:32:49.638Z info vsand[2107042] [opID=0ef1916b-c775 VsanPyVmomiProfiler::logProfile]   GetVsanVmknicConfigFromEsxCLI: 0.03s, consumed: 66396KB (+0KB), consumedPeak: 66396KB (+0KB), effectiveMin: 102400KB (+0KB), effectiveMinPeak: 102400KB (+0KB), requestedMinPeak: 102400KB (+0KB)
2025-09-12T12:32:49.638Z info vsand[2107042] [opID=0ef1916b-c775 VsanPyVmomiProfiler::logProfile]   impl._QueryVerifyNetworkSettings: 0.03s, consumed: 66396KB (+0KB), consumedPeak: 66396KB (+0KB), effectiveMin: 102400KB (+0KB), effectiveMinPeak: 102400KB (+0KB), requestedMinPeak: 102400KB (+0KB)
2025-09-12T12:32:49.670Z error vsand[2107036] [opID=0ef1916b-c776 cliutils::GetVSANClusterInfo] Failed to query cluster info: Operation not allowed because the VMKernel is shutting down
2025-09-12T12:32:49.692Z error vsand[2107036] [opID=0ef1916b-c776 VsanHealthSystemImpl::CheckHostDaemonHealth] Failed to check status of epd Traceback (most recent call last):   File "/build/mts/release/bora-19184740/bora/build/vsan/release/vsanhealth/usr/lib/vmware/vsan/perfsvc/VsanHealthSystemImpl.py", line 3447, in CheckHostDaemonHealth   File "/build/mts/release/bora-19184740/bora/build/vsan/release/vsanhealth/usr/lib/vmware/vsan/perfsvc/VsanHealthHelpers.py", line 1221, in IsWitnessNode KeyError: 'Local Node UUID'
2025-09-12T12:32:49.718Z error vsand[2107036] [opID=0ef1916b-c776 VsanHealthSystemImpl::CheckHostDaemonHealth] Service cmmdsd is not running: ret: 3, err:
2025-09-12T12:32:49.736Z info vsand[2107025] [opID=0ef1916b-c777 VsanSystemImpl::_ConfigInfoPrintLog] configInfo: enabled=False, hostSystem='vim.HostSystem:ha-host'
2025-09-12T12:32:49.736Z info vsand[2107025] [opID=0ef1916b-c777 VsanSystemImpl::_ConfigInfoPrintLog]    clusterInfo: uuid=, nodeUuid=
2025-09-12T12:32:49.736Z info vsand[2107025] [opID=0ef1916b-c777 VsanSystemImpl::_ConfigInfoPrintLog]    storageInfo: autoClaimStorage=False, checksumEnabled=None
2025-09-12T12:32:49.736Z info vsand[2107025] [opID=0ef1916b-c777 VsanSystemImpl::_ConfigInfoPrintLog]       diskMapping[]:
2025-09-12T12:32:49.736Z info vsand[2107025] [opID=0ef1916b-c777 VsanSystemImpl::_ConfigInfoPrintLog]       diskMapInfo[]:
2025-09-12T12:32:49.736Z info vsand[2107025] [opID=0ef1916b-c777 VsanSystemImpl::_ConfigInfoPrintLog]    networkInfo:
2025-09-12T12:32:49.736Z info vsand[2107025] [opID=0ef1916b-c777 VsanSystemImpl::_ConfigInfoPrintLog]       port[]:
2025-09-12T12:32:49.736Z info vsand[2107025] [opID=0ef1916b-c777 VsanSystemImpl::_ConfigInfoPrintLog]    faultDomainInfo: name=
2025-09-12T12:32:49.737Z info vsand[2107025] [opID=0ef1916b-c777 VsanSystemImpl::_ConfigInfoPrintLog]    encryptionInfo: enabled=False, kekId=, hostKeyId=, clientKey=None, clientCert=(not set), dekGenerationId=0, changing=False, eraseDisksBeforeUse=False
2025-09-12T12:32:49.737Z info vsand[2107025] [opID=0ef1916b-c777 VsanSystemImpl::_ConfigInfoPrintLog]       kmipServers[]:
2025-09-12T12:32:49.737Z info vsand[2107025] [opID=0ef1916b-c777 VsanSystemImpl::_ConfigInfoPrintLog]       kmsServerCerts[]:
2025-09-12T12:32:49.737Z info vsand[2107025] [opID=0ef1916b-c777 VsanSystemImpl::_ConfigInfoPrintLog]    dataEfficiencyInfo: dedupEnabled=False, compressionEnabled=None
2025-09-12T12:32:49.737Z info vsand[2107025] [opID=0ef1916b-c777 VsanSystemImpl::_ConfigInfoPrintLog]    resyncIopsLimitInfo: resyncIops=0
2025-09-12T12:32:49.737Z info vsand[2107025] [opID=0ef1916b-c777 VsanSystemImpl::_ConfigInfoPrintLog]    extendedConfig: objectRepairTimer=60, disableSiteReadLocality=False, enableCustomizedSwapObject=True, largeScaleClusterSupport=False
2025-09-12T12:32:49.737Z info vsand[2107025] [opID=0ef1916b-c777 VsanSystemImpl::_ConfigInfoPrintLog]       proactiveRebalanceInfo: enabled=False, threshold=30
2025-09-12T12:32:49.737Z info vsand[2107025] [opID=0ef1916b-c777 VsanSystemImpl::_ConfigInfoPrintLog]    datastoreInfo:
2025-09-12T12:32:49.738Z info vsand[2107025] [opID=0ef1916b-c777 VsanSystemImpl::_ConfigInfoPrintLog]       datastores[]:
2025-09-12T12:32:49.738Z info vsand[2107025] [opID=0ef1916b-c777 VsanSystemImpl::_ConfigInfoPrintLog]          uuid=, name=vsanDatastore
2025-09-12T12:32:49.738Z info vsand[2107025] [opID=0ef1916b-c777 VsanSystemImpl::_ConfigInfoPrintLog]    unmapConfig: enable=False
2025-09-12T12:32:49.738Z info vsand[2107025] [opID=0ef1916b-c777 VsanSystemImpl::_ConfigInfoPrintLog]    internalExtendedConfig: vcMaxDiskVersion=0
2025-09-12T12:32:49.738Z info vsand[2107025] [opID=0ef1916b-c777 VsanSystemImpl::_ConfigInfoPrintLog]    rdmaConfig: None
2025-09-12T12:32:49.738Z info vsand[2107025] [opID=0ef1916b-c777 VsanSystemImpl::_ConfigInfoPrintLog]    dataProtectionInfo: None
2025-09-12T12:32:49.738Z info vsand[2107025] [opID=0ef1916b-c777 VsanSystemImpl::_ConfigInfoPrintLog]    witnessHostConfig[]:
2025-09-12T12:32:49.739Z info vsand[2107025] [opID=0ef1916b-c777 VsanPyVmomiProfiler::log] Profiler:
2025-09-12T12:32:49.739Z info vsand[2107025] [opID=0ef1916b-c777 VsanPyVmomiProfiler::logProfile]   impl.QueryVsanConfigByFilter: 0.01s, consumed: 66396KB (+0KB), consumedPeak: 66396KB (+0KB), effectiveMin: 102400KB (+0KB), effectiveMinPeak: 102400KB (+0KB), requestedMinPeak: 102400KB (+0KB)
2025-09-12T12:32:49.870Z info vsand[2107024] [opID=0ef1916b-c77a VsanTaskTrackerImpl::CreateAndMonitorTask] Created task vmodlTask-ha-host-867731332
2025-09-12T12:32:49.875Z info vsand[2107024] [opID=0ef1916b-c77a VsanSystemImpl::Update] Calling VsanMOProvider.Update with config: ['config: enabled=None, hostSystem=None', '   clusterInfo: None', '   storageInfo: None', '   networkInfo: None', '   faultDomainInfo: None', '   encryptionInfo: None', '   dataEfficiencyInfo: None', '   resyncIopsLimitInfo: None', '   extendedConfig: None', '   datastoreInfo: None', '   unmapConfig: None', '   internalExtendedConfig: vcMaxDiskVersion=0', '   rdmaConfig: None', '   dataProtectionInfo: None', '   witnessHostConfig[]:']  Task: vmodlTask-ha-host-867731332
2025-09-12T12:32:49.875Z info vsand[2107024] [opID=0ef1916b-c77a VsanSystemImpl::Update] extendedConfig: {}
2025-09-12T12:32:49.879Z info vsand[2107051] [opID=Thread-5 VsanTaskTrackerImpl::_ThreadMain] PC Update: version = 1
2025-09-12T12:32:49.886Z info vsand[2107051] [opID=Thread-5 VsanTaskTrackerImpl::_ThreadMain] PC Update: version = 2
2025-09-12T12:32:49.893Z info vsand[2107051] [opID=Thread-5 VsanTaskTrackerImpl::_ThreadMain] PC Update: version = 3
2025-09-12T12:32:49.977Z info vsand[2107026] [opID=fb83c77d VsanTaskTrackerImpl::_RemoveTaskLocked] Remove task vmodlTask-ha-host-867731332 from cache table.
2025-09-12T12:32:53.308Z error vsand[2107007] [opID=MainThread cliutils::GetVSANClusterInfo] Failed to query cluster info: Operation not allowed because the VMKernel is shutting down
2025-09-12T12:32:53.409Z info vsand[2107044] [opID=Thread-1 VsanPyVmomiProfiler::logProfile]   invoke-method:ServiceInstance:RetrieveContent: 0.01s, consumed: 67084KB (+0KB), consumedPeak: 67084KB (+0KB), effectiveMin: 102400KB (+0KB), effectiveMinPeak: 102400KB (+0KB), requestedMinPeak: 102400KB (+0KB)
2025-09-12T12:32:53.429Z info vsand[2107044] [opID=Thread-1 VsanMgmtUtil::__init__] Initialized ObjectCache: 'healthSummaryCache', maxSize=1024, ttl=None
2025-09-12T12:32:53.430Z info vsand[2107044] [opID=Thread-1 VsanMgmtUtil::__init__] Initialized ObjectCache: 'healthHistoricalCache', maxSize=1024, ttl=4000
2025-09-12T12:32:53.431Z info vsand[2107044] [opID=Thread-1 VsanVcPerformanceManagerImpl::__init__] VsanVcPerformanceManagerImpl init
2025-09-12T12:32:53.435Z info vsand[2107044] [opID=Thread-1 VsanVcObjectSystemImpl::__init__] VsanVcObjectSystemImpl init
2025-09-12T12:32:53.435Z info vsand[2107044] [opID=Thread-1 VsanResourceCheckSystemImpl::__init__] VsanResourceCheckSystemImpl init
2025-09-12T12:32:53.435Z info vsand[2107044] [opID=Thread-1 VsanMgmtUtil::__init__] Initialized ObjectCache: 'DiskMappingCache', maxSize=2000, ttl=None
2025-09-12T12:32:53.436Z info vsand[2107044] [opID=Thread-1 VsanVcIscsiTargetSystemImpl::__init__] VsanVcIscsiTargetSystemImpl init
2025-09-12T12:32:58.312Z error vsand[2107007] [opID=MainThread cliutils::GetVSANClusterInfo] Failed to query cluster info: Operation not allowed because the VMKernel is shutting down
2025-09-12T12:33:03.315Z error vsand[2107007] [opID=MainThread cliutils::GetVSANClusterInfo] Failed to query cluster info: Operation not allowed because the VMKernel is shutting down
2025-09-12T12:33:08.318Z error vsand[2107007] [opID=MainThread cliutils::GetVSANClusterInfo] Failed to query cluster info: Operation not allowed because the VMKernel is shutting down
2025-09-12T12:33:13.321Z error vsand[2107007] [opID=MainThread cliutils::GetVSANClusterInfo] Failed to query cluster info: Operation not allowed because the VMKernel is shutting down
2025-09-12T12:33:18.324Z error vsand[2107007] [opID=MainThread cliutils::GetVSANClusterInfo] Failed to query cluster info: Operation not allowed because the VMKernel is shutting down
2025-09-12T12:33:23.327Z error vsand[2107007] [opID=MainThread cliutils::GetVSANClusterInfo] Failed to query cluster info: Operation not allowed because the VMKernel is shutting down
2025-09-12T12:33:28.331Z error vsand[2107007] [opID=MainThread cliutils::GetVSANClusterInfo] Failed to query cluster info: Operation not allowed because the VMKernel is shutting down
2025-09-12T12:33:33.333Z error vsand[2107007] [opID=MainThread cliutils::GetVSANClusterInfo] Failed to query cluster info: Operation not allowed because the VMKernel is shutting down
2025-09-12T12:33:38.335Z error vsand[2107007] [opID=MainThread cliutils::GetVSANClusterInfo] Failed to query cluster info: Operation not allowed because the VMKernel is shutting down
2025-09-12T12:33:43.338Z error vsand[2107007] [opID=MainThread cliutils::GetVSANClusterInfo] Failed to query cluster info: Operation not allowed because the VMKernel is shutting down
2025-09-12T12:33:48.341Z error vsand[2107007] [opID=MainThread cliutils::GetVSANClusterInfo] Failed to query cluster info: Operation not allowed because the VMKernel is shutting down
2025-09-12T12:33:53.345Z error vsand[2107007] [opID=MainThread cliutils::GetVSANClusterInfo] Failed to query cluster info: Operation not allowed because the VMKernel is shutting down
2025-09-12T12:33:58.348Z error vsand[2107007] [opID=MainThread cliutils::GetVSANClusterInfo] Failed to query cluster info: Operation not allowed because the VMKernel is shutting down
2025-09-12T12:34:03.351Z error vsand[2107007] [opID=MainThread cliutils::GetVSANClusterInfo] Failed to query cluster info: Operation not allowed because the VMKernel is shutting down
2025-09-12T12:34:08.354Z error vsand[2107007] [opID=MainThread cliutils::GetVSANClusterInfo] Failed to query cluster info: Operation not allowed because the VMKernel is shutting down
2025-09-12T12:34:13.357Z error vsand[2107007] [opID=MainThread cliutils::GetVSANClusterInfo] Failed to query cluster info: Operation not allowed because the VMKernel is shutting down
2025-09-12T12:34:18.361Z error vsand[2107007] [opID=MainThread cliutils::GetVSANClusterInfo] Failed to query cluster info: Operation not allowed because the VMKernel is shutting down
2025-09-12T12:34:23.364Z error vsand[2107007] [opID=MainThread cliutils::GetVSANClusterInfo] Failed to query cluster info: Operation not allowed because the VMKernel is shutting down
2025-09-12T12:34:28.365Z error vsand[2107007] [opID=MainThread cliutils::GetVSANClusterInfo] Failed to query cluster info: Operation not allowed because the VMKernel is shutting down
2025-09-12T12:34:33.368Z error vsand[2107007] [opID=MainThread cliutils::GetVSANClusterInfo] Failed to query cluster info: Operation not allowed because the VMKernel is shutting down
2025-09-12T12:34:38.370Z error vsand[2107007] [opID=MainThread cliutils::GetVSANClusterInfo] Failed to query cluster info: Operation not allowed because the VMKernel is shutting down
2025-09-12T12:34:43.373Z error vsand[2107007] [opID=MainThread cliutils::GetVSANClusterInfo] Failed to query cluster info: Operation not allowed because the VMKernel is shutting down
2025-09-12T12:34:48.375Z error vsand[2107007] [opID=MainThread cliutils::GetVSANClusterInfo] Failed to query cluster info: Operation not allowed because the VMKernel is shutting down
2025-09-12T12:34:53.377Z error vsand[2107007] [opID=MainThread cliutils::GetVSANClusterInfo] Failed to query cluster info: Operation not allowed because the VMKernel is shutting down
2025-09-12T12:34:58.379Z error vsand[2107007] [opID=MainThread cliutils::GetVSANClusterInfo] Failed to query cluster info: Operation not allowed because the VMKernel is shutting down
2025-09-12T12:35:03.381Z error vsand[2107007] [opID=MainThread cliutils::GetVSANClusterInfo] Failed to query cluster info: Operation not allowed because the VMKernel is shutting down
2025-09-12T12:35:08.384Z error vsand[2107007] [opID=MainThread cliutils::GetVSANClusterInfo] Failed to query cluster info: Operation not allowed because the VMKernel is shutting down
2025-09-12T12:35:13.385Z error vsand[2107007] [opID=MainThread cliutils::GetVSANClusterInfo] Failed to query cluster info: Operation not allowed because the VMKernel is shutting down
2025-09-12T12:35:18.388Z error vsand[2107007] [opID=MainThread cliutils::GetVSANClusterInfo] Failed to query cluster info: Operation not allowed because the VMKernel is shutting down
2025-09-12T12:35:23.392Z error vsand[2107007] [opID=MainThread cliutils::GetVSANClusterInfo] Failed to query cluster info: Operation not allowed because the VMKernel is shutting down
2025-09-12T12:35:28.395Z error vsand[2107007] [opID=MainThread cliutils::GetVSANClusterInfo] Failed to query cluster info: Operation not allowed because the VMKernel is shutting down
2025-09-12T12:35:33.398Z error vsand[2107007] [opID=MainThread cliutils::GetVSANClusterInfo] Failed to query cluster info: Operation not allowed because the VMKernel is shutting down
2025-09-12T12:35:38.401Z error vsand[2107007] [opID=MainThread cliutils::GetVSANClusterInfo] Failed to query cluster info: Operation not allowed because the VMKernel is shutting down
2025-09-12T12:35:43.404Z error vsand[2107007] [opID=MainThread cliutils::GetVSANClusterInfo] Failed to query cluster info: Operation not allowed because the VMKernel is shutting down
2025-09-12T12:35:48.408Z error vsand[2107007] [opID=MainThread cliutils::GetVSANClusterInfo] Failed to query cluster info: Operation not allowed because the VMKernel is shutting down
2025-09-12T12:35:53.411Z error vsand[2107007] [opID=MainThread cliutils::GetVSANClusterInfo] Failed to query cluster info: Operation not allowed because the VMKernel is shutting down
2025-09-12T12:35:58.414Z error vsand[2107007] [opID=MainThread cliutils::GetVSANClusterInfo] Failed to query cluster info: Operation not allowed because the VMKernel is shutting down
2025-09-12T12:36:03.415Z error vsand[2107007] [opID=MainThread cliutils::GetVSANClusterInfo] Failed to query cluster info: Operation not allowed because the VMKernel is shutting down
2025-09-12T12:36:08.418Z error vsand[2107007] [opID=MainThread cliutils::GetVSANClusterInfo] Failed to query cluster info: Operation not allowed because the VMKernel is shutting down
2025-09-12T12:36:13.422Z error vsand[2107007] [opID=MainThread cliutils::GetVSANClusterInfo] Failed to query cluster info: Operation not allowed because the VMKernel is shutting down
2025-09-12T12:36:18.423Z error vsand[2107007] [opID=MainThread cliutils::GetVSANClusterInfo] Failed to query cluster info: Operation not allowed because the VMKernel is shutting down
2025-09-12T12:36:23.425Z error vsand[2107007] [opID=MainThread cliutils::GetVSANClusterInfo] Failed to query cluster info: Operation not allowed because the VMKernel is shutting down
2025-09-12T12:36:28.427Z error vsand[2107007] [opID=MainThread cliutils::GetVSANClusterInfo] Failed to query cluster info: Operation not allowed because the VMKernel is shutting down
2025-09-12T12:36:33.430Z error vsand[2107007] [opID=MainThread cliutils::GetVSANClusterInfo] Failed to query cluster info: Operation not allowed because the VMKernel is shutting down
2025-09-12T12:36:38.434Z error vsand[2107007] [opID=MainThread cliutils::GetVSANClusterInfo] Failed to query cluster info: Operation not allowed because the VMKernel is shutting down
2025-09-12T12:36:43.435Z error vsand[2107007] [opID=MainThread cliutils::GetVSANClusterInfo] Failed to query cluster info: Operation not allowed because the VMKernel is shutting down
2025-09-12T12:36:48.438Z error vsand[2107007] [opID=MainThread cliutils::GetVSANClusterInfo] Failed to query cluster info: Operation not allowed because the VMKernel is shutting down
2025-09-12T12:36:53.442Z error vsand[2107007] [opID=MainThread cliutils::GetVSANClusterInfo] Failed to query cluster info: Operation not allowed because the VMKernel is shutting down
2025-09-12T12:36:58.445Z error vsand[2107007] [opID=MainThread cliutils::GetVSANClusterInfo] Failed to query cluster info: Operation not allowed because the VMKernel is shutting down
2025-09-12T12:37:03.448Z error vsand[2107007] [opID=MainThread cliutils::GetVSANClusterInfo] Failed to query cluster info: Operation not allowed because the VMKernel is shutting down
2025-09-12T12:37:08.451Z error vsand[2107007] [opID=MainThread cliutils::GetVSANClusterInfo] Failed to query cluster info: Operation not allowed because the VMKernel is shutting down
2025-09-12T12:37:13.454Z error vsand[2107007] [opID=MainThread cliutils::GetVSANClusterInfo] Failed to query cluster info: Operation not allowed because the VMKernel is shutting down
2025-09-12T12:37:18.457Z error vsand[2107007] [opID=MainThread cliutils::GetVSANClusterInfo] Failed to query cluster info: Operation not allowed because the VMKernel is shutting down
2025-09-12T12:37:23.460Z error vsand[2107007] [opID=MainThread cliutils::GetVSANClusterInfo] Failed to query cluster info: Operation not allowed because the VMKernel is shutting down
2025-09-12T12:37:28.463Z error vsand[2107007] [opID=MainThread cliutils::GetVSANClusterInfo] Failed to query cluster info: Operation not allowed because the VMKernel is shutting down
2025-09-12T12:37:33.465Z error vsand[2107007] [opID=MainThread cliutils::GetVSANClusterInfo] Failed to query cluster info: Operation not allowed because the VMKernel is shutting down
2025-09-12T12:37:38.467Z error vsand[2107007] [opID=MainThread cliutils::GetVSANClusterInfo] Failed to query cluster info: Operation not allowed because the VMKernel is shutting down
2025-09-12T12:37:43.469Z error vsand[2107007] [opID=MainThread cliutils::GetVSANClusterInfo] Failed to query cluster info: Operation not allowed because the VMKernel is shutting down
2025-09-12T12:37:48.472Z error vsand[2107007] [opID=MainThread cliutils::GetVSANClusterInfo] Failed to query cluster info: Operation not allowed because the VMKernel is shutting down
2025-09-12T12:37:49.429Z info vsand[2107045] [opID=Thread-2 VsanHealthDaemon::doVsanHealthCheck] Skip VSAN health check due to the VSAN is disabled
2025-09-12T12:37:53.475Z error vsand[2107007] [opID=MainThread cliutils::GetVSANClusterInfo] Failed to query cluster info: Operation not allowed because the VMKernel is shutting down
2025-09-12T12:37:58.477Z error vsand[2107007] [opID=MainThread cliutils::GetVSANClusterInfo] Failed to query cluster info: Operation not allowed because the VMKernel is shutting down
2025-09-12T12:38:03.480Z error vsand[2107007] [opID=MainThread cliutils::GetVSANClusterInfo] Failed to query cluster info: Operation not allowed because the VMKernel is shutting down
2025-09-12T12:38:08.483Z error vsand[2107007] [opID=MainThread cliutils::GetVSANClusterInfo] Failed to query cluster info: Operation not allowed because the VMKernel is shutting down
2025-09-12T12:38:13.485Z error vsand[2107007] [opID=MainThread cliutils::GetVSANClusterInfo] Failed to query cluster info: Operation not allowed because the VMKernel is shutting down
2025-09-12T12:38:18.489Z error vsand[2107007] [opID=MainThread cliutils::GetVSANClusterInfo] Failed to query cluster info: Operation not allowed because the VMKernel is shutting down
2025-09-12T12:38:23.492Z error vsand[2107007] [opID=MainThread cliutils::GetVSANClusterInfo] Failed to query cluster info: Operation not allowed because the VMKernel is shutting down
2025-09-12T12:38:28.495Z error vsand[2107007] [opID=MainThread cliutils::GetVSANClusterInfo] Failed to query cluster info: Operation not allowed because the VMKernel is shutting down
2025-09-12T12:38:33.497Z error vsand[2107007] [opID=MainThread cliutils::GetVSANClusterInfo] Failed to query cluster info: Operation not allowed because the VMKernel is shutting down
2025-09-12T12:38:38.500Z error vsand[2107007] [opID=MainThread cliutils::GetVSANClusterInfo] Failed to query cluster info: Operation not allowed because the VMKernel is shutting down
2025-09-12T12:38:43.503Z error vsand[2107007] [opID=MainThread cliutils::GetVSANClusterInfo] Failed to query cluster info: Operation not allowed because the VMKernel is shutting down
2025-09-12T12:38:48.505Z error vsand[2107007] [opID=MainThread cliutils::GetVSANClusterInfo] Failed to query cluster info: Operation not allowed because the VMKernel is shutting down
2025-09-12T12:38:53.508Z error vsand[2107007] [opID=MainThread cliutils::GetVSANClusterInfo] Failed to query cluster info: Operation not allowed because the VMKernel is shutting down
2025-09-12T12:38:58.510Z error vsand[2107007] [opID=MainThread cliutils::GetVSANClusterInfo] Failed to query cluster info: Operation not allowed because the VMKernel is shutting down
2025-09-12T12:39:03.514Z error vsand[2107007] [opID=MainThread cliutils::GetVSANClusterInfo] Failed to query cluster info: Operation not allowed because the VMKernel is shutting down
2025-09-12T12:39:08.515Z error vsand[2107007] [opID=MainThread cliutils::GetVSANClusterInfo] Failed to query cluster info: Operation not allowed because the VMKernel is shutting down
2025-09-12T12:39:13.518Z error vsand[2107007] [opID=MainThread cliutils::GetVSANClusterInfo] Failed to query cluster info: Operation not allowed because the VMKernel is shutting down
2025-09-12T12:39:18.521Z error vsand[2107007] [opID=MainThread cliutils::GetVSANClusterInfo] Failed to query cluster info: Operation not allowed because the VMKernel is shutting down
2025-09-12T12:39:23.524Z error vsand[2107007] [opID=MainThread cliutils::GetVSANClusterInfo] Failed to query cluster info: Operation not allowed because the VMKernel is shutting down
2025-09-12T12:39:28.528Z error vsand[2107007] [opID=MainThread cliutils::GetVSANClusterInfo] Failed to query cluster info: Operation not allowed because the VMKernel is shutting down
2025-09-12T12:39:33.531Z error vsand[2107007] [opID=MainThread cliutils::GetVSANClusterInfo] Failed to query cluster info: Operation not allowed because the VMKernel is shutting down
2025-09-12T12:39:38.534Z error vsand[2107007] [opID=MainThread cliutils::GetVSANClusterInfo] Failed to query cluster info: Operation not allowed because the VMKernel is shutting down
2025-09-12T12:39:43.537Z error vsand[2107007] [opID=MainThread cliutils::GetVSANClusterInfo] Failed to query cluster info: Operation not allowed because the VMKernel is shutting down
2025-09-12T12:39:48.540Z error vsand[2107007] [opID=MainThread cliutils::GetVSANClusterInfo] Failed to query cluster info: Operation not allowed because the VMKernel is shutting down
2025-09-12T12:39:53.544Z error vsand[2107007] [opID=MainThread cliutils::GetVSANClusterInfo] Failed to query cluster info: Operation not allowed because the VMKernel is shutting down
2025-09-12T12:39:58.545Z error vsand[2107007] [opID=MainThread cliutils::GetVSANClusterInfo] Failed to query cluster info: Operation not allowed because the VMKernel is shutting down
2025-09-12T12:40:03.549Z error vsand[2107007] [opID=MainThread cliutils::GetVSANClusterInfo] Failed to query cluster info: Operation not allowed because the VMKernel is shutting down
2025-09-12T12:40:08.552Z error vsand[2107007] [opID=MainThread cliutils::GetVSANClusterInfo] Failed to query cluster info: Operation not allowed because the VMKernel is shutting down
2025-09-12T12:40:13.555Z error vsand[2107007] [opID=MainThread cliutils::GetVSANClusterInfo] Failed to query cluster info: Operation not allowed because the VMKernel is shutting down
2025-09-12T12:40:18.558Z error vsand[2107007] [opID=MainThread cliutils::GetVSANClusterInfo] Failed to query cluster info: Operation not allowed because the VMKernel is shutting down
2025-09-12T12:40:23.561Z error vsand[2107007] [opID=MainThread cliutils::GetVSANClusterInfo] Failed to query cluster info: Operation not allowed because the VMKernel is shutting down
2025-09-12T12:40:28.563Z error vsand[2107007] [opID=MainThread cliutils::GetVSANClusterInfo] Failed to query cluster info: Operation not allowed because the VMKernel is shutting down
2025-09-12T12:40:33.565Z error vsand[2107007] [opID=MainThread cliutils::GetVSANClusterInfo] Failed to query cluster info: Operation not allowed because the VMKernel is shutting down
2025-09-12T12:40:38.568Z error vsand[2107007] [opID=MainThread cliutils::GetVSANClusterInfo] Failed to query cluster info: Operation not allowed because the VMKernel is shutting down
2025-09-12T12:40:43.571Z error vsand[2107007] [opID=MainThread cliutils::GetVSANClusterInfo] Failed to query cluster info: Operation not allowed because the VMKernel is shutting down
2025-09-12T12:40:48.574Z error vsand[2107007] [opID=MainThread cliutils::GetVSANClusterInfo] Failed to query cluster info: Operation not allowed because the VMKernel is shutting down
2025-09-12T12:40:53.578Z error vsand[2107007] [opID=MainThread cliutils::GetVSANClusterInfo] Failed to query cluster info: Operation not allowed because the VMKernel is shutting down
2025-09-12T12:40:58.581Z error vsand[2107007] [opID=MainThread cliutils::GetVSANClusterInfo] Failed to query cluster info: Operation not allowed because the VMKernel is shutting down
2025-09-12T12:41:03.584Z error vsand[2107007] [opID=MainThread cliutils::GetVSANClusterInfo] Failed to query cluster info: Operation not allowed because the VMKernel is shutting down
2025-09-12T12:41:08.587Z error vsand[2107007] [opID=MainThread cliutils::GetVSANClusterInfo] Failed to query cluster info: Operation not allowed because the VMKernel is shutting down
2025-09-12T12:41:13.590Z error vsand[2107007] [opID=MainThread cliutils::GetVSANClusterInfo] Failed to query cluster info: Operation not allowed because the VMKernel is shutting down
2025-09-12T12:41:18.593Z error vsand[2107007] [opID=MainThread cliutils::GetVSANClusterInfo] Failed to query cluster info: Operation not allowed because the VMKernel is shutting down
2025-09-12T12:41:23.595Z error vsand[2107007] [opID=MainThread cliutils::GetVSANClusterInfo] Failed to query cluster info: Operation not allowed because the VMKernel is shutting down
2025-09-12T12:41:28.598Z error vsand[2107007] [opID=MainThread cliutils::GetVSANClusterInfo] Failed to query cluster info: Operation not allowed because the VMKernel is shutting down
2025-09-12T12:41:33.600Z error vsand[2107007] [opID=MainThread cliutils::GetVSANClusterInfo] Failed to query cluster info: Operation not allowed because the VMKernel is shutting down
2025-09-12T12:41:38.604Z error vsand[2107007] [opID=MainThread cliutils::GetVSANClusterInfo] Failed to query cluster info: Operation not allowed because the VMKernel is shutting down
2025-09-12T12:41:43.605Z error vsand[2107007] [opID=MainThread cliutils::GetVSANClusterInfo] Failed to query cluster info: Operation not allowed because the VMKernel is shutting down
2025-09-12T12:41:48.608Z error vsand[2107007] [opID=MainThread cliutils::GetVSANClusterInfo] Failed to query cluster info: Operation not allowed because the VMKernel is shutting down
2025-09-12T12:41:53.609Z error vsand[2107007] [opID=MainThread cliutils::GetVSANClusterInfo] Failed to query cluster info: Operation not allowed because the VMKernel is shutting down
2025-09-12T12:41:58.612Z error vsand[2107007] [opID=MainThread cliutils::GetVSANClusterInfo] Failed to query cluster info: Operation not allowed because the VMKernel is shutting down
2025-09-12T12:42:03.615Z error vsand[2107007] [opID=MainThread cliutils::GetVSANClusterInfo] Failed to query cluster info: Operation not allowed because the VMKernel is shutting down
2025-09-12T12:42:08.618Z error vsand[2107007] [opID=MainThread cliutils::GetVSANClusterInfo] Failed to query cluster info: Operation not allowed because the VMKernel is shutting down
2025-09-12T12:42:13.622Z error vsand[2107007] [opID=MainThread cliutils::GetVSANClusterInfo] Failed to query cluster info: Operation not allowed because the VMKernel is shutting down
2025-09-12T12:42:18.625Z error vsand[2107007] [opID=MainThread cliutils::GetVSANClusterInfo] Failed to query cluster info: Operation not allowed because the VMKernel is shutting down
2025-09-12T12:42:23.628Z error vsand[2107007] [opID=MainThread cliutils::GetVSANClusterInfo] Failed to query cluster info: Operation not allowed because the VMKernel is shutting down
2025-09-12T12:42:28.631Z error vsand[2107007] [opID=MainThread cliutils::GetVSANClusterInfo] Failed to query cluster info: Operation not allowed because the VMKernel is shutting down
2025-09-12T12:42:33.633Z error vsand[2107007] [opID=MainThread cliutils::GetVSANClusterInfo] Failed to query cluster info: Operation not allowed because the VMKernel is shutting down
2025-09-12T12:42:38.635Z error vsand[2107007] [opID=MainThread cliutils::GetVSANClusterInfo] Failed to query cluster info: Operation not allowed because the VMKernel is shutting down
2025-09-12T12:42:43.638Z error vsand[2107007] [opID=MainThread cliutils::GetVSANClusterInfo] Failed to query cluster info: Operation not allowed because the VMKernel is shutting down
2025-09-12T12:42:48.642Z info vsand[2107007] [opID=MainThread statsdaemon::UnsubscribeFromCMMDS] unsubscribe the CMMDS subscription for handler <statsdaemon.StatsDaemon object at 0x5677352320>
2025-09-12T12:42:48.642Z info vsand[2107007] [opID=MainThread statsdaemon::UnsubscribeFromCMMDS] unsubscribe the CMMDS subscription for handler <VsanHealthDaemon.CmmdsEntryDefaultHandler object at 0x568ca5f470>
2025-09-12T12:42:48.642Z info vsand[2107007] [opID=MainThread statsdaemon::UnsubscribeFromCMMDS] unsubscribe the CMMDS subscription for handler <VsanHealthDaemon.CmmdsEntryDefaultHandler object at 0x568ca5f518>
2025-09-12T12:42:48.642Z info vsand[2107007] [opID=MainThread statsdaemon::UnsubscribeFromCMMDS] unsubscribe the CMMDS subscription for handler <VsanHealthDaemon.CmmdsEntryDefaultHandler object at 0x568ca5f128>
2025-09-12T12:42:48.643Z info vsand[2107007] [opID=MainThread statsdaemon::UnsubscribeFromCMMDS] unsubscribe the CMMDS subscription for handler <VsanHealthDaemon.CmmdsEntryDefaultHandler object at 0x568ca5f390>
2025-09-12T12:42:48.643Z info vsand[2107007] [opID=MainThread statsdaemon::UnsubscribeFromCMMDS] unsubscribe the CMMDS subscription for handler <VsanHealthDaemon.CmmdsDiskHealthStatusHandler object at 0x568ca57898>
2025-09-12T12:42:49.645Z info vsand[2107007] [opID=MainThread VsanHealthDaemon::stop] vSAN health daemon thread has quit
2025-09-12T12:42:49.663Z warning vsand[2107051] [opID=Thread-5 VsanTaskTrackerImpl::_ThreadMain] Connection to hostd is down, need to reconnect
2025-09-12T12:42:49.664Z info vsand[2107007] [opID=MainThread VsanHealthUtil::LogoutLocalHostd] Done logout from local hostd.
2025-09-12T12:42:49.664Z info vsand[2107007] [opID=Dummy-15 VsanTaskTrackerImpl::StopTaskTracker] Stop task tracker
2025-09-12T14:50:34.284Z info vsand[2109076] [opID=MainThread VsanVmomiPatcher::PatchPyVmomi] Python 3.5.10 (default, Jul  1 2021, 03:54:37)  [GCC 4.6.3] on linux, optimize: 0
2025-09-12T14:50:34.449Z info vsand[2109076] [opID=MainThread VsanVmomiPatcher::PatchPyVmomi] Loaded bindings 'pyVmomi.ReflectTypes'
2025-09-12T14:50:34.450Z info vsand[2109076] [opID=MainThread VsanVmomiPatcher::PatchPyVmomi] Loaded bindings 'pyVmomi.ServerObjects'
2025-09-12T14:50:34.450Z info vsand[2109076] [opID=MainThread VsanVmomiPatcher::PatchPyVmomi] Loaded bindings 'pyVmomi.QueryTypes'
2025-09-12T14:50:34.450Z info vsand[2109076] [opID=MainThread VsanVmomiPatcher::PatchPyVmomi] Loaded bindings 'pyVmomi.PbmObjects'
2025-09-12T14:50:34.450Z info vsand[2109076] [opID=MainThread VsanVmomiPatcher::PatchPyVmomi] Loaded bindings 'pyVmomi.CoreTypes'
2025-09-12T14:50:34.450Z info vsand[2109076] [opID=MainThread VsanVmomiPatcher::PatchPyVmomi] Loaded bindings 'pyVmomi.VsanDpTypes'
2025-09-12T14:50:34.450Z info vsand[2109076] [opID=MainThread VsanVmomiPatcher::PatchPyVmomi] Supported top level names: {'vim', 'DataObject', 'pbm', 'ManagedObject', 'vmodl'}
2025-09-12T14:50:34.580Z info vsand[2109076] [opID=MainThread VsanVmomiPatcher::PatchPyVmomi] Patched VmomiSupport.LazyType
2025-09-12T14:50:34.580Z info vsand[2109076] [opID=MainThread VsanVmomiPatcher::PatchPyVmomi] Patched vmodl.LocalizedMethodFault
2025-09-12T14:50:34.580Z info vsand[2109076] [opID=MainThread VsanVmomiPatcher::PatchPyVmomi] Patched vmodl.MethodFault
2025-09-12T14:50:34.581Z info vsand[2109076] [opID=MainThread VsanVmomiPatcher::PatchPyVmomi] Patched vmodl.RuntimeFault
2025-09-12T14:50:34.581Z info vsand[2109076] [opID=MainThread VsanVmomiPatcher::PatchPyVmomi] Patched vmodl.DynamicData
2025-09-12T14:50:34.581Z info vsand[2109076] [opID=MainThread VsanVmomiPatcher::PatchPyVmomi] Patched VmomiSupport.DataObject
2025-09-12T14:50:34.581Z info vsand[2109076] [opID=MainThread VsanVmomiPatcher::PatchPyVmomi] pyvmomi is patched!
2025-09-12T14:50:34.586Z info vsand[2109076] [opID=MainThread VsanMgmtUtil::__init__] Initialized ObjectCache: 'ProfilerStatsCache', maxSize=10000, ttl=None
2025-09-12T14:50:35.011Z info vsand[2109076] [opID=MainThread statsdaemon::LoadAndRegisterManagedObjects] Loading VcsaDeployerSystem__ext_init__
2025-09-12T14:50:35.011Z info vsand[2109076] [opID=MainThread VcsaDeployerSystem__ext_init__::<module>] loading vcsaDeployer
2025-09-12T14:50:35.048Z info vsand[2109076] [opID=MainThread statsdaemon::LoadAndRegisterManagedObjects] Loading VsanCapabilitySystem__ext_init__
2025-09-12T14:50:35.052Z info vsand[2109076] [opID=MainThread statsdaemon::LoadAndRegisterManagedObjects] Loading VsanDebugSystem__ext_init__
2025-09-12T14:50:35.055Z info vsand[2109076] [opID=MainThread statsdaemon::LoadAndRegisterManagedObjects] Loading VsanDiskManagementSystem__ext_init__
2025-09-12T14:50:35.074Z info vsand[2109076] [opID=MainThread statsdaemon::LoadAndRegisterManagedObjects] Loading VsanHealth__ext_init__
2025-09-12T14:50:35.075Z info vsand[2109076] [opID=MainThread VsanPyVmomiProfiler::log] Profiler:
2025-09-12T14:50:35.075Z info vsand[2109076] [opID=MainThread VsanPyVmomiProfiler::logProfile]   Import VsanHealth sub modules: VsanHealthSystem: 0.00s, consumed: 1532KB (+0KB), consumedPeak: 68840KB (+0KB), effectiveMin: 102400KB (+0KB), effectiveMinPeak: 102400KB (+0KB), requestedMinPeak: 102400KB (+0KB)
2025-09-12T14:50:35.129Z info vsand[2109076] [opID=MainThread VsanHealthDaemon::run] Start VSAN Health Daemon Thread...
2025-09-12T14:50:35.130Z info vsand[2109076] [opID=MainThread VsanPyVmomiProfiler::log] Profiler:
2025-09-12T14:50:35.130Z info vsand[2109076] [opID=MainThread VsanPyVmomiProfiler::logProfile]   Import VsanHealth sub modules: VsanHealthSystemImpl: 0.05s, consumed: 1532KB (+0KB), consumedPeak: 68840KB (+0KB), effectiveMin: 102400KB (+0KB), effectiveMinPeak: 102400KB (+0KB), requestedMinPeak: 102400KB (+0KB)
2025-09-12T14:50:35.130Z info vsand[2109076] [opID=MainThread VsanPyVmomiProfiler::log] Profiler:
2025-09-12T14:50:35.130Z info vsand[2109076] [opID=MainThread VsanPyVmomiProfiler::logProfile]   Import VsanHealth sub modules: VsanClusterHealthSystem: 0.00s, consumed: 1532KB (+0KB), consumedPeak: 68840KB (+0KB), effectiveMin: 102400KB (+0KB), effectiveMinPeak: 102400KB (+0KB), requestedMinPeak: 102400KB (+0KB)
2025-09-12T14:50:35.131Z info vsand[2109076] [opID=MainThread VsanPyVmomiProfiler::log] Profiler:
2025-09-12T14:50:35.131Z info vsand[2109076] [opID=MainThread VsanPyVmomiProfiler::logProfile]   Import VsanHealth sub modules: VsanClusterHealthSystemImpl: 0.00s, consumed: 1532KB (+0KB), consumedPeak: 68840KB (+0KB), effectiveMin: 102400KB (+0KB), effectiveMinPeak: 102400KB (+0KB), requestedMinPeak: 102400KB (+0KB)
2025-09-12T14:50:35.132Z info vsand[2109076] [opID=MainThread VsanPyVmomiProfiler::log] Profiler:
2025-09-12T14:50:35.132Z info vsand[2109076] [opID=MainThread VsanPyVmomiProfiler::logProfile]   Import VsanHealth sub modules: VsanDataProtectionHostRecoverySystemImpl: 0.00s, consumed: 1532KB (+0KB), consumedPeak: 68840KB (+0KB), effectiveMin: 102400KB (+0KB), effectiveMinPeak: 102400KB (+0KB), requestedMinPeak: 102400KB (+0KB)
2025-09-12T14:50:35.159Z info vsand[2109076] [opID=MainThread VsanPyVmomiProfiler::log] Profiler:
2025-09-12T14:50:35.159Z info vsand[2109076] [opID=MainThread VsanPyVmomiProfiler::logProfile]   Import VsanHealth sub modules: VsanVcClusterHealthSystem: 0.03s, consumed: 1532KB (+0KB), consumedPeak: 68840KB (+0KB), effectiveMin: 102400KB (+0KB), effectiveMinPeak: 102400KB (+0KB), requestedMinPeak: 102400KB (+0KB)
2025-09-12T14:50:35.172Z info vsand[2109076] [opID=MainThread VsanPyVmomiProfiler::log] Profiler:
2025-09-12T14:50:35.172Z info vsand[2109076] [opID=MainThread VsanPyVmomiProfiler::logProfile]   Import VsanHealth sub modules: VsanVcClusterHealthSystemImpl: 0.01s, consumed: 1532KB (+0KB), consumedPeak: 68840KB (+0KB), effectiveMin: 102400KB (+0KB), effectiveMinPeak: 102400KB (+0KB), requestedMinPeak: 102400KB (+0KB)
2025-09-12T14:50:35.172Z info vsand[2109076] [opID=MainThread VsanPyVmomiProfiler::log] Profiler:
2025-09-12T14:50:35.173Z info vsand[2109076] [opID=MainThread VsanPyVmomiProfiler::logProfile]   Import VsanHealth sub modules: VsanSpaceReportSystem: 0.00s, consumed: 1532KB (+0KB), consumedPeak: 68840KB (+0KB), effectiveMin: 102400KB (+0KB), effectiveMinPeak: 102400KB (+0KB), requestedMinPeak: 102400KB (+0KB)
2025-09-12T14:50:35.174Z info vsand[2109076] [opID=MainThread VsanPyVmomiProfiler::log] Profiler:
2025-09-12T14:50:35.175Z info vsand[2109076] [opID=MainThread VsanPyVmomiProfiler::logProfile]   Import VsanHealth sub modules: VsanDataProtectionSpaceSystem: 0.00s, consumed: 1532KB (+0KB), consumedPeak: 68840KB (+0KB), effectiveMin: 102400KB (+0KB), effectiveMinPeak: 102400KB (+0KB), requestedMinPeak: 102400KB (+0KB)
2025-09-12T14:50:35.281Z info vsand[2109076] [opID=MainThread VsanPyVmomiProfiler::log] Profiler:
2025-09-12T14:50:35.281Z info vsand[2109076] [opID=MainThread VsanPyVmomiProfiler::logProfile]   Import VsanHealth sub modules: VsanDataProtectionSpaceSystemImpl: 0.11s, consumed: 53140KB (+51608KB), consumedPeak: 68840KB (+0KB), effectiveMin: 102400KB (+0KB), effectiveMinPeak: 102400KB (+0KB), requestedMinPeak: 102400KB (+0KB)
2025-09-12T14:50:35.286Z info vsand[2109076] [opID=MainThread VsanPyVmomiProfiler::log] Profiler:
2025-09-12T14:50:35.286Z info vsand[2109076] [opID=MainThread VsanPyVmomiProfiler::logProfile]   Import VsanHealth sub modules: VsanVdsSystem: 0.01s, consumed: 53140KB (+0KB), consumedPeak: 68840KB (+0KB), effectiveMin: 102400KB (+0KB), effectiveMinPeak: 102400KB (+0KB), requestedMinPeak: 102400KB (+0KB)
2025-09-12T14:50:35.288Z info vsand[2109076] [opID=MainThread VsanPyVmomiProfiler::log] Profiler:
2025-09-12T14:50:35.288Z info vsand[2109076] [opID=MainThread VsanPyVmomiProfiler::logProfile]   Import VsanHealth sub modules: VsanVdsSystemImpl: 0.00s, consumed: 53140KB (+0KB), consumedPeak: 68840KB (+0KB), effectiveMin: 102400KB (+0KB), effectiveMinPeak: 102400KB (+0KB), requestedMinPeak: 102400KB (+0KB)
2025-09-12T14:50:35.293Z info vsand[2109076] [opID=MainThread VsanPyVmomiProfiler::log] Profiler:
2025-09-12T14:50:35.293Z info vsand[2109076] [opID=MainThread VsanPyVmomiProfiler::logProfile]   Import VsanHealth sub modules: VsanHostSystemProxyImpl: 0.00s, consumed: 53140KB (+0KB), consumedPeak: 68840KB (+0KB), effectiveMin: 102400KB (+0KB), effectiveMinPeak: 102400KB (+0KB), requestedMinPeak: 102400KB (+0KB)
2025-09-12T14:50:35.295Z info vsand[2109076] [opID=MainThread VsanPyVmomiProfiler::log] Profiler:
2025-09-12T14:50:35.296Z info vsand[2109076] [opID=MainThread VsanPyVmomiProfiler::logProfile]   Import VsanHealth sub modules: VsanVcPerformanceManagerImpl: 0.00s, consumed: 53140KB (+0KB), consumedPeak: 68840KB (+0KB), effectiveMin: 102400KB (+0KB), effectiveMinPeak: 102400KB (+0KB), requestedMinPeak: 102400KB (+0KB)
2025-09-12T14:50:35.296Z info vsand[2109076] [opID=MainThread VsanPyVmomiProfiler::log] Profiler:
2025-09-12T14:50:35.296Z info vsand[2109076] [opID=MainThread VsanPyVmomiProfiler::logProfile]   Import VsanHealth sub modules: VsanCommonTypes: 0.00s, consumed: 53140KB (+0KB), consumedPeak: 68840KB (+0KB), effectiveMin: 102400KB (+0KB), effectiveMinPeak: 102400KB (+0KB), requestedMinPeak: 102400KB (+0KB)
2025-09-12T14:50:35.304Z info vsand[2109076] [opID=MainThread VsanPyVmomiProfiler::log] Profiler:
2025-09-12T14:50:35.304Z info vsand[2109076] [opID=MainThread VsanPyVmomiProfiler::logProfile]   Import VsanHealth sub modules: VsanVcDiskFormatConverter: 0.01s, consumed: 53140KB (+0KB), consumedPeak: 68840KB (+0KB), effectiveMin: 102400KB (+0KB), effectiveMinPeak: 102400KB (+0KB), requestedMinPeak: 102400KB (+0KB)
2025-09-12T14:50:35.317Z info vsand[2109076] [opID=MainThread VsanPyVmomiProfiler::log] Profiler:
2025-09-12T14:50:35.317Z info vsand[2109076] [opID=MainThread VsanPyVmomiProfiler::logProfile]   Import VsanHealth sub modules: VsanVcDiskFormatConverterImpl: 0.01s, consumed: 53140KB (+0KB), consumedPeak: 68840KB (+0KB), effectiveMin: 102400KB (+0KB), effectiveMinPeak: 102400KB (+0KB), requestedMinPeak: 102400KB (+0KB)
2025-09-12T14:50:35.323Z info vsand[2109076] [opID=MainThread VsanPyVmomiProfiler::log] Profiler:
2025-09-12T14:50:35.324Z info vsand[2109076] [opID=MainThread VsanPyVmomiProfiler::logProfile]   Import VsanHealth sub modules: VsanMassCollector: 0.01s, consumed: 53140KB (+0KB), consumedPeak: 68840KB (+0KB), effectiveMin: 102400KB (+0KB), effectiveMinPeak: 102400KB (+0KB), requestedMinPeak: 102400KB (+0KB)
2025-09-12T14:50:35.326Z info vsand[2109076] [opID=MainThread VsanMgmtUtil::__init__] Initialized ObjectCache: 'ph_obfuscationLookupTable', maxSize=10000, ttl=None
2025-09-12T14:50:35.326Z info vsand[2109076] [opID=MainThread VsanMgmtUtil::__init__] Initialized ObjectCache: 'ph_database', maxSize=10000, ttl=None
2025-09-12T14:50:35.326Z info vsand[2109076] [opID=MainThread VsanMgmtUtil::__init__] Initialized ObjectCache: 'ph_exception_database', maxSize=10000, ttl=None
2025-09-12T14:50:35.332Z error vsand[2109076] [opID=MainThread VsanConfigUtil::isFeatureEnabledOnHost] Failed to get value for /config/VSAN/intOpts/CloudHealth Traceback (most recent call last):   File "/build/mts/release/bora-19184740/bora/build/vsan/release/vsanhealth/usr/lib/vmware/vsan/perfsvc/VsanConfigUtil.py", line 549, in isFeatureEnabledOnHost Exception: Not found
2025-09-12T14:50:35.334Z info vsand[2109076] [opID=MainThread VsanPyVmomiProfiler::log] Profiler:
2025-09-12T14:50:35.334Z info vsand[2109076] [opID=MainThread VsanPyVmomiProfiler::logProfile]   Import VsanHealth sub modules: VsanMassCollectorImpl: 0.01s, consumed: 53140KB (+0KB), consumedPeak: 68840KB (+0KB), effectiveMin: 102400KB (+0KB), effectiveMinPeak: 102400KB (+0KB), requestedMinPeak: 102400KB (+0KB)
2025-09-12T14:50:35.335Z info vsand[2109076] [opID=MainThread VsanPyVmomiProfiler::log] Profiler:
2025-09-12T14:50:35.335Z info vsand[2109076] [opID=MainThread VsanPyVmomiProfiler::logProfile]   Import VsanHealth sub modules: ServiceInstanceImpl: 0.00s, consumed: 53140KB (+0KB), consumedPeak: 68840KB (+0KB), effectiveMin: 102400KB (+0KB), effectiveMinPeak: 102400KB (+0KB), requestedMinPeak: 102400KB (+0KB)
2025-09-12T14:50:35.335Z info vsand[2109076] [opID=MainThread statsdaemon::LoadAndRegisterManagedObjects] Loading VsanIscsiTargetSystem__ext_init__
2025-09-12T14:50:35.400Z info vsand[2109076] [opID=MainThread statsdaemon::LoadAndRegisterManagedObjects] Loading VsanObjectSystem__ext_init__
2025-09-12T14:50:35.405Z info vsand[2109076] [opID=MainThread statsdaemon::LoadAndRegisterManagedObjects] Loading VsanPhoneHomeHostSystem__ext_init__
2025-09-12T14:50:35.409Z info vsand[2109076] [opID=MainThread statsdaemon::LoadAndRegisterManagedObjects] Loading VsanPrecheckerSystem__ext_init__
2025-09-12T14:50:35.415Z info vsand[2109076] [opID=MainThread statsdaemon::LoadAndRegisterManagedObjects] Loading VsanResourceCheckSystem__ext_init__
2025-09-12T14:50:35.422Z info vsand[2109076] [opID=MainThread statsdaemon::LoadAndRegisterManagedObjects] Loading VsanStretchedCluster__ext_init__
2025-09-12T14:50:35.428Z info vsand[2109076] [opID=MainThread statsdaemon::LoadAndRegisterManagedObjects] Loading VsanSystem__ext_init__
2025-09-12T14:50:35.430Z info vsand[2109120] [opID=Thread-5 VsanTaskTrackerImpl::_Reinit] Start connecting to hostd
2025-09-12T14:50:35.433Z info vsand[2109076] [opID=MainThread statsdaemon::LoadAndRegisterManagedObjects] Loading VsanVcDiskManagementSystem__ext_init__
2025-09-12T14:50:35.438Z info vsand[2109076] [opID=MainThread statsdaemon::LoadAndRegisterManagedObjects] Loading VsanVcIscsiTargetSystem__ext_init__
2025-09-12T14:50:35.442Z info vsand[2109076] [opID=MainThread statsdaemon::LoadAndRegisterManagedObjects] Loaded vSAN managed objects: 22 ({('vsan-performance-manager', None): 'VsanPerformanceManagerImpl:vsan-performance-manager', ('ha-cli-info-python', None): 'CLIInfoImpl:ha-cli-info-python', ('vsan-vcsa-deployer-system', None): 'VsanVcsaDeployerSystemImpl:vsan-vcsa-deployer-system', ('ha-vsan-health-system', None): 'VsanHealthSystemImpl:ha-vsan-health-system', ('vsan-object-system', None): 'VsanObjectSystemImpl:vsan-object-system', ('ha-phonehome-host-system', None): 'VsanPhoneHomeHostSystemImpl:ha-phonehome-host-system', ('vsan-iscsi-target-system', None): 'VsanIscsiTargetSystemImpl:vsan-iscsi-target-system', ('ha-vsan-async-system', None): 'VsanAsyncSystemImpl:ha-vsan-async-system', ('ha-vsan-cluster-health-system', None): 'VsanClusterHealthSystemImpl:ha-vsan-cluster-health
-system', ('vsan-capability-system', None): 'VsanCapabilitySystemImpl:vsan-capability-system', ('vsanSystemEx', None): 'VsanSystemExImpl:vsanSystemEx', ('ha-vsan-disk-management-system', None): 'VsanDiskManagementSystemImpl:ha-vsan-disk-management-system', ('ha-vsan-dp-space-system', None): 'VsanDataProtectionSpaceSystemImpl:ha-vsan-dp-space-system', ('ha-dynamic-type-manager-python', None): 'DynamicTypeManager:ha-dynamic-type-manager-python', ('ha-vsan-stretched-cluster-system', None): 'VsanStretchedClusterSystem:ha-vsan-stretched-cluster-system', ('ha-vsan-task-tracker', None): 'VsanTaskTrackerImpl:ha-vsan-task-tracker', ('ha-vsan-prechecker-system', None): 'VsanPrecheckerSystemImpl:ha-vsan-prechecker-system', ('vsanSystem', None): 'VsanSystemImpl:vsanSystem', ('vsan-internal-statsprovider', None): 'VsanInternalStatsProviderImpl:vsan-internal-statsprovider', ('ServiceInstance', None): 'Servic
eInstanceImpl:ServiceInstance', ('vsanDebugSystem', None): 'VsanDebugSystemImpl:vsanDebugSystem', ('ha-vsan-internal-system', None): 'VsanInternalSystem:ha-vsan-internal-system'})
2025-09-12T14:50:35.443Z info vsand[2109076] [opID=MainThread VsanPyVmomiProfiler::log] Profiler:
2025-09-12T14:50:35.443Z info vsand[2109076] [opID=MainThread VsanPyVmomiProfiler::logProfile]   LoadAndRegisterManagedObjects: 0.45s, consumed: 53140KB (+51608KB), consumedPeak: 68840KB (+0KB), effectiveMin: 102400KB (+0KB), effectiveMinPeak: 102400KB (+0KB), requestedMinPeak: 102400KB (+0KB)
2025-09-12T14:50:35.443Z info vsand[2109076] [opID=MainThread VsanPyVmomiProfiler::logProfile]   __import__VcsaDeployerSystem__ext_init__: 0.04s, consumed: 1532KB (+0KB), consumedPeak: 68840KB (+0KB), effectiveMin: 102400KB (+0KB), effectiveMinPeak: 102400KB (+0KB), requestedMinPeak: 102400KB (+0KB)
2025-09-12T14:50:35.443Z info vsand[2109076] [opID=MainThread VsanPyVmomiProfiler::logProfile]   __import__VsanCapabilitySystem__ext_init__: 0.00s, consumed: 1532KB (+0KB), consumedPeak: 68840KB (+0KB), effectiveMin: 102400KB (+0KB), effectiveMinPeak: 102400KB (+0KB), requestedMinPeak: 102400KB (+0KB)
2025-09-12T14:50:35.444Z info vsand[2109076] [opID=MainThread VsanPyVmomiProfiler::logProfile]   __import__VsanDebugSystem__ext_init__: 0.00s, consumed: 1532KB (+0KB), consumedPeak: 68840KB (+0KB), effectiveMin: 102400KB (+0KB), effectiveMinPeak: 102400KB (+0KB), requestedMinPeak: 102400KB (+0KB)
2025-09-12T14:50:35.444Z info vsand[2109076] [opID=MainThread VsanPyVmomiProfiler::logProfile]   __import__VsanDiskManagementSystem__ext_init__: 0.02s, consumed: 1532KB (+0KB), consumedPeak: 68840KB (+0KB), effectiveMin: 102400KB (+0KB), effectiveMinPeak: 102400KB (+0KB), requestedMinPeak: 102400KB (+0KB)
2025-09-12T14:50:35.444Z info vsand[2109076] [opID=MainThread VsanPyVmomiProfiler::logProfile]   __import__VsanHealth__ext_init__: 0.26s, consumed: 53140KB (+51608KB), consumedPeak: 68840KB (+0KB), effectiveMin: 102400KB (+0KB), effectiveMinPeak: 102400KB (+0KB), requestedMinPeak: 102400KB (+0KB)
2025-09-12T14:50:35.444Z info vsand[2109076] [opID=MainThread VsanPyVmomiProfiler::logProfile]   __import__VsanIscsiTargetSystem__ext_init__: 0.06s, consumed: 53140KB (+0KB), consumedPeak: 68840KB (+0KB), effectiveMin: 102400KB (+0KB), effectiveMinPeak: 102400KB (+0KB), requestedMinPeak: 102400KB (+0KB)
2025-09-12T14:50:35.445Z info vsand[2109076] [opID=MainThread VsanPyVmomiProfiler::logProfile]   __import__VsanObjectSystem__ext_init__: 0.00s, consumed: 53140KB (+0KB), consumedPeak: 68840KB (+0KB), effectiveMin: 102400KB (+0KB), effectiveMinPeak: 102400KB (+0KB), requestedMinPeak: 102400KB (+0KB)
2025-09-12T14:50:35.445Z info vsand[2109076] [opID=MainThread VsanPyVmomiProfiler::logProfile]   __import__VsanPhoneHomeHostSystem__ext_init__: 0.00s, consumed: 53140KB (+0KB), consumedPeak: 68840KB (+0KB), effectiveMin: 102400KB (+0KB), effectiveMinPeak: 102400KB (+0KB), requestedMinPeak: 102400KB (+0KB)
2025-09-12T14:50:35.445Z info vsand[2109076] [opID=MainThread VsanPyVmomiProfiler::logProfile]   __import__VsanPrecheckerSystem__ext_init__: 0.00s, consumed: 53140KB (+0KB), consumedPeak: 68840KB (+0KB), effectiveMin: 102400KB (+0KB), effectiveMinPeak: 102400KB (+0KB), requestedMinPeak: 102400KB (+0KB)
2025-09-12T14:50:35.445Z info vsand[2109076] [opID=MainThread VsanPyVmomiProfiler::logProfile]   __import__VsanResourceCheckSystem__ext_init__: 0.01s, consumed: 53140KB (+0KB), consumedPeak: 68840KB (+0KB), effectiveMin: 102400KB (+0KB), effectiveMinPeak: 102400KB (+0KB), requestedMinPeak: 102400KB (+0KB)
2025-09-12T14:50:35.445Z info vsand[2109076] [opID=MainThread VsanPyVmomiProfiler::logProfile]   __import__VsanStretchedCluster__ext_init__: 0.01s, consumed: 53140KB (+0KB), consumedPeak: 68840KB (+0KB), effectiveMin: 102400KB (+0KB), effectiveMinPeak: 102400KB (+0KB), requestedMinPeak: 102400KB (+0KB)
2025-09-12T14:50:35.446Z info vsand[2109076] [opID=MainThread VsanPyVmomiProfiler::logProfile]   __import__VsanSystem__ext_init__: 0.01s, consumed: 53140KB (+0KB), consumedPeak: 68840KB (+0KB), effectiveMin: 102400KB (+0KB), effectiveMinPeak: 102400KB (+0KB), requestedMinPeak: 102400KB (+0KB)
2025-09-12T14:50:35.446Z info vsand[2109076] [opID=MainThread VsanPyVmomiProfiler::logProfile]   __import__VsanVcDiskManagementSystem__ext_init__: 0.00s, consumed: 53140KB (+0KB), consumedPeak: 68840KB (+0KB), effectiveMin: 102400KB (+0KB), effectiveMinPeak: 102400KB (+0KB), requestedMinPeak: 102400KB (+0KB)
2025-09-12T14:50:35.446Z info vsand[2109076] [opID=MainThread VsanPyVmomiProfiler::logProfile]   __import__VsanVcIscsiTargetSystem__ext_init__: 0.00s, consumed: 53140KB (+0KB), consumedPeak: 68840KB (+0KB), effectiveMin: 102400KB (+0KB), effectiveMinPeak: 102400KB (+0KB), requestedMinPeak: 102400KB (+0KB)
2025-09-12T14:50:35.446Z info vsand[2109076] [opID=MainThread VsanPyVmomiProfiler::logProfile]   scanExtInitFiles: 0.01s, consumed: 1532KB (+0KB), consumedPeak: 68840KB (+0KB), effectiveMin: 102400KB (+0KB), effectiveMinPeak: 102400KB (+0KB), requestedMinPeak: 102400KB (+0KB)
2025-09-12T14:50:35.447Z info vsand[2109076] [opID=MainThread VsanPyVmomiProfiler::logProfile]   vsanPerfMgr: 0.01s, consumed: 1532KB (+0KB), consumedPeak: 68840KB (+0KB), effectiveMin: 102400KB (+0KB), effectiveMinPeak: 102400KB (+0KB), requestedMinPeak: 102400KB (+0KB)
2025-09-12T14:50:35.447Z info vsand[2109076] [opID=MainThread VsanPyVmomiProfiler::logProfile]   vsanPerfPyMo: 0.00s, consumed: 1532KB (+0KB), consumedPeak: 68840KB (+0KB), effectiveMin: 102400KB (+0KB), effectiveMinPeak: 102400KB (+0KB), requestedMinPeak: 102400KB (+0KB)
2025-09-12T14:50:35.447Z info vsand[2109076] [opID=MainThread VsanVmomiPatcher::PatchMoManager] MoManager is patched!
2025-09-12T14:50:35.505Z info vsand[2109120] [opID=Thread-5 VsanHealthUtil::LoginLocalHostd] Done login/relogin to local hostd.
2025-09-12T14:50:35.532Z info vsand[2109120] [opID=Thread-5 VsanTaskTrackerImpl::_Reinit] Done connecting to hostd
2025-09-12T14:50:35.537Z info vsand[2109076] [opID=MainThread statsdaemon::run] Connected to hostd, VMware ESXi 6.7.0 build-19195723
2025-09-12T14:50:35.611Z info vsand[2109076] [opID=MainThread VsanHealthUtil::importEsxcliTypes] Begin to import esxcli types
2025-09-12T14:50:35.989Z info vsand[2109076] [opID=MainThread statsdaemon::run] import network type successfully
2025-09-12T14:50:35.990Z error vsand[2109076] [opID=MainThread cliutils::SubscribeToCMMDS] uninstalling subscription Traceback (most recent call last):   File "/build/mts/release/bora-19184740/bora/build/vsan/release/vsanhealth/usr/lib/vmware/vsan/perfsvc/cliutils.py", line 333, in SubscribeToCMMDS RuntimeError: Operation not allowed because the VMKernel is shutting down
2025-09-12T14:50:35.990Z error vsand[2109076] [opID=MainThread cliutils::GetVSANClusterInfo] Failed to query cluster info: Operation not allowed because the VMKernel is shutting down
2025-09-12T14:50:35.991Z info vsand[2109076] [opID=MainThread statsdaemon::_logDaemonMemoryStats] Daemon memory stats: eMin=102.400MB, eMinPeak=102.400MB, rMinPeak=102.400MB
2025-09-12T14:50:35.991Z info vsand[2109076] [opID=MainThread statsdaemon::_logDaemonMemoryStats]   'python.2109076' memory stats: eMin=78.808MB, eMinPeak=78.808MB, rMinPeak=78.808MB
2025-09-12T14:50:37.132Z info vsand[2109114] [opID=Thread-2 VsanHealthDaemon::_subscribeCmmds] Subscribe CMMDS entry change listener
2025-09-12T14:50:37.132Z error vsand[2109114] [opID=Thread-2 cliutils::SubscribeToCMMDS] uninstalling subscription Traceback (most recent call last):   File "/build/mts/release/bora-19184740/bora/build/vsan/release/vsanhealth/usr/lib/vmware/vsan/perfsvc/cliutils.py", line 333, in SubscribeToCMMDS RuntimeError: Operation not allowed because the VMKernel is shutting down
2025-09-12T14:50:37.133Z error vsand[2109114] [opID=Thread-2 cliutils::SubscribeToCMMDS] uninstalling subscription Traceback (most recent call last):   File "/build/mts/release/bora-19184740/bora/build/vsan/release/vsanhealth/usr/lib/vmware/vsan/perfsvc/cliutils.py", line 333, in SubscribeToCMMDS RuntimeError: Operation not allowed because the VMKernel is shutting down
2025-09-12T14:50:37.133Z error vsand[2109114] [opID=Thread-2 cliutils::SubscribeToCMMDS] uninstalling subscription Traceback (most recent call last):   File "/build/mts/release/bora-19184740/bora/build/vsan/release/vsanhealth/usr/lib/vmware/vsan/perfsvc/cliutils.py", line 333, in SubscribeToCMMDS RuntimeError: Operation not allowed because the VMKernel is shutting down
2025-09-12T14:50:37.133Z error vsand[2109114] [opID=Thread-2 cliutils::SubscribeToCMMDS] uninstalling subscription Traceback (most recent call last):   File "/build/mts/release/bora-19184740/bora/build/vsan/release/vsanhealth/usr/lib/vmware/vsan/perfsvc/cliutils.py", line 333, in SubscribeToCMMDS RuntimeError: Operation not allowed because the VMKernel is shutting down
2025-09-12T14:50:37.134Z error vsand[2109114] [opID=Thread-2 cliutils::SubscribeToCMMDS] uninstalling subscription Traceback (most recent call last):   File "/build/mts/release/bora-19184740/bora/build/vsan/release/vsanhealth/usr/lib/vmware/vsan/perfsvc/cliutils.py", line 333, in SubscribeToCMMDS RuntimeError: Operation not allowed because the VMKernel is shutting down
2025-09-12T14:50:37.134Z info vsand[2109114] [opID=Thread-2 VsanHealthDaemon::doVsanHealthCheck] Skip VSAN health check due to the VSAN is disabled
2025-09-12T14:50:37.216Z info vsand[2109106] [opID=e850036a VsanCapabilitySystemImpl::_GetConfigOptionValue] _GetConfigOptionValue value 1 for Encryption
2025-09-12T14:50:37.216Z info vsand[2109106] [opID=e850036a VsanCapabilitySystemImpl::_GetConfigOptionValue] _GetConfigOptionValue value 1 for DecomWhatIf
2025-09-12T14:50:37.216Z info vsand[2109106] [opID=e850036a VsanCapabilitySystemImpl::_GetConfigOptionValue] _GetConfigOptionValue value 1 for ThrottleResync
2025-09-12T14:50:37.217Z info vsand[2109106] [opID=e850036a VsanCapabilitySystemImpl::_GetConfigOptionValue] _GetConfigOptionValue value 1 for UnicastMode
2025-09-12T14:50:37.217Z info vsand[2109106] [opID=e850036a VsanCapabilitySystemImpl::_GetConfigOptionValue] _GetConfigOptionValue value 1 for Device4KSupport
2025-09-12T14:50:37.217Z info vsand[2109106] [opID=e850036a VsanCapabilitySystemImpl::_GetConfigOptionValue] _GetConfigOptionValue value 1 for NestedFD
2025-09-12T14:50:37.217Z info vsand[2109106] [opID=e850036a VsanCapabilitySystemImpl::_GetConfigOptionValue] _GetConfigOptionValue value 0 for CompliancePrecheck
2025-09-12T14:50:37.218Z info vsand[2109106] [opID=e850036a VsanCapabilitySystemImpl::_GetConfigOptionValue] _GetConfigOptionValue value 1 for VumIntegration
2025-09-12T14:50:37.218Z info vsand[2109106] [opID=e850036a VsanCapabilitySystemImpl::_GetConfigOptionValue] _GetConfigOptionValue value 1 for FirmwareUpdate
2025-09-12T14:50:37.218Z error vsand[2109106] [opID=e850036a VsanCapabilitySystemImpl::_GetConfigOptionValue] Unable to get value for FullStackFw due to: Not found
2025-09-12T14:50:37.218Z info vsand[2109106] [opID=e850036a VsanCapabilitySystemImpl::_GetConfigOptionValue] _GetConfigOptionValue value 1 for ConfigAssist
2025-09-12T14:50:37.218Z error vsand[2109106] [opID=e850036a VsanCapabilitySystemImpl::_GetConfigOptionValue] Unable to get value for Fcd due to: Not found
2025-09-12T14:50:37.219Z info vsand[2109106] [opID=e850036a VsanCapabilitySystemImpl::_GetConfigOptionValue] _GetConfigOptionValue value 0 for GenericNestedFD
2025-09-12T14:50:37.219Z info vsand[2109106] [opID=e850036a VsanCapabilitySystemImpl::_GetConfigOptionValue] _GetConfigOptionValue value 1 for HostAffinity
2025-09-12T14:50:37.219Z info vsand[2109106] [opID=e850036a VsanCapabilitySystemImpl::_GetConfigOptionValue] _GetConfigOptionValue value 1 for PolicyAssociation
2025-09-12T14:50:37.219Z info vsand[2109106] [opID=e850036a VsanCapabilitySystemImpl::_GetConfigOptionValue] _GetConfigOptionValue value 0 for VSAN_RDMA
2025-09-12T14:50:37.220Z info vsand[2109106] [opID=e850036a VsanCapabilitySystemImpl::_GetConfigOptionValue] _GetConfigOptionValue value 1 for ClomBgProRebalanceSwitch
2025-09-12T14:50:37.220Z info vsand[2109106] [opID=e850036a VsanCapabilitySystemImpl::_GetConfigOptionValue] _GetConfigOptionValue value 1 for ResourcePrecheck
2025-09-12T14:50:37.220Z info vsand[2109106] [opID=e850036a VsanCapabilitySystemImpl::_GetConfigOptionValue] _GetConfigOptionValue value 1 for EnableUpgradeAudit
2025-09-12T14:50:37.220Z info vsand[2109106] [opID=e850036a VsanCapabilitySystemImpl::_GetConfigOptionValue] _GetConfigOptionValue value 1 for ResyncEtaImprovement
2025-09-12T14:50:37.220Z info vsand[2109106] [opID=e850036a VsanCapabilitySystemImpl::_GetConfigOptionValue] _GetConfigOptionValue value 1 for VitOnlineResize
2025-09-12T14:50:37.220Z info vsand[2109106] [opID=e850036a VsanCapabilitySystemImpl::_GetConfigOptionValue] _GetConfigOptionValue value 0 for LargeCapacityDrive
2025-09-12T14:50:37.221Z info vsand[2109106] [opID=e850036a VsanCapabilitySystemImpl::GetCapabilities] Capabilities: ['unicastmode', 'upgrade', 'allflash', 'masspropertycollector', 'nestedfd', 'dataefficiency', 'purgeinaccessiblevmswapobjects', 'decomwhatif', 'vitonlineresize', 'enhancedresyncapi', 'throttleresync', 'vumintegration', 'firmwareupdate', 'diagnosticmode', 'hostaffinity', 'historicalcapacity', 'device4ksupport', 'resyncetaimprovement', 'repairtimerinresyncstats', 'iscsitargets', 'objectidentities', 'clusterconfig', 'cloudhealth', 'configassist', 'automaticrebalance', 'netperftest', 'fileservices', 'upgraderesourceprecheck', 'capability', 'healthcheck2018q2', 'stretchedcluster', 'policyassociation', 'resourceprecheck', 'encryption']
2025-09-12T14:50:37.289Z info vsand[2109107] [opID=0ef19551-036d VsanVcObjectHelper::wrapper] Ready to get single executor result for the key ['_QueryVerifyNetworkSettings', 'ha-vsan-health-system', '', '', '', 'False'] in timeout 600
2025-09-12T14:50:37.289Z info vsand[2109107] [opID=0ef19551-036d VsanVcObjectHelper::wrapper] Ready to call original function for execution
2025-09-12T14:50:37.289Z info vsand[2109107] [opID=0ef19551-036d VsanHealthSystemImpl::_QueryVerifyNetworkSettings] Query network settings: (str) []:(str) []
2025-09-12T14:50:37.299Z info vsand[2109107] [opID=0ef19551-036d VsanPyVmomiProfiler::logProfile]   invoke-method:ha-cli-handler-vsan-network:List: 0.01s, consumed: 66592KB (+0KB), consumedPeak: 68840KB (+0KB), effectiveMin: 102400KB (+0KB), effectiveMinPeak: 102400KB (+0KB), requestedMinPeak: 102400KB (+0KB)
2025-09-12T14:50:37.305Z info vsand[2109107] [opID=0ef19551-036d VsanPyVmomiProfiler::logProfile]   invoke-method:ha-cli-handler-network-ip-interface:List: 0.00s, consumed: 66592KB (+0KB), consumedPeak: 68840KB (+0KB), effectiveMin: 102400KB (+0KB), effectiveMinPeak: 102400KB (+0KB), requestedMinPeak: 102400KB (+0KB)
2025-09-12T14:50:37.309Z info vsand[2109107] [opID=0ef19551-036d VsanPyVmomiProfiler::logProfile]   invoke-method:ha-cli-handler-network-ip-interface-ipv6-address:List: 0.00s, consumed: 66592KB (+0KB), consumedPeak: 68840KB (+0KB), effectiveMin: 102400KB (+0KB), effectiveMinPeak: 102400KB (+0KB), requestedMinPeak: 102400KB (+0KB)
2025-09-12T14:50:37.314Z info vsand[2109107] [opID=0ef19551-036d VsanPyVmomiProfiler::logProfile]   invoke-method:ha-cli-handler-network-ip-interface-ipv4:Get: 0.00s, consumed: 66592KB (+0KB), consumedPeak: 68840KB (+0KB), effectiveMin: 102400KB (+0KB), effectiveMinPeak: 102400KB (+0KB), requestedMinPeak: 102400KB (+0KB)
2025-09-12T14:50:37.318Z info vsand[2109107] [opID=0ef19551-036d VsanPyVmomiProfiler::logProfile]   invoke-method:ha-cli-handler-network-ip-route-ipv4:List: 0.00s, consumed: 66592KB (+0KB), consumedPeak: 68840KB (+0KB), effectiveMin: 102400KB (+0KB), effectiveMinPeak: 102400KB (+0KB), requestedMinPeak: 102400KB (+0KB)
2025-09-12T14:50:37.322Z info vsand[2109107] [opID=0ef19551-036d VsanPyVmomiProfiler::logProfile]   invoke-method:ha-cli-handler-network-ip-route-ipv6:List: 0.00s, consumed: 66592KB (+0KB), consumedPeak: 68840KB (+0KB), effectiveMin: 102400KB (+0KB), effectiveMinPeak: 102400KB (+0KB), requestedMinPeak: 102400KB (+0KB)
2025-09-12T14:50:37.323Z info vsand[2109107] [opID=0ef19551-036d VsanVcObjectHelper::wrapper] Finish execute _QueryVerifyNetworkSettings
2025-09-12T14:50:37.323Z info vsand[2109107] [opID=0ef19551-036d VsanVcObjectHelper::AddCallResultAndNotify] delete the single concurrent execution key
2025-09-12T14:50:37.323Z info vsand[2109107] [opID=0ef19551-036d VsanPyVmomiProfiler::log] Profiler:
2025-09-12T14:50:37.324Z info vsand[2109107] [opID=0ef19551-036d VsanPyVmomiProfiler::logProfile]   GetVsanVmknicConfigFromEsxCLI: 0.03s, consumed: 66592KB (+0KB), consumedPeak: 68840KB (+0KB), effectiveMin: 102400KB (+0KB), effectiveMinPeak: 102400KB (+0KB), requestedMinPeak: 102400KB (+0KB)
2025-09-12T14:50:37.324Z info vsand[2109107] [opID=0ef19551-036d VsanPyVmomiProfiler::logProfile]   impl._QueryVerifyNetworkSettings: 0.04s, consumed: 66592KB (+0KB), consumedPeak: 68840KB (+0KB), effectiveMin: 102400KB (+0KB), effectiveMinPeak: 102400KB (+0KB), requestedMinPeak: 102400KB (+0KB)
2025-09-12T14:50:37.342Z error vsand[2109106] [opID=0ef19551-036e cliutils::GetVSANClusterInfo] Failed to query cluster info: Operation not allowed because the VMKernel is shutting down
2025-09-12T14:50:37.363Z error vsand[2109106] [opID=0ef19551-036e VsanHealthSystemImpl::CheckHostDaemonHealth] Failed to check status of epd Traceback (most recent call last):   File "/build/mts/release/bora-19184740/bora/build/vsan/release/vsanhealth/usr/lib/vmware/vsan/perfsvc/VsanHealthSystemImpl.py", line 3447, in CheckHostDaemonHealth   File "/build/mts/release/bora-19184740/bora/build/vsan/release/vsanhealth/usr/lib/vmware/vsan/perfsvc/VsanHealthHelpers.py", line 1221, in IsWitnessNode KeyError: 'Local Node UUID'
2025-09-12T14:50:37.387Z error vsand[2109106] [opID=0ef19551-036e VsanHealthSystemImpl::CheckHostDaemonHealth] Service cmmdsd is not running: ret: 3, err:
2025-09-12T14:50:37.405Z info vsand[2109096] [opID=0ef19551-036f VsanSystemImpl::_ConfigInfoPrintLog] configInfo: enabled=False, hostSystem='vim.HostSystem:ha-host'
2025-09-12T14:50:37.405Z info vsand[2109096] [opID=0ef19551-036f VsanSystemImpl::_ConfigInfoPrintLog]    clusterInfo: uuid=, nodeUuid=
2025-09-12T14:50:37.405Z info vsand[2109096] [opID=0ef19551-036f VsanSystemImpl::_ConfigInfoPrintLog]    storageInfo: autoClaimStorage=False, checksumEnabled=None
2025-09-12T14:50:37.405Z info vsand[2109096] [opID=0ef19551-036f VsanSystemImpl::_ConfigInfoPrintLog]       diskMapping[]:
2025-09-12T14:50:37.406Z info vsand[2109096] [opID=0ef19551-036f VsanSystemImpl::_ConfigInfoPrintLog]       diskMapInfo[]:
2025-09-12T14:50:37.406Z info vsand[2109096] [opID=0ef19551-036f VsanSystemImpl::_ConfigInfoPrintLog]    networkInfo:
2025-09-12T14:50:37.406Z info vsand[2109096] [opID=0ef19551-036f VsanSystemImpl::_ConfigInfoPrintLog]       port[]:
2025-09-12T14:50:37.406Z info vsand[2109096] [opID=0ef19551-036f VsanSystemImpl::_ConfigInfoPrintLog]    faultDomainInfo: name=
2025-09-12T14:50:37.406Z info vsand[2109096] [opID=0ef19551-036f VsanSystemImpl::_ConfigInfoPrintLog]    encryptionInfo: enabled=False, kekId=, hostKeyId=, clientKey=None, clientCert=(not set), dekGenerationId=0, changing=False, eraseDisksBeforeUse=False
2025-09-12T14:50:37.406Z info vsand[2109096] [opID=0ef19551-036f VsanSystemImpl::_ConfigInfoPrintLog]       kmipServers[]:
2025-09-12T14:50:37.406Z info vsand[2109096] [opID=0ef19551-036f VsanSystemImpl::_ConfigInfoPrintLog]       kmsServerCerts[]:
2025-09-12T14:50:37.407Z info vsand[2109096] [opID=0ef19551-036f VsanSystemImpl::_ConfigInfoPrintLog]    dataEfficiencyInfo: dedupEnabled=False, compressionEnabled=None
2025-09-12T14:50:37.407Z info vsand[2109096] [opID=0ef19551-036f VsanSystemImpl::_ConfigInfoPrintLog]    resyncIopsLimitInfo: resyncIops=0
2025-09-12T14:50:37.407Z info vsand[2109096] [opID=0ef19551-036f VsanSystemImpl::_ConfigInfoPrintLog]    extendedConfig: objectRepairTimer=60, disableSiteReadLocality=False, enableCustomizedSwapObject=True, largeScaleClusterSupport=False
2025-09-12T14:50:37.407Z info vsand[2109096] [opID=0ef19551-036f VsanSystemImpl::_ConfigInfoPrintLog]       proactiveRebalanceInfo: enabled=False, threshold=30
2025-09-12T14:50:37.407Z info vsand[2109096] [opID=0ef19551-036f VsanSystemImpl::_ConfigInfoPrintLog]    datastoreInfo:
2025-09-12T14:50:37.407Z info vsand[2109096] [opID=0ef19551-036f VsanSystemImpl::_ConfigInfoPrintLog]       datastores[]:
2025-09-12T14:50:37.407Z info vsand[2109096] [opID=0ef19551-036f VsanSystemImpl::_ConfigInfoPrintLog]          uuid=, name=vsanDatastore
2025-09-12T14:50:37.407Z info vsand[2109096] [opID=0ef19551-036f VsanSystemImpl::_ConfigInfoPrintLog]    unmapConfig: enable=False
2025-09-12T14:50:37.408Z info vsand[2109096] [opID=0ef19551-036f VsanSystemImpl::_ConfigInfoPrintLog]    internalExtendedConfig: vcMaxDiskVersion=0
2025-09-12T14:50:37.408Z info vsand[2109096] [opID=0ef19551-036f VsanSystemImpl::_ConfigInfoPrintLog]    rdmaConfig: None
2025-09-12T14:50:37.408Z info vsand[2109096] [opID=0ef19551-036f VsanSystemImpl::_ConfigInfoPrintLog]    dataProtectionInfo: None
2025-09-12T14:50:37.408Z info vsand[2109096] [opID=0ef19551-036f VsanSystemImpl::_ConfigInfoPrintLog]    witnessHostConfig[]:
2025-09-12T14:50:37.408Z info vsand[2109096] [opID=0ef19551-036f VsanPyVmomiProfiler::log] Profiler:
2025-09-12T14:50:37.409Z info vsand[2109096] [opID=0ef19551-036f VsanPyVmomiProfiler::logProfile]   impl.QueryVsanConfigByFilter: 0.01s, consumed: 66592KB (+0KB), consumedPeak: 68840KB (+0KB), effectiveMin: 102400KB (+0KB), effectiveMinPeak: 102400KB (+0KB), requestedMinPeak: 102400KB (+0KB)
2025-09-12T14:50:37.534Z info vsand[2109104] [opID=0ef19551-0373 VsanTaskTrackerImpl::CreateAndMonitorTask] Created task vmodlTask-ha-host-867735174
2025-09-12T14:50:37.538Z info vsand[2109104] [opID=0ef19551-0373 VsanSystemImpl::Update] Calling VsanMOProvider.Update with config: ['config: enabled=None, hostSystem=None', '   clusterInfo: None', '   storageInfo: None', '   networkInfo: None', '   faultDomainInfo: None', '   encryptionInfo: None', '   dataEfficiencyInfo: None', '   resyncIopsLimitInfo: None', '   extendedConfig: None', '   datastoreInfo: None', '   unmapConfig: None', '   internalExtendedConfig: vcMaxDiskVersion=0', '   rdmaConfig: None', '   dataProtectionInfo: None', '   witnessHostConfig[]:']  Task: vmodlTask-ha-host-867735174
2025-09-12T14:50:37.538Z info vsand[2109104] [opID=0ef19551-0373 VsanSystemImpl::Update] extendedConfig: {}
2025-09-12T14:50:37.542Z info vsand[2109120] [opID=Thread-5 VsanTaskTrackerImpl::_ThreadMain] PC Update: version = 1
2025-09-12T14:50:37.547Z info vsand[2109120] [opID=Thread-5 VsanTaskTrackerImpl::_ThreadMain] PC Update: version = 2
2025-09-12T14:50:37.553Z info vsand[2109120] [opID=Thread-5 VsanTaskTrackerImpl::_ThreadMain] PC Update: version = 3
2025-09-12T14:50:37.618Z info vsand[2109101] [opID=e8500377 VsanTaskTrackerImpl::_RemoveTaskLocked] Remove task vmodlTask-ha-host-867735174 from cache table.
2025-09-12T14:50:40.993Z error vsand[2109076] [opID=MainThread cliutils::GetVSANClusterInfo] Failed to query cluster info: Operation not allowed because the VMKernel is shutting down
2025-09-12T14:50:41.115Z info vsand[2109113] [opID=Thread-1 VsanPyVmomiProfiler::logProfile]   invoke-method:ServiceInstance:RetrieveContent: 0.01s, consumed: 67184KB (+0KB), consumedPeak: 68840KB (+0KB), effectiveMin: 102400KB (+0KB), effectiveMinPeak: 102400KB (+0KB), requestedMinPeak: 102400KB (+0KB)
2025-09-12T14:50:41.136Z info vsand[2109113] [opID=Thread-1 VsanMgmtUtil::__init__] Initialized ObjectCache: 'healthSummaryCache', maxSize=1024, ttl=None
2025-09-12T14:50:41.137Z info vsand[2109113] [opID=Thread-1 VsanMgmtUtil::__init__] Initialized ObjectCache: 'healthHistoricalCache', maxSize=1024, ttl=4000
2025-09-12T14:50:41.138Z info vsand[2109113] [opID=Thread-1 VsanVcPerformanceManagerImpl::__init__] VsanVcPerformanceManagerImpl init
2025-09-12T14:50:41.141Z info vsand[2109113] [opID=Thread-1 VsanVcObjectSystemImpl::__init__] VsanVcObjectSystemImpl init
2025-09-12T14:50:41.142Z info vsand[2109113] [opID=Thread-1 VsanResourceCheckSystemImpl::__init__] VsanResourceCheckSystemImpl init
2025-09-12T14:50:41.142Z info vsand[2109113] [opID=Thread-1 VsanMgmtUtil::__init__] Initialized ObjectCache: 'DiskMappingCache', maxSize=2000, ttl=None
2025-09-12T14:50:41.142Z info vsand[2109113] [opID=Thread-1 VsanVcIscsiTargetSystemImpl::__init__] VsanVcIscsiTargetSystemImpl init
2025-09-12T14:50:45.995Z error vsand[2109076] [opID=MainThread cliutils::GetVSANClusterInfo] Failed to query cluster info: Operation not allowed because the VMKernel is shutting down
2025-09-12T14:50:50.998Z error vsand[2109076] [opID=MainThread cliutils::GetVSANClusterInfo] Failed to query cluster info: Operation not allowed because the VMKernel is shutting down
2025-09-12T14:50:56.002Z error vsand[2109076] [opID=MainThread cliutils::GetVSANClusterInfo] Failed to query cluster info: Operation not allowed because the VMKernel is shutting down
2025-09-12T14:51:01.005Z error vsand[2109076] [opID=MainThread cliutils::GetVSANClusterInfo] Failed to query cluster info: Operation not allowed because the VMKernel is shutting down
2025-09-12T14:51:06.008Z error vsand[2109076] [opID=MainThread cliutils::GetVSANClusterInfo] Failed to query cluster info: Operation not allowed because the VMKernel is shutting down
2025-09-12T14:51:11.011Z error vsand[2109076] [opID=MainThread cliutils::GetVSANClusterInfo] Failed to query cluster info: Operation not allowed because the VMKernel is shutting down
2025-09-12T14:51:16.014Z error vsand[2109076] [opID=MainThread cliutils::GetVSANClusterInfo] Failed to query cluster info: Operation not allowed because the VMKernel is shutting down
2025-09-12T14:51:21.018Z error vsand[2109076] [opID=MainThread cliutils::GetVSANClusterInfo] Failed to query cluster info: Operation not allowed because the VMKernel is shutting down
2025-09-12T14:51:26.021Z error vsand[2109076] [opID=MainThread cliutils::GetVSANClusterInfo] Failed to query cluster info: Operation not allowed because the VMKernel is shutting down
2025-09-12T14:51:31.022Z error vsand[2109076] [opID=MainThread cliutils::GetVSANClusterInfo] Failed to query cluster info: Operation not allowed because the VMKernel is shutting down
2025-09-12T14:51:36.025Z error vsand[2109076] [opID=MainThread cliutils::GetVSANClusterInfo] Failed to query cluster info: Operation not allowed because the VMKernel is shutting down
2025-09-12T14:51:41.028Z error vsand[2109076] [opID=MainThread cliutils::GetVSANClusterInfo] Failed to query cluster info: Operation not allowed because the VMKernel is shutting down
2025-09-12T14:51:46.030Z error vsand[2109076] [opID=MainThread cliutils::GetVSANClusterInfo] Failed to query cluster info: Operation not allowed because the VMKernel is shutting down
2025-09-12T14:51:51.033Z error vsand[2109076] [opID=MainThread cliutils::GetVSANClusterInfo] Failed to query cluster info: Operation not allowed because the VMKernel is shutting down
2025-09-12T14:51:56.035Z error vsand[2109076] [opID=MainThread cliutils::GetVSANClusterInfo] Failed to query cluster info: Operation not allowed because the VMKernel is shutting down
2025-09-12T14:52:01.038Z error vsand[2109076] [opID=MainThread cliutils::GetVSANClusterInfo] Failed to query cluster info: Operation not allowed because the VMKernel is shutting down
2025-09-12T14:52:06.041Z error vsand[2109076] [opID=MainThread cliutils::GetVSANClusterInfo] Failed to query cluster info: Operation not allowed because the VMKernel is shutting down
2025-09-12T14:52:11.045Z error vsand[2109076] [opID=MainThread cliutils::GetVSANClusterInfo] Failed to query cluster info: Operation not allowed because the VMKernel is shutting down
2025-09-12T14:52:16.048Z error vsand[2109076] [opID=MainThread cliutils::GetVSANClusterInfo] Failed to query cluster info: Operation not allowed because the VMKernel is shutting down
2025-09-12T14:52:21.051Z error vsand[2109076] [opID=MainThread cliutils::GetVSANClusterInfo] Failed to query cluster info: Operation not allowed because the VMKernel is shutting down
2025-09-12T14:52:26.054Z error vsand[2109076] [opID=MainThread cliutils::GetVSANClusterInfo] Failed to query cluster info: Operation not allowed because the VMKernel is shutting down
2025-09-12T14:52:31.057Z error vsand[2109076] [opID=MainThread cliutils::GetVSANClusterInfo] Failed to query cluster info: Operation not allowed because the VMKernel is shutting down
2025-09-12T14:52:36.061Z error vsand[2109076] [opID=MainThread cliutils::GetVSANClusterInfo] Failed to query cluster info: Operation not allowed because the VMKernel is shutting down
2025-09-12T14:52:41.064Z error vsand[2109076] [opID=MainThread cliutils::GetVSANClusterInfo] Failed to query cluster info: Operation not allowed because the VMKernel is shutting down
2025-09-12T14:52:46.065Z error vsand[2109076] [opID=MainThread cliutils::GetVSANClusterInfo] Failed to query cluster info: Operation not allowed because the VMKernel is shutting down
2025-09-12T14:52:51.068Z error vsand[2109076] [opID=MainThread cliutils::GetVSANClusterInfo] Failed to query cluster info: Operation not allowed because the VMKernel is shutting down
2025-09-12T14:52:56.072Z error vsand[2109076] [opID=MainThread cliutils::GetVSANClusterInfo] Failed to query cluster info: Operation not allowed because the VMKernel is shutting down
2025-09-12T14:53:01.075Z error vsand[2109076] [opID=MainThread cliutils::GetVSANClusterInfo] Failed to query cluster info: Operation not allowed because the VMKernel is shutting down
2025-09-12T14:53:06.076Z error vsand[2109076] [opID=MainThread cliutils::GetVSANClusterInfo] Failed to query cluster info: Operation not allowed because the VMKernel is shutting down
2025-09-12T14:53:11.079Z error vsand[2109076] [opID=MainThread cliutils::GetVSANClusterInfo] Failed to query cluster info: Operation not allowed because the VMKernel is shutting down
2025-09-12T14:53:16.082Z error vsand[2109076] [opID=MainThread cliutils::GetVSANClusterInfo] Failed to query cluster info: Operation not allowed because the VMKernel is shutting down
2025-09-12T14:53:21.085Z error vsand[2109076] [opID=MainThread cliutils::GetVSANClusterInfo] Failed to query cluster info: Operation not allowed because the VMKernel is shutting down
2025-09-12T14:53:26.088Z error vsand[2109076] [opID=MainThread cliutils::GetVSANClusterInfo] Failed to query cluster info: Operation not allowed because the VMKernel is shutting down
2025-09-12T14:53:31.091Z error vsand[2109076] [opID=MainThread cliutils::GetVSANClusterInfo] Failed to query cluster info: Operation not allowed because the VMKernel is shutting down
2025-09-12T14:53:36.095Z error vsand[2109076] [opID=MainThread cliutils::GetVSANClusterInfo] Failed to query cluster info: Operation not allowed because the VMKernel is shutting down
2025-09-12T14:53:41.097Z error vsand[2109076] [opID=MainThread cliutils::GetVSANClusterInfo] Failed to query cluster info: Operation not allowed because the VMKernel is shutting down
2025-09-12T14:53:46.100Z error vsand[2109076] [opID=MainThread cliutils::GetVSANClusterInfo] Failed to query cluster info: Operation not allowed because the VMKernel is shutting down
2025-09-12T14:53:51.102Z error vsand[2109076] [opID=MainThread cliutils::GetVSANClusterInfo] Failed to query cluster info: Operation not allowed because the VMKernel is shutting down
2025-09-12T14:53:56.104Z error vsand[2109076] [opID=MainThread cliutils::GetVSANClusterInfo] Failed to query cluster info: Operation not allowed because the VMKernel is shutting down
2025-09-12T14:54:01.106Z error vsand[2109076] [opID=MainThread cliutils::GetVSANClusterInfo] Failed to query cluster info: Operation not allowed because the VMKernel is shutting down
2025-09-12T14:54:06.109Z error vsand[2109076] [opID=MainThread cliutils::GetVSANClusterInfo] Failed to query cluster info: Operation not allowed because the VMKernel is shutting down
2025-09-12T14:54:11.112Z error vsand[2109076] [opID=MainThread cliutils::GetVSANClusterInfo] Failed to query cluster info: Operation not allowed because the VMKernel is shutting down
2025-09-12T14:54:16.114Z error vsand[2109076] [opID=MainThread cliutils::GetVSANClusterInfo] Failed to query cluster info: Operation not allowed because the VMKernel is shutting down
2025-09-12T14:54:21.115Z error vsand[2109076] [opID=MainThread cliutils::GetVSANClusterInfo] Failed to query cluster info: Operation not allowed because the VMKernel is shutting down
2025-09-12T14:54:26.118Z error vsand[2109076] [opID=MainThread cliutils::GetVSANClusterInfo] Failed to query cluster info: Operation not allowed because the VMKernel is shutting down
2025-09-12T14:54:31.121Z error vsand[2109076] [opID=MainThread cliutils::GetVSANClusterInfo] Failed to query cluster info: Operation not allowed because the VMKernel is shutting down
2025-09-12T14:54:36.123Z error vsand[2109076] [opID=MainThread cliutils::GetVSANClusterInfo] Failed to query cluster info: Operation not allowed because the VMKernel is shutting down
2025-09-12T14:54:41.125Z error vsand[2109076] [opID=MainThread cliutils::GetVSANClusterInfo] Failed to query cluster info: Operation not allowed because the VMKernel is shutting down
2025-09-12T14:54:46.128Z error vsand[2109076] [opID=MainThread cliutils::GetVSANClusterInfo] Failed to query cluster info: Operation not allowed because the VMKernel is shutting down
2025-09-12T14:54:51.131Z error vsand[2109076] [opID=MainThread cliutils::GetVSANClusterInfo] Failed to query cluster info: Operation not allowed because the VMKernel is shutting down
2025-09-12T14:54:56.133Z error vsand[2109076] [opID=MainThread cliutils::GetVSANClusterInfo] Failed to query cluster info: Operation not allowed because the VMKernel is shutting down
2025-09-12T14:55:01.135Z error vsand[2109076] [opID=MainThread cliutils::GetVSANClusterInfo] Failed to query cluster info: Operation not allowed because the VMKernel is shutting down
2025-09-12T14:55:06.138Z error vsand[2109076] [opID=MainThread cliutils::GetVSANClusterInfo] Failed to query cluster info: Operation not allowed because the VMKernel is shutting down
2025-09-12T14:55:11.140Z error vsand[2109076] [opID=MainThread cliutils::GetVSANClusterInfo] Failed to query cluster info: Operation not allowed because the VMKernel is shutting down
2025-09-12T14:55:16.143Z error vsand[2109076] [opID=MainThread cliutils::GetVSANClusterInfo] Failed to query cluster info: Operation not allowed because the VMKernel is shutting down
2025-09-12T14:55:21.145Z error vsand[2109076] [opID=MainThread cliutils::GetVSANClusterInfo] Failed to query cluster info: Operation not allowed because the VMKernel is shutting down
2025-09-12T14:55:26.148Z error vsand[2109076] [opID=MainThread cliutils::GetVSANClusterInfo] Failed to query cluster info: Operation not allowed because the VMKernel is shutting down
2025-09-12T14:55:31.151Z error vsand[2109076] [opID=MainThread cliutils::GetVSANClusterInfo] Failed to query cluster info: Operation not allowed because the VMKernel is shutting down
2025-09-12T14:55:36.153Z error vsand[2109076] [opID=MainThread cliutils::GetVSANClusterInfo] Failed to query cluster info: Operation not allowed because the VMKernel is shutting down
2025-09-12T14:55:37.135Z info vsand[2109114] [opID=Thread-2 VsanHealthDaemon::doVsanHealthCheck] Skip VSAN health check due to the VSAN is disabled
2025-09-12T14:55:41.155Z error vsand[2109076] [opID=MainThread cliutils::GetVSANClusterInfo] Failed to query cluster info: Operation not allowed because the VMKernel is shutting down
2025-09-12T14:55:46.158Z error vsand[2109076] [opID=MainThread cliutils::GetVSANClusterInfo] Failed to query cluster info: Operation not allowed because the VMKernel is shutting down
2025-09-12T14:55:51.161Z error vsand[2109076] [opID=MainThread cliutils::GetVSANClusterInfo] Failed to query cluster info: Operation not allowed because the VMKernel is shutting down
2025-09-12T14:55:56.163Z error vsand[2109076] [opID=MainThread cliutils::GetVSANClusterInfo] Failed to query cluster info: Operation not allowed because the VMKernel is shutting down
2025-09-12T14:56:01.165Z error vsand[2109076] [opID=MainThread cliutils::GetVSANClusterInfo] Failed to query cluster info: Operation not allowed because the VMKernel is shutting down
2025-09-12T14:56:06.168Z error vsand[2109076] [opID=MainThread cliutils::GetVSANClusterInfo] Failed to query cluster info: Operation not allowed because the VMKernel is shutting down
2025-09-12T14:56:11.171Z error vsand[2109076] [opID=MainThread cliutils::GetVSANClusterInfo] Failed to query cluster info: Operation not allowed because the VMKernel is shutting down
2025-09-12T14:56:16.174Z error vsand[2109076] [opID=MainThread cliutils::GetVSANClusterInfo] Failed to query cluster info: Operation not allowed because the VMKernel is shutting down
2025-09-12T14:56:21.175Z error vsand[2109076] [opID=MainThread cliutils::GetVSANClusterInfo] Failed to query cluster info: Operation not allowed because the VMKernel is shutting down
2025-09-12T14:56:26.178Z error vsand[2109076] [opID=MainThread cliutils::GetVSANClusterInfo] Failed to query cluster info: Operation not allowed because the VMKernel is shutting down
2025-09-12T14:56:31.181Z error vsand[2109076] [opID=MainThread cliutils::GetVSANClusterInfo] Failed to query cluster info: Operation not allowed because the VMKernel is shutting down
2025-09-12T14:56:36.184Z error vsand[2109076] [opID=MainThread cliutils::GetVSANClusterInfo] Failed to query cluster info: Operation not allowed because the VMKernel is shutting down
2025-09-12T14:56:41.188Z error vsand[2109076] [opID=MainThread cliutils::GetVSANClusterInfo] Failed to query cluster info: Operation not allowed because the VMKernel is shutting down
2025-09-12T14:56:46.191Z error vsand[2109076] [opID=MainThread cliutils::GetVSANClusterInfo] Failed to query cluster info: Operation not allowed because the VMKernel is shutting down
2025-09-12T14:56:51.194Z error vsand[2109076] [opID=MainThread cliutils::GetVSANClusterInfo] Failed to query cluster info: Operation not allowed because the VMKernel is shutting down
2025-09-12T14:56:56.197Z error vsand[2109076] [opID=MainThread cliutils::GetVSANClusterInfo] Failed to query cluster info: Operation not allowed because the VMKernel is shutting down
2025-09-12T14:57:01.199Z error vsand[2109076] [opID=MainThread cliutils::GetVSANClusterInfo] Failed to query cluster info: Operation not allowed because the VMKernel is shutting down
2025-09-12T14:57:06.201Z error vsand[2109076] [opID=MainThread cliutils::GetVSANClusterInfo] Failed to query cluster info: Operation not allowed because the VMKernel is shutting down
2025-09-12T14:57:11.203Z error vsand[2109076] [opID=MainThread cliutils::GetVSANClusterInfo] Failed to query cluster info: Operation not allowed because the VMKernel is shutting down
2025-09-12T14:57:16.205Z error vsand[2109076] [opID=MainThread cliutils::GetVSANClusterInfo] Failed to query cluster info: Operation not allowed because the VMKernel is shutting down
2025-09-12T14:57:21.208Z error vsand[2109076] [opID=MainThread cliutils::GetVSANClusterInfo] Failed to query cluster info: Operation not allowed because the VMKernel is shutting down
2025-09-12T14:57:26.211Z error vsand[2109076] [opID=MainThread cliutils::GetVSANClusterInfo] Failed to query cluster info: Operation not allowed because the VMKernel is shutting down
2025-09-12T14:57:31.214Z error vsand[2109076] [opID=MainThread cliutils::GetVSANClusterInfo] Failed to query cluster info: Operation not allowed because the VMKernel is shutting down
2025-09-12T14:57:36.218Z error vsand[2109076] [opID=MainThread cliutils::GetVSANClusterInfo] Failed to query cluster info: Operation not allowed because the VMKernel is shutting down
2025-09-12T14:57:41.221Z error vsand[2109076] [opID=MainThread cliutils::GetVSANClusterInfo] Failed to query cluster info: Operation not allowed because the VMKernel is shutting down
2025-09-12T14:57:46.224Z error vsand[2109076] [opID=MainThread cliutils::GetVSANClusterInfo] Failed to query cluster info: Operation not allowed because the VMKernel is shutting down
2025-09-12T14:57:51.225Z error vsand[2109076] [opID=MainThread cliutils::GetVSANClusterInfo] Failed to query cluster info: Operation not allowed because the VMKernel is shutting down
2025-09-12T14:57:56.227Z error vsand[2109076] [opID=MainThread cliutils::GetVSANClusterInfo] Failed to query cluster info: Operation not allowed because the VMKernel is shutting down
2025-09-12T14:58:01.230Z error vsand[2109076] [opID=MainThread cliutils::GetVSANClusterInfo] Failed to query cluster info: Operation not allowed because the VMKernel is shutting down
2025-09-12T14:58:06.233Z error vsand[2109076] [opID=MainThread cliutils::GetVSANClusterInfo] Failed to query cluster info: Operation not allowed because the VMKernel is shutting down
2025-09-12T14:58:11.235Z error vsand[2109076] [opID=MainThread cliutils::GetVSANClusterInfo] Failed to query cluster info: Operation not allowed because the VMKernel is shutting down
2025-09-12T14:58:16.238Z error vsand[2109076] [opID=MainThread cliutils::GetVSANClusterInfo] Failed to query cluster info: Operation not allowed because the VMKernel is shutting down
2025-09-12T14:58:21.241Z error vsand[2109076] [opID=MainThread cliutils::GetVSANClusterInfo] Failed to query cluster info: Operation not allowed because the VMKernel is shutting down
2025-09-12T14:58:26.244Z error vsand[2109076] [opID=MainThread cliutils::GetVSANClusterInfo] Failed to query cluster info: Operation not allowed because the VMKernel is shutting down
2025-09-12T14:58:31.247Z error vsand[2109076] [opID=MainThread cliutils::GetVSANClusterInfo] Failed to query cluster info: Operation not allowed because the VMKernel is shutting down
2025-09-12T14:58:36.250Z error vsand[2109076] [opID=MainThread cliutils::GetVSANClusterInfo] Failed to query cluster info: Operation not allowed because the VMKernel is shutting down
2025-09-12T14:58:41.253Z error vsand[2109076] [opID=MainThread cliutils::GetVSANClusterInfo] Failed to query cluster info: Operation not allowed because the VMKernel is shutting down
2025-09-12T14:58:46.255Z error vsand[2109076] [opID=MainThread cliutils::GetVSANClusterInfo] Failed to query cluster info: Operation not allowed because the VMKernel is shutting down
2025-09-12T14:58:51.258Z error vsand[2109076] [opID=MainThread cliutils::GetVSANClusterInfo] Failed to query cluster info: Operation not allowed because the VMKernel is shutting down
2025-09-12T14:58:56.261Z error vsand[2109076] [opID=MainThread cliutils::GetVSANClusterInfo] Failed to query cluster info: Operation not allowed because the VMKernel is shutting down
2025-09-12T14:59:01.264Z error vsand[2109076] [opID=MainThread cliutils::GetVSANClusterInfo] Failed to query cluster info: Operation not allowed because the VMKernel is shutting down
2025-09-12T14:59:06.268Z error vsand[2109076] [opID=MainThread cliutils::GetVSANClusterInfo] Failed to query cluster info: Operation not allowed because the VMKernel is shutting down
2025-09-12T14:59:11.269Z error vsand[2109076] [opID=MainThread cliutils::GetVSANClusterInfo] Failed to query cluster info: Operation not allowed because the VMKernel is shutting down
2025-09-12T14:59:16.271Z error vsand[2109076] [opID=MainThread cliutils::GetVSANClusterInfo] Failed to query cluster info: Operation not allowed because the VMKernel is shutting down
2025-09-12T14:59:21.274Z error vsand[2109076] [opID=MainThread cliutils::GetVSANClusterInfo] Failed to query cluster info: Operation not allowed because the VMKernel is shutting down
2025-09-12T14:59:26.277Z error vsand[2109076] [opID=MainThread cliutils::GetVSANClusterInfo] Failed to query cluster info: Operation not allowed because the VMKernel is shutting down
2025-09-12T14:59:31.280Z error vsand[2109076] [opID=MainThread cliutils::GetVSANClusterInfo] Failed to query cluster info: Operation not allowed because the VMKernel is shutting down
2025-09-12T14:59:36.284Z error vsand[2109076] [opID=MainThread cliutils::GetVSANClusterInfo] Failed to query cluster info: Operation not allowed because the VMKernel is shutting down
2025-09-12T14:59:41.285Z error vsand[2109076] [opID=MainThread cliutils::GetVSANClusterInfo] Failed to query cluster info: Operation not allowed because the VMKernel is shutting down
2025-09-12T14:59:46.287Z error vsand[2109076] [opID=MainThread cliutils::GetVSANClusterInfo] Failed to query cluster info: Operation not allowed because the VMKernel is shutting down
2025-09-12T14:59:51.290Z error vsand[2109076] [opID=MainThread cliutils::GetVSANClusterInfo] Failed to query cluster info: Operation not allowed because the VMKernel is shutting down
2025-09-12T14:59:56.293Z error vsand[2109076] [opID=MainThread cliutils::GetVSANClusterInfo] Failed to query cluster info: Operation not allowed because the VMKernel is shutting down
2025-09-12T15:00:01.295Z error vsand[2109076] [opID=MainThread cliutils::GetVSANClusterInfo] Failed to query cluster info: Operation not allowed because the VMKernel is shutting down
2025-09-12T15:00:06.298Z error vsand[2109076] [opID=MainThread cliutils::GetVSANClusterInfo] Failed to query cluster info: Operation not allowed because the VMKernel is shutting down
2025-09-12T15:00:11.301Z error vsand[2109076] [opID=MainThread cliutils::GetVSANClusterInfo] Failed to query cluster info: Operation not allowed because the VMKernel is shutting down
2025-09-12T15:00:16.304Z error vsand[2109076] [opID=MainThread cliutils::GetVSANClusterInfo] Failed to query cluster info: Operation not allowed because the VMKernel is shutting down
2025-09-12T15:00:21.307Z error vsand[2109076] [opID=MainThread cliutils::GetVSANClusterInfo] Failed to query cluster info: Operation not allowed because the VMKernel is shutting down
2025-09-12T15:00:26.309Z error vsand[2109076] [opID=MainThread cliutils::GetVSANClusterInfo] Failed to query cluster info: Operation not allowed because the VMKernel is shutting down
2025-09-12T15:00:31.312Z error vsand[2109076] [opID=MainThread cliutils::GetVSANClusterInfo] Failed to query cluster info: Operation not allowed because the VMKernel is shutting down
2025-09-12T15:00:36.315Z info vsand[2109076] [opID=MainThread statsdaemon::UnsubscribeFromCMMDS] unsubscribe the CMMDS subscription for handler <statsdaemon.StatsDaemon object at 0x6d0c0da320>
2025-09-12T15:00:36.315Z info vsand[2109076] [opID=MainThread statsdaemon::UnsubscribeFromCMMDS] unsubscribe the CMMDS subscription for handler <VsanHealthDaemon.CmmdsEntryDefaultHandler object at 0x6d2188f550>
2025-09-12T15:00:36.316Z info vsand[2109076] [opID=MainThread statsdaemon::UnsubscribeFromCMMDS] unsubscribe the CMMDS subscription for handler <VsanHealthDaemon.CmmdsEntryDefaultHandler object at 0x6d217dcb38>
2025-09-12T15:00:36.316Z info vsand[2109076] [opID=MainThread statsdaemon::UnsubscribeFromCMMDS] unsubscribe the CMMDS subscription for handler <VsanHealthDaemon.CmmdsEntryDefaultHandler object at 0x6d217dc748>
2025-09-12T15:00:36.316Z info vsand[2109076] [opID=MainThread statsdaemon::UnsubscribeFromCMMDS] unsubscribe the CMMDS subscription for handler <VsanHealthDaemon.CmmdsEntryDefaultHandler object at 0x6d217dccc0>
2025-09-12T15:00:36.316Z info vsand[2109076] [opID=MainThread statsdaemon::UnsubscribeFromCMMDS] unsubscribe the CMMDS subscription for handler <VsanHealthDaemon.CmmdsDiskHealthStatusHandler object at 0x6d217dc898>
2025-09-12T15:00:37.320Z info vsand[2109076] [opID=MainThread VsanHealthDaemon::stop] vSAN health daemon thread has quit
2025-09-12T15:00:37.334Z warning vsand[2109120] [opID=Thread-5 VsanTaskTrackerImpl::_ThreadMain] Connection to hostd is down, need to reconnect
2025-09-12T15:00:37.335Z info vsand[2109076] [opID=MainThread VsanHealthUtil::LogoutLocalHostd] Done logout from local hostd.
2025-09-12T15:00:37.335Z info vsand[2109076] [opID=Dummy-17 VsanTaskTrackerImpl::StopTaskTracker] Stop task tracker
2025-09-12T17:17:11.071Z info vsand[2115025] [opID=MainThread VsanVmomiPatcher::PatchPyVmomi] Python 3.5.10 (default, Jul  1 2021, 03:54:37)  [GCC 4.6.3] on linux, optimize: 0
2025-09-12T17:17:11.237Z info vsand[2115025] [opID=MainThread VsanVmomiPatcher::PatchPyVmomi] Loaded bindings 'pyVmomi.PbmObjects'
2025-09-12T17:17:11.238Z info vsand[2115025] [opID=MainThread VsanVmomiPatcher::PatchPyVmomi] Loaded bindings 'pyVmomi.ServerObjects'
2025-09-12T17:17:11.238Z info vsand[2115025] [opID=MainThread VsanVmomiPatcher::PatchPyVmomi] Loaded bindings 'pyVmomi.QueryTypes'
2025-09-12T17:17:11.238Z info vsand[2115025] [opID=MainThread VsanVmomiPatcher::PatchPyVmomi] Loaded bindings 'pyVmomi.ReflectTypes'
2025-09-12T17:17:11.238Z info vsand[2115025] [opID=MainThread VsanVmomiPatcher::PatchPyVmomi] Loaded bindings 'pyVmomi.VsanDpTypes'
2025-09-12T17:17:11.238Z info vsand[2115025] [opID=MainThread VsanVmomiPatcher::PatchPyVmomi] Loaded bindings 'pyVmomi.CoreTypes'
2025-09-12T17:17:11.239Z info vsand[2115025] [opID=MainThread VsanVmomiPatcher::PatchPyVmomi] Supported top level names: {'pbm', 'vim', 'ManagedObject', 'vmodl', 'DataObject'}
2025-09-12T17:17:11.371Z info vsand[2115025] [opID=MainThread VsanVmomiPatcher::PatchPyVmomi] Patched VmomiSupport.LazyType
2025-09-12T17:17:11.371Z info vsand[2115025] [opID=MainThread VsanVmomiPatcher::PatchPyVmomi] Patched vmodl.RuntimeFault
2025-09-12T17:17:11.372Z info vsand[2115025] [opID=MainThread VsanVmomiPatcher::PatchPyVmomi] Patched vmodl.MethodFault
2025-09-12T17:17:11.372Z info vsand[2115025] [opID=MainThread VsanVmomiPatcher::PatchPyVmomi] Patched vmodl.LocalizedMethodFault
2025-09-12T17:17:11.372Z info vsand[2115025] [opID=MainThread VsanVmomiPatcher::PatchPyVmomi] Patched vmodl.DynamicData
2025-09-12T17:17:11.372Z info vsand[2115025] [opID=MainThread VsanVmomiPatcher::PatchPyVmomi] Patched VmomiSupport.DataObject
2025-09-12T17:17:11.372Z info vsand[2115025] [opID=MainThread VsanVmomiPatcher::PatchPyVmomi] pyvmomi is patched!
2025-09-12T17:17:11.377Z info vsand[2115025] [opID=MainThread VsanMgmtUtil::__init__] Initialized ObjectCache: 'ProfilerStatsCache', maxSize=10000, ttl=None
2025-09-12T17:17:11.816Z info vsand[2115025] [opID=MainThread statsdaemon::LoadAndRegisterManagedObjects] Loading VcsaDeployerSystem__ext_init__
2025-09-12T17:17:11.816Z info vsand[2115025] [opID=MainThread VcsaDeployerSystem__ext_init__::<module>] loading vcsaDeployer
2025-09-12T17:17:11.854Z info vsand[2115025] [opID=MainThread statsdaemon::LoadAndRegisterManagedObjects] Loading VsanCapabilitySystem__ext_init__
2025-09-12T17:17:11.858Z info vsand[2115025] [opID=MainThread statsdaemon::LoadAndRegisterManagedObjects] Loading VsanDebugSystem__ext_init__
2025-09-12T17:17:11.861Z info vsand[2115025] [opID=MainThread statsdaemon::LoadAndRegisterManagedObjects] Loading VsanDiskManagementSystem__ext_init__
2025-09-12T17:17:11.881Z info vsand[2115025] [opID=MainThread statsdaemon::LoadAndRegisterManagedObjects] Loading VsanHealth__ext_init__
2025-09-12T17:17:11.882Z info vsand[2115025] [opID=MainThread VsanPyVmomiProfiler::log] Profiler:
2025-09-12T17:17:11.882Z info vsand[2115025] [opID=MainThread VsanPyVmomiProfiler::logProfile]   Import VsanHealth sub modules: VsanHealthSystem: 0.00s, consumed: 14824KB (+0KB), consumedPeak: 68932KB (+0KB), effectiveMin: 102400KB (+0KB), effectiveMinPeak: 102400KB (+0KB), requestedMinPeak: 102400KB (+0KB)
2025-09-12T17:17:11.936Z info vsand[2115025] [opID=MainThread VsanHealthDaemon::run] Start VSAN Health Daemon Thread...
2025-09-12T17:17:11.937Z info vsand[2115025] [opID=MainThread VsanPyVmomiProfiler::log] Profiler:
2025-09-12T17:17:11.937Z info vsand[2115025] [opID=MainThread VsanPyVmomiProfiler::logProfile]   Import VsanHealth sub modules: VsanHealthSystemImpl: 0.05s, consumed: 14824KB (+0KB), consumedPeak: 68932KB (+0KB), effectiveMin: 102400KB (+0KB), effectiveMinPeak: 102400KB (+0KB), requestedMinPeak: 102400KB (+0KB)
2025-09-12T17:17:11.938Z info vsand[2115025] [opID=MainThread VsanPyVmomiProfiler::log] Profiler:
2025-09-12T17:17:11.938Z info vsand[2115025] [opID=MainThread VsanPyVmomiProfiler::logProfile]   Import VsanHealth sub modules: VsanClusterHealthSystem: 0.00s, consumed: 14824KB (+0KB), consumedPeak: 68932KB (+0KB), effectiveMin: 102400KB (+0KB), effectiveMinPeak: 102400KB (+0KB), requestedMinPeak: 102400KB (+0KB)
2025-09-12T17:17:11.938Z info vsand[2115025] [opID=MainThread VsanPyVmomiProfiler::log] Profiler:
2025-09-12T17:17:11.938Z info vsand[2115025] [opID=MainThread VsanPyVmomiProfiler::logProfile]   Import VsanHealth sub modules: VsanClusterHealthSystemImpl: 0.00s, consumed: 14824KB (+0KB), consumedPeak: 68932KB (+0KB), effectiveMin: 102400KB (+0KB), effectiveMinPeak: 102400KB (+0KB), requestedMinPeak: 102400KB (+0KB)
2025-09-12T17:17:11.940Z info vsand[2115025] [opID=MainThread VsanPyVmomiProfiler::log] Profiler:
2025-09-12T17:17:11.940Z info vsand[2115025] [opID=MainThread VsanPyVmomiProfiler::logProfile]   Import VsanHealth sub modules: VsanDataProtectionHostRecoverySystemImpl: 0.00s, consumed: 14824KB (+0KB), consumedPeak: 68932KB (+0KB), effectiveMin: 102400KB (+0KB), effectiveMinPeak: 102400KB (+0KB), requestedMinPeak: 102400KB (+0KB)
2025-09-12T17:17:11.967Z info vsand[2115025] [opID=MainThread VsanPyVmomiProfiler::log] Profiler:
2025-09-12T17:17:11.968Z info vsand[2115025] [opID=MainThread VsanPyVmomiProfiler::logProfile]   Import VsanHealth sub modules: VsanVcClusterHealthSystem: 0.03s, consumed: 14824KB (+0KB), consumedPeak: 68932KB (+0KB), effectiveMin: 102400KB (+0KB), effectiveMinPeak: 102400KB (+0KB), requestedMinPeak: 102400KB (+0KB)
2025-09-12T17:17:11.982Z info vsand[2115025] [opID=MainThread VsanPyVmomiProfiler::log] Profiler:
2025-09-12T17:17:11.982Z info vsand[2115025] [opID=MainThread VsanPyVmomiProfiler::logProfile]   Import VsanHealth sub modules: VsanVcClusterHealthSystemImpl: 0.01s, consumed: 14824KB (+0KB), consumedPeak: 68932KB (+0KB), effectiveMin: 102400KB (+0KB), effectiveMinPeak: 102400KB (+0KB), requestedMinPeak: 102400KB (+0KB)
2025-09-12T17:17:11.982Z info vsand[2115025] [opID=MainThread VsanPyVmomiProfiler::log] Profiler:
2025-09-12T17:17:11.982Z info vsand[2115025] [opID=MainThread VsanPyVmomiProfiler::logProfile]   Import VsanHealth sub modules: VsanSpaceReportSystem: 0.00s, consumed: 14824KB (+0KB), consumedPeak: 68932KB (+0KB), effectiveMin: 102400KB (+0KB), effectiveMinPeak: 102400KB (+0KB), requestedMinPeak: 102400KB (+0KB)
2025-09-12T17:17:11.984Z info vsand[2115025] [opID=MainThread VsanPyVmomiProfiler::log] Profiler:
2025-09-12T17:17:11.985Z info vsand[2115025] [opID=MainThread VsanPyVmomiProfiler::logProfile]   Import VsanHealth sub modules: VsanDataProtectionSpaceSystem: 0.00s, consumed: 14824KB (+0KB), consumedPeak: 68932KB (+0KB), effectiveMin: 102400KB (+0KB), effectiveMinPeak: 102400KB (+0KB), requestedMinPeak: 102400KB (+0KB)
2025-09-12T17:17:12.103Z info vsand[2115025] [opID=MainThread VsanPyVmomiProfiler::log] Profiler:
2025-09-12T17:17:12.104Z info vsand[2115025] [opID=MainThread VsanPyVmomiProfiler::logProfile]   Import VsanHealth sub modules: VsanDataProtectionSpaceSystemImpl: 0.12s, consumed: 14824KB (+0KB), consumedPeak: 68932KB (+0KB), effectiveMin: 102400KB (+0KB), effectiveMinPeak: 102400KB (+0KB), requestedMinPeak: 102400KB (+0KB)
2025-09-12T17:17:12.109Z info vsand[2115025] [opID=MainThread VsanPyVmomiProfiler::log] Profiler:
2025-09-12T17:17:12.109Z info vsand[2115025] [opID=MainThread VsanPyVmomiProfiler::logProfile]   Import VsanHealth sub modules: VsanVdsSystem: 0.01s, consumed: 14824KB (+0KB), consumedPeak: 68932KB (+0KB), effectiveMin: 102400KB (+0KB), effectiveMinPeak: 102400KB (+0KB), requestedMinPeak: 102400KB (+0KB)
2025-09-12T17:17:12.111Z info vsand[2115025] [opID=MainThread VsanPyVmomiProfiler::log] Profiler:
2025-09-12T17:17:12.111Z info vsand[2115025] [opID=MainThread VsanPyVmomiProfiler::logProfile]   Import VsanHealth sub modules: VsanVdsSystemImpl: 0.00s, consumed: 14824KB (+0KB), consumedPeak: 68932KB (+0KB), effectiveMin: 102400KB (+0KB), effectiveMinPeak: 102400KB (+0KB), requestedMinPeak: 102400KB (+0KB)
2025-09-12T17:17:12.116Z info vsand[2115025] [opID=MainThread VsanPyVmomiProfiler::log] Profiler:
2025-09-12T17:17:12.116Z info vsand[2115025] [opID=MainThread VsanPyVmomiProfiler::logProfile]   Import VsanHealth sub modules: VsanHostSystemProxyImpl: 0.00s, consumed: 14824KB (+0KB), consumedPeak: 68932KB (+0KB), effectiveMin: 102400KB (+0KB), effectiveMinPeak: 102400KB (+0KB), requestedMinPeak: 102400KB (+0KB)
2025-09-12T17:17:12.118Z info vsand[2115025] [opID=MainThread VsanPyVmomiProfiler::log] Profiler:
2025-09-12T17:17:12.119Z info vsand[2115025] [opID=MainThread VsanPyVmomiProfiler::logProfile]   Import VsanHealth sub modules: VsanVcPerformanceManagerImpl: 0.00s, consumed: 14824KB (+0KB), consumedPeak: 68932KB (+0KB), effectiveMin: 102400KB (+0KB), effectiveMinPeak: 102400KB (+0KB), requestedMinPeak: 102400KB (+0KB)
2025-09-12T17:17:12.119Z info vsand[2115025] [opID=MainThread VsanPyVmomiProfiler::log] Profiler:
2025-09-12T17:17:12.119Z info vsand[2115025] [opID=MainThread VsanPyVmomiProfiler::logProfile]   Import VsanHealth sub modules: VsanCommonTypes: 0.00s, consumed: 14824KB (+0KB), consumedPeak: 68932KB (+0KB), effectiveMin: 102400KB (+0KB), effectiveMinPeak: 102400KB (+0KB), requestedMinPeak: 102400KB (+0KB)
2025-09-12T17:17:12.127Z info vsand[2115025] [opID=MainThread VsanPyVmomiProfiler::log] Profiler:
2025-09-12T17:17:12.127Z info vsand[2115025] [opID=MainThread VsanPyVmomiProfiler::logProfile]   Import VsanHealth sub modules: VsanVcDiskFormatConverter: 0.01s, consumed: 14824KB (+0KB), consumedPeak: 68932KB (+0KB), effectiveMin: 102400KB (+0KB), effectiveMinPeak: 102400KB (+0KB), requestedMinPeak: 102400KB (+0KB)
2025-09-12T17:17:12.141Z info vsand[2115025] [opID=MainThread VsanPyVmomiProfiler::log] Profiler:
2025-09-12T17:17:12.141Z info vsand[2115025] [opID=MainThread VsanPyVmomiProfiler::logProfile]   Import VsanHealth sub modules: VsanVcDiskFormatConverterImpl: 0.01s, consumed: 14824KB (+0KB), consumedPeak: 68932KB (+0KB), effectiveMin: 102400KB (+0KB), effectiveMinPeak: 102400KB (+0KB), requestedMinPeak: 102400KB (+0KB)
2025-09-12T17:17:12.147Z info vsand[2115025] [opID=MainThread VsanPyVmomiProfiler::log] Profiler:
2025-09-12T17:17:12.147Z info vsand[2115025] [opID=MainThread VsanPyVmomiProfiler::logProfile]   Import VsanHealth sub modules: VsanMassCollector: 0.01s, consumed: 14824KB (+0KB), consumedPeak: 68932KB (+0KB), effectiveMin: 102400KB (+0KB), effectiveMinPeak: 102400KB (+0KB), requestedMinPeak: 102400KB (+0KB)
2025-09-12T17:17:12.150Z info vsand[2115025] [opID=MainThread VsanMgmtUtil::__init__] Initialized ObjectCache: 'ph_obfuscationLookupTable', maxSize=10000, ttl=None
2025-09-12T17:17:12.150Z info vsand[2115025] [opID=MainThread VsanMgmtUtil::__init__] Initialized ObjectCache: 'ph_database', maxSize=10000, ttl=None
2025-09-12T17:17:12.150Z info vsand[2115025] [opID=MainThread VsanMgmtUtil::__init__] Initialized ObjectCache: 'ph_exception_database', maxSize=10000, ttl=None
2025-09-12T17:17:12.156Z error vsand[2115025] [opID=MainThread VsanConfigUtil::isFeatureEnabledOnHost] Failed to get value for /config/VSAN/intOpts/CloudHealth Traceback (most recent call last):   File "/build/mts/release/bora-19184740/bora/build/vsan/release/vsanhealth/usr/lib/vmware/vsan/perfsvc/VsanConfigUtil.py", line 549, in isFeatureEnabledOnHost Exception: Not found
2025-09-12T17:17:12.158Z info vsand[2115025] [opID=MainThread VsanPyVmomiProfiler::log] Profiler:
2025-09-12T17:17:12.158Z info vsand[2115025] [opID=MainThread VsanPyVmomiProfiler::logProfile]   Import VsanHealth sub modules: VsanMassCollectorImpl: 0.01s, consumed: 14824KB (+0KB), consumedPeak: 68932KB (+0KB), effectiveMin: 102400KB (+0KB), effectiveMinPeak: 102400KB (+0KB), requestedMinPeak: 102400KB (+0KB)
2025-09-12T17:17:12.159Z info vsand[2115025] [opID=MainThread VsanPyVmomiProfiler::log] Profiler:
2025-09-12T17:17:12.159Z info vsand[2115025] [opID=MainThread VsanPyVmomiProfiler::logProfile]   Import VsanHealth sub modules: ServiceInstanceImpl: 0.00s, consumed: 14824KB (+0KB), consumedPeak: 68932KB (+0KB), effectiveMin: 102400KB (+0KB), effectiveMinPeak: 102400KB (+0KB), requestedMinPeak: 102400KB (+0KB)
2025-09-12T17:17:12.159Z info vsand[2115025] [opID=MainThread statsdaemon::LoadAndRegisterManagedObjects] Loading VsanIscsiTargetSystem__ext_init__
2025-09-12T17:17:12.210Z info vsand[2115025] [opID=MainThread statsdaemon::LoadAndRegisterManagedObjects] Loading VsanObjectSystem__ext_init__
2025-09-12T17:17:12.215Z info vsand[2115025] [opID=MainThread statsdaemon::LoadAndRegisterManagedObjects] Loading VsanPhoneHomeHostSystem__ext_init__
2025-09-12T17:17:12.219Z info vsand[2115025] [opID=MainThread statsdaemon::LoadAndRegisterManagedObjects] Loading VsanPrecheckerSystem__ext_init__
2025-09-12T17:17:12.224Z info vsand[2115025] [opID=MainThread statsdaemon::LoadAndRegisterManagedObjects] Loading VsanResourceCheckSystem__ext_init__
2025-09-12T17:17:12.231Z info vsand[2115025] [opID=MainThread statsdaemon::LoadAndRegisterManagedObjects] Loading VsanStretchedCluster__ext_init__
2025-09-12T17:17:12.237Z info vsand[2115025] [opID=MainThread statsdaemon::LoadAndRegisterManagedObjects] Loading VsanSystem__ext_init__
2025-09-12T17:17:12.240Z info vsand[2115071] [opID=Thread-5 VsanTaskTrackerImpl::_Reinit] Start connecting to hostd
2025-09-12T17:17:12.243Z info vsand[2115025] [opID=MainThread statsdaemon::LoadAndRegisterManagedObjects] Loading VsanVcDiskManagementSystem__ext_init__
2025-09-12T17:17:12.248Z info vsand[2115025] [opID=MainThread statsdaemon::LoadAndRegisterManagedObjects] Loading VsanVcIscsiTargetSystem__ext_init__
2025-09-12T17:17:12.253Z info vsand[2115025] [opID=MainThread statsdaemon::LoadAndRegisterManagedObjects] Loaded vSAN managed objects: 22 ({('ha-vsan-task-tracker', None): 'VsanTaskTrackerImpl:ha-vsan-task-tracker', ('ha-vsan-prechecker-system', None): 'VsanPrecheckerSystemImpl:ha-vsan-prechecker-system', ('vsan-vcsa-deployer-system', None): 'VsanVcsaDeployerSystemImpl:vsan-vcsa-deployer-system', ('vsan-performance-manager', None): 'VsanPerformanceManagerImpl:vsan-performance-manager', ('vsanSystem', None): 'VsanSystemImpl:vsanSystem', ('ha-dynamic-type-manager-python', None): 'DynamicTypeManager:ha-dynamic-type-manager-python', ('ha-vsan-stretched-cluster-system', None): 'VsanStretchedClusterSystem:ha-vsan-stretched-cluster-system', ('ha-cli-info-python', None): 'CLIInfoImpl:ha-cli-info-python', ('vsan-object-system', None): 'VsanObjectSystemImpl:vsan-object-system', ('ha-vsan
-cluster-health-system', None): 'VsanClusterHealthSystemImpl:ha-vsan-cluster-health-system', ('vsan-iscsi-target-system', None): 'VsanIscsiTargetSystemImpl:vsan-iscsi-target-system', ('vsan-internal-statsprovider', None): 'VsanInternalStatsProviderImpl:vsan-internal-statsprovider', ('ha-vsan-disk-management-system', None): 'VsanDiskManagementSystemImpl:ha-vsan-disk-management-system', ('ha-vsan-internal-system', None): 'VsanInternalSystem:ha-vsan-internal-system', ('ha-vsan-dp-space-system', None): 'VsanDataProtectionSpaceSystemImpl:ha-vsan-dp-space-system', ('vsan-capability-system', None): 'VsanCapabilitySystemImpl:vsan-capability-system', ('vsanSystemEx', None): 'VsanSystemExImpl:vsanSystemEx', ('ServiceInstance', None): 'ServiceInstanceImpl:ServiceInstance', ('vsanDebugSystem', None): 'VsanDebugSystemImpl:vsanDebugSystem', ('ha-vsan-async-system', None): 'VsanAsyncSystemImpl:ha-vsan-async-s
ystem', ('ha-vsan-health-system', None): 'VsanHealthSystemImpl:ha-vsan-health-system', ('ha-phonehome-host-system', None): 'VsanPhoneHomeHostSystemImpl:ha-phonehome-host-system'})
2025-09-12T17:17:12.253Z info vsand[2115025] [opID=MainThread VsanPyVmomiProfiler::log] Profiler:
2025-09-12T17:17:12.253Z info vsand[2115025] [opID=MainThread VsanPyVmomiProfiler::logProfile]   LoadAndRegisterManagedObjects: 0.46s, consumed: 61492KB (+46668KB), consumedPeak: 68932KB (+0KB), effectiveMin: 102400KB (+0KB), effectiveMinPeak: 102400KB (+0KB), requestedMinPeak: 102400KB (+0KB)
2025-09-12T17:17:12.254Z info vsand[2115025] [opID=MainThread VsanPyVmomiProfiler::logProfile]   __import__VcsaDeployerSystem__ext_init__: 0.04s, consumed: 14824KB (+0KB), consumedPeak: 68932KB (+0KB), effectiveMin: 102400KB (+0KB), effectiveMinPeak: 102400KB (+0KB), requestedMinPeak: 102400KB (+0KB)
2025-09-12T17:17:12.254Z info vsand[2115025] [opID=MainThread VsanPyVmomiProfiler::logProfile]   __import__VsanCapabilitySystem__ext_init__: 0.00s, consumed: 14824KB (+0KB), consumedPeak: 68932KB (+0KB), effectiveMin: 102400KB (+0KB), effectiveMinPeak: 102400KB (+0KB), requestedMinPeak: 102400KB (+0KB)
2025-09-12T17:17:12.254Z info vsand[2115025] [opID=MainThread VsanPyVmomiProfiler::logProfile]   __import__VsanDebugSystem__ext_init__: 0.00s, consumed: 14824KB (+0KB), consumedPeak: 68932KB (+0KB), effectiveMin: 102400KB (+0KB), effectiveMinPeak: 102400KB (+0KB), requestedMinPeak: 102400KB (+0KB)
2025-09-12T17:17:12.254Z info vsand[2115025] [opID=MainThread VsanPyVmomiProfiler::logProfile]   __import__VsanDiskManagementSystem__ext_init__: 0.02s, consumed: 14824KB (+0KB), consumedPeak: 68932KB (+0KB), effectiveMin: 102400KB (+0KB), effectiveMinPeak: 102400KB (+0KB), requestedMinPeak: 102400KB (+0KB)
2025-09-12T17:17:12.255Z info vsand[2115025] [opID=MainThread VsanPyVmomiProfiler::logProfile]   __import__VsanHealth__ext_init__: 0.28s, consumed: 14824KB (+0KB), consumedPeak: 68932KB (+0KB), effectiveMin: 102400KB (+0KB), effectiveMinPeak: 102400KB (+0KB), requestedMinPeak: 102400KB (+0KB)
2025-09-12T17:17:12.255Z info vsand[2115025] [opID=MainThread VsanPyVmomiProfiler::logProfile]   __import__VsanIscsiTargetSystem__ext_init__: 0.05s, consumed: 61492KB (+46668KB), consumedPeak: 68932KB (+0KB), effectiveMin: 102400KB (+0KB), effectiveMinPeak: 102400KB (+0KB), requestedMinPeak: 102400KB (+0KB)
2025-09-12T17:17:12.255Z info vsand[2115025] [opID=MainThread VsanPyVmomiProfiler::logProfile]   __import__VsanObjectSystem__ext_init__: 0.00s, consumed: 61492KB (+0KB), consumedPeak: 68932KB (+0KB), effectiveMin: 102400KB (+0KB), effectiveMinPeak: 102400KB (+0KB), requestedMinPeak: 102400KB (+0KB)
2025-09-12T17:17:12.255Z info vsand[2115025] [opID=MainThread VsanPyVmomiProfiler::logProfile]   __import__VsanPhoneHomeHostSystem__ext_init__: 0.00s, consumed: 61492KB (+0KB), consumedPeak: 68932KB (+0KB), effectiveMin: 102400KB (+0KB), effectiveMinPeak: 102400KB (+0KB), requestedMinPeak: 102400KB (+0KB)
2025-09-12T17:17:12.256Z info vsand[2115025] [opID=MainThread VsanPyVmomiProfiler::logProfile]   __import__VsanPrecheckerSystem__ext_init__: 0.00s, consumed: 61492KB (+0KB), consumedPeak: 68932KB (+0KB), effectiveMin: 102400KB (+0KB), effectiveMinPeak: 102400KB (+0KB), requestedMinPeak: 102400KB (+0KB)
2025-09-12T17:17:12.256Z info vsand[2115025] [opID=MainThread VsanPyVmomiProfiler::logProfile]   __import__VsanResourceCheckSystem__ext_init__: 0.01s, consumed: 61492KB (+0KB), consumedPeak: 68932KB (+0KB), effectiveMin: 102400KB (+0KB), effectiveMinPeak: 102400KB (+0KB), requestedMinPeak: 102400KB (+0KB)
2025-09-12T17:17:12.256Z info vsand[2115025] [opID=MainThread VsanPyVmomiProfiler::logProfile]   __import__VsanStretchedCluster__ext_init__: 0.01s, consumed: 61492KB (+0KB), consumedPeak: 68932KB (+0KB), effectiveMin: 102400KB (+0KB), effectiveMinPeak: 102400KB (+0KB), requestedMinPeak: 102400KB (+0KB)
2025-09-12T17:17:12.256Z info vsand[2115025] [opID=MainThread VsanPyVmomiProfiler::logProfile]   __import__VsanSystem__ext_init__: 0.01s, consumed: 61492KB (+0KB), consumedPeak: 68932KB (+0KB), effectiveMin: 102400KB (+0KB), effectiveMinPeak: 102400KB (+0KB), requestedMinPeak: 102400KB (+0KB)
2025-09-12T17:17:12.256Z info vsand[2115025] [opID=MainThread VsanPyVmomiProfiler::logProfile]   __import__VsanVcDiskManagementSystem__ext_init__: 0.00s, consumed: 61492KB (+0KB), consumedPeak: 68932KB (+0KB), effectiveMin: 102400KB (+0KB), effectiveMinPeak: 102400KB (+0KB), requestedMinPeak: 102400KB (+0KB)
2025-09-12T17:17:12.257Z info vsand[2115025] [opID=MainThread VsanPyVmomiProfiler::logProfile]   __import__VsanVcIscsiTargetSystem__ext_init__: 0.00s, consumed: 61492KB (+0KB), consumedPeak: 68932KB (+0KB), effectiveMin: 102400KB (+0KB), effectiveMinPeak: 102400KB (+0KB), requestedMinPeak: 102400KB (+0KB)
2025-09-12T17:17:12.257Z info vsand[2115025] [opID=MainThread VsanPyVmomiProfiler::logProfile]   scanExtInitFiles: 0.01s, consumed: 14824KB (+0KB), consumedPeak: 68932KB (+0KB), effectiveMin: 102400KB (+0KB), effectiveMinPeak: 102400KB (+0KB), requestedMinPeak: 102400KB (+0KB)
2025-09-12T17:17:12.257Z info vsand[2115025] [opID=MainThread VsanPyVmomiProfiler::logProfile]   vsanPerfMgr: 0.01s, consumed: 14824KB (+0KB), consumedPeak: 68932KB (+0KB), effectiveMin: 102400KB (+0KB), effectiveMinPeak: 102400KB (+0KB), requestedMinPeak: 102400KB (+0KB)
2025-09-12T17:17:12.257Z info vsand[2115025] [opID=MainThread VsanPyVmomiProfiler::logProfile]   vsanPerfPyMo: 0.00s, consumed: 14824KB (+0KB), consumedPeak: 68932KB (+0KB), effectiveMin: 102400KB (+0KB), effectiveMinPeak: 102400KB (+0KB), requestedMinPeak: 102400KB (+0KB)
2025-09-12T17:17:12.258Z info vsand[2115025] [opID=MainThread VsanVmomiPatcher::PatchMoManager] MoManager is patched!
2025-09-12T17:17:12.318Z info vsand[2115071] [opID=Thread-5 VsanHealthUtil::LoginLocalHostd] Done login/relogin to local hostd.
2025-09-12T17:17:12.346Z info vsand[2115071] [opID=Thread-5 VsanTaskTrackerImpl::_Reinit] Done connecting to hostd
2025-09-12T17:17:12.353Z info vsand[2115025] [opID=MainThread statsdaemon::run] Connected to hostd, VMware ESXi 6.7.0 build-19195723
2025-09-12T17:17:12.432Z info vsand[2115025] [opID=MainThread VsanHealthUtil::importEsxcliTypes] Begin to import esxcli types
2025-09-12T17:17:12.819Z info vsand[2115025] [opID=MainThread statsdaemon::run] import network type successfully
2025-09-12T17:17:12.820Z error vsand[2115025] [opID=MainThread cliutils::SubscribeToCMMDS] uninstalling subscription Traceback (most recent call last):   File "/build/mts/release/bora-19184740/bora/build/vsan/release/vsanhealth/usr/lib/vmware/vsan/perfsvc/cliutils.py", line 333, in SubscribeToCMMDS RuntimeError: Operation not allowed because the VMKernel is shutting down
2025-09-12T17:17:12.820Z error vsand[2115025] [opID=MainThread cliutils::GetVSANClusterInfo] Failed to query cluster info: Operation not allowed because the VMKernel is shutting down
2025-09-12T17:17:12.821Z info vsand[2115025] [opID=MainThread statsdaemon::_logDaemonMemoryStats] Daemon memory stats: eMin=102.400MB, eMinPeak=102.400MB, rMinPeak=102.400MB
2025-09-12T17:17:12.822Z info vsand[2115025] [opID=MainThread statsdaemon::_logDaemonMemoryStats]   'python.2115025' memory stats: eMin=78.828MB, eMinPeak=78.828MB, rMinPeak=78.828MB
2025-09-12T17:17:13.940Z info vsand[2115063] [opID=Thread-2 VsanHealthDaemon::_subscribeCmmds] Subscribe CMMDS entry change listener
2025-09-12T17:17:13.940Z error vsand[2115063] [opID=Thread-2 cliutils::SubscribeToCMMDS] uninstalling subscription Traceback (most recent call last):   File "/build/mts/release/bora-19184740/bora/build/vsan/release/vsanhealth/usr/lib/vmware/vsan/perfsvc/cliutils.py", line 333, in SubscribeToCMMDS RuntimeError: Operation not allowed because the VMKernel is shutting down
2025-09-12T17:17:13.941Z error vsand[2115063] [opID=Thread-2 cliutils::SubscribeToCMMDS] uninstalling subscription Traceback (most recent call last):   File "/build/mts/release/bora-19184740/bora/build/vsan/release/vsanhealth/usr/lib/vmware/vsan/perfsvc/cliutils.py", line 333, in SubscribeToCMMDS RuntimeError: Operation not allowed because the VMKernel is shutting down
2025-09-12T17:17:13.941Z error vsand[2115063] [opID=Thread-2 cliutils::SubscribeToCMMDS] uninstalling subscription Traceback (most recent call last):   File "/build/mts/release/bora-19184740/bora/build/vsan/release/vsanhealth/usr/lib/vmware/vsan/perfsvc/cliutils.py", line 333, in SubscribeToCMMDS RuntimeError: Operation not allowed because the VMKernel is shutting down
2025-09-12T17:17:13.941Z error vsand[2115063] [opID=Thread-2 cliutils::SubscribeToCMMDS] uninstalling subscription Traceback (most recent call last):   File "/build/mts/release/bora-19184740/bora/build/vsan/release/vsanhealth/usr/lib/vmware/vsan/perfsvc/cliutils.py", line 333, in SubscribeToCMMDS RuntimeError: Operation not allowed because the VMKernel is shutting down
2025-09-12T17:17:13.941Z error vsand[2115063] [opID=Thread-2 cliutils::SubscribeToCMMDS] uninstalling subscription Traceback (most recent call last):   File "/build/mts/release/bora-19184740/bora/build/vsan/release/vsanhealth/usr/lib/vmware/vsan/perfsvc/cliutils.py", line 333, in SubscribeToCMMDS RuntimeError: Operation not allowed because the VMKernel is shutting down
2025-09-12T17:17:13.942Z info vsand[2115063] [opID=Thread-2 VsanHealthDaemon::doVsanHealthCheck] Skip VSAN health check due to the VSAN is disabled
2025-09-12T17:17:14.002Z info vsand[2115056] [opID=f4a46501 VsanCapabilitySystemImpl::_GetConfigOptionValue] _GetConfigOptionValue value 1 for Encryption
2025-09-12T17:17:14.002Z info vsand[2115056] [opID=f4a46501 VsanCapabilitySystemImpl::_GetConfigOptionValue] _GetConfigOptionValue value 1 for DecomWhatIf
2025-09-12T17:17:14.002Z info vsand[2115056] [opID=f4a46501 VsanCapabilitySystemImpl::_GetConfigOptionValue] _GetConfigOptionValue value 1 for ThrottleResync
2025-09-12T17:17:14.002Z info vsand[2115056] [opID=f4a46501 VsanCapabilitySystemImpl::_GetConfigOptionValue] _GetConfigOptionValue value 1 for UnicastMode
2025-09-12T17:17:14.002Z info vsand[2115056] [opID=f4a46501 VsanCapabilitySystemImpl::_GetConfigOptionValue] _GetConfigOptionValue value 1 for Device4KSupport
2025-09-12T17:17:14.003Z info vsand[2115056] [opID=f4a46501 VsanCapabilitySystemImpl::_GetConfigOptionValue] _GetConfigOptionValue value 1 for NestedFD
2025-09-12T17:17:14.003Z info vsand[2115056] [opID=f4a46501 VsanCapabilitySystemImpl::_GetConfigOptionValue] _GetConfigOptionValue value 0 for CompliancePrecheck
2025-09-12T17:17:14.003Z info vsand[2115056] [opID=f4a46501 VsanCapabilitySystemImpl::_GetConfigOptionValue] _GetConfigOptionValue value 1 for VumIntegration
2025-09-12T17:17:14.003Z info vsand[2115056] [opID=f4a46501 VsanCapabilitySystemImpl::_GetConfigOptionValue] _GetConfigOptionValue value 1 for FirmwareUpdate
2025-09-12T17:17:14.003Z error vsand[2115056] [opID=f4a46501 VsanCapabilitySystemImpl::_GetConfigOptionValue] Unable to get value for FullStackFw due to: Not found
2025-09-12T17:17:14.003Z info vsand[2115056] [opID=f4a46501 VsanCapabilitySystemImpl::_GetConfigOptionValue] _GetConfigOptionValue value 1 for ConfigAssist
2025-09-12T17:17:14.004Z error vsand[2115056] [opID=f4a46501 VsanCapabilitySystemImpl::_GetConfigOptionValue] Unable to get value for Fcd due to: Not found
2025-09-12T17:17:14.004Z info vsand[2115056] [opID=f4a46501 VsanCapabilitySystemImpl::_GetConfigOptionValue] _GetConfigOptionValue value 0 for GenericNestedFD
2025-09-12T17:17:14.004Z info vsand[2115056] [opID=f4a46501 VsanCapabilitySystemImpl::_GetConfigOptionValue] _GetConfigOptionValue value 1 for HostAffinity
2025-09-12T17:17:14.004Z info vsand[2115056] [opID=f4a46501 VsanCapabilitySystemImpl::_GetConfigOptionValue] _GetConfigOptionValue value 1 for PolicyAssociation
2025-09-12T17:17:14.005Z info vsand[2115056] [opID=f4a46501 VsanCapabilitySystemImpl::_GetConfigOptionValue] _GetConfigOptionValue value 0 for VSAN_RDMA
2025-09-12T17:17:14.005Z info vsand[2115056] [opID=f4a46501 VsanCapabilitySystemImpl::_GetConfigOptionValue] _GetConfigOptionValue value 1 for ClomBgProRebalanceSwitch
2025-09-12T17:17:14.005Z info vsand[2115056] [opID=f4a46501 VsanCapabilitySystemImpl::_GetConfigOptionValue] _GetConfigOptionValue value 1 for ResourcePrecheck
2025-09-12T17:17:14.005Z info vsand[2115056] [opID=f4a46501 VsanCapabilitySystemImpl::_GetConfigOptionValue] _GetConfigOptionValue value 1 for EnableUpgradeAudit
2025-09-12T17:17:14.005Z info vsand[2115056] [opID=f4a46501 VsanCapabilitySystemImpl::_GetConfigOptionValue] _GetConfigOptionValue value 1 for ResyncEtaImprovement
2025-09-12T17:17:14.006Z info vsand[2115056] [opID=f4a46501 VsanCapabilitySystemImpl::_GetConfigOptionValue] _GetConfigOptionValue value 1 for VitOnlineResize
2025-09-12T17:17:14.006Z info vsand[2115056] [opID=f4a46501 VsanCapabilitySystemImpl::_GetConfigOptionValue] _GetConfigOptionValue value 0 for LargeCapacityDrive
2025-09-12T17:17:14.006Z info vsand[2115056] [opID=f4a46501 VsanCapabilitySystemImpl::GetCapabilities] Capabilities: ['iscsitargets', 'unicastmode', 'fileservices', 'masspropertycollector', 'resyncetaimprovement', 'upgrade', 'objectidentities', 'dataefficiency', 'enhancedresyncapi', 'throttleresync', 'allflash', 'device4ksupport', 'historicalcapacity', 'vitonlineresize', 'netperftest', 'decomwhatif', 'resourceprecheck', 'stretchedcluster', 'diagnosticmode', 'configassist', 'firmwareupdate', 'vumintegration', 'nestedfd', 'healthcheck2018q2', 'policyassociation', 'clusterconfig', 'automaticrebalance', 'cloudhealth', 'encryption', 'upgraderesourceprecheck', 'capability', 'hostaffinity', 'repairtimerinresyncstats', 'purgeinaccessiblevmswapobjects']
2025-09-12T17:17:17.824Z error vsand[2115025] [opID=MainThread cliutils::GetVSANClusterInfo] Failed to query cluster info: Operation not allowed because the VMKernel is shutting down
2025-09-12T17:17:17.923Z info vsand[2115062] [opID=Thread-1 VsanPyVmomiProfiler::logProfile]   invoke-method:ServiceInstance:RetrieveContent: 0.01s, consumed: 66664KB (+0KB), consumedPeak: 68932KB (+0KB), effectiveMin: 102400KB (+0KB), effectiveMinPeak: 102400KB (+0KB), requestedMinPeak: 102400KB (+0KB)
2025-09-12T17:17:17.943Z info vsand[2115062] [opID=Thread-1 VsanMgmtUtil::__init__] Initialized ObjectCache: 'healthSummaryCache', maxSize=1024, ttl=None
2025-09-12T17:17:17.944Z info vsand[2115062] [opID=Thread-1 VsanMgmtUtil::__init__] Initialized ObjectCache: 'healthHistoricalCache', maxSize=1024, ttl=4000
2025-09-12T17:17:17.945Z info vsand[2115062] [opID=Thread-1 VsanVcPerformanceManagerImpl::__init__] VsanVcPerformanceManagerImpl init
2025-09-12T17:17:17.948Z info vsand[2115062] [opID=Thread-1 VsanVcObjectSystemImpl::__init__] VsanVcObjectSystemImpl init
2025-09-12T17:17:17.949Z info vsand[2115062] [opID=Thread-1 VsanResourceCheckSystemImpl::__init__] VsanResourceCheckSystemImpl init
2025-09-12T17:17:17.949Z info vsand[2115062] [opID=Thread-1 VsanMgmtUtil::__init__] Initialized ObjectCache: 'DiskMappingCache', maxSize=2000, ttl=None
2025-09-12T17:17:17.949Z info vsand[2115062] [opID=Thread-1 VsanVcIscsiTargetSystemImpl::__init__] VsanVcIscsiTargetSystemImpl init
2025-09-12T17:17:22.827Z error vsand[2115025] [opID=MainThread cliutils::GetVSANClusterInfo] Failed to query cluster info: Operation not allowed because the VMKernel is shutting down
2025-09-12T17:17:27.831Z error vsand[2115025] [opID=MainThread cliutils::GetVSANClusterInfo] Failed to query cluster info: Operation not allowed because the VMKernel is shutting down
2025-09-12T17:17:32.834Z error vsand[2115025] [opID=MainThread cliutils::GetVSANClusterInfo] Failed to query cluster info: Operation not allowed because the VMKernel is shutting down
2025-09-12T17:17:37.835Z error vsand[2115025] [opID=MainThread cliutils::GetVSANClusterInfo] Failed to query cluster info: Operation not allowed because the VMKernel is shutting down
2025-09-12T17:17:42.839Z error vsand[2115025] [opID=MainThread cliutils::GetVSANClusterInfo] Failed to query cluster info: Operation not allowed because the VMKernel is shutting down
2025-09-12T17:17:47.842Z error vsand[2115025] [opID=MainThread cliutils::GetVSANClusterInfo] Failed to query cluster info: Operation not allowed because the VMKernel is shutting down
2025-09-12T17:17:52.843Z error vsand[2115025] [opID=MainThread cliutils::GetVSANClusterInfo] Failed to query cluster info: Operation not allowed because the VMKernel is shutting down
2025-09-12T17:17:57.845Z error vsand[2115025] [opID=MainThread cliutils::GetVSANClusterInfo] Failed to query cluster info: Operation not allowed because the VMKernel is shutting down
2025-09-12T17:18:02.848Z error vsand[2115025] [opID=MainThread cliutils::GetVSANClusterInfo] Failed to query cluster info: Operation not allowed because the VMKernel is shutting down
2025-09-12T17:18:07.851Z error vsand[2115025] [opID=MainThread cliutils::GetVSANClusterInfo] Failed to query cluster info: Operation not allowed because the VMKernel is shutting down
2025-09-12T17:18:12.853Z error vsand[2115025] [opID=MainThread cliutils::GetVSANClusterInfo] Failed to query cluster info: Operation not allowed because the VMKernel is shutting down
2025-09-12T17:18:17.855Z error vsand[2115025] [opID=MainThread cliutils::GetVSANClusterInfo] Failed to query cluster info: Operation not allowed because the VMKernel is shutting down
2025-09-12T17:18:22.858Z error vsand[2115025] [opID=MainThread cliutils::GetVSANClusterInfo] Failed to query cluster info: Operation not allowed because the VMKernel is shutting down
2025-09-12T17:18:27.861Z error vsand[2115025] [opID=MainThread cliutils::GetVSANClusterInfo] Failed to query cluster info: Operation not allowed because the VMKernel is shutting down
2025-09-12T17:18:32.863Z error vsand[2115025] [opID=MainThread cliutils::GetVSANClusterInfo] Failed to query cluster info: Operation not allowed because the VMKernel is shutting down
2025-09-12T17:18:37.864Z error vsand[2115025] [opID=MainThread cliutils::GetVSANClusterInfo] Failed to query cluster info: Operation not allowed because the VMKernel is shutting down
2025-09-12T17:18:42.865Z error vsand[2115025] [opID=MainThread cliutils::GetVSANClusterInfo] Failed to query cluster info: Operation not allowed because the VMKernel is shutting down
2025-09-12T17:18:47.868Z error vsand[2115025] [opID=MainThread cliutils::GetVSANClusterInfo] Failed to query cluster info: Operation not allowed because the VMKernel is shutting down
2025-09-12T17:18:52.871Z error vsand[2115025] [opID=MainThread cliutils::GetVSANClusterInfo] Failed to query cluster info: Operation not allowed because the VMKernel is shutting down
2025-09-12T17:18:57.875Z error vsand[2115025] [opID=MainThread cliutils::GetVSANClusterInfo] Failed to query cluster info: Operation not allowed because the VMKernel is shutting down
2025-09-12T17:19:02.878Z error vsand[2115025] [opID=MainThread cliutils::GetVSANClusterInfo] Failed to query cluster info: Operation not allowed because the VMKernel is shutting down
2025-09-12T17:19:07.880Z error vsand[2115025] [opID=MainThread cliutils::GetVSANClusterInfo] Failed to query cluster info: Operation not allowed because the VMKernel is shutting down
2025-09-12T17:19:12.883Z error vsand[2115025] [opID=MainThread cliutils::GetVSANClusterInfo] Failed to query cluster info: Operation not allowed because the VMKernel is shutting down
2025-09-12T17:19:17.885Z error vsand[2115025] [opID=MainThread cliutils::GetVSANClusterInfo] Failed to query cluster info: Operation not allowed because the VMKernel is shutting down
2025-09-12T17:19:22.888Z error vsand[2115025] [opID=MainThread cliutils::GetVSANClusterInfo] Failed to query cluster info: Operation not allowed because the VMKernel is shutting down
2025-09-12T17:19:27.891Z error vsand[2115025] [opID=MainThread cliutils::GetVSANClusterInfo] Failed to query cluster info: Operation not allowed because the VMKernel is shutting down
2025-09-12T17:19:32.894Z error vsand[2115025] [opID=MainThread cliutils::GetVSANClusterInfo] Failed to query cluster info: Operation not allowed because the VMKernel is shutting down
2025-09-12T17:19:37.896Z error vsand[2115025] [opID=MainThread cliutils::GetVSANClusterInfo] Failed to query cluster info: Operation not allowed because the VMKernel is shutting down
2025-09-12T17:19:42.899Z error vsand[2115025] [opID=MainThread cliutils::GetVSANClusterInfo] Failed to query cluster info: Operation not allowed because the VMKernel is shutting down
2025-09-12T17:19:47.902Z error vsand[2115025] [opID=MainThread cliutils::GetVSANClusterInfo] Failed to query cluster info: Operation not allowed because the VMKernel is shutting down
2025-09-12T17:19:52.903Z error vsand[2115025] [opID=MainThread cliutils::GetVSANClusterInfo] Failed to query cluster info: Operation not allowed because the VMKernel is shutting down
2025-09-12T17:19:57.905Z error vsand[2115025] [opID=MainThread cliutils::GetVSANClusterInfo] Failed to query cluster info: Operation not allowed because the VMKernel is shutting down
2025-09-12T17:20:02.908Z error vsand[2115025] [opID=MainThread cliutils::GetVSANClusterInfo] Failed to query cluster info: Operation not allowed because the VMKernel is shutting down
2025-09-12T17:20:07.910Z error vsand[2115025] [opID=MainThread cliutils::GetVSANClusterInfo] Failed to query cluster info: Operation not allowed because the VMKernel is shutting down
2025-09-12T17:20:12.913Z error vsand[2115025] [opID=MainThread cliutils::GetVSANClusterInfo] Failed to query cluster info: Operation not allowed because the VMKernel is shutting down
2025-09-12T17:20:17.915Z error vsand[2115025] [opID=MainThread cliutils::GetVSANClusterInfo] Failed to query cluster info: Operation not allowed because the VMKernel is shutting down
2025-09-12T17:20:22.918Z error vsand[2115025] [opID=MainThread cliutils::GetVSANClusterInfo] Failed to query cluster info: Operation not allowed because the VMKernel is shutting down
2025-09-12T17:20:27.920Z error vsand[2115025] [opID=MainThread cliutils::GetVSANClusterInfo] Failed to query cluster info: Operation not allowed because the VMKernel is shutting down
2025-09-12T17:20:32.923Z error vsand[2115025] [opID=MainThread cliutils::GetVSANClusterInfo] Failed to query cluster info: Operation not allowed because the VMKernel is shutting down
2025-09-12T17:20:37.925Z error vsand[2115025] [opID=MainThread cliutils::GetVSANClusterInfo] Failed to query cluster info: Operation not allowed because the VMKernel is shutting down
2025-09-12T17:20:42.927Z error vsand[2115025] [opID=MainThread cliutils::GetVSANClusterInfo] Failed to query cluster info: Operation not allowed because the VMKernel is shutting down
2025-09-12T17:20:47.930Z error vsand[2115025] [opID=MainThread cliutils::GetVSANClusterInfo] Failed to query cluster info: Operation not allowed because the VMKernel is shutting down
2025-09-12T17:20:52.934Z error vsand[2115025] [opID=MainThread cliutils::GetVSANClusterInfo] Failed to query cluster info: Operation not allowed because the VMKernel is shutting down
2025-09-12T17:20:57.935Z error vsand[2115025] [opID=MainThread cliutils::GetVSANClusterInfo] Failed to query cluster info: Operation not allowed because the VMKernel is shutting down
2025-09-12T17:21:02.938Z error vsand[2115025] [opID=MainThread cliutils::GetVSANClusterInfo] Failed to query cluster info: Operation not allowed because the VMKernel is shutting down
2025-09-12T17:21:07.942Z error vsand[2115025] [opID=MainThread cliutils::GetVSANClusterInfo] Failed to query cluster info: Operation not allowed because the VMKernel is shutting down
2025-09-12T17:21:12.945Z error vsand[2115025] [opID=MainThread cliutils::GetVSANClusterInfo] Failed to query cluster info: Operation not allowed because the VMKernel is shutting down
2025-09-12T17:21:17.948Z error vsand[2115025] [opID=MainThread cliutils::GetVSANClusterInfo] Failed to query cluster info: Operation not allowed because the VMKernel is shutting down
2025-09-12T17:21:22.951Z error vsand[2115025] [opID=MainThread cliutils::GetVSANClusterInfo] Failed to query cluster info: Operation not allowed because the VMKernel is shutting down
2025-09-12T17:21:27.954Z error vsand[2115025] [opID=MainThread cliutils::GetVSANClusterInfo] Failed to query cluster info: Operation not allowed because the VMKernel is shutting down
2025-09-12T17:21:32.958Z error vsand[2115025] [opID=MainThread cliutils::GetVSANClusterInfo] Failed to query cluster info: Operation not allowed because the VMKernel is shutting down
2025-09-12T17:21:37.961Z error vsand[2115025] [opID=MainThread cliutils::GetVSANClusterInfo] Failed to query cluster info: Operation not allowed because the VMKernel is shutting down
2025-09-12T17:21:42.964Z error vsand[2115025] [opID=MainThread cliutils::GetVSANClusterInfo] Failed to query cluster info: Operation not allowed because the VMKernel is shutting down
2025-09-12T17:21:47.967Z error vsand[2115025] [opID=MainThread cliutils::GetVSANClusterInfo] Failed to query cluster info: Operation not allowed because the VMKernel is shutting down
2025-09-12T17:21:52.970Z error vsand[2115025] [opID=MainThread cliutils::GetVSANClusterInfo] Failed to query cluster info: Operation not allowed because the VMKernel is shutting down
2025-09-12T17:21:57.974Z error vsand[2115025] [opID=MainThread cliutils::GetVSANClusterInfo] Failed to query cluster info: Operation not allowed because the VMKernel is shutting down
2025-09-12T17:22:02.975Z error vsand[2115025] [opID=MainThread cliutils::GetVSANClusterInfo] Failed to query cluster info: Operation not allowed because the VMKernel is shutting down
2025-09-12T17:22:07.978Z error vsand[2115025] [opID=MainThread cliutils::GetVSANClusterInfo] Failed to query cluster info: Operation not allowed because the VMKernel is shutting down
2025-09-12T17:22:12.982Z error vsand[2115025] [opID=MainThread cliutils::GetVSANClusterInfo] Failed to query cluster info: Operation not allowed because the VMKernel is shutting down
2025-09-12T17:22:13.944Z info vsand[2115063] [opID=Thread-2 VsanHealthDaemon::doVsanHealthCheck] Skip VSAN health check due to the VSAN is disabled
2025-09-12T17:22:17.985Z error vsand[2115025] [opID=MainThread cliutils::GetVSANClusterInfo] Failed to query cluster info: Operation not allowed because the VMKernel is shutting down
2025-09-12T17:22:22.988Z error vsand[2115025] [opID=MainThread cliutils::GetVSANClusterInfo] Failed to query cluster info: Operation not allowed because the VMKernel is shutting down
2025-09-12T17:22:27.992Z error vsand[2115025] [opID=MainThread cliutils::GetVSANClusterInfo] Failed to query cluster info: Operation not allowed because the VMKernel is shutting down
2025-09-12T17:22:32.995Z error vsand[2115025] [opID=MainThread cliutils::GetVSANClusterInfo] Failed to query cluster info: Operation not allowed because the VMKernel is shutting down
2025-09-12T17:22:37.998Z error vsand[2115025] [opID=MainThread cliutils::GetVSANClusterInfo] Failed to query cluster info: Operation not allowed because the VMKernel is shutting down
2025-09-12T17:22:43.002Z error vsand[2115025] [opID=MainThread cliutils::GetVSANClusterInfo] Failed to query cluster info: Operation not allowed because the VMKernel is shutting down
2025-09-12T17:22:48.003Z error vsand[2115025] [opID=MainThread cliutils::GetVSANClusterInfo] Failed to query cluster info: Operation not allowed because the VMKernel is shutting down
2025-09-12T17:22:53.005Z error vsand[2115025] [opID=MainThread cliutils::GetVSANClusterInfo] Failed to query cluster info: Operation not allowed because the VMKernel is shutting down
2025-09-12T17:22:58.008Z error vsand[2115025] [opID=MainThread cliutils::GetVSANClusterInfo] Failed to query cluster info: Operation not allowed because the VMKernel is shutting down
2025-09-12T17:23:03.011Z error vsand[2115025] [opID=MainThread cliutils::GetVSANClusterInfo] Failed to query cluster info: Operation not allowed because the VMKernel is shutting down
2025-09-12T17:23:08.015Z error vsand[2115025] [opID=MainThread cliutils::GetVSANClusterInfo] Failed to query cluster info: Operation not allowed because the VMKernel is shutting down
2025-09-12T17:23:13.018Z error vsand[2115025] [opID=MainThread cliutils::GetVSANClusterInfo] Failed to query cluster info: Operation not allowed because the VMKernel is shutting down
2025-09-12T17:23:18.021Z error vsand[2115025] [opID=MainThread cliutils::GetVSANClusterInfo] Failed to query cluster info: Operation not allowed because the VMKernel is shutting down
2025-09-12T17:23:23.023Z error vsand[2115025] [opID=MainThread cliutils::GetVSANClusterInfo] Failed to query cluster info: Operation not allowed because the VMKernel is shutting down
2025-09-12T17:23:28.025Z error vsand[2115025] [opID=MainThread cliutils::GetVSANClusterInfo] Failed to query cluster info: Operation not allowed because the VMKernel is shutting down
2025-09-12T17:23:33.028Z error vsand[2115025] [opID=MainThread cliutils::GetVSANClusterInfo] Failed to query cluster info: Operation not allowed because the VMKernel is shutting down
2025-09-12T17:23:38.031Z error vsand[2115025] [opID=MainThread cliutils::GetVSANClusterInfo] Failed to query cluster info: Operation not allowed because the VMKernel is shutting down
2025-09-12T17:23:43.034Z error vsand[2115025] [opID=MainThread cliutils::GetVSANClusterInfo] Failed to query cluster info: Operation not allowed because the VMKernel is shutting down
2025-09-12T17:23:48.037Z error vsand[2115025] [opID=MainThread cliutils::GetVSANClusterInfo] Failed to query cluster info: Operation not allowed because the VMKernel is shutting down
2025-09-12T17:23:53.039Z error vsand[2115025] [opID=MainThread cliutils::GetVSANClusterInfo] Failed to query cluster info: Operation not allowed because the VMKernel is shutting down
2025-09-12T17:23:58.042Z error vsand[2115025] [opID=MainThread cliutils::GetVSANClusterInfo] Failed to query cluster info: Operation not allowed because the VMKernel is shutting down
2025-09-12T17:24:03.045Z error vsand[2115025] [opID=MainThread cliutils::GetVSANClusterInfo] Failed to query cluster info: Operation not allowed because the VMKernel is shutting down
2025-09-12T17:24:08.048Z error vsand[2115025] [opID=MainThread cliutils::GetVSANClusterInfo] Failed to query cluster info: Operation not allowed because the VMKernel is shutting down
2025-09-12T17:24:13.051Z error vsand[2115025] [opID=MainThread cliutils::GetVSANClusterInfo] Failed to query cluster info: Operation not allowed because the VMKernel is shutting down
2025-09-12T17:24:18.055Z error vsand[2115025] [opID=MainThread cliutils::GetVSANClusterInfo] Failed to query cluster info: Operation not allowed because the VMKernel is shutting down
2025-09-12T17:24:23.058Z error vsand[2115025] [opID=MainThread cliutils::GetVSANClusterInfo] Failed to query cluster info: Operation not allowed because the VMKernel is shutting down
2025-09-12T17:24:28.061Z error vsand[2115025] [opID=MainThread cliutils::GetVSANClusterInfo] Failed to query cluster info: Operation not allowed because the VMKernel is shutting down
2025-09-12T17:24:33.065Z error vsand[2115025] [opID=MainThread cliutils::GetVSANClusterInfo] Failed to query cluster info: Operation not allowed because the VMKernel is shutting down
2025-09-12T17:24:38.068Z error vsand[2115025] [opID=MainThread cliutils::GetVSANClusterInfo] Failed to query cluster info: Operation not allowed because the VMKernel is shutting down
2025-09-12T17:24:43.071Z error vsand[2115025] [opID=MainThread cliutils::GetVSANClusterInfo] Failed to query cluster info: Operation not allowed because the VMKernel is shutting down
2025-09-12T17:24:48.074Z error vsand[2115025] [opID=MainThread cliutils::GetVSANClusterInfo] Failed to query cluster info: Operation not allowed because the VMKernel is shutting down
2025-09-12T17:24:53.078Z error vsand[2115025] [opID=MainThread cliutils::GetVSANClusterInfo] Failed to query cluster info: Operation not allowed because the VMKernel is shutting down
2025-09-12T17:24:58.079Z error vsand[2115025] [opID=MainThread cliutils::GetVSANClusterInfo] Failed to query cluster info: Operation not allowed because the VMKernel is shutting down
2025-09-12T17:25:03.081Z error vsand[2115025] [opID=MainThread cliutils::GetVSANClusterInfo] Failed to query cluster info: Operation not allowed because the VMKernel is shutting down
2025-09-12T17:25:08.083Z error vsand[2115025] [opID=MainThread cliutils::GetVSANClusterInfo] Failed to query cluster info: Operation not allowed because the VMKernel is shutting down
2025-09-12T17:25:13.085Z error vsand[2115025] [opID=MainThread cliutils::GetVSANClusterInfo] Failed to query cluster info: Operation not allowed because the VMKernel is shutting down
2025-09-12T17:25:18.088Z error vsand[2115025] [opID=MainThread cliutils::GetVSANClusterInfo] Failed to query cluster info: Operation not allowed because the VMKernel is shutting down
2025-09-12T17:25:23.089Z error vsand[2115025] [opID=MainThread cliutils::GetVSANClusterInfo] Failed to query cluster info: Operation not allowed because the VMKernel is shutting down
2025-09-12T17:25:28.093Z error vsand[2115025] [opID=MainThread cliutils::GetVSANClusterInfo] Failed to query cluster info: Operation not allowed because the VMKernel is shutting down
2025-09-12T17:25:33.095Z error vsand[2115025] [opID=MainThread cliutils::GetVSANClusterInfo] Failed to query cluster info: Operation not allowed because the VMKernel is shutting down
2025-09-12T17:25:38.098Z error vsand[2115025] [opID=MainThread cliutils::GetVSANClusterInfo] Failed to query cluster info: Operation not allowed because the VMKernel is shutting down
2025-09-12T17:25:43.101Z error vsand[2115025] [opID=MainThread cliutils::GetVSANClusterInfo] Failed to query cluster info: Operation not allowed because the VMKernel is shutting down
2025-09-12T17:25:48.105Z error vsand[2115025] [opID=MainThread cliutils::GetVSANClusterInfo] Failed to query cluster info: Operation not allowed because the VMKernel is shutting down
2025-09-12T17:25:53.108Z error vsand[2115025] [opID=MainThread cliutils::GetVSANClusterInfo] Failed to query cluster info: Operation not allowed because the VMKernel is shutting down
2025-09-12T17:25:58.111Z error vsand[2115025] [opID=MainThread cliutils::GetVSANClusterInfo] Failed to query cluster info: Operation not allowed because the VMKernel is shutting down
2025-09-12T17:26:03.113Z error vsand[2115025] [opID=MainThread cliutils::GetVSANClusterInfo] Failed to query cluster info: Operation not allowed because the VMKernel is shutting down
2025-09-12T17:26:08.115Z error vsand[2115025] [opID=MainThread cliutils::GetVSANClusterInfo] Failed to query cluster info: Operation not allowed because the VMKernel is shutting down
2025-09-12T17:26:13.117Z error vsand[2115025] [opID=MainThread cliutils::GetVSANClusterInfo] Failed to query cluster info: Operation not allowed because the VMKernel is shutting down
2025-09-12T17:26:18.119Z error vsand[2115025] [opID=MainThread cliutils::GetVSANClusterInfo] Failed to query cluster info: Operation not allowed because the VMKernel is shutting down
2025-09-12T17:26:23.122Z error vsand[2115025] [opID=MainThread cliutils::GetVSANClusterInfo] Failed to query cluster info: Operation not allowed because the VMKernel is shutting down
2025-09-12T17:26:28.125Z error vsand[2115025] [opID=MainThread cliutils::GetVSANClusterInfo] Failed to query cluster info: Operation not allowed because the VMKernel is shutting down
2025-09-12T17:26:33.128Z error vsand[2115025] [opID=MainThread cliutils::GetVSANClusterInfo] Failed to query cluster info: Operation not allowed because the VMKernel is shutting down
2025-09-12T17:26:38.131Z error vsand[2115025] [opID=MainThread cliutils::GetVSANClusterInfo] Failed to query cluster info: Operation not allowed because the VMKernel is shutting down
2025-09-12T17:26:43.134Z error vsand[2115025] [opID=MainThread cliutils::GetVSANClusterInfo] Failed to query cluster info: Operation not allowed because the VMKernel is shutting down
2025-09-12T17:26:48.137Z error vsand[2115025] [opID=MainThread cliutils::GetVSANClusterInfo] Failed to query cluster info: Operation not allowed because the VMKernel is shutting down
2025-09-12T17:26:53.139Z error vsand[2115025] [opID=MainThread cliutils::GetVSANClusterInfo] Failed to query cluster info: Operation not allowed because the VMKernel is shutting down
2025-09-12T17:26:57.682Z info vsand[2115053] [opID=0ef199b6-6508 statsdb::FindVsanDirObjectUuid] Query CMMDS for dir .vsan.stats
2025-09-12T17:26:57.683Z info vsand[2115053] [opID=0ef199b6-6508 statsdb::FindVsanDirObjectUuid] Query CMMDS for UUID b23e825c-94b2-69a4-2fea-46e1d7991356
2025-09-12T17:26:57.683Z info vsand[2115053] [opID=0ef199b6-6508 VsanPyVmomiProfiler::log] Profiler:
2025-09-12T17:26:57.684Z info vsand[2115053] [opID=0ef199b6-6508 VsanPyVmomiProfiler::logProfile]   _QueryStatsObjectInformation: 0.00s, consumed: 67476KB (+0KB), consumedPeak: 68932KB (+0KB), effectiveMin: 102400KB (+0KB), effectiveMinPeak: 102400KB (+0KB), requestedMinPeak: 102400KB (+0KB)
2025-09-12T17:26:57.685Z error vsand[2115053] [opID=0ef199b6-6508 cliutils::GetVSANClusterInfo] Failed to query cluster info: Operation not allowed because the VMKernel is shutting down
2025-09-12T17:26:57.687Z info vsand[2115053] [opID=0ef199b6-6508 VsanPyVmomiProfiler::log] Profiler:
2025-09-12T17:26:57.688Z info vsand[2115053] [opID=0ef199b6-6508 VsanPyVmomiProfiler::logProfile]   clomTool.getClomdStatsCommand: 0.00s, consumed: 67476KB (+0KB), consumedPeak: 68932KB (+0KB), effectiveMin: 102400KB (+0KB), effectiveMinPeak: 102400KB (+0KB), requestedMinPeak: 102400KB (+0KB)
2025-09-12T17:26:57.688Z info vsand[2115053] [opID=0ef199b6-6508 VsanPyVmomiProfiler::log] Profiler:
2025-09-12T17:26:57.689Z info vsand[2115053] [opID=0ef199b6-6508 VsanPyVmomiProfiler::logProfile]   AdvCfg.vsi: 0.00s, consumed: 67476KB (+0KB), consumedPeak: 68932KB (+0KB), effectiveMin: 102400KB (+0KB), effectiveMinPeak: 102400KB (+0KB), requestedMinPeak: 102400KB (+0KB)
2025-09-12T17:26:57.689Z info vsand[2115053] [opID=0ef199b6-6508 VsanPyVmomiProfiler::logProfile]   impl._QueryAdvCfg: 0.00s, consumed: 67476KB (+0KB), consumedPeak: 68932KB (+0KB), effectiveMin: 102400KB (+0KB), effectiveMinPeak: 102400KB (+0KB), requestedMinPeak: 102400KB (+0KB)
2025-09-12T17:26:57.690Z error vsand[2115053] [opID=0ef199b6-6508 cliutils::GetVSANClusterInfo] Failed to query cluster info: Operation not allowed because the VMKernel is shutting down
2025-09-12T17:26:57.692Z info vsand[2115053] [opID=0ef199b6-6508 VsanPyVmomiProfiler::log] Profiler:
2025-09-12T17:26:57.692Z info vsand[2115053] [opID=0ef199b6-6508 VsanPyVmomiProfiler::logProfile]   CheckLimits.vsi: 0.00s, consumed: 67476KB (+0KB), consumedPeak: 68932KB (+0KB), effectiveMin: 102400KB (+0KB), effectiveMinPeak: 102400KB (+0KB), requestedMinPeak: 102400KB (+0KB)
2025-09-12T17:26:57.692Z info vsand[2115053] [opID=0ef199b6-6508 VsanPyVmomiProfiler::logProfile]   cliutil.getVsanClusterInfo: 0.00s, consumed: 67476KB (+0KB), consumedPeak: 68932KB (+0KB), effectiveMin: 102400KB (+0KB), effectiveMinPeak: 102400KB (+0KB), requestedMinPeak: 102400KB (+0KB)
2025-09-12T17:26:57.692Z info vsand[2115053] [opID=0ef199b6-6508 VsanPyVmomiProfiler::logProfile]   impl._QueryCheckLimits: 0.00s, consumed: 67476KB (+0KB), consumedPeak: 68932KB (+0KB), effectiveMin: 102400KB (+0KB), effectiveMinPeak: 102400KB (+0KB), requestedMinPeak: 102400KB (+0KB)
2025-09-12T17:26:57.696Z info vsand[2115053] [opID=0ef199b6-6508 VsanPyVmomiProfiler::log] Profiler:
2025-09-12T17:26:57.697Z info vsand[2115053] [opID=0ef199b6-6508 VsanPyVmomiProfiler::logProfile]   impl.DetermineObjectStatus 1: 0.00s, consumed: 67476KB (+0KB), consumedPeak: 68932KB (+0KB), effectiveMin: 102400KB (+0KB), effectiveMinPeak: 102400KB (+0KB), requestedMinPeak: 102400KB (+0KB)
2025-09-12T17:26:57.697Z info vsand[2115053] [opID=0ef199b6-6508 VsanPyVmomiProfiler::logProfile]   impl._QueryObjectHealthSummary: 0.00s, consumed: 67476KB (+0KB), consumedPeak: 68932KB (+0KB), effectiveMin: 102400KB (+0KB), effectiveMinPeak: 102400KB (+0KB), requestedMinPeak: 102400KB (+0KB)
2025-09-12T17:26:57.699Z info vsand[2115053] [opID=0ef199b6-6508 VsanLsomHealth::getHealthStats] Get issued comps = {}
2025-09-12T17:26:57.705Z info vsand[2115053] [opID=0ef199b6-6508 VsanSystemImpl::_ConfigInfoPrintLog] configInfo: enabled=False, hostSystem='vim.HostSystem:ha-host'
2025-09-12T17:26:57.705Z info vsand[2115053] [opID=0ef199b6-6508 VsanSystemImpl::_ConfigInfoPrintLog]    clusterInfo: uuid=, nodeUuid=
2025-09-12T17:26:57.705Z info vsand[2115053] [opID=0ef199b6-6508 VsanSystemImpl::_ConfigInfoPrintLog]    storageInfo: autoClaimStorage=False, checksumEnabled=None
2025-09-12T17:26:57.705Z info vsand[2115053] [opID=0ef199b6-6508 VsanSystemImpl::_ConfigInfoPrintLog]       diskMapping[]:
2025-09-12T17:26:57.706Z info vsand[2115053] [opID=0ef199b6-6508 VsanSystemImpl::_ConfigInfoPrintLog]       diskMapInfo[]:
2025-09-12T17:26:57.706Z info vsand[2115053] [opID=0ef199b6-6508 VsanSystemImpl::_ConfigInfoPrintLog]    networkInfo:
2025-09-12T17:26:57.706Z info vsand[2115053] [opID=0ef199b6-6508 VsanSystemImpl::_ConfigInfoPrintLog]       port[]:
2025-09-12T17:26:57.706Z info vsand[2115053] [opID=0ef199b6-6508 VsanSystemImpl::_ConfigInfoPrintLog]    faultDomainInfo: name=
2025-09-12T17:26:57.706Z info vsand[2115053] [opID=0ef199b6-6508 VsanSystemImpl::_ConfigInfoPrintLog]    encryptionInfo: enabled=False, kekId=, hostKeyId=, clientKey=None, clientCert=(not set), dekGenerationId=0, changing=False, eraseDisksBeforeUse=False
2025-09-12T17:26:57.706Z info vsand[2115053] [opID=0ef199b6-6508 VsanSystemImpl::_ConfigInfoPrintLog]       kmipServers[]:
2025-09-12T17:26:57.706Z info vsand[2115053] [opID=0ef199b6-6508 VsanSystemImpl::_ConfigInfoPrintLog]       kmsServerCerts[]:
2025-09-12T17:26:57.706Z info vsand[2115053] [opID=0ef199b6-6508 VsanSystemImpl::_ConfigInfoPrintLog]    dataEfficiencyInfo: dedupEnabled=False, compressionEnabled=None
2025-09-12T17:26:57.707Z info vsand[2115053] [opID=0ef199b6-6508 VsanSystemImpl::_ConfigInfoPrintLog]    resyncIopsLimitInfo: resyncIops=0
2025-09-12T17:26:57.707Z info vsand[2115053] [opID=0ef199b6-6508 VsanSystemImpl::_ConfigInfoPrintLog]    extendedConfig: objectRepairTimer=60, disableSiteReadLocality=False, enableCustomizedSwapObject=True, largeScaleClusterSupport=False
2025-09-12T17:26:57.707Z info vsand[2115053] [opID=0ef199b6-6508 VsanSystemImpl::_ConfigInfoPrintLog]       proactiveRebalanceInfo: enabled=False, threshold=30
2025-09-12T17:26:57.707Z info vsand[2115053] [opID=0ef199b6-6508 VsanSystemImpl::_ConfigInfoPrintLog]    datastoreInfo:
2025-09-12T17:26:57.707Z info vsand[2115053] [opID=0ef199b6-6508 VsanSystemImpl::_ConfigInfoPrintLog]       datastores[]:
2025-09-12T17:26:57.707Z info vsand[2115053] [opID=0ef199b6-6508 VsanSystemImpl::_ConfigInfoPrintLog]          uuid=, name=vsanDatastore
2025-09-12T17:26:57.707Z info vsand[2115053] [opID=0ef199b6-6508 VsanSystemImpl::_ConfigInfoPrintLog]    unmapConfig: enable=False
2025-09-12T17:26:57.707Z info vsand[2115053] [opID=0ef199b6-6508 VsanSystemImpl::_ConfigInfoPrintLog]    internalExtendedConfig: vcMaxDiskVersion=0
2025-09-12T17:26:57.707Z info vsand[2115053] [opID=0ef199b6-6508 VsanSystemImpl::_ConfigInfoPrintLog]    rdmaConfig: None
2025-09-12T17:26:57.708Z info vsand[2115053] [opID=0ef199b6-6508 VsanSystemImpl::_ConfigInfoPrintLog]    dataProtectionInfo: None
2025-09-12T17:26:57.708Z info vsand[2115053] [opID=0ef199b6-6508 VsanSystemImpl::_ConfigInfoPrintLog]    witnessHostConfig[]:
2025-09-12T17:26:57.708Z error vsand[2115053] [opID=0ef199b6-6508 cliutils::GetVSANClusterInfo] Failed to query cluster info: Operation not allowed because the VMKernel is shutting down
2025-09-12T17:26:57.708Z error vsand[2115053] [opID=0ef199b6-6508 VsanHealthSystemImpl::_QueryPhysicalDiskHealthSummary] Error to query witness node 'Local Node UUID'
2025-09-12T17:26:57.709Z info vsand[2115053] [opID=0ef199b6-6508 VsanPyVmomiProfiler::log] Profiler:
2025-09-12T17:26:57.709Z info vsand[2115053] [opID=0ef199b6-6508 VsanPyVmomiProfiler::logProfile]   LsomHealth.getHealthStats(): 0.00s, consumed: 67476KB (+0KB), consumedPeak: 68932KB (+0KB), effectiveMin: 102400KB (+0KB), effectiveMinPeak: 102400KB (+0KB), requestedMinPeak: 102400KB (+0KB)
2025-09-12T17:26:57.709Z info vsand[2115053] [opID=0ef199b6-6508 VsanPyVmomiProfiler::logProfile]   QueryPhysicalHealth.GetLocalVsanSystem: 0.01s, consumed: 67476KB (+0KB), consumedPeak: 68932KB (+0KB), effectiveMin: 102400KB (+0KB), effectiveMinPeak: 102400KB (+0KB), requestedMinPeak: 102400KB (+0KB)
2025-09-12T17:26:57.710Z info vsand[2115053] [opID=0ef199b6-6508 VsanPyVmomiProfiler::logProfile]   QueryPhysicalHealth.loopfor allVsanDisks: 0.00s, consumed: 67476KB (+0KB), consumedPeak: 68932KB (+0KB), effectiveMin: 102400KB (+0KB), effectiveMinPeak: 102400KB (+0KB), requestedMinPeak: 102400KB (+0KB)
2025-09-12T17:26:57.710Z info vsand[2115053] [opID=0ef199b6-6508 VsanPyVmomiProfiler::logProfile]   VsanHealthHelpers.IsWitnessNode: 0.00s, consumed: 67476KB (+0KB), consumedPeak: 68932KB (+0KB), effectiveMin: 102400KB (+0KB), effectiveMinPeak: 102400KB (+0KB), requestedMinPeak: 102400KB (+0KB)
2025-09-12T17:26:57.710Z info vsand[2115053] [opID=0ef199b6-6508 VsanPyVmomiProfiler::logProfile]   get disks: 0.00s, consumed: 67476KB (+0KB), consumedPeak: 68932KB (+0KB), effectiveMin: 102400KB (+0KB), effectiveMinPeak: 102400KB (+0KB), requestedMinPeak: 102400KB (+0KB)
2025-09-12T17:26:57.710Z info vsand[2115053] [opID=0ef199b6-6508 VsanPyVmomiProfiler::logProfile]   impl._QueryPhysicalDiskHealthSummary: 0.01s, consumed: 67476KB (+0KB), consumedPeak: 68932KB (+0KB), effectiveMin: 102400KB (+0KB), effectiveMinPeak: 102400KB (+0KB), requestedMinPeak: 102400KB (+0KB)
2025-09-12T17:26:57.711Z info vsand[2115053] [opID=0ef199b6-6508 VsanPyVmomiProfiler::logProfile]   maxComps: 0.00s, consumed: 67476KB (+0KB), consumedPeak: 68932KB (+0KB), effectiveMin: 102400KB (+0KB), effectiveMinPeak: 102400KB (+0KB), requestedMinPeak: 102400KB (+0KB)
2025-09-12T17:26:57.711Z info vsand[2115053] [opID=0ef199b6-6508 VsanPyVmomiProfiler::logProfile]   plog devices: 0.00s, 0.00s, consumed: 67476KB (+0KB), consumedPeak: 68932KB (+0KB), effectiveMin: 102400KB (+0KB), effectiveMinPeak: 102400KB (+0KB), requestedMinPeak: 102400KB (+0KB)
2025-09-12T17:26:57.757Z info vsand[2115053] [opID=0ef199b6-6508 VsanSystemImpl::_ConfigInfoPrintLog] configInfo: skipped
2025-09-12T17:26:57.757Z info vsand[2115053] [opID=0ef199b6-6508 VsanPyVmomiProfiler::log] Profiler:
2025-09-12T17:26:57.758Z info vsand[2115053] [opID=0ef199b6-6508 VsanPyVmomiProfiler::logProfile]   HostAesState.collectMul: 0.03s, consumed: 67476KB (+0KB), consumedPeak: 68932KB (+0KB), effectiveMin: 102400KB (+0KB), effectiveMinPeak: 102400KB (+0KB), requestedMinPeak: 102400KB (+0KB)
2025-09-12T17:26:57.758Z info vsand[2115053] [opID=0ef199b6-6508 VsanPyVmomiProfiler::logProfile]   HostAesState.connectHost: 0.01s, consumed: 67476KB (+0KB), consumedPeak: 68932KB (+0KB), effectiveMin: 102400KB (+0KB), effectiveMinPeak: 102400KB (+0KB), requestedMinPeak: 102400KB (+0KB)
2025-09-12T17:26:57.758Z info vsand[2115053] [opID=0ef199b6-6508 VsanPyVmomiProfiler::logProfile]   QueryEncryptionHealth.EncryptionInfo: 0.00s, consumed: 67476KB (+0KB), consumedPeak: 68932KB (+0KB), effectiveMin: 102400KB (+0KB), effectiveMinPeak: 102400KB (+0KB), requestedMinPeak: 102400KB (+0KB)
2025-09-12T17:26:57.758Z info vsand[2115053] [opID=0ef199b6-6508 VsanPyVmomiProfiler::logProfile]   QueryEncryptionHealth.GetLocalVsanSystem: 0.00s, consumed: 67476KB (+0KB), consumedPeak: 68932KB (+0KB), effectiveMin: 102400KB (+0KB), effectiveMinPeak: 102400KB (+0KB), requestedMinPeak: 102400KB (+0KB)
2025-09-12T17:26:57.758Z info vsand[2115053] [opID=0ef199b6-6508 VsanPyVmomiProfiler::logProfile]   impl._QueryEncryptionHealthSummary: 0.05s, consumed: 67476KB (+0KB), consumedPeak: 68932KB (+0KB), effectiveMin: 102400KB (+0KB), effectiveMinPeak: 102400KB (+0KB), requestedMinPeak: 102400KB (+0KB)
2025-09-12T17:26:57.775Z info vsand[2115053] [opID=0ef199b6-6508 VsanVcObjectHelper::wrapper] Ready to get single executor result for the key ['_GetVsanStorageList', '', 'vmware_soap_session="17c107b5a7f67b166b22cf7c2184ab099b465b43"; Path=/; HttpOnly; Secure; '] in timeout 20
2025-09-12T17:26:57.775Z info vsand[2115053] [opID=0ef199b6-6508 VsanVcObjectHelper::wrapper] Ready to call original function for execution
2025-09-12T17:26:57.780Z info vsand[2115053] [opID=0ef199b6-6508 VsanVcObjectHelper::wrapper] Finish execute _GetVsanStorageList
2025-09-12T17:26:57.780Z info vsand[2115053] [opID=0ef199b6-6508 VsanVcObjectHelper::AddCallResultAndNotify] delete the single concurrent execution key
2025-09-12T17:26:57.781Z info vsand[2115053] [opID=0ef199b6-6508 VsanVcObjectHelper::wrapper] Ready to get single executor result for the key ['_GetCoreDeviceList', '', 'vmware_soap_session="17c107b5a7f67b166b22cf7c2184ab099b465b43"; Path=/; HttpOnly; Secure; '] in timeout 20
2025-09-12T17:26:57.781Z info vsand[2115053] [opID=0ef199b6-6508 VsanVcObjectHelper::wrapper] Ready to call original function for execution
2025-09-12T17:26:57.812Z info vsand[2115053] [opID=0ef199b6-6508 VsanVcObjectHelper::wrapper] Finish execute _GetCoreDeviceList
2025-09-12T17:26:57.812Z info vsand[2115053] [opID=0ef199b6-6508 VsanVcObjectHelper::AddCallResultAndNotify] delete the single concurrent execution key
2025-09-12T17:26:57.884Z info vsand[2115053] [opID=0ef199b6-6508 VsanVcObjectHelper::wrapper] Ready to get single executor result for the key ['_GetVendorToolAbstraction', '', 'vmware_soap_session="17c107b5a7f67b166b22cf7c2184ab099b465b43"; Path=/; HttpOnly; Secure; '] in timeout 20
2025-09-12T17:26:57.884Z info vsand[2115053] [opID=0ef199b6-6508 VsanVcObjectHelper::wrapper] Ready to call original function for execution
2025-09-12T17:26:57.928Z info vsand[2115053] [opID=0ef199b6-6508 VsanVcObjectHelper::wrapper] Finish execute _GetVendorToolAbstraction
2025-09-12T17:26:57.928Z info vsand[2115053] [opID=0ef199b6-6508 VsanVcObjectHelper::AddCallResultAndNotify] delete the single concurrent execution key
2025-09-12T17:26:57.929Z info vsand[2115053] [opID=0ef199b6-6508 VsanEsxHclUtil::ManipulateControllersWithStressOptions] Adding following devices: {}
2025-09-12T17:26:57.932Z info vsand[2115053] [opID=0ef199b6-6508 VsanEsxHclUtil::findController] Looking up pciAddress: 00:01:00:00
2025-09-12T17:26:57.933Z info vsand[2115053] [opID=0ef199b6-6508 VsanEsxHclUtil::findController] Looking up pciAddress: 00:00:1f:02
2025-09-12T17:26:57.934Z info vsand[2115053] [opID=0ef199b6-6508 VsanEsxHclUtil::findController] Looking up pciAddress: 00:00:1f:05
2025-09-12T17:26:57.935Z info vsand[2115053] [opID=0ef199b6-6508 VsanEsxHclUtil::ManipulateControllersWithStressOptions] Adding following devices: {}
2025-09-12T17:26:57.938Z warning vsand[2115053] [opID=0ef199b6-6508 VsanEsxHclUtil::_GetPhysicalNicInfo] Not found pci device of device vusb0
2025-09-12T17:26:57.938Z info vsand[2115053] [opID=0ef199b6-6508 VsanPyVmomiProfiler::log] Profiler:
2025-09-12T17:26:57.938Z info vsand[2115053] [opID=0ef199b6-6508 VsanPyVmomiProfiler::logProfile]   Get storage-core-path,                             core-adapter,                             hardware-pci,                             system-version: 0.07s, consumed: 67476KB (+0KB), consumedPeak: 68932KB (+0KB), effectiveMin: 102400KB (+0KB), effectiveMinPeak: 102400KB (+0KB), requestedMinPeak: 102400KB (+0KB)
2025-09-12T17:26:57.939Z info vsand[2115053] [opID=0ef199b6-6508 VsanPyVmomiProfiler::logProfile]   GetPhysicalNicInfo._PopulatePnicDriverFwVersion: 0.00s, 0.00s, 0.00s, 0.00s, 0.00s, 0.00s, 0.00s, consumed: 67476KB (+0KB), consumedPeak: 68932KB (+0KB), effectiveMin: 102400KB (+0KB), effectiveMinPeak: 102400KB (+0KB), requestedMinPeak: 102400KB (+0KB)
2025-09-12T17:26:57.939Z info vsand[2115053] [opID=0ef199b6-6508 VsanPyVmomiProfiler::logProfile]   cls.ManipulateControllersWithStressOptions: 0.00s, consumed: 67476KB (+0KB), consumedPeak: 68932KB (+0KB), effectiveMin: 102400KB (+0KB), effectiveMinPeak: 102400KB (+0KB), requestedMinPeak: 102400KB (+0KB)
2025-09-12T17:26:57.939Z info vsand[2115053] [opID=0ef199b6-6508 VsanPyVmomiProfiler::logProfile]   cls._GetPhysicalNicInfo: 0.00s, consumed: 67476KB (+0KB), consumedPeak: 68932KB (+0KB), effectiveMin: 102400KB (+0KB), effectiveMinPeak: 102400KB (+0KB), requestedMinPeak: 102400KB (+0KB)
2025-09-12T17:26:57.939Z info vsand[2115053] [opID=0ef199b6-6508 VsanPyVmomiProfiler::logProfile]   cls._LookupControllerQueueDepth: 0.00s, 0.00s, 0.00s, 0.00s, 0.00s, consumed: 67476KB (+0KB), consumedPeak: 68932KB (+0KB), effectiveMin: 102400KB (+0KB), effectiveMinPeak: 102400KB (+0KB), requestedMinPeak: 102400KB (+0KB)
2025-09-12T17:26:57.940Z info vsand[2115053] [opID=0ef199b6-6508 VsanPyVmomiProfiler::logProfile]   cls._LookupDriverVersion: 0.00s, 0.00s, 0.00s, 0.00s, 0.00s, consumed: 67476KB (+0KB), consumedPeak: 68932KB (+0KB), effectiveMin: 102400KB (+0KB), effectiveMinPeak: 102400KB (+0KB), requestedMinPeak: 102400KB (+0KB)
2025-09-12T17:26:57.940Z info vsand[2115053] [opID=0ef199b6-6508 VsanPyVmomiProfiler::logProfile]   cls.checkDiskMode: 0.00s, 0.00s, 0.00s, 0.00s, 0.00s, consumed: 67476KB (+0KB), consumedPeak: 68932KB (+0KB), effectiveMin: 102400KB (+0KB), effectiveMinPeak: 102400KB (+0KB), requestedMinPeak: 102400KB (+0KB)
2025-09-12T17:26:57.940Z info vsand[2115053] [opID=0ef199b6-6508 VsanPyVmomiProfiler::logProfile]   rdma-device: 0.00s, consumed: 67476KB (+0KB), consumedPeak: 68932KB (+0KB), effectiveMin: 102400KB (+0KB), effectiveMinPeak: 102400KB (+0KB), requestedMinPeak: 102400KB (+0KB)
2025-09-12T17:26:57.940Z info vsand[2115053] [opID=0ef199b6-6508 VsanPyVmomiProfiler::logProfile]   vim.EsxCLI.storage.core.device: 0.03s, consumed: 67476KB (+0KB), consumedPeak: 68932KB (+0KB), effectiveMin: 102400KB (+0KB), effectiveMinPeak: 102400KB (+0KB), requestedMinPeak: 102400KB (+0KB)
2025-09-12T17:26:57.941Z info vsand[2115053] [opID=0ef199b6-6508 VsanPyVmomiProfiler::logProfile]   vim.EsxCLI.vsan.storage: 0.01s, consumed: 67476KB (+0KB), consumedPeak: 68932KB (+0KB), effectiveMin: 102400KB (+0KB), effectiveMinPeak: 102400KB (+0KB), requestedMinPeak: 102400KB (+0KB)
2025-09-12T17:26:57.944Z info vsand[2115053] [opID=0ef199b6-6508 VsanPyVmomiProfiler::log] Profiler:
2025-09-12T17:26:57.944Z info vsand[2115053] [opID=0ef199b6-6508 VsanPyVmomiProfiler::logProfile]   impl.GetHclInfo: 0.18s, consumed: 67476KB (+0KB), consumedPeak: 68932KB (+0KB), effectiveMin: 102400KB (+0KB), effectiveMinPeak: 102400KB (+0KB), requestedMinPeak: 102400KB (+0KB)
2025-09-12T17:26:57.948Z info vsand[2115053] [opID=0ef199b6-6508 VsanSystemImpl::_ConfigInfoPrintLog] configInfo: skipped
2025-09-12T17:26:57.949Z info vsand[2115053] [opID=0ef199b6-6508 VsanPyVmomiProfiler::log] Profiler:
2025-09-12T17:26:57.949Z info vsand[2115053] [opID=0ef199b6-6508 VsanPyVmomiProfiler::logProfile]   QueryDiskRebalanceStatus._collectAllCapacityDisks: 0.00s, consumed: 67476KB (+0KB), consumedPeak: 68932KB (+0KB), effectiveMin: 102400KB (+0KB), effectiveMinPeak: 102400KB (+0KB), requestedMinPeak: 102400KB (+0KB)
2025-09-12T17:26:57.949Z info vsand[2115053] [opID=0ef199b6-6508 VsanPyVmomiProfiler::logProfile]   VsanClomToolHelper.RunClomCommand: 0.00s, consumed: 67476KB (+0KB), consumedPeak: 68932KB (+0KB), effectiveMin: 102400KB (+0KB), effectiveMinPeak: 102400KB (+0KB), requestedMinPeak: 102400KB (+0KB)
2025-09-12T17:26:57.949Z info vsand[2115053] [opID=0ef199b6-6508 VsanPyVmomiProfiler::logProfile]   _collectAllCapacityDisks.GetLocalVsanSystem: 0.00s, consumed: 67476KB (+0KB), consumedPeak: 68932KB (+0KB), effectiveMin: 102400KB (+0KB), effectiveMinPeak: 102400KB (+0KB), requestedMinPeak: 102400KB (+0KB)
2025-09-12T17:26:57.962Z info vsand[2115053] [opID=0ef199b6-6508 VsanPyVmomiProfiler::log] Profiler:
2025-09-12T17:26:57.962Z info vsand[2115053] [opID=0ef199b6-6508 VsanPyVmomiProfiler::logProfile]   impl.QueryHostEMMState: 0.00s, consumed: 67476KB (+0KB), consumedPeak: 68932KB (+0KB), effectiveMin: 102400KB (+0KB), effectiveMinPeak: 102400KB (+0KB), requestedMinPeak: 102400KB (+0KB)
2025-09-12T17:26:57.963Z info vsand[2115053] [opID=0ef199b6-6508 VsanPyVmomiProfiler::logProfile]   impl._QueryNodeDecomState: 0.00s, consumed: 67476KB (+0KB), consumedPeak: 68932KB (+0KB), effectiveMin: 102400KB (+0KB), effectiveMinPeak: 102400KB (+0KB), requestedMinPeak: 102400KB (+0KB)
2025-09-12T17:26:57.964Z info vsand[2115053] [opID=0ef199b6-6508 VsanSystemImpl::_ConfigInfoPrintLog] configInfo: skipped
2025-09-12T17:26:57.964Z info vsand[2115053] [opID=0ef199b6-6508 VsanPyVmomiProfiler::log] Profiler:
2025-09-12T17:26:57.964Z info vsand[2115053] [opID=0ef199b6-6508 VsanPyVmomiProfiler::logProfile]   impl.QueryVsanConfigByFilter: 0.00s, consumed: 67476KB (+0KB), consumedPeak: 68932KB (+0KB), effectiveMin: 102400KB (+0KB), effectiveMinPeak: 102400KB (+0KB), requestedMinPeak: 102400KB (+0KB)
2025-09-12T17:26:57.965Z info vsand[2115053] [opID=0ef199b6-6508 VsanPyVmomiProfiler::log] Profiler:
2025-09-12T17:26:57.965Z info vsand[2115053] [opID=0ef199b6-6508 VsanPyVmomiProfiler::logProfile]   masscollector_advCfg: 0.00s, consumed: 67476KB (+0KB), consumedPeak: 68932KB (+0KB), effectiveMin: 102400KB (+0KB), effectiveMinPeak: 102400KB (+0KB), requestedMinPeak: 102400KB (+0KB)
2025-09-12T17:26:57.965Z info vsand[2115053] [opID=0ef199b6-6508 VsanPyVmomiProfiler::logProfile]   masscollector_checkLimits: 0.00s, consumed: 67476KB (+0KB), consumedPeak: 68932KB (+0KB), effectiveMin: 102400KB (+0KB), effectiveMinPeak: 102400KB (+0KB), requestedMinPeak: 102400KB (+0KB)
2025-09-12T17:26:57.966Z info vsand[2115053] [opID=0ef199b6-6508 VsanPyVmomiProfiler::logProfile]   masscollector_clomdLiveness: 0.00s, consumed: 67476KB (+0KB), consumedPeak: 68932KB (+0KB), effectiveMin: 102400KB (+0KB), effectiveMinPeak: 102400KB (+0KB), requestedMinPeak: 102400KB (+0KB)
2025-09-12T17:26:57.966Z info vsand[2115053] [opID=0ef199b6-6508 VsanPyVmomiProfiler::logProfile]   masscollector_configManager.serviceSystem.serviceInfo: 0.01s, consumed: 67476KB (+0KB), consumedPeak: 68932KB (+0KB), effectiveMin: 102400KB (+0KB), effectiveMinPeak: 102400KB (+0KB), requestedMinPeak: 102400KB (+0KB)
2025-09-12T17:26:57.966Z info vsand[2115053] [opID=0ef199b6-6508 VsanPyVmomiProfiler::logProfile]   masscollector_diskRebalanceStatus: 0.00s, consumed: 67476KB (+0KB), consumedPeak: 68932KB (+0KB), effectiveMin: 102400KB (+0KB), effectiveMinPeak: 102400KB (+0KB), requestedMinPeak: 102400KB (+0KB)
2025-09-12T17:26:57.966Z info vsand[2115053] [opID=0ef199b6-6508 VsanPyVmomiProfiler::logProfile]   masscollector_encryptionHealthSummary: 0.05s, consumed: 67476KB (+0KB), consumedPeak: 68932KB (+0KB), effectiveMin: 102400KB (+0KB), effectiveMinPeak: 102400KB (+0KB), requestedMinPeak: 102400KB (+0KB)
2025-09-12T17:26:57.967Z info vsand[2115053] [opID=0ef199b6-6508 VsanPyVmomiProfiler::logProfile]   masscollector_hclInfo: 0.18s, consumed: 67476KB (+0KB), consumedPeak: 68932KB (+0KB), effectiveMin: 102400KB (+0KB), effectiveMinPeak: 102400KB (+0KB), requestedMinPeak: 102400KB (+0KB)
2025-09-12T17:26:57.967Z info vsand[2115053] [opID=0ef199b6-6508 VsanPyVmomiProfiler::logProfile]   masscollector_hostEMMState: 0.00s, consumed: 67476KB (+0KB), consumedPeak: 68932KB (+0KB), effectiveMin: 102400KB (+0KB), effectiveMinPeak: 102400KB (+0KB), requestedMinPeak: 102400KB (+0KB)
2025-09-12T17:26:57.967Z info vsand[2115053] [opID=0ef199b6-6508 VsanPyVmomiProfiler::logProfile]   masscollector_nodeInformation: 0.01s, consumed: 67476KB (+0KB), consumedPeak: 68932KB (+0KB), effectiveMin: 102400KB (+0KB), effectiveMinPeak: 102400KB (+0KB), requestedMinPeak: 102400KB (+0KB)
2025-09-12T17:26:57.967Z info vsand[2115053] [opID=0ef199b6-6508 VsanPyVmomiProfiler::logProfile]   masscollector_objectHealthSummary: 0.00s, consumed: 67476KB (+0KB), consumedPeak: 68932KB (+0KB), effectiveMin: 102400KB (+0KB), effectiveMinPeak: 102400KB (+0KB), requestedMinPeak: 102400KB (+0KB)
2025-09-12T17:26:57.967Z info vsand[2115053] [opID=0ef199b6-6508 VsanPyVmomiProfiler::logProfile]   masscollector_physicalDiskHealthSummary: 0.01s, consumed: 67476KB (+0KB), consumedPeak: 68932KB (+0KB), effectiveMin: 102400KB (+0KB), effectiveMinPeak: 102400KB (+0KB), requestedMinPeak: 102400KB (+0KB)
2025-09-12T17:26:57.968Z info vsand[2115053] [opID=0ef199b6-6508 VsanPyVmomiProfiler::logProfile]   masscollector_proactiveRebalanceInfo: 0.00s, consumed: 67476KB (+0KB), consumedPeak: 68932KB (+0KB), effectiveMin: 102400KB (+0KB), effectiveMinPeak: 102400KB (+0KB), requestedMinPeak: 102400KB (+0KB)
2025-09-12T17:26:57.968Z info vsand[2115053] [opID=0ef199b6-6508 VsanPyVmomiProfiler::logProfile]   masscollector_statsObjectInformation: 0.00s, consumed: 67476KB (+0KB), consumedPeak: 68932KB (+0KB), effectiveMin: 102400KB (+0KB), effectiveMinPeak: 102400KB (+0KB), requestedMinPeak: 102400KB (+0KB)
2025-09-12T17:26:57.968Z info vsand[2115053] [opID=0ef199b6-6508 VsanPyVmomiProfiler::logProfile]   masscollector_version: 0.00s, consumed: 67476KB (+0KB), consumedPeak: 68932KB (+0KB), effectiveMin: 102400KB (+0KB), effectiveMinPeak: 102400KB (+0KB), requestedMinPeak: 102400KB (+0KB)
2025-09-12T17:26:57.968Z info vsand[2115053] [opID=0ef199b6-6508 VsanPyVmomiProfiler::logProfile]   masscollector_vsanConfigs: 0.00s, consumed: 67476KB (+0KB), consumedPeak: 68932KB (+0KB), effectiveMin: 102400KB (+0KB), effectiveMinPeak: 102400KB (+0KB), requestedMinPeak: 102400KB (+0KB)
2025-09-12T17:26:58.141Z error vsand[2115025] [opID=MainThread cliutils::GetVSANClusterInfo] Failed to query cluster info: Operation not allowed because the VMKernel is shutting down
2025-09-12T17:26:58.169Z info vsand[2115043] [opID=0ef199b6-6509 VsanVcObjectHelper::wrapper] Ready to get single executor result for the key ['_QueryVerifyNetworkSettings', 'ha-vsan-health-system', '', '', '', 'False'] in timeout 600
2025-09-12T17:26:58.169Z info vsand[2115043] [opID=0ef199b6-6509 VsanVcObjectHelper::wrapper] Ready to call original function for execution
2025-09-12T17:26:58.169Z info vsand[2115043] [opID=0ef199b6-6509 VsanHealthSystemImpl::_QueryVerifyNetworkSettings] Query network settings: (str) []:(str) []
2025-09-12T17:26:58.174Z info vsand[2115043] [opID=0ef199b6-6509 VsanPyVmomiProfiler::logProfile]   invoke-method:ha-cli-handler-vsan-network:List: 0.00s, consumed: 67476KB (+0KB), consumedPeak: 68932KB (+0KB), effectiveMin: 102400KB (+0KB), effectiveMinPeak: 102400KB (+0KB), requestedMinPeak: 102400KB (+0KB)
2025-09-12T17:26:58.179Z info vsand[2115043] [opID=0ef199b6-6509 VsanPyVmomiProfiler::logProfile]   invoke-method:ha-cli-handler-network-ip-interface:List: 0.00s, consumed: 67476KB (+0KB), consumedPeak: 68932KB (+0KB), effectiveMin: 102400KB (+0KB), effectiveMinPeak: 102400KB (+0KB), requestedMinPeak: 102400KB (+0KB)
2025-09-12T17:26:58.183Z info vsand[2115043] [opID=0ef199b6-6509 VsanPyVmomiProfiler::logProfile]   invoke-method:ha-cli-handler-network-ip-interface-ipv6-address:List: 0.00s, consumed: 67476KB (+0KB), consumedPeak: 68932KB (+0KB), effectiveMin: 102400KB (+0KB), effectiveMinPeak: 102400KB (+0KB), requestedMinPeak: 102400KB (+0KB)
2025-09-12T17:26:58.188Z info vsand[2115043] [opID=0ef199b6-6509 VsanPyVmomiProfiler::logProfile]   invoke-method:ha-cli-handler-network-ip-interface-ipv4:Get: 0.00s, consumed: 68184KB (+708KB), consumedPeak: 68932KB (+0KB), effectiveMin: 102400KB (+0KB), effectiveMinPeak: 102400KB (+0KB), requestedMinPeak: 102400KB (+0KB)
2025-09-12T17:26:58.192Z info vsand[2115043] [opID=0ef199b6-6509 VsanPyVmomiProfiler::logProfile]   invoke-method:ha-cli-handler-network-ip-route-ipv4:List: 0.00s, consumed: 68184KB (+0KB), consumedPeak: 68932KB (+0KB), effectiveMin: 102400KB (+0KB), effectiveMinPeak: 102400KB (+0KB), requestedMinPeak: 102400KB (+0KB)
2025-09-12T17:26:58.197Z info vsand[2115043] [opID=0ef199b6-6509 VsanPyVmomiProfiler::logProfile]   invoke-method:ha-cli-handler-network-ip-route-ipv6:List: 0.00s, consumed: 68184KB (+0KB), consumedPeak: 68932KB (+0KB), effectiveMin: 102400KB (+0KB), effectiveMinPeak: 102400KB (+0KB), requestedMinPeak: 102400KB (+0KB)
2025-09-12T17:26:58.197Z info vsand[2115043] [opID=0ef199b6-6509 VsanVcObjectHelper::wrapper] Finish execute _QueryVerifyNetworkSettings
2025-09-12T17:26:58.197Z info vsand[2115043] [opID=0ef199b6-6509 VsanVcObjectHelper::AddCallResultAndNotify] delete the single concurrent execution key
2025-09-12T17:26:58.198Z info vsand[2115043] [opID=0ef199b6-6509 VsanPyVmomiProfiler::log] Profiler:
2025-09-12T17:26:58.198Z info vsand[2115043] [opID=0ef199b6-6509 VsanPyVmomiProfiler::logProfile]   GetVsanVmknicConfigFromEsxCLI: 0.03s, consumed: 68184KB (+708KB), consumedPeak: 68932KB (+0KB), effectiveMin: 102400KB (+0KB), effectiveMinPeak: 102400KB (+0KB), requestedMinPeak: 102400KB (+0KB)
2025-09-12T17:26:58.198Z info vsand[2115043] [opID=0ef199b6-6509 VsanPyVmomiProfiler::logProfile]   impl._QueryVerifyNetworkSettings: 0.03s, consumed: 68184KB (+708KB), consumedPeak: 68932KB (+0KB), effectiveMin: 102400KB (+0KB), effectiveMinPeak: 102400KB (+0KB), requestedMinPeak: 102400KB (+0KB)
2025-09-12T17:26:58.216Z error vsand[2115060] [opID=0ef199b6-650a cliutils::GetVSANClusterInfo] Failed to query cluster info: Operation not allowed because the VMKernel is shutting down
2025-09-12T17:26:58.240Z error vsand[2115060] [opID=0ef199b6-650a VsanHealthSystemImpl::CheckHostDaemonHealth] Failed to check status of epd Traceback (most recent call last):   File "/build/mts/release/bora-19184740/bora/build/vsan/release/vsanhealth/usr/lib/vmware/vsan/perfsvc/VsanHealthSystemImpl.py", line 3447, in CheckHostDaemonHealth   File "/build/mts/release/bora-19184740/bora/build/vsan/release/vsanhealth/usr/lib/vmware/vsan/perfsvc/VsanHealthHelpers.py", line 1221, in IsWitnessNode KeyError: 'Local Node UUID'
2025-09-12T17:26:58.265Z error vsand[2115060] [opID=0ef199b6-650a VsanHealthSystemImpl::CheckHostDaemonHealth] Service cmmdsd is not running: ret: 3, err:
2025-09-12T17:26:58.279Z info vsand[2115044] [opID=0ef199b6-650b VsanSystemImpl::_ConfigInfoPrintLog] configInfo: skipped
2025-09-12T17:26:58.279Z info vsand[2115044] [opID=0ef199b6-650b VsanPyVmomiProfiler::log] Profiler:
2025-09-12T17:26:58.279Z info vsand[2115044] [opID=0ef199b6-650b VsanPyVmomiProfiler::logProfile]   impl.QueryVsanConfigByFilter: 0.00s, consumed: 68184KB (+0KB), consumedPeak: 68932KB (+0KB), effectiveMin: 102400KB (+0KB), effectiveMinPeak: 102400KB (+0KB), requestedMinPeak: 102400KB (+0KB)
2025-09-12T17:26:58.384Z info vsand[2115059] [opID=0ef199b6-650f VsanTaskTrackerImpl::CreateAndMonitorTask] Created task vmodlTask-ha-host-867739679
2025-09-12T17:26:58.388Z info vsand[2115059] [opID=0ef199b6-650f VsanSystemImpl::Update] Calling VsanMOProvider.Update with config: ['config: enabled=None, hostSystem=None', '   clusterInfo: None', '   storageInfo: None', '   networkInfo: None', '   faultDomainInfo: None', '   encryptionInfo: None', '   dataEfficiencyInfo: None', '   resyncIopsLimitInfo: None', '   extendedConfig: None', '   datastoreInfo: None', '   unmapConfig: None', '   internalExtendedConfig: vcMaxDiskVersion=0', '   rdmaConfig: None', '   dataProtectionInfo: None', '   witnessHostConfig[]:']  Task: vmodlTask-ha-host-867739679
2025-09-12T17:26:58.388Z info vsand[2115059] [opID=0ef199b6-650f VsanSystemImpl::Update] extendedConfig: {}
2025-09-12T17:26:58.390Z info vsand[2115071] [opID=Thread-5 VsanTaskTrackerImpl::_ThreadMain] PC Update: version = 1
2025-09-12T17:26:58.396Z info vsand[2115071] [opID=Thread-5 VsanTaskTrackerImpl::_ThreadMain] PC Update: version = 2
2025-09-12T17:26:58.401Z info vsand[2115071] [opID=Thread-5 VsanTaskTrackerImpl::_ThreadMain] PC Update: version = 3
2025-09-12T17:26:58.503Z info vsand[2115060] [opID=f4a46514 VsanTaskTrackerImpl::_RemoveTaskLocked] Remove task vmodlTask-ha-host-867739679 from cache table.
2025-09-12T17:27:03.144Z error vsand[2115025] [opID=MainThread cliutils::GetVSANClusterInfo] Failed to query cluster info: Operation not allowed because the VMKernel is shutting down
2025-09-12T17:27:08.148Z error vsand[2115025] [opID=MainThread cliutils::GetVSANClusterInfo] Failed to query cluster info: Operation not allowed because the VMKernel is shutting down
2025-09-12T17:27:13.150Z error vsand[2115025] [opID=MainThread cliutils::GetVSANClusterInfo] Failed to query cluster info: Operation not allowed because the VMKernel is shutting down
2025-09-12T17:27:13.945Z info vsand[2115063] [opID=Thread-2 VsanHealthDaemon::doVsanHealthCheck] Skip VSAN health check due to the VSAN is disabled
2025-09-12T17:27:18.153Z error vsand[2115025] [opID=MainThread cliutils::GetVSANClusterInfo] Failed to query cluster info: Operation not allowed because the VMKernel is shutting down
2025-09-12T17:27:23.155Z error vsand[2115025] [opID=MainThread cliutils::GetVSANClusterInfo] Failed to query cluster info: Operation not allowed because the VMKernel is shutting down
2025-09-12T17:27:28.158Z error vsand[2115025] [opID=MainThread cliutils::GetVSANClusterInfo] Failed to query cluster info: Operation not allowed because the VMKernel is shutting down
2025-09-12T17:27:33.161Z error vsand[2115025] [opID=MainThread cliutils::GetVSANClusterInfo] Failed to query cluster info: Operation not allowed because the VMKernel is shutting down
2025-09-12T17:27:38.164Z error vsand[2115025] [opID=MainThread cliutils::GetVSANClusterInfo] Failed to query cluster info: Operation not allowed because the VMKernel is shutting down
2025-09-12T17:27:43.168Z error vsand[2115025] [opID=MainThread cliutils::GetVSANClusterInfo] Failed to query cluster info: Operation not allowed because the VMKernel is shutting down
2025-09-12T17:27:48.171Z error vsand[2115025] [opID=MainThread cliutils::GetVSANClusterInfo] Failed to query cluster info: Operation not allowed because the VMKernel is shutting down
2025-09-12T17:27:53.174Z error vsand[2115025] [opID=MainThread cliutils::GetVSANClusterInfo] Failed to query cluster info: Operation not allowed because the VMKernel is shutting down
2025-09-12T17:27:58.177Z error vsand[2115025] [opID=MainThread cliutils::GetVSANClusterInfo] Failed to query cluster info: Operation not allowed because the VMKernel is shutting down
2025-09-12T17:28:03.179Z error vsand[2115025] [opID=MainThread cliutils::GetVSANClusterInfo] Failed to query cluster info: Operation not allowed because the VMKernel is shutting down
2025-09-12T17:28:08.182Z error vsand[2115025] [opID=MainThread cliutils::GetVSANClusterInfo] Failed to query cluster info: Operation not allowed because the VMKernel is shutting down
2025-09-12T17:28:13.185Z error vsand[2115025] [opID=MainThread cliutils::GetVSANClusterInfo] Failed to query cluster info: Operation not allowed because the VMKernel is shutting down
2025-09-12T17:28:18.189Z error vsand[2115025] [opID=MainThread cliutils::GetVSANClusterInfo] Failed to query cluster info: Operation not allowed because the VMKernel is shutting down
2025-09-12T17:28:23.192Z error vsand[2115025] [opID=MainThread cliutils::GetVSANClusterInfo] Failed to query cluster info: Operation not allowed because the VMKernel is shutting down
2025-09-12T17:28:28.195Z error vsand[2115025] [opID=MainThread cliutils::GetVSANClusterInfo] Failed to query cluster info: Operation not allowed because the VMKernel is shutting down
2025-09-12T17:28:33.198Z error vsand[2115025] [opID=MainThread cliutils::GetVSANClusterInfo] Failed to query cluster info: Operation not allowed because the VMKernel is shutting down
2025-09-12T17:28:38.201Z error vsand[2115025] [opID=MainThread cliutils::GetVSANClusterInfo] Failed to query cluster info: Operation not allowed because the VMKernel is shutting down
2025-09-12T17:28:43.204Z error vsand[2115025] [opID=MainThread cliutils::GetVSANClusterInfo] Failed to query cluster info: Operation not allowed because the VMKernel is shutting down
2025-09-12T17:28:48.208Z error vsand[2115025] [opID=MainThread cliutils::GetVSANClusterInfo] Failed to query cluster info: Operation not allowed because the VMKernel is shutting down
2025-09-12T17:28:53.211Z error vsand[2115025] [opID=MainThread cliutils::GetVSANClusterInfo] Failed to query cluster info: Operation not allowed because the VMKernel is shutting down
2025-09-12T17:28:58.214Z error vsand[2115025] [opID=MainThread cliutils::GetVSANClusterInfo] Failed to query cluster info: Operation not allowed because the VMKernel is shutting down
2025-09-12T17:29:03.217Z error vsand[2115025] [opID=MainThread cliutils::GetVSANClusterInfo] Failed to query cluster info: Operation not allowed because the VMKernel is shutting down
2025-09-12T17:29:08.220Z error vsand[2115025] [opID=MainThread cliutils::GetVSANClusterInfo] Failed to query cluster info: Operation not allowed because the VMKernel is shutting down
2025-09-12T17:29:13.223Z error vsand[2115025] [opID=MainThread cliutils::GetVSANClusterInfo] Failed to query cluster info: Operation not allowed because the VMKernel is shutting down
2025-09-12T17:29:18.225Z error vsand[2115025] [opID=MainThread cliutils::GetVSANClusterInfo] Failed to query cluster info: Operation not allowed because the VMKernel is shutting down
2025-09-12T17:29:23.228Z error vsand[2115025] [opID=MainThread cliutils::GetVSANClusterInfo] Failed to query cluster info: Operation not allowed because the VMKernel is shutting down
2025-09-12T17:29:28.231Z error vsand[2115025] [opID=MainThread cliutils::GetVSANClusterInfo] Failed to query cluster info: Operation not allowed because the VMKernel is shutting down
2025-09-12T17:29:33.235Z error vsand[2115025] [opID=MainThread cliutils::GetVSANClusterInfo] Failed to query cluster info: Operation not allowed because the VMKernel is shutting down
2025-09-12T17:29:38.238Z error vsand[2115025] [opID=MainThread cliutils::GetVSANClusterInfo] Failed to query cluster info: Operation not allowed because the VMKernel is shutting down
2025-09-12T17:29:43.241Z error vsand[2115025] [opID=MainThread cliutils::GetVSANClusterInfo] Failed to query cluster info: Operation not allowed because the VMKernel is shutting down
2025-09-12T17:29:48.244Z error vsand[2115025] [opID=MainThread cliutils::GetVSANClusterInfo] Failed to query cluster info: Operation not allowed because the VMKernel is shutting down
2025-09-12T17:29:53.248Z error vsand[2115025] [opID=MainThread cliutils::GetVSANClusterInfo] Failed to query cluster info: Operation not allowed because the VMKernel is shutting down
2025-09-12T17:29:58.251Z error vsand[2115025] [opID=MainThread cliutils::GetVSANClusterInfo] Failed to query cluster info: Operation not allowed because the VMKernel is shutting down
2025-09-12T17:30:03.254Z error vsand[2115025] [opID=MainThread cliutils::GetVSANClusterInfo] Failed to query cluster info: Operation not allowed because the VMKernel is shutting down
2025-09-12T17:30:08.258Z error vsand[2115025] [opID=MainThread cliutils::GetVSANClusterInfo] Failed to query cluster info: Operation not allowed because the VMKernel is shutting down
2025-09-12T17:30:13.261Z error vsand[2115025] [opID=MainThread cliutils::GetVSANClusterInfo] Failed to query cluster info: Operation not allowed because the VMKernel is shutting down
2025-09-12T17:30:18.264Z error vsand[2115025] [opID=MainThread cliutils::GetVSANClusterInfo] Failed to query cluster info: Operation not allowed because the VMKernel is shutting down
2025-09-12T17:30:23.267Z error vsand[2115025] [opID=MainThread cliutils::GetVSANClusterInfo] Failed to query cluster info: Operation not allowed because the VMKernel is shutting down
2025-09-12T17:30:28.269Z error vsand[2115025] [opID=MainThread cliutils::GetVSANClusterInfo] Failed to query cluster info: Operation not allowed because the VMKernel is shutting down
2025-09-12T17:30:33.272Z error vsand[2115025] [opID=MainThread cliutils::GetVSANClusterInfo] Failed to query cluster info: Operation not allowed because the VMKernel is shutting down
2025-09-12T17:30:38.275Z error vsand[2115025] [opID=MainThread cliutils::GetVSANClusterInfo] Failed to query cluster info: Operation not allowed because the VMKernel is shutting down
2025-09-12T17:30:43.278Z error vsand[2115025] [opID=MainThread cliutils::GetVSANClusterInfo] Failed to query cluster info: Operation not allowed because the VMKernel is shutting down
2025-09-12T17:30:48.281Z error vsand[2115025] [opID=MainThread cliutils::GetVSANClusterInfo] Failed to query cluster info: Operation not allowed because the VMKernel is shutting down
2025-09-12T17:30:53.282Z error vsand[2115025] [opID=MainThread cliutils::GetVSANClusterInfo] Failed to query cluster info: Operation not allowed because the VMKernel is shutting down
2025-09-12T17:30:58.285Z error vsand[2115025] [opID=MainThread cliutils::GetVSANClusterInfo] Failed to query cluster info: Operation not allowed because the VMKernel is shutting down
2025-09-12T17:31:03.288Z error vsand[2115025] [opID=MainThread cliutils::GetVSANClusterInfo] Failed to query cluster info: Operation not allowed because the VMKernel is shutting down
2025-09-12T17:31:08.292Z error vsand[2115025] [opID=MainThread cliutils::GetVSANClusterInfo] Failed to query cluster info: Operation not allowed because the VMKernel is shutting down
2025-09-12T17:31:13.295Z error vsand[2115025] [opID=MainThread cliutils::GetVSANClusterInfo] Failed to query cluster info: Operation not allowed because the VMKernel is shutting down
2025-09-12T17:31:18.298Z error vsand[2115025] [opID=MainThread cliutils::GetVSANClusterInfo] Failed to query cluster info: Operation not allowed because the VMKernel is shutting down
2025-09-12T17:31:23.301Z error vsand[2115025] [opID=MainThread cliutils::GetVSANClusterInfo] Failed to query cluster info: Operation not allowed because the VMKernel is shutting down
2025-09-12T17:31:28.305Z error vsand[2115025] [opID=MainThread cliutils::GetVSANClusterInfo] Failed to query cluster info: Operation not allowed because the VMKernel is shutting down
2025-09-12T17:31:33.308Z error vsand[2115025] [opID=MainThread cliutils::GetVSANClusterInfo] Failed to query cluster info: Operation not allowed because the VMKernel is shutting down
2025-09-12T17:31:38.311Z error vsand[2115025] [opID=MainThread cliutils::GetVSANClusterInfo] Failed to query cluster info: Operation not allowed because the VMKernel is shutting down
2025-09-12T17:31:43.314Z error vsand[2115025] [opID=MainThread cliutils::GetVSANClusterInfo] Failed to query cluster info: Operation not allowed because the VMKernel is shutting down
2025-09-12T17:31:48.317Z error vsand[2115025] [opID=MainThread cliutils::GetVSANClusterInfo] Failed to query cluster info: Operation not allowed because the VMKernel is shutting down
2025-09-12T17:31:53.321Z error vsand[2115025] [opID=MainThread cliutils::GetVSANClusterInfo] Failed to query cluster info: Operation not allowed because the VMKernel is shutting down
2025-09-12T17:31:58.324Z error vsand[2115025] [opID=MainThread cliutils::GetVSANClusterInfo] Failed to query cluster info: Operation not allowed because the VMKernel is shutting down
2025-09-12T17:32:03.325Z error vsand[2115025] [opID=MainThread cliutils::GetVSANClusterInfo] Failed to query cluster info: Operation not allowed because the VMKernel is shutting down
2025-09-12T17:32:08.328Z error vsand[2115025] [opID=MainThread cliutils::GetVSANClusterInfo] Failed to query cluster info: Operation not allowed because the VMKernel is shutting down
2025-09-12T17:32:13.331Z info vsand[2115025] [opID=MainThread statsdaemon::UnsubscribeFromCMMDS] unsubscribe the CMMDS subscription for handler <statsdaemon.StatsDaemon object at 0xb2f55142e8>
2025-09-12T17:32:13.332Z info vsand[2115025] [opID=MainThread statsdaemon::UnsubscribeFromCMMDS] unsubscribe the CMMDS subscription for handler <VsanHealthDaemon.CmmdsEntryDefaultHandler object at 0xb30ac03358>
2025-09-12T17:32:13.332Z info vsand[2115025] [opID=MainThread statsdaemon::UnsubscribeFromCMMDS] unsubscribe the CMMDS subscription for handler <VsanHealthDaemon.CmmdsEntryDefaultHandler object at 0xb30ac18b38>
2025-09-12T17:32:13.332Z info vsand[2115025] [opID=MainThread statsdaemon::UnsubscribeFromCMMDS] unsubscribe the CMMDS subscription for handler <VsanHealthDaemon.CmmdsEntryDefaultHandler object at 0xb30ac18a90>
2025-09-12T17:32:13.332Z info vsand[2115025] [opID=MainThread statsdaemon::UnsubscribeFromCMMDS] unsubscribe the CMMDS subscription for handler <VsanHealthDaemon.CmmdsEntryDefaultHandler object at 0xb30ac14780>
2025-09-12T17:32:13.333Z info vsand[2115025] [opID=MainThread statsdaemon::UnsubscribeFromCMMDS] unsubscribe the CMMDS subscription for handler <VsanHealthDaemon.CmmdsDiskHealthStatusHandler object at 0xb30ac14710>
2025-09-12T17:32:14.335Z info vsand[2115025] [opID=MainThread VsanHealthDaemon::stop] vSAN health daemon thread has quit
2025-09-12T17:32:14.352Z warning vsand[2115071] [opID=Thread-5 VsanTaskTrackerImpl::_ThreadMain] Connection to hostd is down, need to reconnect
2025-09-12T17:32:14.353Z info vsand[2115025] [opID=MainThread VsanHealthUtil::LogoutLocalHostd] Done logout from local hostd.
2025-09-12T17:32:14.354Z info vsand[2115025] [opID=Dummy-15 VsanTaskTrackerImpl::StopTaskTracker] Stop task tracker
2025-09-13T07:53:11.596Z info vsand[2103344] [opID=MainThread VsanVmomiPatcher::PatchPyVmomi] Python 3.5.10 (default, Jul  1 2021, 03:54:37)  [GCC 4.6.3] on linux, optimize: 0
2025-09-13T07:53:11.759Z info vsand[2103344] [opID=MainThread VsanVmomiPatcher::PatchPyVmomi] Loaded bindings 'pyVmomi.ReflectTypes'
2025-09-13T07:53:11.759Z info vsand[2103344] [opID=MainThread VsanVmomiPatcher::PatchPyVmomi] Loaded bindings 'pyVmomi.QueryTypes'
2025-09-13T07:53:11.759Z info vsand[2103344] [opID=MainThread VsanVmomiPatcher::PatchPyVmomi] Loaded bindings 'pyVmomi.VsanDpTypes'
2025-09-13T07:53:11.759Z info vsand[2103344] [opID=MainThread VsanVmomiPatcher::PatchPyVmomi] Loaded bindings 'pyVmomi.PbmObjects'
2025-09-13T07:53:11.759Z info vsand[2103344] [opID=MainThread VsanVmomiPatcher::PatchPyVmomi] Loaded bindings 'pyVmomi.ServerObjects'
2025-09-13T07:53:11.760Z info vsand[2103344] [opID=MainThread VsanVmomiPatcher::PatchPyVmomi] Loaded bindings 'pyVmomi.CoreTypes'
2025-09-13T07:53:11.760Z info vsand[2103344] [opID=MainThread VsanVmomiPatcher::PatchPyVmomi] Supported top level names: {'pbm', 'vmodl', 'ManagedObject', 'DataObject', 'vim'}
2025-09-13T07:53:11.891Z info vsand[2103344] [opID=MainThread VsanVmomiPatcher::PatchPyVmomi] Patched VmomiSupport.LazyType
2025-09-13T07:53:11.891Z info vsand[2103344] [opID=MainThread VsanVmomiPatcher::PatchPyVmomi] Patched vmodl.MethodFault
2025-09-13T07:53:11.891Z info vsand[2103344] [opID=MainThread VsanVmomiPatcher::PatchPyVmomi] Patched vmodl.RuntimeFault
2025-09-13T07:53:11.892Z info vsand[2103344] [opID=MainThread VsanVmomiPatcher::PatchPyVmomi] Patched vmodl.LocalizedMethodFault
2025-09-13T07:53:11.892Z info vsand[2103344] [opID=MainThread VsanVmomiPatcher::PatchPyVmomi] Patched vmodl.DynamicData
2025-09-13T07:53:11.892Z info vsand[2103344] [opID=MainThread VsanVmomiPatcher::PatchPyVmomi] Patched VmomiSupport.DataObject
2025-09-13T07:53:11.892Z info vsand[2103344] [opID=MainThread VsanVmomiPatcher::PatchPyVmomi] pyvmomi is patched!
2025-09-13T07:53:11.897Z info vsand[2103344] [opID=MainThread VsanMgmtUtil::__init__] Initialized ObjectCache: 'ProfilerStatsCache', maxSize=10000, ttl=None
2025-09-13T07:53:12.328Z info vsand[2103344] [opID=MainThread statsdaemon::LoadAndRegisterManagedObjects] Loading VcsaDeployerSystem__ext_init__
2025-09-13T07:53:12.328Z info vsand[2103344] [opID=MainThread VcsaDeployerSystem__ext_init__::<module>] loading vcsaDeployer
2025-09-13T07:53:12.366Z info vsand[2103344] [opID=MainThread statsdaemon::LoadAndRegisterManagedObjects] Loading VsanCapabilitySystem__ext_init__
2025-09-13T07:53:12.370Z info vsand[2103344] [opID=MainThread statsdaemon::LoadAndRegisterManagedObjects] Loading VsanDebugSystem__ext_init__
2025-09-13T07:53:12.373Z info vsand[2103344] [opID=MainThread statsdaemon::LoadAndRegisterManagedObjects] Loading VsanDiskManagementSystem__ext_init__
2025-09-13T07:53:12.393Z info vsand[2103344] [opID=MainThread statsdaemon::LoadAndRegisterManagedObjects] Loading VsanHealth__ext_init__
2025-09-13T07:53:12.394Z info vsand[2103344] [opID=MainThread VsanPyVmomiProfiler::log] Profiler:
2025-09-13T07:53:12.395Z info vsand[2103344] [opID=MainThread VsanPyVmomiProfiler::logProfile]   Import VsanHealth sub modules: VsanHealthSystem: 0.00s, consumed: 32044KB (+0KB), consumedPeak: 32044KB (+0KB), effectiveMin: 102400KB (+0KB), effectiveMinPeak: 102400KB (+0KB), requestedMinPeak: 102400KB (+0KB)
2025-09-13T07:53:12.452Z info vsand[2103344] [opID=MainThread VsanHealthDaemon::run] Start VSAN Health Daemon Thread...
2025-09-13T07:53:12.455Z info vsand[2103344] [opID=MainThread VsanPyVmomiProfiler::log] Profiler:
2025-09-13T07:53:12.455Z info vsand[2103344] [opID=MainThread VsanPyVmomiProfiler::logProfile]   Import VsanHealth sub modules: VsanHealthSystemImpl: 0.06s, consumed: 32044KB (+0KB), consumedPeak: 32044KB (+0KB), effectiveMin: 102400KB (+0KB), effectiveMinPeak: 102400KB (+0KB), requestedMinPeak: 102400KB (+0KB)
2025-09-13T07:53:12.455Z info vsand[2103344] [opID=MainThread VsanPyVmomiProfiler::log] Profiler:
2025-09-13T07:53:12.455Z info vsand[2103344] [opID=MainThread VsanPyVmomiProfiler::logProfile]   Import VsanHealth sub modules: VsanClusterHealthSystem: 0.00s, consumed: 32044KB (+0KB), consumedPeak: 32044KB (+0KB), effectiveMin: 102400KB (+0KB), effectiveMinPeak: 102400KB (+0KB), requestedMinPeak: 102400KB (+0KB)
2025-09-13T07:53:12.456Z info vsand[2103344] [opID=MainThread VsanPyVmomiProfiler::log] Profiler:
2025-09-13T07:53:12.456Z info vsand[2103344] [opID=MainThread VsanPyVmomiProfiler::logProfile]   Import VsanHealth sub modules: VsanClusterHealthSystemImpl: 0.00s, consumed: 32044KB (+0KB), consumedPeak: 32044KB (+0KB), effectiveMin: 102400KB (+0KB), effectiveMinPeak: 102400KB (+0KB), requestedMinPeak: 102400KB (+0KB)
2025-09-13T07:53:12.457Z info vsand[2103344] [opID=MainThread VsanPyVmomiProfiler::log] Profiler:
2025-09-13T07:53:12.458Z info vsand[2103344] [opID=MainThread VsanPyVmomiProfiler::logProfile]   Import VsanHealth sub modules: VsanDataProtectionHostRecoverySystemImpl: 0.00s, consumed: 32044KB (+0KB), consumedPeak: 32044KB (+0KB), effectiveMin: 102400KB (+0KB), effectiveMinPeak: 102400KB (+0KB), requestedMinPeak: 102400KB (+0KB)
2025-09-13T07:53:12.486Z info vsand[2103344] [opID=MainThread VsanPyVmomiProfiler::log] Profiler:
2025-09-13T07:53:12.487Z info vsand[2103344] [opID=MainThread VsanPyVmomiProfiler::logProfile]   Import VsanHealth sub modules: VsanVcClusterHealthSystem: 0.03s, consumed: 32044KB (+0KB), consumedPeak: 32044KB (+0KB), effectiveMin: 102400KB (+0KB), effectiveMinPeak: 102400KB (+0KB), requestedMinPeak: 102400KB (+0KB)
2025-09-13T07:53:12.500Z info vsand[2103344] [opID=MainThread VsanPyVmomiProfiler::log] Profiler:
2025-09-13T07:53:12.500Z info vsand[2103344] [opID=MainThread VsanPyVmomiProfiler::logProfile]   Import VsanHealth sub modules: VsanVcClusterHealthSystemImpl: 0.01s, consumed: 32044KB (+0KB), consumedPeak: 32044KB (+0KB), effectiveMin: 102400KB (+0KB), effectiveMinPeak: 102400KB (+0KB), requestedMinPeak: 102400KB (+0KB)
2025-09-13T07:53:12.500Z info vsand[2103344] [opID=MainThread VsanPyVmomiProfiler::log] Profiler:
2025-09-13T07:53:12.500Z info vsand[2103344] [opID=MainThread VsanPyVmomiProfiler::logProfile]   Import VsanHealth sub modules: VsanSpaceReportSystem: 0.00s, consumed: 32044KB (+0KB), consumedPeak: 32044KB (+0KB), effectiveMin: 102400KB (+0KB), effectiveMinPeak: 102400KB (+0KB), requestedMinPeak: 102400KB (+0KB)
2025-09-13T07:53:12.502Z info vsand[2103344] [opID=MainThread VsanPyVmomiProfiler::log] Profiler:
2025-09-13T07:53:12.503Z info vsand[2103344] [opID=MainThread VsanPyVmomiProfiler::logProfile]   Import VsanHealth sub modules: VsanDataProtectionSpaceSystem: 0.00s, consumed: 32044KB (+0KB), consumedPeak: 32044KB (+0KB), effectiveMin: 102400KB (+0KB), effectiveMinPeak: 102400KB (+0KB), requestedMinPeak: 102400KB (+0KB)
2025-09-13T07:53:12.612Z info vsand[2103344] [opID=MainThread VsanPyVmomiProfiler::log] Profiler:
2025-09-13T07:53:12.612Z info vsand[2103344] [opID=MainThread VsanPyVmomiProfiler::logProfile]   Import VsanHealth sub modules: VsanDataProtectionSpaceSystemImpl: 0.11s, consumed: 32044KB (+0KB), consumedPeak: 32044KB (+0KB), effectiveMin: 102400KB (+0KB), effectiveMinPeak: 102400KB (+0KB), requestedMinPeak: 102400KB (+0KB)
2025-09-13T07:53:12.618Z info vsand[2103344] [opID=MainThread VsanPyVmomiProfiler::log] Profiler:
2025-09-13T07:53:12.619Z info vsand[2103344] [opID=MainThread VsanPyVmomiProfiler::logProfile]   Import VsanHealth sub modules: VsanVdsSystem: 0.01s, consumed: 32044KB (+0KB), consumedPeak: 32044KB (+0KB), effectiveMin: 102400KB (+0KB), effectiveMinPeak: 102400KB (+0KB), requestedMinPeak: 102400KB (+0KB)
2025-09-13T07:53:12.620Z info vsand[2103344] [opID=MainThread VsanPyVmomiProfiler::log] Profiler:
2025-09-13T07:53:12.621Z info vsand[2103344] [opID=MainThread VsanPyVmomiProfiler::logProfile]   Import VsanHealth sub modules: VsanVdsSystemImpl: 0.00s, consumed: 32044KB (+0KB), consumedPeak: 32044KB (+0KB), effectiveMin: 102400KB (+0KB), effectiveMinPeak: 102400KB (+0KB), requestedMinPeak: 102400KB (+0KB)
2025-09-13T07:53:12.626Z info vsand[2103344] [opID=MainThread VsanPyVmomiProfiler::log] Profiler:
2025-09-13T07:53:12.626Z info vsand[2103344] [opID=MainThread VsanPyVmomiProfiler::logProfile]   Import VsanHealth sub modules: VsanHostSystemProxyImpl: 0.00s, consumed: 32044KB (+0KB), consumedPeak: 32044KB (+0KB), effectiveMin: 102400KB (+0KB), effectiveMinPeak: 102400KB (+0KB), requestedMinPeak: 102400KB (+0KB)
2025-09-13T07:53:12.629Z info vsand[2103344] [opID=MainThread VsanPyVmomiProfiler::log] Profiler:
2025-09-13T07:53:12.630Z info vsand[2103344] [opID=MainThread VsanPyVmomiProfiler::logProfile]   Import VsanHealth sub modules: VsanVcPerformanceManagerImpl: 0.00s, consumed: 32044KB (+0KB), consumedPeak: 32044KB (+0KB), effectiveMin: 102400KB (+0KB), effectiveMinPeak: 102400KB (+0KB), requestedMinPeak: 102400KB (+0KB)
2025-09-13T07:53:12.630Z info vsand[2103344] [opID=MainThread VsanPyVmomiProfiler::log] Profiler:
2025-09-13T07:53:12.630Z info vsand[2103344] [opID=MainThread VsanPyVmomiProfiler::logProfile]   Import VsanHealth sub modules: VsanCommonTypes: 0.00s, consumed: 32044KB (+0KB), consumedPeak: 32044KB (+0KB), effectiveMin: 102400KB (+0KB), effectiveMinPeak: 102400KB (+0KB), requestedMinPeak: 102400KB (+0KB)
2025-09-13T07:53:12.639Z info vsand[2103344] [opID=MainThread VsanPyVmomiProfiler::log] Profiler:
2025-09-13T07:53:12.639Z info vsand[2103344] [opID=MainThread VsanPyVmomiProfiler::logProfile]   Import VsanHealth sub modules: VsanVcDiskFormatConverter: 0.01s, consumed: 32044KB (+0KB), consumedPeak: 32044KB (+0KB), effectiveMin: 102400KB (+0KB), effectiveMinPeak: 102400KB (+0KB), requestedMinPeak: 102400KB (+0KB)
2025-09-13T07:53:12.652Z info vsand[2103344] [opID=MainThread VsanPyVmomiProfiler::log] Profiler:
2025-09-13T07:53:12.653Z info vsand[2103344] [opID=MainThread VsanPyVmomiProfiler::logProfile]   Import VsanHealth sub modules: VsanVcDiskFormatConverterImpl: 0.01s, consumed: 32044KB (+0KB), consumedPeak: 32044KB (+0KB), effectiveMin: 102400KB (+0KB), effectiveMinPeak: 102400KB (+0KB), requestedMinPeak: 102400KB (+0KB)
2025-09-13T07:53:12.659Z info vsand[2103344] [opID=MainThread VsanPyVmomiProfiler::log] Profiler:
2025-09-13T07:53:12.659Z info vsand[2103344] [opID=MainThread VsanPyVmomiProfiler::logProfile]   Import VsanHealth sub modules: VsanMassCollector: 0.01s, consumed: 32044KB (+0KB), consumedPeak: 32044KB (+0KB), effectiveMin: 102400KB (+0KB), effectiveMinPeak: 102400KB (+0KB), requestedMinPeak: 102400KB (+0KB)
2025-09-13T07:53:12.662Z info vsand[2103344] [opID=MainThread VsanMgmtUtil::__init__] Initialized ObjectCache: 'ph_obfuscationLookupTable', maxSize=10000, ttl=None
2025-09-13T07:53:12.662Z info vsand[2103344] [opID=MainThread VsanMgmtUtil::__init__] Initialized ObjectCache: 'ph_database', maxSize=10000, ttl=None
2025-09-13T07:53:12.662Z info vsand[2103344] [opID=MainThread VsanMgmtUtil::__init__] Initialized ObjectCache: 'ph_exception_database', maxSize=10000, ttl=None
2025-09-13T07:53:12.668Z error vsand[2103344] [opID=MainThread VsanConfigUtil::isFeatureEnabledOnHost] Failed to get value for /config/VSAN/intOpts/CloudHealth Traceback (most recent call last):   File "/build/mts/release/bora-19184740/bora/build/vsan/release/vsanhealth/usr/lib/vmware/vsan/perfsvc/VsanConfigUtil.py", line 549, in isFeatureEnabledOnHost Exception: Not found
2025-09-13T07:53:12.670Z info vsand[2103344] [opID=MainThread VsanPyVmomiProfiler::log] Profiler:
2025-09-13T07:53:12.671Z info vsand[2103344] [opID=MainThread VsanPyVmomiProfiler::logProfile]   Import VsanHealth sub modules: VsanMassCollectorImpl: 0.01s, consumed: 32044KB (+0KB), consumedPeak: 32044KB (+0KB), effectiveMin: 102400KB (+0KB), effectiveMinPeak: 102400KB (+0KB), requestedMinPeak: 102400KB (+0KB)
2025-09-13T07:53:12.673Z info vsand[2103344] [opID=MainThread VsanPyVmomiProfiler::log] Profiler:
2025-09-13T07:53:12.673Z info vsand[2103344] [opID=MainThread VsanPyVmomiProfiler::logProfile]   Import VsanHealth sub modules: ServiceInstanceImpl: 0.00s, consumed: 32044KB (+0KB), consumedPeak: 32044KB (+0KB), effectiveMin: 102400KB (+0KB), effectiveMinPeak: 102400KB (+0KB), requestedMinPeak: 102400KB (+0KB)
2025-09-13T07:53:12.673Z info vsand[2103344] [opID=MainThread statsdaemon::LoadAndRegisterManagedObjects] Loading VsanIscsiTargetSystem__ext_init__
2025-09-13T07:53:12.741Z info vsand[2103344] [opID=MainThread statsdaemon::LoadAndRegisterManagedObjects] Loading VsanObjectSystem__ext_init__
2025-09-13T07:53:12.746Z info vsand[2103344] [opID=MainThread statsdaemon::LoadAndRegisterManagedObjects] Loading VsanPhoneHomeHostSystem__ext_init__
2025-09-13T07:53:12.750Z info vsand[2103344] [opID=MainThread statsdaemon::LoadAndRegisterManagedObjects] Loading VsanPrecheckerSystem__ext_init__
2025-09-13T07:53:12.756Z info vsand[2103344] [opID=MainThread statsdaemon::LoadAndRegisterManagedObjects] Loading VsanResourceCheckSystem__ext_init__
2025-09-13T07:53:12.762Z info vsand[2103344] [opID=MainThread statsdaemon::LoadAndRegisterManagedObjects] Loading VsanStretchedCluster__ext_init__
2025-09-13T07:53:12.768Z info vsand[2103344] [opID=MainThread statsdaemon::LoadAndRegisterManagedObjects] Loading VsanSystem__ext_init__
2025-09-13T07:53:12.771Z info vsand[2103390] [opID=Thread-5 VsanTaskTrackerImpl::_Reinit] Start connecting to hostd
2025-09-13T07:53:12.774Z info vsand[2103344] [opID=MainThread statsdaemon::LoadAndRegisterManagedObjects] Loading VsanVcDiskManagementSystem__ext_init__
2025-09-13T07:53:12.779Z info vsand[2103344] [opID=MainThread statsdaemon::LoadAndRegisterManagedObjects] Loading VsanVcIscsiTargetSystem__ext_init__
2025-09-13T07:53:12.784Z info vsand[2103344] [opID=MainThread statsdaemon::LoadAndRegisterManagedObjects] Loaded vSAN managed objects: 22 ({('ha-vsan-disk-management-system', None): 'VsanDiskManagementSystemImpl:ha-vsan-disk-management-system', ('ha-vsan-prechecker-system', None): 'VsanPrecheckerSystemImpl:ha-vsan-prechecker-system', ('ha-phonehome-host-system', None): 'VsanPhoneHomeHostSystemImpl:ha-phonehome-host-system', ('ServiceInstance', None): 'ServiceInstanceImpl:ServiceInstance', ('ha-vsan-task-tracker', None): 'VsanTaskTrackerImpl:ha-vsan-task-tracker', ('ha-vsan-dp-space-system', None): 'VsanDataProtectionSpaceSystemImpl:ha-vsan-dp-space-system', ('ha-cli-info-python', None): 'CLIInfoImpl:ha-cli-info-python', ('vsanSystem', None): 'VsanSystemImpl:vsanSystem', ('ha-dynamic-type-manager-python', None): 'DynamicTypeManager:ha-dynamic-type-manager-python', ('vsanDebugSys
tem', None): 'VsanDebugSystemImpl:vsanDebugSystem', ('vsan-iscsi-target-system', None): 'VsanIscsiTargetSystemImpl:vsan-iscsi-target-system', ('ha-vsan-internal-system', None): 'VsanInternalSystem:ha-vsan-internal-system', ('vsan-capability-system', None): 'VsanCapabilitySystemImpl:vsan-capability-system', ('vsan-performance-manager', None): 'VsanPerformanceManagerImpl:vsan-performance-manager', ('vsan-object-system', None): 'VsanObjectSystemImpl:vsan-object-system', ('vsan-internal-statsprovider', None): 'VsanInternalStatsProviderImpl:vsan-internal-statsprovider', ('vsan-vcsa-deployer-system', None): 'VsanVcsaDeployerSystemImpl:vsan-vcsa-deployer-system', ('vsanSystemEx', None): 'VsanSystemExImpl:vsanSystemEx', ('ha-vsan-async-system', None): 'VsanAsyncSystemImpl:ha-vsan-async-system', ('ha-vsan-health-system', None): 'VsanHealthSystemImpl:ha-vsan-health-system', ('ha-vsan-stretched-cluster-sy
stem', None): 'VsanStretchedClusterSystem:ha-vsan-stretched-cluster-system', ('ha-vsan-cluster-health-system', None): 'VsanClusterHealthSystemImpl:ha-vsan-cluster-health-system'})
2025-09-13T07:53:12.784Z info vsand[2103344] [opID=MainThread VsanPyVmomiProfiler::log] Profiler:
2025-09-13T07:53:12.784Z info vsand[2103344] [opID=MainThread VsanPyVmomiProfiler::logProfile]   LoadAndRegisterManagedObjects: 0.48s, consumed: 32044KB (+0KB), consumedPeak: 32044KB (+0KB), effectiveMin: 102400KB (+0KB), effectiveMinPeak: 102400KB (+0KB), requestedMinPeak: 102400KB (+0KB)
2025-09-13T07:53:12.784Z info vsand[2103344] [opID=MainThread VsanPyVmomiProfiler::logProfile]   __import__VcsaDeployerSystem__ext_init__: 0.04s, consumed: 32044KB (+0KB), consumedPeak: 32044KB (+0KB), effectiveMin: 102400KB (+0KB), effectiveMinPeak: 102400KB (+0KB), requestedMinPeak: 102400KB (+0KB)
2025-09-13T07:53:12.785Z info vsand[2103344] [opID=MainThread VsanPyVmomiProfiler::logProfile]   __import__VsanCapabilitySystem__ext_init__: 0.00s, consumed: 32044KB (+0KB), consumedPeak: 32044KB (+0KB), effectiveMin: 102400KB (+0KB), effectiveMinPeak: 102400KB (+0KB), requestedMinPeak: 102400KB (+0KB)
2025-09-13T07:53:12.785Z info vsand[2103344] [opID=MainThread VsanPyVmomiProfiler::logProfile]   __import__VsanDebugSystem__ext_init__: 0.00s, consumed: 32044KB (+0KB), consumedPeak: 32044KB (+0KB), effectiveMin: 102400KB (+0KB), effectiveMinPeak: 102400KB (+0KB), requestedMinPeak: 102400KB (+0KB)
2025-09-13T07:53:12.785Z info vsand[2103344] [opID=MainThread VsanPyVmomiProfiler::logProfile]   __import__VsanDiskManagementSystem__ext_init__: 0.02s, consumed: 32044KB (+0KB), consumedPeak: 32044KB (+0KB), effectiveMin: 102400KB (+0KB), effectiveMinPeak: 102400KB (+0KB), requestedMinPeak: 102400KB (+0KB)
2025-09-13T07:53:12.785Z info vsand[2103344] [opID=MainThread VsanPyVmomiProfiler::logProfile]   __import__VsanHealth__ext_init__: 0.28s, consumed: 32044KB (+0KB), consumedPeak: 32044KB (+0KB), effectiveMin: 102400KB (+0KB), effectiveMinPeak: 102400KB (+0KB), requestedMinPeak: 102400KB (+0KB)
2025-09-13T07:53:12.785Z info vsand[2103344] [opID=MainThread VsanPyVmomiProfiler::logProfile]   __import__VsanIscsiTargetSystem__ext_init__: 0.07s, consumed: 32044KB (+0KB), consumedPeak: 32044KB (+0KB), effectiveMin: 102400KB (+0KB), effectiveMinPeak: 102400KB (+0KB), requestedMinPeak: 102400KB (+0KB)
2025-09-13T07:53:12.786Z info vsand[2103344] [opID=MainThread VsanPyVmomiProfiler::logProfile]   __import__VsanObjectSystem__ext_init__: 0.00s, consumed: 32044KB (+0KB), consumedPeak: 32044KB (+0KB), effectiveMin: 102400KB (+0KB), effectiveMinPeak: 102400KB (+0KB), requestedMinPeak: 102400KB (+0KB)
2025-09-13T07:53:12.786Z info vsand[2103344] [opID=MainThread VsanPyVmomiProfiler::logProfile]   __import__VsanPhoneHomeHostSystem__ext_init__: 0.00s, consumed: 32044KB (+0KB), consumedPeak: 32044KB (+0KB), effectiveMin: 102400KB (+0KB), effectiveMinPeak: 102400KB (+0KB), requestedMinPeak: 102400KB (+0KB)
2025-09-13T07:53:12.786Z info vsand[2103344] [opID=MainThread VsanPyVmomiProfiler::logProfile]   __import__VsanPrecheckerSystem__ext_init__: 0.01s, consumed: 32044KB (+0KB), consumedPeak: 32044KB (+0KB), effectiveMin: 102400KB (+0KB), effectiveMinPeak: 102400KB (+0KB), requestedMinPeak: 102400KB (+0KB)
2025-09-13T07:53:12.786Z info vsand[2103344] [opID=MainThread VsanPyVmomiProfiler::logProfile]   __import__VsanResourceCheckSystem__ext_init__: 0.01s, consumed: 32044KB (+0KB), consumedPeak: 32044KB (+0KB), effectiveMin: 102400KB (+0KB), effectiveMinPeak: 102400KB (+0KB), requestedMinPeak: 102400KB (+0KB)
2025-09-13T07:53:12.787Z info vsand[2103344] [opID=MainThread VsanPyVmomiProfiler::logProfile]   __import__VsanStretchedCluster__ext_init__: 0.01s, consumed: 32044KB (+0KB), consumedPeak: 32044KB (+0KB), effectiveMin: 102400KB (+0KB), effectiveMinPeak: 102400KB (+0KB), requestedMinPeak: 102400KB (+0KB)
2025-09-13T07:53:12.787Z info vsand[2103344] [opID=MainThread VsanPyVmomiProfiler::logProfile]   __import__VsanSystem__ext_init__: 0.01s, consumed: 32044KB (+0KB), consumedPeak: 32044KB (+0KB), effectiveMin: 102400KB (+0KB), effectiveMinPeak: 102400KB (+0KB), requestedMinPeak: 102400KB (+0KB)
2025-09-13T07:53:12.787Z info vsand[2103344] [opID=MainThread VsanPyVmomiProfiler::logProfile]   __import__VsanVcDiskManagementSystem__ext_init__: 0.00s, consumed: 32044KB (+0KB), consumedPeak: 32044KB (+0KB), effectiveMin: 102400KB (+0KB), effectiveMinPeak: 102400KB (+0KB), requestedMinPeak: 102400KB (+0KB)
2025-09-13T07:53:12.787Z info vsand[2103344] [opID=MainThread VsanPyVmomiProfiler::logProfile]   __import__VsanVcIscsiTargetSystem__ext_init__: 0.00s, consumed: 32044KB (+0KB), consumedPeak: 32044KB (+0KB), effectiveMin: 102400KB (+0KB), effectiveMinPeak: 102400KB (+0KB), requestedMinPeak: 102400KB (+0KB)
2025-09-13T07:53:12.787Z info vsand[2103344] [opID=MainThread VsanPyVmomiProfiler::logProfile]   scanExtInitFiles: 0.01s, consumed: 32044KB (+0KB), consumedPeak: 32044KB (+0KB), effectiveMin: 102400KB (+0KB), effectiveMinPeak: 102400KB (+0KB), requestedMinPeak: 102400KB (+0KB)
2025-09-13T07:53:12.788Z info vsand[2103344] [opID=MainThread VsanPyVmomiProfiler::logProfile]   vsanPerfMgr: 0.01s, consumed: 32044KB (+0KB), consumedPeak: 32044KB (+0KB), effectiveMin: 102400KB (+0KB), effectiveMinPeak: 102400KB (+0KB), requestedMinPeak: 102400KB (+0KB)
2025-09-13T07:53:12.788Z info vsand[2103344] [opID=MainThread VsanPyVmomiProfiler::logProfile]   vsanPerfPyMo: 0.00s, consumed: 32044KB (+0KB), consumedPeak: 32044KB (+0KB), effectiveMin: 102400KB (+0KB), effectiveMinPeak: 102400KB (+0KB), requestedMinPeak: 102400KB (+0KB)
2025-09-13T07:53:12.788Z info vsand[2103344] [opID=MainThread VsanVmomiPatcher::PatchMoManager] MoManager is patched!
2025-09-13T07:53:12.849Z info vsand[2103390] [opID=Thread-5 VsanHealthUtil::LoginLocalHostd] Done login/relogin to local hostd.
2025-09-13T07:53:12.876Z info vsand[2103390] [opID=Thread-5 VsanTaskTrackerImpl::_Reinit] Done connecting to hostd
2025-09-13T07:53:12.879Z info vsand[2103344] [opID=MainThread statsdaemon::run] Connected to hostd, VMware ESXi 6.7.0 build-19195723
2025-09-13T07:53:12.956Z info vsand[2103344] [opID=MainThread VsanHealthUtil::importEsxcliTypes] Begin to import esxcli types
2025-09-13T07:53:13.342Z info vsand[2103344] [opID=MainThread statsdaemon::run] import network type successfully
2025-09-13T07:53:13.343Z error vsand[2103344] [opID=MainThread cliutils::SubscribeToCMMDS] uninstalling subscription Traceback (most recent call last):   File "/build/mts/release/bora-19184740/bora/build/vsan/release/vsanhealth/usr/lib/vmware/vsan/perfsvc/cliutils.py", line 333, in SubscribeToCMMDS RuntimeError: Operation not allowed because the VMKernel is shutting down
2025-09-13T07:53:13.344Z error vsand[2103344] [opID=MainThread cliutils::GetVSANClusterInfo] Failed to query cluster info: Operation not allowed because the VMKernel is shutting down
2025-09-13T07:53:13.345Z info vsand[2103344] [opID=MainThread statsdaemon::_logDaemonMemoryStats] Daemon memory stats: eMin=102.400MB, eMinPeak=102.400MB, rMinPeak=102.400MB
2025-09-13T07:53:13.345Z info vsand[2103344] [opID=MainThread statsdaemon::_logDaemonMemoryStats]   'python.2103344' memory stats: eMin=78.820MB, eMinPeak=78.820MB, rMinPeak=78.820MB
2025-09-13T07:53:14.454Z info vsand[2103382] [opID=Thread-2 VsanHealthDaemon::_subscribeCmmds] Subscribe CMMDS entry change listener
2025-09-13T07:53:14.455Z error vsand[2103382] [opID=Thread-2 cliutils::SubscribeToCMMDS] uninstalling subscription Traceback (most recent call last):   File "/build/mts/release/bora-19184740/bora/build/vsan/release/vsanhealth/usr/lib/vmware/vsan/perfsvc/cliutils.py", line 333, in SubscribeToCMMDS RuntimeError: Operation not allowed because the VMKernel is shutting down
2025-09-13T07:53:14.455Z error vsand[2103382] [opID=Thread-2 cliutils::SubscribeToCMMDS] uninstalling subscription Traceback (most recent call last):   File "/build/mts/release/bora-19184740/bora/build/vsan/release/vsanhealth/usr/lib/vmware/vsan/perfsvc/cliutils.py", line 333, in SubscribeToCMMDS RuntimeError: Operation not allowed because the VMKernel is shutting down
2025-09-13T07:53:14.456Z error vsand[2103382] [opID=Thread-2 cliutils::SubscribeToCMMDS] uninstalling subscription Traceback (most recent call last):   File "/build/mts/release/bora-19184740/bora/build/vsan/release/vsanhealth/usr/lib/vmware/vsan/perfsvc/cliutils.py", line 333, in SubscribeToCMMDS RuntimeError: Operation not allowed because the VMKernel is shutting down
2025-09-13T07:53:14.456Z error vsand[2103382] [opID=Thread-2 cliutils::SubscribeToCMMDS] uninstalling subscription Traceback (most recent call last):   File "/build/mts/release/bora-19184740/bora/build/vsan/release/vsanhealth/usr/lib/vmware/vsan/perfsvc/cliutils.py", line 333, in SubscribeToCMMDS RuntimeError: Operation not allowed because the VMKernel is shutting down
2025-09-13T07:53:14.456Z error vsand[2103382] [opID=Thread-2 cliutils::SubscribeToCMMDS] uninstalling subscription Traceback (most recent call last):   File "/build/mts/release/bora-19184740/bora/build/vsan/release/vsanhealth/usr/lib/vmware/vsan/perfsvc/cliutils.py", line 333, in SubscribeToCMMDS RuntimeError: Operation not allowed because the VMKernel is shutting down
2025-09-13T07:53:14.457Z info vsand[2103382] [opID=Thread-2 VsanHealthDaemon::doVsanHealthCheck] Skip VSAN health check due to the VSAN is disabled
2025-09-13T07:53:15.649Z info vsand[2103376] [opID=fafb8a6e VsanCapabilitySystemImpl::_GetConfigOptionValue] _GetConfigOptionValue value 1 for Encryption
2025-09-13T07:53:15.649Z info vsand[2103376] [opID=fafb8a6e VsanCapabilitySystemImpl::_GetConfigOptionValue] _GetConfigOptionValue value 1 for DecomWhatIf
2025-09-13T07:53:15.650Z info vsand[2103376] [opID=fafb8a6e VsanCapabilitySystemImpl::_GetConfigOptionValue] _GetConfigOptionValue value 1 for ThrottleResync
2025-09-13T07:53:15.650Z info vsand[2103376] [opID=fafb8a6e VsanCapabilitySystemImpl::_GetConfigOptionValue] _GetConfigOptionValue value 1 for UnicastMode
2025-09-13T07:53:15.650Z info vsand[2103376] [opID=fafb8a6e VsanCapabilitySystemImpl::_GetConfigOptionValue] _GetConfigOptionValue value 1 for Device4KSupport
2025-09-13T07:53:15.650Z info vsand[2103376] [opID=fafb8a6e VsanCapabilitySystemImpl::_GetConfigOptionValue] _GetConfigOptionValue value 1 for NestedFD
2025-09-13T07:53:15.650Z info vsand[2103376] [opID=fafb8a6e VsanCapabilitySystemImpl::_GetConfigOptionValue] _GetConfigOptionValue value 0 for CompliancePrecheck
2025-09-13T07:53:15.650Z info vsand[2103376] [opID=fafb8a6e VsanCapabilitySystemImpl::_GetConfigOptionValue] _GetConfigOptionValue value 1 for VumIntegration
2025-09-13T07:53:15.650Z info vsand[2103376] [opID=fafb8a6e VsanCapabilitySystemImpl::_GetConfigOptionValue] _GetConfigOptionValue value 1 for FirmwareUpdate
2025-09-13T07:53:15.651Z error vsand[2103376] [opID=fafb8a6e VsanCapabilitySystemImpl::_GetConfigOptionValue] Unable to get value for FullStackFw due to: Not found
2025-09-13T07:53:15.651Z info vsand[2103376] [opID=fafb8a6e VsanCapabilitySystemImpl::_GetConfigOptionValue] _GetConfigOptionValue value 1 for ConfigAssist
2025-09-13T07:53:15.651Z error vsand[2103376] [opID=fafb8a6e VsanCapabilitySystemImpl::_GetConfigOptionValue] Unable to get value for Fcd due to: Not found
2025-09-13T07:53:15.651Z info vsand[2103376] [opID=fafb8a6e VsanCapabilitySystemImpl::_GetConfigOptionValue] _GetConfigOptionValue value 0 for GenericNestedFD
2025-09-13T07:53:15.651Z info vsand[2103376] [opID=fafb8a6e VsanCapabilitySystemImpl::_GetConfigOptionValue] _GetConfigOptionValue value 1 for HostAffinity
2025-09-13T07:53:15.651Z info vsand[2103376] [opID=fafb8a6e VsanCapabilitySystemImpl::_GetConfigOptionValue] _GetConfigOptionValue value 1 for PolicyAssociation
2025-09-13T07:53:15.652Z info vsand[2103376] [opID=fafb8a6e VsanCapabilitySystemImpl::_GetConfigOptionValue] _GetConfigOptionValue value 0 for VSAN_RDMA
2025-09-13T07:53:15.652Z info vsand[2103376] [opID=fafb8a6e VsanCapabilitySystemImpl::_GetConfigOptionValue] _GetConfigOptionValue value 1 for ClomBgProRebalanceSwitch
2025-09-13T07:53:15.652Z info vsand[2103376] [opID=fafb8a6e VsanCapabilitySystemImpl::_GetConfigOptionValue] _GetConfigOptionValue value 1 for ResourcePrecheck
2025-09-13T07:53:15.652Z info vsand[2103376] [opID=fafb8a6e VsanCapabilitySystemImpl::_GetConfigOptionValue] _GetConfigOptionValue value 1 for EnableUpgradeAudit
2025-09-13T07:53:15.653Z info vsand[2103376] [opID=fafb8a6e VsanCapabilitySystemImpl::_GetConfigOptionValue] _GetConfigOptionValue value 1 for ResyncEtaImprovement
2025-09-13T07:53:15.653Z info vsand[2103376] [opID=fafb8a6e VsanCapabilitySystemImpl::_GetConfigOptionValue] _GetConfigOptionValue value 1 for VitOnlineResize
2025-09-13T07:53:15.653Z info vsand[2103376] [opID=fafb8a6e VsanCapabilitySystemImpl::_GetConfigOptionValue] _GetConfigOptionValue value 0 for LargeCapacityDrive
2025-09-13T07:53:15.653Z info vsand[2103376] [opID=fafb8a6e VsanCapabilitySystemImpl::GetCapabilities] Capabilities: ['unicastmode', 'healthcheck2018q2', 'masspropertycollector', 'upgrade', 'enhancedresyncapi', 'vumintegration', 'resourceprecheck', 'dataefficiency', 'objectidentities', 'resyncetaimprovement', 'allflash', 'throttleresync', 'device4ksupport', 'upgraderesourceprecheck', 'purgeinaccessiblevmswapobjects', 'iscsitargets', 'netperftest', 'fileservices', 'decomwhatif', 'automaticrebalance', 'historicalcapacity', 'stretchedcluster', 'firmwareupdate', 'configassist', 'vitonlineresize', 'cloudhealth', 'nestedfd', 'diagnosticmode', 'hostaffinity', 'clusterconfig', 'policyassociation', 'encryption', 'capability', 'repairtimerinresyncstats']
2025-09-13T07:53:18.347Z error vsand[2103344] [opID=MainThread cliutils::GetVSANClusterInfo] Failed to query cluster info: Operation not allowed because the VMKernel is shutting down
2025-09-13T07:53:18.438Z info vsand[2103381] [opID=Thread-1 VsanPyVmomiProfiler::logProfile]   invoke-method:ServiceInstance:RetrieveContent: 0.01s, consumed: 66708KB (+0KB), consumedPeak: 66708KB (+0KB), effectiveMin: 102400KB (+0KB), effectiveMinPeak: 102400KB (+0KB), requestedMinPeak: 102400KB (+0KB)
2025-09-13T07:53:18.458Z info vsand[2103381] [opID=Thread-1 VsanMgmtUtil::__init__] Initialized ObjectCache: 'healthSummaryCache', maxSize=1024, ttl=None
2025-09-13T07:53:18.459Z info vsand[2103381] [opID=Thread-1 VsanMgmtUtil::__init__] Initialized ObjectCache: 'healthHistoricalCache', maxSize=1024, ttl=4000
2025-09-13T07:53:18.460Z info vsand[2103381] [opID=Thread-1 VsanVcPerformanceManagerImpl::__init__] VsanVcPerformanceManagerImpl init
2025-09-13T07:53:18.464Z info vsand[2103381] [opID=Thread-1 VsanVcObjectSystemImpl::__init__] VsanVcObjectSystemImpl init
2025-09-13T07:53:18.464Z info vsand[2103381] [opID=Thread-1 VsanResourceCheckSystemImpl::__init__] VsanResourceCheckSystemImpl init
2025-09-13T07:53:18.464Z info vsand[2103381] [opID=Thread-1 VsanMgmtUtil::__init__] Initialized ObjectCache: 'DiskMappingCache', maxSize=2000, ttl=None
2025-09-13T07:53:18.464Z info vsand[2103381] [opID=Thread-1 VsanVcIscsiTargetSystemImpl::__init__] VsanVcIscsiTargetSystemImpl init
2025-09-13T07:53:23.349Z error vsand[2103344] [opID=MainThread cliutils::GetVSANClusterInfo] Failed to query cluster info: Operation not allowed because the VMKernel is shutting down
2025-09-13T07:53:28.352Z error vsand[2103344] [opID=MainThread cliutils::GetVSANClusterInfo] Failed to query cluster info: Operation not allowed because the VMKernel is shutting down
2025-09-13T07:53:33.355Z error vsand[2103344] [opID=MainThread cliutils::GetVSANClusterInfo] Failed to query cluster info: Operation not allowed because the VMKernel is shutting down
2025-09-13T07:53:38.356Z error vsand[2103344] [opID=MainThread cliutils::GetVSANClusterInfo] Failed to query cluster info: Operation not allowed because the VMKernel is shutting down
2025-09-13T07:53:43.359Z error vsand[2103344] [opID=MainThread cliutils::GetVSANClusterInfo] Failed to query cluster info: Operation not allowed because the VMKernel is shutting down
2025-09-13T07:53:48.362Z error vsand[2103344] [opID=MainThread cliutils::GetVSANClusterInfo] Failed to query cluster info: Operation not allowed because the VMKernel is shutting down
2025-09-13T07:53:53.365Z error vsand[2103344] [opID=MainThread cliutils::GetVSANClusterInfo] Failed to query cluster info: Operation not allowed because the VMKernel is shutting down
2025-09-13T07:53:58.368Z error vsand[2103344] [opID=MainThread cliutils::GetVSANClusterInfo] Failed to query cluster info: Operation not allowed because the VMKernel is shutting down
2025-09-13T07:54:03.371Z error vsand[2103344] [opID=MainThread cliutils::GetVSANClusterInfo] Failed to query cluster info: Operation not allowed because the VMKernel is shutting down
2025-09-13T07:54:08.373Z error vsand[2103344] [opID=MainThread cliutils::GetVSANClusterInfo] Failed to query cluster info: Operation not allowed because the VMKernel is shutting down
2025-09-13T07:54:13.375Z error vsand[2103344] [opID=MainThread cliutils::GetVSANClusterInfo] Failed to query cluster info: Operation not allowed because the VMKernel is shutting down
2025-09-13T07:54:18.377Z error vsand[2103344] [opID=MainThread cliutils::GetVSANClusterInfo] Failed to query cluster info: Operation not allowed because the VMKernel is shutting down
2025-09-13T07:54:23.381Z error vsand[2103344] [opID=MainThread cliutils::GetVSANClusterInfo] Failed to query cluster info: Operation not allowed because the VMKernel is shutting down
2025-09-13T07:54:28.382Z error vsand[2103344] [opID=MainThread cliutils::GetVSANClusterInfo] Failed to query cluster info: Operation not allowed because the VMKernel is shutting down
2025-09-13T07:54:33.385Z error vsand[2103344] [opID=MainThread cliutils::GetVSANClusterInfo] Failed to query cluster info: Operation not allowed because the VMKernel is shutting down
2025-09-13T07:54:38.388Z error vsand[2103344] [opID=MainThread cliutils::GetVSANClusterInfo] Failed to query cluster info: Operation not allowed because the VMKernel is shutting down
2025-09-13T07:54:43.391Z error vsand[2103344] [opID=MainThread cliutils::GetVSANClusterInfo] Failed to query cluster info: Operation not allowed because the VMKernel is shutting down
2025-09-13T07:54:48.394Z error vsand[2103344] [opID=MainThread cliutils::GetVSANClusterInfo] Failed to query cluster info: Operation not allowed because the VMKernel is shutting down
2025-09-13T07:54:53.397Z error vsand[2103344] [opID=MainThread cliutils::GetVSANClusterInfo] Failed to query cluster info: Operation not allowed because the VMKernel is shutting down
2025-09-13T07:54:58.400Z error vsand[2103344] [opID=MainThread cliutils::GetVSANClusterInfo] Failed to query cluster info: Operation not allowed because the VMKernel is shutting down
2025-09-13T07:55:03.403Z error vsand[2103344] [opID=MainThread cliutils::GetVSANClusterInfo] Failed to query cluster info: Operation not allowed because the VMKernel is shutting down
2025-09-13T07:55:08.405Z error vsand[2103344] [opID=MainThread cliutils::GetVSANClusterInfo] Failed to query cluster info: Operation not allowed because the VMKernel is shutting down
2025-09-13T07:55:13.408Z error vsand[2103344] [opID=MainThread cliutils::GetVSANClusterInfo] Failed to query cluster info: Operation not allowed because the VMKernel is shutting down
2025-09-13T07:55:18.411Z error vsand[2103344] [opID=MainThread cliutils::GetVSANClusterInfo] Failed to query cluster info: Operation not allowed because the VMKernel is shutting down
2025-09-13T07:55:23.413Z error vsand[2103344] [opID=MainThread cliutils::GetVSANClusterInfo] Failed to query cluster info: Operation not allowed because the VMKernel is shutting down
2025-09-13T07:55:28.415Z error vsand[2103344] [opID=MainThread cliutils::GetVSANClusterInfo] Failed to query cluster info: Operation not allowed because the VMKernel is shutting down
2025-09-13T07:55:33.418Z error vsand[2103344] [opID=MainThread cliutils::GetVSANClusterInfo] Failed to query cluster info: Operation not allowed because the VMKernel is shutting down
2025-09-13T07:55:38.421Z error vsand[2103344] [opID=MainThread cliutils::GetVSANClusterInfo] Failed to query cluster info: Operation not allowed because the VMKernel is shutting down
2025-09-13T07:55:43.424Z error vsand[2103344] [opID=MainThread cliutils::GetVSANClusterInfo] Failed to query cluster info: Operation not allowed because the VMKernel is shutting down
2025-09-13T07:55:48.427Z error vsand[2103344] [opID=MainThread cliutils::GetVSANClusterInfo] Failed to query cluster info: Operation not allowed because the VMKernel is shutting down
2025-09-13T07:55:53.431Z error vsand[2103344] [opID=MainThread cliutils::GetVSANClusterInfo] Failed to query cluster info: Operation not allowed because the VMKernel is shutting down
2025-09-13T07:55:58.433Z error vsand[2103344] [opID=MainThread cliutils::GetVSANClusterInfo] Failed to query cluster info: Operation not allowed because the VMKernel is shutting down
2025-09-13T07:56:03.434Z error vsand[2103344] [opID=MainThread cliutils::GetVSANClusterInfo] Failed to query cluster info: Operation not allowed because the VMKernel is shutting down
2025-09-13T07:56:08.437Z error vsand[2103344] [opID=MainThread cliutils::GetVSANClusterInfo] Failed to query cluster info: Operation not allowed because the VMKernel is shutting down
2025-09-13T07:56:13.438Z error vsand[2103344] [opID=MainThread cliutils::GetVSANClusterInfo] Failed to query cluster info: Operation not allowed because the VMKernel is shutting down
2025-09-13T07:56:18.440Z error vsand[2103344] [opID=MainThread cliutils::GetVSANClusterInfo] Failed to query cluster info: Operation not allowed because the VMKernel is shutting down
2025-09-13T07:56:23.442Z error vsand[2103344] [opID=MainThread cliutils::GetVSANClusterInfo] Failed to query cluster info: Operation not allowed because the VMKernel is shutting down
2025-09-13T07:56:28.445Z error vsand[2103344] [opID=MainThread cliutils::GetVSANClusterInfo] Failed to query cluster info: Operation not allowed because the VMKernel is shutting down
2025-09-13T07:56:33.448Z error vsand[2103344] [opID=MainThread cliutils::GetVSANClusterInfo] Failed to query cluster info: Operation not allowed because the VMKernel is shutting down
2025-09-13T07:56:38.450Z error vsand[2103344] [opID=MainThread cliutils::GetVSANClusterInfo] Failed to query cluster info: Operation not allowed because the VMKernel is shutting down
2025-09-13T07:56:43.453Z error vsand[2103344] [opID=MainThread cliutils::GetVSANClusterInfo] Failed to query cluster info: Operation not allowed because the VMKernel is shutting down
2025-09-13T07:56:48.455Z error vsand[2103344] [opID=MainThread cliutils::GetVSANClusterInfo] Failed to query cluster info: Operation not allowed because the VMKernel is shutting down
2025-09-13T07:56:53.458Z error vsand[2103344] [opID=MainThread cliutils::GetVSANClusterInfo] Failed to query cluster info: Operation not allowed because the VMKernel is shutting down
2025-09-13T07:56:58.461Z error vsand[2103344] [opID=MainThread cliutils::GetVSANClusterInfo] Failed to query cluster info: Operation not allowed because the VMKernel is shutting down
2025-09-13T07:57:03.464Z error vsand[2103344] [opID=MainThread cliutils::GetVSANClusterInfo] Failed to query cluster info: Operation not allowed because the VMKernel is shutting down
2025-09-13T07:57:08.468Z error vsand[2103344] [opID=MainThread cliutils::GetVSANClusterInfo] Failed to query cluster info: Operation not allowed because the VMKernel is shutting down
2025-09-13T07:57:13.471Z error vsand[2103344] [opID=MainThread cliutils::GetVSANClusterInfo] Failed to query cluster info: Operation not allowed because the VMKernel is shutting down
2025-09-13T07:57:18.473Z error vsand[2103344] [opID=MainThread cliutils::GetVSANClusterInfo] Failed to query cluster info: Operation not allowed because the VMKernel is shutting down
2025-09-13T07:57:23.475Z error vsand[2103344] [opID=MainThread cliutils::GetVSANClusterInfo] Failed to query cluster info: Operation not allowed because the VMKernel is shutting down
2025-09-13T07:57:28.478Z error vsand[2103344] [opID=MainThread cliutils::GetVSANClusterInfo] Failed to query cluster info: Operation not allowed because the VMKernel is shutting down
2025-09-13T07:57:33.479Z error vsand[2103344] [opID=MainThread cliutils::GetVSANClusterInfo] Failed to query cluster info: Operation not allowed because the VMKernel is shutting down
2025-09-13T07:57:38.481Z error vsand[2103344] [opID=MainThread cliutils::GetVSANClusterInfo] Failed to query cluster info: Operation not allowed because the VMKernel is shutting down
2025-09-13T07:57:43.482Z error vsand[2103344] [opID=MainThread cliutils::GetVSANClusterInfo] Failed to query cluster info: Operation not allowed because the VMKernel is shutting down
2025-09-13T07:57:48.485Z error vsand[2103344] [opID=MainThread cliutils::GetVSANClusterInfo] Failed to query cluster info: Operation not allowed because the VMKernel is shutting down
2025-09-13T07:57:53.486Z error vsand[2103344] [opID=MainThread cliutils::GetVSANClusterInfo] Failed to query cluster info: Operation not allowed because the VMKernel is shutting down
2025-09-13T07:57:58.487Z error vsand[2103344] [opID=MainThread cliutils::GetVSANClusterInfo] Failed to query cluster info: Operation not allowed because the VMKernel is shutting down
2025-09-13T07:58:03.489Z error vsand[2103344] [opID=MainThread cliutils::GetVSANClusterInfo] Failed to query cluster info: Operation not allowed because the VMKernel is shutting down
2025-09-13T07:58:08.491Z error vsand[2103344] [opID=MainThread cliutils::GetVSANClusterInfo] Failed to query cluster info: Operation not allowed because the VMKernel is shutting down
2025-09-13T07:58:13.493Z error vsand[2103344] [opID=MainThread cliutils::GetVSANClusterInfo] Failed to query cluster info: Operation not allowed because the VMKernel is shutting down
2025-09-13T07:58:14.457Z info vsand[2103382] [opID=Thread-2 VsanHealthDaemon::doVsanHealthCheck] Skip VSAN health check due to the VSAN is disabled
2025-09-13T07:58:18.495Z error vsand[2103344] [opID=MainThread cliutils::GetVSANClusterInfo] Failed to query cluster info: Operation not allowed because the VMKernel is shutting down
2025-09-13T07:58:23.496Z error vsand[2103344] [opID=MainThread cliutils::GetVSANClusterInfo] Failed to query cluster info: Operation not allowed because the VMKernel is shutting down
2025-09-13T07:58:28.497Z error vsand[2103344] [opID=MainThread cliutils::GetVSANClusterInfo] Failed to query cluster info: Operation not allowed because the VMKernel is shutting down
2025-09-13T07:58:33.499Z error vsand[2103344] [opID=MainThread cliutils::GetVSANClusterInfo] Failed to query cluster info: Operation not allowed because the VMKernel is shutting down
2025-09-13T07:58:38.500Z error vsand[2103344] [opID=MainThread cliutils::GetVSANClusterInfo] Failed to query cluster info: Operation not allowed because the VMKernel is shutting down
2025-09-13T07:58:43.501Z error vsand[2103344] [opID=MainThread cliutils::GetVSANClusterInfo] Failed to query cluster info: Operation not allowed because the VMKernel is shutting down
2025-09-13T07:58:48.503Z error vsand[2103344] [opID=MainThread cliutils::GetVSANClusterInfo] Failed to query cluster info: Operation not allowed because the VMKernel is shutting down
2025-09-13T07:58:53.505Z error vsand[2103344] [opID=MainThread cliutils::GetVSANClusterInfo] Failed to query cluster info: Operation not allowed because the VMKernel is shutting down
2025-09-13T07:58:58.506Z error vsand[2103344] [opID=MainThread cliutils::GetVSANClusterInfo] Failed to query cluster info: Operation not allowed because the VMKernel is shutting down
2025-09-13T07:59:03.509Z error vsand[2103344] [opID=MainThread cliutils::GetVSANClusterInfo] Failed to query cluster info: Operation not allowed because the VMKernel is shutting down
2025-09-13T07:59:08.511Z error vsand[2103344] [opID=MainThread cliutils::GetVSANClusterInfo] Failed to query cluster info: Operation not allowed because the VMKernel is shutting down
2025-09-13T07:59:13.512Z error vsand[2103344] [opID=MainThread cliutils::GetVSANClusterInfo] Failed to query cluster info: Operation not allowed because the VMKernel is shutting down
2025-09-13T07:59:18.514Z error vsand[2103344] [opID=MainThread cliutils::GetVSANClusterInfo] Failed to query cluster info: Operation not allowed because the VMKernel is shutting down
2025-09-13T07:59:23.516Z error vsand[2103344] [opID=MainThread cliutils::GetVSANClusterInfo] Failed to query cluster info: Operation not allowed because the VMKernel is shutting down
2025-09-13T07:59:28.517Z error vsand[2103344] [opID=MainThread cliutils::GetVSANClusterInfo] Failed to query cluster info: Operation not allowed because the VMKernel is shutting down
2025-09-13T07:59:33.518Z error vsand[2103344] [opID=MainThread cliutils::GetVSANClusterInfo] Failed to query cluster info: Operation not allowed because the VMKernel is shutting down
2025-09-13T07:59:38.521Z error vsand[2103344] [opID=MainThread cliutils::GetVSANClusterInfo] Failed to query cluster info: Operation not allowed because the VMKernel is shutting down
2025-09-13T07:59:43.525Z error vsand[2103344] [opID=MainThread cliutils::GetVSANClusterInfo] Failed to query cluster info: Operation not allowed because the VMKernel is shutting down
2025-09-13T07:59:48.526Z error vsand[2103344] [opID=MainThread cliutils::GetVSANClusterInfo] Failed to query cluster info: Operation not allowed because the VMKernel is shutting down
2025-09-13T07:59:53.528Z error vsand[2103344] [opID=MainThread cliutils::GetVSANClusterInfo] Failed to query cluster info: Operation not allowed because the VMKernel is shutting down
2025-09-13T07:59:58.529Z error vsand[2103344] [opID=MainThread cliutils::GetVSANClusterInfo] Failed to query cluster info: Operation not allowed because the VMKernel is shutting down
2025-09-13T08:00:03.531Z error vsand[2103344] [opID=MainThread cliutils::GetVSANClusterInfo] Failed to query cluster info: Operation not allowed because the VMKernel is shutting down
2025-09-13T08:00:08.534Z error vsand[2103344] [opID=MainThread cliutils::GetVSANClusterInfo] Failed to query cluster info: Operation not allowed because the VMKernel is shutting down
2025-09-13T08:00:13.536Z error vsand[2103344] [opID=MainThread cliutils::GetVSANClusterInfo] Failed to query cluster info: Operation not allowed because the VMKernel is shutting down
2025-09-13T08:00:18.538Z error vsand[2103344] [opID=MainThread cliutils::GetVSANClusterInfo] Failed to query cluster info: Operation not allowed because the VMKernel is shutting down
2025-09-13T08:00:23.539Z error vsand[2103344] [opID=MainThread cliutils::GetVSANClusterInfo] Failed to query cluster info: Operation not allowed because the VMKernel is shutting down
2025-09-13T08:00:28.540Z error vsand[2103344] [opID=MainThread cliutils::GetVSANClusterInfo] Failed to query cluster info: Operation not allowed because the VMKernel is shutting down
2025-09-13T08:00:33.541Z error vsand[2103344] [opID=MainThread cliutils::GetVSANClusterInfo] Failed to query cluster info: Operation not allowed because the VMKernel is shutting down
2025-09-13T08:00:38.543Z error vsand[2103344] [opID=MainThread cliutils::GetVSANClusterInfo] Failed to query cluster info: Operation not allowed because the VMKernel is shutting down
2025-09-13T08:00:43.547Z error vsand[2103344] [opID=MainThread cliutils::GetVSANClusterInfo] Failed to query cluster info: Operation not allowed because the VMKernel is shutting down
2025-09-13T08:00:48.548Z error vsand[2103344] [opID=MainThread cliutils::GetVSANClusterInfo] Failed to query cluster info: Operation not allowed because the VMKernel is shutting down
2025-09-13T08:00:53.551Z error vsand[2103344] [opID=MainThread cliutils::GetVSANClusterInfo] Failed to query cluster info: Operation not allowed because the VMKernel is shutting down
2025-09-13T08:00:58.555Z error vsand[2103344] [opID=MainThread cliutils::GetVSANClusterInfo] Failed to query cluster info: Operation not allowed because the VMKernel is shutting down
2025-09-13T08:01:03.556Z error vsand[2103344] [opID=MainThread cliutils::GetVSANClusterInfo] Failed to query cluster info: Operation not allowed because the VMKernel is shutting down
2025-09-13T08:01:08.557Z error vsand[2103344] [opID=MainThread cliutils::GetVSANClusterInfo] Failed to query cluster info: Operation not allowed because the VMKernel is shutting down
2025-09-13T08:01:13.560Z error vsand[2103344] [opID=MainThread cliutils::GetVSANClusterInfo] Failed to query cluster info: Operation not allowed because the VMKernel is shutting down
2025-09-13T08:01:18.562Z error vsand[2103344] [opID=MainThread cliutils::GetVSANClusterInfo] Failed to query cluster info: Operation not allowed because the VMKernel is shutting down
2025-09-13T08:01:23.564Z error vsand[2103344] [opID=MainThread cliutils::GetVSANClusterInfo] Failed to query cluster info: Operation not allowed because the VMKernel is shutting down
2025-09-13T08:01:28.565Z error vsand[2103344] [opID=MainThread cliutils::GetVSANClusterInfo] Failed to query cluster info: Operation not allowed because the VMKernel is shutting down
2025-09-13T08:01:33.567Z error vsand[2103344] [opID=MainThread cliutils::GetVSANClusterInfo] Failed to query cluster info: Operation not allowed because the VMKernel is shutting down
2025-09-13T08:01:38.568Z error vsand[2103344] [opID=MainThread cliutils::GetVSANClusterInfo] Failed to query cluster info: Operation not allowed because the VMKernel is shutting down
2025-09-13T08:01:43.571Z error vsand[2103344] [opID=MainThread cliutils::GetVSANClusterInfo] Failed to query cluster info: Operation not allowed because the VMKernel is shutting down
2025-09-13T08:01:48.573Z error vsand[2103344] [opID=MainThread cliutils::GetVSANClusterInfo] Failed to query cluster info: Operation not allowed because the VMKernel is shutting down
2025-09-13T08:01:53.575Z error vsand[2103344] [opID=MainThread cliutils::GetVSANClusterInfo] Failed to query cluster info: Operation not allowed because the VMKernel is shutting down
2025-09-13T08:01:58.576Z error vsand[2103344] [opID=MainThread cliutils::GetVSANClusterInfo] Failed to query cluster info: Operation not allowed because the VMKernel is shutting down
2025-09-13T08:02:03.578Z error vsand[2103344] [opID=MainThread cliutils::GetVSANClusterInfo] Failed to query cluster info: Operation not allowed because the VMKernel is shutting down
2025-09-13T08:02:08.579Z error vsand[2103344] [opID=MainThread cliutils::GetVSANClusterInfo] Failed to query cluster info: Operation not allowed because the VMKernel is shutting down
2025-09-13T08:02:13.581Z error vsand[2103344] [opID=MainThread cliutils::GetVSANClusterInfo] Failed to query cluster info: Operation not allowed because the VMKernel is shutting down
2025-09-13T08:02:18.582Z error vsand[2103344] [opID=MainThread cliutils::GetVSANClusterInfo] Failed to query cluster info: Operation not allowed because the VMKernel is shutting down
2025-09-13T08:02:23.584Z error vsand[2103344] [opID=MainThread cliutils::GetVSANClusterInfo] Failed to query cluster info: Operation not allowed because the VMKernel is shutting down
2025-09-13T08:02:28.585Z error vsand[2103344] [opID=MainThread cliutils::GetVSANClusterInfo] Failed to query cluster info: Operation not allowed because the VMKernel is shutting down
2025-09-13T08:02:33.586Z error vsand[2103344] [opID=MainThread cliutils::GetVSANClusterInfo] Failed to query cluster info: Operation not allowed because the VMKernel is shutting down
2025-09-13T08:02:38.588Z error vsand[2103344] [opID=MainThread cliutils::GetVSANClusterInfo] Failed to query cluster info: Operation not allowed because the VMKernel is shutting down
2025-09-13T08:02:43.591Z error vsand[2103344] [opID=MainThread cliutils::GetVSANClusterInfo] Failed to query cluster info: Operation not allowed because the VMKernel is shutting down
2025-09-13T08:02:48.592Z error vsand[2103344] [opID=MainThread cliutils::GetVSANClusterInfo] Failed to query cluster info: Operation not allowed because the VMKernel is shutting down
2025-09-13T08:02:53.594Z error vsand[2103344] [opID=MainThread cliutils::GetVSANClusterInfo] Failed to query cluster info: Operation not allowed because the VMKernel is shutting down
2025-09-13T08:02:58.596Z error vsand[2103344] [opID=MainThread cliutils::GetVSANClusterInfo] Failed to query cluster info: Operation not allowed because the VMKernel is shutting down
2025-09-13T08:03:03.599Z error vsand[2103344] [opID=MainThread cliutils::GetVSANClusterInfo] Failed to query cluster info: Operation not allowed because the VMKernel is shutting down
2025-09-13T08:03:08.601Z error vsand[2103344] [opID=MainThread cliutils::GetVSANClusterInfo] Failed to query cluster info: Operation not allowed because the VMKernel is shutting down
2025-09-13T08:03:13.605Z info vsand[2103344] [opID=MainThread statsdaemon::UnsubscribeFromCMMDS] unsubscribe the CMMDS subscription for handler <statsdaemon.StatsDaemon object at 0x8e63cf1320>
2025-09-13T08:03:13.605Z info vsand[2103344] [opID=MainThread statsdaemon::UnsubscribeFromCMMDS] unsubscribe the CMMDS subscription for handler <VsanHealthDaemon.CmmdsEntryDefaultHandler object at 0x8e793dcfd0>
2025-09-13T08:03:13.605Z info vsand[2103344] [opID=MainThread statsdaemon::UnsubscribeFromCMMDS] unsubscribe the CMMDS subscription for handler <VsanHealthDaemon.CmmdsEntryDefaultHandler object at 0x8e795061d0>
2025-09-13T08:03:13.605Z info vsand[2103344] [opID=MainThread statsdaemon::UnsubscribeFromCMMDS] unsubscribe the CMMDS subscription for handler <VsanHealthDaemon.CmmdsEntryDefaultHandler object at 0x8e79506208>
2025-09-13T08:03:13.605Z info vsand[2103344] [opID=MainThread statsdaemon::UnsubscribeFromCMMDS] unsubscribe the CMMDS subscription for handler <VsanHealthDaemon.CmmdsEntryDefaultHandler object at 0x8e79506198>
2025-09-13T08:03:13.605Z info vsand[2103344] [opID=MainThread statsdaemon::UnsubscribeFromCMMDS] unsubscribe the CMMDS subscription for handler <VsanHealthDaemon.CmmdsDiskHealthStatusHandler object at 0x8e79506438>
2025-09-13T08:03:14.607Z info vsand[2103344] [opID=MainThread VsanHealthDaemon::stop] vSAN health daemon thread has quit
2025-09-13T08:03:14.622Z warning vsand[2103390] [opID=Thread-5 VsanTaskTrackerImpl::_ThreadMain] Connection to hostd is down, need to reconnect
2025-09-13T08:03:14.623Z info vsand[2103344] [opID=MainThread VsanHealthUtil::LogoutLocalHostd] Done logout from local hostd.
2025-09-13T08:03:14.623Z info vsand[2103344] [opID=Dummy-9 VsanTaskTrackerImpl::StopTaskTracker] Stop task tracker
