2025-09-13T08:02:44.187Z| vmx| I125: Log for VMware ESX pid=2103718 version=6.7.0 build=build-19195723 option=Release
2025-09-13T08:02:44.187Z| vmx| I125: The process is 64-bit.
2025-09-13T08:02:44.187Z| vmx| I125: Host codepage=UTF-8 encoding=UTF-8
2025-09-13T08:02:44.187Z| vmx| I125: Host is unknown
2025-09-13T08:02:43.855Z| vmx| I125: VTHREAD 274293356544 "vmx" wid 2103718
2025-09-13T08:02:43.856Z| vmx| I125: Msg_SetLocaleEx: HostLocale=UTF-8 UserLocale=NULL
2025-09-13T08:02:43.856Z| vmx| I125: DictionaryLoad: Cannot open file "/usr/lib/vmware/config": No such file or directory.
2025-09-13T08:02:43.856Z| vmx| I125: ConfigDB: Failed to load /usr/lib/vmware/config
2025-09-13T08:02:43.856Z| vmx| I125: DictionaryLoad: Cannot open file "//.vmware/config": No such file or directory.
2025-09-13T08:02:43.856Z| vmx| I125: ConfigDB: Failed to load ~/.vmware/config
2025-09-13T08:02:44.173Z| vmx| I125: OBJLIB-LIB: ObjLibPlugins_Load: Loading plugin directory '/usr/lib64/vmware/plugin/objLib'
2025-09-13T08:02:44.173Z| vmx| I125: OBJLIB-LIB: ObjLibLoadPlugin: Loading plugin 'objLib/upitObjBE.so'
2025-09-13T08:02:44.176Z| vmx| I125: PluginLdr_Load: Loaded plugin 'objLib/upitObjBE.so' from '/usr/lib64/vmware/plugin/objLib/upitObjBE.so'
2025-09-13T08:02:44.176Z| vmx| I125: ObjLibPluginInit: Initialized plugin
2025-09-13T08:02:44.176Z| vmx| I125: UpitBackend_GetAPI: Received request for API com.vmware.plugin.objlib.backend.api@1.0
2025-09-13T08:02:44.176Z| vmx| I125: OBJLIB-LIB: ObjLib_RegisterDynamicBE: Back-end 'upit' found and registered as type 5
2025-09-13T08:02:44.176Z| vmx| I125: OBJLIB-LIB: ObjLibLoadPlugin: Loading plugin 'objLib/vsanObjBE.so'
2025-09-13T08:02:44.178Z| vmx| I125: PluginLdr_Load: Loaded plugin 'objLib/vsanObjBE.so' from '/usr/lib64/vmware/plugin/objLib/vsanObjBE.so'
2025-09-13T08:02:44.178Z| vmx| I125: ObjLibPluginInit: Initialized plugin
2025-09-13T08:02:44.178Z| vmx| I125: VsanBackend_GetAPI: Received request for API com.vmware.plugin.objlib.backend.api@1.0
2025-09-13T08:02:44.178Z| vmx| I125: OBJLIB-LIB: ObjLib_RegisterDynamicBE: Back-end 'vsan' found and registered as type 3
2025-09-13T08:02:44.178Z| vmx| I125: 2103718:VVOLLIB : VVolLib_IpcInit:208: IPC timeouts set to: connect = 30 sec, send = 30 sec, receive = 200 sec
2025-09-13T08:02:44.178Z| vmx| I125: 2103718:VVOLLIB : VVolLib_GetSoapContext:379: Using 30 secs for soap connect timeout.
2025-09-13T08:02:44.178Z| vmx| I125: 2103718:VVOLLIB : VVolLib_GetSoapContext:380: Using 200 secs for soap receive timeout.
2025-09-13T08:02:44.181Z| vmx| I125: OBJLIB-LIB: Objlib initialized.
2025-09-13T08:02:44.181Z| vmx| I125: DictionaryLoad: Cannot open file "/usr/lib/vmware/config": No such file or directory.
2025-09-13T08:02:44.181Z| vmx| I125: DictionaryLoad: Cannot open file "//.vmware/config": No such file or directory.
2025-09-13T08:02:44.181Z| vmx| I125: DictionaryLoad: Cannot open file "//.vmware/preferences": No such file or directory.
2025-09-13T08:02:44.186Z| vmx| I125: lib/ssl: OpenSSL using FIPS_drbg for RAND
2025-09-13T08:02:44.186Z| vmx| I125: lib/ssl: protocol list tls1.2
2025-09-13T08:02:44.186Z| vmx| I125: lib/ssl: protocol list tls1.2 (openssl flags 0x17000000)
2025-09-13T08:02:44.186Z| vmx| I125: lib/ssl: cipher list ECDHE+AESGCM:RSA+AESGCM:ECDHE+AES:RSA+AES
2025-09-13T08:02:44.186Z| vmx| I125: lib/ssl: curves list prime256v1:secp384r1:secp521r1
2025-09-13T08:02:44.187Z| vmx| I125: FILE: FileCreateDirectoryEx: Failed to create /tmp. Error = 17
2025-09-13T08:02:44.187Z| vmx| I125: FILE: FileCreateDirectoryEx: Failed to create /tmp/vmware-root. Error = 17
2025-09-13T08:02:44.188Z| vmx| I125: Hostname=SGRL-ESX01
2025-09-13T08:02:44.188Z| vmx| I125: IP=127.0.0.1 (lo0)
2025-09-13T08:02:44.188Z| vmx| I125: IP=192.168.1.100 (vmk0)
2025-09-13T08:02:44.188Z| vmx| I125: vmkernel build type: release
2025-09-13T08:02:44.188Z| vmx| I125: System uptime 9078053553 us
2025-09-13T08:02:44.188Z| vmx| I125: Command line: "/bin/vmx" "-s" "sched.group=host/user" "-#" "product=2;name=VMware ESX;version=6.7.0;buildnumber=19195723;licensename=VMware ESX Server;licenseversion=6.0;" "-@" "transport=3;msgs=ui" "/vmfs/volumes/3a4fd8ce-fc4375c4-effb-5cf3fce846f8/SGRL-VCSA02/SGRL-VCSA02.vmx"
2025-09-13T08:02:44.188Z| vmx| I125: Environment: "USER=root" "HOME=/" "SHELL=/bin/sh" "LANG=C"
2025-09-13T08:02:44.188Z| vmx| I125: Msg_SetLocaleEx: HostLocale=UTF-8 UserLocale=NULL
2025-09-13T08:02:44.189Z| vmx| I125: Transport socket: 3
2025-09-13T08:02:44.189Z| vmx| W115: CnxNeedScrub: Time to scrub dir /var/run/vmware
2025-09-13T08:02:44.190Z| vmx| I125: VigorTransport listening on fd 7
2025-09-13T08:02:44.190Z| vmx| I125: Vigor_Init 0
2025-09-13T08:02:44.191Z| vmx| I125: /vmfs/volumes/3a4fd8ce-fc4375c4-effb-5cf3fce846f8/SGRL-VCSA02/SGRL-VCSA02.vmx: Setup symlink /var/run/vmware/98acb54652b16c7361a061966f329278 -> /var/run/vmware/0/9078054423_2103718
2025-09-13T08:02:44.191Z| vmx| I125: Vix: [mainDispatch.c:488]: VMAutomation: Initializing VMAutomation.
2025-09-13T08:02:44.191Z| vmx| I125: Vix: [mainDispatch.c:744]: VMAutomationOpenListenerSocket() listening
2025-09-13T08:02:44.195Z| vmx| I125: Vix: [mainDispatch.c:4239]: VMAutomation_ReportPowerOpFinished: statevar=0, newAppState=1870, success=1 additionalError=0
2025-09-13T08:02:44.195Z| vmx| I125: Transitioned vmx/execState/val to poweredOff
2025-09-13T08:02:44.195Z| vmx| I125: Vix: [mainDispatch.c:4239]: VMAutomation_ReportPowerOpFinished: statevar=1, newAppState=1873, success=1 additionalError=0
2025-09-13T08:02:44.195Z| vmx| I125: Vix: [mainDispatch.c:4239]: VMAutomation_ReportPowerOpFinished: statevar=2, newAppState=1877, success=1 additionalError=0
2025-09-13T08:02:44.195Z| vmx| I125: Vix: [mainDispatch.c:4239]: VMAutomation_ReportPowerOpFinished: statevar=3, newAppState=1881, success=1 additionalError=0
2025-09-13T08:02:44.195Z| vmx| I125: FeatureCompat: No EVC masks.
2025-09-13T08:02:44.196Z| vmx| I125: hostCPUID vendor: GenuineIntel
2025-09-13T08:02:44.196Z| vmx| I125: hostCPUID family: 0x6 model: 0x2c stepping: 0x2
2025-09-13T08:02:44.196Z| vmx| I125: hostCPUID codename: Westmere EP
2025-09-13T08:02:44.196Z| vmx| I125: hostCPUID name: Intel(R) Xeon(R) CPU           X5650  @ 2.67GHz
2025-09-13T08:02:44.196Z| vmx| I125: hostCPUID level 00000000, 0: 0x0000000b 0x756e6547 0x6c65746e 0x49656e69
2025-09-13T08:02:44.196Z| vmx| I125: hostCPUID level 00000001, 0: 0x000206c2 0x00200800 0x029ee3ff 0xbfebfbff
2025-09-13T08:02:44.196Z| vmx| I125: hostCPUID level 00000002, 0: 0x55035a01 0x00f0b2ff 0x00000000 0x00ca0000
2025-09-13T08:02:44.196Z| vmx| I125: hostCPUID level 00000003, 0: 0x00000000 0x00000000 0x00000000 0x00000000
2025-09-13T08:02:44.196Z| vmx| I125: hostCPUID level 00000004, 0: 0x3c004121 0x01c0003f 0x0000003f 0x00000000
2025-09-13T08:02:44.196Z| vmx| I125: hostCPUID level 00000004, 1: 0x3c004122 0x00c0003f 0x0000007f 0x00000000
2025-09-13T08:02:44.196Z| vmx| I125: hostCPUID level 00000004, 2: 0x3c004143 0x01c0003f 0x000001ff 0x00000000
2025-09-13T08:02:44.196Z| vmx| I125: hostCPUID level 00000004, 3: 0x3c07c163 0x03c0003f 0x00002fff 0x00000002
2025-09-13T08:02:44.196Z| vmx| I125: hostCPUID level 00000004, 4: 0x00000000 0x00000000 0x00000000 0x00000000
2025-09-13T08:02:44.196Z| vmx| I125: hostCPUID level 00000005, 0: 0x00000040 0x00000040 0x00000003 0x00001120
2025-09-13T08:02:44.196Z| vmx| I125: hostCPUID level 00000006, 0: 0x00000005 0x00000002 0x00000009 0x00000000
2025-09-13T08:02:44.196Z| vmx| I125: hostCPUID level 00000007, 0: 0x00000000 0x00000000 0x00000000 0x9c000000
2025-09-13T08:02:44.196Z| vmx| I125: hostCPUID level 00000008, 0: 0x00000000 0x00000000 0x00000000 0x00000000
2025-09-13T08:02:44.196Z| vmx| I125: hostCPUID level 00000009, 0: 0x00000000 0x00000000 0x00000000 0x00000000
2025-09-13T08:02:44.196Z| vmx| I125: hostCPUID level 0000000a, 0: 0x07300403 0x00000004 0x00000000 0x00000603
2025-09-13T08:02:44.196Z| vmx| I125: hostCPUID level 0000000b, 0: 0x00000001 0x00000002 0x00000100 0x00000000
2025-09-13T08:02:44.196Z| vmx| I125: hostCPUID level 0000000b, 1: 0x00000005 0x0000000c 0x00000201 0x00000000
2025-09-13T08:02:44.196Z| vmx| I125: hostCPUID level 0000000b, 2: 0x00000000 0x00000000 0x00000002 0x00000000
2025-09-13T08:02:44.196Z| vmx| I125: hostCPUID level 80000000, 0: 0x80000008 0x00000000 0x00000000 0x00000000
2025-09-13T08:02:44.196Z| vmx| I125: hostCPUID level 80000001, 0: 0x00000000 0x00000000 0x00000001 0x2c100800
2025-09-13T08:02:44.196Z| vmx| I125: hostCPUID level 80000002, 0: 0x65746e49 0x2952286c 0x6f655820 0x2952286e
2025-09-13T08:02:44.196Z| vmx| I125: hostCPUID level 80000003, 0: 0x55504320 0x20202020 0x20202020 0x58202020
2025-09-13T08:02:44.196Z| vmx| I125: hostCPUID level 80000004, 0: 0x30353635 0x20402020 0x37362e32 0x007a4847
2025-09-13T08:02:44.196Z| vmx| I125: hostCPUID level 80000005, 0: 0x00000000 0x00000000 0x00000000 0x00000000
2025-09-13T08:02:44.196Z| vmx| I125: hostCPUID level 80000006, 0: 0x00000000 0x00000000 0x01006040 0x00000000
2025-09-13T08:02:44.196Z| vmx| I125: hostCPUID level 80000007, 0: 0x00000000 0x00000000 0x00000000 0x00000100
2025-09-13T08:02:44.196Z| vmx| I125: hostCPUID level 80000008, 0: 0x00003028 0x00000000 0x00000000 0x00000000
2025-09-13T08:02:44.196Z| vmx| I125: CPUID differences from hostCPUID.
2025-09-13T08:02:44.196Z| vmx| I125: CPUID[1] level 00000001, 0: 0x000206c2 0x01200800 0x029ee3ff 0xbfebfbff
2025-09-13T08:02:44.196Z| vmx| I125: CPUID[1] level 0000000b, 0: 0x00000001 0x00000002 0x00000100 0x00000001
2025-09-13T08:02:44.196Z| vmx| I125: CPUID[1] level 0000000b, 1: 0x00000005 0x0000000c 0x00000201 0x00000001
2025-09-13T08:02:44.196Z| vmx| I125: CPUID[1] level 0000000b, 2: 0x00000000 0x00000000 0x00000002 0x00000001
2025-09-13T08:02:44.196Z| vmx| I125: CPUID[2] level 00000001, 0: 0x000206c2 0x02200800 0x029ee3ff 0xbfebfbff
2025-09-13T08:02:44.196Z| vmx| I125: CPUID[2] level 0000000b, 0: 0x00000001 0x00000002 0x00000100 0x00000002
2025-09-13T08:02:44.196Z| vmx| I125: CPUID[2] level 0000000b, 1: 0x00000005 0x0000000c 0x00000201 0x00000002
2025-09-13T08:02:44.196Z| vmx| I125: CPUID[2] level 0000000b, 2: 0x00000000 0x00000000 0x00000002 0x00000002
2025-09-13T08:02:44.196Z| vmx| I125: CPUID[3] level 00000001, 0: 0x000206c2 0x03200800 0x029ee3ff 0xbfebfbff
2025-09-13T08:02:44.196Z| vmx| I125: CPUID[3] level 0000000b, 0: 0x00000001 0x00000002 0x00000100 0x00000003
2025-09-13T08:02:44.196Z| vmx| I125: CPUID[3] level 0000000b, 1: 0x00000005 0x0000000c 0x00000201 0x00000003
2025-09-13T08:02:44.196Z| vmx| I125: CPUID[3] level 0000000b, 2: 0x00000000 0x00000000 0x00000002 0x00000003
2025-09-13T08:02:44.196Z| vmx| I125: CPUID[4] level 00000001, 0: 0x000206c2 0x04200800 0x029ee3ff 0xbfebfbff
2025-09-13T08:02:44.196Z| vmx| I125: CPUID[4] level 0000000b, 0: 0x00000001 0x00000002 0x00000100 0x00000004
2025-09-13T08:02:44.196Z| vmx| I125: CPUID[4] level 0000000b, 1: 0x00000005 0x0000000c 0x00000201 0x00000004
2025-09-13T08:02:44.196Z| vmx| I125: CPUID[4] level 0000000b, 2: 0x00000000 0x00000000 0x00000002 0x00000004
2025-09-13T08:02:44.196Z| vmx| I125: CPUID[5] level 00000001, 0: 0x000206c2 0x05200800 0x029ee3ff 0xbfebfbff
2025-09-13T08:02:44.196Z| vmx| I125: CPUID[5] level 0000000b, 0: 0x00000001 0x00000002 0x00000100 0x00000005
2025-09-13T08:02:44.196Z| vmx| I125: CPUID[5] level 0000000b, 1: 0x00000005 0x0000000c 0x00000201 0x00000005
2025-09-13T08:02:44.196Z| vmx| I125: CPUID[5] level 0000000b, 2: 0x00000000 0x00000000 0x00000002 0x00000005
2025-09-13T08:02:44.196Z| vmx| I125: CPUID[6] level 00000001, 0: 0x000206c2 0x10200800 0x029ee3ff 0xbfebfbff
2025-09-13T08:02:44.196Z| vmx| I125: CPUID[6] level 0000000b, 0: 0x00000001 0x00000002 0x00000100 0x00000010
2025-09-13T08:02:44.196Z| vmx| I125: CPUID[6] level 0000000b, 1: 0x00000005 0x0000000c 0x00000201 0x00000010
2025-09-13T08:02:44.196Z| vmx| I125: CPUID[6] level 0000000b, 2: 0x00000000 0x00000000 0x00000002 0x00000010
2025-09-13T08:02:44.196Z| vmx| I125: CPUID[7] level 00000001, 0: 0x000206c2 0x11200800 0x029ee3ff 0xbfebfbff
2025-09-13T08:02:44.196Z| vmx| I125: CPUID[7] level 0000000b, 0: 0x00000001 0x00000002 0x00000100 0x00000011
2025-09-13T08:02:44.196Z| vmx| I125: CPUID[7] level 0000000b, 1: 0x00000005 0x0000000c 0x00000201 0x00000011
2025-09-13T08:02:44.196Z| vmx| I125: CPUID[7] level 0000000b, 2: 0x00000000 0x00000000 0x00000002 0x00000011
2025-09-13T08:02:44.196Z| vmx| I125: CPUID[8] level 00000001, 0: 0x000206c2 0x12200800 0x029ee3ff 0xbfebfbff
2025-09-13T08:02:44.196Z| vmx| I125: CPUID[8] level 0000000b, 0: 0x00000001 0x00000002 0x00000100 0x00000012
2025-09-13T08:02:44.196Z| vmx| I125: CPUID[8] level 0000000b, 1: 0x00000005 0x0000000c 0x00000201 0x00000012
2025-09-13T08:02:44.196Z| vmx| I125: CPUID[8] level 0000000b, 2: 0x00000000 0x00000000 0x00000002 0x00000012
2025-09-13T08:02:44.196Z| vmx| I125: CPUID[9] level 00000001, 0: 0x000206c2 0x13200800 0x029ee3ff 0xbfebfbff
2025-09-13T08:02:44.196Z| vmx| I125: CPUID[9] level 0000000b, 0: 0x00000001 0x00000002 0x00000100 0x00000013
2025-09-13T08:02:44.196Z| vmx| I125: CPUID[9] level 0000000b, 1: 0x00000005 0x0000000c 0x00000201 0x00000013
2025-09-13T08:02:44.196Z| vmx| I125: CPUID[9] level 0000000b, 2: 0x00000000 0x00000000 0x00000002 0x00000013
2025-09-13T08:02:44.196Z| vmx| I125: CPUID[10] level 00000001, 0: 0x000206c2 0x14200800 0x029ee3ff 0xbfebfbff
2025-09-13T08:02:44.196Z| vmx| I125: CPUID[10] level 0000000b, 0: 0x00000001 0x00000002 0x00000100 0x00000014
2025-09-13T08:02:44.196Z| vmx| I125: CPUID[10] level 0000000b, 1: 0x00000005 0x0000000c 0x00000201 0x00000014
2025-09-13T08:02:44.196Z| vmx| I125: CPUID[10] level 0000000b, 2: 0x00000000 0x00000000 0x00000002 0x00000014
2025-09-13T08:02:44.196Z| vmx| I125: CPUID[11] level 00000001, 0: 0x000206c2 0x15200800 0x029ee3ff 0xbfebfbff
2025-09-13T08:02:44.196Z| vmx| I125: CPUID[11] level 0000000b, 0: 0x00000001 0x00000002 0x00000100 0x00000015
2025-09-13T08:02:44.196Z| vmx| I125: CPUID[11] level 0000000b, 1: 0x00000005 0x0000000c 0x00000201 0x00000015
2025-09-13T08:02:44.196Z| vmx| I125: CPUID[11] level 0000000b, 2: 0x00000000 0x00000000 0x00000002 0x00000015
2025-09-13T08:02:44.196Z| vmx| I125: CPUID[12] level 00000001, 0: 0x000206c2 0x20200800 0x029ee3ff 0xbfebfbff
2025-09-13T08:02:44.196Z| vmx| I125: CPUID[12] level 0000000b, 0: 0x00000001 0x00000002 0x00000100 0x00000020
2025-09-13T08:02:44.196Z| vmx| I125: CPUID[12] level 0000000b, 1: 0x00000005 0x0000000c 0x00000201 0x00000020
2025-09-13T08:02:44.196Z| vmx| I125: CPUID[12] level 0000000b, 2: 0x00000000 0x00000000 0x00000002 0x00000020
2025-09-13T08:02:44.196Z| vmx| I125: CPUID[13] level 00000001, 0: 0x000206c2 0x21200800 0x029ee3ff 0xbfebfbff
2025-09-13T08:02:44.196Z| vmx| I125: CPUID[13] level 0000000b, 0: 0x00000001 0x00000002 0x00000100 0x00000021
2025-09-13T08:02:44.196Z| vmx| I125: CPUID[13] level 0000000b, 1: 0x00000005 0x0000000c 0x00000201 0x00000021
2025-09-13T08:02:44.196Z| vmx| I125: CPUID[13] level 0000000b, 2: 0x00000000 0x00000000 0x00000002 0x00000021
2025-09-13T08:02:44.196Z| vmx| I125: CPUID[14] level 00000001, 0: 0x000206c2 0x22200800 0x029ee3ff 0xbfebfbff
2025-09-13T08:02:44.196Z| vmx| I125: CPUID[14] level 0000000b, 0: 0x00000001 0x00000002 0x00000100 0x00000022
2025-09-13T08:02:44.196Z| vmx| I125: CPUID[14] level 0000000b, 1: 0x00000005 0x0000000c 0x00000201 0x00000022
2025-09-13T08:02:44.196Z| vmx| I125: CPUID[14] level 0000000b, 2: 0x00000000 0x00000000 0x00000002 0x00000022
2025-09-13T08:02:44.196Z| vmx| I125: CPUID[15] level 00000001, 0: 0x000206c2 0x23200800 0x029ee3ff 0xbfebfbff
2025-09-13T08:02:44.196Z| vmx| I125: CPUID[15] level 0000000b, 0: 0x00000001 0x00000002 0x00000100 0x00000023
2025-09-13T08:02:44.196Z| vmx| I125: CPUID[15] level 0000000b, 1: 0x00000005 0x0000000c 0x00000201 0x00000023
2025-09-13T08:02:44.196Z| vmx| I125: CPUID[15] level 0000000b, 2: 0x00000000 0x00000000 0x00000002 0x00000023
2025-09-13T08:02:44.196Z| vmx| I125: CPUID[16] level 00000001, 0: 0x000206c2 0x24200800 0x029ee3ff 0xbfebfbff
2025-09-13T08:02:44.196Z| vmx| I125: CPUID[16] level 0000000b, 0: 0x00000001 0x00000002 0x00000100 0x00000024
2025-09-13T08:02:44.196Z| vmx| I125: CPUID[16] level 0000000b, 1: 0x00000005 0x0000000c 0x00000201 0x00000024
2025-09-13T08:02:44.196Z| vmx| I125: CPUID[16] level 0000000b, 2: 0x00000000 0x00000000 0x00000002 0x00000024
2025-09-13T08:02:44.196Z| vmx| I125: CPUID[17] level 00000001, 0: 0x000206c2 0x25200800 0x029ee3ff 0xbfebfbff
2025-09-13T08:02:44.196Z| vmx| I125: CPUID[17] level 0000000b, 0: 0x00000001 0x00000002 0x00000100 0x00000025
2025-09-13T08:02:44.196Z| vmx| I125: CPUID[17] level 0000000b, 1: 0x00000005 0x0000000c 0x00000201 0x00000025
2025-09-13T08:02:44.196Z| vmx| I125: CPUID[17] level 0000000b, 2: 0x00000000 0x00000000 0x00000002 0x00000025
2025-09-13T08:02:44.196Z| vmx| I125: CPUID[18] level 00000001, 0: 0x000206c2 0x30200800 0x029ee3ff 0xbfebfbff
2025-09-13T08:02:44.196Z| vmx| I125: CPUID[18] level 0000000b, 0: 0x00000001 0x00000002 0x00000100 0x00000030
2025-09-13T08:02:44.196Z| vmx| I125: CPUID[18] level 0000000b, 1: 0x00000005 0x0000000c 0x00000201 0x00000030
2025-09-13T08:02:44.196Z| vmx| I125: CPUID[18] level 0000000b, 2: 0x00000000 0x00000000 0x00000002 0x00000030
2025-09-13T08:02:44.196Z| vmx| I125: CPUID[19] level 00000001, 0: 0x000206c2 0x31200800 0x029ee3ff 0xbfebfbff
2025-09-13T08:02:44.196Z| vmx| I125: CPUID[19] level 0000000b, 0: 0x00000001 0x00000002 0x00000100 0x00000031
2025-09-13T08:02:44.196Z| vmx| I125: CPUID[19] level 0000000b, 1: 0x00000005 0x0000000c 0x00000201 0x00000031
2025-09-13T08:02:44.196Z| vmx| I125: CPUID[19] level 0000000b, 2: 0x00000000 0x00000000 0x00000002 0x00000031
2025-09-13T08:02:44.196Z| vmx| I125: CPUID[20] level 00000001, 0: 0x000206c2 0x32200800 0x029ee3ff 0xbfebfbff
2025-09-13T08:02:44.196Z| vmx| I125: CPUID[20] level 0000000b, 0: 0x00000001 0x00000002 0x00000100 0x00000032
2025-09-13T08:02:44.196Z| vmx| I125: CPUID[20] level 0000000b, 1: 0x00000005 0x0000000c 0x00000201 0x00000032
2025-09-13T08:02:44.196Z| vmx| I125: CPUID[20] level 0000000b, 2: 0x00000000 0x00000000 0x00000002 0x00000032
2025-09-13T08:02:44.196Z| vmx| I125: CPUID[21] level 00000001, 0: 0x000206c2 0x33200800 0x029ee3ff 0xbfebfbff
2025-09-13T08:02:44.196Z| vmx| I125: CPUID[21] level 0000000b, 0: 0x00000001 0x00000002 0x00000100 0x00000033
2025-09-13T08:02:44.196Z| vmx| I125: CPUID[21] level 0000000b, 1: 0x00000005 0x0000000c 0x00000201 0x00000033
2025-09-13T08:02:44.196Z| vmx| I125: CPUID[21] level 0000000b, 2: 0x00000000 0x00000000 0x00000002 0x00000033
2025-09-13T08:02:44.196Z| vmx| I125: CPUID[22] level 00000001, 0: 0x000206c2 0x34200800 0x029ee3ff 0xbfebfbff
2025-09-13T08:02:44.196Z| vmx| I125: CPUID[22] level 0000000b, 0: 0x00000001 0x00000002 0x00000100 0x00000034
2025-09-13T08:02:44.196Z| vmx| I125: CPUID[22] level 0000000b, 1: 0x00000005 0x0000000c 0x00000201 0x00000034
2025-09-13T08:02:44.196Z| vmx| I125: CPUID[22] level 0000000b, 2: 0x00000000 0x00000000 0x00000002 0x00000034
2025-09-13T08:02:44.196Z| vmx| I125: CPUID[23] level 00000001, 0: 0x000206c2 0x35200800 0x029ee3ff 0xbfebfbff
2025-09-13T08:02:44.196Z| vmx| I125: CPUID[23] level 0000000b, 0: 0x00000001 0x00000002 0x00000100 0x00000035
2025-09-13T08:02:44.196Z| vmx| I125: CPUID[23] level 0000000b, 1: 0x00000005 0x0000000c 0x00000201 0x00000035
2025-09-13T08:02:44.196Z| vmx| I125: CPUID[23] level 0000000b, 2: 0x00000000 0x00000000 0x00000002 0x00000035
2025-09-13T08:02:44.196Z| vmx| I125: Common: MSR       0x3a =                0x5
2025-09-13T08:02:44.196Z| vmx| I125: Common: MSR      0x480 =   0xda04000000000f
2025-09-13T08:02:44.196Z| vmx| I125: Common: MSR      0x481 =       0x7f00000016
2025-09-13T08:02:44.196Z| vmx| I125: Common: MSR      0x482 = 0xfff9fffe0401e172
2025-09-13T08:02:44.196Z| vmx| I125: Common: MSR      0x483 =   0x7fffff00036dff
2025-09-13T08:02:44.196Z| vmx| I125: Common: MSR      0x484 =     0xffff000011ff
2025-09-13T08:02:44.196Z| vmx| I125: Common: MSR      0x485 =            0x401e7
2025-09-13T08:02:44.196Z| vmx| I125: Common: MSR      0x486 =         0x80000021
2025-09-13T08:02:44.196Z| vmx| I125: Common: MSR      0x487 =         0xffffffff
2025-09-13T08:02:44.196Z| vmx| I125: Common: MSR      0x488 =             0x2000
2025-09-13T08:02:44.197Z| vmx| I125: Common: MSR      0x489 =            0x267ff
2025-09-13T08:02:44.197Z| vmx| I125: Common: MSR      0x48a =               0x2a
2025-09-13T08:02:44.197Z| vmx| I125: Common: MSR      0x48b =      0x4ff00000000
2025-09-13T08:02:44.197Z| vmx| I125: Common: MSR      0x48c =      0xf0106134141
2025-09-13T08:02:44.197Z| vmx| I125: Common: MSR      0x48d =       0x7f00000016
2025-09-13T08:02:44.197Z| vmx| I125: Common: MSR      0x48e = 0xfff9fffe04006172
2025-09-13T08:02:44.197Z| vmx| I125: Common: MSR      0x48f =   0x7fffff00036dfb
2025-09-13T08:02:44.197Z| vmx| I125: Common: MSR      0x490 =     0xffff000011fb
2025-09-13T08:02:44.197Z| vmx| I125: Common: MSR      0x491 =                  0
2025-09-13T08:02:44.197Z| vmx| I125: Common: MSR 0xc0010114 =                  0
2025-09-13T08:02:44.197Z| vmx| I125: Common: MSR       0xce =      0xc0004011403
2025-09-13T08:02:44.197Z| vmx| I125: Common: MSR      0x10a =                  0
2025-09-13T08:02:44.197Z| vmx| I125: UTIL: Change file descriptor limit from soft 3840,hard 3840 to soft 4096,hard 4096.
2025-09-13T08:02:44.197Z| vmx| I125: PTSC: using TSC + offset (-494099033144)
2025-09-13T08:02:44.197Z| vmx| I125: PTSC: hardware TSCs are synchronized.
2025-09-13T08:02:44.197Z| vmx| I125: PTSC: current PTSC=24209022823776
2025-09-13T08:02:44.197Z| vmx| I125: MKSXlib: Initialized thread-safe Xlib
2025-09-13T08:02:44.197Z| vmx| I125: MKSXlib: Failed to open libXi.so.6
2025-09-13T08:02:44.197Z| vmx| I125: [0x3F9981D000-0x3F9A9C6EA4): /bin/vmx
2025-09-13T08:02:44.207Z| vmx| I125: changing directory to /vmfs/volumes/3a4fd8ce-fc4375c4-effb-5cf3fce846f8/SGRL-VCSA02/.
2025-09-13T08:02:44.207Z| vmx| I125: Config file: /vmfs/volumes/3a4fd8ce-fc4375c4-effb-5cf3fce846f8/SGRL-VCSA02/SGRL-VCSA02.vmx
2025-09-13T08:02:44.207Z| vmx| I125: Vix: [mainDispatch.c:4239]: VMAutomation_ReportPowerOpFinished: statevar=1, newAppState=1873, success=1 additionalError=0
2025-09-13T08:02:44.207Z| vmx| I125: Vix: [mainDispatch.c:4239]: VMAutomation_ReportPowerOpFinished: statevar=2, newAppState=1878, success=1 additionalError=0
2025-09-13T08:02:44.207Z| vmx| I125: FILE: FileCreateDirectoryEx: Failed to create /tmp. Error = 17
2025-09-13T08:02:44.207Z| vmx| I125: FILE: FileCreateDirectoryEx: Failed to create /tmp/vmware-root. Error = 17
2025-09-13T08:02:44.224Z| vmx| W115: PowerOn
2025-09-13T08:02:44.224Z| vmx| I125: Vix: [mainDispatch.c:4239]: VMAutomation_ReportPowerOpFinished: statevar=0, newAppState=1871, success=1 additionalError=0
2025-09-13T08:02:44.225Z| vmx| I125: UNAME VMkernel SGRL-ESX01 6.7.0 #1 SMP Release build-19195723 Jan 11 2022 23:34:04 x86_64 (uwglibc release: vmware, version: 2.17)
2025-09-13T08:02:44.225Z| vmx| I125: DICT --- GLOBAL SETTINGS /usr/lib/vmware/settings
2025-09-13T08:02:44.225Z| vmx| I125: DICT --- NON PERSISTENT (null)
2025-09-13T08:02:44.225Z| vmx| I125: DICT --- USER PREFERENCES //.vmware/preferences
2025-09-13T08:02:44.225Z| vmx| I125: DICT --- USER DEFAULTS //.vmware/config
2025-09-13T08:02:44.225Z| vmx| I125: DICT --- HOST DEFAULTS /etc/vmware/config
2025-09-13T08:02:44.225Z| vmx| I125: DICT                    libdir = "/usr/lib/vmware"
2025-09-13T08:02:44.225Z| vmx| I125: DICT           authd.proxy.nfc = "vmware-hostd:ha-nfc"
2025-09-13T08:02:44.225Z| vmx| I125: DICT        authd.proxy.nfcssl = "vmware-hostd:ha-nfcssl"
2025-09-13T08:02:44.225Z| vmx| I125: DICT   authd.proxy.vpxa-nfcssl = "vmware-vpxa:vpxa-nfcssl"
2025-09-13T08:02:44.225Z| vmx| I125: DICT      authd.proxy.vpxa-nfc = "vmware-vpxa:vpxa-nfc"
2025-09-13T08:02:44.225Z| vmx| I125: DICT            authd.fullpath = "/sbin/authd"
2025-09-13T08:02:44.225Z| vmx| I125: DICT --- SITE DEFAULTS /usr/lib/vmware/config
2025-09-13T08:02:44.225Z| vmx| I125: DICT --- NONPERSISTENT
2025-09-13T08:02:44.225Z| vmx| I125: DICT               sched.group = "host/user"
2025-09-13T08:02:44.225Z| vmx| I125: DICT --- COMMAND LINE
2025-09-13T08:02:44.225Z| vmx| I125: DICT               sched.group = "host/user"
2025-09-13T08:02:44.225Z| vmx| I125: DICT --- RECORDING
2025-09-13T08:02:44.225Z| vmx| I125: DICT               sched.group = "host/user"
2025-09-13T08:02:44.225Z| vmx| I125: DICT --- CONFIGURATION /vmfs/volumes/3a4fd8ce-fc4375c4-effb-5cf3fce846f8/SGRL-VCSA02/SGRL-VCSA02.vmx 
2025-09-13T08:02:44.225Z| vmx| I125: DICT            config.version = "8"
2025-09-13T08:02:44.225Z| vmx| I125: DICT         virtualHW.version = "10"
2025-09-13T08:02:44.225Z| vmx| I125: DICT                     nvram = "SGRL-VCSA02.nvram"
2025-09-13T08:02:44.225Z| vmx| I125: DICT        pciBridge0.present = "TRUE"
2025-09-13T08:02:44.225Z| vmx| I125: DICT              svga.present = "TRUE"
2025-09-13T08:02:44.225Z| vmx| I125: DICT        pciBridge4.present = "TRUE"
2025-09-13T08:02:44.225Z| vmx| I125: DICT     pciBridge4.virtualDev = "pcieRootPort"
2025-09-13T08:02:44.225Z| vmx| I125: DICT      pciBridge4.functions = "8"
2025-09-13T08:02:44.225Z| vmx| I125: DICT        pciBridge5.present = "TRUE"
2025-09-13T08:02:44.225Z| vmx| I125: DICT     pciBridge5.virtualDev = "pcieRootPort"
2025-09-13T08:02:44.225Z| vmx| I125: DICT      pciBridge5.functions = "8"
2025-09-13T08:02:44.225Z| vmx| I125: DICT        pciBridge6.present = "TRUE"
2025-09-13T08:02:44.225Z| vmx| I125: DICT     pciBridge6.virtualDev = "pcieRootPort"
2025-09-13T08:02:44.225Z| vmx| I125: DICT      pciBridge6.functions = "8"
2025-09-13T08:02:44.225Z| vmx| I125: DICT        pciBridge7.present = "TRUE"
2025-09-13T08:02:44.225Z| vmx| I125: DICT     pciBridge7.virtualDev = "pcieRootPort"
2025-09-13T08:02:44.225Z| vmx| I125: DICT      pciBridge7.functions = "8"
2025-09-13T08:02:44.225Z| vmx| I125: DICT             vmci0.present = "TRUE"
2025-09-13T08:02:44.225Z| vmx| I125: DICT             hpet0.present = "TRUE"
2025-09-13T08:02:44.225Z| vmx| I125: DICT           floppy0.present = "FALSE"
2025-09-13T08:02:44.225Z| vmx| I125: DICT                  numvcpus = "2"
2025-09-13T08:02:44.225Z| vmx| I125: DICT                   memSize = "14336"
2025-09-13T08:02:44.225Z| vmx| I125: DICT             vm.createDate = "1757750217423495"
2025-09-13T08:02:44.225Z| vmx| I125: DICT          scsi0.virtualDev = "lsilogic"
2025-09-13T08:02:44.225Z| vmx| I125: DICT             scsi0.present = "TRUE"
2025-09-13T08:02:44.225Z| vmx| I125: DICT          scsi1.virtualDev = "lsilogic"
2025-09-13T08:02:44.225Z| vmx| I125: DICT             scsi1.present = "TRUE"
2025-09-13T08:02:44.225Z| vmx| I125: DICT          scsi2.virtualDev = "lsilogic"
2025-09-13T08:02:44.225Z| vmx| I125: DICT             scsi2.present = "TRUE"
2025-09-13T08:02:44.225Z| vmx| I125: DICT     ide0:0.startConnected = "FALSE"
2025-09-13T08:02:44.225Z| vmx| I125: DICT         ide0:0.deviceType = "atapi-cdrom"
2025-09-13T08:02:44.225Z| vmx| I125: DICT           ide0:0.fileName = "CD/DVD drive 0"
2025-09-13T08:02:44.225Z| vmx| I125: DICT            ide0:0.present = "TRUE"
2025-09-13T08:02:44.225Z| vmx| I125: DICT        scsi0:0.deviceType = "scsi-hardDisk"
2025-09-13T08:02:44.225Z| vmx| I125: DICT          scsi0:0.fileName = "SGRL-VCSA02.vmdk"
2025-09-13T08:02:44.225Z| vmx| I125: DICT           scsi0:0.present = "TRUE"
2025-09-13T08:02:44.225Z| vmx| I125: DICT        scsi0:1.deviceType = "scsi-hardDisk"
2025-09-13T08:02:44.225Z| vmx| I125: DICT          scsi0:1.fileName = "SGRL-VCSA02_1.vmdk"
2025-09-13T08:02:44.225Z| vmx| I125: DICT           scsi0:1.present = "TRUE"
2025-09-13T08:02:44.225Z| vmx| I125: DICT        scsi0:2.deviceType = "scsi-hardDisk"
2025-09-13T08:02:44.225Z| vmx| I125: DICT          scsi0:2.fileName = "SGRL-VCSA02_2.vmdk"
2025-09-13T08:02:44.225Z| vmx| I125: DICT           scsi0:2.present = "TRUE"
2025-09-13T08:02:44.225Z| vmx| I125: DICT        scsi0:3.deviceType = "scsi-hardDisk"
2025-09-13T08:02:44.225Z| vmx| I125: DICT          scsi0:3.fileName = "SGRL-VCSA02_3.vmdk"
2025-09-13T08:02:44.225Z| vmx| I125: DICT           scsi0:3.present = "TRUE"
2025-09-13T08:02:44.225Z| vmx| I125: DICT        scsi0:4.deviceType = "scsi-hardDisk"
2025-09-13T08:02:44.225Z| vmx| I125: DICT          scsi0:4.fileName = "SGRL-VCSA02_4.vmdk"
2025-09-13T08:02:44.225Z| vmx| I125: DICT           scsi0:4.present = "TRUE"
2025-09-13T08:02:44.225Z| vmx| I125: DICT        scsi0:5.deviceType = "scsi-hardDisk"
2025-09-13T08:02:44.225Z| vmx| I125: DICT          scsi0:5.fileName = "SGRL-VCSA02_5.vmdk"
2025-09-13T08:02:44.225Z| vmx| I125: DICT           scsi0:5.present = "TRUE"
2025-09-13T08:02:44.225Z| vmx| I125: DICT        scsi0:6.deviceType = "scsi-hardDisk"
2025-09-13T08:02:44.225Z| vmx| I125: DICT          scsi0:6.fileName = "SGRL-VCSA02_6.vmdk"
2025-09-13T08:02:44.225Z| vmx| I125: DICT           scsi0:6.present = "TRUE"
2025-09-13T08:02:44.225Z| vmx| I125: DICT        scsi0:8.deviceType = "scsi-hardDisk"
2025-09-13T08:02:44.225Z| vmx| I125: DICT          scsi0:8.fileName = "SGRL-VCSA02_7.vmdk"
2025-09-13T08:02:44.225Z| vmx| I125: DICT           scsi0:8.present = "TRUE"
2025-09-13T08:02:44.225Z| vmx| I125: DICT        scsi0:9.deviceType = "scsi-hardDisk"
2025-09-13T08:02:44.225Z| vmx| I125: DICT          scsi0:9.fileName = "SGRL-VCSA02_8.vmdk"
2025-09-13T08:02:44.225Z| vmx| I125: DICT           scsi0:9.present = "TRUE"
2025-09-13T08:02:44.225Z| vmx| I125: DICT       scsi0:10.deviceType = "scsi-hardDisk"
2025-09-13T08:02:44.225Z| vmx| I125: DICT         scsi0:10.fileName = "SGRL-VCSA02_9.vmdk"
2025-09-13T08:02:44.225Z| vmx| I125: DICT          scsi0:10.present = "TRUE"
2025-09-13T08:02:44.225Z| vmx| I125: DICT       scsi0:11.deviceType = "scsi-hardDisk"
2025-09-13T08:02:44.225Z| vmx| I125: DICT         scsi0:11.fileName = "SGRL-VCSA02_10.vmdk"
2025-09-13T08:02:44.225Z| vmx| I125: DICT          scsi0:11.present = "TRUE"
2025-09-13T08:02:44.225Z| vmx| I125: DICT       scsi0:12.deviceType = "scsi-hardDisk"
2025-09-13T08:02:44.225Z| vmx| I125: DICT         scsi0:12.fileName = "SGRL-VCSA02_11.vmdk"
2025-09-13T08:02:44.225Z| vmx| I125: DICT          scsi0:12.present = "TRUE"
2025-09-13T08:02:44.225Z| vmx| I125: DICT       scsi0:13.deviceType = "scsi-hardDisk"
2025-09-13T08:02:44.225Z| vmx| I125: DICT         scsi0:13.fileName = "SGRL-VCSA02_12.vmdk"
2025-09-13T08:02:44.225Z| vmx| I125: DICT          scsi0:13.present = "TRUE"
2025-09-13T08:02:44.225Z| vmx| I125: DICT       scsi0:14.deviceType = "scsi-hardDisk"
2025-09-13T08:02:44.225Z| vmx| I125: DICT         scsi0:14.fileName = "SGRL-VCSA02_13.vmdk"
2025-09-13T08:02:44.225Z| vmx| I125: DICT          scsi0:14.present = "TRUE"
2025-09-13T08:02:44.225Z| vmx| I125: DICT       scsi0:15.deviceType = "scsi-hardDisk"
2025-09-13T08:02:44.225Z| vmx| I125: DICT         scsi0:15.fileName = "SGRL-VCSA02_14.vmdk"
2025-09-13T08:02:44.225Z| vmx| I125: DICT          scsi0:15.present = "TRUE"
2025-09-13T08:02:44.225Z| vmx| I125: DICT        scsi1:0.deviceType = "scsi-hardDisk"
2025-09-13T08:02:44.225Z| vmx| I125: DICT          scsi1:0.fileName = "SGRL-VCSA02_15.vmdk"
2025-09-13T08:02:44.225Z| vmx| I125: DICT           scsi1:0.present = "TRUE"
2025-09-13T08:02:44.225Z| vmx| I125: DICT        scsi1:1.deviceType = "scsi-hardDisk"
2025-09-13T08:02:44.225Z| vmx| I125: DICT          scsi1:1.fileName = "SGRL-VCSA02_16.vmdk"
2025-09-13T08:02:44.225Z| vmx| I125: DICT           scsi1:1.present = "TRUE"
2025-09-13T08:02:44.225Z| vmx| I125: DICT      ethernet0.virtualDev = "vmxnet3"
2025-09-13T08:02:44.225Z| vmx| I125: DICT     ethernet0.networkName = "172.10.0.0/24_MGMT"
2025-09-13T08:02:44.225Z| vmx| I125: DICT     ethernet0.addressType = "generated"
2025-09-13T08:02:44.225Z| vmx| I125: DICT ethernet0.uptCompatibility = "TRUE"
2025-09-13T08:02:44.225Z| vmx| I125: DICT         ethernet0.present = "TRUE"
2025-09-13T08:02:44.225Z| vmx| I125: DICT               displayName = "SGRL-VCSA02"
2025-09-13T08:02:44.225Z| vmx| I125: DICT                annotation = <not printed>
2025-09-13T08:02:44.225Z| vmx| I125: DICT                   guestOS = "other3xlinux-64"
2025-09-13T08:02:44.225Z| vmx| I125: DICT               vcpu.hotadd = "TRUE"
2025-09-13T08:02:44.225Z| vmx| I125: DICT            vcpu.hotremove = "TRUE"
2025-09-13T08:02:44.225Z| vmx| I125: DICT                mem.hotadd = "TRUE"
2025-09-13T08:02:44.225Z| vmx| I125: DICT  toolScripts.afterPowerOn = "TRUE"
2025-09-13T08:02:44.225Z| vmx| I125: DICT   toolScripts.afterResume = "TRUE"
2025-09-13T08:02:44.225Z| vmx| I125: DICT toolScripts.beforeSuspend = "TRUE"
2025-09-13T08:02:44.225Z| vmx| I125: DICT toolScripts.beforePowerOff = "TRUE"
2025-09-13T08:02:44.225Z| vmx| I125: DICT                 uuid.bios = "56 4d 33 4e 51 6b a6 39-e6 55 bb 56 9c 0d ed 8d"
2025-09-13T08:02:44.225Z| vmx| I125: DICT             uuid.location = "56 4d 33 4e 51 6b a6 39-e6 55 bb 56 9c 0d ed 8d"
2025-09-13T08:02:44.225Z| vmx| I125: DICT                   vc.uuid = "52 21 07 85 db dd 8f b2-f1 50 aa 65 0a ec e8 36"
2025-09-13T08:02:44.225Z| vmx| I125: DICT --- USER DEFAULTS ~/.vmware/config 
2025-09-13T08:02:44.225Z| vmx| I125: DICT --- HOST DEFAULTS /etc/vmware/config 
2025-09-13T08:02:44.225Z| vmx| I125: DICT                    libdir = "/usr/lib/vmware"
2025-09-13T08:02:44.225Z| vmx| I125: DICT           authd.proxy.nfc = "vmware-hostd:ha-nfc"
2025-09-13T08:02:44.225Z| vmx| I125: DICT        authd.proxy.nfcssl = "vmware-hostd:ha-nfcssl"
2025-09-13T08:02:44.225Z| vmx| I125: DICT   authd.proxy.vpxa-nfcssl = "vmware-vpxa:vpxa-nfcssl"
2025-09-13T08:02:44.225Z| vmx| I125: DICT      authd.proxy.vpxa-nfc = "vmware-vpxa:vpxa-nfc"
2025-09-13T08:02:44.225Z| vmx| I125: DICT            authd.fullpath = "/sbin/authd"
2025-09-13T08:02:44.225Z| vmx| I125: DICT --- SITE DEFAULTS /usr/lib/vmware/config 
2025-09-13T08:02:44.225Z| vmx| I125: DICT --- GLOBAL SETTINGS /usr/lib/vmware/settings 
2025-09-13T08:02:44.225Z| vmx| I125: Vix: [mainDispatch.c:4239]: VMAutomation_ReportPowerOpFinished: statevar=1, newAppState=1873, success=1 additionalError=0
2025-09-13T08:02:44.235Z| vmx| I125: DISKLIB-VMFS  : "/vmfs/volumes/3a4fd8ce-fc4375c4-effb-5cf3fce846f8/SGRL-VCSA02/SGRL-VCSA02-flat.vmdk" : open successful (524293) size = 52143587328, hd = 0. Type 3
2025-09-13T08:02:44.235Z| vmx| I125: DISKLIB-VMFS  : "/vmfs/volumes/3a4fd8ce-fc4375c4-effb-5cf3fce846f8/SGRL-VCSA02/SGRL-VCSA02-flat.vmdk" : closed.
2025-09-13T08:02:44.236Z| vmx| I125: DISKLIB-VMFS  : "/vmfs/volumes/3a4fd8ce-fc4375c4-effb-5cf3fce846f8/SGRL-VCSA02/SGRL-VCSA02_1-flat.vmdk" : open successful (524293) size = 7779385344, hd = 0. Type 3
2025-09-13T08:02:44.236Z| vmx| I125: DISKLIB-VMFS  : "/vmfs/volumes/3a4fd8ce-fc4375c4-effb-5cf3fce846f8/SGRL-VCSA02/SGRL-VCSA02_1-flat.vmdk" : closed.
2025-09-13T08:02:44.236Z| vmx| I125: DISKLIB-VMFS  : "/vmfs/volumes/3a4fd8ce-fc4375c4-effb-5cf3fce846f8/SGRL-VCSA02/SGRL-VCSA02_2-flat.vmdk" : open successful (524293) size = 26843545600, hd = 0. Type 3
2025-09-13T08:02:44.236Z| vmx| I125: DISKLIB-VMFS  : "/vmfs/volumes/3a4fd8ce-fc4375c4-effb-5cf3fce846f8/SGRL-VCSA02/SGRL-VCSA02_2-flat.vmdk" : closed.
2025-09-13T08:02:44.236Z| vmx| I125: DISKLIB-VMFS  : "/vmfs/volumes/3a4fd8ce-fc4375c4-effb-5cf3fce846f8/SGRL-VCSA02/SGRL-VCSA02_3-flat.vmdk" : open successful (524293) size = 26843545600, hd = 0. Type 3
2025-09-13T08:02:44.236Z| vmx| I125: DISKLIB-VMFS  : "/vmfs/volumes/3a4fd8ce-fc4375c4-effb-5cf3fce846f8/SGRL-VCSA02/SGRL-VCSA02_3-flat.vmdk" : closed.
2025-09-13T08:02:44.237Z| vmx| I125: DISKLIB-VMFS  : "/vmfs/volumes/3a4fd8ce-fc4375c4-effb-5cf3fce846f8/SGRL-VCSA02/SGRL-VCSA02_4-flat.vmdk" : open successful (524293) size = 10737418240, hd = 0. Type 3
2025-09-13T08:02:44.237Z| vmx| I125: DISKLIB-VMFS  : "/vmfs/volumes/3a4fd8ce-fc4375c4-effb-5cf3fce846f8/SGRL-VCSA02/SGRL-VCSA02_4-flat.vmdk" : closed.
2025-09-13T08:02:44.237Z| vmx| I125: DISKLIB-VMFS  : "/vmfs/volumes/3a4fd8ce-fc4375c4-effb-5cf3fce846f8/SGRL-VCSA02/SGRL-VCSA02_5-flat.vmdk" : open successful (524293) size = 10737418240, hd = 0. Type 3
2025-09-13T08:02:44.237Z| vmx| I125: DISKLIB-VMFS  : "/vmfs/volumes/3a4fd8ce-fc4375c4-effb-5cf3fce846f8/SGRL-VCSA02/SGRL-VCSA02_5-flat.vmdk" : closed.
2025-09-13T08:02:44.238Z| vmx| I125: DISKLIB-VMFS  : "/vmfs/volumes/3a4fd8ce-fc4375c4-effb-5cf3fce846f8/SGRL-VCSA02/SGRL-VCSA02_6-flat.vmdk" : open successful (524293) size = 16106127360, hd = 0. Type 3
2025-09-13T08:02:44.238Z| vmx| I125: DISKLIB-VMFS  : "/vmfs/volumes/3a4fd8ce-fc4375c4-effb-5cf3fce846f8/SGRL-VCSA02/SGRL-VCSA02_6-flat.vmdk" : closed.
2025-09-13T08:02:44.238Z| vmx| I125: DISKLIB-VMFS  : "/vmfs/volumes/3a4fd8ce-fc4375c4-effb-5cf3fce846f8/SGRL-VCSA02/SGRL-VCSA02_7-flat.vmdk" : open successful (524293) size = 10737418240, hd = 0. Type 3
2025-09-13T08:02:44.238Z| vmx| I125: DISKLIB-VMFS  : "/vmfs/volumes/3a4fd8ce-fc4375c4-effb-5cf3fce846f8/SGRL-VCSA02/SGRL-VCSA02_7-flat.vmdk" : closed.
2025-09-13T08:02:44.239Z| vmx| I125: DISKLIB-VMFS  : "/vmfs/volumes/3a4fd8ce-fc4375c4-effb-5cf3fce846f8/SGRL-VCSA02/SGRL-VCSA02_8-flat.vmdk" : open successful (524293) size = 1073741824, hd = 0. Type 3
2025-09-13T08:02:44.239Z| vmx| I125: DISKLIB-VMFS  : "/vmfs/volumes/3a4fd8ce-fc4375c4-effb-5cf3fce846f8/SGRL-VCSA02/SGRL-VCSA02_8-flat.vmdk" : closed.
2025-09-13T08:02:44.239Z| vmx| I125: DISKLIB-VMFS  : "/vmfs/volumes/3a4fd8ce-fc4375c4-effb-5cf3fce846f8/SGRL-VCSA02/SGRL-VCSA02_9-flat.vmdk" : open successful (524293) size = 10737418240, hd = 0. Type 3
2025-09-13T08:02:44.239Z| vmx| I125: DISKLIB-VMFS  : "/vmfs/volumes/3a4fd8ce-fc4375c4-effb-5cf3fce846f8/SGRL-VCSA02/SGRL-VCSA02_9-flat.vmdk" : closed.
2025-09-13T08:02:44.240Z| vmx| I125: DISKLIB-VMFS  : "/vmfs/volumes/3a4fd8ce-fc4375c4-effb-5cf3fce846f8/SGRL-VCSA02/SGRL-VCSA02_10-flat.vmdk" : open successful (524293) size = 10737418240, hd = 0. Type 3
2025-09-13T08:02:44.240Z| vmx| I125: DISKLIB-VMFS  : "/vmfs/volumes/3a4fd8ce-fc4375c4-effb-5cf3fce846f8/SGRL-VCSA02/SGRL-VCSA02_10-flat.vmdk" : closed.
2025-09-13T08:02:44.240Z| vmx| I125: DISKLIB-VMFS  : "/vmfs/volumes/3a4fd8ce-fc4375c4-effb-5cf3fce846f8/SGRL-VCSA02/SGRL-VCSA02_11-flat.vmdk" : open successful (524293) size = 107374182400, hd = 0. Type 3
2025-09-13T08:02:44.240Z| vmx| I125: DISKLIB-VMFS  : "/vmfs/volumes/3a4fd8ce-fc4375c4-effb-5cf3fce846f8/SGRL-VCSA02/SGRL-VCSA02_11-flat.vmdk" : closed.
2025-09-13T08:02:44.241Z| vmx| I125: DISKLIB-VMFS  : "/vmfs/volumes/3a4fd8ce-fc4375c4-effb-5cf3fce846f8/SGRL-VCSA02/SGRL-VCSA02_12-flat.vmdk" : open successful (524293) size = 53687091200, hd = 0. Type 3
2025-09-13T08:02:44.241Z| vmx| I125: DISKLIB-VMFS  : "/vmfs/volumes/3a4fd8ce-fc4375c4-effb-5cf3fce846f8/SGRL-VCSA02/SGRL-VCSA02_12-flat.vmdk" : closed.
2025-09-13T08:02:44.241Z| vmx| I125: DISKLIB-VMFS  : "/vmfs/volumes/3a4fd8ce-fc4375c4-effb-5cf3fce846f8/SGRL-VCSA02/SGRL-VCSA02_13-flat.vmdk" : open successful (524293) size = 10737418240, hd = 0. Type 3
2025-09-13T08:02:44.241Z| vmx| I125: DISKLIB-VMFS  : "/vmfs/volumes/3a4fd8ce-fc4375c4-effb-5cf3fce846f8/SGRL-VCSA02/SGRL-VCSA02_13-flat.vmdk" : closed.
2025-09-13T08:02:44.242Z| vmx| I125: DISKLIB-VMFS  : "/vmfs/volumes/3a4fd8ce-fc4375c4-effb-5cf3fce846f8/SGRL-VCSA02/SGRL-VCSA02_14-flat.vmdk" : open successful (524293) size = 5368709120, hd = 0. Type 3
2025-09-13T08:02:44.242Z| vmx| I125: DISKLIB-VMFS  : "/vmfs/volumes/3a4fd8ce-fc4375c4-effb-5cf3fce846f8/SGRL-VCSA02/SGRL-VCSA02_14-flat.vmdk" : closed.
2025-09-13T08:02:44.242Z| vmx| I125: DISKLIB-VMFS  : "/vmfs/volumes/3a4fd8ce-fc4375c4-effb-5cf3fce846f8/SGRL-VCSA02/SGRL-VCSA02_15-flat.vmdk" : open successful (524293) size = 107374182400, hd = 0. Type 3
2025-09-13T08:02:44.242Z| vmx| I125: DISKLIB-VMFS  : "/vmfs/volumes/3a4fd8ce-fc4375c4-effb-5cf3fce846f8/SGRL-VCSA02/SGRL-VCSA02_15-flat.vmdk" : closed.
2025-09-13T08:02:44.243Z| vmx| I125: DISKLIB-VMFS  : "/vmfs/volumes/3a4fd8ce-fc4375c4-effb-5cf3fce846f8/SGRL-VCSA02/SGRL-VCSA02_16-flat.vmdk" : open successful (524293) size = 161061273600, hd = 0. Type 3
2025-09-13T08:02:44.243Z| vmx| I125: DISKLIB-VMFS  : "/vmfs/volumes/3a4fd8ce-fc4375c4-effb-5cf3fce846f8/SGRL-VCSA02/SGRL-VCSA02_16-flat.vmdk" : closed.
2025-09-13T08:02:44.243Z| vmx| I125: OvhdMem_PowerOn: initial admission: paged    50235 nonpaged     2456 anonymous    14650
2025-09-13T08:02:44.243Z| vmx| I125: VMMEM: Initial Reservation: 263MB (MainMem=14336MB)
2025-09-13T08:02:44.243Z| vmx| I125: MemSched_PowerOn: balloon minGuestSize 6553 (80% of min required size 8192)
2025-09-13T08:02:44.244Z| vmx| I125: VMMonParseSchedConfig: Initial Vmx Memory Configuration
2025-09-13T08:02:44.244Z| vmx| I125: MemSched (MB): min: 10 sizeLimit: 1024 swapInitialFileSize: 82 prealloc: FALSE.
2025-09-13T08:02:44.244Z| vmx| I125: MemSched: properties ovhd: 0 guestmem: 0 pinned: 0 fpt: 0 ftCpt: 0 ls: 0 prealloc: 0 preallocPMem: 0
2025-09-13T08:02:44.244Z| vmx| I125: numaHost: NUMA config: consolidation= 1 preferHT= 0
2025-09-13T08:02:44.244Z| vmx| I125: numa: Hot add is enabled and vNUMA hot add is disabled, forcing UMA.
2025-09-13T08:02:44.244Z| vmx| I125: numaHost: 2 VCPUs 1 VPDs 1 PPDs
2025-09-13T08:02:44.244Z| vmx| I125: numaHost: VCPU 0 VPD 0 PPD 0
2025-09-13T08:02:44.244Z| vmx| I125: numaHost: VCPU 1 VPD 0 PPD 0
2025-09-13T08:02:44.244Z| vmx| I125: CreateVM: Swap: generating normal swap file name.
2025-09-13T08:02:44.245Z| vmx| I125: FTCpt: (0 unk) vmk overheads: 0 pages (0 MB)
2025-09-13T08:02:44.245Z| vmx| I125: Swap file path: '/vmfs/volumes/3a4fd8ce-fc4375c4-effb-5cf3fce846f8/SGRL-VCSA02/SGRL-VCSA02-84c56afa.vswp'
2025-09-13T08:02:44.245Z| vmx| I125: Disk_GetDigestDiskCount: numDigestDisks = 0
2025-09-13T08:02:44.807Z| vmx| A100: ConfigDB: Setting sched.swap.derivedName = "/vmfs/volumes/3a4fd8ce-fc4375c4-effb-5cf3fce846f8/SGRL-VCSA02/SGRL-VCSA02-84c56afa.vswp"
2025-09-13T08:02:44.809Z| vthread-2103724| I125: VTHREAD 274322286336 "vthread-2103724" wid 2103724
2025-09-13T08:02:44.810Z| vmx| I125: WORKER: setting thread limit to 16 (was 4)
2025-09-13T08:02:44.810Z| vmx| W115: VProbes facility is disabled.
2025-09-13T08:02:44.810Z| vmx| W115: VProbes facility is disabled.
2025-09-13T08:02:44.810Z| vmx| I125: Host VT-x Capabilities:
2025-09-13T08:02:44.811Z| vmx| I125: Basic VMX Information (0x00da04000000000f)
2025-09-13T08:02:44.811Z| vmx| I125:   VMCS revision ID                  15
2025-09-13T08:02:44.811Z| vmx| I125:   VMCS region length              1024
2025-09-13T08:02:44.811Z| vmx| I125:   VMX physical-address width   natural
2025-09-13T08:02:44.811Z| vmx| I125:   SMM dual-monitor mode            yes
2025-09-13T08:02:44.811Z| vmx| I125:   Advanced INS/OUTS info           yes
2025-09-13T08:02:44.811Z| vmx| I125:   True VMX MSRs                    yes
2025-09-13T08:02:44.811Z| vmx| I125:   VMCS memory type                  WB
2025-09-13T08:02:44.811Z| vmx| I125: True Pin-Based VM-Execution Controls (0x0000007f00000016)
2025-09-13T08:02:44.811Z| vmx| I125:   External-interrupt exiting               {0,1}
2025-09-13T08:02:44.811Z| vmx| I125:   NMI exiting                              {0,1}
2025-09-13T08:02:44.811Z| vmx| I125:   Virtual NMIs                             {0,1}
2025-09-13T08:02:44.811Z| vmx| I125:   Activate VMX-preemption timer            {0,1}
2025-09-13T08:02:44.811Z| vmx| I125:   Process posted interrupts                { 0 }
2025-09-13T08:02:44.811Z| vmx| I125: True Primary Processor-Based VM-Execution Controls (0xfff9fffe04006172)
2025-09-13T08:02:44.811Z| vmx| I125:   Interrupt-window exiting                 {0,1}
2025-09-13T08:02:44.811Z| vmx| I125:   Use TSC offsetting                       {0,1}
2025-09-13T08:02:44.811Z| vmx| I125:   HLT exiting                              {0,1}
2025-09-13T08:02:44.811Z| vmx| I125:   INVLPG exiting                           {0,1}
2025-09-13T08:02:44.811Z| vmx| I125:   MWAIT exiting                            {0,1}
2025-09-13T08:02:44.811Z| vmx| I125:   RDPMC exiting                            {0,1}
2025-09-13T08:02:44.811Z| vmx| I125:   RDTSC exiting                            {0,1}
2025-09-13T08:02:44.811Z| vmx| I125:   CR3-load exiting                         {0,1}
2025-09-13T08:02:44.811Z| vmx| I125:   CR3-store exiting                        {0,1}
2025-09-13T08:02:44.811Z| vmx| I125:   CR8-load exiting                         {0,1}
2025-09-13T08:02:44.811Z| vmx| I125:   CR8-store exiting                        {0,1}
2025-09-13T08:02:44.811Z| vmx| I125:   Use TPR shadow                           {0,1}
2025-09-13T08:02:44.811Z| vmx| I125:   NMI-window exiting                       {0,1}
2025-09-13T08:02:44.811Z| vmx| I125:   MOV-DR exiting                           {0,1}
2025-09-13T08:02:44.811Z| vmx| I125:   Unconditional I/O exiting                {0,1}
2025-09-13T08:02:44.811Z| vmx| I125:   Use I/O bitmaps                          {0,1}
2025-09-13T08:02:44.811Z| vmx| I125:   Monitor trap flag                        {0,1}
2025-09-13T08:02:44.811Z| vmx| I125:   Use MSR bitmaps                          {0,1}
2025-09-13T08:02:44.811Z| vmx| I125:   MONITOR exiting                          {0,1}
2025-09-13T08:02:44.811Z| vmx| I125:   PAUSE exiting                            {0,1}
2025-09-13T08:02:44.811Z| vmx| I125:   Activate secondary controls              {0,1}
2025-09-13T08:02:44.811Z| vmx| I125: Secondary Processor-Based VM-Execution Controls (0x000004ff00000000)
2025-09-13T08:02:44.811Z| vmx| I125:   Virtualize APIC accesses                 {0,1}
2025-09-13T08:02:44.811Z| vmx| I125:   Enable EPT                               {0,1}
2025-09-13T08:02:44.811Z| vmx| I125:   Descriptor-table exiting                 {0,1}
2025-09-13T08:02:44.811Z| vmx| I125:   Enable RDTSCP                            {0,1}
2025-09-13T08:02:44.811Z| vmx| I125:   Virtualize x2APIC mode                   {0,1}
2025-09-13T08:02:44.811Z| vmx| I125:   Enable VPID                              {0,1}
2025-09-13T08:02:44.811Z| vmx| I125:   WBINVD exiting                           {0,1}
2025-09-13T08:02:44.811Z| vmx| I125:   Unrestricted guest                       {0,1}
2025-09-13T08:02:44.811Z| vmx| I125:   APIC-register virtualization             { 0 }
2025-09-13T08:02:44.811Z| vmx| I125:   Virtual-interrupt delivery               { 0 }
2025-09-13T08:02:44.811Z| vmx| I125:   PAUSE-loop exiting                       {0,1}
2025-09-13T08:02:44.811Z| vmx| I125:   RDRAND exiting                           { 0 }
2025-09-13T08:02:44.811Z| vmx| I125:   Enable INVPCID                           { 0 }
2025-09-13T08:02:44.811Z| vmx| I125:   Enable VM Functions                      { 0 }
2025-09-13T08:02:44.811Z| vmx| I125:   Use VMCS shadowing                       { 0 }
2025-09-13T08:02:44.811Z| vmx| I125:   Enable ENCLS/ENCLU                       { 0 }
2025-09-13T08:02:44.811Z| vmx| I125:   RDSEED exiting                           { 0 }
2025-09-13T08:02:44.811Z| vmx| I125:   Enable PML                               { 0 }
2025-09-13T08:02:44.811Z| vmx| I125:   EPT-violation #VE                        { 0 }
2025-09-13T08:02:44.811Z| vmx| I125:   Enable XSAVES/XRSTORS                    { 0 }
2025-09-13T08:02:44.811Z| vmx| I125:   Mode-based execute control for EPT       { 0 }
2025-09-13T08:02:44.811Z| vmx| I125:   Use TSC scaling                          { 0 }
2025-09-13T08:02:44.811Z| vmx| I125: True VM-Exit Controls (0x007fffff00036dfb)
2025-09-13T08:02:44.811Z| vmx| I125:   Save debug controls                      {0,1}
2025-09-13T08:02:44.811Z| vmx| I125:   Host address-space size                  {0,1}
2025-09-13T08:02:44.811Z| vmx| I125:   Load IA32_PERF_GLOBAL_CTRL               {0,1}
2025-09-13T08:02:44.811Z| vmx| I125:   Acknowledge interrupt on exit            {0,1}
2025-09-13T08:02:44.811Z| vmx| I125:   Save IA32_PAT                            {0,1}
2025-09-13T08:02:44.811Z| vmx| I125:   Load IA32_PAT                            {0,1}
2025-09-13T08:02:44.811Z| vmx| I125:   Save IA32_EFER                           {0,1}
2025-09-13T08:02:44.811Z| vmx| I125:   Load IA32_EFER                           {0,1}
2025-09-13T08:02:44.811Z| vmx| I125:   Save VMX-preemption timer                {0,1}
2025-09-13T08:02:44.811Z| vmx| I125: True VM-Entry Controls (0x0000ffff000011fb)
2025-09-13T08:02:44.811Z| vmx| I125:   Load debug controls                      {0,1}
2025-09-13T08:02:44.811Z| vmx| I125:   IA-32e mode guest                        {0,1}
2025-09-13T08:02:44.811Z| vmx| I125:   Entry to SMM                             {0,1}
2025-09-13T08:02:44.811Z| vmx| I125:   Deactivate dual-monitor mode             {0,1}
2025-09-13T08:02:44.811Z| vmx| I125:   Load IA32_PERF_GLOBAL_CTRL               {0,1}
2025-09-13T08:02:44.811Z| vmx| I125:   Load IA32_PAT                            {0,1}
2025-09-13T08:02:44.811Z| vmx| I125:   Load IA32_EFER                           {0,1}
2025-09-13T08:02:44.811Z| vmx| I125: VPID and EPT Capabilities (0x00000f0106134141)
2025-09-13T08:02:44.811Z| vmx| I125:   R=0/W=0/X=1                      yes
2025-09-13T08:02:44.811Z| vmx| I125:   Page-walk length 3               yes
2025-09-13T08:02:44.811Z| vmx| I125:   EPT memory type WB               yes
2025-09-13T08:02:44.811Z| vmx| I125:   2MB super-page                   yes
2025-09-13T08:02:44.811Z| vmx| I125:   1GB super-page                   yes
2025-09-13T08:02:44.811Z| vmx| I125:   INVEPT support                   yes
2025-09-13T08:02:44.811Z| vmx| I125:   Access & Dirty Bits               no
2025-09-13T08:02:44.811Z| vmx| I125:   Advanced VM exit information for EPT violations    no
2025-09-13T08:02:44.811Z| vmx| I125:   Type 1 INVEPT                    yes
2025-09-13T08:02:44.811Z| vmx| I125:   Type 2 INVEPT                    yes
2025-09-13T08:02:44.811Z| vmx| I125:   INVVPID support                  yes
2025-09-13T08:02:44.811Z| vmx| I125:   Type 0 INVVPID                   yes
2025-09-13T08:02:44.811Z| vmx| I125:   Type 1 INVVPID                   yes
2025-09-13T08:02:44.811Z| vmx| I125:   Type 2 INVVPID                   yes
2025-09-13T08:02:44.811Z| vmx| I125:   Type 3 INVVPID                   yes
2025-09-13T08:02:44.811Z| vmx| I125: Miscellaneous VMX Data (0x00000000000401e7)
2025-09-13T08:02:44.811Z| vmx| I125:   TSC to preemption timer ratio      7
2025-09-13T08:02:44.811Z| vmx| I125:   VM-Exit saves EFER.LMA           yes
2025-09-13T08:02:44.811Z| vmx| I125:   Activity State HLT               yes
2025-09-13T08:02:44.811Z| vmx| I125:   Activity State shutdown          yes
2025-09-13T08:02:44.811Z| vmx| I125:   Activity State wait-for-SIPI     yes
2025-09-13T08:02:44.811Z| vmx| I125:   CR3 targets supported              4
2025-09-13T08:02:44.811Z| vmx| I125:   Maximum MSR list size            512
2025-09-13T08:02:44.811Z| vmx| I125:   Allow all VMWRITEs                no
2025-09-13T08:02:44.811Z| vmx| I125:   Allow zero instruction length     no
2025-09-13T08:02:44.811Z| vmx| I125:   MSEG revision ID                   0
2025-09-13T08:02:44.811Z| vmx| I125:   Processor trace in VMX            no
2025-09-13T08:02:44.811Z| vmx| I125: VMX-Fixed Bits in CR0 (0x0000000080000021/0x00000000ffffffff)
2025-09-13T08:02:44.811Z| vmx| I125:   Fixed to 0        0xffffffff00000000
2025-09-13T08:02:44.811Z| vmx| I125:   Fixed to 1        0x0000000080000021
2025-09-13T08:02:44.811Z| vmx| I125:   Variable          0x000000007fffffde
2025-09-13T08:02:44.811Z| vmx| I125: VMX-Fixed Bits in CR4 (0x0000000000002000/0x00000000000267ff)
2025-09-13T08:02:44.811Z| vmx| I125:   Fixed to 0        0xfffffffffffd9800
2025-09-13T08:02:44.811Z| vmx| I125:   Fixed to 1        0x0000000000002000
2025-09-13T08:02:44.811Z| vmx| I125:   Variable          0x00000000000247ff
2025-09-13T08:02:44.811Z| vmx| I125: VMCS Enumeration (0x000000000000002a)
2025-09-13T08:02:44.811Z| vmx| I125:   Highest index                   0x15
2025-09-13T08:02:44.811Z| vmx| I125: VM Functions (0x0000000000000000)
2025-09-13T08:02:44.811Z| vmx| I125: Monitor64_PowerOn()
2025-09-13T08:02:44.811Z| vmx| I125: vmm64-modules: [vmm.vmm64, vprobe-none.vmm64, hv-vt.vmm64, gphys-ept.vmm64, callstack-none.vmm64, vmce-none.vmm64, viommu-none.vmm64, gi-none.vmm64, vmxnet3-vmxnet3.vmm64, videio-none.vmm64, vmxnet3UMShared=0x0, vmxnet3UMKShared=0x500, {UseUnwind}=0x0, numVCPUsAsAddr=0x2, {SharedAreaReservations}=0x900, {rodataSize}=0x1f564, {textAddr}=0xfffffffffc000000, {textSize}=0x82e0e, <MonSrcFile>]
2025-09-13T08:02:44.811Z| vmx| I125: vmm64-vcpus:   2
2025-09-13T08:02:44.820Z| vmx| I125: KHZEstimate 2666761
2025-09-13T08:02:44.820Z| vmx| I125: MHZEstimate 2667
2025-09-13T08:02:44.820Z| vmx| I125: NumVCPUs 2
2025-09-13T08:02:44.820Z| vmx| I125: UUID: location-UUID is 56 4d 33 4e 51 6b a6 39-e6 55 bb 56 9c 0d ed 8d
2025-09-13T08:02:44.820Z| vmx| I125: AIOGNRC: numThreads=2 ide=0, scsi=0, passthru=1
2025-09-13T08:02:44.820Z| vmx| I125: WORKER: Creating new group with numThreads=2 (2)
2025-09-13T08:02:44.820Z| vmx| I125: WORKER: Creating new group with numThreads=2 (4)
2025-09-13T08:02:44.820Z| vmx| I125: WORKER: Creating new group with numThreads=1 (5)
2025-09-13T08:02:44.820Z| vmx| I125: MainMem: CPT PLS=1 PLR=0 BS=0 BlkP=64 Mult=2 W=25
2025-09-13T08:02:44.821Z| vmx| I125: MStat: Creating Stat vm.uptime
2025-09-13T08:02:44.821Z| vmx| I125: MStat: Creating Stat vm.suspendTime
2025-09-13T08:02:44.821Z| vmx| I125: MStat: Creating Stat vm.powerOnTimeStamp
2025-09-13T08:02:44.821Z| vmx| I125: VMXAIOMGR: Using: simple=Generic
2025-09-13T08:02:44.821Z| vmx| I125: WORKER: Creating new group with numThreads=1 (6)
2025-09-13T08:02:44.821Z| vmx| I125: FTCpt: (0 unk) State transition FTCPT_UNSET -> FTCPT_NOT_CONFIGURED (0:1)
2025-09-13T08:02:44.821Z| vmx| I125: WORKER: Creating new group with numThreads=16 (16)
2025-09-13T08:02:44.821Z| filtPoll| I125: VTHREAD 274325399296 "filtPoll" wid 2103725
2025-09-13T08:02:44.821Z| vmx| I125: WORKER: Creating new group with numThreads=1 (16)
2025-09-13T08:02:44.821Z| vmx| A100: ConfigDB: Setting migrate.hostlog = "./SGRL-VCSA02-84c56afa.hlog"
2025-09-13T08:02:44.822Z| vmx| I125: MigrateBusMemPrealloc: BusMem preallocation begins.
2025-09-13T08:02:44.824Z| vmx| I125: MigrateBusMemPrealloc: BusMem preallocation completes.
2025-09-13T08:02:44.824Z| vmx| I125: TimeTracker host to guest rate conversion 24210696115892 @ 2666761000Hz -> 0 @ 2666761000Hz
2025-09-13T08:02:44.824Z| vmx| I125: TimeTracker host to guest rate conversion ((x * 2147483648) >> 31) + -24210696115892
2025-09-13T08:02:44.824Z| vmx| I125: Disabling TSC scaling since host does not support it.
2025-09-13T08:02:44.824Z| vmx| I125: TSC offsetting enabled.
2025-09-13T08:02:44.824Z| vmx| I125: timeTracker.globalProgressMaxAllowanceMS: 2000
2025-09-13T08:02:44.824Z| vmx| I125: timeTracker.globalProgressToAllowanceNS: 1000
2025-09-13T08:02:44.825Z| vthread-2103726| I125: VTHREAD 274327500544 "vthread-2103726" wid 2103726
2025-09-13T08:02:44.825Z| vthread-2103727| I125: VTHREAD 274329601792 "vthread-2103727" wid 2103727
2025-09-13T08:02:44.825Z| vthread-2103728| I125: VTHREAD 274331703040 "vthread-2103728" wid 2103728
2025-09-13T08:02:44.825Z| vthread-2103729| I125: VTHREAD 274333804288 "vthread-2103729" wid 2103729
2025-09-13T08:02:44.825Z| vthread-2103730| I125: VTHREAD 274335905536 "vthread-2103730" wid 2103730
2025-09-13T08:02:44.825Z| vthread-2103731| I125: VTHREAD 274338006784 "vthread-2103731" wid 2103731
2025-09-13T08:02:44.825Z| vthread-2103732| I125: VTHREAD 274340108032 "vthread-2103732" wid 2103732
2025-09-13T08:02:44.826Z| vthread-2103733| I125: VTHREAD 274342209280 "vthread-2103733" wid 2103733
2025-09-13T08:02:44.826Z| worker-2103731| A100: ConfigDB: Setting scsi1:1.redo = ""
2025-09-13T08:02:44.826Z| vthread-2103734| I125: VTHREAD 274344310528 "vthread-2103734" wid 2103734
2025-09-13T08:02:44.826Z| worker-2103731| I125: DISK: OPEN scsi1:1 '/vmfs/volumes/3a4fd8ce-fc4375c4-effb-5cf3fce846f8/SGRL-VCSA02/SGRL-VCSA02_16.vmdk' persistent R[]
2025-09-13T08:02:44.826Z| worker-2103732| A100: ConfigDB: Setting scsi1:0.redo = ""
2025-09-13T08:02:44.826Z| worker-2103732| I125: DISK: OPEN scsi1:0 '/vmfs/volumes/3a4fd8ce-fc4375c4-effb-5cf3fce846f8/SGRL-VCSA02/SGRL-VCSA02_15.vmdk' persistent R[]
2025-09-13T08:02:44.826Z| vthread-2103735| I125: VTHREAD 274346411776 "vthread-2103735" wid 2103735
2025-09-13T08:02:44.826Z| vthread-2103736| I125: VTHREAD 274348513024 "vthread-2103736" wid 2103736
2025-09-13T08:02:44.826Z| vthread-2103737| I125: VTHREAD 274350614272 "vthread-2103737" wid 2103737
2025-09-13T08:02:44.826Z| vthread-2103738| I125: VTHREAD 274352715520 "vthread-2103738" wid 2103738
2025-09-13T08:02:44.826Z| vthread-2103739| I125: VTHREAD 274354816768 "vthread-2103739" wid 2103739
2025-09-13T08:02:44.827Z| vthread-2103740| I125: VTHREAD 274356918016 "vthread-2103740" wid 2103740
2025-09-13T08:02:44.827Z| worker-2103735| A100: ConfigDB: Setting scsi0:15.redo = ""
2025-09-13T08:02:44.827Z| worker-2103735| I125: DISK: OPEN scsi0:15 '/vmfs/volumes/3a4fd8ce-fc4375c4-effb-5cf3fce846f8/SGRL-VCSA02/SGRL-VCSA02_14.vmdk' persistent R[]
2025-09-13T08:02:44.827Z| worker-2103736| A100: ConfigDB: Setting scsi0:14.redo = ""
2025-09-13T08:02:44.827Z| worker-2103736| I125: DISK: OPEN scsi0:14 '/vmfs/volumes/3a4fd8ce-fc4375c4-effb-5cf3fce846f8/SGRL-VCSA02/SGRL-VCSA02_13.vmdk' persistent R[]
2025-09-13T08:02:44.827Z| worker-2103737| A100: ConfigDB: Setting scsi0:13.redo = ""
2025-09-13T08:02:44.827Z| worker-2103737| I125: DISK: OPEN scsi0:13 '/vmfs/volumes/3a4fd8ce-fc4375c4-effb-5cf3fce846f8/SGRL-VCSA02/SGRL-VCSA02_12.vmdk' persistent R[]
2025-09-13T08:02:44.827Z| worker-2103738| A100: ConfigDB: Setting scsi0:12.redo = ""
2025-09-13T08:02:44.827Z| worker-2103738| I125: DISK: OPEN scsi0:12 '/vmfs/volumes/3a4fd8ce-fc4375c4-effb-5cf3fce846f8/SGRL-VCSA02/SGRL-VCSA02_11.vmdk' persistent R[]
2025-09-13T08:02:44.827Z| vmx| A100: ConfigDB: Setting scsi0:6.redo = ""
2025-09-13T08:02:44.827Z| vmx| I125: DISK: OPEN scsi0:6 '/vmfs/volumes/3a4fd8ce-fc4375c4-effb-5cf3fce846f8/SGRL-VCSA02/SGRL-VCSA02_6.vmdk' persistent R[]
2025-09-13T08:02:44.828Z| worker-2103730| A100: ConfigDB: Setting scsi0:5.redo = ""
2025-09-13T08:02:44.828Z| worker-2103730| I125: DISK: OPEN scsi0:5 '/vmfs/volumes/3a4fd8ce-fc4375c4-effb-5cf3fce846f8/SGRL-VCSA02/SGRL-VCSA02_5.vmdk' persistent R[]
2025-09-13T08:02:44.828Z| worker-2103728| A100: ConfigDB: Setting scsi0:3.redo = ""
2025-09-13T08:02:44.828Z| worker-2103733| A100: ConfigDB: Setting scsi0:10.redo = ""
2025-09-13T08:02:44.828Z| worker-2103728| I125: DISK: OPEN scsi0:3 '/vmfs/volumes/3a4fd8ce-fc4375c4-effb-5cf3fce846f8/SGRL-VCSA02/SGRL-VCSA02_3.vmdk' persistent R[]
2025-09-13T08:02:44.828Z| worker-2103732| I125: DISKLIB-VMFS  : "/vmfs/volumes/3a4fd8ce-fc4375c4-effb-5cf3fce846f8/SGRL-VCSA02/SGRL-VCSA02_15-flat.vmdk" : open successful (10) size = 107374182400, hd = 919773. Type 3
2025-09-13T08:02:44.828Z| worker-2103731| I125: DISKLIB-VMFS  : "/vmfs/volumes/3a4fd8ce-fc4375c4-effb-5cf3fce846f8/SGRL-VCSA02/SGRL-VCSA02_16-flat.vmdk" : open successful (10) size = 161061273600, hd = 985307. Type 3
2025-09-13T08:02:44.828Z| worker-2103732| I125: DISKLIB-DSCPTR: Opened [0]: "SGRL-VCSA02_15-flat.vmdk" (0xa)
2025-09-13T08:02:44.828Z| worker-2103734| A100: ConfigDB: Setting scsi0:2.redo = ""
2025-09-13T08:02:44.828Z| worker-2103731| I125: DISKLIB-DSCPTR: Opened [0]: "SGRL-VCSA02_16-flat.vmdk" (0xa)
2025-09-13T08:02:44.828Z| worker-2103734| I125: DISK: OPEN scsi0:2 '/vmfs/volumes/3a4fd8ce-fc4375c4-effb-5cf3fce846f8/SGRL-VCSA02/SGRL-VCSA02_2.vmdk' persistent R[]
2025-09-13T08:02:44.828Z| worker-2103726| A100: ConfigDB: Setting scsi0:4.redo = ""
2025-09-13T08:02:44.828Z| worker-2103733| I125: DISK: OPEN scsi0:10 '/vmfs/volumes/3a4fd8ce-fc4375c4-effb-5cf3fce846f8/SGRL-VCSA02/SGRL-VCSA02_9.vmdk' persistent R[]
2025-09-13T08:02:44.828Z| worker-2103726| I125: DISK: OPEN scsi0:4 '/vmfs/volumes/3a4fd8ce-fc4375c4-effb-5cf3fce846f8/SGRL-VCSA02/SGRL-VCSA02_4.vmdk' persistent R[]
2025-09-13T08:02:44.828Z| worker-2103724| A100: ConfigDB: Setting scsi0:9.redo = ""
2025-09-13T08:02:44.828Z| worker-2103724| I125: DISK: OPEN scsi0:9 '/vmfs/volumes/3a4fd8ce-fc4375c4-effb-5cf3fce846f8/SGRL-VCSA02/SGRL-VCSA02_8.vmdk' persistent R[]
2025-09-13T08:02:44.829Z| worker-2103732| I125: DISKLIB-LINK  : Opened '/vmfs/volumes/3a4fd8ce-fc4375c4-effb-5cf3fce846f8/SGRL-VCSA02/SGRL-VCSA02_15.vmdk' (0xa): vmfs, 209715200 sectors / 100 GB.
2025-09-13T08:02:44.829Z| worker-2103731| I125: DISKLIB-LINK  : Opened '/vmfs/volumes/3a4fd8ce-fc4375c4-effb-5cf3fce846f8/SGRL-VCSA02/SGRL-VCSA02_16.vmdk' (0xa): vmfs, 314572800 sectors / 150 GB.
2025-09-13T08:02:44.829Z| worker-2103740| A100: ConfigDB: Setting scsi0:8.redo = ""
2025-09-13T08:02:44.829Z| worker-2103740| I125: DISK: OPEN scsi0:8 '/vmfs/volumes/3a4fd8ce-fc4375c4-effb-5cf3fce846f8/SGRL-VCSA02/SGRL-VCSA02_7.vmdk' persistent R[]
2025-09-13T08:02:44.829Z| worker-2103739| A100: ConfigDB: Setting scsi0:0.redo = ""
2025-09-13T08:02:44.829Z| worker-2103739| I125: DISK: OPEN scsi0:0 '/vmfs/volumes/3a4fd8ce-fc4375c4-effb-5cf3fce846f8/SGRL-VCSA02/SGRL-VCSA02.vmdk' persistent R[]
2025-09-13T08:02:44.829Z| worker-2103727| A100: ConfigDB: Setting scsi0:1.redo = ""
2025-09-13T08:02:44.829Z| worker-2103727| I125: DISK: OPEN scsi0:1 '/vmfs/volumes/3a4fd8ce-fc4375c4-effb-5cf3fce846f8/SGRL-VCSA02/SGRL-VCSA02_1.vmdk' persistent R[]
2025-09-13T08:02:44.829Z| worker-2103732| I125: DISKLIB-LIB   : Opened "/vmfs/volumes/3a4fd8ce-fc4375c4-effb-5cf3fce846f8/SGRL-VCSA02/SGRL-VCSA02_15.vmdk" (flags 0xa, type vmfs).
2025-09-13T08:02:44.829Z| worker-2103731| I125: DISKLIB-LIB   : Opened "/vmfs/volumes/3a4fd8ce-fc4375c4-effb-5cf3fce846f8/SGRL-VCSA02/SGRL-VCSA02_16.vmdk" (flags 0xa, type vmfs).
2025-09-13T08:02:44.829Z| worker-2103729| A100: ConfigDB: Setting scsi0:11.redo = ""
2025-09-13T08:02:44.829Z| worker-2103729| I125: DISK: OPEN scsi0:11 '/vmfs/volumes/3a4fd8ce-fc4375c4-effb-5cf3fce846f8/SGRL-VCSA02/SGRL-VCSA02_10.vmdk' persistent R[]
2025-09-13T08:02:44.829Z| worker-2103735| I125: DISKLIB-VMFS  : "/vmfs/volumes/3a4fd8ce-fc4375c4-effb-5cf3fce846f8/SGRL-VCSA02/SGRL-VCSA02_14-flat.vmdk" : open successful (10) size = 5368709120, hd = 2033886. Type 3
2025-09-13T08:02:44.829Z| worker-2103735| I125: DISKLIB-DSCPTR: Opened [0]: "SGRL-VCSA02_14-flat.vmdk" (0xa)
2025-09-13T08:02:44.829Z| worker-2103735| I125: DISKLIB-LINK  : Opened '/vmfs/volumes/3a4fd8ce-fc4375c4-effb-5cf3fce846f8/SGRL-VCSA02/SGRL-VCSA02_14.vmdk' (0xa): vmfs, 10485760 sectors / 5 GB.
2025-09-13T08:02:44.829Z| worker-2103736| I125: DISKLIB-VMFS  : "/vmfs/volumes/3a4fd8ce-fc4375c4-effb-5cf3fce846f8/SGRL-VCSA02/SGRL-VCSA02_13-flat.vmdk" : open successful (10) size = 10737418240, hd = 1312991. Type 3
2025-09-13T08:02:44.829Z| worker-2103736| I125: DISKLIB-DSCPTR: Opened [0]: "SGRL-VCSA02_13-flat.vmdk" (0xa)
2025-09-13T08:02:44.829Z| worker-2103735| I125: DISKLIB-LIB   : Opened "/vmfs/volumes/3a4fd8ce-fc4375c4-effb-5cf3fce846f8/SGRL-VCSA02/SGRL-VCSA02_14.vmdk" (flags 0xa, type vmfs).
2025-09-13T08:02:44.830Z| worker-2103736| I125: DISKLIB-LINK  : Opened '/vmfs/volumes/3a4fd8ce-fc4375c4-effb-5cf3fce846f8/SGRL-VCSA02/SGRL-VCSA02_13.vmdk' (0xa): vmfs, 20971520 sectors / 10 GB.
2025-09-13T08:02:44.830Z| worker-2103735| I125: DISK: Disk '/vmfs/volumes/3a4fd8ce-fc4375c4-effb-5cf3fce846f8/SGRL-VCSA02/SGRL-VCSA02_14.vmdk' has UUID '60 00 c2 9f 6f 8f 9a 86-25 3e b0 83 ea f3 d1 5a'
2025-09-13T08:02:44.830Z| worker-2103732| I125: DISK: Disk '/vmfs/volumes/3a4fd8ce-fc4375c4-effb-5cf3fce846f8/SGRL-VCSA02/SGRL-VCSA02_15.vmdk' has UUID '60 00 c2 99 c7 8d 4e 19-2c 98 f5 d2 1d 29 76 d9'
2025-09-13T08:02:44.830Z| worker-2103735| I125: DISK: OPEN '/vmfs/volumes/3a4fd8ce-fc4375c4-effb-5cf3fce846f8/SGRL-VCSA02/SGRL-VCSA02_14.vmdk' Geo (652/255/63) BIOS Geo (0/0/0)
2025-09-13T08:02:44.830Z| worker-2103732| I125: DISK: OPEN '/vmfs/volumes/3a4fd8ce-fc4375c4-effb-5cf3fce846f8/SGRL-VCSA02/SGRL-VCSA02_15.vmdk' Geo (13054/255/63) BIOS Geo (0/0/0)
2025-09-13T08:02:44.830Z| worker-2103737| I125: DISKLIB-VMFS  : "/vmfs/volumes/3a4fd8ce-fc4375c4-effb-5cf3fce846f8/SGRL-VCSA02/SGRL-VCSA02_12-flat.vmdk" : open successful (10) size = 53687091200, hd = 985313. Type 3
2025-09-13T08:02:44.830Z| worker-2103737| I125: DISKLIB-DSCPTR: Opened [0]: "SGRL-VCSA02_12-flat.vmdk" (0xa)
2025-09-13T08:02:44.830Z| worker-2103737| I125: DISKLIB-LINK  : Opened '/vmfs/volumes/3a4fd8ce-fc4375c4-effb-5cf3fce846f8/SGRL-VCSA02/SGRL-VCSA02_12.vmdk' (0xa): vmfs, 104857600 sectors / 50 GB.
2025-09-13T08:02:44.830Z| worker-2103731| I125: DISK: Disk '/vmfs/volumes/3a4fd8ce-fc4375c4-effb-5cf3fce846f8/SGRL-VCSA02/SGRL-VCSA02_16.vmdk' has UUID '60 00 c2 95 7d b2 ef dc-aa a7 41 fd 88 7c 03 82'
2025-09-13T08:02:44.830Z| worker-2103738| I125: DISKLIB-VMFS  : "/vmfs/volumes/3a4fd8ce-fc4375c4-effb-5cf3fce846f8/SGRL-VCSA02/SGRL-VCSA02_11-flat.vmdk" : open successful (10) size = 107374182400, hd = 788706. Type 3
2025-09-13T08:02:44.830Z| worker-2103738| I125: DISKLIB-DSCPTR: Opened [0]: "SGRL-VCSA02_11-flat.vmdk" (0xa)
2025-09-13T08:02:44.830Z| worker-2103731| I125: DISK: OPEN '/vmfs/volumes/3a4fd8ce-fc4375c4-effb-5cf3fce846f8/SGRL-VCSA02/SGRL-VCSA02_16.vmdk' Geo (19581/255/63) BIOS Geo (0/0/0)
2025-09-13T08:02:44.830Z| worker-2103738| I125: DISKLIB-LINK  : Opened '/vmfs/volumes/3a4fd8ce-fc4375c4-effb-5cf3fce846f8/SGRL-VCSA02/SGRL-VCSA02_11.vmdk' (0xa): vmfs, 209715200 sectors / 100 GB.
2025-09-13T08:02:44.830Z| worker-2103736| I125: DISKLIB-LIB   : Opened "/vmfs/volumes/3a4fd8ce-fc4375c4-effb-5cf3fce846f8/SGRL-VCSA02/SGRL-VCSA02_13.vmdk" (flags 0xa, type vmfs).
2025-09-13T08:02:44.831Z| vmx| I125: DISKLIB-VMFS  : "/vmfs/volumes/3a4fd8ce-fc4375c4-effb-5cf3fce846f8/SGRL-VCSA02/SGRL-VCSA02_6-flat.vmdk" : open successful (10) size = 16106127360, hd = 1050844. Type 3
2025-09-13T08:02:44.831Z| vmx| I125: DISKLIB-DSCPTR: Opened [0]: "SGRL-VCSA02_6-flat.vmdk" (0xa)
2025-09-13T08:02:44.831Z| vmx| I125: DISKLIB-LINK  : Opened '/vmfs/volumes/3a4fd8ce-fc4375c4-effb-5cf3fce846f8/SGRL-VCSA02/SGRL-VCSA02_6.vmdk' (0xa): vmfs, 31457280 sectors / 15 GB.
2025-09-13T08:02:44.831Z| worker-2103738| I125: DISKLIB-LIB   : Opened "/vmfs/volumes/3a4fd8ce-fc4375c4-effb-5cf3fce846f8/SGRL-VCSA02/SGRL-VCSA02_11.vmdk" (flags 0xa, type vmfs).
2025-09-13T08:02:44.831Z| worker-2103737| I125: DISKLIB-LIB   : Opened "/vmfs/volumes/3a4fd8ce-fc4375c4-effb-5cf3fce846f8/SGRL-VCSA02/SGRL-VCSA02_12.vmdk" (flags 0xa, type vmfs).
2025-09-13T08:02:44.831Z| worker-2103732| I125: UTIL: Change file descriptor limit from soft 4096,hard 4096 to soft 4211,hard 4211.
2025-09-13T08:02:44.831Z| worker-2103735| I125: UTIL: Change file descriptor limit from soft 4211,hard 4211 to soft 4326,hard 4326.
2025-09-13T08:02:44.831Z| worker-2103736| I125: DISK: Disk '/vmfs/volumes/3a4fd8ce-fc4375c4-effb-5cf3fce846f8/SGRL-VCSA02/SGRL-VCSA02_13.vmdk' has UUID '60 00 c2 9a c6 5e 0f ee-33 11 00 3b 4f 44 f5 94'
2025-09-13T08:02:44.831Z| worker-2103736| I125: DISK: OPEN '/vmfs/volumes/3a4fd8ce-fc4375c4-effb-5cf3fce846f8/SGRL-VCSA02/SGRL-VCSA02_13.vmdk' Geo (1305/255/63) BIOS Geo (0/0/0)
2025-09-13T08:02:44.831Z| worker-2103738| I125: DISK: Disk '/vmfs/volumes/3a4fd8ce-fc4375c4-effb-5cf3fce846f8/SGRL-VCSA02/SGRL-VCSA02_11.vmdk' has UUID '60 00 c2 9a 16 52 f5 3e-95 77 10 07 cb 8c cc b6'
2025-09-13T08:02:44.831Z| worker-2103738| I125: DISK: OPEN '/vmfs/volumes/3a4fd8ce-fc4375c4-effb-5cf3fce846f8/SGRL-VCSA02/SGRL-VCSA02_11.vmdk' Geo (13054/255/63) BIOS Geo (0/0/0)
2025-09-13T08:02:44.831Z| worker-2103737| I125: DISK: Disk '/vmfs/volumes/3a4fd8ce-fc4375c4-effb-5cf3fce846f8/SGRL-VCSA02/SGRL-VCSA02_12.vmdk' has UUID '60 00 c2 96 24 80 88 8d-5d 2f 99 ff 48 86 8b 75'
2025-09-13T08:02:44.831Z| worker-2103737| I125: DISK: OPEN '/vmfs/volumes/3a4fd8ce-fc4375c4-effb-5cf3fce846f8/SGRL-VCSA02/SGRL-VCSA02_12.vmdk' Geo (6527/255/63) BIOS Geo (0/0/0)
2025-09-13T08:02:44.832Z| worker-2103731| I125: UTIL: Change file descriptor limit from soft 4326,hard 4326 to soft 4441,hard 4441.
2025-09-13T08:02:44.832Z| vmx| I125: DISKLIB-LIB   : Opened "/vmfs/volumes/3a4fd8ce-fc4375c4-effb-5cf3fce846f8/SGRL-VCSA02/SGRL-VCSA02_6.vmdk" (flags 0xa, type vmfs).
2025-09-13T08:02:44.832Z| worker-2103738| I125: UTIL: Change file descriptor limit from soft 4441,hard 4441 to soft 4556,hard 4556.
2025-09-13T08:02:44.832Z| worker-2103734| I125: DISKLIB-VMFS  : "/vmfs/volumes/3a4fd8ce-fc4375c4-effb-5cf3fce846f8/SGRL-VCSA02/SGRL-VCSA02_2-flat.vmdk" : open successful (10) size = 26843545600, hd = 3279084. Type 3
2025-09-13T08:02:44.832Z| worker-2103736| I125: UTIL: Change file descriptor limit from soft 4556,hard 4556 to soft 4671,hard 4671.
2025-09-13T08:02:44.832Z| worker-2103734| I125: DISKLIB-DSCPTR: Opened [0]: "SGRL-VCSA02_2-flat.vmdk" (0xa)
2025-09-13T08:02:44.832Z| vmx| I125: DISK: Disk '/vmfs/volumes/3a4fd8ce-fc4375c4-effb-5cf3fce846f8/SGRL-VCSA02/SGRL-VCSA02_6.vmdk' has UUID '60 00 c2 97 1f e8 af 64-5e da ad df a6 21 76 42'
2025-09-13T08:02:44.832Z| vmx| I125: DISK: OPEN '/vmfs/volumes/3a4fd8ce-fc4375c4-effb-5cf3fce846f8/SGRL-VCSA02/SGRL-VCSA02_6.vmdk' Geo (1958/255/63) BIOS Geo (0/0/0)
2025-09-13T08:02:44.832Z| worker-2103734| I125: DISKLIB-LINK  : Opened '/vmfs/volumes/3a4fd8ce-fc4375c4-effb-5cf3fce846f8/SGRL-VCSA02/SGRL-VCSA02_2.vmdk' (0xa): vmfs, 52428800 sectors / 25 GB.
2025-09-13T08:02:44.832Z| worker-2103727| I125: DISKLIB-VMFS  : "/vmfs/volumes/3a4fd8ce-fc4375c4-effb-5cf3fce846f8/SGRL-VCSA02/SGRL-VCSA02_1-flat.vmdk" : open successful (10) size = 7779385344, hd = 919790. Type 3
2025-09-13T08:02:44.832Z| worker-2103727| I125: DISKLIB-DSCPTR: Opened [0]: "SGRL-VCSA02_1-flat.vmdk" (0xa)
2025-09-13T08:02:44.832Z| worker-2103730| I125: DISKLIB-VMFS  : "/vmfs/volumes/3a4fd8ce-fc4375c4-effb-5cf3fce846f8/SGRL-VCSA02/SGRL-VCSA02_5-flat.vmdk" : open successful (10) size = 10737418240, hd = 985327. Type 3
2025-09-13T08:02:44.832Z| worker-2103730| I125: DISKLIB-DSCPTR: Opened [0]: "SGRL-VCSA02_5-flat.vmdk" (0xa)
2025-09-13T08:02:44.832Z| worker-2103727| I125: DISKLIB-LINK  : Opened '/vmfs/volumes/3a4fd8ce-fc4375c4-effb-5cf3fce846f8/SGRL-VCSA02/SGRL-VCSA02_1.vmdk' (0xa): vmfs, 15194112 sectors / 7.2 GB.
2025-09-13T08:02:44.832Z| worker-2103730| I125: DISKLIB-LINK  : Opened '/vmfs/volumes/3a4fd8ce-fc4375c4-effb-5cf3fce846f8/SGRL-VCSA02/SGRL-VCSA02_5.vmdk' (0xa): vmfs, 20971520 sectors / 10 GB.
2025-09-13T08:02:44.832Z| worker-2103734| I125: DISKLIB-LIB   : Opened "/vmfs/volumes/3a4fd8ce-fc4375c4-effb-5cf3fce846f8/SGRL-VCSA02/SGRL-VCSA02_2.vmdk" (flags 0xa, type vmfs).
2025-09-13T08:02:44.833Z| worker-2103730| I125: DISKLIB-LIB   : Opened "/vmfs/volumes/3a4fd8ce-fc4375c4-effb-5cf3fce846f8/SGRL-VCSA02/SGRL-VCSA02_5.vmdk" (flags 0xa, type vmfs).
2025-09-13T08:02:44.833Z| worker-2103727| I125: DISKLIB-LIB   : Opened "/vmfs/volumes/3a4fd8ce-fc4375c4-effb-5cf3fce846f8/SGRL-VCSA02/SGRL-VCSA02_1.vmdk" (flags 0xa, type vmfs).
2025-09-13T08:02:44.833Z| worker-2103734| I125: DISK: Disk '/vmfs/volumes/3a4fd8ce-fc4375c4-effb-5cf3fce846f8/SGRL-VCSA02/SGRL-VCSA02_2.vmdk' has UUID '60 00 c2 93 13 d5 7b 02-63 d6 9a 84 9e 6d 6d ac'
2025-09-13T08:02:44.833Z| worker-2103734| I125: DISK: OPEN '/vmfs/volumes/3a4fd8ce-fc4375c4-effb-5cf3fce846f8/SGRL-VCSA02/SGRL-VCSA02_2.vmdk' Geo (3263/255/63) BIOS Geo (0/0/0)
2025-09-13T08:02:44.833Z| worker-2103730| I125: DISK: Disk '/vmfs/volumes/3a4fd8ce-fc4375c4-effb-5cf3fce846f8/SGRL-VCSA02/SGRL-VCSA02_5.vmdk' has UUID '60 00 c2 9e 96 89 09 bc-af 73 c8 f6 4d 36 0c 0b'
2025-09-13T08:02:44.833Z| worker-2103730| I125: DISK: OPEN '/vmfs/volumes/3a4fd8ce-fc4375c4-effb-5cf3fce846f8/SGRL-VCSA02/SGRL-VCSA02_5.vmdk' Geo (1305/255/63) BIOS Geo (0/0/0)
2025-09-13T08:02:44.833Z| worker-2103727| I125: DISK: Disk '/vmfs/volumes/3a4fd8ce-fc4375c4-effb-5cf3fce846f8/SGRL-VCSA02/SGRL-VCSA02_1.vmdk' has UUID '60 00 c2 9f d8 5d 38 b6-12 62 48 73 89 87 09 9e'
2025-09-13T08:02:44.833Z| worker-2103737| I125: UTIL: Change file descriptor limit from soft 4671,hard 4671 to soft 4786,hard 4786.
2025-09-13T08:02:44.833Z| worker-2103727| I125: DISK: OPEN '/vmfs/volumes/3a4fd8ce-fc4375c4-effb-5cf3fce846f8/SGRL-VCSA02/SGRL-VCSA02_1.vmdk' Geo (945/255/63) BIOS Geo (0/0/0)
2025-09-13T08:02:44.833Z| worker-2103724| I125: DISKLIB-VMFS  : "/vmfs/volumes/3a4fd8ce-fc4375c4-effb-5cf3fce846f8/SGRL-VCSA02/SGRL-VCSA02_8-flat.vmdk" : open successful (10) size = 1073741824, hd = 6228203. Type 3
2025-09-13T08:02:44.833Z| worker-2103724| I125: DISKLIB-DSCPTR: Opened [0]: "SGRL-VCSA02_8-flat.vmdk" (0xa)
2025-09-13T08:02:44.833Z| worker-2103724| I125: DISKLIB-LINK  : Opened '/vmfs/volumes/3a4fd8ce-fc4375c4-effb-5cf3fce846f8/SGRL-VCSA02/SGRL-VCSA02_8.vmdk' (0xa): vmfs, 2097152 sectors / 1 GB.
2025-09-13T08:02:44.833Z| worker-2103724| I125: DISKLIB-LIB   : Opened "/vmfs/volumes/3a4fd8ce-fc4375c4-effb-5cf3fce846f8/SGRL-VCSA02/SGRL-VCSA02_8.vmdk" (flags 0xa, type vmfs).
2025-09-13T08:02:44.833Z| worker-2103724| I125: DISK: Disk '/vmfs/volumes/3a4fd8ce-fc4375c4-effb-5cf3fce846f8/SGRL-VCSA02/SGRL-VCSA02_8.vmdk' has UUID '60 00 c2 90 90 1d ab 96-97 19 02 9e 84 92 32 12'
2025-09-13T08:02:44.833Z| worker-2103724| I125: DISK: OPEN '/vmfs/volumes/3a4fd8ce-fc4375c4-effb-5cf3fce846f8/SGRL-VCSA02/SGRL-VCSA02_8.vmdk' Geo (512/128/32) BIOS Geo (0/0/0)
2025-09-13T08:02:44.833Z| worker-2103740| I125: DISKLIB-VMFS  : "/vmfs/volumes/3a4fd8ce-fc4375c4-effb-5cf3fce846f8/SGRL-VCSA02/SGRL-VCSA02_7-flat.vmdk" : open successful (10) size = 10737418240, hd = 919792. Type 3
2025-09-13T08:02:44.833Z| worker-2103740| I125: DISKLIB-DSCPTR: Opened [0]: "SGRL-VCSA02_7-flat.vmdk" (0xa)
2025-09-13T08:02:44.833Z| worker-2103728| I125: DISKLIB-VMFS  : "/vmfs/volumes/3a4fd8ce-fc4375c4-effb-5cf3fce846f8/SGRL-VCSA02/SGRL-VCSA02_3-flat.vmdk" : open successful (10) size = 26843545600, hd = 1050861. Type 3
2025-09-13T08:02:44.833Z| vmx| I125: UTIL: Change file descriptor limit from soft 4786,hard 4786 to soft 4901,hard 4901.
2025-09-13T08:02:44.833Z| worker-2103740| I125: DISKLIB-LINK  : Opened '/vmfs/volumes/3a4fd8ce-fc4375c4-effb-5cf3fce846f8/SGRL-VCSA02/SGRL-VCSA02_7.vmdk' (0xa): vmfs, 20971520 sectors / 10 GB.
2025-09-13T08:02:44.833Z| worker-2103728| I125: DISKLIB-DSCPTR: Opened [0]: "SGRL-VCSA02_3-flat.vmdk" (0xa)
2025-09-13T08:02:44.833Z| worker-2103729| I125: DISKLIB-VMFS  : "/vmfs/volumes/3a4fd8ce-fc4375c4-effb-5cf3fce846f8/SGRL-VCSA02/SGRL-VCSA02_10-flat.vmdk" : open successful (10) size = 10737418240, hd = 1378545. Type 3
2025-09-13T08:02:44.833Z| worker-2103728| I125: DISKLIB-LINK  : Opened '/vmfs/volumes/3a4fd8ce-fc4375c4-effb-5cf3fce846f8/SGRL-VCSA02/SGRL-VCSA02_3.vmdk' (0xa): vmfs, 52428800 sectors / 25 GB.
2025-09-13T08:02:44.834Z| worker-2103740| I125: DISKLIB-LIB   : Opened "/vmfs/volumes/3a4fd8ce-fc4375c4-effb-5cf3fce846f8/SGRL-VCSA02/SGRL-VCSA02_7.vmdk" (flags 0xa, type vmfs).
2025-09-13T08:02:44.834Z| worker-2103729| I125: DISKLIB-DSCPTR: Opened [0]: "SGRL-VCSA02_10-flat.vmdk" (0xa)
2025-09-13T08:02:44.834Z| worker-2103728| I125: DISKLIB-LIB   : Opened "/vmfs/volumes/3a4fd8ce-fc4375c4-effb-5cf3fce846f8/SGRL-VCSA02/SGRL-VCSA02_3.vmdk" (flags 0xa, type vmfs).
2025-09-13T08:02:44.834Z| worker-2103729| I125: DISKLIB-LINK  : Opened '/vmfs/volumes/3a4fd8ce-fc4375c4-effb-5cf3fce846f8/SGRL-VCSA02/SGRL-VCSA02_10.vmdk' (0xa): vmfs, 20971520 sectors / 10 GB.
2025-09-13T08:02:44.834Z| worker-2103726| I125: DISKLIB-VMFS  : "/vmfs/volumes/3a4fd8ce-fc4375c4-effb-5cf3fce846f8/SGRL-VCSA02/SGRL-VCSA02_4-flat.vmdk" : open successful (10) size = 10737418240, hd = 3606760. Type 3
2025-09-13T08:02:44.834Z| worker-2103729| I125: DISKLIB-LIB   : Opened "/vmfs/volumes/3a4fd8ce-fc4375c4-effb-5cf3fce846f8/SGRL-VCSA02/SGRL-VCSA02_10.vmdk" (flags 0xa, type vmfs).
2025-09-13T08:02:44.834Z| worker-2103726| I125: DISKLIB-DSCPTR: Opened [0]: "SGRL-VCSA02_4-flat.vmdk" (0xa)
2025-09-13T08:02:44.834Z| worker-2103727| I125: UTIL: Change file descriptor limit from soft 4901,hard 4901 to soft 5016,hard 5016.
2025-09-13T08:02:44.834Z| worker-2103726| I125: DISKLIB-LINK  : Opened '/vmfs/volumes/3a4fd8ce-fc4375c4-effb-5cf3fce846f8/SGRL-VCSA02/SGRL-VCSA02_4.vmdk' (0xa): vmfs, 20971520 sectors / 10 GB.
2025-09-13T08:02:44.834Z| worker-2103734| I125: UTIL: Change file descriptor limit from soft 5016,hard 5016 to soft 5131,hard 5131.
2025-09-13T08:02:44.834Z| worker-2103740| I125: DISK: Disk '/vmfs/volumes/3a4fd8ce-fc4375c4-effb-5cf3fce846f8/SGRL-VCSA02/SGRL-VCSA02_7.vmdk' has UUID '60 00 c2 99 b5 9c df 26-d5 49 b8 aa df f7 78 cf'
2025-09-13T08:02:44.834Z| worker-2103729| I125: DISK: Disk '/vmfs/volumes/3a4fd8ce-fc4375c4-effb-5cf3fce846f8/SGRL-VCSA02/SGRL-VCSA02_10.vmdk' has UUID '60 00 c2 90 65 83 1e 98-a6 eb 0e 3d cf b9 6e 95'
2025-09-13T08:02:44.834Z| worker-2103730| I125: UTIL: Change file descriptor limit from soft 5131,hard 5131 to soft 5246,hard 5246.
2025-09-13T08:02:44.834Z| worker-2103726| I125: DISKLIB-LIB   : Opened "/vmfs/volumes/3a4fd8ce-fc4375c4-effb-5cf3fce846f8/SGRL-VCSA02/SGRL-VCSA02_4.vmdk" (flags 0xa, type vmfs).
2025-09-13T08:02:44.834Z| worker-2103729| I125: DISK: OPEN '/vmfs/volumes/3a4fd8ce-fc4375c4-effb-5cf3fce846f8/SGRL-VCSA02/SGRL-VCSA02_10.vmdk' Geo (1305/255/63) BIOS Geo (0/0/0)
2025-09-13T08:02:44.834Z| worker-2103728| I125: DISK: Disk '/vmfs/volumes/3a4fd8ce-fc4375c4-effb-5cf3fce846f8/SGRL-VCSA02/SGRL-VCSA02_3.vmdk' has UUID '60 00 c2 99 af 14 e4 9e-0f c0 74 b4 05 8b 98 65'
2025-09-13T08:02:44.834Z| worker-2103740| I125: DISK: OPEN '/vmfs/volumes/3a4fd8ce-fc4375c4-effb-5cf3fce846f8/SGRL-VCSA02/SGRL-VCSA02_7.vmdk' Geo (1305/255/63) BIOS Geo (0/0/0)
2025-09-13T08:02:44.834Z| worker-2103728| I125: DISK: OPEN '/vmfs/volumes/3a4fd8ce-fc4375c4-effb-5cf3fce846f8/SGRL-VCSA02/SGRL-VCSA02_3.vmdk' Geo (3263/255/63) BIOS Geo (0/0/0)
2025-09-13T08:02:44.834Z| worker-2103726| I125: DISK: Disk '/vmfs/volumes/3a4fd8ce-fc4375c4-effb-5cf3fce846f8/SGRL-VCSA02/SGRL-VCSA02_4.vmdk' has UUID '60 00 c2 9a ed 69 18 4a-a1 89 c3 d8 5e a1 4e 79'
2025-09-13T08:02:44.834Z| worker-2103726| I125: DISK: OPEN '/vmfs/volumes/3a4fd8ce-fc4375c4-effb-5cf3fce846f8/SGRL-VCSA02/SGRL-VCSA02_4.vmdk' Geo (1305/255/63) BIOS Geo (0/0/0)
2025-09-13T08:02:44.834Z| worker-2103739| I125: DISKLIB-VMFS  : "/vmfs/volumes/3a4fd8ce-fc4375c4-effb-5cf3fce846f8/SGRL-VCSA02/SGRL-VCSA02-flat.vmdk" : open successful (10) size = 52143587328, hd = 788722. Type 3
2025-09-13T08:02:44.834Z| worker-2103739| I125: DISKLIB-DSCPTR: Opened [0]: "SGRL-VCSA02-flat.vmdk" (0xa)
2025-09-13T08:02:44.834Z| worker-2103733| I125: DISKLIB-VMFS  : "/vmfs/volumes/3a4fd8ce-fc4375c4-effb-5cf3fce846f8/SGRL-VCSA02/SGRL-VCSA02_9-flat.vmdk" : open successful (10) size = 10737418240, hd = 2754803. Type 3
2025-09-13T08:02:44.834Z| worker-2103733| I125: DISKLIB-DSCPTR: Opened [0]: "SGRL-VCSA02_9-flat.vmdk" (0xa)
2025-09-13T08:02:44.834Z| worker-2103739| I125: DISKLIB-LINK  : Opened '/vmfs/volumes/3a4fd8ce-fc4375c4-effb-5cf3fce846f8/SGRL-VCSA02/SGRL-VCSA02.vmdk' (0xa): vmfs, 101842944 sectors / 48.6 GB.
2025-09-13T08:02:44.834Z| worker-2103733| I125: DISKLIB-LINK  : Opened '/vmfs/volumes/3a4fd8ce-fc4375c4-effb-5cf3fce846f8/SGRL-VCSA02/SGRL-VCSA02_9.vmdk' (0xa): vmfs, 20971520 sectors / 10 GB.
2025-09-13T08:02:44.834Z| worker-2103724| I125: UTIL: Change file descriptor limit from soft 5246,hard 5246 to soft 5361,hard 5361.
2025-09-13T08:02:44.834Z| worker-2103739| I125: DISKLIB-LIB   : Opened "/vmfs/volumes/3a4fd8ce-fc4375c4-effb-5cf3fce846f8/SGRL-VCSA02/SGRL-VCSA02.vmdk" (flags 0xa, type vmfs).
2025-09-13T08:02:44.834Z| worker-2103733| I125: DISKLIB-LIB   : Opened "/vmfs/volumes/3a4fd8ce-fc4375c4-effb-5cf3fce846f8/SGRL-VCSA02/SGRL-VCSA02_9.vmdk" (flags 0xa, type vmfs).
2025-09-13T08:02:44.834Z| worker-2103733| I125: DISK: Disk '/vmfs/volumes/3a4fd8ce-fc4375c4-effb-5cf3fce846f8/SGRL-VCSA02/SGRL-VCSA02_9.vmdk' has UUID '60 00 c2 9e 63 72 8e 4e-c0 52 39 ab 36 46 bd 46'
2025-09-13T08:02:44.834Z| worker-2103733| I125: DISK: OPEN '/vmfs/volumes/3a4fd8ce-fc4375c4-effb-5cf3fce846f8/SGRL-VCSA02/SGRL-VCSA02_9.vmdk' Geo (1305/255/63) BIOS Geo (0/0/0)
2025-09-13T08:02:44.834Z| worker-2103739| I125: DISK: Disk '/vmfs/volumes/3a4fd8ce-fc4375c4-effb-5cf3fce846f8/SGRL-VCSA02/SGRL-VCSA02.vmdk' has UUID '60 00 c2 95 fa 83 3e 9b-19 1e c1 12 b4 4a c6 29'
2025-09-13T08:02:44.834Z| worker-2103739| I125: DISK: OPEN '/vmfs/volumes/3a4fd8ce-fc4375c4-effb-5cf3fce846f8/SGRL-VCSA02/SGRL-VCSA02.vmdk' Geo (6339/255/63) BIOS Geo (0/0/0)
2025-09-13T08:02:44.834Z| worker-2103728| I125: UTIL: Change file descriptor limit from soft 5361,hard 5361 to soft 5476,hard 5476.
2025-09-13T08:02:44.834Z| worker-2103726| I125: UTIL: Change file descriptor limit from soft 5476,hard 5476 to soft 5591,hard 5591.
2025-09-13T08:02:44.834Z| worker-2103740| I125: UTIL: Change file descriptor limit from soft 5591,hard 5591 to soft 5706,hard 5706.
2025-09-13T08:02:44.834Z| worker-2103729| I125: UTIL: Change file descriptor limit from soft 5706,hard 5706 to soft 5821,hard 5821.
2025-09-13T08:02:44.835Z| worker-2103739| I125: UTIL: Change file descriptor limit from soft 5821,hard 5821 to soft 5936,hard 5936.
2025-09-13T08:02:44.835Z| worker-2103733| I125: UTIL: Change file descriptor limit from soft 5936,hard 5936 to soft 6051,hard 6051.
2025-09-13T08:02:44.843Z| vmx| I125: DISK: Opening disks took 18 ms.
2025-09-13T08:02:44.843Z| vmx| I125: VUsb powered on, but no USB controllers.
2025-09-13T08:02:44.843Z| vmx| I125: MKS PowerOn
2025-09-13T08:02:44.844Z| mks| I125: VTHREAD 274359019264 "mks" wid 2103741
2025-09-13T08:02:44.844Z| mks| I125: MKS thread is alive
2025-09-13T08:02:44.845Z| mks| I125: MKS-RenderMain: PowerOn allowed MKSBasicOps SWRenderer 
2025-09-13T08:02:44.845Z| mks| I125: MKS-RenderMain: Started MKSBasicOps
2025-09-13T08:02:44.845Z| mks| I125: MKS-RenderMain: Stopping MKSBasicOps
2025-09-13T08:02:44.845Z| mks| I125: MKS-RenderMain: Collecting RenderOps caps from MKSBasicOps
2025-09-13T08:02:44.845Z| mks| I125: MKS-RenderMain: Started MKSBasicOps
2025-09-13T08:02:44.845Z| mks| I125: MKS-RenderMain: Found Full Renderer: MKSBasicOps
2025-09-13T08:02:44.845Z| mks| I125: MKS-RenderMain: MinimalCaps: maxTextureSize=32768
2025-09-13T08:02:44.845Z| mks| I125: MKSRemoteMgr: Set default display name: SGRL-VCSA02
2025-09-13T08:02:44.845Z| mks| I125: MKSRemoteMgr: Loading VNC Configuration from VM config file
2025-09-13T08:02:44.846Z| vmx| I125: VLANCE: send cluster threshold is 80, size = 2 recalcInterval is 20000 us
2025-09-13T08:02:44.846Z| vmx| I125: Chipset version: 0x1f
2025-09-13T08:02:44.847Z| vmx| I125: OBJLIB-FILEBE : FileBEOpen: can't open 'SGRL-VCSA02.nvram' : Could not find the file (393218).
2025-09-13T08:02:44.848Z| vmx| I125: OBJLIB-FILEBE : FileBEOpen: can't open 'SGRL-VCSA02.nvram' : Could not find the file (393218).
2025-09-13T08:02:44.848Z| vmx| W115: NVRAMMGR: No valid NVRAM file found, will create default NVRAM.
2025-09-13T08:02:44.852Z| vmx| A100: ConfigDB: Setting pciBridge0.pciSlotNumber = "17"
2025-09-13T08:02:44.852Z| vmx| A100: ConfigDB: Setting pciBridge4.pciSlotNumber = "21"
2025-09-13T08:02:44.852Z| vmx| A100: ConfigDB: Setting pciBridge5.pciSlotNumber = "22"
2025-09-13T08:02:44.852Z| vmx| A100: ConfigDB: Setting pciBridge6.pciSlotNumber = "23"
2025-09-13T08:02:44.852Z| vmx| A100: ConfigDB: Setting pciBridge7.pciSlotNumber = "24"
2025-09-13T08:02:44.852Z| vmx| A100: ConfigDB: Setting scsi0.pciSlotNumber = "16"
2025-09-13T08:02:44.852Z| vmx| A100: ConfigDB: Setting scsi1.pciSlotNumber = "32"
2025-09-13T08:02:44.852Z| vmx| A100: ConfigDB: Setting scsi2.pciSlotNumber = "33"
2025-09-13T08:02:44.852Z| vmx| A100: ConfigDB: Setting ethernet0.pciSlotNumber = "160"
2025-09-13T08:02:44.852Z| vmx| A100: ConfigDB: Setting vmci0.pciSlotNumber = "34"
2025-09-13T08:02:44.859Z| vmx| I125: SCSI DEVICE (ide0:0): Computed value of ide0:0.useBounceBuffers: default
2025-09-13T08:02:44.859Z| vmx| I125: DISKUTIL: ide0:0 : capacity=0 logical sector size=2048
2025-09-13T08:02:44.859Z| vmx| I125: DISKUTIL: ide0:0 : geometry=0/0/0
2025-09-13T08:02:44.859Z| vmx| I125: SCSI: scsi0: reqCallThreshold 0
2025-09-13T08:02:44.859Z| vmx| I125: SCSI: scsi0: intr coalescing: on period=50msec cifTh=4 iopsTh=2000 hlt=0
2025-09-13T08:02:44.859Z| vmx| I125: SCSI0: UNTAGGED commands will be converted to ORDER tags.
2025-09-13T08:02:44.859Z| vmx| I125: SCSI DEVICE (scsi0:0): Computed value of scsi0:0.useBounceBuffers: default
2025-09-13T08:02:44.859Z| vmx| I125: Creating virtual dev for 'scsi0:0'.
2025-09-13T08:02:44.859Z| vmx| I125: DumpDiskInfo: scsi0:0 createType=11, capacity = 101842944, numLinks = 1, allocationType = 2
2025-09-13T08:02:44.859Z| vmx| I125: SCSIDiskESXPopulateVDevDesc: Using FS backend
2025-09-13T08:02:44.859Z| vmx| I125: DISKUTIL: scsi0:0 : geometry=6339/255/63
2025-09-13T08:02:44.859Z| vmx| I125: SCSIFilterESXAttachCBRCInt: CBRC not enabled or opened without filters,skipping CBRC           filter attach.
2025-09-13T08:02:44.859Z| vmx| I125: SCSI DEVICE (scsi0:1): Computed value of scsi0:1.useBounceBuffers: default
2025-09-13T08:02:44.859Z| vmx| I125: Creating virtual dev for 'scsi0:1'.
2025-09-13T08:02:44.859Z| vmx| I125: DumpDiskInfo: scsi0:1 createType=11, capacity = 15194112, numLinks = 1, allocationType = 2
2025-09-13T08:02:44.859Z| vmx| I125: SCSIDiskESXPopulateVDevDesc: Using FS backend
2025-09-13T08:02:44.859Z| vmx| I125: DISKUTIL: scsi0:1 : geometry=945/255/63
2025-09-13T08:02:44.859Z| vmx| I125: SCSIFilterESXAttachCBRCInt: CBRC not enabled or opened without filters,skipping CBRC           filter attach.
2025-09-13T08:02:44.859Z| vmx| I125: SCSI DEVICE (scsi0:2): Computed value of scsi0:2.useBounceBuffers: default
2025-09-13T08:02:44.859Z| vmx| I125: Creating virtual dev for 'scsi0:2'.
2025-09-13T08:02:44.859Z| vmx| I125: DumpDiskInfo: scsi0:2 createType=11, capacity = 52428800, numLinks = 1, allocationType = 2
2025-09-13T08:02:44.860Z| vmx| I125: SCSIDiskESXPopulateVDevDesc: Using FS backend
2025-09-13T08:02:44.860Z| vmx| I125: DISKUTIL: scsi0:2 : geometry=3263/255/63
2025-09-13T08:02:44.860Z| vmx| I125: SCSIFilterESXAttachCBRCInt: CBRC not enabled or opened without filters,skipping CBRC           filter attach.
2025-09-13T08:02:44.860Z| vmx| I125: SCSI DEVICE (scsi0:3): Computed value of scsi0:3.useBounceBuffers: default
2025-09-13T08:02:44.860Z| vmx| I125: Creating virtual dev for 'scsi0:3'.
2025-09-13T08:02:44.860Z| vmx| I125: DumpDiskInfo: scsi0:3 createType=11, capacity = 52428800, numLinks = 1, allocationType = 2
2025-09-13T08:02:44.860Z| vmx| I125: SCSIDiskESXPopulateVDevDesc: Using FS backend
2025-09-13T08:02:44.860Z| vmx| I125: DISKUTIL: scsi0:3 : geometry=3263/255/63
2025-09-13T08:02:44.860Z| vmx| I125: SCSIFilterESXAttachCBRCInt: CBRC not enabled or opened without filters,skipping CBRC           filter attach.
2025-09-13T08:02:44.860Z| vmx| I125: SCSI DEVICE (scsi0:4): Computed value of scsi0:4.useBounceBuffers: default
2025-09-13T08:02:44.860Z| vmx| I125: Creating virtual dev for 'scsi0:4'.
2025-09-13T08:02:44.860Z| vmx| I125: DumpDiskInfo: scsi0:4 createType=11, capacity = 20971520, numLinks = 1, allocationType = 2
2025-09-13T08:02:44.860Z| vmx| I125: SCSIDiskESXPopulateVDevDesc: Using FS backend
2025-09-13T08:02:44.860Z| vmx| I125: DISKUTIL: scsi0:4 : geometry=1305/255/63
2025-09-13T08:02:44.860Z| vmx| I125: SCSIFilterESXAttachCBRCInt: CBRC not enabled or opened without filters,skipping CBRC           filter attach.
2025-09-13T08:02:44.860Z| vmx| I125: SCSI DEVICE (scsi0:5): Computed value of scsi0:5.useBounceBuffers: default
2025-09-13T08:02:44.860Z| vmx| I125: Creating virtual dev for 'scsi0:5'.
2025-09-13T08:02:44.860Z| vmx| I125: DumpDiskInfo: scsi0:5 createType=11, capacity = 20971520, numLinks = 1, allocationType = 2
2025-09-13T08:02:44.860Z| vmx| I125: SCSIDiskESXPopulateVDevDesc: Using FS backend
2025-09-13T08:02:44.860Z| vmx| I125: DISKUTIL: scsi0:5 : geometry=1305/255/63
2025-09-13T08:02:44.860Z| vmx| I125: SCSIFilterESXAttachCBRCInt: CBRC not enabled or opened without filters,skipping CBRC           filter attach.
2025-09-13T08:02:44.860Z| vmx| I125: SCSI DEVICE (scsi0:6): Computed value of scsi0:6.useBounceBuffers: default
2025-09-13T08:02:44.860Z| vmx| I125: Creating virtual dev for 'scsi0:6'.
2025-09-13T08:02:44.860Z| vmx| I125: DumpDiskInfo: scsi0:6 createType=11, capacity = 31457280, numLinks = 1, allocationType = 2
2025-09-13T08:02:44.860Z| vmx| I125: SCSIDiskESXPopulateVDevDesc: Using FS backend
2025-09-13T08:02:44.860Z| vmx| I125: DISKUTIL: scsi0:6 : geometry=1958/255/63
2025-09-13T08:02:44.860Z| vmx| I125: SCSIFilterESXAttachCBRCInt: CBRC not enabled or opened without filters,skipping CBRC           filter attach.
2025-09-13T08:02:44.860Z| vmx| I125: SCSI DEVICE (scsi0:8): Computed value of scsi0:8.useBounceBuffers: default
2025-09-13T08:02:44.860Z| vmx| I125: Creating virtual dev for 'scsi0:8'.
2025-09-13T08:02:44.860Z| vmx| I125: DumpDiskInfo: scsi0:8 createType=11, capacity = 20971520, numLinks = 1, allocationType = 2
2025-09-13T08:02:44.860Z| vmx| I125: SCSIDiskESXPopulateVDevDesc: Using FS backend
2025-09-13T08:02:44.860Z| vmx| I125: DISKUTIL: scsi0:8 : geometry=1305/255/63
2025-09-13T08:02:44.860Z| vmx| I125: SCSIFilterESXAttachCBRCInt: CBRC not enabled or opened without filters,skipping CBRC           filter attach.
2025-09-13T08:02:44.861Z| vmx| I125: SCSI DEVICE (scsi0:9): Computed value of scsi0:9.useBounceBuffers: default
2025-09-13T08:02:44.861Z| vmx| I125: Creating virtual dev for 'scsi0:9'.
2025-09-13T08:02:44.861Z| vmx| I125: DumpDiskInfo: scsi0:9 createType=11, capacity = 2097152, numLinks = 1, allocationType = 2
2025-09-13T08:02:44.861Z| vmx| I125: SCSIDiskESXPopulateVDevDesc: Using FS backend
2025-09-13T08:02:44.861Z| vmx| I125: DISKUTIL: scsi0:9 : geometry=512/128/32
2025-09-13T08:02:44.861Z| vmx| I125: SCSIFilterESXAttachCBRCInt: CBRC not enabled or opened without filters,skipping CBRC           filter attach.
2025-09-13T08:02:44.861Z| vmx| I125: SCSI DEVICE (scsi0:10): Computed value of scsi0:10.useBounceBuffers: default
2025-09-13T08:02:44.861Z| vmx| I125: Creating virtual dev for 'scsi0:10'.
2025-09-13T08:02:44.861Z| vmx| I125: DumpDiskInfo: scsi0:10 createType=11, capacity = 20971520, numLinks = 1, allocationType = 2
2025-09-13T08:02:44.861Z| vmx| I125: SCSIDiskESXPopulateVDevDesc: Using FS backend
2025-09-13T08:02:44.861Z| vmx| I125: DISKUTIL: scsi0:10 : geometry=1305/255/63
2025-09-13T08:02:44.861Z| vmx| I125: SCSIFilterESXAttachCBRCInt: CBRC not enabled or opened without filters,skipping CBRC           filter attach.
2025-09-13T08:02:44.861Z| vmx| I125: SCSI DEVICE (scsi0:11): Computed value of scsi0:11.useBounceBuffers: default
2025-09-13T08:02:44.861Z| vmx| I125: Creating virtual dev for 'scsi0:11'.
2025-09-13T08:02:44.861Z| vmx| I125: DumpDiskInfo: scsi0:11 createType=11, capacity = 20971520, numLinks = 1, allocationType = 2
2025-09-13T08:02:44.861Z| vmx| I125: SCSIDiskESXPopulateVDevDesc: Using FS backend
2025-09-13T08:02:44.861Z| vmx| I125: DISKUTIL: scsi0:11 : geometry=1305/255/63
2025-09-13T08:02:44.861Z| vmx| I125: SCSIFilterESXAttachCBRCInt: CBRC not enabled or opened without filters,skipping CBRC           filter attach.
2025-09-13T08:02:44.861Z| vmx| I125: SCSI DEVICE (scsi0:12): Computed value of scsi0:12.useBounceBuffers: default
2025-09-13T08:02:44.861Z| vmx| I125: Creating virtual dev for 'scsi0:12'.
2025-09-13T08:02:44.861Z| vmx| I125: DumpDiskInfo: scsi0:12 createType=11, capacity = 209715200, numLinks = 1, allocationType = 2
2025-09-13T08:02:44.861Z| vmx| I125: SCSIDiskESXPopulateVDevDesc: Using FS backend
2025-09-13T08:02:44.861Z| vmx| I125: DISKUTIL: scsi0:12 : geometry=13054/255/63
2025-09-13T08:02:44.861Z| vmx| I125: SCSIFilterESXAttachCBRCInt: CBRC not enabled or opened without filters,skipping CBRC           filter attach.
2025-09-13T08:02:44.861Z| vmx| I125: SCSI DEVICE (scsi0:13): Computed value of scsi0:13.useBounceBuffers: default
2025-09-13T08:02:44.861Z| vmx| I125: Creating virtual dev for 'scsi0:13'.
2025-09-13T08:02:44.861Z| vmx| I125: DumpDiskInfo: scsi0:13 createType=11, capacity = 104857600, numLinks = 1, allocationType = 2
2025-09-13T08:02:44.861Z| vmx| I125: SCSIDiskESXPopulateVDevDesc: Using FS backend
2025-09-13T08:02:44.861Z| vmx| I125: DISKUTIL: scsi0:13 : geometry=6527/255/63
2025-09-13T08:02:44.861Z| vmx| I125: SCSIFilterESXAttachCBRCInt: CBRC not enabled or opened without filters,skipping CBRC           filter attach.
2025-09-13T08:02:44.861Z| vmx| I125: SCSI DEVICE (scsi0:14): Computed value of scsi0:14.useBounceBuffers: default
2025-09-13T08:02:44.861Z| vmx| I125: Creating virtual dev for 'scsi0:14'.
2025-09-13T08:02:44.861Z| vmx| I125: DumpDiskInfo: scsi0:14 createType=11, capacity = 20971520, numLinks = 1, allocationType = 2
2025-09-13T08:02:44.861Z| vmx| I125: SCSIDiskESXPopulateVDevDesc: Using FS backend
2025-09-13T08:02:44.861Z| vmx| I125: DISKUTIL: scsi0:14 : geometry=1305/255/63
2025-09-13T08:02:44.862Z| vmx| I125: SCSIFilterESXAttachCBRCInt: CBRC not enabled or opened without filters,skipping CBRC           filter attach.
2025-09-13T08:02:44.862Z| vmx| I125: SCSI DEVICE (scsi0:15): Computed value of scsi0:15.useBounceBuffers: default
2025-09-13T08:02:44.862Z| vmx| I125: Creating virtual dev for 'scsi0:15'.
2025-09-13T08:02:44.862Z| vmx| I125: DumpDiskInfo: scsi0:15 createType=11, capacity = 10485760, numLinks = 1, allocationType = 2
2025-09-13T08:02:44.862Z| vmx| I125: SCSIDiskESXPopulateVDevDesc: Using FS backend
2025-09-13T08:02:44.862Z| vmx| I125: DISKUTIL: scsi0:15 : geometry=652/255/63
2025-09-13T08:02:44.862Z| vmx| I125: SCSIFilterESXAttachCBRCInt: CBRC not enabled or opened without filters,skipping CBRC           filter attach.
2025-09-13T08:02:44.862Z| vmx| I125: SCSI: scsi1: reqCallThreshold 0
2025-09-13T08:02:44.862Z| vmx| I125: SCSI: scsi1: intr coalescing: on period=50msec cifTh=4 iopsTh=2000 hlt=0
2025-09-13T08:02:44.862Z| vmx| I125: SCSI1: UNTAGGED commands will be converted to ORDER tags.
2025-09-13T08:02:44.862Z| vmx| I125: SCSI DEVICE (scsi1:0): Computed value of scsi1:0.useBounceBuffers: default
2025-09-13T08:02:44.862Z| vmx| I125: Creating virtual dev for 'scsi1:0'.
2025-09-13T08:02:44.862Z| vmx| I125: DumpDiskInfo: scsi1:0 createType=11, capacity = 209715200, numLinks = 1, allocationType = 2
2025-09-13T08:02:44.862Z| vmx| I125: SCSIDiskESXPopulateVDevDesc: Using FS backend
2025-09-13T08:02:44.862Z| vmx| I125: DISKUTIL: scsi1:0 : geometry=13054/255/63
2025-09-13T08:02:44.862Z| vmx| I125: SCSIFilterESXAttachCBRCInt: CBRC not enabled or opened without filters,skipping CBRC           filter attach.
2025-09-13T08:02:44.862Z| vmx| I125: SCSI DEVICE (scsi1:1): Computed value of scsi1:1.useBounceBuffers: default
2025-09-13T08:02:44.862Z| vmx| I125: Creating virtual dev for 'scsi1:1'.
2025-09-13T08:02:44.862Z| vmx| I125: DumpDiskInfo: scsi1:1 createType=11, capacity = 314572800, numLinks = 1, allocationType = 2
2025-09-13T08:02:44.862Z| vmx| I125: SCSIDiskESXPopulateVDevDesc: Using FS backend
2025-09-13T08:02:44.862Z| vmx| I125: DISKUTIL: scsi1:1 : geometry=19581/255/63
2025-09-13T08:02:44.862Z| vmx| I125: SCSIFilterESXAttachCBRCInt: CBRC not enabled or opened without filters,skipping CBRC           filter attach.
2025-09-13T08:02:44.862Z| vmx| I125: SCSI: scsi2: reqCallThreshold 0
2025-09-13T08:02:44.862Z| vmx| I125: SCSI: scsi2: intr coalescing: on period=50msec cifTh=4 iopsTh=2000 hlt=0
2025-09-13T08:02:44.862Z| vmx| I125: SCSI2: UNTAGGED commands will be converted to ORDER tags.
2025-09-13T08:02:44.863Z| vmx| I125: SVGA-GFB: Config settings: autodetect=0, numDisplays=1, maxWidth=2560, maxHeight=1600
2025-09-13T08:02:44.863Z| vmx| I125: SVGA-GFB: MKS auto-detected resolution target: numDisplays=1, wh(2560, 1600)
2025-09-13T08:02:44.863Z| vmx| I125: SVGA-GFB: Desired maximum display topology: wh(2560, 1600)
2025-09-13T08:02:44.863Z| vmx| I125: SVGA-GFB: Autodetected target gfbSize = 16777216
2025-09-13T08:02:44.863Z| vmx| I125: SVGA-GFB: Using Initial       gfbSize = 4194304
2025-09-13T08:02:44.863Z| vmx| I125: SVGA: Number of displays 1
2025-09-13T08:02:44.863Z| vmx| I125: SVGA: Truncated maximum resolution for register modes to VRAM size: (VRAM=4194304 bytes, max wh(1176, 885)
2025-09-13T08:02:44.863Z| vmx| I125: SVGA: FIFO capabilities 0x0000077f
2025-09-13T08:02:44.863Z| vmx| I125: SVGACaps: Device       caps : 0x01ff83e2
2025-09-13T08:02:44.863Z| vmx| I125: SVGACaps: Device       caps2: 0x00000000
2025-09-13T08:02:44.863Z| vmx| I125: SVGA3dCaps: host, at power on: 3d disabled
2025-09-13T08:02:44.863Z| vmx| I125:   cap[  0]: 0x00000000 (3D)
2025-09-13T08:02:44.863Z| vmx| I125:   cap[  1]: 0x00000000 (MAX_LIGHTS)
2025-09-13T08:02:44.863Z| vmx| I125:   cap[  2]: 0x00000000 (MAX_TEXTURES)
2025-09-13T08:02:44.863Z| vmx| I125:   cap[  3]: 0x00000000 (MAX_CLIP_PLANES)
2025-09-13T08:02:44.863Z| vmx| I125:   cap[  4]: 0x00000000 (VERTEX_SHADER_VERSION)
2025-09-13T08:02:44.863Z| vmx| I125:   cap[  5]: 0x00000000 (VERTEX_SHADER)
2025-09-13T08:02:44.863Z| vmx| I125:   cap[  6]: 0x00000000 (FRAGMENT_SHADER_VERSION)
2025-09-13T08:02:44.863Z| vmx| I125:   cap[  7]: 0x00000000 (FRAGMENT_SHADER)
2025-09-13T08:02:44.863Z| vmx| I125:   cap[  8]: 0x00000000 (MAX_RENDER_TARGETS)
2025-09-13T08:02:44.863Z| vmx| I125:   cap[  9]: 0x00000000 (S23E8_TEXTURES)
2025-09-13T08:02:44.863Z| vmx| I125:   cap[ 10]: 0x00000000 (S10E5_TEXTURES)
2025-09-13T08:02:44.863Z| vmx| I125:   cap[ 11]: 0x00000000 (MAX_FIXED_VERTEXBLEND)
2025-09-13T08:02:44.863Z| vmx| I125:   cap[ 12]: 0x00000000 (D16_BUFFER_FORMAT)
2025-09-13T08:02:44.863Z| vmx| I125:   cap[ 13]: 0x00000000 (D24S8_BUFFER_FORMAT)
2025-09-13T08:02:44.863Z| vmx| I125:   cap[ 14]: 0x00000000 (D24X8_BUFFER_FORMAT)
2025-09-13T08:02:44.863Z| vmx| I125:   cap[ 15]: 0x00000000 (QUERY_TYPES)
2025-09-13T08:02:44.863Z| vmx| I125:   cap[ 16]: 0x00000000 (TEXTURE_GRADIENT_SAMPLING)
2025-09-13T08:02:44.863Z| vmx| I125:   cap[ 17]:   0.000000 (MAX_POINT_SIZE)
2025-09-13T08:02:44.863Z| vmx| I125:   cap[ 18]: 0x00000000 (MAX_SHADER_TEXTURES)
2025-09-13T08:02:44.863Z| vmx| I125:   cap[ 19]: 0x00000000 (MAX_TEXTURE_WIDTH)
2025-09-13T08:02:44.863Z| vmx| I125:   cap[ 20]: 0x00000000 (MAX_TEXTURE_HEIGHT)
2025-09-13T08:02:44.863Z| vmx| I125:   cap[ 21]: 0x00000000 (MAX_VOLUME_EXTENT)
2025-09-13T08:02:44.863Z| vmx| I125:   cap[ 22]: 0x00000000 (MAX_TEXTURE_REPEAT)
2025-09-13T08:02:44.863Z| vmx| I125:   cap[ 23]: 0x00000000 (MAX_TEXTURE_ASPECT_RATIO)
2025-09-13T08:02:44.863Z| vmx| I125:   cap[ 24]: 0x00000000 (MAX_TEXTURE_ANISOTROPY)
2025-09-13T08:02:44.863Z| vmx| I125:   cap[ 25]: 0x00000000 (MAX_PRIMITIVE_COUNT)
2025-09-13T08:02:44.863Z| vmx| I125:   cap[ 26]: 0x00000000 (MAX_VERTEX_INDEX)
2025-09-13T08:02:44.863Z| vmx| I125:   cap[ 27]: 0x00000000 (MAX_VERTEX_SHADER_INSTRUCTIONS)
2025-09-13T08:02:44.863Z| vmx| I125:   cap[ 28]: 0x00000000 (MAX_FRAGMENT_SHADER_INSTRUCTIONS)
2025-09-13T08:02:44.863Z| vmx| I125:   cap[ 29]: 0x00000000 (MAX_VERTEX_SHADER_TEMPS)
2025-09-13T08:02:44.863Z| vmx| I125:   cap[ 30]: 0x00000000 (MAX_FRAGMENT_SHADER_TEMPS)
2025-09-13T08:02:44.864Z| vmx| I125:   cap[ 31]: 0x00000000 (TEXTURE_OPS)
2025-09-13T08:02:44.864Z| vmx| I125:   cap[ 32]: 0x00000000 (SURFACEFMT_X8R8G8B8)
2025-09-13T08:02:44.864Z| vmx| I125:   cap[ 33]: 0x00000000 (SURFACEFMT_A8R8G8B8)
2025-09-13T08:02:44.864Z| vmx| I125:   cap[ 34]: 0x00000000 (SURFACEFMT_A2R10G10B10)
2025-09-13T08:02:44.864Z| vmx| I125:   cap[ 35]: 0x00000000 (SURFACEFMT_X1R5G5B5)
2025-09-13T08:02:44.864Z| vmx| I125:   cap[ 36]: 0x00000000 (SURFACEFMT_A1R5G5B5)
2025-09-13T08:02:44.864Z| vmx| I125:   cap[ 37]: 0x00000000 (SURFACEFMT_A4R4G4B4)
2025-09-13T08:02:44.864Z| vmx| I125:   cap[ 38]: 0x00000000 (SURFACEFMT_R5G6B5)
2025-09-13T08:02:44.864Z| vmx| I125:   cap[ 39]: 0x00000000 (SURFACEFMT_LUMINANCE16)
2025-09-13T08:02:44.864Z| vmx| I125:   cap[ 40]: 0x00000000 (SURFACEFMT_LUMINANCE8_ALPHA8)
2025-09-13T08:02:44.864Z| vmx| I125:   cap[ 41]: 0x00000000 (SURFACEFMT_ALPHA8)
2025-09-13T08:02:44.864Z| vmx| I125:   cap[ 42]: 0x00000000 (SURFACEFMT_LUMINANCE8)
2025-09-13T08:02:44.864Z| vmx| I125:   cap[ 43]: 0x00000000 (SURFACEFMT_Z_D16)
2025-09-13T08:02:44.864Z| vmx| I125:   cap[ 44]: 0x00000000 (SURFACEFMT_Z_D24S8)
2025-09-13T08:02:44.864Z| vmx| I125:   cap[ 45]: 0x00000000 (SURFACEFMT_Z_D24X8)
2025-09-13T08:02:44.864Z| vmx| I125:   cap[ 46]: 0x00000000 (SURFACEFMT_DXT1)
2025-09-13T08:02:44.864Z| vmx| I125:   cap[ 47]: 0x00000000 (SURFACEFMT_DXT2)
2025-09-13T08:02:44.864Z| vmx| I125:   cap[ 48]: 0x00000000 (SURFACEFMT_DXT3)
2025-09-13T08:02:44.864Z| vmx| I125:   cap[ 49]: 0x00000000 (SURFACEFMT_DXT4)
2025-09-13T08:02:44.864Z| vmx| I125:   cap[ 50]: 0x00000000 (SURFACEFMT_DXT5)
2025-09-13T08:02:44.864Z| vmx| I125:   cap[ 51]: 0x00000000 (SURFACEFMT_BUMPX8L8V8U8)
2025-09-13T08:02:44.864Z| vmx| I125:   cap[ 52]: 0x00000000 (SURFACEFMT_A2W10V10U10)
2025-09-13T08:02:44.864Z| vmx| I125:   cap[ 53]: 0x00000000 (SURFACEFMT_BUMPU8V8)
2025-09-13T08:02:44.864Z| vmx| I125:   cap[ 54]: 0x00000000 (SURFACEFMT_Q8W8V8U8)
2025-09-13T08:02:44.864Z| vmx| I125:   cap[ 55]: 0x00000000 (SURFACEFMT_CxV8U8)
2025-09-13T08:02:44.864Z| vmx| I125:   cap[ 56]: 0x00000000 (SURFACEFMT_R_S10E5)
2025-09-13T08:02:44.864Z| vmx| I125:   cap[ 57]: 0x00000000 (SURFACEFMT_R_S23E8)
2025-09-13T08:02:44.864Z| vmx| I125:   cap[ 58]: 0x00000000 (SURFACEFMT_RG_S10E5)
2025-09-13T08:02:44.864Z| vmx| I125:   cap[ 59]: 0x00000000 (SURFACEFMT_RG_S23E8)
2025-09-13T08:02:44.864Z| vmx| I125:   cap[ 60]: 0x00000000 (SURFACEFMT_ARGB_S10E5)
2025-09-13T08:02:44.864Z| vmx| I125:   cap[ 61]: 0x00000000 (SURFACEFMT_ARGB_S23E8)
2025-09-13T08:02:44.864Z| vmx| I125:   cap[ 62]: 0x00000000 (MISSING62)
2025-09-13T08:02:44.864Z| vmx| I125:   cap[ 63]: 0x00000000 (MAX_VERTEX_SHADER_TEXTURES)
2025-09-13T08:02:44.864Z| vmx| I125:   cap[ 64]: 0x00000000 (MAX_SIMULTANEOUS_RENDER_TARGETS)
2025-09-13T08:02:44.864Z| vmx| I125:   cap[ 65]: 0x00000000 (SURFACEFMT_V16U16)
2025-09-13T08:02:44.864Z| vmx| I125:   cap[ 66]: 0x00000000 (SURFACEFMT_G16R16)
2025-09-13T08:02:44.864Z| vmx| I125:   cap[ 67]: 0x00000000 (SURFACEFMT_A16B16G16R16)
2025-09-13T08:02:44.864Z| vmx| I125:   cap[ 68]: 0x00000000 (SURFACEFMT_UYVY)
2025-09-13T08:02:44.864Z| vmx| I125:   cap[ 69]: 0x00000000 (SURFACEFMT_YUY2)
2025-09-13T08:02:44.864Z| vmx| I125:   cap[ 70]: 0x00000000 (MULTISAMPLE_NONMASKABLESAMPLES)
2025-09-13T08:02:44.864Z| vmx| I125:   cap[ 71]: 0x00000000 (MULTISAMPLE_MASKABLESAMPLES)
2025-09-13T08:02:44.864Z| vmx| I125:   cap[ 72]: 0x00000000 (ALPHATOCOVERAGE)
2025-09-13T08:02:44.864Z| vmx| I125:   cap[ 73]: 0x00000000 (SUPERSAMPLE)
2025-09-13T08:02:44.864Z| vmx| I125:   cap[ 74]: 0x00000000 (AUTOGENMIPMAPS)
2025-09-13T08:02:44.864Z| vmx| I125:   cap[ 75]: 0x00000000 (SURFACEFMT_NV12)
2025-09-13T08:02:44.864Z| vmx| I125:   cap[ 76]: 0x00000000 (SURFACEFMT_AYUV)
2025-09-13T08:02:44.864Z| vmx| I125:   cap[ 77]: 0x00000000 (MAX_CONTEXT_IDS)
2025-09-13T08:02:44.864Z| vmx| I125:   cap[ 78]: 0x00000000 (MAX_SURFACE_IDS)
2025-09-13T08:02:44.864Z| vmx| I125:   cap[ 79]: 0x00000000 (SURFACEFMT_Z_DF16)
2025-09-13T08:02:44.864Z| vmx| I125:   cap[ 80]: 0x00000000 (SURFACEFMT_Z_DF24)
2025-09-13T08:02:44.864Z| vmx| I125:   cap[ 81]: 0x00000000 (SURFACEFMT_Z_D24S8_INT)
2025-09-13T08:02:44.864Z| vmx| I125:   cap[ 82]: 0x00000000 (SURFACEFMT_ATI1)
2025-09-13T08:02:44.864Z| vmx| I125:   cap[ 83]: 0x00000000 (SURFACEFMT_ATI2)
2025-09-13T08:02:44.864Z| vmx| I125:   cap[ 84]: 0x00000000 (DEAD1)
2025-09-13T08:02:44.864Z| vmx| I125:   cap[ 85]: 0x00000000 (VIDEO_DECODE)
2025-09-13T08:02:44.864Z| vmx| I125:   cap[ 86]: 0x00000000 (VIDEO_PROCESS)
2025-09-13T08:02:44.864Z| vmx| I125:   cap[ 87]: 0x00000000 (LINE_AA)
2025-09-13T08:02:44.864Z| vmx| I125:   cap[ 88]: 0x00000000 (LINE_STIPPLE)
2025-09-13T08:02:44.864Z| vmx| I125:   cap[ 89]:   0.000000 (MAX_LINE_WIDTH)
2025-09-13T08:02:44.864Z| vmx| I125:   cap[ 90]:   0.000000 (MAX_AA_LINE_WIDTH)
2025-09-13T08:02:44.864Z| vmx| I125:   cap[ 91]: 0x00000000 (SURFACEFMT_YV12)
2025-09-13T08:02:44.864Z| vmx| I125:   cap[ 92]: 0x00000000 (DEAD3)
2025-09-13T08:02:44.864Z| vmx| I125:   cap[ 93]: 0x00000000 (TS_COLOR_KEY)
2025-09-13T08:02:44.864Z| vmx| I125:   cap[ 94]: 0x00000000 (DEAD2)
2025-09-13T08:02:44.864Z| vmx| I125:   cap[ 95]: 0x00000000 (DXCONTEXT)
2025-09-13T08:02:44.864Z| vmx| I125:   cap[ 96]: 0x00000000 (MAX_TEXTURE_ARRAY_SIZE)
2025-09-13T08:02:44.864Z| vmx| I125:   cap[ 97]: 0x00000000 (DX_MAX_VERTEXBUFFERS)
2025-09-13T08:02:44.864Z| vmx| I125:   cap[ 98]: 0x00000000 (DX_MAX_CONSTANT_BUFFERS)
2025-09-13T08:02:44.864Z| vmx| I125:   cap[ 99]: 0x00000000 (DX_PROVOKING_VERTEX)
2025-09-13T08:02:44.864Z| vmx| I125:   cap[100]: 0x00000000 (DXFMT_X8R8G8B8)
2025-09-13T08:02:44.864Z| vmx| I125:   cap[101]: 0x00000000 (DXFMT_A8R8G8B8)
2025-09-13T08:02:44.864Z| vmx| I125:   cap[102]: 0x00000000 (DXFMT_R5G6B5)
2025-09-13T08:02:44.864Z| vmx| I125:   cap[103]: 0x00000000 (DXFMT_X1R5G5B5)
2025-09-13T08:02:44.864Z| vmx| I125:   cap[104]: 0x00000000 (DXFMT_A1R5G5B5)
2025-09-13T08:02:44.864Z| vmx| I125:   cap[105]: 0x00000000 (DXFMT_A4R4G4B4)
2025-09-13T08:02:44.864Z| vmx| I125:   cap[106]: 0x00000000 (DXFMT_Z_D32)
2025-09-13T08:02:44.864Z| vmx| I125:   cap[107]: 0x00000000 (DXFMT_Z_D16)
2025-09-13T08:02:44.864Z| vmx| I125:   cap[108]: 0x00000000 (DXFMT_Z_D24S8)
2025-09-13T08:02:44.864Z| vmx| I125:   cap[109]: 0x00000000 (DXFMT_Z_D15S1)
2025-09-13T08:02:44.864Z| vmx| I125:   cap[110]: 0x00000000 (DXFMT_LUMINANCE8)
2025-09-13T08:02:44.864Z| vmx| I125:   cap[111]: 0x00000000 (DXFMT_LUMINANCE4_ALPHA4)
2025-09-13T08:02:44.864Z| vmx| I125:   cap[112]: 0x00000000 (DXFMT_LUMINANCE16)
2025-09-13T08:02:44.864Z| vmx| I125:   cap[113]: 0x00000000 (DXFMT_LUMINANCE8_ALPHA8)
2025-09-13T08:02:44.864Z| vmx| I125:   cap[114]: 0x00000000 (DXFMT_DXT1)
2025-09-13T08:02:44.864Z| vmx| I125:   cap[115]: 0x00000000 (DXFMT_DXT2)
2025-09-13T08:02:44.864Z| vmx| I125:   cap[116]: 0x00000000 (DXFMT_DXT3)
2025-09-13T08:02:44.864Z| vmx| I125:   cap[117]: 0x00000000 (DXFMT_DXT4)
2025-09-13T08:02:44.864Z| vmx| I125:   cap[118]: 0x00000000 (DXFMT_DXT5)
2025-09-13T08:02:44.864Z| vmx| I125:   cap[119]: 0x00000000 (DXFMT_BUMPU8V8)
2025-09-13T08:02:44.864Z| vmx| I125:   cap[120]: 0x00000000 (DXFMT_BUMPL6V5U5)
2025-09-13T08:02:44.864Z| vmx| I125:   cap[121]: 0x00000000 (DXFMT_BUMPX8L8V8U8)
2025-09-13T08:02:44.865Z| vmx| I125:   cap[122]: 0x00000000 (DXFMT_FORMAT_DEAD1)
2025-09-13T08:02:44.865Z| vmx| I125:   cap[123]: 0x00000000 (DXFMT_ARGB_S10E5)
2025-09-13T08:02:44.865Z| vmx| I125:   cap[124]: 0x00000000 (DXFMT_ARGB_S23E8)
2025-09-13T08:02:44.865Z| vmx| I125:   cap[125]: 0x00000000 (DXFMT_A2R10G10B10)
2025-09-13T08:02:44.865Z| vmx| I125:   cap[126]: 0x00000000 (DXFMT_V8U8)
2025-09-13T08:02:44.865Z| vmx| I125:   cap[127]: 0x00000000 (DXFMT_Q8W8V8U8)
2025-09-13T08:02:44.865Z| vmx| I125:   cap[128]: 0x00000000 (DXFMT_CxV8U8)
2025-09-13T08:02:44.865Z| vmx| I125:   cap[129]: 0x00000000 (DXFMT_X8L8V8U8)
2025-09-13T08:02:44.865Z| vmx| I125:   cap[130]: 0x00000000 (DXFMT_A2W10V10U10)
2025-09-13T08:02:44.865Z| vmx| I125:   cap[131]: 0x00000000 (DXFMT_ALPHA8)
2025-09-13T08:02:44.865Z| vmx| I125:   cap[132]: 0x00000000 (DXFMT_R_S10E5)
2025-09-13T08:02:44.865Z| vmx| I125:   cap[133]: 0x00000000 (DXFMT_R_S23E8)
2025-09-13T08:02:44.865Z| vmx| I125:   cap[134]: 0x00000000 (DXFMT_RG_S10E5)
2025-09-13T08:02:44.865Z| vmx| I125:   cap[135]: 0x00000000 (DXFMT_RG_S23E8)
2025-09-13T08:02:44.865Z| vmx| I125:   cap[136]: 0x00000000 (DXFMT_BUFFER)
2025-09-13T08:02:44.865Z| vmx| I125:   cap[137]: 0x00000000 (DXFMT_Z_D24X8)
2025-09-13T08:02:44.865Z| vmx| I125:   cap[138]: 0x00000000 (DXFMT_V16U16)
2025-09-13T08:02:44.865Z| vmx| I125:   cap[139]: 0x00000000 (DXFMT_G16R16)
2025-09-13T08:02:44.865Z| vmx| I125:   cap[140]: 0x00000000 (DXFMT_A16B16G16R16)
2025-09-13T08:02:44.865Z| vmx| I125:   cap[141]: 0x00000000 (DXFMT_UYVY)
2025-09-13T08:02:44.865Z| vmx| I125:   cap[142]: 0x00000000 (DXFMT_YUY2)
2025-09-13T08:02:44.865Z| vmx| I125:   cap[143]: 0x00000000 (DXFMT_NV12)
2025-09-13T08:02:44.865Z| vmx| I125:   cap[144]: 0x00000000 (DXFMT_AYUV)
2025-09-13T08:02:44.865Z| vmx| I125:   cap[145]: 0x00000000 (DXFMT_R32G32B32A32_TYPELESS)
2025-09-13T08:02:44.865Z| vmx| I125:   cap[146]: 0x00000000 (DXFMT_R32G32B32A32_UINT)
2025-09-13T08:02:44.865Z| vmx| I125:   cap[147]: 0x00000000 (DXFMT_R32G32B32A32_SINT)
2025-09-13T08:02:44.865Z| vmx| I125:   cap[148]: 0x00000000 (DXFMT_R32G32B32_TYPELESS)
2025-09-13T08:02:44.865Z| vmx| I125:   cap[149]: 0x00000000 (DXFMT_R32G32B32_FLOAT)
2025-09-13T08:02:44.865Z| vmx| I125:   cap[150]: 0x00000000 (DXFMT_R32G32B32_UINT)
2025-09-13T08:02:44.865Z| vmx| I125:   cap[151]: 0x00000000 (DXFMT_R32G32B32_SINT)
2025-09-13T08:02:44.865Z| vmx| I125:   cap[152]: 0x00000000 (DXFMT_R16G16B16A16_TYPELESS)
2025-09-13T08:02:44.865Z| vmx| I125:   cap[153]: 0x00000000 (DXFMT_R16G16B16A16_UINT)
2025-09-13T08:02:44.865Z| vmx| I125:   cap[154]: 0x00000000 (DXFMT_R16G16B16A16_SNORM)
2025-09-13T08:02:44.865Z| vmx| I125:   cap[155]: 0x00000000 (DXFMT_R16G16B16A16_SINT)
2025-09-13T08:02:44.865Z| vmx| I125:   cap[156]: 0x00000000 (DXFMT_R32G32_TYPELESS)
2025-09-13T08:02:44.865Z| vmx| I125:   cap[157]: 0x00000000 (DXFMT_R32G32_UINT)
2025-09-13T08:02:44.865Z| vmx| I125:   cap[158]: 0x00000000 (DXFMT_R32G32_SINT)
2025-09-13T08:02:44.865Z| vmx| I125:   cap[159]: 0x00000000 (DXFMT_R32G8X24_TYPELESS)
2025-09-13T08:02:44.865Z| vmx| I125:   cap[160]: 0x00000000 (DXFMT_D32_FLOAT_S8X24_UINT)
2025-09-13T08:02:44.865Z| vmx| I125:   cap[161]: 0x00000000 (DXFMT_R32_FLOAT_X8X24_TYPELESS)
2025-09-13T08:02:44.865Z| vmx| I125:   cap[162]: 0x00000000 (DXFMT_X32_TYPELESS_G8X24_UINT)
2025-09-13T08:02:44.865Z| vmx| I125:   cap[163]: 0x00000000 (DXFMT_R10G10B10A2_TYPELESS)
2025-09-13T08:02:44.865Z| vmx| I125:   cap[164]: 0x00000000 (DXFMT_R10G10B10A2_UINT)
2025-09-13T08:02:44.865Z| vmx| I125:   cap[165]: 0x00000000 (DXFMT_R11G11B10_FLOAT)
2025-09-13T08:02:44.865Z| vmx| I125:   cap[166]: 0x00000000 (DXFMT_R8G8B8A8_TYPELESS)
2025-09-13T08:02:44.865Z| vmx| I125:   cap[167]: 0x00000000 (DXFMT_R8G8B8A8_UNORM)
2025-09-13T08:02:44.865Z| vmx| I125:   cap[168]: 0x00000000 (DXFMT_R8G8B8A8_UNORM_SRGB)
2025-09-13T08:02:44.865Z| vmx| I125:   cap[169]: 0x00000000 (DXFMT_R8G8B8A8_UINT)
2025-09-13T08:02:44.865Z| vmx| I125:   cap[170]: 0x00000000 (DXFMT_R8G8B8A8_SINT)
2025-09-13T08:02:44.865Z| vmx| I125:   cap[171]: 0x00000000 (DXFMT_R16G16_TYPELESS)
2025-09-13T08:02:44.865Z| vmx| I125:   cap[172]: 0x00000000 (DXFMT_R16G16_UINT)
2025-09-13T08:02:44.865Z| vmx| I125:   cap[173]: 0x00000000 (DXFMT_R16G16_SINT)
2025-09-13T08:02:44.865Z| vmx| I125:   cap[174]: 0x00000000 (DXFMT_R32_TYPELESS)
2025-09-13T08:02:44.865Z| vmx| I125:   cap[175]: 0x00000000 (DXFMT_D32_FLOAT)
2025-09-13T08:02:44.865Z| vmx| I125:   cap[176]: 0x00000000 (DXFMT_R32_UINT)
2025-09-13T08:02:44.865Z| vmx| I125:   cap[177]: 0x00000000 (DXFMT_R32_SINT)
2025-09-13T08:02:44.865Z| vmx| I125:   cap[178]: 0x00000000 (DXFMT_R24G8_TYPELESS)
2025-09-13T08:02:44.865Z| vmx| I125:   cap[179]: 0x00000000 (DXFMT_D24_UNORM_S8_UINT)
2025-09-13T08:02:44.865Z| vmx| I125:   cap[180]: 0x00000000 (DXFMT_R24_UNORM_X8_TYPELESS)
2025-09-13T08:02:44.865Z| vmx| I125:   cap[181]: 0x00000000 (DXFMT_X24_TYPELESS_G8_UINT)
2025-09-13T08:02:44.865Z| vmx| I125:   cap[182]: 0x00000000 (DXFMT_R8G8_TYPELESS)
2025-09-13T08:02:44.865Z| vmx| I125:   cap[183]: 0x00000000 (DXFMT_R8G8_UNORM)
2025-09-13T08:02:44.865Z| vmx| I125:   cap[184]: 0x00000000 (DXFMT_R8G8_UINT)
2025-09-13T08:02:44.865Z| vmx| I125:   cap[185]: 0x00000000 (DXFMT_R8G8_SINT)
2025-09-13T08:02:44.865Z| vmx| I125:   cap[186]: 0x00000000 (DXFMT_R16_TYPELESS)
2025-09-13T08:02:44.865Z| vmx| I125:   cap[187]: 0x00000000 (DXFMT_R16_UNORM)
2025-09-13T08:02:44.865Z| vmx| I125:   cap[188]: 0x00000000 (DXFMT_R16_UINT)
2025-09-13T08:02:44.865Z| vmx| I125:   cap[189]: 0x00000000 (DXFMT_R16_SNORM)
2025-09-13T08:02:44.865Z| vmx| I125:   cap[190]: 0x00000000 (DXFMT_R16_SINT)
2025-09-13T08:02:44.865Z| vmx| I125:   cap[191]: 0x00000000 (DXFMT_R8_TYPELESS)
2025-09-13T08:02:44.865Z| vmx| I125:   cap[192]: 0x00000000 (DXFMT_R8_UNORM)
2025-09-13T08:02:44.865Z| vmx| I125:   cap[193]: 0x00000000 (DXFMT_R8_UINT)
2025-09-13T08:02:44.865Z| vmx| I125:   cap[194]: 0x00000000 (DXFMT_R8_SNORM)
2025-09-13T08:02:44.865Z| vmx| I125:   cap[195]: 0x00000000 (DXFMT_R8_SINT)
2025-09-13T08:02:44.865Z| vmx| I125:   cap[196]: 0x00000000 (DXFMT_P8)
2025-09-13T08:02:44.865Z| vmx| I125:   cap[197]: 0x00000000 (DXFMT_R9G9B9E5_SHAREDEXP)
2025-09-13T08:02:44.865Z| vmx| I125:   cap[198]: 0x00000000 (DXFMT_R8G8_B8G8_UNORM)
2025-09-13T08:02:44.865Z| vmx| I125:   cap[199]: 0x00000000 (DXFMT_G8R8_G8B8_UNORM)
2025-09-13T08:02:44.865Z| vmx| I125:   cap[200]: 0x00000000 (DXFMT_BC1_TYPELESS)
2025-09-13T08:02:44.865Z| vmx| I125:   cap[201]: 0x00000000 (DXFMT_BC1_UNORM_SRGB)
2025-09-13T08:02:44.865Z| vmx| I125:   cap[202]: 0x00000000 (DXFMT_BC2_TYPELESS)
2025-09-13T08:02:44.865Z| vmx| I125:   cap[203]: 0x00000000 (DXFMT_BC2_UNORM_SRGB)
2025-09-13T08:02:44.865Z| vmx| I125:   cap[204]: 0x00000000 (DXFMT_BC3_TYPELESS)
2025-09-13T08:02:44.865Z| vmx| I125:   cap[205]: 0x00000000 (DXFMT_BC3_UNORM_SRGB)
2025-09-13T08:02:44.865Z| vmx| I125:   cap[206]: 0x00000000 (DXFMT_BC4_TYPELESS)
2025-09-13T08:02:44.865Z| vmx| I125:   cap[207]: 0x00000000 (DXFMT_ATI1)
2025-09-13T08:02:44.865Z| vmx| I125:   cap[208]: 0x00000000 (DXFMT_BC4_SNORM)
2025-09-13T08:02:44.865Z| vmx| I125:   cap[209]: 0x00000000 (DXFMT_BC5_TYPELESS)
2025-09-13T08:02:44.865Z| vmx| I125:   cap[210]: 0x00000000 (DXFMT_ATI2)
2025-09-13T08:02:44.865Z| vmx| I125:   cap[211]: 0x00000000 (DXFMT_BC5_SNORM)
2025-09-13T08:02:44.866Z| vmx| I125:   cap[212]: 0x00000000 (DXFMT_R10G10B10_XR_BIAS_A2_UNORM)
2025-09-13T08:02:44.866Z| vmx| I125:   cap[213]: 0x00000000 (DXFMT_B8G8R8A8_TYPELESS)
2025-09-13T08:02:44.866Z| vmx| I125:   cap[214]: 0x00000000 (DXFMT_B8G8R8A8_UNORM_SRGB)
2025-09-13T08:02:44.866Z| vmx| I125:   cap[215]: 0x00000000 (DXFMT_B8G8R8X8_TYPELESS)
2025-09-13T08:02:44.866Z| vmx| I125:   cap[216]: 0x00000000 (DXFMT_B8G8R8X8_UNORM_SRGB)
2025-09-13T08:02:44.866Z| vmx| I125:   cap[217]: 0x00000000 (DXFMT_Z_DF16)
2025-09-13T08:02:44.866Z| vmx| I125:   cap[218]: 0x00000000 (DXFMT_Z_DF24)
2025-09-13T08:02:44.866Z| vmx| I125:   cap[219]: 0x00000000 (DXFMT_Z_D24S8_INT)
2025-09-13T08:02:44.866Z| vmx| I125:   cap[220]: 0x00000000 (DXFMT_YV12)
2025-09-13T08:02:44.866Z| vmx| I125:   cap[221]: 0x00000000 (DXFMT_R32G32B32A32_FLOAT)
2025-09-13T08:02:44.866Z| vmx| I125:   cap[222]: 0x00000000 (DXFMT_R16G16B16A16_FLOAT)
2025-09-13T08:02:44.866Z| vmx| I125:   cap[223]: 0x00000000 (DXFMT_R16G16B16A16_UNORM)
2025-09-13T08:02:44.866Z| vmx| I125:   cap[224]: 0x00000000 (DXFMT_R32G32_FLOAT)
2025-09-13T08:02:44.866Z| vmx| I125:   cap[225]: 0x00000000 (DXFMT_R10G10B10A2_UNORM)
2025-09-13T08:02:44.866Z| vmx| I125:   cap[226]: 0x00000000 (DXFMT_R8G8B8A8_SNORM)
2025-09-13T08:02:44.866Z| vmx| I125:   cap[227]: 0x00000000 (DXFMT_R16G16_FLOAT)
2025-09-13T08:02:44.866Z| vmx| I125:   cap[228]: 0x00000000 (DXFMT_R16G16_UNORM)
2025-09-13T08:02:44.866Z| vmx| I125:   cap[229]: 0x00000000 (DXFMT_R16G16_SNORM)
2025-09-13T08:02:44.866Z| vmx| I125:   cap[230]: 0x00000000 (DXFMT_R32_FLOAT)
2025-09-13T08:02:44.866Z| vmx| I125:   cap[231]: 0x00000000 (DXFMT_R8G8_SNORM)
2025-09-13T08:02:44.866Z| vmx| I125:   cap[232]: 0x00000000 (DXFMT_R16_FLOAT)
2025-09-13T08:02:44.866Z| vmx| I125:   cap[233]: 0x00000000 (DXFMT_D16_UNORM)
2025-09-13T08:02:44.866Z| vmx| I125:   cap[234]: 0x00000000 (DXFMT_A8_UNORM)
2025-09-13T08:02:44.866Z| vmx| I125:   cap[235]: 0x00000000 (DXFMT_BC1_UNORM)
2025-09-13T08:02:44.866Z| vmx| I125:   cap[236]: 0x00000000 (DXFMT_BC2_UNORM)
2025-09-13T08:02:44.866Z| vmx| I125:   cap[237]: 0x00000000 (DXFMT_BC3_UNORM)
2025-09-13T08:02:44.866Z| vmx| I125:   cap[238]: 0x00000000 (DXFMT_B5G6R5_UNORM)
2025-09-13T08:02:44.866Z| vmx| I125:   cap[239]: 0x00000000 (DXFMT_B5G5R5A1_UNORM)
2025-09-13T08:02:44.866Z| vmx| I125:   cap[240]: 0x00000000 (DXFMT_B8G8R8A8_UNORM)
2025-09-13T08:02:44.866Z| vmx| I125:   cap[241]: 0x00000000 (DXFMT_B8G8R8X8_UNORM)
2025-09-13T08:02:44.866Z| vmx| I125:   cap[242]: 0x00000000 (DXFMT_BC4_UNORM)
2025-09-13T08:02:44.866Z| vmx| I125:   cap[243]: 0x00000000 (DXFMT_BC5_UNORM)
2025-09-13T08:02:44.866Z| vmx| I125:   cap[244]: 0x00000000 (ALLOW_D16_L16_COPY)
2025-09-13T08:02:44.866Z| vmx| I125:   cap[245]: 0x00000000 (LOGICOPS)
2025-09-13T08:02:44.866Z| vmx| I125:   cap[246]: 0x00000000 (SM4_1)
2025-09-13T08:02:44.866Z| vmx| I125: SVGA3dCaps: guest, compatibility level: 3
2025-09-13T08:02:44.866Z| svga| I125: VTHREAD 274361984768 "svga" wid 2103742
2025-09-13T08:02:44.867Z| vmx| A100: ConfigDB: Setting ethernet0.generatedAddress = "00:0c:29:0d:ed:8d"
2025-09-13T08:02:44.867Z| vmx| A100: ConfigDB: Setting ethernet0.generatedAddressOffset = "0"
2025-09-13T08:02:44.867Z| vmx| I125: Ethernet0 MAC Address: 00:0c:29:0d:ed:8d
2025-09-13T08:02:44.870Z| vmx| I125: VMXNET3 user: restricting vmxnet3 revision to 4 since the HW version is lower than 16.
2025-09-13T08:02:44.870Z| vmx| I125: VMXNET3 user: restricting vmxnet3 revision to 3 since the HW version is lower than 14.
2025-09-13T08:02:44.870Z| vmx| I125: VMXNET3 user: restricting vmxnet3 revision to 2 since the HW version is lower than 13.
2025-09-13T08:02:44.870Z| vmx| I125: VMXNET3 user: restricting vmxnet3 revision to 1 since the HW version is lower than 11.
2025-09-13T08:02:44.870Z| vmx| I125: Ethernet0 MAC Address: 00:0c:29:0d:ed:8d
2025-09-13T08:02:44.870Z| vmx| I125: VMXNET3 user: Ethernet0 RSS fields requested by vmx: 3
2025-09-13T08:02:44.870Z| vmx| I125: VMXNET3 user: vmxnet3 link flap throttling disabled
2025-09-13T08:02:44.870Z| vmx| A100: ConfigDB: Setting vmci0.id = "-1676808819"
2025-09-13T08:02:44.875Z| vmx| I125: GuestLib Generated SessionId 1663829519481039783
2025-09-13T08:02:44.875Z| vmx| I125: WORKER: Creating new group with numThreads=1 (16)
2025-09-13T08:02:44.875Z| vmx| I125: DISKUTIL: scsi0:0 : max toolsVersion = 12389, type = 0
2025-09-13T08:02:44.875Z| vmx| I125: TOOLS setting legacy tools version to '12389' type 0, manifest status is 9
2025-09-13T08:02:44.875Z| vmx| I125: Tools: sending 'OS_PowerOn' (state = 3) state change request
2025-09-13T08:02:44.875Z| vmx| I125: Tools: Delaying state change request to state 3.
2025-09-13T08:02:44.875Z| vmx| I125: TOOLS INSTALL initializing state to IDLE on power on.
2025-09-13T08:02:44.876Z| vmx| I125: DEPLOYPKG: ToolsDeployPkgPublishState: state=0, code=0, message=(null)
2025-09-13T08:02:44.879Z| vmx| I125: FeatureCompat: No VM masks.
2025-09-13T08:02:44.879Z| vmx| I125: MonPmc: ctrBase 0xc1 selBase 0x186/1 PGC 1/1 SMM 1 drain 1 AMD 0
2025-09-13T08:02:44.879Z| vmx| I125+ MonPmc:   gen counters num: 4 width 48 write width 32
2025-09-13T08:02:44.879Z| vmx| I125+ MonPmc:   fix counters num: 3 width 48; version 3
2025-09-13T08:02:44.879Z| vmx| I125+ MonPmc:   unavailable counters: 0x200000000
2025-09-13T08:02:44.879Z| vmx| I125: CPUID Maximum Physical Address Bits supported across all CPUs: 40
2025-09-13T08:02:44.881Z| vmx| A100: ConfigDB: Setting monitor.phys_bits_used = "40"
2025-09-13T08:02:44.884Z| vmx| I125: Full guest CPUID with differences from hostCPUID highlighted.
2025-09-13T08:02:44.884Z| vmx| I125: guest vs. host CPUID guest vendor: GenuineIntel
2025-09-13T08:02:44.884Z| vmx| I125: guest vs. host CPUID guest family: 0x6 model: 0x2c stepping: 0x2
2025-09-13T08:02:44.884Z| vmx| I125: guest vs. host CPUID guest codename: Westmere EP
2025-09-13T08:02:44.885Z| vmx| I125: guest vs. host CPUID guest name: Intel(R) Xeon(R) CPU           X5650  @ 2.67GHz
2025-09-13T08:02:44.885Z| vmx| I125: guest vs. host CPUID       level eaxIn, ecxIn:        eax        ebx        ecx        edx
2025-09-13T08:02:44.885Z| vmx| I125: guest vs. host CPUID guest level 00000000,  0: 0x0000000b 0x756e6547 0x6c65746e 0x49656e69
2025-09-13T08:02:44.885Z| vmx| I125: guest vs. host CPUID guest level 00000001,  0: 0x000206c2 0x00010800 0x82b82203 0x0f8bfbff
2025-09-13T08:02:44.885Z| vmx| I125: guest vs. host CPUID *host level 00000001,  0: 0x000206c2 0x00200800 0x029ee3ff 0xbfebfbff
2025-09-13T08:02:44.885Z| vmx| I125: guest vs. host CPUID guest level 00000002,  0: 0x55035a01 0x00f0b2ff 0x00000000 0x00ca0000
2025-09-13T08:02:44.885Z| vmx| I125: guest vs. host CPUID guest level 00000003,  0: 0x00000000 0x00000000 0x00000000 0x00000000
2025-09-13T08:02:44.885Z| vmx| I125: guest vs. host CPUID guest level 00000004,  0: 0x00000121 0x01c0003f 0x0000003f 0x00000000
2025-09-13T08:02:44.885Z| vmx| I125: guest vs. host CPUID *host level 00000004,  0: 0x3c004121 0x01c0003f 0x0000003f 0x00000000
2025-09-13T08:02:44.885Z| vmx| I125: guest vs. host CPUID guest level 00000004,  1: 0x00000122 0x00c0003f 0x0000007f 0x00000000
2025-09-13T08:02:44.885Z| vmx| I125: guest vs. host CPUID *host level 00000004,  1: 0x3c004122 0x00c0003f 0x0000007f 0x00000000
2025-09-13T08:02:44.885Z| vmx| I125: guest vs. host CPUID guest level 00000004,  2: 0x00000143 0x01c0003f 0x000001ff 0x00000000
2025-09-13T08:02:44.885Z| vmx| I125: guest vs. host CPUID *host level 00000004,  2: 0x3c004143 0x01c0003f 0x000001ff 0x00000000
2025-09-13T08:02:44.885Z| vmx| I125: guest vs. host CPUID guest level 00000004,  3: 0x00000163 0x03c0003f 0x00002fff 0x00000002
2025-09-13T08:02:44.885Z| vmx| I125: guest vs. host CPUID *host level 00000004,  3: 0x3c07c163 0x03c0003f 0x00002fff 0x00000002
2025-09-13T08:02:44.885Z| vmx| I125: guest vs. host CPUID guest level 00000004,  4: 0x00000000 0x00000000 0x00000000 0x00000000
2025-09-13T08:02:44.885Z| vmx| I125: guest vs. host CPUID guest level 00000004,  5: 0x00000000 0x00000000 0x00000000 0x00000000
2025-09-13T08:02:44.885Z| vmx| I125: guest vs. host CPUID guest level 00000004,  6: 0x00000000 0x00000000 0x00000000 0x00000000
2025-09-13T08:02:44.885Z| vmx| I125: guest vs. host CPUID guest level 00000006,  0: 0x00000004 0x00000000 0x00000000 0x00000000
2025-09-13T08:02:44.885Z| vmx| I125: guest vs. host CPUID *host level 00000006,  0: 0x00000005 0x00000002 0x00000009 0x00000000
2025-09-13T08:02:44.885Z| vmx| I125: guest vs. host CPUID guest level 00000007,  0: 0x00000000 0x00000000 0x00000000 0xbc000000
2025-09-13T08:02:44.885Z| vmx| I125: guest vs. host CPUID *host level 00000007,  0: 0x00000000 0x00000000 0x00000000 0x9c000000
2025-09-13T08:02:44.885Z| vmx| I125: guest vs. host CPUID guest level 00000008,  0: 0x00000000 0x00000000 0x00000000 0x00000000
2025-09-13T08:02:44.885Z| vmx| I125: guest vs. host CPUID guest level 00000009,  0: 0x00000000 0x00000000 0x00000000 0x00000000
2025-09-13T08:02:44.885Z| vmx| I125: guest vs. host CPUID guest level 0000000a,  0: 0x07300401 0x000000ff 0x00000000 0x00000000
2025-09-13T08:02:44.885Z| vmx| I125: guest vs. host CPUID *host level 0000000a,  0: 0x07300403 0x00000004 0x00000000 0x00000603
2025-09-13T08:02:44.885Z| vmx| I125: guest vs. host CPUID guest level 0000000b,  0: 0x00000000 0x00000001 0x00000100 0x00000000
2025-09-13T08:02:44.885Z| vmx| I125: guest vs. host CPUID *host level 0000000b,  0: 0x00000001 0x00000002 0x00000100 0x00000000
2025-09-13T08:02:44.885Z| vmx| I125: guest vs. host CPUID guest level 0000000b,  1: 0x00000000 0x00000001 0x00000201 0x00000000
2025-09-13T08:02:44.885Z| vmx| I125: guest vs. host CPUID *host level 0000000b,  1: 0x00000005 0x0000000c 0x00000201 0x00000000
2025-09-13T08:02:44.885Z| vmx| I125: guest vs. host CPUID guest level 0000000c,  0: 0x00000000 0x00000000 0x00000000 0x00000000
2025-09-13T08:02:44.885Z| vmx| I125: guest vs. host CPUID guest level 0000000d,  0: 0x00000000 0x00000000 0x00000000 0x00000000
2025-09-13T08:02:44.885Z| vmx| I125: guest vs. host CPUID guest level 0000000d,  1: 0x00000000 0x00000000 0x00000000 0x00000000
2025-09-13T08:02:44.885Z| vmx| I125: guest vs. host CPUID guest level 0000000d,  2: 0x00000000 0x00000000 0x00000000 0x00000000
2025-09-13T08:02:44.885Z| vmx| I125: guest vs. host CPUID guest level 0000000d,  3: 0x00000000 0x00000000 0x00000000 0x00000000
2025-09-13T08:02:44.885Z| vmx| I125: guest vs. host CPUID guest level 0000000d,  4: 0x00000000 0x00000000 0x00000000 0x00000000
2025-09-13T08:02:44.885Z| vmx| I125: guest vs. host CPUID guest level 0000000d,  5: 0x00000000 0x00000000 0x00000000 0x00000000
2025-09-13T08:02:44.885Z| vmx| I125: guest vs. host CPUID guest level 0000000d,  6: 0x00000000 0x00000000 0x00000000 0x00000000
2025-09-13T08:02:44.885Z| vmx| I125: guest vs. host CPUID guest level 0000000d,  7: 0x00000000 0x00000000 0x00000000 0x00000000
2025-09-13T08:02:44.885Z| vmx| I125: guest vs. host CPUID guest level 0000000d,  8: 0x00000000 0x00000000 0x00000000 0x00000000
2025-09-13T08:02:44.885Z| vmx| I125: guest vs. host CPUID guest level 0000000d,  9: 0x00000000 0x00000000 0x00000000 0x00000000
2025-09-13T08:02:44.885Z| vmx| I125: guest vs. host CPUID guest level 0000000d,  a: 0x00000000 0x00000000 0x00000000 0x00000000
2025-09-13T08:02:44.885Z| vmx| I125: guest vs. host CPUID guest level 0000000d,  b: 0x00000000 0x00000000 0x00000000 0x00000000
2025-09-13T08:02:44.885Z| vmx| I125: guest vs. host CPUID guest level 0000000d,  c: 0x00000000 0x00000000 0x00000000 0x00000000
2025-09-13T08:02:44.885Z| vmx| I125: guest vs. host CPUID guest level 0000000d,  d: 0x00000000 0x00000000 0x00000000 0x00000000
2025-09-13T08:02:44.885Z| vmx| I125: guest vs. host CPUID guest level 0000000d,  e: 0x00000000 0x00000000 0x00000000 0x00000000
2025-09-13T08:02:44.885Z| vmx| I125: guest vs. host CPUID guest level 0000000d,  f: 0x00000000 0x00000000 0x00000000 0x00000000
2025-09-13T08:02:44.885Z| vmx| I125: guest vs. host CPUID guest level 0000000d, 10: 0x00000000 0x00000000 0x00000000 0x00000000
2025-09-13T08:02:44.885Z| vmx| I125: guest vs. host CPUID guest level 0000000d, 11: 0x00000000 0x00000000 0x00000000 0x00000000
2025-09-13T08:02:44.885Z| vmx| I125: guest vs. host CPUID guest level 0000000d, 12: 0x00000000 0x00000000 0x00000000 0x00000000
2025-09-13T08:02:44.885Z| vmx| I125: guest vs. host CPUID guest level 0000000d, 13: 0x00000000 0x00000000 0x00000000 0x00000000
2025-09-13T08:02:44.885Z| vmx| I125: guest vs. host CPUID guest level 0000000d, 14: 0x00000000 0x00000000 0x00000000 0x00000000
2025-09-13T08:02:44.885Z| vmx| I125: guest vs. host CPUID guest level 0000000d, 15: 0x00000000 0x00000000 0x00000000 0x00000000
2025-09-13T08:02:44.885Z| vmx| I125: guest vs. host CPUID guest level 0000000d, 16: 0x00000000 0x00000000 0x00000000 0x00000000
2025-09-13T08:02:44.885Z| vmx| I125: guest vs. host CPUID guest level 0000000d, 17: 0x00000000 0x00000000 0x00000000 0x00000000
2025-09-13T08:02:44.885Z| vmx| I125: guest vs. host CPUID guest level 0000000d, 18: 0x00000000 0x00000000 0x00000000 0x00000000
2025-09-13T08:02:44.885Z| vmx| I125: guest vs. host CPUID guest level 0000000d, 19: 0x00000000 0x00000000 0x00000000 0x00000000
2025-09-13T08:02:44.885Z| vmx| I125: guest vs. host CPUID guest level 0000000d, 1a: 0x00000000 0x00000000 0x00000000 0x00000000
2025-09-13T08:02:44.885Z| vmx| I125: guest vs. host CPUID guest level 0000000d, 1b: 0x00000000 0x00000000 0x00000000 0x00000000
2025-09-13T08:02:44.885Z| vmx| I125: guest vs. host CPUID guest level 0000000d, 1c: 0x00000000 0x00000000 0x00000000 0x00000000
2025-09-13T08:02:44.885Z| vmx| I125: guest vs. host CPUID guest level 0000000d, 1d: 0x00000000 0x00000000 0x00000000 0x00000000
2025-09-13T08:02:44.885Z| vmx| I125: guest vs. host CPUID guest level 0000000d, 1e: 0x00000000 0x00000000 0x00000000 0x00000000
2025-09-13T08:02:44.885Z| vmx| I125: guest vs. host CPUID guest level 0000000d, 1f: 0x00000000 0x00000000 0x00000000 0x00000000
2025-09-13T08:02:44.885Z| vmx| I125: guest vs. host CPUID guest level 0000000d, 20: 0x00000000 0x00000000 0x00000000 0x00000000
2025-09-13T08:02:44.885Z| vmx| I125: guest vs. host CPUID guest level 0000000d, 21: 0x00000000 0x00000000 0x00000000 0x00000000
2025-09-13T08:02:44.885Z| vmx| I125: guest vs. host CPUID guest level 0000000d, 22: 0x00000000 0x00000000 0x00000000 0x00000000
2025-09-13T08:02:44.885Z| vmx| I125: guest vs. host CPUID guest level 0000000d, 23: 0x00000000 0x00000000 0x00000000 0x00000000
2025-09-13T08:02:44.885Z| vmx| I125: guest vs. host CPUID guest level 0000000d, 24: 0x00000000 0x00000000 0x00000000 0x00000000
2025-09-13T08:02:44.885Z| vmx| I125: guest vs. host CPUID guest level 0000000d, 25: 0x00000000 0x00000000 0x00000000 0x00000000
2025-09-13T08:02:44.885Z| vmx| I125: guest vs. host CPUID guest level 0000000d, 26: 0x00000000 0x00000000 0x00000000 0x00000000
2025-09-13T08:02:44.885Z| vmx| I125: guest vs. host CPUID guest level 0000000d, 27: 0x00000000 0x00000000 0x00000000 0x00000000
2025-09-13T08:02:44.885Z| vmx| I125: guest vs. host CPUID guest level 0000000d, 28: 0x00000000 0x00000000 0x00000000 0x00000000
2025-09-13T08:02:44.885Z| vmx| I125: guest vs. host CPUID guest level 0000000d, 29: 0x00000000 0x00000000 0x00000000 0x00000000
2025-09-13T08:02:44.885Z| vmx| I125: guest vs. host CPUID guest level 0000000d, 2a: 0x00000000 0x00000000 0x00000000 0x00000000
2025-09-13T08:02:44.885Z| vmx| I125: guest vs. host CPUID guest level 0000000d, 2b: 0x00000000 0x00000000 0x00000000 0x00000000
2025-09-13T08:02:44.885Z| vmx| I125: guest vs. host CPUID guest level 0000000d, 2c: 0x00000000 0x00000000 0x00000000 0x00000000
2025-09-13T08:02:44.885Z| vmx| I125: guest vs. host CPUID guest level 0000000d, 2d: 0x00000000 0x00000000 0x00000000 0x00000000
2025-09-13T08:02:44.885Z| vmx| I125: guest vs. host CPUID guest level 0000000d, 2e: 0x00000000 0x00000000 0x00000000 0x00000000
2025-09-13T08:02:44.885Z| vmx| I125: guest vs. host CPUID guest level 0000000d, 2f: 0x00000000 0x00000000 0x00000000 0x00000000
2025-09-13T08:02:44.885Z| vmx| I125: guest vs. host CPUID guest level 0000000d, 30: 0x00000000 0x00000000 0x00000000 0x00000000
2025-09-13T08:02:44.885Z| vmx| I125: guest vs. host CPUID guest level 0000000d, 31: 0x00000000 0x00000000 0x00000000 0x00000000
2025-09-13T08:02:44.885Z| vmx| I125: guest vs. host CPUID guest level 0000000d, 32: 0x00000000 0x00000000 0x00000000 0x00000000
2025-09-13T08:02:44.885Z| vmx| I125: guest vs. host CPUID guest level 0000000d, 33: 0x00000000 0x00000000 0x00000000 0x00000000
2025-09-13T08:02:44.885Z| vmx| I125: guest vs. host CPUID guest level 0000000d, 34: 0x00000000 0x00000000 0x00000000 0x00000000
2025-09-13T08:02:44.885Z| vmx| I125: guest vs. host CPUID guest level 0000000d, 35: 0x00000000 0x00000000 0x00000000 0x00000000
2025-09-13T08:02:44.885Z| vmx| I125: guest vs. host CPUID guest level 0000000d, 36: 0x00000000 0x00000000 0x00000000 0x00000000
2025-09-13T08:02:44.885Z| vmx| I125: guest vs. host CPUID guest level 0000000d, 37: 0x00000000 0x00000000 0x00000000 0x00000000
2025-09-13T08:02:44.885Z| vmx| I125: guest vs. host CPUID guest level 0000000d, 38: 0x00000000 0x00000000 0x00000000 0x00000000
2025-09-13T08:02:44.885Z| vmx| I125: guest vs. host CPUID guest level 0000000d, 39: 0x00000000 0x00000000 0x00000000 0x00000000
2025-09-13T08:02:44.885Z| vmx| I125: guest vs. host CPUID guest level 0000000d, 3a: 0x00000000 0x00000000 0x00000000 0x00000000
2025-09-13T08:02:44.885Z| vmx| I125: guest vs. host CPUID guest level 0000000d, 3b: 0x00000000 0x00000000 0x00000000 0x00000000
2025-09-13T08:02:44.885Z| vmx| I125: guest vs. host CPUID guest level 0000000d, 3c: 0x00000000 0x00000000 0x00000000 0x00000000
2025-09-13T08:02:44.885Z| vmx| I125: guest vs. host CPUID guest level 0000000d, 3d: 0x00000000 0x00000000 0x00000000 0x00000000
2025-09-13T08:02:44.885Z| vmx| I125: guest vs. host CPUID guest level 0000000d, 3e: 0x00000000 0x00000000 0x00000000 0x00000000
2025-09-13T08:02:44.885Z| vmx| I125: guest vs. host CPUID guest level 0000000e,  0: 0x00000000 0x00000000 0x00000000 0x00000000
2025-09-13T08:02:44.885Z| vmx| I125: guest vs. host CPUID guest level 0000000f,  0: 0x00000000 0x00000000 0x00000000 0x00000000
2025-09-13T08:02:44.885Z| vmx| I125: guest vs. host CPUID guest level 0000000f,  1: 0x00000000 0x00000000 0x00000000 0x00000000
2025-09-13T08:02:44.885Z| vmx| I125: guest vs. host CPUID guest level 00000010,  0: 0x00000000 0x00000000 0x00000000 0x00000000
2025-09-13T08:02:44.885Z| vmx| I125: guest vs. host CPUID guest level 00000010,  1: 0x00000000 0x00000000 0x00000000 0x00000000
2025-09-13T08:02:44.885Z| vmx| I125: guest vs. host CPUID guest level 00000011,  0: 0x00000000 0x00000000 0x00000000 0x00000000
2025-09-13T08:02:44.885Z| vmx| I125: guest vs. host CPUID guest level 00000013,  0: 0x00000000 0x00000000 0x00000000 0x00000000
2025-09-13T08:02:44.885Z| vmx| I125: guest vs. host CPUID guest level 00000015,  0: 0x00000000 0x00000000 0x00000000 0x00000000
2025-09-13T08:02:44.885Z| vmx| I125: guest vs. host CPUID guest level 00000016,  0: 0x00000000 0x00000000 0x00000000 0x00000000
2025-09-13T08:02:44.885Z| vmx| I125: guest vs. host CPUID guest level 00000017,  0: 0x00000000 0x00000000 0x00000000 0x00000000
2025-09-13T08:02:44.885Z| vmx| I125: guest vs. host CPUID guest level 00000017,  1: 0x00000000 0x00000000 0x00000000 0x00000000
2025-09-13T08:02:44.885Z| vmx| I125: guest vs. host CPUID guest level 00000017,  2: 0x00000000 0x00000000 0x00000000 0x00000000
2025-09-13T08:02:44.885Z| vmx| I125: guest vs. host CPUID guest level 00000017,  3: 0x00000000 0x00000000 0x00000000 0x00000000
2025-09-13T08:02:44.885Z| vmx| I125: guest vs. host CPUID guest level 40000000,  0: 0x40000010 0x61774d56 0x4d566572 0x65726177
2025-09-13T08:02:44.885Z| vmx| I125: guest vs. host CPUID guest level 40000001,  0: 0x00000000 0x00000000 0x00000000 0x00000000
2025-09-13T08:02:44.885Z| vmx| I125: guest vs. host CPUID guest level 40000002,  0: 0x00000000 0x00000000 0x00000000 0x00000000
2025-09-13T08:02:44.885Z| vmx| I125: guest vs. host CPUID guest level 40000003,  0: 0x00000000 0x00000000 0x00000000 0x00000000
2025-09-13T08:02:44.885Z| vmx| I125: guest vs. host CPUID guest level 40000004,  0: 0x00000000 0x00000000 0x00000000 0x00000000
2025-09-13T08:02:44.885Z| vmx| I125: guest vs. host CPUID guest level 40000005,  0: 0x00000000 0x00000000 0x00000000 0x00000000
2025-09-13T08:02:44.885Z| vmx| I125: guest vs. host CPUID guest level 40000006,  0: 0x00000000 0x00000000 0x00000000 0x00000000
2025-09-13T08:02:44.885Z| vmx| I125: guest vs. host CPUID guest level 40000007,  0: 0x00000000 0x00000000 0x00000000 0x00000000
2025-09-13T08:02:44.885Z| vmx| I125: guest vs. host CPUID guest level 40000008,  0: 0x00000000 0x00000000 0x00000000 0x00000000
2025-09-13T08:02:44.885Z| vmx| I125: guest vs. host CPUID guest level 40000009,  0: 0x00000000 0x00000000 0x00000000 0x00000000
2025-09-13T08:02:44.885Z| vmx| I125: guest vs. host CPUID guest level 4000000a,  0: 0x00000000 0x00000000 0x00000000 0x00000000
2025-09-13T08:02:44.885Z| vmx| I125: guest vs. host CPUID guest level 4000000b,  0: 0x00000000 0x00000000 0x00000000 0x00000000
2025-09-13T08:02:44.885Z| vmx| I125: guest vs. host CPUID guest level 4000000c,  0: 0x00000000 0x00000000 0x00000000 0x00000000
2025-09-13T08:02:44.885Z| vmx| I125: guest vs. host CPUID guest level 4000000d,  0: 0x00000000 0x00000000 0x00000000 0x00000000
2025-09-13T08:02:44.885Z| vmx| I125: guest vs. host CPUID guest level 4000000e,  0: 0x00000000 0x00000000 0x00000000 0x00000000
2025-09-13T08:02:44.885Z| vmx| I125: guest vs. host CPUID guest level 4000000f,  0: 0x00000000 0x00000000 0x00000000 0x00000000
2025-09-13T08:02:44.885Z| vmx| I125: guest vs. host CPUID guest level 40000010,  0: 0x0028b109 0x000101d0 0x00000000 0x00000000
2025-09-13T08:02:44.885Z| vmx| I125: guest vs. host CPUID guest level 80000000,  0: 0x80000008 0x00000000 0x00000000 0x00000000
2025-09-13T08:02:44.885Z| vmx| I125: guest vs. host CPUID guest level 80000001,  0: 0x00000000 0x00000000 0x00000001 0x28100800
2025-09-13T08:02:44.885Z| vmx| I125: guest vs. host CPUID *host level 80000001,  0: 0x00000000 0x00000000 0x00000001 0x2c100800
2025-09-13T08:02:44.885Z| vmx| I125: guest vs. host CPUID guest level 80000002,  0: 0x65746e49 0x2952286c 0x6f655820 0x2952286e
2025-09-13T08:02:44.885Z| vmx| I125: guest vs. host CPUID guest level 80000003,  0: 0x55504320 0x20202020 0x20202020 0x58202020
2025-09-13T08:02:44.885Z| vmx| I125: guest vs. host CPUID guest level 80000004,  0: 0x30353635 0x20402020 0x37362e32 0x007a4847
2025-09-13T08:02:44.885Z| vmx| I125: guest vs. host CPUID guest level 80000005,  0: 0x00000000 0x00000000 0x00000000 0x00000000
2025-09-13T08:02:44.885Z| vmx| I125: guest vs. host CPUID guest level 80000006,  0: 0x00000000 0x00000000 0x01006040 0x00000000
2025-09-13T08:02:44.885Z| vmx| I125: guest vs. host CPUID guest level 80000007,  0: 0x00000000 0x00000000 0x00000000 0x00000100
2025-09-13T08:02:44.885Z| vmx| I125: guest vs. host CPUID guest level 80000008,  0: 0x00003028 0x00000000 0x00000000 0x00000000
2025-09-13T08:02:44.885Z| vmx| I125: guest vs. host CPUID guest level 80000009,  0: 0x00000000 0x00000000 0x00000000 0x00000000
2025-09-13T08:02:44.885Z| vmx| I125: guest vs. host CPUID guest level 8000000b,  0: 0x00000000 0x00000000 0x00000000 0x00000000
2025-09-13T08:02:44.885Z| vmx| I125: guest vs. host CPUID guest level 8000000c,  0: 0x00000000 0x00000000 0x00000000 0x00000000
2025-09-13T08:02:44.885Z| vmx| I125: guest vs. host CPUID guest level 8000000d,  0: 0x00000000 0x00000000 0x00000000 0x00000000
2025-09-13T08:02:44.885Z| vmx| I125: guest vs. host CPUID guest level 8000000e,  0: 0x00000000 0x00000000 0x00000000 0x00000000
2025-09-13T08:02:44.885Z| vmx| I125: guest vs. host CPUID guest level 8000000f,  0: 0x00000000 0x00000000 0x00000000 0x00000000
2025-09-13T08:02:44.885Z| vmx| I125: guest vs. host CPUID guest level 80000010,  0: 0x00000000 0x00000000 0x00000000 0x00000000
2025-09-13T08:02:44.885Z| vmx| I125: guest vs. host CPUID guest level 80000011,  0: 0x00000000 0x00000000 0x00000000 0x00000000
2025-09-13T08:02:44.885Z| vmx| I125: guest vs. host CPUID guest level 80000012,  0: 0x00000000 0x00000000 0x00000000 0x00000000
2025-09-13T08:02:44.885Z| vmx| I125: guest vs. host CPUID guest level 80000013,  0: 0x00000000 0x00000000 0x00000000 0x00000000
2025-09-13T08:02:44.885Z| vmx| I125: guest vs. host CPUID guest level 80000014,  0: 0x00000000 0x00000000 0x00000000 0x00000000
2025-09-13T08:02:44.885Z| vmx| I125: guest vs. host CPUID guest level 80000015,  0: 0x00000000 0x00000000 0x00000000 0x00000000
2025-09-13T08:02:44.885Z| vmx| I125: guest vs. host CPUID guest level 80000016,  0: 0x00000000 0x00000000 0x00000000 0x00000000
2025-09-13T08:02:44.885Z| vmx| I125: guest vs. host CPUID guest level 80000017,  0: 0x00000000 0x00000000 0x00000000 0x00000000
2025-09-13T08:02:44.885Z| vmx| I125: guest vs. host CPUID guest level 80000018,  0: 0x00000000 0x00000000 0x00000000 0x00000000
2025-09-13T08:02:44.885Z| vmx| I125: guest vs. host CPUID guest level 80000019,  0: 0x00000000 0x00000000 0x00000000 0x00000000
2025-09-13T08:02:44.885Z| vmx| I125: guest vs. host CPUID guest level 8000001a,  0: 0x00000000 0x00000000 0x00000000 0x00000000
2025-09-13T08:02:44.885Z| vmx| I125: guest vs. host CPUID guest level 8000001b,  0: 0x00000000 0x00000000 0x00000000 0x00000000
2025-09-13T08:02:44.885Z| vmx| I125: guest vs. host CPUID guest level 8000001c,  0: 0x00000000 0x00000000 0x00000000 0x00000000
2025-09-13T08:02:44.885Z| vmx| I125: guest vs. host CPUID guest level 8000001d,  0: 0x00000000 0x00000000 0x00000000 0x00000000
2025-09-13T08:02:44.885Z| vmx| I125: guest vs. host CPUID guest level 8000001d,  1: 0x00000000 0x00000000 0x00000000 0x00000000
2025-09-13T08:02:44.885Z| vmx| I125: guest vs. host CPUID guest level 8000001d,  2: 0x00000000 0x00000000 0x00000000 0x00000000
2025-09-13T08:02:44.885Z| vmx| I125: guest vs. host CPUID guest level 8000001d,  3: 0x00000000 0x00000000 0x00000000 0x00000000
2025-09-13T08:02:44.885Z| vmx| I125: guest vs. host CPUID guest level 8000001d,  4: 0x00000000 0x00000000 0x00000000 0x00000000
2025-09-13T08:02:44.885Z| vmx| I125: guest vs. host CPUID guest level 8000001e,  0: 0x00000000 0x00000000 0x00000000 0x00000000
2025-09-13T08:02:44.885Z| vmx| I125: guest vs. host CPUID guest level 8000001f,  0: 0x00000000 0x00000000 0x00000000 0x00000000
2025-09-13T08:02:44.886Z| vmx| I125: Minimum ucode level: 0x0000001f
2025-09-13T08:02:44.886Z| vmx| I125: VPMC: events will use hybrid freeze.
2025-09-13T08:02:44.886Z| vmx| I125: VPMC: gen counters: num 4 mask 0xffffffffffff
2025-09-13T08:02:44.886Z| vmx| I125: VPMC: fix counters: num 0 mask 0; version 1
2025-09-13T08:02:44.886Z| vmx| I125: VPMC: hardware counters: 0
2025-09-13T08:02:44.886Z| vmx| I125: VPMC: perf capabilities: 0x2000
2025-09-13T08:02:44.886Z| vmx| I125: MemSched (MB): min: 8 sizeLimit: 1024 swapInitialFileSize: 82 prealloc: FALSE.
2025-09-13T08:02:44.886Z| vmx| I125: SVGA-GFB: Allocated gfbSize=4194304
2025-09-13T08:02:44.886Z| vmx| A100: ConfigDB: Setting vmotion.checkpointFBSize = "4194304"
2025-09-13T08:02:44.890Z| vmx| I125: SVGA-PCI: BAR gfbSize=67108864, fifoSize=8388608
2025-09-13T08:02:44.890Z| vmx| I125: SVGA: SVGA_REG_MEMORY_SIZE=171966464
2025-09-13T08:02:44.890Z| vmx| I125: SVGA: SVGA_REG_VRAM_SIZE=4194304
2025-09-13T08:02:44.890Z| vmx| I125: BusMemSampleSetUpStats: touched: initPct 75 pages 2752512 : dirtied: initPct 75 pages 2752512
2025-09-13T08:02:44.890Z| vmx| I125: FeatureCompat: Capabilities:
2025-09-13T08:02:44.890Z| vmx| I125: Capability Found: cpuid.Intel = 0x1
2025-09-13T08:02:44.890Z| vmx| I125: Capability Found: cpuid.FCMD = 0x1
2025-09-13T08:02:44.890Z| vmx| I125: Capability Found: cpuid.PDPE1GB = 0x1
2025-09-13T08:02:44.890Z| vmx| I125: Capability Found: vpmc.fixctr.0 = 0x1
2025-09-13T08:02:44.890Z| vmx| I125: Capability Found: cpuid.LM = 0x1
2025-09-13T08:02:44.890Z| vmx| I125: Capability Found: cpuid.XCR0_MASTER_BNDCSR = 0x1
2025-09-13T08:02:44.890Z| vmx| I125: Capability Found: cpuid.MWAIT = 0x1
2025-09-13T08:02:44.890Z| vmx| I125: Capability Found: vpmc.numGenCtrs = 0x4
2025-09-13T08:02:44.890Z| vmx| I125: Capability Found: vpmc.fixedWidth = 0x30
2025-09-13T08:02:44.890Z| vmx| I125: Capability Found: cpuid.VMX = 0x1
2025-09-13T08:02:44.890Z| vmx| I125: Capability Found: vpmc.genWidth = 0x30
2025-09-13T08:02:44.890Z| vmx| I125: Capability Found: vpmc.version = 0x3
2025-09-13T08:02:44.890Z| vmx| I125: Capability Found: vpmc.fixctr.2 = 0x1
2025-09-13T08:02:44.890Z| vmx| I125: Capability Found: cpuid.PCID = 0x1
2025-09-13T08:02:44.890Z| vmx| I125: Capability Found: cpuid.SSBD = 0x1
2025-09-13T08:02:44.890Z| vmx| I125: Capability Found: vpmc.genctr.2 = 0x1
2025-09-13T08:02:44.890Z| vmx| I125: Capability Found: cpuid.SSSE3 = 0x1
2025-09-13T08:02:44.890Z| vmx| I125: Capability Found: cpuid.SSE3 = 0x1
2025-09-13T08:02:44.890Z| vmx| I125: Capability Found: cpuid.NX = 0x1
2025-09-13T08:02:44.890Z| vmx| I125: Capability Found: cpuid.SSE41 = 0x1
2025-09-13T08:02:44.890Z| vmx| I125: Capability Found: cpuid.AES = 0x1
2025-09-13T08:02:44.890Z| vmx| I125: Capability Found: cpuid.STIBP = 0x1
2025-09-13T08:02:44.890Z| vmx| I125: Capability Found: cpuid.PCLMULQDQ = 0x1
2025-09-13T08:02:44.890Z| vmx| I125: Capability Found: cpuid.SS = 0x1
2025-09-13T08:02:44.890Z| vmx| I125: Capability Found: cpuid.POPCNT = 0x1
2025-09-13T08:02:44.891Z| vmx| I125: Capability Found: vpmc.genctr.3 = 0x1
2025-09-13T08:02:44.891Z| vmx| I125: Capability Found: vt.realmode = 0x1
2025-09-13T08:02:44.891Z| vmx| I125: Capability Found: vt.ple = 0x1
2025-09-13T08:02:44.891Z| vmx| I125: Capability Found: cpuid.DS = 0x1
2025-09-13T08:02:44.891Z| vmx| I125: Capability Found: vpmc.genctr.0 = 0x1
2025-09-13T08:02:44.891Z| vmx| I125: Capability Found: cpuid.XCR0_MASTER_BNDREGS = 0x1
2025-09-13T08:02:44.891Z| vmx| I125: Capability Found: cpuid.RDTSCP = 0x1
2025-09-13T08:02:44.891Z| vmx| I125: Capability Found: cpuid.LAHF64 = 0x1
2025-09-13T08:02:44.891Z| vmx| I125: Capability Found: cpuid.IBPB = 0x1
2025-09-13T08:02:44.891Z| vmx| I125: Capability Found: hv.capable = 0x1
2025-09-13T08:02:44.891Z| vmx| I125: Capability Found: cpuid.CMPXCHG16B = 0x1
2025-09-13T08:02:44.891Z| vmx| I125: Capability Found: vpmc.numFixedCtrs = 0x3
2025-09-13T08:02:44.891Z| vmx| I125: Capability Found: vpmc.genctr.1 = 0x1
2025-09-13T08:02:44.891Z| vmx| I125: Capability Found: cpuid.SSE42 = 0x1
2025-09-13T08:02:44.891Z| vmx| I125: Capability Found: vpmc.microarchitecture.nehalem-0 = 0x1
2025-09-13T08:02:44.891Z| vmx| I125: Capability Found: cpuid.IBRS = 0x1
2025-09-13T08:02:44.891Z| vmx| I125: FeatureCompat: Requirements:
2025-09-13T08:02:44.891Z| vmx| I125: VM Features Required: cpuid.SSE3 - Bool:Min:1
2025-09-13T08:02:44.891Z| vmx| I125: VM Features Required: cpuid.PCLMULQDQ - Bool:Min:1
2025-09-13T08:02:44.891Z| vmx| I125: VM Features Required: cpuid.SSSE3 - Bool:Min:1
2025-09-13T08:02:44.891Z| vmx| I125: VM Features Required: cpuid.CMPXCHG16B - Bool:Min:1
2025-09-13T08:02:44.891Z| vmx| I125: VM Features Required: cpuid.SSE41 - Bool:Min:1
2025-09-13T08:02:44.891Z| vmx| I125: VM Features Required: cpuid.SSE42 - Bool:Min:1
2025-09-13T08:02:44.891Z| vmx| I125: VM Features Required: cpuid.POPCNT - Bool:Min:1
2025-09-13T08:02:44.891Z| vmx| I125: VM Features Required: cpuid.AES - Bool:Min:1
2025-09-13T08:02:44.891Z| vmx| I125: VM Features Required: cpuid.SS - Bool:Min:1
2025-09-13T08:02:44.891Z| vmx| I125: VM Features Required: cpuid.STIBP - Bool:Min:1
2025-09-13T08:02:44.891Z| vmx| I125: VM Features Required: cpuid.FCMD - Bool:Min:1
2025-09-13T08:02:44.891Z| vmx| I125: VM Features Required: cpuid.SSBD - Bool:Min:1
2025-09-13T08:02:44.891Z| vmx| I125: VM Features Required: cpuid.LAHF64 - Bool:Min:1
2025-09-13T08:02:44.891Z| vmx| I125: VM Features Required: cpuid.NX - Bool:Min:1
2025-09-13T08:02:44.891Z| vmx| I125: VM Features Required: cpuid.RDTSCP - Bool:Min:1
2025-09-13T08:02:44.891Z| vmx| I125: VM Features Required: cpuid.LM - Bool:Min:1
2025-09-13T08:02:44.891Z| vmx| I125: VM Features Required: cpuid.Intel - Bool:Min:1
2025-09-13T08:02:44.891Z| vmx| I125: VM Features Required: cpuid.IBRS - Bool:Min:1
2025-09-13T08:02:44.891Z| vmx| I125: VM Features Required: cpuid.IBPB - Bool:Min:1
2025-09-13T08:02:44.891Z| vmx| I125: Active HV capabilities
2025-09-13T08:02:44.891Z| vmx| I125:    Address space identifiers
2025-09-13T08:02:44.891Z| vmx| I125:    Effective PAT
2025-09-13T08:02:44.891Z| vmx| I125:    Flush by ASID
2025-09-13T08:02:44.891Z| vmx| I125:    Full decode
2025-09-13T08:02:44.891Z| vmx| I125:    MSR permission bitmap
2025-09-13T08:02:44.891Z| vmx| I125:    Next RIP
2025-09-13T08:02:44.891Z| vmx| I125:    Guest physical width
2025-09-13T08:02:44.891Z| vmx| I125:    Real-address mode
2025-09-13T08:02:44.891Z| vmx| I125:    Skip debug state
2025-09-13T08:02:44.891Z| vmx| I125:    Virtual NMI
2025-09-13T08:02:44.891Z| vmx| I125:    X2APIC virtualization
2025-09-13T08:02:44.891Z| vmx| I125:    INVEPT single-context
2025-09-13T08:02:44.891Z| vmx| I125:    PAUSE-loop exiting
2025-09-13T08:02:44.891Z| vmx| I125: 
2025-09-13T08:02:44.891Z| vmx| I125+ OvhdMem: Static (Power On) Overheads
2025-09-13T08:02:44.891Z| vmx| I125:                                                       reserved      |          used
2025-09-13T08:02:44.891Z| vmx| I125: OvhdMem excluded                                  cur    max    avg |    cur    max    avg
2025-09-13T08:02:44.891Z| vmx| I125: OvhdMem OvhdUser_MainMem                    :  3670016 3670016      - | 3670016 3670016      -
2025-09-13T08:02:44.891Z| vmx| I125: OvhdMem OvhdUser_VmxText                    :    7168   7168      - |      0      0      -
2025-09-13T08:02:44.891Z| vmx| I125: OvhdMem OvhdUser_VmxTextLibs                :   15360  15360      - |      0      0      -
2025-09-13T08:02:44.891Z| vmx| I125: OvhdMem Total excluded                      :  3692544 3692544      - |      -      -      -
2025-09-13T08:02:44.891Z| vmx| I125: OvhdMem Actual maximum                      :         3692544        |             -
2025-09-13T08:02:44.891Z| vmx| I125+ 
2025-09-13T08:02:44.891Z| vmx| I125:                                                       reserved      |          used
2025-09-13T08:02:44.891Z| vmx| I125: OvhdMem paged                                     cur    max    avg |    cur    max    avg
2025-09-13T08:02:44.891Z| vmx| I125: OvhdMem OvhdUser_KSTATS_vmm                 :       0      0      - |      0      0      -
2025-09-13T08:02:44.891Z| vmx| I125: OvhdMem OvhdUser_STATS_vmm                  :       4      4      - |      0      0      -
2025-09-13T08:02:44.891Z| vmx| I125: OvhdMem OvhdUser_KSTATS_device              :       0      0      - |      0      0      -
2025-09-13T08:02:44.891Z| vmx| I125: OvhdMem OvhdUser_STATS_device               :       2      2      - |      0      0      -
2025-09-13T08:02:44.891Z| vmx| I125: OvhdMem OvhdUser_KSTATS_migrate             :       0      0      - |      0      0      -
2025-09-13T08:02:44.891Z| vmx| I125: OvhdMem OvhdUser_IOFiltersMalloc            :       0      0      - |      0      0      -
2025-09-13T08:02:44.891Z| vmx| I125: OvhdMem OvhdUser_DiskLibMemUsed             :    3075   3075      - |      0      0      -
2025-09-13T08:02:44.891Z| vmx| I125: OvhdMem OvhdUser_SvgaSurfaceTable           :       0      0      - |      0      0      -
2025-09-13T08:02:44.891Z| vmx| I125: OvhdMem OvhdUser_SvgaBESurfaceTable         :       0      0      - |      0      0      -
2025-09-13T08:02:44.891Z| vmx| I125: OvhdMem OvhdUser_SvgaHBTables               :       0      0      - |      0      0      -
2025-09-13T08:02:44.891Z| vmx| I125: OvhdMem OvhdUser_SvgaHBMobListTable         :       0      0      - |      0      0      -
2025-09-13T08:02:44.891Z| vmx| I125: OvhdMem OvhdUser_SvgaHBShaderTable          :       0      0      - |      0      0      -
2025-09-13T08:02:44.891Z| vmx| I125: OvhdMem OvhdUser_SvgaRestoreBufferArray     :       0      0      - |      0      0      -
2025-09-13T08:02:44.891Z| vmx| I125: OvhdMem OvhdUser_SvgaSDirtyCache            :      48     48      - |      0      0      -
2025-09-13T08:02:44.891Z| vmx| I125: OvhdMem OvhdUser_SvgaShaderTable            :       0      0      - |      0      0      -
2025-09-13T08:02:44.891Z| vmx| I125: OvhdMem OvhdUser_SvgaShaderText             :       0      0      - |      0      0      -
2025-09-13T08:02:44.891Z| vmx| I125: OvhdMem OvhdUser_SvgaContextCache           :       0      0      - |      0      0      -
2025-09-13T08:02:44.891Z| vmx| I125: OvhdMem OvhdUser_SvgaMobCache               :     264    264      - |     24     24      -
2025-09-13T08:02:44.891Z| vmx| I125: OvhdMem OvhdUser_SvgaDXRTViewTable          :       0      0      - |      0      0      -
2025-09-13T08:02:44.891Z| vmx| I125: OvhdMem OvhdUser_SvgaDXDSViewTable          :       0      0      - |      0      0      -
2025-09-13T08:02:44.891Z| vmx| I125: OvhdMem OvhdUser_SvgaDXSRViewTable          :       0      0      - |      0      0      -
2025-09-13T08:02:44.891Z| vmx| I125: OvhdMem OvhdUser_SvgaDXBlendStateTable      :       0      0      - |      0      0      -
2025-09-13T08:02:44.891Z| vmx| I125: OvhdMem OvhdUser_SvgaDXElementLayoutTable   :       0      0      - |      0      0      -
2025-09-13T08:02:44.891Z| vmx| I125: OvhdMem OvhdUser_SvgaDXDepthStencilTable    :       0      0      - |      0      0      -
2025-09-13T08:02:44.891Z| vmx| I125: OvhdMem OvhdUser_SvgaDXRasterizerStateTable :       0      0      - |      0      0      -
2025-09-13T08:02:44.891Z| vmx| I125: OvhdMem OvhdUser_SvgaDXSamplerTable         :       0      0      - |      0      0      -
2025-09-13T08:02:44.891Z| vmx| I125: OvhdMem OvhdUser_SvgaDXContextTable         :       0      0      - |      0      0      -
2025-09-13T08:02:44.891Z| vmx| I125: OvhdMem OvhdUser_SvgaDXShaderTable          :       0      0      - |      0      0      -
2025-09-13T08:02:44.891Z| vmx| I125: OvhdMem OvhdUser_SvgaDXShaderText           :       0      0      - |      0      0      -
2025-09-13T08:02:44.891Z| vmx| I125: OvhdMem OvhdUser_SvgaDXStreamOutTable       :       0      0      - |      0      0      -
2025-09-13T08:02:44.891Z| vmx| I125: OvhdMem OvhdUser_SvgaDXQueryTable           :       0      0      - |      0      0      -
2025-09-13T08:02:44.891Z| vmx| I125: OvhdMem OvhdUser_SvgaVAProcessorTable       :       0      0      - |      0      0      -
2025-09-13T08:02:44.891Z| vmx| I125: OvhdMem OvhdUser_SvgaVADecoderTable         :       0      0      - |      0      0      -
2025-09-13T08:02:44.891Z| vmx| I125: OvhdMem OvhdUser_VmxAllocTrack              :       0      0      - |      0      0      -
2025-09-13T08:02:44.891Z| vmx| I125: OvhdMem OvhdUser_VmxASAN                    :       0      0      - |      0      0      -
2025-09-13T08:02:44.891Z| vmx| I125: OvhdMem OvhdUser_VmxCallStackProf           :       0      0      - |      0      0      -
2025-09-13T08:02:44.891Z| vmx| I125: OvhdMem OvhdUser_VmxGlobals                 :    1216   1216      - |      0      0      -
2025-09-13T08:02:44.891Z| vmx| I125: OvhdMem OvhdUser_VmxGlobalsLibs             :    3584   3584      - |      0      0      -
2025-09-13T08:02:44.891Z| vmx| I125: OvhdMem OvhdUser_VmxHeap                    :    8704   8704      - |      0      0      -
2025-09-13T08:02:44.891Z| vmx| I125: OvhdMem OvhdUser_VmxHeapFreeList            :       0      0      - |      0      0      -
2025-09-13T08:02:44.892Z| vmx| I125: OvhdMem OvhdUser_VmxMks                     :      33     33      - |      0      0      -
2025-09-13T08:02:44.892Z| vmx| I125: OvhdMem OvhdUser_VmxMksRenderOps            :      16     16      - |      0      0      -
2025-09-13T08:02:44.892Z| vmx| I125: OvhdMem OvhdUser_VmxMks3d                   :       0      0      - |      0      0      -
2025-09-13T08:02:44.892Z| vmx| I125: OvhdMem OvhdUser_VmxMksHBMobs               :       0      0      - |      0      0      -
2025-09-13T08:02:44.892Z| vmx| I125: OvhdMem OvhdUser_VmxMksGLRenderer           :       0      0      - |      0      0      -
2025-09-13T08:02:44.892Z| vmx| I125: OvhdMem OvhdUser_VmxMksGLTransient          :       0      0      - |      0      0      -
2025-09-13T08:02:44.892Z| vmx| I125: OvhdMem OvhdUser_VmxMksLLVM                 :       0      0      - |      0      0      -
2025-09-13T08:02:44.892Z| vmx| I125: OvhdMem OvhdUser_VmxMksScreenTemp           :    5378   5378      - |      0      0      -
2025-09-13T08:02:44.892Z| vmx| I125: OvhdMem OvhdUser_VmxMksVnc                  :    2682   2682      - |      0      0      -
2025-09-13T08:02:44.892Z| vmx| I125: OvhdMem OvhdUser_VmxMksScreen               :    2051   2051      - |      0      0      -
2025-09-13T08:02:44.892Z| vmx| I125: OvhdMem OvhdUser_VmxMksSVGAVO               :    4096   4096      - |      0      0      -
2025-09-13T08:02:44.892Z| vmx| I125: OvhdMem OvhdUser_VmxMksVMVA                 :       0      0      - |      0      0      -
2025-09-13T08:02:44.892Z| vmx| I125: OvhdMem OvhdUser_VmxPhysMemRingBuf          :       0      0      - |      0      0      -
2025-09-13T08:02:44.892Z| vmx| I125: OvhdMem OvhdUser_VmxPhysMemErrPages         :      10     10      - |      0      0      -
2025-09-13T08:02:44.892Z| vmx| I125: OvhdMem OvhdUser_VmxFTCptOutputBuf          :       0      0      - |      0      0      -
2025-09-13T08:02:44.892Z| vmx| I125: OvhdMem OvhdUser_VmxSLEntryBuf              :     128    128      - |      0      0      -
2025-09-13T08:02:44.892Z| vmx| I125: OvhdMem OvhdUser_VmxThreads                 :   18944  18944      - |      0      0      -
2025-09-13T08:02:44.892Z| vmx| I125: OvhdMem Total paged                         :   50235  50235      - |     24     24      -
2025-09-13T08:02:44.892Z| vmx| I125: OvhdMem Actual maximum                      :          50235        |            24
2025-09-13T08:02:44.892Z| vmx| I125+ 
2025-09-13T08:02:44.892Z| vmx| I125:                                                       reserved      |          used
2025-09-13T08:02:44.892Z| vmx| I125: OvhdMem nonpaged                                  cur    max    avg |    cur    max    avg
2025-09-13T08:02:44.892Z| vmx| I125: OvhdMem OvhdUser_SharedArea                 :      98     98      - |     59     59      -
2025-09-13T08:02:44.892Z| vmx| I125: OvhdMem OvhdUser_BusMemTraceBitmap          :     115    115      - |      0      0      -
2025-09-13T08:02:44.892Z| vmx| I125: OvhdMem OvhdUser_PFrame                     :       0      0      - |      0      0      -
2025-09-13T08:02:44.892Z| vmx| I125: OvhdMem OvhdUser_VProbe                     :       0      0      - |      0      0      -
2025-09-13T08:02:44.892Z| vmx| I125: OvhdMem OvhdUser_VIDE_KSEG                  :      16     16      - |     16     16      -
2025-09-13T08:02:44.892Z| vmx| I125: OvhdMem OvhdUser_VGA                        :      64     64      - |     64     64      -
2025-09-13T08:02:44.892Z| vmx| I125: OvhdMem OvhdUser_BalloonMPN                 :       1      1      - |      1      1      -
2025-09-13T08:02:44.892Z| vmx| I125: OvhdMem OvhdUser_P2MUpdateBuffer            :       0      0      - |      0      0      -
2025-09-13T08:02:44.892Z| vmx| I125: OvhdMem OvhdUser_ServicesMPN                :       0      0      - |      0      0      -
2025-09-13T08:02:44.892Z| vmx| I125: OvhdMem OvhdUser_LocalApic                  :       2      2      - |      2      2      -
2025-09-13T08:02:44.892Z| vmx| I125: OvhdMem OvhdUser_BusError                   :       1      1      - |      1      1      -
2025-09-13T08:02:44.892Z| vmx| I125: OvhdMem OvhdUser_VBIOS                      :       8      8      - |      8      8      -
2025-09-13T08:02:44.892Z| vmx| I125: OvhdMem OvhdUser_VnicGuest                  :      16     16      - |     16     16      -
2025-09-13T08:02:44.892Z| vmx| I125: OvhdMem OvhdUser_VnicMmap                   :       1      1      - |      1      1      -
2025-09-13T08:02:44.892Z| vmx| I125: OvhdMem OvhdUser_TestDev                    :       0      0      - |      0      0      -
2025-09-13T08:02:44.892Z| vmx| I125: OvhdMem OvhdUser_LSIBIOS                    :      12     12      - |     12     12      -
2025-09-13T08:02:44.892Z| vmx| I125: OvhdMem OvhdUser_LSIRings                   :      12     12      - |      0      0      -
2025-09-13T08:02:44.892Z| vmx| I125: OvhdMem OvhdUser_PCIPBIOS                   :       0      0      - |      0      0      -
2025-09-13T08:02:44.892Z| vmx| I125: OvhdMem OvhdUser_PVSCSIBIOS                 :       0      0      - |      0      0      -
2025-09-13T08:02:44.892Z| vmx| I125: OvhdMem OvhdUser_PVSCSIKickReg              :       0      0      - |      0      0      -
2025-09-13T08:02:44.892Z| vmx| I125: OvhdMem OvhdUser_SAS1068BIOS                :      12     12      - |      0      0      -
2025-09-13T08:02:44.892Z| vmx| I125: OvhdMem OvhdUser_SBIOS                      :      16     16      - |      0      0      -
2025-09-13T08:02:44.892Z| vmx| I125: OvhdMem OvhdUser_AHCIBIOS                   :       0      0      - |      0      0      -
2025-09-13T08:02:44.892Z| vmx| I125: OvhdMem OvhdUser_NVMEBIOS                   :       0      0      - |      0      0      -
2025-09-13T08:02:44.892Z| vmx| I125: OvhdMem OvhdUser_FlashRam                   :     128    128      - |    128    128      -
2025-09-13T08:02:44.892Z| vmx| I125: OvhdMem OvhdUser_IOFiltersMMap              :       0      0      - |      0      0      -
2025-09-13T08:02:44.892Z| vmx| I125: OvhdMem OvhdUser_IOFiltersGlobal            :       0      0      - |      0      0      -
2025-09-13T08:02:44.892Z| vmx| I125: OvhdMem OvhdUser_SMM                        :       0      0      - |      0      0      -
2025-09-13T08:02:44.892Z| vmx| I125: OvhdMem OvhdUser_SVGAFB                     :    1024   1024      - |   1024   1024      -
2025-09-13T08:02:44.892Z| vmx| I125: OvhdMem OvhdUser_SVGAMEM                    :      64    512      - |     64     64      -
2025-09-13T08:02:44.892Z| vmx| I125: OvhdMem OvhdUser_HDAudioReg                 :       3      3      - |      0      0      -
2025-09-13T08:02:44.892Z| vmx| I125: OvhdMem OvhdUser_EHCIRegister               :       1      1      - |      0      0      -
2025-09-13T08:02:44.892Z| vmx| I125: OvhdMem OvhdUser_XhciRegister               :       1      1      - |      0      0      -
2025-09-13T08:02:44.892Z| vmx| I125: OvhdMem OvhdUser_PhysMemDebug               :       0      0      - |      0      0      -
2025-09-13T08:02:44.892Z| vmx| I125: OvhdMem OvhdUser_HyperV                     :       2      2      - |      0      0      -
2025-09-13T08:02:44.892Z| vmx| I125: OvhdMem OvhdUser_ExtCfg                     :       3      3      - |      3      3      -
2025-09-13T08:02:44.892Z| vmx| I125: OvhdMem OvhdUser_HV                         :       8      8      - |      0      0      -
2025-09-13T08:02:44.892Z| vmx| I125: OvhdMem OvhdUser_HVIOBitmap                 :       3      3      - |      0      0      -
2025-09-13T08:02:44.892Z| vmx| I125: OvhdMem OvhdUser_HVMSRBitmap                :       2      2      - |      1      1      -
2025-09-13T08:02:44.892Z| vmx| I125: OvhdMem OvhdUser_VHVGuestMSRBitmap          :       2      2      - |      0      0      -
2025-09-13T08:02:44.892Z| vmx| I125: OvhdMem OvhdUser_vhvCachedVMCS              :       2      2      - |      0      0      -
2025-09-13T08:02:44.892Z| vmx| I125: OvhdMem OvhdUser_vhvNestedAPIC              :       2      2      - |      0      0      -
2025-09-13T08:02:44.892Z| vmx| I125: OvhdMem OvhdUser_PCIP                       :       0      0      - |      0      0      -
2025-09-13T08:02:44.892Z| vmx| I125: OvhdMem OvhdUser_MigrateCpt                 :       0      0      - |      0      0      -
2025-09-13T08:02:44.892Z| vmx| I125: OvhdMem OvhdUser_MonBootstrap               :       0      0      - |      0      0      -
2025-09-13T08:02:44.892Z| vmx| I125: OvhdMem OvhdUser_MonWired                   :       0      0      - |      0      0      -
2025-09-13T08:02:44.892Z| vmx| I125: OvhdMem OvhdUser_MonLow                     :       0      0      - |      0      0      -
2025-09-13T08:02:44.892Z| vmx| I125: OvhdMem OvhdUser_MonWiredNuma               :      34     34      - |      2      2      -
2025-09-13T08:02:44.892Z| vmx| I125: OvhdMem OvhdUser_MonNuma                    :     276    276      - |    241    241      -
2025-09-13T08:02:44.892Z| vmx| I125: OvhdMem OvhdUser_MonOther                   :      78     78      - |      0      0      -
2025-09-13T08:02:44.892Z| vmx| I125: OvhdMem OvhdUser_FTCpt                      :       0      0      - |      0      0      -
2025-09-13T08:02:44.892Z| vmx| I125: OvhdMem OvhdUser_NVDC                       :       1      1      - |      0      0      -
2025-09-13T08:02:44.892Z| vmx| I125: OvhdMem OvhdUser_NVDIMM                     :       0      0      - |      0      0      -
2025-09-13T08:02:44.892Z| vmx| I125: OvhdMem OvhdUser_EPC                        :       0      0      - |      0      0      -
2025-09-13T08:02:44.892Z| vmx| I125: OvhdMem Total nonpaged                      :    2008   2456      - |   1643   1643      -
2025-09-13T08:02:44.892Z| vmx| I125: OvhdMem Actual maximum                      :           2456        |          1643
2025-09-13T08:02:44.892Z| vmx| I125+ 
2025-09-13T08:02:44.892Z| vmx| I125:                                                       reserved      |          used
2025-09-13T08:02:44.892Z| vmx| I125: OvhdMem anonymous                                 cur    max    avg |    cur    max    avg
2025-09-13T08:02:44.892Z| vmx| I125: OvhdMem OvhdMon_Alloc                       :     158    158      - |      0      0      -
2025-09-13T08:02:44.892Z| vmx| I125: OvhdMem OvhdMon_BusMemFrame                 :    3650   3658      - |      0      0      -
2025-09-13T08:02:44.892Z| vmx| I125: OvhdMem OvhdMon_BusMem2MInfo                :      56     56      - |      0      0      -
2025-09-13T08:02:44.892Z| vmx| I125: OvhdMem OvhdMon_BusMem1GInfo                :       1      1      - |      0      0      -
2025-09-13T08:02:44.892Z| vmx| I125: OvhdMem OvhdMon_BusMemZapListMPN            :       1      1      - |      0      0      -
2025-09-13T08:02:44.892Z| vmx| I125: OvhdMem OvhdMon_MonAS                       :       4      4      - |      0      0      -
2025-09-13T08:02:44.892Z| vmx| I125: OvhdMem OvhdMon_GuestMem                    :      48     48      - |      0      0      -
2025-09-13T08:02:44.892Z| vmx| I125: OvhdMem OvhdMon_TC                          :    1026   1026      - |      0      0      -
2025-09-13T08:02:44.892Z| vmx| I125: OvhdMem OvhdMon_Island                      :       8      8      - |      0      0      -
2025-09-13T08:02:44.892Z| vmx| I125: OvhdMem OvhdMon_BusMemMonAS                 :       9      9      - |      0      0      -
2025-09-13T08:02:44.892Z| vmx| I125: OvhdMem OvhdMon_PlatformMonAS               :       0      0      - |      0      0      -
2025-09-13T08:02:44.892Z| vmx| I125: OvhdMem OvhdMon_HVNuma                      :       6      6      - |      0      0      -
2025-09-13T08:02:44.892Z| vmx| I125: OvhdMem OvhdMon_HV                          :       2      2      - |      0      0      -
2025-09-13T08:02:44.892Z| vmx| I125: OvhdMem OvhdMon_VHV                         :       6      6      - |      0      0      -
2025-09-13T08:02:44.892Z| vmx| I125: OvhdMem OvhdMon_VNPTShadow                  :       0      0      - |      0      0      -
2025-09-13T08:02:44.892Z| vmx| I125: OvhdMem OvhdMon_VNPTShadowCache             :       0      0      - |      0      0      -
2025-09-13T08:02:44.892Z| vmx| I125: OvhdMem OvhdMon_VNPTBackmap                 :       0      0      - |      0      0      -
2025-09-13T08:02:44.892Z| vmx| I125: OvhdMem OvhdMon_SVMIDT                      :       2      2      - |      0      0      -
2025-09-13T08:02:44.892Z| vmx| I125: OvhdMem OvhdMon_CallStackProfAnon           :       0      0      - |      0      0      -
2025-09-13T08:02:44.892Z| vmx| I125: OvhdMem OvhdMon_Numa                        :      32     32      - |      0      0      -
2025-09-13T08:02:44.892Z| vmx| I125: OvhdMem OvhdMon_NumaTextRodata              :     196    196      - |      0      0      -
2025-09-13T08:02:44.892Z| vmx| I125: OvhdMem OvhdMon_NumaDataBss                 :      80     80      - |      0      0      -
2025-09-13T08:02:44.892Z| vmx| I125: OvhdMem OvhdMon_NumaLargeData               :       0      0      - |      0      0      -
2025-09-13T08:02:44.892Z| worker-2103732| I125: ToolsISO: Updated cached value for imageName to 'linux.iso'.
2025-09-13T08:02:44.892Z| worker-2103732| I125: ToolsISO: Selected Tools ISO 'linux.iso' for 'other3xlinux-64' guest.
2025-09-13T08:02:44.892Z| vmx| I125: OvhdMem OvhdMon_WiredNuma                   :      34     34      - |      0      0      -
2025-09-13T08:02:44.892Z| vmx| I125: OvhdMem OvhdMon_Bootstrap                   :       3      3      - |      0      0      -
2025-09-13T08:02:44.892Z| vmx| I125: OvhdMem OvhdMon_GPhysTraced                 :    1467   1467      - |      0      0      -
2025-09-13T08:02:44.892Z| vmx| I125: OvhdMem OvhdMon_GPhysHWMMU                  :    7357   7357      - |      0      0      -
2025-09-13T08:02:44.892Z| vmx| I125: OvhdMem OvhdMon_GPhysGIM                    :       0      0      - |      0      0      -
2025-09-13T08:02:44.892Z| vmx| I125: OvhdMem OvhdMon_GPhysNoTrace                :     366    366      - |      0      0      -
2025-09-13T08:02:44.892Z| vmx| I125: OvhdMem OvhdMon_PhysMemGart                 :      88     88      - |      0      0      -
2025-09-13T08:02:44.892Z| vmx| I125: OvhdMem OvhdMon_PhysMemErr                  :       7      7      - |      0      0      -
2025-09-13T08:02:44.892Z| vmx| I125: OvhdMem OvhdMon_TraceALot                   :       0      0      - |      0      0      -
2025-09-13T08:02:44.892Z| vmx| I125: OvhdMem OvhdMon_VIDE                        :       4      4      - |      0      0      -
2025-09-13T08:02:44.892Z| vmx| I125: OvhdMem OvhdMon_VMXNETWake                  :       0      0      - |      0      0      -
2025-09-13T08:02:44.892Z| vmx| I125: OvhdMem OvhdMon_BusLogic                    :       4      4      - |      0      0      -
2025-09-13T08:02:44.892Z| vmx| I125: OvhdMem OvhdMon_Ahci                        :       0      0      - |      0      0      -
2025-09-13T08:02:44.892Z| vmx| I125: OvhdMem OvhdMon_Nvme                        :       0      0      - |      0      0      -
2025-09-13T08:02:44.892Z| vmx| I125: OvhdMem OvhdMon_NVMERings                   :       0      0      - |      0      0      -
2025-09-13T08:02:44.892Z| vmx| I125: OvhdMem OvhdMon_PVSCSIShadowRing            :       0      0      - |      0      0      -
2025-09-13T08:02:44.892Z| vmx| I125: OvhdMem OvhdMon_LSIRings                    :      24     24      - |      0      0      -
2025-09-13T08:02:44.892Z| vmx| I125: OvhdMem OvhdMon_FTCptMonAS                  :       0      0      - |      0      0      -
2025-09-13T08:02:44.892Z| vmx| I125: OvhdMem OvhdMon_Hba                         :       2      2      - |      0      0      -
2025-09-13T08:02:44.892Z| vmx| I125: OvhdMem OvhdMon_VProbe                      :       1      1      - |      0      0      -
2025-09-13T08:02:44.892Z| vmx| I125: OvhdMem OvhdMon_PT                          :       0      0      - |      0      0      -
2025-09-13T08:02:44.892Z| vmx| I125: OvhdMem Total anonymous                     :   14642  14650      - |      0      0      -
2025-09-13T08:02:44.892Z| vmx| I125: OvhdMem Actual maximum                      :          14650        |             0
2025-09-13T08:02:44.892Z| vmx| I125+ 
2025-09-13T08:02:44.892Z| vmx| I125: OvhdMem: memsize 14336 MB VMK fixed 3462 pages var(mem) 529 pages var(cpu) 8 cbrcOverhead 0 pages total 10889 pages
2025-09-13T08:02:44.892Z| vmx| I125: VMMEM: Precise Reservation: 261MB (MainMem=14336MB) VMK=42MB
2025-09-13T08:02:44.892Z| vmx| I125: Vix: [mainDispatch.c:1067]: VMAutomation_PowerOn. Powering on.
2025-09-13T08:02:44.892Z| vmx| I125: VMX_PowerOn: ModuleTable_PowerOn = 1
2025-09-13T08:02:44.892Z| vmx| A100: ConfigDB: Setting cleanShutdown = "FALSE"
2025-09-13T08:02:44.892Z| vmx| A100: ConfigDB: Setting softPowerOff = "FALSE"
2025-09-13T08:02:44.897Z| vcpu-0| I125: VTHREAD 274369300224 "vcpu-0" wid 2103743
2025-09-13T08:02:44.897Z| vcpu-0| I125: VMMon_Start: vcpu-0: worldID=2103719
2025-09-13T08:02:44.898Z| worker-2103732| I125: GetHostManifests: Extracting the manifest file.
2025-09-13T08:02:44.898Z| vcpu-0| I125: MonTimer APIC:1/0 vec: 239
2025-09-13T08:02:44.898Z| vcpu-0| I125: APIC: version = 0x15, max LVT = 6, LDR = 0x80000000, DFR = 0xffffffff
2025-09-13T08:02:44.898Z| svga| I125: SVGA thread is alive
2025-09-13T08:02:44.898Z| vcpu-0| I125: LSI:Initialize adapter scsi0
2025-09-13T08:02:44.898Z| vcpu-0| I125: LSI:Initialize adapter scsi1
2025-09-13T08:02:44.899Z| vcpu-0| I125: LSI:Initialize adapter scsi2
2025-09-13T08:02:44.899Z| vcpu-0| I125: CPU reset: hard (mode 0)
2025-09-13T08:02:44.901Z| vcpu-1| I125: VTHREAD 274371401472 "vcpu-1" wid 2103747
2025-09-13T08:02:44.901Z| vcpu-1| I125: VMMon_Start: vcpu-1: worldID=2103723
2025-09-13T08:02:44.901Z| vcpu-1| I125: MonTimer APIC:1/0 vec: 239
2025-09-13T08:02:44.901Z| vcpu-1| I125: APIC: version = 0x15, max LVT = 6, LDR = 0x1000000, DFR = 0xffffffff
2025-09-13T08:02:44.902Z| vcpu-1| I125: CPU reset: hard (mode 0)
2025-09-13T08:02:44.902Z| vcpu-1| I125: Intel VT: FlexPriority disabled.
2025-09-13T08:02:44.902Z| vcpu-0| I125: GuestRpc: Successfully created RPCI listening socket.
2025-09-13T08:02:44.902Z| vcpu-0| I125: GuestRpc: Using vsocket for TCLO messaging is disabled.
2025-09-13T08:02:44.902Z| vcpu-1| I125: Intel VT: VPID enabled.
2025-09-13T08:02:44.902Z| vcpu-0| I125: memoryHotplug: Node 0: Present: 14335 MB (100 %) Size:229375 MB (100 %)
2025-09-13T08:02:44.902Z| vcpu-0| I125: PIIX4: PM Resuming from suspend type 0x0, chipset.onlineStandby 1
2025-09-13T08:02:44.902Z| vcpu-0| A100: ConfigDB: Unsetting "sensor.accelerometer"
2025-09-13T08:02:44.902Z| vcpu-0| A100: ConfigDB: Unsetting "sensor.ambientLight"
2025-09-13T08:02:44.902Z| vcpu-0| A100: ConfigDB: Unsetting "sensor.compass"
2025-09-13T08:02:44.902Z| vcpu-0| A100: ConfigDB: Unsetting "sensor.gyrometer"
2025-09-13T08:02:44.902Z| vcpu-0| A100: ConfigDB: Unsetting "sensor.inclinometer"
2025-09-13T08:02:44.902Z| vcpu-0| A100: ConfigDB: Unsetting "sensor.orientation"
2025-09-13T08:02:44.903Z| vcpu-1| I125: Intel VT enabled.
2025-09-13T08:02:44.907Z| vcpu-0| I125: Vix: [mainDispatch.c:4239]: VMAutomation_ReportPowerOpFinished: statevar=0, newAppState=1872, success=1 additionalError=0
2025-09-13T08:02:44.907Z| vcpu-0| I125: Vix: [mainDispatch.c:4156]: VMAutomationReportPowerStateChange: Reporting power state change (opcode=0, err=0).
2025-09-13T08:02:44.907Z| vcpu-0| I125: Vix: [mainDispatch.c:4156]: VMAutomationReportPowerStateChange: Reporting power state change (opcode=2, err=0).
2025-09-13T08:02:44.907Z| vcpu-0| I125: Transitioned vmx/execState/val to poweredOn
2025-09-13T08:02:44.907Z| vcpu-0| I125: SCSIFilterSBDAttachCBRC: device scsi1:1 is not SBD. Skipping CBRC attach SBD way.
2025-09-13T08:02:44.907Z| vcpu-0| I125: SCSIFilterSBDAttachCBRC: device scsi1:0 is not SBD. Skipping CBRC attach SBD way.
2025-09-13T08:02:44.907Z| vcpu-0| I125: SCSIFilterSBDAttachCBRC: device scsi0:15 is not SBD. Skipping CBRC attach SBD way.
2025-09-13T08:02:44.907Z| vcpu-0| I125: SCSIFilterSBDAttachCBRC: device scsi0:14 is not SBD. Skipping CBRC attach SBD way.
2025-09-13T08:02:44.907Z| vcpu-0| I125: SCSIFilterSBDAttachCBRC: device scsi0:13 is not SBD. Skipping CBRC attach SBD way.
2025-09-13T08:02:44.907Z| vcpu-0| I125: SCSIFilterSBDAttachCBRC: device scsi0:12 is not SBD. Skipping CBRC attach SBD way.
2025-09-13T08:02:44.907Z| vcpu-0| I125: SCSIFilterSBDAttachCBRC: device scsi0:11 is not SBD. Skipping CBRC attach SBD way.
2025-09-13T08:02:44.907Z| vcpu-0| I125: SCSIFilterSBDAttachCBRC: device scsi0:10 is not SBD. Skipping CBRC attach SBD way.
2025-09-13T08:02:44.907Z| vcpu-0| I125: SCSIFilterSBDAttachCBRC: device scsi0:9 is not SBD. Skipping CBRC attach SBD way.
2025-09-13T08:02:44.907Z| vcpu-0| I125: SCSIFilterSBDAttachCBRC: device scsi0:8 is not SBD. Skipping CBRC attach SBD way.
2025-09-13T08:02:44.907Z| vcpu-0| I125: SCSIFilterSBDAttachCBRC: device scsi0:6 is not SBD. Skipping CBRC attach SBD way.
2025-09-13T08:02:44.907Z| vcpu-0| I125: SCSIFilterSBDAttachCBRC: device scsi0:5 is not SBD. Skipping CBRC attach SBD way.
2025-09-13T08:02:44.907Z| vcpu-0| I125: SCSIFilterSBDAttachCBRC: device scsi0:4 is not SBD. Skipping CBRC attach SBD way.
2025-09-13T08:02:44.907Z| vcpu-0| I125: SCSIFilterSBDAttachCBRC: device scsi0:3 is not SBD. Skipping CBRC attach SBD way.
2025-09-13T08:02:44.907Z| vcpu-0| I125: SCSIFilterSBDAttachCBRC: device scsi0:2 is not SBD. Skipping CBRC attach SBD way.
2025-09-13T08:02:44.907Z| vcpu-0| I125: SCSIFilterSBDAttachCBRC: device scsi0:1 is not SBD. Skipping CBRC attach SBD way.
2025-09-13T08:02:44.907Z| vcpu-0| I125: SCSIFilterSBDAttachCBRC: device scsi0:0 is not SBD. Skipping CBRC attach SBD way.
2025-09-13T08:02:44.907Z| vcpu-0| I125: Tools: Adding Tools inactivity timer.
2025-09-13T08:02:44.907Z| vcpu-0| I125: Intel VT: FlexPriority disabled.
2025-09-13T08:02:44.907Z| vcpu-0| I125: Intel VT: VPID enabled.
2025-09-13T08:02:44.909Z| vcpu-0| I125: Intel VT enabled.
2025-09-13T08:02:44.917Z| vcpu-0| I125: MemSched (MB): min: 7 sizeLimit: 1024 swapInitialFileSize: 82 prealloc: FALSE.
2025-09-13T08:02:44.917Z| vcpu-0| I125: MemSched (MB): min: 7 sizeLimit: 1024 swapInitialFileSize: 82 prealloc: FALSE.
2025-09-13T08:02:44.935Z| worker-2103732| I125: GetHostManifests: Done extracting the manifest file.
2025-09-13T08:02:44.944Z| worker-2103732| I125: ToolsVersion: Status is supported new because this is status of monolithic version, and hgfsmounter and 59 more components are missing from the guest.
2025-09-13T08:02:44.944Z| worker-2103732| I125: ToolsVersionGetStatusWorkerThread: Tools status 4 derived from environment
2025-09-13T08:02:44.944Z| vmx| I125: TOOLS refreshing value for isoImageExists (refreshCount=1, lastCount=0).
2025-09-13T08:02:44.944Z| vmx| I125: ToolsISO: Refreshing imageName for 'other3xlinux-64' (refreshCount=1, lastCount=1).
2025-09-13T08:02:44.953Z| vmx| I125: ToolsISO: Updated cached value for imageName to 'linux.iso'.
2025-09-13T08:02:44.953Z| vmx| I125: ToolsISO: Selected Tools ISO 'linux.iso' for 'other3xlinux-64' guest.
2025-09-13T08:02:44.953Z| vmx| I125: TOOLS updated cached value for isoImageExists to 1.
2025-09-13T08:02:44.953Z| vmx| I125: VMXVmdb_SetToolsVersionStatus: status value set to 'ok', 'supportedNew', install possible
2025-09-13T08:02:45.008Z| vmx| I125: VigorTransportProcessClientPayload: opID=ee8eb0d3 seq=201: Receiving HotPlugManager.BeginBatch request.
2025-09-13T08:02:45.008Z| vmx| I125: VigorTransport_ServerSendResponse opID=ee8eb0d3 seq=201: Completed HotPlugManager request.
2025-09-13T08:02:45.011Z| vmx| I125: VigorTransportProcessClientPayload: opID=ee8eb0d3 seq=205: Receiving ConfigParams.SetVolatileEntry request.
2025-09-13T08:02:45.011Z| vmx| I125: VigorTransport_ServerSendResponse opID=ee8eb0d3 seq=205: Completed ConfigParams request.
2025-09-13T08:02:45.013Z| vmx| I125: VigorTransportProcessClientPayload: opID=ee8eb0d3 seq=209: Receiving HotPlugManager.EndBatch request.
2025-09-13T08:02:45.013Z| vmx| I125: VigorTransport_ServerSendResponse opID=ee8eb0d3 seq=209: Completed HotPlugManager request.
2025-09-13T08:02:45.022Z| vcpu-0| I125: Ethernet0 MAC Address: 00:0c:29:0d:ed:8d
2025-09-13T08:02:45.022Z| vcpu-0| I125: VMXNET3 user: Ethernet0 RSS fields requested by vmx: 3
2025-09-13T08:02:45.168Z| vcpu-0| I125: SVGA: Registering MemSpace at 0xec000000(0x0) and 0xfe000000(0x0)
2025-09-13T08:02:45.173Z| vcpu-0| I125: SVGA: Unregistering MemSpace at 0xec000000(0xec000000) and 0xfe000000(0xfe000000)
2025-09-13T08:02:45.322Z| vcpu-0| I125: SVGA: Registering MemSpace at 0xec000000(0xec000000) and 0xfe000000(0xfe000000)
2025-09-13T08:02:45.331Z| vcpu-0| I125: SVGA: Unregistering MemSpace at 0xec000000(0xec000000) and 0xfe000000(0xfe000000)
2025-09-13T08:02:45.332Z| vcpu-0| I125: SVGA: Registering IOSpace at 0x1070
2025-09-13T08:02:45.332Z| vcpu-0| I125: SVGA: Registering MemSpace at 0xec000000(0xec000000) and 0xfe000000(0xfe000000)
2025-09-13T08:02:45.338Z| vcpu-0| I125: PCIBridge4: ISA/VGA decoding enabled (ctrl 0004)
2025-09-13T08:02:45.339Z| vcpu-0| I125: pciBridge4:1: ISA/VGA decoding enabled (ctrl 0004)
2025-09-13T08:02:45.341Z| vcpu-0| I125: pciBridge4:2: ISA/VGA decoding enabled (ctrl 0004)
2025-09-13T08:02:45.342Z| vcpu-0| I125: pciBridge4:3: ISA/VGA decoding enabled (ctrl 0004)
2025-09-13T08:02:45.343Z| vcpu-0| I125: pciBridge4:4: ISA/VGA decoding enabled (ctrl 0004)
2025-09-13T08:02:45.344Z| vcpu-0| I125: pciBridge4:5: ISA/VGA decoding enabled (ctrl 0004)
2025-09-13T08:02:45.346Z| vcpu-0| I125: pciBridge4:6: ISA/VGA decoding enabled (ctrl 0004)
2025-09-13T08:02:45.347Z| vcpu-0| I125: pciBridge4:7: ISA/VGA decoding enabled (ctrl 0004)
2025-09-13T08:02:45.348Z| vcpu-0| I125: PCIBridge5: ISA/VGA decoding enabled (ctrl 0004)
2025-09-13T08:02:45.350Z| vcpu-0| I125: pciBridge5:1: ISA/VGA decoding enabled (ctrl 0004)
2025-09-13T08:02:45.351Z| vcpu-0| I125: pciBridge5:2: ISA/VGA decoding enabled (ctrl 0004)
2025-09-13T08:02:45.352Z| vcpu-0| I125: pciBridge5:3: ISA/VGA decoding enabled (ctrl 0004)
2025-09-13T08:02:45.354Z| vcpu-0| I125: pciBridge5:4: ISA/VGA decoding enabled (ctrl 0004)
2025-09-13T08:02:45.355Z| vcpu-0| I125: pciBridge5:5: ISA/VGA decoding enabled (ctrl 0004)
2025-09-13T08:02:45.356Z| vcpu-0| I125: pciBridge5:6: ISA/VGA decoding enabled (ctrl 0004)
2025-09-13T08:02:45.358Z| vcpu-0| I125: pciBridge5:7: ISA/VGA decoding enabled (ctrl 0004)
2025-09-13T08:02:45.359Z| vcpu-0| I125: PCIBridge6: ISA/VGA decoding enabled (ctrl 0004)
2025-09-13T08:02:45.360Z| vcpu-0| I125: pciBridge6:1: ISA/VGA decoding enabled (ctrl 0004)
2025-09-13T08:02:45.362Z| vcpu-0| I125: pciBridge6:2: ISA/VGA decoding enabled (ctrl 0004)
2025-09-13T08:02:45.363Z| vcpu-0| I125: pciBridge6:3: ISA/VGA decoding enabled (ctrl 0004)
2025-09-13T08:02:45.364Z| vcpu-0| I125: pciBridge6:4: ISA/VGA decoding enabled (ctrl 0004)
2025-09-13T08:02:45.366Z| vcpu-0| I125: pciBridge6:5: ISA/VGA decoding enabled (ctrl 0004)
2025-09-13T08:02:45.367Z| vcpu-0| I125: pciBridge6:6: ISA/VGA decoding enabled (ctrl 0004)
2025-09-13T08:02:45.368Z| vcpu-0| I125: pciBridge6:7: ISA/VGA decoding enabled (ctrl 0004)
2025-09-13T08:02:45.369Z| vcpu-0| I125: PCIBridge7: ISA/VGA decoding enabled (ctrl 0004)
2025-09-13T08:02:45.371Z| vcpu-0| I125: pciBridge7:1: ISA/VGA decoding enabled (ctrl 0004)
2025-09-13T08:02:45.372Z| vcpu-0| I125: pciBridge7:2: ISA/VGA decoding enabled (ctrl 0004)
2025-09-13T08:02:45.373Z| vcpu-0| I125: pciBridge7:3: ISA/VGA decoding enabled (ctrl 0004)
2025-09-13T08:02:45.375Z| vcpu-0| I125: pciBridge7:4: ISA/VGA decoding enabled (ctrl 0004)
2025-09-13T08:02:45.376Z| vcpu-0| I125: pciBridge7:5: ISA/VGA decoding enabled (ctrl 0004)
2025-09-13T08:02:45.377Z| vcpu-0| I125: pciBridge7:6: ISA/VGA decoding enabled (ctrl 0004)
2025-09-13T08:02:45.379Z| vcpu-0| I125: pciBridge7:7: ISA/VGA decoding enabled (ctrl 0004)
2025-09-13T08:02:45.381Z| vcpu-1| I125: CPU reset: soft (mode 0)
2025-09-13T08:02:45.521Z| vcpu-0| I125: PCIBridge4: ISA/VGA decoding enabled (ctrl 0004)
2025-09-13T08:02:45.522Z| vcpu-0| I125: pciBridge4:1: ISA/VGA decoding enabled (ctrl 0004)
2025-09-13T08:02:45.523Z| vcpu-0| I125: pciBridge4:2: ISA/VGA decoding enabled (ctrl 0004)
2025-09-13T08:02:45.525Z| vcpu-0| I125: pciBridge4:3: ISA/VGA decoding enabled (ctrl 0004)
2025-09-13T08:02:45.526Z| vcpu-0| I125: pciBridge4:4: ISA/VGA decoding enabled (ctrl 0004)
2025-09-13T08:02:45.527Z| vcpu-0| I125: pciBridge4:5: ISA/VGA decoding enabled (ctrl 0004)
2025-09-13T08:02:45.529Z| vcpu-0| I125: pciBridge4:6: ISA/VGA decoding enabled (ctrl 0004)
2025-09-13T08:02:45.530Z| vcpu-0| I125: pciBridge4:7: ISA/VGA decoding enabled (ctrl 0004)
2025-09-13T08:02:45.531Z| vcpu-0| I125: PCIBridge5: ISA/VGA decoding enabled (ctrl 0004)
2025-09-13T08:02:45.533Z| vcpu-0| I125: pciBridge5:1: ISA/VGA decoding enabled (ctrl 0004)
2025-09-13T08:02:45.534Z| vcpu-0| I125: pciBridge5:2: ISA/VGA decoding enabled (ctrl 0004)
2025-09-13T08:02:45.535Z| vcpu-0| I125: pciBridge5:3: ISA/VGA decoding enabled (ctrl 0004)
2025-09-13T08:02:45.537Z| vcpu-0| I125: pciBridge5:4: ISA/VGA decoding enabled (ctrl 0004)
2025-09-13T08:02:45.538Z| vcpu-0| I125: pciBridge5:5: ISA/VGA decoding enabled (ctrl 0004)
2025-09-13T08:02:45.539Z| vcpu-0| I125: pciBridge5:6: ISA/VGA decoding enabled (ctrl 0004)
2025-09-13T08:02:45.541Z| vcpu-0| I125: pciBridge5:7: ISA/VGA decoding enabled (ctrl 0004)
2025-09-13T08:02:45.542Z| vcpu-0| I125: PCIBridge6: ISA/VGA decoding enabled (ctrl 0004)
2025-09-13T08:02:45.543Z| vcpu-0| I125: pciBridge6:1: ISA/VGA decoding enabled (ctrl 0004)
2025-09-13T08:02:45.545Z| vcpu-0| I125: pciBridge6:2: ISA/VGA decoding enabled (ctrl 0004)
2025-09-13T08:02:45.546Z| vcpu-0| I125: pciBridge6:3: ISA/VGA decoding enabled (ctrl 0004)
2025-09-13T08:02:45.547Z| vcpu-0| I125: pciBridge6:4: ISA/VGA decoding enabled (ctrl 0004)
2025-09-13T08:02:45.548Z| vcpu-0| I125: pciBridge6:5: ISA/VGA decoding enabled (ctrl 0004)
2025-09-13T08:02:45.550Z| vcpu-0| I125: pciBridge6:6: ISA/VGA decoding enabled (ctrl 0004)
2025-09-13T08:02:45.551Z| vcpu-0| I125: pciBridge6:7: ISA/VGA decoding enabled (ctrl 0004)
2025-09-13T08:02:45.552Z| vcpu-0| I125: PCIBridge7: ISA/VGA decoding enabled (ctrl 0004)
2025-09-13T08:02:45.554Z| vcpu-0| I125: pciBridge7:1: ISA/VGA decoding enabled (ctrl 0004)
2025-09-13T08:02:45.555Z| vcpu-0| I125: pciBridge7:2: ISA/VGA decoding enabled (ctrl 0004)
2025-09-13T08:02:45.556Z| vcpu-0| I125: pciBridge7:3: ISA/VGA decoding enabled (ctrl 0004)
2025-09-13T08:02:45.558Z| vcpu-0| I125: pciBridge7:4: ISA/VGA decoding enabled (ctrl 0004)
2025-09-13T08:02:45.559Z| vcpu-0| I125: pciBridge7:5: ISA/VGA decoding enabled (ctrl 0004)
2025-09-13T08:02:45.560Z| vcpu-0| I125: pciBridge7:6: ISA/VGA decoding enabled (ctrl 0004)
2025-09-13T08:02:45.562Z| vcpu-0| I125: pciBridge7:7: ISA/VGA decoding enabled (ctrl 0004)
2025-09-13T08:02:45.573Z| vcpu-0| I125: DISKUTIL: scsi0:0 : geometry=6339/255/63
2025-09-13T08:02:45.573Z| vcpu-0| I125: DISKUTIL: scsi0:0 : capacity=101842944 logical sector size=512
2025-09-13T08:02:45.573Z| vcpu-0| I125: DISKUTIL: scsi0:1 : geometry=945/255/63
2025-09-13T08:02:45.573Z| vcpu-0| I125: DISKUTIL: scsi0:1 : capacity=15194112 logical sector size=512
2025-09-13T08:02:45.573Z| vcpu-0| I125: DISKUTIL: scsi0:2 : geometry=3263/255/63
2025-09-13T08:02:45.573Z| vcpu-0| I125: DISKUTIL: scsi0:2 : capacity=52428800 logical sector size=512
2025-09-13T08:02:45.573Z| vcpu-0| I125: DISKUTIL: scsi0:3 : geometry=3263/255/63
2025-09-13T08:02:45.573Z| vcpu-0| I125: DISKUTIL: scsi0:3 : capacity=52428800 logical sector size=512
2025-09-13T08:02:45.573Z| vcpu-0| I125: DISKUTIL: scsi0:4 : geometry=1305/255/63
2025-09-13T08:02:45.573Z| vcpu-0| I125: DISKUTIL: scsi0:4 : capacity=20971520 logical sector size=512
2025-09-13T08:02:45.573Z| vcpu-0| I125: DISKUTIL: scsi0:5 : geometry=1305/255/63
2025-09-13T08:02:45.573Z| vcpu-0| I125: DISKUTIL: scsi0:5 : capacity=20971520 logical sector size=512
2025-09-13T08:02:45.573Z| vcpu-0| I125: DISKUTIL: scsi0:6 : geometry=1958/255/63
2025-09-13T08:02:45.573Z| vcpu-0| I125: DISKUTIL: scsi0:6 : capacity=31457280 logical sector size=512
2025-09-13T08:02:45.573Z| vcpu-0| I125: DISKUTIL: scsi0:8 : geometry=1305/255/63
2025-09-13T08:02:45.573Z| vcpu-0| I125: DISKUTIL: scsi0:8 : capacity=20971520 logical sector size=512
2025-09-13T08:02:45.590Z| vcpu-0| I125: DISKUTIL: scsi1:0 : geometry=13054/255/63
2025-09-13T08:02:45.590Z| vcpu-0| I125: DISKUTIL: scsi1:0 : capacity=209715200 logical sector size=512
2025-09-13T08:02:45.590Z| vcpu-0| I125: DISKUTIL: scsi1:1 : geometry=19581/255/63
2025-09-13T08:02:45.590Z| vcpu-0| I125: DISKUTIL: scsi1:1 : capacity=314572800 logical sector size=512
2025-09-13T08:02:46.211Z| vcpu-1| I125: CPU reset: soft (mode 0)
2025-09-13T08:02:46.228Z| vcpu-0| I125: BIOS-UUID is 56 4d 33 4e 51 6b a6 39-e6 55 bb 56 9c 0d ed 8d
2025-09-13T08:02:46.571Z| svga| I125: SVGA enabling SVGA
2025-09-13T08:02:46.573Z| svga| I125: SVGA-ScreenMgr: Screen type changed to RegisterMode
2025-09-13T08:02:54.836Z| vcpu-0| I125: Preparing for SPEC_CTRL Guest MSR write (0x48) passthrough.
2025-09-13T08:02:54.836Z| vcpu-1| I125: Preparing for SPEC_CTRL Guest MSR write (0x48) passthrough.
2025-09-13T08:02:54.863Z| vcpu-1| I125: CPU reset: soft (mode 0)
2025-09-13T08:02:55.256Z| vcpu-0| I125: SVGA: Unregistering IOSpace at 0x1070
2025-09-13T08:02:55.256Z| vcpu-0| I125: SVGA: Unregistering MemSpace at 0xec000000(0xec000000) and 0xfe000000(0xfe000000)
2025-09-13T08:02:55.257Z| vcpu-0| I125: SVGA: Registering IOSpace at 0x1070
2025-09-13T08:02:55.257Z| vcpu-0| I125: SVGA: Registering MemSpace at 0xec000000(0xec000000) and 0xfe000000(0xfe000000)
2025-09-13T08:02:55.260Z| vcpu-0| I125: SVGA: Unregistering IOSpace at 0x1070
2025-09-13T08:02:55.260Z| vcpu-0| I125: SVGA: Unregistering MemSpace at 0xec000000(0xec000000) and 0xfe000000(0xfe000000)
2025-09-13T08:02:55.262Z| vcpu-0| I125: SVGA: Registering IOSpace at 0x1070
2025-09-13T08:02:55.262Z| vcpu-0| I125: SVGA: Registering MemSpace at 0xec000000(0xec000000) and 0xfe000000(0xfe000000)
2025-09-13T08:02:55.265Z| vcpu-0| I125: SVGA: Unregistering IOSpace at 0x1070
2025-09-13T08:02:55.265Z| vcpu-0| I125: SVGA: Unregistering MemSpace at 0xec000000(0xec000000) and 0xfe000000(0xfe000000)
2025-09-13T08:02:55.266Z| vcpu-0| I125: SVGA: Registering IOSpace at 0x1070
2025-09-13T08:02:55.266Z| vcpu-0| I125: SVGA: Registering MemSpace at 0xec000000(0xec000000) and 0xfe000000(0xfe000000)
2025-09-13T08:02:55.269Z| vcpu-0| I125: SVGA: Unregistering IOSpace at 0x1070
2025-09-13T08:02:55.269Z| vcpu-0| I125: SVGA: Unregistering MemSpace at 0xec000000(0xec000000) and 0xfe000000(0xfe000000)
2025-09-13T08:02:55.270Z| vcpu-0| I125: SVGA: Registering IOSpace at 0x1070
2025-09-13T08:02:55.270Z| vcpu-0| I125: SVGA: Registering MemSpace at 0xec000000(0xec000000) and 0xfe000000(0xfe000000)
2025-09-13T08:02:55.273Z| vcpu-0| I125: SVGA: Unregistering IOSpace at 0x1070
2025-09-13T08:02:55.273Z| vcpu-0| I125: SVGA: Unregistering MemSpace at 0xec000000(0xec000000) and 0xfe000000(0xfe000000)
2025-09-13T08:02:55.275Z| vcpu-0| I125: SVGA: Registering IOSpace at 0x1070
2025-09-13T08:02:55.275Z| vcpu-0| I125: SVGA: Registering MemSpace at 0xec000000(0xec000000) and 0xfe000000(0xfe000000)
2025-09-13T08:02:55.278Z| vcpu-0| I125: SVGA: Unregistering IOSpace at 0x1070
2025-09-13T08:02:55.278Z| vcpu-0| I125: SVGA: Unregistering MemSpace at 0xec000000(0xec000000) and 0xfe000000(0xfe000000)
2025-09-13T08:02:55.279Z| vcpu-0| I125: SVGA: Registering IOSpace at 0x1070
2025-09-13T08:02:55.279Z| vcpu-0| I125: SVGA: Registering MemSpace at 0xec000000(0xec000000) and 0xfe000000(0xfe000000)
2025-09-13T08:02:55.282Z| vcpu-0| I125: SVGA: Unregistering IOSpace at 0x1070
2025-09-13T08:02:55.282Z| vcpu-0| I125: SVGA: Unregistering MemSpace at 0xec000000(0xec000000) and 0xfe000000(0xfe000000)
2025-09-13T08:02:55.283Z| vcpu-0| I125: SVGA: Registering IOSpace at 0x1070
2025-09-13T08:02:55.283Z| vcpu-0| I125: SVGA: Registering MemSpace at 0xec000000(0xec000000) and 0xfe000000(0xfe000000)
2025-09-13T08:02:55.298Z| vcpu-0| I125: PCIBridge4: ISA/VGA decoding enabled (ctrl 0006)
2025-09-13T08:02:55.300Z| vcpu-0| I125: pciBridge4:1: ISA/VGA decoding enabled (ctrl 0006)
2025-09-13T08:02:55.301Z| vcpu-0| I125: pciBridge4:2: ISA/VGA decoding enabled (ctrl 0006)
2025-09-13T08:02:55.303Z| vcpu-0| I125: pciBridge4:3: ISA/VGA decoding enabled (ctrl 0006)
2025-09-13T08:02:55.305Z| vcpu-0| I125: pciBridge4:4: ISA/VGA decoding enabled (ctrl 0006)
2025-09-13T08:02:55.307Z| vcpu-0| I125: pciBridge4:5: ISA/VGA decoding enabled (ctrl 0006)
2025-09-13T08:02:55.309Z| vcpu-0| I125: pciBridge4:6: ISA/VGA decoding enabled (ctrl 0006)
2025-09-13T08:02:55.311Z| vcpu-0| I125: pciBridge4:7: ISA/VGA decoding enabled (ctrl 0006)
2025-09-13T08:02:55.313Z| vcpu-0| I125: PCIBridge5: ISA/VGA decoding enabled (ctrl 0006)
2025-09-13T08:02:55.314Z| vcpu-0| I125: pciBridge5:1: ISA/VGA decoding enabled (ctrl 0006)
2025-09-13T08:02:55.316Z| vcpu-0| I125: pciBridge5:2: ISA/VGA decoding enabled (ctrl 0006)
2025-09-13T08:02:55.318Z| vcpu-0| I125: pciBridge5:3: ISA/VGA decoding enabled (ctrl 0006)
2025-09-13T08:02:55.320Z| vcpu-0| I125: pciBridge5:4: ISA/VGA decoding enabled (ctrl 0006)
2025-09-13T08:02:55.322Z| vcpu-0| I125: pciBridge5:5: ISA/VGA decoding enabled (ctrl 0006)
2025-09-13T08:02:55.324Z| vcpu-0| I125: pciBridge5:6: ISA/VGA decoding enabled (ctrl 0006)
2025-09-13T08:02:55.326Z| vcpu-0| I125: pciBridge5:7: ISA/VGA decoding enabled (ctrl 0006)
2025-09-13T08:02:55.327Z| vcpu-0| I125: PCIBridge6: ISA/VGA decoding enabled (ctrl 0006)
2025-09-13T08:02:55.329Z| vcpu-0| I125: pciBridge6:1: ISA/VGA decoding enabled (ctrl 0006)
2025-09-13T08:02:55.331Z| vcpu-0| I125: pciBridge6:2: ISA/VGA decoding enabled (ctrl 0006)
2025-09-13T08:02:55.333Z| vcpu-0| I125: pciBridge6:3: ISA/VGA decoding enabled (ctrl 0006)
2025-09-13T08:02:55.335Z| vcpu-0| I125: pciBridge6:4: ISA/VGA decoding enabled (ctrl 0006)
2025-09-13T08:02:55.337Z| vcpu-0| I125: pciBridge6:5: ISA/VGA decoding enabled (ctrl 0006)
2025-09-13T08:02:55.339Z| vcpu-0| I125: pciBridge6:6: ISA/VGA decoding enabled (ctrl 0006)
2025-09-13T08:02:55.340Z| vcpu-0| I125: pciBridge6:7: ISA/VGA decoding enabled (ctrl 0006)
2025-09-13T08:02:55.342Z| vcpu-0| I125: PCIBridge7: ISA/VGA decoding enabled (ctrl 0006)
2025-09-13T08:02:55.344Z| vcpu-0| I125: pciBridge7:1: ISA/VGA decoding enabled (ctrl 0006)
2025-09-13T08:02:55.346Z| vcpu-0| I125: pciBridge7:2: ISA/VGA decoding enabled (ctrl 0006)
2025-09-13T08:02:55.348Z| vcpu-0| I125: pciBridge7:3: ISA/VGA decoding enabled (ctrl 0006)
2025-09-13T08:02:55.350Z| vcpu-0| I125: pciBridge7:4: ISA/VGA decoding enabled (ctrl 0006)
2025-09-13T08:02:55.351Z| vcpu-0| I125: pciBridge7:5: ISA/VGA decoding enabled (ctrl 0006)
2025-09-13T08:02:55.353Z| vcpu-0| I125: pciBridge7:6: ISA/VGA decoding enabled (ctrl 0006)
2025-09-13T08:02:55.355Z| vcpu-0| I125: pciBridge7:7: ISA/VGA decoding enabled (ctrl 0006)
2025-09-13T08:02:55.377Z| vcpu-0| I125: PCIBridge4: ISA/VGA decoding enabled (ctrl 0006)
2025-09-13T08:02:55.396Z| vcpu-0| I125: PCIBridge4: ISA/VGA decoding enabled (ctrl 0006)
2025-09-13T08:02:55.396Z| vcpu-0| I125: pciBridge4:1: ISA/VGA decoding enabled (ctrl 0006)
2025-09-13T08:02:55.396Z| vcpu-0| I125: pciBridge4:1: ISA/VGA decoding enabled (ctrl 0006)
2025-09-13T08:02:55.396Z| vcpu-0| I125: pciBridge4:2: ISA/VGA decoding enabled (ctrl 0006)
2025-09-13T08:02:55.397Z| vcpu-0| I125: pciBridge4:2: ISA/VGA decoding enabled (ctrl 0006)
2025-09-13T08:02:55.397Z| vcpu-0| I125: pciBridge4:3: ISA/VGA decoding enabled (ctrl 0006)
2025-09-13T08:02:55.397Z| vcpu-0| I125: pciBridge4:3: ISA/VGA decoding enabled (ctrl 0006)
2025-09-13T08:02:55.397Z| vcpu-0| I125: pciBridge4:4: ISA/VGA decoding enabled (ctrl 0006)
2025-09-13T08:02:55.398Z| vcpu-0| I125: pciBridge4:4: ISA/VGA decoding enabled (ctrl 0006)
2025-09-13T08:02:55.398Z| vcpu-0| I125: pciBridge4:5: ISA/VGA decoding enabled (ctrl 0006)
2025-09-13T08:02:55.399Z| vcpu-0| I125: pciBridge4:5: ISA/VGA decoding enabled (ctrl 0006)
2025-09-13T08:02:55.399Z| vcpu-0| I125: pciBridge4:6: ISA/VGA decoding enabled (ctrl 0006)
2025-09-13T08:02:55.399Z| vcpu-0| I125: pciBridge4:6: ISA/VGA decoding enabled (ctrl 0006)
2025-09-13T08:02:55.399Z| vcpu-0| I125: pciBridge4:7: ISA/VGA decoding enabled (ctrl 0006)
2025-09-13T08:02:55.400Z| vcpu-0| I125: pciBridge4:7: ISA/VGA decoding enabled (ctrl 0006)
2025-09-13T08:02:55.400Z| vcpu-0| I125: PCIBridge5: ISA/VGA decoding enabled (ctrl 0006)
2025-09-13T08:02:55.400Z| vcpu-0| I125: PCIBridge5: ISA/VGA decoding enabled (ctrl 0006)
2025-09-13T08:02:55.400Z| vcpu-0| I125: pciBridge5:1: ISA/VGA decoding enabled (ctrl 0006)
2025-09-13T08:02:55.401Z| vcpu-0| I125: pciBridge5:1: ISA/VGA decoding enabled (ctrl 0006)
2025-09-13T08:02:55.401Z| vcpu-0| I125: pciBridge5:2: ISA/VGA decoding enabled (ctrl 0006)
2025-09-13T08:02:55.401Z| vcpu-0| I125: pciBridge5:2: ISA/VGA decoding enabled (ctrl 0006)
2025-09-13T08:02:55.401Z| vcpu-0| I125: pciBridge5:3: ISA/VGA decoding enabled (ctrl 0006)
2025-09-13T08:02:55.402Z| vcpu-0| I125: pciBridge5:3: ISA/VGA decoding enabled (ctrl 0006)
2025-09-13T08:02:55.402Z| vcpu-0| I125: pciBridge5:4: ISA/VGA decoding enabled (ctrl 0006)
2025-09-13T08:02:55.402Z| vcpu-0| I125: pciBridge5:4: ISA/VGA decoding enabled (ctrl 0006)
2025-09-13T08:02:55.403Z| vcpu-0| I125: pciBridge5:5: ISA/VGA decoding enabled (ctrl 0006)
2025-09-13T08:02:55.403Z| vcpu-0| I125: pciBridge5:5: ISA/VGA decoding enabled (ctrl 0006)
2025-09-13T08:02:55.403Z| vcpu-0| I125: pciBridge5:6: ISA/VGA decoding enabled (ctrl 0006)
2025-09-13T08:02:55.404Z| vcpu-0| I125: pciBridge5:6: ISA/VGA decoding enabled (ctrl 0006)
2025-09-13T08:02:55.404Z| vcpu-0| I125: pciBridge5:7: ISA/VGA decoding enabled (ctrl 0006)
2025-09-13T08:02:55.404Z| vcpu-0| I125: pciBridge5:7: ISA/VGA decoding enabled (ctrl 0006)
2025-09-13T08:02:55.404Z| vcpu-0| I125: PCIBridge6: ISA/VGA decoding enabled (ctrl 0006)
2025-09-13T08:02:55.405Z| vcpu-0| I125: PCIBridge6: ISA/VGA decoding enabled (ctrl 0006)
2025-09-13T08:02:55.405Z| vcpu-0| I125: pciBridge6:1: ISA/VGA decoding enabled (ctrl 0006)
2025-09-13T08:02:55.405Z| vcpu-0| I125: pciBridge6:1: ISA/VGA decoding enabled (ctrl 0006)
2025-09-13T08:02:55.405Z| vcpu-0| I125: pciBridge6:2: ISA/VGA decoding enabled (ctrl 0006)
2025-09-13T08:02:55.406Z| vcpu-0| I125: pciBridge6:2: ISA/VGA decoding enabled (ctrl 0006)
2025-09-13T08:02:55.406Z| vcpu-0| I125: pciBridge6:3: ISA/VGA decoding enabled (ctrl 0006)
2025-09-13T08:02:55.406Z| vcpu-0| I125: pciBridge6:3: ISA/VGA decoding enabled (ctrl 0006)
2025-09-13T08:02:55.407Z| vcpu-0| I125: pciBridge6:4: ISA/VGA decoding enabled (ctrl 0006)
2025-09-13T08:02:55.407Z| vcpu-0| I125: pciBridge6:4: ISA/VGA decoding enabled (ctrl 0006)
2025-09-13T08:02:55.407Z| vcpu-0| I125: pciBridge6:5: ISA/VGA decoding enabled (ctrl 0006)
2025-09-13T08:02:55.408Z| vcpu-0| I125: pciBridge6:5: ISA/VGA decoding enabled (ctrl 0006)
2025-09-13T08:02:55.408Z| vcpu-0| I125: pciBridge6:6: ISA/VGA decoding enabled (ctrl 0006)
2025-09-13T08:02:55.408Z| vcpu-0| I125: pciBridge6:6: ISA/VGA decoding enabled (ctrl 0006)
2025-09-13T08:02:55.408Z| vcpu-0| I125: pciBridge6:7: ISA/VGA decoding enabled (ctrl 0006)
2025-09-13T08:02:55.409Z| vcpu-0| I125: pciBridge6:7: ISA/VGA decoding enabled (ctrl 0006)
2025-09-13T08:02:55.409Z| vcpu-0| I125: PCIBridge7: ISA/VGA decoding enabled (ctrl 0006)
2025-09-13T08:02:55.409Z| vcpu-0| I125: PCIBridge7: ISA/VGA decoding enabled (ctrl 0006)
2025-09-13T08:02:55.409Z| vcpu-0| I125: pciBridge7:1: ISA/VGA decoding enabled (ctrl 0006)
2025-09-13T08:02:55.410Z| vcpu-0| I125: pciBridge7:1: ISA/VGA decoding enabled (ctrl 0006)
2025-09-13T08:02:55.410Z| vcpu-0| I125: pciBridge7:2: ISA/VGA decoding enabled (ctrl 0006)
2025-09-13T08:02:55.410Z| vcpu-0| I125: pciBridge7:2: ISA/VGA decoding enabled (ctrl 0006)
2025-09-13T08:02:55.411Z| vcpu-0| I125: pciBridge7:3: ISA/VGA decoding enabled (ctrl 0006)
2025-09-13T08:02:55.411Z| vcpu-0| I125: pciBridge7:3: ISA/VGA decoding enabled (ctrl 0006)
2025-09-13T08:02:55.411Z| vcpu-0| I125: pciBridge7:4: ISA/VGA decoding enabled (ctrl 0006)
2025-09-13T08:02:55.412Z| vcpu-0| I125: pciBridge7:4: ISA/VGA decoding enabled (ctrl 0006)
2025-09-13T08:02:55.412Z| vcpu-0| I125: pciBridge7:5: ISA/VGA decoding enabled (ctrl 0006)
2025-09-13T08:02:55.412Z| vcpu-0| I125: pciBridge7:5: ISA/VGA decoding enabled (ctrl 0006)
2025-09-13T08:02:55.412Z| vcpu-0| I125: pciBridge7:6: ISA/VGA decoding enabled (ctrl 0006)
2025-09-13T08:02:55.413Z| vcpu-0| I125: pciBridge7:6: ISA/VGA decoding enabled (ctrl 0006)
2025-09-13T08:02:55.413Z| vcpu-0| I125: pciBridge7:7: ISA/VGA decoding enabled (ctrl 0006)
2025-09-13T08:02:55.413Z| vcpu-0| I125: pciBridge7:7: ISA/VGA decoding enabled (ctrl 0006)
2025-09-13T08:02:55.413Z| vcpu-0| I125: PCIBridge4: ISA/VGA decoding enabled (ctrl 0006)
2025-09-13T08:02:55.413Z| vcpu-0| I125: PCIBridge4: ISA/VGA decoding enabled (ctrl 0006)
2025-09-13T08:02:55.414Z| vcpu-0| I125: pciBridge4:1: ISA/VGA decoding enabled (ctrl 0006)
2025-09-13T08:02:55.414Z| vcpu-0| I125: pciBridge4:1: ISA/VGA decoding enabled (ctrl 0006)
2025-09-13T08:02:55.414Z| vcpu-0| I125: pciBridge4:2: ISA/VGA decoding enabled (ctrl 0006)
2025-09-13T08:02:55.414Z| vcpu-0| I125: pciBridge4:2: ISA/VGA decoding enabled (ctrl 0006)
2025-09-13T08:02:55.414Z| vcpu-0| I125: pciBridge4:3: ISA/VGA decoding enabled (ctrl 0006)
2025-09-13T08:02:55.414Z| vcpu-0| I125: pciBridge4:3: ISA/VGA decoding enabled (ctrl 0006)
2025-09-13T08:02:55.414Z| vcpu-0| I125: pciBridge4:4: ISA/VGA decoding enabled (ctrl 0006)
2025-09-13T08:02:55.414Z| vcpu-0| I125: pciBridge4:4: ISA/VGA decoding enabled (ctrl 0006)
2025-09-13T08:02:55.414Z| vcpu-0| I125: pciBridge4:5: ISA/VGA decoding enabled (ctrl 0006)
2025-09-13T08:02:55.414Z| vcpu-0| I125: pciBridge4:5: ISA/VGA decoding enabled (ctrl 0006)
2025-09-13T08:02:55.414Z| vcpu-0| I125: pciBridge4:6: ISA/VGA decoding enabled (ctrl 0006)
2025-09-13T08:02:55.414Z| vcpu-0| I125: pciBridge4:6: ISA/VGA decoding enabled (ctrl 0006)
2025-09-13T08:02:55.414Z| vcpu-0| I125: pciBridge4:7: ISA/VGA decoding enabled (ctrl 0006)
2025-09-13T08:02:55.414Z| vcpu-0| I125: pciBridge4:7: ISA/VGA decoding enabled (ctrl 0006)
2025-09-13T08:02:55.414Z| vcpu-0| I125: PCIBridge5: ISA/VGA decoding enabled (ctrl 0006)
2025-09-13T08:02:55.414Z| vcpu-0| I125: PCIBridge5: ISA/VGA decoding enabled (ctrl 0006)
2025-09-13T08:02:55.414Z| vcpu-0| I125: pciBridge5:1: ISA/VGA decoding enabled (ctrl 0006)
2025-09-13T08:02:55.414Z| vcpu-0| I125: pciBridge5:1: ISA/VGA decoding enabled (ctrl 0006)
2025-09-13T08:02:55.414Z| vcpu-0| I125: pciBridge5:2: ISA/VGA decoding enabled (ctrl 0006)
2025-09-13T08:02:55.414Z| vcpu-0| I125: pciBridge5:2: ISA/VGA decoding enabled (ctrl 0006)
2025-09-13T08:02:55.414Z| vcpu-0| I125: pciBridge5:3: ISA/VGA decoding enabled (ctrl 0006)
2025-09-13T08:02:55.414Z| vcpu-0| I125: pciBridge5:3: ISA/VGA decoding enabled (ctrl 0006)
2025-09-13T08:02:55.415Z| vcpu-0| I125: pciBridge5:4: ISA/VGA decoding enabled (ctrl 0006)
2025-09-13T08:02:55.415Z| vcpu-0| I125: pciBridge5:4: ISA/VGA decoding enabled (ctrl 0006)
2025-09-13T08:02:55.415Z| vcpu-0| I125: pciBridge5:5: ISA/VGA decoding enabled (ctrl 0006)
2025-09-13T08:02:55.415Z| vcpu-0| I125: pciBridge5:5: ISA/VGA decoding enabled (ctrl 0006)
2025-09-13T08:02:55.415Z| vcpu-0| I125: pciBridge5:6: ISA/VGA decoding enabled (ctrl 0006)
2025-09-13T08:02:55.415Z| vcpu-0| I125: pciBridge5:6: ISA/VGA decoding enabled (ctrl 0006)
2025-09-13T08:02:55.415Z| vcpu-0| I125: pciBridge5:7: ISA/VGA decoding enabled (ctrl 0006)
2025-09-13T08:02:55.415Z| vcpu-0| I125: pciBridge5:7: ISA/VGA decoding enabled (ctrl 0006)
2025-09-13T08:02:55.415Z| vcpu-0| I125: PCIBridge6: ISA/VGA decoding enabled (ctrl 0006)
2025-09-13T08:02:55.415Z| vcpu-0| I125: PCIBridge6: ISA/VGA decoding enabled (ctrl 0006)
2025-09-13T08:02:55.415Z| vcpu-0| I125: pciBridge6:1: ISA/VGA decoding enabled (ctrl 0006)
2025-09-13T08:02:55.415Z| vcpu-0| I125: pciBridge6:1: ISA/VGA decoding enabled (ctrl 0006)
2025-09-13T08:02:55.415Z| vcpu-0| I125: pciBridge6:2: ISA/VGA decoding enabled (ctrl 0006)
2025-09-13T08:02:55.415Z| vcpu-0| I125: pciBridge6:2: ISA/VGA decoding enabled (ctrl 0006)
2025-09-13T08:02:55.415Z| vcpu-0| I125: pciBridge6:3: ISA/VGA decoding enabled (ctrl 0006)
2025-09-13T08:02:55.415Z| vcpu-0| I125: pciBridge6:3: ISA/VGA decoding enabled (ctrl 0006)
2025-09-13T08:02:55.415Z| vcpu-0| I125: pciBridge6:4: ISA/VGA decoding enabled (ctrl 0006)
2025-09-13T08:02:55.415Z| vcpu-0| I125: pciBridge6:4: ISA/VGA decoding enabled (ctrl 0006)
2025-09-13T08:02:55.415Z| vcpu-0| I125: pciBridge6:5: ISA/VGA decoding enabled (ctrl 0006)
2025-09-13T08:02:55.415Z| vcpu-0| I125: pciBridge6:5: ISA/VGA decoding enabled (ctrl 0006)
2025-09-13T08:02:55.415Z| vcpu-0| I125: pciBridge6:6: ISA/VGA decoding enabled (ctrl 0006)
2025-09-13T08:02:55.415Z| vcpu-0| I125: pciBridge6:6: ISA/VGA decoding enabled (ctrl 0006)
2025-09-13T08:02:55.416Z| vcpu-0| I125: pciBridge6:7: ISA/VGA decoding enabled (ctrl 0006)
2025-09-13T08:02:55.416Z| vcpu-0| I125: pciBridge6:7: ISA/VGA decoding enabled (ctrl 0006)
2025-09-13T08:02:55.416Z| vcpu-0| I125: PCIBridge7: ISA/VGA decoding enabled (ctrl 0006)
2025-09-13T08:02:55.416Z| vcpu-0| I125: PCIBridge7: ISA/VGA decoding enabled (ctrl 0006)
2025-09-13T08:02:55.416Z| vcpu-0| I125: pciBridge7:1: ISA/VGA decoding enabled (ctrl 0006)
2025-09-13T08:02:55.416Z| vcpu-0| I125: pciBridge7:1: ISA/VGA decoding enabled (ctrl 0006)
2025-09-13T08:02:55.416Z| vcpu-0| I125: pciBridge7:2: ISA/VGA decoding enabled (ctrl 0006)
2025-09-13T08:02:55.416Z| vcpu-0| I125: pciBridge7:2: ISA/VGA decoding enabled (ctrl 0006)
2025-09-13T08:02:55.416Z| vcpu-0| I125: pciBridge7:3: ISA/VGA decoding enabled (ctrl 0006)
2025-09-13T08:02:55.416Z| vcpu-0| I125: pciBridge7:3: ISA/VGA decoding enabled (ctrl 0006)
2025-09-13T08:02:55.416Z| vcpu-0| I125: pciBridge7:4: ISA/VGA decoding enabled (ctrl 0006)
2025-09-13T08:02:55.416Z| vcpu-0| I125: pciBridge7:4: ISA/VGA decoding enabled (ctrl 0006)
2025-09-13T08:02:55.416Z| vcpu-0| I125: pciBridge7:5: ISA/VGA decoding enabled (ctrl 0006)
2025-09-13T08:02:55.416Z| vcpu-0| I125: pciBridge7:5: ISA/VGA decoding enabled (ctrl 0006)
2025-09-13T08:02:55.416Z| vcpu-0| I125: pciBridge7:6: ISA/VGA decoding enabled (ctrl 0006)
2025-09-13T08:02:55.416Z| vcpu-0| I125: pciBridge7:6: ISA/VGA decoding enabled (ctrl 0006)
2025-09-13T08:02:55.416Z| vcpu-0| I125: pciBridge7:7: ISA/VGA decoding enabled (ctrl 0006)
2025-09-13T08:02:55.416Z| vcpu-0| I125: pciBridge7:7: ISA/VGA decoding enabled (ctrl 0006)
2025-09-13T08:02:55.611Z| vcpu-0| I125: PCIBridge4: ISA/VGA decoding enabled (ctrl 0006)
2025-09-13T08:02:55.611Z| vcpu-0| I125: pciBridge4:1: ISA/VGA decoding enabled (ctrl 0006)
2025-09-13T08:02:55.612Z| vcpu-0| I125: pciBridge4:2: ISA/VGA decoding enabled (ctrl 0006)
2025-09-13T08:02:55.612Z| vcpu-0| I125: pciBridge4:3: ISA/VGA decoding enabled (ctrl 0006)
2025-09-13T08:02:55.612Z| vcpu-0| I125: pciBridge4:4: ISA/VGA decoding enabled (ctrl 0006)
2025-09-13T08:02:55.612Z| vcpu-0| I125: pciBridge4:5: ISA/VGA decoding enabled (ctrl 0006)
2025-09-13T08:02:55.612Z| vcpu-0| I125: pciBridge4:6: ISA/VGA decoding enabled (ctrl 0006)
2025-09-13T08:02:55.612Z| vcpu-0| I125: pciBridge4:7: ISA/VGA decoding enabled (ctrl 0006)
2025-09-13T08:02:55.612Z| vcpu-0| I125: PCIBridge5: ISA/VGA decoding enabled (ctrl 0006)
2025-09-13T08:02:55.613Z| vcpu-0| I125: pciBridge5:1: ISA/VGA decoding enabled (ctrl 0006)
2025-09-13T08:02:55.613Z| vcpu-0| I125: pciBridge5:2: ISA/VGA decoding enabled (ctrl 0006)
2025-09-13T08:02:55.613Z| vcpu-0| I125: pciBridge5:3: ISA/VGA decoding enabled (ctrl 0006)
2025-09-13T08:02:55.613Z| vcpu-0| I125: pciBridge5:4: ISA/VGA decoding enabled (ctrl 0006)
2025-09-13T08:02:55.613Z| vcpu-0| I125: pciBridge5:5: ISA/VGA decoding enabled (ctrl 0006)
2025-09-13T08:02:55.613Z| vcpu-0| I125: pciBridge5:6: ISA/VGA decoding enabled (ctrl 0006)
2025-09-13T08:02:55.613Z| vcpu-0| I125: pciBridge5:7: ISA/VGA decoding enabled (ctrl 0006)
2025-09-13T08:02:55.614Z| vcpu-0| I125: PCIBridge6: ISA/VGA decoding enabled (ctrl 0006)
2025-09-13T08:02:55.614Z| vcpu-0| I125: pciBridge6:1: ISA/VGA decoding enabled (ctrl 0006)
2025-09-13T08:02:55.614Z| vcpu-0| I125: pciBridge6:2: ISA/VGA decoding enabled (ctrl 0006)
2025-09-13T08:02:55.614Z| vcpu-0| I125: pciBridge6:3: ISA/VGA decoding enabled (ctrl 0006)
2025-09-13T08:02:55.614Z| vcpu-0| I125: pciBridge6:4: ISA/VGA decoding enabled (ctrl 0006)
2025-09-13T08:02:55.614Z| vcpu-0| I125: pciBridge6:5: ISA/VGA decoding enabled (ctrl 0006)
2025-09-13T08:02:55.615Z| vcpu-0| I125: pciBridge6:6: ISA/VGA decoding enabled (ctrl 0006)
2025-09-13T08:02:55.615Z| vcpu-0| I125: pciBridge6:7: ISA/VGA decoding enabled (ctrl 0006)
2025-09-13T08:02:55.615Z| vcpu-0| I125: PCIBridge7: ISA/VGA decoding enabled (ctrl 0006)
2025-09-13T08:02:55.615Z| vcpu-0| I125: pciBridge7:1: ISA/VGA decoding enabled (ctrl 0006)
2025-09-13T08:02:55.615Z| vcpu-0| I125: pciBridge7:2: ISA/VGA decoding enabled (ctrl 0006)
2025-09-13T08:02:55.615Z| vcpu-0| I125: pciBridge7:3: ISA/VGA decoding enabled (ctrl 0006)
2025-09-13T08:02:55.615Z| vcpu-0| I125: pciBridge7:4: ISA/VGA decoding enabled (ctrl 0006)
2025-09-13T08:02:55.616Z| vcpu-0| I125: pciBridge7:5: ISA/VGA decoding enabled (ctrl 0006)
2025-09-13T08:02:55.616Z| vcpu-0| I125: pciBridge7:6: ISA/VGA decoding enabled (ctrl 0006)
2025-09-13T08:02:55.616Z| vcpu-0| I125: pciBridge7:7: ISA/VGA decoding enabled (ctrl 0006)
2025-09-13T08:02:56.561Z| vcpu-0| I125: Ethernet0 MAC Address: 00:0c:29:0d:ed:8d
2025-09-13T08:02:56.561Z| vcpu-0| I125: VMXNET3 user: Ethernet0 RSS fields requested by vmx: 3
2025-09-13T08:02:56.561Z| vcpu-0| I125: VMXNET3 user: Supported set 0x0000001f, configured set 0x00000001
2025-09-13T08:02:56.856Z| vcpu-0| I125: Guest MSR write (0x49: 0x1)
2025-09-13T08:03:00.924Z| vcpu-1| I125: HBACommon: First write on scsi0:0.fileName='/vmfs/volumes/3a4fd8ce-fc4375c4-effb-5cf3fce846f8/SGRL-VCSA02/SGRL-VCSA02.vmdk'
2025-09-13T08:03:00.925Z| vcpu-1| I125: DDB: "longContentID" = "f8ddd5086670061775cc28ed07b175a6" (was "9ddb5be124f3fe4cbf5149d7e5b2a14d")
2025-09-13T08:03:00.967Z| vcpu-1| I125: DISKLIB-CHAIN : DiskChainUpdateContentID: old=0xe5b2a14d, new=0x7b175a6 (f8ddd5086670061775cc28ed07b175a6)
2025-09-13T08:03:02.981Z| vmx| I125: GuestRpc: Got RPCI vsocket connection 3, assigned to channel 0.
2025-09-13T08:03:02.998Z| vmx| I125: GuestRpc: Got error for channel 0 connection 3: Remote disconnected
2025-09-13T08:03:02.998Z| vmx| I125: GuestRpc: Closing channel 0 connection 3
2025-09-13T08:03:03.002Z| vmx| I125: GuestRpc: Got RPCI vsocket connection 4, assigned to channel 0.
2025-09-13T08:03:03.026Z| vmx| I125: GuestRpc: Got error for channel 0 connection 4: Remote disconnected
2025-09-13T08:03:03.026Z| vmx| I125: GuestRpc: Closing channel 0 connection 4
2025-09-13T08:03:03.135Z| vcpu-0| I125: Tools: Running status rpc handler: 0 => 1.
2025-09-13T08:03:03.135Z| vcpu-0| I125: Tools: Changing running status: 0 => 1.
2025-09-13T08:03:03.135Z| vcpu-0| I125: Tools: Removing Tools inactivity timer.
2025-09-13T08:03:06.907Z| vcpu-1| I125: CDROM: Emulate GET CONFIGURATION RT 0 starting feature 0
2025-09-13T08:03:06.907Z| vcpu-1| I125: CDROM: Emulate GET CONFIGURATION RT 0 starting feature 0
2025-09-13T08:03:07.017Z| vcpu-1| I125: VMMouse: CMD Read ID
2025-09-13T08:03:07.747Z| vmx| I125: GuestRpc: Got RPCI vsocket connection 5, assigned to channel 0.
2025-09-13T08:03:07.748Z| vmx| I125: Guest: [vgauthservice] VGAuthService build-22544099 starting up
2025-09-13T08:03:07.770Z| vmx| I125: GuestRpc: Got error for channel 0 connection 5: Remote disconnected
2025-09-13T08:03:07.770Z| vmx| I125: GuestRpc: Closing channel 0 connection 5
2025-09-13T08:03:07.869Z| vmx| I125: GuestRpc: Got RPCI vsocket connection 6, assigned to channel 0.
2025-09-13T08:03:07.869Z| vmx| I125: Guest: [vgauthservice] SAML_Init: Using xmlsec1 1.2.30 for XML signature support
2025-09-13T08:03:07.885Z| vmx| I125: GuestRpc: Got error for channel 0 connection 6: Remote disconnected
2025-09-13T08:03:07.886Z| vmx| I125: GuestRpc: Closing channel 0 connection 6
2025-09-13T08:03:08.251Z| vmx| I125: GuestRpc: Got RPCI vsocket connection 7, assigned to channel 0.
2025-09-13T08:03:08.378Z| vmx| A100: ConfigDB: Setting tools.syncTime = "FALSE"
2025-09-13T08:03:08.384Z| vmx| I125: Guest: toolbox: Version: 12.3.5.46049 (build-22544099)
2025-09-13T08:03:08.385Z| vcpu-1| W115: GuestRpc: application toolbox, changing channel 65535 -> 0
2025-09-13T08:03:08.385Z| vcpu-1| I125: GuestRpc: Channel 0, guest application toolbox.
2025-09-13T08:03:08.385Z| vcpu-1| I125: DEPLOYPKG: ToolsDeployPkg_Begin: state=0 err=0, msg=null
2025-09-13T08:03:08.388Z| vmx| I125: Tools: Changing running status: 1 => 2.
2025-09-13T08:03:08.388Z| vmx| I125: TOOLS Received tools.set.versiontype rpc call, version = 12389, type = 4
2025-09-13T08:03:08.388Z| vmx| I125: TOOLS Setting toolsVersionStatus = TOOLS_STATUS_UNMANAGED
2025-09-13T08:03:08.388Z| vmx| I125: TOOLS setting legacy tools version to '12389' type 4, manifest status is 8
2025-09-13T08:03:08.388Z| vmx| I125: Tools_SetVersionAndType: Updating the Tools Version in the disk
2025-09-13T08:03:08.856Z| vmx| I125: Tools_SetVersionAndType: Done updating the Tools Version in the disk
2025-09-13T08:03:08.856Z| vmx| I125: TOOLS using cached value 1 for isoImageExists (refreshCount=1, lastCount=1).
2025-09-13T08:03:08.856Z| vmx| I125: VMXVmdb_SetToolsVersionStatus: status value set to 'unmanaged', 'unmanaged', install possible
2025-09-13T08:03:08.861Z| vmx| I125: Guest: Executing script for state change 'OS_PowerOn'.
2025-09-13T08:03:09.513Z| vmx| I125: Guest: Script exit code: 0, success = 1
2025-09-13T08:03:09.513Z| vmx| I125: TOOLS state change 3 returned status 1
2025-09-13T08:03:09.513Z| vmx| I125: Vix: [mainDispatch.c:4156]: VMAutomationReportPowerStateChange: Reporting power state change (opcode=2, err=0).
2025-09-13T08:03:09.513Z| vmx| I125: Tools: Changing running status: 2 => 1.
2025-09-13T08:03:27.045Z| vmx| I125: GuestRpc: Got RPCI vsocket connection 8, assigned to channel 1.
2025-09-13T08:03:27.066Z| vmx| I125: GuestRpc: Got error for channel 1 connection 8: Remote disconnected
2025-09-13T08:03:27.066Z| vmx| I125: GuestRpc: Closing channel 1 connection 8
2025-09-13T08:03:31.059Z| vmx| I125: GuestRpc: Got RPCI vsocket connection 9, assigned to channel 1.
2025-09-13T08:03:31.078Z| vmx| I125: GuestRpc: Got error for channel 1 connection 9: Remote disconnected
2025-09-13T08:03:31.078Z| vmx| I125: GuestRpc: Closing channel 1 connection 9
2025-09-13T08:03:33.967Z| vmx| I125: GuestRpc: Got RPCI vsocket connection 10, assigned to channel 1.
2025-09-13T08:03:33.986Z| vmx| I125: GuestRpc: Got error for channel 1 connection 10: Remote disconnected
2025-09-13T08:03:33.986Z| vmx| I125: GuestRpc: Closing channel 1 connection 10
2025-09-13T08:03:34.131Z| vmx| I125: GuestRpc: Got RPCI vsocket connection 11, assigned to channel 1.
2025-09-13T08:03:34.133Z| vmx| I125: Guest: [vgauthservice] VGAuthService END SERVICE
2025-09-13T08:03:34.134Z| vcpu-1| I125: GuestRpc: Reinitializing Channel 0(toolbox)
2025-09-13T08:03:34.154Z| vmx| I125: GuestRpc: Got error for channel 1 connection 11: Remote disconnected
2025-09-13T08:03:34.154Z| vmx| I125: GuestRpc: Closing channel 1 connection 11
2025-09-13T08:03:34.174Z| vmx| I125: GuestRpc: Got RPCI vsocket connection 12, assigned to channel 1.
2025-09-13T08:03:34.174Z| vmx| I125: Guest: [vgauthservice] VGAuthService build-22544099 starting up
2025-09-13T08:03:34.178Z| vmx| I125: GuestRpc: Got error for channel 0 connection 7: Remote disconnected
2025-09-13T08:03:34.178Z| vmx| I125: GuestRpc: Closing channel 0 connection 7
2025-09-13T08:03:34.202Z| vmx| I125: GuestRpc: Got error for channel 1 connection 12: Remote disconnected
2025-09-13T08:03:34.202Z| vmx| I125: GuestRpc: Closing channel 1 connection 12
2025-09-13T08:03:34.206Z| vmx| I125: GuestRpc: Got RPCI vsocket connection 13, assigned to channel 0.
2025-09-13T08:03:34.206Z| vmx| I125: Guest: [vgauthservice] SAML_Init: Using xmlsec1 1.2.30 for XML signature support
2025-09-13T08:03:34.216Z| vmx| I125: GuestRpc: Got RPCI vsocket connection 14, assigned to channel 1.
2025-09-13T08:03:34.226Z| vmx| I125: GuestRpc: Got error for channel 0 connection 13: Remote disconnected
2025-09-13T08:03:34.226Z| vmx| I125: GuestRpc: Closing channel 0 connection 13
2025-09-13T08:03:34.246Z| vmx| I125: Guest: toolbox: Version: 12.3.5.46049 (build-22544099)
2025-09-13T08:03:34.246Z| vcpu-1| W115: GuestRpc: application toolbox, changing channel 65535 -> 0
2025-09-13T08:03:34.246Z| vcpu-1| I125: GuestRpc: Channel 0, guest application toolbox.
2025-09-13T08:03:34.246Z| vcpu-1| I125: DEPLOYPKG: ToolsDeployPkg_Begin: state=0 err=0, msg=null
2025-09-13T08:03:34.258Z| vmx| I125: Vix: [mainDispatch.c:4156]: VMAutomationReportPowerStateChange: Reporting power state change (opcode=2, err=0).
2025-09-13T08:03:34.259Z| vmx| I125: TOOLS Received tools.set.versiontype rpc call, version = 12389, type = 4
2025-09-13T08:03:34.259Z| vmx| I125: TOOLS Setting toolsVersionStatus = TOOLS_STATUS_UNMANAGED
2025-09-13T08:03:34.259Z| vmx| I125: Tools_SetVersionAndType did nothing; new tools version (12389) and type (4) match old Tools version and type
2025-09-13T08:03:40.568Z| vmx| I125: GuestRpc: Got RPCI vsocket connection 15, assigned to channel 0.
2025-09-13T08:03:40.582Z| vmx| I125: GuestRpc: Got error for channel 0 connection 15: Remote disconnected
2025-09-13T08:03:40.582Z| vmx| I125: GuestRpc: Closing channel 0 connection 15
2025-09-13T08:03:41.331Z| vmx| I125: GuestRpc: Got RPCI vsocket connection 16, assigned to channel 0.
2025-09-13T08:03:41.350Z| vmx| I125: GuestRpc: Got error for channel 0 connection 16: Remote disconnected
2025-09-13T08:03:41.350Z| vmx| I125: GuestRpc: Closing channel 0 connection 16
2025-09-13T08:03:42.139Z| vmx| I125: GuestRpc: Got RPCI vsocket connection 17, assigned to channel 0.
2025-09-13T08:03:42.158Z| vmx| I125: GuestRpc: Got error for channel 0 connection 17: Remote disconnected
2025-09-13T08:03:42.158Z| vmx| I125: GuestRpc: Closing channel 0 connection 17
2025-09-13T08:03:42.824Z| vmx| I125: GuestRpc: Got RPCI vsocket connection 18, assigned to channel 0.
2025-09-13T08:03:42.842Z| vmx| I125: GuestRpc: Got error for channel 0 connection 18: Remote disconnected
2025-09-13T08:03:42.842Z| vmx| I125: GuestRpc: Closing channel 0 connection 18
2025-09-13T08:03:43.480Z| vmx| I125: GuestRpc: Got RPCI vsocket connection 19, assigned to channel 0.
2025-09-13T08:03:43.494Z| vmx| I125: GuestRpc: Got error for channel 0 connection 19: Remote disconnected
2025-09-13T08:03:43.494Z| vmx| I125: GuestRpc: Closing channel 0 connection 19
2025-09-13T08:03:44.259Z| vmx| I125: GuestRpc: Got RPCI vsocket connection 20, assigned to channel 0.
2025-09-13T08:03:44.274Z| vmx| I125: GuestRpc: Got error for channel 0 connection 20: Remote disconnected
2025-09-13T08:03:44.274Z| vmx| I125: GuestRpc: Closing channel 0 connection 20
2025-09-13T08:03:47.227Z| vmx| I125: GuestRpc: Got RPCI vsocket connection 21, assigned to channel 0.
2025-09-13T08:03:47.246Z| vmx| I125: GuestRpc: Got error for channel 0 connection 21: Remote disconnected
2025-09-13T08:03:47.246Z| vmx| I125: GuestRpc: Closing channel 0 connection 21
2025-09-13T08:03:47.509Z| vcpu-1| I125: VMXNET3 user: Ethernet0 Driver Info: version = 17235968 gosBits = 2 gosType = 1, gosVer = 0, gosMisc = 0
2025-09-13T08:03:47.509Z| vcpu-1| I125: VMXNET3 user: Activate request succeeds for device 0.
2025-09-13T08:03:57.878Z| vcpu-0| I125: HBACommon: First write on scsi0:2.fileName='/vmfs/volumes/3a4fd8ce-fc4375c4-effb-5cf3fce846f8/SGRL-VCSA02/SGRL-VCSA02_2.vmdk'
2025-09-13T08:03:57.878Z| vcpu-0| I125: DDB: "longContentID" = "f15ad71055145c07546cbc49648bc371" (was "bbc36e3f963eba84e3a33f27fffffffe")
2025-09-13T08:03:58.002Z| vcpu-0| I125: DISKLIB-CHAIN : DiskChainUpdateContentID: old=0xfffffffe, new=0x648bc371 (f15ad71055145c07546cbc49648bc371)
2025-09-13T08:03:58.734Z| vcpu-0| I125: HBACommon: First write on scsi0:3.fileName='/vmfs/volumes/3a4fd8ce-fc4375c4-effb-5cf3fce846f8/SGRL-VCSA02/SGRL-VCSA02_3.vmdk'
2025-09-13T08:03:58.734Z| vcpu-0| I125: DDB: "longContentID" = "d13b06c9e072e18c8f58fdd3ec9fc66d" (was "06b8c266aab7931517c1c336fffffffe")
2025-09-13T08:03:58.741Z| vcpu-0| I125: DISKLIB-CHAIN : DiskChainUpdateContentID: old=0xfffffffe, new=0xec9fc66d (d13b06c9e072e18c8f58fdd3ec9fc66d)
2025-09-13T08:03:59.611Z| vcpu-1| I125: HBACommon: First write on scsi0:4.fileName='/vmfs/volumes/3a4fd8ce-fc4375c4-effb-5cf3fce846f8/SGRL-VCSA02/SGRL-VCSA02_4.vmdk'
2025-09-13T08:03:59.611Z| vcpu-1| I125: DDB: "longContentID" = "7bedf890c5d4c6191bb5d7bb780cf6b6" (was "ea79a889b1cd364f00bb4e6bfffffffe")
2025-09-13T08:03:59.630Z| vcpu-1| I125: DISKLIB-CHAIN : DiskChainUpdateContentID: old=0xfffffffe, new=0x780cf6b6 (7bedf890c5d4c6191bb5d7bb780cf6b6)
2025-09-13T08:04:00.294Z| vcpu-0| I125: HBACommon: First write on scsi0:5.fileName='/vmfs/volumes/3a4fd8ce-fc4375c4-effb-5cf3fce846f8/SGRL-VCSA02/SGRL-VCSA02_5.vmdk'
2025-09-13T08:04:00.294Z| vcpu-0| I125: DDB: "longContentID" = "a21a4c11532171dc1dbdebffe49106de" (was "3a562e99475df09d6689a0ecfffffffe")
2025-09-13T08:04:00.307Z| vcpu-0| I125: DISKLIB-CHAIN : DiskChainUpdateContentID: old=0xfffffffe, new=0xe49106de (a21a4c11532171dc1dbdebffe49106de)
2025-09-13T08:04:01.123Z| vcpu-0| I125: HBACommon: First write on scsi0:6.fileName='/vmfs/volumes/3a4fd8ce-fc4375c4-effb-5cf3fce846f8/SGRL-VCSA02/SGRL-VCSA02_6.vmdk'
2025-09-13T08:04:01.123Z| vcpu-0| I125: DDB: "longContentID" = "fd065ded293e13ec944c8bbd684f84f3" (was "5572a2fb09ed4de39cda50e7fffffffe")
2025-09-13T08:04:01.130Z| vcpu-0| I125: DISKLIB-CHAIN : DiskChainUpdateContentID: old=0xfffffffe, new=0x684f84f3 (fd065ded293e13ec944c8bbd684f84f3)
2025-09-13T08:04:01.702Z| vcpu-0| I125: HBACommon: First write on scsi0:8.fileName='/vmfs/volumes/3a4fd8ce-fc4375c4-effb-5cf3fce846f8/SGRL-VCSA02/SGRL-VCSA02_7.vmdk'
2025-09-13T08:04:01.702Z| vcpu-0| I125: DDB: "longContentID" = "eaf55f554ebe3fdae39797efc45b4fcf" (was "5648d9c35081e659f895fadbfffffffe")
2025-09-13T08:04:01.721Z| vcpu-0| I125: DISKLIB-CHAIN : DiskChainUpdateContentID: old=0xfffffffe, new=0xc45b4fcf (eaf55f554ebe3fdae39797efc45b4fcf)
2025-09-13T08:04:02.354Z| vcpu-0| I125: HBACommon: First write on scsi0:9.fileName='/vmfs/volumes/3a4fd8ce-fc4375c4-effb-5cf3fce846f8/SGRL-VCSA02/SGRL-VCSA02_8.vmdk'
2025-09-13T08:04:02.355Z| vcpu-0| I125: DDB: "longContentID" = "dc93d69553cceb7f79d2179b2c162260" (was "750a943ec762a447566d74e1fffffffe")
2025-09-13T08:04:02.361Z| vcpu-0| I125: DISKLIB-CHAIN : DiskChainUpdateContentID: old=0xfffffffe, new=0x2c162260 (dc93d69553cceb7f79d2179b2c162260)
2025-09-13T08:04:02.823Z| vcpu-0| I125: HBACommon: First write on scsi0:10.fileName='/vmfs/volumes/3a4fd8ce-fc4375c4-effb-5cf3fce846f8/SGRL-VCSA02/SGRL-VCSA02_9.vmdk'
2025-09-13T08:04:02.823Z| vcpu-0| I125: DDB: "longContentID" = "e3273570c1bd9397f697c220768487f4" (was "fb6f7f546bc54d0c688d69fffffffffe")
2025-09-13T08:04:02.829Z| vcpu-0| I125: DISKLIB-CHAIN : DiskChainUpdateContentID: old=0xfffffffe, new=0x768487f4 (e3273570c1bd9397f697c220768487f4)
2025-09-13T08:04:03.566Z| vcpu-1| I125: HBACommon: First write on scsi0:11.fileName='/vmfs/volumes/3a4fd8ce-fc4375c4-effb-5cf3fce846f8/SGRL-VCSA02/SGRL-VCSA02_10.vmdk'
2025-09-13T08:04:03.566Z| vcpu-1| I125: DDB: "longContentID" = "e6b4e840eb7a7eb721988387ecac07f0" (was "2829dd9ae74d9fd7ae67257afffffffe")
2025-09-13T08:04:03.581Z| vcpu-1| I125: DISKLIB-CHAIN : DiskChainUpdateContentID: old=0xfffffffe, new=0xecac07f0 (e6b4e840eb7a7eb721988387ecac07f0)
2025-09-13T08:04:04.198Z| vcpu-0| I125: HBACommon: First write on scsi0:12.fileName='/vmfs/volumes/3a4fd8ce-fc4375c4-effb-5cf3fce846f8/SGRL-VCSA02/SGRL-VCSA02_11.vmdk'
2025-09-13T08:04:04.198Z| vcpu-0| I125: DDB: "longContentID" = "0571089aa07c322cf055b66a511ca9c1" (was "8756cc5ee8dcc8d327e544a6fffffffe")
2025-09-13T08:04:04.207Z| vcpu-0| I125: DISKLIB-CHAIN : DiskChainUpdateContentID: old=0xfffffffe, new=0x511ca9c1 (0571089aa07c322cf055b66a511ca9c1)
2025-09-13T08:04:04.237Z| vmx| I125: GuestInfo: HostinfoDetailedDataHeader version: 1
2025-09-13T08:04:04.237Z| vmx| A100: ConfigDB: Setting guestOS.detailed.data = "architecture='X86' bitness='64' distroAddlVersion='4.0' distroName='VMware Photon OS' distroVersion='4.0' familyName='Linux' kernelVersion='5.10.210-2.ph4' prettyName='VMware Photon OS/Linux'"
2025-09-13T08:04:06.402Z| vcpu-0| I125: HBACommon: First write on scsi0:13.fileName='/vmfs/volumes/3a4fd8ce-fc4375c4-effb-5cf3fce846f8/SGRL-VCSA02/SGRL-VCSA02_12.vmdk'
2025-09-13T08:04:06.402Z| vcpu-0| I125: DDB: "longContentID" = "b014b82df274344a0d2c3325af68b616" (was "0893e1dca500f7d45dd9bc54fffffffe")
2025-09-13T08:04:06.502Z| vcpu-0| I125: DISKLIB-CHAIN : DiskChainUpdateContentID: old=0xfffffffe, new=0xaf68b616 (b014b82df274344a0d2c3325af68b616)
2025-09-13T08:04:07.790Z| vcpu-0| I125: HBACommon: First write on scsi0:14.fileName='/vmfs/volumes/3a4fd8ce-fc4375c4-effb-5cf3fce846f8/SGRL-VCSA02/SGRL-VCSA02_13.vmdk'
2025-09-13T08:04:07.790Z| vcpu-0| I125: DDB: "longContentID" = "5692ed234a4ec9790076b9708c0c19db" (was "2650506e7e21c966be74badafffffffe")
2025-09-13T08:04:07.816Z| vcpu-0| I125: DISKLIB-CHAIN : DiskChainUpdateContentID: old=0xfffffffe, new=0x8c0c19db (5692ed234a4ec9790076b9708c0c19db)
2025-09-13T08:04:08.446Z| vcpu-0| I125: HBACommon: First write on scsi0:15.fileName='/vmfs/volumes/3a4fd8ce-fc4375c4-effb-5cf3fce846f8/SGRL-VCSA02/SGRL-VCSA02_14.vmdk'
2025-09-13T08:04:08.446Z| vcpu-0| I125: DDB: "longContentID" = "e2219b1c078b7dcca6b9315bf4619de3" (was "0d27318b7b9c3cdc64879173fffffffe")
2025-09-13T08:04:08.461Z| vcpu-0| I125: DISKLIB-CHAIN : DiskChainUpdateContentID: old=0xfffffffe, new=0xf4619de3 (e2219b1c078b7dcca6b9315bf4619de3)
2025-09-13T08:04:09.098Z| vcpu-1| I125: HBACommon: First write on scsi1:0.fileName='/vmfs/volumes/3a4fd8ce-fc4375c4-effb-5cf3fce846f8/SGRL-VCSA02/SGRL-VCSA02_15.vmdk'
2025-09-13T08:04:09.098Z| vcpu-1| I125: DDB: "longContentID" = "38c37a646348833395b010245bee19f8" (was "0fc6ec129722aaf96c3deefafffffffe")
2025-09-13T08:04:09.116Z| vcpu-1| I125: DISKLIB-CHAIN : DiskChainUpdateContentID: old=0xfffffffe, new=0x5bee19f8 (38c37a646348833395b010245bee19f8)
2025-09-13T08:04:11.399Z| vcpu-1| I125: HBACommon: First write on scsi1:1.fileName='/vmfs/volumes/3a4fd8ce-fc4375c4-effb-5cf3fce846f8/SGRL-VCSA02/SGRL-VCSA02_16.vmdk'
2025-09-13T08:04:11.399Z| vcpu-1| I125: DDB: "longContentID" = "e43b7f5b782c528e1c3c7a28c9a6acf1" (was "83e5b8f3dec5a7e52feb4e9ffffffffe")
2025-09-13T08:04:11.433Z| vcpu-1| I125: DISKLIB-CHAIN : DiskChainUpdateContentID: old=0xfffffffe, new=0xc9a6acf1 (e43b7f5b782c528e1c3c7a28c9a6acf1)
2025-09-13T08:04:45.147Z| vmx| I125: VigorTransportProcessClientPayload: opID=ee8eb1d1 seq=1644: Receiving GuestOps.InitiateFileTransferFromGuest request.
2025-09-13T08:04:45.221Z| vcpu-1| I125: VigorTransport_ServerSendResponse opID=ee8eb1d1 seq=1644: Completed GuestOps request with messages.
2025-09-13T08:04:51.417Z| vmx| I125: GuestRpc: Got RPCI vsocket connection 22, assigned to channel 0.
2025-09-13T08:04:51.422Z| vmx| I125: GuestRpc: Got error for channel 0 connection 22: Remote disconnected
2025-09-13T08:04:51.422Z| vmx| I125: GuestRpc: Closing channel 0 connection 22
2025-09-13T08:04:51.936Z| vmx| I125: GuestRpc: Got RPCI vsocket connection 23, assigned to channel 0.
2025-09-13T08:04:51.950Z| vmx| I125: GuestRpc: Got error for channel 0 connection 23: Remote disconnected
2025-09-13T08:04:51.950Z| vmx| I125: GuestRpc: Closing channel 0 connection 23
2025-09-13T08:04:54.011Z| vmx| I125: GuestRpc: Got RPCI vsocket connection 24, assigned to channel 0.
2025-09-13T08:04:54.030Z| vmx| I125: GuestRpc: Got error for channel 0 connection 24: Remote disconnected
2025-09-13T08:04:54.030Z| vmx| I125: GuestRpc: Closing channel 0 connection 24
2025-09-13T08:04:55.158Z| vmx| I125: VigorTransportProcessClientPayload: opID=ee8eb1df seq=1664: Receiving GuestOps.InitiateFileTransferFromGuest request.
2025-09-13T08:04:55.257Z| vcpu-1| I125: VigorTransport_ServerSendResponse opID=ee8eb1df seq=1664: Completed GuestOps request with messages.
2025-09-13T08:05:05.165Z| vmx| I125: VigorTransportProcessClientPayload: opID=ee8eb1ff seq=1711: Receiving GuestOps.InitiateFileTransferFromGuest request.
2025-09-13T08:05:05.189Z| vcpu-0| I125: VigorTransport_ServerSendResponse opID=ee8eb1ff seq=1711: Completed GuestOps request with messages.
2025-09-13T08:05:15.179Z| vmx| I125: VigorTransportProcessClientPayload: opID=ee8eb20d seq=1732: Receiving GuestOps.InitiateFileTransferFromGuest request.
2025-09-13T08:05:15.212Z| vcpu-0| I125: VigorTransport_ServerSendResponse opID=ee8eb20d seq=1732: Completed GuestOps request with messages.
2025-09-13T08:05:18.538Z| vmx| I125: GuestRpc: Got RPCI vsocket connection 25, assigned to channel 0.
2025-09-13T08:05:18.554Z| vmx| I125: GuestRpc: Got error for channel 0 connection 25: Remote disconnected
2025-09-13T08:05:18.554Z| vmx| I125: GuestRpc: Closing channel 0 connection 25
2025-09-13T08:05:19.094Z| vmx| I125: GuestRpc: Got RPCI vsocket connection 26, assigned to channel 0.
2025-09-13T08:05:19.114Z| vmx| I125: GuestRpc: Got error for channel 0 connection 26: Remote disconnected
2025-09-13T08:05:19.114Z| vmx| I125: GuestRpc: Closing channel 0 connection 26
2025-09-13T08:05:25.184Z| vmx| I125: VigorTransportProcessClientPayload: opID=ee8eb224 seq=1751: Receiving GuestOps.InitiateFileTransferFromGuest request.
2025-09-13T08:05:25.223Z| vcpu-0| I125: VigorTransport_ServerSendResponse opID=ee8eb224 seq=1751: Completed GuestOps request with messages.
2025-09-13T08:05:35.194Z| vmx| I125: VigorTransportProcessClientPayload: opID=ee8eb23f seq=1799: Receiving GuestOps.InitiateFileTransferFromGuest request.
2025-09-13T08:05:35.275Z| vcpu-0| I125: VigorTransport_ServerSendResponse opID=ee8eb23f seq=1799: Completed GuestOps request with messages.
2025-09-13T08:05:38.692Z| vmx| I125: GuestRpc: Got RPCI vsocket connection 27, assigned to channel 0.
2025-09-13T08:05:38.714Z| vmx| I125: GuestRpc: Got error for channel 0 connection 27: Remote disconnected
2025-09-13T08:05:38.714Z| vmx| I125: GuestRpc: Closing channel 0 connection 27
2025-09-13T08:05:46.093Z| vmx| I125: VigorTransportProcessClientPayload: opID=ee8eb254 seq=1819: Receiving GuestOps.InitiateFileTransferFromGuest request.
2025-09-13T08:05:46.157Z| vcpu-0| I125: VigorTransport_ServerSendResponse opID=ee8eb254 seq=1819: Completed GuestOps request with messages.
2025-09-13T08:05:56.107Z| vmx| I125: VigorTransportProcessClientPayload: opID=ee8eb260 seq=1839: Receiving GuestOps.InitiateFileTransferFromGuest request.
2025-09-13T08:05:56.137Z| vcpu-0| I125: VigorTransport_ServerSendResponse opID=ee8eb260 seq=1839: Completed GuestOps request with messages.
2025-09-13T08:06:07.140Z| vmx| I125: VigorTransportProcessClientPayload: opID=ee8eb278 seq=1886: Receiving GuestOps.InitiateFileTransferFromGuest request.
2025-09-13T08:06:07.280Z| vcpu-1| I125: VigorTransport_ServerSendResponse opID=ee8eb278 seq=1886: Completed GuestOps request with messages.
2025-09-13T08:06:18.090Z| vmx| I125: VigorTransportProcessClientPayload: opID=ee8eb28c seq=1907: Receiving GuestOps.InitiateFileTransferFromGuest request.
2025-09-13T08:06:18.113Z| vcpu-0| I125: VigorTransport_ServerSendResponse opID=ee8eb28c seq=1907: Completed GuestOps request with messages.
2025-09-13T08:06:29.078Z| vmx| I125: VigorTransportProcessClientPayload: opID=ee8eb2af seq=1926: Receiving GuestOps.InitiateFileTransferFromGuest request.
2025-09-13T08:06:29.107Z| vcpu-0| I125: VigorTransport_ServerSendResponse opID=ee8eb2af seq=1926: Completed GuestOps request with messages.
2025-09-13T08:06:40.083Z| vmx| I125: VigorTransportProcessClientPayload: opID=ee8eb2be seq=2070: Receiving GuestOps.InitiateFileTransferFromGuest request.
2025-09-13T08:06:40.151Z| vcpu-0| I125: VigorTransport_ServerSendResponse opID=ee8eb2be seq=2070: Completed GuestOps request with messages.
2025-09-13T08:06:51.075Z| vmx| I125: VigorTransportProcessClientPayload: opID=ee8eb2d7 seq=2089: Receiving GuestOps.InitiateFileTransferFromGuest request.
2025-09-13T08:06:51.123Z| vcpu-1| I125: VigorTransport_ServerSendResponse opID=ee8eb2d7 seq=2089: Completed GuestOps request with messages.
2025-09-13T08:07:09.069Z| vmx| I125: GuestRpc: Got RPCI vsocket connection 28, assigned to channel 0.
2025-09-13T08:07:09.090Z| vmx| I125: GuestRpc: Got error for channel 0 connection 28: Remote disconnected
2025-09-13T08:07:09.090Z| vmx| I125: GuestRpc: Closing channel 0 connection 28
2025-09-13T08:07:17.780Z| vmx| I125: GuestRpc: Got RPCI vsocket connection 29, assigned to channel 0.
2025-09-13T08:07:17.798Z| vmx| I125: GuestRpc: Got error for channel 0 connection 29: Remote disconnected
2025-09-13T08:07:17.798Z| vmx| I125: GuestRpc: Closing channel 0 connection 29
2025-09-13T08:07:24.080Z| vmx| I125: VigorTransportProcessClientPayload: opID=ee8eb313 seq=2139: Receiving GuestOps.InitiateFileTransferFromGuest request.
2025-09-13T08:07:24.175Z| vcpu-1| I125: VigorTransport_ServerSendResponse opID=ee8eb313 seq=2139: Completed GuestOps request with messages.
2025-09-13T08:07:25.594Z| vmx| I125: GuestRpc: Got RPCI vsocket connection 30, assigned to channel 0.
2025-09-13T08:07:25.614Z| vmx| I125: GuestRpc: Got error for channel 0 connection 30: Remote disconnected
2025-09-13T08:07:25.614Z| vmx| I125: GuestRpc: Closing channel 0 connection 30
2025-09-13T08:08:23.161Z| vmx| I125: GuestRpc: Got RPCI vsocket connection 31, assigned to channel 0.
2025-09-13T08:08:23.178Z| vmx| I125: GuestRpc: Got error for channel 0 connection 31: Remote disconnected
2025-09-13T08:08:23.178Z| vmx| I125: GuestRpc: Closing channel 0 connection 31
2025-09-13T08:08:23.719Z| vmx| I125: GuestRpc: Got RPCI vsocket connection 32, assigned to channel 0.
2025-09-13T08:08:23.738Z| vmx| I125: GuestRpc: Got error for channel 0 connection 32: Remote disconnected
2025-09-13T08:08:23.738Z| vmx| I125: GuestRpc: Closing channel 0 connection 32
2025-09-13T08:08:24.080Z| vmx| I125: VigorTransportProcessClientPayload: opID=ee8eb36e seq=2219: Receiving GuestOps.InitiateFileTransferFromGuest request.
2025-09-13T08:08:24.191Z| vcpu-0| I125: VigorTransport_ServerSendResponse opID=ee8eb36e seq=2219: Completed GuestOps request with messages.
2025-09-13T08:08:24.289Z| vmx| I125: GuestRpc: Got RPCI vsocket connection 33, assigned to channel 0.
2025-09-13T08:08:24.302Z| vmx| I125: GuestRpc: Got error for channel 0 connection 33: Remote disconnected
2025-09-13T08:08:24.302Z| vmx| I125: GuestRpc: Closing channel 0 connection 33
2025-09-13T08:08:25.199Z| vmx| I125: GuestRpc: Got RPCI vsocket connection 34, assigned to channel 0.
2025-09-13T08:08:25.214Z| vmx| I125: GuestRpc: Got error for channel 0 connection 34: Remote disconnected
2025-09-13T08:08:25.214Z| vmx| I125: GuestRpc: Closing channel 0 connection 34
2025-09-13T08:09:24.095Z| vmx| I125: VigorTransportProcessClientPayload: opID=ee8eb3c6 seq=2299: Receiving GuestOps.InitiateFileTransferFromGuest request.
2025-09-13T08:09:24.204Z| vcpu-1| I125: VigorTransport_ServerSendResponse opID=ee8eb3c6 seq=2299: Completed GuestOps request with messages.
2025-09-13T08:10:09.211Z| vcpu-0| I125: VMXNET3 user: Quiesce device 0.
2025-09-13T08:10:09.216Z| vcpu-0| I125: Ethernet0 MAC Address: 00:0c:29:0d:ed:8d
2025-09-13T08:10:09.216Z| vcpu-0| I125: VMXNET3 user: Ethernet0 RSS fields requested by vmx: 3
2025-09-13T08:10:09.222Z| vcpu-0| I125: VMXNET3 user: Ethernet0 Driver Info: version = 17235968 gosBits = 2 gosType = 1, gosVer = 0, gosMisc = 0
2025-09-13T08:10:09.222Z| vcpu-0| I125: VMXNET3 user: Activate request succeeds for device 0.
2025-09-13T08:10:09.811Z| vmx| I125: GuestRpc: Got RPCI vsocket connection 35, assigned to channel 0.
2025-09-13T08:10:09.826Z| vmx| I125: GuestRpc: Got error for channel 0 connection 35: Remote disconnected
2025-09-13T08:10:09.826Z| vmx| I125: GuestRpc: Closing channel 0 connection 35
2025-09-13T08:10:10.461Z| vmx| I125: GuestRpc: Got RPCI vsocket connection 36, assigned to channel 0.
2025-09-13T08:10:10.478Z| vmx| I125: GuestRpc: Got error for channel 0 connection 36: Remote disconnected
2025-09-13T08:10:10.478Z| vmx| I125: GuestRpc: Closing channel 0 connection 36
2025-09-13T08:10:24.085Z| vmx| I125: VigorTransportProcessClientPayload: opID=ee8eb428 seq=2379: Receiving GuestOps.InitiateFileTransferFromGuest request.
2025-09-13T08:10:24.172Z| vcpu-1| I125: VigorTransport_ServerSendResponse opID=ee8eb428 seq=2379: Completed GuestOps request with messages.
2025-09-13T08:10:30.112Z| vmx| I125: VigorTransportProcessClientPayload: opID=ee8eb435 seq=2403: Receiving GuestOps.InitiateFileTransferFromGuest request.
2025-09-13T08:10:30.222Z| vcpu-1| I125: VigorTransport_ServerSendResponse opID=ee8eb435 seq=2403: Completed GuestOps request with messages.
2025-09-13T08:14:04.466Z| vmx| I125: GuestRpc: Got RPCI vsocket connection 37, assigned to channel 0.
2025-09-13T08:14:04.494Z| vmx| I125: GuestRpc: Got error for channel 0 connection 37: Remote disconnected
2025-09-13T08:14:04.494Z| vmx| I125: GuestRpc: Closing channel 0 connection 37
2025-09-13T08:14:06.636Z| vmx| I125: GuestRpc: Got RPCI vsocket connection 38, assigned to channel 0.
2025-09-13T08:14:06.646Z| vmx| I125: GuestRpc: Got error for channel 0 connection 38: Remote disconnected
2025-09-13T08:14:06.646Z| vmx| I125: GuestRpc: Closing channel 0 connection 38
2025-09-13T08:14:06.687Z| vmx| I125: GuestRpc: Got RPCI vsocket connection 39, assigned to channel 0.
2025-09-13T08:14:06.706Z| vmx| I125: GuestRpc: Got error for channel 0 connection 39: Remote disconnected
2025-09-13T08:14:06.706Z| vmx| I125: GuestRpc: Closing channel 0 connection 39
2025-09-13T08:14:06.757Z| vmx| I125: GuestRpc: Got RPCI vsocket connection 40, assigned to channel 0.
2025-09-13T08:14:06.770Z| vmx| I125: GuestRpc: Got error for channel 0 connection 40: Remote disconnected
2025-09-13T08:14:06.770Z| vmx| I125: GuestRpc: Closing channel 0 connection 40
2025-09-13T08:16:15.645Z| vcpu-0| I125: VMXNET3 user: Quiesce device 0.
2025-09-13T08:16:15.767Z| vcpu-1| I125: VMXNET3 user: Ethernet0 Driver Info: version = 17235968 gosBits = 2 gosType = 1, gosVer = 0, gosMisc = 0
2025-09-13T08:16:15.767Z| vcpu-1| I125: VMXNET3 user: Activate request succeeds for device 0.
2025-09-13T08:16:19.716Z| vcpu-1| I125: VMXNET3 user: Quiesce device 0.
2025-09-13T08:16:19.800Z| vcpu-1| I125: VMXNET3 user: Ethernet0 Driver Info: version = 17235968 gosBits = 2 gosType = 1, gosVer = 0, gosMisc = 0
2025-09-13T08:16:19.800Z| vcpu-1| I125: VMXNET3 user: Activate request succeeds for device 0.
2025-09-13T08:20:25.720Z| vmx| I125: GuestRpc: Got RPCI vsocket connection 41, assigned to channel 0.
2025-09-13T08:20:25.721Z| vmx| A100: ConfigDB: Setting tools.syncTime = "TRUE"
2025-09-13T08:20:25.778Z| vmx| I125: GuestRpc: Got error for channel 0 connection 41: Remote disconnected
2025-09-13T08:20:25.778Z| vmx| I125: GuestRpc: Closing channel 0 connection 41
2025-09-13T08:20:27.177Z| vcpu-0| I125: VMXNET3 user: Quiesce device 0.
2025-09-13T08:20:27.290Z| vcpu-1| I125: VMXNET3 user: Ethernet0 Driver Info: version = 17235968 gosBits = 2 gosType = 1, gosVer = 0, gosMisc = 0
2025-09-13T08:20:27.290Z| vcpu-1| I125: VMXNET3 user: Activate request succeeds for device 0.
2025-09-13T08:20:31.046Z| vcpu-1| I125: VMXNET3 user: Quiesce device 0.
2025-09-13T08:20:31.133Z| vcpu-1| I125: VMXNET3 user: Ethernet0 Driver Info: version = 17235968 gosBits = 2 gosType = 1, gosVer = 0, gosMisc = 0
2025-09-13T08:20:31.133Z| vcpu-1| I125: VMXNET3 user: Activate request succeeds for device 0.
2025-09-13T08:22:21.615Z| vmx| I125: GuestRpc: Got RPCI vsocket connection 42, assigned to channel 0.
2025-09-13T08:22:21.635Z| vmx| I125: GuestRpc: Got error for channel 0 connection 42: Remote disconnected
2025-09-13T08:22:21.635Z| vmx| I125: GuestRpc: Closing channel 0 connection 42
2025-09-13T08:22:24.469Z| vmx| I125: GuestRpc: Got RPCI vsocket connection 43, assigned to channel 0.
2025-09-13T08:22:24.482Z| vmx| I125: GuestRpc: Got error for channel 0 connection 43: Remote disconnected
2025-09-13T08:22:24.482Z| vmx| I125: GuestRpc: Closing channel 0 connection 43
2025-09-13T08:22:25.556Z| vmx| I125: GuestRpc: Got RPCI vsocket connection 44, assigned to channel 0.
2025-09-13T08:22:25.570Z| vmx| I125: GuestRpc: Got error for channel 0 connection 44: Remote disconnected
2025-09-13T08:22:25.570Z| vmx| I125: GuestRpc: Closing channel 0 connection 44
2025-09-13T08:22:28.018Z| vmx| I125: GuestRpc: Got RPCI vsocket connection 45, assigned to channel 0.
2025-09-13T08:22:28.037Z| vmx| I125: GuestRpc: Got error for channel 0 connection 45: Remote disconnected
2025-09-13T08:22:28.037Z| vmx| I125: GuestRpc: Closing channel 0 connection 45
2025-09-13T08:22:29.408Z| vmx| I125: GuestRpc: Got RPCI vsocket connection 46, assigned to channel 0.
2025-09-13T08:22:29.421Z| vmx| I125: GuestRpc: Got error for channel 0 connection 46: Remote disconnected
2025-09-13T08:22:29.421Z| vmx| I125: GuestRpc: Closing channel 0 connection 46
2025-09-13T08:22:58.478Z| vmx| I125: GuestRpc: Got RPCI vsocket connection 47, assigned to channel 0.
2025-09-13T08:22:58.494Z| vmx| I125: GuestRpc: Got error for channel 0 connection 47: Remote disconnected
2025-09-13T08:22:58.494Z| vmx| I125: GuestRpc: Closing channel 0 connection 47
2025-09-13T08:23:01.504Z| vmx| I125: GuestRpc: Got RPCI vsocket connection 48, assigned to channel 0.
2025-09-13T08:23:01.526Z| vmx| I125: GuestRpc: Got error for channel 0 connection 48: Remote disconnected
2025-09-13T08:23:01.526Z| vmx| I125: GuestRpc: Closing channel 0 connection 48
2025-09-13T08:23:09.031Z| vmx| I125: GuestRpc: Got RPCI vsocket connection 49, assigned to channel 0.
2025-09-13T08:23:09.049Z| vmx| I125: GuestRpc: Got error for channel 0 connection 49: Remote disconnected
2025-09-13T08:23:09.049Z| vmx| I125: GuestRpc: Closing channel 0 connection 49
2025-09-13T08:23:13.545Z| vmx| I125: GuestRpc: Got RPCI vsocket connection 50, assigned to channel 0.
2025-09-13T08:23:13.569Z| vmx| I125: GuestRpc: Got error for channel 0 connection 50: Remote disconnected
2025-09-13T08:23:13.569Z| vmx| I125: GuestRpc: Closing channel 0 connection 50
2025-09-13T08:25:24.878Z| vmx| I125: GuestRpc: Got RPCI vsocket connection 51, assigned to channel 0.
2025-09-13T08:25:24.890Z| vmx| I125: GuestRpc: Got error for channel 0 connection 51: Remote disconnected
2025-09-13T08:25:24.890Z| vmx| I125: GuestRpc: Closing channel 0 connection 51
2025-09-13T08:25:43.901Z| vmx| I125: GuestRpc: Got RPCI vsocket connection 52, assigned to channel 0.
2025-09-13T08:25:43.918Z| vmx| I125: GuestRpc: Got error for channel 0 connection 52: Remote disconnected
2025-09-13T08:25:43.918Z| vmx| I125: GuestRpc: Closing channel 0 connection 52
2025-09-13T08:25:57.093Z| vmx| I125: GuestRpc: Got RPCI vsocket connection 53, assigned to channel 0.
2025-09-13T08:25:57.110Z| vmx| I125: GuestRpc: Got error for channel 0 connection 53: Remote disconnected
2025-09-13T08:25:57.110Z| vmx| I125: GuestRpc: Closing channel 0 connection 53
2025-09-13T08:27:03.255Z| vmx| I125: GuestRpc: Got RPCI vsocket connection 54, assigned to channel 0.
2025-09-13T08:27:03.278Z| vmx| I125: GuestRpc: Got error for channel 0 connection 54: Remote disconnected
2025-09-13T08:27:03.278Z| vmx| I125: GuestRpc: Closing channel 0 connection 54
2025-09-13T08:27:20.515Z| vmx| I125: GuestRpc: Got RPCI vsocket connection 55, assigned to channel 0.
2025-09-13T08:27:20.534Z| vmx| I125: GuestRpc: Got error for channel 0 connection 55: Remote disconnected
2025-09-13T08:27:20.534Z| vmx| I125: GuestRpc: Closing channel 0 connection 55
2025-09-13T08:27:35.965Z| vmx| I125: GuestRpc: Got RPCI vsocket connection 56, assigned to channel 0.
2025-09-13T08:27:35.982Z| vmx| I125: GuestRpc: Got error for channel 0 connection 56: Remote disconnected
2025-09-13T08:27:35.982Z| vmx| I125: GuestRpc: Closing channel 0 connection 56
2025-09-13T08:28:32.454Z| vmx| I125: GuestRpc: Got RPCI vsocket connection 57, assigned to channel 0.
2025-09-13T08:28:32.474Z| vmx| I125: GuestRpc: Got error for channel 0 connection 57: Remote disconnected
2025-09-13T08:28:32.474Z| vmx| I125: GuestRpc: Closing channel 0 connection 57
2025-09-13T08:28:34.168Z| vmx| I125: GuestRpc: Got RPCI vsocket connection 58, assigned to channel 0.
2025-09-13T08:28:34.186Z| vmx| I125: GuestRpc: Got error for channel 0 connection 58: Remote disconnected
2025-09-13T08:28:34.186Z| vmx| I125: GuestRpc: Closing channel 0 connection 58
2025-09-13T08:28:40.898Z| vmx| I125: GuestRpc: Got RPCI vsocket connection 59, assigned to channel 0.
2025-09-13T08:28:40.914Z| vmx| I125: GuestRpc: Got error for channel 0 connection 59: Remote disconnected
2025-09-13T08:28:40.914Z| vmx| I125: GuestRpc: Closing channel 0 connection 59
2025-09-13T08:29:41.048Z| vmx| I125: GuestRpc: Got RPCI vsocket connection 60, assigned to channel 0.
2025-09-13T08:29:41.062Z| vmx| I125: GuestRpc: Got error for channel 0 connection 60: Remote disconnected
2025-09-13T08:29:41.062Z| vmx| I125: GuestRpc: Closing channel 0 connection 60
2025-09-13T08:29:56.950Z| vmx| I125: GuestRpc: Got RPCI vsocket connection 61, assigned to channel 0.
2025-09-13T08:29:56.970Z| vmx| I125: GuestRpc: Got error for channel 0 connection 61: Remote disconnected
2025-09-13T08:29:56.970Z| vmx| I125: GuestRpc: Closing channel 0 connection 61
2025-09-13T08:29:59.234Z| vmx| I125: GuestRpc: Got RPCI vsocket connection 62, assigned to channel 0.
2025-09-13T08:29:59.250Z| vmx| I125: GuestRpc: Got error for channel 0 connection 62: Remote disconnected
2025-09-13T08:29:59.250Z| vmx| I125: GuestRpc: Closing channel 0 connection 62
2025-09-13T08:30:15.850Z| vmx| I125: GuestRpc: Got RPCI vsocket connection 63, assigned to channel 0.
2025-09-13T08:30:15.866Z| vmx| I125: GuestRpc: Got error for channel 0 connection 63: Remote disconnected
2025-09-13T08:30:15.866Z| vmx| I125: GuestRpc: Closing channel 0 connection 63
2025-09-13T08:30:34.342Z| vmx| I125: GuestRpc: Got RPCI vsocket connection 64, assigned to channel 0.
2025-09-13T08:30:34.362Z| vmx| I125: GuestRpc: Got error for channel 0 connection 64: Remote disconnected
2025-09-13T08:30:34.362Z| vmx| I125: GuestRpc: Closing channel 0 connection 64
2025-09-13T08:30:36.662Z| vmx| I125: GuestRpc: Got RPCI vsocket connection 65, assigned to channel 0.
2025-09-13T08:30:36.682Z| vmx| I125: GuestRpc: Got error for channel 0 connection 65: Remote disconnected
2025-09-13T08:30:36.682Z| vmx| I125: GuestRpc: Closing channel 0 connection 65
2025-09-13T08:30:37.971Z| vmx| I125: GuestRpc: Got RPCI vsocket connection 66, assigned to channel 0.
2025-09-13T08:30:37.986Z| vmx| I125: GuestRpc: Got error for channel 0 connection 66: Remote disconnected
2025-09-13T08:30:37.986Z| vmx| I125: GuestRpc: Closing channel 0 connection 66
2025-09-13T08:31:00.885Z| vmx| I125: GuestRpc: Got RPCI vsocket connection 67, assigned to channel 0.
2025-09-13T08:31:00.902Z| vmx| I125: GuestRpc: Got error for channel 0 connection 67: Remote disconnected
2025-09-13T08:31:00.902Z| vmx| I125: GuestRpc: Closing channel 0 connection 67
2025-09-13T08:32:00.558Z| vmx| I125: GuestRpc: Got RPCI vsocket connection 68, assigned to channel 0.
2025-09-13T08:32:00.578Z| vmx| I125: GuestRpc: Got error for channel 0 connection 68: Remote disconnected
2025-09-13T08:32:00.578Z| vmx| I125: GuestRpc: Closing channel 0 connection 68
2025-09-13T08:32:12.018Z| vmx| I125: GuestRpc: Got RPCI vsocket connection 69, assigned to channel 0.
2025-09-13T08:32:12.034Z| vmx| I125: GuestRpc: Got error for channel 0 connection 69: Remote disconnected
2025-09-13T08:32:12.034Z| vmx| I125: GuestRpc: Closing channel 0 connection 69
2025-09-13T08:33:26.480Z| vmx| I125: GuestRpc: Got RPCI vsocket connection 70, assigned to channel 0.
2025-09-13T08:33:26.494Z| vmx| I125: GuestRpc: Got error for channel 0 connection 70: Remote disconnected
2025-09-13T08:33:26.494Z| vmx| I125: GuestRpc: Closing channel 0 connection 70
2025-09-13T08:33:33.743Z| vmx| I125: GuestRpc: Got RPCI vsocket connection 71, assigned to channel 0.
2025-09-13T08:33:33.762Z| vmx| I125: GuestRpc: Got error for channel 0 connection 71: Remote disconnected
2025-09-13T08:33:33.762Z| vmx| I125: GuestRpc: Closing channel 0 connection 71
2025-09-13T08:34:16.340Z| vmx| I125: GuestRpc: Got RPCI vsocket connection 72, assigned to channel 0.
2025-09-13T08:34:16.354Z| vmx| I125: GuestRpc: Got error for channel 0 connection 72: Remote disconnected
2025-09-13T08:34:16.354Z| vmx| I125: GuestRpc: Closing channel 0 connection 72
2025-09-13T08:34:18.215Z| vmx| I125: GuestRpc: Got RPCI vsocket connection 73, assigned to channel 0.
2025-09-13T08:34:18.222Z| vmx| I125: GuestRpc: Got error for channel 0 connection 73: Remote disconnected
2025-09-13T08:34:18.222Z| vmx| I125: GuestRpc: Closing channel 0 connection 73
2025-09-13T08:34:25.795Z| vmx| I125: GuestRpc: Got RPCI vsocket connection 74, assigned to channel 0.
2025-09-13T08:34:25.814Z| vmx| I125: GuestRpc: Got error for channel 0 connection 74: Remote disconnected
2025-09-13T08:34:25.814Z| vmx| I125: GuestRpc: Closing channel 0 connection 74
2025-09-13T08:35:05.205Z| vmx| I125: GuestRpc: Got RPCI vsocket connection 75, assigned to channel 0.
2025-09-13T08:35:05.222Z| vmx| I125: GuestRpc: Got error for channel 0 connection 75: Remote disconnected
2025-09-13T08:35:05.222Z| vmx| I125: GuestRpc: Closing channel 0 connection 75
2025-09-13T08:35:29.797Z| vmx| I125: GuestRpc: Got RPCI vsocket connection 76, assigned to channel 0.
2025-09-13T08:35:29.814Z| vmx| I125: GuestRpc: Got error for channel 0 connection 76: Remote disconnected
2025-09-13T08:35:29.814Z| vmx| I125: GuestRpc: Closing channel 0 connection 76
2025-09-13T08:36:14.164Z| vmx| I125: GuestRpc: Got RPCI vsocket connection 77, assigned to channel 0.
2025-09-13T08:36:14.178Z| vmx| I125: GuestRpc: Got error for channel 0 connection 77: Remote disconnected
2025-09-13T08:36:14.178Z| vmx| I125: GuestRpc: Closing channel 0 connection 77
2025-09-13T08:36:46.431Z| vmx| I125: GuestRpc: Got RPCI vsocket connection 78, assigned to channel 0.
2025-09-13T08:36:46.446Z| vmx| I125: GuestRpc: Got error for channel 0 connection 78: Remote disconnected
2025-09-13T08:36:46.446Z| vmx| I125: GuestRpc: Closing channel 0 connection 78
2025-09-13T08:37:21.274Z| vmx| I125: GuestRpc: Got RPCI vsocket connection 79, assigned to channel 0.
2025-09-13T08:37:21.294Z| vmx| I125: GuestRpc: Got error for channel 0 connection 79: Remote disconnected
2025-09-13T08:37:21.294Z| vmx| I125: GuestRpc: Closing channel 0 connection 79
2025-09-13T08:37:25.067Z| vmx| I125: GuestRpc: Got RPCI vsocket connection 80, assigned to channel 0.
2025-09-13T08:37:25.078Z| vmx| I125: GuestRpc: Got error for channel 0 connection 80: Remote disconnected
2025-09-13T08:37:25.078Z| vmx| I125: GuestRpc: Closing channel 0 connection 80
2025-09-13T08:37:37.499Z| vmx| I125: GuestRpc: Got RPCI vsocket connection 81, assigned to channel 0.
2025-09-13T08:37:37.517Z| vmx| I125: GuestRpc: Got error for channel 0 connection 81: Remote disconnected
2025-09-13T08:37:37.517Z| vmx| I125: GuestRpc: Closing channel 0 connection 81
2025-09-13T08:37:46.721Z| vmx| I125: GuestRpc: Got RPCI vsocket connection 82, assigned to channel 0.
2025-09-13T08:37:46.732Z| vmx| I125: GuestRpc: Got error for channel 0 connection 82: Remote disconnected
2025-09-13T08:37:46.732Z| vmx| I125: GuestRpc: Closing channel 0 connection 82
2025-09-13T08:38:26.328Z| vmx| I125: GuestRpc: Got RPCI vsocket connection 83, assigned to channel 0.
2025-09-13T08:38:26.342Z| vmx| I125: GuestRpc: Got error for channel 0 connection 83: Remote disconnected
2025-09-13T08:38:26.342Z| vmx| I125: GuestRpc: Closing channel 0 connection 83
2025-09-13T08:38:59.462Z| vmx| I125: GuestRpc: Got RPCI vsocket connection 84, assigned to channel 0.
2025-09-13T08:38:59.477Z| vmx| I125: GuestRpc: Got error for channel 0 connection 84: Remote disconnected
2025-09-13T08:38:59.477Z| vmx| I125: GuestRpc: Closing channel 0 connection 84
2025-09-13T08:39:09.204Z| vmx| I125: GuestRpc: Got RPCI vsocket connection 85, assigned to channel 0.
2025-09-13T08:39:09.216Z| vmx| I125: GuestRpc: Got error for channel 0 connection 85: Remote disconnected
2025-09-13T08:39:09.216Z| vmx| I125: GuestRpc: Closing channel 0 connection 85
2025-09-13T08:39:37.085Z| vmx| I125: GuestRpc: Got RPCI vsocket connection 86, assigned to channel 0.
2025-09-13T08:39:37.100Z| vmx| I125: GuestRpc: Got error for channel 0 connection 86: Remote disconnected
2025-09-13T08:39:37.100Z| vmx| I125: GuestRpc: Closing channel 0 connection 86
2025-09-13T08:39:40.057Z| vmx| I125: GuestRpc: Got RPCI vsocket connection 87, assigned to channel 0.
2025-09-13T08:39:40.076Z| vmx| I125: GuestRpc: Got error for channel 0 connection 87: Remote disconnected
2025-09-13T08:39:40.076Z| vmx| I125: GuestRpc: Closing channel 0 connection 87
2025-09-13T08:40:09.477Z| vmx| I125: GuestRpc: Got RPCI vsocket connection 88, assigned to channel 0.
2025-09-13T08:40:09.500Z| vmx| I125: GuestRpc: Got error for channel 0 connection 88: Remote disconnected
2025-09-13T08:40:09.500Z| vmx| I125: GuestRpc: Closing channel 0 connection 88
2025-09-13T08:40:12.265Z| vmx| I125: GuestRpc: Got RPCI vsocket connection 89, assigned to channel 0.
2025-09-13T08:40:12.284Z| vmx| I125: GuestRpc: Got error for channel 0 connection 89: Remote disconnected
2025-09-13T08:40:12.284Z| vmx| I125: GuestRpc: Closing channel 0 connection 89
2025-09-13T08:40:13.924Z| vmx| I125: GuestRpc: Got RPCI vsocket connection 90, assigned to channel 0.
2025-09-13T08:40:13.936Z| vmx| I125: GuestRpc: Got error for channel 0 connection 90: Remote disconnected
2025-09-13T08:40:13.936Z| vmx| I125: GuestRpc: Closing channel 0 connection 90
2025-09-13T08:40:16.547Z| vmx| I125: GuestRpc: Got RPCI vsocket connection 91, assigned to channel 0.
2025-09-13T08:40:16.564Z| vmx| I125: GuestRpc: Got error for channel 0 connection 91: Remote disconnected
2025-09-13T08:40:16.564Z| vmx| I125: GuestRpc: Closing channel 0 connection 91
2025-09-13T08:40:25.421Z| vmx| I125: GuestRpc: Got RPCI vsocket connection 92, assigned to channel 0.
2025-09-13T08:40:25.443Z| vmx| I125: GuestRpc: Got error for channel 0 connection 92: Remote disconnected
2025-09-13T08:40:25.443Z| vmx| I125: GuestRpc: Closing channel 0 connection 92
2025-09-13T08:40:46.400Z| vmx| I125: GuestRpc: Got RPCI vsocket connection 93, assigned to channel 0.
2025-09-13T08:40:46.415Z| vmx| I125: GuestRpc: Got error for channel 0 connection 93: Remote disconnected
2025-09-13T08:40:46.415Z| vmx| I125: GuestRpc: Closing channel 0 connection 93
2025-09-13T08:40:58.742Z| vmx| I125: GuestRpc: Got RPCI vsocket connection 94, assigned to channel 0.
2025-09-13T08:40:58.763Z| vmx| I125: GuestRpc: Got error for channel 0 connection 94: Remote disconnected
2025-09-13T08:40:58.763Z| vmx| I125: GuestRpc: Closing channel 0 connection 94
2025-09-13T08:41:18.331Z| vmx| I125: GuestRpc: Got RPCI vsocket connection 95, assigned to channel 0.
2025-09-13T08:41:18.343Z| vmx| I125: GuestRpc: Got error for channel 0 connection 95: Remote disconnected
2025-09-13T08:41:18.343Z| vmx| I125: GuestRpc: Closing channel 0 connection 95
2025-09-13T08:42:54.799Z| vmx| I125: GuestRpc: Got RPCI vsocket connection 96, assigned to channel 0.
2025-09-13T08:42:54.807Z| vmx| I125: GuestRpc: Got error for channel 0 connection 96: Remote disconnected
2025-09-13T08:42:54.807Z| vmx| I125: GuestRpc: Closing channel 0 connection 96
2025-09-13T08:43:09.469Z| vmx| I125: GuestRpc: Got RPCI vsocket connection 97, assigned to channel 0.
2025-09-13T08:43:09.491Z| vmx| I125: GuestRpc: Got error for channel 0 connection 97: Remote disconnected
2025-09-13T08:43:09.491Z| vmx| I125: GuestRpc: Closing channel 0 connection 97
2025-09-13T08:43:51.461Z| vmx| I125: GuestRpc: Got RPCI vsocket connection 98, assigned to channel 0.
2025-09-13T08:43:51.475Z| vmx| I125: GuestRpc: Got error for channel 0 connection 98: Remote disconnected
2025-09-13T08:43:51.475Z| vmx| I125: GuestRpc: Closing channel 0 connection 98
2025-09-13T08:43:51.496Z| vmx| I125: GuestRpc: Got RPCI vsocket connection 99, assigned to channel 0.
2025-09-13T08:43:51.511Z| vmx| I125: GuestRpc: Got error for channel 0 connection 99: Remote disconnected
2025-09-13T08:43:51.511Z| vmx| I125: GuestRpc: Closing channel 0 connection 99
2025-09-13T08:51:33.968Z| vmx| I125: GuestRpc: Got RPCI vsocket connection 100, assigned to channel 0.
2025-09-13T08:51:33.983Z| vmx| I125: GuestRpc: Got error for channel 0 connection 100: Remote disconnected
2025-09-13T08:51:33.983Z| vmx| I125: GuestRpc: Closing channel 0 connection 100
2025-09-13T08:51:34.493Z| vmx| I125: GuestRpc: Got RPCI vsocket connection 101, assigned to channel 0.
2025-09-13T08:51:34.515Z| vmx| I125: GuestRpc: Got error for channel 0 connection 101: Remote disconnected
2025-09-13T08:51:34.515Z| vmx| I125: GuestRpc: Closing channel 0 connection 101
2025-09-13T08:51:35.016Z| vmx| I125: GuestRpc: Got RPCI vsocket connection 102, assigned to channel 0.
2025-09-13T08:51:35.031Z| vmx| I125: GuestRpc: Got error for channel 0 connection 102: Remote disconnected
2025-09-13T08:51:35.031Z| vmx| I125: GuestRpc: Closing channel 0 connection 102
2025-09-13T08:51:36.495Z| vmx| I125: GuestRpc: Got error for channel 0 connection 103: Remote disconnected
2025-09-13T08:51:36.495Z| vmx| I125: GuestRpc: Closing channel 0 connection 103
2025-09-13T16:21:43.541Z| vmx| I125: VigorTransportProcessClientPayload: opID=esxui-1096-615b seq=29335: Receiving PowerState.InitiatePowerOff request.
2025-09-13T16:21:43.545Z| vmx| I125: Tools: sending 'OS_Halt' (state = 1) state change request
2025-09-13T16:21:43.545Z| vmx| I125: Tools: Changing running status: 1 => 2.
2025-09-13T16:21:43.545Z| vmx| I125: Vix: [vmxCommands.c:535]: VMAutomation_InitiatePowerOff. Tried to soft halt. Success = 1
2025-09-13T16:21:43.629Z| vmx| I125: Guest: Executing script for state change 'OS_Halt'.
2025-09-13T16:21:44.249Z| vmx| I125: Guest: Script exit code: 0, success = 1
2025-09-13T16:21:44.250Z| vmx| I125: TOOLS state change 1 returned status 1
2025-09-13T16:21:44.250Z| vmx| I125: VigorTransport_ServerSendResponse opID=esxui-1096-615b seq=29335: Completed PowerState request.
2025-09-13T16:21:44.250Z| vmx| I125: Tools: Changing running status: 2 => 1.
2025-09-13T16:21:44.250Z| vmx| I125: Guest: Initiating halt.
2025-09-13T16:21:44.614Z| vcpu-0| I125: GuestRpc: Reinitializing Channel 0(toolbox)
2025-09-13T16:21:44.757Z| vmx| I125: Guest: [vgauthservice] VGAuthService END SERVICE
2025-09-13T16:21:58.714Z| vcpu-0| I125: VMMouse: Disabling VMMouse mode
2025-09-13T16:21:58.715Z| vcpu-0| I125: VMXNET3 user: Quiesce device 0.
2025-09-13T16:21:58.729Z| vcpu-0| I125: APIC THERMLVT write: 0x10000
2025-09-13T16:21:58.729Z| vcpu-1| I125: APIC THERMLVT write: 0x10000
2025-09-13T16:21:58.730Z| vcpu-0| I125: PIIX4: PM Soft Off.  Good-bye.
2025-09-13T16:21:58.730Z| vcpu-0| I125: Chipset: Issuing power-off request...
2025-09-13T16:21:58.730Z| vcpu-0| A100: ConfigDB: Setting softPowerOff = "TRUE"
2025-09-13T16:21:58.760Z| vmx| I125: Stopping VCPU threads...
2025-09-13T16:21:58.760Z| vcpu-0| I125: VMMon_WaitForExit: vcpu-0: worldID=2103719
2025-09-13T16:21:58.760Z| vcpu-1| I125: VMMon_WaitForExit: vcpu-1: worldID=2103723
2025-09-13T16:21:58.760Z| svga| I125: SVGA thread is exiting
2025-09-13T16:21:58.760Z| vmx| I125: MKS thread is stopped
2025-09-13T16:21:58.761Z| vmx| I125: 
2025-09-13T16:21:58.761Z| vmx| I125+ OvhdMem: Final (Power Off) Overheads
2025-09-13T16:21:58.761Z| vmx| I125:                                                       reserved      |          used
2025-09-13T16:21:58.761Z| vmx| I125: OvhdMem excluded                                  cur    max    avg |    cur    max    avg
2025-09-13T16:21:58.761Z| vmx| I125: OvhdMem OvhdUser_MainMem                    :  3670016 3670016      - | 3670016 3670016      -
2025-09-13T16:21:58.761Z| vmx| I125: OvhdMem OvhdUser_VmxText                    :    7168   7168      - |      0      0      -
2025-09-13T16:21:58.761Z| vmx| I125: OvhdMem OvhdUser_VmxTextLibs                :   15360  15360      - |      0      0      -
2025-09-13T16:21:58.761Z| vmx| I125: OvhdMem Total excluded                      :  3692544 3692544      - |      -      -      -
2025-09-13T16:21:58.761Z| vmx| I125: OvhdMem Actual maximum                      :         3692544        |             -
2025-09-13T16:21:58.761Z| vmx| I125+ 
2025-09-13T16:21:58.761Z| vmx| I125:                                                       reserved      |          used
2025-09-13T16:21:58.761Z| vmx| I125: OvhdMem paged                                     cur    max    avg |    cur    max    avg
2025-09-13T16:21:58.761Z| vmx| I125: OvhdMem OvhdUser_KSTATS_vmm                 :       0      0      - |      0      0      -
2025-09-13T16:21:58.761Z| vmx| I125: OvhdMem OvhdUser_STATS_vmm                  :       4      4      - |      0      0      -
2025-09-13T16:21:58.761Z| vmx| I125: OvhdMem OvhdUser_KSTATS_device              :       0      0      - |      0      0      -
2025-09-13T16:21:58.761Z| vmx| I125: OvhdMem OvhdUser_STATS_device               :       2      2      - |      0      0      -
2025-09-13T16:21:58.761Z| vmx| I125: OvhdMem OvhdUser_KSTATS_migrate             :       0      0      - |      0      0      -
2025-09-13T16:21:58.761Z| vmx| I125: OvhdMem OvhdUser_IOFiltersMalloc            :       0      0      - |      0      0      -
2025-09-13T16:21:58.761Z| vmx| I125: OvhdMem OvhdUser_DiskLibMemUsed             :    3075   3075      - |      0      0      -
2025-09-13T16:21:58.761Z| vmx| I125: OvhdMem OvhdUser_SvgaSurfaceTable           :       0      0      - |      0      0      -
2025-09-13T16:21:58.761Z| vmx| I125: OvhdMem OvhdUser_SvgaBESurfaceTable         :       0      0      - |      0      0      -
2025-09-13T16:21:58.761Z| vmx| I125: OvhdMem OvhdUser_SvgaHBTables               :       0      0      - |      0      0      -
2025-09-13T16:21:58.761Z| vmx| I125: OvhdMem OvhdUser_SvgaHBMobListTable         :       0      0      - |      0      0      -
2025-09-13T16:21:58.761Z| vmx| I125: OvhdMem OvhdUser_SvgaHBShaderTable          :       0      0      - |      0      0      -
2025-09-13T16:21:58.761Z| vmx| I125: OvhdMem OvhdUser_SvgaRestoreBufferArray     :       0      0      - |      0      0      -
2025-09-13T16:21:58.761Z| vmx| I125: OvhdMem OvhdUser_SvgaSDirtyCache            :      48     48      - |      0      0      -
2025-09-13T16:21:58.761Z| vmx| I125: OvhdMem OvhdUser_SvgaShaderTable            :       0      0      - |      0      0      -
2025-09-13T16:21:58.761Z| vmx| I125: OvhdMem OvhdUser_SvgaShaderText             :       0      0      - |      0      0      -
2025-09-13T16:21:58.761Z| vmx| I125: OvhdMem OvhdUser_SvgaContextCache           :       0      0      - |      0      0      -
2025-09-13T16:21:58.761Z| vmx| I125: OvhdMem OvhdUser_SvgaMobCache               :     264    264      - |     24     24      -
2025-09-13T16:21:58.761Z| vmx| I125: OvhdMem OvhdUser_SvgaDXRTViewTable          :       0      0      - |      0      0      -
2025-09-13T16:21:58.761Z| vmx| I125: OvhdMem OvhdUser_SvgaDXDSViewTable          :       0      0      - |      0      0      -
2025-09-13T16:21:58.761Z| vmx| I125: OvhdMem OvhdUser_SvgaDXSRViewTable          :       0      0      - |      0      0      -
2025-09-13T16:21:58.761Z| vmx| I125: OvhdMem OvhdUser_SvgaDXBlendStateTable      :       0      0      - |      0      0      -
2025-09-13T16:21:58.761Z| vmx| I125: OvhdMem OvhdUser_SvgaDXElementLayoutTable   :       0      0      - |      0      0      -
2025-09-13T16:21:58.761Z| vmx| I125: OvhdMem OvhdUser_SvgaDXDepthStencilTable    :       0      0      - |      0      0      -
2025-09-13T16:21:58.761Z| vmx| I125: OvhdMem OvhdUser_SvgaDXRasterizerStateTable :       0      0      - |      0      0      -
2025-09-13T16:21:58.761Z| vmx| I125: OvhdMem OvhdUser_SvgaDXSamplerTable         :       0      0      - |      0      0      -
2025-09-13T16:21:58.761Z| vmx| I125: OvhdMem OvhdUser_SvgaDXContextTable         :       0      0      - |      0      0      -
2025-09-13T16:21:58.761Z| vmx| I125: OvhdMem OvhdUser_SvgaDXShaderTable          :       0      0      - |      0      0      -
2025-09-13T16:21:58.761Z| vmx| I125: OvhdMem OvhdUser_SvgaDXShaderText           :       0      0      - |      0      0      -
2025-09-13T16:21:58.761Z| vmx| I125: OvhdMem OvhdUser_SvgaDXStreamOutTable       :       0      0      - |      0      0      -
2025-09-13T16:21:58.761Z| vmx| I125: OvhdMem OvhdUser_SvgaDXQueryTable           :       0      0      - |      0      0      -
2025-09-13T16:21:58.761Z| vmx| I125: OvhdMem OvhdUser_SvgaVAProcessorTable       :       0      0      - |      0      0      -
2025-09-13T16:21:58.761Z| vmx| I125: OvhdMem OvhdUser_SvgaVADecoderTable         :       0      0      - |      0      0      -
2025-09-13T16:21:58.761Z| vmx| I125: OvhdMem OvhdUser_VmxAllocTrack              :       0      0      - |      0      0      -
2025-09-13T16:21:58.761Z| vmx| I125: OvhdMem OvhdUser_VmxASAN                    :       0      0      - |      0      0      -
2025-09-13T16:21:58.761Z| vmx| I125: OvhdMem OvhdUser_VmxCallStackProf           :       0      0      - |      0      0      -
2025-09-13T16:21:58.761Z| vmx| I125: OvhdMem OvhdUser_VmxGlobals                 :    1216   1216      - |      0      0      -
2025-09-13T16:21:58.761Z| vmx| I125: OvhdMem OvhdUser_VmxGlobalsLibs             :    3584   3584      - |      0      0      -
2025-09-13T16:21:58.761Z| vmx| I125: OvhdMem OvhdUser_VmxHeap                    :    8704   8704      - |      0      0      -
2025-09-13T16:21:58.761Z| vmx| I125: OvhdMem OvhdUser_VmxHeapFreeList            :       0      0      - |      0      0      -
2025-09-13T16:21:58.761Z| vmx| I125: OvhdMem OvhdUser_VmxMks                     :      33     33      - |      1     10      -
2025-09-13T16:21:58.761Z| vmx| I125: OvhdMem OvhdUser_VmxMksRenderOps            :      16     16      - |      3      3      -
2025-09-13T16:21:58.761Z| vmx| I125: OvhdMem OvhdUser_VmxMks3d                   :       0      0      - |      0      0      -
2025-09-13T16:21:58.761Z| vmx| I125: OvhdMem OvhdUser_VmxMksHBMobs               :       0      0      - |      0      0      -
2025-09-13T16:21:58.761Z| vmx| I125: OvhdMem OvhdUser_VmxMksGLRenderer           :       0      0      - |      0      0      -
2025-09-13T16:21:58.761Z| vmx| I125: OvhdMem OvhdUser_VmxMksGLTransient          :       0      0      - |      0      0      -
2025-09-13T16:21:58.761Z| vmx| I125: OvhdMem OvhdUser_VmxMksLLVM                 :       0      0      - |      0      0      -
2025-09-13T16:21:58.761Z| vmx| I125: OvhdMem OvhdUser_VmxMksScreenTemp           :    5378   5378      - |      0      0      -
2025-09-13T16:21:58.761Z| vmx| I125: OvhdMem OvhdUser_VmxMksVnc                  :    2682   2682      - |      0      0      -
2025-09-13T16:21:58.761Z| vmx| I125: OvhdMem OvhdUser_VmxMksScreen               :    2051   2051      - |      0    376      -
2025-09-13T16:21:58.761Z| vmx| I125: OvhdMem OvhdUser_VmxMksSVGAVO               :    4096   4096      - |      0      0      -
2025-09-13T16:21:58.761Z| vmx| I125: OvhdMem OvhdUser_VmxMksVMVA                 :       0      0      - |      0      0      -
2025-09-13T16:21:58.761Z| vmx| I125: OvhdMem OvhdUser_VmxPhysMemRingBuf          :       0      0      - |      0      0      -
2025-09-13T16:21:58.761Z| vmx| I125: OvhdMem OvhdUser_VmxPhysMemErrPages         :      10     10      - |      0      0      -
2025-09-13T16:21:58.761Z| vmx| I125: OvhdMem OvhdUser_VmxFTCptOutputBuf          :       0      0      - |      0      0      -
2025-09-13T16:21:58.761Z| vmx| I125: OvhdMem OvhdUser_VmxSLEntryBuf              :     128    128      - |      0      0      -
2025-09-13T16:21:58.761Z| vmx| I125: OvhdMem OvhdUser_VmxThreads                 :   18944  18944      - |      0      0      -
2025-09-13T16:21:58.761Z| vmx| I125: OvhdMem Total paged                         :   50235  50235      - |     28    413      -
2025-09-13T16:21:58.761Z| vmx| I125: OvhdMem Actual maximum                      :          50235        |           413
2025-09-13T16:21:58.761Z| vmx| I125+ 
2025-09-13T16:21:58.761Z| vmx| I125:                                                       reserved      |          used
2025-09-13T16:21:58.761Z| vmx| I125: OvhdMem nonpaged                                  cur    max    avg |    cur    max    avg
2025-09-13T16:21:58.761Z| vmx| I125: OvhdMem OvhdUser_SharedArea                 :      98     98      - |     59     59      -
2025-09-13T16:21:58.761Z| vmx| I125: OvhdMem OvhdUser_BusMemTraceBitmap          :     115    115      - |      0      0      -
2025-09-13T16:21:58.761Z| vmx| I125: OvhdMem OvhdUser_PFrame                     :       0      0      - |      0      0      -
2025-09-13T16:21:58.761Z| vmx| I125: OvhdMem OvhdUser_VProbe                     :       0      0      - |      0      0      -
2025-09-13T16:21:58.761Z| vmx| I125: OvhdMem OvhdUser_VIDE_KSEG                  :      16     16      - |     16     16      -
2025-09-13T16:21:58.761Z| vmx| I125: OvhdMem OvhdUser_VGA                        :      64     64      - |     64     64      -
2025-09-13T16:21:58.761Z| vmx| I125: OvhdMem OvhdUser_BalloonMPN                 :       1      1      - |      1      1      -
2025-09-13T16:21:58.761Z| vmx| I125: OvhdMem OvhdUser_P2MUpdateBuffer            :       0      0      - |      0      0      -
2025-09-13T16:21:58.761Z| vmx| I125: OvhdMem OvhdUser_ServicesMPN                :       0      0      - |      0      0      -
2025-09-13T16:21:58.761Z| vmx| I125: OvhdMem OvhdUser_LocalApic                  :       2      2      - |      2      2      -
2025-09-13T16:21:58.761Z| vmx| I125: OvhdMem OvhdUser_BusError                   :       1      1      - |      1      1      -
2025-09-13T16:21:58.761Z| vmx| I125: OvhdMem OvhdUser_VBIOS                      :       8      8      - |      8      8      -
2025-09-13T16:21:58.761Z| vmx| I125: OvhdMem OvhdUser_VnicGuest                  :      16     16      - |     16     16      -
2025-09-13T16:21:58.761Z| vmx| I125: OvhdMem OvhdUser_VnicMmap                   :       1      1      - |      1      1      -
2025-09-13T16:21:58.761Z| vmx| I125: OvhdMem OvhdUser_TestDev                    :       0      0      - |      0      0      -
2025-09-13T16:21:58.761Z| vmx| I125: OvhdMem OvhdUser_LSIBIOS                    :      12     12      - |     12     12      -
2025-09-13T16:21:58.761Z| vmx| I125: OvhdMem OvhdUser_LSIRings                   :      12     12      - |      0      0      -
2025-09-13T16:21:58.761Z| vmx| I125: OvhdMem OvhdUser_PCIPBIOS                   :       0      0      - |      0      0      -
2025-09-13T16:21:58.761Z| vmx| I125: OvhdMem OvhdUser_PVSCSIBIOS                 :       0      0      - |      0      0      -
2025-09-13T16:21:58.761Z| vmx| I125: OvhdMem OvhdUser_PVSCSIKickReg              :       0      0      - |      0      0      -
2025-09-13T16:21:58.761Z| vmx| I125: OvhdMem OvhdUser_SAS1068BIOS                :      12     12      - |      0      0      -
2025-09-13T16:21:58.761Z| vmx| I125: OvhdMem OvhdUser_SBIOS                      :      16     16      - |      0      0      -
2025-09-13T16:21:58.761Z| vmx| I125: OvhdMem OvhdUser_AHCIBIOS                   :       0      0      - |      0      0      -
2025-09-13T16:21:58.761Z| vmx| I125: OvhdMem OvhdUser_NVMEBIOS                   :       0      0      - |      0      0      -
2025-09-13T16:21:58.761Z| vmx| I125: OvhdMem OvhdUser_FlashRam                   :     128    128      - |    128    128      -
2025-09-13T16:21:58.761Z| vmx| I125: OvhdMem OvhdUser_IOFiltersMMap              :       0      0      - |      0      0      -
2025-09-13T16:21:58.761Z| vmx| I125: OvhdMem OvhdUser_IOFiltersGlobal            :       0      0      - |      0      0      -
2025-09-13T16:21:58.761Z| vmx| I125: OvhdMem OvhdUser_SMM                        :       0      0      - |      0      0      -
2025-09-13T16:21:58.761Z| vmx| I125: OvhdMem OvhdUser_SVGAFB                     :    1024   1024      - |   1024   1024      -
2025-09-13T16:21:58.761Z| vmx| I125: OvhdMem OvhdUser_SVGAMEM                    :      64    512      - |     64     64      -
2025-09-13T16:21:58.761Z| vmx| I125: OvhdMem OvhdUser_HDAudioReg                 :       3      3      - |      0      0      -
2025-09-13T16:21:58.761Z| vmx| I125: OvhdMem OvhdUser_EHCIRegister               :       1      1      - |      0      0      -
2025-09-13T16:21:58.761Z| vmx| I125: OvhdMem OvhdUser_XhciRegister               :       1      1      - |      0      0      -
2025-09-13T16:21:58.761Z| vmx| I125: OvhdMem OvhdUser_PhysMemDebug               :       0      0      - |      0      0      -
2025-09-13T16:21:58.761Z| vmx| I125: OvhdMem OvhdUser_HyperV                     :       2      2      - |      0      0      -
2025-09-13T16:21:58.761Z| vmx| I125: OvhdMem OvhdUser_ExtCfg                     :       3      3      - |      3      3      -
2025-09-13T16:21:58.761Z| vmx| I125: OvhdMem OvhdUser_HV                         :       8      8      - |      0      0      -
2025-09-13T16:21:58.761Z| vmx| I125: OvhdMem OvhdUser_HVIOBitmap                 :       3      3      - |      0      0      -
2025-09-13T16:21:58.761Z| vmx| I125: OvhdMem OvhdUser_HVMSRBitmap                :       2      2      - |      1      1      -
2025-09-13T16:21:58.761Z| vmx| I125: OvhdMem OvhdUser_VHVGuestMSRBitmap          :       2      2      - |      0      0      -
2025-09-13T16:21:58.761Z| vmx| I125: OvhdMem OvhdUser_vhvCachedVMCS              :       2      2      - |      0      0      -
2025-09-13T16:21:58.761Z| vmx| I125: OvhdMem OvhdUser_vhvNestedAPIC              :       2      2      - |      0      0      -
2025-09-13T16:21:58.761Z| vmx| I125: OvhdMem OvhdUser_PCIP                       :       0      0      - |      0      0      -
2025-09-13T16:21:58.761Z| vmx| I125: OvhdMem OvhdUser_MigrateCpt                 :       0      0      - |      0      0      -
2025-09-13T16:21:58.761Z| vmx| I125: OvhdMem OvhdUser_MonBootstrap               :       0      0      - |      0      0      -
2025-09-13T16:21:58.761Z| vmx| I125: OvhdMem OvhdUser_MonWired                   :       0      0      - |      0      0      -
2025-09-13T16:21:58.761Z| vmx| I125: OvhdMem OvhdUser_MonLow                     :       0      0      - |      0      0      -
2025-09-13T16:21:58.761Z| vmx| I125: OvhdMem OvhdUser_MonWiredNuma               :       0     34      - |      1      2      -
2025-09-13T16:21:58.761Z| vmx| I125: OvhdMem OvhdUser_MonNuma                    :       0    276      - |      0    241      -
2025-09-13T16:21:58.761Z| vmx| I125: OvhdMem OvhdUser_MonOther                   :      78     78      - |      0      0      -
2025-09-13T16:21:58.761Z| vmx| I125: OvhdMem OvhdUser_FTCpt                      :       0      0      - |      0      0      -
2025-09-13T16:21:58.761Z| vmx| I125: OvhdMem OvhdUser_NVDC                       :       1      1      - |      0      0      -
2025-09-13T16:21:58.761Z| vmx| I125: OvhdMem OvhdUser_NVDIMM                     :       0      0      - |      0      0      -
2025-09-13T16:21:58.761Z| vmx| I125: OvhdMem OvhdUser_EPC                        :       0      0      - |      0      0      -
2025-09-13T16:21:58.761Z| vmx| I125: OvhdMem Total nonpaged                      :    1698   2456      - |   1401   1643      -
2025-09-13T16:21:58.761Z| vmx| I125: OvhdMem Actual maximum                      :           2456        |          1643
2025-09-13T16:21:58.761Z| vmx| I125+ 
2025-09-13T16:21:58.761Z| vmx| I125:                                                       reserved      |          used
2025-09-13T16:21:58.761Z| vmx| I125: OvhdMem anonymous                                 cur    max    avg |    cur    max    avg
2025-09-13T16:21:58.761Z| vmx| I125: OvhdMem OvhdMon_Alloc                       :     158    158      - |     52    129      -
2025-09-13T16:21:58.761Z| vmx| I125: OvhdMem OvhdMon_BusMemFrame                 :    3650   3658      - |   3650   3650      -
2025-09-13T16:21:58.761Z| vmx| I125: OvhdMem OvhdMon_BusMem2MInfo                :      56     56      - |     56     56      -
2025-09-13T16:21:58.761Z| vmx| I125: OvhdMem OvhdMon_BusMem1GInfo                :       1      1      - |      1      1      -
2025-09-13T16:21:58.761Z| vmx| I125: OvhdMem OvhdMon_BusMemZapListMPN            :       1      1      - |      1      1      -
2025-09-13T16:21:58.761Z| vmx| I125: OvhdMem OvhdMon_MonAS                       :       4      4      - |      2      2      -
2025-09-13T16:21:58.761Z| vmx| I125: OvhdMem OvhdMon_GuestMem                    :      48     48      - |     48     48      -
2025-09-13T16:21:58.761Z| vmx| I125: OvhdMem OvhdMon_TC                          :    1026   1950      - |    926   1852      -
2025-09-13T16:21:58.761Z| vmx| I125: OvhdMem OvhdMon_Island                      :       8      8      - |      0      0      -
2025-09-13T16:21:58.761Z| vmx| I125: OvhdMem OvhdMon_BusMemMonAS                 :       9      9      - |      9      9      -
2025-09-13T16:21:58.761Z| vmx| I125: OvhdMem OvhdMon_PlatformMonAS               :       0      0      - |      0      0      -
2025-09-13T16:21:58.761Z| vmx| I125: OvhdMem OvhdMon_HVNuma                      :       6      6      - |      0      0      -
2025-09-13T16:21:58.761Z| vmx| I125: OvhdMem OvhdMon_HV                          :       2      2      - |      2      2      -
2025-09-13T16:21:58.761Z| vmx| I125: OvhdMem OvhdMon_VHV                         :       6      6      - |      0      0      -
2025-09-13T16:21:58.761Z| vmx| I125: OvhdMem OvhdMon_VNPTShadow                  :       0      0      - |      0      0      -
2025-09-13T16:21:58.761Z| vmx| I125: OvhdMem OvhdMon_VNPTShadowCache             :       0      0      - |      0      0      -
2025-09-13T16:21:58.761Z| vmx| I125: OvhdMem OvhdMon_VNPTBackmap                 :       0      0      - |      0      0      -
2025-09-13T16:21:58.761Z| vmx| I125: OvhdMem OvhdMon_SVMIDT                      :       2      2      - |      0      0      -
2025-09-13T16:21:58.761Z| vmx| I125: OvhdMem OvhdMon_CallStackProfAnon           :       0      0      - |      0      0      -
2025-09-13T16:21:58.761Z| vmx| I125: OvhdMem OvhdMon_Numa                        :      32     32      - |     14     30      -
2025-09-13T16:21:58.761Z| vmx| I125: OvhdMem OvhdMon_NumaTextRodata              :     196    196      - |      0      0      -
2025-09-13T16:21:58.761Z| vmx| I125: OvhdMem OvhdMon_NumaDataBss                 :      80     80      - |     78     78      -
2025-09-13T16:21:58.761Z| vmx| I125: OvhdMem OvhdMon_NumaLargeData               :    1024   1024      - |      0   1016      -
2025-09-13T16:21:58.761Z| vmx| I125: OvhdMem OvhdMon_WiredNuma                   :      34     34      - |     34     34      -
2025-09-13T16:21:58.761Z| vmx| I125: OvhdMem OvhdMon_Bootstrap                   :       0      3      - |      0      3      -
2025-09-13T16:21:58.761Z| vmx| I125: OvhdMem OvhdMon_GPhysTraced                 :    1467   1467      - |     51     73      -
2025-09-13T16:21:58.761Z| vmx| I125: OvhdMem OvhdMon_GPhysHWMMU                  :    7357   7357      - |    492    617      -
2025-09-13T16:21:58.761Z| vmx| I125: OvhdMem OvhdMon_GPhysGIM                    :       0      0      - |      0      0      -
2025-09-13T16:21:58.761Z| vmx| I125: OvhdMem OvhdMon_GPhysNoTrace                :     366    366      - |     31     31      -
2025-09-13T16:21:58.761Z| vmx| I125: OvhdMem OvhdMon_PhysMemGart                 :      88     88      - |     80     80      -
2025-09-13T16:21:58.761Z| vmx| I125: OvhdMem OvhdMon_PhysMemErr                  :       7      7      - |      0      0      -
2025-09-13T16:21:58.761Z| vmx| I125: OvhdMem OvhdMon_TraceALot                   :       0      0      - |      0      0      -
2025-09-13T16:21:58.761Z| vmx| I125: OvhdMem OvhdMon_VIDE                        :       4      4      - |      0      0      -
2025-09-13T16:21:58.761Z| vmx| I125: OvhdMem OvhdMon_VMXNETWake                  :       0      0      - |      0      0      -
2025-09-13T16:21:58.761Z| vmx| I125: OvhdMem OvhdMon_BusLogic                    :       4      4      - |      0      0      -
2025-09-13T16:21:58.761Z| vmx| I125: OvhdMem OvhdMon_Ahci                        :       0      0      - |      0      0      -
2025-09-13T16:21:58.761Z| vmx| I125: OvhdMem OvhdMon_Nvme                        :       0      0      - |      0      0      -
2025-09-13T16:21:58.761Z| vmx| I125: OvhdMem OvhdMon_NVMERings                   :       0      0      - |      0      0      -
2025-09-13T16:21:58.761Z| vmx| I125: OvhdMem OvhdMon_PVSCSIShadowRing            :       0      0      - |      0      0      -
2025-09-13T16:21:58.761Z| vmx| I125: OvhdMem OvhdMon_LSIRings                    :      24     24      - |     24     24      -
2025-09-13T16:21:58.761Z| vmx| I125: OvhdMem OvhdMon_FTCptMonAS                  :       0      0      - |      0      0      -
2025-09-13T16:21:58.761Z| vmx| I125: OvhdMem OvhdMon_Hba                         :       2      2      - |      2      2      -
2025-09-13T16:21:58.761Z| vmx| I125: OvhdMem OvhdMon_VProbe                      :       1      1      - |      0      0      -
2025-09-13T16:21:58.761Z| vmx| I125: OvhdMem OvhdMon_PT                          :       0      0      - |      0      0      -
2025-09-13T16:21:58.761Z| vmx| I125: OvhdMem Total anonymous                     :   15663  16598      - |   5553   7738      -
2025-09-13T16:21:58.761Z| vmx| I125: OvhdMem Actual maximum                      :          16587        |          6057
2025-09-13T16:21:58.761Z| vmx| I125+ 
2025-09-13T16:21:58.761Z| vmx| I125: OvhdMem: memsize 14336 MB VMK fixed 3462 pages var(mem) 529 pages var(cpu) 8 cbrcOverhead 0 pages total 10889 pages
2025-09-13T16:21:58.761Z| vmx| I125: VMMEM: Maximum Reservation: 270MB (MainMem=14336MB) VMK=42MB
2025-09-13T16:21:58.768Z| vmx| I125: Tools: ToolsRunningStatus_Exit, delayedRequest is 0x0
2025-09-13T16:21:58.768Z| vmx| I125: Tools: Changing running status: 1 => 0.
2025-09-13T16:21:58.768Z| vmx| I125: SVMotion_PowerOff: Not running Storage vMotion. Nothing to do
2025-09-13T16:21:58.772Z| vmx| I125: Destroying virtual dev for scsi1:0 vscsi=8229
2025-09-13T16:21:58.772Z| vmx| I125: VMMon_VSCSIStopVports: No such target on adapter
2025-09-13T16:21:58.772Z| vmx| I125: Destroying virtual dev for scsi1:1 vscsi=8230
2025-09-13T16:21:58.772Z| vmx| I125: VMMon_VSCSIStopVports: No such target on adapter
2025-09-13T16:21:58.773Z| vmx| I125: Destroying virtual dev for scsi0:0 vscsi=8214
2025-09-13T16:21:58.773Z| vmx| I125: VMMon_VSCSIStopVports: No such target on adapter
2025-09-13T16:21:58.773Z| vmx| I125: Destroying virtual dev for scsi0:1 vscsi=8215
2025-09-13T16:21:58.773Z| vmx| I125: VMMon_VSCSIStopVports: No such target on adapter
2025-09-13T16:21:58.773Z| vmx| I125: Destroying virtual dev for scsi0:2 vscsi=8216
2025-09-13T16:21:58.773Z| vmx| I125: VMMon_VSCSIStopVports: No such target on adapter
2025-09-13T16:21:58.773Z| vmx| I125: Destroying virtual dev for scsi0:3 vscsi=8217
2025-09-13T16:21:58.773Z| vmx| I125: VMMon_VSCSIStopVports: No such target on adapter
2025-09-13T16:21:58.773Z| vmx| I125: Destroying virtual dev for scsi0:4 vscsi=8218
2025-09-13T16:21:58.773Z| vmx| I125: VMMon_VSCSIStopVports: No such target on adapter
2025-09-13T16:21:58.773Z| vmx| I125: Destroying virtual dev for scsi0:5 vscsi=8219
2025-09-13T16:21:58.773Z| vmx| I125: VMMon_VSCSIStopVports: No such target on adapter
2025-09-13T16:21:58.773Z| vmx| I125: Destroying virtual dev for scsi0:6 vscsi=8220
2025-09-13T16:21:58.773Z| vmx| I125: VMMon_VSCSIStopVports: No such target on adapter
2025-09-13T16:21:58.773Z| vmx| I125: Destroying virtual dev for scsi0:8 vscsi=8221
2025-09-13T16:21:58.773Z| vmx| I125: VMMon_VSCSIStopVports: No such target on adapter
2025-09-13T16:21:58.773Z| vmx| I125: Destroying virtual dev for scsi0:9 vscsi=8222
2025-09-13T16:21:58.773Z| vmx| I125: VMMon_VSCSIStopVports: No such target on adapter
2025-09-13T16:21:58.773Z| vmx| I125: Destroying virtual dev for scsi0:10 vscsi=8223
2025-09-13T16:21:58.773Z| vmx| I125: VMMon_VSCSIStopVports: No such target on adapter
2025-09-13T16:21:58.773Z| vmx| I125: Destroying virtual dev for scsi0:11 vscsi=8224
2025-09-13T16:21:58.773Z| vmx| I125: VMMon_VSCSIStopVports: No such target on adapter
2025-09-13T16:21:58.773Z| vmx| I125: Destroying virtual dev for scsi0:12 vscsi=8225
2025-09-13T16:21:58.773Z| vmx| I125: VMMon_VSCSIStopVports: No such target on adapter
2025-09-13T16:21:58.773Z| vmx| I125: Destroying virtual dev for scsi0:13 vscsi=8226
2025-09-13T16:21:58.773Z| vmx| I125: VMMon_VSCSIStopVports: No such target on adapter
2025-09-13T16:21:58.773Z| vmx| I125: Destroying virtual dev for scsi0:14 vscsi=8227
2025-09-13T16:21:58.773Z| vmx| I125: VMMon_VSCSIStopVports: No such target on adapter
2025-09-13T16:21:58.773Z| vmx| I125: Destroying virtual dev for scsi0:15 vscsi=8228
2025-09-13T16:21:58.773Z| vmx| I125: VMMon_VSCSIStopVports: No such target on adapter
2025-09-13T16:21:58.775Z| vmx| I125: MKS thread was already stopped
2025-09-13T16:21:58.775Z| mks| I125: MKS-RenderMain: Stopping MKSBasicOps
2025-09-13T16:21:58.775Z| mks| I125: MKS PowerOff
2025-09-13T16:21:58.775Z| mks| I125: MKS thread is exiting
2025-09-13T16:21:58.775Z| vmx| I125: SVMotion_PowerOff: Not running Storage vMotion. Nothing to do
2025-09-13T16:21:58.775Z| vmx| I125: scsi1:1: numIOs = 0 numMergedIOs = 0 numSplitIOs = 0 ( 0.0%)
2025-09-13T16:21:58.775Z| vmx| I125: Closing disk 'scsi1:1'
2025-09-13T16:21:58.776Z| vmx| I125: DISKLIB-VMFS  : "/vmfs/volumes/3a4fd8ce-fc4375c4-effb-5cf3fce846f8/SGRL-VCSA02/SGRL-VCSA02_16-flat.vmdk" : closed.
2025-09-13T16:21:58.776Z| vmx| I125: scsi1:0: numIOs = 0 numMergedIOs = 0 numSplitIOs = 0 ( 0.0%)
2025-09-13T16:21:58.776Z| vmx| I125: Closing disk 'scsi1:0'
2025-09-13T16:21:58.776Z| vmx| I125: DISKLIB-VMFS  : "/vmfs/volumes/3a4fd8ce-fc4375c4-effb-5cf3fce846f8/SGRL-VCSA02/SGRL-VCSA02_15-flat.vmdk" : closed.
2025-09-13T16:21:58.776Z| vmx| I125: scsi0:15: numIOs = 0 numMergedIOs = 0 numSplitIOs = 0 ( 0.0%)
2025-09-13T16:21:58.776Z| vmx| I125: Closing disk 'scsi0:15'
2025-09-13T16:21:58.776Z| vmx| I125: DISKLIB-VMFS  : "/vmfs/volumes/3a4fd8ce-fc4375c4-effb-5cf3fce846f8/SGRL-VCSA02/SGRL-VCSA02_14-flat.vmdk" : closed.
2025-09-13T16:21:58.776Z| vmx| I125: scsi0:14: numIOs = 0 numMergedIOs = 0 numSplitIOs = 0 ( 0.0%)
2025-09-13T16:21:58.776Z| vmx| I125: Closing disk 'scsi0:14'
2025-09-13T16:21:58.776Z| vmx| I125: DISKLIB-VMFS  : "/vmfs/volumes/3a4fd8ce-fc4375c4-effb-5cf3fce846f8/SGRL-VCSA02/SGRL-VCSA02_13-flat.vmdk" : closed.
2025-09-13T16:21:58.776Z| vmx| I125: scsi0:13: numIOs = 0 numMergedIOs = 0 numSplitIOs = 0 ( 0.0%)
2025-09-13T16:21:58.776Z| vmx| I125: Closing disk 'scsi0:13'
2025-09-13T16:21:58.776Z| vmx| I125: DISKLIB-VMFS  : "/vmfs/volumes/3a4fd8ce-fc4375c4-effb-5cf3fce846f8/SGRL-VCSA02/SGRL-VCSA02_12-flat.vmdk" : closed.
2025-09-13T16:21:58.776Z| vmx| I125: scsi0:12: numIOs = 0 numMergedIOs = 0 numSplitIOs = 0 ( 0.0%)
2025-09-13T16:21:58.776Z| vmx| I125: Closing disk 'scsi0:12'
2025-09-13T16:21:58.776Z| vmx| I125: DISKLIB-VMFS  : "/vmfs/volumes/3a4fd8ce-fc4375c4-effb-5cf3fce846f8/SGRL-VCSA02/SGRL-VCSA02_11-flat.vmdk" : closed.
2025-09-13T16:21:58.776Z| vmx| I125: scsi0:11: numIOs = 0 numMergedIOs = 0 numSplitIOs = 0 ( 0.0%)
2025-09-13T16:21:58.777Z| vmx| I125: Closing disk 'scsi0:11'
2025-09-13T16:21:58.777Z| vmx| I125: DISKLIB-VMFS  : "/vmfs/volumes/3a4fd8ce-fc4375c4-effb-5cf3fce846f8/SGRL-VCSA02/SGRL-VCSA02_10-flat.vmdk" : closed.
2025-09-13T16:21:58.777Z| vmx| I125: scsi0:10: numIOs = 0 numMergedIOs = 0 numSplitIOs = 0 ( 0.0%)
2025-09-13T16:21:58.777Z| vmx| I125: Closing disk 'scsi0:10'
2025-09-13T16:21:58.777Z| vmx| I125: DISKLIB-VMFS  : "/vmfs/volumes/3a4fd8ce-fc4375c4-effb-5cf3fce846f8/SGRL-VCSA02/SGRL-VCSA02_9-flat.vmdk" : closed.
2025-09-13T16:21:58.777Z| vmx| I125: scsi0:9: numIOs = 0 numMergedIOs = 0 numSplitIOs = 0 ( 0.0%)
2025-09-13T16:21:58.777Z| vmx| I125: Closing disk 'scsi0:9'
2025-09-13T16:21:58.777Z| vmx| I125: DISKLIB-VMFS  : "/vmfs/volumes/3a4fd8ce-fc4375c4-effb-5cf3fce846f8/SGRL-VCSA02/SGRL-VCSA02_8-flat.vmdk" : closed.
2025-09-13T16:21:58.777Z| vmx| I125: scsi0:8: numIOs = 0 numMergedIOs = 0 numSplitIOs = 0 ( 0.0%)
2025-09-13T16:21:58.777Z| vmx| I125: Closing disk 'scsi0:8'
2025-09-13T16:21:58.777Z| vmx| I125: DISKLIB-VMFS  : "/vmfs/volumes/3a4fd8ce-fc4375c4-effb-5cf3fce846f8/SGRL-VCSA02/SGRL-VCSA02_7-flat.vmdk" : closed.
2025-09-13T16:21:58.777Z| vmx| I125: scsi0:6: numIOs = 0 numMergedIOs = 0 numSplitIOs = 0 ( 0.0%)
2025-09-13T16:21:58.777Z| vmx| I125: Closing disk 'scsi0:6'
2025-09-13T16:21:58.777Z| vmx| I125: DISKLIB-VMFS  : "/vmfs/volumes/3a4fd8ce-fc4375c4-effb-5cf3fce846f8/SGRL-VCSA02/SGRL-VCSA02_6-flat.vmdk" : closed.
2025-09-13T16:21:58.777Z| vmx| I125: scsi0:5: numIOs = 0 numMergedIOs = 0 numSplitIOs = 0 ( 0.0%)
2025-09-13T16:21:58.777Z| vmx| I125: Closing disk 'scsi0:5'
2025-09-13T16:21:58.777Z| vmx| I125: DISKLIB-VMFS  : "/vmfs/volumes/3a4fd8ce-fc4375c4-effb-5cf3fce846f8/SGRL-VCSA02/SGRL-VCSA02_5-flat.vmdk" : closed.
2025-09-13T16:21:58.777Z| vmx| I125: scsi0:4: numIOs = 0 numMergedIOs = 0 numSplitIOs = 0 ( 0.0%)
2025-09-13T16:21:58.777Z| vmx| I125: Closing disk 'scsi0:4'
2025-09-13T16:21:58.777Z| vmx| I125: DISKLIB-VMFS  : "/vmfs/volumes/3a4fd8ce-fc4375c4-effb-5cf3fce846f8/SGRL-VCSA02/SGRL-VCSA02_4-flat.vmdk" : closed.
2025-09-13T16:21:58.777Z| vmx| I125: scsi0:3: numIOs = 0 numMergedIOs = 0 numSplitIOs = 0 ( 0.0%)
2025-09-13T16:21:58.777Z| vmx| I125: Closing disk 'scsi0:3'
2025-09-13T16:21:58.778Z| vmx| I125: DISKLIB-VMFS  : "/vmfs/volumes/3a4fd8ce-fc4375c4-effb-5cf3fce846f8/SGRL-VCSA02/SGRL-VCSA02_3-flat.vmdk" : closed.
2025-09-13T16:21:58.778Z| vmx| I125: scsi0:2: numIOs = 0 numMergedIOs = 0 numSplitIOs = 0 ( 0.0%)
2025-09-13T16:21:58.778Z| vmx| I125: Closing disk 'scsi0:2'
2025-09-13T16:21:58.778Z| vmx| I125: DISKLIB-VMFS  : "/vmfs/volumes/3a4fd8ce-fc4375c4-effb-5cf3fce846f8/SGRL-VCSA02/SGRL-VCSA02_2-flat.vmdk" : closed.
2025-09-13T16:21:58.778Z| vmx| I125: scsi0:1: numIOs = 0 numMergedIOs = 0 numSplitIOs = 0 ( 0.0%)
2025-09-13T16:21:58.778Z| vmx| I125: Closing disk 'scsi0:1'
2025-09-13T16:21:58.778Z| vmx| I125: DISKLIB-VMFS  : "/vmfs/volumes/3a4fd8ce-fc4375c4-effb-5cf3fce846f8/SGRL-VCSA02/SGRL-VCSA02_1-flat.vmdk" : closed.
2025-09-13T16:21:58.778Z| vmx| I125: scsi0:0: numIOs = 0 numMergedIOs = 0 numSplitIOs = 0 ( 0.0%)
2025-09-13T16:21:58.778Z| vmx| I125: Closing disk 'scsi0:0'
2025-09-13T16:21:58.778Z| vmx| I125: DISKLIB-VMFS  : "/vmfs/volumes/3a4fd8ce-fc4375c4-effb-5cf3fce846f8/SGRL-VCSA02/SGRL-VCSA02-flat.vmdk" : closed.
2025-09-13T16:21:58.874Z| vmx| I125: Vix: [mainDispatch.c:1180]: VMAutomationPowerOff: Powering off.
2025-09-13T16:21:58.876Z| vmx| I125: WORKER: asyncOps=18 maxActiveOps=17 maxPending=8 maxCompleted=0
2025-09-13T16:21:59.908Z| vmx| I125: Vix: [mainDispatch.c:4239]: VMAutomation_ReportPowerOpFinished: statevar=1, newAppState=1873, success=1 additionalError=0
2025-09-13T16:21:59.908Z| vmx| I125: Vix: [mainDispatch.c:4258]: VMAutomation: Ignoring ReportPowerOpFinished because the VMX is shutting down.
2025-09-13T16:21:59.908Z| vmx| A100: ConfigDB: Setting cleanShutdown = "TRUE"
2025-09-13T16:21:59.916Z| vmx| I125: Vix: [mainDispatch.c:4239]: VMAutomation_ReportPowerOpFinished: statevar=0, newAppState=1870, success=1 additionalError=0
2025-09-13T16:21:59.916Z| vmx| I125: Vix: [mainDispatch.c:4258]: VMAutomation: Ignoring ReportPowerOpFinished because the VMX is shutting down.
2025-09-13T16:21:59.916Z| vmx| I125: Transitioned vmx/execState/val to poweredOff
2025-09-13T16:21:59.916Z| vmx| I125: Vigor_ClientRequestCb: failed to do op=5 on unregistered device 'ConfigParams' (cmd=(null))
2025-09-13T16:21:59.916Z| vmx| I125: VMX idle exit
2025-09-13T16:21:59.925Z| vmx| I125: Vix: [mainDispatch.c:832]: VMAutomation_LateShutdown()
2025-09-13T16:21:59.925Z| vmx| I125: Vix: [mainDispatch.c:781]: VMAutomationCloseListenerSocket. Closing listener socket.
2025-09-13T16:21:59.925Z| vmx| I125: Flushing VMX VMDB connections
2025-09-13T16:21:59.926Z| vmx| I125: VigorTransport_ServerCloseClient: Closing transport 3F9B0D6B60 (err = 0)
2025-09-13T16:21:59.926Z| vmx| I125: VigorTransport_ServerDestroy: server destroyed.
2025-09-13T16:21:59.926Z| vmx| I125: VMX exit (0).
2025-09-13T16:21:59.927Z| vmx| I125: OBJLIB-LIB: ObjLib cleanup done.
2025-09-13T16:21:59.927Z| vmx| I125: AIOMGR-S : stat o=37 r=108 w=19 i=0 br=1679756 bw=17100
2025-09-13T16:21:59.927Z| vmx| W115: VMX has left the building: 0.
