2001-01-01T00:28:45.651Z| vmx| I125: Log for VMware ESX pid=2099771 version=6.7.0 build=build-19195723 option=Release
2001-01-01T00:28:45.651Z| vmx| I125: The process is 64-bit.
2001-01-01T00:28:45.651Z| vmx| I125: Host codepage=UTF-8 encoding=UTF-8
2001-01-01T00:28:45.651Z| vmx| I125: Host is unknown
2001-01-01T00:28:45.443Z| vmx| I125: VTHREAD 28883597312 "vmx" wid 2099771
2001-01-01T00:28:45.443Z| vmx| I125: Msg_SetLocaleEx: HostLocale=UTF-8 UserLocale=NULL
2001-01-01T00:28:45.444Z| vmx| I125: DictionaryLoad: Cannot open file "/usr/lib/vmware/config": No such file or directory.
2001-01-01T00:28:45.444Z| vmx| I125: ConfigDB: Failed to load /usr/lib/vmware/config
2001-01-01T00:28:45.444Z| vmx| I125: DictionaryLoad: Cannot open file "//.vmware/config": No such file or directory.
2001-01-01T00:28:45.444Z| vmx| I125: ConfigDB: Failed to load ~/.vmware/config
2001-01-01T00:28:45.636Z| vmx| I125: OBJLIB-LIB: ObjLibPlugins_Load: Loading plugin directory '/usr/lib64/vmware/plugin/objLib'
2001-01-01T00:28:45.636Z| vmx| I125: OBJLIB-LIB: ObjLibLoadPlugin: Loading plugin 'objLib/upitObjBE.so'
2001-01-01T00:28:45.639Z| vmx| I125: PluginLdr_Load: Loaded plugin 'objLib/upitObjBE.so' from '/usr/lib64/vmware/plugin/objLib/upitObjBE.so'
2001-01-01T00:28:45.639Z| vmx| I125: ObjLibPluginInit: Initialized plugin
2001-01-01T00:28:45.639Z| vmx| I125: UpitBackend_GetAPI: Received request for API com.vmware.plugin.objlib.backend.api@1.0
2001-01-01T00:28:45.639Z| vmx| I125: OBJLIB-LIB: ObjLib_RegisterDynamicBE: Back-end 'upit' found and registered as type 5
2001-01-01T00:28:45.639Z| vmx| I125: OBJLIB-LIB: ObjLibLoadPlugin: Loading plugin 'objLib/vsanObjBE.so'
2001-01-01T00:28:45.641Z| vmx| I125: PluginLdr_Load: Loaded plugin 'objLib/vsanObjBE.so' from '/usr/lib64/vmware/plugin/objLib/vsanObjBE.so'
2001-01-01T00:28:45.641Z| vmx| I125: ObjLibPluginInit: Initialized plugin
2001-01-01T00:28:45.642Z| vmx| I125: VsanBackend_GetAPI: Received request for API com.vmware.plugin.objlib.backend.api@1.0
2001-01-01T00:28:45.642Z| vmx| I125: OBJLIB-LIB: ObjLib_RegisterDynamicBE: Back-end 'vsan' found and registered as type 3
2001-01-01T00:28:45.642Z| vmx| I125: 2099771:VVOLLIB : VVolLib_IpcInit:208: IPC timeouts set to: connect = 30 sec, send = 30 sec, receive = 200 sec
2001-01-01T00:28:45.642Z| vmx| I125: 2099771:VVOLLIB : VVolLib_GetSoapContext:379: Using 30 secs for soap connect timeout.
2001-01-01T00:28:45.642Z| vmx| I125: 2099771:VVOLLIB : VVolLib_GetSoapContext:380: Using 200 secs for soap receive timeout.
2001-01-01T00:28:45.644Z| vmx| I125: OBJLIB-LIB: Objlib initialized.
2001-01-01T00:28:45.644Z| vmx| I125: DictionaryLoad: Cannot open file "/usr/lib/vmware/config": No such file or directory.
2001-01-01T00:28:45.644Z| vmx| I125: DictionaryLoad: Cannot open file "//.vmware/config": No such file or directory.
2001-01-01T00:28:45.644Z| vmx| I125: DictionaryLoad: Cannot open file "//.vmware/preferences": No such file or directory.
2001-01-01T00:28:45.649Z| vmx| I125: lib/ssl: OpenSSL using FIPS_drbg for RAND
2001-01-01T00:28:45.649Z| vmx| I125: lib/ssl: protocol list tls1.2
2001-01-01T00:28:45.649Z| vmx| I125: lib/ssl: protocol list tls1.2 (openssl flags 0x17000000)
2001-01-01T00:28:45.649Z| vmx| I125: lib/ssl: cipher list ECDHE+AESGCM:RSA+AESGCM:ECDHE+AES:RSA+AES
2001-01-01T00:28:45.650Z| vmx| I125: lib/ssl: curves list prime256v1:secp384r1:secp521r1
2001-01-01T00:28:45.650Z| vmx| I125: FILE: FileCreateDirectoryEx: Failed to create /tmp. Error = 17
2001-01-01T00:28:45.650Z| vmx| I125: FILE: FileCreateDirectoryEx: Failed to create /tmp/vmware-root. Error = 17
2001-01-01T00:28:45.651Z| vmx| I125: Hostname=SGRL-ESX01
2001-01-01T00:28:45.651Z| vmx| I125: IP=127.0.0.1 (lo0)
2001-01-01T00:28:45.651Z| vmx| I125: IP=192.168.1.100 (vmk0)
2001-01-01T00:28:45.651Z| vmx| I125: vmkernel build type: release
2001-01-01T00:28:45.651Z| vmx| I125: System uptime 1624972130 us
2001-01-01T00:28:45.651Z| vmx| I125: Command line: "/bin/vmx" "-s" "sched.group=host/user" "-#" "product=2;name=VMware ESX;version=6.7.0;buildnumber=19195723;licensename=VMware ESX Server;licenseversion=6.0;" "-@" "transport=3;msgs=ui" "/vmfs/volumes/3a4fd8ce-fc4375c4-effb-5cf3fce846f8/SGRL-VCSA001/SGRL-VCSA001.vmx"
2001-01-01T00:28:45.651Z| vmx| I125: Environment: "USER=root" "HOME=/" "SHELL=/bin/sh" "LANG=C"
2001-01-01T00:28:45.651Z| vmx| I125: Msg_SetLocaleEx: HostLocale=UTF-8 UserLocale=NULL
2001-01-01T00:28:45.652Z| vmx| I125: Transport socket: 3
2001-01-01T00:28:45.652Z| vmx| I125: VigorTransport listening on fd 7
2001-01-01T00:28:45.652Z| vmx| I125: Vigor_Init 0
2001-01-01T00:28:45.653Z| vmx| I125: /vmfs/volumes/3a4fd8ce-fc4375c4-effb-5cf3fce846f8/SGRL-VCSA001/SGRL-VCSA001.vmx: Setup symlink /var/run/vmware/e00270a941243db6ec681373dcb839da -> /var/run/vmware/0/1624972875_2099771
2001-01-01T00:28:45.653Z| vmx| I125: Vix: [mainDispatch.c:488]: VMAutomation: Initializing VMAutomation.
2001-01-01T00:28:45.653Z| vmx| I125: Vix: [mainDispatch.c:744]: VMAutomationOpenListenerSocket() listening
2001-01-01T00:28:45.657Z| vmx| I125: Vix: [mainDispatch.c:4239]: VMAutomation_ReportPowerOpFinished: statevar=0, newAppState=1870, success=1 additionalError=0
2001-01-01T00:28:45.657Z| vmx| I125: Transitioned vmx/execState/val to poweredOff
2001-01-01T00:28:45.657Z| vmx| I125: Vix: [mainDispatch.c:4239]: VMAutomation_ReportPowerOpFinished: statevar=1, newAppState=1873, success=1 additionalError=0
2001-01-01T00:28:45.657Z| vmx| I125: Vix: [mainDispatch.c:4239]: VMAutomation_ReportPowerOpFinished: statevar=2, newAppState=1877, success=1 additionalError=0
2001-01-01T00:28:45.657Z| vmx| I125: Vix: [mainDispatch.c:4239]: VMAutomation_ReportPowerOpFinished: statevar=3, newAppState=1881, success=1 additionalError=0
2001-01-01T00:28:45.657Z| vmx| I125: FeatureCompat: No EVC masks.
2001-01-01T00:28:45.658Z| vmx| I125: hostCPUID vendor: GenuineIntel
2001-01-01T00:28:45.658Z| vmx| I125: hostCPUID family: 0x6 model: 0x2c stepping: 0x2
2001-01-01T00:28:45.658Z| vmx| I125: hostCPUID codename: Westmere EP
2001-01-01T00:28:45.658Z| vmx| I125: hostCPUID name: Intel(R) Xeon(R) CPU           X5650  @ 2.67GHz
2001-01-01T00:28:45.658Z| vmx| I125: hostCPUID level 00000000, 0: 0x0000000b 0x756e6547 0x6c65746e 0x49656e69
2001-01-01T00:28:45.658Z| vmx| I125: hostCPUID level 00000001, 0: 0x000206c2 0x00200800 0x029ee3ff 0xbfebfbff
2001-01-01T00:28:45.658Z| vmx| I125: hostCPUID level 00000002, 0: 0x55035a01 0x00f0b2ff 0x00000000 0x00ca0000
2001-01-01T00:28:45.658Z| vmx| I125: hostCPUID level 00000003, 0: 0x00000000 0x00000000 0x00000000 0x00000000
2001-01-01T00:28:45.658Z| vmx| I125: hostCPUID level 00000004, 0: 0x3c004121 0x01c0003f 0x0000003f 0x00000000
2001-01-01T00:28:45.658Z| vmx| I125: hostCPUID level 00000004, 1: 0x3c004122 0x00c0003f 0x0000007f 0x00000000
2001-01-01T00:28:45.658Z| vmx| I125: hostCPUID level 00000004, 2: 0x3c004143 0x01c0003f 0x000001ff 0x00000000
2001-01-01T00:28:45.658Z| vmx| I125: hostCPUID level 00000004, 3: 0x3c07c163 0x03c0003f 0x00002fff 0x00000002
2001-01-01T00:28:45.658Z| vmx| I125: hostCPUID level 00000004, 4: 0x00000000 0x00000000 0x00000000 0x00000000
2001-01-01T00:28:45.658Z| vmx| I125: hostCPUID level 00000005, 0: 0x00000040 0x00000040 0x00000003 0x00001120
2001-01-01T00:28:45.658Z| vmx| I125: hostCPUID level 00000006, 0: 0x00000005 0x00000002 0x00000009 0x00000000
2001-01-01T00:28:45.658Z| vmx| I125: hostCPUID level 00000007, 0: 0x00000000 0x00000000 0x00000000 0x9c000000
2001-01-01T00:28:45.658Z| vmx| I125: hostCPUID level 00000008, 0: 0x00000000 0x00000000 0x00000000 0x00000000
2001-01-01T00:28:45.658Z| vmx| I125: hostCPUID level 00000009, 0: 0x00000000 0x00000000 0x00000000 0x00000000
2001-01-01T00:28:45.658Z| vmx| I125: hostCPUID level 0000000a, 0: 0x07300403 0x00000004 0x00000000 0x00000603
2001-01-01T00:28:45.658Z| vmx| I125: hostCPUID level 0000000b, 0: 0x00000001 0x00000002 0x00000100 0x00000000
2001-01-01T00:28:45.658Z| vmx| I125: hostCPUID level 0000000b, 1: 0x00000005 0x0000000c 0x00000201 0x00000000
2001-01-01T00:28:45.658Z| vmx| I125: hostCPUID level 0000000b, 2: 0x00000000 0x00000000 0x00000002 0x00000000
2001-01-01T00:28:45.658Z| vmx| I125: hostCPUID level 80000000, 0: 0x80000008 0x00000000 0x00000000 0x00000000
2001-01-01T00:28:45.658Z| vmx| I125: hostCPUID level 80000001, 0: 0x00000000 0x00000000 0x00000001 0x2c100800
2001-01-01T00:28:45.658Z| vmx| I125: hostCPUID level 80000002, 0: 0x65746e49 0x2952286c 0x6f655820 0x2952286e
2001-01-01T00:28:45.658Z| vmx| I125: hostCPUID level 80000003, 0: 0x55504320 0x20202020 0x20202020 0x58202020
2001-01-01T00:28:45.658Z| vmx| I125: hostCPUID level 80000004, 0: 0x30353635 0x20402020 0x37362e32 0x007a4847
2001-01-01T00:28:45.658Z| vmx| I125: hostCPUID level 80000005, 0: 0x00000000 0x00000000 0x00000000 0x00000000
2001-01-01T00:28:45.658Z| vmx| I125: hostCPUID level 80000006, 0: 0x00000000 0x00000000 0x01006040 0x00000000
2001-01-01T00:28:45.658Z| vmx| I125: hostCPUID level 80000007, 0: 0x00000000 0x00000000 0x00000000 0x00000100
2001-01-01T00:28:45.658Z| vmx| I125: hostCPUID level 80000008, 0: 0x00003028 0x00000000 0x00000000 0x00000000
2001-01-01T00:28:45.658Z| vmx| I125: CPUID differences from hostCPUID.
2001-01-01T00:28:45.658Z| vmx| I125: CPUID[1] level 00000001, 0: 0x000206c2 0x01200800 0x029ee3ff 0xbfebfbff
2001-01-01T00:28:45.658Z| vmx| I125: CPUID[1] level 0000000b, 0: 0x00000001 0x00000002 0x00000100 0x00000001
2001-01-01T00:28:45.658Z| vmx| I125: CPUID[1] level 0000000b, 1: 0x00000005 0x0000000c 0x00000201 0x00000001
2001-01-01T00:28:45.658Z| vmx| I125: CPUID[1] level 0000000b, 2: 0x00000000 0x00000000 0x00000002 0x00000001
2001-01-01T00:28:45.658Z| vmx| I125: CPUID[2] level 00000001, 0: 0x000206c2 0x02200800 0x029ee3ff 0xbfebfbff
2001-01-01T00:28:45.658Z| vmx| I125: CPUID[2] level 0000000b, 0: 0x00000001 0x00000002 0x00000100 0x00000002
2001-01-01T00:28:45.658Z| vmx| I125: CPUID[2] level 0000000b, 1: 0x00000005 0x0000000c 0x00000201 0x00000002
2001-01-01T00:28:45.658Z| vmx| I125: CPUID[2] level 0000000b, 2: 0x00000000 0x00000000 0x00000002 0x00000002
2001-01-01T00:28:45.658Z| vmx| I125: CPUID[3] level 00000001, 0: 0x000206c2 0x03200800 0x029ee3ff 0xbfebfbff
2001-01-01T00:28:45.658Z| vmx| I125: CPUID[3] level 0000000b, 0: 0x00000001 0x00000002 0x00000100 0x00000003
2001-01-01T00:28:45.658Z| vmx| I125: CPUID[3] level 0000000b, 1: 0x00000005 0x0000000c 0x00000201 0x00000003
2001-01-01T00:28:45.658Z| vmx| I125: CPUID[3] level 0000000b, 2: 0x00000000 0x00000000 0x00000002 0x00000003
2001-01-01T00:28:45.658Z| vmx| I125: CPUID[4] level 00000001, 0: 0x000206c2 0x04200800 0x029ee3ff 0xbfebfbff
2001-01-01T00:28:45.658Z| vmx| I125: CPUID[4] level 0000000b, 0: 0x00000001 0x00000002 0x00000100 0x00000004
2001-01-01T00:28:45.658Z| vmx| I125: CPUID[4] level 0000000b, 1: 0x00000005 0x0000000c 0x00000201 0x00000004
2001-01-01T00:28:45.658Z| vmx| I125: CPUID[4] level 0000000b, 2: 0x00000000 0x00000000 0x00000002 0x00000004
2001-01-01T00:28:45.658Z| vmx| I125: CPUID[5] level 00000001, 0: 0x000206c2 0x05200800 0x029ee3ff 0xbfebfbff
2001-01-01T00:28:45.658Z| vmx| I125: CPUID[5] level 0000000b, 0: 0x00000001 0x00000002 0x00000100 0x00000005
2001-01-01T00:28:45.658Z| vmx| I125: CPUID[5] level 0000000b, 1: 0x00000005 0x0000000c 0x00000201 0x00000005
2001-01-01T00:28:45.658Z| vmx| I125: CPUID[5] level 0000000b, 2: 0x00000000 0x00000000 0x00000002 0x00000005
2001-01-01T00:28:45.658Z| vmx| I125: CPUID[6] level 00000001, 0: 0x000206c2 0x10200800 0x029ee3ff 0xbfebfbff
2001-01-01T00:28:45.658Z| vmx| I125: CPUID[6] level 0000000b, 0: 0x00000001 0x00000002 0x00000100 0x00000010
2001-01-01T00:28:45.658Z| vmx| I125: CPUID[6] level 0000000b, 1: 0x00000005 0x0000000c 0x00000201 0x00000010
2001-01-01T00:28:45.658Z| vmx| I125: CPUID[6] level 0000000b, 2: 0x00000000 0x00000000 0x00000002 0x00000010
2001-01-01T00:28:45.658Z| vmx| I125: CPUID[7] level 00000001, 0: 0x000206c2 0x11200800 0x029ee3ff 0xbfebfbff
2001-01-01T00:28:45.658Z| vmx| I125: CPUID[7] level 0000000b, 0: 0x00000001 0x00000002 0x00000100 0x00000011
2001-01-01T00:28:45.658Z| vmx| I125: CPUID[7] level 0000000b, 1: 0x00000005 0x0000000c 0x00000201 0x00000011
2001-01-01T00:28:45.658Z| vmx| I125: CPUID[7] level 0000000b, 2: 0x00000000 0x00000000 0x00000002 0x00000011
2001-01-01T00:28:45.658Z| vmx| I125: CPUID[8] level 00000001, 0: 0x000206c2 0x12200800 0x029ee3ff 0xbfebfbff
2001-01-01T00:28:45.658Z| vmx| I125: CPUID[8] level 0000000b, 0: 0x00000001 0x00000002 0x00000100 0x00000012
2001-01-01T00:28:45.658Z| vmx| I125: CPUID[8] level 0000000b, 1: 0x00000005 0x0000000c 0x00000201 0x00000012
2001-01-01T00:28:45.658Z| vmx| I125: CPUID[8] level 0000000b, 2: 0x00000000 0x00000000 0x00000002 0x00000012
2001-01-01T00:28:45.658Z| vmx| I125: CPUID[9] level 00000001, 0: 0x000206c2 0x13200800 0x029ee3ff 0xbfebfbff
2001-01-01T00:28:45.658Z| vmx| I125: CPUID[9] level 0000000b, 0: 0x00000001 0x00000002 0x00000100 0x00000013
2001-01-01T00:28:45.658Z| vmx| I125: CPUID[9] level 0000000b, 1: 0x00000005 0x0000000c 0x00000201 0x00000013
2001-01-01T00:28:45.658Z| vmx| I125: CPUID[9] level 0000000b, 2: 0x00000000 0x00000000 0x00000002 0x00000013
2001-01-01T00:28:45.658Z| vmx| I125: CPUID[10] level 00000001, 0: 0x000206c2 0x14200800 0x029ee3ff 0xbfebfbff
2001-01-01T00:28:45.658Z| vmx| I125: CPUID[10] level 0000000b, 0: 0x00000001 0x00000002 0x00000100 0x00000014
2001-01-01T00:28:45.658Z| vmx| I125: CPUID[10] level 0000000b, 1: 0x00000005 0x0000000c 0x00000201 0x00000014
2001-01-01T00:28:45.658Z| vmx| I125: CPUID[10] level 0000000b, 2: 0x00000000 0x00000000 0x00000002 0x00000014
2001-01-01T00:28:45.658Z| vmx| I125: CPUID[11] level 00000001, 0: 0x000206c2 0x15200800 0x029ee3ff 0xbfebfbff
2001-01-01T00:28:45.658Z| vmx| I125: CPUID[11] level 0000000b, 0: 0x00000001 0x00000002 0x00000100 0x00000015
2001-01-01T00:28:45.658Z| vmx| I125: CPUID[11] level 0000000b, 1: 0x00000005 0x0000000c 0x00000201 0x00000015
2001-01-01T00:28:45.658Z| vmx| I125: CPUID[11] level 0000000b, 2: 0x00000000 0x00000000 0x00000002 0x00000015
2001-01-01T00:28:45.658Z| vmx| I125: CPUID[12] level 00000001, 0: 0x000206c2 0x20200800 0x029ee3ff 0xbfebfbff
2001-01-01T00:28:45.658Z| vmx| I125: CPUID[12] level 0000000b, 0: 0x00000001 0x00000002 0x00000100 0x00000020
2001-01-01T00:28:45.658Z| vmx| I125: CPUID[12] level 0000000b, 1: 0x00000005 0x0000000c 0x00000201 0x00000020
2001-01-01T00:28:45.658Z| vmx| I125: CPUID[12] level 0000000b, 2: 0x00000000 0x00000000 0x00000002 0x00000020
2001-01-01T00:28:45.658Z| vmx| I125: CPUID[13] level 00000001, 0: 0x000206c2 0x21200800 0x029ee3ff 0xbfebfbff
2001-01-01T00:28:45.658Z| vmx| I125: CPUID[13] level 0000000b, 0: 0x00000001 0x00000002 0x00000100 0x00000021
2001-01-01T00:28:45.658Z| vmx| I125: CPUID[13] level 0000000b, 1: 0x00000005 0x0000000c 0x00000201 0x00000021
2001-01-01T00:28:45.658Z| vmx| I125: CPUID[13] level 0000000b, 2: 0x00000000 0x00000000 0x00000002 0x00000021
2001-01-01T00:28:45.658Z| vmx| I125: CPUID[14] level 00000001, 0: 0x000206c2 0x22200800 0x029ee3ff 0xbfebfbff
2001-01-01T00:28:45.658Z| vmx| I125: CPUID[14] level 0000000b, 0: 0x00000001 0x00000002 0x00000100 0x00000022
2001-01-01T00:28:45.658Z| vmx| I125: CPUID[14] level 0000000b, 1: 0x00000005 0x0000000c 0x00000201 0x00000022
2001-01-01T00:28:45.658Z| vmx| I125: CPUID[14] level 0000000b, 2: 0x00000000 0x00000000 0x00000002 0x00000022
2001-01-01T00:28:45.658Z| vmx| I125: CPUID[15] level 00000001, 0: 0x000206c2 0x23200800 0x029ee3ff 0xbfebfbff
2001-01-01T00:28:45.658Z| vmx| I125: CPUID[15] level 0000000b, 0: 0x00000001 0x00000002 0x00000100 0x00000023
2001-01-01T00:28:45.658Z| vmx| I125: CPUID[15] level 0000000b, 1: 0x00000005 0x0000000c 0x00000201 0x00000023
2001-01-01T00:28:45.658Z| vmx| I125: CPUID[15] level 0000000b, 2: 0x00000000 0x00000000 0x00000002 0x00000023
2001-01-01T00:28:45.658Z| vmx| I125: CPUID[16] level 00000001, 0: 0x000206c2 0x24200800 0x029ee3ff 0xbfebfbff
2001-01-01T00:28:45.658Z| vmx| I125: CPUID[16] level 0000000b, 0: 0x00000001 0x00000002 0x00000100 0x00000024
2001-01-01T00:28:45.658Z| vmx| I125: CPUID[16] level 0000000b, 1: 0x00000005 0x0000000c 0x00000201 0x00000024
2001-01-01T00:28:45.658Z| vmx| I125: CPUID[16] level 0000000b, 2: 0x00000000 0x00000000 0x00000002 0x00000024
2001-01-01T00:28:45.658Z| vmx| I125: CPUID[17] level 00000001, 0: 0x000206c2 0x25200800 0x029ee3ff 0xbfebfbff
2001-01-01T00:28:45.658Z| vmx| I125: CPUID[17] level 0000000b, 0: 0x00000001 0x00000002 0x00000100 0x00000025
2001-01-01T00:28:45.658Z| vmx| I125: CPUID[17] level 0000000b, 1: 0x00000005 0x0000000c 0x00000201 0x00000025
2001-01-01T00:28:45.658Z| vmx| I125: CPUID[17] level 0000000b, 2: 0x00000000 0x00000000 0x00000002 0x00000025
2001-01-01T00:28:45.658Z| vmx| I125: CPUID[18] level 00000001, 0: 0x000206c2 0x30200800 0x029ee3ff 0xbfebfbff
2001-01-01T00:28:45.658Z| vmx| I125: CPUID[18] level 0000000b, 0: 0x00000001 0x00000002 0x00000100 0x00000030
2001-01-01T00:28:45.658Z| vmx| I125: CPUID[18] level 0000000b, 1: 0x00000005 0x0000000c 0x00000201 0x00000030
2001-01-01T00:28:45.658Z| vmx| I125: CPUID[18] level 0000000b, 2: 0x00000000 0x00000000 0x00000002 0x00000030
2001-01-01T00:28:45.658Z| vmx| I125: CPUID[19] level 00000001, 0: 0x000206c2 0x31200800 0x029ee3ff 0xbfebfbff
2001-01-01T00:28:45.658Z| vmx| I125: CPUID[19] level 0000000b, 0: 0x00000001 0x00000002 0x00000100 0x00000031
2001-01-01T00:28:45.658Z| vmx| I125: CPUID[19] level 0000000b, 1: 0x00000005 0x0000000c 0x00000201 0x00000031
2001-01-01T00:28:45.658Z| vmx| I125: CPUID[19] level 0000000b, 2: 0x00000000 0x00000000 0x00000002 0x00000031
2001-01-01T00:28:45.658Z| vmx| I125: CPUID[20] level 00000001, 0: 0x000206c2 0x32200800 0x029ee3ff 0xbfebfbff
2001-01-01T00:28:45.658Z| vmx| I125: CPUID[20] level 0000000b, 0: 0x00000001 0x00000002 0x00000100 0x00000032
2001-01-01T00:28:45.658Z| vmx| I125: CPUID[20] level 0000000b, 1: 0x00000005 0x0000000c 0x00000201 0x00000032
2001-01-01T00:28:45.658Z| vmx| I125: CPUID[20] level 0000000b, 2: 0x00000000 0x00000000 0x00000002 0x00000032
2001-01-01T00:28:45.658Z| vmx| I125: CPUID[21] level 00000001, 0: 0x000206c2 0x33200800 0x029ee3ff 0xbfebfbff
2001-01-01T00:28:45.658Z| vmx| I125: CPUID[21] level 0000000b, 0: 0x00000001 0x00000002 0x00000100 0x00000033
2001-01-01T00:28:45.658Z| vmx| I125: CPUID[21] level 0000000b, 1: 0x00000005 0x0000000c 0x00000201 0x00000033
2001-01-01T00:28:45.658Z| vmx| I125: CPUID[21] level 0000000b, 2: 0x00000000 0x00000000 0x00000002 0x00000033
2001-01-01T00:28:45.658Z| vmx| I125: CPUID[22] level 00000001, 0: 0x000206c2 0x34200800 0x029ee3ff 0xbfebfbff
2001-01-01T00:28:45.658Z| vmx| I125: CPUID[22] level 0000000b, 0: 0x00000001 0x00000002 0x00000100 0x00000034
2001-01-01T00:28:45.658Z| vmx| I125: CPUID[22] level 0000000b, 1: 0x00000005 0x0000000c 0x00000201 0x00000034
2001-01-01T00:28:45.658Z| vmx| I125: CPUID[22] level 0000000b, 2: 0x00000000 0x00000000 0x00000002 0x00000034
2001-01-01T00:28:45.658Z| vmx| I125: CPUID[23] level 00000001, 0: 0x000206c2 0x35200800 0x029ee3ff 0xbfebfbff
2001-01-01T00:28:45.658Z| vmx| I125: CPUID[23] level 0000000b, 0: 0x00000001 0x00000002 0x00000100 0x00000035
2001-01-01T00:28:45.658Z| vmx| I125: CPUID[23] level 0000000b, 1: 0x00000005 0x0000000c 0x00000201 0x00000035
2001-01-01T00:28:45.658Z| vmx| I125: CPUID[23] level 0000000b, 2: 0x00000000 0x00000000 0x00000002 0x00000035
2001-01-01T00:28:45.659Z| vmx| I125: Common: MSR       0x3a =                0x5
2001-01-01T00:28:45.659Z| vmx| I125: Common: MSR      0x480 =   0xda04000000000f
2001-01-01T00:28:45.659Z| vmx| I125: Common: MSR      0x481 =       0x7f00000016
2001-01-01T00:28:45.659Z| vmx| I125: Common: MSR      0x482 = 0xfff9fffe0401e172
2001-01-01T00:28:45.659Z| vmx| I125: Common: MSR      0x483 =   0x7fffff00036dff
2001-01-01T00:28:45.659Z| vmx| I125: Common: MSR      0x484 =     0xffff000011ff
2001-01-01T00:28:45.659Z| vmx| I125: Common: MSR      0x485 =            0x401e7
2001-01-01T00:28:45.659Z| vmx| I125: Common: MSR      0x486 =         0x80000021
2001-01-01T00:28:45.659Z| vmx| I125: Common: MSR      0x487 =         0xffffffff
2001-01-01T00:28:45.659Z| vmx| I125: Common: MSR      0x488 =             0x2000
2001-01-01T00:28:45.659Z| vmx| I125: Common: MSR      0x489 =            0x267ff
2001-01-01T00:28:45.659Z| vmx| I125: Common: MSR      0x48a =               0x2a
2001-01-01T00:28:45.659Z| vmx| I125: Common: MSR      0x48b =      0x4ff00000000
2001-01-01T00:28:45.659Z| vmx| I125: Common: MSR      0x48c =      0xf0106134141
2001-01-01T00:28:45.659Z| vmx| I125: Common: MSR      0x48d =       0x7f00000016
2001-01-01T00:28:45.659Z| vmx| I125: Common: MSR      0x48e = 0xfff9fffe04006172
2001-01-01T00:28:45.659Z| vmx| I125: Common: MSR      0x48f =   0x7fffff00036dfb
2001-01-01T00:28:45.659Z| vmx| I125: Common: MSR      0x490 =     0xffff000011fb
2001-01-01T00:28:45.659Z| vmx| I125: Common: MSR      0x491 =                  0
2001-01-01T00:28:45.659Z| vmx| I125: Common: MSR 0xc0010114 =                  0
2001-01-01T00:28:45.659Z| vmx| I125: Common: MSR       0xce =      0xc0004011403
2001-01-01T00:28:45.659Z| vmx| I125: Common: MSR      0x10a =                  0
2001-01-01T00:28:45.659Z| vmx| I125: UTIL: Change file descriptor limit from soft 3840,hard 3840 to soft 4096,hard 4096.
2001-01-01T00:28:45.659Z| vmx| I125: PTSC: using TSC + offset (-496955427372)
2001-01-01T00:28:45.659Z| vmx| I125: PTSC: hardware TSCs are synchronized.
2001-01-01T00:28:45.659Z| vmx| I125: PTSC: current PTSC=4333432272616
2001-01-01T00:28:45.659Z| vmx| I125: MKSXlib: Initialized thread-safe Xlib
2001-01-01T00:28:45.659Z| vmx| I125: MKSXlib: Failed to open libXi.so.6
2001-01-01T00:28:45.659Z| vmx| I125: [0x675F21000-0x6770CAEA4): /bin/vmx
2001-01-01T00:28:45.668Z| vmx| I125: changing directory to /vmfs/volumes/3a4fd8ce-fc4375c4-effb-5cf3fce846f8/SGRL-VCSA001/.
2001-01-01T00:28:45.668Z| vmx| I125: Config file: /vmfs/volumes/3a4fd8ce-fc4375c4-effb-5cf3fce846f8/SGRL-VCSA001/SGRL-VCSA001.vmx
2001-01-01T00:28:45.668Z| vmx| I125: Vix: [mainDispatch.c:4239]: VMAutomation_ReportPowerOpFinished: statevar=1, newAppState=1873, success=1 additionalError=0
2001-01-01T00:28:45.668Z| vmx| I125: Vix: [mainDispatch.c:4239]: VMAutomation_ReportPowerOpFinished: statevar=2, newAppState=1878, success=1 additionalError=0
2001-01-01T00:28:45.668Z| vmx| I125: FILE: FileCreateDirectoryEx: Failed to create /tmp. Error = 17
2001-01-01T00:28:45.668Z| vmx| I125: FILE: FileCreateDirectoryEx: Failed to create /tmp/vmware-root. Error = 17
2001-01-01T00:28:45.685Z| vmx| W115: PowerOn
2001-01-01T00:28:45.685Z| vmx| I125: Vix: [mainDispatch.c:4239]: VMAutomation_ReportPowerOpFinished: statevar=0, newAppState=1871, success=1 additionalError=0
2001-01-01T00:28:45.686Z| vmx| I125: UNAME VMkernel SGRL-ESX01 6.7.0 #1 SMP Release build-19195723 Jan 11 2022 23:34:04 x86_64 (uwglibc release: vmware, version: 2.17)
2001-01-01T00:28:45.686Z| vmx| I125: DICT --- GLOBAL SETTINGS /usr/lib/vmware/settings
2001-01-01T00:28:45.686Z| vmx| I125: DICT --- NON PERSISTENT (null)
2001-01-01T00:28:45.686Z| vmx| I125: DICT --- USER PREFERENCES //.vmware/preferences
2001-01-01T00:28:45.686Z| vmx| I125: DICT --- USER DEFAULTS //.vmware/config
2001-01-01T00:28:45.686Z| vmx| I125: DICT --- HOST DEFAULTS /etc/vmware/config
2001-01-01T00:28:45.686Z| vmx| I125: DICT                    libdir = "/usr/lib/vmware"
2001-01-01T00:28:45.686Z| vmx| I125: DICT           authd.proxy.nfc = "vmware-hostd:ha-nfc"
2001-01-01T00:28:45.686Z| vmx| I125: DICT        authd.proxy.nfcssl = "vmware-hostd:ha-nfcssl"
2001-01-01T00:28:45.686Z| vmx| I125: DICT   authd.proxy.vpxa-nfcssl = "vmware-vpxa:vpxa-nfcssl"
2001-01-01T00:28:45.686Z| vmx| I125: DICT      authd.proxy.vpxa-nfc = "vmware-vpxa:vpxa-nfc"
2001-01-01T00:28:45.686Z| vmx| I125: DICT            authd.fullpath = "/sbin/authd"
2001-01-01T00:28:45.686Z| vmx| I125: DICT --- SITE DEFAULTS /usr/lib/vmware/config
2001-01-01T00:28:45.686Z| vmx| I125: DICT --- NONPERSISTENT
2001-01-01T00:28:45.686Z| vmx| I125: DICT               sched.group = "host/user"
2001-01-01T00:28:45.686Z| vmx| I125: DICT --- COMMAND LINE
2001-01-01T00:28:45.686Z| vmx| I125: DICT               sched.group = "host/user"
2001-01-01T00:28:45.686Z| vmx| I125: DICT --- RECORDING
2001-01-01T00:28:45.686Z| vmx| I125: DICT               sched.group = "host/user"
2001-01-01T00:28:45.686Z| vmx| I125: DICT --- CONFIGURATION /vmfs/volumes/3a4fd8ce-fc4375c4-effb-5cf3fce846f8/SGRL-VCSA001/SGRL-VCSA001.vmx 
2001-01-01T00:28:45.686Z| vmx| I125: DICT            config.version = "8"
2001-01-01T00:28:45.686Z| vmx| I125: DICT         virtualHW.version = "10"
2001-01-01T00:28:45.686Z| vmx| I125: DICT                     nvram = "SGRL-VCSA001.nvram"
2001-01-01T00:28:45.686Z| vmx| I125: DICT        pciBridge0.present = "TRUE"
2001-01-01T00:28:45.686Z| vmx| I125: DICT              svga.present = "TRUE"
2001-01-01T00:28:45.686Z| vmx| I125: DICT        pciBridge4.present = "TRUE"
2001-01-01T00:28:45.686Z| vmx| I125: DICT     pciBridge4.virtualDev = "pcieRootPort"
2001-01-01T00:28:45.686Z| vmx| I125: DICT      pciBridge4.functions = "8"
2001-01-01T00:28:45.686Z| vmx| I125: DICT        pciBridge5.present = "TRUE"
2001-01-01T00:28:45.686Z| vmx| I125: DICT     pciBridge5.virtualDev = "pcieRootPort"
2001-01-01T00:28:45.686Z| vmx| I125: DICT      pciBridge5.functions = "8"
2001-01-01T00:28:45.686Z| vmx| I125: DICT        pciBridge6.present = "TRUE"
2001-01-01T00:28:45.686Z| vmx| I125: DICT     pciBridge6.virtualDev = "pcieRootPort"
2001-01-01T00:28:45.686Z| vmx| I125: DICT      pciBridge6.functions = "8"
2001-01-01T00:28:45.686Z| vmx| I125: DICT        pciBridge7.present = "TRUE"
2001-01-01T00:28:45.686Z| vmx| I125: DICT     pciBridge7.virtualDev = "pcieRootPort"
2001-01-01T00:28:45.686Z| vmx| I125: DICT      pciBridge7.functions = "8"
2001-01-01T00:28:45.686Z| vmx| I125: DICT             vmci0.present = "TRUE"
2001-01-01T00:28:45.686Z| vmx| I125: DICT             hpet0.present = "TRUE"
2001-01-01T00:28:45.686Z| vmx| I125: DICT           floppy0.present = "FALSE"
2001-01-01T00:28:45.686Z| vmx| I125: DICT                  numvcpus = "2"
2001-01-01T00:28:45.686Z| vmx| I125: DICT                   memSize = "12288"
2001-01-01T00:28:45.686Z| vmx| I125: DICT             vm.createDate = "978308546663004"
2001-01-01T00:28:45.686Z| vmx| I125: DICT          scsi0.virtualDev = "lsilogic"
2001-01-01T00:28:45.686Z| vmx| I125: DICT             scsi0.present = "TRUE"
2001-01-01T00:28:45.686Z| vmx| I125: DICT          scsi1.virtualDev = "lsilogic"
2001-01-01T00:28:45.686Z| vmx| I125: DICT             scsi1.present = "TRUE"
2001-01-01T00:28:45.686Z| vmx| I125: DICT     ide0:0.startConnected = "FALSE"
2001-01-01T00:28:45.686Z| vmx| I125: DICT         ide0:0.deviceType = "atapi-cdrom"
2001-01-01T00:28:45.686Z| vmx| I125: DICT           ide0:0.fileName = "CD/DVD drive 0"
2001-01-01T00:28:45.686Z| vmx| I125: DICT            ide0:0.present = "TRUE"
2001-01-01T00:28:45.686Z| vmx| I125: DICT        scsi0:0.deviceType = "scsi-hardDisk"
2001-01-01T00:28:45.686Z| vmx| I125: DICT          scsi0:0.fileName = "SGRL-VCSA001.vmdk"
2001-01-01T00:28:45.686Z| vmx| I125: DICT           scsi0:0.present = "TRUE"
2001-01-01T00:28:45.686Z| vmx| I125: DICT        scsi0:1.deviceType = "scsi-hardDisk"
2001-01-01T00:28:45.686Z| vmx| I125: DICT          scsi0:1.fileName = "SGRL-VCSA001_1.vmdk"
2001-01-01T00:28:45.686Z| vmx| I125: DICT           scsi0:1.present = "TRUE"
2001-01-01T00:28:45.686Z| vmx| I125: DICT        scsi0:2.deviceType = "scsi-hardDisk"
2001-01-01T00:28:45.686Z| vmx| I125: DICT          scsi0:2.fileName = "SGRL-VCSA001_2.vmdk"
2001-01-01T00:28:45.686Z| vmx| I125: DICT           scsi0:2.present = "TRUE"
2001-01-01T00:28:45.686Z| vmx| I125: DICT        scsi0:3.deviceType = "scsi-hardDisk"
2001-01-01T00:28:45.686Z| vmx| I125: DICT          scsi0:3.fileName = "SGRL-VCSA001_3.vmdk"
2001-01-01T00:28:45.686Z| vmx| I125: DICT           scsi0:3.present = "TRUE"
2001-01-01T00:28:45.686Z| vmx| I125: DICT        scsi0:4.deviceType = "scsi-hardDisk"
2001-01-01T00:28:45.686Z| vmx| I125: DICT          scsi0:4.fileName = "SGRL-VCSA001_4.vmdk"
2001-01-01T00:28:45.686Z| vmx| I125: DICT           scsi0:4.present = "TRUE"
2001-01-01T00:28:45.686Z| vmx| I125: DICT        scsi0:5.deviceType = "scsi-hardDisk"
2001-01-01T00:28:45.686Z| vmx| I125: DICT          scsi0:5.fileName = "SGRL-VCSA001_5.vmdk"
2001-01-01T00:28:45.686Z| vmx| I125: DICT           scsi0:5.present = "TRUE"
2001-01-01T00:28:45.686Z| vmx| I125: DICT        scsi0:6.deviceType = "scsi-hardDisk"
2001-01-01T00:28:45.686Z| vmx| I125: DICT          scsi0:6.fileName = "SGRL-VCSA001_6.vmdk"
2001-01-01T00:28:45.686Z| vmx| I125: DICT           scsi0:6.present = "TRUE"
2001-01-01T00:28:45.686Z| vmx| I125: DICT        scsi0:8.deviceType = "scsi-hardDisk"
2001-01-01T00:28:45.686Z| vmx| I125: DICT          scsi0:8.fileName = "SGRL-VCSA001_7.vmdk"
2001-01-01T00:28:45.686Z| vmx| I125: DICT           scsi0:8.present = "TRUE"
2001-01-01T00:28:45.686Z| vmx| I125: DICT        scsi0:9.deviceType = "scsi-hardDisk"
2001-01-01T00:28:45.686Z| vmx| I125: DICT          scsi0:9.fileName = "SGRL-VCSA001_8.vmdk"
2001-01-01T00:28:45.686Z| vmx| I125: DICT           scsi0:9.present = "TRUE"
2001-01-01T00:28:45.686Z| vmx| I125: DICT       scsi0:10.deviceType = "scsi-hardDisk"
2001-01-01T00:28:45.686Z| vmx| I125: DICT         scsi0:10.fileName = "SGRL-VCSA001_9.vmdk"
2001-01-01T00:28:45.686Z| vmx| I125: DICT          scsi0:10.present = "TRUE"
2001-01-01T00:28:45.686Z| vmx| I125: DICT       scsi0:11.deviceType = "scsi-hardDisk"
2001-01-01T00:28:45.686Z| vmx| I125: DICT         scsi0:11.fileName = "SGRL-VCSA001_10.vmdk"
2001-01-01T00:28:45.686Z| vmx| I125: DICT          scsi0:11.present = "TRUE"
2001-01-01T00:28:45.686Z| vmx| I125: DICT       scsi0:12.deviceType = "scsi-hardDisk"
2001-01-01T00:28:45.686Z| vmx| I125: DICT         scsi0:12.fileName = "SGRL-VCSA001_11.vmdk"
2001-01-01T00:28:45.686Z| vmx| I125: DICT          scsi0:12.present = "TRUE"
2001-01-01T00:28:45.686Z| vmx| I125: DICT       scsi0:13.deviceType = "scsi-hardDisk"
2001-01-01T00:28:45.686Z| vmx| I125: DICT         scsi0:13.fileName = "SGRL-VCSA001_12.vmdk"
2001-01-01T00:28:45.686Z| vmx| I125: DICT          scsi0:13.present = "TRUE"
2001-01-01T00:28:45.686Z| vmx| I125: DICT       scsi0:14.deviceType = "scsi-hardDisk"
2001-01-01T00:28:45.686Z| vmx| I125: DICT         scsi0:14.fileName = "SGRL-VCSA001_13.vmdk"
2001-01-01T00:28:45.686Z| vmx| I125: DICT          scsi0:14.present = "TRUE"
2001-01-01T00:28:45.686Z| vmx| I125: DICT       scsi0:15.deviceType = "scsi-hardDisk"
2001-01-01T00:28:45.686Z| vmx| I125: DICT         scsi0:15.fileName = "SGRL-VCSA001_14.vmdk"
2001-01-01T00:28:45.686Z| vmx| I125: DICT          scsi0:15.present = "TRUE"
2001-01-01T00:28:45.686Z| vmx| I125: DICT        scsi1:0.deviceType = "scsi-hardDisk"
2001-01-01T00:28:45.686Z| vmx| I125: DICT          scsi1:0.fileName = "SGRL-VCSA001_15.vmdk"
2001-01-01T00:28:45.686Z| vmx| I125: DICT           scsi1:0.present = "TRUE"
2001-01-01T00:28:45.686Z| vmx| I125: DICT      ethernet0.virtualDev = "vmxnet3"
2001-01-01T00:28:45.686Z| vmx| I125: DICT     ethernet0.networkName = "VM Network"
2001-01-01T00:28:45.686Z| vmx| I125: DICT     ethernet0.addressType = "generated"
2001-01-01T00:28:45.686Z| vmx| I125: DICT ethernet0.uptCompatibility = "TRUE"
2001-01-01T00:28:45.686Z| vmx| I125: DICT         ethernet0.present = "TRUE"
2001-01-01T00:28:45.686Z| vmx| I125: DICT               displayName = "SGRL-VCSA001"
2001-01-01T00:28:45.686Z| vmx| I125: DICT                annotation = <not printed>
2001-01-01T00:28:45.686Z| vmx| I125: DICT                   guestOS = "other3xlinux-64"
2001-01-01T00:28:45.686Z| vmx| I125: DICT               vcpu.hotadd = "TRUE"
2001-01-01T00:28:45.686Z| vmx| I125: DICT            vcpu.hotremove = "TRUE"
2001-01-01T00:28:45.686Z| vmx| I125: DICT                mem.hotadd = "TRUE"
2001-01-01T00:28:45.686Z| vmx| I125: DICT  toolScripts.afterPowerOn = "TRUE"
2001-01-01T00:28:45.686Z| vmx| I125: DICT   toolScripts.afterResume = "TRUE"
2001-01-01T00:28:45.686Z| vmx| I125: DICT toolScripts.beforeSuspend = "TRUE"
2001-01-01T00:28:45.686Z| vmx| I125: DICT toolScripts.beforePowerOff = "TRUE"
2001-01-01T00:28:45.686Z| vmx| I125: DICT                 uuid.bios = "56 4d 14 e2 e8 76 2d 0f-fc 50 89 ad 09 4f d8 74"
2001-01-01T00:28:45.686Z| vmx| I125: DICT             uuid.location = "56 4d 14 e2 e8 76 2d 0f-fc 50 89 ad 09 4f d8 74"
2001-01-01T00:28:45.686Z| vmx| I125: DICT                   vc.uuid = "52 61 0e 85 c1 52 01 3f-7d 70 41 35 84 0c f0 7a"
2001-01-01T00:28:45.686Z| vmx| I125: DICT --- USER DEFAULTS ~/.vmware/config 
2001-01-01T00:28:45.686Z| vmx| I125: DICT --- HOST DEFAULTS /etc/vmware/config 
2001-01-01T00:28:45.686Z| vmx| I125: DICT                    libdir = "/usr/lib/vmware"
2001-01-01T00:28:45.686Z| vmx| I125: DICT           authd.proxy.nfc = "vmware-hostd:ha-nfc"
2001-01-01T00:28:45.686Z| vmx| I125: DICT        authd.proxy.nfcssl = "vmware-hostd:ha-nfcssl"
2001-01-01T00:28:45.686Z| vmx| I125: DICT   authd.proxy.vpxa-nfcssl = "vmware-vpxa:vpxa-nfcssl"
2001-01-01T00:28:45.686Z| vmx| I125: DICT      authd.proxy.vpxa-nfc = "vmware-vpxa:vpxa-nfc"
2001-01-01T00:28:45.686Z| vmx| I125: DICT            authd.fullpath = "/sbin/authd"
2001-01-01T00:28:45.686Z| vmx| I125: DICT --- SITE DEFAULTS /usr/lib/vmware/config 
2001-01-01T00:28:45.686Z| vmx| I125: DICT --- GLOBAL SETTINGS /usr/lib/vmware/settings 
2001-01-01T00:28:45.686Z| vmx| I125: Vix: [mainDispatch.c:4239]: VMAutomation_ReportPowerOpFinished: statevar=1, newAppState=1873, success=1 additionalError=0
2001-01-01T00:28:45.696Z| vmx| I125: DISKLIB-VMFS  : "/vmfs/volumes/3a4fd8ce-fc4375c4-effb-5cf3fce846f8/SGRL-VCSA001/SGRL-VCSA001-flat.vmdk" : open successful (524293) size = 51539607552, hd = 0. Type 3
2001-01-01T00:28:45.696Z| vmx| I125: DISKLIB-VMFS  : "/vmfs/volumes/3a4fd8ce-fc4375c4-effb-5cf3fce846f8/SGRL-VCSA001/SGRL-VCSA001-flat.vmdk" : closed.
2001-01-01T00:28:45.697Z| vmx| I125: DISKLIB-VMFS  : "/vmfs/volumes/3a4fd8ce-fc4375c4-effb-5cf3fce846f8/SGRL-VCSA001/SGRL-VCSA001_1-flat.vmdk" : open successful (524293) size = 5361369088, hd = 0. Type 3
2001-01-01T00:28:45.697Z| vmx| I125: DISKLIB-VMFS  : "/vmfs/volumes/3a4fd8ce-fc4375c4-effb-5cf3fce846f8/SGRL-VCSA001/SGRL-VCSA001_1-flat.vmdk" : closed.
2001-01-01T00:28:45.697Z| vmx| I125: DISKLIB-VMFS  : "/vmfs/volumes/3a4fd8ce-fc4375c4-effb-5cf3fce846f8/SGRL-VCSA001/SGRL-VCSA001_2-flat.vmdk" : open successful (524293) size = 26843545600, hd = 0. Type 3
2001-01-01T00:28:45.697Z| vmx| I125: DISKLIB-VMFS  : "/vmfs/volumes/3a4fd8ce-fc4375c4-effb-5cf3fce846f8/SGRL-VCSA001/SGRL-VCSA001_2-flat.vmdk" : closed.
2001-01-01T00:28:45.697Z| vmx| I125: DISKLIB-VMFS  : "/vmfs/volumes/3a4fd8ce-fc4375c4-effb-5cf3fce846f8/SGRL-VCSA001/SGRL-VCSA001_3-flat.vmdk" : open successful (524293) size = 26843545600, hd = 0. Type 3
2001-01-01T00:28:45.697Z| vmx| I125: DISKLIB-VMFS  : "/vmfs/volumes/3a4fd8ce-fc4375c4-effb-5cf3fce846f8/SGRL-VCSA001/SGRL-VCSA001_3-flat.vmdk" : closed.
2001-01-01T00:28:45.698Z| vmx| I125: DISKLIB-VMFS  : "/vmfs/volumes/3a4fd8ce-fc4375c4-effb-5cf3fce846f8/SGRL-VCSA001/SGRL-VCSA001_4-flat.vmdk" : open successful (524293) size = 10737418240, hd = 0. Type 3
2001-01-01T00:28:45.698Z| vmx| I125: DISKLIB-VMFS  : "/vmfs/volumes/3a4fd8ce-fc4375c4-effb-5cf3fce846f8/SGRL-VCSA001/SGRL-VCSA001_4-flat.vmdk" : closed.
2001-01-01T00:28:45.698Z| vmx| I125: DISKLIB-VMFS  : "/vmfs/volumes/3a4fd8ce-fc4375c4-effb-5cf3fce846f8/SGRL-VCSA001/SGRL-VCSA001_5-flat.vmdk" : open successful (524293) size = 10737418240, hd = 0. Type 3
2001-01-01T00:28:45.698Z| vmx| I125: DISKLIB-VMFS  : "/vmfs/volumes/3a4fd8ce-fc4375c4-effb-5cf3fce846f8/SGRL-VCSA001/SGRL-VCSA001_5-flat.vmdk" : closed.
2001-01-01T00:28:45.699Z| vmx| I125: DISKLIB-VMFS  : "/vmfs/volumes/3a4fd8ce-fc4375c4-effb-5cf3fce846f8/SGRL-VCSA001/SGRL-VCSA001_6-flat.vmdk" : open successful (524293) size = 16106127360, hd = 0. Type 3
2001-01-01T00:28:45.699Z| vmx| I125: DISKLIB-VMFS  : "/vmfs/volumes/3a4fd8ce-fc4375c4-effb-5cf3fce846f8/SGRL-VCSA001/SGRL-VCSA001_6-flat.vmdk" : closed.
2001-01-01T00:28:45.699Z| vmx| I125: DISKLIB-VMFS  : "/vmfs/volumes/3a4fd8ce-fc4375c4-effb-5cf3fce846f8/SGRL-VCSA001/SGRL-VCSA001_7-flat.vmdk" : open successful (524293) size = 10737418240, hd = 0. Type 3
2001-01-01T00:28:45.699Z| vmx| I125: DISKLIB-VMFS  : "/vmfs/volumes/3a4fd8ce-fc4375c4-effb-5cf3fce846f8/SGRL-VCSA001/SGRL-VCSA001_7-flat.vmdk" : closed.
2001-01-01T00:28:45.700Z| vmx| I125: DISKLIB-VMFS  : "/vmfs/volumes/3a4fd8ce-fc4375c4-effb-5cf3fce846f8/SGRL-VCSA001/SGRL-VCSA001_8-flat.vmdk" : open successful (524293) size = 1073741824, hd = 0. Type 3
2001-01-01T00:28:45.700Z| vmx| I125: DISKLIB-VMFS  : "/vmfs/volumes/3a4fd8ce-fc4375c4-effb-5cf3fce846f8/SGRL-VCSA001/SGRL-VCSA001_8-flat.vmdk" : closed.
2001-01-01T00:28:45.700Z| vmx| I125: DISKLIB-VMFS  : "/vmfs/volumes/3a4fd8ce-fc4375c4-effb-5cf3fce846f8/SGRL-VCSA001/SGRL-VCSA001_9-flat.vmdk" : open successful (524293) size = 10737418240, hd = 0. Type 3
2001-01-01T00:28:45.700Z| vmx| I125: DISKLIB-VMFS  : "/vmfs/volumes/3a4fd8ce-fc4375c4-effb-5cf3fce846f8/SGRL-VCSA001/SGRL-VCSA001_9-flat.vmdk" : closed.
2001-01-01T00:28:45.701Z| vmx| I125: DISKLIB-VMFS  : "/vmfs/volumes/3a4fd8ce-fc4375c4-effb-5cf3fce846f8/SGRL-VCSA001/SGRL-VCSA001_10-flat.vmdk" : open successful (524293) size = 10737418240, hd = 0. Type 3
2001-01-01T00:28:45.701Z| vmx| I125: DISKLIB-VMFS  : "/vmfs/volumes/3a4fd8ce-fc4375c4-effb-5cf3fce846f8/SGRL-VCSA001/SGRL-VCSA001_10-flat.vmdk" : closed.
2001-01-01T00:28:45.701Z| vmx| I125: DISKLIB-VMFS  : "/vmfs/volumes/3a4fd8ce-fc4375c4-effb-5cf3fce846f8/SGRL-VCSA001/SGRL-VCSA001_11-flat.vmdk" : open successful (524293) size = 107374182400, hd = 0. Type 3
2001-01-01T00:28:45.701Z| vmx| I125: DISKLIB-VMFS  : "/vmfs/volumes/3a4fd8ce-fc4375c4-effb-5cf3fce846f8/SGRL-VCSA001/SGRL-VCSA001_11-flat.vmdk" : closed.
2001-01-01T00:28:45.702Z| vmx| I125: DISKLIB-VMFS  : "/vmfs/volumes/3a4fd8ce-fc4375c4-effb-5cf3fce846f8/SGRL-VCSA001/SGRL-VCSA001_12-flat.vmdk" : open successful (524293) size = 53687091200, hd = 0. Type 3
2001-01-01T00:28:45.702Z| vmx| I125: DISKLIB-VMFS  : "/vmfs/volumes/3a4fd8ce-fc4375c4-effb-5cf3fce846f8/SGRL-VCSA001/SGRL-VCSA001_12-flat.vmdk" : closed.
2001-01-01T00:28:45.702Z| vmx| I125: DISKLIB-VMFS  : "/vmfs/volumes/3a4fd8ce-fc4375c4-effb-5cf3fce846f8/SGRL-VCSA001/SGRL-VCSA001_13-flat.vmdk" : open successful (524293) size = 10737418240, hd = 0. Type 3
2001-01-01T00:28:45.702Z| vmx| I125: DISKLIB-VMFS  : "/vmfs/volumes/3a4fd8ce-fc4375c4-effb-5cf3fce846f8/SGRL-VCSA001/SGRL-VCSA001_13-flat.vmdk" : closed.
2001-01-01T00:28:45.703Z| vmx| I125: DISKLIB-VMFS  : "/vmfs/volumes/3a4fd8ce-fc4375c4-effb-5cf3fce846f8/SGRL-VCSA001/SGRL-VCSA001_14-flat.vmdk" : open successful (524293) size = 5368709120, hd = 0. Type 3
2001-01-01T00:28:45.703Z| vmx| I125: DISKLIB-VMFS  : "/vmfs/volumes/3a4fd8ce-fc4375c4-effb-5cf3fce846f8/SGRL-VCSA001/SGRL-VCSA001_14-flat.vmdk" : closed.
2001-01-01T00:28:45.703Z| vmx| I125: DISKLIB-VMFS  : "/vmfs/volumes/3a4fd8ce-fc4375c4-effb-5cf3fce846f8/SGRL-VCSA001/SGRL-VCSA001_15-flat.vmdk" : open successful (524293) size = 107374182400, hd = 0. Type 3
2001-01-01T00:28:45.703Z| vmx| I125: DISKLIB-VMFS  : "/vmfs/volumes/3a4fd8ce-fc4375c4-effb-5cf3fce846f8/SGRL-VCSA001/SGRL-VCSA001_15-flat.vmdk" : closed.
2001-01-01T00:28:45.704Z| vmx| I125: OvhdMem_PowerOn: initial admission: paged    50235 nonpaged     2428 anonymous    12837
2001-01-01T00:28:45.704Z| vmx| I125: VMMEM: Initial Reservation: 255MB (MainMem=12288MB)
2001-01-01T00:28:45.704Z| vmx| I125: MemSched_PowerOn: balloon minGuestSize 6553 (80% of min required size 8192)
2001-01-01T00:28:45.704Z| vmx| I125: VMMonParseSchedConfig: Initial Vmx Memory Configuration
2001-01-01T00:28:45.704Z| vmx| I125: MemSched (MB): min: 10 sizeLimit: 1024 swapInitialFileSize: 82 prealloc: FALSE.
2001-01-01T00:28:45.705Z| vmx| I125: MemSched: properties ovhd: 0 guestmem: 0 pinned: 0 fpt: 0 ftCpt: 0 ls: 0 prealloc: 0 preallocPMem: 0
2001-01-01T00:28:45.705Z| vmx| I125: numaHost: NUMA config: consolidation= 1 preferHT= 0
2001-01-01T00:28:45.705Z| vmx| I125: numa: Hot add is enabled and vNUMA hot add is disabled, forcing UMA.
2001-01-01T00:28:45.705Z| vmx| I125: numaHost: 2 VCPUs 1 VPDs 1 PPDs
2001-01-01T00:28:45.705Z| vmx| I125: numaHost: VCPU 0 VPD 0 PPD 0
2001-01-01T00:28:45.705Z| vmx| I125: numaHost: VCPU 1 VPD 0 PPD 0
2001-01-01T00:28:45.705Z| vmx| I125: CreateVM: Swap: generating normal swap file name.
2001-01-01T00:28:45.706Z| vmx| I125: FTCpt: (0 unk) vmk overheads: 0 pages (0 MB)
2001-01-01T00:28:45.706Z| vmx| I125: Swap file path: '/vmfs/volumes/3a4fd8ce-fc4375c4-effb-5cf3fce846f8/SGRL-VCSA001/SGRL-VCSA001-1d72ca29.vswp'
2001-01-01T00:28:45.706Z| vmx| I125: Disk_GetDigestDiskCount: numDigestDisks = 0
2001-01-01T00:28:46.268Z| vmx| A100: ConfigDB: Setting sched.swap.derivedName = "/vmfs/volumes/3a4fd8ce-fc4375c4-effb-5cf3fce846f8/SGRL-VCSA001/SGRL-VCSA001-1d72ca29.vswp"
2001-01-01T00:28:46.270Z| vthread-2099777| I125: VTHREAD 28912527104 "vthread-2099777" wid 2099777
2001-01-01T00:28:46.270Z| vmx| I125: WORKER: setting thread limit to 16 (was 4)
2001-01-01T00:28:46.271Z| vmx| W115: VProbes facility is disabled.
2001-01-01T00:28:46.271Z| vmx| W115: VProbes facility is disabled.
2001-01-01T00:28:46.271Z| vmx| I125: Host VT-x Capabilities:
2001-01-01T00:28:46.271Z| vmx| I125: Basic VMX Information (0x00da04000000000f)
2001-01-01T00:28:46.271Z| vmx| I125:   VMCS revision ID                  15
2001-01-01T00:28:46.271Z| vmx| I125:   VMCS region length              1024
2001-01-01T00:28:46.271Z| vmx| I125:   VMX physical-address width   natural
2001-01-01T00:28:46.271Z| vmx| I125:   SMM dual-monitor mode            yes
2001-01-01T00:28:46.271Z| vmx| I125:   Advanced INS/OUTS info           yes
2001-01-01T00:28:46.271Z| vmx| I125:   True VMX MSRs                    yes
2001-01-01T00:28:46.271Z| vmx| I125:   VMCS memory type                  WB
2001-01-01T00:28:46.271Z| vmx| I125: True Pin-Based VM-Execution Controls (0x0000007f00000016)
2001-01-01T00:28:46.271Z| vmx| I125:   External-interrupt exiting               {0,1}
2001-01-01T00:28:46.271Z| vmx| I125:   NMI exiting                              {0,1}
2001-01-01T00:28:46.271Z| vmx| I125:   Virtual NMIs                             {0,1}
2001-01-01T00:28:46.271Z| vmx| I125:   Activate VMX-preemption timer            {0,1}
2001-01-01T00:28:46.271Z| vmx| I125:   Process posted interrupts                { 0 }
2001-01-01T00:28:46.271Z| vmx| I125: True Primary Processor-Based VM-Execution Controls (0xfff9fffe04006172)
2001-01-01T00:28:46.271Z| vmx| I125:   Interrupt-window exiting                 {0,1}
2001-01-01T00:28:46.271Z| vmx| I125:   Use TSC offsetting                       {0,1}
2001-01-01T00:28:46.271Z| vmx| I125:   HLT exiting                              {0,1}
2001-01-01T00:28:46.271Z| vmx| I125:   INVLPG exiting                           {0,1}
2001-01-01T00:28:46.271Z| vmx| I125:   MWAIT exiting                            {0,1}
2001-01-01T00:28:46.271Z| vmx| I125:   RDPMC exiting                            {0,1}
2001-01-01T00:28:46.271Z| vmx| I125:   RDTSC exiting                            {0,1}
2001-01-01T00:28:46.271Z| vmx| I125:   CR3-load exiting                         {0,1}
2001-01-01T00:28:46.271Z| vmx| I125:   CR3-store exiting                        {0,1}
2001-01-01T00:28:46.271Z| vmx| I125:   CR8-load exiting                         {0,1}
2001-01-01T00:28:46.271Z| vmx| I125:   CR8-store exiting                        {0,1}
2001-01-01T00:28:46.272Z| vmx| I125:   Use TPR shadow                           {0,1}
2001-01-01T00:28:46.272Z| vmx| I125:   NMI-window exiting                       {0,1}
2001-01-01T00:28:46.272Z| vmx| I125:   MOV-DR exiting                           {0,1}
2001-01-01T00:28:46.272Z| vmx| I125:   Unconditional I/O exiting                {0,1}
2001-01-01T00:28:46.272Z| vmx| I125:   Use I/O bitmaps                          {0,1}
2001-01-01T00:28:46.272Z| vmx| I125:   Monitor trap flag                        {0,1}
2001-01-01T00:28:46.272Z| vmx| I125:   Use MSR bitmaps                          {0,1}
2001-01-01T00:28:46.272Z| vmx| I125:   MONITOR exiting                          {0,1}
2001-01-01T00:28:46.272Z| vmx| I125:   PAUSE exiting                            {0,1}
2001-01-01T00:28:46.272Z| vmx| I125:   Activate secondary controls              {0,1}
2001-01-01T00:28:46.272Z| vmx| I125: Secondary Processor-Based VM-Execution Controls (0x000004ff00000000)
2001-01-01T00:28:46.272Z| vmx| I125:   Virtualize APIC accesses                 {0,1}
2001-01-01T00:28:46.272Z| vmx| I125:   Enable EPT                               {0,1}
2001-01-01T00:28:46.272Z| vmx| I125:   Descriptor-table exiting                 {0,1}
2001-01-01T00:28:46.272Z| vmx| I125:   Enable RDTSCP                            {0,1}
2001-01-01T00:28:46.272Z| vmx| I125:   Virtualize x2APIC mode                   {0,1}
2001-01-01T00:28:46.272Z| vmx| I125:   Enable VPID                              {0,1}
2001-01-01T00:28:46.272Z| vmx| I125:   WBINVD exiting                           {0,1}
2001-01-01T00:28:46.272Z| vmx| I125:   Unrestricted guest                       {0,1}
2001-01-01T00:28:46.272Z| vmx| I125:   APIC-register virtualization             { 0 }
2001-01-01T00:28:46.272Z| vmx| I125:   Virtual-interrupt delivery               { 0 }
2001-01-01T00:28:46.272Z| vmx| I125:   PAUSE-loop exiting                       {0,1}
2001-01-01T00:28:46.272Z| vmx| I125:   RDRAND exiting                           { 0 }
2001-01-01T00:28:46.272Z| vmx| I125:   Enable INVPCID                           { 0 }
2001-01-01T00:28:46.272Z| vmx| I125:   Enable VM Functions                      { 0 }
2001-01-01T00:28:46.272Z| vmx| I125:   Use VMCS shadowing                       { 0 }
2001-01-01T00:28:46.272Z| vmx| I125:   Enable ENCLS/ENCLU                       { 0 }
2001-01-01T00:28:46.272Z| vmx| I125:   RDSEED exiting                           { 0 }
2001-01-01T00:28:46.272Z| vmx| I125:   Enable PML                               { 0 }
2001-01-01T00:28:46.272Z| vmx| I125:   EPT-violation #VE                        { 0 }
2001-01-01T00:28:46.272Z| vmx| I125:   Enable XSAVES/XRSTORS                    { 0 }
2001-01-01T00:28:46.272Z| vmx| I125:   Mode-based execute control for EPT       { 0 }
2001-01-01T00:28:46.272Z| vmx| I125:   Use TSC scaling                          { 0 }
2001-01-01T00:28:46.272Z| vmx| I125: True VM-Exit Controls (0x007fffff00036dfb)
2001-01-01T00:28:46.272Z| vmx| I125:   Save debug controls                      {0,1}
2001-01-01T00:28:46.272Z| vmx| I125:   Host address-space size                  {0,1}
2001-01-01T00:28:46.272Z| vmx| I125:   Load IA32_PERF_GLOBAL_CTRL               {0,1}
2001-01-01T00:28:46.272Z| vmx| I125:   Acknowledge interrupt on exit            {0,1}
2001-01-01T00:28:46.272Z| vmx| I125:   Save IA32_PAT                            {0,1}
2001-01-01T00:28:46.272Z| vmx| I125:   Load IA32_PAT                            {0,1}
2001-01-01T00:28:46.272Z| vmx| I125:   Save IA32_EFER                           {0,1}
2001-01-01T00:28:46.272Z| vmx| I125:   Load IA32_EFER                           {0,1}
2001-01-01T00:28:46.272Z| vmx| I125:   Save VMX-preemption timer                {0,1}
2001-01-01T00:28:46.272Z| vmx| I125: True VM-Entry Controls (0x0000ffff000011fb)
2001-01-01T00:28:46.272Z| vmx| I125:   Load debug controls                      {0,1}
2001-01-01T00:28:46.272Z| vmx| I125:   IA-32e mode guest                        {0,1}
2001-01-01T00:28:46.272Z| vmx| I125:   Entry to SMM                             {0,1}
2001-01-01T00:28:46.272Z| vmx| I125:   Deactivate dual-monitor mode             {0,1}
2001-01-01T00:28:46.272Z| vmx| I125:   Load IA32_PERF_GLOBAL_CTRL               {0,1}
2001-01-01T00:28:46.272Z| vmx| I125:   Load IA32_PAT                            {0,1}
2001-01-01T00:28:46.272Z| vmx| I125:   Load IA32_EFER                           {0,1}
2001-01-01T00:28:46.272Z| vmx| I125: VPID and EPT Capabilities (0x00000f0106134141)
2001-01-01T00:28:46.272Z| vmx| I125:   R=0/W=0/X=1                      yes
2001-01-01T00:28:46.272Z| vmx| I125:   Page-walk length 3               yes
2001-01-01T00:28:46.272Z| vmx| I125:   EPT memory type WB               yes
2001-01-01T00:28:46.272Z| vmx| I125:   2MB super-page                   yes
2001-01-01T00:28:46.272Z| vmx| I125:   1GB super-page                   yes
2001-01-01T00:28:46.272Z| vmx| I125:   INVEPT support                   yes
2001-01-01T00:28:46.272Z| vmx| I125:   Access & Dirty Bits               no
2001-01-01T00:28:46.272Z| vmx| I125:   Advanced VM exit information for EPT violations    no
2001-01-01T00:28:46.272Z| vmx| I125:   Type 1 INVEPT                    yes
2001-01-01T00:28:46.272Z| vmx| I125:   Type 2 INVEPT                    yes
2001-01-01T00:28:46.272Z| vmx| I125:   INVVPID support                  yes
2001-01-01T00:28:46.272Z| vmx| I125:   Type 0 INVVPID                   yes
2001-01-01T00:28:46.272Z| vmx| I125:   Type 1 INVVPID                   yes
2001-01-01T00:28:46.272Z| vmx| I125:   Type 2 INVVPID                   yes
2001-01-01T00:28:46.272Z| vmx| I125:   Type 3 INVVPID                   yes
2001-01-01T00:28:46.272Z| vmx| I125: Miscellaneous VMX Data (0x00000000000401e7)
2001-01-01T00:28:46.272Z| vmx| I125:   TSC to preemption timer ratio      7
2001-01-01T00:28:46.272Z| vmx| I125:   VM-Exit saves EFER.LMA           yes
2001-01-01T00:28:46.272Z| vmx| I125:   Activity State HLT               yes
2001-01-01T00:28:46.272Z| vmx| I125:   Activity State shutdown          yes
2001-01-01T00:28:46.272Z| vmx| I125:   Activity State wait-for-SIPI     yes
2001-01-01T00:28:46.272Z| vmx| I125:   CR3 targets supported              4
2001-01-01T00:28:46.272Z| vmx| I125:   Maximum MSR list size            512
2001-01-01T00:28:46.272Z| vmx| I125:   Allow all VMWRITEs                no
2001-01-01T00:28:46.272Z| vmx| I125:   Allow zero instruction length     no
2001-01-01T00:28:46.272Z| vmx| I125:   MSEG revision ID                   0
2001-01-01T00:28:46.272Z| vmx| I125:   Processor trace in VMX            no
2001-01-01T00:28:46.272Z| vmx| I125: VMX-Fixed Bits in CR0 (0x0000000080000021/0x00000000ffffffff)
2001-01-01T00:28:46.272Z| vmx| I125:   Fixed to 0        0xffffffff00000000
2001-01-01T00:28:46.272Z| vmx| I125:   Fixed to 1        0x0000000080000021
2001-01-01T00:28:46.272Z| vmx| I125:   Variable          0x000000007fffffde
2001-01-01T00:28:46.272Z| vmx| I125: VMX-Fixed Bits in CR4 (0x0000000000002000/0x00000000000267ff)
2001-01-01T00:28:46.272Z| vmx| I125:   Fixed to 0        0xfffffffffffd9800
2001-01-01T00:28:46.272Z| vmx| I125:   Fixed to 1        0x0000000000002000
2001-01-01T00:28:46.272Z| vmx| I125:   Variable          0x00000000000247ff
2001-01-01T00:28:46.272Z| vmx| I125: VMCS Enumeration (0x000000000000002a)
2001-01-01T00:28:46.272Z| vmx| I125:   Highest index                   0x15
2001-01-01T00:28:46.272Z| vmx| I125: VM Functions (0x0000000000000000)
2001-01-01T00:28:46.272Z| vmx| I125: Monitor64_PowerOn()
2001-01-01T00:28:46.272Z| vmx| I125: vmm64-modules: [vmm.vmm64, vprobe-none.vmm64, hv-vt.vmm64, gphys-ept.vmm64, callstack-none.vmm64, vmce-none.vmm64, viommu-none.vmm64, gi-none.vmm64, vmxnet3-vmxnet3.vmm64, videio-none.vmm64, vmxnet3UMShared=0x0, vmxnet3UMKShared=0x500, {UseUnwind}=0x0, numVCPUsAsAddr=0x2, {SharedAreaReservations}=0x900, {rodataSize}=0x1f564, {textAddr}=0xfffffffffc000000, {textSize}=0x82e0e, <MonSrcFile>]
2001-01-01T00:28:46.272Z| vmx| I125: vmm64-vcpus:   2
2001-01-01T00:28:46.281Z| vmx| I125: KHZEstimate 2666761
2001-01-01T00:28:46.281Z| vmx| I125: MHZEstimate 2667
2001-01-01T00:28:46.281Z| vmx| I125: NumVCPUs 2
2001-01-01T00:28:46.281Z| vmx| I125: UUID: location-UUID is 56 4d 14 e2 e8 76 2d 0f-fc 50 89 ad 09 4f d8 74
2001-01-01T00:28:46.281Z| vmx| I125: AIOGNRC: numThreads=2 ide=0, scsi=0, passthru=1
2001-01-01T00:28:46.281Z| vmx| I125: WORKER: Creating new group with numThreads=2 (2)
2001-01-01T00:28:46.281Z| vmx| I125: WORKER: Creating new group with numThreads=2 (4)
2001-01-01T00:28:46.281Z| vmx| I125: WORKER: Creating new group with numThreads=1 (5)
2001-01-01T00:28:46.281Z| vmx| I125: MainMem: CPT PLS=1 PLR=0 BS=0 BlkP=64 Mult=2 W=25
2001-01-01T00:28:46.281Z| vmx| I125: MStat: Creating Stat vm.uptime
2001-01-01T00:28:46.281Z| vmx| I125: MStat: Creating Stat vm.suspendTime
2001-01-01T00:28:46.281Z| vmx| I125: MStat: Creating Stat vm.powerOnTimeStamp
2001-01-01T00:28:46.281Z| vmx| I125: VMXAIOMGR: Using: simple=Generic
2001-01-01T00:28:46.281Z| vmx| I125: WORKER: Creating new group with numThreads=1 (6)
2001-01-01T00:28:46.281Z| vmx| I125: FTCpt: (0 unk) State transition FTCPT_UNSET -> FTCPT_NOT_CONFIGURED (0:1)
2001-01-01T00:28:46.281Z| vmx| I125: WORKER: Creating new group with numThreads=16 (16)
2001-01-01T00:28:46.282Z| filtPoll| I125: VTHREAD 28915640064 "filtPoll" wid 2099778
2001-01-01T00:28:46.282Z| vmx| I125: WORKER: Creating new group with numThreads=1 (16)
2001-01-01T00:28:46.282Z| vmx| A100: ConfigDB: Setting migrate.hostlog = "./SGRL-VCSA001-1d72ca29.hlog"
2001-01-01T00:28:46.283Z| vmx| I125: MigrateBusMemPrealloc: BusMem preallocation begins.
2001-01-01T00:28:46.284Z| vmx| I125: MigrateBusMemPrealloc: BusMem preallocation completes.
2001-01-01T00:28:46.285Z| vmx| I125: TimeTracker host to guest rate conversion 4335100846348 @ 2666761000Hz -> 0 @ 2666761000Hz
2001-01-01T00:28:46.285Z| vmx| I125: TimeTracker host to guest rate conversion ((x * 2147483648) >> 31) + -4335100846348
2001-01-01T00:28:46.285Z| vmx| I125: Disabling TSC scaling since host does not support it.
2001-01-01T00:28:46.285Z| vmx| I125: TSC offsetting enabled.
2001-01-01T00:28:46.285Z| vmx| I125: timeTracker.globalProgressMaxAllowanceMS: 2000
2001-01-01T00:28:46.285Z| vmx| I125: timeTracker.globalProgressToAllowanceNS: 1000
2001-01-01T00:28:46.285Z| vthread-2099779| I125: VTHREAD 28917741312 "vthread-2099779" wid 2099779
2001-01-01T00:28:46.285Z| vthread-2099780| I125: VTHREAD 28919842560 "vthread-2099780" wid 2099780
2001-01-01T00:28:46.285Z| vthread-2099781| I125: VTHREAD 28921943808 "vthread-2099781" wid 2099781
2001-01-01T00:28:46.285Z| vthread-2099782| I125: VTHREAD 28924045056 "vthread-2099782" wid 2099782
2001-01-01T00:28:46.285Z| vthread-2099783| I125: VTHREAD 28926146304 "vthread-2099783" wid 2099783
2001-01-01T00:28:46.285Z| vthread-2099784| I125: VTHREAD 28928247552 "vthread-2099784" wid 2099784
2001-01-01T00:28:46.285Z| worker-2099781| A100: ConfigDB: Setting scsi1:0.redo = ""
2001-01-01T00:28:46.285Z| worker-2099781| I125: DISK: OPEN scsi1:0 '/vmfs/volumes/3a4fd8ce-fc4375c4-effb-5cf3fce846f8/SGRL-VCSA001/SGRL-VCSA001_15.vmdk' persistent R[]
2001-01-01T00:28:46.286Z| vthread-2099785| I125: VTHREAD 28930348800 "vthread-2099785" wid 2099785
2001-01-01T00:28:46.286Z| vthread-2099786| I125: VTHREAD 28932450048 "vthread-2099786" wid 2099786
2001-01-01T00:28:46.286Z| worker-2099784| A100: ConfigDB: Setting scsi0:15.redo = ""
2001-01-01T00:28:46.286Z| worker-2099784| I125: DISK: OPEN scsi0:15 '/vmfs/volumes/3a4fd8ce-fc4375c4-effb-5cf3fce846f8/SGRL-VCSA001/SGRL-VCSA001_14.vmdk' persistent R[]
2001-01-01T00:28:46.286Z| vthread-2099787| I125: VTHREAD 28934551296 "vthread-2099787" wid 2099787
2001-01-01T00:28:46.286Z| vthread-2099788| I125: VTHREAD 28936652544 "vthread-2099788" wid 2099788
2001-01-01T00:28:46.286Z| worker-2099786| A100: ConfigDB: Setting scsi0:14.redo = ""
2001-01-01T00:28:46.286Z| worker-2099786| I125: DISK: OPEN scsi0:14 '/vmfs/volumes/3a4fd8ce-fc4375c4-effb-5cf3fce846f8/SGRL-VCSA001/SGRL-VCSA001_13.vmdk' persistent R[]
2001-01-01T00:28:46.286Z| vthread-2099789| I125: VTHREAD 28938753792 "vthread-2099789" wid 2099789
2001-01-01T00:28:46.286Z| vthread-2099790| I125: VTHREAD 28940855040 "vthread-2099790" wid 2099790
2001-01-01T00:28:46.286Z| vthread-2099791| I125: VTHREAD 28942956288 "vthread-2099791" wid 2099791
2001-01-01T00:28:46.287Z| vthread-2099792| I125: VTHREAD 28945057536 "vthread-2099792" wid 2099792
2001-01-01T00:28:46.287Z| vthread-2099793| I125: VTHREAD 28947158784 "vthread-2099793" wid 2099793
2001-01-01T00:28:46.287Z| worker-2099788| A100: ConfigDB: Setting scsi0:13.redo = ""
2001-01-01T00:28:46.287Z| worker-2099789| A100: ConfigDB: Setting scsi0:12.redo = ""
2001-01-01T00:28:46.287Z| worker-2099790| A100: ConfigDB: Setting scsi0:11.redo = ""
2001-01-01T00:28:46.287Z| worker-2099788| I125: DISK: OPEN scsi0:13 '/vmfs/volumes/3a4fd8ce-fc4375c4-effb-5cf3fce846f8/SGRL-VCSA001/SGRL-VCSA001_12.vmdk' persistent R[]
2001-01-01T00:28:46.287Z| worker-2099789| I125: DISK: OPEN scsi0:12 '/vmfs/volumes/3a4fd8ce-fc4375c4-effb-5cf3fce846f8/SGRL-VCSA001/SGRL-VCSA001_11.vmdk' persistent R[]
2001-01-01T00:28:46.287Z| worker-2099790| I125: DISK: OPEN scsi0:11 '/vmfs/volumes/3a4fd8ce-fc4375c4-effb-5cf3fce846f8/SGRL-VCSA001/SGRL-VCSA001_10.vmdk' persistent R[]
2001-01-01T00:28:46.287Z| worker-2099792| A100: ConfigDB: Setting scsi0:9.redo = ""
2001-01-01T00:28:46.287Z| worker-2099792| I125: DISK: OPEN scsi0:9 '/vmfs/volumes/3a4fd8ce-fc4375c4-effb-5cf3fce846f8/SGRL-VCSA001/SGRL-VCSA001_8.vmdk' persistent R[]
2001-01-01T00:28:46.287Z| worker-2099791| A100: ConfigDB: Setting scsi0:10.redo = ""
2001-01-01T00:28:46.287Z| worker-2099791| I125: DISK: OPEN scsi0:10 '/vmfs/volumes/3a4fd8ce-fc4375c4-effb-5cf3fce846f8/SGRL-VCSA001/SGRL-VCSA001_9.vmdk' persistent R[]
2001-01-01T00:28:46.288Z| worker-2099777| A100: ConfigDB: Setting scsi0:2.redo = ""
2001-01-01T00:28:46.288Z| worker-2099777| I125: DISK: OPEN scsi0:2 '/vmfs/volumes/3a4fd8ce-fc4375c4-effb-5cf3fce846f8/SGRL-VCSA001/SGRL-VCSA001_2.vmdk' persistent R[]
2001-01-01T00:28:46.288Z| vmx| A100: ConfigDB: Setting scsi0:8.redo = ""
2001-01-01T00:28:46.288Z| vmx| I125: DISK: OPEN scsi0:8 '/vmfs/volumes/3a4fd8ce-fc4375c4-effb-5cf3fce846f8/SGRL-VCSA001/SGRL-VCSA001_7.vmdk' persistent R[]
2001-01-01T00:28:46.288Z| worker-2099793| A100: ConfigDB: Setting scsi0:6.redo = ""
2001-01-01T00:28:46.288Z| worker-2099793| I125: DISK: OPEN scsi0:6 '/vmfs/volumes/3a4fd8ce-fc4375c4-effb-5cf3fce846f8/SGRL-VCSA001/SGRL-VCSA001_6.vmdk' persistent R[]
2001-01-01T00:28:46.288Z| worker-2099782| A100: ConfigDB: Setting scsi0:0.redo = ""
2001-01-01T00:28:46.288Z| worker-2099785| A100: ConfigDB: Setting scsi0:1.redo = ""
2001-01-01T00:28:46.288Z| worker-2099782| I125: DISK: OPEN scsi0:0 '/vmfs/volumes/3a4fd8ce-fc4375c4-effb-5cf3fce846f8/SGRL-VCSA001/SGRL-VCSA001.vmdk' persistent R[]
2001-01-01T00:28:46.288Z| worker-2099785| I125: DISK: OPEN scsi0:1 '/vmfs/volumes/3a4fd8ce-fc4375c4-effb-5cf3fce846f8/SGRL-VCSA001/SGRL-VCSA001_1.vmdk' persistent R[]
2001-01-01T00:28:46.288Z| worker-2099781| I125: DISKLIB-VMFS  : "/vmfs/volumes/3a4fd8ce-fc4375c4-effb-5cf3fce846f8/SGRL-VCSA001/SGRL-VCSA001_15-flat.vmdk" : open successful (10) size = 107374182400, hd = 396667. Type 3
2001-01-01T00:28:46.288Z| worker-2099781| I125: DISKLIB-DSCPTR: Opened [0]: "SGRL-VCSA001_15-flat.vmdk" (0xa)
2001-01-01T00:28:46.288Z| worker-2099781| I125: DISKLIB-LINK  : Opened '/vmfs/volumes/3a4fd8ce-fc4375c4-effb-5cf3fce846f8/SGRL-VCSA001/SGRL-VCSA001_15.vmdk' (0xa): vmfs, 209715200 sectors / 100 GB.
2001-01-01T00:28:46.288Z| worker-2099780| A100: ConfigDB: Setting scsi0:5.redo = ""
2001-01-01T00:28:46.288Z| worker-2099780| I125: DISK: OPEN scsi0:5 '/vmfs/volumes/3a4fd8ce-fc4375c4-effb-5cf3fce846f8/SGRL-VCSA001/SGRL-VCSA001_5.vmdk' persistent R[]
2001-01-01T00:28:46.288Z| worker-2099779| A100: ConfigDB: Setting scsi0:3.redo = ""
2001-01-01T00:28:46.288Z| worker-2099779| I125: DISK: OPEN scsi0:3 '/vmfs/volumes/3a4fd8ce-fc4375c4-effb-5cf3fce846f8/SGRL-VCSA001/SGRL-VCSA001_3.vmdk' persistent R[]
2001-01-01T00:28:46.289Z| worker-2099783| A100: ConfigDB: Setting scsi0:4.redo = ""
2001-01-01T00:28:46.289Z| worker-2099783| I125: DISK: OPEN scsi0:4 '/vmfs/volumes/3a4fd8ce-fc4375c4-effb-5cf3fce846f8/SGRL-VCSA001/SGRL-VCSA001_4.vmdk' persistent R[]
2001-01-01T00:28:46.289Z| worker-2099784| I125: DISKLIB-VMFS  : "/vmfs/volumes/3a4fd8ce-fc4375c4-effb-5cf3fce846f8/SGRL-VCSA001/SGRL-VCSA001_14-flat.vmdk" : open successful (10) size = 5368709120, hd = 265597. Type 3
2001-01-01T00:28:46.289Z| worker-2099784| I125: DISKLIB-DSCPTR: Opened [0]: "SGRL-VCSA001_14-flat.vmdk" (0xa)
2001-01-01T00:28:46.289Z| worker-2099784| I125: DISKLIB-LINK  : Opened '/vmfs/volumes/3a4fd8ce-fc4375c4-effb-5cf3fce846f8/SGRL-VCSA001/SGRL-VCSA001_14.vmdk' (0xa): vmfs, 10485760 sectors / 5 GB.
2001-01-01T00:28:46.289Z| worker-2099781| I125: DISKLIB-LIB   : Opened "/vmfs/volumes/3a4fd8ce-fc4375c4-effb-5cf3fce846f8/SGRL-VCSA001/SGRL-VCSA001_15.vmdk" (flags 0xa, type vmfs).
2001-01-01T00:28:46.289Z| worker-2099786| I125: DISKLIB-VMFS  : "/vmfs/volumes/3a4fd8ce-fc4375c4-effb-5cf3fce846f8/SGRL-VCSA001/SGRL-VCSA001_13-flat.vmdk" : open successful (10) size = 10737418240, hd = 396668. Type 3
2001-01-01T00:28:46.289Z| worker-2099786| I125: DISKLIB-DSCPTR: Opened [0]: "SGRL-VCSA001_13-flat.vmdk" (0xa)
2001-01-01T00:28:46.289Z| worker-2099786| I125: DISKLIB-LINK  : Opened '/vmfs/volumes/3a4fd8ce-fc4375c4-effb-5cf3fce846f8/SGRL-VCSA001/SGRL-VCSA001_13.vmdk' (0xa): vmfs, 20971520 sectors / 10 GB.
2001-01-01T00:28:46.290Z| worker-2099781| I125: DISK: Disk '/vmfs/volumes/3a4fd8ce-fc4375c4-effb-5cf3fce846f8/SGRL-VCSA001/SGRL-VCSA001_15.vmdk' has UUID '60 00 c2 91 dc a2 29 49-45 2a 37 18 5e 73 69 0a'
2001-01-01T00:28:46.290Z| worker-2099784| I125: DISKLIB-LIB   : Opened "/vmfs/volumes/3a4fd8ce-fc4375c4-effb-5cf3fce846f8/SGRL-VCSA001/SGRL-VCSA001_14.vmdk" (flags 0xa, type vmfs).
2001-01-01T00:28:46.290Z| worker-2099781| I125: DISK: OPEN '/vmfs/volumes/3a4fd8ce-fc4375c4-effb-5cf3fce846f8/SGRL-VCSA001/SGRL-VCSA001_15.vmdk' Geo (13054/255/63) BIOS Geo (0/0/0)
2001-01-01T00:28:46.290Z| worker-2099784| I125: DISK: Disk '/vmfs/volumes/3a4fd8ce-fc4375c4-effb-5cf3fce846f8/SGRL-VCSA001/SGRL-VCSA001_14.vmdk' has UUID '60 00 c2 96 3c 41 f3 7e-e9 19 21 8f 38 bd d4 a3'
2001-01-01T00:28:46.290Z| worker-2099784| I125: DISK: OPEN '/vmfs/volumes/3a4fd8ce-fc4375c4-effb-5cf3fce846f8/SGRL-VCSA001/SGRL-VCSA001_14.vmdk' Geo (652/255/63) BIOS Geo (0/0/0)
2001-01-01T00:28:46.290Z| worker-2099786| I125: DISKLIB-LIB   : Opened "/vmfs/volumes/3a4fd8ce-fc4375c4-effb-5cf3fce846f8/SGRL-VCSA001/SGRL-VCSA001_13.vmdk" (flags 0xa, type vmfs).
2001-01-01T00:28:46.291Z| worker-2099789| I125: DISKLIB-VMFS  : "/vmfs/volumes/3a4fd8ce-fc4375c4-effb-5cf3fce846f8/SGRL-VCSA001/SGRL-VCSA001_11-flat.vmdk" : open successful (10) size = 107374182400, hd = 265608. Type 3
2001-01-01T00:28:46.291Z| worker-2099789| I125: DISKLIB-DSCPTR: Opened [0]: "SGRL-VCSA001_11-flat.vmdk" (0xa)
2001-01-01T00:28:46.291Z| worker-2099786| I125: DISK: Disk '/vmfs/volumes/3a4fd8ce-fc4375c4-effb-5cf3fce846f8/SGRL-VCSA001/SGRL-VCSA001_13.vmdk' has UUID '60 00 c2 92 f4 37 fa e5-23 9d b6 e7 39 6c a4 fd'
2001-01-01T00:28:46.291Z| worker-2099786| I125: DISK: OPEN '/vmfs/volumes/3a4fd8ce-fc4375c4-effb-5cf3fce846f8/SGRL-VCSA001/SGRL-VCSA001_13.vmdk' Geo (1305/255/63) BIOS Geo (0/0/0)
2001-01-01T00:28:46.291Z| worker-2099789| I125: DISKLIB-LINK  : Opened '/vmfs/volumes/3a4fd8ce-fc4375c4-effb-5cf3fce846f8/SGRL-VCSA001/SGRL-VCSA001_11.vmdk' (0xa): vmfs, 209715200 sectors / 100 GB.
2001-01-01T00:28:46.291Z| worker-2099789| I125: DISKLIB-LIB   : Opened "/vmfs/volumes/3a4fd8ce-fc4375c4-effb-5cf3fce846f8/SGRL-VCSA001/SGRL-VCSA001_11.vmdk" (flags 0xa, type vmfs).
2001-01-01T00:28:46.291Z| worker-2099777| I125: DISKLIB-VMFS  : "/vmfs/volumes/3a4fd8ce-fc4375c4-effb-5cf3fce846f8/SGRL-VCSA001/SGRL-VCSA001_2-flat.vmdk" : open successful (10) size = 26843545600, hd = 593278. Type 3
2001-01-01T00:28:46.291Z| worker-2099777| I125: DISKLIB-DSCPTR: Opened [0]: "SGRL-VCSA001_2-flat.vmdk" (0xa)
2001-01-01T00:28:46.291Z| worker-2099781| I125: UTIL: Change file descriptor limit from soft 4096,hard 4096 to soft 4211,hard 4211.
2001-01-01T00:28:46.291Z| worker-2099777| I125: DISKLIB-LINK  : Opened '/vmfs/volumes/3a4fd8ce-fc4375c4-effb-5cf3fce846f8/SGRL-VCSA001/SGRL-VCSA001_2.vmdk' (0xa): vmfs, 52428800 sectors / 25 GB.
2001-01-01T00:28:46.291Z| worker-2099784| I125: UTIL: Change file descriptor limit from soft 4211,hard 4211 to soft 4326,hard 4326.
2001-01-01T00:28:46.291Z| worker-2099789| I125: DISK: Disk '/vmfs/volumes/3a4fd8ce-fc4375c4-effb-5cf3fce846f8/SGRL-VCSA001/SGRL-VCSA001_11.vmdk' has UUID '60 00 c2 9e 8f 92 34 e7-06 82 46 51 dc 77 f8 94'
2001-01-01T00:28:46.291Z| worker-2099789| I125: DISK: OPEN '/vmfs/volumes/3a4fd8ce-fc4375c4-effb-5cf3fce846f8/SGRL-VCSA001/SGRL-VCSA001_11.vmdk' Geo (13054/255/63) BIOS Geo (0/0/0)
2001-01-01T00:28:46.292Z| worker-2099791| I125: DISKLIB-VMFS  : "/vmfs/volumes/3a4fd8ce-fc4375c4-effb-5cf3fce846f8/SGRL-VCSA001/SGRL-VCSA001_9-flat.vmdk" : open successful (10) size = 10737418240, hd = 200075. Type 3
2001-01-01T00:28:46.292Z| worker-2099777| I125: DISKLIB-LIB   : Opened "/vmfs/volumes/3a4fd8ce-fc4375c4-effb-5cf3fce846f8/SGRL-VCSA001/SGRL-VCSA001_2.vmdk" (flags 0xa, type vmfs).
2001-01-01T00:28:46.292Z| worker-2099791| I125: DISKLIB-DSCPTR: Opened [0]: "SGRL-VCSA001_9-flat.vmdk" (0xa)
2001-01-01T00:28:46.292Z| worker-2099788| I125: DISKLIB-VMFS  : "/vmfs/volumes/3a4fd8ce-fc4375c4-effb-5cf3fce846f8/SGRL-VCSA001/SGRL-VCSA001_12-flat.vmdk" : open successful (10) size = 53687091200, hd = 265610. Type 3
2001-01-01T00:28:46.292Z| worker-2099788| I125: DISKLIB-DSCPTR: Opened [0]: "SGRL-VCSA001_12-flat.vmdk" (0xa)
2001-01-01T00:28:46.292Z| worker-2099791| I125: DISKLIB-LINK  : Opened '/vmfs/volumes/3a4fd8ce-fc4375c4-effb-5cf3fce846f8/SGRL-VCSA001/SGRL-VCSA001_9.vmdk' (0xa): vmfs, 20971520 sectors / 10 GB.
2001-01-01T00:28:46.292Z| worker-2099788| I125: DISKLIB-LINK  : Opened '/vmfs/volumes/3a4fd8ce-fc4375c4-effb-5cf3fce846f8/SGRL-VCSA001/SGRL-VCSA001_12.vmdk' (0xa): vmfs, 104857600 sectors / 50 GB.
2001-01-01T00:28:46.292Z| worker-2099777| I125: DISK: Disk '/vmfs/volumes/3a4fd8ce-fc4375c4-effb-5cf3fce846f8/SGRL-VCSA001/SGRL-VCSA001_2.vmdk' has UUID '60 00 c2 95 e0 a5 ee 1a-41 34 bb ed f8 ba b3 23'
2001-01-01T00:28:46.292Z| worker-2099777| I125: DISK: OPEN '/vmfs/volumes/3a4fd8ce-fc4375c4-effb-5cf3fce846f8/SGRL-VCSA001/SGRL-VCSA001_2.vmdk' Geo (3263/255/63) BIOS Geo (0/0/0)
2001-01-01T00:28:46.292Z| worker-2099791| I125: DISKLIB-LIB   : Opened "/vmfs/volumes/3a4fd8ce-fc4375c4-effb-5cf3fce846f8/SGRL-VCSA001/SGRL-VCSA001_9.vmdk" (flags 0xa, type vmfs).
2001-01-01T00:28:46.292Z| worker-2099788| I125: DISKLIB-LIB   : Opened "/vmfs/volumes/3a4fd8ce-fc4375c4-effb-5cf3fce846f8/SGRL-VCSA001/SGRL-VCSA001_12.vmdk" (flags 0xa, type vmfs).
2001-01-01T00:28:46.292Z| worker-2099786| I125: UTIL: Change file descriptor limit from soft 4326,hard 4326 to soft 4441,hard 4441.
2001-01-01T00:28:46.292Z| worker-2099790| I125: DISKLIB-VMFS  : "/vmfs/volumes/3a4fd8ce-fc4375c4-effb-5cf3fce846f8/SGRL-VCSA001/SGRL-VCSA001_10-flat.vmdk" : open successful (10) size = 10737418240, hd = 265613. Type 3
2001-01-01T00:28:46.292Z| worker-2099791| I125: DISK: Disk '/vmfs/volumes/3a4fd8ce-fc4375c4-effb-5cf3fce846f8/SGRL-VCSA001/SGRL-VCSA001_9.vmdk' has UUID '60 00 c2 92 4b 6d 4c 90-79 5b f7 c8 0d ac d0 53'
2001-01-01T00:28:46.292Z| worker-2099788| I125: DISK: Disk '/vmfs/volumes/3a4fd8ce-fc4375c4-effb-5cf3fce846f8/SGRL-VCSA001/SGRL-VCSA001_12.vmdk' has UUID '60 00 c2 9f 0c 92 7c ad-e0 2c 7b 3b ce a0 2b b8'
2001-01-01T00:28:46.292Z| worker-2099790| I125: DISKLIB-DSCPTR: Opened [0]: "SGRL-VCSA001_10-flat.vmdk" (0xa)
2001-01-01T00:28:46.292Z| worker-2099791| I125: DISK: OPEN '/vmfs/volumes/3a4fd8ce-fc4375c4-effb-5cf3fce846f8/SGRL-VCSA001/SGRL-VCSA001_9.vmdk' Geo (1305/255/63) BIOS Geo (0/0/0)
2001-01-01T00:28:46.292Z| worker-2099788| I125: DISK: OPEN '/vmfs/volumes/3a4fd8ce-fc4375c4-effb-5cf3fce846f8/SGRL-VCSA001/SGRL-VCSA001_12.vmdk' Geo (6527/255/63) BIOS Geo (0/0/0)
2001-01-01T00:28:46.292Z| worker-2099792| I125: DISKLIB-VMFS  : "/vmfs/volumes/3a4fd8ce-fc4375c4-effb-5cf3fce846f8/SGRL-VCSA001/SGRL-VCSA001_8-flat.vmdk" : open successful (10) size = 1073741824, hd = 265606. Type 3
2001-01-01T00:28:46.292Z| worker-2099790| I125: DISKLIB-LINK  : Opened '/vmfs/volumes/3a4fd8ce-fc4375c4-effb-5cf3fce846f8/SGRL-VCSA001/SGRL-VCSA001_10.vmdk' (0xa): vmfs, 20971520 sectors / 10 GB.
2001-01-01T00:28:46.292Z| worker-2099792| I125: DISKLIB-DSCPTR: Opened [0]: "SGRL-VCSA001_8-flat.vmdk" (0xa)
2001-01-01T00:28:46.292Z| worker-2099792| I125: DISKLIB-LINK  : Opened '/vmfs/volumes/3a4fd8ce-fc4375c4-effb-5cf3fce846f8/SGRL-VCSA001/SGRL-VCSA001_8.vmdk' (0xa): vmfs, 2097152 sectors / 1 GB.
2001-01-01T00:28:46.292Z| worker-2099792| I125: DISKLIB-LIB   : Opened "/vmfs/volumes/3a4fd8ce-fc4375c4-effb-5cf3fce846f8/SGRL-VCSA001/SGRL-VCSA001_8.vmdk" (flags 0xa, type vmfs).
2001-01-01T00:28:46.292Z| worker-2099790| I125: DISKLIB-LIB   : Opened "/vmfs/volumes/3a4fd8ce-fc4375c4-effb-5cf3fce846f8/SGRL-VCSA001/SGRL-VCSA001_10.vmdk" (flags 0xa, type vmfs).
2001-01-01T00:28:46.292Z| worker-2099792| I125: DISK: Disk '/vmfs/volumes/3a4fd8ce-fc4375c4-effb-5cf3fce846f8/SGRL-VCSA001/SGRL-VCSA001_8.vmdk' has UUID '60 00 c2 98 46 31 a5 d5-5e 54 ad 8d 04 06 f3 b8'
2001-01-01T00:28:46.292Z| worker-2099790| I125: DISK: Disk '/vmfs/volumes/3a4fd8ce-fc4375c4-effb-5cf3fce846f8/SGRL-VCSA001/SGRL-VCSA001_10.vmdk' has UUID '60 00 c2 95 d6 9f f8 be-bd f9 20 52 73 ce 89 a7'
2001-01-01T00:28:46.292Z| worker-2099792| I125: DISK: OPEN '/vmfs/volumes/3a4fd8ce-fc4375c4-effb-5cf3fce846f8/SGRL-VCSA001/SGRL-VCSA001_8.vmdk' Geo (512/128/32) BIOS Geo (0/0/0)
2001-01-01T00:28:46.292Z| worker-2099790| I125: DISK: OPEN '/vmfs/volumes/3a4fd8ce-fc4375c4-effb-5cf3fce846f8/SGRL-VCSA001/SGRL-VCSA001_10.vmdk' Geo (1305/255/63) BIOS Geo (0/0/0)
2001-01-01T00:28:46.293Z| worker-2099782| I125: DISKLIB-VMFS  : "/vmfs/volumes/3a4fd8ce-fc4375c4-effb-5cf3fce846f8/SGRL-VCSA001/SGRL-VCSA001-flat.vmdk" : open successful (10) size = 51539607552, hd = 3149184. Type 3
2001-01-01T00:28:46.293Z| worker-2099782| I125: DISKLIB-DSCPTR: Opened [0]: "SGRL-VCSA001-flat.vmdk" (0xa)
2001-01-01T00:28:46.293Z| worker-2099782| I125: DISKLIB-LINK  : Opened '/vmfs/volumes/3a4fd8ce-fc4375c4-effb-5cf3fce846f8/SGRL-VCSA001/SGRL-VCSA001.vmdk' (0xa): vmfs, 100663296 sectors / 48 GB.
2001-01-01T00:28:46.293Z| worker-2099782| I125: DISKLIB-LIB   : Opened "/vmfs/volumes/3a4fd8ce-fc4375c4-effb-5cf3fce846f8/SGRL-VCSA001/SGRL-VCSA001.vmdk" (flags 0xa, type vmfs).
2001-01-01T00:28:46.293Z| worker-2099782| I125: DISK: Disk '/vmfs/volumes/3a4fd8ce-fc4375c4-effb-5cf3fce846f8/SGRL-VCSA001/SGRL-VCSA001.vmdk' has UUID '60 00 c2 9a e3 ca 33 e8-10 bb e4 f0 a0 ce 9b 9c'
2001-01-01T00:28:46.293Z| worker-2099782| I125: DISK: OPEN '/vmfs/volumes/3a4fd8ce-fc4375c4-effb-5cf3fce846f8/SGRL-VCSA001/SGRL-VCSA001.vmdk' Geo (49152/64/32) BIOS Geo (0/0/0)
2001-01-01T00:28:46.293Z| worker-2099785| I125: DISKLIB-VMFS  : "/vmfs/volumes/3a4fd8ce-fc4375c4-effb-5cf3fce846f8/SGRL-VCSA001/SGRL-VCSA001_1-flat.vmdk" : open successful (10) size = 5361369088, hd = 1248642. Type 3
2001-01-01T00:28:46.293Z| worker-2099785| I125: DISKLIB-DSCPTR: Opened [0]: "SGRL-VCSA001_1-flat.vmdk" (0xa)
2001-01-01T00:28:46.293Z| worker-2099785| I125: DISKLIB-LINK  : Opened '/vmfs/volumes/3a4fd8ce-fc4375c4-effb-5cf3fce846f8/SGRL-VCSA001/SGRL-VCSA001_1.vmdk' (0xa): vmfs, 10471424 sectors / 5 GB.
2001-01-01T00:28:46.293Z| vmx| I125: DISKLIB-VMFS  : "/vmfs/volumes/3a4fd8ce-fc4375c4-effb-5cf3fce846f8/SGRL-VCSA001/SGRL-VCSA001_7-flat.vmdk" : open successful (10) size = 10737418240, hd = 1904001. Type 3
2001-01-01T00:28:46.293Z| worker-2099785| I125: DISKLIB-LIB   : Opened "/vmfs/volumes/3a4fd8ce-fc4375c4-effb-5cf3fce846f8/SGRL-VCSA001/SGRL-VCSA001_1.vmdk" (flags 0xa, type vmfs).
2001-01-01T00:28:46.293Z| vmx| I125: DISKLIB-DSCPTR: Opened [0]: "SGRL-VCSA001_7-flat.vmdk" (0xa)
2001-01-01T00:28:46.293Z| worker-2099789| I125: UTIL: Change file descriptor limit from soft 4441,hard 4441 to soft 4556,hard 4556.
2001-01-01T00:28:46.293Z| vmx| I125: DISKLIB-LINK  : Opened '/vmfs/volumes/3a4fd8ce-fc4375c4-effb-5cf3fce846f8/SGRL-VCSA001/SGRL-VCSA001_7.vmdk' (0xa): vmfs, 20971520 sectors / 10 GB.
2001-01-01T00:28:46.293Z| worker-2099785| I125: DISK: Disk '/vmfs/volumes/3a4fd8ce-fc4375c4-effb-5cf3fce846f8/SGRL-VCSA001/SGRL-VCSA001_1.vmdk' has UUID '60 00 c2 96 10 6b c1 72-2a 35 4d 13 46 b5 2b 0e'
2001-01-01T00:28:46.293Z| worker-2099785| I125: DISK: OPEN '/vmfs/volumes/3a4fd8ce-fc4375c4-effb-5cf3fce846f8/SGRL-VCSA001/SGRL-VCSA001_1.vmdk' Geo (651/255/63) BIOS Geo (0/0/0)
2001-01-01T00:28:46.293Z| worker-2099780| I125: DISKLIB-VMFS  : "/vmfs/volumes/3a4fd8ce-fc4375c4-effb-5cf3fce846f8/SGRL-VCSA001/SGRL-VCSA001_5-flat.vmdk" : open successful (10) size = 10737418240, hd = 396676. Type 3
2001-01-01T00:28:46.293Z| worker-2099780| I125: DISKLIB-DSCPTR: Opened [0]: "SGRL-VCSA001_5-flat.vmdk" (0xa)
2001-01-01T00:28:46.293Z| vmx| I125: DISKLIB-LIB   : Opened "/vmfs/volumes/3a4fd8ce-fc4375c4-effb-5cf3fce846f8/SGRL-VCSA001/SGRL-VCSA001_7.vmdk" (flags 0xa, type vmfs).
2001-01-01T00:28:46.293Z| worker-2099780| I125: DISKLIB-LINK  : Opened '/vmfs/volumes/3a4fd8ce-fc4375c4-effb-5cf3fce846f8/SGRL-VCSA001/SGRL-VCSA001_5.vmdk' (0xa): vmfs, 20971520 sectors / 10 GB.
2001-01-01T00:28:46.293Z| worker-2099780| I125: DISKLIB-LIB   : Opened "/vmfs/volumes/3a4fd8ce-fc4375c4-effb-5cf3fce846f8/SGRL-VCSA001/SGRL-VCSA001_5.vmdk" (flags 0xa, type vmfs).
2001-01-01T00:28:46.293Z| vmx| I125: DISK: Disk '/vmfs/volumes/3a4fd8ce-fc4375c4-effb-5cf3fce846f8/SGRL-VCSA001/SGRL-VCSA001_7.vmdk' has UUID '60 00 c2 91 b3 73 28 86-bd 89 3b ec b3 7a c3 0b'
2001-01-01T00:28:46.293Z| vmx| I125: DISK: OPEN '/vmfs/volumes/3a4fd8ce-fc4375c4-effb-5cf3fce846f8/SGRL-VCSA001/SGRL-VCSA001_7.vmdk' Geo (1305/255/63) BIOS Geo (0/0/0)
2001-01-01T00:28:46.293Z| worker-2099793| I125: DISKLIB-VMFS  : "/vmfs/volumes/3a4fd8ce-fc4375c4-effb-5cf3fce846f8/SGRL-VCSA001/SGRL-VCSA001_6-flat.vmdk" : open successful (10) size = 16106127360, hd = 331150. Type 3
2001-01-01T00:28:46.293Z| worker-2099793| I125: DISKLIB-DSCPTR: Opened [0]: "SGRL-VCSA001_6-flat.vmdk" (0xa)
2001-01-01T00:28:46.293Z| worker-2099780| I125: DISK: Disk '/vmfs/volumes/3a4fd8ce-fc4375c4-effb-5cf3fce846f8/SGRL-VCSA001/SGRL-VCSA001_5.vmdk' has UUID '60 00 c2 91 11 7f 8e ba-3f db af 6a 52 81 26 d2'
2001-01-01T00:28:46.293Z| worker-2099793| I125: DISKLIB-LINK  : Opened '/vmfs/volumes/3a4fd8ce-fc4375c4-effb-5cf3fce846f8/SGRL-VCSA001/SGRL-VCSA001_6.vmdk' (0xa): vmfs, 31457280 sectors / 15 GB.
2001-01-01T00:28:46.293Z| worker-2099780| I125: DISK: OPEN '/vmfs/volumes/3a4fd8ce-fc4375c4-effb-5cf3fce846f8/SGRL-VCSA001/SGRL-VCSA001_5.vmdk' Geo (1305/255/63) BIOS Geo (0/0/0)
2001-01-01T00:28:46.293Z| worker-2099793| I125: DISKLIB-LIB   : Opened "/vmfs/volumes/3a4fd8ce-fc4375c4-effb-5cf3fce846f8/SGRL-VCSA001/SGRL-VCSA001_6.vmdk" (flags 0xa, type vmfs).
2001-01-01T00:28:46.293Z| worker-2099779| I125: DISKLIB-VMFS  : "/vmfs/volumes/3a4fd8ce-fc4375c4-effb-5cf3fce846f8/SGRL-VCSA001/SGRL-VCSA001_3-flat.vmdk" : open successful (10) size = 26843545600, hd = 200081. Type 3
2001-01-01T00:28:46.293Z| worker-2099779| I125: DISKLIB-DSCPTR: Opened [0]: "SGRL-VCSA001_3-flat.vmdk" (0xa)
2001-01-01T00:28:46.293Z| worker-2099783| I125: DISKLIB-VMFS  : "/vmfs/volumes/3a4fd8ce-fc4375c4-effb-5cf3fce846f8/SGRL-VCSA001/SGRL-VCSA001_4-flat.vmdk" : open successful (10) size = 10737418240, hd = 200082. Type 3
2001-01-01T00:28:46.293Z| worker-2099783| I125: DISKLIB-DSCPTR: Opened [0]: "SGRL-VCSA001_4-flat.vmdk" (0xa)
2001-01-01T00:28:46.293Z| worker-2099779| I125: DISKLIB-LINK  : Opened '/vmfs/volumes/3a4fd8ce-fc4375c4-effb-5cf3fce846f8/SGRL-VCSA001/SGRL-VCSA001_3.vmdk' (0xa): vmfs, 52428800 sectors / 25 GB.
2001-01-01T00:28:46.293Z| worker-2099783| I125: DISKLIB-LINK  : Opened '/vmfs/volumes/3a4fd8ce-fc4375c4-effb-5cf3fce846f8/SGRL-VCSA001/SGRL-VCSA001_4.vmdk' (0xa): vmfs, 20971520 sectors / 10 GB.
2001-01-01T00:28:46.293Z| worker-2099793| I125: DISK: Disk '/vmfs/volumes/3a4fd8ce-fc4375c4-effb-5cf3fce846f8/SGRL-VCSA001/SGRL-VCSA001_6.vmdk' has UUID '60 00 c2 9f 38 0b 30 50-a7 12 cc db e6 cc a4 76'
2001-01-01T00:28:46.293Z| worker-2099779| I125: DISKLIB-LIB   : Opened "/vmfs/volumes/3a4fd8ce-fc4375c4-effb-5cf3fce846f8/SGRL-VCSA001/SGRL-VCSA001_3.vmdk" (flags 0xa, type vmfs).
2001-01-01T00:28:46.293Z| worker-2099793| I125: DISK: OPEN '/vmfs/volumes/3a4fd8ce-fc4375c4-effb-5cf3fce846f8/SGRL-VCSA001/SGRL-VCSA001_6.vmdk' Geo (1958/255/63) BIOS Geo (0/0/0)
2001-01-01T00:28:46.293Z| worker-2099783| I125: DISKLIB-LIB   : Opened "/vmfs/volumes/3a4fd8ce-fc4375c4-effb-5cf3fce846f8/SGRL-VCSA001/SGRL-VCSA001_4.vmdk" (flags 0xa, type vmfs).
2001-01-01T00:28:46.293Z| worker-2099779| I125: DISK: Disk '/vmfs/volumes/3a4fd8ce-fc4375c4-effb-5cf3fce846f8/SGRL-VCSA001/SGRL-VCSA001_3.vmdk' has UUID '60 00 c2 95 23 26 93 ca-ae e0 55 7c f5 ae b5 f3'
2001-01-01T00:28:46.293Z| worker-2099783| I125: DISK: Disk '/vmfs/volumes/3a4fd8ce-fc4375c4-effb-5cf3fce846f8/SGRL-VCSA001/SGRL-VCSA001_4.vmdk' has UUID '60 00 c2 93 c6 f0 19 77-7d 75 04 a9 d7 2b 18 a0'
2001-01-01T00:28:46.293Z| worker-2099783| I125: DISK: OPEN '/vmfs/volumes/3a4fd8ce-fc4375c4-effb-5cf3fce846f8/SGRL-VCSA001/SGRL-VCSA001_4.vmdk' Geo (1305/255/63) BIOS Geo (0/0/0)
2001-01-01T00:28:46.293Z| worker-2099779| I125: DISK: OPEN '/vmfs/volumes/3a4fd8ce-fc4375c4-effb-5cf3fce846f8/SGRL-VCSA001/SGRL-VCSA001_3.vmdk' Geo (3263/255/63) BIOS Geo (0/0/0)
2001-01-01T00:28:46.293Z| worker-2099777| I125: UTIL: Change file descriptor limit from soft 4556,hard 4556 to soft 4671,hard 4671.
2001-01-01T00:28:46.293Z| worker-2099788| I125: UTIL: Change file descriptor limit from soft 4671,hard 4671 to soft 4786,hard 4786.
2001-01-01T00:28:46.294Z| worker-2099791| I125: UTIL: Change file descriptor limit from soft 4786,hard 4786 to soft 4901,hard 4901.
2001-01-01T00:28:46.294Z| worker-2099782| I125: UTIL: Change file descriptor limit from soft 4901,hard 4901 to soft 5016,hard 5016.
2001-01-01T00:28:46.294Z| worker-2099792| I125: UTIL: Change file descriptor limit from soft 5016,hard 5016 to soft 5131,hard 5131.
2001-01-01T00:28:46.294Z| worker-2099790| I125: UTIL: Change file descriptor limit from soft 5131,hard 5131 to soft 5246,hard 5246.
2001-01-01T00:28:46.294Z| worker-2099785| I125: UTIL: Change file descriptor limit from soft 5246,hard 5246 to soft 5361,hard 5361.
2001-01-01T00:28:46.294Z| vmx| I125: UTIL: Change file descriptor limit from soft 5361,hard 5361 to soft 5476,hard 5476.
2001-01-01T00:28:46.294Z| worker-2099779| I125: UTIL: Change file descriptor limit from soft 5476,hard 5476 to soft 5591,hard 5591.
2001-01-01T00:28:46.294Z| worker-2099780| I125: UTIL: Change file descriptor limit from soft 5591,hard 5591 to soft 5706,hard 5706.
2001-01-01T00:28:46.294Z| worker-2099793| I125: UTIL: Change file descriptor limit from soft 5706,hard 5706 to soft 5821,hard 5821.
2001-01-01T00:28:46.294Z| worker-2099783| I125: UTIL: Change file descriptor limit from soft 5821,hard 5821 to soft 5936,hard 5936.
2001-01-01T00:28:46.302Z| vmx| I125: DISK: Opening disks took 17 ms.
2001-01-01T00:28:46.303Z| vmx| I125: VUsb powered on, but no USB controllers.
2001-01-01T00:28:46.303Z| vmx| I125: MKS PowerOn
2001-01-01T00:28:46.304Z| mks| I125: VTHREAD 28949260032 "mks" wid 2099794
2001-01-01T00:28:46.304Z| mks| I125: MKS thread is alive
2001-01-01T00:28:46.304Z| mks| I125: MKS-RenderMain: PowerOn allowed MKSBasicOps SWRenderer 
2001-01-01T00:28:46.304Z| mks| I125: MKS-RenderMain: Started MKSBasicOps
2001-01-01T00:28:46.304Z| mks| I125: MKS-RenderMain: Stopping MKSBasicOps
2001-01-01T00:28:46.304Z| mks| I125: MKS-RenderMain: Collecting RenderOps caps from MKSBasicOps
2001-01-01T00:28:46.304Z| mks| I125: MKS-RenderMain: Started MKSBasicOps
2001-01-01T00:28:46.304Z| mks| I125: MKS-RenderMain: Found Full Renderer: MKSBasicOps
2001-01-01T00:28:46.304Z| mks| I125: MKS-RenderMain: MinimalCaps: maxTextureSize=32768
2001-01-01T00:28:46.304Z| mks| I125: MKSRemoteMgr: Set default display name: SGRL-VCSA001
2001-01-01T00:28:46.304Z| mks| I125: MKSRemoteMgr: Loading VNC Configuration from VM config file
2001-01-01T00:28:46.305Z| vmx| I125: VLANCE: send cluster threshold is 80, size = 2 recalcInterval is 20000 us
2001-01-01T00:28:46.305Z| vmx| I125: Chipset version: 0x1f
2001-01-01T00:28:46.307Z| vmx| I125: OBJLIB-FILEBE : FileBEOpen: can't open 'SGRL-VCSA001.nvram' : Could not find the file (393218).
2001-01-01T00:28:46.307Z| vmx| I125: OBJLIB-FILEBE : FileBEOpen: can't open 'SGRL-VCSA001.nvram' : Could not find the file (393218).
2001-01-01T00:28:46.307Z| vmx| W115: NVRAMMGR: No valid NVRAM file found, will create default NVRAM.
2001-01-01T00:28:46.311Z| vmx| A100: ConfigDB: Setting pciBridge0.pciSlotNumber = "17"
2001-01-01T00:28:46.311Z| vmx| A100: ConfigDB: Setting pciBridge4.pciSlotNumber = "21"
2001-01-01T00:28:46.311Z| vmx| A100: ConfigDB: Setting pciBridge5.pciSlotNumber = "22"
2001-01-01T00:28:46.311Z| vmx| A100: ConfigDB: Setting pciBridge6.pciSlotNumber = "23"
2001-01-01T00:28:46.311Z| vmx| A100: ConfigDB: Setting pciBridge7.pciSlotNumber = "24"
2001-01-01T00:28:46.311Z| vmx| A100: ConfigDB: Setting scsi0.pciSlotNumber = "16"
2001-01-01T00:28:46.311Z| vmx| A100: ConfigDB: Setting scsi1.pciSlotNumber = "32"
2001-01-01T00:28:46.311Z| vmx| A100: ConfigDB: Setting ethernet0.pciSlotNumber = "160"
2001-01-01T00:28:46.311Z| vmx| A100: ConfigDB: Setting vmci0.pciSlotNumber = "33"
2001-01-01T00:28:46.314Z| vmx| I125: SCSI DEVICE (ide0:0): Computed value of ide0:0.useBounceBuffers: default
2001-01-01T00:28:46.314Z| vmx| I125: DISKUTIL: ide0:0 : capacity=0 logical sector size=2048
2001-01-01T00:28:46.314Z| vmx| I125: DISKUTIL: ide0:0 : geometry=0/0/0
2001-01-01T00:28:46.314Z| vmx| I125: SCSI: scsi0: reqCallThreshold 0
2001-01-01T00:28:46.314Z| vmx| I125: SCSI: scsi0: intr coalescing: on period=50msec cifTh=4 iopsTh=2000 hlt=0
2001-01-01T00:28:46.314Z| vmx| I125: SCSI0: UNTAGGED commands will be converted to ORDER tags.
2001-01-01T00:28:46.314Z| vmx| I125: SCSI DEVICE (scsi0:0): Computed value of scsi0:0.useBounceBuffers: default
2001-01-01T00:28:46.314Z| vmx| I125: Creating virtual dev for 'scsi0:0'.
2001-01-01T00:28:46.314Z| vmx| I125: DumpDiskInfo: scsi0:0 createType=11, capacity = 100663296, numLinks = 1, allocationType = 2
2001-01-01T00:28:46.314Z| vmx| I125: SCSIDiskESXPopulateVDevDesc: Using FS backend
2001-01-01T00:28:46.314Z| vmx| I125: DISKUTIL: scsi0:0 : geometry=49152/64/32
2001-01-01T00:28:46.315Z| vmx| I125: SCSIFilterESXAttachCBRCInt: CBRC not enabled or opened without filters,skipping CBRC           filter attach.
2001-01-01T00:28:46.315Z| vmx| I125: SCSI DEVICE (scsi0:1): Computed value of scsi0:1.useBounceBuffers: default
2001-01-01T00:28:46.315Z| vmx| I125: Creating virtual dev for 'scsi0:1'.
2001-01-01T00:28:46.315Z| vmx| I125: DumpDiskInfo: scsi0:1 createType=11, capacity = 10471424, numLinks = 1, allocationType = 2
2001-01-01T00:28:46.315Z| vmx| I125: SCSIDiskESXPopulateVDevDesc: Using FS backend
2001-01-01T00:28:46.315Z| vmx| I125: DISKUTIL: scsi0:1 : geometry=651/255/63
2001-01-01T00:28:46.315Z| vmx| I125: SCSIFilterESXAttachCBRCInt: CBRC not enabled or opened without filters,skipping CBRC           filter attach.
2001-01-01T00:28:46.315Z| vmx| I125: SCSI DEVICE (scsi0:2): Computed value of scsi0:2.useBounceBuffers: default
2001-01-01T00:28:46.315Z| vmx| I125: Creating virtual dev for 'scsi0:2'.
2001-01-01T00:28:46.315Z| vmx| I125: DumpDiskInfo: scsi0:2 createType=11, capacity = 52428800, numLinks = 1, allocationType = 2
2001-01-01T00:28:46.315Z| vmx| I125: SCSIDiskESXPopulateVDevDesc: Using FS backend
2001-01-01T00:28:46.315Z| vmx| I125: DISKUTIL: scsi0:2 : geometry=3263/255/63
2001-01-01T00:28:46.315Z| vmx| I125: SCSIFilterESXAttachCBRCInt: CBRC not enabled or opened without filters,skipping CBRC           filter attach.
2001-01-01T00:28:46.315Z| vmx| I125: SCSI DEVICE (scsi0:3): Computed value of scsi0:3.useBounceBuffers: default
2001-01-01T00:28:46.315Z| vmx| I125: Creating virtual dev for 'scsi0:3'.
2001-01-01T00:28:46.315Z| vmx| I125: DumpDiskInfo: scsi0:3 createType=11, capacity = 52428800, numLinks = 1, allocationType = 2
2001-01-01T00:28:46.315Z| vmx| I125: SCSIDiskESXPopulateVDevDesc: Using FS backend
2001-01-01T00:28:46.315Z| vmx| I125: DISKUTIL: scsi0:3 : geometry=3263/255/63
2001-01-01T00:28:46.315Z| vmx| I125: SCSIFilterESXAttachCBRCInt: CBRC not enabled or opened without filters,skipping CBRC           filter attach.
2001-01-01T00:28:46.315Z| vmx| I125: SCSI DEVICE (scsi0:4): Computed value of scsi0:4.useBounceBuffers: default
2001-01-01T00:28:46.315Z| vmx| I125: Creating virtual dev for 'scsi0:4'.
2001-01-01T00:28:46.315Z| vmx| I125: DumpDiskInfo: scsi0:4 createType=11, capacity = 20971520, numLinks = 1, allocationType = 2
2001-01-01T00:28:46.315Z| vmx| I125: SCSIDiskESXPopulateVDevDesc: Using FS backend
2001-01-01T00:28:46.315Z| vmx| I125: DISKUTIL: scsi0:4 : geometry=1305/255/63
2001-01-01T00:28:46.315Z| vmx| I125: SCSIFilterESXAttachCBRCInt: CBRC not enabled or opened without filters,skipping CBRC           filter attach.
2001-01-01T00:28:46.315Z| vmx| I125: SCSI DEVICE (scsi0:5): Computed value of scsi0:5.useBounceBuffers: default
2001-01-01T00:28:46.315Z| vmx| I125: Creating virtual dev for 'scsi0:5'.
2001-01-01T00:28:46.315Z| vmx| I125: DumpDiskInfo: scsi0:5 createType=11, capacity = 20971520, numLinks = 1, allocationType = 2
2001-01-01T00:28:46.315Z| vmx| I125: SCSIDiskESXPopulateVDevDesc: Using FS backend
2001-01-01T00:28:46.315Z| vmx| I125: DISKUTIL: scsi0:5 : geometry=1305/255/63
2001-01-01T00:28:46.315Z| vmx| I125: SCSIFilterESXAttachCBRCInt: CBRC not enabled or opened without filters,skipping CBRC           filter attach.
2001-01-01T00:28:46.315Z| vmx| I125: SCSI DEVICE (scsi0:6): Computed value of scsi0:6.useBounceBuffers: default
2001-01-01T00:28:46.315Z| vmx| I125: Creating virtual dev for 'scsi0:6'.
2001-01-01T00:28:46.315Z| vmx| I125: DumpDiskInfo: scsi0:6 createType=11, capacity = 31457280, numLinks = 1, allocationType = 2
2001-01-01T00:28:46.315Z| vmx| I125: SCSIDiskESXPopulateVDevDesc: Using FS backend
2001-01-01T00:28:46.315Z| vmx| I125: DISKUTIL: scsi0:6 : geometry=1958/255/63
2001-01-01T00:28:46.315Z| vmx| I125: SCSIFilterESXAttachCBRCInt: CBRC not enabled or opened without filters,skipping CBRC           filter attach.
2001-01-01T00:28:46.315Z| vmx| I125: SCSI DEVICE (scsi0:8): Computed value of scsi0:8.useBounceBuffers: default
2001-01-01T00:28:46.315Z| vmx| I125: Creating virtual dev for 'scsi0:8'.
2001-01-01T00:28:46.315Z| vmx| I125: DumpDiskInfo: scsi0:8 createType=11, capacity = 20971520, numLinks = 1, allocationType = 2
2001-01-01T00:28:46.315Z| vmx| I125: SCSIDiskESXPopulateVDevDesc: Using FS backend
2001-01-01T00:28:46.315Z| vmx| I125: DISKUTIL: scsi0:8 : geometry=1305/255/63
2001-01-01T00:28:46.315Z| vmx| I125: SCSIFilterESXAttachCBRCInt: CBRC not enabled or opened without filters,skipping CBRC           filter attach.
2001-01-01T00:28:46.315Z| vmx| I125: SCSI DEVICE (scsi0:9): Computed value of scsi0:9.useBounceBuffers: default
2001-01-01T00:28:46.315Z| vmx| I125: Creating virtual dev for 'scsi0:9'.
2001-01-01T00:28:46.315Z| vmx| I125: DumpDiskInfo: scsi0:9 createType=11, capacity = 2097152, numLinks = 1, allocationType = 2
2001-01-01T00:28:46.316Z| vmx| I125: SCSIDiskESXPopulateVDevDesc: Using FS backend
2001-01-01T00:28:46.316Z| vmx| I125: DISKUTIL: scsi0:9 : geometry=512/128/32
2001-01-01T00:28:46.316Z| vmx| I125: SCSIFilterESXAttachCBRCInt: CBRC not enabled or opened without filters,skipping CBRC           filter attach.
2001-01-01T00:28:46.316Z| vmx| I125: SCSI DEVICE (scsi0:10): Computed value of scsi0:10.useBounceBuffers: default
2001-01-01T00:28:46.316Z| vmx| I125: Creating virtual dev for 'scsi0:10'.
2001-01-01T00:28:46.316Z| vmx| I125: DumpDiskInfo: scsi0:10 createType=11, capacity = 20971520, numLinks = 1, allocationType = 2
2001-01-01T00:28:46.316Z| vmx| I125: SCSIDiskESXPopulateVDevDesc: Using FS backend
2001-01-01T00:28:46.316Z| vmx| I125: DISKUTIL: scsi0:10 : geometry=1305/255/63
2001-01-01T00:28:46.316Z| vmx| I125: SCSIFilterESXAttachCBRCInt: CBRC not enabled or opened without filters,skipping CBRC           filter attach.
2001-01-01T00:28:46.316Z| vmx| I125: SCSI DEVICE (scsi0:11): Computed value of scsi0:11.useBounceBuffers: default
2001-01-01T00:28:46.316Z| vmx| I125: Creating virtual dev for 'scsi0:11'.
2001-01-01T00:28:46.316Z| vmx| I125: DumpDiskInfo: scsi0:11 createType=11, capacity = 20971520, numLinks = 1, allocationType = 2
2001-01-01T00:28:46.316Z| vmx| I125: SCSIDiskESXPopulateVDevDesc: Using FS backend
2001-01-01T00:28:46.316Z| vmx| I125: DISKUTIL: scsi0:11 : geometry=1305/255/63
2001-01-01T00:28:46.316Z| vmx| I125: SCSIFilterESXAttachCBRCInt: CBRC not enabled or opened without filters,skipping CBRC           filter attach.
2001-01-01T00:28:46.316Z| vmx| I125: SCSI DEVICE (scsi0:12): Computed value of scsi0:12.useBounceBuffers: default
2001-01-01T00:28:46.316Z| vmx| I125: Creating virtual dev for 'scsi0:12'.
2001-01-01T00:28:46.316Z| vmx| I125: DumpDiskInfo: scsi0:12 createType=11, capacity = 209715200, numLinks = 1, allocationType = 2
2001-01-01T00:28:46.316Z| vmx| I125: SCSIDiskESXPopulateVDevDesc: Using FS backend
2001-01-01T00:28:46.316Z| vmx| I125: DISKUTIL: scsi0:12 : geometry=13054/255/63
2001-01-01T00:28:46.316Z| vmx| I125: SCSIFilterESXAttachCBRCInt: CBRC not enabled or opened without filters,skipping CBRC           filter attach.
2001-01-01T00:28:46.316Z| vmx| I125: SCSI DEVICE (scsi0:13): Computed value of scsi0:13.useBounceBuffers: default
2001-01-01T00:28:46.316Z| vmx| I125: Creating virtual dev for 'scsi0:13'.
2001-01-01T00:28:46.316Z| vmx| I125: DumpDiskInfo: scsi0:13 createType=11, capacity = 104857600, numLinks = 1, allocationType = 2
2001-01-01T00:28:46.316Z| vmx| I125: SCSIDiskESXPopulateVDevDesc: Using FS backend
2001-01-01T00:28:46.316Z| vmx| I125: DISKUTIL: scsi0:13 : geometry=6527/255/63
2001-01-01T00:28:46.316Z| vmx| I125: SCSIFilterESXAttachCBRCInt: CBRC not enabled or opened without filters,skipping CBRC           filter attach.
2001-01-01T00:28:46.316Z| vmx| I125: SCSI DEVICE (scsi0:14): Computed value of scsi0:14.useBounceBuffers: default
2001-01-01T00:28:46.316Z| vmx| I125: Creating virtual dev for 'scsi0:14'.
2001-01-01T00:28:46.316Z| vmx| I125: DumpDiskInfo: scsi0:14 createType=11, capacity = 20971520, numLinks = 1, allocationType = 2
2001-01-01T00:28:46.316Z| vmx| I125: SCSIDiskESXPopulateVDevDesc: Using FS backend
2001-01-01T00:28:46.316Z| vmx| I125: DISKUTIL: scsi0:14 : geometry=1305/255/63
2001-01-01T00:28:46.316Z| vmx| I125: SCSIFilterESXAttachCBRCInt: CBRC not enabled or opened without filters,skipping CBRC           filter attach.
2001-01-01T00:28:46.316Z| vmx| I125: SCSI DEVICE (scsi0:15): Computed value of scsi0:15.useBounceBuffers: default
2001-01-01T00:28:46.316Z| vmx| I125: Creating virtual dev for 'scsi0:15'.
2001-01-01T00:28:46.316Z| vmx| I125: DumpDiskInfo: scsi0:15 createType=11, capacity = 10485760, numLinks = 1, allocationType = 2
2001-01-01T00:28:46.316Z| vmx| I125: SCSIDiskESXPopulateVDevDesc: Using FS backend
2001-01-01T00:28:46.316Z| vmx| I125: DISKUTIL: scsi0:15 : geometry=652/255/63
2001-01-01T00:28:46.316Z| vmx| I125: SCSIFilterESXAttachCBRCInt: CBRC not enabled or opened without filters,skipping CBRC           filter attach.
2001-01-01T00:28:46.316Z| vmx| I125: SCSI: scsi1: reqCallThreshold 0
2001-01-01T00:28:46.316Z| vmx| I125: SCSI: scsi1: intr coalescing: on period=50msec cifTh=4 iopsTh=2000 hlt=0
2001-01-01T00:28:46.316Z| vmx| I125: SCSI1: UNTAGGED commands will be converted to ORDER tags.
2001-01-01T00:28:46.316Z| vmx| I125: SCSI DEVICE (scsi1:0): Computed value of scsi1:0.useBounceBuffers: default
2001-01-01T00:28:46.316Z| vmx| I125: Creating virtual dev for 'scsi1:0'.
2001-01-01T00:28:46.316Z| vmx| I125: DumpDiskInfo: scsi1:0 createType=11, capacity = 209715200, numLinks = 1, allocationType = 2
2001-01-01T00:28:46.317Z| vmx| I125: SCSIDiskESXPopulateVDevDesc: Using FS backend
2001-01-01T00:28:46.317Z| vmx| I125: DISKUTIL: scsi1:0 : geometry=13054/255/63
2001-01-01T00:28:46.317Z| vmx| I125: SCSIFilterESXAttachCBRCInt: CBRC not enabled or opened without filters,skipping CBRC           filter attach.
2001-01-01T00:28:46.317Z| vmx| I125: SVGA-GFB: Config settings: autodetect=0, numDisplays=1, maxWidth=2560, maxHeight=1600
2001-01-01T00:28:46.317Z| vmx| I125: SVGA-GFB: MKS auto-detected resolution target: numDisplays=1, wh(2560, 1600)
2001-01-01T00:28:46.317Z| vmx| I125: SVGA-GFB: Desired maximum display topology: wh(2560, 1600)
2001-01-01T00:28:46.317Z| vmx| I125: SVGA-GFB: Autodetected target gfbSize = 16777216
2001-01-01T00:28:46.317Z| vmx| I125: SVGA-GFB: Using Initial       gfbSize = 4194304
2001-01-01T00:28:46.317Z| vmx| I125: SVGA: Number of displays 1
2001-01-01T00:28:46.317Z| vmx| I125: SVGA: Truncated maximum resolution for register modes to VRAM size: (VRAM=4194304 bytes, max wh(1176, 885)
2001-01-01T00:28:46.317Z| vmx| I125: SVGA: FIFO capabilities 0x0000077f
2001-01-01T00:28:46.317Z| vmx| I125: SVGACaps: Device       caps : 0x01ff83e2
2001-01-01T00:28:46.317Z| vmx| I125: SVGACaps: Device       caps2: 0x00000000
2001-01-01T00:28:46.317Z| vmx| I125: SVGA3dCaps: host, at power on: 3d disabled
2001-01-01T00:28:46.317Z| vmx| I125:   cap[  0]: 0x00000000 (3D)
2001-01-01T00:28:46.317Z| vmx| I125:   cap[  1]: 0x00000000 (MAX_LIGHTS)
2001-01-01T00:28:46.317Z| vmx| I125:   cap[  2]: 0x00000000 (MAX_TEXTURES)
2001-01-01T00:28:46.318Z| vmx| I125:   cap[  3]: 0x00000000 (MAX_CLIP_PLANES)
2001-01-01T00:28:46.318Z| vmx| I125:   cap[  4]: 0x00000000 (VERTEX_SHADER_VERSION)
2001-01-01T00:28:46.318Z| vmx| I125:   cap[  5]: 0x00000000 (VERTEX_SHADER)
2001-01-01T00:28:46.318Z| vmx| I125:   cap[  6]: 0x00000000 (FRAGMENT_SHADER_VERSION)
2001-01-01T00:28:46.318Z| vmx| I125:   cap[  7]: 0x00000000 (FRAGMENT_SHADER)
2001-01-01T00:28:46.318Z| vmx| I125:   cap[  8]: 0x00000000 (MAX_RENDER_TARGETS)
2001-01-01T00:28:46.318Z| vmx| I125:   cap[  9]: 0x00000000 (S23E8_TEXTURES)
2001-01-01T00:28:46.318Z| vmx| I125:   cap[ 10]: 0x00000000 (S10E5_TEXTURES)
2001-01-01T00:28:46.318Z| vmx| I125:   cap[ 11]: 0x00000000 (MAX_FIXED_VERTEXBLEND)
2001-01-01T00:28:46.318Z| vmx| I125:   cap[ 12]: 0x00000000 (D16_BUFFER_FORMAT)
2001-01-01T00:28:46.318Z| vmx| I125:   cap[ 13]: 0x00000000 (D24S8_BUFFER_FORMAT)
2001-01-01T00:28:46.318Z| vmx| I125:   cap[ 14]: 0x00000000 (D24X8_BUFFER_FORMAT)
2001-01-01T00:28:46.318Z| vmx| I125:   cap[ 15]: 0x00000000 (QUERY_TYPES)
2001-01-01T00:28:46.318Z| vmx| I125:   cap[ 16]: 0x00000000 (TEXTURE_GRADIENT_SAMPLING)
2001-01-01T00:28:46.318Z| vmx| I125:   cap[ 17]:   0.000000 (MAX_POINT_SIZE)
2001-01-01T00:28:46.318Z| vmx| I125:   cap[ 18]: 0x00000000 (MAX_SHADER_TEXTURES)
2001-01-01T00:28:46.318Z| vmx| I125:   cap[ 19]: 0x00000000 (MAX_TEXTURE_WIDTH)
2001-01-01T00:28:46.318Z| vmx| I125:   cap[ 20]: 0x00000000 (MAX_TEXTURE_HEIGHT)
2001-01-01T00:28:46.318Z| vmx| I125:   cap[ 21]: 0x00000000 (MAX_VOLUME_EXTENT)
2001-01-01T00:28:46.318Z| vmx| I125:   cap[ 22]: 0x00000000 (MAX_TEXTURE_REPEAT)
2001-01-01T00:28:46.318Z| vmx| I125:   cap[ 23]: 0x00000000 (MAX_TEXTURE_ASPECT_RATIO)
2001-01-01T00:28:46.318Z| vmx| I125:   cap[ 24]: 0x00000000 (MAX_TEXTURE_ANISOTROPY)
2001-01-01T00:28:46.318Z| vmx| I125:   cap[ 25]: 0x00000000 (MAX_PRIMITIVE_COUNT)
2001-01-01T00:28:46.318Z| vmx| I125:   cap[ 26]: 0x00000000 (MAX_VERTEX_INDEX)
2001-01-01T00:28:46.318Z| vmx| I125:   cap[ 27]: 0x00000000 (MAX_VERTEX_SHADER_INSTRUCTIONS)
2001-01-01T00:28:46.318Z| vmx| I125:   cap[ 28]: 0x00000000 (MAX_FRAGMENT_SHADER_INSTRUCTIONS)
2001-01-01T00:28:46.318Z| vmx| I125:   cap[ 29]: 0x00000000 (MAX_VERTEX_SHADER_TEMPS)
2001-01-01T00:28:46.318Z| vmx| I125:   cap[ 30]: 0x00000000 (MAX_FRAGMENT_SHADER_TEMPS)
2001-01-01T00:28:46.318Z| vmx| I125:   cap[ 31]: 0x00000000 (TEXTURE_OPS)
2001-01-01T00:28:46.318Z| vmx| I125:   cap[ 32]: 0x00000000 (SURFACEFMT_X8R8G8B8)
2001-01-01T00:28:46.318Z| vmx| I125:   cap[ 33]: 0x00000000 (SURFACEFMT_A8R8G8B8)
2001-01-01T00:28:46.318Z| vmx| I125:   cap[ 34]: 0x00000000 (SURFACEFMT_A2R10G10B10)
2001-01-01T00:28:46.318Z| vmx| I125:   cap[ 35]: 0x00000000 (SURFACEFMT_X1R5G5B5)
2001-01-01T00:28:46.318Z| vmx| I125:   cap[ 36]: 0x00000000 (SURFACEFMT_A1R5G5B5)
2001-01-01T00:28:46.318Z| vmx| I125:   cap[ 37]: 0x00000000 (SURFACEFMT_A4R4G4B4)
2001-01-01T00:28:46.318Z| vmx| I125:   cap[ 38]: 0x00000000 (SURFACEFMT_R5G6B5)
2001-01-01T00:28:46.318Z| vmx| I125:   cap[ 39]: 0x00000000 (SURFACEFMT_LUMINANCE16)
2001-01-01T00:28:46.318Z| vmx| I125:   cap[ 40]: 0x00000000 (SURFACEFMT_LUMINANCE8_ALPHA8)
2001-01-01T00:28:46.318Z| vmx| I125:   cap[ 41]: 0x00000000 (SURFACEFMT_ALPHA8)
2001-01-01T00:28:46.318Z| vmx| I125:   cap[ 42]: 0x00000000 (SURFACEFMT_LUMINANCE8)
2001-01-01T00:28:46.318Z| vmx| I125:   cap[ 43]: 0x00000000 (SURFACEFMT_Z_D16)
2001-01-01T00:28:46.318Z| vmx| I125:   cap[ 44]: 0x00000000 (SURFACEFMT_Z_D24S8)
2001-01-01T00:28:46.318Z| vmx| I125:   cap[ 45]: 0x00000000 (SURFACEFMT_Z_D24X8)
2001-01-01T00:28:46.318Z| vmx| I125:   cap[ 46]: 0x00000000 (SURFACEFMT_DXT1)
2001-01-01T00:28:46.318Z| vmx| I125:   cap[ 47]: 0x00000000 (SURFACEFMT_DXT2)
2001-01-01T00:28:46.318Z| vmx| I125:   cap[ 48]: 0x00000000 (SURFACEFMT_DXT3)
2001-01-01T00:28:46.318Z| vmx| I125:   cap[ 49]: 0x00000000 (SURFACEFMT_DXT4)
2001-01-01T00:28:46.318Z| vmx| I125:   cap[ 50]: 0x00000000 (SURFACEFMT_DXT5)
2001-01-01T00:28:46.318Z| vmx| I125:   cap[ 51]: 0x00000000 (SURFACEFMT_BUMPX8L8V8U8)
2001-01-01T00:28:46.318Z| vmx| I125:   cap[ 52]: 0x00000000 (SURFACEFMT_A2W10V10U10)
2001-01-01T00:28:46.318Z| vmx| I125:   cap[ 53]: 0x00000000 (SURFACEFMT_BUMPU8V8)
2001-01-01T00:28:46.318Z| vmx| I125:   cap[ 54]: 0x00000000 (SURFACEFMT_Q8W8V8U8)
2001-01-01T00:28:46.318Z| vmx| I125:   cap[ 55]: 0x00000000 (SURFACEFMT_CxV8U8)
2001-01-01T00:28:46.318Z| vmx| I125:   cap[ 56]: 0x00000000 (SURFACEFMT_R_S10E5)
2001-01-01T00:28:46.318Z| vmx| I125:   cap[ 57]: 0x00000000 (SURFACEFMT_R_S23E8)
2001-01-01T00:28:46.318Z| vmx| I125:   cap[ 58]: 0x00000000 (SURFACEFMT_RG_S10E5)
2001-01-01T00:28:46.318Z| vmx| I125:   cap[ 59]: 0x00000000 (SURFACEFMT_RG_S23E8)
2001-01-01T00:28:46.318Z| vmx| I125:   cap[ 60]: 0x00000000 (SURFACEFMT_ARGB_S10E5)
2001-01-01T00:28:46.318Z| vmx| I125:   cap[ 61]: 0x00000000 (SURFACEFMT_ARGB_S23E8)
2001-01-01T00:28:46.318Z| vmx| I125:   cap[ 62]: 0x00000000 (MISSING62)
2001-01-01T00:28:46.318Z| vmx| I125:   cap[ 63]: 0x00000000 (MAX_VERTEX_SHADER_TEXTURES)
2001-01-01T00:28:46.318Z| vmx| I125:   cap[ 64]: 0x00000000 (MAX_SIMULTANEOUS_RENDER_TARGETS)
2001-01-01T00:28:46.318Z| vmx| I125:   cap[ 65]: 0x00000000 (SURFACEFMT_V16U16)
2001-01-01T00:28:46.318Z| vmx| I125:   cap[ 66]: 0x00000000 (SURFACEFMT_G16R16)
2001-01-01T00:28:46.318Z| vmx| I125:   cap[ 67]: 0x00000000 (SURFACEFMT_A16B16G16R16)
2001-01-01T00:28:46.318Z| vmx| I125:   cap[ 68]: 0x00000000 (SURFACEFMT_UYVY)
2001-01-01T00:28:46.318Z| vmx| I125:   cap[ 69]: 0x00000000 (SURFACEFMT_YUY2)
2001-01-01T00:28:46.318Z| vmx| I125:   cap[ 70]: 0x00000000 (MULTISAMPLE_NONMASKABLESAMPLES)
2001-01-01T00:28:46.318Z| vmx| I125:   cap[ 71]: 0x00000000 (MULTISAMPLE_MASKABLESAMPLES)
2001-01-01T00:28:46.318Z| vmx| I125:   cap[ 72]: 0x00000000 (ALPHATOCOVERAGE)
2001-01-01T00:28:46.318Z| vmx| I125:   cap[ 73]: 0x00000000 (SUPERSAMPLE)
2001-01-01T00:28:46.318Z| vmx| I125:   cap[ 74]: 0x00000000 (AUTOGENMIPMAPS)
2001-01-01T00:28:46.318Z| vmx| I125:   cap[ 75]: 0x00000000 (SURFACEFMT_NV12)
2001-01-01T00:28:46.318Z| vmx| I125:   cap[ 76]: 0x00000000 (SURFACEFMT_AYUV)
2001-01-01T00:28:46.318Z| vmx| I125:   cap[ 77]: 0x00000000 (MAX_CONTEXT_IDS)
2001-01-01T00:28:46.318Z| vmx| I125:   cap[ 78]: 0x00000000 (MAX_SURFACE_IDS)
2001-01-01T00:28:46.318Z| vmx| I125:   cap[ 79]: 0x00000000 (SURFACEFMT_Z_DF16)
2001-01-01T00:28:46.318Z| vmx| I125:   cap[ 80]: 0x00000000 (SURFACEFMT_Z_DF24)
2001-01-01T00:28:46.318Z| vmx| I125:   cap[ 81]: 0x00000000 (SURFACEFMT_Z_D24S8_INT)
2001-01-01T00:28:46.318Z| vmx| I125:   cap[ 82]: 0x00000000 (SURFACEFMT_ATI1)
2001-01-01T00:28:46.318Z| vmx| I125:   cap[ 83]: 0x00000000 (SURFACEFMT_ATI2)
2001-01-01T00:28:46.318Z| vmx| I125:   cap[ 84]: 0x00000000 (DEAD1)
2001-01-01T00:28:46.318Z| vmx| I125:   cap[ 85]: 0x00000000 (VIDEO_DECODE)
2001-01-01T00:28:46.318Z| vmx| I125:   cap[ 86]: 0x00000000 (VIDEO_PROCESS)
2001-01-01T00:28:46.318Z| vmx| I125:   cap[ 87]: 0x00000000 (LINE_AA)
2001-01-01T00:28:46.318Z| vmx| I125:   cap[ 88]: 0x00000000 (LINE_STIPPLE)
2001-01-01T00:28:46.318Z| vmx| I125:   cap[ 89]:   0.000000 (MAX_LINE_WIDTH)
2001-01-01T00:28:46.318Z| vmx| I125:   cap[ 90]:   0.000000 (MAX_AA_LINE_WIDTH)
2001-01-01T00:28:46.318Z| vmx| I125:   cap[ 91]: 0x00000000 (SURFACEFMT_YV12)
2001-01-01T00:28:46.318Z| vmx| I125:   cap[ 92]: 0x00000000 (DEAD3)
2001-01-01T00:28:46.318Z| vmx| I125:   cap[ 93]: 0x00000000 (TS_COLOR_KEY)
2001-01-01T00:28:46.318Z| vmx| I125:   cap[ 94]: 0x00000000 (DEAD2)
2001-01-01T00:28:46.318Z| vmx| I125:   cap[ 95]: 0x00000000 (DXCONTEXT)
2001-01-01T00:28:46.319Z| vmx| I125:   cap[ 96]: 0x00000000 (MAX_TEXTURE_ARRAY_SIZE)
2001-01-01T00:28:46.319Z| vmx| I125:   cap[ 97]: 0x00000000 (DX_MAX_VERTEXBUFFERS)
2001-01-01T00:28:46.319Z| vmx| I125:   cap[ 98]: 0x00000000 (DX_MAX_CONSTANT_BUFFERS)
2001-01-01T00:28:46.319Z| vmx| I125:   cap[ 99]: 0x00000000 (DX_PROVOKING_VERTEX)
2001-01-01T00:28:46.319Z| vmx| I125:   cap[100]: 0x00000000 (DXFMT_X8R8G8B8)
2001-01-01T00:28:46.319Z| vmx| I125:   cap[101]: 0x00000000 (DXFMT_A8R8G8B8)
2001-01-01T00:28:46.319Z| vmx| I125:   cap[102]: 0x00000000 (DXFMT_R5G6B5)
2001-01-01T00:28:46.319Z| vmx| I125:   cap[103]: 0x00000000 (DXFMT_X1R5G5B5)
2001-01-01T00:28:46.319Z| vmx| I125:   cap[104]: 0x00000000 (DXFMT_A1R5G5B5)
2001-01-01T00:28:46.319Z| vmx| I125:   cap[105]: 0x00000000 (DXFMT_A4R4G4B4)
2001-01-01T00:28:46.319Z| vmx| I125:   cap[106]: 0x00000000 (DXFMT_Z_D32)
2001-01-01T00:28:46.319Z| vmx| I125:   cap[107]: 0x00000000 (DXFMT_Z_D16)
2001-01-01T00:28:46.319Z| vmx| I125:   cap[108]: 0x00000000 (DXFMT_Z_D24S8)
2001-01-01T00:28:46.319Z| vmx| I125:   cap[109]: 0x00000000 (DXFMT_Z_D15S1)
2001-01-01T00:28:46.319Z| vmx| I125:   cap[110]: 0x00000000 (DXFMT_LUMINANCE8)
2001-01-01T00:28:46.319Z| vmx| I125:   cap[111]: 0x00000000 (DXFMT_LUMINANCE4_ALPHA4)
2001-01-01T00:28:46.319Z| vmx| I125:   cap[112]: 0x00000000 (DXFMT_LUMINANCE16)
2001-01-01T00:28:46.319Z| vmx| I125:   cap[113]: 0x00000000 (DXFMT_LUMINANCE8_ALPHA8)
2001-01-01T00:28:46.319Z| vmx| I125:   cap[114]: 0x00000000 (DXFMT_DXT1)
2001-01-01T00:28:46.319Z| vmx| I125:   cap[115]: 0x00000000 (DXFMT_DXT2)
2001-01-01T00:28:46.319Z| vmx| I125:   cap[116]: 0x00000000 (DXFMT_DXT3)
2001-01-01T00:28:46.319Z| vmx| I125:   cap[117]: 0x00000000 (DXFMT_DXT4)
2001-01-01T00:28:46.319Z| vmx| I125:   cap[118]: 0x00000000 (DXFMT_DXT5)
2001-01-01T00:28:46.319Z| vmx| I125:   cap[119]: 0x00000000 (DXFMT_BUMPU8V8)
2001-01-01T00:28:46.319Z| vmx| I125:   cap[120]: 0x00000000 (DXFMT_BUMPL6V5U5)
2001-01-01T00:28:46.319Z| vmx| I125:   cap[121]: 0x00000000 (DXFMT_BUMPX8L8V8U8)
2001-01-01T00:28:46.319Z| vmx| I125:   cap[122]: 0x00000000 (DXFMT_FORMAT_DEAD1)
2001-01-01T00:28:46.319Z| vmx| I125:   cap[123]: 0x00000000 (DXFMT_ARGB_S10E5)
2001-01-01T00:28:46.319Z| vmx| I125:   cap[124]: 0x00000000 (DXFMT_ARGB_S23E8)
2001-01-01T00:28:46.319Z| vmx| I125:   cap[125]: 0x00000000 (DXFMT_A2R10G10B10)
2001-01-01T00:28:46.319Z| vmx| I125:   cap[126]: 0x00000000 (DXFMT_V8U8)
2001-01-01T00:28:46.319Z| vmx| I125:   cap[127]: 0x00000000 (DXFMT_Q8W8V8U8)
2001-01-01T00:28:46.319Z| vmx| I125:   cap[128]: 0x00000000 (DXFMT_CxV8U8)
2001-01-01T00:28:46.319Z| vmx| I125:   cap[129]: 0x00000000 (DXFMT_X8L8V8U8)
2001-01-01T00:28:46.319Z| vmx| I125:   cap[130]: 0x00000000 (DXFMT_A2W10V10U10)
2001-01-01T00:28:46.319Z| vmx| I125:   cap[131]: 0x00000000 (DXFMT_ALPHA8)
2001-01-01T00:28:46.319Z| vmx| I125:   cap[132]: 0x00000000 (DXFMT_R_S10E5)
2001-01-01T00:28:46.319Z| vmx| I125:   cap[133]: 0x00000000 (DXFMT_R_S23E8)
2001-01-01T00:28:46.319Z| vmx| I125:   cap[134]: 0x00000000 (DXFMT_RG_S10E5)
2001-01-01T00:28:46.319Z| vmx| I125:   cap[135]: 0x00000000 (DXFMT_RG_S23E8)
2001-01-01T00:28:46.319Z| vmx| I125:   cap[136]: 0x00000000 (DXFMT_BUFFER)
2001-01-01T00:28:46.319Z| vmx| I125:   cap[137]: 0x00000000 (DXFMT_Z_D24X8)
2001-01-01T00:28:46.319Z| vmx| I125:   cap[138]: 0x00000000 (DXFMT_V16U16)
2001-01-01T00:28:46.319Z| vmx| I125:   cap[139]: 0x00000000 (DXFMT_G16R16)
2001-01-01T00:28:46.319Z| vmx| I125:   cap[140]: 0x00000000 (DXFMT_A16B16G16R16)
2001-01-01T00:28:46.319Z| vmx| I125:   cap[141]: 0x00000000 (DXFMT_UYVY)
2001-01-01T00:28:46.319Z| vmx| I125:   cap[142]: 0x00000000 (DXFMT_YUY2)
2001-01-01T00:28:46.319Z| vmx| I125:   cap[143]: 0x00000000 (DXFMT_NV12)
2001-01-01T00:28:46.319Z| vmx| I125:   cap[144]: 0x00000000 (DXFMT_AYUV)
2001-01-01T00:28:46.319Z| vmx| I125:   cap[145]: 0x00000000 (DXFMT_R32G32B32A32_TYPELESS)
2001-01-01T00:28:46.319Z| vmx| I125:   cap[146]: 0x00000000 (DXFMT_R32G32B32A32_UINT)
2001-01-01T00:28:46.319Z| vmx| I125:   cap[147]: 0x00000000 (DXFMT_R32G32B32A32_SINT)
2001-01-01T00:28:46.319Z| vmx| I125:   cap[148]: 0x00000000 (DXFMT_R32G32B32_TYPELESS)
2001-01-01T00:28:46.319Z| vmx| I125:   cap[149]: 0x00000000 (DXFMT_R32G32B32_FLOAT)
2001-01-01T00:28:46.319Z| vmx| I125:   cap[150]: 0x00000000 (DXFMT_R32G32B32_UINT)
2001-01-01T00:28:46.319Z| vmx| I125:   cap[151]: 0x00000000 (DXFMT_R32G32B32_SINT)
2001-01-01T00:28:46.319Z| vmx| I125:   cap[152]: 0x00000000 (DXFMT_R16G16B16A16_TYPELESS)
2001-01-01T00:28:46.319Z| vmx| I125:   cap[153]: 0x00000000 (DXFMT_R16G16B16A16_UINT)
2001-01-01T00:28:46.319Z| vmx| I125:   cap[154]: 0x00000000 (DXFMT_R16G16B16A16_SNORM)
2001-01-01T00:28:46.319Z| vmx| I125:   cap[155]: 0x00000000 (DXFMT_R16G16B16A16_SINT)
2001-01-01T00:28:46.319Z| vmx| I125:   cap[156]: 0x00000000 (DXFMT_R32G32_TYPELESS)
2001-01-01T00:28:46.319Z| vmx| I125:   cap[157]: 0x00000000 (DXFMT_R32G32_UINT)
2001-01-01T00:28:46.319Z| vmx| I125:   cap[158]: 0x00000000 (DXFMT_R32G32_SINT)
2001-01-01T00:28:46.319Z| vmx| I125:   cap[159]: 0x00000000 (DXFMT_R32G8X24_TYPELESS)
2001-01-01T00:28:46.319Z| vmx| I125:   cap[160]: 0x00000000 (DXFMT_D32_FLOAT_S8X24_UINT)
2001-01-01T00:28:46.319Z| vmx| I125:   cap[161]: 0x00000000 (DXFMT_R32_FLOAT_X8X24_TYPELESS)
2001-01-01T00:28:46.319Z| vmx| I125:   cap[162]: 0x00000000 (DXFMT_X32_TYPELESS_G8X24_UINT)
2001-01-01T00:28:46.319Z| vmx| I125:   cap[163]: 0x00000000 (DXFMT_R10G10B10A2_TYPELESS)
2001-01-01T00:28:46.319Z| vmx| I125:   cap[164]: 0x00000000 (DXFMT_R10G10B10A2_UINT)
2001-01-01T00:28:46.319Z| vmx| I125:   cap[165]: 0x00000000 (DXFMT_R11G11B10_FLOAT)
2001-01-01T00:28:46.319Z| vmx| I125:   cap[166]: 0x00000000 (DXFMT_R8G8B8A8_TYPELESS)
2001-01-01T00:28:46.319Z| vmx| I125:   cap[167]: 0x00000000 (DXFMT_R8G8B8A8_UNORM)
2001-01-01T00:28:46.319Z| vmx| I125:   cap[168]: 0x00000000 (DXFMT_R8G8B8A8_UNORM_SRGB)
2001-01-01T00:28:46.319Z| vmx| I125:   cap[169]: 0x00000000 (DXFMT_R8G8B8A8_UINT)
2001-01-01T00:28:46.319Z| vmx| I125:   cap[170]: 0x00000000 (DXFMT_R8G8B8A8_SINT)
2001-01-01T00:28:46.319Z| vmx| I125:   cap[171]: 0x00000000 (DXFMT_R16G16_TYPELESS)
2001-01-01T00:28:46.319Z| vmx| I125:   cap[172]: 0x00000000 (DXFMT_R16G16_UINT)
2001-01-01T00:28:46.319Z| vmx| I125:   cap[173]: 0x00000000 (DXFMT_R16G16_SINT)
2001-01-01T00:28:46.319Z| vmx| I125:   cap[174]: 0x00000000 (DXFMT_R32_TYPELESS)
2001-01-01T00:28:46.319Z| vmx| I125:   cap[175]: 0x00000000 (DXFMT_D32_FLOAT)
2001-01-01T00:28:46.319Z| vmx| I125:   cap[176]: 0x00000000 (DXFMT_R32_UINT)
2001-01-01T00:28:46.319Z| vmx| I125:   cap[177]: 0x00000000 (DXFMT_R32_SINT)
2001-01-01T00:28:46.319Z| vmx| I125:   cap[178]: 0x00000000 (DXFMT_R24G8_TYPELESS)
2001-01-01T00:28:46.319Z| vmx| I125:   cap[179]: 0x00000000 (DXFMT_D24_UNORM_S8_UINT)
2001-01-01T00:28:46.319Z| vmx| I125:   cap[180]: 0x00000000 (DXFMT_R24_UNORM_X8_TYPELESS)
2001-01-01T00:28:46.319Z| vmx| I125:   cap[181]: 0x00000000 (DXFMT_X24_TYPELESS_G8_UINT)
2001-01-01T00:28:46.319Z| vmx| I125:   cap[182]: 0x00000000 (DXFMT_R8G8_TYPELESS)
2001-01-01T00:28:46.319Z| vmx| I125:   cap[183]: 0x00000000 (DXFMT_R8G8_UNORM)
2001-01-01T00:28:46.319Z| vmx| I125:   cap[184]: 0x00000000 (DXFMT_R8G8_UINT)
2001-01-01T00:28:46.319Z| vmx| I125:   cap[185]: 0x00000000 (DXFMT_R8G8_SINT)
2001-01-01T00:28:46.319Z| vmx| I125:   cap[186]: 0x00000000 (DXFMT_R16_TYPELESS)
2001-01-01T00:28:46.319Z| vmx| I125:   cap[187]: 0x00000000 (DXFMT_R16_UNORM)
2001-01-01T00:28:46.319Z| vmx| I125:   cap[188]: 0x00000000 (DXFMT_R16_UINT)
2001-01-01T00:28:46.320Z| vmx| I125:   cap[189]: 0x00000000 (DXFMT_R16_SNORM)
2001-01-01T00:28:46.320Z| vmx| I125:   cap[190]: 0x00000000 (DXFMT_R16_SINT)
2001-01-01T00:28:46.320Z| vmx| I125:   cap[191]: 0x00000000 (DXFMT_R8_TYPELESS)
2001-01-01T00:28:46.320Z| vmx| I125:   cap[192]: 0x00000000 (DXFMT_R8_UNORM)
2001-01-01T00:28:46.320Z| vmx| I125:   cap[193]: 0x00000000 (DXFMT_R8_UINT)
2001-01-01T00:28:46.320Z| vmx| I125:   cap[194]: 0x00000000 (DXFMT_R8_SNORM)
2001-01-01T00:28:46.320Z| vmx| I125:   cap[195]: 0x00000000 (DXFMT_R8_SINT)
2001-01-01T00:28:46.320Z| vmx| I125:   cap[196]: 0x00000000 (DXFMT_P8)
2001-01-01T00:28:46.320Z| vmx| I125:   cap[197]: 0x00000000 (DXFMT_R9G9B9E5_SHAREDEXP)
2001-01-01T00:28:46.320Z| vmx| I125:   cap[198]: 0x00000000 (DXFMT_R8G8_B8G8_UNORM)
2001-01-01T00:28:46.320Z| vmx| I125:   cap[199]: 0x00000000 (DXFMT_G8R8_G8B8_UNORM)
2001-01-01T00:28:46.320Z| vmx| I125:   cap[200]: 0x00000000 (DXFMT_BC1_TYPELESS)
2001-01-01T00:28:46.320Z| vmx| I125:   cap[201]: 0x00000000 (DXFMT_BC1_UNORM_SRGB)
2001-01-01T00:28:46.320Z| vmx| I125:   cap[202]: 0x00000000 (DXFMT_BC2_TYPELESS)
2001-01-01T00:28:46.320Z| vmx| I125:   cap[203]: 0x00000000 (DXFMT_BC2_UNORM_SRGB)
2001-01-01T00:28:46.320Z| vmx| I125:   cap[204]: 0x00000000 (DXFMT_BC3_TYPELESS)
2001-01-01T00:28:46.320Z| vmx| I125:   cap[205]: 0x00000000 (DXFMT_BC3_UNORM_SRGB)
2001-01-01T00:28:46.320Z| vmx| I125:   cap[206]: 0x00000000 (DXFMT_BC4_TYPELESS)
2001-01-01T00:28:46.320Z| vmx| I125:   cap[207]: 0x00000000 (DXFMT_ATI1)
2001-01-01T00:28:46.320Z| vmx| I125:   cap[208]: 0x00000000 (DXFMT_BC4_SNORM)
2001-01-01T00:28:46.320Z| vmx| I125:   cap[209]: 0x00000000 (DXFMT_BC5_TYPELESS)
2001-01-01T00:28:46.320Z| vmx| I125:   cap[210]: 0x00000000 (DXFMT_ATI2)
2001-01-01T00:28:46.320Z| vmx| I125:   cap[211]: 0x00000000 (DXFMT_BC5_SNORM)
2001-01-01T00:28:46.320Z| vmx| I125:   cap[212]: 0x00000000 (DXFMT_R10G10B10_XR_BIAS_A2_UNORM)
2001-01-01T00:28:46.320Z| vmx| I125:   cap[213]: 0x00000000 (DXFMT_B8G8R8A8_TYPELESS)
2001-01-01T00:28:46.320Z| vmx| I125:   cap[214]: 0x00000000 (DXFMT_B8G8R8A8_UNORM_SRGB)
2001-01-01T00:28:46.320Z| vmx| I125:   cap[215]: 0x00000000 (DXFMT_B8G8R8X8_TYPELESS)
2001-01-01T00:28:46.320Z| vmx| I125:   cap[216]: 0x00000000 (DXFMT_B8G8R8X8_UNORM_SRGB)
2001-01-01T00:28:46.320Z| vmx| I125:   cap[217]: 0x00000000 (DXFMT_Z_DF16)
2001-01-01T00:28:46.320Z| vmx| I125:   cap[218]: 0x00000000 (DXFMT_Z_DF24)
2001-01-01T00:28:46.320Z| vmx| I125:   cap[219]: 0x00000000 (DXFMT_Z_D24S8_INT)
2001-01-01T00:28:46.320Z| vmx| I125:   cap[220]: 0x00000000 (DXFMT_YV12)
2001-01-01T00:28:46.320Z| vmx| I125:   cap[221]: 0x00000000 (DXFMT_R32G32B32A32_FLOAT)
2001-01-01T00:28:46.320Z| vmx| I125:   cap[222]: 0x00000000 (DXFMT_R16G16B16A16_FLOAT)
2001-01-01T00:28:46.320Z| vmx| I125:   cap[223]: 0x00000000 (DXFMT_R16G16B16A16_UNORM)
2001-01-01T00:28:46.320Z| vmx| I125:   cap[224]: 0x00000000 (DXFMT_R32G32_FLOAT)
2001-01-01T00:28:46.320Z| vmx| I125:   cap[225]: 0x00000000 (DXFMT_R10G10B10A2_UNORM)
2001-01-01T00:28:46.320Z| vmx| I125:   cap[226]: 0x00000000 (DXFMT_R8G8B8A8_SNORM)
2001-01-01T00:28:46.320Z| vmx| I125:   cap[227]: 0x00000000 (DXFMT_R16G16_FLOAT)
2001-01-01T00:28:46.320Z| vmx| I125:   cap[228]: 0x00000000 (DXFMT_R16G16_UNORM)
2001-01-01T00:28:46.320Z| vmx| I125:   cap[229]: 0x00000000 (DXFMT_R16G16_SNORM)
2001-01-01T00:28:46.320Z| vmx| I125:   cap[230]: 0x00000000 (DXFMT_R32_FLOAT)
2001-01-01T00:28:46.320Z| vmx| I125:   cap[231]: 0x00000000 (DXFMT_R8G8_SNORM)
2001-01-01T00:28:46.320Z| vmx| I125:   cap[232]: 0x00000000 (DXFMT_R16_FLOAT)
2001-01-01T00:28:46.320Z| vmx| I125:   cap[233]: 0x00000000 (DXFMT_D16_UNORM)
2001-01-01T00:28:46.320Z| vmx| I125:   cap[234]: 0x00000000 (DXFMT_A8_UNORM)
2001-01-01T00:28:46.320Z| vmx| I125:   cap[235]: 0x00000000 (DXFMT_BC1_UNORM)
2001-01-01T00:28:46.320Z| vmx| I125:   cap[236]: 0x00000000 (DXFMT_BC2_UNORM)
2001-01-01T00:28:46.320Z| vmx| I125:   cap[237]: 0x00000000 (DXFMT_BC3_UNORM)
2001-01-01T00:28:46.320Z| vmx| I125:   cap[238]: 0x00000000 (DXFMT_B5G6R5_UNORM)
2001-01-01T00:28:46.320Z| vmx| I125:   cap[239]: 0x00000000 (DXFMT_B5G5R5A1_UNORM)
2001-01-01T00:28:46.320Z| vmx| I125:   cap[240]: 0x00000000 (DXFMT_B8G8R8A8_UNORM)
2001-01-01T00:28:46.320Z| vmx| I125:   cap[241]: 0x00000000 (DXFMT_B8G8R8X8_UNORM)
2001-01-01T00:28:46.320Z| vmx| I125:   cap[242]: 0x00000000 (DXFMT_BC4_UNORM)
2001-01-01T00:28:46.320Z| vmx| I125:   cap[243]: 0x00000000 (DXFMT_BC5_UNORM)
2001-01-01T00:28:46.320Z| vmx| I125:   cap[244]: 0x00000000 (ALLOW_D16_L16_COPY)
2001-01-01T00:28:46.320Z| vmx| I125:   cap[245]: 0x00000000 (LOGICOPS)
2001-01-01T00:28:46.320Z| vmx| I125:   cap[246]: 0x00000000 (SM4_1)
2001-01-01T00:28:46.320Z| vmx| I125: SVGA3dCaps: guest, compatibility level: 3
2001-01-01T00:28:46.320Z| svga| I125: VTHREAD 28952225536 "svga" wid 2099795
2001-01-01T00:28:46.321Z| vmx| A100: ConfigDB: Setting ethernet0.generatedAddress = "00:0c:29:4f:d8:74"
2001-01-01T00:28:46.321Z| vmx| A100: ConfigDB: Setting ethernet0.generatedAddressOffset = "0"
2001-01-01T00:28:46.321Z| vmx| I125: Ethernet0 MAC Address: 00:0c:29:4f:d8:74
2001-01-01T00:28:46.322Z| vmx| I125: VMXNET3 user: restricting vmxnet3 revision to 4 since the HW version is lower than 16.
2001-01-01T00:28:46.322Z| vmx| I125: VMXNET3 user: restricting vmxnet3 revision to 3 since the HW version is lower than 14.
2001-01-01T00:28:46.322Z| vmx| I125: VMXNET3 user: restricting vmxnet3 revision to 2 since the HW version is lower than 13.
2001-01-01T00:28:46.322Z| vmx| I125: VMXNET3 user: restricting vmxnet3 revision to 1 since the HW version is lower than 11.
2001-01-01T00:28:46.322Z| vmx| I125: Ethernet0 MAC Address: 00:0c:29:4f:d8:74
2001-01-01T00:28:46.322Z| vmx| I125: VMXNET3 user: Ethernet0 RSS fields requested by vmx: 3
2001-01-01T00:28:46.322Z| vmx| I125: VMXNET3 user: vmxnet3 link flap throttling disabled
2001-01-01T00:28:46.322Z| vmx| A100: ConfigDB: Setting vmci0.id = "156227700"
2001-01-01T00:28:46.323Z| vmx| I125: GuestLib Generated SessionId 15877980658046238584
2001-01-01T00:28:46.324Z| vmx| I125: WORKER: Creating new group with numThreads=1 (16)
2001-01-01T00:28:46.324Z| vmx| I125: DISKUTIL: scsi0:0 : max toolsVersion = 11296, type = 0
2001-01-01T00:28:46.324Z| vmx| I125: TOOLS setting legacy tools version to '11296' type 0, manifest status is 9
2001-01-01T00:28:46.324Z| vmx| I125: Tools: sending 'OS_PowerOn' (state = 3) state change request
2001-01-01T00:28:46.324Z| vmx| I125: Tools: Delaying state change request to state 3.
2001-01-01T00:28:46.324Z| vmx| I125: TOOLS INSTALL initializing state to IDLE on power on.
2001-01-01T00:28:46.324Z| vmx| I125: DEPLOYPKG: ToolsDeployPkgPublishState: state=0, code=0, message=(null)
2001-01-01T00:28:46.327Z| vmx| I125: FeatureCompat: No VM masks.
2001-01-01T00:28:46.327Z| vmx| I125: MonPmc: ctrBase 0xc1 selBase 0x186/1 PGC 1/1 SMM 1 drain 1 AMD 0
2001-01-01T00:28:46.327Z| vmx| I125+ MonPmc:   gen counters num: 4 width 48 write width 32
2001-01-01T00:28:46.327Z| vmx| I125+ MonPmc:   fix counters num: 3 width 48; version 3
2001-01-01T00:28:46.327Z| vmx| I125+ MonPmc:   unavailable counters: 0x200000000
2001-01-01T00:28:46.328Z| vmx| I125: CPUID Maximum Physical Address Bits supported across all CPUs: 40
2001-01-01T00:28:46.329Z| worker-2099787| I125: ToolsISO: Updated cached value for imageName to 'linux.iso'.
2001-01-01T00:28:46.329Z| worker-2099787| I125: ToolsISO: Selected Tools ISO 'linux.iso' for 'other3xlinux-64' guest.
2001-01-01T00:28:46.330Z| vmx| A100: ConfigDB: Setting monitor.phys_bits_used = "40"
2001-01-01T00:28:46.331Z| worker-2099787| I125: GetHostManifests: Extracting the manifest file.
2001-01-01T00:28:46.331Z| vmx| I125: Full guest CPUID with differences from hostCPUID highlighted.
2001-01-01T00:28:46.331Z| vmx| I125: guest vs. host CPUID guest vendor: GenuineIntel
2001-01-01T00:28:46.331Z| vmx| I125: guest vs. host CPUID guest family: 0x6 model: 0x2c stepping: 0x2
2001-01-01T00:28:46.331Z| vmx| I125: guest vs. host CPUID guest codename: Westmere EP
2001-01-01T00:28:46.331Z| vmx| I125: guest vs. host CPUID guest name: Intel(R) Xeon(R) CPU           X5650  @ 2.67GHz
2001-01-01T00:28:46.331Z| vmx| I125: guest vs. host CPUID       level eaxIn, ecxIn:        eax        ebx        ecx        edx
2001-01-01T00:28:46.331Z| vmx| I125: guest vs. host CPUID guest level 00000000,  0: 0x0000000b 0x756e6547 0x6c65746e 0x49656e69
2001-01-01T00:28:46.331Z| vmx| I125: guest vs. host CPUID guest level 00000001,  0: 0x000206c2 0x00010800 0x82b82203 0x0f8bfbff
2001-01-01T00:28:46.331Z| vmx| I125: guest vs. host CPUID *host level 00000001,  0: 0x000206c2 0x00200800 0x029ee3ff 0xbfebfbff
2001-01-01T00:28:46.331Z| vmx| I125: guest vs. host CPUID guest level 00000002,  0: 0x55035a01 0x00f0b2ff 0x00000000 0x00ca0000
2001-01-01T00:28:46.331Z| vmx| I125: guest vs. host CPUID guest level 00000003,  0: 0x00000000 0x00000000 0x00000000 0x00000000
2001-01-01T00:28:46.331Z| vmx| I125: guest vs. host CPUID guest level 00000004,  0: 0x00000121 0x01c0003f 0x0000003f 0x00000000
2001-01-01T00:28:46.331Z| vmx| I125: guest vs. host CPUID *host level 00000004,  0: 0x3c004121 0x01c0003f 0x0000003f 0x00000000
2001-01-01T00:28:46.331Z| vmx| I125: guest vs. host CPUID guest level 00000004,  1: 0x00000122 0x00c0003f 0x0000007f 0x00000000
2001-01-01T00:28:46.331Z| vmx| I125: guest vs. host CPUID *host level 00000004,  1: 0x3c004122 0x00c0003f 0x0000007f 0x00000000
2001-01-01T00:28:46.331Z| vmx| I125: guest vs. host CPUID guest level 00000004,  2: 0x00000143 0x01c0003f 0x000001ff 0x00000000
2001-01-01T00:28:46.331Z| vmx| I125: guest vs. host CPUID *host level 00000004,  2: 0x3c004143 0x01c0003f 0x000001ff 0x00000000
2001-01-01T00:28:46.331Z| vmx| I125: guest vs. host CPUID guest level 00000004,  3: 0x00000163 0x03c0003f 0x00002fff 0x00000002
2001-01-01T00:28:46.331Z| vmx| I125: guest vs. host CPUID *host level 00000004,  3: 0x3c07c163 0x03c0003f 0x00002fff 0x00000002
2001-01-01T00:28:46.331Z| vmx| I125: guest vs. host CPUID guest level 00000004,  4: 0x00000000 0x00000000 0x00000000 0x00000000
2001-01-01T00:28:46.331Z| vmx| I125: guest vs. host CPUID guest level 00000004,  5: 0x00000000 0x00000000 0x00000000 0x00000000
2001-01-01T00:28:46.331Z| vmx| I125: guest vs. host CPUID guest level 00000004,  6: 0x00000000 0x00000000 0x00000000 0x00000000
2001-01-01T00:28:46.331Z| vmx| I125: guest vs. host CPUID guest level 00000006,  0: 0x00000004 0x00000000 0x00000000 0x00000000
2001-01-01T00:28:46.331Z| vmx| I125: guest vs. host CPUID *host level 00000006,  0: 0x00000005 0x00000002 0x00000009 0x00000000
2001-01-01T00:28:46.331Z| vmx| I125: guest vs. host CPUID guest level 00000007,  0: 0x00000000 0x00000000 0x00000000 0xbc000000
2001-01-01T00:28:46.331Z| vmx| I125: guest vs. host CPUID *host level 00000007,  0: 0x00000000 0x00000000 0x00000000 0x9c000000
2001-01-01T00:28:46.331Z| vmx| I125: guest vs. host CPUID guest level 00000008,  0: 0x00000000 0x00000000 0x00000000 0x00000000
2001-01-01T00:28:46.331Z| vmx| I125: guest vs. host CPUID guest level 00000009,  0: 0x00000000 0x00000000 0x00000000 0x00000000
2001-01-01T00:28:46.331Z| vmx| I125: guest vs. host CPUID guest level 0000000a,  0: 0x07300401 0x000000ff 0x00000000 0x00000000
2001-01-01T00:28:46.331Z| vmx| I125: guest vs. host CPUID *host level 0000000a,  0: 0x07300403 0x00000004 0x00000000 0x00000603
2001-01-01T00:28:46.331Z| vmx| I125: guest vs. host CPUID guest level 0000000b,  0: 0x00000000 0x00000001 0x00000100 0x00000000
2001-01-01T00:28:46.331Z| vmx| I125: guest vs. host CPUID *host level 0000000b,  0: 0x00000001 0x00000002 0x00000100 0x00000000
2001-01-01T00:28:46.331Z| vmx| I125: guest vs. host CPUID guest level 0000000b,  1: 0x00000000 0x00000001 0x00000201 0x00000000
2001-01-01T00:28:46.331Z| vmx| I125: guest vs. host CPUID *host level 0000000b,  1: 0x00000005 0x0000000c 0x00000201 0x00000000
2001-01-01T00:28:46.331Z| vmx| I125: guest vs. host CPUID guest level 0000000c,  0: 0x00000000 0x00000000 0x00000000 0x00000000
2001-01-01T00:28:46.331Z| vmx| I125: guest vs. host CPUID guest level 0000000d,  0: 0x00000000 0x00000000 0x00000000 0x00000000
2001-01-01T00:28:46.331Z| vmx| I125: guest vs. host CPUID guest level 0000000d,  1: 0x00000000 0x00000000 0x00000000 0x00000000
2001-01-01T00:28:46.331Z| vmx| I125: guest vs. host CPUID guest level 0000000d,  2: 0x00000000 0x00000000 0x00000000 0x00000000
2001-01-01T00:28:46.331Z| vmx| I125: guest vs. host CPUID guest level 0000000d,  3: 0x00000000 0x00000000 0x00000000 0x00000000
2001-01-01T00:28:46.331Z| vmx| I125: guest vs. host CPUID guest level 0000000d,  4: 0x00000000 0x00000000 0x00000000 0x00000000
2001-01-01T00:28:46.331Z| vmx| I125: guest vs. host CPUID guest level 0000000d,  5: 0x00000000 0x00000000 0x00000000 0x00000000
2001-01-01T00:28:46.331Z| vmx| I125: guest vs. host CPUID guest level 0000000d,  6: 0x00000000 0x00000000 0x00000000 0x00000000
2001-01-01T00:28:46.331Z| vmx| I125: guest vs. host CPUID guest level 0000000d,  7: 0x00000000 0x00000000 0x00000000 0x00000000
2001-01-01T00:28:46.331Z| vmx| I125: guest vs. host CPUID guest level 0000000d,  8: 0x00000000 0x00000000 0x00000000 0x00000000
2001-01-01T00:28:46.331Z| vmx| I125: guest vs. host CPUID guest level 0000000d,  9: 0x00000000 0x00000000 0x00000000 0x00000000
2001-01-01T00:28:46.331Z| vmx| I125: guest vs. host CPUID guest level 0000000d,  a: 0x00000000 0x00000000 0x00000000 0x00000000
2001-01-01T00:28:46.331Z| vmx| I125: guest vs. host CPUID guest level 0000000d,  b: 0x00000000 0x00000000 0x00000000 0x00000000
2001-01-01T00:28:46.331Z| vmx| I125: guest vs. host CPUID guest level 0000000d,  c: 0x00000000 0x00000000 0x00000000 0x00000000
2001-01-01T00:28:46.331Z| vmx| I125: guest vs. host CPUID guest level 0000000d,  d: 0x00000000 0x00000000 0x00000000 0x00000000
2001-01-01T00:28:46.331Z| vmx| I125: guest vs. host CPUID guest level 0000000d,  e: 0x00000000 0x00000000 0x00000000 0x00000000
2001-01-01T00:28:46.331Z| vmx| I125: guest vs. host CPUID guest level 0000000d,  f: 0x00000000 0x00000000 0x00000000 0x00000000
2001-01-01T00:28:46.331Z| vmx| I125: guest vs. host CPUID guest level 0000000d, 10: 0x00000000 0x00000000 0x00000000 0x00000000
2001-01-01T00:28:46.331Z| vmx| I125: guest vs. host CPUID guest level 0000000d, 11: 0x00000000 0x00000000 0x00000000 0x00000000
2001-01-01T00:28:46.331Z| vmx| I125: guest vs. host CPUID guest level 0000000d, 12: 0x00000000 0x00000000 0x00000000 0x00000000
2001-01-01T00:28:46.331Z| vmx| I125: guest vs. host CPUID guest level 0000000d, 13: 0x00000000 0x00000000 0x00000000 0x00000000
2001-01-01T00:28:46.331Z| vmx| I125: guest vs. host CPUID guest level 0000000d, 14: 0x00000000 0x00000000 0x00000000 0x00000000
2001-01-01T00:28:46.331Z| vmx| I125: guest vs. host CPUID guest level 0000000d, 15: 0x00000000 0x00000000 0x00000000 0x00000000
2001-01-01T00:28:46.331Z| vmx| I125: guest vs. host CPUID guest level 0000000d, 16: 0x00000000 0x00000000 0x00000000 0x00000000
2001-01-01T00:28:46.331Z| vmx| I125: guest vs. host CPUID guest level 0000000d, 17: 0x00000000 0x00000000 0x00000000 0x00000000
2001-01-01T00:28:46.331Z| vmx| I125: guest vs. host CPUID guest level 0000000d, 18: 0x00000000 0x00000000 0x00000000 0x00000000
2001-01-01T00:28:46.331Z| vmx| I125: guest vs. host CPUID guest level 0000000d, 19: 0x00000000 0x00000000 0x00000000 0x00000000
2001-01-01T00:28:46.331Z| vmx| I125: guest vs. host CPUID guest level 0000000d, 1a: 0x00000000 0x00000000 0x00000000 0x00000000
2001-01-01T00:28:46.331Z| vmx| I125: guest vs. host CPUID guest level 0000000d, 1b: 0x00000000 0x00000000 0x00000000 0x00000000
2001-01-01T00:28:46.331Z| vmx| I125: guest vs. host CPUID guest level 0000000d, 1c: 0x00000000 0x00000000 0x00000000 0x00000000
2001-01-01T00:28:46.331Z| vmx| I125: guest vs. host CPUID guest level 0000000d, 1d: 0x00000000 0x00000000 0x00000000 0x00000000
2001-01-01T00:28:46.331Z| vmx| I125: guest vs. host CPUID guest level 0000000d, 1e: 0x00000000 0x00000000 0x00000000 0x00000000
2001-01-01T00:28:46.332Z| vmx| I125: guest vs. host CPUID guest level 0000000d, 1f: 0x00000000 0x00000000 0x00000000 0x00000000
2001-01-01T00:28:46.332Z| vmx| I125: guest vs. host CPUID guest level 0000000d, 20: 0x00000000 0x00000000 0x00000000 0x00000000
2001-01-01T00:28:46.332Z| vmx| I125: guest vs. host CPUID guest level 0000000d, 21: 0x00000000 0x00000000 0x00000000 0x00000000
2001-01-01T00:28:46.332Z| vmx| I125: guest vs. host CPUID guest level 0000000d, 22: 0x00000000 0x00000000 0x00000000 0x00000000
2001-01-01T00:28:46.332Z| vmx| I125: guest vs. host CPUID guest level 0000000d, 23: 0x00000000 0x00000000 0x00000000 0x00000000
2001-01-01T00:28:46.332Z| vmx| I125: guest vs. host CPUID guest level 0000000d, 24: 0x00000000 0x00000000 0x00000000 0x00000000
2001-01-01T00:28:46.332Z| vmx| I125: guest vs. host CPUID guest level 0000000d, 25: 0x00000000 0x00000000 0x00000000 0x00000000
2001-01-01T00:28:46.332Z| vmx| I125: guest vs. host CPUID guest level 0000000d, 26: 0x00000000 0x00000000 0x00000000 0x00000000
2001-01-01T00:28:46.332Z| vmx| I125: guest vs. host CPUID guest level 0000000d, 27: 0x00000000 0x00000000 0x00000000 0x00000000
2001-01-01T00:28:46.332Z| vmx| I125: guest vs. host CPUID guest level 0000000d, 28: 0x00000000 0x00000000 0x00000000 0x00000000
2001-01-01T00:28:46.332Z| vmx| I125: guest vs. host CPUID guest level 0000000d, 29: 0x00000000 0x00000000 0x00000000 0x00000000
2001-01-01T00:28:46.332Z| vmx| I125: guest vs. host CPUID guest level 0000000d, 2a: 0x00000000 0x00000000 0x00000000 0x00000000
2001-01-01T00:28:46.332Z| vmx| I125: guest vs. host CPUID guest level 0000000d, 2b: 0x00000000 0x00000000 0x00000000 0x00000000
2001-01-01T00:28:46.332Z| vmx| I125: guest vs. host CPUID guest level 0000000d, 2c: 0x00000000 0x00000000 0x00000000 0x00000000
2001-01-01T00:28:46.332Z| vmx| I125: guest vs. host CPUID guest level 0000000d, 2d: 0x00000000 0x00000000 0x00000000 0x00000000
2001-01-01T00:28:46.332Z| vmx| I125: guest vs. host CPUID guest level 0000000d, 2e: 0x00000000 0x00000000 0x00000000 0x00000000
2001-01-01T00:28:46.332Z| vmx| I125: guest vs. host CPUID guest level 0000000d, 2f: 0x00000000 0x00000000 0x00000000 0x00000000
2001-01-01T00:28:46.332Z| vmx| I125: guest vs. host CPUID guest level 0000000d, 30: 0x00000000 0x00000000 0x00000000 0x00000000
2001-01-01T00:28:46.332Z| vmx| I125: guest vs. host CPUID guest level 0000000d, 31: 0x00000000 0x00000000 0x00000000 0x00000000
2001-01-01T00:28:46.332Z| vmx| I125: guest vs. host CPUID guest level 0000000d, 32: 0x00000000 0x00000000 0x00000000 0x00000000
2001-01-01T00:28:46.332Z| vmx| I125: guest vs. host CPUID guest level 0000000d, 33: 0x00000000 0x00000000 0x00000000 0x00000000
2001-01-01T00:28:46.332Z| vmx| I125: guest vs. host CPUID guest level 0000000d, 34: 0x00000000 0x00000000 0x00000000 0x00000000
2001-01-01T00:28:46.332Z| vmx| I125: guest vs. host CPUID guest level 0000000d, 35: 0x00000000 0x00000000 0x00000000 0x00000000
2001-01-01T00:28:46.332Z| vmx| I125: guest vs. host CPUID guest level 0000000d, 36: 0x00000000 0x00000000 0x00000000 0x00000000
2001-01-01T00:28:46.332Z| vmx| I125: guest vs. host CPUID guest level 0000000d, 37: 0x00000000 0x00000000 0x00000000 0x00000000
2001-01-01T00:28:46.332Z| vmx| I125: guest vs. host CPUID guest level 0000000d, 38: 0x00000000 0x00000000 0x00000000 0x00000000
2001-01-01T00:28:46.332Z| vmx| I125: guest vs. host CPUID guest level 0000000d, 39: 0x00000000 0x00000000 0x00000000 0x00000000
2001-01-01T00:28:46.332Z| vmx| I125: guest vs. host CPUID guest level 0000000d, 3a: 0x00000000 0x00000000 0x00000000 0x00000000
2001-01-01T00:28:46.332Z| vmx| I125: guest vs. host CPUID guest level 0000000d, 3b: 0x00000000 0x00000000 0x00000000 0x00000000
2001-01-01T00:28:46.332Z| vmx| I125: guest vs. host CPUID guest level 0000000d, 3c: 0x00000000 0x00000000 0x00000000 0x00000000
2001-01-01T00:28:46.332Z| vmx| I125: guest vs. host CPUID guest level 0000000d, 3d: 0x00000000 0x00000000 0x00000000 0x00000000
2001-01-01T00:28:46.332Z| vmx| I125: guest vs. host CPUID guest level 0000000d, 3e: 0x00000000 0x00000000 0x00000000 0x00000000
2001-01-01T00:28:46.332Z| vmx| I125: guest vs. host CPUID guest level 0000000e,  0: 0x00000000 0x00000000 0x00000000 0x00000000
2001-01-01T00:28:46.332Z| vmx| I125: guest vs. host CPUID guest level 0000000f,  0: 0x00000000 0x00000000 0x00000000 0x00000000
2001-01-01T00:28:46.332Z| vmx| I125: guest vs. host CPUID guest level 0000000f,  1: 0x00000000 0x00000000 0x00000000 0x00000000
2001-01-01T00:28:46.332Z| vmx| I125: guest vs. host CPUID guest level 00000010,  0: 0x00000000 0x00000000 0x00000000 0x00000000
2001-01-01T00:28:46.332Z| vmx| I125: guest vs. host CPUID guest level 00000010,  1: 0x00000000 0x00000000 0x00000000 0x00000000
2001-01-01T00:28:46.332Z| vmx| I125: guest vs. host CPUID guest level 00000011,  0: 0x00000000 0x00000000 0x00000000 0x00000000
2001-01-01T00:28:46.332Z| vmx| I125: guest vs. host CPUID guest level 00000013,  0: 0x00000000 0x00000000 0x00000000 0x00000000
2001-01-01T00:28:46.332Z| vmx| I125: guest vs. host CPUID guest level 00000015,  0: 0x00000000 0x00000000 0x00000000 0x00000000
2001-01-01T00:28:46.332Z| vmx| I125: guest vs. host CPUID guest level 00000016,  0: 0x00000000 0x00000000 0x00000000 0x00000000
2001-01-01T00:28:46.332Z| vmx| I125: guest vs. host CPUID guest level 00000017,  0: 0x00000000 0x00000000 0x00000000 0x00000000
2001-01-01T00:28:46.332Z| vmx| I125: guest vs. host CPUID guest level 00000017,  1: 0x00000000 0x00000000 0x00000000 0x00000000
2001-01-01T00:28:46.332Z| vmx| I125: guest vs. host CPUID guest level 00000017,  2: 0x00000000 0x00000000 0x00000000 0x00000000
2001-01-01T00:28:46.332Z| vmx| I125: guest vs. host CPUID guest level 00000017,  3: 0x00000000 0x00000000 0x00000000 0x00000000
2001-01-01T00:28:46.332Z| vmx| I125: guest vs. host CPUID guest level 40000000,  0: 0x40000010 0x61774d56 0x4d566572 0x65726177
2001-01-01T00:28:46.332Z| vmx| I125: guest vs. host CPUID guest level 40000001,  0: 0x00000000 0x00000000 0x00000000 0x00000000
2001-01-01T00:28:46.332Z| vmx| I125: guest vs. host CPUID guest level 40000002,  0: 0x00000000 0x00000000 0x00000000 0x00000000
2001-01-01T00:28:46.332Z| vmx| I125: guest vs. host CPUID guest level 40000003,  0: 0x00000000 0x00000000 0x00000000 0x00000000
2001-01-01T00:28:46.332Z| vmx| I125: guest vs. host CPUID guest level 40000004,  0: 0x00000000 0x00000000 0x00000000 0x00000000
2001-01-01T00:28:46.332Z| vmx| I125: guest vs. host CPUID guest level 40000005,  0: 0x00000000 0x00000000 0x00000000 0x00000000
2001-01-01T00:28:46.332Z| vmx| I125: guest vs. host CPUID guest level 40000006,  0: 0x00000000 0x00000000 0x00000000 0x00000000
2001-01-01T00:28:46.332Z| vmx| I125: guest vs. host CPUID guest level 40000007,  0: 0x00000000 0x00000000 0x00000000 0x00000000
2001-01-01T00:28:46.332Z| vmx| I125: guest vs. host CPUID guest level 40000008,  0: 0x00000000 0x00000000 0x00000000 0x00000000
2001-01-01T00:28:46.332Z| vmx| I125: guest vs. host CPUID guest level 40000009,  0: 0x00000000 0x00000000 0x00000000 0x00000000
2001-01-01T00:28:46.332Z| vmx| I125: guest vs. host CPUID guest level 4000000a,  0: 0x00000000 0x00000000 0x00000000 0x00000000
2001-01-01T00:28:46.332Z| vmx| I125: guest vs. host CPUID guest level 4000000b,  0: 0x00000000 0x00000000 0x00000000 0x00000000
2001-01-01T00:28:46.332Z| vmx| I125: guest vs. host CPUID guest level 4000000c,  0: 0x00000000 0x00000000 0x00000000 0x00000000
2001-01-01T00:28:46.332Z| vmx| I125: guest vs. host CPUID guest level 4000000d,  0: 0x00000000 0x00000000 0x00000000 0x00000000
2001-01-01T00:28:46.332Z| vmx| I125: guest vs. host CPUID guest level 4000000e,  0: 0x00000000 0x00000000 0x00000000 0x00000000
2001-01-01T00:28:46.332Z| vmx| I125: guest vs. host CPUID guest level 4000000f,  0: 0x00000000 0x00000000 0x00000000 0x00000000
2001-01-01T00:28:46.332Z| vmx| I125: guest vs. host CPUID guest level 40000010,  0: 0x0028b109 0x000101d0 0x00000000 0x00000000
2001-01-01T00:28:46.332Z| vmx| I125: guest vs. host CPUID guest level 80000000,  0: 0x80000008 0x00000000 0x00000000 0x00000000
2001-01-01T00:28:46.332Z| vmx| I125: guest vs. host CPUID guest level 80000001,  0: 0x00000000 0x00000000 0x00000001 0x28100800
2001-01-01T00:28:46.332Z| vmx| I125: guest vs. host CPUID *host level 80000001,  0: 0x00000000 0x00000000 0x00000001 0x2c100800
2001-01-01T00:28:46.332Z| vmx| I125: guest vs. host CPUID guest level 80000002,  0: 0x65746e49 0x2952286c 0x6f655820 0x2952286e
2001-01-01T00:28:46.332Z| vmx| I125: guest vs. host CPUID guest level 80000003,  0: 0x55504320 0x20202020 0x20202020 0x58202020
2001-01-01T00:28:46.332Z| vmx| I125: guest vs. host CPUID guest level 80000004,  0: 0x30353635 0x20402020 0x37362e32 0x007a4847
2001-01-01T00:28:46.332Z| vmx| I125: guest vs. host CPUID guest level 80000005,  0: 0x00000000 0x00000000 0x00000000 0x00000000
2001-01-01T00:28:46.332Z| vmx| I125: guest vs. host CPUID guest level 80000006,  0: 0x00000000 0x00000000 0x01006040 0x00000000
2001-01-01T00:28:46.332Z| vmx| I125: guest vs. host CPUID guest level 80000007,  0: 0x00000000 0x00000000 0x00000000 0x00000100
2001-01-01T00:28:46.332Z| vmx| I125: guest vs. host CPUID guest level 80000008,  0: 0x00003028 0x00000000 0x00000000 0x00000000
2001-01-01T00:28:46.332Z| vmx| I125: guest vs. host CPUID guest level 80000009,  0: 0x00000000 0x00000000 0x00000000 0x00000000
2001-01-01T00:28:46.332Z| vmx| I125: guest vs. host CPUID guest level 8000000b,  0: 0x00000000 0x00000000 0x00000000 0x00000000
2001-01-01T00:28:46.332Z| vmx| I125: guest vs. host CPUID guest level 8000000c,  0: 0x00000000 0x00000000 0x00000000 0x00000000
2001-01-01T00:28:46.332Z| vmx| I125: guest vs. host CPUID guest level 8000000d,  0: 0x00000000 0x00000000 0x00000000 0x00000000
2001-01-01T00:28:46.332Z| vmx| I125: guest vs. host CPUID guest level 8000000e,  0: 0x00000000 0x00000000 0x00000000 0x00000000
2001-01-01T00:28:46.332Z| vmx| I125: guest vs. host CPUID guest level 8000000f,  0: 0x00000000 0x00000000 0x00000000 0x00000000
2001-01-01T00:28:46.332Z| vmx| I125: guest vs. host CPUID guest level 80000010,  0: 0x00000000 0x00000000 0x00000000 0x00000000
2001-01-01T00:28:46.332Z| vmx| I125: guest vs. host CPUID guest level 80000011,  0: 0x00000000 0x00000000 0x00000000 0x00000000
2001-01-01T00:28:46.332Z| vmx| I125: guest vs. host CPUID guest level 80000012,  0: 0x00000000 0x00000000 0x00000000 0x00000000
2001-01-01T00:28:46.332Z| vmx| I125: guest vs. host CPUID guest level 80000013,  0: 0x00000000 0x00000000 0x00000000 0x00000000
2001-01-01T00:28:46.332Z| vmx| I125: guest vs. host CPUID guest level 80000014,  0: 0x00000000 0x00000000 0x00000000 0x00000000
2001-01-01T00:28:46.332Z| vmx| I125: guest vs. host CPUID guest level 80000015,  0: 0x00000000 0x00000000 0x00000000 0x00000000
2001-01-01T00:28:46.332Z| vmx| I125: guest vs. host CPUID guest level 80000016,  0: 0x00000000 0x00000000 0x00000000 0x00000000
2001-01-01T00:28:46.332Z| vmx| I125: guest vs. host CPUID guest level 80000017,  0: 0x00000000 0x00000000 0x00000000 0x00000000
2001-01-01T00:28:46.332Z| vmx| I125: guest vs. host CPUID guest level 80000018,  0: 0x00000000 0x00000000 0x00000000 0x00000000
2001-01-01T00:28:46.332Z| vmx| I125: guest vs. host CPUID guest level 80000019,  0: 0x00000000 0x00000000 0x00000000 0x00000000
2001-01-01T00:28:46.332Z| vmx| I125: guest vs. host CPUID guest level 8000001a,  0: 0x00000000 0x00000000 0x00000000 0x00000000
2001-01-01T00:28:46.332Z| vmx| I125: guest vs. host CPUID guest level 8000001b,  0: 0x00000000 0x00000000 0x00000000 0x00000000
2001-01-01T00:28:46.332Z| vmx| I125: guest vs. host CPUID guest level 8000001c,  0: 0x00000000 0x00000000 0x00000000 0x00000000
2001-01-01T00:28:46.332Z| vmx| I125: guest vs. host CPUID guest level 8000001d,  0: 0x00000000 0x00000000 0x00000000 0x00000000
2001-01-01T00:28:46.332Z| vmx| I125: guest vs. host CPUID guest level 8000001d,  1: 0x00000000 0x00000000 0x00000000 0x00000000
2001-01-01T00:28:46.332Z| vmx| I125: guest vs. host CPUID guest level 8000001d,  2: 0x00000000 0x00000000 0x00000000 0x00000000
2001-01-01T00:28:46.332Z| vmx| I125: guest vs. host CPUID guest level 8000001d,  3: 0x00000000 0x00000000 0x00000000 0x00000000
2001-01-01T00:28:46.332Z| vmx| I125: guest vs. host CPUID guest level 8000001d,  4: 0x00000000 0x00000000 0x00000000 0x00000000
2001-01-01T00:28:46.332Z| vmx| I125: guest vs. host CPUID guest level 8000001e,  0: 0x00000000 0x00000000 0x00000000 0x00000000
2001-01-01T00:28:46.332Z| vmx| I125: guest vs. host CPUID guest level 8000001f,  0: 0x00000000 0x00000000 0x00000000 0x00000000
2001-01-01T00:28:46.332Z| vmx| I125: Minimum ucode level: 0x0000001f
2001-01-01T00:28:46.333Z| vmx| I125: VPMC: events will use hybrid freeze.
2001-01-01T00:28:46.333Z| vmx| I125: VPMC: gen counters: num 4 mask 0xffffffffffff
2001-01-01T00:28:46.333Z| vmx| I125: VPMC: fix counters: num 0 mask 0; version 1
2001-01-01T00:28:46.333Z| vmx| I125: VPMC: hardware counters: 0
2001-01-01T00:28:46.333Z| vmx| I125: VPMC: perf capabilities: 0x2000
2001-01-01T00:28:46.333Z| vmx| I125: MemSched (MB): min: 8 sizeLimit: 1024 swapInitialFileSize: 82 prealloc: FALSE.
2001-01-01T00:28:46.333Z| vmx| I125: SVGA-GFB: Allocated gfbSize=4194304
2001-01-01T00:28:46.333Z| vmx| A100: ConfigDB: Setting vmotion.checkpointFBSize = "4194304"
2001-01-01T00:28:46.334Z| vmx| I125: SVGA-PCI: BAR gfbSize=67108864, fifoSize=8388608
2001-01-01T00:28:46.334Z| vmx| I125: SVGA: SVGA_REG_MEMORY_SIZE=171966464
2001-01-01T00:28:46.334Z| vmx| I125: SVGA: SVGA_REG_VRAM_SIZE=4194304
2001-01-01T00:28:46.334Z| vmx| I125: BusMemSampleSetUpStats: touched: initPct 75 pages 2359296 : dirtied: initPct 75 pages 2359296
2001-01-01T00:28:46.334Z| vmx| I125: FeatureCompat: Capabilities:
2001-01-01T00:28:46.334Z| vmx| I125: Capability Found: cpuid.Intel = 0x1
2001-01-01T00:28:46.334Z| vmx| I125: Capability Found: cpuid.FCMD = 0x1
2001-01-01T00:28:46.335Z| vmx| I125: Capability Found: cpuid.PDPE1GB = 0x1
2001-01-01T00:28:46.335Z| vmx| I125: Capability Found: vpmc.fixctr.0 = 0x1
2001-01-01T00:28:46.335Z| vmx| I125: Capability Found: cpuid.LM = 0x1
2001-01-01T00:28:46.335Z| vmx| I125: Capability Found: cpuid.XCR0_MASTER_BNDCSR = 0x1
2001-01-01T00:28:46.335Z| vmx| I125: Capability Found: cpuid.MWAIT = 0x1
2001-01-01T00:28:46.335Z| vmx| I125: Capability Found: vpmc.numGenCtrs = 0x4
2001-01-01T00:28:46.335Z| vmx| I125: Capability Found: vpmc.fixedWidth = 0x30
2001-01-01T00:28:46.335Z| vmx| I125: Capability Found: cpuid.VMX = 0x1
2001-01-01T00:28:46.335Z| vmx| I125: Capability Found: vpmc.genWidth = 0x30
2001-01-01T00:28:46.335Z| vmx| I125: Capability Found: vpmc.version = 0x3
2001-01-01T00:28:46.335Z| vmx| I125: Capability Found: vpmc.fixctr.2 = 0x1
2001-01-01T00:28:46.335Z| vmx| I125: Capability Found: cpuid.PCID = 0x1
2001-01-01T00:28:46.335Z| vmx| I125: Capability Found: cpuid.SSBD = 0x1
2001-01-01T00:28:46.335Z| vmx| I125: Capability Found: vpmc.genctr.2 = 0x1
2001-01-01T00:28:46.335Z| vmx| I125: Capability Found: cpuid.SSSE3 = 0x1
2001-01-01T00:28:46.335Z| vmx| I125: Capability Found: cpuid.SSE3 = 0x1
2001-01-01T00:28:46.335Z| vmx| I125: Capability Found: cpuid.NX = 0x1
2001-01-01T00:28:46.335Z| vmx| I125: Capability Found: cpuid.SSE41 = 0x1
2001-01-01T00:28:46.335Z| vmx| I125: Capability Found: cpuid.AES = 0x1
2001-01-01T00:28:46.335Z| vmx| I125: Capability Found: cpuid.STIBP = 0x1
2001-01-01T00:28:46.335Z| vmx| I125: Capability Found: cpuid.PCLMULQDQ = 0x1
2001-01-01T00:28:46.335Z| vmx| I125: Capability Found: cpuid.SS = 0x1
2001-01-01T00:28:46.335Z| vmx| I125: Capability Found: cpuid.POPCNT = 0x1
2001-01-01T00:28:46.335Z| vmx| I125: Capability Found: vpmc.genctr.3 = 0x1
2001-01-01T00:28:46.335Z| vmx| I125: Capability Found: vt.realmode = 0x1
2001-01-01T00:28:46.335Z| vmx| I125: Capability Found: vt.ple = 0x1
2001-01-01T00:28:46.335Z| vmx| I125: Capability Found: cpuid.DS = 0x1
2001-01-01T00:28:46.335Z| vmx| I125: Capability Found: vpmc.genctr.0 = 0x1
2001-01-01T00:28:46.335Z| vmx| I125: Capability Found: cpuid.XCR0_MASTER_BNDREGS = 0x1
2001-01-01T00:28:46.335Z| vmx| I125: Capability Found: cpuid.RDTSCP = 0x1
2001-01-01T00:28:46.335Z| vmx| I125: Capability Found: cpuid.LAHF64 = 0x1
2001-01-01T00:28:46.335Z| vmx| I125: Capability Found: cpuid.IBPB = 0x1
2001-01-01T00:28:46.335Z| vmx| I125: Capability Found: hv.capable = 0x1
2001-01-01T00:28:46.335Z| vmx| I125: Capability Found: cpuid.CMPXCHG16B = 0x1
2001-01-01T00:28:46.335Z| vmx| I125: Capability Found: vpmc.numFixedCtrs = 0x3
2001-01-01T00:28:46.335Z| vmx| I125: Capability Found: vpmc.genctr.1 = 0x1
2001-01-01T00:28:46.335Z| vmx| I125: Capability Found: cpuid.SSE42 = 0x1
2001-01-01T00:28:46.335Z| vmx| I125: Capability Found: vpmc.microarchitecture.nehalem-0 = 0x1
2001-01-01T00:28:46.335Z| vmx| I125: Capability Found: cpuid.IBRS = 0x1
2001-01-01T00:28:46.335Z| vmx| I125: FeatureCompat: Requirements:
2001-01-01T00:28:46.335Z| vmx| I125: VM Features Required: cpuid.SSE3 - Bool:Min:1
2001-01-01T00:28:46.335Z| vmx| I125: VM Features Required: cpuid.PCLMULQDQ - Bool:Min:1
2001-01-01T00:28:46.335Z| vmx| I125: VM Features Required: cpuid.SSSE3 - Bool:Min:1
2001-01-01T00:28:46.335Z| vmx| I125: VM Features Required: cpuid.CMPXCHG16B - Bool:Min:1
2001-01-01T00:28:46.335Z| vmx| I125: VM Features Required: cpuid.SSE41 - Bool:Min:1
2001-01-01T00:28:46.335Z| vmx| I125: VM Features Required: cpuid.SSE42 - Bool:Min:1
2001-01-01T00:28:46.335Z| vmx| I125: VM Features Required: cpuid.POPCNT - Bool:Min:1
2001-01-01T00:28:46.335Z| vmx| I125: VM Features Required: cpuid.AES - Bool:Min:1
2001-01-01T00:28:46.335Z| vmx| I125: VM Features Required: cpuid.SS - Bool:Min:1
2001-01-01T00:28:46.335Z| vmx| I125: VM Features Required: cpuid.STIBP - Bool:Min:1
2001-01-01T00:28:46.335Z| vmx| I125: VM Features Required: cpuid.FCMD - Bool:Min:1
2001-01-01T00:28:46.335Z| vmx| I125: VM Features Required: cpuid.SSBD - Bool:Min:1
2001-01-01T00:28:46.335Z| vmx| I125: VM Features Required: cpuid.LAHF64 - Bool:Min:1
2001-01-01T00:28:46.335Z| vmx| I125: VM Features Required: cpuid.NX - Bool:Min:1
2001-01-01T00:28:46.335Z| vmx| I125: VM Features Required: cpuid.RDTSCP - Bool:Min:1
2001-01-01T00:28:46.335Z| vmx| I125: VM Features Required: cpuid.LM - Bool:Min:1
2001-01-01T00:28:46.335Z| vmx| I125: VM Features Required: cpuid.Intel - Bool:Min:1
2001-01-01T00:28:46.335Z| vmx| I125: VM Features Required: cpuid.IBRS - Bool:Min:1
2001-01-01T00:28:46.335Z| vmx| I125: VM Features Required: cpuid.IBPB - Bool:Min:1
2001-01-01T00:28:46.335Z| vmx| I125: Active HV capabilities
2001-01-01T00:28:46.335Z| vmx| I125:    Address space identifiers
2001-01-01T00:28:46.335Z| vmx| I125:    Effective PAT
2001-01-01T00:28:46.335Z| vmx| I125:    Flush by ASID
2001-01-01T00:28:46.335Z| vmx| I125:    Full decode
2001-01-01T00:28:46.335Z| vmx| I125:    MSR permission bitmap
2001-01-01T00:28:46.335Z| vmx| I125:    Next RIP
2001-01-01T00:28:46.335Z| vmx| I125:    Guest physical width
2001-01-01T00:28:46.335Z| vmx| I125:    Real-address mode
2001-01-01T00:28:46.335Z| vmx| I125:    Skip debug state
2001-01-01T00:28:46.335Z| vmx| I125:    Virtual NMI
2001-01-01T00:28:46.335Z| vmx| I125:    X2APIC virtualization
2001-01-01T00:28:46.335Z| vmx| I125:    INVEPT single-context
2001-01-01T00:28:46.335Z| vmx| I125:    PAUSE-loop exiting
2001-01-01T00:28:46.335Z| vmx| I125: 
2001-01-01T00:28:46.335Z| vmx| I125+ OvhdMem: Static (Power On) Overheads
2001-01-01T00:28:46.335Z| vmx| I125:                                                       reserved      |          used
2001-01-01T00:28:46.335Z| vmx| I125: OvhdMem excluded                                  cur    max    avg |    cur    max    avg
2001-01-01T00:28:46.335Z| vmx| I125: OvhdMem OvhdUser_MainMem                    :  3145728 3145728      - | 3145728 3145728      -
2001-01-01T00:28:46.335Z| vmx| I125: OvhdMem OvhdUser_VmxText                    :    7168   7168      - |      0      0      -
2001-01-01T00:28:46.335Z| vmx| I125: OvhdMem OvhdUser_VmxTextLibs                :   15360  15360      - |      0      0      -
2001-01-01T00:28:46.335Z| vmx| I125: OvhdMem Total excluded                      :  3168256 3168256      - |      -      -      -
2001-01-01T00:28:46.335Z| vmx| I125: OvhdMem Actual maximum                      :         3168256        |             -
2001-01-01T00:28:46.335Z| vmx| I125+ 
2001-01-01T00:28:46.335Z| vmx| I125:                                                       reserved      |          used
2001-01-01T00:28:46.335Z| vmx| I125: OvhdMem paged                                     cur    max    avg |    cur    max    avg
2001-01-01T00:28:46.335Z| vmx| I125: OvhdMem OvhdUser_KSTATS_vmm                 :       0      0      - |      0      0      -
2001-01-01T00:28:46.335Z| vmx| I125: OvhdMem OvhdUser_STATS_vmm                  :       4      4      - |      0      0      -
2001-01-01T00:28:46.335Z| vmx| I125: OvhdMem OvhdUser_KSTATS_device              :       0      0      - |      0      0      -
2001-01-01T00:28:46.335Z| vmx| I125: OvhdMem OvhdUser_STATS_device               :       2      2      - |      0      0      -
2001-01-01T00:28:46.335Z| vmx| I125: OvhdMem OvhdUser_KSTATS_migrate             :       0      0      - |      0      0      -
2001-01-01T00:28:46.335Z| vmx| I125: OvhdMem OvhdUser_IOFiltersMalloc            :       0      0      - |      0      0      -
2001-01-01T00:28:46.335Z| vmx| I125: OvhdMem OvhdUser_DiskLibMemUsed             :    3075   3075      - |      0      0      -
2001-01-01T00:28:46.335Z| vmx| I125: OvhdMem OvhdUser_SvgaSurfaceTable           :       0      0      - |      0      0      -
2001-01-01T00:28:46.335Z| vmx| I125: OvhdMem OvhdUser_SvgaBESurfaceTable         :       0      0      - |      0      0      -
2001-01-01T00:28:46.335Z| vmx| I125: OvhdMem OvhdUser_SvgaHBTables               :       0      0      - |      0      0      -
2001-01-01T00:28:46.335Z| vmx| I125: OvhdMem OvhdUser_SvgaHBMobListTable         :       0      0      - |      0      0      -
2001-01-01T00:28:46.335Z| vmx| I125: OvhdMem OvhdUser_SvgaHBShaderTable          :       0      0      - |      0      0      -
2001-01-01T00:28:46.335Z| vmx| I125: OvhdMem OvhdUser_SvgaRestoreBufferArray     :       0      0      - |      0      0      -
2001-01-01T00:28:46.335Z| vmx| I125: OvhdMem OvhdUser_SvgaSDirtyCache            :      48     48      - |      0      0      -
2001-01-01T00:28:46.335Z| vmx| I125: OvhdMem OvhdUser_SvgaShaderTable            :       0      0      - |      0      0      -
2001-01-01T00:28:46.335Z| vmx| I125: OvhdMem OvhdUser_SvgaShaderText             :       0      0      - |      0      0      -
2001-01-01T00:28:46.335Z| vmx| I125: OvhdMem OvhdUser_SvgaContextCache           :       0      0      - |      0      0      -
2001-01-01T00:28:46.335Z| vmx| I125: OvhdMem OvhdUser_SvgaMobCache               :     264    264      - |     24     24      -
2001-01-01T00:28:46.335Z| vmx| I125: OvhdMem OvhdUser_SvgaDXRTViewTable          :       0      0      - |      0      0      -
2001-01-01T00:28:46.335Z| vmx| I125: OvhdMem OvhdUser_SvgaDXDSViewTable          :       0      0      - |      0      0      -
2001-01-01T00:28:46.335Z| vmx| I125: OvhdMem OvhdUser_SvgaDXSRViewTable          :       0      0      - |      0      0      -
2001-01-01T00:28:46.335Z| vmx| I125: OvhdMem OvhdUser_SvgaDXBlendStateTable      :       0      0      - |      0      0      -
2001-01-01T00:28:46.335Z| vmx| I125: OvhdMem OvhdUser_SvgaDXElementLayoutTable   :       0      0      - |      0      0      -
2001-01-01T00:28:46.335Z| vmx| I125: OvhdMem OvhdUser_SvgaDXDepthStencilTable    :       0      0      - |      0      0      -
2001-01-01T00:28:46.335Z| vmx| I125: OvhdMem OvhdUser_SvgaDXRasterizerStateTable :       0      0      - |      0      0      -
2001-01-01T00:28:46.335Z| vmx| I125: OvhdMem OvhdUser_SvgaDXSamplerTable         :       0      0      - |      0      0      -
2001-01-01T00:28:46.335Z| vmx| I125: OvhdMem OvhdUser_SvgaDXContextTable         :       0      0      - |      0      0      -
2001-01-01T00:28:46.335Z| vmx| I125: OvhdMem OvhdUser_SvgaDXShaderTable          :       0      0      - |      0      0      -
2001-01-01T00:28:46.335Z| vmx| I125: OvhdMem OvhdUser_SvgaDXShaderText           :       0      0      - |      0      0      -
2001-01-01T00:28:46.335Z| vmx| I125: OvhdMem OvhdUser_SvgaDXStreamOutTable       :       0      0      - |      0      0      -
2001-01-01T00:28:46.335Z| vmx| I125: OvhdMem OvhdUser_SvgaDXQueryTable           :       0      0      - |      0      0      -
2001-01-01T00:28:46.335Z| vmx| I125: OvhdMem OvhdUser_SvgaVAProcessorTable       :       0      0      - |      0      0      -
2001-01-01T00:28:46.335Z| vmx| I125: OvhdMem OvhdUser_SvgaVADecoderTable         :       0      0      - |      0      0      -
2001-01-01T00:28:46.335Z| vmx| I125: OvhdMem OvhdUser_VmxAllocTrack              :       0      0      - |      0      0      -
2001-01-01T00:28:46.335Z| vmx| I125: OvhdMem OvhdUser_VmxASAN                    :       0      0      - |      0      0      -
2001-01-01T00:28:46.335Z| vmx| I125: OvhdMem OvhdUser_VmxCallStackProf           :       0      0      - |      0      0      -
2001-01-01T00:28:46.335Z| vmx| I125: OvhdMem OvhdUser_VmxGlobals                 :    1216   1216      - |      0      0      -
2001-01-01T00:28:46.335Z| vmx| I125: OvhdMem OvhdUser_VmxGlobalsLibs             :    3584   3584      - |      0      0      -
2001-01-01T00:28:46.335Z| vmx| I125: OvhdMem OvhdUser_VmxHeap                    :    8704   8704      - |      0      0      -
2001-01-01T00:28:46.335Z| vmx| I125: OvhdMem OvhdUser_VmxHeapFreeList            :       0      0      - |      0      0      -
2001-01-01T00:28:46.335Z| vmx| I125: OvhdMem OvhdUser_VmxMks                     :      33     33      - |      0      0      -
2001-01-01T00:28:46.335Z| vmx| I125: OvhdMem OvhdUser_VmxMksRenderOps            :      16     16      - |      0      0      -
2001-01-01T00:28:46.335Z| vmx| I125: OvhdMem OvhdUser_VmxMks3d                   :       0      0      - |      0      0      -
2001-01-01T00:28:46.335Z| vmx| I125: OvhdMem OvhdUser_VmxMksHBMobs               :       0      0      - |      0      0      -
2001-01-01T00:28:46.335Z| vmx| I125: OvhdMem OvhdUser_VmxMksGLRenderer           :       0      0      - |      0      0      -
2001-01-01T00:28:46.335Z| vmx| I125: OvhdMem OvhdUser_VmxMksGLTransient          :       0      0      - |      0      0      -
2001-01-01T00:28:46.336Z| vmx| I125: OvhdMem OvhdUser_VmxMksLLVM                 :       0      0      - |      0      0      -
2001-01-01T00:28:46.336Z| vmx| I125: OvhdMem OvhdUser_VmxMksScreenTemp           :    5378   5378      - |      0      0      -
2001-01-01T00:28:46.336Z| vmx| I125: OvhdMem OvhdUser_VmxMksVnc                  :    2682   2682      - |      0      0      -
2001-01-01T00:28:46.336Z| vmx| I125: OvhdMem OvhdUser_VmxMksScreen               :    2051   2051      - |      0      0      -
2001-01-01T00:28:46.336Z| vmx| I125: OvhdMem OvhdUser_VmxMksSVGAVO               :    4096   4096      - |      0      0      -
2001-01-01T00:28:46.336Z| vmx| I125: OvhdMem OvhdUser_VmxMksVMVA                 :       0      0      - |      0      0      -
2001-01-01T00:28:46.336Z| vmx| I125: OvhdMem OvhdUser_VmxPhysMemRingBuf          :       0      0      - |      0      0      -
2001-01-01T00:28:46.336Z| vmx| I125: OvhdMem OvhdUser_VmxPhysMemErrPages         :      10     10      - |      0      0      -
2001-01-01T00:28:46.336Z| vmx| I125: OvhdMem OvhdUser_VmxFTCptOutputBuf          :       0      0      - |      0      0      -
2001-01-01T00:28:46.336Z| vmx| I125: OvhdMem OvhdUser_VmxSLEntryBuf              :     128    128      - |      0      0      -
2001-01-01T00:28:46.336Z| vmx| I125: OvhdMem OvhdUser_VmxThreads                 :   18944  18944      - |      0      0      -
2001-01-01T00:28:46.336Z| vmx| I125: OvhdMem Total paged                         :   50235  50235      - |     24     24      -
2001-01-01T00:28:46.336Z| vmx| I125: OvhdMem Actual maximum                      :          50235        |            24
2001-01-01T00:28:46.336Z| vmx| I125+ 
2001-01-01T00:28:46.336Z| vmx| I125:                                                       reserved      |          used
2001-01-01T00:28:46.336Z| vmx| I125: OvhdMem nonpaged                                  cur    max    avg |    cur    max    avg
2001-01-01T00:28:46.336Z| vmx| I125: OvhdMem OvhdUser_SharedArea                 :      98     98      - |     59     59      -
2001-01-01T00:28:46.336Z| vmx| I125: OvhdMem OvhdUser_BusMemTraceBitmap          :      99     99      - |      0      0      -
2001-01-01T00:28:46.336Z| vmx| I125: OvhdMem OvhdUser_PFrame                     :       0      0      - |      0      0      -
2001-01-01T00:28:46.336Z| vmx| I125: OvhdMem OvhdUser_VProbe                     :       0      0      - |      0      0      -
2001-01-01T00:28:46.336Z| vmx| I125: OvhdMem OvhdUser_VIDE_KSEG                  :      16     16      - |     16     16      -
2001-01-01T00:28:46.336Z| vmx| I125: OvhdMem OvhdUser_VGA                        :      64     64      - |     64     64      -
2001-01-01T00:28:46.336Z| vmx| I125: OvhdMem OvhdUser_BalloonMPN                 :       1      1      - |      1      1      -
2001-01-01T00:28:46.336Z| vmx| I125: OvhdMem OvhdUser_P2MUpdateBuffer            :       0      0      - |      0      0      -
2001-01-01T00:28:46.336Z| vmx| I125: OvhdMem OvhdUser_ServicesMPN                :       0      0      - |      0      0      -
2001-01-01T00:28:46.336Z| vmx| I125: OvhdMem OvhdUser_LocalApic                  :       2      2      - |      2      2      -
2001-01-01T00:28:46.336Z| vmx| I125: OvhdMem OvhdUser_BusError                   :       1      1      - |      1      1      -
2001-01-01T00:28:46.336Z| vmx| I125: OvhdMem OvhdUser_VBIOS                      :       8      8      - |      8      8      -
2001-01-01T00:28:46.336Z| vmx| I125: OvhdMem OvhdUser_VnicGuest                  :      16     16      - |     16     16      -
2001-01-01T00:28:46.336Z| vmx| I125: OvhdMem OvhdUser_VnicMmap                   :       1      1      - |      1      1      -
2001-01-01T00:28:46.336Z| vmx| I125: OvhdMem OvhdUser_TestDev                    :       0      0      - |      0      0      -
2001-01-01T00:28:46.336Z| vmx| I125: OvhdMem OvhdUser_LSIBIOS                    :       8      8      - |      8      8      -
2001-01-01T00:28:46.336Z| vmx| I125: OvhdMem OvhdUser_LSIRings                   :       8      8      - |      0      0      -
2001-01-01T00:28:46.336Z| vmx| I125: OvhdMem OvhdUser_PCIPBIOS                   :       0      0      - |      0      0      -
2001-01-01T00:28:46.336Z| vmx| I125: OvhdMem OvhdUser_PVSCSIBIOS                 :       0      0      - |      0      0      -
2001-01-01T00:28:46.336Z| vmx| I125: OvhdMem OvhdUser_PVSCSIKickReg              :       0      0      - |      0      0      -
2001-01-01T00:28:46.336Z| vmx| I125: OvhdMem OvhdUser_SAS1068BIOS                :       8      8      - |      0      0      -
2001-01-01T00:28:46.336Z| vmx| I125: OvhdMem OvhdUser_SBIOS                      :      16     16      - |      0      0      -
2001-01-01T00:28:46.336Z| vmx| I125: OvhdMem OvhdUser_AHCIBIOS                   :       0      0      - |      0      0      -
2001-01-01T00:28:46.336Z| vmx| I125: OvhdMem OvhdUser_NVMEBIOS                   :       0      0      - |      0      0      -
2001-01-01T00:28:46.336Z| vmx| I125: OvhdMem OvhdUser_FlashRam                   :     128    128      - |    128    128      -
2001-01-01T00:28:46.336Z| vmx| I125: OvhdMem OvhdUser_IOFiltersMMap              :       0      0      - |      0      0      -
2001-01-01T00:28:46.336Z| vmx| I125: OvhdMem OvhdUser_IOFiltersGlobal            :       0      0      - |      0      0      -
2001-01-01T00:28:46.336Z| vmx| I125: OvhdMem OvhdUser_SMM                        :       0      0      - |      0      0      -
2001-01-01T00:28:46.336Z| vmx| I125: OvhdMem OvhdUser_SVGAFB                     :    1024   1024      - |   1024   1024      -
2001-01-01T00:28:46.336Z| vmx| I125: OvhdMem OvhdUser_SVGAMEM                    :      64    512      - |     64     64      -
2001-01-01T00:28:46.336Z| vmx| I125: OvhdMem OvhdUser_HDAudioReg                 :       3      3      - |      0      0      -
2001-01-01T00:28:46.336Z| vmx| I125: OvhdMem OvhdUser_EHCIRegister               :       1      1      - |      0      0      -
2001-01-01T00:28:46.336Z| vmx| I125: OvhdMem OvhdUser_XhciRegister               :       1      1      - |      0      0      -
2001-01-01T00:28:46.336Z| vmx| I125: OvhdMem OvhdUser_PhysMemDebug               :       0      0      - |      0      0      -
2001-01-01T00:28:46.336Z| vmx| I125: OvhdMem OvhdUser_HyperV                     :       2      2      - |      0      0      -
2001-01-01T00:28:46.336Z| vmx| I125: OvhdMem OvhdUser_ExtCfg                     :       3      3      - |      3      3      -
2001-01-01T00:28:46.336Z| vmx| I125: OvhdMem OvhdUser_HV                         :       8      8      - |      0      0      -
2001-01-01T00:28:46.336Z| vmx| I125: OvhdMem OvhdUser_HVIOBitmap                 :       3      3      - |      0      0      -
2001-01-01T00:28:46.336Z| vmx| I125: OvhdMem OvhdUser_HVMSRBitmap                :       2      2      - |      1      1      -
2001-01-01T00:28:46.336Z| vmx| I125: OvhdMem OvhdUser_VHVGuestMSRBitmap          :       2      2      - |      0      0      -
2001-01-01T00:28:46.336Z| vmx| I125: OvhdMem OvhdUser_vhvCachedVMCS              :       2      2      - |      0      0      -
2001-01-01T00:28:46.336Z| vmx| I125: OvhdMem OvhdUser_vhvNestedAPIC              :       2      2      - |      0      0      -
2001-01-01T00:28:46.336Z| vmx| I125: OvhdMem OvhdUser_PCIP                       :       0      0      - |      0      0      -
2001-01-01T00:28:46.336Z| vmx| I125: OvhdMem OvhdUser_MigrateCpt                 :       0      0      - |      0      0      -
2001-01-01T00:28:46.336Z| vmx| I125: OvhdMem OvhdUser_MonBootstrap               :       0      0      - |      0      0      -
2001-01-01T00:28:46.336Z| vmx| I125: OvhdMem OvhdUser_MonWired                   :       0      0      - |      0      0      -
2001-01-01T00:28:46.336Z| vmx| I125: OvhdMem OvhdUser_MonLow                     :       0      0      - |      0      0      -
2001-01-01T00:28:46.336Z| vmx| I125: OvhdMem OvhdUser_MonWiredNuma               :      34     34      - |      2      2      -
2001-01-01T00:28:46.336Z| vmx| I125: OvhdMem OvhdUser_MonNuma                    :     276    276      - |    241    241      -
2001-01-01T00:28:46.336Z| vmx| I125: OvhdMem OvhdUser_MonOther                   :      78     78      - |      0      0      -
2001-01-01T00:28:46.336Z| vmx| I125: OvhdMem OvhdUser_FTCpt                      :       0      0      - |      0      0      -
2001-01-01T00:28:46.336Z| vmx| I125: OvhdMem OvhdUser_NVDC                       :       1      1      - |      0      0      -
2001-01-01T00:28:46.336Z| vmx| I125: OvhdMem OvhdUser_NVDIMM                     :       0      0      - |      0      0      -
2001-01-01T00:28:46.336Z| vmx| I125: OvhdMem OvhdUser_EPC                        :       0      0      - |      0      0      -
2001-01-01T00:28:46.336Z| vmx| I125: OvhdMem Total nonpaged                      :    1980   2428      - |   1639   1639      -
2001-01-01T00:28:46.336Z| vmx| I125: OvhdMem Actual maximum                      :           2428        |          1639
2001-01-01T00:28:46.336Z| vmx| I125+ 
2001-01-01T00:28:46.336Z| vmx| I125:                                                       reserved      |          used
2001-01-01T00:28:46.336Z| vmx| I125: OvhdMem anonymous                                 cur    max    avg |    cur    max    avg
2001-01-01T00:28:46.336Z| vmx| I125: OvhdMem OvhdMon_Alloc                       :     158    158      - |      0      0      -
2001-01-01T00:28:46.336Z| vmx| I125: OvhdMem OvhdMon_BusMemFrame                 :    3138   3146      - |      0      0      -
2001-01-01T00:28:46.336Z| vmx| I125: OvhdMem OvhdMon_BusMem2MInfo                :      48     48      - |      0      0      -
2001-01-01T00:28:46.336Z| vmx| I125: OvhdMem OvhdMon_BusMem1GInfo                :       1      1      - |      0      0      -
2001-01-01T00:28:46.336Z| vmx| I125: OvhdMem OvhdMon_BusMemZapListMPN            :       1      1      - |      0      0      -
2001-01-01T00:28:46.336Z| vmx| I125: OvhdMem OvhdMon_MonAS                       :       4      4      - |      0      0      -
2001-01-01T00:28:46.336Z| vmx| I125: OvhdMem OvhdMon_GuestMem                    :      48     48      - |      0      0      -
2001-01-01T00:28:46.336Z| vmx| I125: OvhdMem OvhdMon_TC                          :    1026   1026      - |      0      0      -
2001-01-01T00:28:46.336Z| vmx| I125: OvhdMem OvhdMon_Island                      :       8      8      - |      0      0      -
2001-01-01T00:28:46.336Z| vmx| I125: OvhdMem OvhdMon_BusMemMonAS                 :       8      8      - |      0      0      -
2001-01-01T00:28:46.336Z| vmx| I125: OvhdMem OvhdMon_PlatformMonAS               :       0      0      - |      0      0      -
2001-01-01T00:28:46.336Z| vmx| I125: OvhdMem OvhdMon_HVNuma                      :       6      6      - |      0      0      -
2001-01-01T00:28:46.336Z| vmx| I125: OvhdMem OvhdMon_HV                          :       2      2      - |      0      0      -
2001-01-01T00:28:46.336Z| vmx| I125: OvhdMem OvhdMon_VHV                         :       6      6      - |      0      0      -
2001-01-01T00:28:46.336Z| vmx| I125: OvhdMem OvhdMon_VNPTShadow                  :       0      0      - |      0      0      -
2001-01-01T00:28:46.336Z| vmx| I125: OvhdMem OvhdMon_VNPTShadowCache             :       0      0      - |      0      0      -
2001-01-01T00:28:46.336Z| vmx| I125: OvhdMem OvhdMon_VNPTBackmap                 :       0      0      - |      0      0      -
2001-01-01T00:28:46.336Z| vmx| I125: OvhdMem OvhdMon_SVMIDT                      :       2      2      - |      0      0      -
2001-01-01T00:28:46.336Z| vmx| I125: OvhdMem OvhdMon_CallStackProfAnon           :       0      0      - |      0      0      -
2001-01-01T00:28:46.336Z| vmx| I125: OvhdMem OvhdMon_Numa                        :      32     32      - |      0      0      -
2001-01-01T00:28:46.336Z| vmx| I125: OvhdMem OvhdMon_NumaTextRodata              :     196    196      - |      0      0      -
2001-01-01T00:28:46.336Z| vmx| I125: OvhdMem OvhdMon_NumaDataBss                 :      80     80      - |      0      0      -
2001-01-01T00:28:46.336Z| vmx| I125: OvhdMem OvhdMon_NumaLargeData               :       0      0      - |      0      0      -
2001-01-01T00:28:46.336Z| vmx| I125: OvhdMem OvhdMon_WiredNuma                   :      34     34      - |      0      0      -
2001-01-01T00:28:46.336Z| vmx| I125: OvhdMem OvhdMon_Bootstrap                   :       3      3      - |      0      0      -
2001-01-01T00:28:46.336Z| vmx| I125: OvhdMem OvhdMon_GPhysTraced                 :    1262   1262      - |      0      0      -
2001-01-01T00:28:46.336Z| vmx| I125: OvhdMem OvhdMon_GPhysHWMMU                  :    6329   6329      - |      0      0      -
2001-01-01T00:28:46.336Z| vmx| I125: OvhdMem OvhdMon_GPhysGIM                    :       0      0      - |      0      0      -
2001-01-01T00:28:46.336Z| vmx| I125: OvhdMem OvhdMon_GPhysNoTrace                :     315    315      - |      0      0      -
2001-01-01T00:28:46.336Z| vmx| I125: OvhdMem OvhdMon_PhysMemGart                 :      88     88      - |      0      0      -
2001-01-01T00:28:46.336Z| vmx| I125: OvhdMem OvhdMon_PhysMemErr                  :       7      7      - |      0      0      -
2001-01-01T00:28:46.336Z| vmx| I125: OvhdMem OvhdMon_TraceALot                   :       0      0      - |      0      0      -
2001-01-01T00:28:46.336Z| vmx| I125: OvhdMem OvhdMon_VIDE                        :       4      4      - |      0      0      -
2001-01-01T00:28:46.336Z| vmx| I125: OvhdMem OvhdMon_VMXNETWake                  :       0      0      - |      0      0      -
2001-01-01T00:28:46.336Z| vmx| I125: OvhdMem OvhdMon_BusLogic                    :       4      4      - |      0      0      -
2001-01-01T00:28:46.336Z| vmx| I125: OvhdMem OvhdMon_Ahci                        :       0      0      - |      0      0      -
2001-01-01T00:28:46.336Z| vmx| I125: OvhdMem OvhdMon_Nvme                        :       0      0      - |      0      0      -
2001-01-01T00:28:46.336Z| vmx| I125: OvhdMem OvhdMon_NVMERings                   :       0      0      - |      0      0      -
2001-01-01T00:28:46.336Z| vmx| I125: OvhdMem OvhdMon_PVSCSIShadowRing            :       0      0      - |      0      0      -
2001-01-01T00:28:46.336Z| vmx| I125: OvhdMem OvhdMon_LSIRings                    :      16     16      - |      0      0      -
2001-01-01T00:28:46.336Z| vmx| I125: OvhdMem OvhdMon_FTCptMonAS                  :       0      0      - |      0      0      -
2001-01-01T00:28:46.336Z| vmx| I125: OvhdMem OvhdMon_Hba                         :       2      2      - |      0      0      -
2001-01-01T00:28:46.336Z| vmx| I125: OvhdMem OvhdMon_VProbe                      :       1      1      - |      0      0      -
2001-01-01T00:28:46.336Z| vmx| I125: OvhdMem OvhdMon_PT                          :       0      0      - |      0      0      -
2001-01-01T00:28:46.336Z| vmx| I125: OvhdMem Total anonymous                     :   12829  12837      - |      0      0      -
2001-01-01T00:28:46.336Z| vmx| I125: OvhdMem Actual maximum                      :          12837        |             0
2001-01-01T00:28:46.336Z| vmx| I125+ 
2001-01-01T00:28:46.336Z| vmx| I125: OvhdMem: memsize 12288 MB VMK fixed 3462 pages var(mem) 529 pages var(cpu) 8 cbrcOverhead 0 pages total 9830 pages
2001-01-01T00:28:46.336Z| vmx| I125: VMMEM: Precise Reservation: 254MB (MainMem=12288MB) VMK=38MB
2001-01-01T00:28:46.336Z| vmx| I125: Vix: [mainDispatch.c:1067]: VMAutomation_PowerOn. Powering on.
2001-01-01T00:28:46.336Z| vmx| I125: VMX_PowerOn: ModuleTable_PowerOn = 1
2001-01-01T00:28:46.336Z| vmx| A100: ConfigDB: Setting cleanShutdown = "FALSE"
2001-01-01T00:28:46.336Z| vmx| A100: ConfigDB: Setting softPowerOff = "FALSE"
2001-01-01T00:28:46.337Z| vcpu-0| I125: VTHREAD 28960204544 "vcpu-0" wid 2099796
2001-01-01T00:28:46.337Z| vcpu-0| I125: VMMon_Start: vcpu-0: worldID=2099772
2001-01-01T00:28:46.338Z| vcpu-0| I125: MonTimer APIC:1/0 vec: 239
2001-01-01T00:28:46.338Z| vcpu-0| I125: APIC: version = 0x15, max LVT = 6, LDR = 0x80000000, DFR = 0xffffffff
2001-01-01T00:28:46.338Z| svga| I125: SVGA thread is alive
2001-01-01T00:28:46.338Z| vcpu-0| I125: LSI:Initialize adapter scsi0
2001-01-01T00:28:46.338Z| vcpu-0| I125: LSI:Initialize adapter scsi1
2001-01-01T00:28:46.339Z| vcpu-0| I125: CPU reset: hard (mode 0)
2001-01-01T00:28:46.341Z| vcpu-1| I125: VTHREAD 28962436864 "vcpu-1" wid 2099799
2001-01-01T00:28:46.341Z| vcpu-1| I125: VMMon_Start: vcpu-1: worldID=2099776
2001-01-01T00:28:46.341Z| vcpu-1| I125: MonTimer APIC:1/0 vec: 239
2001-01-01T00:28:46.341Z| vcpu-1| I125: APIC: version = 0x15, max LVT = 6, LDR = 0x80000000, DFR = 0xffffffff
2001-01-01T00:28:46.341Z| vcpu-1| I125: CPU reset: hard (mode 0)
2001-01-01T00:28:46.343Z| vcpu-1| I125: Intel VT: FlexPriority disabled.
2001-01-01T00:28:46.343Z| vcpu-1| I125: Intel VT: VPID enabled.
2001-01-01T00:28:46.343Z| vcpu-0| I125: GuestRpc: Successfully created RPCI listening socket.
2001-01-01T00:28:46.343Z| vcpu-0| I125: GuestRpc: Using vsocket for TCLO messaging is disabled.
2001-01-01T00:28:46.343Z| vcpu-0| I125: memoryHotplug: Node 0: Present: 12287 MB (100 %) Size:196607 MB (100 %)
2001-01-01T00:28:46.343Z| vcpu-0| I125: PIIX4: PM Resuming from suspend type 0x0, chipset.onlineStandby 1
2001-01-01T00:28:46.343Z| vcpu-0| A100: ConfigDB: Unsetting "sensor.accelerometer"
2001-01-01T00:28:46.343Z| vcpu-0| A100: ConfigDB: Unsetting "sensor.ambientLight"
2001-01-01T00:28:46.343Z| vcpu-0| A100: ConfigDB: Unsetting "sensor.compass"
2001-01-01T00:28:46.343Z| vcpu-0| A100: ConfigDB: Unsetting "sensor.gyrometer"
2001-01-01T00:28:46.344Z| vcpu-0| A100: ConfigDB: Unsetting "sensor.inclinometer"
2001-01-01T00:28:46.344Z| vcpu-0| A100: ConfigDB: Unsetting "sensor.orientation"
2001-01-01T00:28:46.344Z| vcpu-1| I125: Intel VT enabled.
2001-01-01T00:28:46.346Z| vcpu-0| I125: Vix: [mainDispatch.c:4239]: VMAutomation_ReportPowerOpFinished: statevar=0, newAppState=1872, success=1 additionalError=0
2001-01-01T00:28:46.346Z| vcpu-0| I125: Vix: [mainDispatch.c:4156]: VMAutomationReportPowerStateChange: Reporting power state change (opcode=0, err=0).
2001-01-01T00:28:46.346Z| vcpu-0| I125: Vix: [mainDispatch.c:4156]: VMAutomationReportPowerStateChange: Reporting power state change (opcode=2, err=0).
2001-01-01T00:28:46.346Z| vcpu-0| I125: Transitioned vmx/execState/val to poweredOn
2001-01-01T00:28:46.346Z| vcpu-0| I125: SCSIFilterSBDAttachCBRC: device scsi1:0 is not SBD. Skipping CBRC attach SBD way.
2001-01-01T00:28:46.346Z| vcpu-0| I125: SCSIFilterSBDAttachCBRC: device scsi0:15 is not SBD. Skipping CBRC attach SBD way.
2001-01-01T00:28:46.346Z| vcpu-0| I125: SCSIFilterSBDAttachCBRC: device scsi0:14 is not SBD. Skipping CBRC attach SBD way.
2001-01-01T00:28:46.346Z| vcpu-0| I125: SCSIFilterSBDAttachCBRC: device scsi0:13 is not SBD. Skipping CBRC attach SBD way.
2001-01-01T00:28:46.346Z| vcpu-0| I125: SCSIFilterSBDAttachCBRC: device scsi0:12 is not SBD. Skipping CBRC attach SBD way.
2001-01-01T00:28:46.346Z| vcpu-0| I125: SCSIFilterSBDAttachCBRC: device scsi0:11 is not SBD. Skipping CBRC attach SBD way.
2001-01-01T00:28:46.346Z| vcpu-0| I125: SCSIFilterSBDAttachCBRC: device scsi0:10 is not SBD. Skipping CBRC attach SBD way.
2001-01-01T00:28:46.346Z| vcpu-0| I125: SCSIFilterSBDAttachCBRC: device scsi0:9 is not SBD. Skipping CBRC attach SBD way.
2001-01-01T00:28:46.346Z| vcpu-0| I125: SCSIFilterSBDAttachCBRC: device scsi0:8 is not SBD. Skipping CBRC attach SBD way.
2001-01-01T00:28:46.346Z| vcpu-0| I125: SCSIFilterSBDAttachCBRC: device scsi0:6 is not SBD. Skipping CBRC attach SBD way.
2001-01-01T00:28:46.346Z| vcpu-0| I125: SCSIFilterSBDAttachCBRC: device scsi0:5 is not SBD. Skipping CBRC attach SBD way.
2001-01-01T00:28:46.346Z| vcpu-0| I125: SCSIFilterSBDAttachCBRC: device scsi0:4 is not SBD. Skipping CBRC attach SBD way.
2001-01-01T00:28:46.346Z| vcpu-0| I125: SCSIFilterSBDAttachCBRC: device scsi0:3 is not SBD. Skipping CBRC attach SBD way.
2001-01-01T00:28:46.346Z| vcpu-0| I125: SCSIFilterSBDAttachCBRC: device scsi0:2 is not SBD. Skipping CBRC attach SBD way.
2001-01-01T00:28:46.346Z| vcpu-0| I125: SCSIFilterSBDAttachCBRC: device scsi0:1 is not SBD. Skipping CBRC attach SBD way.
2001-01-01T00:28:46.346Z| vcpu-0| I125: SCSIFilterSBDAttachCBRC: device scsi0:0 is not SBD. Skipping CBRC attach SBD way.
2001-01-01T00:28:46.346Z| vcpu-0| I125: Tools: Adding Tools inactivity timer.
2001-01-01T00:28:46.347Z| vcpu-0| I125: Intel VT: FlexPriority disabled.
2001-01-01T00:28:46.347Z| vcpu-0| I125: Intel VT: VPID enabled.
2001-01-01T00:28:46.348Z| vcpu-0| I125: Intel VT enabled.
2001-01-01T00:28:46.349Z| worker-2099787| I125: GetHostManifests: Done extracting the manifest file.
2001-01-01T00:28:46.353Z| worker-2099787| I125: ToolsVersion: Status is supported new because this is status of monolithic version, and hgfsmounter and 59 more components are missing from the guest.
2001-01-01T00:28:46.353Z| worker-2099787| I125: ToolsVersionGetStatusWorkerThread: Tools status 4 derived from environment
2001-01-01T00:28:46.353Z| vmx| I125: TOOLS refreshing value for isoImageExists (refreshCount=1, lastCount=0).
2001-01-01T00:28:46.353Z| vmx| I125: ToolsISO: Refreshing imageName for 'other3xlinux-64' (refreshCount=1, lastCount=1).
2001-01-01T00:28:46.357Z| vmx| I125: ToolsISO: Updated cached value for imageName to 'linux.iso'.
2001-01-01T00:28:46.357Z| vmx| I125: ToolsISO: Selected Tools ISO 'linux.iso' for 'other3xlinux-64' guest.
2001-01-01T00:28:46.357Z| vmx| I125: TOOLS updated cached value for isoImageExists to 1.
2001-01-01T00:28:46.357Z| vmx| I125: VMXVmdb_SetToolsVersionStatus: status value set to 'ok', 'supportedNew', install possible
2001-01-01T00:28:46.360Z| vcpu-0| I125: MemSched (MB): min: 7 sizeLimit: 1024 swapInitialFileSize: 82 prealloc: FALSE.
2001-01-01T00:28:46.360Z| vcpu-0| I125: MemSched (MB): min: 7 sizeLimit: 1024 swapInitialFileSize: 82 prealloc: FALSE.
2001-01-01T00:28:46.450Z| vcpu-0| I125: Ethernet0 MAC Address: 00:0c:29:4f:d8:74
2001-01-01T00:28:46.450Z| vcpu-0| I125: VMXNET3 user: Ethernet0 RSS fields requested by vmx: 3
2001-01-01T00:28:46.586Z| vcpu-0| I125: SVGA: Registering MemSpace at 0xec000000(0x0) and 0xfe000000(0x0)
2001-01-01T00:28:46.591Z| vcpu-0| I125: SVGA: Unregistering MemSpace at 0xec000000(0xec000000) and 0xfe000000(0xfe000000)
2001-01-01T00:28:46.626Z| vmx| I125: VigorTransportProcessClientPayload: opID=eea19814 seq=156: Receiving HotPlugManager.BeginBatch request.
2001-01-01T00:28:46.626Z| vmx| I125: VigorTransport_ServerSendResponse opID=eea19814 seq=156: Completed HotPlugManager request.
2001-01-01T00:28:46.628Z| vmx| I125: VigorTransportProcessClientPayload: opID=eea19814 seq=160: Receiving ConfigParams.SetVolatileEntry request.
2001-01-01T00:28:46.629Z| vmx| I125: VigorTransport_ServerSendResponse opID=eea19814 seq=160: Completed ConfigParams request.
2001-01-01T00:28:46.630Z| vmx| I125: VigorTransportProcessClientPayload: opID=eea19814 seq=164: Receiving HotPlugManager.EndBatch request.
2001-01-01T00:28:46.630Z| vmx| I125: VigorTransport_ServerSendResponse opID=eea19814 seq=164: Completed HotPlugManager request.
2001-01-01T00:28:46.737Z| vcpu-0| I125: SVGA: Registering MemSpace at 0xec000000(0xec000000) and 0xfe000000(0xfe000000)
2001-01-01T00:28:46.746Z| vcpu-0| I125: SVGA: Unregistering MemSpace at 0xec000000(0xec000000) and 0xfe000000(0xfe000000)
2001-01-01T00:28:46.747Z| vcpu-0| I125: SVGA: Registering IOSpace at 0x1070
2001-01-01T00:28:46.747Z| vcpu-0| I125: SVGA: Registering MemSpace at 0xec000000(0xec000000) and 0xfe000000(0xfe000000)
2001-01-01T00:28:46.752Z| vcpu-0| I125: PCIBridge4: ISA/VGA decoding enabled (ctrl 0004)
2001-01-01T00:28:46.754Z| vcpu-0| I125: pciBridge4:1: ISA/VGA decoding enabled (ctrl 0004)
2001-01-01T00:28:46.755Z| vcpu-0| I125: pciBridge4:2: ISA/VGA decoding enabled (ctrl 0004)
2001-01-01T00:28:46.756Z| vcpu-0| I125: pciBridge4:3: ISA/VGA decoding enabled (ctrl 0004)
2001-01-01T00:28:46.758Z| vcpu-0| I125: pciBridge4:4: ISA/VGA decoding enabled (ctrl 0004)
2001-01-01T00:28:46.759Z| vcpu-0| I125: pciBridge4:5: ISA/VGA decoding enabled (ctrl 0004)
2001-01-01T00:28:46.760Z| vcpu-0| I125: pciBridge4:6: ISA/VGA decoding enabled (ctrl 0004)
2001-01-01T00:28:46.762Z| vcpu-0| I125: pciBridge4:7: ISA/VGA decoding enabled (ctrl 0004)
2001-01-01T00:28:46.763Z| vcpu-0| I125: PCIBridge5: ISA/VGA decoding enabled (ctrl 0004)
2001-01-01T00:28:46.764Z| vcpu-0| I125: pciBridge5:1: ISA/VGA decoding enabled (ctrl 0004)
2001-01-01T00:28:46.766Z| vcpu-0| I125: pciBridge5:2: ISA/VGA decoding enabled (ctrl 0004)
2001-01-01T00:28:46.767Z| vcpu-0| I125: pciBridge5:3: ISA/VGA decoding enabled (ctrl 0004)
2001-01-01T00:28:46.768Z| vcpu-0| I125: pciBridge5:4: ISA/VGA decoding enabled (ctrl 0004)
2001-01-01T00:28:46.769Z| vcpu-0| I125: pciBridge5:5: ISA/VGA decoding enabled (ctrl 0004)
2001-01-01T00:28:46.771Z| vcpu-0| I125: pciBridge5:6: ISA/VGA decoding enabled (ctrl 0004)
2001-01-01T00:28:46.772Z| vcpu-0| I125: pciBridge5:7: ISA/VGA decoding enabled (ctrl 0004)
2001-01-01T00:28:46.773Z| vcpu-0| I125: PCIBridge6: ISA/VGA decoding enabled (ctrl 0004)
2001-01-01T00:28:46.775Z| vcpu-0| I125: pciBridge6:1: ISA/VGA decoding enabled (ctrl 0004)
2001-01-01T00:28:46.776Z| vcpu-0| I125: pciBridge6:2: ISA/VGA decoding enabled (ctrl 0004)
2001-01-01T00:28:46.777Z| vcpu-0| I125: pciBridge6:3: ISA/VGA decoding enabled (ctrl 0004)
2001-01-01T00:28:46.779Z| vcpu-0| I125: pciBridge6:4: ISA/VGA decoding enabled (ctrl 0004)
2001-01-01T00:28:46.780Z| vcpu-0| I125: pciBridge6:5: ISA/VGA decoding enabled (ctrl 0004)
2001-01-01T00:28:46.781Z| vcpu-0| I125: pciBridge6:6: ISA/VGA decoding enabled (ctrl 0004)
2001-01-01T00:28:46.783Z| vcpu-0| I125: pciBridge6:7: ISA/VGA decoding enabled (ctrl 0004)
2001-01-01T00:28:46.784Z| vcpu-0| I125: PCIBridge7: ISA/VGA decoding enabled (ctrl 0004)
2001-01-01T00:28:46.785Z| vcpu-0| I125: pciBridge7:1: ISA/VGA decoding enabled (ctrl 0004)
2001-01-01T00:28:46.787Z| vcpu-0| I125: pciBridge7:2: ISA/VGA decoding enabled (ctrl 0004)
2001-01-01T00:28:46.788Z| vcpu-0| I125: pciBridge7:3: ISA/VGA decoding enabled (ctrl 0004)
2001-01-01T00:28:46.789Z| vcpu-0| I125: pciBridge7:4: ISA/VGA decoding enabled (ctrl 0004)
2001-01-01T00:28:46.791Z| vcpu-0| I125: pciBridge7:5: ISA/VGA decoding enabled (ctrl 0004)
2001-01-01T00:28:46.792Z| vcpu-0| I125: pciBridge7:6: ISA/VGA decoding enabled (ctrl 0004)
2001-01-01T00:28:46.793Z| vcpu-0| I125: pciBridge7:7: ISA/VGA decoding enabled (ctrl 0004)
2001-01-01T00:28:46.795Z| vcpu-1| I125: CPU reset: soft (mode 0)
2001-01-01T00:28:46.933Z| vcpu-0| I125: PCIBridge4: ISA/VGA decoding enabled (ctrl 0004)
2001-01-01T00:28:46.935Z| vcpu-0| I125: pciBridge4:1: ISA/VGA decoding enabled (ctrl 0004)
2001-01-01T00:28:46.936Z| vcpu-0| I125: pciBridge4:2: ISA/VGA decoding enabled (ctrl 0004)
2001-01-01T00:28:46.937Z| vcpu-0| I125: pciBridge4:3: ISA/VGA decoding enabled (ctrl 0004)
2001-01-01T00:28:46.938Z| vcpu-0| I125: pciBridge4:4: ISA/VGA decoding enabled (ctrl 0004)
2001-01-01T00:28:46.940Z| vcpu-0| I125: pciBridge4:5: ISA/VGA decoding enabled (ctrl 0004)
2001-01-01T00:28:46.941Z| vcpu-0| I125: pciBridge4:6: ISA/VGA decoding enabled (ctrl 0004)
2001-01-01T00:28:46.942Z| vcpu-0| I125: pciBridge4:7: ISA/VGA decoding enabled (ctrl 0004)
2001-01-01T00:28:46.944Z| vcpu-0| I125: PCIBridge5: ISA/VGA decoding enabled (ctrl 0004)
2001-01-01T00:28:46.945Z| vcpu-0| I125: pciBridge5:1: ISA/VGA decoding enabled (ctrl 0004)
2001-01-01T00:28:46.946Z| vcpu-0| I125: pciBridge5:2: ISA/VGA decoding enabled (ctrl 0004)
2001-01-01T00:28:46.948Z| vcpu-0| I125: pciBridge5:3: ISA/VGA decoding enabled (ctrl 0004)
2001-01-01T00:28:46.949Z| vcpu-0| I125: pciBridge5:4: ISA/VGA decoding enabled (ctrl 0004)
2001-01-01T00:28:46.950Z| vcpu-0| I125: pciBridge5:5: ISA/VGA decoding enabled (ctrl 0004)
2001-01-01T00:28:46.952Z| vcpu-0| I125: pciBridge5:6: ISA/VGA decoding enabled (ctrl 0004)
2001-01-01T00:28:46.953Z| vcpu-0| I125: pciBridge5:7: ISA/VGA decoding enabled (ctrl 0004)
2001-01-01T00:28:46.954Z| vcpu-0| I125: PCIBridge6: ISA/VGA decoding enabled (ctrl 0004)
2001-01-01T00:28:46.956Z| vcpu-0| I125: pciBridge6:1: ISA/VGA decoding enabled (ctrl 0004)
2001-01-01T00:28:46.957Z| vcpu-0| I125: pciBridge6:2: ISA/VGA decoding enabled (ctrl 0004)
2001-01-01T00:28:46.958Z| vcpu-0| I125: pciBridge6:3: ISA/VGA decoding enabled (ctrl 0004)
2001-01-01T00:28:46.959Z| vcpu-0| I125: pciBridge6:4: ISA/VGA decoding enabled (ctrl 0004)
2001-01-01T00:28:46.961Z| vcpu-0| I125: pciBridge6:5: ISA/VGA decoding enabled (ctrl 0004)
2001-01-01T00:28:46.962Z| vcpu-0| I125: pciBridge6:6: ISA/VGA decoding enabled (ctrl 0004)
2001-01-01T00:28:46.963Z| vcpu-0| I125: pciBridge6:7: ISA/VGA decoding enabled (ctrl 0004)
2001-01-01T00:28:46.965Z| vcpu-0| I125: PCIBridge7: ISA/VGA decoding enabled (ctrl 0004)
2001-01-01T00:28:46.966Z| vcpu-0| I125: pciBridge7:1: ISA/VGA decoding enabled (ctrl 0004)
2001-01-01T00:28:46.967Z| vcpu-0| I125: pciBridge7:2: ISA/VGA decoding enabled (ctrl 0004)
2001-01-01T00:28:46.969Z| vcpu-0| I125: pciBridge7:3: ISA/VGA decoding enabled (ctrl 0004)
2001-01-01T00:28:46.970Z| vcpu-0| I125: pciBridge7:4: ISA/VGA decoding enabled (ctrl 0004)
2001-01-01T00:28:46.971Z| vcpu-0| I125: pciBridge7:5: ISA/VGA decoding enabled (ctrl 0004)
2001-01-01T00:28:46.973Z| vcpu-0| I125: pciBridge7:6: ISA/VGA decoding enabled (ctrl 0004)
2001-01-01T00:28:46.974Z| vcpu-0| I125: pciBridge7:7: ISA/VGA decoding enabled (ctrl 0004)
2001-01-01T00:28:46.985Z| vcpu-0| I125: DISKUTIL: scsi0:0 : geometry=49152/64/32
2001-01-01T00:28:46.985Z| vcpu-0| I125: DISKUTIL: scsi0:0 : capacity=100663296 logical sector size=512
2001-01-01T00:28:46.985Z| vcpu-0| I125: DISKUTIL: scsi0:1 : geometry=651/255/63
2001-01-01T00:28:46.985Z| vcpu-0| I125: DISKUTIL: scsi0:1 : capacity=10471424 logical sector size=512
2001-01-01T00:28:46.985Z| vcpu-0| I125: DISKUTIL: scsi0:2 : geometry=3263/255/63
2001-01-01T00:28:46.985Z| vcpu-0| I125: DISKUTIL: scsi0:2 : capacity=52428800 logical sector size=512
2001-01-01T00:28:46.985Z| vcpu-0| I125: DISKUTIL: scsi0:3 : geometry=3263/255/63
2001-01-01T00:28:46.985Z| vcpu-0| I125: DISKUTIL: scsi0:3 : capacity=52428800 logical sector size=512
2001-01-01T00:28:46.985Z| vcpu-0| I125: DISKUTIL: scsi0:4 : geometry=1305/255/63
2001-01-01T00:28:46.985Z| vcpu-0| I125: DISKUTIL: scsi0:4 : capacity=20971520 logical sector size=512
2001-01-01T00:28:46.985Z| vcpu-0| I125: DISKUTIL: scsi0:5 : geometry=1305/255/63
2001-01-01T00:28:46.985Z| vcpu-0| I125: DISKUTIL: scsi0:5 : capacity=20971520 logical sector size=512
2001-01-01T00:28:46.985Z| vcpu-0| I125: DISKUTIL: scsi0:6 : geometry=1958/255/63
2001-01-01T00:28:46.985Z| vcpu-0| I125: DISKUTIL: scsi0:6 : capacity=31457280 logical sector size=512
2001-01-01T00:28:46.985Z| vcpu-0| I125: DISKUTIL: scsi0:8 : geometry=1305/255/63
2001-01-01T00:28:46.985Z| vcpu-0| I125: DISKUTIL: scsi0:8 : capacity=20971520 logical sector size=512
2001-01-01T00:28:47.003Z| vcpu-0| I125: DISKUTIL: scsi1:0 : geometry=13054/255/63
2001-01-01T00:28:47.003Z| vcpu-0| I125: DISKUTIL: scsi1:0 : capacity=209715200 logical sector size=512
2001-01-01T00:28:47.474Z| vcpu-1| I125: CPU reset: soft (mode 0)
2001-01-01T00:28:47.492Z| vcpu-0| I125: BIOS-UUID is 56 4d 14 e2 e8 76 2d 0f-fc 50 89 ad 09 4f d8 74
2001-01-01T00:28:47.805Z| svga| I125: SVGA enabling SVGA
2001-01-01T00:28:47.807Z| svga| I125: SVGA-ScreenMgr: Screen type changed to RegisterMode
2001-01-01T00:28:53.889Z| vcpu-1| I125: CPU reset: soft (mode 0)
2001-01-01T00:28:54.152Z| vcpu-0| I125: SVGA: Unregistering IOSpace at 0x1070
2001-01-01T00:28:54.152Z| vcpu-0| I125: SVGA: Unregistering MemSpace at 0xec000000(0xec000000) and 0xfe000000(0xfe000000)
2001-01-01T00:28:54.153Z| vcpu-0| I125: SVGA: Registering IOSpace at 0x1070
2001-01-01T00:28:54.153Z| vcpu-0| I125: SVGA: Registering MemSpace at 0xec000000(0xec000000) and 0xfe000000(0xfe000000)
2001-01-01T00:28:54.156Z| vcpu-0| I125: SVGA: Unregistering IOSpace at 0x1070
2001-01-01T00:28:54.156Z| vcpu-0| I125: SVGA: Unregistering MemSpace at 0xec000000(0xec000000) and 0xfe000000(0xfe000000)
2001-01-01T00:28:54.157Z| vcpu-0| I125: SVGA: Registering IOSpace at 0x1070
2001-01-01T00:28:54.157Z| vcpu-0| I125: SVGA: Registering MemSpace at 0xec000000(0xec000000) and 0xfe000000(0xfe000000)
2001-01-01T00:28:54.160Z| vcpu-0| I125: SVGA: Unregistering IOSpace at 0x1070
2001-01-01T00:28:54.160Z| vcpu-0| I125: SVGA: Unregistering MemSpace at 0xec000000(0xec000000) and 0xfe000000(0xfe000000)
2001-01-01T00:28:54.161Z| vcpu-0| I125: SVGA: Registering IOSpace at 0x1070
2001-01-01T00:28:54.161Z| vcpu-0| I125: SVGA: Registering MemSpace at 0xec000000(0xec000000) and 0xfe000000(0xfe000000)
2001-01-01T00:28:54.164Z| vcpu-0| I125: SVGA: Unregistering IOSpace at 0x1070
2001-01-01T00:28:54.164Z| vcpu-0| I125: SVGA: Unregistering MemSpace at 0xec000000(0xec000000) and 0xfe000000(0xfe000000)
2001-01-01T00:28:54.166Z| vcpu-0| I125: SVGA: Registering IOSpace at 0x1070
2001-01-01T00:28:54.166Z| vcpu-0| I125: SVGA: Registering MemSpace at 0xec000000(0xec000000) and 0xfe000000(0xfe000000)
2001-01-01T00:28:54.169Z| vcpu-0| I125: SVGA: Unregistering IOSpace at 0x1070
2001-01-01T00:28:54.169Z| vcpu-0| I125: SVGA: Unregistering MemSpace at 0xec000000(0xec000000) and 0xfe000000(0xfe000000)
2001-01-01T00:28:54.170Z| vcpu-0| I125: SVGA: Registering IOSpace at 0x1070
2001-01-01T00:28:54.170Z| vcpu-0| I125: SVGA: Registering MemSpace at 0xec000000(0xec000000) and 0xfe000000(0xfe000000)
2001-01-01T00:28:54.173Z| vcpu-0| I125: SVGA: Unregistering IOSpace at 0x1070
2001-01-01T00:28:54.173Z| vcpu-0| I125: SVGA: Unregistering MemSpace at 0xec000000(0xec000000) and 0xfe000000(0xfe000000)
2001-01-01T00:28:54.174Z| vcpu-0| I125: SVGA: Registering IOSpace at 0x1070
2001-01-01T00:28:54.174Z| vcpu-0| I125: SVGA: Registering MemSpace at 0xec000000(0xec000000) and 0xfe000000(0xfe000000)
2001-01-01T00:28:54.177Z| vcpu-0| I125: SVGA: Unregistering IOSpace at 0x1070
2001-01-01T00:28:54.177Z| vcpu-0| I125: SVGA: Unregistering MemSpace at 0xec000000(0xec000000) and 0xfe000000(0xfe000000)
2001-01-01T00:28:54.178Z| vcpu-0| I125: SVGA: Registering IOSpace at 0x1070
2001-01-01T00:28:54.178Z| vcpu-0| I125: SVGA: Registering MemSpace at 0xec000000(0xec000000) and 0xfe000000(0xfe000000)
2001-01-01T00:28:54.240Z| vcpu-0| I125: PCIBridge4: ISA/VGA decoding enabled (ctrl 0004)
2001-01-01T00:28:54.256Z| vcpu-0| I125: PCIBridge4: ISA/VGA decoding enabled (ctrl 0004)
2001-01-01T00:28:54.256Z| vcpu-0| I125: pciBridge4:1: ISA/VGA decoding enabled (ctrl 0004)
2001-01-01T00:28:54.257Z| vcpu-0| I125: pciBridge4:1: ISA/VGA decoding enabled (ctrl 0004)
2001-01-01T00:28:54.257Z| vcpu-0| I125: pciBridge4:2: ISA/VGA decoding enabled (ctrl 0004)
2001-01-01T00:28:54.257Z| vcpu-0| I125: pciBridge4:2: ISA/VGA decoding enabled (ctrl 0004)
2001-01-01T00:28:54.257Z| vcpu-0| I125: pciBridge4:3: ISA/VGA decoding enabled (ctrl 0004)
2001-01-01T00:28:54.258Z| vcpu-0| I125: pciBridge4:3: ISA/VGA decoding enabled (ctrl 0004)
2001-01-01T00:28:54.258Z| vcpu-0| I125: pciBridge4:4: ISA/VGA decoding enabled (ctrl 0004)
2001-01-01T00:28:54.258Z| vcpu-0| I125: pciBridge4:4: ISA/VGA decoding enabled (ctrl 0004)
2001-01-01T00:28:54.258Z| vcpu-0| I125: pciBridge4:5: ISA/VGA decoding enabled (ctrl 0004)
2001-01-01T00:28:54.258Z| vcpu-0| I125: pciBridge4:5: ISA/VGA decoding enabled (ctrl 0004)
2001-01-01T00:28:54.258Z| vcpu-0| I125: pciBridge4:6: ISA/VGA decoding enabled (ctrl 0004)
2001-01-01T00:28:54.259Z| vcpu-0| I125: pciBridge4:6: ISA/VGA decoding enabled (ctrl 0004)
2001-01-01T00:28:54.259Z| vcpu-0| I125: pciBridge4:7: ISA/VGA decoding enabled (ctrl 0004)
2001-01-01T00:28:54.259Z| vcpu-0| I125: pciBridge4:7: ISA/VGA decoding enabled (ctrl 0004)
2001-01-01T00:28:54.259Z| vcpu-0| I125: PCIBridge5: ISA/VGA decoding enabled (ctrl 0004)
2001-01-01T00:28:54.259Z| vcpu-0| I125: PCIBridge5: ISA/VGA decoding enabled (ctrl 0004)
2001-01-01T00:28:54.260Z| vcpu-0| I125: pciBridge5:1: ISA/VGA decoding enabled (ctrl 0004)
2001-01-01T00:28:54.260Z| vcpu-0| I125: pciBridge5:1: ISA/VGA decoding enabled (ctrl 0004)
2001-01-01T00:28:54.260Z| vcpu-0| I125: pciBridge5:2: ISA/VGA decoding enabled (ctrl 0004)
2001-01-01T00:28:54.260Z| vcpu-0| I125: pciBridge5:2: ISA/VGA decoding enabled (ctrl 0004)
2001-01-01T00:28:54.260Z| vcpu-0| I125: pciBridge5:3: ISA/VGA decoding enabled (ctrl 0004)
2001-01-01T00:28:54.261Z| vcpu-0| I125: pciBridge5:3: ISA/VGA decoding enabled (ctrl 0004)
2001-01-01T00:28:54.261Z| vcpu-0| I125: pciBridge5:4: ISA/VGA decoding enabled (ctrl 0004)
2001-01-01T00:28:54.261Z| vcpu-0| I125: pciBridge5:4: ISA/VGA decoding enabled (ctrl 0004)
2001-01-01T00:28:54.261Z| vcpu-0| I125: pciBridge5:5: ISA/VGA decoding enabled (ctrl 0004)
2001-01-01T00:28:54.261Z| vcpu-0| I125: pciBridge5:5: ISA/VGA decoding enabled (ctrl 0004)
2001-01-01T00:28:54.261Z| vcpu-0| I125: pciBridge5:6: ISA/VGA decoding enabled (ctrl 0004)
2001-01-01T00:28:54.262Z| vcpu-0| I125: pciBridge5:6: ISA/VGA decoding enabled (ctrl 0004)
2001-01-01T00:28:54.262Z| vcpu-0| I125: pciBridge5:7: ISA/VGA decoding enabled (ctrl 0004)
2001-01-01T00:28:54.262Z| vcpu-0| I125: pciBridge5:7: ISA/VGA decoding enabled (ctrl 0004)
2001-01-01T00:28:54.262Z| vcpu-0| I125: PCIBridge6: ISA/VGA decoding enabled (ctrl 0004)
2001-01-01T00:28:54.263Z| vcpu-0| I125: PCIBridge6: ISA/VGA decoding enabled (ctrl 0004)
2001-01-01T00:28:54.263Z| vcpu-0| I125: pciBridge6:1: ISA/VGA decoding enabled (ctrl 0004)
2001-01-01T00:28:54.263Z| vcpu-0| I125: pciBridge6:1: ISA/VGA decoding enabled (ctrl 0004)
2001-01-01T00:28:54.263Z| vcpu-0| I125: pciBridge6:2: ISA/VGA decoding enabled (ctrl 0004)
2001-01-01T00:28:54.263Z| vcpu-0| I125: pciBridge6:2: ISA/VGA decoding enabled (ctrl 0004)
2001-01-01T00:28:54.263Z| vcpu-0| I125: pciBridge6:3: ISA/VGA decoding enabled (ctrl 0004)
2001-01-01T00:28:54.264Z| vcpu-0| I125: pciBridge6:3: ISA/VGA decoding enabled (ctrl 0004)
2001-01-01T00:28:54.264Z| vcpu-0| I125: pciBridge6:4: ISA/VGA decoding enabled (ctrl 0004)
2001-01-01T00:28:54.264Z| vcpu-0| I125: pciBridge6:4: ISA/VGA decoding enabled (ctrl 0004)
2001-01-01T00:28:54.264Z| vcpu-0| I125: pciBridge6:5: ISA/VGA decoding enabled (ctrl 0004)
2001-01-01T00:28:54.265Z| vcpu-0| I125: pciBridge6:5: ISA/VGA decoding enabled (ctrl 0004)
2001-01-01T00:28:54.265Z| vcpu-0| I125: pciBridge6:6: ISA/VGA decoding enabled (ctrl 0004)
2001-01-01T00:28:54.265Z| vcpu-0| I125: pciBridge6:6: ISA/VGA decoding enabled (ctrl 0004)
2001-01-01T00:28:54.265Z| vcpu-0| I125: pciBridge6:7: ISA/VGA decoding enabled (ctrl 0004)
2001-01-01T00:28:54.265Z| vcpu-0| I125: pciBridge6:7: ISA/VGA decoding enabled (ctrl 0004)
2001-01-01T00:28:54.265Z| vcpu-0| I125: PCIBridge7: ISA/VGA decoding enabled (ctrl 0004)
2001-01-01T00:28:54.266Z| vcpu-0| I125: PCIBridge7: ISA/VGA decoding enabled (ctrl 0004)
2001-01-01T00:28:54.266Z| vcpu-0| I125: pciBridge7:1: ISA/VGA decoding enabled (ctrl 0004)
2001-01-01T00:28:54.266Z| vcpu-0| I125: pciBridge7:1: ISA/VGA decoding enabled (ctrl 0004)
2001-01-01T00:28:54.266Z| vcpu-0| I125: pciBridge7:2: ISA/VGA decoding enabled (ctrl 0004)
2001-01-01T00:28:54.266Z| vcpu-0| I125: pciBridge7:2: ISA/VGA decoding enabled (ctrl 0004)
2001-01-01T00:28:54.267Z| vcpu-0| I125: pciBridge7:3: ISA/VGA decoding enabled (ctrl 0004)
2001-01-01T00:28:54.267Z| vcpu-0| I125: pciBridge7:3: ISA/VGA decoding enabled (ctrl 0004)
2001-01-01T00:28:54.267Z| vcpu-0| I125: pciBridge7:4: ISA/VGA decoding enabled (ctrl 0004)
2001-01-01T00:28:54.267Z| vcpu-0| I125: pciBridge7:4: ISA/VGA decoding enabled (ctrl 0004)
2001-01-01T00:28:54.267Z| vcpu-0| I125: pciBridge7:5: ISA/VGA decoding enabled (ctrl 0004)
2001-01-01T00:28:54.268Z| vcpu-0| I125: pciBridge7:5: ISA/VGA decoding enabled (ctrl 0004)
2001-01-01T00:28:54.268Z| vcpu-0| I125: pciBridge7:6: ISA/VGA decoding enabled (ctrl 0004)
2001-01-01T00:28:54.268Z| vcpu-0| I125: pciBridge7:6: ISA/VGA decoding enabled (ctrl 0004)
2001-01-01T00:28:54.268Z| vcpu-0| I125: pciBridge7:7: ISA/VGA decoding enabled (ctrl 0004)
2001-01-01T00:28:54.268Z| vcpu-0| I125: pciBridge7:7: ISA/VGA decoding enabled (ctrl 0004)
2001-01-01T00:28:54.269Z| vcpu-0| I125: PCIBridge4: ISA/VGA decoding enabled (ctrl 0004)
2001-01-01T00:28:54.269Z| vcpu-0| I125: PCIBridge4: ISA/VGA decoding enabled (ctrl 0004)
2001-01-01T00:28:54.269Z| vcpu-0| I125: pciBridge4:1: ISA/VGA decoding enabled (ctrl 0004)
2001-01-01T00:28:54.269Z| vcpu-0| I125: pciBridge4:1: ISA/VGA decoding enabled (ctrl 0004)
2001-01-01T00:28:54.269Z| vcpu-0| I125: pciBridge4:2: ISA/VGA decoding enabled (ctrl 0004)
2001-01-01T00:28:54.269Z| vcpu-0| I125: pciBridge4:2: ISA/VGA decoding enabled (ctrl 0004)
2001-01-01T00:28:54.269Z| vcpu-0| I125: pciBridge4:3: ISA/VGA decoding enabled (ctrl 0004)
2001-01-01T00:28:54.269Z| vcpu-0| I125: pciBridge4:3: ISA/VGA decoding enabled (ctrl 0004)
2001-01-01T00:28:54.269Z| vcpu-0| I125: pciBridge4:4: ISA/VGA decoding enabled (ctrl 0004)
2001-01-01T00:28:54.269Z| vcpu-0| I125: pciBridge4:4: ISA/VGA decoding enabled (ctrl 0004)
2001-01-01T00:28:54.269Z| vcpu-0| I125: pciBridge4:5: ISA/VGA decoding enabled (ctrl 0004)
2001-01-01T00:28:54.269Z| vcpu-0| I125: pciBridge4:5: ISA/VGA decoding enabled (ctrl 0004)
2001-01-01T00:28:54.269Z| vcpu-0| I125: pciBridge4:6: ISA/VGA decoding enabled (ctrl 0004)
2001-01-01T00:28:54.269Z| vcpu-0| I125: pciBridge4:6: ISA/VGA decoding enabled (ctrl 0004)
2001-01-01T00:28:54.269Z| vcpu-0| I125: pciBridge4:7: ISA/VGA decoding enabled (ctrl 0004)
2001-01-01T00:28:54.269Z| vcpu-0| I125: pciBridge4:7: ISA/VGA decoding enabled (ctrl 0004)
2001-01-01T00:28:54.269Z| vcpu-0| I125: PCIBridge5: ISA/VGA decoding enabled (ctrl 0004)
2001-01-01T00:28:54.269Z| vcpu-0| I125: PCIBridge5: ISA/VGA decoding enabled (ctrl 0004)
2001-01-01T00:28:54.269Z| vcpu-0| I125: pciBridge5:1: ISA/VGA decoding enabled (ctrl 0004)
2001-01-01T00:28:54.269Z| vcpu-0| I125: pciBridge5:1: ISA/VGA decoding enabled (ctrl 0004)
2001-01-01T00:28:54.269Z| vcpu-0| I125: pciBridge5:2: ISA/VGA decoding enabled (ctrl 0004)
2001-01-01T00:28:54.269Z| vcpu-0| I125: pciBridge5:2: ISA/VGA decoding enabled (ctrl 0004)
2001-01-01T00:28:54.269Z| vcpu-0| I125: pciBridge5:3: ISA/VGA decoding enabled (ctrl 0004)
2001-01-01T00:28:54.269Z| vcpu-0| I125: pciBridge5:3: ISA/VGA decoding enabled (ctrl 0004)
2001-01-01T00:28:54.269Z| vcpu-0| I125: pciBridge5:4: ISA/VGA decoding enabled (ctrl 0004)
2001-01-01T00:28:54.269Z| vcpu-0| I125: pciBridge5:4: ISA/VGA decoding enabled (ctrl 0004)
2001-01-01T00:28:54.269Z| vcpu-0| I125: pciBridge5:5: ISA/VGA decoding enabled (ctrl 0004)
2001-01-01T00:28:54.269Z| vcpu-0| I125: pciBridge5:5: ISA/VGA decoding enabled (ctrl 0004)
2001-01-01T00:28:54.269Z| vcpu-0| I125: pciBridge5:6: ISA/VGA decoding enabled (ctrl 0004)
2001-01-01T00:28:54.269Z| vcpu-0| I125: pciBridge5:6: ISA/VGA decoding enabled (ctrl 0004)
2001-01-01T00:28:54.269Z| vcpu-0| I125: pciBridge5:7: ISA/VGA decoding enabled (ctrl 0004)
2001-01-01T00:28:54.270Z| vcpu-0| I125: pciBridge5:7: ISA/VGA decoding enabled (ctrl 0004)
2001-01-01T00:28:54.270Z| vcpu-0| I125: PCIBridge6: ISA/VGA decoding enabled (ctrl 0004)
2001-01-01T00:28:54.270Z| vcpu-0| I125: PCIBridge6: ISA/VGA decoding enabled (ctrl 0004)
2001-01-01T00:28:54.270Z| vcpu-0| I125: pciBridge6:1: ISA/VGA decoding enabled (ctrl 0004)
2001-01-01T00:28:54.270Z| vcpu-0| I125: pciBridge6:1: ISA/VGA decoding enabled (ctrl 0004)
2001-01-01T00:28:54.270Z| vcpu-0| I125: pciBridge6:2: ISA/VGA decoding enabled (ctrl 0004)
2001-01-01T00:28:54.270Z| vcpu-0| I125: pciBridge6:2: ISA/VGA decoding enabled (ctrl 0004)
2001-01-01T00:28:54.270Z| vcpu-0| I125: pciBridge6:3: ISA/VGA decoding enabled (ctrl 0004)
2001-01-01T00:28:54.270Z| vcpu-0| I125: pciBridge6:3: ISA/VGA decoding enabled (ctrl 0004)
2001-01-01T00:28:54.270Z| vcpu-0| I125: pciBridge6:4: ISA/VGA decoding enabled (ctrl 0004)
2001-01-01T00:28:54.270Z| vcpu-0| I125: pciBridge6:4: ISA/VGA decoding enabled (ctrl 0004)
2001-01-01T00:28:54.270Z| vcpu-0| I125: pciBridge6:5: ISA/VGA decoding enabled (ctrl 0004)
2001-01-01T00:28:54.270Z| vcpu-0| I125: pciBridge6:5: ISA/VGA decoding enabled (ctrl 0004)
2001-01-01T00:28:54.270Z| vcpu-0| I125: pciBridge6:6: ISA/VGA decoding enabled (ctrl 0004)
2001-01-01T00:28:54.270Z| vcpu-0| I125: pciBridge6:6: ISA/VGA decoding enabled (ctrl 0004)
2001-01-01T00:28:54.270Z| vcpu-0| I125: pciBridge6:7: ISA/VGA decoding enabled (ctrl 0004)
2001-01-01T00:28:54.270Z| vcpu-0| I125: pciBridge6:7: ISA/VGA decoding enabled (ctrl 0004)
2001-01-01T00:28:54.270Z| vcpu-0| I125: PCIBridge7: ISA/VGA decoding enabled (ctrl 0004)
2001-01-01T00:28:54.270Z| vcpu-0| I125: PCIBridge7: ISA/VGA decoding enabled (ctrl 0004)
2001-01-01T00:28:54.270Z| vcpu-0| I125: pciBridge7:1: ISA/VGA decoding enabled (ctrl 0004)
2001-01-01T00:28:54.270Z| vcpu-0| I125: pciBridge7:1: ISA/VGA decoding enabled (ctrl 0004)
2001-01-01T00:28:54.270Z| vcpu-0| I125: pciBridge7:2: ISA/VGA decoding enabled (ctrl 0004)
2001-01-01T00:28:54.270Z| vcpu-0| I125: pciBridge7:2: ISA/VGA decoding enabled (ctrl 0004)
2001-01-01T00:28:54.270Z| vcpu-0| I125: pciBridge7:3: ISA/VGA decoding enabled (ctrl 0004)
2001-01-01T00:28:54.270Z| vcpu-0| I125: pciBridge7:3: ISA/VGA decoding enabled (ctrl 0004)
2001-01-01T00:28:54.270Z| vcpu-0| I125: pciBridge7:4: ISA/VGA decoding enabled (ctrl 0004)
2001-01-01T00:28:54.270Z| vcpu-0| I125: pciBridge7:4: ISA/VGA decoding enabled (ctrl 0004)
2001-01-01T00:28:54.270Z| vcpu-0| I125: pciBridge7:5: ISA/VGA decoding enabled (ctrl 0004)
2001-01-01T00:28:54.270Z| vcpu-0| I125: pciBridge7:5: ISA/VGA decoding enabled (ctrl 0004)
2001-01-01T00:28:54.270Z| vcpu-0| I125: pciBridge7:6: ISA/VGA decoding enabled (ctrl 0004)
2001-01-01T00:28:54.270Z| vcpu-0| I125: pciBridge7:6: ISA/VGA decoding enabled (ctrl 0004)
2001-01-01T00:28:54.270Z| vcpu-0| I125: pciBridge7:7: ISA/VGA decoding enabled (ctrl 0004)
2001-01-01T00:28:54.270Z| vcpu-0| I125: pciBridge7:7: ISA/VGA decoding enabled (ctrl 0004)
2001-01-01T00:28:54.409Z| vcpu-0| I125: PCIBridge4: ISA/VGA decoding enabled (ctrl 0004)
2001-01-01T00:28:54.409Z| vcpu-0| I125: pciBridge4:1: ISA/VGA decoding enabled (ctrl 0004)
2001-01-01T00:28:54.410Z| vcpu-0| I125: pciBridge4:2: ISA/VGA decoding enabled (ctrl 0004)
2001-01-01T00:28:54.410Z| vcpu-0| I125: pciBridge4:3: ISA/VGA decoding enabled (ctrl 0004)
2001-01-01T00:28:54.410Z| vcpu-0| I125: pciBridge4:4: ISA/VGA decoding enabled (ctrl 0004)
2001-01-01T00:28:54.410Z| vcpu-0| I125: pciBridge4:5: ISA/VGA decoding enabled (ctrl 0004)
2001-01-01T00:28:54.410Z| vcpu-0| I125: pciBridge4:6: ISA/VGA decoding enabled (ctrl 0004)
2001-01-01T00:28:54.410Z| vcpu-0| I125: pciBridge4:7: ISA/VGA decoding enabled (ctrl 0004)
2001-01-01T00:28:54.410Z| vcpu-0| I125: PCIBridge5: ISA/VGA decoding enabled (ctrl 0004)
2001-01-01T00:28:54.410Z| vcpu-0| I125: pciBridge5:1: ISA/VGA decoding enabled (ctrl 0004)
2001-01-01T00:28:54.410Z| vcpu-0| I125: pciBridge5:2: ISA/VGA decoding enabled (ctrl 0004)
2001-01-01T00:28:54.410Z| vcpu-0| I125: pciBridge5:3: ISA/VGA decoding enabled (ctrl 0004)
2001-01-01T00:28:54.411Z| vcpu-0| I125: pciBridge5:4: ISA/VGA decoding enabled (ctrl 0004)
2001-01-01T00:28:54.411Z| vcpu-0| I125: pciBridge5:5: ISA/VGA decoding enabled (ctrl 0004)
2001-01-01T00:28:54.411Z| vcpu-0| I125: pciBridge5:6: ISA/VGA decoding enabled (ctrl 0004)
2001-01-01T00:28:54.411Z| vcpu-0| I125: pciBridge5:7: ISA/VGA decoding enabled (ctrl 0004)
2001-01-01T00:28:54.411Z| vcpu-0| I125: PCIBridge6: ISA/VGA decoding enabled (ctrl 0004)
2001-01-01T00:28:54.411Z| vcpu-0| I125: pciBridge6:1: ISA/VGA decoding enabled (ctrl 0004)
2001-01-01T00:28:54.411Z| vcpu-0| I125: pciBridge6:2: ISA/VGA decoding enabled (ctrl 0004)
2001-01-01T00:28:54.411Z| vcpu-0| I125: pciBridge6:3: ISA/VGA decoding enabled (ctrl 0004)
2001-01-01T00:28:54.411Z| vcpu-0| I125: pciBridge6:4: ISA/VGA decoding enabled (ctrl 0004)
2001-01-01T00:28:54.411Z| vcpu-0| I125: pciBridge6:5: ISA/VGA decoding enabled (ctrl 0004)
2001-01-01T00:28:54.412Z| vcpu-0| I125: pciBridge6:6: ISA/VGA decoding enabled (ctrl 0004)
2001-01-01T00:28:54.412Z| vcpu-0| I125: pciBridge6:7: ISA/VGA decoding enabled (ctrl 0004)
2001-01-01T00:28:54.412Z| vcpu-0| I125: PCIBridge7: ISA/VGA decoding enabled (ctrl 0004)
2001-01-01T00:28:54.412Z| vcpu-0| I125: pciBridge7:1: ISA/VGA decoding enabled (ctrl 0004)
2001-01-01T00:28:54.412Z| vcpu-0| I125: pciBridge7:2: ISA/VGA decoding enabled (ctrl 0004)
2001-01-01T00:28:54.412Z| vcpu-0| I125: pciBridge7:3: ISA/VGA decoding enabled (ctrl 0004)
2001-01-01T00:28:54.412Z| vcpu-0| I125: pciBridge7:4: ISA/VGA decoding enabled (ctrl 0004)
2001-01-01T00:28:54.412Z| vcpu-0| I125: pciBridge7:5: ISA/VGA decoding enabled (ctrl 0004)
2001-01-01T00:28:54.412Z| vcpu-0| I125: pciBridge7:6: ISA/VGA decoding enabled (ctrl 0004)
2001-01-01T00:28:54.412Z| vcpu-0| I125: pciBridge7:7: ISA/VGA decoding enabled (ctrl 0004)
2001-01-01T00:28:54.750Z| svga| I125: SVGA hiding SVGA
2001-01-01T00:28:54.752Z| vcpu-0| I125: Guest: vmwgfx: In Tree-Unknown
2001-01-01T00:28:54.752Z| vcpu-0| I125: Guest: vmwgfx: Module Version: 2.15.0
2001-01-01T00:28:54.752Z| svga| I125: SVGA enabling SVGA
2001-01-01T00:28:54.757Z| svga| I125: SVGA-ScreenMgr: Screen type changed to ScreenObject
2001-01-01T00:28:54.769Z| vcpu-0| I125: Ethernet0 MAC Address: 00:0c:29:4f:d8:74
2001-01-01T00:28:54.769Z| vcpu-0| I125: VMXNET3 user: Ethernet0 RSS fields requested by vmx: 3
2001-01-01T00:28:54.769Z| vcpu-0| I125: VMXNET3 user: Supported set 0x0000001f, configured set 0x00000001
2001-01-01T00:28:55.680Z| vcpu-0| I125: Tools: Running status rpc handler: 0 => 1.
2001-01-01T00:28:55.680Z| vcpu-0| I125: Tools: Changing running status: 0 => 1.
2001-01-01T00:28:55.680Z| vcpu-0| I125: Tools: Removing Tools inactivity timer.
2001-01-01T00:28:55.876Z| vcpu-1| I125: Guest MSR write (0x49: 0x1)
2001-01-01T00:28:56.961Z| vcpu-1| I125: HBACommon: First write on scsi0:0.fileName='/vmfs/volumes/3a4fd8ce-fc4375c4-effb-5cf3fce846f8/SGRL-VCSA001/SGRL-VCSA001.vmdk'
2001-01-01T00:28:56.961Z| vcpu-1| I125: DDB: "longContentID" = "e893c395071d5074c6d977eaae1182f7" (was "6b52e1469191abf52caa4aaf08c0a949")
2001-01-01T00:28:56.972Z| vcpu-1| I125: DISKLIB-CHAIN : DiskChainUpdateContentID: old=0x8c0a949, new=0xae1182f7 (e893c395071d5074c6d977eaae1182f7)
2001-01-01T00:28:59.343Z| vmx| I125: GuestRpc: Got RPCI vsocket connection 3, assigned to channel 0.
2001-01-01T00:28:59.350Z| vmx| I125: GuestRpc: Got error for channel 0 connection 3: Remote disconnected
2001-01-01T00:28:59.350Z| vmx| I125: GuestRpc: Closing channel 0 connection 3
2001-01-01T00:28:59.376Z| vmx| I125: GuestRpc: Got RPCI vsocket connection 4, assigned to channel 0.
2001-01-01T00:28:59.406Z| vmx| I125: GuestRpc: Got RPCI vsocket connection 5, assigned to channel 1.
2001-01-01T00:28:59.418Z| vmx| I125: GuestRpc: Got error for channel 1 connection 5: Remote disconnected
2001-01-01T00:28:59.418Z| vmx| I125: GuestRpc: Closing channel 1 connection 5
2001-01-01T00:28:59.485Z| vcpu-0| I125: CDROM: Emulate GET CONFIGURATION RT 0 starting feature 0
2001-01-01T00:28:59.487Z| vcpu-0| I125: CDROM: Emulate GET CONFIGURATION RT 0 starting feature 0
2001-01-01T00:28:59.511Z| vmx| A100: ConfigDB: Setting tools.syncTime = "FALSE"
2001-01-01T00:28:59.513Z| vmx| I125: Guest: toolbox: Version: 11.1.0.19887 (build-16036546)
2001-01-01T00:28:59.514Z| vcpu-0| W115: GuestRpc: application toolbox, changing channel 65535 -> 0
2001-01-01T00:28:59.514Z| vcpu-0| I125: GuestRpc: Channel 0, guest application toolbox.
2001-01-01T00:28:59.515Z| vcpu-0| I125: DEPLOYPKG: ToolsDeployPkg_Begin: state=0 err=0, msg=null
2001-01-01T00:28:59.524Z| vmx| I125: Tools: Changing running status: 1 => 2.
2001-01-01T00:28:59.527Z| vmx| I125: TOOLS Received tools.set.versiontype rpc call, version = 11296, type = 4
2001-01-01T00:28:59.527Z| vmx| I125: TOOLS Setting toolsVersionStatus = TOOLS_STATUS_UNMANAGED
2001-01-01T00:28:59.527Z| vmx| I125: TOOLS setting legacy tools version to '11296' type 4, manifest status is 8
2001-01-01T00:28:59.527Z| vmx| I125: Tools_SetVersionAndType: Updating the Tools Version in the disk
2001-01-01T00:28:59.700Z| vmx| I125: Tools_SetVersionAndType: Done updating the Tools Version in the disk
2001-01-01T00:28:59.700Z| vmx| I125: TOOLS using cached value 1 for isoImageExists (refreshCount=1, lastCount=1).
2001-01-01T00:28:59.700Z| vmx| I125: VMXVmdb_SetToolsVersionStatus: status value set to 'unmanaged', 'unmanaged', install possible
2001-01-01T00:29:00.147Z| vmx| I125: TOOLS state change 3 returned status 1
2001-01-01T00:29:00.147Z| vmx| I125: Vix: [mainDispatch.c:4156]: VMAutomationReportPowerStateChange: Reporting power state change (opcode=2, err=0).
2001-01-01T00:29:00.147Z| vmx| I125: Tools: Changing running status: 2 => 1.
2001-01-01T00:29:01.701Z| vcpu-1| I125: VMXNET3 user: Ethernet0 Driver Info: version = 17104896 gosBits = 2 gosType = 1, gosVer = 0, gosMisc = 0
2001-01-01T00:29:01.701Z| vcpu-1| I125: VMXNET3 user: Activate request succeeds for device 0.
2001-01-01T00:29:29.510Z| vmx| I125: GuestInfo: HostinfoDetailedDataHeader version: 1
2001-01-01T00:29:29.511Z| vmx| A100: ConfigDB: Setting guestOS.detailed.data = "bitness='64' distroName='VMware Photon OS' distroVersion='3.0' familyName='Linux' kernelVersion='4.19.148-5.ph3' prettyName='VMware Photon OS 3.0'"
2001-01-01T00:29:46.260Z| vmx| I125: GuestRpc: Got RPCI vsocket connection 6, assigned to channel 1.
2001-01-01T00:29:46.274Z| vmx| I125: GuestRpc: Got error for channel 1 connection 6: Remote disconnected
2001-01-01T00:29:46.274Z| vmx| I125: GuestRpc: Closing channel 1 connection 6
2001-01-01T00:29:46.874Z| vmx| I125: GuestRpc: Got RPCI vsocket connection 7, assigned to channel 1.
2001-01-01T00:29:46.894Z| vmx| I125: GuestRpc: Got error for channel 1 connection 7: Remote disconnected
2001-01-01T00:29:46.894Z| vmx| I125: GuestRpc: Closing channel 1 connection 7
2001-01-01T00:29:47.234Z| vmx| I125: GuestRpc: Got RPCI vsocket connection 8, assigned to channel 1.
2001-01-01T00:29:47.254Z| vmx| I125: GuestRpc: Got error for channel 1 connection 8: Remote disconnected
2001-01-01T00:29:47.254Z| vmx| I125: GuestRpc: Closing channel 1 connection 8
2001-01-01T00:29:47.602Z| vmx| I125: GuestRpc: Got RPCI vsocket connection 9, assigned to channel 1.
2001-01-01T00:29:47.630Z| vmx| I125: GuestRpc: Got error for channel 1 connection 9: Remote disconnected
2001-01-01T00:29:47.630Z| vmx| I125: GuestRpc: Closing channel 1 connection 9
2001-01-01T00:29:47.962Z| vmx| I125: GuestRpc: Got RPCI vsocket connection 10, assigned to channel 1.
2001-01-01T00:29:47.990Z| vmx| I125: GuestRpc: Got error for channel 1 connection 10: Remote disconnected
2001-01-01T00:29:47.990Z| vmx| I125: GuestRpc: Closing channel 1 connection 10
2001-01-01T00:29:48.329Z| vmx| I125: GuestRpc: Got RPCI vsocket connection 11, assigned to channel 1.
2001-01-01T00:29:48.346Z| vmx| I125: GuestRpc: Got error for channel 1 connection 11: Remote disconnected
2001-01-01T00:29:48.346Z| vmx| I125: GuestRpc: Closing channel 1 connection 11
2001-01-01T00:29:50.023Z| vmx| I125: GuestRpc: Got RPCI vsocket connection 12, assigned to channel 1.
2001-01-01T00:29:50.042Z| vmx| I125: GuestRpc: Got error for channel 1 connection 12: Remote disconnected
2001-01-01T00:29:50.042Z| vmx| I125: GuestRpc: Closing channel 1 connection 12
2001-01-01T00:29:50.072Z| vcpu-1| I125: VMXNET3 user: Quiesce device 0.
2001-01-01T00:29:50.175Z| vcpu-1| I125: VMXNET3 user: Ethernet0 Driver Info: version = 17104896 gosBits = 2 gosType = 1, gosVer = 0, gosMisc = 0
2001-01-01T00:29:50.175Z| vcpu-1| I125: VMXNET3 user: Activate request succeeds for device 0.
2001-01-01T00:30:00.100Z| vcpu-0| I125: HBACommon: First write on scsi0:2.fileName='/vmfs/volumes/3a4fd8ce-fc4375c4-effb-5cf3fce846f8/SGRL-VCSA001/SGRL-VCSA001_2.vmdk'
2001-01-01T00:30:00.100Z| vcpu-0| I125: DDB: "longContentID" = "e28fc983f8d314f62bf9bb3ee217941a" (was "c44688663f46d112dfc2a04cfffffffe")
2001-01-01T00:30:00.111Z| vcpu-0| I125: DISKLIB-CHAIN : DiskChainUpdateContentID: old=0xfffffffe, new=0xe217941a (e28fc983f8d314f62bf9bb3ee217941a)
2001-01-01T00:30:00.693Z| vcpu-1| I125: HBACommon: First write on scsi0:3.fileName='/vmfs/volumes/3a4fd8ce-fc4375c4-effb-5cf3fce846f8/SGRL-VCSA001/SGRL-VCSA001_3.vmdk'
2001-01-01T00:30:00.694Z| vcpu-1| I125: DDB: "longContentID" = "9fc90c4a196b1bb4f9a0ddb94065e33b" (was "6e7fae5eff93e7015702b73dfffffffe")
2001-01-01T00:30:00.698Z| vcpu-1| I125: DISKLIB-CHAIN : DiskChainUpdateContentID: old=0xfffffffe, new=0x4065e33b (9fc90c4a196b1bb4f9a0ddb94065e33b)
2001-01-01T00:30:01.399Z| vcpu-1| I125: HBACommon: First write on scsi0:4.fileName='/vmfs/volumes/3a4fd8ce-fc4375c4-effb-5cf3fce846f8/SGRL-VCSA001/SGRL-VCSA001_4.vmdk'
2001-01-01T00:30:01.400Z| vcpu-1| I125: DDB: "longContentID" = "4b1c0010d04a52f4ee32d120b09e20fb" (was "9417355a3314f91ee01db1ccfffffffe")
2001-01-01T00:30:01.405Z| vcpu-1| I125: DISKLIB-CHAIN : DiskChainUpdateContentID: old=0xfffffffe, new=0xb09e20fb (4b1c0010d04a52f4ee32d120b09e20fb)
2001-01-01T00:30:01.888Z| vcpu-1| I125: HBACommon: First write on scsi0:5.fileName='/vmfs/volumes/3a4fd8ce-fc4375c4-effb-5cf3fce846f8/SGRL-VCSA001/SGRL-VCSA001_5.vmdk'
2001-01-01T00:30:01.888Z| vcpu-1| I125: DDB: "longContentID" = "dd01e00909089093933fbfc0fe3d7cef" (was "a4facd6dab5d5e56cb126c0ffffffffe")
2001-01-01T00:30:01.893Z| vcpu-1| I125: DISKLIB-CHAIN : DiskChainUpdateContentID: old=0xfffffffe, new=0xfe3d7cef (dd01e00909089093933fbfc0fe3d7cef)
2001-01-01T00:30:02.391Z| vcpu-1| I125: HBACommon: First write on scsi0:6.fileName='/vmfs/volumes/3a4fd8ce-fc4375c4-effb-5cf3fce846f8/SGRL-VCSA001/SGRL-VCSA001_6.vmdk'
2001-01-01T00:30:02.391Z| vcpu-1| I125: DDB: "longContentID" = "b918f237e1178f63cfd376fe4e309300" (was "2dc0fc518c9a3830772ae974fffffffe")
2001-01-01T00:30:02.396Z| vcpu-1| I125: DISKLIB-CHAIN : DiskChainUpdateContentID: old=0xfffffffe, new=0x4e309300 (b918f237e1178f63cfd376fe4e309300)
2001-01-01T00:30:02.940Z| vcpu-0| I125: HBACommon: First write on scsi0:8.fileName='/vmfs/volumes/3a4fd8ce-fc4375c4-effb-5cf3fce846f8/SGRL-VCSA001/SGRL-VCSA001_7.vmdk'
2001-01-01T00:30:02.941Z| vcpu-0| I125: DDB: "longContentID" = "4df584551bf79ee7111426caa591fc90" (was "010362809ff27cc4049b8cbefffffffe")
2001-01-01T00:30:02.946Z| vcpu-0| I125: DISKLIB-CHAIN : DiskChainUpdateContentID: old=0xfffffffe, new=0xa591fc90 (4df584551bf79ee7111426caa591fc90)
2001-01-01T00:30:03.669Z| vcpu-1| I125: HBACommon: First write on scsi0:9.fileName='/vmfs/volumes/3a4fd8ce-fc4375c4-effb-5cf3fce846f8/SGRL-VCSA001/SGRL-VCSA001_8.vmdk'
2001-01-01T00:30:03.669Z| vcpu-1| I125: DDB: "longContentID" = "1a35828a61db95ce9be2e503195d62c1" (was "829d576f660664a4333e2295fffffffe")
2001-01-01T00:30:03.675Z| vcpu-1| I125: DISKLIB-CHAIN : DiskChainUpdateContentID: old=0xfffffffe, new=0x195d62c1 (1a35828a61db95ce9be2e503195d62c1)
2001-01-01T00:30:04.179Z| vcpu-1| I125: HBACommon: First write on scsi0:10.fileName='/vmfs/volumes/3a4fd8ce-fc4375c4-effb-5cf3fce846f8/SGRL-VCSA001/SGRL-VCSA001_9.vmdk'
2001-01-01T00:30:04.180Z| vcpu-1| I125: DDB: "longContentID" = "66be61bec7ace2dfd91727396a824165" (was "b72af8d5e6ad39783caec48dfffffffe")
2001-01-01T00:30:04.185Z| vcpu-1| I125: DISKLIB-CHAIN : DiskChainUpdateContentID: old=0xfffffffe, new=0x6a824165 (66be61bec7ace2dfd91727396a824165)
2001-01-01T00:30:04.698Z| vcpu-0| I125: HBACommon: First write on scsi0:11.fileName='/vmfs/volumes/3a4fd8ce-fc4375c4-effb-5cf3fce846f8/SGRL-VCSA001/SGRL-VCSA001_10.vmdk'
2001-01-01T00:30:04.698Z| vcpu-0| I125: DDB: "longContentID" = "aa876d0bbf0c39ac8feee65bbcdfd445" (was "5595d04a18e27525f53e3201fffffffe")
2001-01-01T00:30:04.704Z| vcpu-0| I125: DISKLIB-CHAIN : DiskChainUpdateContentID: old=0xfffffffe, new=0xbcdfd445 (aa876d0bbf0c39ac8feee65bbcdfd445)
2001-01-01T00:30:05.257Z| vcpu-1| I125: HBACommon: First write on scsi0:12.fileName='/vmfs/volumes/3a4fd8ce-fc4375c4-effb-5cf3fce846f8/SGRL-VCSA001/SGRL-VCSA001_11.vmdk'
2001-01-01T00:30:05.258Z| vcpu-1| I125: DDB: "longContentID" = "244cbd9b35185323afbd039f15dd191a" (was "74fdf99f2e95f31ea85126dbfffffffe")
2001-01-01T00:30:05.281Z| vcpu-1| I125: DISKLIB-CHAIN : DiskChainUpdateContentID: old=0xfffffffe, new=0x15dd191a (244cbd9b35185323afbd039f15dd191a)
2001-01-01T00:30:07.244Z| vcpu-0| I125: HBACommon: First write on scsi0:13.fileName='/vmfs/volumes/3a4fd8ce-fc4375c4-effb-5cf3fce846f8/SGRL-VCSA001/SGRL-VCSA001_12.vmdk'
2001-01-01T00:30:07.244Z| vcpu-0| I125: DDB: "longContentID" = "97145e15cdb85c998021fe1951a6bb7b" (was "d9c65ef00c92257b4c76b691fffffffe")
2001-01-01T00:30:07.250Z| vcpu-0| I125: DISKLIB-CHAIN : DiskChainUpdateContentID: old=0xfffffffe, new=0x51a6bb7b (97145e15cdb85c998021fe1951a6bb7b)
2001-01-01T00:30:08.453Z| vcpu-1| I125: HBACommon: First write on scsi0:14.fileName='/vmfs/volumes/3a4fd8ce-fc4375c4-effb-5cf3fce846f8/SGRL-VCSA001/SGRL-VCSA001_13.vmdk'
2001-01-01T00:30:08.453Z| vcpu-1| I125: DDB: "longContentID" = "71dbf248982a252e4bc0146011d26594" (was "b8fb812114b3c6df4ed51094fffffffe")
2001-01-01T00:30:08.470Z| vcpu-1| I125: DISKLIB-CHAIN : DiskChainUpdateContentID: old=0xfffffffe, new=0x11d26594 (71dbf248982a252e4bc0146011d26594)
2001-01-01T00:30:09.007Z| vcpu-1| I125: HBACommon: First write on scsi0:15.fileName='/vmfs/volumes/3a4fd8ce-fc4375c4-effb-5cf3fce846f8/SGRL-VCSA001/SGRL-VCSA001_14.vmdk'
2001-01-01T00:30:09.007Z| vcpu-1| I125: DDB: "longContentID" = "4db54d60866acd753c53e68c69e2e500" (was "b125c26ba1f858ec0093a87efffffffe")
2001-01-01T00:30:09.013Z| vcpu-1| I125: DISKLIB-CHAIN : DiskChainUpdateContentID: old=0xfffffffe, new=0x69e2e500 (4db54d60866acd753c53e68c69e2e500)
2001-01-01T00:30:09.566Z| vcpu-0| I125: HBACommon: First write on scsi1:0.fileName='/vmfs/volumes/3a4fd8ce-fc4375c4-effb-5cf3fce846f8/SGRL-VCSA001/SGRL-VCSA001_15.vmdk'
2001-01-01T00:30:09.566Z| vcpu-0| I125: DDB: "longContentID" = "2974acb8b7c2813549a5ca15c2be0d24" (was "eaa6263ef3743150f681619bfffffffe")
2001-01-01T00:30:09.572Z| vcpu-0| I125: DISKLIB-CHAIN : DiskChainUpdateContentID: old=0xfffffffe, new=0xc2be0d24 (2974acb8b7c2813549a5ca15c2be0d24)
2001-01-01T00:30:12.441Z| vmx| I125: GuestRpc: Got RPCI vsocket connection 13, assigned to channel 1.
2001-01-01T00:30:12.458Z| vmx| I125: GuestRpc: Got error for channel 1 connection 13: Remote disconnected
2001-01-01T00:30:12.458Z| vmx| I125: GuestRpc: Closing channel 1 connection 13
2001-01-01T00:30:12.830Z| vmx| I125: GuestRpc: Got RPCI vsocket connection 14, assigned to channel 1.
2001-01-01T00:30:12.850Z| vmx| I125: GuestRpc: Got error for channel 1 connection 14: Remote disconnected
2001-01-01T00:30:12.850Z| vmx| I125: GuestRpc: Closing channel 1 connection 14
2001-01-01T00:30:52.588Z| vmx| I125: VigorTransportProcessClientPayload: opID=eea19844 seq=1189: Receiving GuestOps.InitiateFileTransferFromGuest request.
2001-01-01T00:30:52.656Z| vcpu-1| I125: VigorTransport_ServerSendResponse opID=eea19844 seq=1189: Completed GuestOps request with messages.
2001-01-01T00:31:00.904Z| vmx| I125: VigorTransportProcessClientPayload: opID=eea19847 seq=1214: Receiving GuestOps.InitiateFileTransferFromGuest request.
2001-01-01T00:31:00.930Z| vcpu-1| I125: VigorTransport_ServerSendResponse opID=eea19847 seq=1214: Completed GuestOps request with messages.
2001-01-01T00:31:10.909Z| vmx| I125: VigorTransportProcessClientPayload: opID=eea19849 seq=1228: Receiving GuestOps.InitiateFileTransferFromGuest request.
2001-01-01T00:31:10.958Z| vcpu-1| I125: VigorTransport_ServerSendResponse opID=eea19849 seq=1228: Completed GuestOps request with messages.
2001-01-01T00:31:20.935Z| vmx| I125: VigorTransportProcessClientPayload: opID=eea1984b seq=1243: Receiving GuestOps.InitiateFileTransferFromGuest request.
2001-01-01T00:31:20.969Z| vcpu-0| I125: VigorTransport_ServerSendResponse opID=eea1984b seq=1243: Completed GuestOps request with messages.
2001-01-01T00:31:33.650Z| vmx| I125: VigorTransportProcessClientPayload: opID=eea1984e seq=1266: Receiving GuestOps.InitiateFileTransferFromGuest request.
2001-01-01T00:31:33.751Z| vcpu-0| I125: VigorTransport_ServerSendResponse opID=eea1984e seq=1266: Completed GuestOps request with messages.
2001-01-01T00:31:43.645Z| vmx| I125: VigorTransportProcessClientPayload: opID=eea19850 seq=1281: Receiving GuestOps.InitiateFileTransferFromGuest request.
2001-01-01T00:31:43.655Z| vcpu-0| I125: VigorTransport_ServerSendResponse opID=eea19850 seq=1281: Completed GuestOps request with messages.
2001-01-01T00:31:53.665Z| vmx| I125: VigorTransportProcessClientPayload: opID=eea19852 seq=1295: Receiving GuestOps.InitiateFileTransferFromGuest request.
2001-01-01T00:31:53.737Z| vcpu-0| I125: VigorTransport_ServerSendResponse opID=eea19852 seq=1295: Completed GuestOps request with messages.
2001-01-01T00:32:03.688Z| vmx| I125: VigorTransportProcessClientPayload: opID=eea19855 seq=1319: Receiving GuestOps.InitiateFileTransferFromGuest request.
2001-01-01T00:32:03.700Z| vcpu-0| I125: VigorTransport_ServerSendResponse opID=eea19855 seq=1319: Completed GuestOps request with messages.
2001-01-01T00:32:13.686Z| vmx| I125: VigorTransportProcessClientPayload: opID=eea19857 seq=1333: Receiving GuestOps.InitiateFileTransferFromGuest request.
2001-01-01T00:32:13.752Z| vcpu-0| I125: VigorTransport_ServerSendResponse opID=eea19857 seq=1333: Completed GuestOps request with messages.
2001-01-01T00:32:23.683Z| vmx| I125: VigorTransportProcessClientPayload: opID=eea19859 seq=1348: Receiving GuestOps.InitiateFileTransferFromGuest request.
2001-01-01T00:32:23.751Z| vcpu-0| I125: VigorTransport_ServerSendResponse opID=eea19859 seq=1348: Completed GuestOps request with messages.
2001-01-01T00:32:33.694Z| vmx| I125: VigorTransportProcessClientPayload: opID=eea1985c seq=1371: Receiving GuestOps.InitiateFileTransferFromGuest request.
2001-01-01T00:32:33.810Z| vcpu-1| I125: VigorTransport_ServerSendResponse opID=eea1985c seq=1371: Completed GuestOps request with messages.
2001-01-01T00:32:43.732Z| vmx| I125: VigorTransportProcessClientPayload: opID=eea19861 seq=1386: Receiving GuestOps.InitiateFileTransferFromGuest request.
2001-01-01T00:32:43.773Z| vcpu-1| I125: VigorTransport_ServerSendResponse opID=eea19861 seq=1386: Completed GuestOps request with messages.
2001-01-01T00:32:53.739Z| vmx| I125: VigorTransportProcessClientPayload: opID=eea19863 seq=1400: Receiving GuestOps.InitiateFileTransferFromGuest request.
2001-01-01T00:32:53.784Z| vcpu-1| I125: VigorTransport_ServerSendResponse opID=eea19863 seq=1400: Completed GuestOps request with messages.
2001-01-01T00:33:03.721Z| vmx| I125: VigorTransportProcessClientPayload: opID=eea19866 seq=1424: Receiving GuestOps.InitiateFileTransferFromGuest request.
2001-01-01T00:33:03.773Z| vcpu-1| I125: VigorTransport_ServerSendResponse opID=eea19866 seq=1424: Completed GuestOps request with messages.
2001-01-01T00:33:12.094Z| vmx| I125: GuestRpc: Got RPCI vsocket connection 15, assigned to channel 1.
2001-01-01T00:33:12.117Z| vmx| I125: GuestRpc: Got error for channel 1 connection 15: Remote disconnected
2001-01-01T00:33:12.117Z| vmx| I125: GuestRpc: Closing channel 1 connection 15
2001-01-01T00:33:13.728Z| vmx| I125: VigorTransportProcessClientPayload: opID=eea19868 seq=1438: Receiving GuestOps.InitiateFileTransferFromGuest request.
2001-01-01T00:33:13.828Z| vcpu-1| I125: VigorTransport_ServerSendResponse opID=eea19868 seq=1438: Completed GuestOps request with messages.
2001-01-01T00:33:23.754Z| vmx| I125: VigorTransportProcessClientPayload: opID=eea1986a seq=1453: Receiving GuestOps.InitiateFileTransferFromGuest request.
2001-01-01T00:33:23.823Z| vcpu-1| I125: VigorTransport_ServerSendResponse opID=eea1986a seq=1453: Completed GuestOps request with messages.
2001-01-01T00:33:33.745Z| vmx| I125: VigorTransportProcessClientPayload: opID=eea1986d seq=1476: Receiving GuestOps.InitiateFileTransferFromGuest request.
2001-01-01T00:33:33.772Z| vcpu-1| I125: VigorTransport_ServerSendResponse opID=eea1986d seq=1476: Completed GuestOps request with messages.
2001-01-01T00:33:43.757Z| vmx| I125: VigorTransportProcessClientPayload: opID=eea1986f seq=1491: Receiving GuestOps.InitiateFileTransferFromGuest request.
2001-01-01T00:33:43.811Z| vcpu-0| I125: VigorTransport_ServerSendResponse opID=eea1986f seq=1491: Completed GuestOps request with messages.
2001-01-01T00:33:53.779Z| vmx| I125: VigorTransportProcessClientPayload: opID=eea19871 seq=1505: Receiving GuestOps.InitiateFileTransferFromGuest request.
2001-01-01T00:33:53.823Z| vcpu-0| I125: VigorTransport_ServerSendResponse opID=eea19871 seq=1505: Completed GuestOps request with messages.
2001-01-01T00:34:03.791Z| vmx| I125: VigorTransportProcessClientPayload: opID=eea19874 seq=1529: Receiving GuestOps.InitiateFileTransferFromGuest request.
2001-01-01T00:34:03.886Z| vcpu-0| I125: VigorTransport_ServerSendResponse opID=eea19874 seq=1529: Completed GuestOps request with messages.
2001-01-01T00:34:13.809Z| vmx| I125: VigorTransportProcessClientPayload: opID=eea19876 seq=1543: Receiving GuestOps.InitiateFileTransferFromGuest request.
2001-01-01T00:34:13.866Z| vcpu-1| I125: VigorTransport_ServerSendResponse opID=eea19876 seq=1543: Completed GuestOps request with messages.
2001-01-01T00:34:22.490Z| vcpu-0| I125: VMXNET3 user: Quiesce device 0.
2001-01-01T00:34:22.491Z| vcpu-0| I125: Ethernet0 MAC Address: 00:0c:29:4f:d8:74
2001-01-01T00:34:22.491Z| vcpu-0| I125: VMXNET3 user: Ethernet0 RSS fields requested by vmx: 3
2001-01-01T00:34:22.496Z| vcpu-0| I125: VMXNET3 user: Ethernet0 Driver Info: version = 17104896 gosBits = 2 gosType = 1, gosVer = 0, gosMisc = 0
2001-01-01T00:34:22.496Z| vcpu-0| I125: VMXNET3 user: Activate request succeeds for device 0.
2001-01-01T00:34:23.394Z| vmx| I125: GuestRpc: Got RPCI vsocket connection 16, assigned to channel 1.
2001-01-01T00:34:23.413Z| vmx| I125: GuestRpc: Got error for channel 1 connection 16: Remote disconnected
2001-01-01T00:34:23.413Z| vmx| I125: GuestRpc: Closing channel 1 connection 16
2001-01-01T00:34:23.818Z| vmx| I125: VigorTransportProcessClientPayload: opID=eea19878 seq=1558: Receiving GuestOps.InitiateFileTransferFromGuest request.
2001-01-01T00:34:23.903Z| vcpu-1| I125: VigorTransport_ServerSendResponse opID=eea19878 seq=1558: Completed GuestOps request with messages.
2001-01-01T00:34:23.976Z| vmx| I125: GuestRpc: Got RPCI vsocket connection 17, assigned to channel 1.
2001-01-01T00:34:23.989Z| vmx| I125: GuestRpc: Got error for channel 1 connection 17: Remote disconnected
2001-01-01T00:34:23.989Z| vmx| I125: GuestRpc: Closing channel 1 connection 17
2001-01-01T00:34:29.524Z| vmx| I125: VigorTransportProcessClientPayload: opID=eea1987b seq=1580: Receiving GuestOps.InitiateFileTransferFromGuest request.
2001-01-01T00:34:29.570Z| vcpu-1| I125: VigorTransport_ServerSendResponse opID=eea1987b seq=1580: Completed GuestOps request with messages.
2001-01-01T00:36:39.605Z| vmx| I125: GuestRpc: Got RPCI vsocket connection 18, assigned to channel 1.
2001-01-01T00:36:39.625Z| vmx| I125: GuestRpc: Got error for channel 1 connection 18: Remote disconnected
2001-01-01T00:36:39.625Z| vmx| I125: GuestRpc: Closing channel 1 connection 18
2001-01-01T00:36:42.721Z| vmx| I125: GuestRpc: Got RPCI vsocket connection 19, assigned to channel 1.
2001-01-01T00:36:42.737Z| vmx| I125: GuestRpc: Got error for channel 1 connection 19: Remote disconnected
2001-01-01T00:36:42.737Z| vmx| I125: GuestRpc: Closing channel 1 connection 19
2001-01-01T00:36:45.238Z| vmx| I125: GuestRpc: Got RPCI vsocket connection 20, assigned to channel 1.
2001-01-01T00:36:45.261Z| vmx| I125: GuestRpc: Got error for channel 1 connection 20: Remote disconnected
2001-01-01T00:36:45.261Z| vmx| I125: GuestRpc: Closing channel 1 connection 20
2001-01-01T00:39:09.918Z| vmx| I125: GuestRpc: Got RPCI vsocket connection 21, assigned to channel 1.
2001-01-01T00:39:09.918Z| vmx| A100: ConfigDB: Setting tools.syncTime = "TRUE"
2001-01-01T00:39:09.961Z| vmx| I125: GuestRpc: Got error for channel 1 connection 21: Remote disconnected
2001-01-01T00:39:09.961Z| vmx| I125: GuestRpc: Closing channel 1 connection 21
2001-01-01T00:39:29.522Z| vmx| I125: Guest: *** WARNING: GuestInfo collection interval longer than expected; actual=-626248467 sec, expected=30 sec. ***
2001-01-01T00:39:29.522Z| vmx| I125+ 
2001-01-01T00:39:48.796Z| vmx| I125: GuestRpc: Got RPCI vsocket connection 22, assigned to channel 1.
2001-01-01T00:39:48.813Z| vmx| I125: GuestRpc: Got error for channel 1 connection 22: Remote disconnected
2001-01-01T00:39:48.813Z| vmx| I125: GuestRpc: Closing channel 1 connection 22
2001-01-01T00:40:28.686Z| vmx| I125: GuestRpc: Got RPCI vsocket connection 23, assigned to channel 1.
2001-01-01T00:40:28.703Z| vmx| I125: GuestRpc: Got error for channel 1 connection 23: Remote disconnected
2001-01-01T00:40:28.703Z| vmx| I125: GuestRpc: Closing channel 1 connection 23
2001-01-01T00:40:31.869Z| vmx| I125: GuestRpc: Got RPCI vsocket connection 24, assigned to channel 1.
2001-01-01T00:40:31.883Z| vmx| I125: GuestRpc: Got error for channel 1 connection 24: Remote disconnected
2001-01-01T00:40:31.883Z| vmx| I125: GuestRpc: Closing channel 1 connection 24
2001-01-01T00:40:32.639Z| vmx| I125: GuestRpc: Got RPCI vsocket connection 25, assigned to channel 1.
2001-01-01T00:40:32.655Z| vmx| I125: GuestRpc: Got error for channel 1 connection 25: Remote disconnected
2001-01-01T00:40:32.655Z| vmx| I125: GuestRpc: Closing channel 1 connection 25
2001-01-01T00:40:34.839Z| vmx| I125: GuestRpc: Got RPCI vsocket connection 26, assigned to channel 1.
2001-01-01T00:40:34.855Z| vmx| I125: GuestRpc: Got error for channel 1 connection 26: Remote disconnected
2001-01-01T00:40:34.855Z| vmx| I125: GuestRpc: Closing channel 1 connection 26
2001-01-01T00:40:34.888Z| vmx| I125: GuestRpc: Got RPCI vsocket connection 27, assigned to channel 1.
2001-01-01T00:40:34.907Z| vmx| I125: GuestRpc: Got error for channel 1 connection 27: Remote disconnected
2001-01-01T00:40:34.907Z| vmx| I125: GuestRpc: Closing channel 1 connection 27
2001-01-01T00:40:35.254Z| vmx| I125: GuestRpc: Got RPCI vsocket connection 28, assigned to channel 1.
2001-01-01T00:40:35.271Z| vmx| I125: GuestRpc: Got error for channel 1 connection 28: Remote disconnected
2001-01-01T00:40:35.271Z| vmx| I125: GuestRpc: Closing channel 1 connection 28
2001-01-01T00:40:35.367Z| vmx| I125: GuestRpc: Got RPCI vsocket connection 29, assigned to channel 1.
2001-01-01T00:40:35.379Z| vmx| I125: GuestRpc: Got error for channel 1 connection 29: Remote disconnected
2001-01-01T00:40:35.379Z| vmx| I125: GuestRpc: Closing channel 1 connection 29
2001-01-01T00:40:59.719Z| vmx| I125: GuestRpc: Got RPCI vsocket connection 30, assigned to channel 1.
2001-01-01T00:40:59.734Z| vmx| I125: GuestRpc: Got error for channel 1 connection 30: Remote disconnected
2001-01-01T00:40:59.734Z| vmx| I125: GuestRpc: Closing channel 1 connection 30
2001-01-01T00:41:02.688Z| vmx| I125: GuestRpc: Got RPCI vsocket connection 31, assigned to channel 1.
2001-01-01T00:41:02.706Z| vmx| I125: GuestRpc: Got error for channel 1 connection 31: Remote disconnected
2001-01-01T00:41:02.706Z| vmx| I125: GuestRpc: Closing channel 1 connection 31
2001-01-01T00:41:07.090Z| vmx| I125: GuestRpc: Got RPCI vsocket connection 32, assigned to channel 1.
2001-01-01T00:41:07.110Z| vmx| I125: GuestRpc: Got error for channel 1 connection 32: Remote disconnected
2001-01-01T00:41:07.110Z| vmx| I125: GuestRpc: Closing channel 1 connection 32
2001-01-01T00:41:10.598Z| vmx| I125: GuestRpc: Got RPCI vsocket connection 33, assigned to channel 1.
2001-01-01T00:41:10.615Z| vmx| I125: GuestRpc: Got error for channel 1 connection 33: Remote disconnected
2001-01-01T00:41:10.615Z| vmx| I125: GuestRpc: Closing channel 1 connection 33
2001-01-01T00:41:43.833Z| vmx| I125: GuestRpc: Got RPCI vsocket connection 34, assigned to channel 1.
2001-01-01T00:41:43.847Z| vmx| I125: GuestRpc: Got error for channel 1 connection 34: Remote disconnected
2001-01-01T00:41:43.847Z| vmx| I125: GuestRpc: Closing channel 1 connection 34
2001-01-01T00:42:36.708Z| vmx| I125: GuestRpc: Got RPCI vsocket connection 35, assigned to channel 1.
2001-01-01T00:42:36.723Z| vmx| I125: GuestRpc: Got error for channel 1 connection 35: Remote disconnected
2001-01-01T00:42:36.723Z| vmx| I125: GuestRpc: Closing channel 1 connection 35
2001-01-01T00:42:42.894Z| vmx| I125: GuestRpc: Got RPCI vsocket connection 36, assigned to channel 1.
2001-01-01T00:42:42.903Z| vmx| I125: GuestRpc: Got error for channel 1 connection 36: Remote disconnected
2001-01-01T00:42:42.903Z| vmx| I125: GuestRpc: Closing channel 1 connection 36
2001-01-01T00:42:58.013Z| vmx| I125: GuestRpc: Got RPCI vsocket connection 37, assigned to channel 1.
2001-01-01T00:42:58.027Z| vmx| I125: GuestRpc: Got error for channel 1 connection 37: Remote disconnected
2001-01-01T00:42:58.027Z| vmx| I125: GuestRpc: Closing channel 1 connection 37
2001-01-01T00:43:11.705Z| vmx| I125: GuestRpc: Got RPCI vsocket connection 38, assigned to channel 1.
2001-01-01T00:43:11.723Z| vmx| I125: GuestRpc: Got error for channel 1 connection 38: Remote disconnected
2001-01-01T00:43:11.723Z| vmx| I125: GuestRpc: Closing channel 1 connection 38
2001-01-01T00:43:18.284Z| vmx| I125: GuestRpc: Got RPCI vsocket connection 39, assigned to channel 1.
2001-01-01T00:43:18.299Z| vmx| I125: GuestRpc: Got error for channel 1 connection 39: Remote disconnected
2001-01-01T00:43:18.299Z| vmx| I125: GuestRpc: Closing channel 1 connection 39
2001-01-01T00:43:26.687Z| vmx| I125: GuestRpc: Got RPCI vsocket connection 40, assigned to channel 1.
2001-01-01T00:43:26.703Z| vmx| I125: GuestRpc: Got error for channel 1 connection 40: Remote disconnected
2001-01-01T00:43:26.703Z| vmx| I125: GuestRpc: Closing channel 1 connection 40
2001-01-01T00:43:27.910Z| vmx| I125: GuestRpc: Got RPCI vsocket connection 41, assigned to channel 1.
2001-01-01T00:43:27.923Z| vmx| I125: GuestRpc: Got error for channel 1 connection 41: Remote disconnected
2001-01-01T00:43:27.923Z| vmx| I125: GuestRpc: Closing channel 1 connection 41
2001-01-01T00:43:43.184Z| vmx| I125: GuestRpc: Got RPCI vsocket connection 42, assigned to channel 1.
2001-01-01T00:43:43.199Z| vmx| I125: GuestRpc: Got error for channel 1 connection 42: Remote disconnected
2001-01-01T00:43:43.199Z| vmx| I125: GuestRpc: Closing channel 1 connection 42
2001-01-01T00:43:48.547Z| vmx| I125: GuestRpc: Got RPCI vsocket connection 43, assigned to channel 1.
2001-01-01T00:43:48.567Z| vmx| I125: GuestRpc: Got error for channel 1 connection 43: Remote disconnected
2001-01-01T00:43:48.567Z| vmx| I125: GuestRpc: Closing channel 1 connection 43
2001-01-01T00:44:34.427Z| vmx| I125: GuestRpc: Got RPCI vsocket connection 44, assigned to channel 1.
2001-01-01T00:44:34.443Z| vmx| I125: GuestRpc: Got error for channel 1 connection 44: Remote disconnected
2001-01-01T00:44:34.443Z| vmx| I125: GuestRpc: Closing channel 1 connection 44
2001-01-01T00:44:42.260Z| vmx| I125: GuestRpc: Got RPCI vsocket connection 45, assigned to channel 1.
2001-01-01T00:44:42.283Z| vmx| I125: GuestRpc: Got error for channel 1 connection 45: Remote disconnected
2001-01-01T00:44:42.283Z| vmx| I125: GuestRpc: Closing channel 1 connection 45
2001-01-01T00:44:52.487Z| vmx| I125: GuestRpc: Got RPCI vsocket connection 46, assigned to channel 1.
2001-01-01T00:44:52.506Z| vmx| I125: GuestRpc: Got error for channel 1 connection 46: Remote disconnected
2001-01-01T00:44:52.507Z| vmx| I125: GuestRpc: Closing channel 1 connection 46
2001-01-01T00:45:05.632Z| vmx| I125: GuestRpc: Got RPCI vsocket connection 47, assigned to channel 1.
2001-01-01T00:45:05.646Z| vmx| I125: GuestRpc: Got error for channel 1 connection 47: Remote disconnected
2001-01-01T00:45:05.646Z| vmx| I125: GuestRpc: Closing channel 1 connection 47
2001-01-01T00:45:07.795Z| vmx| I125: GuestRpc: Got RPCI vsocket connection 48, assigned to channel 1.
2001-01-01T00:45:07.810Z| vmx| I125: GuestRpc: Got error for channel 1 connection 48: Remote disconnected
2001-01-01T00:45:07.810Z| vmx| I125: GuestRpc: Closing channel 1 connection 48
2001-01-01T00:45:20.121Z| vmx| I125: GuestRpc: Got RPCI vsocket connection 49, assigned to channel 1.
2001-01-01T00:45:20.134Z| vmx| I125: GuestRpc: Got error for channel 1 connection 49: Remote disconnected
2001-01-01T00:45:20.134Z| vmx| I125: GuestRpc: Closing channel 1 connection 49
2001-01-01T00:45:22.489Z| vmx| I125: GuestRpc: Got RPCI vsocket connection 50, assigned to channel 1.
2001-01-01T00:45:22.502Z| vmx| I125: GuestRpc: Got error for channel 1 connection 50: Remote disconnected
2001-01-01T00:45:22.502Z| vmx| I125: GuestRpc: Closing channel 1 connection 50
2001-01-01T00:45:23.936Z| vmx| I125: GuestRpc: Got RPCI vsocket connection 51, assigned to channel 1.
2001-01-01T00:45:23.954Z| vmx| I125: GuestRpc: Got error for channel 1 connection 51: Remote disconnected
2001-01-01T00:45:23.954Z| vmx| I125: GuestRpc: Closing channel 1 connection 51
2001-01-01T00:45:37.911Z| vmx| I125: GuestRpc: Got RPCI vsocket connection 52, assigned to channel 1.
2001-01-01T00:45:37.930Z| vmx| I125: GuestRpc: Got error for channel 1 connection 52: Remote disconnected
2001-01-01T00:45:37.930Z| vmx| I125: GuestRpc: Closing channel 1 connection 52
2001-01-01T00:45:54.567Z| vmx| I125: GuestRpc: Got RPCI vsocket connection 53, assigned to channel 1.
2001-01-01T00:45:54.586Z| vmx| I125: GuestRpc: Got error for channel 1 connection 53: Remote disconnected
2001-01-01T00:45:54.586Z| vmx| I125: GuestRpc: Closing channel 1 connection 53
2001-01-01T00:46:06.564Z| vmx| I125: GuestRpc: Got RPCI vsocket connection 54, assigned to channel 1.
2001-01-01T00:46:06.586Z| vmx| I125: GuestRpc: Got error for channel 1 connection 54: Remote disconnected
2001-01-01T00:46:06.586Z| vmx| I125: GuestRpc: Closing channel 1 connection 54
2001-01-01T00:46:38.902Z| vmx| I125: GuestRpc: Got RPCI vsocket connection 55, assigned to channel 1.
2001-01-01T00:46:38.910Z| vmx| I125: GuestRpc: Got error for channel 1 connection 55: Remote disconnected
2001-01-01T00:46:38.910Z| vmx| I125: GuestRpc: Closing channel 1 connection 55
2001-01-01T00:46:48.991Z| vmx| I125: GuestRpc: Got RPCI vsocket connection 56, assigned to channel 1.
2001-01-01T00:46:49.014Z| vmx| I125: GuestRpc: Got error for channel 1 connection 56: Remote disconnected
2001-01-01T00:46:49.014Z| vmx| I125: GuestRpc: Closing channel 1 connection 56
2001-01-01T00:47:10.903Z| vmx| I125: GuestRpc: Got RPCI vsocket connection 57, assigned to channel 1.
2001-01-01T00:47:10.922Z| vmx| I125: GuestRpc: Got error for channel 1 connection 57: Remote disconnected
2001-01-01T00:47:10.922Z| vmx| I125: GuestRpc: Closing channel 1 connection 57
2001-01-01T00:47:58.130Z| vmx| I125: GuestRpc: Got RPCI vsocket connection 58, assigned to channel 1.
2001-01-01T00:47:58.150Z| vmx| I125: GuestRpc: Got error for channel 1 connection 58: Remote disconnected
2001-01-01T00:47:58.150Z| vmx| I125: GuestRpc: Closing channel 1 connection 58
2001-01-01T00:48:52.013Z| vmx| I125: GuestRpc: Got RPCI vsocket connection 59, assigned to channel 1.
2001-01-01T00:48:52.026Z| vmx| I125: GuestRpc: Got error for channel 1 connection 59: Remote disconnected
2001-01-01T00:48:52.026Z| vmx| I125: GuestRpc: Closing channel 1 connection 59
2001-01-01T00:50:08.855Z| vmx| I125: GuestRpc: Got RPCI vsocket connection 60, assigned to channel 1.
2001-01-01T00:50:08.878Z| vmx| I125: GuestRpc: Got error for channel 1 connection 60: Remote disconnected
2001-01-01T00:50:08.878Z| vmx| I125: GuestRpc: Closing channel 1 connection 60
2001-01-01T00:50:29.442Z| vmx| I125: GuestRpc: Got RPCI vsocket connection 61, assigned to channel 1.
2001-01-01T00:50:29.458Z| vmx| I125: GuestRpc: Got error for channel 1 connection 61: Remote disconnected
2001-01-01T00:50:29.458Z| vmx| I125: GuestRpc: Closing channel 1 connection 61
2001-01-01T00:50:37.865Z| vmx| I125: GuestRpc: Got RPCI vsocket connection 62, assigned to channel 1.
2001-01-01T00:50:37.878Z| vmx| I125: GuestRpc: Got error for channel 1 connection 62: Remote disconnected
2001-01-01T00:50:37.878Z| vmx| I125: GuestRpc: Closing channel 1 connection 62
2001-01-01T00:50:42.688Z| vmx| I125: GuestRpc: Got RPCI vsocket connection 63, assigned to channel 1.
2001-01-01T00:50:42.706Z| vmx| I125: GuestRpc: Got error for channel 1 connection 63: Remote disconnected
2001-01-01T00:50:42.706Z| vmx| I125: GuestRpc: Closing channel 1 connection 63
2001-01-01T00:50:46.137Z| vmx| I125: GuestRpc: Got RPCI vsocket connection 64, assigned to channel 1.
2001-01-01T00:50:46.150Z| vmx| I125: GuestRpc: Got error for channel 1 connection 64: Remote disconnected
2001-01-01T00:50:46.150Z| vmx| I125: GuestRpc: Closing channel 1 connection 64
2001-01-01T00:50:58.052Z| vmx| I125: GuestRpc: Got RPCI vsocket connection 65, assigned to channel 1.
2001-01-01T00:50:58.070Z| vmx| I125: GuestRpc: Got error for channel 1 connection 65: Remote disconnected
2001-01-01T00:50:58.070Z| vmx| I125: GuestRpc: Closing channel 1 connection 65
2001-01-01T00:51:05.543Z| vmx| I125: GuestRpc: Got RPCI vsocket connection 66, assigned to channel 1.
2001-01-01T00:51:05.566Z| vmx| I125: GuestRpc: Got error for channel 1 connection 66: Remote disconnected
2001-01-01T00:51:05.566Z| vmx| I125: GuestRpc: Closing channel 1 connection 66
2001-01-01T00:51:09.137Z| vmx| I125: GuestRpc: Got RPCI vsocket connection 67, assigned to channel 1.
2001-01-01T00:51:09.146Z| vmx| I125: GuestRpc: Got error for channel 1 connection 67: Remote disconnected
2001-01-01T00:51:09.146Z| vmx| I125: GuestRpc: Closing channel 1 connection 67
2001-01-01T00:51:18.382Z| vmx| I125: GuestRpc: Got RPCI vsocket connection 68, assigned to channel 1.
2001-01-01T00:51:18.398Z| vmx| I125: GuestRpc: Got error for channel 1 connection 68: Remote disconnected
2001-01-01T00:51:18.398Z| vmx| I125: GuestRpc: Closing channel 1 connection 68
2001-01-01T00:51:28.127Z| vmx| I125: GuestRpc: Got RPCI vsocket connection 69, assigned to channel 1.
2001-01-01T00:51:28.150Z| vmx| I125: GuestRpc: Got error for channel 1 connection 69: Remote disconnected
2001-01-01T00:51:28.150Z| vmx| I125: GuestRpc: Closing channel 1 connection 69
2001-01-01T00:51:37.002Z| vmx| I125: GuestRpc: Got RPCI vsocket connection 70, assigned to channel 1.
2001-01-01T00:51:37.018Z| vmx| I125: GuestRpc: Got error for channel 1 connection 70: Remote disconnected
2001-01-01T00:51:37.018Z| vmx| I125: GuestRpc: Closing channel 1 connection 70
2001-01-01T00:51:40.933Z| vmx| I125: GuestRpc: Got RPCI vsocket connection 71, assigned to channel 1.
2001-01-01T00:51:40.938Z| vmx| I125: GuestRpc: Got error for channel 1 connection 71: Remote disconnected
2001-01-01T00:51:40.938Z| vmx| I125: GuestRpc: Closing channel 1 connection 71
2001-01-01T00:52:13.752Z| vmx| I125: GuestRpc: Got RPCI vsocket connection 72, assigned to channel 1.
2001-01-01T00:52:13.770Z| vmx| I125: GuestRpc: Got error for channel 1 connection 72: Remote disconnected
2001-01-01T00:52:13.770Z| vmx| I125: GuestRpc: Closing channel 1 connection 72
2001-01-01T00:52:22.370Z| vmx| I125: GuestRpc: Got RPCI vsocket connection 73, assigned to channel 1.
2001-01-01T00:52:22.390Z| vmx| I125: GuestRpc: Got error for channel 1 connection 73: Remote disconnected
2001-01-01T00:52:22.390Z| vmx| I125: GuestRpc: Closing channel 1 connection 73
2001-01-01T00:52:45.853Z| vmx| I125: GuestRpc: Got RPCI vsocket connection 74, assigned to channel 1.
2001-01-01T00:52:45.870Z| vmx| I125: GuestRpc: Got error for channel 1 connection 74: Remote disconnected
2001-01-01T00:52:45.870Z| vmx| I125: GuestRpc: Closing channel 1 connection 74
2001-01-01T00:52:56.558Z| vmx| I125: GuestRpc: Got RPCI vsocket connection 75, assigned to channel 1.
2001-01-01T00:52:56.574Z| vmx| I125: GuestRpc: Got error for channel 1 connection 75: Remote disconnected
2001-01-01T00:52:56.574Z| vmx| I125: GuestRpc: Closing channel 1 connection 75
2001-01-01T00:53:04.882Z| vmx| I125: GuestRpc: Got RPCI vsocket connection 76, assigned to channel 1.
2001-01-01T00:53:04.906Z| vmx| I125: GuestRpc: Got error for channel 1 connection 76: Remote disconnected
2001-01-01T00:53:04.906Z| vmx| I125: GuestRpc: Closing channel 1 connection 76
2001-01-01T00:53:14.232Z| vmx| I125: GuestRpc: Got RPCI vsocket connection 77, assigned to channel 1.
2001-01-01T00:53:14.250Z| vmx| I125: GuestRpc: Got error for channel 1 connection 77: Remote disconnected
2001-01-01T00:53:14.250Z| vmx| I125: GuestRpc: Closing channel 1 connection 77
2001-01-01T00:54:12.952Z| vmx| I125: GuestRpc: Got RPCI vsocket connection 78, assigned to channel 1.
2001-01-01T00:54:12.966Z| vmx| I125: GuestRpc: Got error for channel 1 connection 78: Remote disconnected
2001-01-01T00:54:12.966Z| vmx| I125: GuestRpc: Closing channel 1 connection 78
2001-01-01T00:54:22.659Z| vmx| I125: GuestRpc: Got RPCI vsocket connection 79, assigned to channel 1.
2001-01-01T00:54:22.673Z| vmx| I125: GuestRpc: Got error for channel 1 connection 79: Remote disconnected
2001-01-01T00:54:22.673Z| vmx| I125: GuestRpc: Closing channel 1 connection 79
2001-01-01T00:55:11.416Z| vmx| I125: GuestRpc: Got RPCI vsocket connection 80, assigned to channel 1.
2001-01-01T00:55:11.439Z| vmx| I125: GuestRpc: Got error for channel 1 connection 80: Remote disconnected
2001-01-01T00:55:11.439Z| vmx| I125: GuestRpc: Closing channel 1 connection 80
2001-01-01T00:58:09.120Z| vmx| I125: GuestRpc: Got RPCI vsocket connection 81, assigned to channel 1.
2001-01-01T00:58:09.133Z| vmx| I125: GuestRpc: Got error for channel 1 connection 81: Remote disconnected
2001-01-01T00:58:09.133Z| vmx| I125: GuestRpc: Closing channel 1 connection 81
2001-01-01T00:58:09.143Z| vmx| I125: GuestRpc: Got RPCI vsocket connection 82, assigned to channel 1.
2001-01-01T00:58:09.161Z| vmx| I125: GuestRpc: Got error for channel 1 connection 82: Remote disconnected
2001-01-01T00:58:09.161Z| vmx| I125: GuestRpc: Closing channel 1 connection 82
2001-01-01T01:15:47.092Z| svga| I125: MKSScreenShotMgr: Taking a screenshot
2001-01-01T01:16:47.998Z| svga| I125: MKSScreenShotMgr: Taking a screenshot
2001-01-01T01:16:52.137Z| vmx| I125: GuestRpc: Got RPCI vsocket connection 83, assigned to channel 1.
2001-01-01T01:16:52.157Z| vmx| I125: GuestRpc: Got error for channel 1 connection 83: Remote disconnected
2001-01-01T01:16:52.157Z| vmx| I125: GuestRpc: Closing channel 1 connection 83
2001-01-01T01:16:52.573Z| vmx| I125: GuestRpc: Got RPCI vsocket connection 84, assigned to channel 1.
2001-01-01T01:16:52.593Z| vmx| I125: GuestRpc: Got error for channel 1 connection 84: Remote disconnected
2001-01-01T01:16:52.593Z| vmx| I125: GuestRpc: Closing channel 1 connection 84
2001-01-01T01:17:05.035Z| vmx| I125: GuestRpc: Got RPCI vsocket connection 85, assigned to channel 1.
2001-01-01T01:17:05.053Z| vmx| I125: GuestRpc: Got error for channel 1 connection 85: Remote disconnected
2001-01-01T01:17:05.053Z| vmx| I125: GuestRpc: Closing channel 1 connection 85
2001-01-01T01:17:09.483Z| vmx| I125: GuestRpc: Got RPCI vsocket connection 86, assigned to channel 1.
2001-01-01T01:17:09.497Z| vmx| I125: GuestRpc: Got error for channel 1 connection 86: Remote disconnected
2001-01-01T01:17:09.497Z| vmx| I125: GuestRpc: Closing channel 1 connection 86
2001-01-01T01:17:48.960Z| svga| I125: MKSScreenShotMgr: Taking a screenshot
2001-01-01T01:18:50.143Z| svga| I125: MKSScreenShotMgr: Taking a screenshot
2001-01-01T01:19:50.953Z| svga| I125: MKSScreenShotMgr: Taking a screenshot
2001-01-01T01:20:51.983Z| svga| I125: MKSScreenShotMgr: Taking a screenshot
2001-01-01T01:21:53.642Z| svga| I125: MKSScreenShotMgr: Taking a screenshot
2001-01-01T01:23:25.334Z| svga| I125: MKSScreenShotMgr: Taking a screenshot
2001-01-01T01:25:23.987Z| svga| I125: MKSScreenShotMgr: Taking a screenshot
2001-01-01T01:26:23.990Z| svga| I125: MKSScreenShotMgr: Taking a screenshot
2001-01-01T01:27:24.985Z| svga| I125: MKSScreenShotMgr: Taking a screenshot
2001-01-01T01:28:25.108Z| svga| I125: MKSScreenShotMgr: Taking a screenshot
2001-01-01T01:29:25.994Z| svga| I125: MKSScreenShotMgr: Taking a screenshot
2001-01-01T01:31:02.771Z| vcpu-1| I125: Preparing for SPEC_CTRL Guest MSR write (0x48) passthrough.
2001-01-01T01:31:02.771Z| vcpu-0| I125: Preparing for SPEC_CTRL Guest MSR write (0x48) passthrough.
2001-01-01T01:38:19.894Z| svga| I125: MKSScreenShotMgr: Taking a screenshot
2001-01-01T01:38:21.081Z| vmx| I125: VigorTransportProcessClientPayload: opID=esxui-baa7-9a07 seq=3031: Receiving PowerState.InitiatePowerOff request.
2001-01-01T01:38:21.081Z| vmx| I125: Tools: sending 'OS_Halt' (state = 1) state change request
2001-01-01T01:38:21.082Z| vmx| I125: Tools: Changing running status: 1 => 2.
2001-01-01T01:38:21.082Z| vmx| I125: Vix: [vmxCommands.c:535]: VMAutomation_InitiatePowerOff. Tried to soft halt. Success = 1
2001-01-01T01:38:21.168Z| vmx| I125: TOOLS state change 1 returned status 1
2001-01-01T01:38:21.168Z| vmx| I125: VigorTransport_ServerSendResponse opID=esxui-baa7-9a07 seq=3031: Completed PowerState request.
2001-01-01T01:38:21.168Z| vmx| I125: Tools: Changing running status: 2 => 1.
2001-01-01T01:38:21.232Z| vmx| I125: GuestRpc: Got RPCI vsocket connection 87, assigned to channel 1.
2001-01-01T01:38:21.253Z| vmx| I125: GuestRpc: Got error for channel 1 connection 87: Remote disconnected
2001-01-01T01:38:21.253Z| vmx| I125: GuestRpc: Closing channel 1 connection 87
2001-01-01T01:38:21.443Z| vcpu-1| I125: GuestRpc: Reinitializing Channel 0(toolbox)
2001-01-01T01:38:21.457Z| vmx| I125: GuestRpc: Got error for channel 0 connection 4: Remote disconnected
2001-01-01T01:38:21.457Z| vmx| I125: GuestRpc: Closing channel 0 connection 4
2001-01-01T01:38:42.679Z| vcpu-0| I125: Tools: Tools heartbeat timeout.
2001-01-01T01:38:42.679Z| vcpu-0| I125: Tools: Running status rpc handler: 1 => 0.
2001-01-01T01:38:42.679Z| vcpu-0| I125: Tools: Changing running status: 1 => 0.
2001-01-01T01:40:22.157Z| vcpu-1| I125: VMXNET3 user: Quiesce device 0.
2001-01-01T01:40:22.167Z| vcpu-1| I125: APIC THERMLVT write: 0x10000
2001-01-01T01:40:22.167Z| vcpu-0| I125: APIC THERMLVT write: 0x10000
2001-01-01T01:40:22.168Z| vcpu-0| I125: PIIX4: PM Soft Off.  Good-bye.
2001-01-01T01:40:22.168Z| vcpu-0| I125: Chipset: Issuing power-off request...
2001-01-01T01:40:22.168Z| vcpu-0| A100: ConfigDB: Setting softPowerOff = "TRUE"
2001-01-01T01:40:22.185Z| vmx| I125: Stopping VCPU threads...
2001-01-01T01:40:22.185Z| vcpu-0| I125: VMMon_WaitForExit: vcpu-0: worldID=2099772
2001-01-01T01:40:22.185Z| vcpu-1| I125: VMMon_WaitForExit: vcpu-1: worldID=2099776
2001-01-01T01:40:22.187Z| svga| I125: SVGA thread is exiting
2001-01-01T01:40:22.187Z| vmx| I125: MKS thread is stopped
2001-01-01T01:40:22.187Z| vmx| I125: 
2001-01-01T01:40:22.187Z| vmx| I125+ OvhdMem: Final (Power Off) Overheads
2001-01-01T01:40:22.187Z| vmx| I125:                                                       reserved      |          used
2001-01-01T01:40:22.187Z| vmx| I125: OvhdMem excluded                                  cur    max    avg |    cur    max    avg
2001-01-01T01:40:22.187Z| vmx| I125: OvhdMem OvhdUser_MainMem                    :  3145728 3145728      - | 3145728 3145728      -
2001-01-01T01:40:22.187Z| vmx| I125: OvhdMem OvhdUser_VmxText                    :    7168   7168      - |      0      0      -
2001-01-01T01:40:22.187Z| vmx| I125: OvhdMem OvhdUser_VmxTextLibs                :   15360  15360      - |      0      0      -
2001-01-01T01:40:22.187Z| vmx| I125: OvhdMem Total excluded                      :  3168256 3168256      - |      -      -      -
2001-01-01T01:40:22.187Z| vmx| I125: OvhdMem Actual maximum                      :         3168256        |             -
2001-01-01T01:40:22.187Z| vmx| I125+ 
2001-01-01T01:40:22.187Z| vmx| I125:                                                       reserved      |          used
2001-01-01T01:40:22.187Z| vmx| I125: OvhdMem paged                                     cur    max    avg |    cur    max    avg
2001-01-01T01:40:22.187Z| vmx| I125: OvhdMem OvhdUser_KSTATS_vmm                 :       0      0      - |      0      0      -
2001-01-01T01:40:22.187Z| vmx| I125: OvhdMem OvhdUser_STATS_vmm                  :       4      4      - |      0      0      -
2001-01-01T01:40:22.187Z| vmx| I125: OvhdMem OvhdUser_KSTATS_device              :       0      0      - |      0      0      -
2001-01-01T01:40:22.187Z| vmx| I125: OvhdMem OvhdUser_STATS_device               :       2      2      - |      0      0      -
2001-01-01T01:40:22.187Z| vmx| I125: OvhdMem OvhdUser_KSTATS_migrate             :       0      0      - |      0      0      -
2001-01-01T01:40:22.187Z| vmx| I125: OvhdMem OvhdUser_IOFiltersMalloc            :       0      0      - |      0      0      -
2001-01-01T01:40:22.187Z| vmx| I125: OvhdMem OvhdUser_DiskLibMemUsed             :    3075   3075      - |      0      0      -
2001-01-01T01:40:22.187Z| vmx| I125: OvhdMem OvhdUser_SvgaSurfaceTable           :       0      0      - |      0      0      -
2001-01-01T01:40:22.187Z| vmx| I125: OvhdMem OvhdUser_SvgaBESurfaceTable         :       0      0      - |      0      0      -
2001-01-01T01:40:22.187Z| vmx| I125: OvhdMem OvhdUser_SvgaHBTables               :       0      0      - |      0      0      -
2001-01-01T01:40:22.187Z| vmx| I125: OvhdMem OvhdUser_SvgaHBMobListTable         :       0      0      - |      0      0      -
2001-01-01T01:40:22.187Z| vmx| I125: OvhdMem OvhdUser_SvgaHBShaderTable          :       0      0      - |      0      0      -
2001-01-01T01:40:22.187Z| vmx| I125: OvhdMem OvhdUser_SvgaRestoreBufferArray     :       0      0      - |      0      0      -
2001-01-01T01:40:22.187Z| vmx| I125: OvhdMem OvhdUser_SvgaSDirtyCache            :      48     48      - |      0      0      -
2001-01-01T01:40:22.187Z| vmx| I125: OvhdMem OvhdUser_SvgaShaderTable            :       0      0      - |      0      0      -
2001-01-01T01:40:22.187Z| vmx| I125: OvhdMem OvhdUser_SvgaShaderText             :       0      0      - |      0      0      -
2001-01-01T01:40:22.187Z| vmx| I125: OvhdMem OvhdUser_SvgaContextCache           :       0      0      - |      0      0      -
2001-01-01T01:40:22.187Z| vmx| I125: OvhdMem OvhdUser_SvgaMobCache               :     264    264      - |     24     24      -
2001-01-01T01:40:22.187Z| vmx| I125: OvhdMem OvhdUser_SvgaDXRTViewTable          :       0      0      - |      0      0      -
2001-01-01T01:40:22.187Z| vmx| I125: OvhdMem OvhdUser_SvgaDXDSViewTable          :       0      0      - |      0      0      -
2001-01-01T01:40:22.187Z| vmx| I125: OvhdMem OvhdUser_SvgaDXSRViewTable          :       0      0      - |      0      0      -
2001-01-01T01:40:22.187Z| vmx| I125: OvhdMem OvhdUser_SvgaDXBlendStateTable      :       0      0      - |      0      0      -
2001-01-01T01:40:22.187Z| vmx| I125: OvhdMem OvhdUser_SvgaDXElementLayoutTable   :       0      0      - |      0      0      -
2001-01-01T01:40:22.187Z| vmx| I125: OvhdMem OvhdUser_SvgaDXDepthStencilTable    :       0      0      - |      0      0      -
2001-01-01T01:40:22.187Z| vmx| I125: OvhdMem OvhdUser_SvgaDXRasterizerStateTable :       0      0      - |      0      0      -
2001-01-01T01:40:22.187Z| vmx| I125: OvhdMem OvhdUser_SvgaDXSamplerTable         :       0      0      - |      0      0      -
2001-01-01T01:40:22.187Z| vmx| I125: OvhdMem OvhdUser_SvgaDXContextTable         :       0      0      - |      0      0      -
2001-01-01T01:40:22.187Z| vmx| I125: OvhdMem OvhdUser_SvgaDXShaderTable          :       0      0      - |      0      0      -
2001-01-01T01:40:22.187Z| vmx| I125: OvhdMem OvhdUser_SvgaDXShaderText           :       0      0      - |      0      0      -
2001-01-01T01:40:22.187Z| vmx| I125: OvhdMem OvhdUser_SvgaDXStreamOutTable       :       0      0      - |      0      0      -
2001-01-01T01:40:22.187Z| vmx| I125: OvhdMem OvhdUser_SvgaDXQueryTable           :       0      0      - |      0      0      -
2001-01-01T01:40:22.187Z| vmx| I125: OvhdMem OvhdUser_SvgaVAProcessorTable       :       0      0      - |      0      0      -
2001-01-01T01:40:22.187Z| vmx| I125: OvhdMem OvhdUser_SvgaVADecoderTable         :       0      0      - |      0      0      -
2001-01-01T01:40:22.187Z| vmx| I125: OvhdMem OvhdUser_VmxAllocTrack              :       0      0      - |      0      0      -
2001-01-01T01:40:22.187Z| vmx| I125: OvhdMem OvhdUser_VmxASAN                    :       0      0      - |      0      0      -
2001-01-01T01:40:22.187Z| vmx| I125: OvhdMem OvhdUser_VmxCallStackProf           :       0      0      - |      0      0      -
2001-01-01T01:40:22.187Z| vmx| I125: OvhdMem OvhdUser_VmxGlobals                 :    1216   1216      - |      0      0      -
2001-01-01T01:40:22.187Z| vmx| I125: OvhdMem OvhdUser_VmxGlobalsLibs             :    3584   3584      - |      0      0      -
2001-01-01T01:40:22.187Z| vmx| I125: OvhdMem OvhdUser_VmxHeap                    :    8704   8704      - |      0      0      -
2001-01-01T01:40:22.187Z| vmx| I125: OvhdMem OvhdUser_VmxHeapFreeList            :       0      0      - |      0      0      -
2001-01-01T01:40:22.187Z| vmx| I125: OvhdMem OvhdUser_VmxMks                     :      33     33      - |      1     10      -
2001-01-01T01:40:22.187Z| vmx| I125: OvhdMem OvhdUser_VmxMksRenderOps            :      16     16      - |      3      3      -
2001-01-01T01:40:22.187Z| vmx| I125: OvhdMem OvhdUser_VmxMks3d                   :       0      0      - |      0      0      -
2001-01-01T01:40:22.187Z| vmx| I125: OvhdMem OvhdUser_VmxMksHBMobs               :       0      0      - |      0      0      -
2001-01-01T01:40:22.187Z| vmx| I125: OvhdMem OvhdUser_VmxMksGLRenderer           :       0      0      - |      0      0      -
2001-01-01T01:40:22.187Z| vmx| I125: OvhdMem OvhdUser_VmxMksGLTransient          :       0      0      - |      0      0      -
2001-01-01T01:40:22.187Z| vmx| I125: OvhdMem OvhdUser_VmxMksLLVM                 :       0      0      - |      0      0      -
2001-01-01T01:40:22.187Z| vmx| I125: OvhdMem OvhdUser_VmxMksScreenTemp           :    5378   5378      - |      0      7      -
2001-01-01T01:40:22.187Z| vmx| I125: OvhdMem OvhdUser_VmxMksVnc                  :    2682   2682      - |      0      0      -
2001-01-01T01:40:22.187Z| vmx| I125: OvhdMem OvhdUser_VmxMksScreen               :    2051   2051      - |      0    469      -
2001-01-01T01:40:22.187Z| vmx| I125: OvhdMem OvhdUser_VmxMksSVGAVO               :    4096   4096      - |      0      0      -
2001-01-01T01:40:22.187Z| vmx| I125: OvhdMem OvhdUser_VmxMksVMVA                 :       0      0      - |      0      0      -
2001-01-01T01:40:22.187Z| vmx| I125: OvhdMem OvhdUser_VmxPhysMemRingBuf          :       0      0      - |      0      0      -
2001-01-01T01:40:22.187Z| vmx| I125: OvhdMem OvhdUser_VmxPhysMemErrPages         :      10     10      - |      0      0      -
2001-01-01T01:40:22.187Z| vmx| I125: OvhdMem OvhdUser_VmxFTCptOutputBuf          :       0      0      - |      0      0      -
2001-01-01T01:40:22.187Z| vmx| I125: OvhdMem OvhdUser_VmxSLEntryBuf              :     128    128      - |      0      0      -
2001-01-01T01:40:22.187Z| vmx| I125: OvhdMem OvhdUser_VmxThreads                 :   18944  18944      - |      0      0      -
2001-01-01T01:40:22.187Z| vmx| I125: OvhdMem Total paged                         :   50235  50235      - |     28    513      -
2001-01-01T01:40:22.187Z| vmx| I125: OvhdMem Actual maximum                      :          50235        |           504
2001-01-01T01:40:22.187Z| vmx| I125+ 
2001-01-01T01:40:22.187Z| vmx| I125:                                                       reserved      |          used
2001-01-01T01:40:22.187Z| vmx| I125: OvhdMem nonpaged                                  cur    max    avg |    cur    max    avg
2001-01-01T01:40:22.187Z| vmx| I125: OvhdMem OvhdUser_SharedArea                 :      98     98      - |     59     59      -
2001-01-01T01:40:22.187Z| vmx| I125: OvhdMem OvhdUser_BusMemTraceBitmap          :      99     99      - |      0      0      -
2001-01-01T01:40:22.188Z| vmx| I125: OvhdMem OvhdUser_PFrame                     :       0      0      - |      0      0      -
2001-01-01T01:40:22.188Z| vmx| I125: OvhdMem OvhdUser_VProbe                     :       0      0      - |      0      0      -
2001-01-01T01:40:22.188Z| vmx| I125: OvhdMem OvhdUser_VIDE_KSEG                  :      16     16      - |     16     16      -
2001-01-01T01:40:22.188Z| vmx| I125: OvhdMem OvhdUser_VGA                        :      64     64      - |     64     64      -
2001-01-01T01:40:22.188Z| vmx| I125: OvhdMem OvhdUser_BalloonMPN                 :       1      1      - |      1      1      -
2001-01-01T01:40:22.188Z| vmx| I125: OvhdMem OvhdUser_P2MUpdateBuffer            :       0      0      - |      0      0      -
2001-01-01T01:40:22.188Z| vmx| I125: OvhdMem OvhdUser_ServicesMPN                :       0      0      - |      0      0      -
2001-01-01T01:40:22.188Z| vmx| I125: OvhdMem OvhdUser_LocalApic                  :       2      2      - |      2      2      -
2001-01-01T01:40:22.188Z| vmx| I125: OvhdMem OvhdUser_BusError                   :       1      1      - |      1      1      -
2001-01-01T01:40:22.188Z| vmx| I125: OvhdMem OvhdUser_VBIOS                      :       8      8      - |      8      8      -
2001-01-01T01:40:22.188Z| vmx| I125: OvhdMem OvhdUser_VnicGuest                  :      16     16      - |     16     16      -
2001-01-01T01:40:22.188Z| vmx| I125: OvhdMem OvhdUser_VnicMmap                   :       1      1      - |      1      1      -
2001-01-01T01:40:22.188Z| vmx| I125: OvhdMem OvhdUser_TestDev                    :       0      0      - |      0      0      -
2001-01-01T01:40:22.188Z| vmx| I125: OvhdMem OvhdUser_LSIBIOS                    :       8      8      - |      8      8      -
2001-01-01T01:40:22.188Z| vmx| I125: OvhdMem OvhdUser_LSIRings                   :       8      8      - |      0      0      -
2001-01-01T01:40:22.188Z| vmx| I125: OvhdMem OvhdUser_PCIPBIOS                   :       0      0      - |      0      0      -
2001-01-01T01:40:22.188Z| vmx| I125: OvhdMem OvhdUser_PVSCSIBIOS                 :       0      0      - |      0      0      -
2001-01-01T01:40:22.188Z| vmx| I125: OvhdMem OvhdUser_PVSCSIKickReg              :       0      0      - |      0      0      -
2001-01-01T01:40:22.188Z| vmx| I125: OvhdMem OvhdUser_SAS1068BIOS                :       8      8      - |      0      0      -
2001-01-01T01:40:22.188Z| vmx| I125: OvhdMem OvhdUser_SBIOS                      :      16     16      - |      0      0      -
2001-01-01T01:40:22.188Z| vmx| I125: OvhdMem OvhdUser_AHCIBIOS                   :       0      0      - |      0      0      -
2001-01-01T01:40:22.188Z| vmx| I125: OvhdMem OvhdUser_NVMEBIOS                   :       0      0      - |      0      0      -
2001-01-01T01:40:22.188Z| vmx| I125: OvhdMem OvhdUser_FlashRam                   :     128    128      - |    128    128      -
2001-01-01T01:40:22.188Z| vmx| I125: OvhdMem OvhdUser_IOFiltersMMap              :       0      0      - |      0      0      -
2001-01-01T01:40:22.188Z| vmx| I125: OvhdMem OvhdUser_IOFiltersGlobal            :       0      0      - |      0      0      -
2001-01-01T01:40:22.188Z| vmx| I125: OvhdMem OvhdUser_SMM                        :       0      0      - |      0      0      -
2001-01-01T01:40:22.188Z| vmx| I125: OvhdMem OvhdUser_SVGAFB                     :    1024   1024      - |   1024   1024      -
2001-01-01T01:40:22.188Z| vmx| I125: OvhdMem OvhdUser_SVGAMEM                    :      64    512      - |     64     64      -
2001-01-01T01:40:22.188Z| vmx| I125: OvhdMem OvhdUser_HDAudioReg                 :       3      3      - |      0      0      -
2001-01-01T01:40:22.188Z| vmx| I125: OvhdMem OvhdUser_EHCIRegister               :       1      1      - |      0      0      -
2001-01-01T01:40:22.188Z| vmx| I125: OvhdMem OvhdUser_XhciRegister               :       1      1      - |      0      0      -
2001-01-01T01:40:22.188Z| vmx| I125: OvhdMem OvhdUser_PhysMemDebug               :       0      0      - |      0      0      -
2001-01-01T01:40:22.188Z| vmx| I125: OvhdMem OvhdUser_HyperV                     :       2      2      - |      0      0      -
2001-01-01T01:40:22.188Z| vmx| I125: OvhdMem OvhdUser_ExtCfg                     :       3      3      - |      3      3      -
2001-01-01T01:40:22.188Z| vmx| I125: OvhdMem OvhdUser_HV                         :       8      8      - |      0      0      -
2001-01-01T01:40:22.188Z| vmx| I125: OvhdMem OvhdUser_HVIOBitmap                 :       3      3      - |      0      0      -
2001-01-01T01:40:22.188Z| vmx| I125: OvhdMem OvhdUser_HVMSRBitmap                :       2      2      - |      1      1      -
2001-01-01T01:40:22.188Z| vmx| I125: OvhdMem OvhdUser_VHVGuestMSRBitmap          :       2      2      - |      0      0      -
2001-01-01T01:40:22.188Z| vmx| I125: OvhdMem OvhdUser_vhvCachedVMCS              :       2      2      - |      0      0      -
2001-01-01T01:40:22.188Z| vmx| I125: OvhdMem OvhdUser_vhvNestedAPIC              :       2      2      - |      0      0      -
2001-01-01T01:40:22.188Z| vmx| I125: OvhdMem OvhdUser_PCIP                       :       0      0      - |      0      0      -
2001-01-01T01:40:22.188Z| vmx| I125: OvhdMem OvhdUser_MigrateCpt                 :       0      0      - |      0      0      -
2001-01-01T01:40:22.188Z| vmx| I125: OvhdMem OvhdUser_MonBootstrap               :       0      0      - |      0      0      -
2001-01-01T01:40:22.188Z| vmx| I125: OvhdMem OvhdUser_MonWired                   :       0      0      - |      0      0      -
2001-01-01T01:40:22.188Z| vmx| I125: OvhdMem OvhdUser_MonLow                     :       0      0      - |      0      0      -
2001-01-01T01:40:22.188Z| vmx| I125: OvhdMem OvhdUser_MonWiredNuma               :       0     34      - |      1      2      -
2001-01-01T01:40:22.188Z| vmx| I125: OvhdMem OvhdUser_MonNuma                    :       0    276      - |      0    241      -
2001-01-01T01:40:22.188Z| vmx| I125: OvhdMem OvhdUser_MonOther                   :      78     78      - |      0      0      -
2001-01-01T01:40:22.188Z| vmx| I125: OvhdMem OvhdUser_FTCpt                      :       0      0      - |      0      0      -
2001-01-01T01:40:22.188Z| vmx| I125: OvhdMem OvhdUser_NVDC                       :       1      1      - |      0      0      -
2001-01-01T01:40:22.188Z| vmx| I125: OvhdMem OvhdUser_NVDIMM                     :       0      0      - |      0      0      -
2001-01-01T01:40:22.188Z| vmx| I125: OvhdMem OvhdUser_EPC                        :       0      0      - |      0      0      -
2001-01-01T01:40:22.188Z| vmx| I125: OvhdMem Total nonpaged                      :    1670   2428      - |   1397   1639      -
2001-01-01T01:40:22.188Z| vmx| I125: OvhdMem Actual maximum                      :           2428        |          1639
2001-01-01T01:40:22.188Z| vmx| I125+ 
2001-01-01T01:40:22.188Z| vmx| I125:                                                       reserved      |          used
2001-01-01T01:40:22.188Z| vmx| I125: OvhdMem anonymous                                 cur    max    avg |    cur    max    avg
2001-01-01T01:40:22.188Z| vmx| I125: OvhdMem OvhdMon_Alloc                       :     158    158      - |     13    129      -
2001-01-01T01:40:22.188Z| vmx| I125: OvhdMem OvhdMon_BusMemFrame                 :    3138   3146      - |   3138   3138      -
2001-01-01T01:40:22.188Z| vmx| I125: OvhdMem OvhdMon_BusMem2MInfo                :      48     48      - |     48     48      -
2001-01-01T01:40:22.188Z| vmx| I125: OvhdMem OvhdMon_BusMem1GInfo                :       1      1      - |      1      1      -
2001-01-01T01:40:22.188Z| vmx| I125: OvhdMem OvhdMon_BusMemZapListMPN            :       1      1      - |      1      1      -
2001-01-01T01:40:22.188Z| vmx| I125: OvhdMem OvhdMon_MonAS                       :       4      4      - |      2      2      -
2001-01-01T01:40:22.188Z| vmx| I125: OvhdMem OvhdMon_GuestMem                    :      48     48      - |     48     48      -
2001-01-01T01:40:22.188Z| vmx| I125: OvhdMem OvhdMon_TC                          :    1026   1950      - |    926   1852      -
2001-01-01T01:40:22.188Z| vmx| I125: OvhdMem OvhdMon_Island                      :       8      8      - |      0      0      -
2001-01-01T01:40:22.188Z| vmx| I125: OvhdMem OvhdMon_BusMemMonAS                 :       8      8      - |      8      8      -
2001-01-01T01:40:22.188Z| vmx| I125: OvhdMem OvhdMon_PlatformMonAS               :       0      0      - |      0      0      -
2001-01-01T01:40:22.188Z| vmx| I125: OvhdMem OvhdMon_HVNuma                      :       6      6      - |      0      0      -
2001-01-01T01:40:22.188Z| vmx| I125: OvhdMem OvhdMon_HV                          :       2      2      - |      2      2      -
2001-01-01T01:40:22.188Z| vmx| I125: OvhdMem OvhdMon_VHV                         :       6      6      - |      0      0      -
2001-01-01T01:40:22.188Z| vmx| I125: OvhdMem OvhdMon_VNPTShadow                  :       0      0      - |      0      0      -
2001-01-01T01:40:22.188Z| vmx| I125: OvhdMem OvhdMon_VNPTShadowCache             :       0      0      - |      0      0      -
2001-01-01T01:40:22.188Z| vmx| I125: OvhdMem OvhdMon_VNPTBackmap                 :       0      0      - |      0      0      -
2001-01-01T01:40:22.188Z| vmx| I125: OvhdMem OvhdMon_SVMIDT                      :       2      2      - |      0      0      -
2001-01-01T01:40:22.188Z| vmx| I125: OvhdMem OvhdMon_CallStackProfAnon           :       0      0      - |      0      0      -
2001-01-01T01:40:22.188Z| vmx| I125: OvhdMem OvhdMon_Numa                        :      32     32      - |     14     30      -
2001-01-01T01:40:22.188Z| vmx| I125: OvhdMem OvhdMon_NumaTextRodata              :     196    196      - |      0      0      -
2001-01-01T01:40:22.188Z| vmx| I125: OvhdMem OvhdMon_NumaDataBss                 :      80     80      - |     78     78      -
2001-01-01T01:40:22.188Z| vmx| I125: OvhdMem OvhdMon_NumaLargeData               :    1024   1024      - |      0   1020      -
2001-01-01T01:40:22.188Z| vmx| I125: OvhdMem OvhdMon_WiredNuma                   :      34     34      - |     34     34      -
2001-01-01T01:40:22.188Z| vmx| I125: OvhdMem OvhdMon_Bootstrap                   :       0      3      - |      0      3      -
2001-01-01T01:40:22.188Z| vmx| I125: OvhdMem OvhdMon_GPhysTraced                 :    1262   1262      - |     56     68      -
2001-01-01T01:40:22.188Z| vmx| I125: OvhdMem OvhdMon_GPhysHWMMU                  :    6329   6329      - |    429    550      -
2001-01-01T01:40:22.188Z| vmx| I125: OvhdMem OvhdMon_GPhysGIM                    :       0      0      - |      0      0      -
2001-01-01T01:40:22.188Z| vmx| I125: OvhdMem OvhdMon_GPhysNoTrace                :     315    315      - |     29     29      -
2001-01-01T01:40:22.188Z| vmx| I125: OvhdMem OvhdMon_PhysMemGart                 :      88     88      - |     80     80      -
2001-01-01T01:40:22.188Z| vmx| I125: OvhdMem OvhdMon_PhysMemErr                  :       7      7      - |      0      0      -
2001-01-01T01:40:22.188Z| vmx| I125: OvhdMem OvhdMon_TraceALot                   :       0      0      - |      0      0      -
2001-01-01T01:40:22.188Z| vmx| I125: OvhdMem OvhdMon_VIDE                        :       4      4      - |      0      0      -
2001-01-01T01:40:22.188Z| vmx| I125: OvhdMem OvhdMon_VMXNETWake                  :       0      0      - |      0      0      -
2001-01-01T01:40:22.188Z| vmx| I125: OvhdMem OvhdMon_BusLogic                    :       4      4      - |      0      0      -
2001-01-01T01:40:22.188Z| vmx| I125: OvhdMem OvhdMon_Ahci                        :       0      0      - |      0      0      -
2001-01-01T01:40:22.188Z| vmx| I125: OvhdMem OvhdMon_Nvme                        :       0      0      - |      0      0      -
2001-01-01T01:40:22.188Z| vmx| I125: OvhdMem OvhdMon_NVMERings                   :       0      0      - |      0      0      -
2001-01-01T01:40:22.188Z| vmx| I125: OvhdMem OvhdMon_PVSCSIShadowRing            :       0      0      - |      0      0      -
2001-01-01T01:40:22.188Z| vmx| I125: OvhdMem OvhdMon_LSIRings                    :      16     16      - |     16     16      -
2001-01-01T01:40:22.188Z| vmx| I125: OvhdMem OvhdMon_FTCptMonAS                  :       0      0      - |      0      0      -
2001-01-01T01:40:22.188Z| vmx| I125: OvhdMem OvhdMon_Hba                         :       2      2      - |      2      2      -
2001-01-01T01:40:22.188Z| vmx| I125: OvhdMem OvhdMon_VProbe                      :       1      1      - |      0      0      -
2001-01-01T01:40:22.188Z| vmx| I125: OvhdMem OvhdMon_PT                          :       0      0      - |      0      0      -
2001-01-01T01:40:22.188Z| vmx| I125: OvhdMem Total anonymous                     :   13850  14785      - |   4925   7139      -
2001-01-01T01:40:22.188Z| vmx| I125: OvhdMem Actual maximum                      :          14774        |          5448
2001-01-01T01:40:22.188Z| vmx| I125+ 
2001-01-01T01:40:22.188Z| vmx| I125: OvhdMem: memsize 12288 MB VMK fixed 3462 pages var(mem) 529 pages var(cpu) 8 cbrcOverhead 0 pages total 9830 pages
2001-01-01T01:40:22.188Z| vmx| I125: VMMEM: Maximum Reservation: 263MB (MainMem=12288MB) VMK=38MB
2001-01-01T01:40:22.192Z| vmx| I125: TOOLS using cached value 1 for isoImageExists (refreshCount=1, lastCount=1).
2001-01-01T01:40:22.192Z| vmx| I125: ToolsISO: Refreshing imageName for 'other3xlinux-64' (refreshCount=1, lastCount=1).
2001-01-01T01:40:22.229Z| vmx| I125: ToolsISO: Updated cached value for imageName to 'linux.iso'.
2001-01-01T01:40:22.229Z| vmx| I125: ToolsISO: Selected Tools ISO 'linux.iso' for 'other3xlinux-64' guest.
2001-01-01T01:40:22.230Z| vmx| I125: MsgHint: msg.tools.toolsImage
2001-01-01T01:40:22.230Z| vmx| I125+ The VMware Tools package is not running in this virtual machine. The package might be necessary for the guest operating system to run at resolutions higher than 640x480 with 16 colors. The package provides significant performance benefits as well. To install it, choose VM > Install VMware Tools… after the guest operating system starts.
2001-01-01T01:40:22.230Z| vmx| I125+ VMware ESX can remind you to install the VMware Tools package when you power on the VM. Select OK to enable the reminder.
2001-01-01T01:40:22.230Z| vmx| I125+ ---------------------------------------
2001-01-01T01:40:22.233Z| vmx| I125: Vigor_ClientRequestCb: failed to do op=3 on unregistered device 'MKS' (cmd=queryFields)
2001-01-01T01:40:22.238Z| vmx| I125: Vigor_ClientRequestCb: failed to do op=3 on unregistered device 'MKS' (cmd=queryFields)
2001-01-01T01:40:22.240Z| vmx| I125: Vigor_ClientRequestCb: failed to do op=3 on unregistered device 'NVDimm' (cmd=queryFields)
2001-01-01T01:40:22.243Z| vmx| I125: Vigor_ClientRequestCb: failed to do op=3 on unregistered device 'Parallel' (cmd=queryFields)
2001-01-01T01:40:22.244Z| vmx| I125: Vigor_ClientRequestCb: failed to do op=3 on unregistered device 'Serial' (cmd=queryFields)
2001-01-01T01:40:22.244Z| vmx| I125: Vigor_ClientRequestCb: failed to do op=3 on unregistered device 'NVDimm' (cmd=queryFields)
2001-01-01T01:40:22.254Z| vmx| I125: Vigor_ClientRequestCb: failed to do op=3 on unregistered device 'Hbr' (cmd=queryFields)
2001-01-01T01:40:22.256Z| vmx| I125: Vigor_ClientRequestCb: failed to do op=3 on unregistered device 'MKS' (cmd=queryFields)
2001-01-01T01:40:22.269Z| vmx| I125: Vigor_ClientRequestCb: failed to do op=3 on unregistered device 'MKS' (cmd=queryFields)
2001-01-01T01:40:22.271Z| vmx| I125: TOOLS INSTALL User requested VMware Tools installation reminder
2001-01-01T01:40:22.271Z| vmx| A100: ConfigDB: Setting tools.remindInstall = "TRUE"
2001-01-01T01:40:22.273Z| vmx| I125: Tools: ToolsRunningStatus_Exit, delayedRequest is 0x0
2001-01-01T01:40:22.273Z| vmx| I125: SVMotion_PowerOff: Not running Storage vMotion. Nothing to do
2001-01-01T01:40:22.276Z| vmx| I125: Destroying virtual dev for scsi1:0 vscsi=8207
2001-01-01T01:40:22.276Z| vmx| I125: VMMon_VSCSIStopVports: No such target on adapter
2001-01-01T01:40:22.277Z| vmx| I125: Destroying virtual dev for scsi0:0 vscsi=8192
2001-01-01T01:40:22.277Z| vmx| I125: VMMon_VSCSIStopVports: No such target on adapter
2001-01-01T01:40:22.277Z| vmx| I125: Destroying virtual dev for scsi0:1 vscsi=8193
2001-01-01T01:40:22.277Z| vmx| I125: VMMon_VSCSIStopVports: No such target on adapter
2001-01-01T01:40:22.277Z| vmx| I125: Destroying virtual dev for scsi0:2 vscsi=8194
2001-01-01T01:40:22.277Z| vmx| I125: VMMon_VSCSIStopVports: No such target on adapter
2001-01-01T01:40:22.277Z| vmx| I125: Destroying virtual dev for scsi0:3 vscsi=8195
2001-01-01T01:40:22.277Z| vmx| I125: VMMon_VSCSIStopVports: No such target on adapter
2001-01-01T01:40:22.277Z| vmx| I125: Destroying virtual dev for scsi0:4 vscsi=8196
2001-01-01T01:40:22.277Z| vmx| I125: VMMon_VSCSIStopVports: No such target on adapter
2001-01-01T01:40:22.277Z| vmx| I125: Destroying virtual dev for scsi0:5 vscsi=8197
2001-01-01T01:40:22.277Z| vmx| I125: VMMon_VSCSIStopVports: No such target on adapter
2001-01-01T01:40:22.277Z| vmx| I125: Destroying virtual dev for scsi0:6 vscsi=8198
2001-01-01T01:40:22.277Z| vmx| I125: VMMon_VSCSIStopVports: No such target on adapter
2001-01-01T01:40:22.277Z| vmx| I125: Destroying virtual dev for scsi0:8 vscsi=8199
2001-01-01T01:40:22.277Z| vmx| I125: VMMon_VSCSIStopVports: No such target on adapter
2001-01-01T01:40:22.277Z| vmx| I125: Destroying virtual dev for scsi0:9 vscsi=8200
2001-01-01T01:40:22.277Z| vmx| I125: VMMon_VSCSIStopVports: No such target on adapter
2001-01-01T01:40:22.278Z| vmx| I125: Destroying virtual dev for scsi0:10 vscsi=8201
2001-01-01T01:40:22.278Z| vmx| I125: VMMon_VSCSIStopVports: No such target on adapter
2001-01-01T01:40:22.278Z| vmx| I125: Destroying virtual dev for scsi0:11 vscsi=8202
2001-01-01T01:40:22.278Z| vmx| I125: VMMon_VSCSIStopVports: No such target on adapter
2001-01-01T01:40:22.278Z| vmx| I125: Destroying virtual dev for scsi0:12 vscsi=8203
2001-01-01T01:40:22.278Z| vmx| I125: VMMon_VSCSIStopVports: No such target on adapter
2001-01-01T01:40:22.278Z| vmx| I125: Destroying virtual dev for scsi0:13 vscsi=8204
2001-01-01T01:40:22.278Z| vmx| I125: VMMon_VSCSIStopVports: No such target on adapter
2001-01-01T01:40:22.278Z| vmx| I125: Destroying virtual dev for scsi0:14 vscsi=8205
2001-01-01T01:40:22.278Z| vmx| I125: VMMon_VSCSIStopVports: No such target on adapter
2001-01-01T01:40:22.278Z| vmx| I125: Destroying virtual dev for scsi0:15 vscsi=8206
2001-01-01T01:40:22.278Z| vmx| I125: VMMon_VSCSIStopVports: No such target on adapter
2001-01-01T01:40:22.278Z| vmx| I125: MKS thread was already stopped
2001-01-01T01:40:22.278Z| mks| I125: MKS-RenderMain: Stopping MKSBasicOps
2001-01-01T01:40:22.279Z| mks| I125: MKS PowerOff
2001-01-01T01:40:22.279Z| mks| I125: MKS thread is exiting
2001-01-01T01:40:22.279Z| vmx| I125: SVMotion_PowerOff: Not running Storage vMotion. Nothing to do
2001-01-01T01:40:22.279Z| vmx| I125: scsi1:0: numIOs = 0 numMergedIOs = 0 numSplitIOs = 0 ( 0.0%)
2001-01-01T01:40:22.279Z| vmx| I125: Closing disk 'scsi1:0'
2001-01-01T01:40:22.279Z| vmx| I125: DISKLIB-VMFS  : "/vmfs/volumes/3a4fd8ce-fc4375c4-effb-5cf3fce846f8/SGRL-VCSA001/SGRL-VCSA001_15-flat.vmdk" : closed.
2001-01-01T01:40:22.279Z| vmx| I125: scsi0:15: numIOs = 0 numMergedIOs = 0 numSplitIOs = 0 ( 0.0%)
2001-01-01T01:40:22.279Z| vmx| I125: Closing disk 'scsi0:15'
2001-01-01T01:40:22.279Z| vmx| I125: DISKLIB-VMFS  : "/vmfs/volumes/3a4fd8ce-fc4375c4-effb-5cf3fce846f8/SGRL-VCSA001/SGRL-VCSA001_14-flat.vmdk" : closed.
2001-01-01T01:40:22.279Z| vmx| I125: scsi0:14: numIOs = 0 numMergedIOs = 0 numSplitIOs = 0 ( 0.0%)
2001-01-01T01:40:22.279Z| vmx| I125: Closing disk 'scsi0:14'
2001-01-01T01:40:22.279Z| vmx| I125: DISKLIB-VMFS  : "/vmfs/volumes/3a4fd8ce-fc4375c4-effb-5cf3fce846f8/SGRL-VCSA001/SGRL-VCSA001_13-flat.vmdk" : closed.
2001-01-01T01:40:22.279Z| vmx| I125: scsi0:13: numIOs = 0 numMergedIOs = 0 numSplitIOs = 0 ( 0.0%)
2001-01-01T01:40:22.280Z| vmx| I125: Closing disk 'scsi0:13'
2001-01-01T01:40:22.280Z| vmx| I125: DISKLIB-VMFS  : "/vmfs/volumes/3a4fd8ce-fc4375c4-effb-5cf3fce846f8/SGRL-VCSA001/SGRL-VCSA001_12-flat.vmdk" : closed.
2001-01-01T01:40:22.280Z| vmx| I125: scsi0:12: numIOs = 0 numMergedIOs = 0 numSplitIOs = 0 ( 0.0%)
2001-01-01T01:40:22.280Z| vmx| I125: Closing disk 'scsi0:12'
2001-01-01T01:40:22.280Z| vmx| I125: DISKLIB-VMFS  : "/vmfs/volumes/3a4fd8ce-fc4375c4-effb-5cf3fce846f8/SGRL-VCSA001/SGRL-VCSA001_11-flat.vmdk" : closed.
2001-01-01T01:40:22.280Z| vmx| I125: scsi0:11: numIOs = 0 numMergedIOs = 0 numSplitIOs = 0 ( 0.0%)
2001-01-01T01:40:22.280Z| vmx| I125: Closing disk 'scsi0:11'
2001-01-01T01:40:22.280Z| vmx| I125: DISKLIB-VMFS  : "/vmfs/volumes/3a4fd8ce-fc4375c4-effb-5cf3fce846f8/SGRL-VCSA001/SGRL-VCSA001_10-flat.vmdk" : closed.
2001-01-01T01:40:22.280Z| vmx| I125: scsi0:10: numIOs = 0 numMergedIOs = 0 numSplitIOs = 0 ( 0.0%)
2001-01-01T01:40:22.280Z| vmx| I125: Closing disk 'scsi0:10'
2001-01-01T01:40:22.280Z| vmx| I125: DISKLIB-VMFS  : "/vmfs/volumes/3a4fd8ce-fc4375c4-effb-5cf3fce846f8/SGRL-VCSA001/SGRL-VCSA001_9-flat.vmdk" : closed.
2001-01-01T01:40:22.280Z| vmx| I125: scsi0:9: numIOs = 0 numMergedIOs = 0 numSplitIOs = 0 ( 0.0%)
2001-01-01T01:40:22.280Z| vmx| I125: Closing disk 'scsi0:9'
2001-01-01T01:40:22.280Z| vmx| I125: DISKLIB-VMFS  : "/vmfs/volumes/3a4fd8ce-fc4375c4-effb-5cf3fce846f8/SGRL-VCSA001/SGRL-VCSA001_8-flat.vmdk" : closed.
2001-01-01T01:40:22.280Z| vmx| I125: scsi0:8: numIOs = 0 numMergedIOs = 0 numSplitIOs = 0 ( 0.0%)
2001-01-01T01:40:22.280Z| vmx| I125: Closing disk 'scsi0:8'
2001-01-01T01:40:22.280Z| vmx| I125: DISKLIB-VMFS  : "/vmfs/volumes/3a4fd8ce-fc4375c4-effb-5cf3fce846f8/SGRL-VCSA001/SGRL-VCSA001_7-flat.vmdk" : closed.
2001-01-01T01:40:22.280Z| vmx| I125: scsi0:6: numIOs = 0 numMergedIOs = 0 numSplitIOs = 0 ( 0.0%)
2001-01-01T01:40:22.280Z| vmx| I125: Closing disk 'scsi0:6'
2001-01-01T01:40:22.280Z| vmx| I125: DISKLIB-VMFS  : "/vmfs/volumes/3a4fd8ce-fc4375c4-effb-5cf3fce846f8/SGRL-VCSA001/SGRL-VCSA001_6-flat.vmdk" : closed.
2001-01-01T01:40:22.280Z| vmx| I125: scsi0:5: numIOs = 0 numMergedIOs = 0 numSplitIOs = 0 ( 0.0%)
2001-01-01T01:40:22.280Z| vmx| I125: Closing disk 'scsi0:5'
2001-01-01T01:40:22.281Z| vmx| I125: DISKLIB-VMFS  : "/vmfs/volumes/3a4fd8ce-fc4375c4-effb-5cf3fce846f8/SGRL-VCSA001/SGRL-VCSA001_5-flat.vmdk" : closed.
2001-01-01T01:40:22.281Z| vmx| I125: scsi0:4: numIOs = 0 numMergedIOs = 0 numSplitIOs = 0 ( 0.0%)
2001-01-01T01:40:22.281Z| vmx| I125: Closing disk 'scsi0:4'
2001-01-01T01:40:22.281Z| vmx| I125: DISKLIB-VMFS  : "/vmfs/volumes/3a4fd8ce-fc4375c4-effb-5cf3fce846f8/SGRL-VCSA001/SGRL-VCSA001_4-flat.vmdk" : closed.
2001-01-01T01:40:22.281Z| vmx| I125: scsi0:3: numIOs = 0 numMergedIOs = 0 numSplitIOs = 0 ( 0.0%)
2001-01-01T01:40:22.281Z| vmx| I125: Closing disk 'scsi0:3'
2001-01-01T01:40:22.281Z| vmx| I125: DISKLIB-VMFS  : "/vmfs/volumes/3a4fd8ce-fc4375c4-effb-5cf3fce846f8/SGRL-VCSA001/SGRL-VCSA001_3-flat.vmdk" : closed.
2001-01-01T01:40:22.281Z| vmx| I125: scsi0:2: numIOs = 0 numMergedIOs = 0 numSplitIOs = 0 ( 0.0%)
2001-01-01T01:40:22.281Z| vmx| I125: Closing disk 'scsi0:2'
2001-01-01T01:40:22.281Z| vmx| I125: DISKLIB-VMFS  : "/vmfs/volumes/3a4fd8ce-fc4375c4-effb-5cf3fce846f8/SGRL-VCSA001/SGRL-VCSA001_2-flat.vmdk" : closed.
2001-01-01T01:40:22.281Z| vmx| I125: scsi0:1: numIOs = 0 numMergedIOs = 0 numSplitIOs = 0 ( 0.0%)
2001-01-01T01:40:22.281Z| vmx| I125: Closing disk 'scsi0:1'
2001-01-01T01:40:22.281Z| vmx| I125: DISKLIB-VMFS  : "/vmfs/volumes/3a4fd8ce-fc4375c4-effb-5cf3fce846f8/SGRL-VCSA001/SGRL-VCSA001_1-flat.vmdk" : closed.
2001-01-01T01:40:22.281Z| vmx| I125: scsi0:0: numIOs = 0 numMergedIOs = 0 numSplitIOs = 0 ( 0.0%)
2001-01-01T01:40:22.281Z| vmx| I125: Closing disk 'scsi0:0'
2001-01-01T01:40:22.281Z| vmx| I125: DISKLIB-VMFS  : "/vmfs/volumes/3a4fd8ce-fc4375c4-effb-5cf3fce846f8/SGRL-VCSA001/SGRL-VCSA001-flat.vmdk" : closed.
2001-01-01T01:40:22.284Z| vmx| I125: Vix: [mainDispatch.c:1180]: VMAutomationPowerOff: Powering off.
2001-01-01T01:40:22.285Z| vmx| I125: WORKER: asyncOps=17 maxActiveOps=16 maxPending=7 maxCompleted=0
2001-01-01T01:40:22.821Z| vmx| I125: Vix: [mainDispatch.c:4239]: VMAutomation_ReportPowerOpFinished: statevar=1, newAppState=1873, success=1 additionalError=0
2001-01-01T01:40:22.821Z| vmx| I125: Vix: [mainDispatch.c:4258]: VMAutomation: Ignoring ReportPowerOpFinished because the VMX is shutting down.
2001-01-01T01:40:22.821Z| vmx| A100: ConfigDB: Setting cleanShutdown = "TRUE"
2001-01-01T01:40:22.823Z| vmx| I125: Vix: [mainDispatch.c:4239]: VMAutomation_ReportPowerOpFinished: statevar=0, newAppState=1870, success=1 additionalError=0
2001-01-01T01:40:22.823Z| vmx| I125: Vix: [mainDispatch.c:4258]: VMAutomation: Ignoring ReportPowerOpFinished because the VMX is shutting down.
2001-01-01T01:40:22.823Z| vmx| I125: Transitioned vmx/execState/val to poweredOff
2001-01-01T01:40:22.823Z| vmx| I125: Vigor_ClientRequestCb: failed to do op=3 on unregistered device 'Tools' (cmd=queryFields)
2001-01-01T01:40:22.823Z| vmx| I125: VMX idle exit
2001-01-01T01:40:22.832Z| vmx| I125: Vix: [mainDispatch.c:832]: VMAutomation_LateShutdown()
2001-01-01T01:40:22.832Z| vmx| I125: Vix: [mainDispatch.c:781]: VMAutomationCloseListenerSocket. Closing listener socket.
2001-01-01T01:40:22.833Z| vmx| I125: Flushing VMX VMDB connections
2001-01-01T01:40:22.833Z| vmx| I125: VigorTransport_ServerCloseClient: Closing transport 6777D9E20 (err = 0)
2001-01-01T01:40:22.833Z| vmx| I125: VigorTransport_ServerDestroy: server destroyed.
2001-01-01T01:40:22.834Z| vmx| I125: VMX exit (0).
2001-01-01T01:40:22.834Z| vmx| I125: OBJLIB-LIB: ObjLib cleanup done.
2001-01-01T01:40:22.834Z| vmx| I125: AIOMGR-S : stat o=35 r=102 w=19 i=0 br=1581452 bw=17100
2001-01-01T01:40:22.835Z| vmx| W115: VMX has left the building: 0.
