2025-12-08T19:35:18.293Z| vmx| I125: Log for VMware ESX pid=2100070 version=6.7.0 build=build-19195723 option=Release
2025-12-08T19:35:18.293Z| vmx| I125: The process is 64-bit.
2025-12-08T19:35:18.293Z| vmx| I125: Host codepage=UTF-8 encoding=UTF-8
2025-12-08T19:35:18.293Z| vmx| I125: Host is unknown
2025-12-08T19:35:18.274Z| vmx| I125: VTHREAD 41997346816 "vmx" wid 2100070
2025-12-08T19:35:18.274Z| vmx| I125: Msg_SetLocaleEx: HostLocale=UTF-8 UserLocale=NULL
2025-12-08T19:35:18.275Z| vmx| I125: DictionaryLoad: Cannot open file "/usr/lib/vmware/config": No such file or directory.
2025-12-08T19:35:18.275Z| vmx| I125: ConfigDB: Failed to load /usr/lib/vmware/config
2025-12-08T19:35:18.275Z| vmx| I125: DictionaryLoad: Cannot open file "//.vmware/config": No such file or directory.
2025-12-08T19:35:18.275Z| vmx| I125: ConfigDB: Failed to load ~/.vmware/config
2025-12-08T19:35:18.280Z| vmx| I125: OBJLIB-LIB: ObjLibPlugins_Load: Loading plugin directory '/usr/lib64/vmware/plugin/objLib'
2025-12-08T19:35:18.280Z| vmx| I125: OBJLIB-LIB: ObjLibLoadPlugin: Loading plugin 'objLib/upitObjBE.so'
2025-12-08T19:35:18.282Z| vmx| I125: PluginLdr_Load: Loaded plugin 'objLib/upitObjBE.so' from '/usr/lib64/vmware/plugin/objLib/upitObjBE.so'
2025-12-08T19:35:18.282Z| vmx| I125: ObjLibPluginInit: Initialized plugin
2025-12-08T19:35:18.282Z| vmx| I125: UpitBackend_GetAPI: Received request for API com.vmware.plugin.objlib.backend.api@1.0
2025-12-08T19:35:18.282Z| vmx| I125: OBJLIB-LIB: ObjLib_RegisterDynamicBE: Back-end 'upit' found and registered as type 5
2025-12-08T19:35:18.282Z| vmx| I125: OBJLIB-LIB: ObjLibLoadPlugin: Loading plugin 'objLib/vsanObjBE.so'
2025-12-08T19:35:18.284Z| vmx| I125: PluginLdr_Load: Loaded plugin 'objLib/vsanObjBE.so' from '/usr/lib64/vmware/plugin/objLib/vsanObjBE.so'
2025-12-08T19:35:18.284Z| vmx| I125: ObjLibPluginInit: Initialized plugin
2025-12-08T19:35:18.284Z| vmx| I125: VsanBackend_GetAPI: Received request for API com.vmware.plugin.objlib.backend.api@1.0
2025-12-08T19:35:18.284Z| vmx| I125: OBJLIB-LIB: ObjLib_RegisterDynamicBE: Back-end 'vsan' found and registered as type 3
2025-12-08T19:35:18.284Z| vmx| I125: 2100070:VVOLLIB : VVolLib_IpcInit:208: IPC timeouts set to: connect = 30 sec, send = 30 sec, receive = 200 sec
2025-12-08T19:35:18.284Z| vmx| I125: 2100070:VVOLLIB : VVolLib_GetSoapContext:379: Using 30 secs for soap connect timeout.
2025-12-08T19:35:18.284Z| vmx| I125: 2100070:VVOLLIB : VVolLib_GetSoapContext:380: Using 200 secs for soap receive timeout.
2025-12-08T19:35:18.287Z| vmx| I125: OBJLIB-LIB: Objlib initialized.
2025-12-08T19:35:18.287Z| vmx| I125: DictionaryLoad: Cannot open file "/usr/lib/vmware/config": No such file or directory.
2025-12-08T19:35:18.287Z| vmx| I125: DictionaryLoad: Cannot open file "//.vmware/config": No such file or directory.
2025-12-08T19:35:18.287Z| vmx| I125: DictionaryLoad: Cannot open file "//.vmware/preferences": No such file or directory.
2025-12-08T19:35:18.292Z| vmx| I125: lib/ssl: OpenSSL using FIPS_drbg for RAND
2025-12-08T19:35:18.292Z| vmx| I125: lib/ssl: protocol list tls1.2
2025-12-08T19:35:18.292Z| vmx| I125: lib/ssl: protocol list tls1.2 (openssl flags 0x17000000)
2025-12-08T19:35:18.292Z| vmx| I125: lib/ssl: cipher list ECDHE+AESGCM:RSA+AESGCM:ECDHE+AES:RSA+AES
2025-12-08T19:35:18.292Z| vmx| I125: lib/ssl: curves list prime256v1:secp384r1:secp521r1
2025-12-08T19:35:18.293Z| vmx| I125: FILE: FileCreateDirectoryEx: Failed to create /tmp. Error = 17
2025-12-08T19:35:18.293Z| vmx| I125: FILE: FileCreateDirectoryEx: Failed to create /tmp/vmware-root. Error = 17
2025-12-08T19:35:18.293Z| vmx| I125: Hostname=SGRL-ESX01
2025-12-08T19:35:18.293Z| vmx| I125: IP=127.0.0.1 (lo0)
2025-12-08T19:35:18.293Z| vmx| I125: IP=192.168.1.100 (vmk0)
2025-12-08T19:35:18.293Z| vmx| I125: vmkernel build type: release
2025-12-08T19:35:18.293Z| vmx| I125: System uptime 281606420 us
2025-12-08T19:35:18.293Z| vmx| I125: Command line: "/bin/vmx" "-s" "sched.group=host/user" "-#" "product=2;name=VMware ESX;version=6.7.0;buildnumber=19195723;licensename=VMware ESX Server;licenseversion=6.0;" "-@" "transport=3;msgs=ui" "/vmfs/volumes/3a4fd8ce-fc4375c4-effb-5cf3fce846f8/SGRL-VCSA01/SGRL-VCSA01.vmx"
2025-12-08T19:35:18.293Z| vmx| I125: Environment: "USER=root" "HOME=/" "SHELL=/bin/sh" "LANG=C"
2025-12-08T19:35:18.293Z| vmx| I125: Msg_SetLocaleEx: HostLocale=UTF-8 UserLocale=NULL
2025-12-08T19:35:18.294Z| vmx| I125: Transport socket: 3
2025-12-08T19:35:18.295Z| vmx| I125: VigorTransport listening on fd 7
2025-12-08T19:35:18.295Z| vmx| I125: Vigor_Init 0
2025-12-08T19:35:18.295Z| vmx| I125: /vmfs/volumes/3a4fd8ce-fc4375c4-effb-5cf3fce846f8/SGRL-VCSA01/SGRL-VCSA01.vmx: Setup symlink /var/run/vmware/84500fb122bfa30daf2e457a68fcb33e -> /var/run/vmware/0/281607508_2100070
2025-12-08T19:35:18.295Z| vmx| I125: Vix: [mainDispatch.c:488]: VMAutomation: Initializing VMAutomation.
2025-12-08T19:35:18.295Z| vmx| I125: Vix: [mainDispatch.c:744]: VMAutomationOpenListenerSocket() listening
2025-12-08T19:35:18.299Z| vmx| I125: Vix: [mainDispatch.c:4239]: VMAutomation_ReportPowerOpFinished: statevar=0, newAppState=1870, success=1 additionalError=0
2025-12-08T19:35:18.299Z| vmx| I125: Transitioned vmx/execState/val to poweredOff
2025-12-08T19:35:18.299Z| vmx| I125: Vix: [mainDispatch.c:4239]: VMAutomation_ReportPowerOpFinished: statevar=1, newAppState=1873, success=1 additionalError=0
2025-12-08T19:35:18.299Z| vmx| I125: Vix: [mainDispatch.c:4239]: VMAutomation_ReportPowerOpFinished: statevar=2, newAppState=1877, success=1 additionalError=0
2025-12-08T19:35:18.299Z| vmx| I125: Vix: [mainDispatch.c:4239]: VMAutomation_ReportPowerOpFinished: statevar=3, newAppState=1881, success=1 additionalError=0
2025-12-08T19:35:18.299Z| vmx| I125: FeatureCompat: No EVC masks.
2025-12-08T19:35:18.300Z| vmx| I125: hostCPUID vendor: GenuineIntel
2025-12-08T19:35:18.300Z| vmx| I125: hostCPUID family: 0x6 model: 0x2c stepping: 0x2
2025-12-08T19:35:18.300Z| vmx| I125: hostCPUID codename: Westmere EP
2025-12-08T19:35:18.300Z| vmx| I125: hostCPUID name: Intel(R) Xeon(R) CPU           X5650  @ 2.67GHz
2025-12-08T19:35:18.300Z| vmx| I125: hostCPUID level 00000000, 0: 0x0000000b 0x756e6547 0x6c65746e 0x49656e69
2025-12-08T19:35:18.300Z| vmx| I125: hostCPUID level 00000001, 0: 0x000206c2 0x00200800 0x029ee3ff 0xbfebfbff
2025-12-08T19:35:18.300Z| vmx| I125: hostCPUID level 00000002, 0: 0x55035a01 0x00f0b2ff 0x00000000 0x00ca0000
2025-12-08T19:35:18.300Z| vmx| I125: hostCPUID level 00000003, 0: 0x00000000 0x00000000 0x00000000 0x00000000
2025-12-08T19:35:18.300Z| vmx| I125: hostCPUID level 00000004, 0: 0x3c004121 0x01c0003f 0x0000003f 0x00000000
2025-12-08T19:35:18.300Z| vmx| I125: hostCPUID level 00000004, 1: 0x3c004122 0x00c0003f 0x0000007f 0x00000000
2025-12-08T19:35:18.300Z| vmx| I125: hostCPUID level 00000004, 2: 0x3c004143 0x01c0003f 0x000001ff 0x00000000
2025-12-08T19:35:18.300Z| vmx| I125: hostCPUID level 00000004, 3: 0x3c07c163 0x03c0003f 0x00002fff 0x00000002
2025-12-08T19:35:18.300Z| vmx| I125: hostCPUID level 00000004, 4: 0x00000000 0x00000000 0x00000000 0x00000000
2025-12-08T19:35:18.300Z| vmx| I125: hostCPUID level 00000005, 0: 0x00000040 0x00000040 0x00000003 0x00001120
2025-12-08T19:35:18.300Z| vmx| I125: hostCPUID level 00000006, 0: 0x00000005 0x00000002 0x00000009 0x00000000
2025-12-08T19:35:18.300Z| vmx| I125: hostCPUID level 00000007, 0: 0x00000000 0x00000000 0x00000000 0x9c000000
2025-12-08T19:35:18.300Z| vmx| I125: hostCPUID level 00000008, 0: 0x00000000 0x00000000 0x00000000 0x00000000
2025-12-08T19:35:18.300Z| vmx| I125: hostCPUID level 00000009, 0: 0x00000000 0x00000000 0x00000000 0x00000000
2025-12-08T19:35:18.300Z| vmx| I125: hostCPUID level 0000000a, 0: 0x07300403 0x00000004 0x00000000 0x00000603
2025-12-08T19:35:18.300Z| vmx| I125: hostCPUID level 0000000b, 0: 0x00000001 0x00000002 0x00000100 0x00000000
2025-12-08T19:35:18.300Z| vmx| I125: hostCPUID level 0000000b, 1: 0x00000005 0x0000000c 0x00000201 0x00000000
2025-12-08T19:35:18.300Z| vmx| I125: hostCPUID level 0000000b, 2: 0x00000000 0x00000000 0x00000002 0x00000000
2025-12-08T19:35:18.300Z| vmx| I125: hostCPUID level 80000000, 0: 0x80000008 0x00000000 0x00000000 0x00000000
2025-12-08T19:35:18.300Z| vmx| I125: hostCPUID level 80000001, 0: 0x00000000 0x00000000 0x00000001 0x2c100800
2025-12-08T19:35:18.300Z| vmx| I125: hostCPUID level 80000002, 0: 0x65746e49 0x2952286c 0x6f655820 0x2952286e
2025-12-08T19:35:18.300Z| vmx| I125: hostCPUID level 80000003, 0: 0x55504320 0x20202020 0x20202020 0x58202020
2025-12-08T19:35:18.300Z| vmx| I125: hostCPUID level 80000004, 0: 0x30353635 0x20402020 0x37362e32 0x007a4847
2025-12-08T19:35:18.300Z| vmx| I125: hostCPUID level 80000005, 0: 0x00000000 0x00000000 0x00000000 0x00000000
2025-12-08T19:35:18.300Z| vmx| I125: hostCPUID level 80000006, 0: 0x00000000 0x00000000 0x01006040 0x00000000
2025-12-08T19:35:18.300Z| vmx| I125: hostCPUID level 80000007, 0: 0x00000000 0x00000000 0x00000000 0x00000100
2025-12-08T19:35:18.300Z| vmx| I125: hostCPUID level 80000008, 0: 0x00003028 0x00000000 0x00000000 0x00000000
2025-12-08T19:35:18.300Z| vmx| I125: CPUID differences from hostCPUID.
2025-12-08T19:35:18.300Z| vmx| I125: CPUID[1] level 00000001, 0: 0x000206c2 0x01200800 0x029ee3ff 0xbfebfbff
2025-12-08T19:35:18.300Z| vmx| I125: CPUID[1] level 0000000b, 0: 0x00000001 0x00000002 0x00000100 0x00000001
2025-12-08T19:35:18.300Z| vmx| I125: CPUID[1] level 0000000b, 1: 0x00000005 0x0000000c 0x00000201 0x00000001
2025-12-08T19:35:18.300Z| vmx| I125: CPUID[1] level 0000000b, 2: 0x00000000 0x00000000 0x00000002 0x00000001
2025-12-08T19:35:18.300Z| vmx| I125: CPUID[2] level 00000001, 0: 0x000206c2 0x02200800 0x029ee3ff 0xbfebfbff
2025-12-08T19:35:18.300Z| vmx| I125: CPUID[2] level 0000000b, 0: 0x00000001 0x00000002 0x00000100 0x00000002
2025-12-08T19:35:18.300Z| vmx| I125: CPUID[2] level 0000000b, 1: 0x00000005 0x0000000c 0x00000201 0x00000002
2025-12-08T19:35:18.300Z| vmx| I125: CPUID[2] level 0000000b, 2: 0x00000000 0x00000000 0x00000002 0x00000002
2025-12-08T19:35:18.300Z| vmx| I125: CPUID[3] level 00000001, 0: 0x000206c2 0x03200800 0x029ee3ff 0xbfebfbff
2025-12-08T19:35:18.300Z| vmx| I125: CPUID[3] level 0000000b, 0: 0x00000001 0x00000002 0x00000100 0x00000003
2025-12-08T19:35:18.300Z| vmx| I125: CPUID[3] level 0000000b, 1: 0x00000005 0x0000000c 0x00000201 0x00000003
2025-12-08T19:35:18.300Z| vmx| I125: CPUID[3] level 0000000b, 2: 0x00000000 0x00000000 0x00000002 0x00000003
2025-12-08T19:35:18.300Z| vmx| I125: CPUID[4] level 00000001, 0: 0x000206c2 0x04200800 0x029ee3ff 0xbfebfbff
2025-12-08T19:35:18.300Z| vmx| I125: CPUID[4] level 0000000b, 0: 0x00000001 0x00000002 0x00000100 0x00000004
2025-12-08T19:35:18.300Z| vmx| I125: CPUID[4] level 0000000b, 1: 0x00000005 0x0000000c 0x00000201 0x00000004
2025-12-08T19:35:18.300Z| vmx| I125: CPUID[4] level 0000000b, 2: 0x00000000 0x00000000 0x00000002 0x00000004
2025-12-08T19:35:18.300Z| vmx| I125: CPUID[5] level 00000001, 0: 0x000206c2 0x05200800 0x029ee3ff 0xbfebfbff
2025-12-08T19:35:18.300Z| vmx| I125: CPUID[5] level 0000000b, 0: 0x00000001 0x00000002 0x00000100 0x00000005
2025-12-08T19:35:18.300Z| vmx| I125: CPUID[5] level 0000000b, 1: 0x00000005 0x0000000c 0x00000201 0x00000005
2025-12-08T19:35:18.300Z| vmx| I125: CPUID[5] level 0000000b, 2: 0x00000000 0x00000000 0x00000002 0x00000005
2025-12-08T19:35:18.300Z| vmx| I125: CPUID[6] level 00000001, 0: 0x000206c2 0x10200800 0x029ee3ff 0xbfebfbff
2025-12-08T19:35:18.300Z| vmx| I125: CPUID[6] level 0000000b, 0: 0x00000001 0x00000002 0x00000100 0x00000010
2025-12-08T19:35:18.300Z| vmx| I125: CPUID[6] level 0000000b, 1: 0x00000005 0x0000000c 0x00000201 0x00000010
2025-12-08T19:35:18.300Z| vmx| I125: CPUID[6] level 0000000b, 2: 0x00000000 0x00000000 0x00000002 0x00000010
2025-12-08T19:35:18.300Z| vmx| I125: CPUID[7] level 00000001, 0: 0x000206c2 0x11200800 0x029ee3ff 0xbfebfbff
2025-12-08T19:35:18.300Z| vmx| I125: CPUID[7] level 0000000b, 0: 0x00000001 0x00000002 0x00000100 0x00000011
2025-12-08T19:35:18.300Z| vmx| I125: CPUID[7] level 0000000b, 1: 0x00000005 0x0000000c 0x00000201 0x00000011
2025-12-08T19:35:18.300Z| vmx| I125: CPUID[7] level 0000000b, 2: 0x00000000 0x00000000 0x00000002 0x00000011
2025-12-08T19:35:18.300Z| vmx| I125: CPUID[8] level 00000001, 0: 0x000206c2 0x12200800 0x029ee3ff 0xbfebfbff
2025-12-08T19:35:18.300Z| vmx| I125: CPUID[8] level 0000000b, 0: 0x00000001 0x00000002 0x00000100 0x00000012
2025-12-08T19:35:18.300Z| vmx| I125: CPUID[8] level 0000000b, 1: 0x00000005 0x0000000c 0x00000201 0x00000012
2025-12-08T19:35:18.300Z| vmx| I125: CPUID[8] level 0000000b, 2: 0x00000000 0x00000000 0x00000002 0x00000012
2025-12-08T19:35:18.300Z| vmx| I125: CPUID[9] level 00000001, 0: 0x000206c2 0x13200800 0x029ee3ff 0xbfebfbff
2025-12-08T19:35:18.300Z| vmx| I125: CPUID[9] level 0000000b, 0: 0x00000001 0x00000002 0x00000100 0x00000013
2025-12-08T19:35:18.300Z| vmx| I125: CPUID[9] level 0000000b, 1: 0x00000005 0x0000000c 0x00000201 0x00000013
2025-12-08T19:35:18.300Z| vmx| I125: CPUID[9] level 0000000b, 2: 0x00000000 0x00000000 0x00000002 0x00000013
2025-12-08T19:35:18.300Z| vmx| I125: CPUID[10] level 00000001, 0: 0x000206c2 0x14200800 0x029ee3ff 0xbfebfbff
2025-12-08T19:35:18.300Z| vmx| I125: CPUID[10] level 0000000b, 0: 0x00000001 0x00000002 0x00000100 0x00000014
2025-12-08T19:35:18.300Z| vmx| I125: CPUID[10] level 0000000b, 1: 0x00000005 0x0000000c 0x00000201 0x00000014
2025-12-08T19:35:18.300Z| vmx| I125: CPUID[10] level 0000000b, 2: 0x00000000 0x00000000 0x00000002 0x00000014
2025-12-08T19:35:18.300Z| vmx| I125: CPUID[11] level 00000001, 0: 0x000206c2 0x15200800 0x029ee3ff 0xbfebfbff
2025-12-08T19:35:18.300Z| vmx| I125: CPUID[11] level 0000000b, 0: 0x00000001 0x00000002 0x00000100 0x00000015
2025-12-08T19:35:18.300Z| vmx| I125: CPUID[11] level 0000000b, 1: 0x00000005 0x0000000c 0x00000201 0x00000015
2025-12-08T19:35:18.300Z| vmx| I125: CPUID[11] level 0000000b, 2: 0x00000000 0x00000000 0x00000002 0x00000015
2025-12-08T19:35:18.300Z| vmx| I125: CPUID[12] level 00000001, 0: 0x000206c2 0x20200800 0x029ee3ff 0xbfebfbff
2025-12-08T19:35:18.300Z| vmx| I125: CPUID[12] level 0000000b, 0: 0x00000001 0x00000002 0x00000100 0x00000020
2025-12-08T19:35:18.300Z| vmx| I125: CPUID[12] level 0000000b, 1: 0x00000005 0x0000000c 0x00000201 0x00000020
2025-12-08T19:35:18.300Z| vmx| I125: CPUID[12] level 0000000b, 2: 0x00000000 0x00000000 0x00000002 0x00000020
2025-12-08T19:35:18.300Z| vmx| I125: CPUID[13] level 00000001, 0: 0x000206c2 0x21200800 0x029ee3ff 0xbfebfbff
2025-12-08T19:35:18.300Z| vmx| I125: CPUID[13] level 0000000b, 0: 0x00000001 0x00000002 0x00000100 0x00000021
2025-12-08T19:35:18.300Z| vmx| I125: CPUID[13] level 0000000b, 1: 0x00000005 0x0000000c 0x00000201 0x00000021
2025-12-08T19:35:18.300Z| vmx| I125: CPUID[13] level 0000000b, 2: 0x00000000 0x00000000 0x00000002 0x00000021
2025-12-08T19:35:18.300Z| vmx| I125: CPUID[14] level 00000001, 0: 0x000206c2 0x22200800 0x029ee3ff 0xbfebfbff
2025-12-08T19:35:18.300Z| vmx| I125: CPUID[14] level 0000000b, 0: 0x00000001 0x00000002 0x00000100 0x00000022
2025-12-08T19:35:18.300Z| vmx| I125: CPUID[14] level 0000000b, 1: 0x00000005 0x0000000c 0x00000201 0x00000022
2025-12-08T19:35:18.300Z| vmx| I125: CPUID[14] level 0000000b, 2: 0x00000000 0x00000000 0x00000002 0x00000022
2025-12-08T19:35:18.300Z| vmx| I125: CPUID[15] level 00000001, 0: 0x000206c2 0x23200800 0x029ee3ff 0xbfebfbff
2025-12-08T19:35:18.300Z| vmx| I125: CPUID[15] level 0000000b, 0: 0x00000001 0x00000002 0x00000100 0x00000023
2025-12-08T19:35:18.300Z| vmx| I125: CPUID[15] level 0000000b, 1: 0x00000005 0x0000000c 0x00000201 0x00000023
2025-12-08T19:35:18.300Z| vmx| I125: CPUID[15] level 0000000b, 2: 0x00000000 0x00000000 0x00000002 0x00000023
2025-12-08T19:35:18.300Z| vmx| I125: CPUID[16] level 00000001, 0: 0x000206c2 0x24200800 0x029ee3ff 0xbfebfbff
2025-12-08T19:35:18.300Z| vmx| I125: CPUID[16] level 0000000b, 0: 0x00000001 0x00000002 0x00000100 0x00000024
2025-12-08T19:35:18.300Z| vmx| I125: CPUID[16] level 0000000b, 1: 0x00000005 0x0000000c 0x00000201 0x00000024
2025-12-08T19:35:18.300Z| vmx| I125: CPUID[16] level 0000000b, 2: 0x00000000 0x00000000 0x00000002 0x00000024
2025-12-08T19:35:18.300Z| vmx| I125: CPUID[17] level 00000001, 0: 0x000206c2 0x25200800 0x029ee3ff 0xbfebfbff
2025-12-08T19:35:18.300Z| vmx| I125: CPUID[17] level 0000000b, 0: 0x00000001 0x00000002 0x00000100 0x00000025
2025-12-08T19:35:18.300Z| vmx| I125: CPUID[17] level 0000000b, 1: 0x00000005 0x0000000c 0x00000201 0x00000025
2025-12-08T19:35:18.300Z| vmx| I125: CPUID[17] level 0000000b, 2: 0x00000000 0x00000000 0x00000002 0x00000025
2025-12-08T19:35:18.300Z| vmx| I125: CPUID[18] level 00000001, 0: 0x000206c2 0x30200800 0x029ee3ff 0xbfebfbff
2025-12-08T19:35:18.300Z| vmx| I125: CPUID[18] level 0000000b, 0: 0x00000001 0x00000002 0x00000100 0x00000030
2025-12-08T19:35:18.300Z| vmx| I125: CPUID[18] level 0000000b, 1: 0x00000005 0x0000000c 0x00000201 0x00000030
2025-12-08T19:35:18.300Z| vmx| I125: CPUID[18] level 0000000b, 2: 0x00000000 0x00000000 0x00000002 0x00000030
2025-12-08T19:35:18.300Z| vmx| I125: CPUID[19] level 00000001, 0: 0x000206c2 0x31200800 0x029ee3ff 0xbfebfbff
2025-12-08T19:35:18.300Z| vmx| I125: CPUID[19] level 0000000b, 0: 0x00000001 0x00000002 0x00000100 0x00000031
2025-12-08T19:35:18.300Z| vmx| I125: CPUID[19] level 0000000b, 1: 0x00000005 0x0000000c 0x00000201 0x00000031
2025-12-08T19:35:18.300Z| vmx| I125: CPUID[19] level 0000000b, 2: 0x00000000 0x00000000 0x00000002 0x00000031
2025-12-08T19:35:18.300Z| vmx| I125: CPUID[20] level 00000001, 0: 0x000206c2 0x32200800 0x029ee3ff 0xbfebfbff
2025-12-08T19:35:18.300Z| vmx| I125: CPUID[20] level 0000000b, 0: 0x00000001 0x00000002 0x00000100 0x00000032
2025-12-08T19:35:18.300Z| vmx| I125: CPUID[20] level 0000000b, 1: 0x00000005 0x0000000c 0x00000201 0x00000032
2025-12-08T19:35:18.300Z| vmx| I125: CPUID[20] level 0000000b, 2: 0x00000000 0x00000000 0x00000002 0x00000032
2025-12-08T19:35:18.300Z| vmx| I125: CPUID[21] level 00000001, 0: 0x000206c2 0x33200800 0x029ee3ff 0xbfebfbff
2025-12-08T19:35:18.300Z| vmx| I125: CPUID[21] level 0000000b, 0: 0x00000001 0x00000002 0x00000100 0x00000033
2025-12-08T19:35:18.300Z| vmx| I125: CPUID[21] level 0000000b, 1: 0x00000005 0x0000000c 0x00000201 0x00000033
2025-12-08T19:35:18.300Z| vmx| I125: CPUID[21] level 0000000b, 2: 0x00000000 0x00000000 0x00000002 0x00000033
2025-12-08T19:35:18.300Z| vmx| I125: CPUID[22] level 00000001, 0: 0x000206c2 0x34200800 0x029ee3ff 0xbfebfbff
2025-12-08T19:35:18.300Z| vmx| I125: CPUID[22] level 0000000b, 0: 0x00000001 0x00000002 0x00000100 0x00000034
2025-12-08T19:35:18.300Z| vmx| I125: CPUID[22] level 0000000b, 1: 0x00000005 0x0000000c 0x00000201 0x00000034
2025-12-08T19:35:18.300Z| vmx| I125: CPUID[22] level 0000000b, 2: 0x00000000 0x00000000 0x00000002 0x00000034
2025-12-08T19:35:18.300Z| vmx| I125: CPUID[23] level 00000001, 0: 0x000206c2 0x35200800 0x029ee3ff 0xbfebfbff
2025-12-08T19:35:18.300Z| vmx| I125: CPUID[23] level 0000000b, 0: 0x00000001 0x00000002 0x00000100 0x00000035
2025-12-08T19:35:18.300Z| vmx| I125: CPUID[23] level 0000000b, 1: 0x00000005 0x0000000c 0x00000201 0x00000035
2025-12-08T19:35:18.300Z| vmx| I125: CPUID[23] level 0000000b, 2: 0x00000000 0x00000000 0x00000002 0x00000035
2025-12-08T19:35:18.300Z| vmx| I125: Common: MSR       0x3a =                0x5
2025-12-08T19:35:18.300Z| vmx| I125: Common: MSR      0x480 =   0xda04000000000f
2025-12-08T19:35:18.300Z| vmx| I125: Common: MSR      0x481 =       0x7f00000016
2025-12-08T19:35:18.300Z| vmx| I125: Common: MSR      0x482 = 0xfff9fffe0401e172
2025-12-08T19:35:18.300Z| vmx| I125: Common: MSR      0x483 =   0x7fffff00036dff
2025-12-08T19:35:18.300Z| vmx| I125: Common: MSR      0x484 =     0xffff000011ff
2025-12-08T19:35:18.300Z| vmx| I125: Common: MSR      0x485 =            0x401e7
2025-12-08T19:35:18.300Z| vmx| I125: Common: MSR      0x486 =         0x80000021
2025-12-08T19:35:18.300Z| vmx| I125: Common: MSR      0x487 =         0xffffffff
2025-12-08T19:35:18.300Z| vmx| I125: Common: MSR      0x488 =             0x2000
2025-12-08T19:35:18.300Z| vmx| I125: Common: MSR      0x489 =            0x267ff
2025-12-08T19:35:18.300Z| vmx| I125: Common: MSR      0x48a =               0x2a
2025-12-08T19:35:18.300Z| vmx| I125: Common: MSR      0x48b =      0x4ff00000000
2025-12-08T19:35:18.300Z| vmx| I125: Common: MSR      0x48c =      0xf0106134141
2025-12-08T19:35:18.300Z| vmx| I125: Common: MSR      0x48d =       0x7f00000016
2025-12-08T19:35:18.300Z| vmx| I125: Common: MSR      0x48e = 0xfff9fffe04006172
2025-12-08T19:35:18.300Z| vmx| I125: Common: MSR      0x48f =   0x7fffff00036dfb
2025-12-08T19:35:18.300Z| vmx| I125: Common: MSR      0x490 =     0xffff000011fb
2025-12-08T19:35:18.300Z| vmx| I125: Common: MSR      0x491 =                  0
2025-12-08T19:35:18.300Z| vmx| I125: Common: MSR 0xc0010114 =                  0
2025-12-08T19:35:18.300Z| vmx| I125: Common: MSR       0xce =      0xc0004011403
2025-12-08T19:35:18.300Z| vmx| I125: Common: MSR      0x10a =                  0
2025-12-08T19:35:18.301Z| vmx| I125: UTIL: Change file descriptor limit from soft 3840,hard 3840 to soft 4096,hard 4096.
2025-12-08T19:35:18.301Z| vmx| I125: PTSC: using TSC + offset (-499113000296)
2025-12-08T19:35:18.301Z| vmx| I125: PTSC: hardware TSCs are synchronized.
2025-12-08T19:35:18.301Z| vmx| I125: PTSC: current PTSC=750996600688
2025-12-08T19:35:18.301Z| vmx| I125: MKSXlib: Initialized thread-safe Xlib
2025-12-08T19:35:18.301Z| vmx| I125: MKSXlib: Failed to open libXi.so.6
2025-12-08T19:35:18.301Z| vmx| I125: [0x983960000-0x984B09EA4): /bin/vmx
2025-12-08T19:35:18.310Z| vmx| I125: changing directory to /vmfs/volumes/3a4fd8ce-fc4375c4-effb-5cf3fce846f8/SGRL-VCSA01/.
2025-12-08T19:35:18.310Z| vmx| I125: Config file: /vmfs/volumes/3a4fd8ce-fc4375c4-effb-5cf3fce846f8/SGRL-VCSA01/SGRL-VCSA01.vmx
2025-12-08T19:35:18.310Z| vmx| I125: Vix: [mainDispatch.c:4239]: VMAutomation_ReportPowerOpFinished: statevar=1, newAppState=1873, success=1 additionalError=0
2025-12-08T19:35:18.310Z| vmx| I125: Vix: [mainDispatch.c:4239]: VMAutomation_ReportPowerOpFinished: statevar=2, newAppState=1878, success=1 additionalError=0
2025-12-08T19:35:18.310Z| vmx| I125: FILE: FileCreateDirectoryEx: Failed to create /tmp. Error = 17
2025-12-08T19:35:18.310Z| vmx| I125: FILE: FileCreateDirectoryEx: Failed to create /tmp/vmware-root. Error = 17
2025-12-08T19:35:18.433Z| vmx| W115: PowerOn
2025-12-08T19:35:18.433Z| vmx| I125: Vix: [mainDispatch.c:4239]: VMAutomation_ReportPowerOpFinished: statevar=0, newAppState=1871, success=1 additionalError=0
2025-12-08T19:35:18.433Z| vmx| I125: UNAME VMkernel SGRL-ESX01 6.7.0 #1 SMP Release build-19195723 Jan 11 2022 23:34:04 x86_64 (uwglibc release: vmware, version: 2.17)
2025-12-08T19:35:18.433Z| vmx| I125: DICT --- GLOBAL SETTINGS /usr/lib/vmware/settings
2025-12-08T19:35:18.433Z| vmx| I125: DICT --- NON PERSISTENT (null)
2025-12-08T19:35:18.433Z| vmx| I125: DICT --- USER PREFERENCES //.vmware/preferences
2025-12-08T19:35:18.433Z| vmx| I125: DICT --- USER DEFAULTS //.vmware/config
2025-12-08T19:35:18.433Z| vmx| I125: DICT --- HOST DEFAULTS /etc/vmware/config
2025-12-08T19:35:18.433Z| vmx| I125: DICT                    libdir = "/usr/lib/vmware"
2025-12-08T19:35:18.433Z| vmx| I125: DICT           authd.proxy.nfc = "vmware-hostd:ha-nfc"
2025-12-08T19:35:18.433Z| vmx| I125: DICT        authd.proxy.nfcssl = "vmware-hostd:ha-nfcssl"
2025-12-08T19:35:18.433Z| vmx| I125: DICT   authd.proxy.vpxa-nfcssl = "vmware-vpxa:vpxa-nfcssl"
2025-12-08T19:35:18.433Z| vmx| I125: DICT      authd.proxy.vpxa-nfc = "vmware-vpxa:vpxa-nfc"
2025-12-08T19:35:18.433Z| vmx| I125: DICT            authd.fullpath = "/sbin/authd"
2025-12-08T19:35:18.433Z| vmx| I125: DICT --- SITE DEFAULTS /usr/lib/vmware/config
2025-12-08T19:35:18.433Z| vmx| I125: DICT --- NONPERSISTENT
2025-12-08T19:35:18.433Z| vmx| I125: DICT               sched.group = "host/user"
2025-12-08T19:35:18.433Z| vmx| I125: DICT --- COMMAND LINE
2025-12-08T19:35:18.433Z| vmx| I125: DICT               sched.group = "host/user"
2025-12-08T19:35:18.433Z| vmx| I125: DICT --- RECORDING
2025-12-08T19:35:18.433Z| vmx| I125: DICT               sched.group = "host/user"
2025-12-08T19:35:18.433Z| vmx| I125: DICT --- CONFIGURATION /vmfs/volumes/3a4fd8ce-fc4375c4-effb-5cf3fce846f8/SGRL-VCSA01/SGRL-VCSA01.vmx 
2025-12-08T19:35:18.433Z| vmx| I125: DICT            config.version = "8"
2025-12-08T19:35:18.433Z| vmx| I125: DICT         virtualHW.version = "10"
2025-12-08T19:35:18.433Z| vmx| I125: DICT             vmci0.present = "TRUE"
2025-12-08T19:35:18.433Z| vmx| I125: DICT           floppy0.present = "FALSE"
2025-12-08T19:35:18.433Z| vmx| I125: DICT                  numvcpus = "2"
2025-12-08T19:35:18.433Z| vmx| I125: DICT                   memSize = "10240"
2025-12-08T19:35:18.433Z| vmx| I125: DICT             vm.createDate = "1756812219068186"
2025-12-08T19:35:18.433Z| vmx| I125: DICT          scsi0.virtualDev = "lsilogic"
2025-12-08T19:35:18.433Z| vmx| I125: DICT             scsi0.present = "TRUE"
2025-12-08T19:35:18.433Z| vmx| I125: DICT          scsi1.virtualDev = "lsilogic"
2025-12-08T19:35:18.433Z| vmx| I125: DICT             scsi1.present = "TRUE"
2025-12-08T19:35:18.433Z| vmx| I125: DICT     ide0:0.startConnected = "FALSE"
2025-12-08T19:35:18.433Z| vmx| I125: DICT         ide0:0.deviceType = "atapi-cdrom"
2025-12-08T19:35:18.433Z| vmx| I125: DICT           ide0:0.fileName = "CD/DVD drive 0"
2025-12-08T19:35:18.433Z| vmx| I125: DICT            ide0:0.present = "TRUE"
2025-12-08T19:35:18.433Z| vmx| I125: DICT        scsi0:0.deviceType = "scsi-hardDisk"
2025-12-08T19:35:18.433Z| vmx| I125: DICT          scsi0:0.fileName = "SGRL-VCSA01.vmdk"
2025-12-08T19:35:18.433Z| vmx| I125: DICT           scsi0:0.present = "TRUE"
2025-12-08T19:35:18.433Z| vmx| I125: DICT        scsi0:1.deviceType = "scsi-hardDisk"
2025-12-08T19:35:18.433Z| vmx| I125: DICT          scsi0:1.fileName = "SGRL-VCSA01_1.vmdk"
2025-12-08T19:35:18.433Z| vmx| I125: DICT           scsi0:1.present = "TRUE"
2025-12-08T19:35:18.433Z| vmx| I125: DICT        scsi0:2.deviceType = "scsi-hardDisk"
2025-12-08T19:35:18.433Z| vmx| I125: DICT          scsi0:2.fileName = "SGRL-VCSA01_2.vmdk"
2025-12-08T19:35:18.433Z| vmx| I125: DICT           scsi0:2.present = "TRUE"
2025-12-08T19:35:18.433Z| vmx| I125: DICT        scsi0:3.deviceType = "scsi-hardDisk"
2025-12-08T19:35:18.433Z| vmx| I125: DICT          scsi0:3.fileName = "SGRL-VCSA01_3.vmdk"
2025-12-08T19:35:18.433Z| vmx| I125: DICT           scsi0:3.present = "TRUE"
2025-12-08T19:35:18.433Z| vmx| I125: DICT        scsi0:4.deviceType = "scsi-hardDisk"
2025-12-08T19:35:18.433Z| vmx| I125: DICT          scsi0:4.fileName = "SGRL-VCSA01_4.vmdk"
2025-12-08T19:35:18.433Z| vmx| I125: DICT           scsi0:4.present = "TRUE"
2025-12-08T19:35:18.433Z| vmx| I125: DICT        scsi0:5.deviceType = "scsi-hardDisk"
2025-12-08T19:35:18.433Z| vmx| I125: DICT          scsi0:5.fileName = "SGRL-VCSA01_5.vmdk"
2025-12-08T19:35:18.433Z| vmx| I125: DICT           scsi0:5.present = "TRUE"
2025-12-08T19:35:18.433Z| vmx| I125: DICT        scsi0:6.deviceType = "scsi-hardDisk"
2025-12-08T19:35:18.433Z| vmx| I125: DICT          scsi0:6.fileName = "SGRL-VCSA01_6.vmdk"
2025-12-08T19:35:18.433Z| vmx| I125: DICT           scsi0:6.present = "TRUE"
2025-12-08T19:35:18.433Z| vmx| I125: DICT        scsi0:8.deviceType = "scsi-hardDisk"
2025-12-08T19:35:18.433Z| vmx| I125: DICT          scsi0:8.fileName = "SGRL-VCSA01_7.vmdk"
2025-12-08T19:35:18.433Z| vmx| I125: DICT           scsi0:8.present = "TRUE"
2025-12-08T19:35:18.433Z| vmx| I125: DICT        scsi0:9.deviceType = "scsi-hardDisk"
2025-12-08T19:35:18.433Z| vmx| I125: DICT          scsi0:9.fileName = "SGRL-VCSA01_8.vmdk"
2025-12-08T19:35:18.433Z| vmx| I125: DICT           scsi0:9.present = "TRUE"
2025-12-08T19:35:18.433Z| vmx| I125: DICT       scsi0:10.deviceType = "scsi-hardDisk"
2025-12-08T19:35:18.433Z| vmx| I125: DICT         scsi0:10.fileName = "SGRL-VCSA01_9.vmdk"
2025-12-08T19:35:18.433Z| vmx| I125: DICT          scsi0:10.present = "TRUE"
2025-12-08T19:35:18.433Z| vmx| I125: DICT       scsi0:11.deviceType = "scsi-hardDisk"
2025-12-08T19:35:18.433Z| vmx| I125: DICT         scsi0:11.fileName = "SGRL-VCSA01_10.vmdk"
2025-12-08T19:35:18.433Z| vmx| I125: DICT          scsi0:11.present = "TRUE"
2025-12-08T19:35:18.433Z| vmx| I125: DICT       scsi0:12.deviceType = "scsi-hardDisk"
2025-12-08T19:35:18.433Z| vmx| I125: DICT         scsi0:12.fileName = "SGRL-VCSA01_11.vmdk"
2025-12-08T19:35:18.433Z| vmx| I125: DICT          scsi0:12.present = "TRUE"
2025-12-08T19:35:18.433Z| vmx| I125: DICT       scsi0:13.deviceType = "scsi-hardDisk"
2025-12-08T19:35:18.433Z| vmx| I125: DICT         scsi0:13.fileName = "SGRL-VCSA01_12.vmdk"
2025-12-08T19:35:18.433Z| vmx| I125: DICT          scsi0:13.present = "TRUE"
2025-12-08T19:35:18.433Z| vmx| I125: DICT      ethernet0.virtualDev = "vmxnet3"
2025-12-08T19:35:18.433Z| vmx| I125: DICT     ethernet0.networkName = "VM Network"
2025-12-08T19:35:18.433Z| vmx| I125: DICT     ethernet0.addressType = "generated"
2025-12-08T19:35:18.433Z| vmx| I125: DICT ethernet0.uptCompatibility = "TRUE"
2025-12-08T19:35:18.433Z| vmx| I125: DICT         ethernet0.present = "TRUE"
2025-12-08T19:35:18.433Z| vmx| I125: DICT               displayName = "SGRL-VCSA01"
2025-12-08T19:35:18.433Z| vmx| I125: DICT                annotation = <not printed>
2025-12-08T19:35:18.433Z| vmx| I125: DICT                   guestOS = "other3xlinux-64"
2025-12-08T19:35:18.433Z| vmx| I125: DICT               vcpu.hotadd = "TRUE"
2025-12-08T19:35:18.433Z| vmx| I125: DICT            vcpu.hotremove = "TRUE"
2025-12-08T19:35:18.433Z| vmx| I125: DICT                mem.hotadd = "TRUE"
2025-12-08T19:35:18.433Z| vmx| I125: DICT  toolScripts.afterPowerOn = "TRUE"
2025-12-08T19:35:18.433Z| vmx| I125: DICT   toolScripts.afterResume = "TRUE"
2025-12-08T19:35:18.433Z| vmx| I125: DICT toolScripts.beforeSuspend = "TRUE"
2025-12-08T19:35:18.433Z| vmx| I125: DICT toolScripts.beforePowerOff = "TRUE"
2025-12-08T19:35:18.433Z| vmx| I125: DICT                 uuid.bios = "56 4d e6 d3 52 d8 e2 56-c2 08 71 45 bb 09 c0 d9"
2025-12-08T19:35:18.433Z| vmx| I125: DICT             uuid.location = "56 4d e6 d3 52 d8 e2 56-c2 08 71 45 bb 09 c0 d9"
2025-12-08T19:35:18.433Z| vmx| I125: DICT                   vc.uuid = "52 85 ad a5 2b 22 8e e8-bb 99 53 89 50 1c a7 75"
2025-12-08T19:35:18.433Z| vmx| I125: DICT ethernet0.generatedAddress = "00:0c:29:09:c0:d9"
2025-12-08T19:35:18.433Z| vmx| I125: DICT                  vmci0.id = "-1156988711"
2025-12-08T19:35:18.433Z| vmx| I125: DICT             cleanShutdown = "TRUE"
2025-12-08T19:35:18.433Z| vmx| I125: DICT            tools.syncTime = "TRUE"
2025-12-08T19:35:18.433Z| vmx| I125: DICT sched.scsi0:0.throughputCap = "off"
2025-12-08T19:35:18.433Z| vmx| I125: DICT sched.scsi0:1.throughputCap = "off"
2025-12-08T19:35:18.433Z| vmx| I125: DICT sched.scsi0:2.throughputCap = "off"
2025-12-08T19:35:18.433Z| vmx| I125: DICT sched.scsi0:3.throughputCap = "off"
2025-12-08T19:35:18.433Z| vmx| I125: DICT sched.scsi0:4.throughputCap = "off"
2025-12-08T19:35:18.433Z| vmx| I125: DICT sched.scsi0:5.throughputCap = "off"
2025-12-08T19:35:18.433Z| vmx| I125: DICT sched.scsi0:6.throughputCap = "off"
2025-12-08T19:35:18.433Z| vmx| I125: DICT sched.scsi0:8.throughputCap = "off"
2025-12-08T19:35:18.433Z| vmx| I125: DICT sched.scsi0:9.throughputCap = "off"
2025-12-08T19:35:18.433Z| vmx| I125: DICT sched.scsi0:10.throughputCap = "off"
2025-12-08T19:35:18.433Z| vmx| I125: DICT sched.scsi0:11.throughputCap = "off"
2025-12-08T19:35:18.433Z| vmx| I125: DICT sched.scsi0:12.throughputCap = "off"
2025-12-08T19:35:18.434Z| vmx| I125: DICT sched.scsi0:13.throughputCap = "off"
2025-12-08T19:35:18.434Z| vmx| I125: DICT      tools.upgrade.policy = "manual"
2025-12-08T19:35:18.434Z| vmx| I125: DICT           sched.cpu.units = "mhz"
2025-12-08T19:35:18.434Z| vmx| I125: DICT        sched.cpu.affinity = "all"
2025-12-08T19:35:18.434Z| vmx| I125: DICT sched.cpu.latencySensitivity = "normal"
2025-12-08T19:35:18.434Z| vmx| I125: DICT      sched.scsi0:0.shares = "normal"
2025-12-08T19:35:18.434Z| vmx| I125: DICT      sched.scsi0:1.shares = "normal"
2025-12-08T19:35:18.434Z| vmx| I125: DICT      sched.scsi0:2.shares = "normal"
2025-12-08T19:35:18.434Z| vmx| I125: DICT      sched.scsi0:3.shares = "normal"
2025-12-08T19:35:18.434Z| vmx| I125: DICT      sched.scsi0:4.shares = "normal"
2025-12-08T19:35:18.434Z| vmx| I125: DICT      sched.scsi0:5.shares = "normal"
2025-12-08T19:35:18.434Z| vmx| I125: DICT      sched.scsi0:6.shares = "normal"
2025-12-08T19:35:18.434Z| vmx| I125: DICT      sched.scsi0:8.shares = "normal"
2025-12-08T19:35:18.434Z| vmx| I125: DICT      sched.scsi0:9.shares = "normal"
2025-12-08T19:35:18.434Z| vmx| I125: DICT     sched.scsi0:10.shares = "normal"
2025-12-08T19:35:18.434Z| vmx| I125: DICT     sched.scsi0:11.shares = "normal"
2025-12-08T19:35:18.434Z| vmx| I125: DICT     sched.scsi0:12.shares = "normal"
2025-12-08T19:35:18.434Z| vmx| I125: DICT     sched.scsi0:13.shares = "normal"
2025-12-08T19:35:18.434Z| vmx| I125: DICT tools.guest.desktop.autolock = "FALSE"
2025-12-08T19:35:18.434Z| vmx| I125: DICT                     nvram = "SGRL-VCSA01.nvram"
2025-12-08T19:35:18.434Z| vmx| I125: DICT        pciBridge0.present = "TRUE"
2025-12-08T19:35:18.434Z| vmx| I125: DICT              svga.present = "TRUE"
2025-12-08T19:35:18.434Z| vmx| I125: DICT        pciBridge4.present = "TRUE"
2025-12-08T19:35:18.434Z| vmx| I125: DICT     pciBridge4.virtualDev = "pcieRootPort"
2025-12-08T19:35:18.434Z| vmx| I125: DICT      pciBridge4.functions = "8"
2025-12-08T19:35:18.434Z| vmx| I125: DICT        pciBridge5.present = "TRUE"
2025-12-08T19:35:18.434Z| vmx| I125: DICT     pciBridge5.virtualDev = "pcieRootPort"
2025-12-08T19:35:18.434Z| vmx| I125: DICT      pciBridge5.functions = "8"
2025-12-08T19:35:18.434Z| vmx| I125: DICT        pciBridge6.present = "TRUE"
2025-12-08T19:35:18.434Z| vmx| I125: DICT     pciBridge6.virtualDev = "pcieRootPort"
2025-12-08T19:35:18.434Z| vmx| I125: DICT      pciBridge6.functions = "8"
2025-12-08T19:35:18.434Z| vmx| I125: DICT        pciBridge7.present = "TRUE"
2025-12-08T19:35:18.434Z| vmx| I125: DICT     pciBridge7.virtualDev = "pcieRootPort"
2025-12-08T19:35:18.434Z| vmx| I125: DICT      pciBridge7.functions = "8"
2025-12-08T19:35:18.434Z| vmx| I125: DICT             hpet0.present = "TRUE"
2025-12-08T19:35:18.434Z| vmx| I125: DICT            msg.autoAnswer = "TRUE"
2025-12-08T19:35:18.434Z| vmx| I125: DICT  cdrom.showIsoLockWarning = "FALSE"
2025-12-08T19:35:18.434Z| vmx| I125: DICT    sched.swap.derivedName = "/vmfs/volumes/3a4fd8ce-fc4375c4-effb-5cf3fce846f8/SGRL-VCSA01/SGRL-VCSA01-84c56af9.vswp"
2025-12-08T19:35:18.434Z| vmx| I125: DICT  pciBridge0.pciSlotNumber = "17"
2025-12-08T19:35:18.434Z| vmx| I125: DICT  pciBridge4.pciSlotNumber = "21"
2025-12-08T19:35:18.434Z| vmx| I125: DICT  pciBridge5.pciSlotNumber = "22"
2025-12-08T19:35:18.434Z| vmx| I125: DICT  pciBridge6.pciSlotNumber = "23"
2025-12-08T19:35:18.434Z| vmx| I125: DICT  pciBridge7.pciSlotNumber = "24"
2025-12-08T19:35:18.434Z| vmx| I125: DICT       scsi0.pciSlotNumber = "16"
2025-12-08T19:35:18.434Z| vmx| I125: DICT       scsi1.pciSlotNumber = "32"
2025-12-08T19:35:18.434Z| vmx| I125: DICT   ethernet0.pciSlotNumber = "160"
2025-12-08T19:35:18.434Z| vmx| I125: DICT       vmci0.pciSlotNumber = "33"
2025-12-08T19:35:18.434Z| vmx| I125: DICT ethernet0.generatedAddressOffset = "0"
2025-12-08T19:35:18.434Z| vmx| I125: DICT    monitor.phys_bits_used = "40"
2025-12-08T19:35:18.434Z| vmx| I125: DICT  vmotion.checkpointFBSize = "4194304"
2025-12-08T19:35:18.434Z| vmx| I125: DICT              softPowerOff = "TRUE"
2025-12-08T19:35:18.434Z| vmx| I125: DICT           migrate.hostLog = "./SGRL-VCSA01-84c56af9.hlog"
2025-12-08T19:35:18.434Z| vmx| I125: DICT             sched.cpu.min = "0"
2025-12-08T19:35:18.434Z| vmx| I125: DICT          sched.cpu.shares = "normal"
2025-12-08T19:35:18.434Z| vmx| I125: DICT             sched.mem.min = "0"
2025-12-08T19:35:18.434Z| vmx| I125: DICT         sched.mem.minSize = "0"
2025-12-08T19:35:18.434Z| vmx| I125: DICT          sched.mem.shares = "normal"
2025-12-08T19:35:18.434Z| vmx| I125: DICT              scsi0:0.redo = ""
2025-12-08T19:35:18.434Z| vmx| I125: DICT              scsi0:1.redo = ""
2025-12-08T19:35:18.434Z| vmx| I125: DICT              scsi0:2.redo = ""
2025-12-08T19:35:18.434Z| vmx| I125: DICT              scsi0:3.redo = ""
2025-12-08T19:35:18.434Z| vmx| I125: DICT              scsi0:4.redo = ""
2025-12-08T19:35:18.434Z| vmx| I125: DICT              scsi0:5.redo = ""
2025-12-08T19:35:18.434Z| vmx| I125: DICT              scsi0:6.redo = ""
2025-12-08T19:35:18.434Z| vmx| I125: DICT              scsi0:8.redo = ""
2025-12-08T19:35:18.434Z| vmx| I125: DICT              scsi0:9.redo = ""
2025-12-08T19:35:18.434Z| vmx| I125: DICT             scsi0:10.redo = ""
2025-12-08T19:35:18.434Z| vmx| I125: DICT             scsi0:11.redo = ""
2025-12-08T19:35:18.434Z| vmx| I125: DICT             scsi0:12.redo = ""
2025-12-08T19:35:18.434Z| vmx| I125: DICT             scsi0:13.redo = ""
2025-12-08T19:35:18.434Z| vmx| I125: DICT        checkpoint.vmState = ""
2025-12-08T19:35:18.434Z| vmx| I125: DICT --- USER DEFAULTS ~/.vmware/config 
2025-12-08T19:35:18.434Z| vmx| I125: DICT --- HOST DEFAULTS /etc/vmware/config 
2025-12-08T19:35:18.434Z| vmx| I125: DICT                    libdir = "/usr/lib/vmware"
2025-12-08T19:35:18.434Z| vmx| I125: DICT           authd.proxy.nfc = "vmware-hostd:ha-nfc"
2025-12-08T19:35:18.434Z| vmx| I125: DICT        authd.proxy.nfcssl = "vmware-hostd:ha-nfcssl"
2025-12-08T19:35:18.434Z| vmx| I125: DICT   authd.proxy.vpxa-nfcssl = "vmware-vpxa:vpxa-nfcssl"
2025-12-08T19:35:18.434Z| vmx| I125: DICT      authd.proxy.vpxa-nfc = "vmware-vpxa:vpxa-nfc"
2025-12-08T19:35:18.434Z| vmx| I125: DICT            authd.fullpath = "/sbin/authd"
2025-12-08T19:35:18.434Z| vmx| I125: DICT --- SITE DEFAULTS /usr/lib/vmware/config 
2025-12-08T19:35:18.434Z| vmx| I125: DICT --- GLOBAL SETTINGS /usr/lib/vmware/settings 
2025-12-08T19:35:18.434Z| vmx| I125: Vix: [mainDispatch.c:4239]: VMAutomation_ReportPowerOpFinished: statevar=1, newAppState=1873, success=1 additionalError=0
2025-12-08T19:35:18.443Z| vmx| I125: DISKLIB-VMFS  : "/vmfs/volumes/3a4fd8ce-fc4375c4-effb-5cf3fce846f8/SGRL-VCSA01/SGRL-VCSA01-flat.vmdk" : open successful (524293) size = 12884901888, hd = 0. Type 3
2025-12-08T19:35:18.443Z| vmx| I125: DISKLIB-VMFS  : "/vmfs/volumes/3a4fd8ce-fc4375c4-effb-5cf3fce846f8/SGRL-VCSA01/SGRL-VCSA01-flat.vmdk" : closed.
2025-12-08T19:35:18.444Z| vmx| I125: DISKLIB-VMFS  : "/vmfs/volumes/3a4fd8ce-fc4375c4-effb-5cf3fce846f8/SGRL-VCSA01/SGRL-VCSA01_1-flat.vmdk" : open successful (524293) size = 1844445184, hd = 0. Type 3
2025-12-08T19:35:18.444Z| vmx| I125: DISKLIB-VMFS  : "/vmfs/volumes/3a4fd8ce-fc4375c4-effb-5cf3fce846f8/SGRL-VCSA01/SGRL-VCSA01_1-flat.vmdk" : closed.
2025-12-08T19:35:18.445Z| vmx| I125: DISKLIB-VMFS  : "/vmfs/volumes/3a4fd8ce-fc4375c4-effb-5cf3fce846f8/SGRL-VCSA01/SGRL-VCSA01_2-flat.vmdk" : open successful (524293) size = 26843545600, hd = 0. Type 3
2025-12-08T19:35:18.445Z| vmx| I125: DISKLIB-VMFS  : "/vmfs/volumes/3a4fd8ce-fc4375c4-effb-5cf3fce846f8/SGRL-VCSA01/SGRL-VCSA01_2-flat.vmdk" : closed.
2025-12-08T19:35:18.445Z| vmx| I125: DISKLIB-VMFS  : "/vmfs/volumes/3a4fd8ce-fc4375c4-effb-5cf3fce846f8/SGRL-VCSA01/SGRL-VCSA01_3-flat.vmdk" : open successful (524293) size = 26843545600, hd = 0. Type 3
2025-12-08T19:35:18.445Z| vmx| I125: DISKLIB-VMFS  : "/vmfs/volumes/3a4fd8ce-fc4375c4-effb-5cf3fce846f8/SGRL-VCSA01/SGRL-VCSA01_3-flat.vmdk" : closed.
2025-12-08T19:35:18.461Z| vmx| I125: DISKLIB-VMFS  : "/vmfs/volumes/3a4fd8ce-fc4375c4-effb-5cf3fce846f8/SGRL-VCSA01/SGRL-VCSA01_4-flat.vmdk" : open successful (524293) size = 10737418240, hd = 0. Type 3
2025-12-08T19:35:18.461Z| vmx| I125: DISKLIB-VMFS  : "/vmfs/volumes/3a4fd8ce-fc4375c4-effb-5cf3fce846f8/SGRL-VCSA01/SGRL-VCSA01_4-flat.vmdk" : closed.
2025-12-08T19:35:18.463Z| vmx| I125: DISKLIB-VMFS  : "/vmfs/volumes/3a4fd8ce-fc4375c4-effb-5cf3fce846f8/SGRL-VCSA01/SGRL-VCSA01_5-flat.vmdk" : open successful (524293) size = 10737418240, hd = 0. Type 3
2025-12-08T19:35:18.463Z| vmx| I125: DISKLIB-VMFS  : "/vmfs/volumes/3a4fd8ce-fc4375c4-effb-5cf3fce846f8/SGRL-VCSA01/SGRL-VCSA01_5-flat.vmdk" : closed.
2025-12-08T19:35:18.464Z| vmx| I125: DISKLIB-VMFS  : "/vmfs/volumes/3a4fd8ce-fc4375c4-effb-5cf3fce846f8/SGRL-VCSA01/SGRL-VCSA01_6-flat.vmdk" : open successful (524293) size = 16106127360, hd = 0. Type 3
2025-12-08T19:35:18.464Z| vmx| I125: DISKLIB-VMFS  : "/vmfs/volumes/3a4fd8ce-fc4375c4-effb-5cf3fce846f8/SGRL-VCSA01/SGRL-VCSA01_6-flat.vmdk" : closed.
2025-12-08T19:35:18.465Z| vmx| I125: DISKLIB-VMFS  : "/vmfs/volumes/3a4fd8ce-fc4375c4-effb-5cf3fce846f8/SGRL-VCSA01/SGRL-VCSA01_7-flat.vmdk" : open successful (524293) size = 10737418240, hd = 0. Type 3
2025-12-08T19:35:18.465Z| vmx| I125: DISKLIB-VMFS  : "/vmfs/volumes/3a4fd8ce-fc4375c4-effb-5cf3fce846f8/SGRL-VCSA01/SGRL-VCSA01_7-flat.vmdk" : closed.
2025-12-08T19:35:18.466Z| vmx| I125: DISKLIB-VMFS  : "/vmfs/volumes/3a4fd8ce-fc4375c4-effb-5cf3fce846f8/SGRL-VCSA01/SGRL-VCSA01_8-flat.vmdk" : open successful (524293) size = 1073741824, hd = 0. Type 3
2025-12-08T19:35:18.466Z| vmx| I125: DISKLIB-VMFS  : "/vmfs/volumes/3a4fd8ce-fc4375c4-effb-5cf3fce846f8/SGRL-VCSA01/SGRL-VCSA01_8-flat.vmdk" : closed.
2025-12-08T19:35:18.467Z| vmx| I125: DISKLIB-VMFS  : "/vmfs/volumes/3a4fd8ce-fc4375c4-effb-5cf3fce846f8/SGRL-VCSA01/SGRL-VCSA01_9-flat.vmdk" : open successful (524293) size = 10737418240, hd = 0. Type 3
2025-12-08T19:35:18.467Z| vmx| I125: DISKLIB-VMFS  : "/vmfs/volumes/3a4fd8ce-fc4375c4-effb-5cf3fce846f8/SGRL-VCSA01/SGRL-VCSA01_9-flat.vmdk" : closed.
2025-12-08T19:35:18.468Z| vmx| I125: DISKLIB-VMFS  : "/vmfs/volumes/3a4fd8ce-fc4375c4-effb-5cf3fce846f8/SGRL-VCSA01/SGRL-VCSA01_10-flat.vmdk" : open successful (524293) size = 10737418240, hd = 0. Type 3
2025-12-08T19:35:18.468Z| vmx| I125: DISKLIB-VMFS  : "/vmfs/volumes/3a4fd8ce-fc4375c4-effb-5cf3fce846f8/SGRL-VCSA01/SGRL-VCSA01_10-flat.vmdk" : closed.
2025-12-08T19:35:18.469Z| vmx| I125: DISKLIB-VMFS  : "/vmfs/volumes/3a4fd8ce-fc4375c4-effb-5cf3fce846f8/SGRL-VCSA01/SGRL-VCSA01_11-flat.vmdk" : open successful (524293) size = 107374182400, hd = 0. Type 3
2025-12-08T19:35:18.469Z| vmx| I125: DISKLIB-VMFS  : "/vmfs/volumes/3a4fd8ce-fc4375c4-effb-5cf3fce846f8/SGRL-VCSA01/SGRL-VCSA01_11-flat.vmdk" : closed.
2025-12-08T19:35:18.470Z| vmx| I125: DISKLIB-VMFS  : "/vmfs/volumes/3a4fd8ce-fc4375c4-effb-5cf3fce846f8/SGRL-VCSA01/SGRL-VCSA01_12-flat.vmdk" : open successful (524293) size = 53687091200, hd = 0. Type 3
2025-12-08T19:35:18.470Z| vmx| I125: DISKLIB-VMFS  : "/vmfs/volumes/3a4fd8ce-fc4375c4-effb-5cf3fce846f8/SGRL-VCSA01/SGRL-VCSA01_12-flat.vmdk" : closed.
2025-12-08T19:35:18.471Z| vmx| I125: OvhdMem_PowerOn: initial admission: paged    50235 nonpaged     2412 anonymous    11032
2025-12-08T19:35:18.471Z| vmx| I125: VMMEM: Initial Reservation: 248MB (MainMem=10240MB)
2025-12-08T19:35:18.471Z| vmx| I125: MemSched_PowerOn: balloon minGuestSize 6553 (80% of min required size 8192)
2025-12-08T19:35:18.471Z| vmx| I125: VMMonParseSchedConfig: Initial Vmx Memory Configuration
2025-12-08T19:35:18.471Z| vmx| I125: MemSched (MB): min: 10 sizeLimit: 1024 swapInitialFileSize: 82 prealloc: FALSE.
2025-12-08T19:35:18.471Z| vmx| I125: MemSched: properties ovhd: 0 guestmem: 0 pinned: 0 fpt: 0 ftCpt: 0 ls: -3 prealloc: 0 preallocPMem: 0
2025-12-08T19:35:18.471Z| vmx| I125: numaHost: NUMA config: consolidation= 1 preferHT= 0
2025-12-08T19:35:18.471Z| vmx| I125: numa: Hot add is enabled and vNUMA hot add is disabled, forcing UMA.
2025-12-08T19:35:18.471Z| vmx| I125: numaHost: 2 VCPUs 1 VPDs 1 PPDs
2025-12-08T19:35:18.471Z| vmx| I125: numaHost: VCPU 0 VPD 0 PPD 0
2025-12-08T19:35:18.471Z| vmx| I125: numaHost: VCPU 1 VPD 0 PPD 0
2025-12-08T19:35:18.472Z| vmx| I125: CreateVM: Swap: generating normal swap file name.
2025-12-08T19:35:18.472Z| vmx| I125: FTCpt: (0 unk) vmk overheads: 0 pages (0 MB)
2025-12-08T19:35:18.472Z| vmx| I125: Swap file path: '/vmfs/volumes/3a4fd8ce-fc4375c4-effb-5cf3fce846f8/SGRL-VCSA01/SGRL-VCSA01-84c56af9.vswp'
2025-12-08T19:35:18.472Z| vmx| I125: Disk_GetDigestDiskCount: numDigestDisks = 0
2025-12-08T19:35:19.052Z| vmx| A100: ConfigDB: Setting sched.swap.derivedName = "/vmfs/volumes/3a4fd8ce-fc4375c4-effb-5cf3fce846f8/SGRL-VCSA01/SGRL-VCSA01-84c56af9.vswp"
2025-12-08T19:35:19.052Z| vthread-2100076| I125: VTHREAD 42025412352 "vthread-2100076" wid 2100076
2025-12-08T19:35:19.052Z| vmx| I125: WORKER: setting thread limit to 16 (was 4)
2025-12-08T19:35:19.053Z| vmx| W115: VProbes facility is disabled.
2025-12-08T19:35:19.053Z| vmx| W115: VProbes facility is disabled.
2025-12-08T19:35:19.053Z| vmx| I125: Host VT-x Capabilities:
2025-12-08T19:35:19.053Z| vmx| I125: Basic VMX Information (0x00da04000000000f)
2025-12-08T19:35:19.053Z| vmx| I125:   VMCS revision ID                  15
2025-12-08T19:35:19.053Z| vmx| I125:   VMCS region length              1024
2025-12-08T19:35:19.053Z| vmx| I125:   VMX physical-address width   natural
2025-12-08T19:35:19.053Z| vmx| I125:   SMM dual-monitor mode            yes
2025-12-08T19:35:19.053Z| vmx| I125:   Advanced INS/OUTS info           yes
2025-12-08T19:35:19.053Z| vmx| I125:   True VMX MSRs                    yes
2025-12-08T19:35:19.053Z| vmx| I125:   VMCS memory type                  WB
2025-12-08T19:35:19.053Z| vmx| I125: True Pin-Based VM-Execution Controls (0x0000007f00000016)
2025-12-08T19:35:19.053Z| vmx| I125:   External-interrupt exiting               {0,1}
2025-12-08T19:35:19.053Z| vmx| I125:   NMI exiting                              {0,1}
2025-12-08T19:35:19.053Z| vmx| I125:   Virtual NMIs                             {0,1}
2025-12-08T19:35:19.053Z| vmx| I125:   Activate VMX-preemption timer            {0,1}
2025-12-08T19:35:19.053Z| vmx| I125:   Process posted interrupts                { 0 }
2025-12-08T19:35:19.053Z| vmx| I125: True Primary Processor-Based VM-Execution Controls (0xfff9fffe04006172)
2025-12-08T19:35:19.053Z| vmx| I125:   Interrupt-window exiting                 {0,1}
2025-12-08T19:35:19.053Z| vmx| I125:   Use TSC offsetting                       {0,1}
2025-12-08T19:35:19.053Z| vmx| I125:   HLT exiting                              {0,1}
2025-12-08T19:35:19.053Z| vmx| I125:   INVLPG exiting                           {0,1}
2025-12-08T19:35:19.053Z| vmx| I125:   MWAIT exiting                            {0,1}
2025-12-08T19:35:19.053Z| vmx| I125:   RDPMC exiting                            {0,1}
2025-12-08T19:35:19.053Z| vmx| I125:   RDTSC exiting                            {0,1}
2025-12-08T19:35:19.053Z| vmx| I125:   CR3-load exiting                         {0,1}
2025-12-08T19:35:19.053Z| vmx| I125:   CR3-store exiting                        {0,1}
2025-12-08T19:35:19.053Z| vmx| I125:   CR8-load exiting                         {0,1}
2025-12-08T19:35:19.053Z| vmx| I125:   CR8-store exiting                        {0,1}
2025-12-08T19:35:19.053Z| vmx| I125:   Use TPR shadow                           {0,1}
2025-12-08T19:35:19.053Z| vmx| I125:   NMI-window exiting                       {0,1}
2025-12-08T19:35:19.053Z| vmx| I125:   MOV-DR exiting                           {0,1}
2025-12-08T19:35:19.053Z| vmx| I125:   Unconditional I/O exiting                {0,1}
2025-12-08T19:35:19.053Z| vmx| I125:   Use I/O bitmaps                          {0,1}
2025-12-08T19:35:19.053Z| vmx| I125:   Monitor trap flag                        {0,1}
2025-12-08T19:35:19.053Z| vmx| I125:   Use MSR bitmaps                          {0,1}
2025-12-08T19:35:19.053Z| vmx| I125:   MONITOR exiting                          {0,1}
2025-12-08T19:35:19.053Z| vmx| I125:   PAUSE exiting                            {0,1}
2025-12-08T19:35:19.053Z| vmx| I125:   Activate secondary controls              {0,1}
2025-12-08T19:35:19.053Z| vmx| I125: Secondary Processor-Based VM-Execution Controls (0x000004ff00000000)
2025-12-08T19:35:19.053Z| vmx| I125:   Virtualize APIC accesses                 {0,1}
2025-12-08T19:35:19.053Z| vmx| I125:   Enable EPT                               {0,1}
2025-12-08T19:35:19.053Z| vmx| I125:   Descriptor-table exiting                 {0,1}
2025-12-08T19:35:19.053Z| vmx| I125:   Enable RDTSCP                            {0,1}
2025-12-08T19:35:19.053Z| vmx| I125:   Virtualize x2APIC mode                   {0,1}
2025-12-08T19:35:19.054Z| vmx| I125:   Enable VPID                              {0,1}
2025-12-08T19:35:19.054Z| vmx| I125:   WBINVD exiting                           {0,1}
2025-12-08T19:35:19.054Z| vmx| I125:   Unrestricted guest                       {0,1}
2025-12-08T19:35:19.054Z| vmx| I125:   APIC-register virtualization             { 0 }
2025-12-08T19:35:19.054Z| vmx| I125:   Virtual-interrupt delivery               { 0 }
2025-12-08T19:35:19.054Z| vmx| I125:   PAUSE-loop exiting                       {0,1}
2025-12-08T19:35:19.054Z| vmx| I125:   RDRAND exiting                           { 0 }
2025-12-08T19:35:19.054Z| vmx| I125:   Enable INVPCID                           { 0 }
2025-12-08T19:35:19.054Z| vmx| I125:   Enable VM Functions                      { 0 }
2025-12-08T19:35:19.054Z| vmx| I125:   Use VMCS shadowing                       { 0 }
2025-12-08T19:35:19.054Z| vmx| I125:   Enable ENCLS/ENCLU                       { 0 }
2025-12-08T19:35:19.054Z| vmx| I125:   RDSEED exiting                           { 0 }
2025-12-08T19:35:19.054Z| vmx| I125:   Enable PML                               { 0 }
2025-12-08T19:35:19.054Z| vmx| I125:   EPT-violation #VE                        { 0 }
2025-12-08T19:35:19.054Z| vmx| I125:   Enable XSAVES/XRSTORS                    { 0 }
2025-12-08T19:35:19.054Z| vmx| I125:   Mode-based execute control for EPT       { 0 }
2025-12-08T19:35:19.054Z| vmx| I125:   Use TSC scaling                          { 0 }
2025-12-08T19:35:19.054Z| vmx| I125: True VM-Exit Controls (0x007fffff00036dfb)
2025-12-08T19:35:19.054Z| vmx| I125:   Save debug controls                      {0,1}
2025-12-08T19:35:19.054Z| vmx| I125:   Host address-space size                  {0,1}
2025-12-08T19:35:19.054Z| vmx| I125:   Load IA32_PERF_GLOBAL_CTRL               {0,1}
2025-12-08T19:35:19.054Z| vmx| I125:   Acknowledge interrupt on exit            {0,1}
2025-12-08T19:35:19.054Z| vmx| I125:   Save IA32_PAT                            {0,1}
2025-12-08T19:35:19.054Z| vmx| I125:   Load IA32_PAT                            {0,1}
2025-12-08T19:35:19.054Z| vmx| I125:   Save IA32_EFER                           {0,1}
2025-12-08T19:35:19.054Z| vmx| I125:   Load IA32_EFER                           {0,1}
2025-12-08T19:35:19.054Z| vmx| I125:   Save VMX-preemption timer                {0,1}
2025-12-08T19:35:19.054Z| vmx| I125: True VM-Entry Controls (0x0000ffff000011fb)
2025-12-08T19:35:19.054Z| vmx| I125:   Load debug controls                      {0,1}
2025-12-08T19:35:19.054Z| vmx| I125:   IA-32e mode guest                        {0,1}
2025-12-08T19:35:19.054Z| vmx| I125:   Entry to SMM                             {0,1}
2025-12-08T19:35:19.054Z| vmx| I125:   Deactivate dual-monitor mode             {0,1}
2025-12-08T19:35:19.054Z| vmx| I125:   Load IA32_PERF_GLOBAL_CTRL               {0,1}
2025-12-08T19:35:19.054Z| vmx| I125:   Load IA32_PAT                            {0,1}
2025-12-08T19:35:19.054Z| vmx| I125:   Load IA32_EFER                           {0,1}
2025-12-08T19:35:19.054Z| vmx| I125: VPID and EPT Capabilities (0x00000f0106134141)
2025-12-08T19:35:19.054Z| vmx| I125:   R=0/W=0/X=1                      yes
2025-12-08T19:35:19.054Z| vmx| I125:   Page-walk length 3               yes
2025-12-08T19:35:19.054Z| vmx| I125:   EPT memory type WB               yes
2025-12-08T19:35:19.054Z| vmx| I125:   2MB super-page                   yes
2025-12-08T19:35:19.054Z| vmx| I125:   1GB super-page                   yes
2025-12-08T19:35:19.054Z| vmx| I125:   INVEPT support                   yes
2025-12-08T19:35:19.054Z| vmx| I125:   Access & Dirty Bits               no
2025-12-08T19:35:19.054Z| vmx| I125:   Advanced VM exit information for EPT violations    no
2025-12-08T19:35:19.054Z| vmx| I125:   Type 1 INVEPT                    yes
2025-12-08T19:35:19.054Z| vmx| I125:   Type 2 INVEPT                    yes
2025-12-08T19:35:19.054Z| vmx| I125:   INVVPID support                  yes
2025-12-08T19:35:19.054Z| vmx| I125:   Type 0 INVVPID                   yes
2025-12-08T19:35:19.054Z| vmx| I125:   Type 1 INVVPID                   yes
2025-12-08T19:35:19.054Z| vmx| I125:   Type 2 INVVPID                   yes
2025-12-08T19:35:19.054Z| vmx| I125:   Type 3 INVVPID                   yes
2025-12-08T19:35:19.054Z| vmx| I125: Miscellaneous VMX Data (0x00000000000401e7)
2025-12-08T19:35:19.054Z| vmx| I125:   TSC to preemption timer ratio      7
2025-12-08T19:35:19.054Z| vmx| I125:   VM-Exit saves EFER.LMA           yes
2025-12-08T19:35:19.054Z| vmx| I125:   Activity State HLT               yes
2025-12-08T19:35:19.054Z| vmx| I125:   Activity State shutdown          yes
2025-12-08T19:35:19.054Z| vmx| I125:   Activity State wait-for-SIPI     yes
2025-12-08T19:35:19.054Z| vmx| I125:   CR3 targets supported              4
2025-12-08T19:35:19.054Z| vmx| I125:   Maximum MSR list size            512
2025-12-08T19:35:19.054Z| vmx| I125:   Allow all VMWRITEs                no
2025-12-08T19:35:19.054Z| vmx| I125:   Allow zero instruction length     no
2025-12-08T19:35:19.054Z| vmx| I125:   MSEG revision ID                   0
2025-12-08T19:35:19.054Z| vmx| I125:   Processor trace in VMX            no
2025-12-08T19:35:19.054Z| vmx| I125: VMX-Fixed Bits in CR0 (0x0000000080000021/0x00000000ffffffff)
2025-12-08T19:35:19.054Z| vmx| I125:   Fixed to 0        0xffffffff00000000
2025-12-08T19:35:19.054Z| vmx| I125:   Fixed to 1        0x0000000080000021
2025-12-08T19:35:19.054Z| vmx| I125:   Variable          0x000000007fffffde
2025-12-08T19:35:19.054Z| vmx| I125: VMX-Fixed Bits in CR4 (0x0000000000002000/0x00000000000267ff)
2025-12-08T19:35:19.054Z| vmx| I125:   Fixed to 0        0xfffffffffffd9800
2025-12-08T19:35:19.054Z| vmx| I125:   Fixed to 1        0x0000000000002000
2025-12-08T19:35:19.054Z| vmx| I125:   Variable          0x00000000000247ff
2025-12-08T19:35:19.054Z| vmx| I125: VMCS Enumeration (0x000000000000002a)
2025-12-08T19:35:19.054Z| vmx| I125:   Highest index                   0x15
2025-12-08T19:35:19.054Z| vmx| I125: VM Functions (0x0000000000000000)
2025-12-08T19:35:19.054Z| vmx| I125: Monitor64_PowerOn()
2025-12-08T19:35:19.054Z| vmx| I125: vmm64-modules: [vmm.vmm64, vprobe-none.vmm64, hv-vt.vmm64, gphys-ept.vmm64, callstack-none.vmm64, vmce-none.vmm64, viommu-none.vmm64, gi-none.vmm64, vmxnet3-vmxnet3.vmm64, videio-none.vmm64, vmxnet3UMShared=0x0, vmxnet3UMKShared=0x500, {UseUnwind}=0x0, numVCPUsAsAddr=0x2, {SharedAreaReservations}=0x900, {rodataSize}=0x1f564, {textAddr}=0xfffffffffc000000, {textSize}=0x82e0e, <MonSrcFile>]
2025-12-08T19:35:19.054Z| vmx| I125: vmm64-vcpus:   2
2025-12-08T19:35:19.063Z| vmx| I125: KHZEstimate 2666761
2025-12-08T19:35:19.063Z| vmx| I125: MHZEstimate 2667
2025-12-08T19:35:19.063Z| vmx| I125: NumVCPUs 2
2025-12-08T19:35:19.063Z| vmx| I125: UUID: location-UUID is 56 4d e6 d3 52 d8 e2 56-c2 08 71 45 bb 09 c0 d9
2025-12-08T19:35:19.063Z| vmx| I125: AIOGNRC: numThreads=2 ide=0, scsi=0, passthru=1
2025-12-08T19:35:19.063Z| vmx| I125: WORKER: Creating new group with numThreads=2 (2)
2025-12-08T19:35:19.063Z| vmx| I125: WORKER: Creating new group with numThreads=2 (4)
2025-12-08T19:35:19.063Z| vmx| I125: WORKER: Creating new group with numThreads=1 (5)
2025-12-08T19:35:19.063Z| vmx| I125: MainMem: CPT PLS=1 PLR=0 BS=0 BlkP=64 Mult=2 W=25
2025-12-08T19:35:19.063Z| vmx| I125: MStat: Creating Stat vm.uptime
2025-12-08T19:35:19.063Z| vmx| I125: MStat: Creating Stat vm.suspendTime
2025-12-08T19:35:19.063Z| vmx| I125: MStat: Creating Stat vm.powerOnTimeStamp
2025-12-08T19:35:19.063Z| vmx| I125: VMXAIOMGR: Using: simple=Generic
2025-12-08T19:35:19.063Z| vmx| I125: WORKER: Creating new group with numThreads=1 (6)
2025-12-08T19:35:19.063Z| vmx| I125: FTCpt: (0 unk) State transition FTCPT_UNSET -> FTCPT_NOT_CONFIGURED (0:1)
2025-12-08T19:35:19.063Z| vmx| I125: WORKER: Creating new group with numThreads=16 (16)
2025-12-08T19:35:19.064Z| filtPoll| I125: VTHREAD 42028525312 "filtPoll" wid 2100077
2025-12-08T19:35:19.064Z| vmx| I125: WORKER: Creating new group with numThreads=1 (16)
2025-12-08T19:35:19.064Z| vmx| I125: MigrateBusMemPrealloc: BusMem preallocation begins.
2025-12-08T19:35:19.065Z| vmx| I125: MigrateBusMemPrealloc: BusMem preallocation completes.
2025-12-08T19:35:19.065Z| vmx| I125: TimeTracker host to guest rate conversion 753036054364 @ 2666761000Hz -> 0 @ 2666761000Hz
2025-12-08T19:35:19.065Z| vmx| I125: TimeTracker host to guest rate conversion ((x * 2147483648) >> 31) + -753036054364
2025-12-08T19:35:19.065Z| vmx| I125: Disabling TSC scaling since host does not support it.
2025-12-08T19:35:19.065Z| vmx| I125: TSC offsetting enabled.
2025-12-08T19:35:19.065Z| vmx| I125: timeTracker.globalProgressMaxAllowanceMS: 2000
2025-12-08T19:35:19.065Z| vmx| I125: timeTracker.globalProgressToAllowanceNS: 1000
2025-12-08T19:35:19.066Z| vthread-2100078| I125: VTHREAD 42030626560 "vthread-2100078" wid 2100078
2025-12-08T19:35:19.066Z| vthread-2100079| I125: VTHREAD 42032727808 "vthread-2100079" wid 2100079
2025-12-08T19:35:19.066Z| vthread-2100080| I125: VTHREAD 42034829056 "vthread-2100080" wid 2100080
2025-12-08T19:35:19.066Z| vthread-2100081| I125: VTHREAD 42036930304 "vthread-2100081" wid 2100081
2025-12-08T19:35:19.066Z| vthread-2100082| I125: VTHREAD 42039031552 "vthread-2100082" wid 2100082
2025-12-08T19:35:19.066Z| vthread-2100083| I125: VTHREAD 42041132800 "vthread-2100083" wid 2100083
2025-12-08T19:35:19.067Z| vthread-2100084| I125: VTHREAD 42043234048 "vthread-2100084" wid 2100084
2025-12-08T19:35:19.067Z| vthread-2100085| I125: VTHREAD 42045335296 "vthread-2100085" wid 2100085
2025-12-08T19:35:19.067Z| vthread-2100086| I125: VTHREAD 42047436544 "vthread-2100086" wid 2100086
2025-12-08T19:35:19.067Z| vthread-2100087| I125: VTHREAD 42049537792 "vthread-2100087" wid 2100087
2025-12-08T19:35:19.067Z| vthread-2100088| I125: VTHREAD 42051639040 "vthread-2100088" wid 2100088
2025-12-08T19:35:19.067Z| vthread-2100089| I125: VTHREAD 42053740288 "vthread-2100089" wid 2100089
2025-12-08T19:35:19.074Z| worker-2100078| A100: ConfigDB: Setting scsi0:13.redo = ""
2025-12-08T19:35:19.074Z| worker-2100078| I125: DISK: OPEN scsi0:13 '/vmfs/volumes/3a4fd8ce-fc4375c4-effb-5cf3fce846f8/SGRL-VCSA01/SGRL-VCSA01_12.vmdk' persistent R[]
2025-12-08T19:35:19.074Z| worker-2100081| A100: ConfigDB: Setting scsi0:5.redo = ""
2025-12-08T19:35:19.074Z| worker-2100081| I125: DISK: OPEN scsi0:5 '/vmfs/volumes/3a4fd8ce-fc4375c4-effb-5cf3fce846f8/SGRL-VCSA01/SGRL-VCSA01_5.vmdk' persistent R[]
2025-12-08T19:35:19.074Z| vmx| A100: ConfigDB: Setting scsi0:10.redo = ""
2025-12-08T19:35:19.074Z| worker-2100085| A100: ConfigDB: Setting scsi0:4.redo = ""
2025-12-08T19:35:19.074Z| vmx| I125: DISK: OPEN scsi0:10 '/vmfs/volumes/3a4fd8ce-fc4375c4-effb-5cf3fce846f8/SGRL-VCSA01/SGRL-VCSA01_9.vmdk' persistent R[]
2025-12-08T19:35:19.074Z| worker-2100085| I125: DISK: OPEN scsi0:4 '/vmfs/volumes/3a4fd8ce-fc4375c4-effb-5cf3fce846f8/SGRL-VCSA01/SGRL-VCSA01_4.vmdk' persistent R[]
2025-12-08T19:35:19.074Z| worker-2100086| A100: ConfigDB: Setting scsi0:2.redo = ""
2025-12-08T19:35:19.074Z| worker-2100082| A100: ConfigDB: Setting scsi0:1.redo = ""
2025-12-08T19:35:19.074Z| worker-2100083| A100: ConfigDB: Setting scsi0:12.redo = ""
2025-12-08T19:35:19.074Z| worker-2100083| I125: DISK: OPEN scsi0:12 '/vmfs/volumes/3a4fd8ce-fc4375c4-effb-5cf3fce846f8/SGRL-VCSA01/SGRL-VCSA01_11.vmdk' persistent R[]
2025-12-08T19:35:19.074Z| worker-2100082| I125: DISK: OPEN scsi0:1 '/vmfs/volumes/3a4fd8ce-fc4375c4-effb-5cf3fce846f8/SGRL-VCSA01/SGRL-VCSA01_1.vmdk' persistent R[]
2025-12-08T19:35:19.074Z| worker-2100086| I125: DISK: OPEN scsi0:2 '/vmfs/volumes/3a4fd8ce-fc4375c4-effb-5cf3fce846f8/SGRL-VCSA01/SGRL-VCSA01_2.vmdk' persistent R[]
2025-12-08T19:35:19.074Z| worker-2100087| A100: ConfigDB: Setting scsi0:11.redo = ""
2025-12-08T19:35:19.074Z| worker-2100087| I125: DISK: OPEN scsi0:11 '/vmfs/volumes/3a4fd8ce-fc4375c4-effb-5cf3fce846f8/SGRL-VCSA01/SGRL-VCSA01_10.vmdk' persistent R[]
2025-12-08T19:35:19.074Z| worker-2100089| A100: ConfigDB: Setting scsi0:9.redo = ""
2025-12-08T19:35:19.074Z| worker-2100084| A100: ConfigDB: Setting scsi0:6.redo = ""
2025-12-08T19:35:19.074Z| worker-2100089| I125: DISK: OPEN scsi0:9 '/vmfs/volumes/3a4fd8ce-fc4375c4-effb-5cf3fce846f8/SGRL-VCSA01/SGRL-VCSA01_8.vmdk' persistent R[]
2025-12-08T19:35:19.074Z| worker-2100080| A100: ConfigDB: Setting scsi0:0.redo = ""
2025-12-08T19:35:19.074Z| worker-2100084| I125: DISK: OPEN scsi0:6 '/vmfs/volumes/3a4fd8ce-fc4375c4-effb-5cf3fce846f8/SGRL-VCSA01/SGRL-VCSA01_6.vmdk' persistent R[]
2025-12-08T19:35:19.074Z| worker-2100080| I125: DISK: OPEN scsi0:0 '/vmfs/volumes/3a4fd8ce-fc4375c4-effb-5cf3fce846f8/SGRL-VCSA01/SGRL-VCSA01.vmdk' persistent R[]
2025-12-08T19:35:19.074Z| worker-2100076| A100: ConfigDB: Setting scsi0:3.redo = ""
2025-12-08T19:35:19.075Z| worker-2100076| I125: DISK: OPEN scsi0:3 '/vmfs/volumes/3a4fd8ce-fc4375c4-effb-5cf3fce846f8/SGRL-VCSA01/SGRL-VCSA01_3.vmdk' persistent R[]
2025-12-08T19:35:19.075Z| worker-2100079| A100: ConfigDB: Setting scsi0:8.redo = ""
2025-12-08T19:35:19.075Z| worker-2100079| I125: DISK: OPEN scsi0:8 '/vmfs/volumes/3a4fd8ce-fc4375c4-effb-5cf3fce846f8/SGRL-VCSA01/SGRL-VCSA01_7.vmdk' persistent R[]
2025-12-08T19:35:19.078Z| worker-2100086| I125: DISKLIB-VMFS  : "/vmfs/volumes/3a4fd8ce-fc4375c4-effb-5cf3fce846f8/SGRL-VCSA01/SGRL-VCSA01_2-flat.vmdk" : open successful (10) size = 26843545600, hd = 1247788. Type 3
2025-12-08T19:35:19.078Z| worker-2100086| I125: DISKLIB-DSCPTR: Opened [0]: "SGRL-VCSA01_2-flat.vmdk" (0xa)
2025-12-08T19:35:19.078Z| worker-2100086| I125: DISKLIB-LINK  : Opened '/vmfs/volumes/3a4fd8ce-fc4375c4-effb-5cf3fce846f8/SGRL-VCSA01/SGRL-VCSA01_2.vmdk' (0xa): vmfs, 52428800 sectors / 25 GB.
2025-12-08T19:35:19.078Z| worker-2100086| I125: DISKLIB-LIB   : Opened "/vmfs/volumes/3a4fd8ce-fc4375c4-effb-5cf3fce846f8/SGRL-VCSA01/SGRL-VCSA01_2.vmdk" (flags 0xa, type vmfs).
2025-12-08T19:35:19.078Z| worker-2100086| I125: DISK: Disk '/vmfs/volumes/3a4fd8ce-fc4375c4-effb-5cf3fce846f8/SGRL-VCSA01/SGRL-VCSA01_2.vmdk' has UUID '60 00 c2 9f 56 3d 82 d1-96 e8 f7 65 4e 82 6a 84'
2025-12-08T19:35:19.078Z| worker-2100086| I125: DISK: OPEN '/vmfs/volumes/3a4fd8ce-fc4375c4-effb-5cf3fce846f8/SGRL-VCSA01/SGRL-VCSA01_2.vmdk' Geo (3263/255/63) BIOS Geo (0/0/0)
2025-12-08T19:35:19.084Z| worker-2100085| I125: DISKLIB-VMFS  : "/vmfs/volumes/3a4fd8ce-fc4375c4-effb-5cf3fce846f8/SGRL-VCSA01/SGRL-VCSA01_4-flat.vmdk" : open successful (10) size = 10737418240, hd = 526898. Type 3
2025-12-08T19:35:19.084Z| worker-2100085| I125: DISKLIB-DSCPTR: Opened [0]: "SGRL-VCSA01_4-flat.vmdk" (0xa)
2025-12-08T19:35:19.084Z| worker-2100085| I125: DISKLIB-LINK  : Opened '/vmfs/volumes/3a4fd8ce-fc4375c4-effb-5cf3fce846f8/SGRL-VCSA01/SGRL-VCSA01_4.vmdk' (0xa): vmfs, 20971520 sectors / 10 GB.
2025-12-08T19:35:19.084Z| worker-2100085| I125: DISKLIB-LIB   : Opened "/vmfs/volumes/3a4fd8ce-fc4375c4-effb-5cf3fce846f8/SGRL-VCSA01/SGRL-VCSA01_4.vmdk" (flags 0xa, type vmfs).
2025-12-08T19:35:19.084Z| worker-2100085| I125: DISK: Disk '/vmfs/volumes/3a4fd8ce-fc4375c4-effb-5cf3fce846f8/SGRL-VCSA01/SGRL-VCSA01_4.vmdk' has UUID '60 00 c2 95 69 c7 6c f0-c2 76 1e 42 89 84 db 62'
2025-12-08T19:35:19.084Z| worker-2100085| I125: DISK: OPEN '/vmfs/volumes/3a4fd8ce-fc4375c4-effb-5cf3fce846f8/SGRL-VCSA01/SGRL-VCSA01_4.vmdk' Geo (1305/255/63) BIOS Geo (0/0/0)
2025-12-08T19:35:19.084Z| worker-2100078| I125: DISKLIB-VMFS  : "/vmfs/volumes/3a4fd8ce-fc4375c4-effb-5cf3fce846f8/SGRL-VCSA01/SGRL-VCSA01_12-flat.vmdk" : open successful (10) size = 53687091200, hd = 526908. Type 3
2025-12-08T19:35:19.084Z| worker-2100081| I125: DISKLIB-VMFS  : "/vmfs/volumes/3a4fd8ce-fc4375c4-effb-5cf3fce846f8/SGRL-VCSA01/SGRL-VCSA01_5-flat.vmdk" : open successful (10) size = 10737418240, hd = 461370. Type 3
2025-12-08T19:35:19.084Z| worker-2100081| I125: DISKLIB-DSCPTR: Opened [0]: "SGRL-VCSA01_5-flat.vmdk" (0xa)
2025-12-08T19:35:19.084Z| worker-2100078| I125: DISKLIB-DSCPTR: Opened [0]: "SGRL-VCSA01_12-flat.vmdk" (0xa)
2025-12-08T19:35:19.084Z| worker-2100081| I125: DISKLIB-LINK  : Opened '/vmfs/volumes/3a4fd8ce-fc4375c4-effb-5cf3fce846f8/SGRL-VCSA01/SGRL-VCSA01_5.vmdk' (0xa): vmfs, 20971520 sectors / 10 GB.
2025-12-08T19:35:19.084Z| worker-2100078| I125: DISKLIB-LINK  : Opened '/vmfs/volumes/3a4fd8ce-fc4375c4-effb-5cf3fce846f8/SGRL-VCSA01/SGRL-VCSA01_12.vmdk' (0xa): vmfs, 104857600 sectors / 50 GB.
2025-12-08T19:35:19.084Z| worker-2100081| I125: DISKLIB-LIB   : Opened "/vmfs/volumes/3a4fd8ce-fc4375c4-effb-5cf3fce846f8/SGRL-VCSA01/SGRL-VCSA01_5.vmdk" (flags 0xa, type vmfs).
2025-12-08T19:35:19.084Z| worker-2100078| I125: DISKLIB-LIB   : Opened "/vmfs/volumes/3a4fd8ce-fc4375c4-effb-5cf3fce846f8/SGRL-VCSA01/SGRL-VCSA01_12.vmdk" (flags 0xa, type vmfs).
2025-12-08T19:35:19.084Z| worker-2100084| I125: DISKLIB-VMFS  : "/vmfs/volumes/3a4fd8ce-fc4375c4-effb-5cf3fce846f8/SGRL-VCSA01/SGRL-VCSA01_6-flat.vmdk" : open successful (10) size = 16106127360, hd = 2034237. Type 3
2025-12-08T19:35:19.084Z| worker-2100084| I125: DISKLIB-DSCPTR: Opened [0]: "SGRL-VCSA01_6-flat.vmdk" (0xa)
2025-12-08T19:35:19.084Z| worker-2100081| I125: DISK: Disk '/vmfs/volumes/3a4fd8ce-fc4375c4-effb-5cf3fce846f8/SGRL-VCSA01/SGRL-VCSA01_5.vmdk' has UUID '60 00 c2 93 f2 c0 a8 7f-0c 97 59 55 f2 33 17 79'
2025-12-08T19:35:19.084Z| worker-2100078| I125: DISK: Disk '/vmfs/volumes/3a4fd8ce-fc4375c4-effb-5cf3fce846f8/SGRL-VCSA01/SGRL-VCSA01_12.vmdk' has UUID '60 00 c2 92 3e 34 5c cd-24 b7 9a 58 3b ab d9 d1'
2025-12-08T19:35:19.084Z| worker-2100081| I125: DISK: OPEN '/vmfs/volumes/3a4fd8ce-fc4375c4-effb-5cf3fce846f8/SGRL-VCSA01/SGRL-VCSA01_5.vmdk' Geo (1305/255/63) BIOS Geo (0/0/0)
2025-12-08T19:35:19.084Z| worker-2100084| I125: DISKLIB-LINK  : Opened '/vmfs/volumes/3a4fd8ce-fc4375c4-effb-5cf3fce846f8/SGRL-VCSA01/SGRL-VCSA01_6.vmdk' (0xa): vmfs, 31457280 sectors / 15 GB.
2025-12-08T19:35:19.084Z| worker-2100078| I125: DISK: OPEN '/vmfs/volumes/3a4fd8ce-fc4375c4-effb-5cf3fce846f8/SGRL-VCSA01/SGRL-VCSA01_12.vmdk' Geo (6527/255/63) BIOS Geo (0/0/0)
2025-12-08T19:35:19.084Z| worker-2100084| I125: DISKLIB-LIB   : Opened "/vmfs/volumes/3a4fd8ce-fc4375c4-effb-5cf3fce846f8/SGRL-VCSA01/SGRL-VCSA01_6.vmdk" (flags 0xa, type vmfs).
2025-12-08T19:35:19.084Z| worker-2100079| I125: DISKLIB-VMFS  : "/vmfs/volumes/3a4fd8ce-fc4375c4-effb-5cf3fce846f8/SGRL-VCSA01/SGRL-VCSA01_7-flat.vmdk" : open successful (10) size = 10737418240, hd = 461369. Type 3
2025-12-08T19:35:19.084Z| worker-2100079| I125: DISKLIB-DSCPTR: Opened [0]: "SGRL-VCSA01_7-flat.vmdk" (0xa)
2025-12-08T19:35:19.084Z| worker-2100079| I125: DISKLIB-LINK  : Opened '/vmfs/volumes/3a4fd8ce-fc4375c4-effb-5cf3fce846f8/SGRL-VCSA01/SGRL-VCSA01_7.vmdk' (0xa): vmfs, 20971520 sectors / 10 GB.
2025-12-08T19:35:19.084Z| worker-2100079| I125: DISKLIB-LIB   : Opened "/vmfs/volumes/3a4fd8ce-fc4375c4-effb-5cf3fce846f8/SGRL-VCSA01/SGRL-VCSA01_7.vmdk" (flags 0xa, type vmfs).
2025-12-08T19:35:19.085Z| worker-2100084| I125: DISK: Disk '/vmfs/volumes/3a4fd8ce-fc4375c4-effb-5cf3fce846f8/SGRL-VCSA01/SGRL-VCSA01_6.vmdk' has UUID '60 00 c2 9e 1e 65 a9 bc-88 df 76 38 da d3 84 99'
2025-12-08T19:35:19.085Z| worker-2100084| I125: DISK: OPEN '/vmfs/volumes/3a4fd8ce-fc4375c4-effb-5cf3fce846f8/SGRL-VCSA01/SGRL-VCSA01_6.vmdk' Geo (1958/255/63) BIOS Geo (0/0/0)
2025-12-08T19:35:19.085Z| worker-2100079| I125: DISK: Disk '/vmfs/volumes/3a4fd8ce-fc4375c4-effb-5cf3fce846f8/SGRL-VCSA01/SGRL-VCSA01_7.vmdk' has UUID '60 00 c2 95 df 6d ec 4e-92 01 13 91 ac 91 ae 8a'
2025-12-08T19:35:19.085Z| worker-2100079| I125: DISK: OPEN '/vmfs/volumes/3a4fd8ce-fc4375c4-effb-5cf3fce846f8/SGRL-VCSA01/SGRL-VCSA01_7.vmdk' Geo (1305/255/63) BIOS Geo (0/0/0)
2025-12-08T19:35:19.085Z| vmx| I125: DISKLIB-VMFS  : "/vmfs/volumes/3a4fd8ce-fc4375c4-effb-5cf3fce846f8/SGRL-VCSA01/SGRL-VCSA01_9-flat.vmdk" : open successful (10) size = 10737418240, hd = 461368. Type 3
2025-12-08T19:35:19.085Z| vmx| I125: DISKLIB-DSCPTR: Opened [0]: "SGRL-VCSA01_9-flat.vmdk" (0xa)
2025-12-08T19:35:19.085Z| vmx| I125: DISKLIB-LINK  : Opened '/vmfs/volumes/3a4fd8ce-fc4375c4-effb-5cf3fce846f8/SGRL-VCSA01/SGRL-VCSA01_9.vmdk' (0xa): vmfs, 20971520 sectors / 10 GB.
2025-12-08T19:35:19.085Z| worker-2100082| I125: DISKLIB-VMFS  : "/vmfs/volumes/3a4fd8ce-fc4375c4-effb-5cf3fce846f8/SGRL-VCSA01/SGRL-VCSA01_1-flat.vmdk" : open successful (10) size = 1844445184, hd = 461360. Type 3
2025-12-08T19:35:19.085Z| vmx| I125: DISKLIB-LIB   : Opened "/vmfs/volumes/3a4fd8ce-fc4375c4-effb-5cf3fce846f8/SGRL-VCSA01/SGRL-VCSA01_9.vmdk" (flags 0xa, type vmfs).
2025-12-08T19:35:19.085Z| worker-2100082| I125: DISKLIB-DSCPTR: Opened [0]: "SGRL-VCSA01_1-flat.vmdk" (0xa)
2025-12-08T19:35:19.085Z| worker-2100082| I125: DISKLIB-LINK  : Opened '/vmfs/volumes/3a4fd8ce-fc4375c4-effb-5cf3fce846f8/SGRL-VCSA01/SGRL-VCSA01_1.vmdk' (0xa): vmfs, 3602432 sectors / 1.7 GB.
2025-12-08T19:35:19.085Z| vmx| I125: DISK: Disk '/vmfs/volumes/3a4fd8ce-fc4375c4-effb-5cf3fce846f8/SGRL-VCSA01/SGRL-VCSA01_9.vmdk' has UUID '60 00 c2 9f 82 f6 15 70-c1 55 65 98 27 16 13 11'
2025-12-08T19:35:19.085Z| vmx| I125: DISK: OPEN '/vmfs/volumes/3a4fd8ce-fc4375c4-effb-5cf3fce846f8/SGRL-VCSA01/SGRL-VCSA01_9.vmdk' Geo (1305/255/63) BIOS Geo (0/0/0)
2025-12-08T19:35:19.085Z| worker-2100082| I125: DISKLIB-LIB   : Opened "/vmfs/volumes/3a4fd8ce-fc4375c4-effb-5cf3fce846f8/SGRL-VCSA01/SGRL-VCSA01_1.vmdk" (flags 0xa, type vmfs).
2025-12-08T19:35:19.085Z| worker-2100087| I125: DISKLIB-VMFS  : "/vmfs/volumes/3a4fd8ce-fc4375c4-effb-5cf3fce846f8/SGRL-VCSA01/SGRL-VCSA01_10-flat.vmdk" : open successful (10) size = 10737418240, hd = 395835. Type 3
2025-12-08T19:35:19.085Z| worker-2100087| I125: DISKLIB-DSCPTR: Opened [0]: "SGRL-VCSA01_10-flat.vmdk" (0xa)
2025-12-08T19:35:19.085Z| worker-2100082| I125: DISK: Disk '/vmfs/volumes/3a4fd8ce-fc4375c4-effb-5cf3fce846f8/SGRL-VCSA01/SGRL-VCSA01_1.vmdk' has UUID '60 00 c2 92 cd a8 02 ce-53 7e f3 83 53 70 ec 88'
2025-12-08T19:35:19.085Z| worker-2100082| I125: DISK: OPEN '/vmfs/volumes/3a4fd8ce-fc4375c4-effb-5cf3fce846f8/SGRL-VCSA01/SGRL-VCSA01_1.vmdk' Geo (879/128/32) BIOS Geo (0/0/0)
2025-12-08T19:35:19.085Z| worker-2100087| I125: DISKLIB-LINK  : Opened '/vmfs/volumes/3a4fd8ce-fc4375c4-effb-5cf3fce846f8/SGRL-VCSA01/SGRL-VCSA01_10.vmdk' (0xa): vmfs, 20971520 sectors / 10 GB.
2025-12-08T19:35:19.085Z| worker-2100087| I125: DISKLIB-LIB   : Opened "/vmfs/volumes/3a4fd8ce-fc4375c4-effb-5cf3fce846f8/SGRL-VCSA01/SGRL-VCSA01_10.vmdk" (flags 0xa, type vmfs).
2025-12-08T19:35:19.085Z| worker-2100085| I125: UTIL: Change file descriptor limit from soft 4096,hard 4096 to soft 4211,hard 4211.
2025-12-08T19:35:19.085Z| worker-2100081| I125: UTIL: Change file descriptor limit from soft 4211,hard 4211 to soft 4326,hard 4326.
2025-12-08T19:35:19.085Z| worker-2100087| I125: DISK: Disk '/vmfs/volumes/3a4fd8ce-fc4375c4-effb-5cf3fce846f8/SGRL-VCSA01/SGRL-VCSA01_10.vmdk' has UUID '60 00 c2 96 da a4 27 7e-b6 39 6c fc ee 0c 75 cd'
2025-12-08T19:35:19.085Z| worker-2100087| I125: DISK: OPEN '/vmfs/volumes/3a4fd8ce-fc4375c4-effb-5cf3fce846f8/SGRL-VCSA01/SGRL-VCSA01_10.vmdk' Geo (1305/255/63) BIOS Geo (0/0/0)
2025-12-08T19:35:19.085Z| worker-2100079| I125: UTIL: Change file descriptor limit from soft 4326,hard 4326 to soft 4441,hard 4441.
2025-12-08T19:35:19.085Z| worker-2100084| I125: UTIL: Change file descriptor limit from soft 4441,hard 4441 to soft 4556,hard 4556.
2025-12-08T19:35:19.085Z| worker-2100078| I125: UTIL: Change file descriptor limit from soft 4556,hard 4556 to soft 4671,hard 4671.
2025-12-08T19:35:19.085Z| worker-2100086| I125: UTIL: Change file descriptor limit from soft 4671,hard 4671 to soft 4786,hard 4786.
2025-12-08T19:35:19.086Z| worker-2100087| I125: UTIL: Change file descriptor limit from soft 4786,hard 4786 to soft 4901,hard 4901.
2025-12-08T19:35:19.086Z| vmx| I125: UTIL: Change file descriptor limit from soft 4901,hard 4901 to soft 5016,hard 5016.
2025-12-08T19:35:19.086Z| worker-2100089| I125: DISKLIB-VMFS  : "/vmfs/volumes/3a4fd8ce-fc4375c4-effb-5cf3fce846f8/SGRL-VCSA01/SGRL-VCSA01_8-flat.vmdk" : open successful (10) size = 1073741824, hd = 1903150. Type 3
2025-12-08T19:35:19.086Z| worker-2100076| I125: DISKLIB-VMFS  : "/vmfs/volumes/3a4fd8ce-fc4375c4-effb-5cf3fce846f8/SGRL-VCSA01/SGRL-VCSA01_3-flat.vmdk" : open successful (10) size = 26843545600, hd = 657975. Type 3
2025-12-08T19:35:19.086Z| worker-2100076| I125: DISKLIB-DSCPTR: Opened [0]: "SGRL-VCSA01_3-flat.vmdk" (0xa)
2025-12-08T19:35:19.086Z| worker-2100089| I125: DISKLIB-DSCPTR: Opened [0]: "SGRL-VCSA01_8-flat.vmdk" (0xa)
2025-12-08T19:35:19.086Z| worker-2100076| I125: DISKLIB-LINK  : Opened '/vmfs/volumes/3a4fd8ce-fc4375c4-effb-5cf3fce846f8/SGRL-VCSA01/SGRL-VCSA01_3.vmdk' (0xa): vmfs, 52428800 sectors / 25 GB.
2025-12-08T19:35:19.086Z| worker-2100082| I125: UTIL: Change file descriptor limit from soft 5016,hard 5016 to soft 5131,hard 5131.
2025-12-08T19:35:19.086Z| worker-2100089| I125: DISKLIB-LINK  : Opened '/vmfs/volumes/3a4fd8ce-fc4375c4-effb-5cf3fce846f8/SGRL-VCSA01/SGRL-VCSA01_8.vmdk' (0xa): vmfs, 2097152 sectors / 1 GB.
2025-12-08T19:35:19.086Z| worker-2100076| I125: DISKLIB-LIB   : Opened "/vmfs/volumes/3a4fd8ce-fc4375c4-effb-5cf3fce846f8/SGRL-VCSA01/SGRL-VCSA01_3.vmdk" (flags 0xa, type vmfs).
2025-12-08T19:35:19.086Z| worker-2100080| I125: DISKLIB-VMFS  : "/vmfs/volumes/3a4fd8ce-fc4375c4-effb-5cf3fce846f8/SGRL-VCSA01/SGRL-VCSA01-flat.vmdk" : open successful (10) size = 12884901888, hd = 1772094. Type 3
2025-12-08T19:35:19.086Z| worker-2100083| I125: DISKLIB-VMFS  : "/vmfs/volumes/3a4fd8ce-fc4375c4-effb-5cf3fce846f8/SGRL-VCSA01/SGRL-VCSA01_11-flat.vmdk" : open successful (10) size = 107374182400, hd = 592435. Type 3
2025-12-08T19:35:19.086Z| worker-2100080| I125: DISKLIB-DSCPTR: Opened [0]: "SGRL-VCSA01-flat.vmdk" (0xa)
2025-12-08T19:35:19.086Z| worker-2100089| I125: DISKLIB-LIB   : Opened "/vmfs/volumes/3a4fd8ce-fc4375c4-effb-5cf3fce846f8/SGRL-VCSA01/SGRL-VCSA01_8.vmdk" (flags 0xa, type vmfs).
2025-12-08T19:35:19.086Z| worker-2100083| I125: DISKLIB-DSCPTR: Opened [0]: "SGRL-VCSA01_11-flat.vmdk" (0xa)
2025-12-08T19:35:19.086Z| worker-2100080| I125: DISKLIB-LINK  : Opened '/vmfs/volumes/3a4fd8ce-fc4375c4-effb-5cf3fce846f8/SGRL-VCSA01/SGRL-VCSA01.vmdk' (0xa): vmfs, 25165824 sectors / 12 GB.
2025-12-08T19:35:19.086Z| worker-2100083| I125: DISKLIB-LINK  : Opened '/vmfs/volumes/3a4fd8ce-fc4375c4-effb-5cf3fce846f8/SGRL-VCSA01/SGRL-VCSA01_11.vmdk' (0xa): vmfs, 209715200 sectors / 100 GB.
2025-12-08T19:35:19.086Z| worker-2100076| I125: DISK: Disk '/vmfs/volumes/3a4fd8ce-fc4375c4-effb-5cf3fce846f8/SGRL-VCSA01/SGRL-VCSA01_3.vmdk' has UUID '60 00 c2 93 63 0e 81 80-d5 4d 42 8d 8e dc f0 e7'
2025-12-08T19:35:19.086Z| worker-2100076| I125: DISK: OPEN '/vmfs/volumes/3a4fd8ce-fc4375c4-effb-5cf3fce846f8/SGRL-VCSA01/SGRL-VCSA01_3.vmdk' Geo (3263/255/63) BIOS Geo (0/0/0)
2025-12-08T19:35:19.086Z| worker-2100080| I125: DISKLIB-LIB   : Opened "/vmfs/volumes/3a4fd8ce-fc4375c4-effb-5cf3fce846f8/SGRL-VCSA01/SGRL-VCSA01.vmdk" (flags 0xa, type vmfs).
2025-12-08T19:35:19.086Z| worker-2100089| I125: DISK: Disk '/vmfs/volumes/3a4fd8ce-fc4375c4-effb-5cf3fce846f8/SGRL-VCSA01/SGRL-VCSA01_8.vmdk' has UUID '60 00 c2 92 5e 99 05 27-e5 5d 73 aa 7d db 4a 24'
2025-12-08T19:35:19.086Z| worker-2100089| I125: DISK: OPEN '/vmfs/volumes/3a4fd8ce-fc4375c4-effb-5cf3fce846f8/SGRL-VCSA01/SGRL-VCSA01_8.vmdk' Geo (512/128/32) BIOS Geo (0/0/0)
2025-12-08T19:35:19.086Z| worker-2100083| I125: DISKLIB-LIB   : Opened "/vmfs/volumes/3a4fd8ce-fc4375c4-effb-5cf3fce846f8/SGRL-VCSA01/SGRL-VCSA01_11.vmdk" (flags 0xa, type vmfs).
2025-12-08T19:35:19.086Z| worker-2100080| I125: DISK: Disk '/vmfs/volumes/3a4fd8ce-fc4375c4-effb-5cf3fce846f8/SGRL-VCSA01/SGRL-VCSA01.vmdk' has UUID '60 00 c2 90 81 72 93 5c-cc 32 3d ca 91 83 35 b1'
2025-12-08T19:35:19.086Z| worker-2100080| I125: DISK: OPEN '/vmfs/volumes/3a4fd8ce-fc4375c4-effb-5cf3fce846f8/SGRL-VCSA01/SGRL-VCSA01.vmdk' Geo (12288/64/32) BIOS Geo (0/0/0)
2025-12-08T19:35:19.086Z| worker-2100083| I125: DISK: Disk '/vmfs/volumes/3a4fd8ce-fc4375c4-effb-5cf3fce846f8/SGRL-VCSA01/SGRL-VCSA01_11.vmdk' has UUID '60 00 c2 99 12 9f 06 6b-8f 0f 09 de 28 ea ec 2d'
2025-12-08T19:35:19.086Z| worker-2100083| I125: DISK: OPEN '/vmfs/volumes/3a4fd8ce-fc4375c4-effb-5cf3fce846f8/SGRL-VCSA01/SGRL-VCSA01_11.vmdk' Geo (13054/255/63) BIOS Geo (0/0/0)
2025-12-08T19:35:19.087Z| worker-2100076| I125: UTIL: Change file descriptor limit from soft 5131,hard 5131 to soft 5246,hard 5246.
2025-12-08T19:35:19.087Z| worker-2100089| I125: UTIL: Change file descriptor limit from soft 5246,hard 5246 to soft 5361,hard 5361.
2025-12-08T19:35:19.087Z| worker-2100083| I125: UTIL: Change file descriptor limit from soft 5361,hard 5361 to soft 5476,hard 5476.
2025-12-08T19:35:19.087Z| worker-2100080| I125: UTIL: Change file descriptor limit from soft 5476,hard 5476 to soft 5591,hard 5591.
2025-12-08T19:35:19.087Z| vmx| I125: DISK: Opening disks took 21 ms.
2025-12-08T19:35:19.087Z| vmx| I125: VUsb powered on, but no USB controllers.
2025-12-08T19:35:19.087Z| vmx| I125: MKS PowerOn
2025-12-08T19:35:19.088Z| mks| I125: VTHREAD 42055841536 "mks" wid 2100090
2025-12-08T19:35:19.088Z| mks| I125: MKS thread is alive
2025-12-08T19:35:19.088Z| mks| I125: MKS-RenderMain: PowerOn allowed MKSBasicOps SWRenderer 
2025-12-08T19:35:19.088Z| mks| I125: MKS-RenderMain: Started MKSBasicOps
2025-12-08T19:35:19.088Z| mks| I125: MKS-RenderMain: Stopping MKSBasicOps
2025-12-08T19:35:19.088Z| mks| I125: MKS-RenderMain: Collecting RenderOps caps from MKSBasicOps
2025-12-08T19:35:19.088Z| mks| I125: MKS-RenderMain: Started MKSBasicOps
2025-12-08T19:35:19.088Z| mks| I125: MKS-RenderMain: Found Full Renderer: MKSBasicOps
2025-12-08T19:35:19.088Z| mks| I125: MKS-RenderMain: MinimalCaps: maxTextureSize=32768
2025-12-08T19:35:19.089Z| mks| I125: MKSRemoteMgr: Set default display name: SGRL-VCSA01
2025-12-08T19:35:19.089Z| mks| I125: MKSRemoteMgr: Loading VNC Configuration from VM config file
2025-12-08T19:35:19.089Z| vmx| I125: VLANCE: send cluster threshold is 80, size = 2 recalcInterval is 20000 us
2025-12-08T19:35:19.089Z| vmx| I125: Chipset version: 0x1f
2025-12-08T19:35:19.098Z| vmx| A100: ConfigDB: Setting pciBridge4.pciSlotNumber = "-1"
2025-12-08T19:35:19.098Z| vmx| A100: ConfigDB: Setting pciBridge5.pciSlotNumber = "-1"
2025-12-08T19:35:19.098Z| vmx| A100: ConfigDB: Setting pciBridge6.pciSlotNumber = "-1"
2025-12-08T19:35:19.098Z| vmx| A100: ConfigDB: Setting pciBridge7.pciSlotNumber = "-1"
2025-12-08T19:35:19.098Z| vmx| A100: ConfigDB: Setting pciBridge4.pciSlotNumber = "21"
2025-12-08T19:35:19.098Z| vmx| A100: ConfigDB: Setting pciBridge5.pciSlotNumber = "22"
2025-12-08T19:35:19.098Z| vmx| A100: ConfigDB: Setting pciBridge6.pciSlotNumber = "23"
2025-12-08T19:35:19.098Z| vmx| A100: ConfigDB: Setting pciBridge7.pciSlotNumber = "24"
2025-12-08T19:35:19.104Z| vmx| I125: SCSI DEVICE (ide0:0): Computed value of ide0:0.useBounceBuffers: default
2025-12-08T19:35:19.104Z| vmx| I125: DISKUTIL: ide0:0 : capacity=0 logical sector size=2048
2025-12-08T19:35:19.104Z| vmx| I125: DISKUTIL: ide0:0 : geometry=0/0/0
2025-12-08T19:35:19.104Z| vmx| I125: SCSI: scsi0: reqCallThreshold 0
2025-12-08T19:35:19.104Z| vmx| I125: SCSI: scsi0: intr coalescing: on period=50msec cifTh=4 iopsTh=2000 hlt=0
2025-12-08T19:35:19.104Z| vmx| I125: SCSI0: UNTAGGED commands will be converted to ORDER tags.
2025-12-08T19:35:19.104Z| vmx| I125: SCSI DEVICE (scsi0:0): Computed value of scsi0:0.useBounceBuffers: default
2025-12-08T19:35:19.104Z| vmx| I125: Creating virtual dev for 'scsi0:0'.
2025-12-08T19:35:19.104Z| vmx| I125: DumpDiskInfo: scsi0:0 createType=11, capacity = 25165824, numLinks = 1, allocationType = 2
2025-12-08T19:35:19.104Z| vmx| I125: SCSIDiskESXPopulateVDevDesc: Using FS backend
2025-12-08T19:35:19.104Z| vmx| I125: DISKUTIL: scsi0:0 : geometry=12288/64/32
2025-12-08T19:35:19.104Z| vmx| I125: SCSIFilterESXAttachCBRCInt: CBRC not enabled or opened without filters,skipping CBRC           filter attach.
2025-12-08T19:35:19.104Z| vmx| I125: SCSI DEVICE (scsi0:1): Computed value of scsi0:1.useBounceBuffers: default
2025-12-08T19:35:19.104Z| vmx| I125: Creating virtual dev for 'scsi0:1'.
2025-12-08T19:35:19.104Z| vmx| I125: DumpDiskInfo: scsi0:1 createType=11, capacity = 3602432, numLinks = 1, allocationType = 2
2025-12-08T19:35:19.104Z| vmx| I125: SCSIDiskESXPopulateVDevDesc: Using FS backend
2025-12-08T19:35:19.104Z| vmx| I125: DISKUTIL: scsi0:1 : geometry=879/128/32
2025-12-08T19:35:19.104Z| vmx| I125: SCSIFilterESXAttachCBRCInt: CBRC not enabled or opened without filters,skipping CBRC           filter attach.
2025-12-08T19:35:19.104Z| vmx| I125: SCSI DEVICE (scsi0:2): Computed value of scsi0:2.useBounceBuffers: default
2025-12-08T19:35:19.104Z| vmx| I125: Creating virtual dev for 'scsi0:2'.
2025-12-08T19:35:19.104Z| vmx| I125: DumpDiskInfo: scsi0:2 createType=11, capacity = 52428800, numLinks = 1, allocationType = 2
2025-12-08T19:35:19.104Z| vmx| I125: SCSIDiskESXPopulateVDevDesc: Using FS backend
2025-12-08T19:35:19.104Z| vmx| I125: DISKUTIL: scsi0:2 : geometry=3263/255/63
2025-12-08T19:35:19.104Z| vmx| I125: SCSIFilterESXAttachCBRCInt: CBRC not enabled or opened without filters,skipping CBRC           filter attach.
2025-12-08T19:35:19.104Z| vmx| I125: SCSI DEVICE (scsi0:3): Computed value of scsi0:3.useBounceBuffers: default
2025-12-08T19:35:19.104Z| vmx| I125: Creating virtual dev for 'scsi0:3'.
2025-12-08T19:35:19.104Z| vmx| I125: DumpDiskInfo: scsi0:3 createType=11, capacity = 52428800, numLinks = 1, allocationType = 2
2025-12-08T19:35:19.105Z| vmx| I125: SCSIDiskESXPopulateVDevDesc: Using FS backend
2025-12-08T19:35:19.105Z| vmx| I125: DISKUTIL: scsi0:3 : geometry=3263/255/63
2025-12-08T19:35:19.105Z| vmx| I125: SCSIFilterESXAttachCBRCInt: CBRC not enabled or opened without filters,skipping CBRC           filter attach.
2025-12-08T19:35:19.105Z| vmx| I125: SCSI DEVICE (scsi0:4): Computed value of scsi0:4.useBounceBuffers: default
2025-12-08T19:35:19.105Z| vmx| I125: Creating virtual dev for 'scsi0:4'.
2025-12-08T19:35:19.105Z| vmx| I125: DumpDiskInfo: scsi0:4 createType=11, capacity = 20971520, numLinks = 1, allocationType = 2
2025-12-08T19:35:19.105Z| vmx| I125: SCSIDiskESXPopulateVDevDesc: Using FS backend
2025-12-08T19:35:19.105Z| vmx| I125: DISKUTIL: scsi0:4 : geometry=1305/255/63
2025-12-08T19:35:19.105Z| vmx| I125: SCSIFilterESXAttachCBRCInt: CBRC not enabled or opened without filters,skipping CBRC           filter attach.
2025-12-08T19:35:19.105Z| vmx| I125: SCSI DEVICE (scsi0:5): Computed value of scsi0:5.useBounceBuffers: default
2025-12-08T19:35:19.105Z| vmx| I125: Creating virtual dev for 'scsi0:5'.
2025-12-08T19:35:19.105Z| vmx| I125: DumpDiskInfo: scsi0:5 createType=11, capacity = 20971520, numLinks = 1, allocationType = 2
2025-12-08T19:35:19.105Z| vmx| I125: SCSIDiskESXPopulateVDevDesc: Using FS backend
2025-12-08T19:35:19.105Z| vmx| I125: DISKUTIL: scsi0:5 : geometry=1305/255/63
2025-12-08T19:35:19.105Z| vmx| I125: SCSIFilterESXAttachCBRCInt: CBRC not enabled or opened without filters,skipping CBRC           filter attach.
2025-12-08T19:35:19.105Z| vmx| I125: SCSI DEVICE (scsi0:6): Computed value of scsi0:6.useBounceBuffers: default
2025-12-08T19:35:19.105Z| vmx| I125: Creating virtual dev for 'scsi0:6'.
2025-12-08T19:35:19.105Z| vmx| I125: DumpDiskInfo: scsi0:6 createType=11, capacity = 31457280, numLinks = 1, allocationType = 2
2025-12-08T19:35:19.105Z| vmx| I125: SCSIDiskESXPopulateVDevDesc: Using FS backend
2025-12-08T19:35:19.105Z| vmx| I125: DISKUTIL: scsi0:6 : geometry=1958/255/63
2025-12-08T19:35:19.105Z| vmx| I125: SCSIFilterESXAttachCBRCInt: CBRC not enabled or opened without filters,skipping CBRC           filter attach.
2025-12-08T19:35:19.105Z| vmx| I125: SCSI DEVICE (scsi0:8): Computed value of scsi0:8.useBounceBuffers: default
2025-12-08T19:35:19.105Z| vmx| I125: Creating virtual dev for 'scsi0:8'.
2025-12-08T19:35:19.105Z| vmx| I125: DumpDiskInfo: scsi0:8 createType=11, capacity = 20971520, numLinks = 1, allocationType = 2
2025-12-08T19:35:19.105Z| vmx| I125: SCSIDiskESXPopulateVDevDesc: Using FS backend
2025-12-08T19:35:19.105Z| vmx| I125: DISKUTIL: scsi0:8 : geometry=1305/255/63
2025-12-08T19:35:19.105Z| vmx| I125: SCSIFilterESXAttachCBRCInt: CBRC not enabled or opened without filters,skipping CBRC           filter attach.
2025-12-08T19:35:19.105Z| vmx| I125: SCSI DEVICE (scsi0:9): Computed value of scsi0:9.useBounceBuffers: default
2025-12-08T19:35:19.105Z| vmx| I125: Creating virtual dev for 'scsi0:9'.
2025-12-08T19:35:19.105Z| vmx| I125: DumpDiskInfo: scsi0:9 createType=11, capacity = 2097152, numLinks = 1, allocationType = 2
2025-12-08T19:35:19.105Z| vmx| I125: SCSIDiskESXPopulateVDevDesc: Using FS backend
2025-12-08T19:35:19.105Z| vmx| I125: DISKUTIL: scsi0:9 : geometry=512/128/32
2025-12-08T19:35:19.105Z| vmx| I125: SCSIFilterESXAttachCBRCInt: CBRC not enabled or opened without filters,skipping CBRC           filter attach.
2025-12-08T19:35:19.106Z| vmx| I125: SCSI DEVICE (scsi0:10): Computed value of scsi0:10.useBounceBuffers: default
2025-12-08T19:35:19.106Z| vmx| I125: Creating virtual dev for 'scsi0:10'.
2025-12-08T19:35:19.106Z| vmx| I125: DumpDiskInfo: scsi0:10 createType=11, capacity = 20971520, numLinks = 1, allocationType = 2
2025-12-08T19:35:19.106Z| vmx| I125: SCSIDiskESXPopulateVDevDesc: Using FS backend
2025-12-08T19:35:19.106Z| vmx| I125: DISKUTIL: scsi0:10 : geometry=1305/255/63
2025-12-08T19:35:19.106Z| vmx| I125: SCSIFilterESXAttachCBRCInt: CBRC not enabled or opened without filters,skipping CBRC           filter attach.
2025-12-08T19:35:19.106Z| vmx| I125: SCSI DEVICE (scsi0:11): Computed value of scsi0:11.useBounceBuffers: default
2025-12-08T19:35:19.106Z| vmx| I125: Creating virtual dev for 'scsi0:11'.
2025-12-08T19:35:19.106Z| vmx| I125: DumpDiskInfo: scsi0:11 createType=11, capacity = 20971520, numLinks = 1, allocationType = 2
2025-12-08T19:35:19.106Z| vmx| I125: SCSIDiskESXPopulateVDevDesc: Using FS backend
2025-12-08T19:35:19.106Z| vmx| I125: DISKUTIL: scsi0:11 : geometry=1305/255/63
2025-12-08T19:35:19.106Z| vmx| I125: SCSIFilterESXAttachCBRCInt: CBRC not enabled or opened without filters,skipping CBRC           filter attach.
2025-12-08T19:35:19.106Z| vmx| I125: SCSI DEVICE (scsi0:12): Computed value of scsi0:12.useBounceBuffers: default
2025-12-08T19:35:19.106Z| vmx| I125: Creating virtual dev for 'scsi0:12'.
2025-12-08T19:35:19.106Z| vmx| I125: DumpDiskInfo: scsi0:12 createType=11, capacity = 209715200, numLinks = 1, allocationType = 2
2025-12-08T19:35:19.106Z| vmx| I125: SCSIDiskESXPopulateVDevDesc: Using FS backend
2025-12-08T19:35:19.106Z| vmx| I125: DISKUTIL: scsi0:12 : geometry=13054/255/63
2025-12-08T19:35:19.106Z| vmx| I125: SCSIFilterESXAttachCBRCInt: CBRC not enabled or opened without filters,skipping CBRC           filter attach.
2025-12-08T19:35:19.106Z| vmx| I125: SCSI DEVICE (scsi0:13): Computed value of scsi0:13.useBounceBuffers: default
2025-12-08T19:35:19.106Z| vmx| I125: Creating virtual dev for 'scsi0:13'.
2025-12-08T19:35:19.106Z| vmx| I125: DumpDiskInfo: scsi0:13 createType=11, capacity = 104857600, numLinks = 1, allocationType = 2
2025-12-08T19:35:19.106Z| vmx| I125: SCSIDiskESXPopulateVDevDesc: Using FS backend
2025-12-08T19:35:19.106Z| vmx| I125: DISKUTIL: scsi0:13 : geometry=6527/255/63
2025-12-08T19:35:19.106Z| vmx| I125: SCSIFilterESXAttachCBRCInt: CBRC not enabled or opened without filters,skipping CBRC           filter attach.
2025-12-08T19:35:19.106Z| vmx| I125: SCSI: scsi1: reqCallThreshold 0
2025-12-08T19:35:19.106Z| vmx| I125: SCSI: scsi1: intr coalescing: on period=50msec cifTh=4 iopsTh=2000 hlt=0
2025-12-08T19:35:19.106Z| vmx| I125: SCSI1: UNTAGGED commands will be converted to ORDER tags.
2025-12-08T19:35:19.107Z| vmx| I125: SVGA-GFB: Config settings: autodetect=0, numDisplays=1, maxWidth=2560, maxHeight=1600
2025-12-08T19:35:19.107Z| vmx| I125: SVGA-GFB: MKS auto-detected resolution target: numDisplays=1, wh(2560, 1600)
2025-12-08T19:35:19.107Z| vmx| I125: SVGA-GFB: Desired maximum display topology: wh(2560, 1600)
2025-12-08T19:35:19.107Z| vmx| I125: SVGA-GFB: Autodetected target gfbSize = 16777216
2025-12-08T19:35:19.107Z| vmx| I125: SVGA-GFB: Using Initial       gfbSize = 4194304
2025-12-08T19:35:19.107Z| vmx| I125: SVGA: Number of displays 1
2025-12-08T19:35:19.107Z| vmx| I125: SVGA: Truncated maximum resolution for register modes to VRAM size: (VRAM=4194304 bytes, max wh(1176, 885)
2025-12-08T19:35:19.107Z| vmx| I125: SVGA: FIFO capabilities 0x0000077f
2025-12-08T19:35:19.107Z| vmx| I125: SVGACaps: Device       caps : 0x01ff83e2
2025-12-08T19:35:19.107Z| vmx| I125: SVGACaps: Device       caps2: 0x00000000
2025-12-08T19:35:19.107Z| vmx| I125: SVGA3dCaps: host, at power on: 3d disabled
2025-12-08T19:35:19.107Z| vmx| I125:   cap[  0]: 0x00000000 (3D)
2025-12-08T19:35:19.107Z| vmx| I125:   cap[  1]: 0x00000000 (MAX_LIGHTS)
2025-12-08T19:35:19.107Z| vmx| I125:   cap[  2]: 0x00000000 (MAX_TEXTURES)
2025-12-08T19:35:19.107Z| vmx| I125:   cap[  3]: 0x00000000 (MAX_CLIP_PLANES)
2025-12-08T19:35:19.107Z| vmx| I125:   cap[  4]: 0x00000000 (VERTEX_SHADER_VERSION)
2025-12-08T19:35:19.107Z| vmx| I125:   cap[  5]: 0x00000000 (VERTEX_SHADER)
2025-12-08T19:35:19.107Z| vmx| I125:   cap[  6]: 0x00000000 (FRAGMENT_SHADER_VERSION)
2025-12-08T19:35:19.107Z| vmx| I125:   cap[  7]: 0x00000000 (FRAGMENT_SHADER)
2025-12-08T19:35:19.107Z| vmx| I125:   cap[  8]: 0x00000000 (MAX_RENDER_TARGETS)
2025-12-08T19:35:19.107Z| vmx| I125:   cap[  9]: 0x00000000 (S23E8_TEXTURES)
2025-12-08T19:35:19.107Z| vmx| I125:   cap[ 10]: 0x00000000 (S10E5_TEXTURES)
2025-12-08T19:35:19.107Z| vmx| I125:   cap[ 11]: 0x00000000 (MAX_FIXED_VERTEXBLEND)
2025-12-08T19:35:19.107Z| vmx| I125:   cap[ 12]: 0x00000000 (D16_BUFFER_FORMAT)
2025-12-08T19:35:19.107Z| vmx| I125:   cap[ 13]: 0x00000000 (D24S8_BUFFER_FORMAT)
2025-12-08T19:35:19.107Z| vmx| I125:   cap[ 14]: 0x00000000 (D24X8_BUFFER_FORMAT)
2025-12-08T19:35:19.107Z| vmx| I125:   cap[ 15]: 0x00000000 (QUERY_TYPES)
2025-12-08T19:35:19.107Z| vmx| I125:   cap[ 16]: 0x00000000 (TEXTURE_GRADIENT_SAMPLING)
2025-12-08T19:35:19.107Z| vmx| I125:   cap[ 17]:   0.000000 (MAX_POINT_SIZE)
2025-12-08T19:35:19.107Z| vmx| I125:   cap[ 18]: 0x00000000 (MAX_SHADER_TEXTURES)
2025-12-08T19:35:19.107Z| vmx| I125:   cap[ 19]: 0x00000000 (MAX_TEXTURE_WIDTH)
2025-12-08T19:35:19.107Z| vmx| I125:   cap[ 20]: 0x00000000 (MAX_TEXTURE_HEIGHT)
2025-12-08T19:35:19.107Z| vmx| I125:   cap[ 21]: 0x00000000 (MAX_VOLUME_EXTENT)
2025-12-08T19:35:19.107Z| vmx| I125:   cap[ 22]: 0x00000000 (MAX_TEXTURE_REPEAT)
2025-12-08T19:35:19.107Z| vmx| I125:   cap[ 23]: 0x00000000 (MAX_TEXTURE_ASPECT_RATIO)
2025-12-08T19:35:19.107Z| vmx| I125:   cap[ 24]: 0x00000000 (MAX_TEXTURE_ANISOTROPY)
2025-12-08T19:35:19.107Z| vmx| I125:   cap[ 25]: 0x00000000 (MAX_PRIMITIVE_COUNT)
2025-12-08T19:35:19.107Z| vmx| I125:   cap[ 26]: 0x00000000 (MAX_VERTEX_INDEX)
2025-12-08T19:35:19.107Z| vmx| I125:   cap[ 27]: 0x00000000 (MAX_VERTEX_SHADER_INSTRUCTIONS)
2025-12-08T19:35:19.107Z| vmx| I125:   cap[ 28]: 0x00000000 (MAX_FRAGMENT_SHADER_INSTRUCTIONS)
2025-12-08T19:35:19.107Z| vmx| I125:   cap[ 29]: 0x00000000 (MAX_VERTEX_SHADER_TEMPS)
2025-12-08T19:35:19.107Z| vmx| I125:   cap[ 30]: 0x00000000 (MAX_FRAGMENT_SHADER_TEMPS)
2025-12-08T19:35:19.107Z| vmx| I125:   cap[ 31]: 0x00000000 (TEXTURE_OPS)
2025-12-08T19:35:19.107Z| vmx| I125:   cap[ 32]: 0x00000000 (SURFACEFMT_X8R8G8B8)
2025-12-08T19:35:19.107Z| vmx| I125:   cap[ 33]: 0x00000000 (SURFACEFMT_A8R8G8B8)
2025-12-08T19:35:19.107Z| vmx| I125:   cap[ 34]: 0x00000000 (SURFACEFMT_A2R10G10B10)
2025-12-08T19:35:19.107Z| vmx| I125:   cap[ 35]: 0x00000000 (SURFACEFMT_X1R5G5B5)
2025-12-08T19:35:19.107Z| vmx| I125:   cap[ 36]: 0x00000000 (SURFACEFMT_A1R5G5B5)
2025-12-08T19:35:19.107Z| vmx| I125:   cap[ 37]: 0x00000000 (SURFACEFMT_A4R4G4B4)
2025-12-08T19:35:19.107Z| vmx| I125:   cap[ 38]: 0x00000000 (SURFACEFMT_R5G6B5)
2025-12-08T19:35:19.107Z| vmx| I125:   cap[ 39]: 0x00000000 (SURFACEFMT_LUMINANCE16)
2025-12-08T19:35:19.108Z| vmx| I125:   cap[ 40]: 0x00000000 (SURFACEFMT_LUMINANCE8_ALPHA8)
2025-12-08T19:35:19.108Z| vmx| I125:   cap[ 41]: 0x00000000 (SURFACEFMT_ALPHA8)
2025-12-08T19:35:19.108Z| vmx| I125:   cap[ 42]: 0x00000000 (SURFACEFMT_LUMINANCE8)
2025-12-08T19:35:19.108Z| vmx| I125:   cap[ 43]: 0x00000000 (SURFACEFMT_Z_D16)
2025-12-08T19:35:19.108Z| vmx| I125:   cap[ 44]: 0x00000000 (SURFACEFMT_Z_D24S8)
2025-12-08T19:35:19.108Z| vmx| I125:   cap[ 45]: 0x00000000 (SURFACEFMT_Z_D24X8)
2025-12-08T19:35:19.108Z| vmx| I125:   cap[ 46]: 0x00000000 (SURFACEFMT_DXT1)
2025-12-08T19:35:19.108Z| vmx| I125:   cap[ 47]: 0x00000000 (SURFACEFMT_DXT2)
2025-12-08T19:35:19.108Z| vmx| I125:   cap[ 48]: 0x00000000 (SURFACEFMT_DXT3)
2025-12-08T19:35:19.108Z| vmx| I125:   cap[ 49]: 0x00000000 (SURFACEFMT_DXT4)
2025-12-08T19:35:19.108Z| vmx| I125:   cap[ 50]: 0x00000000 (SURFACEFMT_DXT5)
2025-12-08T19:35:19.108Z| vmx| I125:   cap[ 51]: 0x00000000 (SURFACEFMT_BUMPX8L8V8U8)
2025-12-08T19:35:19.108Z| vmx| I125:   cap[ 52]: 0x00000000 (SURFACEFMT_A2W10V10U10)
2025-12-08T19:35:19.108Z| vmx| I125:   cap[ 53]: 0x00000000 (SURFACEFMT_BUMPU8V8)
2025-12-08T19:35:19.108Z| vmx| I125:   cap[ 54]: 0x00000000 (SURFACEFMT_Q8W8V8U8)
2025-12-08T19:35:19.108Z| vmx| I125:   cap[ 55]: 0x00000000 (SURFACEFMT_CxV8U8)
2025-12-08T19:35:19.108Z| vmx| I125:   cap[ 56]: 0x00000000 (SURFACEFMT_R_S10E5)
2025-12-08T19:35:19.108Z| vmx| I125:   cap[ 57]: 0x00000000 (SURFACEFMT_R_S23E8)
2025-12-08T19:35:19.108Z| vmx| I125:   cap[ 58]: 0x00000000 (SURFACEFMT_RG_S10E5)
2025-12-08T19:35:19.108Z| vmx| I125:   cap[ 59]: 0x00000000 (SURFACEFMT_RG_S23E8)
2025-12-08T19:35:19.108Z| vmx| I125:   cap[ 60]: 0x00000000 (SURFACEFMT_ARGB_S10E5)
2025-12-08T19:35:19.108Z| vmx| I125:   cap[ 61]: 0x00000000 (SURFACEFMT_ARGB_S23E8)
2025-12-08T19:35:19.108Z| vmx| I125:   cap[ 62]: 0x00000000 (MISSING62)
2025-12-08T19:35:19.108Z| vmx| I125:   cap[ 63]: 0x00000000 (MAX_VERTEX_SHADER_TEXTURES)
2025-12-08T19:35:19.108Z| vmx| I125:   cap[ 64]: 0x00000000 (MAX_SIMULTANEOUS_RENDER_TARGETS)
2025-12-08T19:35:19.108Z| vmx| I125:   cap[ 65]: 0x00000000 (SURFACEFMT_V16U16)
2025-12-08T19:35:19.108Z| vmx| I125:   cap[ 66]: 0x00000000 (SURFACEFMT_G16R16)
2025-12-08T19:35:19.108Z| vmx| I125:   cap[ 67]: 0x00000000 (SURFACEFMT_A16B16G16R16)
2025-12-08T19:35:19.108Z| vmx| I125:   cap[ 68]: 0x00000000 (SURFACEFMT_UYVY)
2025-12-08T19:35:19.108Z| vmx| I125:   cap[ 69]: 0x00000000 (SURFACEFMT_YUY2)
2025-12-08T19:35:19.108Z| vmx| I125:   cap[ 70]: 0x00000000 (MULTISAMPLE_NONMASKABLESAMPLES)
2025-12-08T19:35:19.108Z| vmx| I125:   cap[ 71]: 0x00000000 (MULTISAMPLE_MASKABLESAMPLES)
2025-12-08T19:35:19.108Z| vmx| I125:   cap[ 72]: 0x00000000 (ALPHATOCOVERAGE)
2025-12-08T19:35:19.108Z| vmx| I125:   cap[ 73]: 0x00000000 (SUPERSAMPLE)
2025-12-08T19:35:19.108Z| vmx| I125:   cap[ 74]: 0x00000000 (AUTOGENMIPMAPS)
2025-12-08T19:35:19.108Z| vmx| I125:   cap[ 75]: 0x00000000 (SURFACEFMT_NV12)
2025-12-08T19:35:19.108Z| vmx| I125:   cap[ 76]: 0x00000000 (SURFACEFMT_AYUV)
2025-12-08T19:35:19.108Z| vmx| I125:   cap[ 77]: 0x00000000 (MAX_CONTEXT_IDS)
2025-12-08T19:35:19.108Z| vmx| I125:   cap[ 78]: 0x00000000 (MAX_SURFACE_IDS)
2025-12-08T19:35:19.108Z| vmx| I125:   cap[ 79]: 0x00000000 (SURFACEFMT_Z_DF16)
2025-12-08T19:35:19.108Z| vmx| I125:   cap[ 80]: 0x00000000 (SURFACEFMT_Z_DF24)
2025-12-08T19:35:19.108Z| vmx| I125:   cap[ 81]: 0x00000000 (SURFACEFMT_Z_D24S8_INT)
2025-12-08T19:35:19.108Z| vmx| I125:   cap[ 82]: 0x00000000 (SURFACEFMT_ATI1)
2025-12-08T19:35:19.108Z| vmx| I125:   cap[ 83]: 0x00000000 (SURFACEFMT_ATI2)
2025-12-08T19:35:19.108Z| vmx| I125:   cap[ 84]: 0x00000000 (DEAD1)
2025-12-08T19:35:19.108Z| vmx| I125:   cap[ 85]: 0x00000000 (VIDEO_DECODE)
2025-12-08T19:35:19.108Z| vmx| I125:   cap[ 86]: 0x00000000 (VIDEO_PROCESS)
2025-12-08T19:35:19.108Z| vmx| I125:   cap[ 87]: 0x00000000 (LINE_AA)
2025-12-08T19:35:19.108Z| vmx| I125:   cap[ 88]: 0x00000000 (LINE_STIPPLE)
2025-12-08T19:35:19.108Z| vmx| I125:   cap[ 89]:   0.000000 (MAX_LINE_WIDTH)
2025-12-08T19:35:19.108Z| vmx| I125:   cap[ 90]:   0.000000 (MAX_AA_LINE_WIDTH)
2025-12-08T19:35:19.108Z| vmx| I125:   cap[ 91]: 0x00000000 (SURFACEFMT_YV12)
2025-12-08T19:35:19.108Z| vmx| I125:   cap[ 92]: 0x00000000 (DEAD3)
2025-12-08T19:35:19.108Z| vmx| I125:   cap[ 93]: 0x00000000 (TS_COLOR_KEY)
2025-12-08T19:35:19.108Z| vmx| I125:   cap[ 94]: 0x00000000 (DEAD2)
2025-12-08T19:35:19.108Z| vmx| I125:   cap[ 95]: 0x00000000 (DXCONTEXT)
2025-12-08T19:35:19.108Z| vmx| I125:   cap[ 96]: 0x00000000 (MAX_TEXTURE_ARRAY_SIZE)
2025-12-08T19:35:19.108Z| vmx| I125:   cap[ 97]: 0x00000000 (DX_MAX_VERTEXBUFFERS)
2025-12-08T19:35:19.108Z| vmx| I125:   cap[ 98]: 0x00000000 (DX_MAX_CONSTANT_BUFFERS)
2025-12-08T19:35:19.108Z| vmx| I125:   cap[ 99]: 0x00000000 (DX_PROVOKING_VERTEX)
2025-12-08T19:35:19.108Z| vmx| I125:   cap[100]: 0x00000000 (DXFMT_X8R8G8B8)
2025-12-08T19:35:19.108Z| vmx| I125:   cap[101]: 0x00000000 (DXFMT_A8R8G8B8)
2025-12-08T19:35:19.108Z| vmx| I125:   cap[102]: 0x00000000 (DXFMT_R5G6B5)
2025-12-08T19:35:19.108Z| vmx| I125:   cap[103]: 0x00000000 (DXFMT_X1R5G5B5)
2025-12-08T19:35:19.108Z| vmx| I125:   cap[104]: 0x00000000 (DXFMT_A1R5G5B5)
2025-12-08T19:35:19.108Z| vmx| I125:   cap[105]: 0x00000000 (DXFMT_A4R4G4B4)
2025-12-08T19:35:19.108Z| vmx| I125:   cap[106]: 0x00000000 (DXFMT_Z_D32)
2025-12-08T19:35:19.108Z| vmx| I125:   cap[107]: 0x00000000 (DXFMT_Z_D16)
2025-12-08T19:35:19.108Z| vmx| I125:   cap[108]: 0x00000000 (DXFMT_Z_D24S8)
2025-12-08T19:35:19.108Z| vmx| I125:   cap[109]: 0x00000000 (DXFMT_Z_D15S1)
2025-12-08T19:35:19.108Z| vmx| I125:   cap[110]: 0x00000000 (DXFMT_LUMINANCE8)
2025-12-08T19:35:19.108Z| vmx| I125:   cap[111]: 0x00000000 (DXFMT_LUMINANCE4_ALPHA4)
2025-12-08T19:35:19.108Z| vmx| I125:   cap[112]: 0x00000000 (DXFMT_LUMINANCE16)
2025-12-08T19:35:19.108Z| vmx| I125:   cap[113]: 0x00000000 (DXFMT_LUMINANCE8_ALPHA8)
2025-12-08T19:35:19.108Z| vmx| I125:   cap[114]: 0x00000000 (DXFMT_DXT1)
2025-12-08T19:35:19.108Z| vmx| I125:   cap[115]: 0x00000000 (DXFMT_DXT2)
2025-12-08T19:35:19.108Z| vmx| I125:   cap[116]: 0x00000000 (DXFMT_DXT3)
2025-12-08T19:35:19.108Z| vmx| I125:   cap[117]: 0x00000000 (DXFMT_DXT4)
2025-12-08T19:35:19.108Z| vmx| I125:   cap[118]: 0x00000000 (DXFMT_DXT5)
2025-12-08T19:35:19.108Z| vmx| I125:   cap[119]: 0x00000000 (DXFMT_BUMPU8V8)
2025-12-08T19:35:19.108Z| vmx| I125:   cap[120]: 0x00000000 (DXFMT_BUMPL6V5U5)
2025-12-08T19:35:19.108Z| vmx| I125:   cap[121]: 0x00000000 (DXFMT_BUMPX8L8V8U8)
2025-12-08T19:35:19.108Z| vmx| I125:   cap[122]: 0x00000000 (DXFMT_FORMAT_DEAD1)
2025-12-08T19:35:19.108Z| vmx| I125:   cap[123]: 0x00000000 (DXFMT_ARGB_S10E5)
2025-12-08T19:35:19.108Z| vmx| I125:   cap[124]: 0x00000000 (DXFMT_ARGB_S23E8)
2025-12-08T19:35:19.108Z| vmx| I125:   cap[125]: 0x00000000 (DXFMT_A2R10G10B10)
2025-12-08T19:35:19.108Z| vmx| I125:   cap[126]: 0x00000000 (DXFMT_V8U8)
2025-12-08T19:35:19.108Z| vmx| I125:   cap[127]: 0x00000000 (DXFMT_Q8W8V8U8)
2025-12-08T19:35:19.108Z| vmx| I125:   cap[128]: 0x00000000 (DXFMT_CxV8U8)
2025-12-08T19:35:19.108Z| vmx| I125:   cap[129]: 0x00000000 (DXFMT_X8L8V8U8)
2025-12-08T19:35:19.108Z| vmx| I125:   cap[130]: 0x00000000 (DXFMT_A2W10V10U10)
2025-12-08T19:35:19.108Z| vmx| I125:   cap[131]: 0x00000000 (DXFMT_ALPHA8)
2025-12-08T19:35:19.109Z| vmx| I125:   cap[132]: 0x00000000 (DXFMT_R_S10E5)
2025-12-08T19:35:19.109Z| vmx| I125:   cap[133]: 0x00000000 (DXFMT_R_S23E8)
2025-12-08T19:35:19.109Z| vmx| I125:   cap[134]: 0x00000000 (DXFMT_RG_S10E5)
2025-12-08T19:35:19.109Z| vmx| I125:   cap[135]: 0x00000000 (DXFMT_RG_S23E8)
2025-12-08T19:35:19.109Z| vmx| I125:   cap[136]: 0x00000000 (DXFMT_BUFFER)
2025-12-08T19:35:19.109Z| vmx| I125:   cap[137]: 0x00000000 (DXFMT_Z_D24X8)
2025-12-08T19:35:19.109Z| vmx| I125:   cap[138]: 0x00000000 (DXFMT_V16U16)
2025-12-08T19:35:19.109Z| vmx| I125:   cap[139]: 0x00000000 (DXFMT_G16R16)
2025-12-08T19:35:19.109Z| vmx| I125:   cap[140]: 0x00000000 (DXFMT_A16B16G16R16)
2025-12-08T19:35:19.109Z| vmx| I125:   cap[141]: 0x00000000 (DXFMT_UYVY)
2025-12-08T19:35:19.109Z| vmx| I125:   cap[142]: 0x00000000 (DXFMT_YUY2)
2025-12-08T19:35:19.109Z| vmx| I125:   cap[143]: 0x00000000 (DXFMT_NV12)
2025-12-08T19:35:19.109Z| vmx| I125:   cap[144]: 0x00000000 (DXFMT_AYUV)
2025-12-08T19:35:19.109Z| vmx| I125:   cap[145]: 0x00000000 (DXFMT_R32G32B32A32_TYPELESS)
2025-12-08T19:35:19.109Z| vmx| I125:   cap[146]: 0x00000000 (DXFMT_R32G32B32A32_UINT)
2025-12-08T19:35:19.109Z| vmx| I125:   cap[147]: 0x00000000 (DXFMT_R32G32B32A32_SINT)
2025-12-08T19:35:19.109Z| vmx| I125:   cap[148]: 0x00000000 (DXFMT_R32G32B32_TYPELESS)
2025-12-08T19:35:19.109Z| vmx| I125:   cap[149]: 0x00000000 (DXFMT_R32G32B32_FLOAT)
2025-12-08T19:35:19.109Z| vmx| I125:   cap[150]: 0x00000000 (DXFMT_R32G32B32_UINT)
2025-12-08T19:35:19.109Z| vmx| I125:   cap[151]: 0x00000000 (DXFMT_R32G32B32_SINT)
2025-12-08T19:35:19.109Z| vmx| I125:   cap[152]: 0x00000000 (DXFMT_R16G16B16A16_TYPELESS)
2025-12-08T19:35:19.109Z| vmx| I125:   cap[153]: 0x00000000 (DXFMT_R16G16B16A16_UINT)
2025-12-08T19:35:19.109Z| vmx| I125:   cap[154]: 0x00000000 (DXFMT_R16G16B16A16_SNORM)
2025-12-08T19:35:19.109Z| vmx| I125:   cap[155]: 0x00000000 (DXFMT_R16G16B16A16_SINT)
2025-12-08T19:35:19.109Z| vmx| I125:   cap[156]: 0x00000000 (DXFMT_R32G32_TYPELESS)
2025-12-08T19:35:19.109Z| vmx| I125:   cap[157]: 0x00000000 (DXFMT_R32G32_UINT)
2025-12-08T19:35:19.109Z| vmx| I125:   cap[158]: 0x00000000 (DXFMT_R32G32_SINT)
2025-12-08T19:35:19.109Z| vmx| I125:   cap[159]: 0x00000000 (DXFMT_R32G8X24_TYPELESS)
2025-12-08T19:35:19.109Z| vmx| I125:   cap[160]: 0x00000000 (DXFMT_D32_FLOAT_S8X24_UINT)
2025-12-08T19:35:19.109Z| vmx| I125:   cap[161]: 0x00000000 (DXFMT_R32_FLOAT_X8X24_TYPELESS)
2025-12-08T19:35:19.109Z| vmx| I125:   cap[162]: 0x00000000 (DXFMT_X32_TYPELESS_G8X24_UINT)
2025-12-08T19:35:19.109Z| vmx| I125:   cap[163]: 0x00000000 (DXFMT_R10G10B10A2_TYPELESS)
2025-12-08T19:35:19.109Z| vmx| I125:   cap[164]: 0x00000000 (DXFMT_R10G10B10A2_UINT)
2025-12-08T19:35:19.109Z| vmx| I125:   cap[165]: 0x00000000 (DXFMT_R11G11B10_FLOAT)
2025-12-08T19:35:19.109Z| vmx| I125:   cap[166]: 0x00000000 (DXFMT_R8G8B8A8_TYPELESS)
2025-12-08T19:35:19.109Z| vmx| I125:   cap[167]: 0x00000000 (DXFMT_R8G8B8A8_UNORM)
2025-12-08T19:35:19.109Z| vmx| I125:   cap[168]: 0x00000000 (DXFMT_R8G8B8A8_UNORM_SRGB)
2025-12-08T19:35:19.109Z| vmx| I125:   cap[169]: 0x00000000 (DXFMT_R8G8B8A8_UINT)
2025-12-08T19:35:19.109Z| vmx| I125:   cap[170]: 0x00000000 (DXFMT_R8G8B8A8_SINT)
2025-12-08T19:35:19.109Z| vmx| I125:   cap[171]: 0x00000000 (DXFMT_R16G16_TYPELESS)
2025-12-08T19:35:19.109Z| vmx| I125:   cap[172]: 0x00000000 (DXFMT_R16G16_UINT)
2025-12-08T19:35:19.109Z| vmx| I125:   cap[173]: 0x00000000 (DXFMT_R16G16_SINT)
2025-12-08T19:35:19.109Z| vmx| I125:   cap[174]: 0x00000000 (DXFMT_R32_TYPELESS)
2025-12-08T19:35:19.109Z| vmx| I125:   cap[175]: 0x00000000 (DXFMT_D32_FLOAT)
2025-12-08T19:35:19.109Z| vmx| I125:   cap[176]: 0x00000000 (DXFMT_R32_UINT)
2025-12-08T19:35:19.109Z| vmx| I125:   cap[177]: 0x00000000 (DXFMT_R32_SINT)
2025-12-08T19:35:19.109Z| vmx| I125:   cap[178]: 0x00000000 (DXFMT_R24G8_TYPELESS)
2025-12-08T19:35:19.109Z| vmx| I125:   cap[179]: 0x00000000 (DXFMT_D24_UNORM_S8_UINT)
2025-12-08T19:35:19.109Z| vmx| I125:   cap[180]: 0x00000000 (DXFMT_R24_UNORM_X8_TYPELESS)
2025-12-08T19:35:19.109Z| vmx| I125:   cap[181]: 0x00000000 (DXFMT_X24_TYPELESS_G8_UINT)
2025-12-08T19:35:19.109Z| vmx| I125:   cap[182]: 0x00000000 (DXFMT_R8G8_TYPELESS)
2025-12-08T19:35:19.109Z| vmx| I125:   cap[183]: 0x00000000 (DXFMT_R8G8_UNORM)
2025-12-08T19:35:19.109Z| vmx| I125:   cap[184]: 0x00000000 (DXFMT_R8G8_UINT)
2025-12-08T19:35:19.109Z| vmx| I125:   cap[185]: 0x00000000 (DXFMT_R8G8_SINT)
2025-12-08T19:35:19.109Z| vmx| I125:   cap[186]: 0x00000000 (DXFMT_R16_TYPELESS)
2025-12-08T19:35:19.109Z| vmx| I125:   cap[187]: 0x00000000 (DXFMT_R16_UNORM)
2025-12-08T19:35:19.109Z| vmx| I125:   cap[188]: 0x00000000 (DXFMT_R16_UINT)
2025-12-08T19:35:19.109Z| vmx| I125:   cap[189]: 0x00000000 (DXFMT_R16_SNORM)
2025-12-08T19:35:19.109Z| vmx| I125:   cap[190]: 0x00000000 (DXFMT_R16_SINT)
2025-12-08T19:35:19.109Z| vmx| I125:   cap[191]: 0x00000000 (DXFMT_R8_TYPELESS)
2025-12-08T19:35:19.109Z| vmx| I125:   cap[192]: 0x00000000 (DXFMT_R8_UNORM)
2025-12-08T19:35:19.109Z| vmx| I125:   cap[193]: 0x00000000 (DXFMT_R8_UINT)
2025-12-08T19:35:19.109Z| vmx| I125:   cap[194]: 0x00000000 (DXFMT_R8_SNORM)
2025-12-08T19:35:19.109Z| vmx| I125:   cap[195]: 0x00000000 (DXFMT_R8_SINT)
2025-12-08T19:35:19.109Z| vmx| I125:   cap[196]: 0x00000000 (DXFMT_P8)
2025-12-08T19:35:19.109Z| vmx| I125:   cap[197]: 0x00000000 (DXFMT_R9G9B9E5_SHAREDEXP)
2025-12-08T19:35:19.109Z| vmx| I125:   cap[198]: 0x00000000 (DXFMT_R8G8_B8G8_UNORM)
2025-12-08T19:35:19.109Z| vmx| I125:   cap[199]: 0x00000000 (DXFMT_G8R8_G8B8_UNORM)
2025-12-08T19:35:19.109Z| vmx| I125:   cap[200]: 0x00000000 (DXFMT_BC1_TYPELESS)
2025-12-08T19:35:19.109Z| vmx| I125:   cap[201]: 0x00000000 (DXFMT_BC1_UNORM_SRGB)
2025-12-08T19:35:19.109Z| vmx| I125:   cap[202]: 0x00000000 (DXFMT_BC2_TYPELESS)
2025-12-08T19:35:19.109Z| vmx| I125:   cap[203]: 0x00000000 (DXFMT_BC2_UNORM_SRGB)
2025-12-08T19:35:19.109Z| vmx| I125:   cap[204]: 0x00000000 (DXFMT_BC3_TYPELESS)
2025-12-08T19:35:19.109Z| vmx| I125:   cap[205]: 0x00000000 (DXFMT_BC3_UNORM_SRGB)
2025-12-08T19:35:19.109Z| vmx| I125:   cap[206]: 0x00000000 (DXFMT_BC4_TYPELESS)
2025-12-08T19:35:19.109Z| vmx| I125:   cap[207]: 0x00000000 (DXFMT_ATI1)
2025-12-08T19:35:19.109Z| vmx| I125:   cap[208]: 0x00000000 (DXFMT_BC4_SNORM)
2025-12-08T19:35:19.109Z| vmx| I125:   cap[209]: 0x00000000 (DXFMT_BC5_TYPELESS)
2025-12-08T19:35:19.109Z| vmx| I125:   cap[210]: 0x00000000 (DXFMT_ATI2)
2025-12-08T19:35:19.109Z| vmx| I125:   cap[211]: 0x00000000 (DXFMT_BC5_SNORM)
2025-12-08T19:35:19.109Z| vmx| I125:   cap[212]: 0x00000000 (DXFMT_R10G10B10_XR_BIAS_A2_UNORM)
2025-12-08T19:35:19.109Z| vmx| I125:   cap[213]: 0x00000000 (DXFMT_B8G8R8A8_TYPELESS)
2025-12-08T19:35:19.109Z| vmx| I125:   cap[214]: 0x00000000 (DXFMT_B8G8R8A8_UNORM_SRGB)
2025-12-08T19:35:19.109Z| vmx| I125:   cap[215]: 0x00000000 (DXFMT_B8G8R8X8_TYPELESS)
2025-12-08T19:35:19.109Z| vmx| I125:   cap[216]: 0x00000000 (DXFMT_B8G8R8X8_UNORM_SRGB)
2025-12-08T19:35:19.109Z| vmx| I125:   cap[217]: 0x00000000 (DXFMT_Z_DF16)
2025-12-08T19:35:19.109Z| vmx| I125:   cap[218]: 0x00000000 (DXFMT_Z_DF24)
2025-12-08T19:35:19.109Z| vmx| I125:   cap[219]: 0x00000000 (DXFMT_Z_D24S8_INT)
2025-12-08T19:35:19.109Z| vmx| I125:   cap[220]: 0x00000000 (DXFMT_YV12)
2025-12-08T19:35:19.109Z| vmx| I125:   cap[221]: 0x00000000 (DXFMT_R32G32B32A32_FLOAT)
2025-12-08T19:35:19.109Z| vmx| I125:   cap[222]: 0x00000000 (DXFMT_R16G16B16A16_FLOAT)
2025-12-08T19:35:19.109Z| vmx| I125:   cap[223]: 0x00000000 (DXFMT_R16G16B16A16_UNORM)
2025-12-08T19:35:19.109Z| vmx| I125:   cap[224]: 0x00000000 (DXFMT_R32G32_FLOAT)
2025-12-08T19:35:19.109Z| vmx| I125:   cap[225]: 0x00000000 (DXFMT_R10G10B10A2_UNORM)
2025-12-08T19:35:19.110Z| vmx| I125:   cap[226]: 0x00000000 (DXFMT_R8G8B8A8_SNORM)
2025-12-08T19:35:19.110Z| vmx| I125:   cap[227]: 0x00000000 (DXFMT_R16G16_FLOAT)
2025-12-08T19:35:19.110Z| vmx| I125:   cap[228]: 0x00000000 (DXFMT_R16G16_UNORM)
2025-12-08T19:35:19.110Z| vmx| I125:   cap[229]: 0x00000000 (DXFMT_R16G16_SNORM)
2025-12-08T19:35:19.110Z| vmx| I125:   cap[230]: 0x00000000 (DXFMT_R32_FLOAT)
2025-12-08T19:35:19.110Z| vmx| I125:   cap[231]: 0x00000000 (DXFMT_R8G8_SNORM)
2025-12-08T19:35:19.110Z| vmx| I125:   cap[232]: 0x00000000 (DXFMT_R16_FLOAT)
2025-12-08T19:35:19.110Z| vmx| I125:   cap[233]: 0x00000000 (DXFMT_D16_UNORM)
2025-12-08T19:35:19.110Z| vmx| I125:   cap[234]: 0x00000000 (DXFMT_A8_UNORM)
2025-12-08T19:35:19.110Z| vmx| I125:   cap[235]: 0x00000000 (DXFMT_BC1_UNORM)
2025-12-08T19:35:19.110Z| vmx| I125:   cap[236]: 0x00000000 (DXFMT_BC2_UNORM)
2025-12-08T19:35:19.110Z| vmx| I125:   cap[237]: 0x00000000 (DXFMT_BC3_UNORM)
2025-12-08T19:35:19.110Z| vmx| I125:   cap[238]: 0x00000000 (DXFMT_B5G6R5_UNORM)
2025-12-08T19:35:19.110Z| vmx| I125:   cap[239]: 0x00000000 (DXFMT_B5G5R5A1_UNORM)
2025-12-08T19:35:19.110Z| vmx| I125:   cap[240]: 0x00000000 (DXFMT_B8G8R8A8_UNORM)
2025-12-08T19:35:19.110Z| vmx| I125:   cap[241]: 0x00000000 (DXFMT_B8G8R8X8_UNORM)
2025-12-08T19:35:19.110Z| vmx| I125:   cap[242]: 0x00000000 (DXFMT_BC4_UNORM)
2025-12-08T19:35:19.110Z| vmx| I125:   cap[243]: 0x00000000 (DXFMT_BC5_UNORM)
2025-12-08T19:35:19.110Z| vmx| I125:   cap[244]: 0x00000000 (ALLOW_D16_L16_COPY)
2025-12-08T19:35:19.110Z| vmx| I125:   cap[245]: 0x00000000 (LOGICOPS)
2025-12-08T19:35:19.110Z| vmx| I125:   cap[246]: 0x00000000 (SM4_1)
2025-12-08T19:35:19.110Z| vmx| I125: SVGA3dCaps: guest, compatibility level: 3
2025-12-08T19:35:19.110Z| svga| I125: VTHREAD 42059671296 "svga" wid 2100091
2025-12-08T19:35:19.110Z| vmx| I125: Ethernet0 MAC Address: 00:0c:29:09:c0:d9
2025-12-08T19:35:19.110Z| vmx| I125: VMXNET3 user: restricting vmxnet3 revision to 4 since the HW version is lower than 16.
2025-12-08T19:35:19.110Z| vmx| I125: VMXNET3 user: restricting vmxnet3 revision to 3 since the HW version is lower than 14.
2025-12-08T19:35:19.110Z| vmx| I125: VMXNET3 user: restricting vmxnet3 revision to 2 since the HW version is lower than 13.
2025-12-08T19:35:19.110Z| vmx| I125: VMXNET3 user: restricting vmxnet3 revision to 1 since the HW version is lower than 11.
2025-12-08T19:35:19.111Z| vmx| I125: Ethernet0 MAC Address: 00:0c:29:09:c0:d9
2025-12-08T19:35:19.111Z| vmx| I125: VMXNET3 user: Ethernet0 RSS fields requested by vmx: 3
2025-12-08T19:35:19.111Z| vmx| I125: VMXNET3 user: vmxnet3 link flap throttling disabled
2025-12-08T19:35:19.111Z| vmx| A100: ConfigDB: Setting vmci0.id = "-1156988711"
2025-12-08T19:35:19.111Z| vmx| I125: GuestLib Generated SessionId 14620439425799474324
2025-12-08T19:35:19.111Z| vmx| I125: WORKER: Creating new group with numThreads=1 (16)
2025-12-08T19:35:19.111Z| vmx| I125: DISKUTIL: scsi0:13 : max toolsVersion = 10346, type = 4
2025-12-08T19:35:19.111Z| vmx| I125: TOOLS setting legacy tools version to '10346' type 4, manifest status is 9
2025-12-08T19:35:19.111Z| vmx| I125: Tools: sending 'OS_PowerOn' (state = 3) state change request
2025-12-08T19:35:19.111Z| vmx| I125: Tools: Delaying state change request to state 3.
2025-12-08T19:35:19.112Z| worker-2100088| I125: ToolsVersionGetStatusWorkerThread: Tools status 8 derived from environment
2025-12-08T19:35:19.112Z| vmx| I125: TOOLS INSTALL initializing state to IDLE on power on.
2025-12-08T19:35:19.112Z| vmx| I125: DEPLOYPKG: ToolsDeployPkgPublishState: state=0, code=0, message=(null)
2025-12-08T19:35:19.115Z| vmx| I125: FeatureCompat: No VM masks.
2025-12-08T19:35:19.115Z| vmx| I125: MonPmc: ctrBase 0xc1 selBase 0x186/1 PGC 1/1 SMM 1 drain 1 AMD 0
2025-12-08T19:35:19.115Z| vmx| I125+ MonPmc:   gen counters num: 4 width 48 write width 32
2025-12-08T19:35:19.115Z| vmx| I125+ MonPmc:   fix counters num: 3 width 48; version 3
2025-12-08T19:35:19.115Z| vmx| I125+ MonPmc:   unavailable counters: 0x200000000
2025-12-08T19:35:19.115Z| vmx| I125: CPUID Maximum Physical Address Bits supported across all CPUs: 40
2025-12-08T19:35:19.117Z| vmx| A100: ConfigDB: Setting monitor.phys_bits_used = "40"
2025-12-08T19:35:19.117Z| vmx| I125: Full guest CPUID with differences from hostCPUID highlighted.
2025-12-08T19:35:19.117Z| vmx| I125: guest vs. host CPUID guest vendor: GenuineIntel
2025-12-08T19:35:19.117Z| vmx| I125: guest vs. host CPUID guest family: 0x6 model: 0x2c stepping: 0x2
2025-12-08T19:35:19.117Z| vmx| I125: guest vs. host CPUID guest codename: Westmere EP
2025-12-08T19:35:19.117Z| vmx| I125: guest vs. host CPUID guest name: Intel(R) Xeon(R) CPU           X5650  @ 2.67GHz
2025-12-08T19:35:19.117Z| vmx| I125: guest vs. host CPUID       level eaxIn, ecxIn:        eax        ebx        ecx        edx
2025-12-08T19:35:19.117Z| vmx| I125: guest vs. host CPUID guest level 00000000,  0: 0x0000000b 0x756e6547 0x6c65746e 0x49656e69
2025-12-08T19:35:19.117Z| vmx| I125: guest vs. host CPUID guest level 00000001,  0: 0x000206c2 0x00010800 0x82b82203 0x0f8bfbff
2025-12-08T19:35:19.117Z| vmx| I125: guest vs. host CPUID *host level 00000001,  0: 0x000206c2 0x00200800 0x029ee3ff 0xbfebfbff
2025-12-08T19:35:19.117Z| vmx| I125: guest vs. host CPUID guest level 00000002,  0: 0x55035a01 0x00f0b2ff 0x00000000 0x00ca0000
2025-12-08T19:35:19.117Z| vmx| I125: guest vs. host CPUID guest level 00000003,  0: 0x00000000 0x00000000 0x00000000 0x00000000
2025-12-08T19:35:19.117Z| vmx| I125: guest vs. host CPUID guest level 00000004,  0: 0x00000121 0x01c0003f 0x0000003f 0x00000000
2025-12-08T19:35:19.117Z| vmx| I125: guest vs. host CPUID *host level 00000004,  0: 0x3c004121 0x01c0003f 0x0000003f 0x00000000
2025-12-08T19:35:19.117Z| vmx| I125: guest vs. host CPUID guest level 00000004,  1: 0x00000122 0x00c0003f 0x0000007f 0x00000000
2025-12-08T19:35:19.117Z| vmx| I125: guest vs. host CPUID *host level 00000004,  1: 0x3c004122 0x00c0003f 0x0000007f 0x00000000
2025-12-08T19:35:19.117Z| vmx| I125: guest vs. host CPUID guest level 00000004,  2: 0x00000143 0x01c0003f 0x000001ff 0x00000000
2025-12-08T19:35:19.117Z| vmx| I125: guest vs. host CPUID *host level 00000004,  2: 0x3c004143 0x01c0003f 0x000001ff 0x00000000
2025-12-08T19:35:19.117Z| vmx| I125: guest vs. host CPUID guest level 00000004,  3: 0x00000163 0x03c0003f 0x00002fff 0x00000002
2025-12-08T19:35:19.117Z| vmx| I125: guest vs. host CPUID *host level 00000004,  3: 0x3c07c163 0x03c0003f 0x00002fff 0x00000002
2025-12-08T19:35:19.117Z| vmx| I125: guest vs. host CPUID guest level 00000004,  4: 0x00000000 0x00000000 0x00000000 0x00000000
2025-12-08T19:35:19.117Z| vmx| I125: guest vs. host CPUID guest level 00000004,  5: 0x00000000 0x00000000 0x00000000 0x00000000
2025-12-08T19:35:19.117Z| vmx| I125: guest vs. host CPUID guest level 00000004,  6: 0x00000000 0x00000000 0x00000000 0x00000000
2025-12-08T19:35:19.117Z| vmx| I125: guest vs. host CPUID guest level 00000006,  0: 0x00000004 0x00000000 0x00000000 0x00000000
2025-12-08T19:35:19.117Z| vmx| I125: guest vs. host CPUID *host level 00000006,  0: 0x00000005 0x00000002 0x00000009 0x00000000
2025-12-08T19:35:19.117Z| vmx| I125: guest vs. host CPUID guest level 00000007,  0: 0x00000000 0x00000000 0x00000000 0xbc000000
2025-12-08T19:35:19.117Z| vmx| I125: guest vs. host CPUID *host level 00000007,  0: 0x00000000 0x00000000 0x00000000 0x9c000000
2025-12-08T19:35:19.117Z| vmx| I125: guest vs. host CPUID guest level 00000008,  0: 0x00000000 0x00000000 0x00000000 0x00000000
2025-12-08T19:35:19.117Z| vmx| I125: guest vs. host CPUID guest level 00000009,  0: 0x00000000 0x00000000 0x00000000 0x00000000
2025-12-08T19:35:19.117Z| vmx| I125: guest vs. host CPUID guest level 0000000a,  0: 0x07300401 0x000000ff 0x00000000 0x00000000
2025-12-08T19:35:19.117Z| vmx| I125: guest vs. host CPUID *host level 0000000a,  0: 0x07300403 0x00000004 0x00000000 0x00000603
2025-12-08T19:35:19.117Z| vmx| I125: guest vs. host CPUID guest level 0000000b,  0: 0x00000000 0x00000001 0x00000100 0x00000000
2025-12-08T19:35:19.117Z| vmx| I125: guest vs. host CPUID *host level 0000000b,  0: 0x00000001 0x00000002 0x00000100 0x00000000
2025-12-08T19:35:19.117Z| vmx| I125: guest vs. host CPUID guest level 0000000b,  1: 0x00000000 0x00000001 0x00000201 0x00000000
2025-12-08T19:35:19.117Z| vmx| I125: guest vs. host CPUID *host level 0000000b,  1: 0x00000005 0x0000000c 0x00000201 0x00000000
2025-12-08T19:35:19.117Z| vmx| I125: guest vs. host CPUID guest level 0000000c,  0: 0x00000000 0x00000000 0x00000000 0x00000000
2025-12-08T19:35:19.117Z| vmx| I125: guest vs. host CPUID guest level 0000000d,  0: 0x00000000 0x00000000 0x00000000 0x00000000
2025-12-08T19:35:19.117Z| vmx| I125: guest vs. host CPUID guest level 0000000d,  1: 0x00000000 0x00000000 0x00000000 0x00000000
2025-12-08T19:35:19.117Z| vmx| I125: guest vs. host CPUID guest level 0000000d,  2: 0x00000000 0x00000000 0x00000000 0x00000000
2025-12-08T19:35:19.117Z| vmx| I125: guest vs. host CPUID guest level 0000000d,  3: 0x00000000 0x00000000 0x00000000 0x00000000
2025-12-08T19:35:19.117Z| vmx| I125: guest vs. host CPUID guest level 0000000d,  4: 0x00000000 0x00000000 0x00000000 0x00000000
2025-12-08T19:35:19.117Z| vmx| I125: guest vs. host CPUID guest level 0000000d,  5: 0x00000000 0x00000000 0x00000000 0x00000000
2025-12-08T19:35:19.117Z| vmx| I125: guest vs. host CPUID guest level 0000000d,  6: 0x00000000 0x00000000 0x00000000 0x00000000
2025-12-08T19:35:19.117Z| vmx| I125: guest vs. host CPUID guest level 0000000d,  7: 0x00000000 0x00000000 0x00000000 0x00000000
2025-12-08T19:35:19.117Z| vmx| I125: guest vs. host CPUID guest level 0000000d,  8: 0x00000000 0x00000000 0x00000000 0x00000000
2025-12-08T19:35:19.117Z| vmx| I125: guest vs. host CPUID guest level 0000000d,  9: 0x00000000 0x00000000 0x00000000 0x00000000
2025-12-08T19:35:19.117Z| vmx| I125: guest vs. host CPUID guest level 0000000d,  a: 0x00000000 0x00000000 0x00000000 0x00000000
2025-12-08T19:35:19.117Z| vmx| I125: guest vs. host CPUID guest level 0000000d,  b: 0x00000000 0x00000000 0x00000000 0x00000000
2025-12-08T19:35:19.117Z| vmx| I125: guest vs. host CPUID guest level 0000000d,  c: 0x00000000 0x00000000 0x00000000 0x00000000
2025-12-08T19:35:19.117Z| vmx| I125: guest vs. host CPUID guest level 0000000d,  d: 0x00000000 0x00000000 0x00000000 0x00000000
2025-12-08T19:35:19.117Z| vmx| I125: guest vs. host CPUID guest level 0000000d,  e: 0x00000000 0x00000000 0x00000000 0x00000000
2025-12-08T19:35:19.117Z| vmx| I125: guest vs. host CPUID guest level 0000000d,  f: 0x00000000 0x00000000 0x00000000 0x00000000
2025-12-08T19:35:19.117Z| vmx| I125: guest vs. host CPUID guest level 0000000d, 10: 0x00000000 0x00000000 0x00000000 0x00000000
2025-12-08T19:35:19.117Z| vmx| I125: guest vs. host CPUID guest level 0000000d, 11: 0x00000000 0x00000000 0x00000000 0x00000000
2025-12-08T19:35:19.117Z| vmx| I125: guest vs. host CPUID guest level 0000000d, 12: 0x00000000 0x00000000 0x00000000 0x00000000
2025-12-08T19:35:19.117Z| vmx| I125: guest vs. host CPUID guest level 0000000d, 13: 0x00000000 0x00000000 0x00000000 0x00000000
2025-12-08T19:35:19.117Z| vmx| I125: guest vs. host CPUID guest level 0000000d, 14: 0x00000000 0x00000000 0x00000000 0x00000000
2025-12-08T19:35:19.117Z| vmx| I125: guest vs. host CPUID guest level 0000000d, 15: 0x00000000 0x00000000 0x00000000 0x00000000
2025-12-08T19:35:19.117Z| vmx| I125: guest vs. host CPUID guest level 0000000d, 16: 0x00000000 0x00000000 0x00000000 0x00000000
2025-12-08T19:35:19.117Z| vmx| I125: guest vs. host CPUID guest level 0000000d, 17: 0x00000000 0x00000000 0x00000000 0x00000000
2025-12-08T19:35:19.117Z| vmx| I125: guest vs. host CPUID guest level 0000000d, 18: 0x00000000 0x00000000 0x00000000 0x00000000
2025-12-08T19:35:19.117Z| vmx| I125: guest vs. host CPUID guest level 0000000d, 19: 0x00000000 0x00000000 0x00000000 0x00000000
2025-12-08T19:35:19.117Z| vmx| I125: guest vs. host CPUID guest level 0000000d, 1a: 0x00000000 0x00000000 0x00000000 0x00000000
2025-12-08T19:35:19.117Z| vmx| I125: guest vs. host CPUID guest level 0000000d, 1b: 0x00000000 0x00000000 0x00000000 0x00000000
2025-12-08T19:35:19.117Z| vmx| I125: guest vs. host CPUID guest level 0000000d, 1c: 0x00000000 0x00000000 0x00000000 0x00000000
2025-12-08T19:35:19.117Z| vmx| I125: guest vs. host CPUID guest level 0000000d, 1d: 0x00000000 0x00000000 0x00000000 0x00000000
2025-12-08T19:35:19.117Z| vmx| I125: guest vs. host CPUID guest level 0000000d, 1e: 0x00000000 0x00000000 0x00000000 0x00000000
2025-12-08T19:35:19.117Z| vmx| I125: guest vs. host CPUID guest level 0000000d, 1f: 0x00000000 0x00000000 0x00000000 0x00000000
2025-12-08T19:35:19.117Z| vmx| I125: guest vs. host CPUID guest level 0000000d, 20: 0x00000000 0x00000000 0x00000000 0x00000000
2025-12-08T19:35:19.117Z| vmx| I125: guest vs. host CPUID guest level 0000000d, 21: 0x00000000 0x00000000 0x00000000 0x00000000
2025-12-08T19:35:19.117Z| vmx| I125: guest vs. host CPUID guest level 0000000d, 22: 0x00000000 0x00000000 0x00000000 0x00000000
2025-12-08T19:35:19.117Z| vmx| I125: guest vs. host CPUID guest level 0000000d, 23: 0x00000000 0x00000000 0x00000000 0x00000000
2025-12-08T19:35:19.117Z| vmx| I125: guest vs. host CPUID guest level 0000000d, 24: 0x00000000 0x00000000 0x00000000 0x00000000
2025-12-08T19:35:19.117Z| vmx| I125: guest vs. host CPUID guest level 0000000d, 25: 0x00000000 0x00000000 0x00000000 0x00000000
2025-12-08T19:35:19.117Z| vmx| I125: guest vs. host CPUID guest level 0000000d, 26: 0x00000000 0x00000000 0x00000000 0x00000000
2025-12-08T19:35:19.117Z| vmx| I125: guest vs. host CPUID guest level 0000000d, 27: 0x00000000 0x00000000 0x00000000 0x00000000
2025-12-08T19:35:19.117Z| vmx| I125: guest vs. host CPUID guest level 0000000d, 28: 0x00000000 0x00000000 0x00000000 0x00000000
2025-12-08T19:35:19.117Z| vmx| I125: guest vs. host CPUID guest level 0000000d, 29: 0x00000000 0x00000000 0x00000000 0x00000000
2025-12-08T19:35:19.117Z| vmx| I125: guest vs. host CPUID guest level 0000000d, 2a: 0x00000000 0x00000000 0x00000000 0x00000000
2025-12-08T19:35:19.117Z| vmx| I125: guest vs. host CPUID guest level 0000000d, 2b: 0x00000000 0x00000000 0x00000000 0x00000000
2025-12-08T19:35:19.117Z| vmx| I125: guest vs. host CPUID guest level 0000000d, 2c: 0x00000000 0x00000000 0x00000000 0x00000000
2025-12-08T19:35:19.117Z| vmx| I125: guest vs. host CPUID guest level 0000000d, 2d: 0x00000000 0x00000000 0x00000000 0x00000000
2025-12-08T19:35:19.117Z| vmx| I125: guest vs. host CPUID guest level 0000000d, 2e: 0x00000000 0x00000000 0x00000000 0x00000000
2025-12-08T19:35:19.117Z| vmx| I125: guest vs. host CPUID guest level 0000000d, 2f: 0x00000000 0x00000000 0x00000000 0x00000000
2025-12-08T19:35:19.117Z| vmx| I125: guest vs. host CPUID guest level 0000000d, 30: 0x00000000 0x00000000 0x00000000 0x00000000
2025-12-08T19:35:19.117Z| vmx| I125: guest vs. host CPUID guest level 0000000d, 31: 0x00000000 0x00000000 0x00000000 0x00000000
2025-12-08T19:35:19.117Z| vmx| I125: guest vs. host CPUID guest level 0000000d, 32: 0x00000000 0x00000000 0x00000000 0x00000000
2025-12-08T19:35:19.117Z| vmx| I125: guest vs. host CPUID guest level 0000000d, 33: 0x00000000 0x00000000 0x00000000 0x00000000
2025-12-08T19:35:19.117Z| vmx| I125: guest vs. host CPUID guest level 0000000d, 34: 0x00000000 0x00000000 0x00000000 0x00000000
2025-12-08T19:35:19.117Z| vmx| I125: guest vs. host CPUID guest level 0000000d, 35: 0x00000000 0x00000000 0x00000000 0x00000000
2025-12-08T19:35:19.117Z| vmx| I125: guest vs. host CPUID guest level 0000000d, 36: 0x00000000 0x00000000 0x00000000 0x00000000
2025-12-08T19:35:19.117Z| vmx| I125: guest vs. host CPUID guest level 0000000d, 37: 0x00000000 0x00000000 0x00000000 0x00000000
2025-12-08T19:35:19.117Z| vmx| I125: guest vs. host CPUID guest level 0000000d, 38: 0x00000000 0x00000000 0x00000000 0x00000000
2025-12-08T19:35:19.117Z| vmx| I125: guest vs. host CPUID guest level 0000000d, 39: 0x00000000 0x00000000 0x00000000 0x00000000
2025-12-08T19:35:19.117Z| vmx| I125: guest vs. host CPUID guest level 0000000d, 3a: 0x00000000 0x00000000 0x00000000 0x00000000
2025-12-08T19:35:19.117Z| vmx| I125: guest vs. host CPUID guest level 0000000d, 3b: 0x00000000 0x00000000 0x00000000 0x00000000
2025-12-08T19:35:19.117Z| vmx| I125: guest vs. host CPUID guest level 0000000d, 3c: 0x00000000 0x00000000 0x00000000 0x00000000
2025-12-08T19:35:19.117Z| vmx| I125: guest vs. host CPUID guest level 0000000d, 3d: 0x00000000 0x00000000 0x00000000 0x00000000
2025-12-08T19:35:19.117Z| vmx| I125: guest vs. host CPUID guest level 0000000d, 3e: 0x00000000 0x00000000 0x00000000 0x00000000
2025-12-08T19:35:19.117Z| vmx| I125: guest vs. host CPUID guest level 0000000e,  0: 0x00000000 0x00000000 0x00000000 0x00000000
2025-12-08T19:35:19.117Z| vmx| I125: guest vs. host CPUID guest level 0000000f,  0: 0x00000000 0x00000000 0x00000000 0x00000000
2025-12-08T19:35:19.117Z| vmx| I125: guest vs. host CPUID guest level 0000000f,  1: 0x00000000 0x00000000 0x00000000 0x00000000
2025-12-08T19:35:19.117Z| vmx| I125: guest vs. host CPUID guest level 00000010,  0: 0x00000000 0x00000000 0x00000000 0x00000000
2025-12-08T19:35:19.117Z| vmx| I125: guest vs. host CPUID guest level 00000010,  1: 0x00000000 0x00000000 0x00000000 0x00000000
2025-12-08T19:35:19.117Z| vmx| I125: guest vs. host CPUID guest level 00000011,  0: 0x00000000 0x00000000 0x00000000 0x00000000
2025-12-08T19:35:19.117Z| vmx| I125: guest vs. host CPUID guest level 00000013,  0: 0x00000000 0x00000000 0x00000000 0x00000000
2025-12-08T19:35:19.117Z| vmx| I125: guest vs. host CPUID guest level 00000015,  0: 0x00000000 0x00000000 0x00000000 0x00000000
2025-12-08T19:35:19.117Z| vmx| I125: guest vs. host CPUID guest level 00000016,  0: 0x00000000 0x00000000 0x00000000 0x00000000
2025-12-08T19:35:19.117Z| vmx| I125: guest vs. host CPUID guest level 00000017,  0: 0x00000000 0x00000000 0x00000000 0x00000000
2025-12-08T19:35:19.117Z| vmx| I125: guest vs. host CPUID guest level 00000017,  1: 0x00000000 0x00000000 0x00000000 0x00000000
2025-12-08T19:35:19.117Z| vmx| I125: guest vs. host CPUID guest level 00000017,  2: 0x00000000 0x00000000 0x00000000 0x00000000
2025-12-08T19:35:19.117Z| vmx| I125: guest vs. host CPUID guest level 00000017,  3: 0x00000000 0x00000000 0x00000000 0x00000000
2025-12-08T19:35:19.117Z| vmx| I125: guest vs. host CPUID guest level 40000000,  0: 0x40000010 0x61774d56 0x4d566572 0x65726177
2025-12-08T19:35:19.117Z| vmx| I125: guest vs. host CPUID guest level 40000001,  0: 0x00000000 0x00000000 0x00000000 0x00000000
2025-12-08T19:35:19.117Z| vmx| I125: guest vs. host CPUID guest level 40000002,  0: 0x00000000 0x00000000 0x00000000 0x00000000
2025-12-08T19:35:19.117Z| vmx| I125: guest vs. host CPUID guest level 40000003,  0: 0x00000000 0x00000000 0x00000000 0x00000000
2025-12-08T19:35:19.117Z| vmx| I125: guest vs. host CPUID guest level 40000004,  0: 0x00000000 0x00000000 0x00000000 0x00000000
2025-12-08T19:35:19.117Z| vmx| I125: guest vs. host CPUID guest level 40000005,  0: 0x00000000 0x00000000 0x00000000 0x00000000
2025-12-08T19:35:19.117Z| vmx| I125: guest vs. host CPUID guest level 40000006,  0: 0x00000000 0x00000000 0x00000000 0x00000000
2025-12-08T19:35:19.117Z| vmx| I125: guest vs. host CPUID guest level 40000007,  0: 0x00000000 0x00000000 0x00000000 0x00000000
2025-12-08T19:35:19.117Z| vmx| I125: guest vs. host CPUID guest level 40000008,  0: 0x00000000 0x00000000 0x00000000 0x00000000
2025-12-08T19:35:19.117Z| vmx| I125: guest vs. host CPUID guest level 40000009,  0: 0x00000000 0x00000000 0x00000000 0x00000000
2025-12-08T19:35:19.117Z| vmx| I125: guest vs. host CPUID guest level 4000000a,  0: 0x00000000 0x00000000 0x00000000 0x00000000
2025-12-08T19:35:19.117Z| vmx| I125: guest vs. host CPUID guest level 4000000b,  0: 0x00000000 0x00000000 0x00000000 0x00000000
2025-12-08T19:35:19.117Z| vmx| I125: guest vs. host CPUID guest level 4000000c,  0: 0x00000000 0x00000000 0x00000000 0x00000000
2025-12-08T19:35:19.117Z| vmx| I125: guest vs. host CPUID guest level 4000000d,  0: 0x00000000 0x00000000 0x00000000 0x00000000
2025-12-08T19:35:19.117Z| vmx| I125: guest vs. host CPUID guest level 4000000e,  0: 0x00000000 0x00000000 0x00000000 0x00000000
2025-12-08T19:35:19.117Z| vmx| I125: guest vs. host CPUID guest level 4000000f,  0: 0x00000000 0x00000000 0x00000000 0x00000000
2025-12-08T19:35:19.117Z| vmx| I125: guest vs. host CPUID guest level 40000010,  0: 0x0028b109 0x000101d0 0x00000000 0x00000000
2025-12-08T19:35:19.117Z| vmx| I125: guest vs. host CPUID guest level 80000000,  0: 0x80000008 0x00000000 0x00000000 0x00000000
2025-12-08T19:35:19.117Z| vmx| I125: guest vs. host CPUID guest level 80000001,  0: 0x00000000 0x00000000 0x00000001 0x28100800
2025-12-08T19:35:19.117Z| vmx| I125: guest vs. host CPUID *host level 80000001,  0: 0x00000000 0x00000000 0x00000001 0x2c100800
2025-12-08T19:35:19.117Z| vmx| I125: guest vs. host CPUID guest level 80000002,  0: 0x65746e49 0x2952286c 0x6f655820 0x2952286e
2025-12-08T19:35:19.117Z| vmx| I125: guest vs. host CPUID guest level 80000003,  0: 0x55504320 0x20202020 0x20202020 0x58202020
2025-12-08T19:35:19.117Z| vmx| I125: guest vs. host CPUID guest level 80000004,  0: 0x30353635 0x20402020 0x37362e32 0x007a4847
2025-12-08T19:35:19.117Z| vmx| I125: guest vs. host CPUID guest level 80000005,  0: 0x00000000 0x00000000 0x00000000 0x00000000
2025-12-08T19:35:19.117Z| vmx| I125: guest vs. host CPUID guest level 80000006,  0: 0x00000000 0x00000000 0x01006040 0x00000000
2025-12-08T19:35:19.117Z| vmx| I125: guest vs. host CPUID guest level 80000007,  0: 0x00000000 0x00000000 0x00000000 0x00000100
2025-12-08T19:35:19.117Z| vmx| I125: guest vs. host CPUID guest level 80000008,  0: 0x00003028 0x00000000 0x00000000 0x00000000
2025-12-08T19:35:19.117Z| vmx| I125: guest vs. host CPUID guest level 80000009,  0: 0x00000000 0x00000000 0x00000000 0x00000000
2025-12-08T19:35:19.117Z| vmx| I125: guest vs. host CPUID guest level 8000000b,  0: 0x00000000 0x00000000 0x00000000 0x00000000
2025-12-08T19:35:19.117Z| vmx| I125: guest vs. host CPUID guest level 8000000c,  0: 0x00000000 0x00000000 0x00000000 0x00000000
2025-12-08T19:35:19.117Z| vmx| I125: guest vs. host CPUID guest level 8000000d,  0: 0x00000000 0x00000000 0x00000000 0x00000000
2025-12-08T19:35:19.117Z| vmx| I125: guest vs. host CPUID guest level 8000000e,  0: 0x00000000 0x00000000 0x00000000 0x00000000
2025-12-08T19:35:19.117Z| vmx| I125: guest vs. host CPUID guest level 8000000f,  0: 0x00000000 0x00000000 0x00000000 0x00000000
2025-12-08T19:35:19.117Z| vmx| I125: guest vs. host CPUID guest level 80000010,  0: 0x00000000 0x00000000 0x00000000 0x00000000
2025-12-08T19:35:19.117Z| vmx| I125: guest vs. host CPUID guest level 80000011,  0: 0x00000000 0x00000000 0x00000000 0x00000000
2025-12-08T19:35:19.117Z| vmx| I125: guest vs. host CPUID guest level 80000012,  0: 0x00000000 0x00000000 0x00000000 0x00000000
2025-12-08T19:35:19.118Z| vmx| I125: guest vs. host CPUID guest level 80000013,  0: 0x00000000 0x00000000 0x00000000 0x00000000
2025-12-08T19:35:19.118Z| vmx| I125: guest vs. host CPUID guest level 80000014,  0: 0x00000000 0x00000000 0x00000000 0x00000000
2025-12-08T19:35:19.118Z| vmx| I125: guest vs. host CPUID guest level 80000015,  0: 0x00000000 0x00000000 0x00000000 0x00000000
2025-12-08T19:35:19.118Z| vmx| I125: guest vs. host CPUID guest level 80000016,  0: 0x00000000 0x00000000 0x00000000 0x00000000
2025-12-08T19:35:19.118Z| vmx| I125: guest vs. host CPUID guest level 80000017,  0: 0x00000000 0x00000000 0x00000000 0x00000000
2025-12-08T19:35:19.118Z| vmx| I125: guest vs. host CPUID guest level 80000018,  0: 0x00000000 0x00000000 0x00000000 0x00000000
2025-12-08T19:35:19.118Z| vmx| I125: guest vs. host CPUID guest level 80000019,  0: 0x00000000 0x00000000 0x00000000 0x00000000
2025-12-08T19:35:19.118Z| vmx| I125: guest vs. host CPUID guest level 8000001a,  0: 0x00000000 0x00000000 0x00000000 0x00000000
2025-12-08T19:35:19.118Z| vmx| I125: guest vs. host CPUID guest level 8000001b,  0: 0x00000000 0x00000000 0x00000000 0x00000000
2025-12-08T19:35:19.118Z| vmx| I125: guest vs. host CPUID guest level 8000001c,  0: 0x00000000 0x00000000 0x00000000 0x00000000
2025-12-08T19:35:19.118Z| vmx| I125: guest vs. host CPUID guest level 8000001d,  0: 0x00000000 0x00000000 0x00000000 0x00000000
2025-12-08T19:35:19.118Z| vmx| I125: guest vs. host CPUID guest level 8000001d,  1: 0x00000000 0x00000000 0x00000000 0x00000000
2025-12-08T19:35:19.118Z| vmx| I125: guest vs. host CPUID guest level 8000001d,  2: 0x00000000 0x00000000 0x00000000 0x00000000
2025-12-08T19:35:19.118Z| vmx| I125: guest vs. host CPUID guest level 8000001d,  3: 0x00000000 0x00000000 0x00000000 0x00000000
2025-12-08T19:35:19.118Z| vmx| I125: guest vs. host CPUID guest level 8000001d,  4: 0x00000000 0x00000000 0x00000000 0x00000000
2025-12-08T19:35:19.118Z| vmx| I125: guest vs. host CPUID guest level 8000001e,  0: 0x00000000 0x00000000 0x00000000 0x00000000
2025-12-08T19:35:19.118Z| vmx| I125: guest vs. host CPUID guest level 8000001f,  0: 0x00000000 0x00000000 0x00000000 0x00000000
2025-12-08T19:35:19.118Z| vmx| I125: Minimum ucode level: 0x0000001f
2025-12-08T19:35:19.118Z| vmx| I125: VPMC: events will use hybrid freeze.
2025-12-08T19:35:19.118Z| vmx| I125: VPMC: gen counters: num 4 mask 0xffffffffffff
2025-12-08T19:35:19.118Z| vmx| I125: VPMC: fix counters: num 0 mask 0; version 1
2025-12-08T19:35:19.118Z| vmx| I125: VPMC: hardware counters: 0
2025-12-08T19:35:19.118Z| vmx| I125: VPMC: perf capabilities: 0x2000
2025-12-08T19:35:19.119Z| vmx| I125: MemSched (MB): min: 8 sizeLimit: 1024 swapInitialFileSize: 82 prealloc: FALSE.
2025-12-08T19:35:19.119Z| vmx| I125: SVGA-GFB: Allocated gfbSize=4194304
2025-12-08T19:35:19.119Z| vmx| A100: ConfigDB: Setting vmotion.checkpointFBSize = "4194304"
2025-12-08T19:35:19.119Z| vmx| I125: SVGA-PCI: BAR gfbSize=67108864, fifoSize=8388608
2025-12-08T19:35:19.119Z| vmx| I125: SVGA: SVGA_REG_MEMORY_SIZE=171966464
2025-12-08T19:35:19.119Z| vmx| I125: SVGA: SVGA_REG_VRAM_SIZE=4194304
2025-12-08T19:35:19.119Z| vmx| I125: BusMemSampleSetUpStats: touched: initPct 75 pages 1966080 : dirtied: initPct 75 pages 1966080
2025-12-08T19:35:19.119Z| vmx| I125: FeatureCompat: Capabilities:
2025-12-08T19:35:19.119Z| vmx| I125: Capability Found: cpuid.Intel = 0x1
2025-12-08T19:35:19.119Z| vmx| I125: Capability Found: cpuid.FCMD = 0x1
2025-12-08T19:35:19.119Z| vmx| I125: Capability Found: cpuid.PDPE1GB = 0x1
2025-12-08T19:35:19.119Z| vmx| I125: Capability Found: vpmc.fixctr.0 = 0x1
2025-12-08T19:35:19.119Z| vmx| I125: Capability Found: cpuid.LM = 0x1
2025-12-08T19:35:19.119Z| vmx| I125: Capability Found: cpuid.XCR0_MASTER_BNDCSR = 0x1
2025-12-08T19:35:19.119Z| vmx| I125: Capability Found: cpuid.MWAIT = 0x1
2025-12-08T19:35:19.119Z| vmx| I125: Capability Found: vpmc.numGenCtrs = 0x4
2025-12-08T19:35:19.119Z| vmx| I125: Capability Found: vpmc.fixedWidth = 0x30
2025-12-08T19:35:19.119Z| vmx| I125: Capability Found: cpuid.VMX = 0x1
2025-12-08T19:35:19.119Z| vmx| I125: Capability Found: vpmc.genWidth = 0x30
2025-12-08T19:35:19.119Z| vmx| I125: Capability Found: vpmc.version = 0x3
2025-12-08T19:35:19.119Z| vmx| I125: Capability Found: vpmc.fixctr.2 = 0x1
2025-12-08T19:35:19.119Z| vmx| I125: Capability Found: cpuid.PCID = 0x1
2025-12-08T19:35:19.119Z| vmx| I125: Capability Found: cpuid.SSBD = 0x1
2025-12-08T19:35:19.119Z| vmx| I125: Capability Found: vpmc.genctr.2 = 0x1
2025-12-08T19:35:19.119Z| vmx| I125: Capability Found: cpuid.SSSE3 = 0x1
2025-12-08T19:35:19.119Z| vmx| I125: Capability Found: cpuid.SSE3 = 0x1
2025-12-08T19:35:19.119Z| vmx| I125: Capability Found: cpuid.NX = 0x1
2025-12-08T19:35:19.119Z| vmx| I125: Capability Found: cpuid.SSE41 = 0x1
2025-12-08T19:35:19.119Z| vmx| I125: Capability Found: cpuid.AES = 0x1
2025-12-08T19:35:19.119Z| vmx| I125: Capability Found: cpuid.STIBP = 0x1
2025-12-08T19:35:19.119Z| vmx| I125: Capability Found: cpuid.PCLMULQDQ = 0x1
2025-12-08T19:35:19.119Z| vmx| I125: Capability Found: cpuid.SS = 0x1
2025-12-08T19:35:19.119Z| vmx| I125: Capability Found: cpuid.POPCNT = 0x1
2025-12-08T19:35:19.119Z| vmx| I125: Capability Found: vpmc.genctr.3 = 0x1
2025-12-08T19:35:19.119Z| vmx| I125: Capability Found: vt.realmode = 0x1
2025-12-08T19:35:19.119Z| vmx| I125: Capability Found: vt.ple = 0x1
2025-12-08T19:35:19.119Z| vmx| I125: Capability Found: cpuid.DS = 0x1
2025-12-08T19:35:19.119Z| vmx| I125: Capability Found: vpmc.genctr.0 = 0x1
2025-12-08T19:35:19.119Z| vmx| I125: Capability Found: cpuid.XCR0_MASTER_BNDREGS = 0x1
2025-12-08T19:35:19.119Z| vmx| I125: Capability Found: cpuid.RDTSCP = 0x1
2025-12-08T19:35:19.119Z| vmx| I125: Capability Found: cpuid.LAHF64 = 0x1
2025-12-08T19:35:19.119Z| vmx| I125: Capability Found: cpuid.IBPB = 0x1
2025-12-08T19:35:19.119Z| vmx| I125: Capability Found: hv.capable = 0x1
2025-12-08T19:35:19.119Z| vmx| I125: Capability Found: cpuid.CMPXCHG16B = 0x1
2025-12-08T19:35:19.119Z| vmx| I125: Capability Found: vpmc.numFixedCtrs = 0x3
2025-12-08T19:35:19.119Z| vmx| I125: Capability Found: vpmc.genctr.1 = 0x1
2025-12-08T19:35:19.119Z| vmx| I125: Capability Found: cpuid.SSE42 = 0x1
2025-12-08T19:35:19.119Z| vmx| I125: Capability Found: vpmc.microarchitecture.nehalem-0 = 0x1
2025-12-08T19:35:19.119Z| vmx| I125: Capability Found: cpuid.IBRS = 0x1
2025-12-08T19:35:19.119Z| vmx| I125: FeatureCompat: Requirements:
2025-12-08T19:35:19.119Z| vmx| I125: VM Features Required: cpuid.SSE3 - Bool:Min:1
2025-12-08T19:35:19.119Z| vmx| I125: VM Features Required: cpuid.PCLMULQDQ - Bool:Min:1
2025-12-08T19:35:19.119Z| vmx| I125: VM Features Required: cpuid.SSSE3 - Bool:Min:1
2025-12-08T19:35:19.119Z| vmx| I125: VM Features Required: cpuid.CMPXCHG16B - Bool:Min:1
2025-12-08T19:35:19.119Z| vmx| I125: VM Features Required: cpuid.SSE41 - Bool:Min:1
2025-12-08T19:35:19.119Z| vmx| I125: VM Features Required: cpuid.SSE42 - Bool:Min:1
2025-12-08T19:35:19.119Z| vmx| I125: VM Features Required: cpuid.POPCNT - Bool:Min:1
2025-12-08T19:35:19.119Z| vmx| I125: VM Features Required: cpuid.AES - Bool:Min:1
2025-12-08T19:35:19.119Z| vmx| I125: VM Features Required: cpuid.SS - Bool:Min:1
2025-12-08T19:35:19.119Z| vmx| I125: VM Features Required: cpuid.STIBP - Bool:Min:1
2025-12-08T19:35:19.119Z| vmx| I125: VM Features Required: cpuid.FCMD - Bool:Min:1
2025-12-08T19:35:19.119Z| vmx| I125: VM Features Required: cpuid.SSBD - Bool:Min:1
2025-12-08T19:35:19.119Z| vmx| I125: VM Features Required: cpuid.LAHF64 - Bool:Min:1
2025-12-08T19:35:19.119Z| vmx| I125: VM Features Required: cpuid.NX - Bool:Min:1
2025-12-08T19:35:19.119Z| vmx| I125: VM Features Required: cpuid.RDTSCP - Bool:Min:1
2025-12-08T19:35:19.119Z| vmx| I125: VM Features Required: cpuid.LM - Bool:Min:1
2025-12-08T19:35:19.119Z| vmx| I125: VM Features Required: cpuid.Intel - Bool:Min:1
2025-12-08T19:35:19.119Z| vmx| I125: VM Features Required: cpuid.IBRS - Bool:Min:1
2025-12-08T19:35:19.119Z| vmx| I125: VM Features Required: cpuid.IBPB - Bool:Min:1
2025-12-08T19:35:19.119Z| vmx| I125: Active HV capabilities
2025-12-08T19:35:19.119Z| vmx| I125:    Address space identifiers
2025-12-08T19:35:19.119Z| vmx| I125:    Effective PAT
2025-12-08T19:35:19.119Z| vmx| I125:    Flush by ASID
2025-12-08T19:35:19.119Z| vmx| I125:    Full decode
2025-12-08T19:35:19.119Z| vmx| I125:    MSR permission bitmap
2025-12-08T19:35:19.119Z| vmx| I125:    Next RIP
2025-12-08T19:35:19.119Z| vmx| I125:    Guest physical width
2025-12-08T19:35:19.119Z| vmx| I125:    Real-address mode
2025-12-08T19:35:19.120Z| vmx| I125:    Skip debug state
2025-12-08T19:35:19.120Z| vmx| I125:    Virtual NMI
2025-12-08T19:35:19.120Z| vmx| I125:    X2APIC virtualization
2025-12-08T19:35:19.120Z| vmx| I125:    INVEPT single-context
2025-12-08T19:35:19.120Z| vmx| I125:    PAUSE-loop exiting
2025-12-08T19:35:19.120Z| vmx| I125: 
2025-12-08T19:35:19.120Z| vmx| I125+ OvhdMem: Static (Power On) Overheads
2025-12-08T19:35:19.120Z| vmx| I125:                                                       reserved      |          used
2025-12-08T19:35:19.120Z| vmx| I125: OvhdMem excluded                                  cur    max    avg |    cur    max    avg
2025-12-08T19:35:19.120Z| vmx| I125: OvhdMem OvhdUser_MainMem                    :  2621440 2621440      - | 2621440 2621440      -
2025-12-08T19:35:19.120Z| vmx| I125: OvhdMem OvhdUser_VmxText                    :    7168   7168      - |      0      0      -
2025-12-08T19:35:19.120Z| vmx| I125: OvhdMem OvhdUser_VmxTextLibs                :   15360  15360      - |      0      0      -
2025-12-08T19:35:19.120Z| vmx| I125: OvhdMem Total excluded                      :  2643968 2643968      - |      -      -      -
2025-12-08T19:35:19.120Z| vmx| I125: OvhdMem Actual maximum                      :         2643968        |             -
2025-12-08T19:35:19.120Z| vmx| I125+ 
2025-12-08T19:35:19.120Z| vmx| I125:                                                       reserved      |          used
2025-12-08T19:35:19.120Z| vmx| I125: OvhdMem paged                                     cur    max    avg |    cur    max    avg
2025-12-08T19:35:19.120Z| vmx| I125: OvhdMem OvhdUser_KSTATS_vmm                 :       0      0      - |      0      0      -
2025-12-08T19:35:19.120Z| vmx| I125: OvhdMem OvhdUser_STATS_vmm                  :       4      4      - |      0      0      -
2025-12-08T19:35:19.120Z| vmx| I125: OvhdMem OvhdUser_KSTATS_device              :       0      0      - |      0      0      -
2025-12-08T19:35:19.120Z| vmx| I125: OvhdMem OvhdUser_STATS_device               :       2      2      - |      0      0      -
2025-12-08T19:35:19.120Z| vmx| I125: OvhdMem OvhdUser_KSTATS_migrate             :       0      0      - |      0      0      -
2025-12-08T19:35:19.120Z| vmx| I125: OvhdMem OvhdUser_IOFiltersMalloc            :       0      0      - |      0      0      -
2025-12-08T19:35:19.120Z| vmx| I125: OvhdMem OvhdUser_DiskLibMemUsed             :    3075   3075      - |      0      0      -
2025-12-08T19:35:19.120Z| vmx| I125: OvhdMem OvhdUser_SvgaSurfaceTable           :       0      0      - |      0      0      -
2025-12-08T19:35:19.120Z| vmx| I125: OvhdMem OvhdUser_SvgaBESurfaceTable         :       0      0      - |      0      0      -
2025-12-08T19:35:19.120Z| vmx| I125: OvhdMem OvhdUser_SvgaHBTables               :       0      0      - |      0      0      -
2025-12-08T19:35:19.120Z| vmx| I125: OvhdMem OvhdUser_SvgaHBMobListTable         :       0      0      - |      0      0      -
2025-12-08T19:35:19.120Z| vmx| I125: OvhdMem OvhdUser_SvgaHBShaderTable          :       0      0      - |      0      0      -
2025-12-08T19:35:19.120Z| vmx| I125: OvhdMem OvhdUser_SvgaRestoreBufferArray     :       0      0      - |      0      0      -
2025-12-08T19:35:19.120Z| vmx| I125: OvhdMem OvhdUser_SvgaSDirtyCache            :      48     48      - |      0      0      -
2025-12-08T19:35:19.120Z| vmx| I125: OvhdMem OvhdUser_SvgaShaderTable            :       0      0      - |      0      0      -
2025-12-08T19:35:19.120Z| vmx| I125: OvhdMem OvhdUser_SvgaShaderText             :       0      0      - |      0      0      -
2025-12-08T19:35:19.120Z| vmx| I125: OvhdMem OvhdUser_SvgaContextCache           :       0      0      - |      0      0      -
2025-12-08T19:35:19.120Z| vmx| I125: OvhdMem OvhdUser_SvgaMobCache               :     264    264      - |     24     24      -
2025-12-08T19:35:19.120Z| vmx| I125: OvhdMem OvhdUser_SvgaDXRTViewTable          :       0      0      - |      0      0      -
2025-12-08T19:35:19.120Z| vmx| I125: OvhdMem OvhdUser_SvgaDXDSViewTable          :       0      0      - |      0      0      -
2025-12-08T19:35:19.120Z| vmx| I125: OvhdMem OvhdUser_SvgaDXSRViewTable          :       0      0      - |      0      0      -
2025-12-08T19:35:19.120Z| vmx| I125: OvhdMem OvhdUser_SvgaDXBlendStateTable      :       0      0      - |      0      0      -
2025-12-08T19:35:19.120Z| vmx| I125: OvhdMem OvhdUser_SvgaDXElementLayoutTable   :       0      0      - |      0      0      -
2025-12-08T19:35:19.120Z| vmx| I125: OvhdMem OvhdUser_SvgaDXDepthStencilTable    :       0      0      - |      0      0      -
2025-12-08T19:35:19.120Z| vmx| I125: OvhdMem OvhdUser_SvgaDXRasterizerStateTable :       0      0      - |      0      0      -
2025-12-08T19:35:19.120Z| vmx| I125: OvhdMem OvhdUser_SvgaDXSamplerTable         :       0      0      - |      0      0      -
2025-12-08T19:35:19.120Z| vmx| I125: OvhdMem OvhdUser_SvgaDXContextTable         :       0      0      - |      0      0      -
2025-12-08T19:35:19.120Z| vmx| I125: OvhdMem OvhdUser_SvgaDXShaderTable          :       0      0      - |      0      0      -
2025-12-08T19:35:19.120Z| vmx| I125: OvhdMem OvhdUser_SvgaDXShaderText           :       0      0      - |      0      0      -
2025-12-08T19:35:19.120Z| vmx| I125: OvhdMem OvhdUser_SvgaDXStreamOutTable       :       0      0      - |      0      0      -
2025-12-08T19:35:19.120Z| vmx| I125: OvhdMem OvhdUser_SvgaDXQueryTable           :       0      0      - |      0      0      -
2025-12-08T19:35:19.120Z| vmx| I125: OvhdMem OvhdUser_SvgaVAProcessorTable       :       0      0      - |      0      0      -
2025-12-08T19:35:19.120Z| vmx| I125: OvhdMem OvhdUser_SvgaVADecoderTable         :       0      0      - |      0      0      -
2025-12-08T19:35:19.120Z| vmx| I125: OvhdMem OvhdUser_VmxAllocTrack              :       0      0      - |      0      0      -
2025-12-08T19:35:19.120Z| vmx| I125: OvhdMem OvhdUser_VmxASAN                    :       0      0      - |      0      0      -
2025-12-08T19:35:19.120Z| vmx| I125: OvhdMem OvhdUser_VmxCallStackProf           :       0      0      - |      0      0      -
2025-12-08T19:35:19.120Z| vmx| I125: OvhdMem OvhdUser_VmxGlobals                 :    1216   1216      - |      0      0      -
2025-12-08T19:35:19.120Z| vmx| I125: OvhdMem OvhdUser_VmxGlobalsLibs             :    3584   3584      - |      0      0      -
2025-12-08T19:35:19.120Z| vmx| I125: OvhdMem OvhdUser_VmxHeap                    :    8704   8704      - |      0      0      -
2025-12-08T19:35:19.120Z| vmx| I125: OvhdMem OvhdUser_VmxHeapFreeList            :       0      0      - |      0      0      -
2025-12-08T19:35:19.120Z| vmx| I125: OvhdMem OvhdUser_VmxMks                     :      33     33      - |      0      0      -
2025-12-08T19:35:19.120Z| vmx| I125: OvhdMem OvhdUser_VmxMksRenderOps            :      16     16      - |      0      0      -
2025-12-08T19:35:19.120Z| vmx| I125: OvhdMem OvhdUser_VmxMks3d                   :       0      0      - |      0      0      -
2025-12-08T19:35:19.120Z| vmx| I125: OvhdMem OvhdUser_VmxMksHBMobs               :       0      0      - |      0      0      -
2025-12-08T19:35:19.120Z| vmx| I125: OvhdMem OvhdUser_VmxMksGLRenderer           :       0      0      - |      0      0      -
2025-12-08T19:35:19.120Z| vmx| I125: OvhdMem OvhdUser_VmxMksGLTransient          :       0      0      - |      0      0      -
2025-12-08T19:35:19.120Z| vmx| I125: OvhdMem OvhdUser_VmxMksLLVM                 :       0      0      - |      0      0      -
2025-12-08T19:35:19.120Z| vmx| I125: OvhdMem OvhdUser_VmxMksScreenTemp           :    5378   5378      - |      0      0      -
2025-12-08T19:35:19.120Z| vmx| I125: OvhdMem OvhdUser_VmxMksVnc                  :    2682   2682      - |      0      0      -
2025-12-08T19:35:19.120Z| vmx| I125: OvhdMem OvhdUser_VmxMksScreen               :    2051   2051      - |      0      0      -
2025-12-08T19:35:19.120Z| vmx| I125: OvhdMem OvhdUser_VmxMksSVGAVO               :    4096   4096      - |      0      0      -
2025-12-08T19:35:19.120Z| vmx| I125: OvhdMem OvhdUser_VmxMksVMVA                 :       0      0      - |      0      0      -
2025-12-08T19:35:19.120Z| vmx| I125: OvhdMem OvhdUser_VmxPhysMemRingBuf          :       0      0      - |      0      0      -
2025-12-08T19:35:19.120Z| vmx| I125: OvhdMem OvhdUser_VmxPhysMemErrPages         :      10     10      - |      0      0      -
2025-12-08T19:35:19.120Z| vmx| I125: OvhdMem OvhdUser_VmxFTCptOutputBuf          :       0      0      - |      0      0      -
2025-12-08T19:35:19.120Z| vmx| I125: OvhdMem OvhdUser_VmxSLEntryBuf              :     128    128      - |      0      0      -
2025-12-08T19:35:19.120Z| vmx| I125: OvhdMem OvhdUser_VmxThreads                 :   18944  18944      - |      0      0      -
2025-12-08T19:35:19.120Z| vmx| I125: OvhdMem Total paged                         :   50235  50235      - |     24     24      -
2025-12-08T19:35:19.120Z| vmx| I125: OvhdMem Actual maximum                      :          50235        |            24
2025-12-08T19:35:19.120Z| vmx| I125+ 
2025-12-08T19:35:19.120Z| vmx| I125:                                                       reserved      |          used
2025-12-08T19:35:19.120Z| vmx| I125: OvhdMem nonpaged                                  cur    max    avg |    cur    max    avg
2025-12-08T19:35:19.120Z| vmx| I125: OvhdMem OvhdUser_SharedArea                 :      98     98      - |     59     59      -
2025-12-08T19:35:19.120Z| vmx| I125: OvhdMem OvhdUser_BusMemTraceBitmap          :      83     83      - |      0      0      -
2025-12-08T19:35:19.120Z| vmx| I125: OvhdMem OvhdUser_PFrame                     :       0      0      - |      0      0      -
2025-12-08T19:35:19.120Z| vmx| I125: OvhdMem OvhdUser_VProbe                     :       0      0      - |      0      0      -
2025-12-08T19:35:19.120Z| vmx| I125: OvhdMem OvhdUser_VIDE_KSEG                  :      16     16      - |     16     16      -
2025-12-08T19:35:19.120Z| vmx| I125: OvhdMem OvhdUser_VGA                        :      64     64      - |     64     64      -
2025-12-08T19:35:19.120Z| vmx| I125: OvhdMem OvhdUser_BalloonMPN                 :       1      1      - |      1      1      -
2025-12-08T19:35:19.120Z| vmx| I125: OvhdMem OvhdUser_P2MUpdateBuffer            :       0      0      - |      0      0      -
2025-12-08T19:35:19.120Z| vmx| I125: OvhdMem OvhdUser_ServicesMPN                :       0      0      - |      0      0      -
2025-12-08T19:35:19.120Z| vmx| I125: OvhdMem OvhdUser_LocalApic                  :       2      2      - |      2      2      -
2025-12-08T19:35:19.120Z| vmx| I125: OvhdMem OvhdUser_BusError                   :       1      1      - |      1      1      -
2025-12-08T19:35:19.120Z| vmx| I125: OvhdMem OvhdUser_VBIOS                      :       8      8      - |      8      8      -
2025-12-08T19:35:19.120Z| vmx| I125: OvhdMem OvhdUser_VnicGuest                  :      16     16      - |     16     16      -
2025-12-08T19:35:19.120Z| vmx| I125: OvhdMem OvhdUser_VnicMmap                   :       1      1      - |      1      1      -
2025-12-08T19:35:19.120Z| vmx| I125: OvhdMem OvhdUser_TestDev                    :       0      0      - |      0      0      -
2025-12-08T19:35:19.120Z| vmx| I125: OvhdMem OvhdUser_LSIBIOS                    :       8      8      - |      8      8      -
2025-12-08T19:35:19.120Z| vmx| I125: OvhdMem OvhdUser_LSIRings                   :       8      8      - |      0      0      -
2025-12-08T19:35:19.120Z| vmx| I125: OvhdMem OvhdUser_PCIPBIOS                   :       0      0      - |      0      0      -
2025-12-08T19:35:19.120Z| vmx| I125: OvhdMem OvhdUser_PVSCSIBIOS                 :       0      0      - |      0      0      -
2025-12-08T19:35:19.120Z| vmx| I125: OvhdMem OvhdUser_PVSCSIKickReg              :       0      0      - |      0      0      -
2025-12-08T19:35:19.120Z| vmx| I125: OvhdMem OvhdUser_SAS1068BIOS                :       8      8      - |      0      0      -
2025-12-08T19:35:19.120Z| vmx| I125: OvhdMem OvhdUser_SBIOS                      :      16     16      - |      0      0      -
2025-12-08T19:35:19.120Z| vmx| I125: OvhdMem OvhdUser_AHCIBIOS                   :       0      0      - |      0      0      -
2025-12-08T19:35:19.120Z| vmx| I125: OvhdMem OvhdUser_NVMEBIOS                   :       0      0      - |      0      0      -
2025-12-08T19:35:19.120Z| vmx| I125: OvhdMem OvhdUser_FlashRam                   :     128    128      - |    128    128      -
2025-12-08T19:35:19.120Z| vmx| I125: OvhdMem OvhdUser_IOFiltersMMap              :       0      0      - |      0      0      -
2025-12-08T19:35:19.120Z| vmx| I125: OvhdMem OvhdUser_IOFiltersGlobal            :       0      0      - |      0      0      -
2025-12-08T19:35:19.120Z| vmx| I125: OvhdMem OvhdUser_SMM                        :       0      0      - |      0      0      -
2025-12-08T19:35:19.120Z| vmx| I125: OvhdMem OvhdUser_SVGAFB                     :    1024   1024      - |   1024   1024      -
2025-12-08T19:35:19.120Z| vmx| I125: OvhdMem OvhdUser_SVGAMEM                    :      64    512      - |     64     64      -
2025-12-08T19:35:19.120Z| vmx| I125: OvhdMem OvhdUser_HDAudioReg                 :       3      3      - |      0      0      -
2025-12-08T19:35:19.120Z| vmx| I125: OvhdMem OvhdUser_EHCIRegister               :       1      1      - |      0      0      -
2025-12-08T19:35:19.120Z| vmx| I125: OvhdMem OvhdUser_XhciRegister               :       1      1      - |      0      0      -
2025-12-08T19:35:19.120Z| vmx| I125: OvhdMem OvhdUser_PhysMemDebug               :       0      0      - |      0      0      -
2025-12-08T19:35:19.120Z| vmx| I125: OvhdMem OvhdUser_HyperV                     :       2      2      - |      0      0      -
2025-12-08T19:35:19.120Z| vmx| I125: OvhdMem OvhdUser_ExtCfg                     :       3      3      - |      3      3      -
2025-12-08T19:35:19.120Z| vmx| I125: OvhdMem OvhdUser_HV                         :       8      8      - |      0      0      -
2025-12-08T19:35:19.120Z| vmx| I125: OvhdMem OvhdUser_HVIOBitmap                 :       3      3      - |      0      0      -
2025-12-08T19:35:19.120Z| vmx| I125: OvhdMem OvhdUser_HVMSRBitmap                :       2      2      - |      1      1      -
2025-12-08T19:35:19.120Z| vmx| I125: OvhdMem OvhdUser_VHVGuestMSRBitmap          :       2      2      - |      0      0      -
2025-12-08T19:35:19.120Z| vmx| I125: OvhdMem OvhdUser_vhvCachedVMCS              :       2      2      - |      0      0      -
2025-12-08T19:35:19.120Z| vmx| I125: OvhdMem OvhdUser_vhvNestedAPIC              :       2      2      - |      0      0      -
2025-12-08T19:35:19.120Z| vmx| I125: OvhdMem OvhdUser_PCIP                       :       0      0      - |      0      0      -
2025-12-08T19:35:19.120Z| vmx| I125: OvhdMem OvhdUser_MigrateCpt                 :       0      0      - |      0      0      -
2025-12-08T19:35:19.120Z| vmx| I125: OvhdMem OvhdUser_MonBootstrap               :       0      0      - |      0      0      -
2025-12-08T19:35:19.120Z| vmx| I125: OvhdMem OvhdUser_MonWired                   :       0      0      - |      0      0      -
2025-12-08T19:35:19.120Z| vmx| I125: OvhdMem OvhdUser_MonLow                     :       0      0      - |      0      0      -
2025-12-08T19:35:19.120Z| vmx| I125: OvhdMem OvhdUser_MonWiredNuma               :      34     34      - |      2      2      -
2025-12-08T19:35:19.120Z| vmx| I125: OvhdMem OvhdUser_MonNuma                    :     276    276      - |    241    241      -
2025-12-08T19:35:19.120Z| vmx| I125: OvhdMem OvhdUser_MonOther                   :      78     78      - |      0      0      -
2025-12-08T19:35:19.120Z| vmx| I125: OvhdMem OvhdUser_FTCpt                      :       0      0      - |      0      0      -
2025-12-08T19:35:19.120Z| vmx| I125: OvhdMem OvhdUser_NVDC                       :       1      1      - |      0      0      -
2025-12-08T19:35:19.120Z| vmx| I125: OvhdMem OvhdUser_NVDIMM                     :       0      0      - |      0      0      -
2025-12-08T19:35:19.120Z| vmx| I125: OvhdMem OvhdUser_EPC                        :       0      0      - |      0      0      -
2025-12-08T19:35:19.120Z| vmx| I125: OvhdMem Total nonpaged                      :    1964   2412      - |   1639   1639      -
2025-12-08T19:35:19.120Z| vmx| I125: OvhdMem Actual maximum                      :           2412        |          1639
2025-12-08T19:35:19.120Z| vmx| I125+ 
2025-12-08T19:35:19.120Z| vmx| I125:                                                       reserved      |          used
2025-12-08T19:35:19.120Z| vmx| I125: OvhdMem anonymous                                 cur    max    avg |    cur    max    avg
2025-12-08T19:35:19.120Z| vmx| I125: OvhdMem OvhdMon_Alloc                       :     158    158      - |      0      0      -
2025-12-08T19:35:19.120Z| vmx| I125: OvhdMem OvhdMon_BusMemFrame                 :    2626   2634      - |      0      0      -
2025-12-08T19:35:19.120Z| vmx| I125: OvhdMem OvhdMon_BusMem2MInfo                :      40     40      - |      0      0      -
2025-12-08T19:35:19.120Z| vmx| I125: OvhdMem OvhdMon_BusMem1GInfo                :       1      1      - |      0      0      -
2025-12-08T19:35:19.120Z| vmx| I125: OvhdMem OvhdMon_BusMemZapListMPN            :       1      1      - |      0      0      -
2025-12-08T19:35:19.120Z| vmx| I125: OvhdMem OvhdMon_MonAS                       :       4      4      - |      0      0      -
2025-12-08T19:35:19.120Z| vmx| I125: OvhdMem OvhdMon_GuestMem                    :      48     48      - |      0      0      -
2025-12-08T19:35:19.120Z| vmx| I125: OvhdMem OvhdMon_TC                          :    1026   1026      - |      0      0      -
2025-12-08T19:35:19.120Z| vmx| I125: OvhdMem OvhdMon_Island                      :       8      8      - |      0      0      -
2025-12-08T19:35:19.120Z| vmx| I125: OvhdMem OvhdMon_BusMemMonAS                 :       7      7      - |      0      0      -
2025-12-08T19:35:19.120Z| vmx| I125: OvhdMem OvhdMon_PlatformMonAS               :       0      0      - |      0      0      -
2025-12-08T19:35:19.120Z| vmx| I125: OvhdMem OvhdMon_HVNuma                      :       6      6      - |      0      0      -
2025-12-08T19:35:19.120Z| vmx| I125: OvhdMem OvhdMon_HV                          :       2      2      - |      0      0      -
2025-12-08T19:35:19.120Z| vmx| I125: OvhdMem OvhdMon_VHV                         :       6      6      - |      0      0      -
2025-12-08T19:35:19.120Z| vmx| I125: OvhdMem OvhdMon_VNPTShadow                  :       0      0      - |      0      0      -
2025-12-08T19:35:19.120Z| vmx| I125: OvhdMem OvhdMon_VNPTShadowCache             :       0      0      - |      0      0      -
2025-12-08T19:35:19.120Z| vmx| I125: OvhdMem OvhdMon_VNPTBackmap                 :       0      0      - |      0      0      -
2025-12-08T19:35:19.120Z| vmx| I125: OvhdMem OvhdMon_SVMIDT                      :       2      2      - |      0      0      -
2025-12-08T19:35:19.120Z| vmx| I125: OvhdMem OvhdMon_CallStackProfAnon           :       0      0      - |      0      0      -
2025-12-08T19:35:19.120Z| vmx| I125: OvhdMem OvhdMon_Numa                        :      32     32      - |      0      0      -
2025-12-08T19:35:19.120Z| vmx| I125: OvhdMem OvhdMon_NumaTextRodata              :     196    196      - |      0      0      -
2025-12-08T19:35:19.120Z| vmx| I125: OvhdMem OvhdMon_NumaDataBss                 :      80     80      - |      0      0      -
2025-12-08T19:35:19.120Z| vmx| I125: OvhdMem OvhdMon_NumaLargeData               :       0      0      - |      0      0      -
2025-12-08T19:35:19.120Z| vmx| I125: OvhdMem OvhdMon_WiredNuma                   :      34     34      - |      0      0      -
2025-12-08T19:35:19.120Z| vmx| I125: OvhdMem OvhdMon_Bootstrap                   :       3      3      - |      0      0      -
2025-12-08T19:35:19.120Z| vmx| I125: OvhdMem OvhdMon_GPhysTraced                 :    1057   1057      - |      0      0      -
2025-12-08T19:35:19.120Z| vmx| I125: OvhdMem OvhdMon_GPhysHWMMU                  :    5301   5301      - |      0      0      -
2025-12-08T19:35:19.120Z| vmx| I125: OvhdMem OvhdMon_GPhysGIM                    :       0      0      - |      0      0      -
2025-12-08T19:35:19.120Z| vmx| I125: OvhdMem OvhdMon_GPhysNoTrace                :     264    264      - |      0      0      -
2025-12-08T19:35:19.120Z| vmx| I125: OvhdMem OvhdMon_PhysMemGart                 :      88     88      - |      0      0      -
2025-12-08T19:35:19.120Z| vmx| I125: OvhdMem OvhdMon_PhysMemErr                  :       7      7      - |      0      0      -
2025-12-08T19:35:19.120Z| vmx| I125: OvhdMem OvhdMon_TraceALot                   :       0      0      - |      0      0      -
2025-12-08T19:35:19.120Z| vmx| I125: OvhdMem OvhdMon_VIDE                        :       4      4      - |      0      0      -
2025-12-08T19:35:19.120Z| vmx| I125: OvhdMem OvhdMon_VMXNETWake                  :       0      0      - |      0      0      -
2025-12-08T19:35:19.120Z| vmx| I125: OvhdMem OvhdMon_BusLogic                    :       4      4      - |      0      0      -
2025-12-08T19:35:19.120Z| vmx| I125: OvhdMem OvhdMon_Ahci                        :       0      0      - |      0      0      -
2025-12-08T19:35:19.120Z| vmx| I125: OvhdMem OvhdMon_Nvme                        :       0      0      - |      0      0      -
2025-12-08T19:35:19.120Z| vmx| I125: OvhdMem OvhdMon_NVMERings                   :       0      0      - |      0      0      -
2025-12-08T19:35:19.120Z| vmx| I125: OvhdMem OvhdMon_PVSCSIShadowRing            :       0      0      - |      0      0      -
2025-12-08T19:35:19.120Z| vmx| I125: OvhdMem OvhdMon_LSIRings                    :      16     16      - |      0      0      -
2025-12-08T19:35:19.120Z| vmx| I125: OvhdMem OvhdMon_FTCptMonAS                  :       0      0      - |      0      0      -
2025-12-08T19:35:19.120Z| vmx| I125: OvhdMem OvhdMon_Hba                         :       2      2      - |      0      0      -
2025-12-08T19:35:19.120Z| vmx| I125: OvhdMem OvhdMon_VProbe                      :       1      1      - |      0      0      -
2025-12-08T19:35:19.120Z| vmx| I125: OvhdMem OvhdMon_PT                          :       0      0      - |      0      0      -
2025-12-08T19:35:19.120Z| vmx| I125: OvhdMem Total anonymous                     :   11024  11032      - |      0      0      -
2025-12-08T19:35:19.120Z| vmx| I125: OvhdMem Actual maximum                      :          11032        |             0
2025-12-08T19:35:19.120Z| vmx| I125+ 
2025-12-08T19:35:19.120Z| vmx| I125: OvhdMem: memsize 10240 MB VMK fixed 3462 pages var(mem) 529 pages var(cpu) 8 cbrcOverhead 0 pages total 8771 pages
2025-12-08T19:35:19.120Z| vmx| I125: VMMEM: Precise Reservation: 246MB (MainMem=10240MB) VMK=34MB
2025-12-08T19:35:19.121Z| vmx| I125: Vix: [mainDispatch.c:1067]: VMAutomation_PowerOn. Powering on.
2025-12-08T19:35:19.121Z| vmx| I125: VMX_PowerOn: ModuleTable_PowerOn = 1
2025-12-08T19:35:19.121Z| vmx| A100: ConfigDB: Setting cleanShutdown = "FALSE"
2025-12-08T19:35:19.121Z| vmx| A100: ConfigDB: Setting softPowerOff = "FALSE"
2025-12-08T19:35:19.129Z| vcpu-0| I125: VTHREAD 42066708224 "vcpu-0" wid 2100092
2025-12-08T19:35:19.129Z| vcpu-0| I125: VMMon_Start: vcpu-0: worldID=2100071
2025-12-08T19:35:19.129Z| vmx| I125: TOOLS refreshing value for isoImageExists (refreshCount=1, lastCount=0).
2025-12-08T19:35:19.159Z| vmx| I125: ToolsISO: Updated cached value for imageName to 'linux.iso'.
2025-12-08T19:35:19.159Z| vmx| I125: ToolsISO: Selected Tools ISO 'linux.iso' for 'other3xlinux-64' guest.
2025-12-08T19:35:19.160Z| vmx| I125: TOOLS updated cached value for isoImageExists to 1.
2025-12-08T19:35:19.160Z| vmx| I125: VMXVmdb_SetToolsVersionStatus: status value set to 'unmanaged', 'unmanaged', install possible
2025-12-08T19:35:19.160Z| vcpu-0| I125: MonTimer APIC:1/0 vec: 239
2025-12-08T19:35:19.160Z| vcpu-0| I125: APIC: version = 0x15, max LVT = 6, LDR = 0x80000000, DFR = 0xffffffff
2025-12-08T19:35:19.161Z| svga| I125: SVGA thread is alive
2025-12-08T19:35:19.161Z| vcpu-0| I125: LSI:Initialize adapter scsi0
2025-12-08T19:35:19.161Z| vcpu-0| I125: LSI:Initialize adapter scsi1
2025-12-08T19:35:19.161Z| vcpu-0| I125: CPU reset: hard (mode 0)
2025-12-08T19:35:19.162Z| vcpu-1| I125: VTHREAD 42068809472 "vcpu-1" wid 2100095
2025-12-08T19:35:19.162Z| vcpu-1| I125: VMMon_Start: vcpu-1: worldID=2100075
2025-12-08T19:35:19.162Z| vcpu-1| I125: MonTimer APIC:1/0 vec: 239
2025-12-08T19:35:19.162Z| vcpu-1| I125: APIC: version = 0x15, max LVT = 6, LDR = 0x80000000, DFR = 0xffffffff
2025-12-08T19:35:19.162Z| vcpu-1| I125: CPU reset: hard (mode 0)
2025-12-08T19:35:19.162Z| vcpu-0| I125: GuestRpc: Successfully created RPCI listening socket.
2025-12-08T19:35:19.162Z| vcpu-0| I125: GuestRpc: Using vsocket for TCLO messaging is disabled.
2025-12-08T19:35:19.162Z| vcpu-1| I125: Intel VT: FlexPriority disabled.
2025-12-08T19:35:19.162Z| vcpu-1| I125: Intel VT: VPID enabled.
2025-12-08T19:35:19.162Z| vcpu-0| I125: memoryHotplug: Node 0: Present: 10239 MB (100 %) Size:163839 MB (100 %)
2025-12-08T19:35:19.162Z| vcpu-0| I125: PIIX4: PM Resuming from suspend type 0x0, chipset.onlineStandby 1
2025-12-08T19:35:19.162Z| vcpu-0| A100: ConfigDB: Unsetting "sensor.accelerometer"
2025-12-08T19:35:19.162Z| vcpu-0| A100: ConfigDB: Unsetting "sensor.ambientLight"
2025-12-08T19:35:19.162Z| vcpu-0| A100: ConfigDB: Unsetting "sensor.compass"
2025-12-08T19:35:19.162Z| vcpu-0| A100: ConfigDB: Unsetting "sensor.gyrometer"
2025-12-08T19:35:19.162Z| vcpu-0| A100: ConfigDB: Unsetting "sensor.inclinometer"
2025-12-08T19:35:19.162Z| vcpu-0| A100: ConfigDB: Unsetting "sensor.orientation"
2025-12-08T19:35:19.163Z| vcpu-1| I125: Intel VT enabled.
2025-12-08T19:35:19.164Z| vcpu-0| I125: Vix: [mainDispatch.c:4239]: VMAutomation_ReportPowerOpFinished: statevar=0, newAppState=1872, success=1 additionalError=0
2025-12-08T19:35:19.164Z| vcpu-0| I125: Vix: [mainDispatch.c:4156]: VMAutomationReportPowerStateChange: Reporting power state change (opcode=0, err=0).
2025-12-08T19:35:19.164Z| vcpu-0| I125: Vix: [mainDispatch.c:4156]: VMAutomationReportPowerStateChange: Reporting power state change (opcode=2, err=0).
2025-12-08T19:35:19.164Z| vcpu-0| I125: Transitioned vmx/execState/val to poweredOn
2025-12-08T19:35:19.164Z| vcpu-0| I125: SCSIFilterSBDAttachCBRC: device scsi0:13 is not SBD. Skipping CBRC attach SBD way.
2025-12-08T19:35:19.164Z| vcpu-0| I125: SCSIFilterSBDAttachCBRC: device scsi0:12 is not SBD. Skipping CBRC attach SBD way.
2025-12-08T19:35:19.164Z| vcpu-0| I125: SCSIFilterSBDAttachCBRC: device scsi0:11 is not SBD. Skipping CBRC attach SBD way.
2025-12-08T19:35:19.164Z| vcpu-0| I125: SCSIFilterSBDAttachCBRC: device scsi0:10 is not SBD. Skipping CBRC attach SBD way.
2025-12-08T19:35:19.164Z| vcpu-0| I125: SCSIFilterSBDAttachCBRC: device scsi0:9 is not SBD. Skipping CBRC attach SBD way.
2025-12-08T19:35:19.164Z| vcpu-0| I125: SCSIFilterSBDAttachCBRC: device scsi0:8 is not SBD. Skipping CBRC attach SBD way.
2025-12-08T19:35:19.164Z| vcpu-0| I125: SCSIFilterSBDAttachCBRC: device scsi0:6 is not SBD. Skipping CBRC attach SBD way.
2025-12-08T19:35:19.164Z| vcpu-0| I125: SCSIFilterSBDAttachCBRC: device scsi0:5 is not SBD. Skipping CBRC attach SBD way.
2025-12-08T19:35:19.164Z| vcpu-0| I125: SCSIFilterSBDAttachCBRC: device scsi0:4 is not SBD. Skipping CBRC attach SBD way.
2025-12-08T19:35:19.164Z| vcpu-0| I125: SCSIFilterSBDAttachCBRC: device scsi0:3 is not SBD. Skipping CBRC attach SBD way.
2025-12-08T19:35:19.164Z| vcpu-0| I125: SCSIFilterSBDAttachCBRC: device scsi0:2 is not SBD. Skipping CBRC attach SBD way.
2025-12-08T19:35:19.164Z| vcpu-0| I125: SCSIFilterSBDAttachCBRC: device scsi0:1 is not SBD. Skipping CBRC attach SBD way.
2025-12-08T19:35:19.164Z| vcpu-0| I125: SCSIFilterSBDAttachCBRC: device scsi0:0 is not SBD. Skipping CBRC attach SBD way.
2025-12-08T19:35:19.164Z| vcpu-0| I125: Tools: Adding Tools inactivity timer.
2025-12-08T19:35:19.164Z| vcpu-0| I125: Intel VT: FlexPriority disabled.
2025-12-08T19:35:19.165Z| vcpu-0| I125: Intel VT: VPID enabled.
2025-12-08T19:35:19.166Z| vcpu-0| I125: Intel VT enabled.
2025-12-08T19:35:19.173Z| vcpu-0| I125: MemSched (MB): min: 7 sizeLimit: 1024 swapInitialFileSize: 82 prealloc: FALSE.
2025-12-08T19:35:19.173Z| vcpu-0| I125: MemSched (MB): min: 7 sizeLimit: 1024 swapInitialFileSize: 82 prealloc: FALSE.
2025-12-08T19:35:19.264Z| vcpu-0| I125: Ethernet0 MAC Address: 00:0c:29:09:c0:d9
2025-12-08T19:35:19.264Z| vcpu-0| I125: VMXNET3 user: Ethernet0 RSS fields requested by vmx: 3
2025-12-08T19:35:19.402Z| vcpu-0| I125: SVGA: Registering MemSpace at 0xec000000(0x0) and 0xfe000000(0x0)
2025-12-08T19:35:19.407Z| vcpu-0| I125: SVGA: Unregistering MemSpace at 0xec000000(0xec000000) and 0xfe000000(0xfe000000)
2025-12-08T19:35:19.548Z| vcpu-0| I125: SVGA: Registering MemSpace at 0xec000000(0xec000000) and 0xfe000000(0xfe000000)
2025-12-08T19:35:19.557Z| vcpu-0| I125: SVGA: Unregistering MemSpace at 0xec000000(0xec000000) and 0xfe000000(0xfe000000)
2025-12-08T19:35:19.558Z| vcpu-0| I125: SVGA: Registering IOSpace at 0x1070
2025-12-08T19:35:19.558Z| vcpu-0| I125: SVGA: Registering MemSpace at 0xec000000(0xec000000) and 0xfe000000(0xfe000000)
2025-12-08T19:35:19.564Z| vcpu-0| I125: PCIBridge4: ISA/VGA decoding enabled (ctrl 0004)
2025-12-08T19:35:19.565Z| vcpu-0| I125: pciBridge4:1: ISA/VGA decoding enabled (ctrl 0004)
2025-12-08T19:35:19.566Z| vcpu-0| I125: pciBridge4:2: ISA/VGA decoding enabled (ctrl 0004)
2025-12-08T19:35:19.568Z| vcpu-0| I125: pciBridge4:3: ISA/VGA decoding enabled (ctrl 0004)
2025-12-08T19:35:19.569Z| vcpu-0| I125: pciBridge4:4: ISA/VGA decoding enabled (ctrl 0004)
2025-12-08T19:35:19.570Z| vcpu-0| I125: pciBridge4:5: ISA/VGA decoding enabled (ctrl 0004)
2025-12-08T19:35:19.571Z| vcpu-0| I125: pciBridge4:6: ISA/VGA decoding enabled (ctrl 0004)
2025-12-08T19:35:19.573Z| vcpu-0| I125: pciBridge4:7: ISA/VGA decoding enabled (ctrl 0004)
2025-12-08T19:35:19.574Z| vcpu-0| I125: PCIBridge5: ISA/VGA decoding enabled (ctrl 0004)
2025-12-08T19:35:19.575Z| vcpu-0| I125: pciBridge5:1: ISA/VGA decoding enabled (ctrl 0004)
2025-12-08T19:35:19.577Z| vcpu-0| I125: pciBridge5:2: ISA/VGA decoding enabled (ctrl 0004)
2025-12-08T19:35:19.578Z| vcpu-0| I125: pciBridge5:3: ISA/VGA decoding enabled (ctrl 0004)
2025-12-08T19:35:19.579Z| vcpu-0| I125: pciBridge5:4: ISA/VGA decoding enabled (ctrl 0004)
2025-12-08T19:35:19.581Z| vcpu-0| I125: pciBridge5:5: ISA/VGA decoding enabled (ctrl 0004)
2025-12-08T19:35:19.582Z| vcpu-0| I125: pciBridge5:6: ISA/VGA decoding enabled (ctrl 0004)
2025-12-08T19:35:19.583Z| vcpu-0| I125: pciBridge5:7: ISA/VGA decoding enabled (ctrl 0004)
2025-12-08T19:35:19.584Z| vcpu-0| I125: PCIBridge6: ISA/VGA decoding enabled (ctrl 0004)
2025-12-08T19:35:19.586Z| vcpu-0| I125: pciBridge6:1: ISA/VGA decoding enabled (ctrl 0004)
2025-12-08T19:35:19.587Z| vcpu-0| I125: pciBridge6:2: ISA/VGA decoding enabled (ctrl 0004)
2025-12-08T19:35:19.588Z| vcpu-0| I125: pciBridge6:3: ISA/VGA decoding enabled (ctrl 0004)
2025-12-08T19:35:19.590Z| vcpu-0| I125: pciBridge6:4: ISA/VGA decoding enabled (ctrl 0004)
2025-12-08T19:35:19.591Z| vcpu-0| I125: pciBridge6:5: ISA/VGA decoding enabled (ctrl 0004)
2025-12-08T19:35:19.592Z| vcpu-0| I125: pciBridge6:6: ISA/VGA decoding enabled (ctrl 0004)
2025-12-08T19:35:19.594Z| vcpu-0| I125: pciBridge6:7: ISA/VGA decoding enabled (ctrl 0004)
2025-12-08T19:35:19.595Z| vcpu-0| I125: PCIBridge7: ISA/VGA decoding enabled (ctrl 0004)
2025-12-08T19:35:19.596Z| vcpu-0| I125: pciBridge7:1: ISA/VGA decoding enabled (ctrl 0004)
2025-12-08T19:35:19.598Z| vcpu-0| I125: pciBridge7:2: ISA/VGA decoding enabled (ctrl 0004)
2025-12-08T19:35:19.599Z| vcpu-0| I125: pciBridge7:3: ISA/VGA decoding enabled (ctrl 0004)
2025-12-08T19:35:19.600Z| vcpu-0| I125: pciBridge7:4: ISA/VGA decoding enabled (ctrl 0004)
2025-12-08T19:35:19.601Z| vcpu-0| I125: pciBridge7:5: ISA/VGA decoding enabled (ctrl 0004)
2025-12-08T19:35:19.603Z| vcpu-0| I125: pciBridge7:6: ISA/VGA decoding enabled (ctrl 0004)
2025-12-08T19:35:19.604Z| vcpu-0| I125: pciBridge7:7: ISA/VGA decoding enabled (ctrl 0004)
2025-12-08T19:35:19.606Z| vcpu-1| I125: CPU reset: soft (mode 0)
2025-12-08T19:35:19.747Z| vcpu-0| I125: PCIBridge4: ISA/VGA decoding enabled (ctrl 0004)
2025-12-08T19:35:19.748Z| vcpu-0| I125: pciBridge4:1: ISA/VGA decoding enabled (ctrl 0004)
2025-12-08T19:35:19.749Z| vcpu-0| I125: pciBridge4:2: ISA/VGA decoding enabled (ctrl 0004)
2025-12-08T19:35:19.751Z| vcpu-0| I125: pciBridge4:3: ISA/VGA decoding enabled (ctrl 0004)
2025-12-08T19:35:19.752Z| vcpu-0| I125: pciBridge4:4: ISA/VGA decoding enabled (ctrl 0004)
2025-12-08T19:35:19.753Z| vcpu-0| I125: pciBridge4:5: ISA/VGA decoding enabled (ctrl 0004)
2025-12-08T19:35:19.754Z| vcpu-0| I125: pciBridge4:6: ISA/VGA decoding enabled (ctrl 0004)
2025-12-08T19:35:19.756Z| vcpu-0| I125: pciBridge4:7: ISA/VGA decoding enabled (ctrl 0004)
2025-12-08T19:35:19.757Z| vcpu-0| I125: PCIBridge5: ISA/VGA decoding enabled (ctrl 0004)
2025-12-08T19:35:19.758Z| vcpu-0| I125: pciBridge5:1: ISA/VGA decoding enabled (ctrl 0004)
2025-12-08T19:35:19.760Z| vcpu-0| I125: pciBridge5:2: ISA/VGA decoding enabled (ctrl 0004)
2025-12-08T19:35:19.761Z| vcpu-0| I125: pciBridge5:3: ISA/VGA decoding enabled (ctrl 0004)
2025-12-08T19:35:19.762Z| vcpu-0| I125: pciBridge5:4: ISA/VGA decoding enabled (ctrl 0004)
2025-12-08T19:35:19.764Z| vcpu-0| I125: pciBridge5:5: ISA/VGA decoding enabled (ctrl 0004)
2025-12-08T19:35:19.765Z| vcpu-0| I125: pciBridge5:6: ISA/VGA decoding enabled (ctrl 0004)
2025-12-08T19:35:19.766Z| vcpu-0| I125: pciBridge5:7: ISA/VGA decoding enabled (ctrl 0004)
2025-12-08T19:35:19.768Z| vcpu-0| I125: PCIBridge6: ISA/VGA decoding enabled (ctrl 0004)
2025-12-08T19:35:19.769Z| vcpu-0| I125: pciBridge6:1: ISA/VGA decoding enabled (ctrl 0004)
2025-12-08T19:35:19.770Z| vcpu-0| I125: pciBridge6:2: ISA/VGA decoding enabled (ctrl 0004)
2025-12-08T19:35:19.772Z| vcpu-0| I125: pciBridge6:3: ISA/VGA decoding enabled (ctrl 0004)
2025-12-08T19:35:19.773Z| vcpu-0| I125: pciBridge6:4: ISA/VGA decoding enabled (ctrl 0004)
2025-12-08T19:35:19.774Z| vcpu-0| I125: pciBridge6:5: ISA/VGA decoding enabled (ctrl 0004)
2025-12-08T19:35:19.775Z| vcpu-0| I125: pciBridge6:6: ISA/VGA decoding enabled (ctrl 0004)
2025-12-08T19:35:19.777Z| vcpu-0| I125: pciBridge6:7: ISA/VGA decoding enabled (ctrl 0004)
2025-12-08T19:35:19.778Z| vcpu-0| I125: PCIBridge7: ISA/VGA decoding enabled (ctrl 0004)
2025-12-08T19:35:19.779Z| vcpu-0| I125: pciBridge7:1: ISA/VGA decoding enabled (ctrl 0004)
2025-12-08T19:35:19.781Z| vcpu-0| I125: pciBridge7:2: ISA/VGA decoding enabled (ctrl 0004)
2025-12-08T19:35:19.782Z| vcpu-0| I125: pciBridge7:3: ISA/VGA decoding enabled (ctrl 0004)
2025-12-08T19:35:19.783Z| vcpu-0| I125: pciBridge7:4: ISA/VGA decoding enabled (ctrl 0004)
2025-12-08T19:35:19.785Z| vcpu-0| I125: pciBridge7:5: ISA/VGA decoding enabled (ctrl 0004)
2025-12-08T19:35:19.786Z| vcpu-0| I125: pciBridge7:6: ISA/VGA decoding enabled (ctrl 0004)
2025-12-08T19:35:19.787Z| vcpu-0| I125: pciBridge7:7: ISA/VGA decoding enabled (ctrl 0004)
2025-12-08T19:35:19.798Z| vcpu-0| I125: DISKUTIL: scsi0:0 : geometry=12288/64/32
2025-12-08T19:35:19.798Z| vcpu-0| I125: DISKUTIL: scsi0:0 : capacity=25165824 logical sector size=512
2025-12-08T19:35:19.798Z| vcpu-0| I125: DISKUTIL: scsi0:1 : geometry=879/128/32
2025-12-08T19:35:19.798Z| vcpu-0| I125: DISKUTIL: scsi0:1 : capacity=3602432 logical sector size=512
2025-12-08T19:35:19.798Z| vcpu-0| I125: DISKUTIL: scsi0:2 : geometry=3263/255/63
2025-12-08T19:35:19.798Z| vcpu-0| I125: DISKUTIL: scsi0:2 : capacity=52428800 logical sector size=512
2025-12-08T19:35:19.798Z| vcpu-0| I125: DISKUTIL: scsi0:3 : geometry=3263/255/63
2025-12-08T19:35:19.798Z| vcpu-0| I125: DISKUTIL: scsi0:3 : capacity=52428800 logical sector size=512
2025-12-08T19:35:19.798Z| vcpu-0| I125: DISKUTIL: scsi0:4 : geometry=1305/255/63
2025-12-08T19:35:19.798Z| vcpu-0| I125: DISKUTIL: scsi0:4 : capacity=20971520 logical sector size=512
2025-12-08T19:35:19.798Z| vcpu-0| I125: DISKUTIL: scsi0:5 : geometry=1305/255/63
2025-12-08T19:35:19.798Z| vcpu-0| I125: DISKUTIL: scsi0:5 : capacity=20971520 logical sector size=512
2025-12-08T19:35:19.798Z| vcpu-0| I125: DISKUTIL: scsi0:6 : geometry=1958/255/63
2025-12-08T19:35:19.798Z| vcpu-0| I125: DISKUTIL: scsi0:6 : capacity=31457280 logical sector size=512
2025-12-08T19:35:19.798Z| vcpu-0| I125: DISKUTIL: scsi0:8 : geometry=1305/255/63
2025-12-08T19:35:19.798Z| vcpu-0| I125: DISKUTIL: scsi0:8 : capacity=20971520 logical sector size=512
2025-12-08T19:35:19.989Z| vcpu-1| I125: CPU reset: soft (mode 0)
2025-12-08T19:35:20.006Z| vcpu-0| I125: BIOS-UUID is 56 4d e6 d3 52 d8 e2 56-c2 08 71 45 bb 09 c0 d9
2025-12-08T19:35:20.420Z| svga| I125: SVGA enabling SVGA
2025-12-08T19:35:20.422Z| svga| I125: SVGA-ScreenMgr: Screen type changed to RegisterMode
2025-12-08T19:35:26.922Z| vcpu-1| I125: CPU reset: soft (mode 0)
2025-12-08T19:35:27.157Z| vcpu-0| I125: SVGA: Unregistering IOSpace at 0x1070
2025-12-08T19:35:27.157Z| vcpu-0| I125: SVGA: Unregistering MemSpace at 0xec000000(0xec000000) and 0xfe000000(0xfe000000)
2025-12-08T19:35:27.158Z| vcpu-0| I125: SVGA: Registering IOSpace at 0x1070
2025-12-08T19:35:27.159Z| vcpu-0| I125: SVGA: Registering MemSpace at 0xec000000(0xec000000) and 0xfe000000(0xfe000000)
2025-12-08T19:35:27.161Z| vcpu-0| I125: SVGA: Unregistering IOSpace at 0x1070
2025-12-08T19:35:27.162Z| vcpu-0| I125: SVGA: Unregistering MemSpace at 0xec000000(0xec000000) and 0xfe000000(0xfe000000)
2025-12-08T19:35:27.163Z| vcpu-0| I125: SVGA: Registering IOSpace at 0x1070
2025-12-08T19:35:27.163Z| vcpu-0| I125: SVGA: Registering MemSpace at 0xec000000(0xec000000) and 0xfe000000(0xfe000000)
2025-12-08T19:35:27.166Z| vcpu-0| I125: SVGA: Unregistering IOSpace at 0x1070
2025-12-08T19:35:27.166Z| vcpu-0| I125: SVGA: Unregistering MemSpace at 0xec000000(0xec000000) and 0xfe000000(0xfe000000)
2025-12-08T19:35:27.167Z| vcpu-0| I125: SVGA: Registering IOSpace at 0x1070
2025-12-08T19:35:27.167Z| vcpu-0| I125: SVGA: Registering MemSpace at 0xec000000(0xec000000) and 0xfe000000(0xfe000000)
2025-12-08T19:35:27.170Z| vcpu-0| I125: SVGA: Unregistering IOSpace at 0x1070
2025-12-08T19:35:27.170Z| vcpu-0| I125: SVGA: Unregistering MemSpace at 0xec000000(0xec000000) and 0xfe000000(0xfe000000)
2025-12-08T19:35:27.171Z| vcpu-0| I125: SVGA: Registering IOSpace at 0x1070
2025-12-08T19:35:27.171Z| vcpu-0| I125: SVGA: Registering MemSpace at 0xec000000(0xec000000) and 0xfe000000(0xfe000000)
2025-12-08T19:35:27.174Z| vcpu-0| I125: SVGA: Unregistering IOSpace at 0x1070
2025-12-08T19:35:27.174Z| vcpu-0| I125: SVGA: Unregistering MemSpace at 0xec000000(0xec000000) and 0xfe000000(0xfe000000)
2025-12-08T19:35:27.175Z| vcpu-0| I125: SVGA: Registering IOSpace at 0x1070
2025-12-08T19:35:27.175Z| vcpu-0| I125: SVGA: Registering MemSpace at 0xec000000(0xec000000) and 0xfe000000(0xfe000000)
2025-12-08T19:35:27.178Z| vcpu-0| I125: SVGA: Unregistering IOSpace at 0x1070
2025-12-08T19:35:27.178Z| vcpu-0| I125: SVGA: Unregistering MemSpace at 0xec000000(0xec000000) and 0xfe000000(0xfe000000)
2025-12-08T19:35:27.179Z| vcpu-0| I125: SVGA: Registering IOSpace at 0x1070
2025-12-08T19:35:27.180Z| vcpu-0| I125: SVGA: Registering MemSpace at 0xec000000(0xec000000) and 0xfe000000(0xfe000000)
2025-12-08T19:35:27.182Z| vcpu-0| I125: SVGA: Unregistering IOSpace at 0x1070
2025-12-08T19:35:27.182Z| vcpu-0| I125: SVGA: Unregistering MemSpace at 0xec000000(0xec000000) and 0xfe000000(0xfe000000)
2025-12-08T19:35:27.184Z| vcpu-0| I125: SVGA: Registering IOSpace at 0x1070
2025-12-08T19:35:27.184Z| vcpu-0| I125: SVGA: Registering MemSpace at 0xec000000(0xec000000) and 0xfe000000(0xfe000000)
2025-12-08T19:35:27.238Z| vcpu-0| I125: PCIBridge4: ISA/VGA decoding enabled (ctrl 0004)
2025-12-08T19:35:27.255Z| vcpu-0| I125: PCIBridge4: ISA/VGA decoding enabled (ctrl 0004)
2025-12-08T19:35:27.255Z| vcpu-0| I125: pciBridge4:1: ISA/VGA decoding enabled (ctrl 0004)
2025-12-08T19:35:27.255Z| vcpu-0| I125: pciBridge4:1: ISA/VGA decoding enabled (ctrl 0004)
2025-12-08T19:35:27.255Z| vcpu-0| I125: pciBridge4:2: ISA/VGA decoding enabled (ctrl 0004)
2025-12-08T19:35:27.255Z| vcpu-0| I125: pciBridge4:2: ISA/VGA decoding enabled (ctrl 0004)
2025-12-08T19:35:27.256Z| vcpu-0| I125: pciBridge4:3: ISA/VGA decoding enabled (ctrl 0004)
2025-12-08T19:35:27.256Z| vcpu-0| I125: pciBridge4:3: ISA/VGA decoding enabled (ctrl 0004)
2025-12-08T19:35:27.256Z| vcpu-0| I125: pciBridge4:4: ISA/VGA decoding enabled (ctrl 0004)
2025-12-08T19:35:27.256Z| vcpu-0| I125: pciBridge4:4: ISA/VGA decoding enabled (ctrl 0004)
2025-12-08T19:35:27.256Z| vcpu-0| I125: pciBridge4:5: ISA/VGA decoding enabled (ctrl 0004)
2025-12-08T19:35:27.257Z| vcpu-0| I125: pciBridge4:5: ISA/VGA decoding enabled (ctrl 0004)
2025-12-08T19:35:27.257Z| vcpu-0| I125: pciBridge4:6: ISA/VGA decoding enabled (ctrl 0004)
2025-12-08T19:35:27.257Z| vcpu-0| I125: pciBridge4:6: ISA/VGA decoding enabled (ctrl 0004)
2025-12-08T19:35:27.257Z| vcpu-0| I125: pciBridge4:7: ISA/VGA decoding enabled (ctrl 0004)
2025-12-08T19:35:27.257Z| vcpu-0| I125: pciBridge4:7: ISA/VGA decoding enabled (ctrl 0004)
2025-12-08T19:35:27.257Z| vcpu-0| I125: PCIBridge5: ISA/VGA decoding enabled (ctrl 0004)
2025-12-08T19:35:27.258Z| vcpu-0| I125: PCIBridge5: ISA/VGA decoding enabled (ctrl 0004)
2025-12-08T19:35:27.258Z| vcpu-0| I125: pciBridge5:1: ISA/VGA decoding enabled (ctrl 0004)
2025-12-08T19:35:27.258Z| vcpu-0| I125: pciBridge5:1: ISA/VGA decoding enabled (ctrl 0004)
2025-12-08T19:35:27.258Z| vcpu-0| I125: pciBridge5:2: ISA/VGA decoding enabled (ctrl 0004)
2025-12-08T19:35:27.259Z| vcpu-0| I125: pciBridge5:2: ISA/VGA decoding enabled (ctrl 0004)
2025-12-08T19:35:27.259Z| vcpu-0| I125: pciBridge5:3: ISA/VGA decoding enabled (ctrl 0004)
2025-12-08T19:35:27.259Z| vcpu-0| I125: pciBridge5:3: ISA/VGA decoding enabled (ctrl 0004)
2025-12-08T19:35:27.259Z| vcpu-0| I125: pciBridge5:4: ISA/VGA decoding enabled (ctrl 0004)
2025-12-08T19:35:27.259Z| vcpu-0| I125: pciBridge5:4: ISA/VGA decoding enabled (ctrl 0004)
2025-12-08T19:35:27.260Z| vcpu-0| I125: pciBridge5:5: ISA/VGA decoding enabled (ctrl 0004)
2025-12-08T19:35:27.260Z| vcpu-0| I125: pciBridge5:5: ISA/VGA decoding enabled (ctrl 0004)
2025-12-08T19:35:27.260Z| vcpu-0| I125: pciBridge5:6: ISA/VGA decoding enabled (ctrl 0004)
2025-12-08T19:35:27.260Z| vcpu-0| I125: pciBridge5:6: ISA/VGA decoding enabled (ctrl 0004)
2025-12-08T19:35:27.260Z| vcpu-0| I125: pciBridge5:7: ISA/VGA decoding enabled (ctrl 0004)
2025-12-08T19:35:27.261Z| vcpu-0| I125: pciBridge5:7: ISA/VGA decoding enabled (ctrl 0004)
2025-12-08T19:35:27.261Z| vcpu-0| I125: PCIBridge6: ISA/VGA decoding enabled (ctrl 0004)
2025-12-08T19:35:27.261Z| vcpu-0| I125: PCIBridge6: ISA/VGA decoding enabled (ctrl 0004)
2025-12-08T19:35:27.261Z| vcpu-0| I125: pciBridge6:1: ISA/VGA decoding enabled (ctrl 0004)
2025-12-08T19:35:27.261Z| vcpu-0| I125: pciBridge6:1: ISA/VGA decoding enabled (ctrl 0004)
2025-12-08T19:35:27.261Z| vcpu-0| I125: pciBridge6:2: ISA/VGA decoding enabled (ctrl 0004)
2025-12-08T19:35:27.262Z| vcpu-0| I125: pciBridge6:2: ISA/VGA decoding enabled (ctrl 0004)
2025-12-08T19:35:27.262Z| vcpu-0| I125: pciBridge6:3: ISA/VGA decoding enabled (ctrl 0004)
2025-12-08T19:35:27.262Z| vcpu-0| I125: pciBridge6:3: ISA/VGA decoding enabled (ctrl 0004)
2025-12-08T19:35:27.262Z| vcpu-0| I125: pciBridge6:4: ISA/VGA decoding enabled (ctrl 0004)
2025-12-08T19:35:27.263Z| vcpu-0| I125: pciBridge6:4: ISA/VGA decoding enabled (ctrl 0004)
2025-12-08T19:35:27.263Z| vcpu-0| I125: pciBridge6:5: ISA/VGA decoding enabled (ctrl 0004)
2025-12-08T19:35:27.263Z| vcpu-0| I125: pciBridge6:5: ISA/VGA decoding enabled (ctrl 0004)
2025-12-08T19:35:27.263Z| vcpu-0| I125: pciBridge6:6: ISA/VGA decoding enabled (ctrl 0004)
2025-12-08T19:35:27.263Z| vcpu-0| I125: pciBridge6:6: ISA/VGA decoding enabled (ctrl 0004)
2025-12-08T19:35:27.263Z| vcpu-0| I125: pciBridge6:7: ISA/VGA decoding enabled (ctrl 0004)
2025-12-08T19:35:27.264Z| vcpu-0| I125: pciBridge6:7: ISA/VGA decoding enabled (ctrl 0004)
2025-12-08T19:35:27.264Z| vcpu-0| I125: PCIBridge7: ISA/VGA decoding enabled (ctrl 0004)
2025-12-08T19:35:27.264Z| vcpu-0| I125: PCIBridge7: ISA/VGA decoding enabled (ctrl 0004)
2025-12-08T19:35:27.264Z| vcpu-0| I125: pciBridge7:1: ISA/VGA decoding enabled (ctrl 0004)
2025-12-08T19:35:27.265Z| vcpu-0| I125: pciBridge7:1: ISA/VGA decoding enabled (ctrl 0004)
2025-12-08T19:35:27.265Z| vcpu-0| I125: pciBridge7:2: ISA/VGA decoding enabled (ctrl 0004)
2025-12-08T19:35:27.265Z| vcpu-0| I125: pciBridge7:2: ISA/VGA decoding enabled (ctrl 0004)
2025-12-08T19:35:27.265Z| vcpu-0| I125: pciBridge7:3: ISA/VGA decoding enabled (ctrl 0004)
2025-12-08T19:35:27.265Z| vcpu-0| I125: pciBridge7:3: ISA/VGA decoding enabled (ctrl 0004)
2025-12-08T19:35:27.265Z| vcpu-0| I125: pciBridge7:4: ISA/VGA decoding enabled (ctrl 0004)
2025-12-08T19:35:27.266Z| vcpu-0| I125: pciBridge7:4: ISA/VGA decoding enabled (ctrl 0004)
2025-12-08T19:35:27.266Z| vcpu-0| I125: pciBridge7:5: ISA/VGA decoding enabled (ctrl 0004)
2025-12-08T19:35:27.266Z| vcpu-0| I125: pciBridge7:5: ISA/VGA decoding enabled (ctrl 0004)
2025-12-08T19:35:27.266Z| vcpu-0| I125: pciBridge7:6: ISA/VGA decoding enabled (ctrl 0004)
2025-12-08T19:35:27.267Z| vcpu-0| I125: pciBridge7:6: ISA/VGA decoding enabled (ctrl 0004)
2025-12-08T19:35:27.267Z| vcpu-0| I125: pciBridge7:7: ISA/VGA decoding enabled (ctrl 0004)
2025-12-08T19:35:27.267Z| vcpu-0| I125: pciBridge7:7: ISA/VGA decoding enabled (ctrl 0004)
2025-12-08T19:35:27.267Z| vcpu-0| I125: PCIBridge4: ISA/VGA decoding enabled (ctrl 0004)
2025-12-08T19:35:27.267Z| vcpu-0| I125: PCIBridge4: ISA/VGA decoding enabled (ctrl 0004)
2025-12-08T19:35:27.267Z| vcpu-0| I125: pciBridge4:1: ISA/VGA decoding enabled (ctrl 0004)
2025-12-08T19:35:27.267Z| vcpu-0| I125: pciBridge4:1: ISA/VGA decoding enabled (ctrl 0004)
2025-12-08T19:35:27.267Z| vcpu-0| I125: pciBridge4:2: ISA/VGA decoding enabled (ctrl 0004)
2025-12-08T19:35:27.267Z| vcpu-0| I125: pciBridge4:2: ISA/VGA decoding enabled (ctrl 0004)
2025-12-08T19:35:27.267Z| vcpu-0| I125: pciBridge4:3: ISA/VGA decoding enabled (ctrl 0004)
2025-12-08T19:35:27.267Z| vcpu-0| I125: pciBridge4:3: ISA/VGA decoding enabled (ctrl 0004)
2025-12-08T19:35:27.267Z| vcpu-0| I125: pciBridge4:4: ISA/VGA decoding enabled (ctrl 0004)
2025-12-08T19:35:27.267Z| vcpu-0| I125: pciBridge4:4: ISA/VGA decoding enabled (ctrl 0004)
2025-12-08T19:35:27.267Z| vcpu-0| I125: pciBridge4:5: ISA/VGA decoding enabled (ctrl 0004)
2025-12-08T19:35:27.267Z| vcpu-0| I125: pciBridge4:5: ISA/VGA decoding enabled (ctrl 0004)
2025-12-08T19:35:27.268Z| vcpu-0| I125: pciBridge4:6: ISA/VGA decoding enabled (ctrl 0004)
2025-12-08T19:35:27.268Z| vcpu-0| I125: pciBridge4:6: ISA/VGA decoding enabled (ctrl 0004)
2025-12-08T19:35:27.268Z| vcpu-0| I125: pciBridge4:7: ISA/VGA decoding enabled (ctrl 0004)
2025-12-08T19:35:27.268Z| vcpu-0| I125: pciBridge4:7: ISA/VGA decoding enabled (ctrl 0004)
2025-12-08T19:35:27.268Z| vcpu-0| I125: PCIBridge5: ISA/VGA decoding enabled (ctrl 0004)
2025-12-08T19:35:27.268Z| vcpu-0| I125: PCIBridge5: ISA/VGA decoding enabled (ctrl 0004)
2025-12-08T19:35:27.268Z| vcpu-0| I125: pciBridge5:1: ISA/VGA decoding enabled (ctrl 0004)
2025-12-08T19:35:27.268Z| vcpu-0| I125: pciBridge5:1: ISA/VGA decoding enabled (ctrl 0004)
2025-12-08T19:35:27.268Z| vcpu-0| I125: pciBridge5:2: ISA/VGA decoding enabled (ctrl 0004)
2025-12-08T19:35:27.268Z| vcpu-0| I125: pciBridge5:2: ISA/VGA decoding enabled (ctrl 0004)
2025-12-08T19:35:27.268Z| vcpu-0| I125: pciBridge5:3: ISA/VGA decoding enabled (ctrl 0004)
2025-12-08T19:35:27.268Z| vcpu-0| I125: pciBridge5:3: ISA/VGA decoding enabled (ctrl 0004)
2025-12-08T19:35:27.268Z| vcpu-0| I125: pciBridge5:4: ISA/VGA decoding enabled (ctrl 0004)
2025-12-08T19:35:27.268Z| vcpu-0| I125: pciBridge5:4: ISA/VGA decoding enabled (ctrl 0004)
2025-12-08T19:35:27.268Z| vcpu-0| I125: pciBridge5:5: ISA/VGA decoding enabled (ctrl 0004)
2025-12-08T19:35:27.268Z| vcpu-0| I125: pciBridge5:5: ISA/VGA decoding enabled (ctrl 0004)
2025-12-08T19:35:27.268Z| vcpu-0| I125: pciBridge5:6: ISA/VGA decoding enabled (ctrl 0004)
2025-12-08T19:35:27.268Z| vcpu-0| I125: pciBridge5:6: ISA/VGA decoding enabled (ctrl 0004)
2025-12-08T19:35:27.268Z| vcpu-0| I125: pciBridge5:7: ISA/VGA decoding enabled (ctrl 0004)
2025-12-08T19:35:27.268Z| vcpu-0| I125: pciBridge5:7: ISA/VGA decoding enabled (ctrl 0004)
2025-12-08T19:35:27.268Z| vcpu-0| I125: PCIBridge6: ISA/VGA decoding enabled (ctrl 0004)
2025-12-08T19:35:27.268Z| vcpu-0| I125: PCIBridge6: ISA/VGA decoding enabled (ctrl 0004)
2025-12-08T19:35:27.268Z| vcpu-0| I125: pciBridge6:1: ISA/VGA decoding enabled (ctrl 0004)
2025-12-08T19:35:27.268Z| vcpu-0| I125: pciBridge6:1: ISA/VGA decoding enabled (ctrl 0004)
2025-12-08T19:35:27.268Z| vcpu-0| I125: pciBridge6:2: ISA/VGA decoding enabled (ctrl 0004)
2025-12-08T19:35:27.268Z| vcpu-0| I125: pciBridge6:2: ISA/VGA decoding enabled (ctrl 0004)
2025-12-08T19:35:27.268Z| vcpu-0| I125: pciBridge6:3: ISA/VGA decoding enabled (ctrl 0004)
2025-12-08T19:35:27.268Z| vcpu-0| I125: pciBridge6:3: ISA/VGA decoding enabled (ctrl 0004)
2025-12-08T19:35:27.268Z| vcpu-0| I125: pciBridge6:4: ISA/VGA decoding enabled (ctrl 0004)
2025-12-08T19:35:27.268Z| vcpu-0| I125: pciBridge6:4: ISA/VGA decoding enabled (ctrl 0004)
2025-12-08T19:35:27.268Z| vcpu-0| I125: pciBridge6:5: ISA/VGA decoding enabled (ctrl 0004)
2025-12-08T19:35:27.268Z| vcpu-0| I125: pciBridge6:5: ISA/VGA decoding enabled (ctrl 0004)
2025-12-08T19:35:27.269Z| vcpu-0| I125: pciBridge6:6: ISA/VGA decoding enabled (ctrl 0004)
2025-12-08T19:35:27.269Z| vcpu-0| I125: pciBridge6:6: ISA/VGA decoding enabled (ctrl 0004)
2025-12-08T19:35:27.269Z| vcpu-0| I125: pciBridge6:7: ISA/VGA decoding enabled (ctrl 0004)
2025-12-08T19:35:27.269Z| vcpu-0| I125: pciBridge6:7: ISA/VGA decoding enabled (ctrl 0004)
2025-12-08T19:35:27.269Z| vcpu-0| I125: PCIBridge7: ISA/VGA decoding enabled (ctrl 0004)
2025-12-08T19:35:27.269Z| vcpu-0| I125: PCIBridge7: ISA/VGA decoding enabled (ctrl 0004)
2025-12-08T19:35:27.269Z| vcpu-0| I125: pciBridge7:1: ISA/VGA decoding enabled (ctrl 0004)
2025-12-08T19:35:27.269Z| vcpu-0| I125: pciBridge7:1: ISA/VGA decoding enabled (ctrl 0004)
2025-12-08T19:35:27.269Z| vcpu-0| I125: pciBridge7:2: ISA/VGA decoding enabled (ctrl 0004)
2025-12-08T19:35:27.269Z| vcpu-0| I125: pciBridge7:2: ISA/VGA decoding enabled (ctrl 0004)
2025-12-08T19:35:27.269Z| vcpu-0| I125: pciBridge7:3: ISA/VGA decoding enabled (ctrl 0004)
2025-12-08T19:35:27.269Z| vcpu-0| I125: pciBridge7:3: ISA/VGA decoding enabled (ctrl 0004)
2025-12-08T19:35:27.269Z| vcpu-0| I125: pciBridge7:4: ISA/VGA decoding enabled (ctrl 0004)
2025-12-08T19:35:27.269Z| vcpu-0| I125: pciBridge7:4: ISA/VGA decoding enabled (ctrl 0004)
2025-12-08T19:35:27.269Z| vcpu-0| I125: pciBridge7:5: ISA/VGA decoding enabled (ctrl 0004)
2025-12-08T19:35:27.269Z| vcpu-0| I125: pciBridge7:5: ISA/VGA decoding enabled (ctrl 0004)
2025-12-08T19:35:27.269Z| vcpu-0| I125: pciBridge7:6: ISA/VGA decoding enabled (ctrl 0004)
2025-12-08T19:35:27.269Z| vcpu-0| I125: pciBridge7:6: ISA/VGA decoding enabled (ctrl 0004)
2025-12-08T19:35:27.269Z| vcpu-0| I125: pciBridge7:7: ISA/VGA decoding enabled (ctrl 0004)
2025-12-08T19:35:27.269Z| vcpu-0| I125: pciBridge7:7: ISA/VGA decoding enabled (ctrl 0004)
2025-12-08T19:35:27.395Z| vcpu-1| I125: PCIBridge4: ISA/VGA decoding enabled (ctrl 0004)
2025-12-08T19:35:27.395Z| vcpu-1| I125: pciBridge4:1: ISA/VGA decoding enabled (ctrl 0004)
2025-12-08T19:35:27.395Z| vcpu-1| I125: pciBridge4:2: ISA/VGA decoding enabled (ctrl 0004)
2025-12-08T19:35:27.395Z| vcpu-1| I125: pciBridge4:3: ISA/VGA decoding enabled (ctrl 0004)
2025-12-08T19:35:27.395Z| vcpu-1| I125: pciBridge4:4: ISA/VGA decoding enabled (ctrl 0004)
2025-12-08T19:35:27.395Z| vcpu-1| I125: pciBridge4:5: ISA/VGA decoding enabled (ctrl 0004)
2025-12-08T19:35:27.395Z| vcpu-1| I125: pciBridge4:6: ISA/VGA decoding enabled (ctrl 0004)
2025-12-08T19:35:27.396Z| vcpu-1| I125: pciBridge4:7: ISA/VGA decoding enabled (ctrl 0004)
2025-12-08T19:35:27.396Z| vcpu-1| I125: PCIBridge5: ISA/VGA decoding enabled (ctrl 0004)
2025-12-08T19:35:27.396Z| vcpu-1| I125: pciBridge5:1: ISA/VGA decoding enabled (ctrl 0004)
2025-12-08T19:35:27.396Z| vcpu-1| I125: pciBridge5:2: ISA/VGA decoding enabled (ctrl 0004)
2025-12-08T19:35:27.396Z| vcpu-1| I125: pciBridge5:3: ISA/VGA decoding enabled (ctrl 0004)
2025-12-08T19:35:27.396Z| vcpu-1| I125: pciBridge5:4: ISA/VGA decoding enabled (ctrl 0004)
2025-12-08T19:35:27.396Z| vcpu-1| I125: pciBridge5:5: ISA/VGA decoding enabled (ctrl 0004)
2025-12-08T19:35:27.396Z| vcpu-1| I125: pciBridge5:6: ISA/VGA decoding enabled (ctrl 0004)
2025-12-08T19:35:27.396Z| vcpu-1| I125: pciBridge5:7: ISA/VGA decoding enabled (ctrl 0004)
2025-12-08T19:35:27.396Z| vcpu-1| I125: PCIBridge6: ISA/VGA decoding enabled (ctrl 0004)
2025-12-08T19:35:27.397Z| vcpu-1| I125: pciBridge6:1: ISA/VGA decoding enabled (ctrl 0004)
2025-12-08T19:35:27.397Z| vcpu-1| I125: pciBridge6:2: ISA/VGA decoding enabled (ctrl 0004)
2025-12-08T19:35:27.397Z| vcpu-1| I125: pciBridge6:3: ISA/VGA decoding enabled (ctrl 0004)
2025-12-08T19:35:27.397Z| vcpu-1| I125: pciBridge6:4: ISA/VGA decoding enabled (ctrl 0004)
2025-12-08T19:35:27.397Z| vcpu-1| I125: pciBridge6:5: ISA/VGA decoding enabled (ctrl 0004)
2025-12-08T19:35:27.397Z| vcpu-1| I125: pciBridge6:6: ISA/VGA decoding enabled (ctrl 0004)
2025-12-08T19:35:27.397Z| vcpu-1| I125: pciBridge6:7: ISA/VGA decoding enabled (ctrl 0004)
2025-12-08T19:35:27.397Z| vcpu-1| I125: PCIBridge7: ISA/VGA decoding enabled (ctrl 0004)
2025-12-08T19:35:27.397Z| vcpu-1| I125: pciBridge7:1: ISA/VGA decoding enabled (ctrl 0004)
2025-12-08T19:35:27.398Z| vcpu-1| I125: pciBridge7:2: ISA/VGA decoding enabled (ctrl 0004)
2025-12-08T19:35:27.398Z| vcpu-1| I125: pciBridge7:3: ISA/VGA decoding enabled (ctrl 0004)
2025-12-08T19:35:27.398Z| vcpu-1| I125: pciBridge7:4: ISA/VGA decoding enabled (ctrl 0004)
2025-12-08T19:35:27.398Z| vcpu-1| I125: pciBridge7:5: ISA/VGA decoding enabled (ctrl 0004)
2025-12-08T19:35:27.398Z| vcpu-1| I125: pciBridge7:6: ISA/VGA decoding enabled (ctrl 0004)
2025-12-08T19:35:27.398Z| vcpu-1| I125: pciBridge7:7: ISA/VGA decoding enabled (ctrl 0004)
2025-12-08T19:35:27.725Z| svga| I125: SVGA hiding SVGA
2025-12-08T19:35:27.726Z| svga| I125: SVGA enabling SVGA
2025-12-08T19:35:27.742Z| vcpu-1| I125: Ethernet0 MAC Address: 00:0c:29:09:c0:d9
2025-12-08T19:35:27.742Z| vcpu-1| I125: VMXNET3 user: Ethernet0 RSS fields requested by vmx: 3
2025-12-08T19:35:27.742Z| vcpu-1| I125: VMXNET3 user: Supported set 0x0000001f, configured set 0x00000001
2025-12-08T19:35:27.763Z| svga| I125: SVGA-ScreenMgr: Screen type changed to ScreenObject
2025-12-08T19:35:29.550Z| vcpu-0| I125: HBACommon: First write on scsi0:0.fileName='/vmfs/volumes/3a4fd8ce-fc4375c4-effb-5cf3fce846f8/SGRL-VCSA01/SGRL-VCSA01.vmdk'
2025-12-08T19:35:29.550Z| vcpu-0| I125: DDB: "longContentID" = "14bb748a9315ec6ae9cdab640c7d4e7a" (was "9425e510de076ddd433126d576af8d24")
2025-12-08T19:35:29.566Z| vcpu-0| I125: DISKLIB-CHAIN : DiskChainUpdateContentID: old=0x76af8d24, new=0xc7d4e7a (14bb748a9315ec6ae9cdab640c7d4e7a)
2025-12-08T19:35:32.105Z| vcpu-0| I125: CDROM: Emulate GET CONFIGURATION RT 0 starting feature 0
2025-12-08T19:35:32.106Z| vcpu-0| I125: CDROM: Emulate GET CONFIGURATION RT 0 starting feature 0
2025-12-08T19:35:33.165Z| vcpu-0| I125: HBACommon: First write on scsi0:9.fileName='/vmfs/volumes/3a4fd8ce-fc4375c4-effb-5cf3fce846f8/SGRL-VCSA01/SGRL-VCSA01_8.vmdk'
2025-12-08T19:35:33.165Z| vcpu-0| I125: DDB: "longContentID" = "195af5bcc30959e255796b184b1b3f68" (was "8a03ca992e90534b7644400da4d5b062")
2025-12-08T19:35:33.182Z| vcpu-0| I125: DISKLIB-CHAIN : DiskChainUpdateContentID: old=0xa4d5b062, new=0x4b1b3f68 (195af5bcc30959e255796b184b1b3f68)
2025-12-08T19:35:33.193Z| vcpu-0| I125: HBACommon: First write on scsi0:8.fileName='/vmfs/volumes/3a4fd8ce-fc4375c4-effb-5cf3fce846f8/SGRL-VCSA01/SGRL-VCSA01_7.vmdk'
2025-12-08T19:35:33.193Z| vcpu-0| I125: DDB: "longContentID" = "10a55f09d162626ab9c875af4f7ed278" (was "63d91fde22e55bda467039e63bf25ba5")
2025-12-08T19:35:33.229Z| vcpu-0| I125: DISKLIB-CHAIN : DiskChainUpdateContentID: old=0x3bf25ba5, new=0x4f7ed278 (10a55f09d162626ab9c875af4f7ed278)
2025-12-08T19:35:33.230Z| vcpu-0| I125: HBACommon: First write on scsi0:10.fileName='/vmfs/volumes/3a4fd8ce-fc4375c4-effb-5cf3fce846f8/SGRL-VCSA01/SGRL-VCSA01_9.vmdk'
2025-12-08T19:35:33.230Z| vcpu-0| I125: DDB: "longContentID" = "27e8eeae16451b9a197c651f555f2608" (was "e7c02fbbd2ece807205dbff4b18f1256")
2025-12-08T19:35:33.251Z| vcpu-0| I125: DISKLIB-CHAIN : DiskChainUpdateContentID: old=0xb18f1256, new=0x555f2608 (27e8eeae16451b9a197c651f555f2608)
2025-12-08T19:35:33.252Z| vcpu-1| I125: HBACommon: First write on scsi0:5.fileName='/vmfs/volumes/3a4fd8ce-fc4375c4-effb-5cf3fce846f8/SGRL-VCSA01/SGRL-VCSA01_5.vmdk'
2025-12-08T19:35:33.252Z| vcpu-1| I125: DDB: "longContentID" = "7992e121409a8452f666a80058da2ba4" (was "a9783df6e74b9840574962d8a76e0310")
2025-12-08T19:35:33.268Z| vcpu-1| I125: DISKLIB-CHAIN : DiskChainUpdateContentID: old=0xa76e0310, new=0x58da2ba4 (7992e121409a8452f666a80058da2ba4)
2025-12-08T19:35:33.269Z| vcpu-1| I125: HBACommon: First write on scsi0:13.fileName='/vmfs/volumes/3a4fd8ce-fc4375c4-effb-5cf3fce846f8/SGRL-VCSA01/SGRL-VCSA01_12.vmdk'
2025-12-08T19:35:33.269Z| vcpu-1| I125: DDB: "longContentID" = "3cd5a3f0c08124ccd4c64fc85b93b7e8" (was "b9684fdc427f6d66a613cddfb6fcadf2")
2025-12-08T19:35:33.276Z| vcpu-1| I125: DISKLIB-CHAIN : DiskChainUpdateContentID: old=0xb6fcadf2, new=0x5b93b7e8 (3cd5a3f0c08124ccd4c64fc85b93b7e8)
2025-12-08T19:35:33.276Z| vcpu-1| I125: HBACommon: First write on scsi0:6.fileName='/vmfs/volumes/3a4fd8ce-fc4375c4-effb-5cf3fce846f8/SGRL-VCSA01/SGRL-VCSA01_6.vmdk'
2025-12-08T19:35:33.276Z| vcpu-1| I125: DDB: "longContentID" = "158680c880a4d42a79deabeb5cb97bf4" (was "1d8ab5afa2a08cb7475b0316d3bb60b9")
2025-12-08T19:35:33.282Z| vcpu-1| I125: DISKLIB-CHAIN : DiskChainUpdateContentID: old=0xd3bb60b9, new=0x5cb97bf4 (158680c880a4d42a79deabeb5cb97bf4)
2025-12-08T19:35:33.282Z| vcpu-1| I125: HBACommon: First write on scsi0:11.fileName='/vmfs/volumes/3a4fd8ce-fc4375c4-effb-5cf3fce846f8/SGRL-VCSA01/SGRL-VCSA01_10.vmdk'
2025-12-08T19:35:33.282Z| vcpu-1| I125: DDB: "longContentID" = "531db61822fc8e990d2d0c3b5da61f64" (was "5a5cd5db7c56035224f82d9b9751e6fa")
2025-12-08T19:35:33.294Z| vcpu-1| I125: DISKLIB-CHAIN : DiskChainUpdateContentID: old=0x9751e6fa, new=0x5da61f64 (531db61822fc8e990d2d0c3b5da61f64)
2025-12-08T19:35:33.294Z| vcpu-0| I125: HBACommon: First write on scsi0:12.fileName='/vmfs/volumes/3a4fd8ce-fc4375c4-effb-5cf3fce846f8/SGRL-VCSA01/SGRL-VCSA01_11.vmdk'
2025-12-08T19:35:33.294Z| vcpu-0| I125: DDB: "longContentID" = "76ba738b2ee1379118e23fae5f9e833c" (was "e060eb5fd98d7748733fccfe0325838d")
2025-12-08T19:35:33.300Z| vcpu-0| I125: DISKLIB-CHAIN : DiskChainUpdateContentID: old=0x325838d, new=0x5f9e833c (76ba738b2ee1379118e23fae5f9e833c)
2025-12-08T19:35:33.300Z| vcpu-1| I125: HBACommon: First write on scsi0:4.fileName='/vmfs/volumes/3a4fd8ce-fc4375c4-effb-5cf3fce846f8/SGRL-VCSA01/SGRL-VCSA01_4.vmdk'
2025-12-08T19:35:33.300Z| vcpu-1| I125: DDB: "longContentID" = "0b8c4c7e236e159e9080b025607efd98" (was "8b8f03d70faa6f30536105dbae12fc53")
2025-12-08T19:35:33.318Z| vcpu-1| I125: DISKLIB-CHAIN : DiskChainUpdateContentID: old=0xae12fc53, new=0x607efd98 (0b8c4c7e236e159e9080b025607efd98)
2025-12-08T19:35:33.319Z| vcpu-0| I125: HBACommon: First write on scsi0:3.fileName='/vmfs/volumes/3a4fd8ce-fc4375c4-effb-5cf3fce846f8/SGRL-VCSA01/SGRL-VCSA01_3.vmdk'
2025-12-08T19:35:33.319Z| vcpu-0| I125: DDB: "longContentID" = "e39c8e86fbb33377b458bbcf638c6908" (was "fa71c15bdec0f5f4074ceba1a0e89fd6")
2025-12-08T19:35:33.335Z| vcpu-0| I125: DISKLIB-CHAIN : DiskChainUpdateContentID: old=0xa0e89fd6, new=0x638c6908 (e39c8e86fbb33377b458bbcf638c6908)
2025-12-08T19:35:34.197Z| vcpu-0| I125: VMXNET3 user: Ethernet0 Driver Info: version = 17041408 gosBits = 2 gosType = 1, gosVer = 0, gosMisc = 0
2025-12-08T19:35:34.197Z| vcpu-0| I125: VMXNET3 user: Activate request succeeds for device 0.
2025-12-08T19:35:34.331Z| vmx| I125: GuestRpc: Got RPCI vsocket connection 3, assigned to channel 0.
2025-12-08T19:35:34.447Z| vmx| I125: Guest: toolbox: Version: 10.3.10.10540 (build-12406962)
2025-12-08T19:35:34.447Z| vcpu-1| W115: GuestRpc: application toolbox, changing channel 65535 -> 0
2025-12-08T19:35:34.447Z| vcpu-1| I125: GuestRpc: Channel 0, guest application toolbox.
2025-12-08T19:35:34.447Z| vcpu-1| I125: DEPLOYPKG: ToolsDeployPkg_Begin: state=0 err=0, msg=null
2025-12-08T19:35:34.450Z| vmx| I125: Tools: Changing running status: 0 => 2.
2025-12-08T19:35:34.450Z| vmx| I125: Tools: Removing Tools inactivity timer.
2025-12-08T19:35:34.451Z| vmx| I125: TOOLS Received tools.set.versiontype rpc call, version = 10346, type = 4
2025-12-08T19:35:34.451Z| vmx| I125: TOOLS Setting toolsVersionStatus = TOOLS_STATUS_UNMANAGED
2025-12-08T19:35:34.451Z| vmx| I125: Tools_SetVersionAndType did nothing; new tools version (10346) and type (4) match old Tools version and type
2025-12-08T19:35:34.873Z| vmx| I125: TOOLS state change 3 returned status 1
2025-12-08T19:35:34.873Z| vmx| I125: Vix: [mainDispatch.c:4156]: VMAutomationReportPowerStateChange: Reporting power state change (opcode=2, err=0).
2025-12-08T19:35:34.873Z| vmx| I125: Tools: Changing running status: 2 => 1.
2025-12-08T19:35:41.015Z| vcpu-0| I125: VMXNET3 user: Quiesce device 0.
2025-12-08T19:35:41.016Z| vcpu-0| I125: Ethernet0 MAC Address: 00:0c:29:09:c0:d9
2025-12-08T19:35:41.016Z| vcpu-0| I125: VMXNET3 user: Ethernet0 RSS fields requested by vmx: 3
2025-12-08T19:35:41.025Z| vcpu-0| I125: VMXNET3 user: Ethernet0 Driver Info: version = 17041408 gosBits = 2 gosType = 1, gosVer = 0, gosMisc = 0
2025-12-08T19:35:41.025Z| vcpu-0| I125: VMXNET3 user: Activate request succeeds for device 0.
2025-12-08T19:36:34.949Z| vmx| I125: GuestRpc: Got RPCI vsocket connection 4, assigned to channel 1.
2025-12-08T19:36:34.977Z| vmx| I125: GuestRpc: Got error for channel 1 connection 4: Remote disconnected
2025-12-08T19:36:34.977Z| vmx| I125: GuestRpc: Closing channel 1 connection 4
2025-12-08T19:36:35.435Z| vmx| I125: GuestRpc: Got RPCI vsocket connection 5, assigned to channel 1.
2025-12-08T19:36:35.554Z| vmx| I125: GuestRpc: Got error for channel 1 connection 5: Remote disconnected
2025-12-08T19:36:35.554Z| vmx| I125: GuestRpc: Closing channel 1 connection 5
2025-12-08T19:36:35.954Z| vmx| I125: GuestRpc: Got RPCI vsocket connection 6, assigned to channel 1.
2025-12-08T19:36:36.069Z| vmx| I125: GuestRpc: Got error for channel 1 connection 6: Remote disconnected
2025-12-08T19:36:36.069Z| vmx| I125: GuestRpc: Closing channel 1 connection 6
2025-12-08T19:37:15.380Z| vmx| I125: GuestRpc: Got RPCI vsocket connection 7, assigned to channel 1.
2025-12-08T19:37:15.400Z| vmx| I125: GuestRpc: Got error for channel 1 connection 7: Remote disconnected
2025-12-08T19:37:15.400Z| vmx| I125: GuestRpc: Closing channel 1 connection 7
2025-12-08T19:37:15.961Z| vmx| I125: GuestRpc: Got RPCI vsocket connection 8, assigned to channel 1.
2025-12-08T19:37:16.013Z| vmx| I125: GuestRpc: Got error for channel 1 connection 8: Remote disconnected
2025-12-08T19:37:16.013Z| vmx| I125: GuestRpc: Closing channel 1 connection 8
2025-12-08T19:37:33.009Z| vmx| I125: GuestRpc: Got RPCI vsocket connection 9, assigned to channel 1.
2025-12-08T19:37:33.030Z| vmx| I125: GuestRpc: Got error for channel 1 connection 9: Remote disconnected
2025-12-08T19:37:33.030Z| vmx| I125: GuestRpc: Closing channel 1 connection 9
2025-12-08T19:37:33.221Z| vmx| I125: GuestRpc: Got RPCI vsocket connection 10, assigned to channel 1.
2025-12-08T19:37:33.244Z| vmx| I125: GuestRpc: Got error for channel 1 connection 10: Remote disconnected
2025-12-08T19:37:33.244Z| vmx| I125: GuestRpc: Closing channel 1 connection 10
2025-12-08T19:37:44.912Z| vmx| I125: GuestRpc: Got RPCI vsocket connection 11, assigned to channel 1.
2025-12-08T19:37:44.930Z| vmx| I125: GuestRpc: Got error for channel 1 connection 11: Remote disconnected
2025-12-08T19:37:44.930Z| vmx| I125: GuestRpc: Closing channel 1 connection 11
2025-12-08T19:37:45.039Z| vmx| I125: GuestRpc: Got RPCI vsocket connection 12, assigned to channel 1.
2025-12-08T19:37:45.059Z| vmx| I125: GuestRpc: Got error for channel 1 connection 12: Remote disconnected
2025-12-08T19:37:45.059Z| vmx| I125: GuestRpc: Closing channel 1 connection 12
2025-12-08T19:38:49.082Z| vmx| I125: GuestRpc: Got RPCI vsocket connection 13, assigned to channel 1.
2025-12-08T19:38:49.108Z| vmx| I125: GuestRpc: Got error for channel 1 connection 13: Remote disconnected
2025-12-08T19:38:49.108Z| vmx| I125: GuestRpc: Closing channel 1 connection 13
2025-12-08T19:38:49.148Z| vmx| I125: GuestRpc: Got RPCI vsocket connection 14, assigned to channel 1.
2025-12-08T19:38:49.170Z| vmx| I125: GuestRpc: Got error for channel 1 connection 14: Remote disconnected
2025-12-08T19:38:49.170Z| vmx| I125: GuestRpc: Closing channel 1 connection 14
2025-12-08T19:38:49.292Z| vmx| I125: GuestRpc: Got RPCI vsocket connection 15, assigned to channel 1.
2025-12-08T19:38:49.308Z| vmx| I125: GuestRpc: Got error for channel 1 connection 15: Remote disconnected
2025-12-08T19:38:49.308Z| vmx| I125: GuestRpc: Closing channel 1 connection 15
2025-12-08T19:38:49.342Z| vmx| I125: GuestRpc: Got RPCI vsocket connection 16, assigned to channel 1.
2025-12-08T19:38:49.388Z| vmx| I125: GuestRpc: Got error for channel 1 connection 16: Remote disconnected
2025-12-08T19:38:49.388Z| vmx| I125: GuestRpc: Closing channel 1 connection 16
2025-12-08T19:39:43.853Z| vmx| I125: GuestRpc: Got RPCI vsocket connection 17, assigned to channel 1.
2025-12-08T19:39:43.873Z| vmx| I125: GuestRpc: Got error for channel 1 connection 17: Remote disconnected
2025-12-08T19:39:43.873Z| vmx| I125: GuestRpc: Closing channel 1 connection 17
2025-12-08T19:39:43.932Z| vmx| I125: GuestRpc: Got RPCI vsocket connection 18, assigned to channel 1.
2025-12-08T19:39:43.953Z| vmx| I125: GuestRpc: Got error for channel 1 connection 18: Remote disconnected
2025-12-08T19:39:43.953Z| vmx| I125: GuestRpc: Closing channel 1 connection 18
2025-12-08T19:39:58.481Z| vmx| I125: GuestRpc: Got RPCI vsocket connection 19, assigned to channel 1.
2025-12-08T19:39:58.514Z| vmx| I125: GuestRpc: Got error for channel 1 connection 19: Remote disconnected
2025-12-08T19:39:58.514Z| vmx| I125: GuestRpc: Closing channel 1 connection 19
2025-12-08T19:39:58.866Z| vmx| I125: GuestRpc: Got RPCI vsocket connection 20, assigned to channel 1.
2025-12-08T19:39:58.896Z| vmx| I125: GuestRpc: Got error for channel 1 connection 20: Remote disconnected
2025-12-08T19:39:58.896Z| vmx| I125: GuestRpc: Closing channel 1 connection 20
2025-12-08T19:40:16.395Z| vmx| I125: GuestRpc: Got RPCI vsocket connection 21, assigned to channel 1.
2025-12-08T19:40:16.415Z| vmx| I125: GuestRpc: Got error for channel 1 connection 21: Remote disconnected
2025-12-08T19:40:16.415Z| vmx| I125: GuestRpc: Closing channel 1 connection 21
2025-12-08T19:40:16.563Z| vmx| I125: GuestRpc: Got RPCI vsocket connection 22, assigned to channel 1.
2025-12-08T19:40:16.584Z| vmx| I125: GuestRpc: Got error for channel 1 connection 22: Remote disconnected
2025-12-08T19:40:16.584Z| vmx| I125: GuestRpc: Closing channel 1 connection 22
2025-12-08T19:40:32.427Z| vmx| I125: GuestRpc: Got RPCI vsocket connection 23, assigned to channel 1.
2025-12-08T19:40:32.442Z| vmx| I125: GuestRpc: Got error for channel 1 connection 23: Remote disconnected
2025-12-08T19:40:32.442Z| vmx| I125: GuestRpc: Closing channel 1 connection 23
2025-12-08T19:40:32.558Z| vmx| I125: GuestRpc: Got RPCI vsocket connection 24, assigned to channel 1.
2025-12-08T19:40:32.575Z| vmx| I125: GuestRpc: Got error for channel 1 connection 24: Remote disconnected
2025-12-08T19:40:32.575Z| vmx| I125: GuestRpc: Closing channel 1 connection 24
2025-12-08T19:47:57.215Z| vmx| I125: GuestRpc: Got RPCI vsocket connection 25, assigned to channel 1.
2025-12-08T19:47:57.244Z| vmx| I125: GuestRpc: Got error for channel 1 connection 25: Remote disconnected
2025-12-08T19:47:57.244Z| vmx| I125: GuestRpc: Closing channel 1 connection 25
2025-12-08T19:47:57.258Z| vmx| I125: GuestRpc: Got RPCI vsocket connection 26, assigned to channel 1.
2025-12-08T19:47:57.275Z| vmx| I125: GuestRpc: Got error for channel 1 connection 26: Remote disconnected
2025-12-08T19:47:57.275Z| vmx| I125: GuestRpc: Closing channel 1 connection 26
2025-12-08T19:48:00.253Z| vmx| I125: GuestRpc: Got RPCI vsocket connection 27, assigned to channel 1.
2025-12-08T19:48:00.277Z| vmx| I125: GuestRpc: Got error for channel 1 connection 27: Remote disconnected
2025-12-08T19:48:00.277Z| vmx| I125: GuestRpc: Closing channel 1 connection 27
2025-12-08T19:48:00.352Z| vmx| I125: GuestRpc: Got RPCI vsocket connection 28, assigned to channel 1.
2025-12-08T19:48:00.375Z| vmx| I125: GuestRpc: Got error for channel 1 connection 28: Remote disconnected
2025-12-08T19:48:00.375Z| vmx| I125: GuestRpc: Closing channel 1 connection 28
2025-12-08T20:21:33.902Z| vmx| I125: GuestRpc: Got RPCI vsocket connection 29, assigned to channel 1.
2025-12-08T20:21:33.923Z| vmx| I125: GuestRpc: Got error for channel 1 connection 29: Remote disconnected
2025-12-08T20:21:33.923Z| vmx| I125: GuestRpc: Closing channel 1 connection 29
2025-12-08T20:21:33.924Z| vmx| I125: GuestRpc: Got RPCI vsocket connection 30, assigned to channel 1.
2025-12-08T20:21:33.954Z| vmx| I125: GuestRpc: Got error for channel 1 connection 30: Remote disconnected
2025-12-08T20:21:33.954Z| vmx| I125: GuestRpc: Closing channel 1 connection 30
2025-12-08T20:21:36.922Z| vmx| I125: GuestRpc: Got RPCI vsocket connection 31, assigned to channel 1.
2025-12-08T20:21:36.944Z| vmx| I125: GuestRpc: Got error for channel 1 connection 31: Remote disconnected
2025-12-08T20:21:36.944Z| vmx| I125: GuestRpc: Closing channel 1 connection 31
2025-12-08T20:21:36.993Z| vmx| I125: GuestRpc: Got RPCI vsocket connection 32, assigned to channel 1.
2025-12-08T20:21:37.015Z| vmx| I125: GuestRpc: Got error for channel 1 connection 32: Remote disconnected
2025-12-08T20:21:37.015Z| vmx| I125: GuestRpc: Closing channel 1 connection 32
2025-12-08T20:55:10.225Z| vmx| I125: GuestRpc: Got RPCI vsocket connection 33, assigned to channel 1.
2025-12-08T20:55:10.248Z| vmx| I125: GuestRpc: Got error for channel 1 connection 33: Remote disconnected
2025-12-08T20:55:10.248Z| vmx| I125: GuestRpc: Closing channel 1 connection 33
2025-12-08T20:55:10.306Z| vmx| I125: GuestRpc: Got RPCI vsocket connection 34, assigned to channel 1.
2025-12-08T20:55:10.319Z| vmx| I125: GuestRpc: Got error for channel 1 connection 34: Remote disconnected
2025-12-08T20:55:10.319Z| vmx| I125: GuestRpc: Closing channel 1 connection 34
2025-12-08T20:55:13.061Z| vmx| I125: GuestRpc: Got RPCI vsocket connection 35, assigned to channel 1.
2025-12-08T20:55:13.077Z| vmx| I125: GuestRpc: Got error for channel 1 connection 35: Remote disconnected
2025-12-08T20:55:13.077Z| vmx| I125: GuestRpc: Closing channel 1 connection 35
2025-12-08T20:55:13.157Z| vmx| I125: GuestRpc: Got RPCI vsocket connection 36, assigned to channel 1.
2025-12-08T20:55:13.179Z| vmx| I125: GuestRpc: Got error for channel 1 connection 36: Remote disconnected
2025-12-08T20:55:13.180Z| vmx| I125: GuestRpc: Closing channel 1 connection 36
2025-12-08T21:28:46.660Z| vmx| I125: GuestRpc: Got RPCI vsocket connection 37, assigned to channel 1.
2025-12-08T21:28:46.679Z| vmx| I125: GuestRpc: Got error for channel 1 connection 37: Remote disconnected
2025-12-08T21:28:46.679Z| vmx| I125: GuestRpc: Closing channel 1 connection 37
2025-12-08T21:28:46.704Z| vmx| I125: GuestRpc: Got RPCI vsocket connection 38, assigned to channel 1.
2025-12-08T21:28:46.723Z| vmx| I125: GuestRpc: Got error for channel 1 connection 38: Remote disconnected
2025-12-08T21:28:46.723Z| vmx| I125: GuestRpc: Closing channel 1 connection 38
2025-12-08T21:28:49.701Z| vmx| I125: GuestRpc: Got RPCI vsocket connection 39, assigned to channel 1.
2025-12-08T21:28:49.726Z| vmx| I125: GuestRpc: Got error for channel 1 connection 39: Remote disconnected
2025-12-08T21:28:49.726Z| vmx| I125: GuestRpc: Closing channel 1 connection 39
2025-12-08T21:28:49.771Z| vmx| I125: GuestRpc: Got RPCI vsocket connection 40, assigned to channel 1.
2025-12-08T21:28:49.784Z| vmx| I125: GuestRpc: Got error for channel 1 connection 40: Remote disconnected
2025-12-08T21:28:49.784Z| vmx| I125: GuestRpc: Closing channel 1 connection 40
2025-12-08T22:02:22.766Z| vmx| I125: GuestRpc: Got RPCI vsocket connection 41, assigned to channel 1.
2025-12-08T22:02:22.781Z| vmx| I125: GuestRpc: Got error for channel 1 connection 41: Remote disconnected
2025-12-08T22:02:22.781Z| vmx| I125: GuestRpc: Closing channel 1 connection 41
2025-12-08T22:02:22.788Z| vmx| I125: GuestRpc: Got RPCI vsocket connection 42, assigned to channel 1.
2025-12-08T22:02:22.826Z| vmx| I125: GuestRpc: Got error for channel 1 connection 42: Remote disconnected
2025-12-08T22:02:22.826Z| vmx| I125: GuestRpc: Closing channel 1 connection 42
2025-12-08T22:02:26.240Z| vmx| I125: GuestRpc: Got RPCI vsocket connection 43, assigned to channel 1.
2025-12-08T22:02:26.255Z| vmx| I125: GuestRpc: Got error for channel 1 connection 43: Remote disconnected
2025-12-08T22:02:26.255Z| vmx| I125: GuestRpc: Closing channel 1 connection 43
2025-12-08T22:02:26.384Z| vmx| I125: GuestRpc: Got RPCI vsocket connection 44, assigned to channel 1.
2025-12-08T22:02:26.406Z| vmx| I125: GuestRpc: Got error for channel 1 connection 44: Remote disconnected
2025-12-08T22:02:26.406Z| vmx| I125: GuestRpc: Closing channel 1 connection 44
2025-12-08T22:36:00.236Z| vmx| I125: GuestRpc: Got RPCI vsocket connection 45, assigned to channel 1.
2025-12-08T22:36:00.260Z| vmx| I125: GuestRpc: Got error for channel 1 connection 45: Remote disconnected
2025-12-08T22:36:00.260Z| vmx| I125: GuestRpc: Closing channel 1 connection 45
2025-12-08T22:36:00.272Z| vmx| I125: GuestRpc: Got RPCI vsocket connection 46, assigned to channel 1.
2025-12-08T22:36:00.296Z| vmx| I125: GuestRpc: Got error for channel 1 connection 46: Remote disconnected
2025-12-08T22:36:00.296Z| vmx| I125: GuestRpc: Closing channel 1 connection 46
2025-12-08T22:36:03.344Z| vmx| I125: GuestRpc: Got RPCI vsocket connection 47, assigned to channel 1.
2025-12-08T22:36:03.356Z| vmx| I125: GuestRpc: Got error for channel 1 connection 47: Remote disconnected
2025-12-08T22:36:03.356Z| vmx| I125: GuestRpc: Closing channel 1 connection 47
2025-12-08T22:36:03.382Z| vmx| I125: GuestRpc: Got RPCI vsocket connection 48, assigned to channel 1.
2025-12-08T22:36:03.396Z| vmx| I125: GuestRpc: Got error for channel 1 connection 48: Remote disconnected
2025-12-08T22:36:03.396Z| vmx| I125: GuestRpc: Closing channel 1 connection 48
2025-12-08T23:09:36.247Z| vmx| I125: GuestRpc: Got RPCI vsocket connection 49, assigned to channel 1.
2025-12-08T23:09:36.265Z| vmx| I125: GuestRpc: Got error for channel 1 connection 49: Remote disconnected
2025-12-08T23:09:36.265Z| vmx| I125: GuestRpc: Closing channel 1 connection 49
2025-12-08T23:09:36.269Z| vmx| I125: GuestRpc: Got RPCI vsocket connection 50, assigned to channel 1.
2025-12-08T23:09:36.296Z| vmx| I125: GuestRpc: Got error for channel 1 connection 50: Remote disconnected
2025-12-08T23:09:36.296Z| vmx| I125: GuestRpc: Closing channel 1 connection 50
2025-12-08T23:09:39.446Z| vmx| I125: GuestRpc: Got RPCI vsocket connection 51, assigned to channel 1.
2025-12-08T23:09:39.468Z| vmx| I125: GuestRpc: Got error for channel 1 connection 51: Remote disconnected
2025-12-08T23:09:39.468Z| vmx| I125: GuestRpc: Closing channel 1 connection 51
2025-12-08T23:09:39.473Z| vmx| I125: GuestRpc: Got RPCI vsocket connection 52, assigned to channel 1.
2025-12-08T23:09:39.517Z| vmx| I125: GuestRpc: Got error for channel 1 connection 52: Remote disconnected
2025-12-08T23:09:39.517Z| vmx| I125: GuestRpc: Closing channel 1 connection 52
2025-12-08T23:43:12.640Z| vmx| I125: GuestRpc: Got RPCI vsocket connection 53, assigned to channel 1.
2025-12-08T23:43:12.656Z| vmx| I125: GuestRpc: Got error for channel 1 connection 53: Remote disconnected
2025-12-08T23:43:12.656Z| vmx| I125: GuestRpc: Closing channel 1 connection 53
2025-12-08T23:43:12.672Z| vmx| I125: GuestRpc: Got RPCI vsocket connection 54, assigned to channel 1.
2025-12-08T23:43:12.687Z| vmx| I125: GuestRpc: Got error for channel 1 connection 54: Remote disconnected
2025-12-08T23:43:12.687Z| vmx| I125: GuestRpc: Closing channel 1 connection 54
2025-12-08T23:43:15.516Z| vmx| I125: GuestRpc: Got RPCI vsocket connection 55, assigned to channel 1.
2025-12-08T23:43:15.543Z| vmx| I125: GuestRpc: Got error for channel 1 connection 55: Remote disconnected
2025-12-08T23:43:15.543Z| vmx| I125: GuestRpc: Closing channel 1 connection 55
2025-12-08T23:43:15.605Z| vmx| I125: GuestRpc: Got RPCI vsocket connection 56, assigned to channel 1.
2025-12-08T23:43:15.619Z| vmx| I125: GuestRpc: Got error for channel 1 connection 56: Remote disconnected
2025-12-08T23:43:15.619Z| vmx| I125: GuestRpc: Closing channel 1 connection 56
2025-12-09T00:16:48.700Z| vmx| I125: GuestRpc: Got RPCI vsocket connection 57, assigned to channel 1.
2025-12-09T00:16:48.718Z| vmx| I125: GuestRpc: Got error for channel 1 connection 57: Remote disconnected
2025-12-09T00:16:48.718Z| vmx| I125: GuestRpc: Closing channel 1 connection 57
2025-12-09T00:16:48.743Z| vmx| I125: GuestRpc: Got RPCI vsocket connection 58, assigned to channel 1.
2025-12-09T00:16:48.763Z| vmx| I125: GuestRpc: Got error for channel 1 connection 58: Remote disconnected
2025-12-09T00:16:48.763Z| vmx| I125: GuestRpc: Closing channel 1 connection 58
2025-12-09T00:16:51.769Z| vmx| I125: GuestRpc: Got RPCI vsocket connection 59, assigned to channel 1.
2025-12-09T00:16:51.792Z| vmx| I125: GuestRpc: Got error for channel 1 connection 59: Remote disconnected
2025-12-09T00:16:51.792Z| vmx| I125: GuestRpc: Closing channel 1 connection 59
2025-12-09T00:16:51.810Z| vmx| I125: GuestRpc: Got RPCI vsocket connection 60, assigned to channel 1.
2025-12-09T00:16:51.828Z| vmx| I125: GuestRpc: Got error for channel 1 connection 60: Remote disconnected
2025-12-09T00:16:51.828Z| vmx| I125: GuestRpc: Closing channel 1 connection 60
2025-12-09T00:50:24.764Z| vmx| I125: GuestRpc: Got RPCI vsocket connection 61, assigned to channel 1.
2025-12-09T00:50:24.790Z| vmx| I125: GuestRpc: Got error for channel 1 connection 61: Remote disconnected
2025-12-09T00:50:24.790Z| vmx| I125: GuestRpc: Closing channel 1 connection 61
2025-12-09T00:50:24.821Z| vmx| I125: GuestRpc: Got RPCI vsocket connection 62, assigned to channel 1.
2025-12-09T00:50:24.843Z| vmx| I125: GuestRpc: Got error for channel 1 connection 62: Remote disconnected
2025-12-09T00:50:24.843Z| vmx| I125: GuestRpc: Closing channel 1 connection 62
2025-12-09T00:50:27.962Z| vmx| I125: GuestRpc: Got RPCI vsocket connection 63, assigned to channel 1.
2025-12-09T00:50:27.979Z| vmx| I125: GuestRpc: Got error for channel 1 connection 63: Remote disconnected
2025-12-09T00:50:27.979Z| vmx| I125: GuestRpc: Closing channel 1 connection 63
2025-12-09T00:50:27.988Z| vmx| I125: GuestRpc: Got RPCI vsocket connection 64, assigned to channel 1.
2025-12-09T00:50:28.032Z| vmx| I125: GuestRpc: Got error for channel 1 connection 64: Remote disconnected
2025-12-09T00:50:28.032Z| vmx| I125: GuestRpc: Closing channel 1 connection 64
2025-12-09T01:24:01.307Z| vmx| I125: GuestRpc: Got RPCI vsocket connection 65, assigned to channel 1.
2025-12-09T01:24:01.323Z| vmx| I125: GuestRpc: Got error for channel 1 connection 65: Remote disconnected
2025-12-09T01:24:01.323Z| vmx| I125: GuestRpc: Closing channel 1 connection 65
2025-12-09T01:24:01.373Z| vmx| I125: GuestRpc: Got RPCI vsocket connection 66, assigned to channel 1.
2025-12-09T01:24:01.389Z| vmx| I125: GuestRpc: Got error for channel 1 connection 66: Remote disconnected
2025-12-09T01:24:01.389Z| vmx| I125: GuestRpc: Closing channel 1 connection 66
2025-12-09T01:24:04.420Z| vmx| I125: GuestRpc: Got RPCI vsocket connection 67, assigned to channel 1.
2025-12-09T01:24:04.437Z| vmx| I125: GuestRpc: Got error for channel 1 connection 67: Remote disconnected
2025-12-09T01:24:04.437Z| vmx| I125: GuestRpc: Closing channel 1 connection 67
2025-12-09T01:24:04.442Z| vmx| I125: GuestRpc: Got RPCI vsocket connection 68, assigned to channel 1.
2025-12-09T01:24:04.472Z| vmx| I125: GuestRpc: Got error for channel 1 connection 68: Remote disconnected
2025-12-09T01:24:04.472Z| vmx| I125: GuestRpc: Closing channel 1 connection 68
2025-12-09T01:57:37.271Z| vmx| I125: GuestRpc: Got RPCI vsocket connection 69, assigned to channel 1.
2025-12-09T01:57:37.292Z| vmx| I125: GuestRpc: Got error for channel 1 connection 69: Remote disconnected
2025-12-09T01:57:37.292Z| vmx| I125: GuestRpc: Closing channel 1 connection 69
2025-12-09T01:57:37.314Z| vmx| I125: GuestRpc: Got RPCI vsocket connection 70, assigned to channel 1.
2025-12-09T01:57:37.332Z| vmx| I125: GuestRpc: Got error for channel 1 connection 70: Remote disconnected
2025-12-09T01:57:37.332Z| vmx| I125: GuestRpc: Closing channel 1 connection 70
2025-12-09T01:57:40.424Z| vmx| I125: GuestRpc: Got RPCI vsocket connection 71, assigned to channel 1.
2025-12-09T01:57:40.441Z| vmx| I125: GuestRpc: Got error for channel 1 connection 71: Remote disconnected
2025-12-09T01:57:40.441Z| vmx| I125: GuestRpc: Closing channel 1 connection 71
2025-12-09T01:57:40.461Z| vmx| I125: GuestRpc: Got RPCI vsocket connection 72, assigned to channel 1.
2025-12-09T01:57:40.481Z| vmx| I125: GuestRpc: Got error for channel 1 connection 72: Remote disconnected
2025-12-09T01:57:40.481Z| vmx| I125: GuestRpc: Closing channel 1 connection 72
2025-12-09T02:31:13.466Z| vmx| I125: GuestRpc: Got RPCI vsocket connection 73, assigned to channel 1.
2025-12-09T02:31:13.487Z| vmx| I125: GuestRpc: Got error for channel 1 connection 73: Remote disconnected
2025-12-09T02:31:13.487Z| vmx| I125: GuestRpc: Closing channel 1 connection 73
2025-12-09T02:31:16.133Z| vmx| I125: GuestRpc: Got RPCI vsocket connection 74, assigned to channel 1.
2025-12-09T02:31:16.153Z| vmx| I125: GuestRpc: Got error for channel 1 connection 74: Remote disconnected
2025-12-09T02:31:16.153Z| vmx| I125: GuestRpc: Closing channel 1 connection 74
2025-12-09T02:31:16.183Z| vmx| I125: GuestRpc: Got RPCI vsocket connection 75, assigned to channel 1.
2025-12-09T02:31:16.197Z| vmx| I125: GuestRpc: Got error for channel 1 connection 75: Remote disconnected
2025-12-09T02:31:16.197Z| vmx| I125: GuestRpc: Closing channel 1 connection 75
2025-12-09T03:04:49.417Z| vmx| I125: GuestRpc: Got RPCI vsocket connection 76, assigned to channel 1.
2025-12-09T03:04:49.434Z| vmx| I125: GuestRpc: Got error for channel 1 connection 76: Remote disconnected
2025-12-09T03:04:49.434Z| vmx| I125: GuestRpc: Closing channel 1 connection 76
2025-12-09T03:04:49.447Z| vmx| I125: GuestRpc: Got RPCI vsocket connection 77, assigned to channel 1.
2025-12-09T03:04:49.465Z| vmx| I125: GuestRpc: Got error for channel 1 connection 77: Remote disconnected
2025-12-09T03:04:49.465Z| vmx| I125: GuestRpc: Closing channel 1 connection 77
2025-12-09T03:04:52.425Z| vmx| I125: GuestRpc: Got RPCI vsocket connection 78, assigned to channel 1.
2025-12-09T03:04:52.441Z| vmx| I125: GuestRpc: Got error for channel 1 connection 78: Remote disconnected
2025-12-09T03:04:52.441Z| vmx| I125: GuestRpc: Closing channel 1 connection 78
2025-12-09T03:04:52.475Z| vmx| I125: GuestRpc: Got RPCI vsocket connection 79, assigned to channel 1.
2025-12-09T03:04:52.490Z| vmx| I125: GuestRpc: Got error for channel 1 connection 79: Remote disconnected
2025-12-09T03:04:52.490Z| vmx| I125: GuestRpc: Closing channel 1 connection 79
2025-12-09T03:38:26.043Z| vmx| I125: GuestRpc: Got RPCI vsocket connection 80, assigned to channel 1.
2025-12-09T03:38:26.079Z| vmx| I125: GuestRpc: Got error for channel 1 connection 80: Remote disconnected
2025-12-09T03:38:26.079Z| vmx| I125: GuestRpc: Closing channel 1 connection 80
2025-12-09T03:38:26.125Z| vmx| I125: GuestRpc: Got RPCI vsocket connection 81, assigned to channel 1.
2025-12-09T03:38:26.145Z| vmx| I125: GuestRpc: Got error for channel 1 connection 81: Remote disconnected
2025-12-09T03:38:26.145Z| vmx| I125: GuestRpc: Closing channel 1 connection 81
2025-12-09T03:38:29.107Z| vmx| I125: GuestRpc: Got RPCI vsocket connection 82, assigned to channel 1.
2025-12-09T03:38:29.126Z| vmx| I125: GuestRpc: Got error for channel 1 connection 82: Remote disconnected
2025-12-09T03:38:29.126Z| vmx| I125: GuestRpc: Closing channel 1 connection 82
2025-12-09T03:38:29.184Z| vmx| I125: GuestRpc: Got RPCI vsocket connection 83, assigned to channel 1.
2025-12-09T03:38:29.206Z| vmx| I125: GuestRpc: Got error for channel 1 connection 83: Remote disconnected
2025-12-09T03:38:29.206Z| vmx| I125: GuestRpc: Closing channel 1 connection 83
2025-12-09T04:12:02.892Z| vmx| I125: GuestRpc: Got RPCI vsocket connection 84, assigned to channel 1.
2025-12-09T04:12:02.914Z| vmx| I125: GuestRpc: Got error for channel 1 connection 84: Remote disconnected
2025-12-09T04:12:02.914Z| vmx| I125: GuestRpc: Closing channel 1 connection 84
2025-12-09T04:12:02.926Z| vmx| I125: GuestRpc: Got RPCI vsocket connection 85, assigned to channel 1.
2025-12-09T04:12:02.945Z| vmx| I125: GuestRpc: Got error for channel 1 connection 85: Remote disconnected
2025-12-09T04:12:02.945Z| vmx| I125: GuestRpc: Closing channel 1 connection 85
2025-12-09T04:12:06.190Z| vmx| I125: GuestRpc: Got RPCI vsocket connection 86, assigned to channel 1.
2025-12-09T04:12:06.205Z| vmx| I125: GuestRpc: Got error for channel 1 connection 86: Remote disconnected
2025-12-09T04:12:06.205Z| vmx| I125: GuestRpc: Closing channel 1 connection 86
2025-12-09T04:12:06.211Z| vmx| I125: GuestRpc: Got RPCI vsocket connection 87, assigned to channel 1.
2025-12-09T04:12:06.236Z| vmx| I125: GuestRpc: Got error for channel 1 connection 87: Remote disconnected
2025-12-09T04:12:06.236Z| vmx| I125: GuestRpc: Closing channel 1 connection 87
2025-12-09T04:45:38.930Z| vmx| I125: GuestRpc: Got RPCI vsocket connection 88, assigned to channel 1.
2025-12-09T04:45:38.949Z| vmx| I125: GuestRpc: Got error for channel 1 connection 88: Remote disconnected
2025-12-09T04:45:38.950Z| vmx| I125: GuestRpc: Closing channel 1 connection 88
2025-12-09T04:45:38.995Z| vmx| I125: GuestRpc: Got RPCI vsocket connection 89, assigned to channel 1.
2025-12-09T04:45:39.016Z| vmx| I125: GuestRpc: Got error for channel 1 connection 89: Remote disconnected
2025-12-09T04:45:39.016Z| vmx| I125: GuestRpc: Closing channel 1 connection 89
2025-12-09T04:45:42.261Z| vmx| I125: GuestRpc: Got RPCI vsocket connection 90, assigned to channel 1.
2025-12-09T04:45:42.276Z| vmx| I125: GuestRpc: Got error for channel 1 connection 90: Remote disconnected
2025-12-09T04:45:42.276Z| vmx| I125: GuestRpc: Closing channel 1 connection 90
2025-12-09T04:45:42.282Z| vmx| I125: GuestRpc: Got RPCI vsocket connection 91, assigned to channel 1.
2025-12-09T04:45:42.303Z| vmx| I125: GuestRpc: Got error for channel 1 connection 91: Remote disconnected
2025-12-09T04:45:42.303Z| vmx| I125: GuestRpc: Closing channel 1 connection 91
2025-12-09T05:19:15.104Z| vmx| I125: GuestRpc: Got RPCI vsocket connection 92, assigned to channel 1.
2025-12-09T05:19:15.141Z| vmx| I125: GuestRpc: Got error for channel 1 connection 92: Remote disconnected
2025-12-09T05:19:15.141Z| vmx| I125: GuestRpc: Closing channel 1 connection 92
2025-12-09T05:19:15.182Z| vmx| I125: GuestRpc: Got RPCI vsocket connection 93, assigned to channel 1.
2025-12-09T05:19:15.203Z| vmx| I125: GuestRpc: Got error for channel 1 connection 93: Remote disconnected
2025-12-09T05:19:15.203Z| vmx| I125: GuestRpc: Closing channel 1 connection 93
2025-12-09T05:19:18.337Z| vmx| I125: GuestRpc: Got RPCI vsocket connection 94, assigned to channel 1.
2025-12-09T05:19:18.352Z| vmx| I125: GuestRpc: Got error for channel 1 connection 94: Remote disconnected
2025-12-09T05:19:18.352Z| vmx| I125: GuestRpc: Closing channel 1 connection 94
2025-12-09T05:19:18.359Z| vmx| I125: GuestRpc: Got RPCI vsocket connection 95, assigned to channel 1.
2025-12-09T05:19:18.388Z| vmx| I125: GuestRpc: Got error for channel 1 connection 95: Remote disconnected
2025-12-09T05:19:18.388Z| vmx| I125: GuestRpc: Closing channel 1 connection 95
2025-12-09T05:52:51.233Z| vmx| I125: GuestRpc: Got RPCI vsocket connection 96, assigned to channel 1.
2025-12-09T05:52:51.256Z| vmx| I125: GuestRpc: Got error for channel 1 connection 96: Remote disconnected
2025-12-09T05:52:51.256Z| vmx| I125: GuestRpc: Closing channel 1 connection 96
2025-12-09T05:52:51.328Z| vmx| I125: GuestRpc: Got RPCI vsocket connection 97, assigned to channel 1.
2025-12-09T05:52:51.345Z| vmx| I125: GuestRpc: Got error for channel 1 connection 97: Remote disconnected
2025-12-09T05:52:51.345Z| vmx| I125: GuestRpc: Closing channel 1 connection 97
2025-12-09T05:52:54.328Z| vmx| I125: GuestRpc: Got RPCI vsocket connection 98, assigned to channel 1.
2025-12-09T05:52:54.343Z| vmx| I125: GuestRpc: Got error for channel 1 connection 98: Remote disconnected
2025-12-09T05:52:54.343Z| vmx| I125: GuestRpc: Closing channel 1 connection 98
2025-12-09T05:52:54.375Z| vmx| I125: GuestRpc: Got RPCI vsocket connection 99, assigned to channel 1.
2025-12-09T05:52:54.392Z| vmx| I125: GuestRpc: Got error for channel 1 connection 99: Remote disconnected
2025-12-09T05:52:54.392Z| vmx| I125: GuestRpc: Closing channel 1 connection 99
2025-12-09T06:26:27.578Z| vmx| I125: GuestRpc: Got RPCI vsocket connection 100, assigned to channel 1.
2025-12-09T06:26:27.603Z| vmx| I125: GuestRpc: Got error for channel 1 connection 100: Remote disconnected
2025-12-09T06:26:27.603Z| vmx| I125: GuestRpc: Closing channel 1 connection 100
2025-12-09T06:26:27.628Z| vmx| I125: GuestRpc: Got RPCI vsocket connection 101, assigned to channel 1.
2025-12-09T06:26:27.652Z| vmx| I125: GuestRpc: Got error for channel 1 connection 101: Remote disconnected
2025-12-09T06:26:27.652Z| vmx| I125: GuestRpc: Closing channel 1 connection 101
2025-12-09T06:26:30.835Z| vmx| I125: GuestRpc: Got RPCI vsocket connection 102, assigned to channel 1.
2025-12-09T06:26:30.854Z| vmx| I125: GuestRpc: Got error for channel 1 connection 102: Remote disconnected
2025-12-09T06:26:30.854Z| vmx| I125: GuestRpc: Closing channel 1 connection 102
2025-12-09T06:26:30.894Z| vmx| I125: GuestRpc: Got error for channel 1 connection 103: Remote disconnected
2025-12-09T06:26:30.894Z| vmx| I125: GuestRpc: Closing channel 1 connection 103
2025-12-09T10:54:06.904Z| vmx| I125: VigorTransportProcessClientPayload: opID=esxui-d93d-7ffc seq=45287: Receiving PowerState.InitiatePowerOff request.
2025-12-09T10:54:06.905Z| vmx| I125: Tools: sending 'OS_Halt' (state = 1) state change request
2025-12-09T10:54:06.905Z| vmx| I125: Tools: Changing running status: 1 => 2.
2025-12-09T10:54:06.905Z| vmx| I125: Vix: [vmxCommands.c:535]: VMAutomation_InitiatePowerOff. Tried to soft halt. Success = 1
2025-12-09T10:54:07.034Z| vmx| I125: TOOLS state change 1 returned status 1
2025-12-09T10:54:07.034Z| vmx| I125: VigorTransport_ServerSendResponse opID=esxui-d93d-7ffc seq=45287: Completed PowerState request.
2025-12-09T10:54:07.034Z| vmx| I125: Tools: Changing running status: 2 => 1.
2025-12-09T10:54:07.145Z| vcpu-1| I125: GuestRpc: Reinitializing Channel 0(toolbox)
2025-12-09T10:54:28.687Z| vcpu-0| I125: Tools: Tools heartbeat timeout.
2025-12-09T10:54:28.687Z| vcpu-0| I125: Tools: Running status rpc handler: 1 => 0.
2025-12-09T10:54:28.687Z| vcpu-0| I125: Tools: Changing running status: 1 => 0.
2025-12-09T10:54:31.443Z| vcpu-0| I125: VMXNET3 user: Quiesce device 0.
2025-12-09T10:54:31.446Z| vcpu-1| I125: APIC THERMLVT write: 0x10000
2025-12-09T10:54:31.446Z| vcpu-0| I125: APIC THERMLVT write: 0x10000
2025-12-09T10:54:31.446Z| vcpu-0| I125: PIIX4: PM Soft Off.  Good-bye.
2025-12-09T10:54:31.446Z| vcpu-0| I125: Chipset: Issuing power-off request...
2025-12-09T10:54:31.446Z| vcpu-0| A100: ConfigDB: Setting softPowerOff = "TRUE"
2025-12-09T10:54:31.474Z| vmx| I125: Stopping VCPU threads...
2025-12-09T10:54:31.474Z| vcpu-0| I125: VMMon_WaitForExit: vcpu-0: worldID=2100071
2025-12-09T10:54:31.474Z| vcpu-1| I125: VMMon_WaitForExit: vcpu-1: worldID=2100075
2025-12-09T10:54:31.475Z| svga| I125: SVGA thread is exiting
2025-12-09T10:54:31.475Z| vmx| I125: MKS thread is stopped
2025-12-09T10:54:31.475Z| vmx| I125: 
2025-12-09T10:54:31.475Z| vmx| I125+ OvhdMem: Final (Power Off) Overheads
2025-12-09T10:54:31.475Z| vmx| I125:                                                       reserved      |          used
2025-12-09T10:54:31.475Z| vmx| I125: OvhdMem excluded                                  cur    max    avg |    cur    max    avg
2025-12-09T10:54:31.475Z| vmx| I125: OvhdMem OvhdUser_MainMem                    :  2621440 2621440      - | 2621440 2621440      -
2025-12-09T10:54:31.475Z| vmx| I125: OvhdMem OvhdUser_VmxText                    :    7168   7168      - |      0      0      -
2025-12-09T10:54:31.475Z| vmx| I125: OvhdMem OvhdUser_VmxTextLibs                :   15360  15360      - |      0      0      -
2025-12-09T10:54:31.475Z| vmx| I125: OvhdMem Total excluded                      :  2643968 2643968      - |      -      -      -
2025-12-09T10:54:31.475Z| vmx| I125: OvhdMem Actual maximum                      :         2643968        |             -
2025-12-09T10:54:31.475Z| vmx| I125+ 
2025-12-09T10:54:31.475Z| vmx| I125:                                                       reserved      |          used
2025-12-09T10:54:31.475Z| vmx| I125: OvhdMem paged                                     cur    max    avg |    cur    max    avg
2025-12-09T10:54:31.475Z| vmx| I125: OvhdMem OvhdUser_KSTATS_vmm                 :       0      0      - |      0      0      -
2025-12-09T10:54:31.475Z| vmx| I125: OvhdMem OvhdUser_STATS_vmm                  :       4      4      - |      0      0      -
2025-12-09T10:54:31.476Z| vmx| I125: OvhdMem OvhdUser_KSTATS_device              :       0      0      - |      0      0      -
2025-12-09T10:54:31.476Z| vmx| I125: OvhdMem OvhdUser_STATS_device               :       2      2      - |      0      0      -
2025-12-09T10:54:31.476Z| vmx| I125: OvhdMem OvhdUser_KSTATS_migrate             :       0      0      - |      0      0      -
2025-12-09T10:54:31.476Z| vmx| I125: OvhdMem OvhdUser_IOFiltersMalloc            :       0      0      - |      0      0      -
2025-12-09T10:54:31.476Z| vmx| I125: OvhdMem OvhdUser_DiskLibMemUsed             :    3075   3075      - |      0      0      -
2025-12-09T10:54:31.476Z| vmx| I125: OvhdMem OvhdUser_SvgaSurfaceTable           :       0      0      - |      0      0      -
2025-12-09T10:54:31.476Z| vmx| I125: OvhdMem OvhdUser_SvgaBESurfaceTable         :       0      0      - |      0      0      -
2025-12-09T10:54:31.476Z| vmx| I125: OvhdMem OvhdUser_SvgaHBTables               :       0      0      - |      0      0      -
2025-12-09T10:54:31.476Z| vmx| I125: OvhdMem OvhdUser_SvgaHBMobListTable         :       0      0      - |      0      0      -
2025-12-09T10:54:31.476Z| vmx| I125: OvhdMem OvhdUser_SvgaHBShaderTable          :       0      0      - |      0      0      -
2025-12-09T10:54:31.476Z| vmx| I125: OvhdMem OvhdUser_SvgaRestoreBufferArray     :       0      0      - |      0      0      -
2025-12-09T10:54:31.476Z| vmx| I125: OvhdMem OvhdUser_SvgaSDirtyCache            :      48     48      - |      0      0      -
2025-12-09T10:54:31.476Z| vmx| I125: OvhdMem OvhdUser_SvgaShaderTable            :       0      0      - |      0      0      -
2025-12-09T10:54:31.476Z| vmx| I125: OvhdMem OvhdUser_SvgaShaderText             :       0      0      - |      0      0      -
2025-12-09T10:54:31.476Z| vmx| I125: OvhdMem OvhdUser_SvgaContextCache           :       0      0      - |      0      0      -
2025-12-09T10:54:31.476Z| vmx| I125: OvhdMem OvhdUser_SvgaMobCache               :     264    264      - |     24     24      -
2025-12-09T10:54:31.476Z| vmx| I125: OvhdMem OvhdUser_SvgaDXRTViewTable          :       0      0      - |      0      0      -
2025-12-09T10:54:31.476Z| vmx| I125: OvhdMem OvhdUser_SvgaDXDSViewTable          :       0      0      - |      0      0      -
2025-12-09T10:54:31.476Z| vmx| I125: OvhdMem OvhdUser_SvgaDXSRViewTable          :       0      0      - |      0      0      -
2025-12-09T10:54:31.476Z| vmx| I125: OvhdMem OvhdUser_SvgaDXBlendStateTable      :       0      0      - |      0      0      -
2025-12-09T10:54:31.476Z| vmx| I125: OvhdMem OvhdUser_SvgaDXElementLayoutTable   :       0      0      - |      0      0      -
2025-12-09T10:54:31.476Z| vmx| I125: OvhdMem OvhdUser_SvgaDXDepthStencilTable    :       0      0      - |      0      0      -
2025-12-09T10:54:31.476Z| vmx| I125: OvhdMem OvhdUser_SvgaDXRasterizerStateTable :       0      0      - |      0      0      -
2025-12-09T10:54:31.476Z| vmx| I125: OvhdMem OvhdUser_SvgaDXSamplerTable         :       0      0      - |      0      0      -
2025-12-09T10:54:31.476Z| vmx| I125: OvhdMem OvhdUser_SvgaDXContextTable         :       0      0      - |      0      0      -
2025-12-09T10:54:31.476Z| vmx| I125: OvhdMem OvhdUser_SvgaDXShaderTable          :       0      0      - |      0      0      -
2025-12-09T10:54:31.476Z| vmx| I125: OvhdMem OvhdUser_SvgaDXShaderText           :       0      0      - |      0      0      -
2025-12-09T10:54:31.476Z| vmx| I125: OvhdMem OvhdUser_SvgaDXStreamOutTable       :       0      0      - |      0      0      -
2025-12-09T10:54:31.476Z| vmx| I125: OvhdMem OvhdUser_SvgaDXQueryTable           :       0      0      - |      0      0      -
2025-12-09T10:54:31.476Z| vmx| I125: OvhdMem OvhdUser_SvgaVAProcessorTable       :       0      0      - |      0      0      -
2025-12-09T10:54:31.476Z| vmx| I125: OvhdMem OvhdUser_SvgaVADecoderTable         :       0      0      - |      0      0      -
2025-12-09T10:54:31.476Z| vmx| I125: OvhdMem OvhdUser_VmxAllocTrack              :       0      0      - |      0      0      -
2025-12-09T10:54:31.476Z| vmx| I125: OvhdMem OvhdUser_VmxASAN                    :       0      0      - |      0      0      -
2025-12-09T10:54:31.476Z| vmx| I125: OvhdMem OvhdUser_VmxCallStackProf           :       0      0      - |      0      0      -
2025-12-09T10:54:31.476Z| vmx| I125: OvhdMem OvhdUser_VmxGlobals                 :    1216   1216      - |      0      0      -
2025-12-09T10:54:31.476Z| vmx| I125: OvhdMem OvhdUser_VmxGlobalsLibs             :    3584   3584      - |      0      0      -
2025-12-09T10:54:31.476Z| vmx| I125: OvhdMem OvhdUser_VmxHeap                    :    8704   8704      - |      0      0      -
2025-12-09T10:54:31.476Z| vmx| I125: OvhdMem OvhdUser_VmxHeapFreeList            :       0      0      - |      0      0      -
2025-12-09T10:54:31.476Z| vmx| I125: OvhdMem OvhdUser_VmxMks                     :      33     33      - |      1     10      -
2025-12-09T10:54:31.476Z| vmx| I125: OvhdMem OvhdUser_VmxMksRenderOps            :      16     16      - |      3      3      -
2025-12-09T10:54:31.476Z| vmx| I125: OvhdMem OvhdUser_VmxMks3d                   :       0      0      - |      0      0      -
2025-12-09T10:54:31.476Z| vmx| I125: OvhdMem OvhdUser_VmxMksHBMobs               :       0      0      - |      0      0      -
2025-12-09T10:54:31.476Z| vmx| I125: OvhdMem OvhdUser_VmxMksGLRenderer           :       0      0      - |      0      0      -
2025-12-09T10:54:31.476Z| vmx| I125: OvhdMem OvhdUser_VmxMksGLTransient          :       0      0      - |      0      0      -
2025-12-09T10:54:31.476Z| vmx| I125: OvhdMem OvhdUser_VmxMksLLVM                 :       0      0      - |      0      0      -
2025-12-09T10:54:31.476Z| vmx| I125: OvhdMem OvhdUser_VmxMksScreenTemp           :    5378   5378      - |      0      0      -
2025-12-09T10:54:31.476Z| vmx| I125: OvhdMem OvhdUser_VmxMksVnc                  :    2682   2682      - |      0      0      -
2025-12-09T10:54:31.476Z| vmx| I125: OvhdMem OvhdUser_VmxMksScreen               :    2051   2051      - |      0    469      -
2025-12-09T10:54:31.476Z| vmx| I125: OvhdMem OvhdUser_VmxMksSVGAVO               :    4096   4096      - |      0      0      -
2025-12-09T10:54:31.476Z| vmx| I125: OvhdMem OvhdUser_VmxMksVMVA                 :       0      0      - |      0      0      -
2025-12-09T10:54:31.476Z| vmx| I125: OvhdMem OvhdUser_VmxPhysMemRingBuf          :       0      0      - |      0      0      -
2025-12-09T10:54:31.476Z| vmx| I125: OvhdMem OvhdUser_VmxPhysMemErrPages         :      10     10      - |      0      0      -
2025-12-09T10:54:31.476Z| vmx| I125: OvhdMem OvhdUser_VmxFTCptOutputBuf          :       0      0      - |      0      0      -
2025-12-09T10:54:31.476Z| vmx| I125: OvhdMem OvhdUser_VmxSLEntryBuf              :     128    128      - |      0      0      -
2025-12-09T10:54:31.476Z| vmx| I125: OvhdMem OvhdUser_VmxThreads                 :   18944  18944      - |      0      0      -
2025-12-09T10:54:31.476Z| vmx| I125: OvhdMem Total paged                         :   50235  50235      - |     28    506      -
2025-12-09T10:54:31.476Z| vmx| I125: OvhdMem Actual maximum                      :          50235        |           497
2025-12-09T10:54:31.476Z| vmx| I125+ 
2025-12-09T10:54:31.476Z| vmx| I125:                                                       reserved      |          used
2025-12-09T10:54:31.476Z| vmx| I125: OvhdMem nonpaged                                  cur    max    avg |    cur    max    avg
2025-12-09T10:54:31.476Z| vmx| I125: OvhdMem OvhdUser_SharedArea                 :      98     98      - |     59     59      -
2025-12-09T10:54:31.476Z| vmx| I125: OvhdMem OvhdUser_BusMemTraceBitmap          :      83     83      - |      0      0      -
2025-12-09T10:54:31.476Z| vmx| I125: OvhdMem OvhdUser_PFrame                     :       0      0      - |      0      0      -
2025-12-09T10:54:31.476Z| vmx| I125: OvhdMem OvhdUser_VProbe                     :       0      0      - |      0      0      -
2025-12-09T10:54:31.476Z| vmx| I125: OvhdMem OvhdUser_VIDE_KSEG                  :      16     16      - |     16     16      -
2025-12-09T10:54:31.476Z| vmx| I125: OvhdMem OvhdUser_VGA                        :      64     64      - |     64     64      -
2025-12-09T10:54:31.476Z| vmx| I125: OvhdMem OvhdUser_BalloonMPN                 :       1      1      - |      1      1      -
2025-12-09T10:54:31.476Z| vmx| I125: OvhdMem OvhdUser_P2MUpdateBuffer            :       0      0      - |      0      0      -
2025-12-09T10:54:31.476Z| vmx| I125: OvhdMem OvhdUser_ServicesMPN                :       0      0      - |      0      0      -
2025-12-09T10:54:31.476Z| vmx| I125: OvhdMem OvhdUser_LocalApic                  :       2      2      - |      2      2      -
2025-12-09T10:54:31.476Z| vmx| I125: OvhdMem OvhdUser_BusError                   :       1      1      - |      1      1      -
2025-12-09T10:54:31.476Z| vmx| I125: OvhdMem OvhdUser_VBIOS                      :       8      8      - |      8      8      -
2025-12-09T10:54:31.476Z| vmx| I125: OvhdMem OvhdUser_VnicGuest                  :      16     16      - |     16     16      -
2025-12-09T10:54:31.476Z| vmx| I125: OvhdMem OvhdUser_VnicMmap                   :       1      1      - |      1      1      -
2025-12-09T10:54:31.476Z| vmx| I125: OvhdMem OvhdUser_TestDev                    :       0      0      - |      0      0      -
2025-12-09T10:54:31.476Z| vmx| I125: OvhdMem OvhdUser_LSIBIOS                    :       8      8      - |      8      8      -
2025-12-09T10:54:31.476Z| vmx| I125: OvhdMem OvhdUser_LSIRings                   :       8      8      - |      0      0      -
2025-12-09T10:54:31.476Z| vmx| I125: OvhdMem OvhdUser_PCIPBIOS                   :       0      0      - |      0      0      -
2025-12-09T10:54:31.476Z| vmx| I125: OvhdMem OvhdUser_PVSCSIBIOS                 :       0      0      - |      0      0      -
2025-12-09T10:54:31.476Z| vmx| I125: OvhdMem OvhdUser_PVSCSIKickReg              :       0      0      - |      0      0      -
2025-12-09T10:54:31.476Z| vmx| I125: OvhdMem OvhdUser_SAS1068BIOS                :       8      8      - |      0      0      -
2025-12-09T10:54:31.476Z| vmx| I125: OvhdMem OvhdUser_SBIOS                      :      16     16      - |      0      0      -
2025-12-09T10:54:31.476Z| vmx| I125: OvhdMem OvhdUser_AHCIBIOS                   :       0      0      - |      0      0      -
2025-12-09T10:54:31.476Z| vmx| I125: OvhdMem OvhdUser_NVMEBIOS                   :       0      0      - |      0      0      -
2025-12-09T10:54:31.476Z| vmx| I125: OvhdMem OvhdUser_FlashRam                   :     128    128      - |    128    128      -
2025-12-09T10:54:31.476Z| vmx| I125: OvhdMem OvhdUser_IOFiltersMMap              :       0      0      - |      0      0      -
2025-12-09T10:54:31.476Z| vmx| I125: OvhdMem OvhdUser_IOFiltersGlobal            :       0      0      - |      0      0      -
2025-12-09T10:54:31.476Z| vmx| I125: OvhdMem OvhdUser_SMM                        :       0      0      - |      0      0      -
2025-12-09T10:54:31.476Z| vmx| I125: OvhdMem OvhdUser_SVGAFB                     :    1024   1024      - |   1024   1024      -
2025-12-09T10:54:31.476Z| vmx| I125: OvhdMem OvhdUser_SVGAMEM                    :      64    512      - |     64     64      -
2025-12-09T10:54:31.476Z| vmx| I125: OvhdMem OvhdUser_HDAudioReg                 :       3      3      - |      0      0      -
2025-12-09T10:54:31.476Z| vmx| I125: OvhdMem OvhdUser_EHCIRegister               :       1      1      - |      0      0      -
2025-12-09T10:54:31.476Z| vmx| I125: OvhdMem OvhdUser_XhciRegister               :       1      1      - |      0      0      -
2025-12-09T10:54:31.476Z| vmx| I125: OvhdMem OvhdUser_PhysMemDebug               :       0      0      - |      0      0      -
2025-12-09T10:54:31.476Z| vmx| I125: OvhdMem OvhdUser_HyperV                     :       2      2      - |      0      0      -
2025-12-09T10:54:31.476Z| vmx| I125: OvhdMem OvhdUser_ExtCfg                     :       3      3      - |      3      3      -
2025-12-09T10:54:31.476Z| vmx| I125: OvhdMem OvhdUser_HV                         :       8      8      - |      0      0      -
2025-12-09T10:54:31.476Z| vmx| I125: OvhdMem OvhdUser_HVIOBitmap                 :       3      3      - |      0      0      -
2025-12-09T10:54:31.476Z| vmx| I125: OvhdMem OvhdUser_HVMSRBitmap                :       2      2      - |      1      1      -
2025-12-09T10:54:31.476Z| vmx| I125: OvhdMem OvhdUser_VHVGuestMSRBitmap          :       2      2      - |      0      0      -
2025-12-09T10:54:31.476Z| vmx| I125: OvhdMem OvhdUser_vhvCachedVMCS              :       2      2      - |      0      0      -
2025-12-09T10:54:31.476Z| vmx| I125: OvhdMem OvhdUser_vhvNestedAPIC              :       2      2      - |      0      0      -
2025-12-09T10:54:31.476Z| vmx| I125: OvhdMem OvhdUser_PCIP                       :       0      0      - |      0      0      -
2025-12-09T10:54:31.476Z| vmx| I125: OvhdMem OvhdUser_MigrateCpt                 :       0      0      - |      0      0      -
2025-12-09T10:54:31.476Z| vmx| I125: OvhdMem OvhdUser_MonBootstrap               :       0      0      - |      0      0      -
2025-12-09T10:54:31.476Z| vmx| I125: OvhdMem OvhdUser_MonWired                   :       0      0      - |      0      0      -
2025-12-09T10:54:31.476Z| vmx| I125: OvhdMem OvhdUser_MonLow                     :       0      0      - |      0      0      -
2025-12-09T10:54:31.476Z| vmx| I125: OvhdMem OvhdUser_MonWiredNuma               :       0     34      - |      1      2      -
2025-12-09T10:54:31.476Z| vmx| I125: OvhdMem OvhdUser_MonNuma                    :       0    276      - |      0    241      -
2025-12-09T10:54:31.476Z| vmx| I125: OvhdMem OvhdUser_MonOther                   :      78     78      - |      0      0      -
2025-12-09T10:54:31.476Z| vmx| I125: OvhdMem OvhdUser_FTCpt                      :       0      0      - |      0      0      -
2025-12-09T10:54:31.476Z| vmx| I125: OvhdMem OvhdUser_NVDC                       :       1      1      - |      0      0      -
2025-12-09T10:54:31.476Z| vmx| I125: OvhdMem OvhdUser_NVDIMM                     :       0      0      - |      0      0      -
2025-12-09T10:54:31.476Z| vmx| I125: OvhdMem OvhdUser_EPC                        :       0      0      - |      0      0      -
2025-12-09T10:54:31.476Z| vmx| I125: OvhdMem Total nonpaged                      :    1654   2412      - |   1397   1639      -
2025-12-09T10:54:31.476Z| vmx| I125: OvhdMem Actual maximum                      :           2412        |          1639
2025-12-09T10:54:31.476Z| vmx| I125+ 
2025-12-09T10:54:31.476Z| vmx| I125:                                                       reserved      |          used
2025-12-09T10:54:31.476Z| vmx| I125: OvhdMem anonymous                                 cur    max    avg |    cur    max    avg
2025-12-09T10:54:31.476Z| vmx| I125: OvhdMem OvhdMon_Alloc                       :     158    158      - |     39    123      -
2025-12-09T10:54:31.476Z| vmx| I125: OvhdMem OvhdMon_BusMemFrame                 :    2626   2634      - |   2626   2626      -
2025-12-09T10:54:31.476Z| vmx| I125: OvhdMem OvhdMon_BusMem2MInfo                :      40     40      - |     40     40      -
2025-12-09T10:54:31.476Z| vmx| I125: OvhdMem OvhdMon_BusMem1GInfo                :       1      1      - |      1      1      -
2025-12-09T10:54:31.476Z| vmx| I125: OvhdMem OvhdMon_BusMemZapListMPN            :       1      1      - |      1      1      -
2025-12-09T10:54:31.476Z| vmx| I125: OvhdMem OvhdMon_MonAS                       :       4      4      - |      2      2      -
2025-12-09T10:54:31.476Z| vmx| I125: OvhdMem OvhdMon_GuestMem                    :      48     48      - |     48     48      -
2025-12-09T10:54:31.476Z| vmx| I125: OvhdMem OvhdMon_TC                          :    1026   1950      - |    926   1852      -
2025-12-09T10:54:31.476Z| vmx| I125: OvhdMem OvhdMon_Island                      :       8      8      - |      0      0      -
2025-12-09T10:54:31.476Z| vmx| I125: OvhdMem OvhdMon_BusMemMonAS                 :       7      7      - |      7      7      -
2025-12-09T10:54:31.476Z| vmx| I125: OvhdMem OvhdMon_PlatformMonAS               :       0      0      - |      0      0      -
2025-12-09T10:54:31.476Z| vmx| I125: OvhdMem OvhdMon_HVNuma                      :       6      6      - |      0      0      -
2025-12-09T10:54:31.476Z| vmx| I125: OvhdMem OvhdMon_HV                          :       2      2      - |      2      2      -
2025-12-09T10:54:31.476Z| vmx| I125: OvhdMem OvhdMon_VHV                         :       6      6      - |      0      0      -
2025-12-09T10:54:31.476Z| vmx| I125: OvhdMem OvhdMon_VNPTShadow                  :       0      0      - |      0      0      -
2025-12-09T10:54:31.476Z| vmx| I125: OvhdMem OvhdMon_VNPTShadowCache             :       0      0      - |      0      0      -
2025-12-09T10:54:31.476Z| vmx| I125: OvhdMem OvhdMon_VNPTBackmap                 :       0      0      - |      0      0      -
2025-12-09T10:54:31.476Z| vmx| I125: OvhdMem OvhdMon_SVMIDT                      :       2      2      - |      0      0      -
2025-12-09T10:54:31.476Z| vmx| I125: OvhdMem OvhdMon_CallStackProfAnon           :       0      0      - |      0      0      -
2025-12-09T10:54:31.476Z| vmx| I125: OvhdMem OvhdMon_Numa                        :      32     32      - |     14     30      -
2025-12-09T10:54:31.476Z| vmx| I125: OvhdMem OvhdMon_NumaTextRodata              :     196    196      - |      0      0      -
2025-12-09T10:54:31.476Z| vmx| I125: OvhdMem OvhdMon_NumaDataBss                 :      80     80      - |     78     78      -
2025-12-09T10:54:31.476Z| vmx| I125: OvhdMem OvhdMon_NumaLargeData               :    1024   1024      - |      0   1017      -
2025-12-09T10:54:31.476Z| vmx| I125: OvhdMem OvhdMon_WiredNuma                   :      34     34      - |     34     34      -
2025-12-09T10:54:31.476Z| vmx| I125: OvhdMem OvhdMon_Bootstrap                   :       0      3      - |      0      3      -
2025-12-09T10:54:31.476Z| vmx| I125: OvhdMem OvhdMon_GPhysTraced                 :    1057   1057      - |     42     58      -
2025-12-09T10:54:31.476Z| vmx| I125: OvhdMem OvhdMon_GPhysHWMMU                  :    5301   5301      - |    375    494      -
2025-12-09T10:54:31.476Z| vmx| I125: OvhdMem OvhdMon_GPhysGIM                    :       0      0      - |      0      0      -
2025-12-09T10:54:31.476Z| vmx| I125: OvhdMem OvhdMon_GPhysNoTrace                :     264    264      - |     27     27      -
2025-12-09T10:54:31.476Z| vmx| I125: OvhdMem OvhdMon_PhysMemGart                 :      88     88      - |     80     80      -
2025-12-09T10:54:31.476Z| vmx| I125: OvhdMem OvhdMon_PhysMemErr                  :       7      7      - |      0      0      -
2025-12-09T10:54:31.476Z| vmx| I125: OvhdMem OvhdMon_TraceALot                   :       0      0      - |      0      0      -
2025-12-09T10:54:31.476Z| vmx| I125: OvhdMem OvhdMon_VIDE                        :       4      4      - |      0      0      -
2025-12-09T10:54:31.476Z| vmx| I125: OvhdMem OvhdMon_VMXNETWake                  :       0      0      - |      0      0      -
2025-12-09T10:54:31.476Z| vmx| I125: OvhdMem OvhdMon_BusLogic                    :       4      4      - |      0      0      -
2025-12-09T10:54:31.476Z| vmx| I125: OvhdMem OvhdMon_Ahci                        :       0      0      - |      0      0      -
2025-12-09T10:54:31.476Z| vmx| I125: OvhdMem OvhdMon_Nvme                        :       0      0      - |      0      0      -
2025-12-09T10:54:31.476Z| vmx| I125: OvhdMem OvhdMon_NVMERings                   :       0      0      - |      0      0      -
2025-12-09T10:54:31.476Z| vmx| I125: OvhdMem OvhdMon_PVSCSIShadowRing            :       0      0      - |      0      0      -
2025-12-09T10:54:31.476Z| vmx| I125: OvhdMem OvhdMon_LSIRings                    :      16     16      - |     16     16      -
2025-12-09T10:54:31.476Z| vmx| I125: OvhdMem OvhdMon_FTCptMonAS                  :       0      0      - |      0      0      -
2025-12-09T10:54:31.476Z| vmx| I125: OvhdMem OvhdMon_Hba                         :       2      2      - |      2      2      -
2025-12-09T10:54:31.476Z| vmx| I125: OvhdMem OvhdMon_VProbe                      :       1      1      - |      0      0      -
2025-12-09T10:54:31.476Z| vmx| I125: OvhdMem OvhdMon_PT                          :       0      0      - |      0      0      -
2025-12-09T10:54:31.476Z| vmx| I125: OvhdMem Total anonymous                     :   12045  12980      - |   4360   6541      -
2025-12-09T10:54:31.476Z| vmx| I125: OvhdMem Actual maximum                      :          12969        |          4927
2025-12-09T10:54:31.476Z| vmx| I125+ 
2025-12-09T10:54:31.476Z| vmx| I125: OvhdMem: memsize 10240 MB VMK fixed 3462 pages var(mem) 529 pages var(cpu) 8 cbrcOverhead 0 pages total 8771 pages
2025-12-09T10:54:31.476Z| vmx| I125: VMMEM: Maximum Reservation: 256MB (MainMem=10240MB) VMK=34MB
2025-12-09T10:54:31.477Z| vmx| I125: TOOLS using cached value 1 for isoImageExists (refreshCount=1, lastCount=1).
2025-12-09T10:54:31.477Z| vmx| I125: ToolsISO: Refreshing imageName for 'other3xlinux-64' (refreshCount=1, lastCount=1).
2025-12-09T10:54:31.510Z| vmx| I125: ToolsISO: Updated cached value for imageName to 'linux.iso'.
2025-12-09T10:54:31.510Z| vmx| I125: ToolsISO: Selected Tools ISO 'linux.iso' for 'other3xlinux-64' guest.
2025-12-09T10:54:31.512Z| vmx| I125: MsgHint: msg.tools.toolsImage
2025-12-09T10:54:31.512Z| vmx| I125+ The VMware Tools package is not running in this virtual machine. The package might be necessary for the guest operating system to run at resolutions higher than 640x480 with 16 colors. The package provides significant performance benefits as well. To install it, choose VM > Install VMware Tools… after the guest operating system starts.
2025-12-09T10:54:31.512Z| vmx| I125+ VMware ESX can remind you to install the VMware Tools package when you power on the VM. Select OK to enable the reminder.
2025-12-09T10:54:31.512Z| vmx| I125+ ---------------------------------------
2025-12-09T10:54:31.512Z| vmx| I125: MsgIsAnswered: Using builtin default 'OK' as the answer for 'msg.tools.toolsImage'
2025-12-09T10:54:31.512Z| vmx| I125: Tools: ToolsRunningStatus_Exit, delayedRequest is 0x0
2025-12-09T10:54:31.512Z| vmx| I125: SVMotion_PowerOff: Not running Storage vMotion. Nothing to do
2025-12-09T10:54:31.516Z| vmx| I125: Destroying virtual dev for scsi0:0 vscsi=8195
2025-12-09T10:54:31.516Z| vmx| I125: VMMon_VSCSIStopVports: No such target on adapter
2025-12-09T10:54:31.516Z| vmx| I125: Destroying virtual dev for scsi0:1 vscsi=8196
2025-12-09T10:54:31.516Z| vmx| I125: VMMon_VSCSIStopVports: No such target on adapter
2025-12-09T10:54:31.516Z| vmx| I125: Destroying virtual dev for scsi0:2 vscsi=8197
2025-12-09T10:54:31.516Z| vmx| I125: VMMon_VSCSIStopVports: No such target on adapter
2025-12-09T10:54:31.516Z| vmx| I125: Destroying virtual dev for scsi0:3 vscsi=8198
2025-12-09T10:54:31.516Z| vmx| I125: VMMon_VSCSIStopVports: No such target on adapter
2025-12-09T10:54:31.516Z| vmx| I125: Destroying virtual dev for scsi0:4 vscsi=8199
2025-12-09T10:54:31.516Z| vmx| I125: VMMon_VSCSIStopVports: No such target on adapter
2025-12-09T10:54:31.516Z| vmx| I125: Destroying virtual dev for scsi0:5 vscsi=8200
2025-12-09T10:54:31.516Z| vmx| I125: VMMon_VSCSIStopVports: No such target on adapter
2025-12-09T10:54:31.516Z| vmx| I125: Destroying virtual dev for scsi0:6 vscsi=8201
2025-12-09T10:54:31.516Z| vmx| I125: VMMon_VSCSIStopVports: No such target on adapter
2025-12-09T10:54:31.516Z| vmx| I125: Destroying virtual dev for scsi0:8 vscsi=8202
2025-12-09T10:54:31.516Z| vmx| I125: VMMon_VSCSIStopVports: No such target on adapter
2025-12-09T10:54:31.516Z| vmx| I125: Destroying virtual dev for scsi0:9 vscsi=8203
2025-12-09T10:54:31.516Z| vmx| I125: VMMon_VSCSIStopVports: No such target on adapter
2025-12-09T10:54:31.516Z| vmx| I125: Destroying virtual dev for scsi0:10 vscsi=8204
2025-12-09T10:54:31.516Z| vmx| I125: VMMon_VSCSIStopVports: No such target on adapter
2025-12-09T10:54:31.516Z| vmx| I125: Destroying virtual dev for scsi0:11 vscsi=8205
2025-12-09T10:54:31.516Z| vmx| I125: VMMon_VSCSIStopVports: No such target on adapter
2025-12-09T10:54:31.516Z| vmx| I125: Destroying virtual dev for scsi0:12 vscsi=8206
2025-12-09T10:54:31.516Z| vmx| I125: VMMon_VSCSIStopVports: No such target on adapter
2025-12-09T10:54:31.516Z| vmx| I125: Destroying virtual dev for scsi0:13 vscsi=8207
2025-12-09T10:54:31.516Z| vmx| I125: VMMon_VSCSIStopVports: No such target on adapter
2025-12-09T10:54:31.517Z| vmx| I125: MKS thread was already stopped
2025-12-09T10:54:31.517Z| mks| I125: MKS-RenderMain: Stopping MKSBasicOps
2025-12-09T10:54:31.517Z| mks| I125: MKS PowerOff
2025-12-09T10:54:31.517Z| mks| I125: MKS thread is exiting
2025-12-09T10:54:31.517Z| vmx| I125: SVMotion_PowerOff: Not running Storage vMotion. Nothing to do
2025-12-09T10:54:31.517Z| vmx| I125: scsi0:13: numIOs = 0 numMergedIOs = 0 numSplitIOs = 0 ( 0.0%)
2025-12-09T10:54:31.518Z| vmx| I125: Closing disk 'scsi0:13'
2025-12-09T10:54:31.518Z| vmx| I125: DISKLIB-VMFS  : "/vmfs/volumes/3a4fd8ce-fc4375c4-effb-5cf3fce846f8/SGRL-VCSA01/SGRL-VCSA01_12-flat.vmdk" : closed.
2025-12-09T10:54:31.518Z| vmx| I125: scsi0:12: numIOs = 0 numMergedIOs = 0 numSplitIOs = 0 ( 0.0%)
2025-12-09T10:54:31.518Z| vmx| I125: Closing disk 'scsi0:12'
2025-12-09T10:54:31.518Z| vmx| I125: DISKLIB-VMFS  : "/vmfs/volumes/3a4fd8ce-fc4375c4-effb-5cf3fce846f8/SGRL-VCSA01/SGRL-VCSA01_11-flat.vmdk" : closed.
2025-12-09T10:54:31.518Z| vmx| I125: scsi0:11: numIOs = 0 numMergedIOs = 0 numSplitIOs = 0 ( 0.0%)
2025-12-09T10:54:31.518Z| vmx| I125: Closing disk 'scsi0:11'
2025-12-09T10:54:31.518Z| vmx| I125: DISKLIB-VMFS  : "/vmfs/volumes/3a4fd8ce-fc4375c4-effb-5cf3fce846f8/SGRL-VCSA01/SGRL-VCSA01_10-flat.vmdk" : closed.
2025-12-09T10:54:31.518Z| vmx| I125: scsi0:10: numIOs = 0 numMergedIOs = 0 numSplitIOs = 0 ( 0.0%)
2025-12-09T10:54:31.518Z| vmx| I125: Closing disk 'scsi0:10'
2025-12-09T10:54:31.518Z| vmx| I125: DISKLIB-VMFS  : "/vmfs/volumes/3a4fd8ce-fc4375c4-effb-5cf3fce846f8/SGRL-VCSA01/SGRL-VCSA01_9-flat.vmdk" : closed.
2025-12-09T10:54:31.518Z| vmx| I125: scsi0:9: numIOs = 0 numMergedIOs = 0 numSplitIOs = 0 ( 0.0%)
2025-12-09T10:54:31.518Z| vmx| I125: Closing disk 'scsi0:9'
2025-12-09T10:54:31.518Z| vmx| I125: DISKLIB-VMFS  : "/vmfs/volumes/3a4fd8ce-fc4375c4-effb-5cf3fce846f8/SGRL-VCSA01/SGRL-VCSA01_8-flat.vmdk" : closed.
2025-12-09T10:54:31.518Z| vmx| I125: scsi0:8: numIOs = 0 numMergedIOs = 0 numSplitIOs = 0 ( 0.0%)
2025-12-09T10:54:31.518Z| vmx| I125: Closing disk 'scsi0:8'
2025-12-09T10:54:31.518Z| vmx| I125: DISKLIB-VMFS  : "/vmfs/volumes/3a4fd8ce-fc4375c4-effb-5cf3fce846f8/SGRL-VCSA01/SGRL-VCSA01_7-flat.vmdk" : closed.
2025-12-09T10:54:31.518Z| vmx| I125: scsi0:6: numIOs = 0 numMergedIOs = 0 numSplitIOs = 0 ( 0.0%)
2025-12-09T10:54:31.519Z| vmx| I125: Closing disk 'scsi0:6'
2025-12-09T10:54:31.519Z| vmx| I125: DISKLIB-VMFS  : "/vmfs/volumes/3a4fd8ce-fc4375c4-effb-5cf3fce846f8/SGRL-VCSA01/SGRL-VCSA01_6-flat.vmdk" : closed.
2025-12-09T10:54:31.519Z| vmx| I125: scsi0:5: numIOs = 0 numMergedIOs = 0 numSplitIOs = 0 ( 0.0%)
2025-12-09T10:54:31.519Z| vmx| I125: Closing disk 'scsi0:5'
2025-12-09T10:54:31.519Z| vmx| I125: DISKLIB-VMFS  : "/vmfs/volumes/3a4fd8ce-fc4375c4-effb-5cf3fce846f8/SGRL-VCSA01/SGRL-VCSA01_5-flat.vmdk" : closed.
2025-12-09T10:54:31.519Z| vmx| I125: scsi0:4: numIOs = 0 numMergedIOs = 0 numSplitIOs = 0 ( 0.0%)
2025-12-09T10:54:31.519Z| vmx| I125: Closing disk 'scsi0:4'
2025-12-09T10:54:31.519Z| vmx| I125: DISKLIB-VMFS  : "/vmfs/volumes/3a4fd8ce-fc4375c4-effb-5cf3fce846f8/SGRL-VCSA01/SGRL-VCSA01_4-flat.vmdk" : closed.
2025-12-09T10:54:31.519Z| vmx| I125: scsi0:3: numIOs = 0 numMergedIOs = 0 numSplitIOs = 0 ( 0.0%)
2025-12-09T10:54:31.519Z| vmx| I125: Closing disk 'scsi0:3'
2025-12-09T10:54:31.519Z| vmx| I125: DISKLIB-VMFS  : "/vmfs/volumes/3a4fd8ce-fc4375c4-effb-5cf3fce846f8/SGRL-VCSA01/SGRL-VCSA01_3-flat.vmdk" : closed.
2025-12-09T10:54:31.519Z| vmx| I125: scsi0:2: numIOs = 0 numMergedIOs = 0 numSplitIOs = 0 ( 0.0%)
2025-12-09T10:54:31.519Z| vmx| I125: Closing disk 'scsi0:2'
2025-12-09T10:54:31.519Z| vmx| I125: DISKLIB-VMFS  : "/vmfs/volumes/3a4fd8ce-fc4375c4-effb-5cf3fce846f8/SGRL-VCSA01/SGRL-VCSA01_2-flat.vmdk" : closed.
2025-12-09T10:54:31.519Z| vmx| I125: scsi0:1: numIOs = 0 numMergedIOs = 0 numSplitIOs = 0 ( 0.0%)
2025-12-09T10:54:31.519Z| vmx| I125: Closing disk 'scsi0:1'
2025-12-09T10:54:31.519Z| vmx| I125: DISKLIB-VMFS  : "/vmfs/volumes/3a4fd8ce-fc4375c4-effb-5cf3fce846f8/SGRL-VCSA01/SGRL-VCSA01_1-flat.vmdk" : closed.
2025-12-09T10:54:31.519Z| vmx| I125: scsi0:0: numIOs = 0 numMergedIOs = 0 numSplitIOs = 0 ( 0.0%)
2025-12-09T10:54:31.519Z| vmx| I125: Closing disk 'scsi0:0'
2025-12-09T10:54:31.519Z| vmx| I125: DISKLIB-VMFS  : "/vmfs/volumes/3a4fd8ce-fc4375c4-effb-5cf3fce846f8/SGRL-VCSA01/SGRL-VCSA01-flat.vmdk" : closed.
2025-12-09T10:54:31.522Z| vmx| I125: Vix: [mainDispatch.c:1180]: VMAutomationPowerOff: Powering off.
2025-12-09T10:54:31.524Z| vmx| I125: WORKER: asyncOps=14 maxActiveOps=13 maxPending=9 maxCompleted=0
2025-12-09T10:54:32.107Z| vmx| I125: Vix: [mainDispatch.c:4239]: VMAutomation_ReportPowerOpFinished: statevar=1, newAppState=1873, success=1 additionalError=0
2025-12-09T10:54:32.107Z| vmx| I125: Vix: [mainDispatch.c:4258]: VMAutomation: Ignoring ReportPowerOpFinished because the VMX is shutting down.
2025-12-09T10:54:32.108Z| vmx| A100: ConfigDB: Setting cleanShutdown = "TRUE"
2025-12-09T10:54:32.115Z| vmx| I125: Vix: [mainDispatch.c:4239]: VMAutomation_ReportPowerOpFinished: statevar=0, newAppState=1870, success=1 additionalError=0
2025-12-09T10:54:32.115Z| vmx| I125: Vix: [mainDispatch.c:4258]: VMAutomation: Ignoring ReportPowerOpFinished because the VMX is shutting down.
2025-12-09T10:54:32.115Z| vmx| I125: Transitioned vmx/execState/val to poweredOff
2025-12-09T10:54:32.116Z| vmx| I125: Vigor_ClientRequestCb: failed to do op=5 on unregistered device 'ConfigParams' (cmd=(null))
2025-12-09T10:54:32.116Z| vmx| I125: VMX idle exit
2025-12-09T10:54:32.143Z| vmx| I125: Vix: [mainDispatch.c:832]: VMAutomation_LateShutdown()
2025-12-09T10:54:32.143Z| vmx| I125: Vix: [mainDispatch.c:781]: VMAutomationCloseListenerSocket. Closing listener socket.
2025-12-09T10:54:32.144Z| vmx| I125: Flushing VMX VMDB connections
2025-12-09T10:54:32.144Z| vmx| I125: VigorTransport_ServerCloseClient: Closing transport 98521A570 (err = 0)
2025-12-09T10:54:32.144Z| vmx| I125: VigorTransport_ServerDestroy: server destroyed.
2025-12-09T10:54:32.144Z| vmx| I125: VMX exit (0).
2025-12-09T10:54:32.145Z| vmx| I125: OBJLIB-LIB: ObjLib cleanup done.
2025-12-09T10:54:32.145Z| vmx| I125: AIOMGR-S : stat o=27 r=93 w=2 i=0 br=1286640 bw=12
2025-12-09T10:54:32.145Z| vmx| W115: VMX has left the building: 0.
